packet_number,timestamp,frame_name,frame_len,length,dbm_antsignal,channel_freq,type,subtype,ds,frag,retry,pwrmgt,moredata,protected,duration,label
1,2026-06-26T09:41:06.689934000Z,Data,287,34,-18,920,2,0,0,0,0,0,0,1,0,0
2,2026-06-26T09:41:06.697320000Z,S1G Beacon,129,34,-19,920,3,1,,,,,,,0,0
3,2026-06-26T09:41:07.514765000Z,S1G Beacon,61,34,-18,920,3,1,,,,,,,0,0
5,2026-06-26T09:41:08.335776000Z,S1G Beacon,129,34,-19,920,3,1,,,,,,,0,0
6,2026-06-26T09:41:08.515214000Z,QoS Data,144,34,-30,920,2,8,1,0,0,0,0,1,720,0
8,2026-06-26T09:41:08.520493000Z,Data,142,34,-20,920,2,0,0,0,0,0,0,1,0,0
9,2026-06-26T09:41:09.119260000Z,QoS Data,149,34,-29,920,2,8,1,0,0,0,0,1,720,0
11,2026-06-26T09:41:09.121725000Z,QoS Data,149,34,-27,920,2,8,0,0,0,0,0,1,720,0
13,2026-06-26T09:41:09.127012000Z,QoS Data,131,34,-19,920,2,8,1,0,0,0,0,1,720,0
15,2026-06-26T09:41:09.129183000Z,QoS Data,131,34,-28,920,2,8,0,0,0,0,0,1,720,0
17,2026-06-26T09:41:09.153192000Z,S1G Beacon,61,34,-19,920,3,1,,,,,,,0,0
18,2026-06-26T09:41:09.285405000Z,QoS Data,128,34,-28,920,2,8,1,0,0,0,0,1,720,0
20,2026-06-26T09:41:09.287880000Z,QoS Data,128,34,-31,920,2,8,0,0,0,0,0,1,720,0
22,2026-06-26T09:41:09.713915000Z,Data,287,34,-22,920,2,0,0,0,0,0,0,1,0,0
23,2026-06-26T09:41:09.974252000Z,S1G Beacon,129,34,-21,920,3,1,,,,,,,0,0
24,2026-06-26T09:41:10.791668000Z,S1G Beacon,61,34,-20,920,3,1,,,,,,,0,0
25,2026-06-26T09:41:11.612695000Z,S1G Beacon,129,34,-19,920,3,1,,,,,,,0,0
26,2026-06-26T09:41:12.430132000Z,S1G Beacon,61,34,-17,920,3,1,,,,,,,0,0
27,2026-06-26T09:41:12.515209000Z,QoS Data,144,34,-28,920,2,8,1,0,0,0,0,1,720,0
29,2026-06-26T09:41:12.520486000Z,Data,142,34,-18,920,2,0,0,0,0,0,0,1,0,0
30,2026-06-26T09:41:12.737998000Z,Data,287,34,-17,920,2,0,0,0,0,0,0,1,0,0
31,2026-06-26T09:41:13.251126000Z,S1G Beacon,129,34,-17,920,3,1,,,,,,,0,0
32,2026-06-26T09:41:14.068554000Z,S1G Beacon,61,34,-18,920,3,1,,,,,,,0,0
33,2026-06-26T09:41:14.072841000Z,Data,132,34,-17,920,2,0,0,0,0,0,0,1,0,0
34,2026-06-26T09:41:14.141255000Z,QoS Data,149,34,-27,920,2,8,1,0,0,0,0,1,720,0
37,2026-06-26T09:41:14.148900000Z,QoS Data,131,34,-17,920,2,8,1,0,0,0,0,1,720,0
40,2026-06-26T09:41:14.285331000Z,QoS Data,128,34,-21,920,2,8,1,0,0,0,0,1,720,0
44,2026-06-26T09:41:14.889581000Z,S1G Beacon,129,34,-19,920,3,1,,,,,,,0,0
45,2026-06-26T09:41:15.707009000Z,S1G Beacon,61,34,-22,920,3,1,,,,,,,0,0
46,2026-06-26T09:41:16.376236000Z,Data,132,34,-19,920,2,0,0,0,0,0,0,1,0,0
47,2026-06-26T09:41:16.528039000Z,S1G Beacon,129,34,-23,920,3,1,,,,,,,0,0
48,2026-06-26T09:41:17.345451000Z,S1G Beacon,61,34,-19,920,3,1,,,,,,,0,0
49,2026-06-26T09:41:17.876518000Z,Data,132,34,-20,920,2,0,0,0,0,0,0,1,0,0
50,2026-06-26T09:41:18.166488000Z,S1G Beacon,129,34,-19,920,3,1,,,,,,,0,0
51,2026-06-26T09:41:18.786200000Z,Data,287,34,-34,920,2,0,0,0,0,0,0,1,0,0
52,2026-06-26T09:41:18.983907000Z,S1G Beacon,61,34,-22,920,3,1,,,,,,,0,0
53,2026-06-26T09:41:19.163396000Z,QoS Data,149,34,-21,920,2,8,1,0,0,0,0,1,720,0
55,2026-06-26T09:41:19.170734000Z,QoS Data,131,34,-12,920,2,8,1,0,0,0,0,1,720,0
57,2026-06-26T09:41:19.173165000Z,QoS Data,131,34,-29,920,2,8,0,0,0,0,0,1,720,0
59,2026-06-26T09:41:19.285388000Z,QoS Data,128,34,-20,920,2,8,1,0,0,0,0,1,720,0
61,2026-06-26T09:41:19.287595000Z,QoS Data,128,34,-27,920,2,8,0,0,0,0,0,1,720,0
63,2026-06-26T09:41:19.804936000Z,S1G Beacon,129,34,-18,920,3,1,,,,,,,0,0
64,2026-06-26T09:41:20.376053000Z,Data,132,34,-19,920,2,0,0,0,0,0,0,1,0,0
65,2026-06-26T09:41:20.622352000Z,S1G Beacon,61,34,-18,920,3,1,,,,,,,0,0
66,2026-06-26T09:41:21.443393000Z,S1G Beacon,129,34,-20,920,3,1,,,,,,,0,0
67,2026-06-26T09:41:21.810289000Z,Data,287,34,-20,920,2,0,0,0,0,0,0,1,0,0
68,2026-06-26T09:41:22.260798000Z,S1G Beacon,61,34,-15,920,3,1,,,,,,,0,0
69,2026-06-26T09:41:22.285060000Z,Data,378,34,-17,920,2,0,0,0,0,0,0,1,0,0
70,2026-06-26T09:41:22.389098000Z,Data,387,34,-16,920,2,0,0,0,0,0,0,1,0,0
71,2026-06-26T09:41:22.494688000Z,Data,450,34,-16,920,2,0,0,0,0,0,0,1,0,0
72,2026-06-26T09:41:22.598508000Z,Data,442,34,-27,920,2,0,0,0,0,0,0,1,0,0
73,2026-06-26T09:41:22.701088000Z,Data,387,34,-29,920,2,0,0,0,0,0,0,1,0,0
74,2026-06-26T09:41:22.806046000Z,Data,426,34,-22,920,2,0,0,0,0,0,0,1,0,0
75,2026-06-26T09:41:22.910954000Z,Data,458,34,-21,920,2,0,0,0,0,0,0,1,0,0
76,2026-06-26T09:41:23.013125000Z,Data,387,34,-29,920,2,0,0,0,0,0,0,1,0,0
77,2026-06-26T09:41:23.081827000Z,S1G Beacon,129,34,-32,920,3,1,,,,,,,0,0
78,2026-06-26T09:41:23.118746000Z,Data,446,34,-30,920,2,0,0,0,0,0,0,1,0,0
79,2026-06-26T09:41:23.222454000Z,Data,440,34,-21,920,2,0,0,0,0,0,0,1,0,0
80,2026-06-26T09:41:23.325055000Z,Data,387,34,-21,920,2,0,0,0,0,0,0,1,0,0
81,2026-06-26T09:41:23.430448000Z,Data,442,34,-27,920,2,0,0,0,0,0,0,1,0,0
82,2026-06-26T09:41:23.534819000Z,Data,452,34,-28,920,2,0,0,0,0,0,0,1,0,0
83,2026-06-26T09:41:23.875828000Z,Data,132,34,-28,920,2,0,0,0,0,0,0,1,0,0
84,2026-06-26T09:41:23.899261000Z,S1G Beacon,61,34,-28,920,3,1,,,,,,,0,0
86,2026-06-26T09:41:24.192875000Z,QoS Data,131,34,-16,920,2,8,1,0,0,0,0,1,720,0
88,2026-06-26T09:41:24.194879000Z,QoS Data,131,34,-31,920,2,8,0,0,0,0,0,1,720,0
90,2026-06-26T09:41:24.285816000Z,QoS Data,128,34,-21,920,2,8,1,0,0,0,0,1,720,0
92,2026-06-26T09:41:24.288352000Z,QoS Data,128,34,-30,920,2,8,0,0,0,0,0,1,720,0
94,2026-06-26T09:41:24.720284000Z,S1G Beacon,129,34,-21,920,3,1,,,,,,,0,0
95,2026-06-26T09:41:24.834510000Z,Data,287,34,-20,920,2,0,0,0,0,0,0,1,0,0
96,2026-06-26T09:41:25.537729000Z,S1G Beacon,61,34,-18,920,3,1,,,,,,,0,0
97,2026-06-26T09:41:26.358738000Z,S1G Beacon,129,34,-34,920,3,1,,,,,,,0,0
98,2026-06-26T09:41:27.176164000Z,S1G Beacon,61,34,-21,920,3,1,,,,,,,0,0
99,2026-06-26T09:41:27.858512000Z,Data,287,34,-20,920,2,0,0,0,0,0,0,1,0,0
100,2026-06-26T09:41:27.997455000Z,S1G Beacon,129,34,-21,920,3,1,,,,,,,0,0
101,2026-06-26T09:41:28.814616000Z,S1G Beacon,61,34,-32,920,3,1,,,,,,,0,0
102,2026-06-26T09:41:29.206643000Z,QoS Data,149,34,-29,920,2,8,1,0,0,0,0,1,720,0
104,2026-06-26T09:41:29.209257000Z,QoS Data,149,34,-39,920,2,8,0,0,0,0,0,1,720,0
106,2026-06-26T09:41:29.214583000Z,QoS Data,131,34,-16,920,2,8,1,0,0,0,0,1,720,0
108,2026-06-26T09:41:29.216650000Z,QoS Data,131,34,-39,920,2,8,0,0,0,0,0,1,720,0
110,2026-06-26T09:41:29.286010000Z,QoS Data,128,34,-30,920,2,8,1,0,0,0,0,1,720,0
112,2026-06-26T09:41:29.288749000Z,QoS Data,128,34,-37,920,2,8,0,0,0,0,0,1,720,0
114,2026-06-26T09:41:29.635656000Z,S1G Beacon,129,34,-33,920,3,1,,,,,,,0,0
115,2026-06-26T09:41:30.453062000Z,S1G Beacon,61,34,-30,920,3,1,,,,,,,0,0
116,2026-06-26T09:41:30.882518000Z,Data,287,34,-28,920,2,0,0,0,0,0,0,1,0,0
117,2026-06-26T09:41:31.274092000Z,S1G Beacon,129,34,-21,920,3,1,,,,,,,0,0
118,2026-06-26T09:41:32.912542000Z,S1G Beacon,129,34,-28,920,3,1,,,,,,,0,0
119,2026-06-26T09:41:33.729979000Z,S1G Beacon,61,34,-28,920,3,1,,,,,,,0,0
120,2026-06-26T09:41:33.906655000Z,Data,287,34,-29,920,2,0,0,0,0,0,0,1,0,0
121,2026-06-26T09:41:34.228628000Z,QoS Data,149,34,-19,920,2,8,1,0,0,0,0,1,720,0
123,2026-06-26T09:41:34.235917000Z,QoS Data,131,34,-10,920,2,8,1,0,0,0,0,1,720,0
125,2026-06-26T09:41:34.240994000Z,QoS Data,131,34,-29,920,2,8,0,0,1,0,0,1,720,0
127,2026-06-26T09:41:34.285807000Z,QoS Data,128,34,-21,920,2,8,1,0,0,0,0,1,720,0
129,2026-06-26T09:41:34.550988000Z,S1G Beacon,129,34,-26,920,3,1,,,,,,,0,0
130,2026-06-26T09:41:35.368412000Z,S1G Beacon,61,34,-29,920,3,1,,,,,,,0,0
131,2026-06-26T09:41:36.189449000Z,S1G Beacon,129,34,-29,920,3,1,,,,,,,0,0
132,2026-06-26T09:41:36.930717000Z,Data,287,34,-28,920,2,0,0,0,0,0,0,1,0,0
133,2026-06-26T09:41:37.006854000Z,S1G Beacon,61,34,-27,920,3,1,,,,,,,0,0
134,2026-06-26T09:41:37.827903000Z,S1G Beacon,129,34,-33,920,3,1,,,,,,,0,0
135,2026-06-26T09:41:38.645324000Z,S1G Beacon,61,34,-31,920,3,1,,,,,,,0,0
137,2026-06-26T09:41:39.250597000Z,QoS Data,149,34,-19,920,2,8,1,0,0,0,0,1,720,0
139,2026-06-26T09:41:39.253612000Z,QoS Data,149,34,-47,920,2,8,0,0,0,0,0,1,720,0
141,2026-06-26T09:41:39.259679000Z,QoS Data,131,34,-11,920,2,8,1,0,0,0,0,1,720,0
143,2026-06-26T09:41:39.262043000Z,QoS Data,131,34,-57,920,2,8,0,0,0,0,0,1,720,0
145,2026-06-26T09:41:39.285843000Z,QoS Data,128,34,-18,920,2,8,1,0,0,0,0,1,720,0
147,2026-06-26T09:41:39.287901000Z,QoS Data,128,34,-46,920,2,8,0,0,0,0,0,1,720,0
149,2026-06-26T09:41:39.466345000Z,S1G Beacon,129,34,-49,920,3,1,,,,,,,0,0
150,2026-06-26T09:41:39.954749000Z,Data,287,34,-36,920,2,0,0,0,0,0,0,1,0,0
151,2026-06-26T09:41:40.283780000Z,S1G Beacon,61,34,-35,920,3,1,,,,,,,0,0
152,2026-06-26T09:41:41.104821000Z,S1G Beacon,129,34,-33,920,3,1,,,,,,,0,0
153,2026-06-26T09:41:41.922244000Z,S1G Beacon,61,34,-19,920,3,1,,,,,,,0,0
154,2026-06-26T09:41:42.743252000Z,S1G Beacon,129,34,-17,920,3,1,,,,,,,0,0
155,2026-06-26T09:41:42.978876000Z,Data,287,34,-15,920,2,0,0,0,0,0,0,1,0,0
156,2026-06-26T09:41:43.285657000Z,Data,378,34,-14,920,2,0,0,0,0,0,0,1,0,0
157,2026-06-26T09:41:43.389595000Z,Data,387,34,-15,920,2,0,0,0,0,0,0,1,0,0
158,2026-06-26T09:41:43.495310000Z,Data,450,34,-16,920,2,0,0,0,0,0,0,1,0,0
159,2026-06-26T09:41:43.560669000Z,S1G Beacon,61,34,-15,920,3,1,,,,,,,0,0
160,2026-06-26T09:41:43.599191000Z,Data,442,34,-17,920,2,0,0,0,0,0,0,1,0,0
161,2026-06-26T09:41:43.701737000Z,Data,387,34,-15,920,2,0,0,0,0,0,0,1,0,0
162,2026-06-26T09:41:43.806652000Z,Data,426,34,-14,920,2,0,0,0,0,0,0,1,0,0
163,2026-06-26T09:41:43.911548000Z,Data,458,34,-16,920,2,0,0,0,0,0,0,1,0,0
164,2026-06-26T09:41:44.013704000Z,Data,387,34,-16,920,2,0,0,0,0,0,0,1,0,0
165,2026-06-26T09:41:44.119212000Z,Data,446,34,-17,920,2,0,0,0,0,0,0,1,0,0
166,2026-06-26T09:41:44.223645000Z,Data,440,34,-17,920,2,0,0,0,0,0,0,1,0,0
167,2026-06-26T09:41:44.278714000Z,QoS Data,149,34,-36,920,2,8,1,0,1,0,0,1,720,0
170,2026-06-26T09:41:44.286105000Z,QoS Data,131,34,-14,920,2,8,1,0,0,0,0,1,720,0
173,2026-06-26T09:41:44.325816000Z,Data,387,34,-18,920,2,0,0,0,0,0,0,1,0,0
174,2026-06-26T09:41:44.381685000Z,S1G Beacon,129,34,-18,920,3,1,,,,,,,0,0
175,2026-06-26T09:41:44.431127000Z,Data,442,34,-19,920,2,0,0,0,0,0,0,1,0,0
176,2026-06-26T09:41:44.535462000Z,Data,452,34,-19,920,2,0,0,0,0,0,0,1,0,0
177,2026-06-26T09:41:44.537124000Z,QoS Data,128,34,-26,920,2,8,1,0,0,0,0,1,720,0
180,2026-06-26T09:41:45.199128000Z,S1G Beacon,61,34,-18,920,3,1,,,,,,,0,0
181,2026-06-26T09:41:46.020171000Z,S1G Beacon,129,34,-21,920,3,1,,,,,,,0,0
182,2026-06-26T09:41:46.837575000Z,S1G Beacon,61,34,-21,920,3,1,,,,,,,0,0
184,2026-06-26T09:41:47.658597000Z,S1G Beacon,129,34,-21,920,3,1,,,,,,,0,0
185,2026-06-26T09:41:48.476040000Z,S1G Beacon,61,34,-22,920,3,1,,,,,,,0,0
186,2026-06-26T09:41:49.027103000Z,Data,287,34,-18,920,2,0,0,0,0,0,0,1,0,0
187,2026-06-26T09:41:49.297049000Z,S1G Beacon,129,34,-20,920,3,1,,,,,,,0,0
188,2026-06-26T09:41:49.301706000Z,QoS Data,149,34,-30,920,2,8,1,0,0,0,0,1,720,0
190,2026-06-26T09:41:49.304069000Z,QoS Data,149,34,-26,920,2,8,0,0,0,0,0,1,720,0
192,2026-06-26T09:41:49.309304000Z,QoS Data,131,34,-16,920,2,8,1,0,0,0,0,1,720,0
193,2026-06-26T09:41:49.311850000Z,QoS Data,131,34,-16,920,2,8,1,0,1,0,0,1,720,0
194,2026-06-26T09:41:49.314838000Z,RTS,54,34,-11,920,1,11,,,,0,0,0,2452,0
196,2026-06-26T09:41:49.316570000Z,QoS Data,131,34,-14,920,2,8,1,0,1,0,0,1,720,0
199,2026-06-26T09:41:49.538907000Z,QoS Data,128,34,-30,920,2,8,1,0,1,0,0,1,720,0
201,2026-06-26T09:41:49.540916000Z,QoS Data,128,34,-26,920,2,8,0,0,0,0,0,1,720,0
203,2026-06-26T09:41:49.542939000Z,QoS Data,128,34,-27,920,2,8,0,0,1,0,0,1,720,0
205,2026-06-26T09:41:50.114485000Z,S1G Beacon,61,34,-20,920,3,1,,,,,,,0,0
206,2026-06-26T09:41:50.935497000Z,S1G Beacon,129,34,-22,920,3,1,,,,,,,0,0
207,2026-06-26T09:41:51.752917000Z,S1G Beacon,61,34,-21,920,3,1,,,,,,,0,0
208,2026-06-26T09:41:52.051218000Z,Data,287,34,-21,920,2,0,0,0,0,0,0,1,0,0
209,2026-06-26T09:41:52.574540000Z,S1G Beacon,129,34,-17,920,3,1,,,,,,,0,0
210,2026-06-26T09:41:53.391374000Z,S1G Beacon,61,34,-15,920,3,1,,,,,,,0,0
211,2026-06-26T09:41:54.212401000Z,S1G Beacon,129,34,-19,920,3,1,,,,,,,0,0
212,2026-06-26T09:41:54.331382000Z,QoS Data,148,34,-29,920,2,8,1,0,0,0,0,1,720,0
214,2026-06-26T09:41:54.334250000Z,QoS Data,148,34,-27,920,2,8,0,0,0,0,0,1,720,0
216,2026-06-26T09:41:54.339940000Z,QoS Data,131,34,-12,920,2,8,1,0,0,0,0,1,720,0
219,2026-06-26T09:41:54.535859000Z,QoS Data,128,34,-28,920,2,8,1,0,0,0,0,1,720,0
222,2026-06-26T09:41:55.029840000Z,S1G Beacon,61,34,-18,920,3,1,,,,,,,0,0
223,2026-06-26T09:41:55.075264000Z,Data,287,34,-19,920,2,0,0,0,0,0,0,1,0,0
224,2026-06-26T09:41:55.850859000Z,S1G Beacon,129,34,-16,920,3,1,,,,,,,0,0
226,2026-06-26T09:41:56.668283000Z,S1G Beacon,61,34,-18,920,3,1,,,,,,,0,0
227,2026-06-26T09:41:57.489302000Z,S1G Beacon,129,34,-18,920,3,1,,,,,,,0,0
228,2026-06-26T09:41:58.099427000Z,Data,287,34,-17,920,2,0,0,0,0,0,0,1,0,0
229,2026-06-26T09:41:58.306728000Z,S1G Beacon,61,34,-17,920,3,1,,,,,,,0,0
230,2026-06-26T09:41:59.127773000Z,S1G Beacon,129,34,-14,920,3,1,,,,,,,0,0
231,2026-06-26T09:41:59.354675000Z,QoS Data,149,34,-19,920,2,8,1,0,0,0,0,1,720,0
233,2026-06-26T09:41:59.357034000Z,QoS Data,149,34,-18,920,2,8,0,0,0,0,0,1,720,0
235,2026-06-26T09:41:59.362671000Z,QoS Data,131,34,-13,920,2,8,1,0,0,0,0,1,720,0
237,2026-06-26T09:41:59.364790000Z,QoS Data,131,34,-18,920,2,8,0,0,0,0,0,1,720,0
239,2026-06-26T09:41:59.535803000Z,QoS Data,128,34,-21,920,2,8,1,0,0,0,0,1,720,0
241,2026-06-26T09:41:59.541451000Z,QoS Data,128,34,-18,920,2,8,0,0,0,0,0,1,720,0
243,2026-06-26T09:41:59.945195000Z,S1G Beacon,61,34,-19,920,3,1,,,,,,,0,0
244,2026-06-26T09:42:00.766211000Z,S1G Beacon,129,34,-27,920,3,1,,,,,,,0,0
245,2026-06-26T09:42:01.123487000Z,Data,287,34,-19,920,2,0,0,0,0,0,0,1,0,0
246,2026-06-26T09:42:01.583624000Z,S1G Beacon,61,34,-20,920,3,1,,,,,,,0,0
247,2026-06-26T09:42:02.404658000Z,S1G Beacon,129,34,-14,920,3,1,,,,,,,0,0
248,2026-06-26T09:42:03.222096000Z,S1G Beacon,61,34,-18,920,3,1,,,,,,,0,0
249,2026-06-26T09:42:04.043122000Z,S1G Beacon,129,34,-31,920,3,1,,,,,,,0,0
250,2026-06-26T09:42:04.147558000Z,Data,287,34,-27,920,2,0,0,0,0,0,0,1,0,0
251,2026-06-26T09:42:04.286395000Z,Data,378,34,-21,920,2,0,0,0,0,0,0,1,0,0
252,2026-06-26T09:42:04.376755000Z,QoS Data,149,34,-20,920,2,8,1,0,0,0,0,1,720,0
254,2026-06-26T09:42:04.379430000Z,QoS Data,149,34,-28,920,2,8,0,0,0,0,0,1,720,0
256,2026-06-26T09:42:04.392251000Z,Data,387,34,-20,920,2,0,0,0,0,0,0,1,0,0
257,2026-06-26T09:42:04.394301000Z,QoS Data,131,34,-20,920,2,8,1,0,0,0,0,1,720,0
259,2026-06-26T09:42:04.396421000Z,QoS Data,131,34,-28,920,2,8,0,0,0,0,0,1,720,0
261,2026-06-26T09:42:04.495907000Z,Data,450,34,-17,920,2,0,0,0,0,0,0,1,0,0
262,2026-06-26T09:42:04.535782000Z,QoS Data,128,34,-20,920,2,8,1,0,0,0,0,1,720,0
264,2026-06-26T09:42:04.538210000Z,QoS Data,128,34,-21,920,2,8,0,0,0,0,0,1,720,0
266,2026-06-26T09:42:04.599861000Z,Data,442,34,-17,920,2,0,0,0,0,0,0,1,0,0
267,2026-06-26T09:42:04.702353000Z,Data,387,34,-16,920,2,0,0,0,0,0,0,1,0,0
268,2026-06-26T09:42:04.807254000Z,Data,426,34,-15,920,2,0,0,0,0,0,0,1,0,0
269,2026-06-26T09:42:04.860525000Z,S1G Beacon,61,34,-17,920,3,1,,,,,,,0,0
270,2026-06-26T09:42:04.912314000Z,Data,458,34,-16,920,2,0,0,0,0,0,0,1,0,0
271,2026-06-26T09:42:05.014450000Z,Data,387,34,-16,920,2,0,0,0,0,0,0,1,0,0
272,2026-06-26T09:42:05.119925000Z,Data,446,34,-17,920,2,0,0,0,0,0,0,1,0,0
273,2026-06-26T09:42:05.223769000Z,Data,440,34,-17,920,2,0,0,0,0,0,0,1,0,0
274,2026-06-26T09:42:05.326384000Z,Data,387,34,-16,920,2,0,0,0,0,0,0,1,0,0
275,2026-06-26T09:42:05.431757000Z,Data,442,34,-15,920,2,0,0,0,0,0,0,1,0,0
276,2026-06-26T09:42:05.536656000Z,Data,452,34,-16,920,2,0,0,0,0,0,0,1,0,0
277,2026-06-26T09:42:05.681555000Z,S1G Beacon,129,34,-17,920,3,1,,,,,,,0,0
278,2026-06-26T09:42:06.498986000Z,S1G Beacon,61,34,-17,920,3,1,,,,,,,0,0
279,2026-06-26T09:42:07.171650000Z,Data,287,34,-14,920,2,0,0,0,0,0,0,1,0,0
280,2026-06-26T09:42:07.320003000Z,S1G Beacon,129,34,-12,920,3,1,,,,,,,0,0
281,2026-06-26T09:42:08.137445000Z,S1G Beacon,61,34,-16,920,3,1,,,,,,,0,0
283,2026-06-26T09:42:08.958465000Z,S1G Beacon,129,34,-13,920,3,1,,,,,,,0,0
284,2026-06-26T09:42:09.409515000Z,QoS Data,148,34,-20,920,2,8,1,0,0,0,0,1,720,0
286,2026-06-26T09:42:09.411657000Z,QoS Data,148,34,-17,920,2,8,0,0,0,0,0,1,720,0
288,2026-06-26T09:42:09.417291000Z,QoS Data,131,34,-15,920,2,8,1,0,0,0,0,1,720,0
290,2026-06-26T09:42:09.420451000Z,QoS Data,131,34,-17,920,2,8,0,0,0,0,0,1,720,0
292,2026-06-26T09:42:09.536409000Z,QoS Data,128,34,-19,920,2,8,1,0,0,0,0,1,720,0
294,2026-06-26T09:42:09.538675000Z,QoS Data,128,34,-20,920,2,8,0,0,0,0,0,1,720,0
296,2026-06-26T09:42:09.775903000Z,S1G Beacon,61,34,-18,920,3,1,,,,,,,0,0
297,2026-06-26T09:42:10.195773000Z,Data,287,34,-20,920,2,0,0,0,0,0,0,1,0,0
298,2026-06-26T09:42:10.596928000Z,S1G Beacon,129,34,-15,920,3,1,,,,,,,0,0
299,2026-06-26T09:42:11.414375000Z,S1G Beacon,61,34,-14,920,3,1,,,,,,,0,0
300,2026-06-26T09:42:11.731962000Z,Data,134,34,-13,920,2,0,0,0,0,0,0,1,0,0
301,2026-06-26T09:42:12.235383000Z,S1G Beacon,129,34,-15,920,3,1,,,,,,,0,0
302,2026-06-26T09:42:13.052784000Z,S1G Beacon,61,34,-15,920,3,1,,,,,,,0,0
303,2026-06-26T09:42:13.219889000Z,Data,287,34,-14,920,2,0,0,0,0,0,0,1,0,0
304,2026-06-26T09:42:13.873827000Z,S1G Beacon,129,34,-14,920,3,1,,,,,,,0,0
305,2026-06-26T09:42:14.432261000Z,QoS Data,149,34,-18,920,2,8,1,0,0,0,0,1,720,0
308,2026-06-26T09:42:14.440736000Z,QoS Data,131,34,-17,920,2,8,1,0,0,0,0,1,720,0
311,2026-06-26T09:42:14.536452000Z,QoS Data,128,34,-17,920,2,8,1,0,0,0,0,1,720,0
314,2026-06-26T09:42:14.691234000Z,S1G Beacon,61,34,-16,920,3,1,,,,,,,0,0
315,2026-06-26T09:42:15.512264000Z,S1G Beacon,129,34,-16,920,3,1,,,,,,,0,0
316,2026-06-26T09:42:16.243968000Z,Data,287,34,-15,920,2,0,0,0,0,0,0,1,0,0
317,2026-06-26T09:42:16.329681000Z,S1G Beacon,61,34,-15,920,3,1,,,,,,,0,0
318,2026-06-26T09:42:17.150720000Z,S1G Beacon,129,34,-15,920,3,1,,,,,,,0,0
319,2026-06-26T09:42:17.968143000Z,S1G Beacon,61,34,-14,920,3,1,,,,,,,0,0
320,2026-06-26T09:42:18.789170000Z,S1G Beacon,129,34,-16,920,3,1,,,,,,,0,0
321,2026-06-26T09:42:19.268026000Z,Data,287,34,-14,920,2,0,0,0,0,0,0,1,0,0
322,2026-06-26T09:42:19.455344000Z,QoS Data,149,34,-18,920,2,8,1,0,0,0,0,1,720,0
324,2026-06-26T09:42:19.457705000Z,QoS Data,149,34,-17,920,2,8,0,0,0,0,0,1,720,0
326,2026-06-26T09:42:19.463341000Z,QoS Data,131,34,-16,920,2,8,1,0,0,0,0,1,720,0
328,2026-06-26T09:42:19.465928000Z,QoS Data,131,34,-17,920,2,8,0,0,0,0,0,1,720,0
330,2026-06-26T09:42:19.537594000Z,QoS Data,128,34,-17,920,2,8,1,0,0,0,0,1,720,0
332,2026-06-26T09:42:19.539739000Z,QoS Data,128,34,-17,920,2,8,0,0,0,0,0,1,720,0
334,2026-06-26T09:42:19.606582000Z,S1G Beacon,61,34,-14,920,3,1,,,,,,,0,0
335,2026-06-26T09:42:20.427619000Z,S1G Beacon,129,34,-15,920,3,1,,,,,,,0,0
336,2026-06-26T09:42:21.245033000Z,S1G Beacon,61,34,-19,920,3,1,,,,,,,0,0
337,2026-06-26T09:42:22.066077000Z,S1G Beacon,129,34,-28,920,3,1,,,,,,,0,0
338,2026-06-26T09:42:22.292172000Z,Data,287,34,-33,920,2,0,0,0,0,0,0,1,0,0
339,2026-06-26T09:42:22.883498000Z,S1G Beacon,61,34,-29,920,3,1,,,,,,,0,0
340,2026-06-26T09:42:23.704524000Z,S1G Beacon,129,34,-18,920,3,1,,,,,,,0,0
342,2026-06-26T09:42:24.479957000Z,QoS Data,149,34,-27,920,2,8,0,0,0,0,0,1,720,0
344,2026-06-26T09:42:24.485831000Z,QoS Data,131,34,-13,920,2,8,1,0,0,0,0,1,720,0
346,2026-06-26T09:42:24.487845000Z,QoS Data,131,34,-27,920,2,8,0,0,0,0,0,1,720,0
348,2026-06-26T09:42:24.521933000Z,S1G Beacon,61,34,-20,920,3,1,,,,,,,0,0
350,2026-06-26T09:42:24.539653000Z,QoS Data,128,34,-27,920,2,8,0,0,0,0,0,1,720,0
352,2026-06-26T09:42:24.877764000Z,Data,132,34,-28,920,2,0,0,0,0,0,0,1,0,0
353,2026-06-26T09:42:25.703027000Z,Data,387,34,-20,920,2,0,0,0,0,0,0,1,0,0
354,2026-06-26T09:42:25.808124000Z,Data,426,34,-19,920,2,0,0,0,0,0,0,1,0,0
355,2026-06-26T09:42:26.014960000Z,Data,387,34,-19,920,2,0,0,0,0,0,0,1,0,0
356,2026-06-26T09:42:26.327007000Z,Data,387,34,-18,920,2,0,0,0,0,0,0,1,0,0
357,2026-06-26T09:42:26.432453000Z,Data,442,34,-19,920,2,0,0,0,0,0,0,1,0,0
358,2026-06-26T09:42:26.981421000Z,S1G Beacon,129,34,-27,920,3,1,,,,,,,0,0
359,2026-06-26T09:42:27.798848000Z,S1G Beacon,61,34,-17,920,3,1,,,,,,,0,0
360,2026-06-26T09:42:28.340299000Z,Data,287,34,-14,920,2,0,0,0,0,0,0,1,0,0
361,2026-06-26T09:42:28.619867000Z,S1G Beacon,129,34,-16,920,3,1,,,,,,,0,0
362,2026-06-26T09:42:29.437295000Z,S1G Beacon,61,34,-16,920,3,1,,,,,,,0,0
363,2026-06-26T09:42:29.499316000Z,QoS Data,149,34,-20,920,2,8,1,0,0,0,0,1,720,0
367,2026-06-26T09:42:29.510861000Z,QoS Data,131,34,-14,920,2,8,1,0,1,0,0,1,720,0
372,2026-06-26T09:42:30.258326000Z,S1G Beacon,129,34,-17,920,3,1,,,,,,,0,0
373,2026-06-26T09:42:31.075748000Z,S1G Beacon,61,34,-18,920,3,1,,,,,,,0,0
374,2026-06-26T09:42:31.364413000Z,Data,287,34,-17,920,2,0,0,0,0,0,0,1,0,0
375,2026-06-26T09:42:31.896779000Z,S1G Beacon,129,34,-18,920,3,1,,,,,,,0,0
376,2026-06-26T09:42:32.714199000Z,S1G Beacon,61,34,-16,920,3,1,,,,,,,0,0
377,2026-06-26T09:42:33.535225000Z,S1G Beacon,129,34,-16,920,3,1,,,,,,,0,0
378,2026-06-26T09:42:34.352650000Z,S1G Beacon,61,34,-15,920,3,1,,,,,,,0,0
379,2026-06-26T09:42:34.388486000Z,Data,287,34,-15,920,2,0,0,0,0,0,0,1,0,0
381,2026-06-26T09:42:34.528261000Z,QoS Data,150,34,-19,920,2,8,0,0,0,0,0,1,720,0
383,2026-06-26T09:42:34.534988000Z,QoS Data,131,34,-14,920,2,8,1,0,0,0,0,1,720,0
388,2026-06-26T09:42:35.173671000Z,S1G Beacon,129,34,-18,920,3,1,,,,,,,0,0
389,2026-06-26T09:42:35.991303000Z,S1G Beacon,61,34,-15,920,3,1,,,,,,,0,0
390,2026-06-26T09:42:36.812130000Z,S1G Beacon,129,34,-17,920,3,1,,,,,,,0,0
391,2026-06-26T09:42:37.412659000Z,Data,287,34,-14,920,2,0,0,0,0,0,0,1,0,0
392,2026-06-26T09:42:37.629548000Z,S1G Beacon,61,34,-16,920,3,1,,,,,,,0,0
393,2026-06-26T09:42:38.450690000Z,S1G Beacon,129,34,-16,920,3,1,,,,,,,0,0
394,2026-06-26T09:42:39.267995000Z,S1G Beacon,61,34,-20,920,3,1,,,,,,,0,0
395,2026-06-26T09:42:39.550093000Z,QoS Data,149,34,-23,920,2,8,1,0,0,0,0,1,720,0
397,2026-06-26T09:42:39.558452000Z,QoS Data,131,34,-13,920,2,8,1,0,0,0,0,1,720,0
399,2026-06-26T09:42:39.786946000Z,QoS Data,128,34,-23,920,2,8,1,0,0,0,0,1,720,0
401,2026-06-26T09:42:39.788935000Z,QoS Data,128,34,-27,920,2,8,0,0,0,0,0,1,720,0
403,2026-06-26T09:42:40.089022000Z,S1G Beacon,129,34,-20,920,3,1,,,,,,,0,0
404,2026-06-26T09:42:40.436652000Z,Data,287,34,-29,920,2,0,0,0,0,0,0,1,0,0
405,2026-06-26T09:42:40.906468000Z,S1G Beacon,61,34,-19,920,3,1,,,,,,,0,0
408,2026-06-26T09:42:42.544919000Z,S1G Beacon,61,34,-33,920,3,1,,,,,,,0,0
409,2026-06-26T09:42:43.365936000Z,S1G Beacon,129,34,-17,920,3,1,,,,,,,0,0
410,2026-06-26T09:42:43.460858000Z,Data,287,34,-17,920,2,0,0,0,0,0,0,1,0,0
411,2026-06-26T09:42:44.183352000Z,S1G Beacon,61,34,-14,920,3,1,,,,,,,0,0
412,2026-06-26T09:42:44.573055000Z,QoS Data,149,34,-19,920,2,8,1,0,0,0,0,1,720,0
414,2026-06-26T09:42:44.575769000Z,QoS Data,149,34,-19,920,2,8,0,0,0,0,0,1,720,0
416,2026-06-26T09:42:44.581300000Z,QoS Data,131,34,-13,920,2,8,1,0,0,0,0,1,720,0
418,2026-06-26T09:42:44.583673000Z,QoS Data,131,34,-18,920,2,8,0,0,0,0,0,1,720,0
421,2026-06-26T09:42:44.790472000Z,QoS Data,128,34,-19,920,2,8,0,0,0,0,0,1,720,0
423,2026-06-26T09:42:45.004382000Z,S1G Beacon,129,34,-15,920,3,1,,,,,,,0,0
424,2026-06-26T09:42:45.821804000Z,S1G Beacon,61,34,-15,920,3,1,,,,,,,0,0
425,2026-06-26T09:42:46.287614000Z,Data,378,34,-15,920,2,0,0,0,0,0,0,1,0,0
426,2026-06-26T09:42:46.391989000Z,Data,387,34,-16,920,2,0,0,0,0,0,0,1,0,0
427,2026-06-26T09:42:46.484935000Z,Data,287,34,-16,920,2,0,0,0,0,0,0,1,0,0
428,2026-06-26T09:42:46.497740000Z,Data,450,34,-15,920,2,0,0,0,0,0,0,1,0,0
429,2026-06-26T09:42:46.601221000Z,Data,442,34,-14,920,2,0,0,0,0,0,0,1,0,0
430,2026-06-26T09:42:46.642821000Z,S1G Beacon,129,34,-15,920,3,1,,,,,,,0,0
431,2026-06-26T09:42:46.703590000Z,Data,387,34,-16,920,2,0,0,0,0,0,0,1,0,0
432,2026-06-26T09:42:46.808521000Z,Data,426,34,-15,920,2,0,0,0,0,0,0,1,0,0
433,2026-06-26T09:42:46.913456000Z,Data,458,34,-14,920,2,0,0,0,0,0,0,1,0,0
435,2026-06-26T09:42:47.023632000Z,Data,387,34,-14,920,2,0,0,0,0,0,0,1,0,0
436,2026-06-26T09:42:47.121047000Z,Data,446,34,-15,920,2,0,0,0,0,0,0,1,0,0
437,2026-06-26T09:42:47.224989000Z,Data,440,34,-14,920,2,0,0,0,0,0,0,1,0,0
438,2026-06-26T09:42:47.327646000Z,Data,387,34,-16,920,2,0,0,0,0,0,0,1,0,0
439,2026-06-26T09:42:47.433019000Z,Data,442,34,-15,920,2,0,0,0,0,0,0,1,0,0
440,2026-06-26T09:42:47.460247000Z,S1G Beacon,61,34,-14,920,3,1,,,,,,,0,0
441,2026-06-26T09:42:47.537326000Z,Data,452,34,-15,920,2,0,0,0,0,0,0,1,0,0
442,2026-06-26T09:42:48.281288000Z,S1G Beacon,129,34,-15,920,3,1,,,,,,,0,0
443,2026-06-26T09:42:49.098724000Z,S1G Beacon,61,34,-14,920,3,1,,,,,,,0,0
444,2026-06-26T09:42:49.508918000Z,Data,287,34,-14,920,2,0,0,0,0,0,0,1,0,0
446,2026-06-26T09:42:49.598640000Z,QoS Data,148,34,-19,920,2,8,0,0,0,0,0,1,720,0
448,2026-06-26T09:42:49.604224000Z,QoS Data,131,34,-12,920,2,8,1,0,0,0,0,1,720,0
450,2026-06-26T09:42:49.606861000Z,QoS Data,131,34,-18,920,2,8,0,0,0,0,0,1,720,0
452,2026-06-26T09:42:49.609924000Z,QoS Data,131,34,-19,920,2,8,0,0,1,0,0,1,720,0
455,2026-06-26T09:42:49.789158000Z,QoS Data,128,34,-18,920,2,8,0,0,0,0,0,1,720,0
457,2026-06-26T09:42:49.919725000Z,S1G Beacon,129,34,-15,920,3,1,,,,,,,0,0
458,2026-06-26T09:42:50.737174000Z,S1G Beacon,61,34,-18,920,3,1,,,,,,,0,0
459,2026-06-26T09:42:51.558199000Z,S1G Beacon,129,34,-16,920,3,1,,,,,,,0,0
460,2026-06-26T09:42:52.375607000Z,S1G Beacon,61,34,-19,920,3,1,,,,,,,0,0
461,2026-06-26T09:42:52.532995000Z,Data,287,34,-19,920,2,0,0,0,0,0,0,1,0,0
462,2026-06-26T09:42:53.196651000Z,S1G Beacon,129,34,-19,920,3,1,,,,,,,0,0
463,2026-06-26T09:42:54.014057000Z,S1G Beacon,61,34,-17,920,3,1,,,,,,,0,0
466,2026-06-26T09:42:54.628468000Z,QoS Data,131,34,-14,920,2,8,1,0,0,0,0,1,720,0
471,2026-06-26T09:42:54.835076000Z,S1G Beacon,129,34,-18,920,3,1,,,,,,,0,0
472,2026-06-26T09:42:55.557157000Z,Data,287,34,-16,920,2,0,0,0,0,0,0,1,0,0
473,2026-06-26T09:42:55.652509000Z,S1G Beacon,61,34,-16,920,3,1,,,,,,,0,0
475,2026-06-26T09:42:56.473533000Z,S1G Beacon,129,34,-18,920,3,1,,,,,,,0,0
476,2026-06-26T09:42:57.290961000Z,S1G Beacon,61,34,-19,920,3,1,,,,,,,0,0
477,2026-06-26T09:42:58.111988000Z,S1G Beacon,129,34,-16,920,3,1,,,,,,,0,0
478,2026-06-26T09:42:58.581214000Z,Data,287,34,-30,920,2,0,0,0,0,0,0,1,0,0
479,2026-06-26T09:42:58.929403000Z,S1G Beacon,61,34,-36,920,3,1,,,,,,,0,0
480,2026-06-26T09:42:59.643277000Z,QoS Data,149,34,-18,920,2,8,1,0,0,0,0,1,720,0
482,2026-06-26T09:42:59.645880000Z,QoS Data,149,34,-33,920,2,8,0,0,0,0,0,1,720,0
484,2026-06-26T09:42:59.652556000Z,QoS Data,131,34,-13,920,2,8,1,0,0,0,0,1,720,0
486,2026-06-26T09:42:59.655332000Z,QoS Data,131,34,-34,920,2,8,0,0,0,0,0,1,720,0
487,2026-06-26T09:42:59.659783000Z,QoS Data,131,34,-34,920,2,8,0,0,1,0,0,1,720,0
489,2026-06-26T09:42:59.750429000Z,S1G Beacon,129,34,-38,920,3,1,,,,,,,0,0
490,2026-06-26T09:42:59.786931000Z,QoS Data,128,34,-22,920,2,8,1,0,0,0,0,1,720,0
492,2026-06-26T09:42:59.789260000Z,QoS Data,128,34,-42,920,2,8,0,0,0,0,0,1,720,0
494,2026-06-26T09:43:00.567868000Z,S1G Beacon,61,34,-26,920,3,1,,,,,,,0,0
495,2026-06-26T09:43:01.388894000Z,S1G Beacon,129,34,-45,920,3,1,,,,,,,0,0
496,2026-06-26T09:43:01.605314000Z,Data,287,34,-32,920,2,0,0,0,0,0,0,1,0,0
497,2026-06-26T09:43:02.206320000Z,S1G Beacon,61,34,-30,920,3,1,,,,,,,0,0
498,2026-06-26T09:43:02.900269000Z,Data,390,34,-22,920,2,0,0,0,0,0,0,1,0,0
499,2026-06-26T09:43:02.922845000Z,Data,399,34,-23,920,2,0,0,0,0,0,0,1,0,0
500,2026-06-26T09:43:02.947159000Z,Data,454,34,-23,920,2,0,0,0,0,0,0,1,0,0
501,2026-06-26T09:43:02.960052000Z,Data,454,34,-25,920,2,0,0,0,0,0,0,1,0,0
502,2026-06-26T09:43:02.973185000Z,Data,464,34,-26,920,2,0,0,0,0,0,0,1,0,0
503,2026-06-26T09:43:02.986315000Z,Data,464,34,-27,920,2,0,0,0,0,0,0,1,0,0
504,2026-06-26T09:43:03.027323000Z,S1G Beacon,129,34,-27,920,3,1,,,,,,,0,0
505,2026-06-26T09:43:03.844788000Z,S1G Beacon,61,34,-34,920,3,1,,,,,,,0,0
506,2026-06-26T09:43:04.629384000Z,Data,287,34,-28,920,2,0,0,0,0,0,0,1,0,0
507,2026-06-26T09:43:04.665797000Z,S1G Beacon,129,34,-28,920,3,1,,,,,,,0,0
508,2026-06-26T09:43:04.672113000Z,QoS Data,149,34,-20,920,2,8,1,0,0,0,0,1,720,0
510,2026-06-26T09:43:04.675407000Z,QoS Data,149,34,-34,920,2,8,0,0,0,0,0,1,720,0
512,2026-06-26T09:43:04.680991000Z,QoS Data,131,34,-13,920,2,8,1,0,0,0,0,1,720,0
514,2026-06-26T09:43:04.683753000Z,QoS Data,131,34,-32,920,2,8,0,0,0,0,0,1,720,0
516,2026-06-26T09:43:04.787018000Z,QoS Data,128,34,-19,920,2,8,1,0,0,0,0,1,720,0
518,2026-06-26T09:43:04.790056000Z,QoS Data,128,34,-37,920,2,8,0,0,0,0,0,1,720,0
520,2026-06-26T09:43:05.483221000Z,S1G Beacon,61,34,-30,920,3,1,,,,,,,0,0
521,2026-06-26T09:43:06.304246000Z,S1G Beacon,129,34,-34,920,3,1,,,,,,,0,0
522,2026-06-26T09:43:07.121671000Z,S1G Beacon,61,34,-36,920,3,1,,,,,,,0,0
523,2026-06-26T09:43:07.289447000Z,Data,378,34,-36,920,2,0,0,0,0,0,0,1,0,0
524,2026-06-26T09:43:07.392185000Z,Data,387,34,-34,920,2,0,0,0,0,0,0,1,0,0
525,2026-06-26T09:43:07.497857000Z,Data,450,34,-35,920,2,0,0,0,0,0,0,1,0,0
526,2026-06-26T09:43:07.601733000Z,Data,442,34,-37,920,2,0,0,0,0,0,0,1,0,0
527,2026-06-26T09:43:07.653392000Z,Data,287,34,-37,920,2,0,0,0,0,0,0,1,0,0
528,2026-06-26T09:43:07.704333000Z,Data,387,34,-37,920,2,0,0,0,0,0,0,1,0,0
529,2026-06-26T09:43:07.809216000Z,Data,426,34,-34,920,2,0,0,0,0,0,0,1,0,0
530,2026-06-26T09:43:07.914119000Z,Data,458,34,-32,920,2,0,0,0,0,0,0,1,0,0
531,2026-06-26T09:43:07.942686000Z,S1G Beacon,129,34,-33,920,3,1,,,,,,,0,0
532,2026-06-26T09:43:08.016274000Z,Data,387,34,-31,920,2,0,0,0,0,0,0,1,0,0
533,2026-06-26T09:43:08.121684000Z,Data,446,34,-28,920,2,0,0,0,0,0,0,1,0,0
535,2026-06-26T09:43:08.225666000Z,Data,440,34,-28,920,2,0,0,0,0,0,0,1,0,0
536,2026-06-26T09:43:08.328272000Z,Data,387,34,-27,920,2,0,0,0,0,0,0,1,0,0
537,2026-06-26T09:43:08.433760000Z,Data,442,34,-27,920,2,0,0,0,0,0,0,1,0,0
538,2026-06-26T09:43:08.538029000Z,Data,452,34,-29,920,2,0,0,0,0,0,0,1,0,0
539,2026-06-26T09:43:08.760110000Z,S1G Beacon,61,34,-31,920,3,1,,,,,,,0,0
540,2026-06-26T09:43:09.581146000Z,S1G Beacon,129,34,-35,920,3,1,,,,,,,0,0
541,2026-06-26T09:43:09.696191000Z,QoS Data,149,34,-21,920,2,8,1,0,0,0,0,1,720,0
543,2026-06-26T09:43:09.698901000Z,QoS Data,149,34,-37,920,2,8,0,0,0,0,0,1,720,0
545,2026-06-26T09:43:09.704435000Z,QoS Data,131,34,-13,920,2,8,1,0,0,0,0,1,720,0
547,2026-06-26T09:43:09.706696000Z,QoS Data,131,34,-37,920,2,8,0,0,0,0,0,1,720,0
549,2026-06-26T09:43:09.787181000Z,QoS Data,128,34,-21,920,2,8,1,0,0,0,0,1,720,0
551,2026-06-26T09:43:09.789196000Z,QoS Data,128,34,-36,920,2,8,0,0,0,0,0,1,720,0
553,2026-06-26T09:43:10.398592000Z,S1G Beacon,61,34,-29,920,3,1,,,,,,,0,0
554,2026-06-26T09:43:10.677612000Z,Data,287,34,-30,920,2,0,0,0,0,0,0,1,0,0
555,2026-06-26T09:43:11.219586000Z,S1G Beacon,129,34,-30,920,3,1,,,,,,,0,0
556,2026-06-26T09:43:12.037050000Z,S1G Beacon,61,34,-28,920,3,1,,,,,,,0,0
557,2026-06-26T09:43:12.858050000Z,S1G Beacon,129,34,-29,920,3,1,,,,,,,0,0
558,2026-06-26T09:43:13.675487000Z,S1G Beacon,61,34,-16,920,3,1,,,,,,,0,0
559,2026-06-26T09:43:13.701636000Z,Data,287,34,-16,920,2,0,0,0,0,0,0,1,0,0
560,2026-06-26T09:43:14.496508000Z,S1G Beacon,129,34,-16,920,3,1,,,,,,,0,0
563,2026-06-26T09:43:14.728445000Z,QoS Data,131,34,-13,920,2,8,1,0,0,0,0,1,720,0
567,2026-06-26T09:43:14.789735000Z,QoS Data,128,34,-25,920,2,8,0,0,0,0,0,1,720,0
570,2026-06-26T09:43:15.313909000Z,S1G Beacon,61,34,-16,920,3,1,,,,,,,0,0
571,2026-06-26T09:43:16.134951000Z,S1G Beacon,129,34,-16,920,3,1,,,,,,,0,0
572,2026-06-26T09:43:16.952391000Z,S1G Beacon,61,34,-15,920,3,1,,,,,,,0,0
573,2026-06-26T09:43:17.773404000Z,S1G Beacon,129,34,-18,920,3,1,,,,,,,0,0
574,2026-06-26T09:43:18.590822000Z,S1G Beacon,61,34,-16,920,3,1,,,,,,,0,0
575,2026-06-26T09:43:19.069600000Z,Data,132,34,-15,920,2,0,0,0,0,0,0,1,0,0
576,2026-06-26T09:43:19.379310000Z,Data,132,34,-16,920,2,0,0,0,0,0,0,1,0,0
577,2026-06-26T09:43:19.411840000Z,S1G Beacon,129,34,-16,920,3,1,,,,,,,0,0
578,2026-06-26T09:43:19.529829000Z,Data,118,34,-15,920,2,0,0,0,0,0,0,1,0,0
579,2026-06-26T09:43:19.742970000Z,QoS Data,148,34,-19,920,2,8,1,0,0,0,0,1,720,0
581,2026-06-26T09:43:19.752125000Z,Data,287,34,-15,920,2,0,0,0,0,0,0,1,0,0
582,2026-06-26T09:43:19.753585000Z,QoS Data,148,34,-20,920,2,8,0,0,0,0,0,1,720,0
584,2026-06-26T09:43:19.760053000Z,QoS Data,131,34,-12,920,2,8,1,0,0,0,0,1,720,0
586,2026-06-26T09:43:19.762092000Z,QoS Data,131,34,-19,920,2,8,0,0,0,0,0,1,720,0
587,2026-06-26T09:43:19.765385000Z,QoS Data,131,34,-19,920,2,8,0,0,1,0,0,1,720,0
589,2026-06-26T09:43:19.786539000Z,QoS Data,128,34,-20,920,2,8,1,0,0,0,0,1,720,0
591,2026-06-26T09:43:19.788607000Z,QoS Data,128,34,-18,920,2,8,0,0,0,0,0,1,720,0
593,2026-06-26T09:43:20.229283000Z,S1G Beacon,61,34,-16,920,3,1,,,,,,,0,0
594,2026-06-26T09:43:21.050329000Z,S1G Beacon,129,34,-15,920,3,1,,,,,,,0,0
595,2026-06-26T09:43:21.867745000Z,S1G Beacon,61,34,-15,920,3,1,,,,,,,0,0
597,2026-06-26T09:43:22.688765000Z,S1G Beacon,129,34,-14,920,3,1,,,,,,,0,0
598,2026-06-26T09:43:22.774247000Z,Data,287,34,-15,920,2,0,0,0,0,0,0,1,0,0
599,2026-06-26T09:43:23.506174000Z,S1G Beacon,61,34,-16,920,3,1,,,,,,,0,0
600,2026-06-26T09:43:24.327221000Z,S1G Beacon,129,34,-15,920,3,1,,,,,,,0,0
601,2026-06-26T09:43:24.777631000Z,QoS Data,150,34,-19,920,2,8,1,0,0,0,0,1,720,0
602,2026-06-26T09:43:24.779979000Z,QoS Data,150,34,-23,920,2,8,0,0,0,0,0,1,720,0
604,2026-06-26T09:43:24.786495000Z,QoS Data,131,34,-14,920,2,8,1,0,0,0,0,1,720,0
606,2026-06-26T09:43:24.788874000Z,QoS Data,131,34,-18,920,2,8,0,0,0,0,0,1,720,0
608,2026-06-26T09:43:25.036545000Z,QoS Data,128,34,-19,920,2,8,1,0,0,0,0,1,720,0
610,2026-06-26T09:43:25.043910000Z,QoS Data,128,34,-21,920,2,8,0,0,1,0,0,1,720,0
612,2026-06-26T09:43:25.144617000Z,S1G Beacon,61,34,-16,920,3,1,,,,,,,0,0
613,2026-06-26T09:43:25.380068000Z,Data,132,34,-16,920,2,0,0,0,0,0,0,1,0,0
614,2026-06-26T09:43:25.798012000Z,Data,287,34,-15,920,2,0,0,0,0,0,0,1,0,0
616,2026-06-26T09:43:25.965642000Z,S1G Beacon,129,34,-16,920,3,1,,,,,,,0,0
617,2026-06-26T09:43:26.783094000Z,S1G Beacon,61,34,-16,920,3,1,,,,,,,0,0
618,2026-06-26T09:43:27.604103000Z,S1G Beacon,129,34,-17,920,3,1,,,,,,,0,0
619,2026-06-26T09:43:28.288932000Z,Data,378,34,-20,920,2,0,0,0,0,0,0,1,0,0
620,2026-06-26T09:43:28.498433000Z,Data,450,34,-18,920,2,0,0,0,0,0,0,1,0,0
621,2026-06-26T09:43:28.602362000Z,Data,442,34,-17,920,2,0,0,0,0,0,0,1,0,0
622,2026-06-26T09:43:28.704938000Z,Data,387,34,-16,920,2,0,0,0,0,0,0,1,0,0
623,2026-06-26T09:43:28.809797000Z,Data,426,34,-16,920,2,0,0,0,0,0,0,1,0,0
624,2026-06-26T09:43:28.822792000Z,Data,287,34,-18,920,2,0,0,0,0,0,0,1,0,0
625,2026-06-26T09:43:28.914793000Z,Data,458,34,-19,920,2,0,0,0,0,0,0,1,0,0
626,2026-06-26T09:43:29.016951000Z,Data,387,34,-19,920,2,0,0,0,0,0,0,1,0,0
627,2026-06-26T09:43:29.122418000Z,Data,446,34,-20,920,2,0,0,0,0,0,0,1,0,0
628,2026-06-26T09:43:29.226291000Z,Data,440,34,-19,920,2,0,0,0,0,0,0,1,0,0
629,2026-06-26T09:43:29.242549000Z,S1G Beacon,129,34,-18,920,3,1,,,,,,,0,0
630,2026-06-26T09:43:29.328911000Z,Data,387,34,-18,920,2,0,0,0,0,0,0,1,0,0
631,2026-06-26T09:43:29.434268000Z,Data,442,34,-18,920,2,0,0,0,0,0,0,1,0,0
632,2026-06-26T09:43:29.538690000Z,Data,452,34,-18,920,2,0,0,0,0,0,0,1,0,0
635,2026-06-26T09:43:29.808429000Z,QoS Data,131,34,-12,920,2,8,1,0,0,0,0,1,720,0
638,2026-06-26T09:43:30.036508000Z,QoS Data,128,34,-19,920,2,8,1,0,0,0,0,1,720,0
641,2026-06-26T09:43:30.059967000Z,S1G Beacon,61,34,-17,920,3,1,,,,,,,0,0
642,2026-06-26T09:43:30.881015000Z,S1G Beacon,129,34,-15,920,3,1,,,,,,,0,0
644,2026-06-26T09:43:31.698440000Z,S1G Beacon,61,34,-16,920,3,1,,,,,,,0,0
645,2026-06-26T09:43:31.846190000Z,Data,287,34,-16,920,2,0,0,0,0,0,0,1,0,0
646,2026-06-26T09:43:34.157913000Z,S1G Beacon,129,34,-19,920,3,1,,,,,,,0,0
648,2026-06-26T09:43:34.825161000Z,QoS Data,149,34,-27,920,2,8,0,0,0,0,0,1,720,0
650,2026-06-26T09:43:34.830580000Z,QoS Data,131,34,-12,920,2,8,1,0,0,0,0,1,720,0
651,2026-06-26T09:43:34.832868000Z,QoS Data,131,34,-28,920,2,8,0,0,0,0,0,1,720,0
653,2026-06-26T09:43:34.870446000Z,Data,287,34,-19,920,2,0,0,0,0,0,0,1,0,0
655,2026-06-26T09:43:35.038846000Z,QoS Data,128,34,-30,920,2,8,0,0,0,0,0,1,720,0
657,2026-06-26T09:43:35.796376000Z,S1G Beacon,129,34,-36,920,3,1,,,,,,,0,0
658,2026-06-26T09:43:36.613787000Z,S1G Beacon,61,34,-16,920,3,1,,,,,,,0,0
659,2026-06-26T09:43:37.434809000Z,S1G Beacon,129,34,-17,920,3,1,,,,,,,0,0
660,2026-06-26T09:43:37.894469000Z,Data,287,34,-17,920,2,0,0,0,0,0,0,1,0,0
661,2026-06-26T09:43:38.252224000Z,S1G Beacon,61,34,-20,920,3,1,,,,,,,0,0
662,2026-06-26T09:43:39.073264000Z,S1G Beacon,129,34,-19,920,3,1,,,,,,,0,0
664,2026-06-26T09:43:39.847059000Z,QoS Data,149,34,-19,920,2,8,0,0,0,0,0,1,720,0
666,2026-06-26T09:43:39.852431000Z,QoS Data,131,34,-13,920,2,8,1,0,0,0,0,1,720,0
668,2026-06-26T09:43:39.854551000Z,QoS Data,131,34,-19,920,2,8,0,0,0,0,0,1,720,0
670,2026-06-26T09:43:39.890667000Z,S1G Beacon,61,34,-15,920,3,1,,,,,,,0,0
674,2026-06-26T09:43:40.711731000Z,S1G Beacon,129,34,-17,920,3,1,,,,,,,0,0
675,2026-06-26T09:43:40.918597000Z,Data,287,34,-18,920,2,0,0,0,0,0,0,1,0,0
676,2026-06-26T09:43:41.529170000Z,S1G Beacon,61,34,-17,920,3,1,,,,,,,0,0
677,2026-06-26T09:43:42.350170000Z,S1G Beacon,129,34,-18,920,3,1,,,,,,,0,0
679,2026-06-26T09:43:43.167585000Z,S1G Beacon,61,34,-18,920,3,1,,,,,,,0,0
680,2026-06-26T09:43:43.942571000Z,Data,287,34,-34,920,2,0,0,0,0,0,0,1,0,0
681,2026-06-26T09:43:43.988610000Z,S1G Beacon,129,34,-32,920,3,1,,,,,,,0,0
683,2026-06-26T09:43:44.806055000Z,S1G Beacon,61,34,-28,920,3,1,,,,,,,0,0
685,2026-06-26T09:43:44.868500000Z,QoS Data,148,34,-34,920,2,8,0,0,0,0,0,1,720,0
687,2026-06-26T09:43:44.873762000Z,QoS Data,131,34,-19,920,2,8,1,0,0,0,0,1,720,0
689,2026-06-26T09:43:44.876554000Z,QoS Data,131,34,-36,920,2,8,0,0,0,0,0,1,720,0
691,2026-06-26T09:43:45.036977000Z,QoS Data,128,34,-17,920,2,8,1,0,0,0,0,1,720,0
693,2026-06-26T09:43:45.039250000Z,QoS Data,128,34,-34,920,2,8,0,0,0,0,0,1,720,0
695,2026-06-26T09:43:45.627062000Z,S1G Beacon,129,34,-30,920,3,1,,,,,,,0,0
696,2026-06-26T09:43:46.444488000Z,S1G Beacon,61,34,-29,920,3,1,,,,,,,0,0
697,2026-06-26T09:43:46.966644000Z,Data,287,34,-28,920,2,0,0,0,0,0,0,1,0,0
699,2026-06-26T09:43:47.265504000Z,S1G Beacon,129,34,-31,920,3,1,,,,,,,0,0
700,2026-06-26T09:43:48.082958000Z,S1G Beacon,61,34,-27,920,3,1,,,,,,,0,0
701,2026-06-26T09:43:48.903959000Z,S1G Beacon,129,34,-28,920,3,1,,,,,,,0,0
704,2026-06-26T09:43:49.289448000Z,Data,378,34,-28,920,2,0,0,0,0,0,0,1,0,0
705,2026-06-26T09:43:49.393354000Z,Data,387,34,-27,920,2,0,0,0,0,0,0,1,0,0
706,2026-06-26T09:43:49.499133000Z,Data,450,34,-26,920,2,0,0,0,0,0,0,1,0,0
707,2026-06-26T09:43:49.888991000Z,QoS Data,148,34,-19,920,2,8,1,0,0,0,0,1,720,0
709,2026-06-26T09:43:49.901842000Z,QoS Data,131,34,-12,920,2,8,1,0,1,0,0,1,720,0
711,2026-06-26T09:43:50.040286000Z,QoS Data,128,34,-21,920,2,8,1,0,1,0,0,1,720,0
713,2026-06-26T09:43:50.555290000Z,Data,452,34,-23,920,2,0,0,0,0,0,0,1,0,0
714,2026-06-26T09:43:53.014873000Z,Data,287,34,-25,920,2,0,0,0,0,0,0,1,0,0
715,2026-06-26T09:43:53.819317000Z,S1G Beacon,129,34,-26,920,3,1,,,,,,,0,0
716,2026-06-26T09:43:54.636745000Z,S1G Beacon,61,34,-24,920,3,1,,,,,,,0,0
717,2026-06-26T09:43:54.917209000Z,QoS Data,149,34,-28,920,2,8,1,0,0,0,0,1,720,0
719,2026-06-26T09:43:54.919463000Z,QoS Data,149,34,-31,920,2,8,0,0,0,0,0,1,720,0
721,2026-06-26T09:43:54.925204000Z,QoS Data,131,34,-11,920,2,8,1,0,0,0,0,1,720,0
723,2026-06-26T09:43:54.927631000Z,QoS Data,131,34,-30,920,2,8,0,0,0,0,0,1,720,0
725,2026-06-26T09:43:55.036978000Z,QoS Data,128,34,-29,920,2,8,1,0,0,0,0,1,720,0
727,2026-06-26T09:43:55.038996000Z,QoS Data,128,34,-31,920,2,8,0,0,0,0,0,1,720,0
729,2026-06-26T09:43:56.038956000Z,Data,287,34,-28,920,2,0,0,0,0,0,0,1,0,0
730,2026-06-26T09:43:56.275193000Z,S1G Beacon,61,34,-27,920,3,1,,,,,,,0,0
731,2026-06-26T09:43:57.096219000Z,S1G Beacon,129,34,-20,920,3,1,,,,,,,0,0
732,2026-06-26T09:43:57.913657000Z,S1G Beacon,61,34,-17,920,3,1,,,,,,,0,0
733,2026-06-26T09:43:58.734693000Z,S1G Beacon,129,34,-28,920,3,1,,,,,,,0,0
734,2026-06-26T09:43:59.063886000Z,Data,287,34,-30,920,2,0,0,0,0,0,0,1,0,0
735,2026-06-26T09:43:59.552094000Z,S1G Beacon,61,34,-19,920,3,1,,,,,,,0,0
736,2026-06-26T09:43:59.940230000Z,QoS Data,149,34,-19,920,2,8,1,0,0,0,0,1,720,0
738,2026-06-26T09:43:59.942635000Z,QoS Data,149,34,-28,920,2,8,0,0,0,0,0,1,720,0
740,2026-06-26T09:43:59.947948000Z,QoS Data,131,34,-13,920,2,8,1,0,0,0,0,1,720,0
742,2026-06-26T09:43:59.950017000Z,QoS Data,131,34,-28,920,2,8,0,0,0,0,0,1,720,0
744,2026-06-26T09:44:00.037122000Z,QoS Data,128,34,-20,920,2,8,1,0,0,0,0,1,720,0
746,2026-06-26T09:44:00.039554000Z,QoS Data,128,34,-28,920,2,8,0,0,0,0,0,1,720,0
748,2026-06-26T09:44:01.190541000Z,S1G Beacon,61,34,-28,920,3,1,,,,,,,0,0
749,2026-06-26T09:44:02.087086000Z,Data,287,34,-19,920,2,0,0,0,0,0,0,1,0,0
750,2026-06-26T09:44:02.829005000Z,S1G Beacon,61,34,-18,920,3,1,,,,,,,0,0
751,2026-06-26T09:44:03.650034000Z,S1G Beacon,129,34,-18,920,3,1,,,,,,,0,0
753,2026-06-26T09:44:04.467446000Z,S1G Beacon,61,34,-21,920,3,1,,,,,,,0,0
755,2026-06-26T09:44:04.964371000Z,QoS Data,149,34,-28,920,2,8,0,0,0,0,0,1,720,0
757,2026-06-26T09:44:04.969693000Z,QoS Data,131,34,-12,920,2,8,1,0,0,0,0,1,720,0
759,2026-06-26T09:44:05.037054000Z,QoS Data,128,34,-19,920,2,8,1,0,0,0,0,1,720,0
761,2026-06-26T09:44:05.111171000Z,Data,287,34,-30,920,2,0,0,0,0,0,0,1,0,0
762,2026-06-26T09:44:06.105911000Z,S1G Beacon,61,34,-38,920,3,1,,,,,,,0,0
763,2026-06-26T09:44:06.926940000Z,S1G Beacon,129,34,-30,920,3,1,,,,,,,0,0
764,2026-06-26T09:44:07.744355000Z,S1G Beacon,61,34,-27,920,3,1,,,,,,,0,0
765,2026-06-26T09:44:08.565384000Z,S1G Beacon,129,34,-28,920,3,1,,,,,,,0,0
767,2026-06-26T09:44:09.985236000Z,QoS Data,149,34,-19,920,2,8,1,0,0,0,0,1,720,0
770,2026-06-26T09:44:09.993161000Z,QoS Data,131,34,-13,920,2,8,1,0,0,0,0,1,720,0
771,2026-06-26T09:44:09.995296000Z,QoS Data,131,34,-24,920,2,8,0,0,0,0,0,1,720,0
774,2026-06-26T09:44:10.039511000Z,QoS Data,128,34,-27,920,2,8,0,0,0,0,0,1,720,0
776,2026-06-26T09:44:10.811159000Z,Data,426,34,-25,920,2,0,0,0,0,0,0,1,0,0
777,2026-06-26T09:44:10.916008000Z,Data,458,34,-29,920,2,0,0,0,0,0,0,1,0,0
778,2026-06-26T09:44:11.018161000Z,Data,387,34,-32,920,2,0,0,0,0,0,0,1,0,0
779,2026-06-26T09:44:11.021240000Z,S1G Beacon,61,34,-31,920,3,1,,,,,,,0,0
780,2026-06-26T09:44:11.123603000Z,Data,446,34,-29,920,2,0,0,0,0,0,0,1,0,0
781,2026-06-26T09:44:11.159504000Z,Data,287,34,-29,920,2,0,0,0,0,0,0,1,0,0
782,2026-06-26T09:44:11.229450000Z,Data,440,34,-30,920,2,0,0,0,0,0,0,1,0,0
783,2026-06-26T09:44:11.331638000Z,Data,387,34,-31,920,2,0,0,0,0,0,0,1,0,0
784,2026-06-26T09:44:11.435499000Z,Data,442,34,-32,920,2,0,0,0,0,0,0,1,0,0
785,2026-06-26T09:44:11.539850000Z,Data,452,34,-31,920,2,0,0,0,0,0,0,1,0,0
786,2026-06-26T09:44:11.842292000Z,S1G Beacon,129,34,-31,920,3,1,,,,,,,0,0
788,2026-06-26T09:44:12.659701000Z,S1G Beacon,61,34,-27,920,3,1,,,,,,,0,0
789,2026-06-26T09:44:13.480741000Z,S1G Beacon,129,34,-27,920,3,1,,,,,,,0,0
792,2026-06-26T09:44:15.009427000Z,QoS Data,149,34,-19,920,2,8,1,0,0,0,0,1,720,0
793,2026-06-26T09:44:15.015086000Z,QoS Data,149,34,-30,920,2,8,0,0,1,0,0,1,720,0
795,2026-06-26T09:44:15.021102000Z,QoS Data,131,34,-13,920,2,8,1,0,0,0,0,1,720,0
798,2026-06-26T09:44:15.039370000Z,QoS Data,128,34,-29,920,2,8,0,0,0,0,0,1,720,0
800,2026-06-26T09:44:15.936609000Z,S1G Beacon,61,34,-24,920,3,1,,,,,,,0,0
801,2026-06-26T09:44:16.757639000Z,S1G Beacon,129,34,-22,920,3,1,,,,,,,0,0
802,2026-06-26T09:44:17.207587000Z,Data,287,34,-22,920,2,0,0,0,0,0,0,1,0,0
803,2026-06-26T09:44:17.575055000Z,S1G Beacon,61,34,-23,920,3,1,,,,,,,0,0
804,2026-06-26T09:44:18.396076000Z,S1G Beacon,129,34,-23,920,3,1,,,,,,,0,0
805,2026-06-26T09:44:19.213514000Z,S1G Beacon,61,34,-21,920,3,1,,,,,,,0,0
806,2026-06-26T09:44:20.034535000Z,S1G Beacon,129,34,-20,920,3,1,,,,,,,0,0
808,2026-06-26T09:44:20.039214000Z,QoS Data,149,34,-27,920,2,8,0,0,0,0,0,1,720,0
810,2026-06-26T09:44:20.044811000Z,QoS Data,131,34,-14,920,2,8,1,0,0,0,0,1,720,0
811,2026-06-26T09:44:20.047190000Z,QoS Data,131,34,-27,920,2,8,0,0,0,0,0,1,720,0
814,2026-06-26T09:44:20.289226000Z,QoS Data,128,34,-27,920,2,8,0,0,0,0,0,1,720,0
816,2026-06-26T09:44:21.672989000Z,S1G Beacon,129,34,-28,920,3,1,,,,,,,0,0
817,2026-06-26T09:44:22.490406000Z,S1G Beacon,61,34,-36,920,3,1,,,,,,,0,0
818,2026-06-26T09:44:23.255833000Z,Data,287,34,-33,920,2,0,0,0,0,0,0,1,0,0
819,2026-06-26T09:44:23.311439000Z,S1G Beacon,129,34,-32,920,3,1,,,,,,,0,0
820,2026-06-26T09:44:24.128854000Z,S1G Beacon,61,34,-33,920,3,1,,,,,,,0,0
821,2026-06-26T09:44:24.949888000Z,S1G Beacon,129,34,-21,920,3,1,,,,,,,0,0
822,2026-06-26T09:44:25.059270000Z,QoS Data,149,34,-22,920,2,8,1,0,0,0,0,1,720,0
825,2026-06-26T09:44:25.067440000Z,QoS Data,131,34,-15,920,2,8,1,0,0,0,0,1,720,0
826,2026-06-26T09:44:25.070294000Z,QoS Data,131,34,-15,920,2,8,1,0,1,0,0,1,720,0
831,2026-06-26T09:44:25.767320000Z,S1G Beacon,61,34,-15,920,3,1,,,,,,,0,0
832,2026-06-26T09:44:26.279869000Z,Data,287,34,-17,920,2,0,0,0,0,0,0,1,0,0
833,2026-06-26T09:44:26.588332000Z,S1G Beacon,129,34,-19,920,3,1,,,,,,,0,0
834,2026-06-26T09:44:27.405757000Z,S1G Beacon,61,34,-19,920,3,1,,,,,,,0,0
835,2026-06-26T09:44:28.226784000Z,S1G Beacon,129,34,-17,920,3,1,,,,,,,0,0
836,2026-06-26T09:44:29.044218000Z,S1G Beacon,61,34,-34,920,3,1,,,,,,,0,0
837,2026-06-26T09:44:29.303996000Z,Data,287,34,-35,920,2,0,0,0,0,0,0,1,0,0
839,2026-06-26T09:44:29.865259000Z,S1G Beacon,129,34,-34,920,3,1,,,,,,,0,0
840,2026-06-26T09:44:30.085043000Z,QoS Data,148,34,-27,920,2,8,1,0,0,0,0,1,720,0
842,2026-06-26T09:44:30.087704000Z,QoS Data,148,34,-44,920,2,8,0,0,0,0,0,1,720,0
844,2026-06-26T09:44:30.093357000Z,QoS Data,131,34,-13,920,2,8,1,0,0,0,0,1,720,0
845,2026-06-26T09:44:30.096048000Z,QoS Data,131,34,-45,920,2,8,0,0,0,0,0,1,720,0
848,2026-06-26T09:44:30.289053000Z,QoS Data,128,34,-39,920,2,8,0,0,0,0,0,1,720,0
850,2026-06-26T09:44:30.682664000Z,S1G Beacon,61,34,-38,920,3,1,,,,,,,0,0
851,2026-06-26T09:44:31.290850000Z,Data,378,34,-29,920,2,0,0,0,0,0,0,1,0,0
852,2026-06-26T09:44:31.394707000Z,Data,387,34,-30,920,2,0,0,0,0,0,0,1,0,0
853,2026-06-26T09:44:31.500381000Z,Data,450,34,-21,920,2,0,0,0,0,0,0,1,0,0
854,2026-06-26T09:44:31.604265000Z,Data,442,34,-19,920,2,0,0,0,0,0,0,1,0,0
855,2026-06-26T09:44:31.706820000Z,Data,387,34,-20,920,2,0,0,0,0,0,0,1,0,0
856,2026-06-26T09:44:31.811724000Z,Data,426,34,-19,920,2,0,0,0,0,0,0,1,0,0
857,2026-06-26T09:44:31.916649000Z,Data,458,34,-17,920,2,0,0,0,0,0,0,1,0,0
858,2026-06-26T09:44:32.018824000Z,Data,387,34,-19,920,2,0,0,0,0,0,0,1,0,0
859,2026-06-26T09:44:32.228160000Z,Data,440,34,-19,920,2,0,0,0,0,0,0,1,0,0
860,2026-06-26T09:44:32.321111000Z,S1G Beacon,61,34,-20,920,3,1,,,,,,,0,0
861,2026-06-26T09:44:32.332244000Z,Data,387,34,-19,920,2,0,0,0,0,0,0,1,0,0
862,2026-06-26T09:44:32.340634000Z,Data,287,34,-19,920,2,0,0,0,0,0,0,1,0,0
863,2026-06-26T09:44:32.437147000Z,Data,442,34,-18,920,2,0,0,0,0,0,0,1,0,0
864,2026-06-26T09:44:32.540459000Z,Data,452,34,-20,920,2,0,0,0,0,0,0,1,0,0
865,2026-06-26T09:44:33.142150000Z,S1G Beacon,129,34,-28,920,3,1,,,,,,,0,0
866,2026-06-26T09:44:33.959587000Z,S1G Beacon,61,34,-29,920,3,1,,,,,,,0,0
867,2026-06-26T09:44:34.780588000Z,S1G Beacon,129,34,-29,920,3,1,,,,,,,0,0
869,2026-06-26T09:44:35.111467000Z,QoS Data,149,34,-32,920,2,8,0,0,0,0,0,1,720,0
871,2026-06-26T09:44:35.117219000Z,QoS Data,131,34,-14,920,2,8,1,0,0,0,0,1,720,0
873,2026-06-26T09:44:35.119390000Z,QoS Data,131,34,-33,920,2,8,0,0,0,0,0,1,720,0
876,2026-06-26T09:44:35.289305000Z,QoS Data,128,34,-34,920,2,8,0,0,0,0,0,1,720,0
878,2026-06-26T09:44:35.352427000Z,Data,287,34,-29,920,2,0,0,0,0,0,0,1,0,0
879,2026-06-26T09:44:35.598006000Z,S1G Beacon,61,34,-30,920,3,1,,,,,,,0,0
880,2026-06-26T09:44:36.419069000Z,S1G Beacon,129,34,-27,920,3,1,,,,,,,0,0
881,2026-06-26T09:44:37.236459000Z,S1G Beacon,61,34,-28,920,3,1,,,,,,,0,0
882,2026-06-26T09:44:38.057497000Z,S1G Beacon,129,34,-31,920,3,1,,,,,,,0,0
883,2026-06-26T09:44:38.376346000Z,Data,287,34,-35,920,2,0,0,0,0,0,0,1,0,0
884,2026-06-26T09:44:38.874919000Z,S1G Beacon,61,34,-38,920,3,1,,,,,,,0,0
885,2026-06-26T09:44:39.695936000Z,S1G Beacon,129,34,-33,920,3,1,,,,,,,0,0
887,2026-06-26T09:44:40.132779000Z,QoS Data,149,34,-19,920,2,8,1,0,0,0,0,1,720,0
889,2026-06-26T09:44:40.135545000Z,QoS Data,149,34,-38,920,2,8,0,0,0,0,0,1,720,0
891,2026-06-26T09:44:40.142398000Z,QoS Data,131,34,-14,920,2,8,1,0,0,0,0,1,720,0
893,2026-06-26T09:44:40.144829000Z,QoS Data,131,34,-38,920,2,8,0,0,0,0,0,1,720,0
897,2026-06-26T09:44:40.288998000Z,QoS Data,128,34,-36,920,2,8,0,0,0,0,0,1,720,0
899,2026-06-26T09:44:40.513367000Z,S1G Beacon,61,34,-31,920,3,1,,,,,,,0,0
900,2026-06-26T09:44:41.334411000Z,S1G Beacon,129,34,-43,920,3,1,,,,,,,0,0
901,2026-06-26T09:44:41.400271000Z,Data,287,34,-46,920,2,0,0,0,0,0,0,1,0,0
903,2026-06-26T09:44:44.424547000Z,Data,287,34,-22,920,2,0,0,0,0,0,0,1,0,0
905,2026-06-26T09:44:45.159851000Z,QoS Data,150,34,-31,920,2,8,0,0,0,0,0,1,720,0
906,2026-06-26T09:44:45.164342000Z,QoS Data,150,34,-30,920,2,8,0,0,1,0,0,1,720,0
908,2026-06-26T09:44:45.168900000Z,QoS Data,150,34,-31,920,2,8,0,0,1,0,0,1,720,0
910,2026-06-26T09:44:45.171435000Z,QoS Data,131,34,-14,920,2,8,1,0,0,0,0,1,720,0
912,2026-06-26T09:44:45.173553000Z,QoS Data,131,34,-31,920,2,8,0,0,0,0,0,1,720,0
915,2026-06-26T09:44:45.289179000Z,QoS Data,128,34,-36,920,2,8,0,0,0,0,0,1,720,0
917,2026-06-26T09:44:45.428710000Z,S1G Beacon,61,34,-31,920,3,1,,,,,,,0,0
918,2026-06-26T09:44:46.249778000Z,S1G Beacon,129,34,-19,920,3,1,,,,,,,0,0
920,2026-06-26T09:44:47.067168000Z,S1G Beacon,61,34,-16,920,3,1,,,,,,,0,0
921,2026-06-26T09:44:47.448533000Z,Data,287,34,-19,920,2,0,0,0,0,0,0,1,0,0
922,2026-06-26T09:44:48.705631000Z,S1G Beacon,61,34,-19,920,3,1,,,,,,,0,0
923,2026-06-26T09:44:49.526651000Z,S1G Beacon,129,34,-19,920,3,1,,,,,,,0,0
925,2026-06-26T09:44:50.188592000Z,QoS Data,149,34,-27,920,2,8,0,0,0,0,0,1,720,0
927,2026-06-26T09:44:50.194344000Z,QoS Data,131,34,-16,920,2,8,1,0,0,0,0,1,720,0
929,2026-06-26T09:44:50.197075000Z,QoS Data,131,34,-27,920,2,8,0,0,0,0,0,1,720,0
931,2026-06-26T09:44:50.287020000Z,QoS Data,128,34,-20,920,2,8,1,0,0,0,0,1,720,0
933,2026-06-26T09:44:50.289192000Z,QoS Data,128,34,-27,920,2,8,0,0,0,0,0,1,720,0
935,2026-06-26T09:44:50.344062000Z,S1G Beacon,61,34,-19,920,3,1,,,,,,,0,0
936,2026-06-26T09:44:50.472568000Z,Data,287,34,-19,920,2,0,0,0,0,0,0,1,0,0
937,2026-06-26T09:44:51.165101000Z,S1G Beacon,129,34,-18,920,3,1,,,,,,,0,0
938,2026-06-26T09:44:51.982524000Z,S1G Beacon,61,34,-18,920,3,1,,,,,,,0,0
939,2026-06-26T09:44:52.291410000Z,Data,378,34,-22,920,2,0,0,0,0,0,0,1,0,0
940,2026-06-26T09:44:52.395457000Z,Data,387,34,-21,920,2,0,0,0,0,0,0,1,0,0
941,2026-06-26T09:44:52.500998000Z,Data,450,34,-21,920,2,0,0,0,0,0,0,1,0,0
942,2026-06-26T09:44:52.605120000Z,Data,442,34,-19,920,2,0,0,0,0,0,0,1,0,0
943,2026-06-26T09:44:52.707400000Z,Data,387,34,-18,920,2,0,0,0,0,0,0,1,0,0
944,2026-06-26T09:44:52.803546000Z,S1G Beacon,129,34,-17,920,3,1,,,,,,,0,0
945,2026-06-26T09:44:52.815719000Z,Data,426,34,-18,920,2,0,0,0,0,0,0,1,0,0
946,2026-06-26T09:44:52.917303000Z,Data,458,34,-18,920,2,0,0,0,0,0,0,1,0,0
947,2026-06-26T09:44:53.019420000Z,Data,387,34,-17,920,2,0,0,0,0,0,0,1,0,0
948,2026-06-26T09:44:53.125102000Z,Data,446,34,-16,920,2,0,0,0,0,0,0,1,0,0
949,2026-06-26T09:44:53.228797000Z,Data,440,34,-16,920,2,0,0,0,0,0,0,1,0,0
950,2026-06-26T09:44:53.331612000Z,Data,387,34,-16,920,2,0,0,0,0,0,0,1,0,0
951,2026-06-26T09:44:53.437502000Z,Data,442,34,-16,920,2,0,0,0,0,0,0,1,0,0
952,2026-06-26T09:44:53.496653000Z,Data,287,34,-17,920,2,0,0,0,0,0,0,1,0,0
953,2026-06-26T09:44:53.541146000Z,Data,452,34,-18,920,2,0,0,0,0,0,0,1,0,0
954,2026-06-26T09:44:53.620962000Z,S1G Beacon,61,34,-19,920,3,1,,,,,,,0,0
955,2026-06-26T09:44:54.441999000Z,S1G Beacon,129,34,-33,920,3,1,,,,,,,0,0
957,2026-06-26T09:44:55.211335000Z,QoS Data,149,34,-34,920,2,8,0,0,0,0,0,1,720,0
959,2026-06-26T09:44:55.217036000Z,QoS Data,131,34,-15,920,2,8,1,0,0,0,0,1,720,0
960,2026-06-26T09:44:55.220314000Z,QoS Data,131,34,-13,920,2,8,1,0,1,0,0,1,720,0
962,2026-06-26T09:44:55.222738000Z,QoS Data,131,34,-34,920,2,8,0,0,0,0,0,1,720,0
964,2026-06-26T09:44:55.259417000Z,S1G Beacon,61,34,-27,920,3,1,,,,,,,0,0
965,2026-06-26T09:44:55.287131000Z,QoS Data,128,34,-19,920,2,8,1,0,0,0,0,1,720,0
967,2026-06-26T09:44:55.289148000Z,QoS Data,128,34,-31,920,2,8,0,0,0,0,0,1,720,0
968,2026-06-26T09:44:55.297912000Z,QoS Data,128,34,-32,920,2,8,0,0,1,0,0,1,720,0
971,2026-06-26T09:44:56.080447000Z,S1G Beacon,129,34,-18,920,3,1,,,,,,,0,0
972,2026-06-26T09:44:56.897875000Z,S1G Beacon,61,34,-30,920,3,1,,,,,,,0,0
973,2026-06-26T09:44:57.718928000Z,S1G Beacon,129,34,-17,920,3,1,,,,,,,0,0
974,2026-06-26T09:44:58.536320000Z,S1G Beacon,61,34,-22,920,3,1,,,,,,,0,0
975,2026-06-26T09:44:59.357359000Z,S1G Beacon,129,34,-19,920,3,1,,,,,,,0,0
976,2026-06-26T09:44:59.544861000Z,Data,287,34,-26,920,2,0,0,0,0,0,0,1,0,0
977,2026-06-26T09:45:00.239165000Z,QoS Data,149,34,-20,920,2,8,1,0,1,0,0,1,720,0
979,2026-06-26T09:45:00.247984000Z,QoS Data,131,34,-16,920,2,8,1,0,0,0,0,1,720,0
980,2026-06-26T09:45:00.251350000Z,QoS Data,131,34,-26,920,2,8,0,0,0,0,0,1,720,0
982,2026-06-26T09:45:00.287163000Z,QoS Data,128,34,-20,920,2,8,1,0,0,0,0,1,720,0
983,2026-06-26T09:45:00.289836000Z,QoS Data,128,34,-27,920,2,8,0,0,0,0,0,1,720,0
985,2026-06-26T09:45:01.813246000Z,S1G Beacon,61,34,-27,920,3,1,,,,,,,0,0
986,2026-06-26T09:45:05.090138000Z,S1G Beacon,61,34,-28,920,3,1,,,,,,,0,0
988,2026-06-26T09:45:05.265659000Z,QoS Data,149,34,-29,920,2,8,0,0,0,0,0,1,720,0
990,2026-06-26T09:45:05.271832000Z,QoS Data,131,34,-13,920,2,8,1,0,0,0,0,1,720,0
992,2026-06-26T09:45:05.277946000Z,QoS Data,131,34,-29,920,2,8,0,0,1,0,0,1,720,0
995,2026-06-26T09:45:05.289611000Z,QoS Data,128,34,-29,920,2,8,0,0,0,0,0,1,720,0
997,2026-06-26T09:45:05.593000000Z,Data,287,34,-24,920,2,0,0,0,0,0,0,1,0,0
998,2026-06-26T09:45:07.549619000Z,S1G Beacon,129,34,-28,920,3,1,,,,,,,0,0
999,2026-06-26T09:45:08.367023000Z,S1G Beacon,61,34,-26,920,3,1,,,,,,,0,0
1000,2026-06-26T09:45:09.188061000Z,S1G Beacon,129,34,-27,920,3,1,,,,,,,0,0
1001,2026-06-26T09:45:10.005487000Z,S1G Beacon,61,34,-26,920,3,1,,,,,,,0,0
1004,2026-06-26T09:45:10.295646000Z,QoS Data,131,34,-14,920,2,8,1,0,0,0,0,1,720,0
1006,2026-06-26T09:45:10.298087000Z,QoS Data,131,34,-31,920,2,8,0,0,0,0,0,1,720,0
1009,2026-06-26T09:45:10.539846000Z,QoS Data,128,34,-30,920,2,8,0,0,0,0,0,1,720,0
1011,2026-06-26T09:45:11.643956000Z,S1G Beacon,61,34,-26,920,3,1,,,,,,,0,0
1012,2026-06-26T09:45:13.293280000Z,Data,378,34,-22,920,2,0,0,0,0,0,0,1,0,0
1013,2026-06-26T09:45:14.125534000Z,Data,446,34,-22,920,2,0,0,0,0,0,0,1,0,0
1014,2026-06-26T09:45:14.332062000Z,Data,387,34,-20,920,2,0,0,0,0,0,0,1,0,0
1015,2026-06-26T09:45:14.920846000Z,S1G Beacon,61,34,-26,920,3,1,,,,,,,0,0
1016,2026-06-26T09:45:15.311150000Z,QoS Data,148,34,-19,920,2,8,1,0,0,0,0,1,720,0
1018,2026-06-26T09:45:15.319506000Z,QoS Data,131,34,-14,920,2,8,1,0,0,0,0,1,720,0
1019,2026-06-26T09:45:15.322003000Z,QoS Data,131,34,-27,920,2,8,0,0,0,0,0,1,720,0
1021,2026-06-26T09:45:15.538278000Z,QoS Data,128,34,-19,920,2,8,1,0,0,0,0,1,720,0
1023,2026-06-26T09:45:19.018776000Z,S1G Beacon,129,34,-26,920,3,1,,,,,,,0,0
1024,2026-06-26T09:45:19.836188000Z,S1G Beacon,61,34,-28,920,3,1,,,,,,,0,0
1025,2026-06-26T09:45:20.334365000Z,QoS Data,149,34,-19,920,2,8,1,0,0,0,0,1,720,0
1026,2026-06-26T09:45:20.337191000Z,QoS Data,149,34,-19,920,2,8,1,0,1,0,0,1,720,0
1028,2026-06-26T09:45:20.339711000Z,QoS Data,149,34,-31,920,2,8,0,0,0,0,0,1,720,0
1030,2026-06-26T09:45:20.345414000Z,QoS Data,131,34,-14,920,2,8,1,0,0,0,0,1,720,0
1032,2026-06-26T09:45:20.347482000Z,QoS Data,131,34,-31,920,2,8,0,0,0,0,0,1,720,0
1034,2026-06-26T09:45:20.537190000Z,QoS Data,128,34,-19,920,2,8,1,0,0,0,0,1,720,0
1036,2026-06-26T09:45:20.539761000Z,QoS Data,128,34,-30,920,2,8,0,0,0,0,0,1,720,0
1038,2026-06-26T09:45:20.657207000Z,S1G Beacon,129,34,-27,920,3,1,,,,,,,0,0
1039,2026-06-26T09:45:20.713508000Z,Data,287,34,-28,920,2,0,0,0,0,0,0,1,0,0
1041,2026-06-26T09:45:21.474629000Z,S1G Beacon,61,34,-28,920,3,1,,,,,,,0,0
1042,2026-06-26T09:45:23.737585000Z,Data,287,34,-18,920,2,0,0,0,0,0,0,1,0,0
1043,2026-06-26T09:45:23.934109000Z,S1G Beacon,129,34,-17,920,3,1,,,,,,,0,0
1044,2026-06-26T09:45:24.073354000Z,Data,132,34,-17,920,2,0,0,0,0,0,0,1,0,0
1045,2026-06-26T09:45:25.360409000Z,QoS Data,149,34,-19,920,2,8,1,0,0,0,0,1,720,0
1047,2026-06-26T09:45:25.363177000Z,QoS Data,149,34,-34,920,2,8,0,0,0,0,0,1,720,0
1049,2026-06-26T09:45:25.368939000Z,QoS Data,131,34,-14,920,2,8,1,0,0,0,0,1,720,0
1051,2026-06-26T09:45:25.371738000Z,QoS Data,131,34,-35,920,2,8,0,0,0,0,0,1,720,0
1053,2026-06-26T09:45:25.382788000Z,Data,132,34,-28,920,2,0,0,0,0,0,0,1,0,0
1054,2026-06-26T09:45:25.537146000Z,QoS Data,128,34,-19,920,2,8,1,0,0,0,0,1,720,0
1056,2026-06-26T09:45:25.539832000Z,QoS Data,128,34,-33,920,2,8,0,0,0,0,0,1,720,0
1058,2026-06-26T09:45:25.572563000Z,S1G Beacon,129,34,-28,920,3,1,,,,,,,0,0
1059,2026-06-26T09:45:26.389994000Z,S1G Beacon,61,34,-20,920,3,1,,,,,,,0,0
1060,2026-06-26T09:45:28.028438000Z,S1G Beacon,61,34,-18,920,3,1,,,,,,,0,0
1063,2026-06-26T09:45:29.666884000Z,S1G Beacon,61,34,-18,920,3,1,,,,,,,0,0
1064,2026-06-26T09:45:29.785801000Z,Data,287,34,-17,920,2,0,0,0,0,0,0,1,0,0
1065,2026-06-26T09:45:30.384969000Z,QoS Data,150,34,-18,920,2,8,1,0,0,0,0,1,720,0
1067,2026-06-26T09:45:30.387214000Z,QoS Data,150,34,-26,920,2,8,0,0,0,0,0,1,720,0
1069,2026-06-26T09:45:30.394064000Z,QoS Data,131,34,-15,920,2,8,1,0,0,0,0,1,720,0
1071,2026-06-26T09:45:30.396180000Z,QoS Data,131,34,-26,920,2,8,0,0,0,0,0,1,720,0
1073,2026-06-26T09:45:30.487912000Z,S1G Beacon,129,34,-19,920,3,1,,,,,,,0,0
1074,2026-06-26T09:45:30.560002000Z,RTS,54,34,-12,920,1,11,,,,0,0,0,2452,0
1075,2026-06-26T09:45:30.561738000Z,QoS Data,128,34,-17,920,2,8,1,0,1,0,0,1,720,0
1077,2026-06-26T09:45:30.563756000Z,QoS Data,128,34,-26,920,2,8,0,0,0,0,0,1,720,0
1079,2026-06-26T09:45:31.305358000Z,S1G Beacon,61,34,-18,920,3,1,,,,,,,0,0
1080,2026-06-26T09:45:31.883023000Z,Data,132,34,-19,920,2,0,0,0,0,0,0,1,0,0
1081,2026-06-26T09:45:31.887318000Z,Data,132,34,-18,920,2,0,0,0,0,0,0,1,0,0
1082,2026-06-26T09:45:32.126357000Z,S1G Beacon,129,34,-17,920,3,1,,,,,,,0,0
1083,2026-06-26T09:45:33.764827000Z,S1G Beacon,129,34,-28,920,3,1,,,,,,,0,0
1084,2026-06-26T09:45:34.293383000Z,Data,378,34,-30,920,2,0,0,0,0,0,0,1,0,0
1085,2026-06-26T09:45:34.396619000Z,Data,387,34,-32,920,2,0,0,0,0,0,0,1,0,0
1086,2026-06-26T09:45:34.502251000Z,Data,450,34,-32,920,2,0,0,0,0,0,0,1,0,0
1087,2026-06-26T09:45:34.582236000Z,S1G Beacon,61,34,-33,920,3,1,,,,,,,0,0
1088,2026-06-26T09:45:34.606254000Z,Data,442,34,-31,920,2,0,0,0,0,0,0,1,0,0
1089,2026-06-26T09:45:34.708644000Z,Data,387,34,-30,920,2,0,0,0,0,0,0,1,0,0
1090,2026-06-26T09:45:34.813628000Z,Data,426,34,-29,920,2,0,0,0,0,0,0,1,0,0
1091,2026-06-26T09:45:34.918520000Z,Data,458,34,-27,920,2,0,0,0,0,0,0,1,0,0
1092,2026-06-26T09:45:35.020709000Z,Data,387,34,-23,920,2,0,0,0,0,0,0,1,0,0
1093,2026-06-26T09:45:35.126217000Z,Data,446,34,-29,920,2,0,0,0,0,0,0,1,0,0
1094,2026-06-26T09:45:35.230124000Z,Data,440,34,-27,920,2,0,0,0,0,0,0,1,0,0
1096,2026-06-26T09:45:35.416001000Z,QoS Data,124,42,-29,920,2,8,0,0,0,0,0,1,720,0
1097,2026-06-26T09:45:35.416152000Z,QoS Data,158,42,-29,920,2,8,0,0,0,0,0,1,720,0
1099,2026-06-26T09:45:35.421408000Z,QoS Data,116,34,-14,920,2,8,1,0,0,0,0,1,720,0
1101,2026-06-26T09:45:35.426179000Z,QoS Data,131,34,-14,920,2,8,1,0,0,0,0,1,720,0
1102,2026-06-26T09:45:35.439529000Z,Data,442,34,-23,920,2,0,0,0,0,0,0,1,0,0
1103,2026-06-26T09:45:35.440923000Z,QoS Data,131,34,-29,920,2,8,0,0,0,0,0,1,720,0
1105,2026-06-26T09:45:35.542449000Z,Data,452,34,-27,920,2,0,0,0,0,0,0,1,0,0
1106,2026-06-26T09:45:35.549051000Z,QoS Data,128,34,-17,920,2,8,1,0,1,0,0,1,720,0
1108,2026-06-26T09:45:35.551587000Z,QoS Data,128,34,-31,920,2,8,0,0,0,0,0,1,720,0
1110,2026-06-26T09:45:36.220701000Z,S1G Beacon,61,34,-16,920,3,1,,,,,,,0,0
1111,2026-06-26T09:45:37.041732000Z,S1G Beacon,129,34,-26,920,3,1,,,,,,,0,0
1112,2026-06-26T09:45:37.859141000Z,S1G Beacon,61,34,-31,920,3,1,,,,,,,0,0
1113,2026-06-26T09:45:38.680173000Z,S1G Beacon,129,34,-28,920,3,1,,,,,,,0,0
1114,2026-06-26T09:45:38.858017000Z,Data,287,34,-28,920,2,0,0,0,0,0,0,1,0,0
1115,2026-06-26T09:45:39.497589000Z,S1G Beacon,61,34,-37,920,3,1,,,,,,,0,0
1117,2026-06-26T09:45:40.459439000Z,QoS Data,149,34,-28,920,2,8,0,0,0,0,0,1,720,0
1119,2026-06-26T09:45:40.464721000Z,QoS Data,131,34,-13,920,2,8,1,0,0,0,0,1,720,0
1121,2026-06-26T09:45:40.539155000Z,RTS,54,34,-17,920,1,11,,,,0,0,0,2452,0
1122,2026-06-26T09:45:40.540883000Z,QoS Data,128,34,-22,920,2,8,1,0,1,0,0,1,720,0
1123,2026-06-26T09:45:40.543510000Z,RTS,54,34,-17,920,1,11,,,,0,0,0,2452,0
1124,2026-06-26T09:45:40.548041000Z,QoS Data,128,34,-25,920,2,8,0,0,0,0,0,1,720,0
1126,2026-06-26T09:45:40.555476000Z,QoS Data,128,34,-25,920,2,8,0,0,1,0,0,1,720,0
1128,2026-06-26T09:45:41.136040000Z,S1G Beacon,61,34,-32,920,3,1,,,,,,,0,0
1129,2026-06-26T09:45:41.882176000Z,Data,287,34,-28,920,2,0,0,0,0,0,0,1,0,0
1130,2026-06-26T09:45:42.774500000Z,S1G Beacon,61,34,-17,920,3,1,,,,,,,0,0
1131,2026-06-26T09:45:43.595542000Z,S1G Beacon,129,34,-19,920,3,1,,,,,,,0,0
1132,2026-06-26T09:45:44.412948000Z,S1G Beacon,61,34,-19,920,3,1,,,,,,,0,0
1133,2026-06-26T09:45:44.906340000Z,Data,287,34,-21,920,2,0,0,0,0,0,0,1,0,0
1134,2026-06-26T09:45:45.233967000Z,S1G Beacon,129,34,-18,920,3,1,,,,,,,0,0
1135,2026-06-26T09:45:45.479094000Z,QoS Data,149,34,-19,920,2,8,1,0,0,0,0,1,720,0
1137,2026-06-26T09:45:45.481488000Z,QoS Data,149,34,-28,920,2,8,0,0,0,0,0,1,720,0
1139,2026-06-26T09:45:45.486722000Z,QoS Data,131,34,-12,920,2,8,1,0,0,0,0,1,720,0
1141,2026-06-26T09:45:45.489413000Z,QoS Data,131,34,-28,920,2,8,0,0,0,0,0,1,720,0
1143,2026-06-26T09:45:45.540739000Z,QoS Data,128,34,-19,920,2,8,1,0,1,0,0,1,720,0
1145,2026-06-26T09:45:45.543258000Z,QoS Data,128,34,-27,920,2,8,0,0,0,0,0,1,720,0
1147,2026-06-26T09:45:46.051415000Z,S1G Beacon,61,34,-18,920,3,1,,,,,,,0,0
1148,2026-06-26T09:45:46.872432000Z,S1G Beacon,129,34,-19,920,3,1,,,,,,,0,0
1151,2026-06-26T09:45:47.689860000Z,S1G Beacon,61,34,-19,920,3,1,,,,,,,0,0
1152,2026-06-26T09:45:47.930300000Z,Data,287,34,-18,920,2,0,0,0,0,0,0,1,0,0
1153,2026-06-26T09:45:49.328297000Z,S1G Beacon,61,34,-30,920,3,1,,,,,,,0,0
1154,2026-06-26T09:45:50.149341000Z,S1G Beacon,129,34,-28,920,3,1,,,,,,,0,0
1155,2026-06-26T09:45:50.506520000Z,RTS,54,34,-11,920,1,11,,,,0,0,0,2524,0
1156,2026-06-26T09:45:50.508320000Z,QoS Data,148,34,-14,920,2,8,1,0,1,0,0,1,720,0
1158,2026-06-26T09:45:50.510626000Z,QoS Data,148,34,-27,920,2,8,0,0,0,0,0,1,720,0
1160,2026-06-26T09:45:50.515859000Z,QoS Data,131,34,-11,920,2,8,1,0,0,0,0,1,720,0
1162,2026-06-26T09:45:50.518391000Z,QoS Data,131,34,-28,920,2,8,0,0,0,0,0,1,720,0
1165,2026-06-26T09:45:50.540009000Z,QoS Data,128,34,-27,920,2,8,0,0,0,0,0,1,720,0
1166,2026-06-26T09:45:50.954462000Z,Data,287,34,-19,920,2,0,0,0,0,0,0,1,0,0
1167,2026-06-26T09:45:50.966739000Z,S1G Beacon,61,34,-19,920,3,1,,,,,,,0,0
1168,2026-06-26T09:45:52.605207000Z,S1G Beacon,61,34,-27,920,3,1,,,,,,,0,0
1169,2026-06-26T09:45:53.426228000Z,S1G Beacon,129,34,-27,920,3,1,,,,,,,0,0
1170,2026-06-26T09:45:53.582195000Z,QoS Data,88,34,-15,920,2,8,1,0,0,0,0,1,720,0
1172,2026-06-26T09:45:53.978448000Z,Data,287,34,-32,920,2,0,0,0,0,0,0,1,0,0
1173,2026-06-26T09:45:54.243646000Z,S1G Beacon,61,34,-40,920,3,1,,,,,,,0,0
1174,2026-06-26T09:45:55.064677000Z,S1G Beacon,129,34,-33,920,3,1,,,,,,,0,0
1175,2026-06-26T09:45:55.293283000Z,Data,378,34,-29,920,2,0,0,0,0,0,0,1,0,0
1176,2026-06-26T09:45:55.397313000Z,Data,387,34,-30,920,2,0,0,0,0,0,0,1,0,0
1177,2026-06-26T09:45:55.502848000Z,Data,450,34,-29,920,2,0,0,0,0,0,0,1,0,0
1178,2026-06-26T09:45:55.530124000Z,QoS Data,149,34,-15,920,2,8,1,0,0,0,0,1,720,0
1180,2026-06-26T09:45:55.532275000Z,QoS Data,149,34,-31,920,2,8,0,0,0,0,0,1,720,0
1182,2026-06-26T09:45:55.537509000Z,QoS Data,131,34,-17,920,2,8,1,0,0,0,0,1,720,0
1184,2026-06-26T09:45:55.539682000Z,QoS Data,131,34,-32,920,2,8,0,0,0,0,0,1,720,0
1186,2026-06-26T09:45:55.709278000Z,Data,387,34,-29,920,2,0,0,0,0,0,0,1,0,0
1187,2026-06-26T09:45:55.789807000Z,QoS Data,128,34,-15,920,2,8,1,0,1,0,0,1,720,0
1189,2026-06-26T09:45:55.792136000Z,QoS Data,128,34,-32,920,2,8,0,0,0,0,0,1,720,0
1191,2026-06-26T09:45:55.814183000Z,Data,426,34,-29,920,2,0,0,0,0,0,0,1,0,0
1192,2026-06-26T09:45:55.882122000Z,S1G Beacon,61,34,-29,920,3,1,,,,,,,0,0
1193,2026-06-26T09:45:55.919153000Z,Data,458,34,-30,920,2,0,0,0,0,0,0,1,0,0
1195,2026-06-26T09:45:56.021333000Z,Data,387,34,-30,920,2,0,0,0,0,0,0,1,0,0
1196,2026-06-26T09:45:56.126877000Z,Data,446,34,-31,920,2,0,0,0,0,0,0,1,0,0
1197,2026-06-26T09:45:56.230748000Z,Data,440,34,-31,920,2,0,0,0,0,0,0,1,0,0
1198,2026-06-26T09:45:56.333428000Z,Data,387,34,-32,920,2,0,0,0,0,0,0,1,0,0
1199,2026-06-26T09:45:56.438731000Z,Data,442,34,-31,920,2,0,0,0,0,0,0,1,0,0
1200,2026-06-26T09:45:56.543067000Z,Data,452,34,-32,920,2,0,0,0,0,0,0,1,0,0
1201,2026-06-26T09:45:56.703123000Z,S1G Beacon,129,34,-31,920,3,1,,,,,,,0,0
1202,2026-06-26T09:45:57.002562000Z,Data,287,34,-33,920,2,0,0,0,0,0,0,1,0,0
1203,2026-06-26T09:45:57.520546000Z,S1G Beacon,61,34,-34,920,3,1,,,,,,,0,0
1204,2026-06-26T09:45:58.341596000Z,S1G Beacon,129,34,-39,920,3,1,,,,,,,0,0
1205,2026-06-26T09:45:59.158998000Z,S1G Beacon,61,34,-19,920,3,1,,,,,,,0,0
1206,2026-06-26T09:45:59.980033000Z,S1G Beacon,129,34,-18,920,3,1,,,,,,,0,0
1207,2026-06-26T09:46:00.026740000Z,Data,287,34,-19,920,2,0,0,0,0,0,0,1,0,0
1208,2026-06-26T09:46:00.552060000Z,QoS Data,149,34,-18,920,2,8,1,0,0,0,0,1,720,0
1211,2026-06-26T09:46:00.559801000Z,QoS Data,131,34,-15,920,2,8,1,0,0,0,0,1,720,0
1213,2026-06-26T09:46:00.566027000Z,QoS Data,131,34,-23,920,2,8,0,0,1,0,0,1,720,0
1215,2026-06-26T09:46:00.789445000Z,RTS,54,34,-15,920,1,11,,,,0,0,0,2452,0
1217,2026-06-26T09:46:00.791180000Z,QoS Data,128,34,-18,920,2,8,1,0,1,0,0,1,720,0
1220,2026-06-26T09:46:00.797442000Z,S1G Beacon,61,34,-17,920,3,1,,,,,,,0,0
1221,2026-06-26T09:46:01.618482000Z,S1G Beacon,129,34,-17,920,3,1,,,,,,,0,0
1222,2026-06-26T09:46:02.902329000Z,RTS,54,34,-15,920,1,11,,,,0,0,0,2344,0
1223,2026-06-26T09:46:02.903941000Z,QoS Data,88,34,-18,920,2,8,1,0,1,0,0,1,720,0
1224,2026-06-26T09:46:02.908031000Z,RTS,54,34,-14,920,1,11,,,,0,0,0,2344,0
1225,2026-06-26T09:46:03.050779000Z,Data,287,34,-19,920,2,0,0,0,0,0,0,1,0,0
1226,2026-06-26T09:46:03.256919000Z,S1G Beacon,129,34,-17,920,3,1,,,,,,,0,0
1227,2026-06-26T09:46:04.074348000Z,S1G Beacon,61,34,-17,920,3,1,,,,,,,0,0
1228,2026-06-26T09:46:04.895405000Z,S1G Beacon,129,34,-16,920,3,1,,,,,,,0,0
1229,2026-06-26T09:46:05.578750000Z,QoS Data,150,34,-19,920,2,8,1,0,0,0,0,1,720,0
1231,2026-06-26T09:46:05.580949000Z,QoS Data,150,34,-21,920,2,8,0,0,0,0,0,1,720,0
1233,2026-06-26T09:46:05.586185000Z,QoS Data,131,34,-17,920,2,8,1,0,0,0,0,1,720,0
1235,2026-06-26T09:46:05.588927000Z,QoS Data,131,34,-21,920,2,8,0,0,0,0,0,1,720,0
1237,2026-06-26T09:46:05.592777000Z,QoS Data,131,34,-23,920,2,8,0,0,1,0,0,1,720,0
1238,2026-06-26T09:46:05.598647000Z,QoS Data,131,34,-22,920,2,8,0,0,1,0,0,1,720,0
1239,2026-06-26T09:46:05.607346000Z,QoS Data,131,34,-22,920,2,8,0,0,1,0,0,1,720,0
1241,2026-06-26T09:46:05.712802000Z,S1G Beacon,61,34,-16,920,3,1,,,,,,,0,0
1242,2026-06-26T09:46:05.791284000Z,QoS Data,128,34,-19,920,2,8,1,0,1,0,0,1,720,0
1245,2026-06-26T09:46:06.074842000Z,Data,287,34,-17,920,2,0,0,0,0,0,0,1,0,0
1246,2026-06-26T09:46:06.533833000Z,S1G Beacon,129,34,-17,920,3,1,,,,,,,0,0
1247,2026-06-26T09:46:07.351255000Z,S1G Beacon,61,34,-18,920,3,1,,,,,,,0,0
1248,2026-06-26T09:46:08.172287000Z,S1G Beacon,129,34,-17,920,3,1,,,,,,,0,0
1250,2026-06-26T09:46:08.989726000Z,S1G Beacon,61,34,-17,920,3,1,,,,,,,0,0
1251,2026-06-26T09:46:09.098922000Z,Data,287,34,-16,920,2,0,0,0,0,0,0,1,0,0
1252,2026-06-26T09:46:09.810744000Z,S1G Beacon,129,34,-17,920,3,1,,,,,,,0,0
1253,2026-06-26T09:46:10.604308000Z,QoS Data,149,34,-18,920,2,8,1,0,1,0,0,1,720,0
1255,2026-06-26T09:46:10.606420000Z,QoS Data,149,34,-19,920,2,8,0,0,0,0,0,1,720,0
1257,2026-06-26T09:46:10.611814000Z,QoS Data,131,34,-16,920,2,8,1,0,0,0,0,1,720,0
1259,2026-06-26T09:46:10.614175000Z,QoS Data,131,34,-19,920,2,8,0,0,0,0,0,1,720,0
1261,2026-06-26T09:46:10.628143000Z,S1G Beacon,61,34,-15,920,3,1,,,,,,,0,0
1262,2026-06-26T09:46:10.787359000Z,QoS Data,128,34,-18,920,2,8,1,0,0,0,0,1,720,0
1263,2026-06-26T09:46:10.791088000Z,RTS,54,34,-14,920,1,11,,,,0,0,0,2452,0
1265,2026-06-26T09:46:10.792812000Z,QoS Data,128,34,-19,920,2,8,1,0,1,0,0,1,720,0
1266,2026-06-26T09:46:10.796057000Z,RTS,54,34,-15,920,1,11,,,,0,0,0,2452,0
1268,2026-06-26T09:46:10.797788000Z,QoS Data,128,34,-18,920,2,8,1,0,1,0,0,1,720,0
1271,2026-06-26T09:46:11.449202000Z,S1G Beacon,129,34,-16,920,3,1,,,,,,,0,0
1272,2026-06-26T09:46:12.266603000Z,S1G Beacon,61,34,-19,920,3,1,,,,,,,0,0
1273,2026-06-26T09:46:13.087668000Z,S1G Beacon,129,34,-35,920,3,1,,,,,,,0,0
1274,2026-06-26T09:46:14.726093000Z,S1G Beacon,129,34,-28,920,3,1,,,,,,,0,0
1275,2026-06-26T09:46:15.147155000Z,Data,287,34,-29,920,2,0,0,0,0,0,0,1,0,0
1276,2026-06-26T09:46:15.543495000Z,S1G Beacon,61,34,-29,920,3,1,,,,,,,0,0
1278,2026-06-26T09:46:15.630128000Z,QoS Data,148,34,-41,920,2,8,0,0,0,0,0,1,720,0
1280,2026-06-26T09:46:15.635365000Z,QoS Data,131,34,-15,920,2,8,1,0,0,0,0,1,720,0
1282,2026-06-26T09:46:15.638090000Z,QoS Data,131,34,-42,920,2,8,0,0,0,0,0,1,720,0
1284,2026-06-26T09:46:15.787340000Z,QoS Data,128,34,-18,920,2,8,1,0,0,0,0,1,720,0
1286,2026-06-26T09:46:15.789596000Z,QoS Data,128,34,-30,920,2,8,0,0,0,0,0,1,720,0
1288,2026-06-26T09:46:16.293908000Z,Data,378,34,-32,920,2,0,0,0,0,0,0,1,0,0
1289,2026-06-26T09:46:16.364521000Z,S1G Beacon,129,34,-29,920,3,1,,,,,,,0,0
1290,2026-06-26T09:46:16.397863000Z,Data,387,34,-27,920,2,0,0,0,0,0,0,1,0,0
1291,2026-06-26T09:46:16.503576000Z,Data,450,34,-31,920,2,0,0,0,0,0,0,1,0,0
1292,2026-06-26T09:46:16.607383000Z,Data,442,34,-42,920,2,0,0,0,0,0,0,1,0,0
1293,2026-06-26T09:46:16.709979000Z,Data,387,34,-33,920,2,0,0,0,0,0,0,1,0,0
1294,2026-06-26T09:46:16.814894000Z,Data,426,34,-32,920,2,0,0,0,0,0,0,1,0,0
1296,2026-06-26T09:46:17.021923000Z,Data,387,34,-19,920,2,0,0,0,0,0,0,1,0,0
1297,2026-06-26T09:46:17.333979000Z,Data,387,34,-21,920,2,0,0,0,0,0,0,1,0,0
1298,2026-06-26T09:46:17.543618000Z,Data,452,34,-19,920,2,0,0,0,0,0,0,1,0,0
1299,2026-06-26T09:46:20.458862000Z,S1G Beacon,61,34,-19,920,3,1,,,,,,,0,0
1300,2026-06-26T09:46:20.650197000Z,QoS Data,148,34,-30,920,2,8,1,0,0,0,0,1,720,0
1303,2026-06-26T09:46:20.658615000Z,QoS Data,131,34,-15,920,2,8,1,0,0,0,0,1,720,0
1305,2026-06-26T09:46:20.660977000Z,QoS Data,131,34,-28,920,2,8,0,0,0,0,0,1,720,0
1306,2026-06-26T09:46:20.787332000Z,QoS Data,128,34,-30,920,2,8,1,0,0,0,0,1,720,0
1308,2026-06-26T09:46:20.789341000Z,QoS Data,128,34,-26,920,2,8,0,0,0,0,0,1,720,0
1310,2026-06-26T09:46:21.195265000Z,Data,287,34,-19,920,2,0,0,0,0,0,0,1,0,0
1311,2026-06-26T09:46:21.279879000Z,S1G Beacon,129,34,-20,920,3,1,,,,,,,0,0
1312,2026-06-26T09:46:22.097309000Z,S1G Beacon,61,34,-19,920,3,1,,,,,,,0,0
1313,2026-06-26T09:46:22.918348000Z,S1G Beacon,129,34,-20,920,3,1,,,,,,,0,0
1314,2026-06-26T09:46:23.735763000Z,S1G Beacon,61,34,-19,920,3,1,,,,,,,0,0
1315,2026-06-26T09:46:24.219407000Z,Data,287,34,-20,920,2,0,0,0,0,0,0,1,0,0
1316,2026-06-26T09:46:24.556786000Z,S1G Beacon,129,34,-21,920,3,1,,,,,,,0,0
1317,2026-06-26T09:46:25.374215000Z,S1G Beacon,61,34,-19,920,3,1,,,,,,,0,0
1318,2026-06-26T09:46:25.673835000Z,QoS Data,148,34,-30,920,2,8,1,0,0,0,0,1,720,0
1320,2026-06-26T09:46:25.675871000Z,QoS Data,148,34,-27,920,2,8,0,0,0,0,0,1,720,0
1322,2026-06-26T09:46:25.681986000Z,QoS Data,131,34,-15,920,2,8,1,0,0,0,0,1,720,0
1324,2026-06-26T09:46:25.684042000Z,QoS Data,131,34,-27,920,2,8,0,0,0,0,0,1,720,0
1325,2026-06-26T09:46:25.787341000Z,QoS Data,128,34,-31,920,2,8,1,0,0,0,0,1,720,0
1327,2026-06-26T09:46:25.789772000Z,QoS Data,128,34,-25,920,2,8,0,0,0,0,0,1,720,0
1329,2026-06-26T09:46:26.195242000Z,S1G Beacon,129,34,-19,920,3,1,,,,,,,0,0
1330,2026-06-26T09:46:27.012657000Z,S1G Beacon,61,34,-17,920,3,1,,,,,,,0,0
1331,2026-06-26T09:46:27.243494000Z,Data,287,34,-20,920,2,0,0,0,0,0,0,1,0,0
1332,2026-06-26T09:46:27.833710000Z,S1G Beacon,129,34,-19,920,3,1,,,,,,,0,0
1333,2026-06-26T09:46:28.651121000Z,S1G Beacon,61,34,-19,920,3,1,,,,,,,0,0
1334,2026-06-26T09:46:29.472216000Z,S1G Beacon,129,34,-18,920,3,1,,,,,,,0,0
1335,2026-06-26T09:46:29.813603000Z,Authentication,166,34,-60,920,0,11,0,0,0,0,0,0,0,0
1336,2026-06-26T09:46:29.947641000Z,Authentication,166,34,-18,920,0,11,0,0,0,0,0,0,720,0
1337,2026-06-26T09:46:29.954151000Z,Authentication,166,34,-18,920,0,11,0,0,1,0,0,0,720,0
1338,2026-06-26T09:46:29.960712000Z,Authentication,166,34,-18,920,0,11,0,0,1,0,0,0,720,0
1339,2026-06-26T09:46:29.967483000Z,Authentication,166,34,-18,920,0,11,0,0,1,0,0,0,720,0
1340,2026-06-26T09:46:30.073686000Z,Authentication,166,34,-60,920,0,11,0,0,0,0,0,0,0,0
1341,2026-06-26T09:46:30.080611000Z,Authentication,166,34,-18,920,0,11,0,0,0,0,0,0,720,0
1342,2026-06-26T09:46:30.087169000Z,Authentication,166,34,-18,920,0,11,0,0,1,0,0,0,720,0
1343,2026-06-26T09:46:30.093839000Z,Authentication,166,34,-17,920,0,11,0,0,1,0,0,0,720,0
1344,2026-06-26T09:46:30.100296000Z,Authentication,166,34,-18,920,0,11,0,0,1,0,0,0,720,0
1345,2026-06-26T09:46:30.267590000Z,Data,287,34,-17,920,2,0,0,0,0,0,0,1,0,0
1346,2026-06-26T09:46:30.289553000Z,S1G Beacon,61,34,-18,920,3,1,,,,,,,0,0
1347,2026-06-26T09:46:30.335829000Z,Authentication,166,34,-60,920,0,11,0,0,0,0,0,0,0,0
1348,2026-06-26T09:46:30.345100000Z,Authentication,166,34,-17,920,0,11,0,0,0,0,0,0,720,0
1349,2026-06-26T09:46:30.352077000Z,Authentication,166,34,-18,920,0,11,0,0,1,0,0,0,720,0
1350,2026-06-26T09:46:30.358789000Z,Authentication,166,34,-18,920,0,11,0,0,1,0,0,0,720,0
1351,2026-06-26T09:46:30.365407000Z,Authentication,166,34,-18,920,0,11,0,0,1,0,0,0,720,0
1352,2026-06-26T09:46:30.570333000Z,Authentication,166,34,-62,920,0,11,0,0,0,0,0,0,0,0
1353,2026-06-26T09:46:30.697524000Z,QoS Data,149,34,-28,920,2,8,1,0,0,0,0,1,720,0
1354,2026-06-26T09:46:30.700194000Z,QoS Data,149,34,-24,920,2,8,0,0,0,0,0,1,720,0
1356,2026-06-26T09:46:30.705845000Z,QoS Data,131,34,-15,920,2,8,1,0,0,0,0,1,720,0
1359,2026-06-26T09:46:30.787332000Z,QoS Data,128,34,-28,920,2,8,1,0,0,0,0,1,720,0
1362,2026-06-26T09:46:30.827357000Z,Authentication,166,34,-60,920,0,11,0,0,0,0,0,0,0,0
1363,2026-06-26T09:46:30.845055000Z,Authentication,166,34,-18,920,0,11,0,0,0,0,0,0,720,0
1364,2026-06-26T09:46:30.851511000Z,Authentication,166,34,-18,920,0,11,0,0,1,0,0,0,720,0
1365,2026-06-26T09:46:30.857969000Z,Authentication,166,34,-17,920,0,11,0,0,1,0,0,0,720,0
1366,2026-06-26T09:46:30.864739000Z,Authentication,166,34,-18,920,0,11,0,0,1,0,0,0,720,0
1367,2026-06-26T09:46:31.089507000Z,Authentication,166,34,-60,920,0,11,0,0,0,0,0,0,0,0
1368,2026-06-26T09:46:31.100804000Z,Authentication,166,34,-18,920,0,11,0,0,0,0,0,0,720,0
1369,2026-06-26T09:46:31.110590000Z,S1G Beacon,129,34,-18,920,3,1,,,,,,,0,0
1371,2026-06-26T09:46:31.121757000Z,Authentication,166,34,-18,920,0,11,0,0,1,0,0,0,720,0
1372,2026-06-26T09:46:31.128204000Z,Authentication,166,34,-17,920,0,11,0,0,1,0,0,0,720,0
1373,2026-06-26T09:46:31.338374000Z,Authentication,166,34,-60,920,0,11,0,0,0,0,0,0,0,0
1374,2026-06-26T09:46:31.355057000Z,Authentication,166,34,-18,920,0,11,0,0,0,0,0,0,720,0
1375,2026-06-26T09:46:31.361510000Z,Authentication,166,34,-18,920,0,11,0,0,1,0,0,0,720,0
1376,2026-06-26T09:46:31.368066000Z,Authentication,166,34,-20,920,0,11,0,0,1,0,0,0,720,0
1377,2026-06-26T09:46:31.374737000Z,Authentication,166,34,-19,920,0,11,0,0,1,0,0,0,720,0
1378,2026-06-26T09:46:31.581033000Z,Authentication,166,34,-61,920,0,11,0,0,0,0,0,0,0,0
1379,2026-06-26T09:46:31.601593000Z,Authentication,166,34,-23,920,0,11,0,0,1,0,0,0,720,0
1380,2026-06-26T09:46:31.614918000Z,Authentication,166,34,-22,920,0,11,0,0,1,0,0,0,720,0
1381,2026-06-26T09:46:31.928017000Z,S1G Beacon,61,34,-26,920,3,1,,,,,,,0,0
1382,2026-06-26T09:46:32.105339000Z,Authentication,166,34,-63,920,0,11,0,0,0,0,0,0,0,0
1383,2026-06-26T09:46:32.112373000Z,Authentication,166,34,-27,920,0,11,0,0,0,0,0,0,720,0
1384,2026-06-26T09:46:32.119035000Z,Authentication,166,34,-27,920,0,11,0,0,1,0,0,0,720,0
1385,2026-06-26T09:46:32.125706000Z,Authentication,166,34,-28,920,0,11,0,0,1,0,0,0,720,0
1386,2026-06-26T09:46:32.132220000Z,Authentication,166,34,-28,920,0,11,0,0,1,0,0,0,720,0
1387,2026-06-26T09:46:32.334723000Z,Authentication,166,34,-62,920,0,11,0,0,0,0,0,0,0,0
1388,2026-06-26T09:46:32.345184000Z,Authentication,166,34,-30,920,0,11,0,0,0,0,0,0,720,0
1389,2026-06-26T09:46:32.351746000Z,Authentication,166,34,-30,920,0,11,0,0,1,0,0,0,720,0
1390,2026-06-26T09:46:32.358464000Z,Authentication,166,34,-30,920,0,11,0,0,1,0,0,0,720,0
1391,2026-06-26T09:46:32.365028000Z,Authentication,166,34,-31,920,0,11,0,0,1,0,0,0,720,0
1393,2026-06-26T09:46:32.596864000Z,Authentication,166,34,-62,920,0,11,0,0,0,0,0,0,0,0
1394,2026-06-26T09:46:32.605144000Z,Authentication,166,34,-29,920,0,11,0,0,0,0,0,0,720,0
1395,2026-06-26T09:46:32.611863000Z,Authentication,166,34,-29,920,0,11,0,0,1,0,0,0,720,0
1396,2026-06-26T09:46:32.618479000Z,Authentication,166,34,-29,920,0,11,0,0,1,0,0,0,720,0
1397,2026-06-26T09:46:32.624939000Z,Authentication,166,34,-29,920,0,11,0,0,1,0,0,0,720,0
1398,2026-06-26T09:46:32.749038000Z,S1G Beacon,129,34,-28,920,3,1,,,,,,,0,0
1399,2026-06-26T09:46:32.859016000Z,Authentication,166,34,-59,920,0,11,0,0,0,0,0,0,0,0
1400,2026-06-26T09:46:32.875135000Z,Authentication,166,34,-34,920,0,11,0,0,0,0,0,0,720,0
1401,2026-06-26T09:46:32.881751000Z,Authentication,166,34,-34,920,0,11,0,0,1,0,0,0,720,0
1402,2026-06-26T09:46:32.888291000Z,Authentication,166,34,-36,920,0,11,0,0,1,0,0,0,720,0
1403,2026-06-26T09:46:32.895062000Z,Authentication,166,34,-35,920,0,11,0,0,1,0,0,0,720,0
1404,2026-06-26T09:46:33.098635000Z,Authentication,166,34,-59,920,0,11,0,0,0,0,0,0,0,0
1405,2026-06-26T09:46:33.115132000Z,Authentication,166,34,-30,920,0,11,0,0,0,0,0,0,720,0
1406,2026-06-26T09:46:33.121646000Z,Authentication,166,34,-30,920,0,11,0,0,1,0,0,0,720,0
1407,2026-06-26T09:46:33.128361000Z,Authentication,166,34,-30,920,0,11,0,0,1,0,0,0,720,0
1408,2026-06-26T09:46:33.135082000Z,Authentication,166,34,-30,920,0,11,0,0,1,0,0,0,720,0
1409,2026-06-26T09:46:33.291796000Z,Data,287,34,-31,920,2,0,0,0,0,0,0,1,0,0
1410,2026-06-26T09:46:33.350543000Z,Authentication,166,34,-60,920,0,11,0,0,0,0,0,0,0,0
1411,2026-06-26T09:46:33.361580000Z,Authentication,166,34,-30,920,0,11,0,0,0,0,0,0,720,0
1412,2026-06-26T09:46:33.367983000Z,Authentication,166,34,-31,920,0,11,0,0,1,0,0,0,720,0
1413,2026-06-26T09:46:33.374653000Z,Authentication,166,34,-30,920,0,11,0,0,1,0,0,0,720,0
1414,2026-06-26T09:46:33.381370000Z,Authentication,166,34,-31,920,0,11,0,0,1,0,0,0,720,0
1416,2026-06-26T09:46:33.566464000Z,S1G Beacon,61,34,-20,920,3,1,,,,,,,0,0
1417,2026-06-26T09:46:33.612692000Z,Authentication,166,34,-59,920,0,11,0,0,0,0,0,0,0,0
1418,2026-06-26T09:46:33.632525000Z,Authentication,166,34,-24,920,0,11,0,0,1,0,0,0,720,0
1419,2026-06-26T09:46:33.645966000Z,Authentication,166,34,-22,920,0,11,0,0,1,0,0,0,720,0
1420,2026-06-26T09:46:33.859514000Z,Authentication,166,34,-61,920,0,11,0,0,0,0,0,0,0,0
1421,2026-06-26T09:46:33.875151000Z,Authentication,166,34,-28,920,0,11,0,0,0,0,0,0,720,0
1422,2026-06-26T09:46:33.881661000Z,Authentication,166,34,-29,920,0,11,0,0,1,0,0,0,720,0
1423,2026-06-26T09:46:33.888228000Z,Authentication,166,34,-28,920,0,11,0,0,1,0,0,0,720,0
1424,2026-06-26T09:46:33.894738000Z,Authentication,166,34,-28,920,0,11,0,0,1,0,0,0,720,0
1425,2026-06-26T09:46:34.104222000Z,Authentication,166,34,-61,920,0,11,0,0,0,0,0,0,0,0
1426,2026-06-26T09:46:34.366378000Z,Authentication,166,34,-60,920,0,11,0,0,0,0,0,0,0,0
1427,2026-06-26T09:46:34.375332000Z,Authentication,166,34,-35,920,0,11,0,0,0,0,0,0,720,0
1428,2026-06-26T09:46:34.381890000Z,Authentication,166,34,-33,920,0,11,0,0,1,0,0,0,720,0
1429,2026-06-26T09:46:34.387482000Z,S1G Beacon,129,34,-34,920,3,1,,,,,,,0,0
1430,2026-06-26T09:46:34.392184000Z,Authentication,166,34,-34,920,0,11,0,0,1,0,0,0,720,0
1431,2026-06-26T09:46:34.398588000Z,Authentication,166,34,-34,920,0,11,0,0,1,0,0,0,720,0
1432,2026-06-26T09:46:34.857910000Z,Authentication,166,34,-63,920,0,11,0,0,0,0,0,0,0,0
1433,2026-06-26T09:46:34.870867000Z,Authentication,166,34,-33,920,0,11,0,0,0,0,0,0,720,0
1434,2026-06-26T09:46:34.877583000Z,Authentication,166,34,-32,920,0,11,0,0,1,0,0,0,720,0
1435,2026-06-26T09:46:34.884299000Z,Authentication,166,34,-32,920,0,11,0,0,1,0,0,0,720,0
1436,2026-06-26T09:46:34.890713000Z,Authentication,166,34,-32,920,0,11,0,0,1,0,0,0,720,0
1437,2026-06-26T09:46:35.120053000Z,Authentication,166,34,-59,920,0,11,0,0,0,0,0,0,0,0
1438,2026-06-26T09:46:35.132428000Z,Authentication,166,34,-32,920,0,11,0,0,0,0,0,0,720,0
1439,2026-06-26T09:46:35.138989000Z,Authentication,166,34,-33,920,0,11,0,0,1,0,0,0,720,0
1440,2026-06-26T09:46:35.145498000Z,Authentication,166,34,-32,920,0,11,0,0,1,0,0,0,720,0
1441,2026-06-26T09:46:35.152065000Z,Authentication,166,34,-33,920,0,11,0,0,1,0,0,0,720,0
1442,2026-06-26T09:46:35.204908000Z,S1G Beacon,61,34,-33,920,3,1,,,,,,,0,0
1443,2026-06-26T09:46:35.382220000Z,Authentication,166,34,-61,920,0,11,0,0,0,0,0,0,0,0
1444,2026-06-26T09:46:35.395199000Z,Authentication,166,34,-31,920,0,11,0,0,0,0,0,0,720,0
1445,2026-06-26T09:46:35.401915000Z,Authentication,166,34,-31,920,0,11,0,0,1,0,0,0,720,0
1446,2026-06-26T09:46:35.407227000Z,Authentication,166,34,-32,920,0,11,0,0,1,0,0,0,720,0
1447,2026-06-26T09:46:35.413687000Z,Authentication,166,34,-30,920,0,11,0,0,1,0,0,0,720,0
1448,2026-06-26T09:46:35.611586000Z,Authentication,166,34,-61,920,0,11,0,0,0,0,0,0,0,0
1449,2026-06-26T09:46:35.625218000Z,Authentication,166,34,-31,920,0,11,0,0,0,0,0,0,720,0
1450,2026-06-26T09:46:35.631780000Z,Authentication,166,34,-35,920,0,11,0,0,1,0,0,0,720,0
1451,2026-06-26T09:46:35.638497000Z,Authentication,166,34,-36,920,0,11,0,0,1,0,0,0,720,0
1452,2026-06-26T09:46:35.644955000Z,Authentication,166,34,-35,920,0,11,0,0,1,0,0,0,720,0
1453,2026-06-26T09:46:35.721549000Z,QoS Data,149,34,-19,920,2,8,1,0,0,0,0,1,720,0
1455,2026-06-26T09:46:35.723650000Z,QoS Data,149,34,-37,920,2,8,0,0,0,0,0,1,720,0
1457,2026-06-26T09:46:35.729358000Z,QoS Data,131,34,-14,920,2,8,1,0,0,0,0,1,720,0
1459,2026-06-26T09:46:35.732134000Z,QoS Data,131,34,-36,920,2,8,0,0,0,0,0,1,720,0
1461,2026-06-26T09:46:35.788501000Z,QoS Data,128,34,-22,920,2,8,1,0,0,0,0,1,720,0
1463,2026-06-26T09:46:35.790980000Z,QoS Data,128,34,-37,920,2,8,0,0,0,0,0,1,720,0
1465,2026-06-26T09:46:35.873737000Z,Authentication,166,34,-60,920,0,11,0,0,0,0,0,0,0,0
1466,2026-06-26T09:46:35.885203000Z,Authentication,166,34,-36,920,0,11,0,0,0,0,0,0,720,0
1467,2026-06-26T09:46:35.891767000Z,Authentication,166,34,-37,920,0,11,0,0,1,0,0,0,720,0
1468,2026-06-26T09:46:35.898227000Z,Authentication,166,34,-40,920,0,11,0,0,1,0,0,0,720,0
1469,2026-06-26T09:46:35.904846000Z,Authentication,166,34,-42,920,0,11,0,0,1,0,0,0,720,0
1470,2026-06-26T09:46:36.025933000Z,S1G Beacon,129,34,-30,920,3,1,,,,,,,0,0
1471,2026-06-26T09:46:36.135879000Z,Authentication,166,34,-61,920,0,11,0,0,0,0,0,0,0,0
1472,2026-06-26T09:46:36.145260000Z,Authentication,166,34,-27,920,0,11,0,0,0,0,0,0,720,0
1473,2026-06-26T09:46:36.151974000Z,Authentication,166,34,-27,920,0,11,0,0,1,0,0,0,720,0
1474,2026-06-26T09:46:36.158587000Z,Authentication,166,34,-27,920,0,11,0,0,1,0,0,0,720,0
1475,2026-06-26T09:46:36.163903000Z,Authentication,166,34,-26,920,0,11,0,0,1,0,0,0,720,0
1476,2026-06-26T09:46:36.315814000Z,Data,287,34,-27,920,2,0,0,0,0,0,0,1,0,0
1477,2026-06-26T09:46:36.373451000Z,Authentication,166,34,-63,920,0,11,0,0,0,0,0,0,0,0
1478,2026-06-26T09:46:36.385212000Z,Authentication,166,34,-31,920,0,11,0,0,0,0,0,0,720,0
1479,2026-06-26T09:46:36.391640000Z,Authentication,166,34,-31,920,0,11,0,0,1,0,0,0,720,0
1480,2026-06-26T09:46:36.398400000Z,Authentication,166,34,-31,920,0,11,0,0,1,0,0,0,720,0
1481,2026-06-26T09:46:36.404799000Z,Authentication,166,34,-31,920,0,11,0,0,1,0,0,0,720,0
1482,2026-06-26T09:46:36.627409000Z,Authentication,166,34,-60,920,0,11,0,0,0,0,0,0,0,0
1483,2026-06-26T09:46:36.639123000Z,Authentication,166,34,-37,920,0,11,0,0,0,0,0,0,720,0
1484,2026-06-26T09:46:36.645791000Z,Authentication,166,34,-36,920,0,11,0,0,1,0,0,0,720,0
1485,2026-06-26T09:46:36.652510000Z,Authentication,166,34,-35,920,0,11,0,0,1,0,0,0,720,0
1486,2026-06-26T09:46:36.659177000Z,Authentication,166,34,-35,920,0,11,0,0,1,0,0,0,720,0
1487,2026-06-26T09:46:36.843361000Z,S1G Beacon,61,34,-41,920,3,1,,,,,,,0,0
1488,2026-06-26T09:46:36.889582000Z,Authentication,166,34,-60,920,0,11,0,0,0,0,0,0,0,0
1489,2026-06-26T09:46:36.905222000Z,Authentication,166,34,-36,920,0,11,0,0,0,0,0,0,720,0
1490,2026-06-26T09:46:36.911636000Z,Authentication,166,34,-37,920,0,11,0,0,1,0,0,0,720,0
1491,2026-06-26T09:46:36.918143000Z,Authentication,166,34,-38,920,0,11,0,0,1,0,0,0,720,0
1492,2026-06-26T09:46:36.924603000Z,Authentication,166,34,-35,920,0,11,0,0,1,0,0,0,720,0
1493,2026-06-26T09:46:37.131225000Z,Authentication,166,34,-60,920,0,11,0,0,0,0,0,0,0,0
1494,2026-06-26T09:46:37.381095000Z,Authentication,166,34,-61,920,0,11,0,0,0,0,0,0,0,0
1495,2026-06-26T09:46:37.398479000Z,Data,387,34,-27,920,2,0,0,0,0,0,0,1,0,0
1496,2026-06-26T09:46:37.504161000Z,Data,450,34,-22,920,2,0,0,0,0,0,0,1,0,0
1497,2026-06-26T09:46:37.608043000Z,Data,442,34,-22,920,2,0,0,0,0,0,0,1,0,0
1498,2026-06-26T09:46:37.643237000Z,Authentication,166,34,-61,920,0,11,0,0,0,0,0,0,0,0
1499,2026-06-26T09:46:37.664392000Z,S1G Beacon,129,34,-23,920,3,1,,,,,,,0,0
1500,2026-06-26T09:46:37.668980000Z,Authentication,166,34,-25,920,0,11,0,0,1,0,0,0,720,0
1501,2026-06-26T09:46:37.682109000Z,Authentication,166,34,-23,920,0,11,0,0,1,0,0,0,720,0
1502,2026-06-26T09:46:37.710605000Z,Data,387,34,-23,920,2,0,0,0,0,0,0,1,0,0
1503,2026-06-26T09:46:37.815437000Z,Data,426,34,-27,920,2,0,0,0,0,0,0,1,0,0
1504,2026-06-26T09:46:37.903340000Z,Authentication,166,34,-60,920,0,11,0,0,0,0,0,0,0,0
1505,2026-06-26T09:46:37.915473000Z,Authentication,166,34,-22,920,0,11,0,0,0,0,0,0,720,0
1506,2026-06-26T09:46:37.934864000Z,Authentication,166,34,-23,920,0,11,0,0,1,0,0,0,720,0
1507,2026-06-26T09:46:37.947979000Z,Authentication,166,34,-23,920,0,11,0,0,1,0,0,0,720,0
1508,2026-06-26T09:46:38.022583000Z,Data,387,34,-26,920,2,0,0,0,0,0,0,1,0,0
1509,2026-06-26T09:46:38.145955000Z,Authentication,166,34,-27,920,0,11,0,0,0,0,0,0,720,0
1510,2026-06-26T09:46:38.152362000Z,Authentication,166,34,-27,920,0,11,0,0,1,0,0,0,720,0
1511,2026-06-26T09:46:38.159081000Z,Authentication,166,34,-26,920,0,11,0,0,1,0,0,0,720,0
1512,2026-06-26T09:46:38.165645000Z,Authentication,166,34,-26,920,0,11,0,0,1,0,0,0,720,0
1513,2026-06-26T09:46:38.232014000Z,Data,440,34,-28,920,2,0,0,0,0,0,0,1,0,0
1514,2026-06-26T09:46:38.334646000Z,Data,387,34,-28,920,2,0,0,0,0,0,0,1,0,0
1515,2026-06-26T09:46:38.396921000Z,Authentication,166,34,-60,920,0,11,0,0,0,0,0,0,0,0
1516,2026-06-26T09:46:38.405253000Z,Authentication,166,34,-27,920,0,11,0,0,0,0,0,0,720,0
1517,2026-06-26T09:46:38.411709000Z,Authentication,166,34,-27,920,0,11,0,0,1,0,0,0,720,0
1518,2026-06-26T09:46:38.418171000Z,Authentication,166,34,-28,920,0,11,0,0,1,0,0,0,720,0
1519,2026-06-26T09:46:38.424631000Z,Authentication,166,34,-28,920,0,11,0,0,1,0,0,0,720,0
1520,2026-06-26T09:46:38.439951000Z,Data,442,34,-27,920,2,0,0,0,0,0,0,1,0,0
1521,2026-06-26T09:46:38.481828000Z,S1G Beacon,61,34,-27,920,3,1,,,,,,,0,0
1522,2026-06-26T09:46:38.544285000Z,Data,452,34,-27,920,2,0,0,0,0,0,0,1,0,0
1523,2026-06-26T09:46:38.659070000Z,Authentication,166,34,-59,920,0,11,0,0,0,0,0,0,0,0
1524,2026-06-26T09:46:38.888454000Z,Authentication,166,34,-60,920,0,11,0,0,0,0,0,0,0,0
1525,2026-06-26T09:46:38.905454000Z,Authentication,166,34,-19,920,0,11,0,0,0,0,0,0,720,0
1526,2026-06-26T09:46:38.912121000Z,Authentication,166,34,-19,920,0,11,0,0,1,0,0,0,720,0
1527,2026-06-26T09:46:38.918737000Z,Authentication,166,34,-19,920,0,11,0,0,1,0,0,0,720,0
1528,2026-06-26T09:46:39.150598000Z,Authentication,166,34,-60,920,0,11,0,0,0,0,0,0,0,0
1529,2026-06-26T09:46:39.165273000Z,Authentication,166,34,-19,920,0,11,0,0,0,0,0,0,720,0
1530,2026-06-26T09:46:39.171993000Z,Authentication,166,34,-20,920,0,11,0,0,1,0,0,0,720,0
1531,2026-06-26T09:46:39.178400000Z,Authentication,166,34,-19,920,0,11,0,0,1,0,0,0,720,0
1532,2026-06-26T09:46:39.184809000Z,Authentication,166,34,-19,920,0,11,0,0,1,0,0,0,720,0
1533,2026-06-26T09:46:39.302836000Z,S1G Beacon,129,34,-20,920,3,1,,,,,,,0,0
1534,2026-06-26T09:46:39.339820000Z,Data,287,34,-20,920,2,0,0,0,0,0,0,1,0,0
1535,2026-06-26T09:46:39.642138000Z,Authentication,166,34,-58,920,0,11,0,0,0,0,0,0,0,0
1536,2026-06-26T09:46:39.653159000Z,Authentication,166,34,-19,920,0,11,0,0,0,0,0,0,720,0
1537,2026-06-26T09:46:39.666129000Z,Authentication,166,34,-22,920,0,11,0,0,1,0,0,0,720,0
1538,2026-06-26T09:46:39.672806000Z,Authentication,166,34,-20,920,0,11,0,0,1,0,0,0,720,0
1539,2026-06-26T09:46:39.904284000Z,Authentication,166,34,-59,920,0,11,0,0,0,0,0,0,0,0
1540,2026-06-26T09:46:39.915319000Z,Authentication,166,34,-19,920,0,11,0,0,0,0,0,0,720,0
1541,2026-06-26T09:46:39.921772000Z,Authentication,166,34,-19,920,0,11,0,0,1,0,0,0,720,0
1542,2026-06-26T09:46:39.928488000Z,Authentication,166,34,-21,920,0,11,0,0,1,0,0,0,720,0
1543,2026-06-26T09:46:40.120269000Z,S1G Beacon,61,34,-22,920,3,1,,,,,,,0,0
1544,2026-06-26T09:46:40.166425000Z,Authentication,166,34,-60,920,0,11,0,0,0,0,0,0,0,0
1545,2026-06-26T09:46:40.395805000Z,Authentication,166,34,-60,920,0,11,0,0,0,0,0,0,0,0
1546,2026-06-26T09:46:40.405335000Z,Authentication,166,34,-28,920,0,11,0,0,0,0,0,0,720,0
1547,2026-06-26T09:46:40.411797000Z,Authentication,166,34,-28,920,0,11,0,0,1,0,0,0,720,0
1548,2026-06-26T09:46:40.418413000Z,Authentication,166,34,-30,920,0,11,0,0,1,0,0,0,720,0
1549,2026-06-26T09:46:40.425134000Z,Authentication,166,34,-30,920,0,11,0,0,1,0,0,0,720,0
1550,2026-06-26T09:46:40.657965000Z,Authentication,166,34,-60,920,0,11,0,0,0,0,0,0,0,0
1551,2026-06-26T09:46:40.665546000Z,Authentication,166,34,-29,920,0,11,0,0,0,0,0,0,720,0
1552,2026-06-26T09:46:40.671014000Z,Authentication,166,34,-28,920,0,11,0,0,1,0,0,0,720,0
1553,2026-06-26T09:46:40.677627000Z,Authentication,166,34,-28,920,0,11,0,0,1,0,0,0,720,0
1554,2026-06-26T09:46:40.684033000Z,Authentication,166,34,-28,920,0,11,0,0,1,0,0,0,720,0
1555,2026-06-26T09:46:40.744537000Z,QoS Data,149,34,-19,920,2,8,1,0,0,0,0,1,720,0
1557,2026-06-26T09:46:40.746947000Z,QoS Data,149,34,-31,920,2,8,0,0,0,0,0,1,720,0
1559,2026-06-26T09:46:40.752909000Z,QoS Data,131,34,-17,920,2,8,1,0,0,0,0,1,720,0
1561,2026-06-26T09:46:40.755107000Z,QoS Data,131,34,-30,920,2,8,0,0,0,0,0,1,720,0
1563,2026-06-26T09:46:40.789308000Z,QoS Data,128,34,-19,920,2,8,1,0,0,0,0,1,720,0
1565,2026-06-26T09:46:40.920103000Z,Authentication,166,34,-62,920,0,11,0,0,0,0,0,0,0,0
1566,2026-06-26T09:46:40.935251000Z,Authentication,166,34,-22,920,0,11,0,0,0,0,0,0,720,0
1567,2026-06-26T09:46:40.945879000Z,Authentication,166,34,-23,920,0,11,0,0,1,0,0,0,720,0
1568,2026-06-26T09:46:40.952556000Z,Authentication,166,34,-22,920,0,11,0,0,1,0,0,0,720,0
1569,2026-06-26T09:46:41.149485000Z,Authentication,166,34,-60,920,0,11,0,0,0,0,0,0,0,0
1570,2026-06-26T09:46:41.161094000Z,Authentication,166,34,-29,920,0,11,0,0,0,0,0,0,720,0
1571,2026-06-26T09:46:41.167760000Z,Authentication,166,34,-27,920,0,11,0,0,1,0,0,0,720,0
1572,2026-06-26T09:46:41.174481000Z,Authentication,166,34,-27,920,0,11,0,0,1,0,0,0,720,0
1573,2026-06-26T09:46:41.181047000Z,Authentication,166,34,-28,920,0,11,0,0,1,0,0,0,720,0
1574,2026-06-26T09:46:41.411683000Z,Authentication,166,34,-59,920,0,11,0,0,0,0,0,0,0,0
1575,2026-06-26T09:46:41.425351000Z,Authentication,166,34,-30,920,0,11,0,0,0,0,0,0,720,0
1576,2026-06-26T09:46:41.432128000Z,Authentication,166,34,-31,920,0,11,0,0,1,0,0,0,720,0
1577,2026-06-26T09:46:41.438536000Z,Authentication,166,34,-31,920,0,11,0,0,1,0,0,0,720,0
1578,2026-06-26T09:46:41.445042000Z,Authentication,166,34,-31,920,0,11,0,0,1,0,0,0,720,0
1579,2026-06-26T09:46:41.673793000Z,Authentication,166,34,-59,920,0,11,0,0,0,0,0,0,0,0
1580,2026-06-26T09:46:41.758717000Z,S1G Beacon,61,34,-19,920,3,1,,,,,,,0,0
1581,2026-06-26T09:46:41.903167000Z,Authentication,166,34,-60,920,0,11,0,0,0,0,0,0,0,0
1582,2026-06-26T09:46:41.915412000Z,Authentication,166,34,-22,920,0,11,0,0,0,0,0,0,720,0
1583,2026-06-26T09:46:41.928015000Z,Authentication,166,34,-23,920,0,11,0,0,1,0,0,0,720,0
1584,2026-06-26T09:46:42.165325000Z,Authentication,166,34,-60,920,0,11,0,0,0,0,0,0,0,0
1585,2026-06-26T09:46:42.175363000Z,Authentication,166,34,-22,920,0,11,0,0,0,0,0,0,720,0
1586,2026-06-26T09:46:42.188588000Z,Authentication,166,34,-23,920,0,11,0,0,1,0,0,0,720,0
1587,2026-06-26T09:46:42.363972000Z,Data,287,34,-21,920,2,0,0,0,0,0,0,1,0,0
1588,2026-06-26T09:46:42.427463000Z,Authentication,166,34,-60,920,0,11,0,0,0,0,0,0,0,0
1589,2026-06-26T09:46:42.446718000Z,Authentication,166,34,-28,920,0,11,0,0,0,0,0,0,720,0
1590,2026-06-26T09:46:42.453126000Z,Authentication,166,34,-26,920,0,11,0,0,1,0,0,0,720,0
1591,2026-06-26T09:46:42.459794000Z,Authentication,166,34,-25,920,0,11,0,0,1,0,0,0,720,0
1592,2026-06-26T09:46:42.656869000Z,Authentication,166,34,-61,920,0,11,0,0,0,0,0,0,0,0
1593,2026-06-26T09:46:42.918995000Z,Authentication,166,34,-59,920,0,11,0,0,0,0,0,0,0,0
1594,2026-06-26T09:46:42.935391000Z,Authentication,166,34,-17,920,0,11,0,0,0,0,0,0,720,0
1595,2026-06-26T09:46:42.941900000Z,Authentication,166,34,-17,920,0,11,0,0,1,0,0,0,720,0
1596,2026-06-26T09:46:42.948306000Z,Authentication,166,34,-16,920,0,11,0,0,1,0,0,0,720,0
1597,2026-06-26T09:46:42.953361000Z,Authentication,166,34,-18,920,0,11,0,0,1,0,0,0,720,0
1598,2026-06-26T09:46:43.195602000Z,Authentication,166,34,-20,920,0,11,0,0,0,0,0,0,720,0
1599,2026-06-26T09:46:43.202317000Z,Authentication,166,34,-20,920,0,11,0,0,1,0,0,0,720,0
1600,2026-06-26T09:46:43.207891000Z,Authentication,166,34,-20,920,0,11,0,0,1,0,0,0,720,0
1601,2026-06-26T09:46:43.397155000Z,S1G Beacon,61,34,-28,920,3,1,,,,,,,0,0
1602,2026-06-26T09:46:43.410520000Z,Authentication,166,34,-63,920,0,11,0,0,0,0,0,0,0,0
1603,2026-06-26T09:46:43.425406000Z,Authentication,166,34,-26,920,0,11,0,0,0,0,0,0,720,0
1604,2026-06-26T09:46:43.438690000Z,Authentication,166,34,-25,920,0,11,0,0,1,0,0,0,720,0
1605,2026-06-26T09:46:43.672706000Z,Authentication,166,34,-59,920,0,11,0,0,0,0,0,0,0,0
1606,2026-06-26T09:46:43.934827000Z,Authentication,166,34,-59,920,0,11,0,0,0,0,0,0,0,0
1607,2026-06-26T09:46:43.950914000Z,Authentication,166,34,-21,920,0,11,0,0,1,0,0,0,720,0
1608,2026-06-26T09:46:43.957377000Z,Authentication,166,34,-19,920,0,11,0,0,1,0,0,0,720,0
1609,2026-06-26T09:46:43.964045000Z,Authentication,166,34,-20,920,0,11,0,0,1,0,0,0,720,0
1610,2026-06-26T09:46:44.174451000Z,Authentication,166,34,-60,920,0,11,0,0,0,0,0,0,0,0
1611,2026-06-26T09:46:44.185655000Z,Authentication,166,34,-19,920,0,11,0,0,0,0,0,0,720,0
1612,2026-06-26T09:46:44.192165000Z,Authentication,166,34,-19,920,0,11,0,0,1,0,0,0,720,0
1613,2026-06-26T09:46:44.205188000Z,Authentication,166,34,-20,920,0,11,0,0,1,0,0,0,720,0
1614,2026-06-26T09:46:44.289326000Z,S1G Beacon,129,34,-19,920,3,1,,,,,,,0,0
1615,2026-06-26T09:46:44.426349000Z,Authentication,166,34,-59,920,0,11,0,0,0,0,0,0,0,0
1616,2026-06-26T09:46:44.688516000Z,Authentication,166,34,-60,920,0,11,0,0,0,0,0,0,0,0
1617,2026-06-26T09:46:44.712150000Z,Authentication,166,34,-22,920,0,11,0,0,1,0,0,0,720,0
1618,2026-06-26T09:46:44.723852000Z,Authentication,166,34,-23,920,0,11,0,0,1,0,0,0,720,0
1619,2026-06-26T09:46:44.944513000Z,Authentication,166,34,-60,920,0,11,0,0,0,0,0,0,0,0
1620,2026-06-26T09:46:44.955627000Z,Authentication,166,34,-19,920,0,11,0,0,0,0,0,0,720,0
1621,2026-06-26T09:46:44.962200000Z,Authentication,166,34,-20,920,0,11,0,0,1,0,0,0,720,0
1622,2026-06-26T09:46:44.968961000Z,Authentication,166,34,-20,920,0,11,0,0,1,0,0,0,720,0
1623,2026-06-26T09:46:44.975730000Z,Authentication,166,34,-19,920,0,11,0,0,1,0,0,0,720,0
1624,2026-06-26T09:46:45.180028000Z,Authentication,166,34,-60,920,0,11,0,0,0,0,0,0,0,0
1625,2026-06-26T09:46:45.387995000Z,Data,287,34,-19,920,2,0,0,0,0,0,0,1,0,0
1626,2026-06-26T09:46:45.442176000Z,Authentication,166,34,-59,920,0,11,0,0,0,0,0,0,0,0
1627,2026-06-26T09:46:45.685894000Z,Authentication,166,34,-59,920,0,11,0,0,0,0,0,0,0,0
1628,2026-06-26T09:46:45.701875000Z,Authentication,166,34,-21,920,0,11,0,0,1,0,0,0,720,0
1629,2026-06-26T09:46:45.708541000Z,Authentication,166,34,-19,920,0,11,0,0,1,0,0,0,720,0
1630,2026-06-26T09:46:45.767563000Z,QoS Data,149,34,-27,920,2,8,1,0,0,0,0,1,720,0
1632,2026-06-26T09:46:45.776731000Z,QoS Data,131,34,-16,920,2,8,1,0,0,0,0,1,720,0
1633,2026-06-26T09:46:45.778992000Z,QoS Data,131,34,-27,920,2,8,0,0,0,0,0,1,720,0
1636,2026-06-26T09:46:45.933716000Z,Authentication,166,34,-60,920,0,11,0,0,0,0,0,0,0,0
1637,2026-06-26T09:46:45.945641000Z,Authentication,166,34,-28,920,0,11,0,0,0,0,0,0,720,0
1638,2026-06-26T09:46:45.952400000Z,Authentication,166,34,-27,920,0,11,0,0,1,0,0,0,720,0
1639,2026-06-26T09:46:45.959124000Z,Authentication,166,34,-26,920,0,11,0,0,1,0,0,0,720,0
1640,2026-06-26T09:46:45.965891000Z,Authentication,166,34,-28,920,0,11,0,0,1,0,0,0,720,0
1641,2026-06-26T09:46:46.010450000Z,Disassociation,64,34,-27,920,0,10,0,0,0,0,0,0,720,0
1642,2026-06-26T09:46:46.014342000Z,Disassociation,64,34,-28,920,0,10,0,0,1,0,0,0,720,0
1643,2026-06-26T09:46:46.018134000Z,Disassociation,64,34,-27,920,0,10,0,0,1,0,0,0,720,0
1644,2026-06-26T09:46:46.021978000Z,Disassociation,64,34,-26,920,0,10,0,0,1,0,0,0,720,0
1645,2026-06-26T09:46:46.195873000Z,Authentication,166,34,-59,920,0,11,0,0,0,0,0,0,0,0
1646,2026-06-26T09:46:46.458011000Z,Authentication,166,34,-60,920,0,11,0,0,0,0,0,0,0,0
1647,2026-06-26T09:46:46.465452000Z,Authentication,166,34,-27,920,0,11,0,0,0,0,0,0,720,0
1648,2026-06-26T09:46:46.472009000Z,Authentication,166,34,-28,920,0,11,0,0,1,0,0,0,720,0
1649,2026-06-26T09:46:46.478779000Z,Authentication,166,34,-26,920,0,11,0,0,1,0,0,0,720,0
1650,2026-06-26T09:46:46.485503000Z,Authentication,166,34,-27,920,0,11,0,0,1,0,0,0,720,0
1651,2026-06-26T09:46:46.674062000Z,S1G Beacon,61,34,-27,920,3,1,,,,,,,0,0
1652,2026-06-26T09:46:46.687386000Z,Authentication,166,34,-61,920,0,11,0,0,0,0,0,0,0,0
1653,2026-06-26T09:46:46.701864000Z,Authentication,166,34,-25,920,0,11,0,0,1,0,0,0,720,0
1654,2026-06-26T09:46:46.708426000Z,Authentication,166,34,-27,920,0,11,0,0,1,0,0,0,720,0
1655,2026-06-26T09:46:46.715044000Z,Authentication,166,34,-26,920,0,11,0,0,1,0,0,0,720,0
1656,2026-06-26T09:46:46.949553000Z,Authentication,166,34,-61,920,0,11,0,0,0,0,0,0,0,0
1658,2026-06-26T09:46:47.211691000Z,Authentication,166,34,-60,920,0,11,0,0,0,0,0,0,0,0
1659,2026-06-26T09:46:47.445163000Z,Authentication,166,34,-60,920,0,11,0,0,0,0,0,0,0,0
1660,2026-06-26T09:46:47.455473000Z,Authentication,166,34,-27,920,0,11,0,0,0,0,0,0,720,0
1661,2026-06-26T09:46:47.461359000Z,Authentication,166,34,-26,920,0,11,0,0,1,0,0,0,720,0
1662,2026-06-26T09:46:47.467918000Z,Authentication,166,34,-28,920,0,11,0,0,1,0,0,0,720,0
1663,2026-06-26T09:46:47.474540000Z,Authentication,166,34,-27,920,0,11,0,0,1,0,0,0,720,0
1664,2026-06-26T09:46:47.495088000Z,S1G Beacon,129,34,-28,920,3,1,,,,,,,0,0
1665,2026-06-26T09:46:47.703212000Z,Authentication,166,34,-60,920,0,11,0,0,0,0,0,0,0,0
1666,2026-06-26T09:46:47.715554000Z,Authentication,166,34,-27,920,0,11,0,0,0,0,0,0,720,0
1667,2026-06-26T09:46:47.722064000Z,Authentication,166,34,-27,920,0,11,0,0,1,0,0,0,720,0
1668,2026-06-26T09:46:47.728573000Z,Authentication,166,34,-28,920,0,11,0,0,1,0,0,0,720,0
1669,2026-06-26T09:46:47.735191000Z,Authentication,166,34,-28,920,0,11,0,0,1,0,0,0,720,0
1670,2026-06-26T09:46:47.965368000Z,Authentication,166,34,-60,920,0,11,0,0,0,0,0,0,0,0
1671,2026-06-26T09:46:48.200894000Z,Authentication,166,34,-59,920,0,11,0,0,0,0,0,0,0,0
1672,2026-06-26T09:46:48.208227000Z,Authentication,166,34,-27,920,0,11,0,0,0,0,0,0,720,0
1673,2026-06-26T09:46:48.213756000Z,Authentication,166,34,-26,920,0,11,0,0,1,0,0,0,720,0
1674,2026-06-26T09:46:48.220423000Z,Authentication,166,34,-26,920,0,11,0,0,1,0,0,0,720,0
1675,2026-06-26T09:46:48.227195000Z,Authentication,166,34,-27,920,0,11,0,0,1,0,0,0,720,0
1676,2026-06-26T09:46:48.312529000Z,S1G Beacon,61,34,-28,920,3,1,,,,,,,0,0
1677,2026-06-26T09:46:48.412050000Z,Data,287,34,-27,920,2,0,0,0,0,0,0,1,0,0
1678,2026-06-26T09:46:48.456888000Z,Authentication,166,34,-60,920,0,11,0,0,0,0,0,0,0,0
1679,2026-06-26T09:46:48.465519000Z,Authentication,166,34,-27,920,0,11,0,0,0,0,0,0,720,0
1680,2026-06-26T09:46:48.472029000Z,Authentication,166,34,-27,920,0,11,0,0,1,0,0,0,720,0
1681,2026-06-26T09:46:48.478539000Z,Authentication,166,34,-28,920,0,11,0,0,1,0,0,0,720,0
1682,2026-06-26T09:46:48.484998000Z,Authentication,166,34,-28,920,0,11,0,0,1,0,0,0,720,0
1683,2026-06-26T09:46:48.719040000Z,Authentication,166,34,-59,920,0,11,0,0,0,0,0,0,0,0
1684,2026-06-26T09:46:48.735708000Z,Authentication,166,34,-22,920,0,11,0,0,1,0,0,0,720,0
1685,2026-06-26T09:46:48.748573000Z,Authentication,166,34,-20,920,0,11,0,0,1,0,0,0,720,0
1686,2026-06-26T09:46:48.975066000Z,Authentication,166,34,-59,920,0,11,0,0,0,0,0,0,0,0
1687,2026-06-26T09:46:48.985480000Z,Authentication,166,34,-18,920,0,11,0,0,0,0,0,0,720,0
1688,2026-06-26T09:46:48.991991000Z,Authentication,166,34,-19,920,0,11,0,0,1,0,0,0,720,0
1689,2026-06-26T09:46:48.998555000Z,Authentication,166,34,-20,920,0,11,0,0,1,0,0,0,720,0
1690,2026-06-26T09:46:49.005066000Z,Authentication,166,34,-20,920,0,11,0,0,1,0,0,0,720,0
1691,2026-06-26T09:46:49.133548000Z,S1G Beacon,129,34,-37,920,3,1,,,,,,,0,0
1692,2026-06-26T09:46:49.210572000Z,Authentication,166,34,-59,920,0,11,0,0,0,0,0,0,0,0
1693,2026-06-26T09:46:49.472741000Z,Authentication,166,34,-61,920,0,11,0,0,0,0,0,0,0,0
1694,2026-06-26T09:46:49.734871000Z,Authentication,166,34,-59,920,0,11,0,0,0,0,0,0,0,0
1695,2026-06-26T09:46:49.745548000Z,Authentication,166,34,-16,920,0,11,0,0,0,0,0,0,720,0
1696,2026-06-26T09:46:49.752260000Z,Authentication,166,34,-16,920,0,11,0,0,1,0,0,0,720,0
1697,2026-06-26T09:46:49.758773000Z,Authentication,166,34,-17,920,0,11,0,0,1,0,0,0,720,0
1698,2026-06-26T09:46:49.765231000Z,Authentication,166,34,-16,920,0,11,0,0,1,0,0,0,720,0
1699,2026-06-26T09:46:49.950992000Z,S1G Beacon,61,34,-16,920,3,1,,,,,,,0,0
1701,2026-06-26T09:46:49.975548000Z,Authentication,166,34,-16,920,0,11,0,0,0,0,0,0,720,0
1702,2026-06-26T09:46:49.988664000Z,Authentication,166,34,-18,920,0,11,0,0,1,0,0,0,720,0
1703,2026-06-26T09:46:49.995284000Z,Authentication,166,34,-17,920,0,11,0,0,1,0,0,0,720,0
1704,2026-06-26T09:46:50.226407000Z,Authentication,166,34,-62,920,0,11,0,0,0,0,0,0,0,0
1705,2026-06-26T09:46:50.235755000Z,Authentication,166,34,-18,920,0,11,0,0,0,0,0,0,720,0
1706,2026-06-26T09:46:50.242211000Z,Authentication,166,34,-17,920,0,11,0,0,1,0,0,0,720,0
1707,2026-06-26T09:46:50.248622000Z,Authentication,166,34,-18,920,0,11,0,0,1,0,0,0,720,0
1708,2026-06-26T09:46:50.255291000Z,Authentication,166,34,-17,920,0,11,0,0,1,0,0,0,720,0
1709,2026-06-26T09:46:50.488563000Z,Authentication,166,34,-61,920,0,11,0,0,0,0,0,0,0,0
1710,2026-06-26T09:46:50.729189000Z,Authentication,166,34,-61,920,0,11,0,0,0,0,0,0,0,0
1711,2026-06-26T09:46:50.745479000Z,Authentication,166,34,-20,920,0,11,0,0,0,0,0,0,720,0
1712,2026-06-26T09:46:50.758761000Z,Authentication,166,34,-22,920,0,11,0,0,1,0,0,0,720,0
1713,2026-06-26T09:46:50.765168000Z,Authentication,166,34,-21,920,0,11,0,0,1,0,0,0,720,0
1714,2026-06-26T09:46:50.792492000Z,QoS Data,150,34,-27,920,2,8,1,0,0,0,0,1,720,0
1715,2026-06-26T09:46:50.796789000Z,S1G Beacon,129,34,-23,920,3,1,,,,,,,0,0
1716,2026-06-26T09:46:50.798133000Z,QoS Data,150,34,-29,920,2,8,0,0,0,0,0,1,720,0
1718,2026-06-26T09:46:50.804200000Z,QoS Data,131,34,-16,920,2,8,1,0,0,0,0,1,720,0
1720,2026-06-26T09:46:50.980099000Z,Authentication,166,34,-61,920,0,11,0,0,0,0,0,0,0,0
1721,2026-06-26T09:46:51.002164000Z,Authentication,166,34,-23,920,0,11,0,0,1,0,0,0,720,0
1722,2026-06-26T09:46:51.015279000Z,Authentication,166,34,-22,920,0,11,0,0,1,0,0,0,720,0
1723,2026-06-26T09:46:51.036848000Z,QoS Data,128,34,-29,920,2,8,1,0,0,0,0,1,720,0
1725,2026-06-26T09:46:51.041925000Z,QoS Data,128,34,-26,920,2,8,0,0,1,0,0,1,720,0
1727,2026-06-26T09:46:51.242228000Z,Authentication,166,34,-60,920,0,11,0,0,0,0,0,0,0,0
1728,2026-06-26T09:46:51.255553000Z,Authentication,166,34,-17,920,0,11,0,0,0,0,0,0,720,0
1729,2026-06-26T09:46:51.262323000Z,Authentication,166,34,-19,920,0,11,0,0,1,0,0,0,720,0
1730,2026-06-26T09:46:51.268938000Z,Authentication,166,34,-17,920,0,11,0,0,1,0,0,0,720,0
1731,2026-06-26T09:46:51.275453000Z,Authentication,166,34,-17,920,0,11,0,0,1,0,0,0,720,0
1732,2026-06-26T09:46:51.436365000Z,Data,287,34,-16,920,2,0,0,0,0,0,0,1,0,0
1733,2026-06-26T09:46:51.504380000Z,Authentication,166,34,-59,920,0,11,0,0,0,0,0,0,0,0
1734,2026-06-26T09:46:51.515572000Z,Authentication,166,34,-18,920,0,11,0,0,0,0,0,0,720,0
1735,2026-06-26T09:46:51.522134000Z,Authentication,166,34,-16,920,0,11,0,0,1,0,0,0,720,0
1736,2026-06-26T09:46:51.528748000Z,Authentication,166,34,-18,920,0,11,0,0,1,0,0,0,720,0
1737,2026-06-26T09:46:51.535363000Z,Authentication,166,34,-17,920,0,11,0,0,1,0,0,0,720,0
1738,2026-06-26T09:46:51.589413000Z,S1G Beacon,61,34,-18,920,3,1,,,,,,,0,0
1739,2026-06-26T09:46:51.733754000Z,Authentication,166,34,-61,920,0,11,0,0,0,0,0,0,0,0
1740,2026-06-26T09:46:51.995933000Z,Authentication,166,34,-62,920,0,11,0,0,0,0,0,0,0,0
1741,2026-06-26T09:46:52.258067000Z,Authentication,166,34,-62,920,0,11,0,0,0,0,0,0,0,0
1742,2026-06-26T09:46:52.410439000Z,S1G Beacon,129,34,-19,920,3,1,,,,,,,0,0
1743,2026-06-26T09:46:52.494610000Z,Authentication,166,34,-60,920,0,11,0,0,0,0,0,0,0,0
1744,2026-06-26T09:46:52.749591000Z,Authentication,166,34,-60,920,0,11,0,0,0,0,0,0,0,0
1745,2026-06-26T09:46:53.011744000Z,Authentication,166,34,-60,920,0,11,0,0,0,0,0,0,0,0
1746,2026-06-26T09:46:53.025582000Z,Authentication,166,34,-20,920,0,11,0,0,0,0,0,0,720,0
1747,2026-06-26T09:46:53.032004000Z,Authentication,166,34,-20,920,0,11,0,0,1,0,0,0,720,0
1748,2026-06-26T09:46:53.038401000Z,Authentication,166,34,-19,920,0,11,0,0,1,0,0,0,720,0
1749,2026-06-26T09:46:53.045019000Z,Authentication,166,34,-19,920,0,11,0,0,1,0,0,0,720,0
1750,2026-06-26T09:46:53.247266000Z,Authentication,166,34,-59,920,0,11,0,0,0,0,0,0,0,0
1751,2026-06-26T09:46:53.503269000Z,Authentication,166,34,-60,920,0,11,0,0,0,0,0,0,0,0
1752,2026-06-26T09:46:53.765416000Z,Authentication,166,34,-60,920,0,11,0,0,0,0,0,0,0,0
1753,2026-06-26T09:46:54.006063000Z,Authentication,166,34,-61,920,0,11,0,0,0,0,0,0,0,0
1754,2026-06-26T09:46:54.022154000Z,Authentication,166,34,-21,920,0,11,0,0,1,0,0,0,720,0
1755,2026-06-26T09:46:54.028926000Z,Authentication,166,34,-20,920,0,11,0,0,1,0,0,0,720,0
1756,2026-06-26T09:46:54.035434000Z,Authentication,166,34,-19,920,0,11,0,0,1,0,0,0,720,0
1757,2026-06-26T09:46:54.197264000Z,S1G Beacon,129,34,-21,920,3,1,,,,,,,0,0
1758,2026-06-26T09:46:54.256949000Z,Authentication,166,34,-60,920,0,11,0,0,0,0,0,0,0,0
1759,2026-06-26T09:46:54.519108000Z,Authentication,166,34,-60,920,0,11,0,0,0,0,0,0,0,0
1760,2026-06-26T09:46:54.525870000Z,Authentication,166,34,-19,920,0,11,0,0,0,0,0,0,720,0
1761,2026-06-26T09:46:54.531395000Z,Authentication,166,34,-19,920,0,11,0,0,1,0,0,0,720,0
1762,2026-06-26T09:46:54.538109000Z,Authentication,166,34,-19,920,0,11,0,0,1,0,0,0,720,0
1763,2026-06-26T09:46:54.544776000Z,Authentication,166,34,-19,920,0,11,0,0,1,0,0,0,720,0
1764,2026-06-26T09:46:54.772033000Z,Authentication,166,34,-59,920,0,11,0,0,0,0,0,0,0,0
1765,2026-06-26T09:46:54.785614000Z,Authentication,166,34,-20,920,0,11,0,0,0,0,0,0,720,0
1766,2026-06-26T09:46:54.792281000Z,Authentication,166,34,-20,920,0,11,0,0,1,0,0,0,720,0
1767,2026-06-26T09:46:54.805511000Z,Authentication,166,34,-19,920,0,11,0,0,1,0,0,0,720,0
1768,2026-06-26T09:46:54.866315000Z,S1G Beacon,61,34,-21,920,3,1,,,,,,,0,0
1769,2026-06-26T09:46:55.010625000Z,Authentication,166,34,-61,920,0,11,0,0,0,0,0,0,0,0
1770,2026-06-26T09:46:55.272797000Z,Authentication,166,34,-60,920,0,11,0,0,0,0,0,0,0,0
1771,2026-06-26T09:46:55.534927000Z,Authentication,166,34,-60,920,0,11,0,0,0,0,0,0,0,0
1772,2026-06-26T09:46:55.545649000Z,Authentication,166,34,-19,920,0,11,0,0,0,0,0,0,720,0
1773,2026-06-26T09:46:55.552210000Z,Authentication,166,34,-18,920,0,11,0,0,1,0,0,0,720,0
1774,2026-06-26T09:46:55.558616000Z,Authentication,166,34,-19,920,0,11,0,0,1,0,0,0,720,0
1775,2026-06-26T09:46:55.565128000Z,Authentication,166,34,-18,920,0,11,0,0,1,0,0,0,720,0
1776,2026-06-26T09:46:55.687347000Z,S1G Beacon,129,34,-20,920,3,1,,,,,,,0,0
1777,2026-06-26T09:46:55.772495000Z,Authentication,166,34,-60,920,0,11,0,0,0,0,0,0,0,0
1778,2026-06-26T09:46:55.785668000Z,Authentication,166,34,-19,920,0,11,0,0,0,0,0,0,720,0
1779,2026-06-26T09:46:55.792073000Z,Authentication,166,34,-19,920,0,11,0,0,1,0,0,0,720,0
1780,2026-06-26T09:46:55.798581000Z,Authentication,166,34,-19,920,0,11,0,0,1,0,0,0,720,0
1781,2026-06-26T09:46:55.804988000Z,Authentication,166,34,-19,920,0,11,0,0,1,0,0,0,720,0
1782,2026-06-26T09:46:55.817855000Z,QoS Data,148,34,-19,920,2,8,1,0,0,0,0,1,720,0
1784,2026-06-26T09:46:55.820430000Z,QoS Data,148,34,-27,920,2,8,0,0,0,0,0,1,720,0
1786,2026-06-26T09:46:55.826238000Z,QoS Data,131,34,-15,920,2,8,1,0,0,0,0,1,720,0
1788,2026-06-26T09:46:55.828969000Z,QoS Data,131,34,-27,920,2,8,0,0,0,0,0,1,720,0
1791,2026-06-26T09:46:56.026454000Z,Authentication,166,34,-60,920,0,11,0,0,0,0,0,0,0,0
1792,2026-06-26T09:46:56.036839000Z,QoS Data,128,34,-19,920,2,8,1,0,0,0,0,1,720,0
1794,2026-06-26T09:46:56.039752000Z,QoS Data,128,34,-27,920,2,8,0,0,0,0,0,1,720,0
1796,2026-06-26T09:46:56.288620000Z,Authentication,166,34,-63,920,0,11,0,0,0,0,0,0,0,0
1797,2026-06-26T09:46:56.305566000Z,Authentication,166,34,-19,920,0,11,0,0,0,0,0,0,720,0
1798,2026-06-26T09:46:56.311971000Z,Authentication,166,34,-19,920,0,11,0,0,1,0,0,0,720,0
1799,2026-06-26T09:46:56.318600000Z,Authentication,166,34,-19,920,0,11,0,0,1,0,0,0,720,0
1800,2026-06-26T09:46:56.325151000Z,Authentication,166,34,-20,920,0,11,0,0,1,0,0,0,720,0
1801,2026-06-26T09:46:56.504771000Z,S1G Beacon,61,34,-19,920,3,1,,,,,,,0,0
1802,2026-06-26T09:46:56.549723000Z,Authentication,166,34,-60,920,0,11,0,0,0,0,0,0,0,0
1803,2026-06-26T09:46:56.810860000Z,Authentication,166,34,-61,920,0,11,0,0,0,0,0,0,0,0
1804,2026-06-26T09:46:57.042285000Z,Authentication,166,34,-59,920,0,11,0,0,0,0,0,0,0,0
1805,2026-06-26T09:46:57.050354000Z,Authentication,166,34,-18,920,0,11,0,0,0,0,0,0,720,0
1806,2026-06-26T09:46:57.058066000Z,Authentication,166,34,-19,920,0,11,0,0,1,0,0,0,720,0
1807,2026-06-26T09:46:57.064633000Z,Authentication,166,34,-19,920,0,11,0,0,1,0,0,0,720,0
1808,2026-06-26T09:46:57.071354000Z,Authentication,166,34,-19,920,0,11,0,0,1,0,0,0,720,0
1809,2026-06-26T09:46:57.304451000Z,Authentication,166,34,-62,920,0,11,0,0,0,0,0,0,0,0
1810,2026-06-26T09:46:57.325796000Z,S1G Beacon,129,34,-19,920,3,1,,,,,,,0,0
1811,2026-06-26T09:46:57.484236000Z,Data,287,34,-18,920,2,0,0,0,0,0,0,1,0,0
1812,2026-06-26T09:46:57.566579000Z,Authentication,166,34,-60,920,0,11,0,0,0,0,0,0,0,0
1813,2026-06-26T09:46:57.575697000Z,Authentication,166,34,-18,920,0,11,0,0,0,0,0,0,720,0
1814,2026-06-26T09:46:57.582199000Z,Authentication,166,34,-19,920,0,11,0,0,1,0,0,0,720,0
1815,2026-06-26T09:46:57.587307000Z,Authentication,166,34,-18,920,0,11,0,0,1,0,0,0,720,0
1816,2026-06-26T09:46:57.593875000Z,Authentication,166,34,-18,920,0,11,0,0,1,0,0,0,720,0
1817,2026-06-26T09:46:57.811328000Z,Authentication,166,34,-64,920,0,11,0,0,0,0,0,0,0,0
1818,2026-06-26T09:46:57.825948000Z,Authentication,166,34,-19,920,0,11,0,0,0,0,0,0,720,0
1819,2026-06-26T09:46:57.832303000Z,Authentication,166,34,-19,920,0,11,0,0,1,0,0,0,720,0
1820,2026-06-26T09:46:57.838919000Z,Authentication,166,34,-19,920,0,11,0,0,1,0,0,0,720,0
1821,2026-06-26T09:46:57.845378000Z,Authentication,166,34,-19,920,0,11,0,0,1,0,0,0,720,0
1822,2026-06-26T09:46:58.058108000Z,Authentication,166,34,-63,920,0,11,0,0,0,0,0,0,0,0
1823,2026-06-26T09:46:58.075596000Z,Authentication,166,34,-18,920,0,11,0,0,0,0,0,0,720,0
1824,2026-06-26T09:46:58.082105000Z,Authentication,166,34,-20,920,0,11,0,0,1,0,0,0,720,0
1825,2026-06-26T09:46:58.088720000Z,Authentication,166,34,-18,920,0,11,0,0,1,0,0,0,720,0
1826,2026-06-26T09:46:58.095490000Z,Authentication,166,34,-19,920,0,11,0,0,1,0,0,0,720,0
1827,2026-06-26T09:46:58.143221000Z,S1G Beacon,61,34,-19,920,3,1,,,,,,,0,0
1828,2026-06-26T09:46:58.295330000Z,Data,378,34,-19,920,2,0,0,0,0,0,0,1,0,0
1829,2026-06-26T09:46:58.320269000Z,Authentication,166,34,-60,920,0,11,0,0,0,0,0,0,0,0
1830,2026-06-26T09:46:58.335730000Z,Authentication,166,34,-19,920,0,11,0,0,0,0,0,0,720,0
1831,2026-06-26T09:46:58.342400000Z,Authentication,166,34,-18,920,0,11,0,0,1,0,0,0,720,0
1832,2026-06-26T09:46:58.348908000Z,Authentication,166,34,-19,920,0,11,0,0,1,0,0,0,720,0
1833,2026-06-26T09:46:58.355626000Z,Authentication,166,34,-19,920,0,11,0,0,1,0,0,0,720,0
1834,2026-06-26T09:46:58.399102000Z,Data,387,34,-19,920,2,0,0,0,0,0,0,1,0,0
1835,2026-06-26T09:46:58.504856000Z,Data,450,34,-19,920,2,0,0,0,0,0,0,1,0,0
1836,2026-06-26T09:46:58.582408000Z,Authentication,166,34,-61,920,0,11,0,0,0,0,0,0,0,0
1837,2026-06-26T09:46:58.711201000Z,Data,387,34,-19,920,2,0,0,0,0,0,0,1,0,0
1838,2026-06-26T09:46:58.816088000Z,Data,426,34,-19,920,2,0,0,0,0,0,0,1,0,0
1839,2026-06-26T09:46:58.921064000Z,Data,458,34,-19,920,2,0,0,0,0,0,0,1,0,0
1840,2026-06-26T09:46:58.964248000Z,S1G Beacon,129,34,-19,920,3,1,,,,,,,0,0
1841,2026-06-26T09:46:59.023218000Z,Data,387,34,-17,920,2,0,0,0,0,0,0,1,0,0
1842,2026-06-26T09:46:59.073937000Z,Authentication,166,34,-60,920,0,11,0,0,0,0,0,0,0,0
1843,2026-06-26T09:46:59.128613000Z,Data,446,34,-19,920,2,0,0,0,0,0,0,1,0,0
1844,2026-06-26T09:46:59.232605000Z,Data,440,34,-18,920,2,0,0,0,0,0,0,1,0,0
1845,2026-06-26T09:46:59.335209000Z,Data,387,34,-16,920,2,0,0,0,0,0,0,1,0,0
1846,2026-06-26T09:46:59.440710000Z,Data,442,34,-16,920,2,0,0,0,0,0,0,1,0,0
1847,2026-06-26T09:46:59.544905000Z,Data,452,34,-16,920,2,0,0,0,0,0,0,1,0,0
1848,2026-06-26T09:46:59.572631000Z,Authentication,166,34,-63,920,0,11,0,0,0,0,0,0,0,0
1849,2026-06-26T09:46:59.585927000Z,Authentication,166,34,-15,920,0,11,0,0,0,0,0,0,720,0
1850,2026-06-26T09:46:59.592696000Z,Authentication,166,34,-17,920,0,11,0,0,1,0,0,0,720,0
1851,2026-06-26T09:46:59.599311000Z,Authentication,166,34,-16,920,0,11,0,0,1,0,0,0,720,0
1852,2026-06-26T09:46:59.605775000Z,Authentication,166,34,-16,920,0,11,0,0,1,0,0,0,720,0
1853,2026-06-26T09:46:59.781678000Z,S1G Beacon,61,34,-17,920,3,1,,,,,,,0,0
1854,2026-06-26T09:46:59.827615000Z,Authentication,166,34,-61,920,0,11,0,0,0,0,0,0,0,0
1855,2026-06-26T09:46:59.835739000Z,Authentication,166,34,-16,920,0,11,0,0,0,0,0,0,720,0
1856,2026-06-26T09:46:59.848972000Z,Authentication,166,34,-17,920,0,11,0,0,1,0,0,0,720,0
1857,2026-06-26T09:46:59.855748000Z,Authentication,166,34,-17,920,0,11,0,0,1,0,0,0,720,0
1858,2026-06-26T09:47:00.089766000Z,Authentication,166,34,-61,920,0,11,0,0,0,0,0,0,0,0
1860,2026-06-26T09:47:00.105761000Z,Authentication,166,34,-18,920,0,11,0,0,0,0,0,0,720,0
1861,2026-06-26T09:47:00.112477000Z,Authentication,166,34,-17,920,0,11,0,0,1,0,0,0,720,0
1862,2026-06-26T09:47:00.118933000Z,Authentication,166,34,-16,920,0,11,0,0,1,0,0,0,720,0
1863,2026-06-26T09:47:00.125449000Z,Authentication,166,34,-16,920,0,11,0,0,1,0,0,0,720,0
1864,2026-06-26T09:47:00.346810000Z,Authentication,166,34,-60,920,0,11,0,0,0,0,0,0,0,0
1865,2026-06-26T09:47:00.355969000Z,Authentication,166,34,-18,920,0,11,0,0,0,0,0,0,720,0
1866,2026-06-26T09:47:00.362628000Z,Authentication,166,34,-19,920,0,11,0,0,1,0,0,0,720,0
1867,2026-06-26T09:47:00.369397000Z,Authentication,166,34,-18,920,0,11,0,0,1,0,0,0,720,0
1868,2026-06-26T09:47:00.375958000Z,Authentication,166,34,-18,920,0,11,0,0,1,0,0,0,720,0
1869,2026-06-26T09:47:00.508660000Z,Data,287,34,-22,920,2,0,0,0,0,0,0,1,0,0
1870,2026-06-26T09:47:00.581293000Z,Authentication,166,34,-60,920,0,11,0,0,0,0,0,0,0,0
1871,2026-06-26T09:47:00.593475000Z,Authentication,166,34,-23,920,0,11,0,0,0,0,0,0,720,0
1872,2026-06-26T09:47:00.607284000Z,Authentication,166,34,-23,920,0,11,0,0,1,0,0,0,720,0
1873,2026-06-26T09:47:00.620256000Z,Authentication,166,34,-25,920,0,11,0,0,1,0,0,0,720,0
1874,2026-06-26T09:47:00.849410000Z,RTS,54,34,-15,920,1,11,,,,0,0,0,2488,0
1875,2026-06-26T09:47:00.853528000Z,RTS,54,34,-15,920,1,11,,,,0,0,0,2488,0
1876,2026-06-26T09:47:00.855299000Z,QoS Data,149,34,-21,920,2,8,1,0,1,0,0,1,720,0
1879,2026-06-26T09:47:00.865645000Z,QoS Data,131,34,-28,920,2,8,0,0,0,0,0,1,720,0
1881,2026-06-26T09:47:01.036944000Z,QoS Data,128,34,-18,920,2,8,1,0,0,0,0,1,720,0
1883,2026-06-26T09:47:01.038957000Z,QoS Data,128,34,-26,920,2,8,0,0,0,0,0,1,720,0
1885,2026-06-26T09:47:01.105591000Z,Authentication,166,34,-62,920,0,11,0,0,0,0,0,0,0,0
1886,2026-06-26T09:47:01.115799000Z,Authentication,166,34,-19,920,0,11,0,0,0,0,0,0,720,0
1887,2026-06-26T09:47:01.122256000Z,Authentication,166,34,-18,920,0,11,0,0,1,0,0,0,720,0
1888,2026-06-26T09:47:01.128768000Z,Authentication,166,34,-19,920,0,11,0,0,1,0,0,0,720,0
1889,2026-06-26T09:47:01.135332000Z,Authentication,166,34,-19,920,0,11,0,0,1,0,0,0,720,0
1890,2026-06-26T09:47:01.351372000Z,Authentication,166,34,-59,920,0,11,0,0,0,0,0,0,0,0
1891,2026-06-26T09:47:01.365777000Z,Authentication,166,34,-18,920,0,11,0,0,0,0,0,0,720,0
1892,2026-06-26T09:47:01.372289000Z,Authentication,166,34,-18,920,0,11,0,0,1,0,0,0,720,0
1893,2026-06-26T09:47:01.378747000Z,Authentication,166,34,-18,920,0,11,0,0,1,0,0,0,720,0
1894,2026-06-26T09:47:01.384326000Z,Authentication,166,34,-19,920,0,11,0,0,1,0,0,0,720,0
1895,2026-06-26T09:47:01.420117000Z,S1G Beacon,61,34,-18,920,3,1,,,,,,,0,0
1896,2026-06-26T09:47:01.597127000Z,Authentication,166,34,-60,920,0,11,0,0,0,0,0,0,0,0
1897,2026-06-26T09:47:01.605774000Z,Authentication,166,34,-17,920,0,11,0,0,0,0,0,0,720,0
1898,2026-06-26T09:47:01.612537000Z,Authentication,166,34,-17,920,0,11,0,0,1,0,0,0,720,0
1899,2026-06-26T09:47:01.619052000Z,Authentication,166,34,-18,920,0,11,0,0,1,0,0,0,720,0
1900,2026-06-26T09:47:01.625508000Z,Authentication,166,34,-16,920,0,11,0,0,1,0,0,0,720,0
1901,2026-06-26T09:47:01.859282000Z,Authentication,166,34,-60,920,0,11,0,0,0,0,0,0,0,0
1902,2026-06-26T09:47:01.875718000Z,Authentication,166,34,-17,920,0,11,0,0,0,0,0,0,720,0
1903,2026-06-26T09:47:01.882281000Z,Authentication,166,34,-18,920,0,11,0,0,1,0,0,0,720,0
1904,2026-06-26T09:47:01.888948000Z,Authentication,166,34,-17,920,0,11,0,0,1,0,0,0,720,0
1905,2026-06-26T09:47:01.895663000Z,Authentication,166,34,-19,920,0,11,0,0,1,0,0,0,720,0
1906,2026-06-26T09:47:02.121420000Z,Authentication,166,34,-59,920,0,11,0,0,0,0,0,0,0,0
1907,2026-06-26T09:47:02.135840000Z,Authentication,166,34,-18,920,0,11,0,0,0,0,0,0,720,0
1908,2026-06-26T09:47:02.142612000Z,Authentication,166,34,-17,920,0,11,0,0,1,0,0,0,720,0
1909,2026-06-26T09:47:02.149020000Z,Authentication,166,34,-17,920,0,11,0,0,1,0,0,0,720,0
1910,2026-06-26T09:47:02.155636000Z,Authentication,166,34,-18,920,0,11,0,0,1,0,0,0,720,0
1911,2026-06-26T09:47:02.241141000Z,S1G Beacon,129,34,-18,920,3,1,,,,,,,0,0
1912,2026-06-26T09:47:02.360018000Z,Authentication,166,34,-61,920,0,11,0,0,0,0,0,0,0,0
1913,2026-06-26T09:47:02.375785000Z,Authentication,166,34,-18,920,0,11,0,0,0,0,0,0,720,0
1914,2026-06-26T09:47:02.382189000Z,Authentication,166,34,-19,920,0,11,0,0,1,0,0,0,720,0
1915,2026-06-26T09:47:02.388959000Z,Authentication,166,34,-17,920,0,11,0,0,1,0,0,0,720,0
1916,2026-06-26T09:47:02.395436000Z,Authentication,166,34,-18,920,0,11,0,0,1,0,0,0,720,0
1917,2026-06-26T09:47:02.612957000Z,Authentication,166,34,-59,920,0,11,0,0,0,0,0,0,0,0
1918,2026-06-26T09:47:02.625808000Z,Authentication,166,34,-19,920,0,11,0,0,0,0,0,0,720,0
1919,2026-06-26T09:47:02.632320000Z,Authentication,166,34,-19,920,0,11,0,0,1,0,0,0,720,0
1920,2026-06-26T09:47:02.638932000Z,Authentication,166,34,-17,920,0,11,0,0,1,0,0,0,720,0
1921,2026-06-26T09:47:02.645445000Z,Authentication,166,34,-18,920,0,11,0,0,1,0,0,0,720,0
1922,2026-06-26T09:47:02.875114000Z,Authentication,166,34,-59,920,0,11,0,0,0,0,0,0,0,0
1923,2026-06-26T09:47:03.058569000Z,S1G Beacon,61,34,-19,920,3,1,,,,,,,0,0
1924,2026-06-26T09:47:03.121886000Z,Authentication,166,34,-59,920,0,11,0,0,0,0,0,0,0,0
1925,2026-06-26T09:47:03.366632000Z,Authentication,166,34,-60,920,0,11,0,0,0,0,0,0,0,0
1926,2026-06-26T09:47:03.375797000Z,Authentication,166,34,-27,920,0,11,0,0,0,0,0,0,720,0
1927,2026-06-26T09:47:03.382412000Z,Authentication,166,34,-27,920,0,11,0,0,1,0,0,0,720,0
1928,2026-06-26T09:47:03.389083000Z,Authentication,166,34,-28,920,0,11,0,0,1,0,0,0,720,0
1929,2026-06-26T09:47:03.395748000Z,Authentication,166,34,-28,920,0,11,0,0,1,0,0,0,720,0
1930,2026-06-26T09:47:03.532638000Z,Data,287,34,-22,920,2,0,0,0,0,0,0,1,0,0
1931,2026-06-26T09:47:03.628780000Z,Authentication,166,34,-60,920,0,11,0,0,0,0,0,0,0,0
1932,2026-06-26T09:47:03.879608000Z,S1G Beacon,129,34,-28,920,3,1,,,,,,,0,0
1933,2026-06-26T09:47:03.890927000Z,Authentication,166,34,-59,920,0,11,0,0,0,0,0,0,0,0
1934,2026-06-26T09:47:04.127478000Z,Authentication,166,34,-60,920,0,11,0,0,0,0,0,0,0,0
1935,2026-06-26T09:47:04.135862000Z,Authentication,166,34,-26,920,0,11,0,0,0,0,0,0,720,0
1936,2026-06-26T09:47:04.142426000Z,Authentication,166,34,-27,920,0,11,0,0,1,0,0,0,720,0
1937,2026-06-26T09:47:04.155451000Z,Authentication,166,34,-25,920,0,11,0,0,1,0,0,0,720,0
1938,2026-06-26T09:47:04.382458000Z,Authentication,166,34,-59,920,0,11,0,0,0,0,0,0,0,0
1939,2026-06-26T09:47:04.395112000Z,Authentication,166,34,-23,920,0,11,0,0,0,0,0,0,720,0
1940,2026-06-26T09:47:04.408338000Z,Authentication,166,34,-24,920,0,11,0,0,1,0,0,0,720,0
1941,2026-06-26T09:47:04.644629000Z,Authentication,166,34,-60,920,0,11,0,0,0,0,0,0,0,0
1942,2026-06-26T09:47:04.655853000Z,Authentication,166,34,-23,920,0,11,0,0,0,0,0,0,720,0
1943,2026-06-26T09:47:04.662571000Z,Authentication,166,34,-21,920,0,11,0,0,1,0,0,0,720,0
1944,2026-06-26T09:47:04.669135000Z,Authentication,166,34,-21,920,0,11,0,0,1,0,0,0,720,0
1945,2026-06-26T09:47:04.675855000Z,Authentication,166,34,-22,920,0,11,0,0,1,0,0,0,720,0
1946,2026-06-26T09:47:04.697013000Z,S1G Beacon,61,34,-23,920,3,1,,,,,,,0,0
1947,2026-06-26T09:47:04.900617000Z,Authentication,166,34,-61,920,0,11,0,0,0,0,0,0,0,0
1948,2026-06-26T09:47:04.922576000Z,Authentication,166,34,-22,920,0,11,0,0,1,0,0,0,720,0
1949,2026-06-26T09:47:04.935596000Z,Authentication,166,34,-23,920,0,11,0,0,1,0,0,0,720,0
1950,2026-06-26T09:47:05.136157000Z,Authentication,166,34,-59,920,0,11,0,0,0,0,0,0,0,0
1951,2026-06-26T09:47:05.398286000Z,Authentication,166,34,-59,920,0,11,0,0,0,0,0,0,0,0
1952,2026-06-26T09:47:05.518066000Z,S1G Beacon,129,34,-21,920,3,1,,,,,,,0,0
1953,2026-06-26T09:47:05.660435000Z,Authentication,166,34,-60,920,0,11,0,0,0,0,0,0,0,0
1954,2026-06-26T09:47:05.681314000Z,Authentication,166,34,-23,920,0,11,0,0,1,0,0,0,720,0
1955,2026-06-26T09:47:05.694179000Z,Authentication,166,34,-23,920,0,11,0,0,1,0,0,0,720,0
1956,2026-06-26T09:47:05.885553000Z,RTS,54,34,-22,920,1,11,,,,0,0,0,2632,0
1957,2026-06-26T09:47:05.890872000Z,RTS,54,34,-21,920,1,11,,,,0,0,0,2632,0
1959,2026-06-26T09:47:05.892783000Z,QoS Data,148,34,-27,920,2,8,1,0,1,0,0,1,720,0
1961,2026-06-26T09:47:05.903301000Z,QoS Data,148,34,-28,920,2,8,0,0,1,0,0,1,720,0
1963,2026-06-26T09:47:05.909522000Z,QoS Data,131,34,-17,920,2,8,1,0,0,0,0,1,720,0
1965,2026-06-26T09:47:06.045394000Z,QoS Data,128,34,-29,920,2,8,1,0,1,0,0,1,720,0
1967,2026-06-26T09:47:06.151962000Z,Authentication,166,34,-60,920,0,11,0,0,0,0,0,0,0,0
1968,2026-06-26T09:47:06.335467000Z,S1G Beacon,61,34,-27,920,3,1,,,,,,,0,0
1969,2026-06-26T09:47:06.414114000Z,Authentication,166,34,-60,920,0,11,0,0,0,0,0,0,0,0
1970,2026-06-26T09:47:06.905653000Z,Authentication,166,34,-60,920,0,11,0,0,0,0,0,0,0,0
1971,2026-06-26T09:47:07.156502000Z,S1G Beacon,129,34,-23,920,3,1,,,,,,,0,0
1972,2026-06-26T09:47:07.167806000Z,Authentication,166,34,-60,920,0,11,0,0,0,0,0,0,0,0
1973,2026-06-26T09:47:07.409459000Z,Authentication,166,34,-59,920,0,11,0,0,0,0,0,0,0,0
1974,2026-06-26T09:47:07.429714000Z,Authentication,166,34,-23,920,0,11,0,0,1,0,0,0,720,0
1975,2026-06-26T09:47:07.442647000Z,Authentication,166,34,-24,920,0,11,0,0,1,0,0,0,720,0
1976,2026-06-26T09:47:07.659353000Z,Authentication,166,34,-60,920,0,11,0,0,0,0,0,0,0,0
1977,2026-06-26T09:47:07.675882000Z,Authentication,166,34,-22,920,0,11,0,0,0,0,0,0,720,0
1978,2026-06-26T09:47:07.688951000Z,Authentication,166,34,-24,920,0,11,0,0,1,0,0,0,720,0
1979,2026-06-26T09:47:07.921484000Z,Authentication,166,34,-60,920,0,11,0,0,0,0,0,0,0,0
1980,2026-06-26T09:47:08.179525000Z,Authentication,166,34,-61,920,0,11,0,0,0,0,0,0,0,0
1981,2026-06-26T09:47:08.196334000Z,Authentication,166,34,-22,920,0,11,0,0,0,0,0,0,720,0
1982,2026-06-26T09:47:08.203003000Z,Authentication,166,34,-22,920,0,11,0,0,1,0,0,0,720,0
1984,2026-06-26T09:47:08.215315000Z,Authentication,166,34,-22,920,0,11,0,0,1,0,0,0,720,0
1985,2026-06-26T09:47:08.221984000Z,Authentication,166,34,-21,920,0,11,0,0,1,0,0,0,720,0
1986,2026-06-26T09:47:08.413002000Z,Authentication,166,34,-60,920,0,11,0,0,0,0,0,0,0,0
1987,2026-06-26T09:47:08.425910000Z,Authentication,166,34,-23,920,0,11,0,0,0,0,0,0,720,0
1988,2026-06-26T09:47:08.432630000Z,Authentication,166,34,-21,920,0,11,0,0,1,0,0,0,720,0
1989,2026-06-26T09:47:08.439400000Z,Authentication,166,34,-23,920,0,11,0,0,1,0,0,0,720,0
1990,2026-06-26T09:47:08.445964000Z,Authentication,166,34,-23,920,0,11,0,0,1,0,0,0,720,0
1991,2026-06-26T09:47:08.675174000Z,Authentication,166,34,-60,920,0,11,0,0,0,0,0,0,0,0
1992,2026-06-26T09:47:08.937306000Z,Authentication,166,34,-61,920,0,11,0,0,0,0,0,0,0,0
1993,2026-06-26T09:47:08.945949000Z,Authentication,166,34,-23,920,0,11,0,0,0,0,0,0,720,0
1994,2026-06-26T09:47:08.952718000Z,Authentication,166,34,-23,920,0,11,0,0,1,0,0,0,720,0
1995,2026-06-26T09:47:08.959435000Z,Authentication,166,34,-24,920,0,11,0,0,1,0,0,0,720,0
1996,2026-06-26T09:47:08.965899000Z,Authentication,166,34,-22,920,0,11,0,0,1,0,0,0,720,0
1997,2026-06-26T09:47:09.063095000Z,Disassociation,64,34,-28,920,0,10,0,0,0,0,0,0,720,0
1998,2026-06-26T09:47:09.066979000Z,Disassociation,64,34,-23,920,0,10,0,0,1,0,0,0,720,0
1999,2026-06-26T09:47:09.070719000Z,Disassociation,64,34,-27,920,0,10,0,0,1,0,0,0,720,0
2000,2026-06-26T09:47:09.074456000Z,Disassociation,64,34,-26,920,0,10,0,0,1,0,0,0,720,0
2001,2026-06-26T09:47:09.175907000Z,Authentication,166,34,-60,920,0,11,0,0,0,0,0,0,0,0
2002,2026-06-26T09:47:09.428831000Z,Authentication,166,34,-60,920,0,11,0,0,0,0,0,0,0,0
2003,2026-06-26T09:47:09.445849000Z,Authentication,166,34,-26,920,0,11,0,0,0,0,0,0,720,0
2004,2026-06-26T09:47:09.452259000Z,Authentication,166,34,-22,920,0,11,0,0,1,0,0,0,720,0
2005,2026-06-26T09:47:09.458973000Z,Authentication,166,34,-26,920,0,11,0,0,1,0,0,0,720,0
2006,2026-06-26T09:47:09.464807000Z,Authentication,166,34,-27,920,0,11,0,0,1,0,0,0,720,0
2007,2026-06-26T09:47:09.580724000Z,Data,287,34,-27,920,2,0,0,0,0,0,0,1,0,0
2008,2026-06-26T09:47:09.612372000Z,S1G Beacon,61,34,-27,920,3,1,,,,,,,0,0
2009,2026-06-26T09:47:09.691009000Z,Authentication,166,34,-60,920,0,11,0,0,0,0,0,0,0,0
2010,2026-06-26T09:47:09.926521000Z,Authentication,166,34,-61,920,0,11,0,0,0,0,0,0,0,0
2011,2026-06-26T09:47:10.182530000Z,Authentication,166,34,-60,920,0,11,0,0,0,0,0,0,0,0
2012,2026-06-26T09:47:10.196569000Z,Authentication,166,34,-22,920,0,11,0,0,0,0,0,0,720,0
2013,2026-06-26T09:47:10.209488000Z,Authentication,166,34,-23,920,0,11,0,0,1,0,0,0,720,0
2014,2026-06-26T09:47:10.216261000Z,Authentication,166,34,-21,920,0,11,0,0,1,0,0,0,720,0
2015,2026-06-26T09:47:10.704766000Z,Authentication,166,34,-61,920,0,11,0,0,0,0,0,0,0,0
2016,2026-06-26T09:47:10.715970000Z,Authentication,166,34,-22,920,0,11,0,0,0,0,0,0,720,0
2017,2026-06-26T09:47:10.727779000Z,Authentication,166,34,-23,920,0,11,0,0,1,0,0,0,720,0
2018,2026-06-26T09:47:10.924201000Z,QoS Data,149,34,-33,920,2,8,1,0,0,0,0,1,720,0
2020,2026-06-26T09:47:10.932725000Z,QoS Data,131,34,-16,920,2,8,1,0,0,0,0,1,720,0
2022,2026-06-26T09:47:10.934946000Z,QoS Data,131,34,-31,920,2,8,0,0,0,0,0,1,720,0
2024,2026-06-26T09:47:11.037326000Z,QoS Data,128,34,-32,920,2,8,1,0,0,0,0,1,720,0
2026,2026-06-26T09:47:11.198349000Z,Authentication,166,34,-60,920,0,11,0,0,0,0,0,0,0,0
2027,2026-06-26T09:47:11.206008000Z,Authentication,166,34,-31,920,0,11,0,0,0,0,0,0,720,0
2028,2026-06-26T09:47:11.212675000Z,Authentication,166,34,-28,920,0,11,0,0,1,0,0,0,720,0
2029,2026-06-26T09:47:11.217778000Z,Authentication,166,34,-27,920,0,11,0,0,1,0,0,0,720,0
2030,2026-06-26T09:47:11.224286000Z,Authentication,166,34,-28,920,0,11,0,0,1,0,0,0,720,0
2031,2026-06-26T09:47:11.250866000Z,S1G Beacon,61,34,-28,920,3,1,,,,,,,0,0
2032,2026-06-26T09:47:11.460508000Z,Authentication,166,34,-62,920,0,11,0,0,0,0,0,0,0,0
2033,2026-06-26T09:47:11.482468000Z,Authentication,166,34,-24,920,0,11,0,0,1,0,0,0,720,0
2034,2026-06-26T09:47:11.489182000Z,Authentication,166,34,-26,920,0,11,0,0,1,0,0,0,720,0
2035,2026-06-26T09:47:11.703191000Z,Authentication,166,34,-61,920,0,11,0,0,0,0,0,0,0,0
2036,2026-06-26T09:47:11.952047000Z,Authentication,166,34,-59,920,0,11,0,0,0,0,0,0,0,0
2037,2026-06-26T09:47:11.965993000Z,Authentication,166,34,-18,920,0,11,0,0,0,0,0,0,720,0
2038,2026-06-26T09:47:11.972711000Z,Authentication,166,34,-18,920,0,11,0,0,1,0,0,0,720,0
2039,2026-06-26T09:47:11.979378000Z,Authentication,166,34,-19,920,0,11,0,0,1,0,0,0,720,0
2040,2026-06-26T09:47:11.985996000Z,Authentication,166,34,-18,920,0,11,0,0,1,0,0,0,720,0
2041,2026-06-26T09:47:12.071850000Z,S1G Beacon,129,34,-18,920,3,1,,,,,,,0,0
2042,2026-06-26T09:47:12.214168000Z,Authentication,166,34,-62,920,0,11,0,0,0,0,0,0,0,0
2043,2026-06-26T09:47:12.468124000Z,Authentication,166,34,-59,920,0,11,0,0,0,0,0,0,0,0
2044,2026-06-26T09:47:12.604944000Z,Data,287,34,-18,920,2,0,0,0,0,0,0,1,0,0
2045,2026-06-26T09:47:12.705700000Z,Authentication,166,34,-63,920,0,11,0,0,0,0,0,0,0,0
2046,2026-06-26T09:47:12.889291000Z,S1G Beacon,61,34,-16,920,3,1,,,,,,,0,0
2047,2026-06-26T09:47:12.967853000Z,Authentication,166,34,-59,920,0,11,0,0,0,0,0,0,0,0
2048,2026-06-26T09:47:13.230002000Z,Authentication,166,34,-59,920,0,11,0,0,0,0,0,0,0,0
2049,2026-06-26T09:47:13.246028000Z,Authentication,166,34,-19,920,0,11,0,0,0,0,0,0,720,0
2050,2026-06-26T09:47:13.252748000Z,Authentication,166,34,-18,920,0,11,0,0,1,0,0,0,720,0
2051,2026-06-26T09:47:13.259209000Z,Authentication,166,34,-18,920,0,11,0,0,1,0,0,0,720,0
2052,2026-06-26T09:47:13.264573000Z,Authentication,166,34,-18,920,0,11,0,0,1,0,0,0,720,0
2053,2026-06-26T09:47:13.467574000Z,Authentication,166,34,-59,920,0,11,0,0,0,0,0,0,0,0
2054,2026-06-26T09:47:13.476057000Z,Authentication,166,34,-18,920,0,11,0,0,0,0,0,0,720,0
2055,2026-06-26T09:47:13.482515000Z,Authentication,166,34,-18,920,0,11,0,0,1,0,0,0,720,0
2056,2026-06-26T09:47:13.489134000Z,Authentication,166,34,-19,920,0,11,0,0,1,0,0,0,720,0
2057,2026-06-26T09:47:13.495750000Z,Authentication,166,34,-19,920,0,11,0,0,1,0,0,0,720,0
2058,2026-06-26T09:47:13.710303000Z,S1G Beacon,129,34,-17,920,3,1,,,,,,,0,0
2059,2026-06-26T09:47:13.721528000Z,Authentication,166,34,-59,920,0,11,0,0,0,0,0,0,0,0
2060,2026-06-26T09:47:13.736047000Z,Authentication,166,34,-19,920,0,11,0,0,0,0,0,0,720,0
2061,2026-06-26T09:47:13.742508000Z,Authentication,166,34,-18,920,0,11,0,0,1,0,0,0,720,0
2062,2026-06-26T09:47:13.749227000Z,Authentication,166,34,-18,920,0,11,0,0,1,0,0,0,720,0
2063,2026-06-26T09:47:13.755740000Z,Authentication,166,34,-18,920,0,11,0,0,1,0,0,0,720,0
2064,2026-06-26T09:47:13.983693000Z,Authentication,166,34,-59,920,0,11,0,0,0,0,0,0,0,0
2065,2026-06-26T09:47:13.996292000Z,Authentication,166,34,-19,920,0,11,0,0,0,0,0,0,720,0
2066,2026-06-26T09:47:14.003049000Z,Authentication,166,34,-18,920,0,11,0,0,1,0,0,0,720,0
2067,2026-06-26T09:47:14.009466000Z,Authentication,166,34,-18,920,0,11,0,0,1,0,0,0,720,0
2068,2026-06-26T09:47:14.015031000Z,Authentication,166,34,-19,920,0,11,0,0,1,0,0,0,720,0
2069,2026-06-26T09:47:14.226373000Z,Authentication,166,34,-59,920,0,11,0,0,0,0,0,0,0,0
2070,2026-06-26T09:47:14.242472000Z,Authentication,166,34,-22,920,0,11,0,0,1,0,0,0,720,0
2071,2026-06-26T09:47:14.249190000Z,Authentication,166,34,-19,920,0,11,0,0,1,0,0,0,720,0
2072,2026-06-26T09:47:14.475218000Z,Authentication,166,34,-60,920,0,11,0,0,0,0,0,0,0,0
2073,2026-06-26T09:47:14.486012000Z,Authentication,166,34,-27,920,0,11,0,0,0,0,0,0,720,0
2074,2026-06-26T09:47:14.492729000Z,Authentication,166,34,-28,920,0,11,0,0,1,0,0,0,720,0
2075,2026-06-26T09:47:14.499136000Z,Authentication,166,34,-27,920,0,11,0,0,1,0,0,0,720,0
2076,2026-06-26T09:47:14.505647000Z,Authentication,166,34,-27,920,0,11,0,0,1,0,0,0,720,0
2077,2026-06-26T09:47:14.527718000Z,S1G Beacon,61,34,-28,920,3,1,,,,,,,0,0
2078,2026-06-26T09:47:14.986257000Z,Authentication,166,34,-60,920,0,11,0,0,0,0,0,0,0,0
2079,2026-06-26T09:47:14.996056000Z,Authentication,166,34,-27,920,0,11,0,0,0,0,0,0,720,0
2080,2026-06-26T09:47:15.002620000Z,Authentication,166,34,-28,920,0,11,0,0,1,0,0,0,720,0
2081,2026-06-26T09:47:15.009339000Z,Authentication,166,34,-28,920,0,11,0,0,1,0,0,0,720,0
2082,2026-06-26T09:47:15.015125000Z,Authentication,166,34,-28,920,0,11,0,0,1,0,0,0,720,0
2083,2026-06-26T09:47:15.228889000Z,Authentication,166,34,-59,920,0,11,0,0,0,0,0,0,0,0
2084,2026-06-26T09:47:15.246064000Z,Authentication,166,34,-27,920,0,11,0,0,0,0,0,0,720,0
2085,2026-06-26T09:47:15.251902000Z,Authentication,166,34,-28,920,0,11,0,0,1,0,0,0,720,0
2086,2026-06-26T09:47:15.258412000Z,Authentication,166,34,-27,920,0,11,0,0,1,0,0,0,720,0
2087,2026-06-26T09:47:15.264832000Z,Authentication,166,34,-27,920,0,11,0,0,1,0,0,0,720,0
2088,2026-06-26T09:47:15.348759000Z,S1G Beacon,129,34,-27,920,3,1,,,,,,,0,0
2089,2026-06-26T09:47:15.491042000Z,Authentication,166,34,-60,920,0,11,0,0,0,0,0,0,0,0
2090,2026-06-26T09:47:15.628979000Z,Data,287,34,-27,920,2,0,0,0,0,0,0,1,0,0
2091,2026-06-26T09:47:15.753183000Z,Authentication,166,34,-59,920,0,11,0,0,0,0,0,0,0,0
2092,2026-06-26T09:47:15.761151000Z,Authentication,166,34,-29,920,0,11,0,0,0,0,0,0,720,0
2093,2026-06-26T09:47:15.767768000Z,Authentication,166,34,-27,920,0,11,0,0,1,0,0,0,720,0
2094,2026-06-26T09:47:15.774386000Z,Authentication,166,34,-27,920,0,11,0,0,1,0,0,0,720,0
2095,2026-06-26T09:47:15.780894000Z,Authentication,166,34,-28,920,0,11,0,0,1,0,0,0,720,0
2096,2026-06-26T09:47:15.950839000Z,QoS Data,149,34,-28,920,2,8,1,0,0,0,0,1,720,0
2098,2026-06-26T09:47:15.952955000Z,QoS Data,149,34,-31,920,2,8,0,0,0,0,0,1,720,0
2100,2026-06-26T09:47:15.958554000Z,QoS Data,131,34,-18,920,2,8,1,0,0,0,0,1,720,0
2102,2026-06-26T09:47:15.960995000Z,QoS Data,131,34,-33,920,2,8,0,0,0,0,0,1,720,0
2104,2026-06-26T09:47:15.990755000Z,Authentication,166,34,-60,920,0,11,0,0,0,0,0,0,0,0
2105,2026-06-26T09:47:16.040042000Z,QoS Data,128,34,-29,920,2,8,1,0,1,0,0,1,720,0
2107,2026-06-26T09:47:16.042619000Z,QoS Data,128,34,-31,920,2,8,0,0,0,0,0,1,720,0
2109,2026-06-26T09:47:16.166182000Z,S1G Beacon,61,34,-28,920,3,1,,,,,,,0,0
2110,2026-06-26T09:47:16.244715000Z,Authentication,166,34,-60,920,0,11,0,0,0,0,0,0,0,0
2111,2026-06-26T09:47:16.256174000Z,Authentication,166,34,-27,920,0,11,0,0,0,0,0,0,720,0
2112,2026-06-26T09:47:16.262582000Z,Authentication,166,34,-27,920,0,11,0,0,1,0,0,0,720,0
2113,2026-06-26T09:47:16.267635000Z,Authentication,166,34,-27,920,0,11,0,0,1,0,0,0,720,0
2114,2026-06-26T09:47:16.274147000Z,Authentication,166,34,-28,920,0,11,0,0,1,0,0,0,720,0
2115,2026-06-26T09:47:16.506862000Z,Authentication,166,34,-59,920,0,11,0,0,0,0,0,0,0,0
2116,2026-06-26T09:47:16.516131000Z,Authentication,166,34,-27,920,0,11,0,0,0,0,0,0,720,0
2117,2026-06-26T09:47:16.522745000Z,Authentication,166,34,-28,920,0,11,0,0,1,0,0,0,720,0
2118,2026-06-26T09:47:16.529412000Z,Authentication,166,34,-28,920,0,11,0,0,1,0,0,0,720,0
2119,2026-06-26T09:47:16.535926000Z,Authentication,166,34,-28,920,0,11,0,0,1,0,0,0,720,0
2120,2026-06-26T09:47:16.747506000Z,Authentication,166,34,-60,920,0,11,0,0,0,0,0,0,0,0
2121,2026-06-26T09:47:16.987244000Z,S1G Beacon,129,34,-27,920,3,1,,,,,,,0,0
2122,2026-06-26T09:47:16.998404000Z,Authentication,166,34,-60,920,0,11,0,0,0,0,0,0,0,0
2123,2026-06-26T09:47:17.006109000Z,Authentication,166,34,-27,920,0,11,0,0,0,0,0,0,720,0
2124,2026-06-26T09:47:17.012567000Z,Authentication,166,34,-27,920,0,11,0,0,1,0,0,0,720,0
2125,2026-06-26T09:47:17.019126000Z,Authentication,166,34,-27,920,0,11,0,0,1,0,0,0,720,0
2126,2026-06-26T09:47:17.025591000Z,Authentication,166,34,-27,920,0,11,0,0,1,0,0,0,720,0
2127,2026-06-26T09:47:17.260544000Z,Authentication,166,34,-62,920,0,11,0,0,0,0,0,0,0,0
2128,2026-06-26T09:47:17.276102000Z,Authentication,166,34,-27,920,0,11,0,0,0,0,0,0,720,0
2129,2026-06-26T09:47:17.282824000Z,Authentication,166,34,-26,920,0,11,0,0,1,0,0,0,720,0
2130,2026-06-26T09:47:17.289336000Z,Authentication,166,34,-28,920,0,11,0,0,1,0,0,0,720,0
2131,2026-06-26T09:47:17.295794000Z,Authentication,166,34,-26,920,0,11,0,0,1,0,0,0,720,0
2132,2026-06-26T09:47:17.522704000Z,Authentication,166,34,-65,920,0,11,0,0,0,0,0,0,0,0
2133,2026-06-26T09:47:17.534522000Z,Authentication,166,34,-27,920,0,11,0,0,0,0,0,0,720,0
2134,2026-06-26T09:47:17.541241000Z,Authentication,166,34,-28,920,0,11,0,0,1,0,0,0,720,0
2135,2026-06-26T09:47:17.548011000Z,Authentication,166,34,-26,920,0,11,0,0,1,0,0,0,720,0
2136,2026-06-26T09:47:17.554780000Z,Authentication,166,34,-28,920,0,11,0,0,1,0,0,0,720,0
2137,2026-06-26T09:47:17.753094000Z,Authentication,166,34,-60,920,0,11,0,0,0,0,0,0,0,0
2138,2026-06-26T09:47:17.763561000Z,Authentication,166,34,-27,920,0,11,0,0,0,0,0,0,720,0
2139,2026-06-26T09:47:17.770130000Z,Authentication,166,34,-28,920,0,11,0,0,1,0,0,0,720,0
2140,2026-06-26T09:47:17.776632000Z,Authentication,166,34,-28,920,0,11,0,0,1,0,0,0,720,0
2141,2026-06-26T09:47:17.782261000Z,Authentication,166,34,-29,920,0,11,0,0,1,0,0,0,720,0
2142,2026-06-26T09:47:17.804621000Z,S1G Beacon,61,34,-29,920,3,1,,,,,,,0,0
2143,2026-06-26T09:47:18.014248000Z,Authentication,166,34,-62,920,0,11,0,0,0,0,0,0,0,0
2144,2026-06-26T09:47:18.276377000Z,Authentication,166,34,-60,920,0,11,0,0,0,0,0,0,0,0
2145,2026-06-26T09:47:18.286371000Z,Authentication,166,34,-29,920,0,11,0,0,0,0,0,0,720,0
2146,2026-06-26T09:47:18.292931000Z,Authentication,166,34,-29,920,0,11,0,0,1,0,0,0,720,0
2147,2026-06-26T09:47:18.299598000Z,Authentication,166,34,-28,920,0,11,0,0,1,0,0,0,720,0
2148,2026-06-26T09:47:18.306161000Z,Authentication,166,34,-27,920,0,11,0,0,1,0,0,0,720,0
2149,2026-06-26T09:47:18.518050000Z,Authentication,166,34,-60,920,0,11,0,0,0,0,0,0,0,0
2150,2026-06-26T09:47:18.625657000Z,S1G Beacon,129,34,-28,920,3,1,,,,,,,0,0
2151,2026-06-26T09:47:18.653041000Z,Data,287,34,-27,920,2,0,0,0,0,0,0,1,0,0
2152,2026-06-26T09:47:18.767901000Z,Authentication,166,34,-61,920,0,11,0,0,0,0,0,0,0,0
2153,2026-06-26T09:47:19.030121000Z,Authentication,166,34,-61,920,0,11,0,0,0,0,0,0,0,0
2154,2026-06-26T09:47:19.287088000Z,Authentication,166,34,-60,920,0,11,0,0,0,0,0,0,0,0
2155,2026-06-26T09:47:19.297970000Z,Data,378,34,-27,920,2,0,0,0,0,0,0,1,0,0
2156,2026-06-26T09:47:19.302624000Z,Authentication,166,34,-27,920,0,11,0,0,0,0,0,0,720,0
2157,2026-06-26T09:47:19.309081000Z,Authentication,166,34,-28,920,0,11,0,0,1,0,0,0,720,0
2158,2026-06-26T09:47:19.315850000Z,Authentication,166,34,-27,920,0,11,0,0,1,0,0,0,720,0
2159,2026-06-26T09:47:19.322256000Z,Authentication,166,34,-29,920,0,11,0,0,1,0,0,0,720,0
2160,2026-06-26T09:47:19.399684000Z,Data,387,34,-28,920,2,0,0,0,0,0,0,1,0,0
2161,2026-06-26T09:47:19.443093000Z,S1G Beacon,61,34,-28,920,3,1,,,,,,,0,0
2162,2026-06-26T09:47:19.505443000Z,Data,450,34,-28,920,2,0,0,0,0,0,0,1,0,0
2163,2026-06-26T09:47:19.521586000Z,Authentication,166,34,-62,920,0,11,0,0,0,0,0,0,0,0
2164,2026-06-26T09:47:19.536154000Z,Authentication,166,34,-27,920,0,11,0,0,0,0,0,0,720,0
2165,2026-06-26T09:47:19.542560000Z,Authentication,166,34,-27,920,0,11,0,0,1,0,0,0,720,0
2166,2026-06-26T09:47:19.549019000Z,Authentication,166,34,-28,920,0,11,0,0,1,0,0,0,720,0
2167,2026-06-26T09:47:19.554492000Z,Authentication,166,34,-27,920,0,11,0,0,1,0,0,0,720,0
2168,2026-06-26T09:47:19.609324000Z,Data,442,34,-27,920,2,0,0,0,0,0,0,1,0,0
2169,2026-06-26T09:47:19.711985000Z,Data,387,34,-24,920,2,0,0,0,0,0,0,1,0,0
2170,2026-06-26T09:47:19.783727000Z,Authentication,166,34,-62,920,0,11,0,0,0,0,0,0,0,0
2171,2026-06-26T09:47:19.816767000Z,Data,426,34,-22,920,2,0,0,0,0,0,0,1,0,0
2172,2026-06-26T09:47:19.921773000Z,Data,458,34,-24,920,2,0,0,0,0,0,0,1,0,0
2173,2026-06-26T09:47:20.023849000Z,Data,387,34,-27,920,2,0,0,0,0,0,0,1,0,0
2174,2026-06-26T09:47:20.045879000Z,Authentication,166,34,-61,920,0,11,0,0,0,0,0,0,0,0
2175,2026-06-26T09:47:20.056191000Z,Authentication,166,34,-28,920,0,11,0,0,0,0,0,0,720,0
2176,2026-06-26T09:47:20.062593000Z,Authentication,166,34,-27,920,0,11,0,0,1,0,0,0,720,0
2177,2026-06-26T09:47:20.069205000Z,Authentication,166,34,-27,920,0,11,0,0,1,0,0,0,720,0
2178,2026-06-26T09:47:20.075899000Z,Authentication,166,34,-29,920,0,11,0,0,1,0,0,0,720,0
2179,2026-06-26T09:47:20.129719000Z,Data,446,34,-28,920,2,0,0,0,0,0,0,1,0,0
2180,2026-06-26T09:47:20.233180000Z,Data,440,34,-27,920,2,0,0,0,0,0,0,1,0,0
2181,2026-06-26T09:47:20.264122000Z,S1G Beacon,129,34,-27,920,3,1,,,,,,,0,0
2182,2026-06-26T09:47:20.335900000Z,Data,387,34,-27,920,2,0,0,0,0,0,0,1,0,0
2183,2026-06-26T09:47:20.441203000Z,Data,442,34,-29,920,2,0,0,0,0,0,0,1,0,0
2184,2026-06-26T09:47:20.799570000Z,Authentication,166,34,-62,920,0,11,0,0,0,0,0,0,0,0
2185,2026-06-26T09:47:20.973596000Z,QoS Data,149,34,-30,920,2,8,1,0,0,0,0,1,720,0
2187,2026-06-26T09:47:20.976159000Z,QoS Data,149,34,-32,920,2,8,0,0,0,0,0,1,720,0
2189,2026-06-26T09:47:20.981864000Z,QoS Data,131,34,-19,920,2,8,1,0,0,0,0,1,720,0
2191,2026-06-26T09:47:20.984605000Z,QoS Data,131,34,-32,920,2,8,0,0,0,0,0,1,720,0
2193,2026-06-26T09:47:21.033035000Z,Authentication,166,34,-60,920,0,11,0,0,0,0,0,0,0,0
2194,2026-06-26T09:47:21.038434000Z,QoS Data,128,34,-29,920,2,8,1,0,0,0,0,1,720,0
2196,2026-06-26T09:47:21.040764000Z,QoS Data,128,34,-32,920,2,8,0,0,0,0,0,1,720,0
2198,2026-06-26T09:47:21.081523000Z,S1G Beacon,61,34,-28,920,3,1,,,,,,,0,0
2199,2026-06-26T09:47:21.291108000Z,Authentication,166,34,-60,920,0,11,0,0,0,0,0,0,0,0
2200,2026-06-26T09:47:21.553248000Z,Authentication,166,34,-60,920,0,11,0,0,0,0,0,0,0,0
2201,2026-06-26T09:47:21.677119000Z,Data,287,34,-26,920,2,0,0,0,0,0,0,1,0,0
2203,2026-06-26T09:47:21.794902000Z,Authentication,166,34,-60,920,0,11,0,0,0,0,0,0,0,0
2204,2026-06-26T09:47:21.806514000Z,Authentication,166,34,-27,920,0,11,0,0,0,0,0,0,720,0
2205,2026-06-26T09:47:21.813185000Z,Authentication,166,34,-27,920,0,11,0,0,1,0,0,0,720,0
2206,2026-06-26T09:47:21.819955000Z,Authentication,166,34,-26,920,0,11,0,0,1,0,0,0,720,0
2207,2026-06-26T09:47:21.826416000Z,Authentication,166,34,-28,920,0,11,0,0,1,0,0,0,720,0
2208,2026-06-26T09:47:21.902553000Z,S1G Beacon,129,34,-26,920,3,1,,,,,,,0,0
2209,2026-06-26T09:47:22.044765000Z,Authentication,166,34,-60,920,0,11,0,0,0,0,0,0,0,0
2210,2026-06-26T09:47:22.306936000Z,Authentication,166,34,-59,920,0,11,0,0,0,0,0,0,0,0
2211,2026-06-26T09:47:22.316256000Z,Authentication,166,34,-26,920,0,11,0,0,0,0,0,0,720,0
2212,2026-06-26T09:47:22.322754000Z,Authentication,166,34,-27,920,0,11,0,0,1,0,0,0,720,0
2213,2026-06-26T09:47:22.329428000Z,Authentication,166,34,-27,920,0,11,0,0,1,0,0,0,720,0
2214,2026-06-26T09:47:22.335874000Z,Authentication,166,34,-26,920,0,11,0,0,1,0,0,0,720,0
2215,2026-06-26T09:47:22.569078000Z,Authentication,166,34,-59,920,0,11,0,0,0,0,0,0,0,0
2216,2026-06-26T09:47:22.576424000Z,Authentication,166,34,-26,920,0,11,0,0,0,0,0,0,720,0
2217,2026-06-26T09:47:22.589292000Z,Authentication,166,34,-26,920,0,11,0,0,1,0,0,0,720,0
2218,2026-06-26T09:47:22.595955000Z,Authentication,166,34,-27,920,0,11,0,0,1,0,0,0,720,0
2219,2026-06-26T09:47:22.719993000Z,S1G Beacon,61,34,-26,920,3,1,,,,,,,0,0
2220,2026-06-26T09:47:22.798443000Z,Authentication,166,34,-62,920,0,11,0,0,0,0,0,0,0,0
2221,2026-06-26T09:47:22.809309000Z,Authentication,166,34,-27,920,0,11,0,0,0,0,0,0,720,0
2222,2026-06-26T09:47:22.815974000Z,Authentication,166,34,-27,920,0,11,0,0,1,0,0,0,720,0
2223,2026-06-26T09:47:22.822385000Z,Authentication,166,34,-27,920,0,11,0,0,1,0,0,0,720,0
2224,2026-06-26T09:47:22.828789000Z,Authentication,166,34,-26,920,0,11,0,0,1,0,0,0,720,0
2225,2026-06-26T09:47:23.060594000Z,Authentication,166,34,-59,920,0,11,0,0,0,0,0,0,0,0
2226,2026-06-26T09:47:23.076205000Z,Authentication,166,34,-27,920,0,11,0,0,0,0,0,0,720,0
2227,2026-06-26T09:47:23.082516000Z,Authentication,166,34,-26,920,0,11,0,0,1,0,0,0,720,0
2228,2026-06-26T09:47:23.089071000Z,Authentication,166,34,-23,920,0,11,0,0,1,0,0,0,720,0
2229,2026-06-26T09:47:23.322757000Z,Authentication,166,34,-60,920,0,11,0,0,0,0,0,0,0,0
2230,2026-06-26T09:47:23.541002000Z,S1G Beacon,129,34,-27,920,3,1,,,,,,,0,0
2231,2026-06-26T09:47:23.552138000Z,Authentication,166,34,-60,920,0,11,0,0,0,0,0,0,0,0
2232,2026-06-26T09:47:23.814279000Z,Authentication,166,34,-61,920,0,11,0,0,0,0,0,0,0,0
2233,2026-06-26T09:47:23.826614000Z,Authentication,166,34,-28,920,0,11,0,0,0,0,0,0,720,0
2234,2026-06-26T09:47:23.833383000Z,Authentication,166,34,-28,920,0,11,0,0,1,0,0,0,720,0
2235,2026-06-26T09:47:23.840002000Z,Authentication,166,34,-28,920,0,11,0,0,1,0,0,0,720,0
2236,2026-06-26T09:47:23.846461000Z,Authentication,166,34,-27,920,0,11,0,0,1,0,0,0,720,0
2237,2026-06-26T09:47:24.076423000Z,Authentication,166,34,-60,920,0,11,0,0,0,0,0,0,0,0
2238,2026-06-26T09:47:24.305833000Z,Authentication,166,34,-61,920,0,11,0,0,0,0,0,0,0,0
2239,2026-06-26T09:47:24.316267000Z,Authentication,166,34,-28,920,0,11,0,0,0,0,0,0,720,0
2240,2026-06-26T09:47:24.322988000Z,Authentication,166,34,-28,920,0,11,0,0,1,0,0,0,720,0
2241,2026-06-26T09:47:24.329755000Z,Authentication,166,34,-27,920,0,11,0,0,1,0,0,0,720,0
2242,2026-06-26T09:47:24.336476000Z,Authentication,166,34,-28,920,0,11,0,0,1,0,0,0,720,0
2243,2026-06-26T09:47:24.358426000Z,S1G Beacon,61,34,-28,920,3,1,,,,,,,0,0
2244,2026-06-26T09:47:24.567957000Z,Authentication,166,34,-61,920,0,11,0,0,0,0,0,0,0,0
2245,2026-06-26T09:47:24.576339000Z,Authentication,166,34,-28,920,0,11,0,0,0,0,0,0,720,0
2246,2026-06-26T09:47:24.583007000Z,Authentication,166,34,-28,920,0,11,0,0,1,0,0,0,720,0
2247,2026-06-26T09:47:24.589468000Z,Authentication,166,34,-28,920,0,11,0,0,1,0,0,0,720,0
2248,2026-06-26T09:47:24.595877000Z,Authentication,166,34,-29,920,0,11,0,0,1,0,0,0,720,0
2249,2026-06-26T09:47:24.830104000Z,Authentication,166,34,-59,920,0,11,0,0,0,0,0,0,0,0
2250,2026-06-26T09:47:24.846237000Z,Authentication,166,34,-21,920,0,11,0,0,0,0,0,0,720,0
2251,2026-06-26T09:47:24.859468000Z,Authentication,166,34,-22,920,0,11,0,0,1,0,0,0,720,0
2252,2026-06-26T09:47:25.059484000Z,Authentication,166,34,-60,920,0,11,0,0,0,0,0,0,0,0
2253,2026-06-26T09:47:25.080823000Z,Authentication,166,34,-21,920,0,11,0,0,1,0,0,0,720,0
2254,2026-06-26T09:47:25.087230000Z,Authentication,166,34,-19,920,0,11,0,0,1,0,0,0,720,0
2255,2026-06-26T09:47:25.093854000Z,Authentication,166,34,-19,920,0,11,0,0,1,0,0,0,720,0
2256,2026-06-26T09:47:25.179454000Z,S1G Beacon,129,34,-21,920,3,1,,,,,,,0,0
2257,2026-06-26T09:47:25.321657000Z,Authentication,166,34,-61,920,0,11,0,0,0,0,0,0,0,0
2258,2026-06-26T09:47:25.336309000Z,Authentication,166,34,-21,920,0,11,0,0,0,0,0,0,720,0
2259,2026-06-26T09:47:25.342716000Z,Authentication,166,34,-19,920,0,11,0,0,1,0,0,0,720,0
2260,2026-06-26T09:47:25.356042000Z,Authentication,166,34,-22,920,0,11,0,0,1,0,0,0,720,0
2261,2026-06-26T09:47:25.583784000Z,Authentication,166,34,-59,920,0,11,0,0,0,0,0,0,0,0
2262,2026-06-26T09:47:25.813174000Z,Authentication,166,34,-60,920,0,11,0,0,0,0,0,0,0,0
2263,2026-06-26T09:47:25.826308000Z,Authentication,166,34,-28,920,0,11,0,0,0,0,0,0,720,0
2264,2026-06-26T09:47:25.832872000Z,Authentication,166,34,-28,920,0,11,0,0,1,0,0,0,720,0
2265,2026-06-26T09:47:25.839485000Z,Authentication,166,34,-29,920,0,11,0,0,1,0,0,0,720,0
2266,2026-06-26T09:47:25.844649000Z,Authentication,166,34,-28,920,0,11,0,0,1,0,0,0,720,0
2267,2026-06-26T09:47:25.996880000Z,S1G Beacon,61,34,-28,920,3,1,,,,,,,0,0
2269,2026-06-26T09:47:26.002252000Z,QoS Data,150,34,-32,920,2,8,0,0,0,0,0,1,720,0
2271,2026-06-26T09:47:26.008214000Z,QoS Data,131,34,-18,920,2,8,1,0,0,0,0,1,720,0
2273,2026-06-26T09:47:26.010699000Z,QoS Data,131,34,-33,920,2,8,0,0,0,0,0,1,720,0
2275,2026-06-26T09:47:26.040634000Z,QoS Data,128,34,-23,920,2,8,1,0,0,0,0,1,720,0
2277,2026-06-26T09:47:26.043119000Z,QoS Data,128,34,-33,920,2,8,0,0,0,0,0,1,720,0
2279,2026-06-26T09:47:26.075305000Z,Authentication,166,34,-61,920,0,11,0,0,0,0,0,0,0,0
2280,2026-06-26T09:47:26.086309000Z,Authentication,166,34,-28,920,0,11,0,0,0,0,0,0,720,0
2281,2026-06-26T09:47:26.091729000Z,Authentication,166,34,-28,920,0,11,0,0,1,0,0,0,720,0
2282,2026-06-26T09:47:26.098131000Z,Authentication,166,34,-29,920,0,11,0,0,1,0,0,0,720,0
2283,2026-06-26T09:47:26.104697000Z,Authentication,166,34,-28,920,0,11,0,0,1,0,0,0,720,0
2284,2026-06-26T09:47:26.337486000Z,Authentication,166,34,-59,920,0,11,0,0,0,0,0,0,0,0
2285,2026-06-26T09:47:26.346314000Z,Authentication,166,34,-30,920,0,11,0,0,0,0,0,0,720,0
2286,2026-06-26T09:47:26.351993000Z,Authentication,166,34,-29,920,0,11,0,0,1,0,0,0,720,0
2287,2026-06-26T09:47:26.358607000Z,Authentication,166,34,-29,920,0,11,0,0,1,0,0,0,720,0
2288,2026-06-26T09:47:26.365015000Z,Authentication,166,34,-28,920,0,11,0,0,1,0,0,0,720,0
2289,2026-06-26T09:47:26.575037000Z,Authentication,166,34,-65,920,0,11,0,0,0,0,0,0,0,0
2290,2026-06-26T09:47:26.817921000Z,S1G Beacon,129,34,-28,920,3,1,,,,,,,0,0
2291,2026-06-26T09:47:26.828987000Z,Authentication,166,34,-60,920,0,11,0,0,0,0,0,0,0,0
2292,2026-06-26T09:47:26.837740000Z,Authentication,166,34,-28,920,0,11,0,0,0,0,0,0,720,0
2293,2026-06-26T09:47:26.844400000Z,Authentication,166,34,-28,920,0,11,0,0,1,0,0,0,720,0
2294,2026-06-26T09:47:26.850814000Z,Authentication,166,34,-28,920,0,11,0,0,1,0,0,0,720,0
2295,2026-06-26T09:47:26.857219000Z,Authentication,166,34,-29,920,0,11,0,0,1,0,0,0,720,0
2296,2026-06-26T09:47:27.091137000Z,Authentication,166,34,-59,920,0,11,0,0,0,0,0,0,0,0
2297,2026-06-26T09:47:27.106443000Z,Authentication,166,34,-29,920,0,11,0,0,0,0,0,0,720,0
2298,2026-06-26T09:47:27.111812000Z,Authentication,166,34,-30,920,0,11,0,0,1,0,0,0,720,0
2299,2026-06-26T09:47:27.118217000Z,Authentication,166,34,-28,920,0,11,0,0,1,0,0,0,720,0
2300,2026-06-26T09:47:27.124908000Z,Authentication,166,34,-30,920,0,11,0,0,1,0,0,0,720,0
2301,2026-06-26T09:47:27.343042000Z,Authentication,166,34,-60,920,0,11,0,0,0,0,0,0,0,0
2302,2026-06-26T09:47:27.356335000Z,Authentication,166,34,-28,920,0,11,0,0,0,0,0,0,720,0
2303,2026-06-26T09:47:27.362150000Z,Authentication,166,34,-28,920,0,11,0,0,1,0,0,0,720,0
2304,2026-06-26T09:47:27.368611000Z,Authentication,166,34,-28,920,0,11,0,0,1,0,0,0,720,0
2305,2026-06-26T09:47:27.375701000Z,Authentication,166,34,-29,920,0,11,0,0,1,0,0,0,720,0
2306,2026-06-26T09:47:27.582675000Z,Authentication,166,34,-60,920,0,11,0,0,0,0,0,0,0,0
2307,2026-06-26T09:47:27.635329000Z,S1G Beacon,61,34,-29,920,3,1,,,,,,,0,0
2308,2026-06-26T09:47:27.725316000Z,Data,287,34,-28,920,2,0,0,0,0,0,0,1,0,0
2309,2026-06-26T09:47:27.844827000Z,Authentication,166,34,-60,920,0,11,0,0,0,0,0,0,0,0
2310,2026-06-26T09:47:27.856584000Z,Authentication,166,34,-30,920,0,11,0,0,0,0,0,0,720,0
2311,2026-06-26T09:47:27.863357000Z,Authentication,166,34,-30,920,0,11,0,0,1,0,0,0,720,0
2312,2026-06-26T09:47:27.870128000Z,Authentication,166,34,-30,920,0,11,0,0,1,0,0,0,720,0
2313,2026-06-26T09:47:27.875549000Z,Authentication,166,34,-29,920,0,11,0,0,1,0,0,0,720,0
2314,2026-06-26T09:47:28.106965000Z,Authentication,166,34,-61,920,0,11,0,0,0,0,0,0,0,0
2315,2026-06-26T09:47:28.345569000Z,Authentication,166,34,-60,920,0,11,0,0,0,0,0,0,0,0
2316,2026-06-26T09:47:28.456393000Z,S1G Beacon,129,34,-28,920,3,1,,,,,,,0,0
2317,2026-06-26T09:47:28.598512000Z,Authentication,166,34,-60,920,0,11,0,0,0,0,0,0,0,0
2318,2026-06-26T09:47:28.608392000Z,Authentication,166,34,-28,920,0,11,0,0,0,0,0,0,720,0
2319,2026-06-26T09:47:28.614854000Z,Authentication,166,34,-28,920,0,11,0,0,1,0,0,0,720,0
2320,2026-06-26T09:47:28.621479000Z,Authentication,166,34,-28,920,0,11,0,0,1,0,0,0,720,0
2321,2026-06-26T09:47:28.628241000Z,Authentication,166,34,-28,920,0,11,0,0,1,0,0,0,720,0
2322,2026-06-26T09:47:28.860662000Z,Authentication,166,34,-60,920,0,11,0,0,0,0,0,0,0,0
2323,2026-06-26T09:47:28.876375000Z,Authentication,166,34,-28,920,0,11,0,0,0,0,0,0,720,0
2324,2026-06-26T09:47:28.883032000Z,Authentication,166,34,-28,920,0,11,0,0,1,0,0,0,720,0
2325,2026-06-26T09:47:28.888497000Z,Authentication,166,34,-29,920,0,11,0,0,1,0,0,0,720,0
2326,2026-06-26T09:47:28.895123000Z,Authentication,166,34,-28,920,0,11,0,0,1,0,0,0,720,0
2327,2026-06-26T09:47:29.077250000Z,Data,132,34,-27,920,2,0,0,0,0,0,0,1,0,0
2328,2026-06-26T09:47:29.107433000Z,Authentication,166,34,-60,920,0,11,0,0,0,0,0,0,0,0
2329,2026-06-26T09:47:29.116340000Z,Authentication,166,34,-29,920,0,11,0,0,0,0,0,0,720,0
2330,2026-06-26T09:47:29.122955000Z,Authentication,166,34,-30,920,0,11,0,0,1,0,0,0,720,0
2331,2026-06-26T09:47:29.129724000Z,Authentication,166,34,-28,920,0,11,0,0,1,0,0,0,720,0
2332,2026-06-26T09:47:29.136495000Z,Authentication,166,34,-30,920,0,11,0,0,1,0,0,0,720,0
2333,2026-06-26T09:47:29.273782000Z,S1G Beacon,61,34,-29,920,3,1,,,,,,,0,0
2334,2026-06-26T09:47:29.352177000Z,Authentication,166,34,-62,920,0,11,0,0,0,0,0,0,0,0
2335,2026-06-26T09:47:29.366389000Z,Authentication,166,34,-29,920,0,11,0,0,0,0,0,0,720,0
2336,2026-06-26T09:47:29.372953000Z,Authentication,166,34,-29,920,0,11,0,0,1,0,0,0,720,0
2337,2026-06-26T09:47:29.379412000Z,Authentication,166,34,-30,920,0,11,0,0,1,0,0,0,720,0
2338,2026-06-26T09:47:29.385198000Z,Authentication,166,34,-28,920,0,11,0,0,1,0,0,0,720,0
2339,2026-06-26T09:47:29.614346000Z,Authentication,166,34,-63,920,0,11,0,0,0,0,0,0,0,0
2340,2026-06-26T09:47:29.626424000Z,Authentication,166,34,-28,920,0,11,0,0,0,0,0,0,720,0
2341,2026-06-26T09:47:29.632977000Z,Authentication,166,34,-30,920,0,11,0,0,1,0,0,0,720,0
2342,2026-06-26T09:47:29.639538000Z,Authentication,166,34,-29,920,0,11,0,0,1,0,0,0,720,0
2343,2026-06-26T09:47:29.646056000Z,Authentication,166,34,-29,920,0,11,0,0,1,0,0,0,720,0
2344,2026-06-26T09:47:29.876491000Z,Authentication,166,34,-60,920,0,11,0,0,0,0,0,0,0,0
2345,2026-06-26T09:47:29.886386000Z,Authentication,166,34,-28,920,0,11,0,0,0,0,0,0,720,0
2346,2026-06-26T09:47:29.892899000Z,Authentication,166,34,-28,920,0,11,0,0,1,0,0,0,720,0
2347,2026-06-26T09:47:29.899405000Z,Authentication,166,34,-29,920,0,11,0,0,1,0,0,0,720,0
2348,2026-06-26T09:47:29.905863000Z,Authentication,166,34,-28,920,0,11,0,0,1,0,0,0,720,0
2349,2026-06-26T09:47:30.094816000Z,S1G Beacon,129,34,-28,920,3,1,,,,,,,0,0
2350,2026-06-26T09:47:30.105854000Z,Authentication,166,34,-60,920,0,11,0,0,0,0,0,0,0,0
2351,2026-06-26T09:47:30.116426000Z,Authentication,166,34,-28,920,0,11,0,0,0,0,0,0,720,0
2352,2026-06-26T09:47:30.122987000Z,Authentication,166,34,-28,920,0,11,0,0,1,0,0,0,720,0
2353,2026-06-26T09:47:30.129551000Z,Authentication,166,34,-28,920,0,11,0,0,1,0,0,0,720,0
2354,2026-06-26T09:47:30.136113000Z,Authentication,166,34,-27,920,0,11,0,0,1,0,0,0,720,0
2355,2026-06-26T09:47:30.219504000Z,Disassociation,64,34,-27,920,0,10,0,0,0,0,0,0,720,0
2356,2026-06-26T09:47:30.227395000Z,Disassociation,64,34,-25,920,0,10,0,0,1,0,0,0,720,0
2357,2026-06-26T09:47:30.231191000Z,Disassociation,64,34,-26,920,0,10,0,0,1,0,0,0,720,0
2358,2026-06-26T09:47:30.368002000Z,Authentication,166,34,-60,920,0,11,0,0,0,0,0,0,0,0
2359,2026-06-26T09:47:30.376691000Z,Authentication,166,34,-28,920,0,11,0,0,0,0,0,0,720,0
2360,2026-06-26T09:47:30.383358000Z,Authentication,166,34,-27,920,0,11,0,0,1,0,0,0,720,0
2361,2026-06-26T09:47:30.389818000Z,Authentication,166,34,-28,920,0,11,0,0,1,0,0,0,720,0
2362,2026-06-26T09:47:30.396225000Z,Authentication,166,34,-27,920,0,11,0,0,1,0,0,0,720,0
2363,2026-06-26T09:47:30.630258000Z,Authentication,166,34,-60,920,0,11,0,0,0,0,0,0,0,0
2364,2026-06-26T09:47:30.652908000Z,Authentication,166,34,-25,920,0,11,0,0,1,0,0,0,720,0
2365,2026-06-26T09:47:30.665980000Z,Authentication,166,34,-24,920,0,11,0,0,1,0,0,0,720,0
2366,2026-06-26T09:47:30.868762000Z,Authentication,166,34,-60,920,0,11,0,0,0,0,0,0,0,0
2367,2026-06-26T09:47:30.892967000Z,Authentication,166,34,-24,920,0,11,0,0,1,0,0,0,720,0
2368,2026-06-26T09:47:30.906031000Z,Authentication,166,34,-24,920,0,11,0,0,1,0,0,0,720,0
2369,2026-06-26T09:47:31.018375000Z,S1G Beacon,61,34,-24,920,3,1,,,,,,,0,0
2370,2026-06-26T09:47:31.024068000Z,QoS Data,150,34,-31,920,2,8,1,0,0,0,0,1,720,0
2372,2026-06-26T09:47:31.031987000Z,QoS Data,131,34,-16,920,2,8,1,0,0,0,0,1,720,0
2373,2026-06-26T09:47:31.121681000Z,Authentication,166,34,-60,920,0,11,0,0,0,0,0,0,0,0
2374,2026-06-26T09:47:31.136410000Z,Authentication,166,34,-22,920,0,11,0,0,0,0,0,0,720,0
2375,2026-06-26T09:47:31.149536000Z,Authentication,166,34,-24,920,0,11,0,0,1,0,0,0,720,0
2376,2026-06-26T09:47:31.288410000Z,QoS Data,128,34,-39,920,2,8,1,0,0,0,0,1,720,0
2378,2026-06-26T09:47:31.292661000Z,QoS Data,128,34,-26,920,2,8,0,0,0,0,0,1,720,0
2379,2026-06-26T09:47:31.295321000Z,QoS Data,128,34,-26,920,2,8,0,0,1,0,0,1,720,0
2381,2026-06-26T09:47:31.388118000Z,Data,132,34,-19,920,2,0,0,0,0,0,0,1,0,0
2382,2026-06-26T09:47:31.646007000Z,Authentication,166,34,-60,920,0,11,0,0,0,0,0,0,0,0
2383,2026-06-26T09:47:31.733277000Z,S1G Beacon,129,34,-18,920,3,1,,,,,,,0,0
2384,2026-06-26T09:47:31.875365000Z,Authentication,166,34,-59,920,0,11,0,0,0,0,0,0,0,0
2385,2026-06-26T09:47:31.886662000Z,Authentication,166,34,-19,920,0,11,0,0,0,0,0,0,720,0
2386,2026-06-26T09:47:31.892768000Z,Data,132,34,-18,920,2,0,0,0,0,0,0,1,0,0
2387,2026-06-26T09:47:31.897362000Z,Authentication,166,34,-18,920,0,11,0,0,1,0,0,0,720,0
2388,2026-06-26T09:47:31.903936000Z,Authentication,166,34,-19,920,0,11,0,0,1,0,0,0,720,0
2389,2026-06-26T09:47:31.910698000Z,Authentication,166,34,-19,920,0,11,0,0,1,0,0,0,720,0
2390,2026-06-26T09:47:32.137523000Z,Authentication,166,34,-59,920,0,11,0,0,0,0,0,0,0,0
2391,2026-06-26T09:47:32.146679000Z,Authentication,166,34,-18,920,0,11,0,0,0,0,0,0,720,0
2392,2026-06-26T09:47:32.153086000Z,Authentication,166,34,-18,920,0,11,0,0,1,0,0,0,720,0
2393,2026-06-26T09:47:32.159597000Z,Authentication,166,34,-49,920,0,11,0,0,1,0,0,0,720,0
2394,2026-06-26T09:47:32.166109000Z,Authentication,166,34,-18,920,0,11,0,0,1,0,0,0,720,0
2395,2026-06-26T09:47:32.399662000Z,Authentication,166,34,-59,920,0,11,0,0,0,0,0,0,0,0
2396,2026-06-26T09:47:32.407369000Z,Authentication,166,34,-19,920,0,11,0,0,0,0,0,0,720,0
2397,2026-06-26T09:47:32.413884000Z,Authentication,166,34,-18,920,0,11,0,0,1,0,0,0,720,0
2398,2026-06-26T09:47:32.420500000Z,Authentication,166,34,-19,920,0,11,0,0,1,0,0,0,720,0
2399,2026-06-26T09:47:32.427167000Z,Authentication,166,34,-18,920,0,11,0,0,1,0,0,0,720,0
2400,2026-06-26T09:47:32.550727000Z,S1G Beacon,61,34,-18,920,3,1,,,,,,,0,0
2401,2026-06-26T09:47:32.629056000Z,Authentication,166,34,-60,920,0,11,0,0,0,0,0,0,0,0
2402,2026-06-26T09:47:32.891193000Z,Authentication,166,34,-60,920,0,11,0,0,0,0,0,0,0,0
2403,2026-06-26T09:47:32.913117000Z,Authentication,166,34,-25,920,0,11,0,0,1,0,0,0,720,0
2404,2026-06-26T09:47:32.926550000Z,Authentication,166,34,-24,920,0,11,0,0,1,0,0,0,720,0
2405,2026-06-26T09:47:33.153351000Z,Authentication,166,34,-59,920,0,11,0,0,0,0,0,0,0,0
2406,2026-06-26T09:47:33.371706000Z,S1G Beacon,129,34,-19,920,3,1,,,,,,,0,0
2407,2026-06-26T09:47:33.391935000Z,Authentication,166,34,-60,920,0,11,0,0,0,0,0,0,0,0
2408,2026-06-26T09:47:33.644875000Z,Authentication,166,34,-61,920,0,11,0,0,0,0,0,0,0,0
2409,2026-06-26T09:47:33.656571000Z,Authentication,166,34,-16,920,0,11,0,0,0,0,0,0,720,0
2410,2026-06-26T09:47:33.663127000Z,Authentication,166,34,-16,920,0,11,0,0,1,0,0,0,720,0
2411,2026-06-26T09:47:33.669902000Z,Authentication,166,34,-17,920,0,11,0,0,1,0,0,0,720,0
2412,2026-06-26T09:47:33.676626000Z,Authentication,166,34,-17,920,0,11,0,0,1,0,0,0,720,0
2413,2026-06-26T09:47:33.773516000Z,Data,287,34,-16,920,2,0,0,0,0,0,0,1,0,0
2414,2026-06-26T09:47:33.907025000Z,Authentication,166,34,-59,920,0,11,0,0,0,0,0,0,0,0
2415,2026-06-26T09:47:33.914209000Z,Authentication,166,34,-17,920,0,11,0,0,0,0,0,0,720,0
2416,2026-06-26T09:47:33.920615000Z,Authentication,166,34,-16,920,0,11,0,0,1,0,0,0,720,0
2417,2026-06-26T09:47:33.927388000Z,Authentication,166,34,-16,920,0,11,0,0,1,0,0,0,720,0
2418,2026-06-26T09:47:33.933901000Z,Authentication,166,34,-16,920,0,11,0,0,1,0,0,0,720,0
2419,2026-06-26T09:47:34.154833000Z,Authentication,166,34,-61,920,0,11,0,0,0,0,0,0,0,0
2420,2026-06-26T09:47:34.166492000Z,Authentication,166,34,-17,920,0,11,0,0,0,0,0,0,720,0
2421,2026-06-26T09:47:34.173005000Z,Authentication,166,34,-16,920,0,11,0,0,1,0,0,0,720,0
2422,2026-06-26T09:47:34.179772000Z,Authentication,166,34,-18,920,0,11,0,0,1,0,0,0,720,0
2423,2026-06-26T09:47:34.186233000Z,Authentication,166,34,-16,920,0,11,0,0,1,0,0,0,720,0
2424,2026-06-26T09:47:34.189705000Z,S1G Beacon,61,34,-16,920,3,1,,,,,,,0,0
2425,2026-06-26T09:47:34.398552000Z,Authentication,166,34,-59,920,0,11,0,0,0,0,0,0,0,0
2426,2026-06-26T09:47:34.409642000Z,Authentication,166,34,-18,920,0,11,0,0,0,0,0,0,720,0
2427,2026-06-26T09:47:34.414907000Z,Authentication,166,34,-18,920,0,11,0,0,1,0,0,0,720,0
2428,2026-06-26T09:47:34.420634000Z,Authentication,166,34,-18,920,0,11,0,0,1,0,0,0,720,0
2429,2026-06-26T09:47:34.427090000Z,Authentication,166,34,-17,920,0,11,0,0,1,0,0,0,720,0
2430,2026-06-26T09:47:34.660727000Z,Authentication,166,34,-60,920,0,11,0,0,0,0,0,0,0,0
2431,2026-06-26T09:47:34.674494000Z,Authentication,166,34,-18,920,0,11,0,0,0,0,0,0,720,0
2432,2026-06-26T09:47:34.681212000Z,Authentication,166,34,-18,920,0,11,0,0,1,0,0,0,720,0
2433,2026-06-26T09:47:34.687829000Z,Authentication,166,34,-18,920,0,11,0,0,1,0,0,0,720,0
2434,2026-06-26T09:47:34.694497000Z,Authentication,166,34,-18,920,0,11,0,0,1,0,0,0,720,0
2435,2026-06-26T09:47:34.922855000Z,Authentication,166,34,-60,920,0,11,0,0,0,0,0,0,0,0
2436,2026-06-26T09:47:35.010212000Z,S1G Beacon,129,34,-17,920,3,1,,,,,,,0,0
2437,2026-06-26T09:47:35.154287000Z,Authentication,166,34,-60,920,0,11,0,0,0,0,0,0,0,0
2438,2026-06-26T09:47:35.166535000Z,Authentication,166,34,-16,920,0,11,0,0,0,0,0,0,720,0
2439,2026-06-26T09:47:35.173048000Z,Authentication,166,34,-16,920,0,11,0,0,1,0,0,0,720,0
2440,2026-06-26T09:47:35.179715000Z,Authentication,166,34,-15,920,0,11,0,0,1,0,0,0,720,0
2441,2026-06-26T09:47:35.414378000Z,Authentication,166,34,-62,920,0,11,0,0,0,0,0,0,0,0
2442,2026-06-26T09:47:35.421720000Z,Authentication,166,34,-16,920,0,11,0,0,0,0,0,0,720,0
2443,2026-06-26T09:47:35.428435000Z,Authentication,166,34,-16,920,0,11,0,0,1,0,0,0,720,0
2444,2026-06-26T09:47:35.434953000Z,Authentication,166,34,-15,920,0,11,0,0,1,0,0,0,720,0
2445,2026-06-26T09:47:35.441621000Z,Authentication,166,34,-15,920,0,11,0,0,1,0,0,0,720,0
2446,2026-06-26T09:47:35.676544000Z,Authentication,166,34,-61,920,0,11,0,0,0,0,0,0,0,0
2447,2026-06-26T09:47:35.686526000Z,Authentication,166,34,-16,920,0,11,0,0,0,0,0,0,720,0
2448,2026-06-26T09:47:35.693134000Z,Authentication,166,34,-15,920,0,11,0,0,1,0,0,0,720,0
2449,2026-06-26T09:47:35.699852000Z,Authentication,166,34,-15,920,0,11,0,0,1,0,0,0,720,0
2450,2026-06-26T09:47:35.706267000Z,Authentication,166,34,-16,920,0,11,0,0,1,0,0,0,720,0
2451,2026-06-26T09:47:35.827581000Z,S1G Beacon,61,34,-16,920,3,1,,,,,,,0,0
2452,2026-06-26T09:47:35.919221000Z,Authentication,166,34,-61,920,0,11,0,0,0,0,0,0,0,0
2453,2026-06-26T09:47:35.936446000Z,Authentication,166,34,-15,920,0,11,0,0,0,0,0,0,720,0
2454,2026-06-26T09:47:35.943012000Z,Authentication,166,34,-14,920,0,11,0,0,1,0,0,0,720,0
2455,2026-06-26T09:47:35.949573000Z,Authentication,166,34,-15,920,0,11,0,0,1,0,0,0,720,0
2456,2026-06-26T09:47:35.956082000Z,Authentication,166,34,-15,920,0,11,0,0,1,0,0,0,720,0
2457,2026-06-26T09:47:36.048718000Z,QoS Data,149,34,-18,920,2,8,1,0,0,0,0,1,720,0
2459,2026-06-26T09:47:36.051081000Z,QoS Data,149,34,-20,920,2,8,0,0,0,0,0,1,720,0
2461,2026-06-26T09:47:36.056786000Z,QoS Data,131,34,-16,920,2,8,1,0,0,0,0,1,720,0
2463,2026-06-26T09:47:36.059583000Z,QoS Data,131,34,-20,920,2,8,0,0,0,0,0,1,720,0
2465,2026-06-26T09:47:36.168069000Z,Authentication,166,34,-60,920,0,11,0,0,0,0,0,0,0,0
2466,2026-06-26T09:47:36.176548000Z,Authentication,166,34,-14,920,0,11,0,0,0,0,0,0,720,0
2467,2026-06-26T09:47:36.183061000Z,Authentication,166,34,-15,920,0,11,0,0,1,0,0,0,720,0
2468,2026-06-26T09:47:36.189831000Z,Authentication,166,34,-15,920,0,11,0,0,1,0,0,0,720,0
2469,2026-06-26T09:47:36.196236000Z,Authentication,166,34,-14,920,0,11,0,0,1,0,0,0,720,0
2470,2026-06-26T09:47:36.288477000Z,QoS Data,128,34,-16,920,2,8,1,0,0,0,0,1,720,0
2472,2026-06-26T09:47:36.290750000Z,QoS Data,128,34,-19,920,2,8,0,0,0,0,0,1,720,0
2473,2026-06-26T09:47:36.294022000Z,QoS Data,128,34,-19,920,2,8,0,0,1,0,0,1,720,0
2475,2026-06-26T09:47:36.430206000Z,Authentication,166,34,-59,920,0,11,0,0,0,0,0,0,0,0
2476,2026-06-26T09:47:36.446441000Z,Authentication,166,34,-15,920,0,11,0,0,0,0,0,0,720,0
2477,2026-06-26T09:47:36.453058000Z,Authentication,166,34,-15,920,0,11,0,0,1,0,0,0,720,0
2478,2026-06-26T09:47:36.459620000Z,Authentication,166,34,-15,920,0,11,0,0,1,0,0,0,720,0
2479,2026-06-26T09:47:36.466339000Z,Authentication,166,34,-15,920,0,11,0,0,1,0,0,0,720,0
2480,2026-06-26T09:47:36.648614000Z,S1G Beacon,129,34,-16,920,3,1,,,,,,,0,0
2481,2026-06-26T09:47:36.692355000Z,Authentication,166,34,-60,920,0,11,0,0,0,0,0,0,0,0
2482,2026-06-26T09:47:36.706478000Z,Authentication,166,34,-14,920,0,11,0,0,0,0,0,0,720,0
2483,2026-06-26T09:47:36.712968000Z,Authentication,166,34,-15,920,0,11,0,0,1,0,0,0,720,0
2484,2026-06-26T09:47:36.719716000Z,Authentication,166,34,-14,920,0,11,0,0,1,0,0,0,720,0
2485,2026-06-26T09:47:36.726278000Z,Authentication,166,34,-15,920,0,11,0,0,1,0,0,0,720,0
2486,2026-06-26T09:47:36.797637000Z,Data,287,34,-16,920,2,0,0,0,0,0,0,1,0,0
2487,2026-06-26T09:47:36.921752000Z,Authentication,166,34,-60,920,0,11,0,0,0,0,0,0,0,0
2488,2026-06-26T09:47:37.183891000Z,Authentication,166,34,-60,920,0,11,0,0,0,0,0,0,0,0
2489,2026-06-26T09:47:37.446038000Z,Authentication,166,34,-62,920,0,11,0,0,0,0,0,0,0,0
2490,2026-06-26T09:47:37.456555000Z,Authentication,166,34,-16,920,0,11,0,0,0,0,0,0,720,0
2491,2026-06-26T09:47:37.462960000Z,Authentication,166,34,-16,920,0,11,0,0,1,0,0,0,720,0
2492,2026-06-26T09:47:37.466449000Z,S1G Beacon,61,34,-16,920,3,1,,,,,,,0,0
2493,2026-06-26T09:47:37.471146000Z,Authentication,166,34,-15,920,0,11,0,0,1,0,0,0,720,0
2494,2026-06-26T09:47:37.477916000Z,Authentication,166,34,-15,920,0,11,0,0,1,0,0,0,720,0
2495,2026-06-26T09:47:37.681568000Z,Authentication,166,34,-60,920,0,11,0,0,0,0,0,0,0,0
2496,2026-06-26T09:47:37.696593000Z,Authentication,166,34,-15,920,0,11,0,0,0,0,0,0,720,0
2497,2026-06-26T09:47:37.703155000Z,Authentication,166,34,-15,920,0,11,0,0,1,0,0,0,720,0
2498,2026-06-26T09:47:37.709613000Z,Authentication,166,34,-15,920,0,11,0,0,1,0,0,0,720,0
2499,2026-06-26T09:47:37.716072000Z,Authentication,166,34,-16,920,0,11,0,0,1,0,0,0,720,0
2500,2026-06-26T09:47:37.937572000Z,Authentication,166,34,-60,920,0,11,0,0,0,0,0,0,0,0
2501,2026-06-26T09:47:37.946585000Z,Authentication,166,34,-15,920,0,11,0,0,0,0,0,0,720,0
2502,2026-06-26T09:47:37.953029000Z,Authentication,166,34,-16,920,0,11,0,0,1,0,0,0,720,0
2503,2026-06-26T09:47:37.959590000Z,Authentication,166,34,-16,920,0,11,0,0,1,0,0,0,720,0
2504,2026-06-26T09:47:37.966110000Z,Authentication,166,34,-16,920,0,11,0,0,1,0,0,0,720,0
2505,2026-06-26T09:47:38.199728000Z,Authentication,166,34,-60,920,0,11,0,0,0,0,0,0,0,0
2506,2026-06-26T09:47:38.209766000Z,Authentication,166,34,-15,920,0,11,0,0,0,0,0,0,720,0
2507,2026-06-26T09:47:38.216226000Z,Authentication,166,34,-15,920,0,11,0,0,1,0,0,0,720,0
2508,2026-06-26T09:47:38.222783000Z,Authentication,166,34,-16,920,0,11,0,0,1,0,0,0,720,0
2509,2026-06-26T09:47:38.229292000Z,Authentication,166,34,-15,920,0,11,0,0,1,0,0,0,720,0
2510,2026-06-26T09:47:38.287064000Z,S1G Beacon,129,34,-15,920,3,1,,,,,,,0,0
2511,2026-06-26T09:47:38.439334000Z,Authentication,166,34,-62,920,0,11,0,0,0,0,0,0,0,0
2512,2026-06-26T09:47:38.953418000Z,Authentication,166,34,-60,920,0,11,0,0,0,0,0,0,0,0
2513,2026-06-26T09:47:38.967025000Z,Authentication,166,34,-15,920,0,11,0,0,0,0,0,0,720,0
2514,2026-06-26T09:47:38.973756000Z,Authentication,166,34,-16,920,0,11,0,0,1,0,0,0,720,0
2515,2026-06-26T09:47:38.979945000Z,Authentication,166,34,-15,920,0,11,0,0,1,0,0,0,720,0
2516,2026-06-26T09:47:38.986353000Z,Authentication,166,34,-16,920,0,11,0,0,1,0,0,0,720,0
2517,2026-06-26T09:47:39.206337000Z,Authentication,166,34,-60,920,0,11,0,0,0,0,0,0,0,0
2518,2026-06-26T09:47:39.216583000Z,Authentication,166,34,-17,920,0,11,0,0,0,0,0,0,720,0
2519,2026-06-26T09:47:39.223349000Z,Authentication,166,34,-16,920,0,11,0,0,1,0,0,0,720,0
2520,2026-06-26T09:47:39.229863000Z,Authentication,166,34,-15,920,0,11,0,0,1,0,0,0,720,0
2521,2026-06-26T09:47:39.236635000Z,Authentication,166,34,-15,920,0,11,0,0,1,0,0,0,720,0
2522,2026-06-26T09:47:39.444923000Z,Authentication,166,34,-62,920,0,11,0,0,0,0,0,0,0,0
2523,2026-06-26T09:47:39.707081000Z,Authentication,166,34,-60,920,0,11,0,0,0,0,0,0,0,0
2524,2026-06-26T09:47:39.716597000Z,Authentication,166,34,-16,920,0,11,0,0,0,0,0,0,720,0
2525,2026-06-26T09:47:39.723062000Z,Authentication,166,34,-15,920,0,11,0,0,1,0,0,0,720,0
2526,2026-06-26T09:47:39.736185000Z,Authentication,166,34,-17,920,0,11,0,0,1,0,0,0,720,0
2527,2026-06-26T09:47:39.821582000Z,Data,287,34,-15,920,2,0,0,0,0,0,0,1,0,0
2528,2026-06-26T09:47:39.925530000Z,S1G Beacon,129,34,-15,920,3,1,,,,,,,0,0
2529,2026-06-26T09:47:39.969223000Z,Authentication,166,34,-61,920,0,11,0,0,0,0,0,0,0,0
2530,2026-06-26T09:47:40.206808000Z,Authentication,166,34,-60,920,0,11,0,0,0,0,0,0,0,0
2531,2026-06-26T09:47:40.216632000Z,Authentication,166,34,-15,920,0,11,0,0,0,0,0,0,720,0
2532,2026-06-26T09:47:40.223100000Z,Authentication,166,34,-14,920,0,11,0,0,1,0,0,0,720,0
2533,2026-06-26T09:47:40.229758000Z,Authentication,166,34,-15,920,0,11,0,0,1,0,0,0,720,0
2534,2026-06-26T09:47:40.236543000Z,Authentication,166,34,-15,920,0,11,0,0,1,0,0,0,720,0
2535,2026-06-26T09:47:40.296393000Z,Data,378,34,-14,920,2,0,0,0,0,0,0,1,0,0
2536,2026-06-26T09:47:40.400332000Z,Data,387,34,-16,920,2,0,0,0,0,0,0,1,0,0
2537,2026-06-26T09:47:40.460752000Z,Authentication,166,34,-60,920,0,11,0,0,0,0,0,0,0,0
2538,2026-06-26T09:47:40.476627000Z,Authentication,166,34,-15,920,0,11,0,0,0,0,0,0,720,0
2539,2026-06-26T09:47:40.483291000Z,Authentication,166,34,-16,920,0,11,0,0,1,0,0,0,720,0
2540,2026-06-26T09:47:40.489960000Z,Authentication,166,34,-14,920,0,11,0,0,1,0,0,0,720,0
2541,2026-06-26T09:47:40.496164000Z,Authentication,166,34,-16,920,0,11,0,0,1,0,0,0,720,0
2542,2026-06-26T09:47:40.510800000Z,Data,450,34,-15,920,2,0,0,0,0,0,0,1,0,0
2543,2026-06-26T09:47:40.610008000Z,Data,442,34,-15,920,2,0,0,0,0,0,0,1,0,0
2544,2026-06-26T09:47:40.712736000Z,Data,387,34,-15,920,2,0,0,0,0,0,0,1,0,0
2545,2026-06-26T09:47:40.722902000Z,Authentication,166,34,-59,920,0,11,0,0,0,0,0,0,0,0
2546,2026-06-26T09:47:40.734718000Z,Authentication,166,34,-16,920,0,11,0,0,0,0,0,0,720,0
2547,2026-06-26T09:47:40.742944000Z,S1G Beacon,61,34,-14,920,3,1,,,,,,,0,0
2548,2026-06-26T09:47:40.747537000Z,Authentication,166,34,-16,920,0,11,0,0,1,0,0,0,720,0
2549,2026-06-26T09:47:40.752859000Z,Authentication,166,34,-16,920,0,11,0,0,1,0,0,0,720,0
2550,2026-06-26T09:47:40.759367000Z,Authentication,166,34,-14,920,0,11,0,0,1,0,0,0,720,0
2551,2026-06-26T09:47:40.817408000Z,Data,426,34,-14,920,2,0,0,0,0,0,0,1,0,0
2552,2026-06-26T09:47:40.922497000Z,Data,458,34,-15,920,2,0,0,0,0,0,0,1,0,0
2553,2026-06-26T09:47:40.968675000Z,Authentication,166,34,-60,920,0,11,0,0,0,0,0,0,0,0
2554,2026-06-26T09:47:41.024562000Z,Data,387,34,-15,920,2,0,0,0,0,0,0,1,0,0
2555,2026-06-26T09:47:41.072729000Z,QoS Data,149,34,-18,920,2,8,1,0,0,0,0,1,720,0
2557,2026-06-26T09:47:41.079351000Z,QoS Data,149,34,-20,920,2,8,0,0,1,0,0,1,720,0
2559,2026-06-26T09:47:41.084950000Z,QoS Data,131,34,-19,920,2,8,1,0,0,0,0,1,720,0
2561,2026-06-26T09:47:41.087694000Z,QoS Data,131,34,-20,920,2,8,0,0,0,0,0,1,720,0
2563,2026-06-26T09:47:41.090040000Z,QoS Data,131,34,-19,920,2,8,0,0,1,0,0,1,720,0
2565,2026-06-26T09:47:41.129917000Z,Data,446,34,-15,920,2,0,0,0,0,0,0,1,0,0
2566,2026-06-26T09:47:41.234032000Z,Data,440,34,-16,920,2,0,0,0,0,0,0,1,0,0
2567,2026-06-26T09:47:41.289553000Z,QoS Data,128,34,-19,920,2,8,1,0,0,0,0,1,720,0
2570,2026-06-26T09:47:41.336500000Z,Data,387,34,-16,920,2,0,0,0,0,0,0,1,0,0
2571,2026-06-26T09:47:41.441850000Z,Data,442,34,-17,920,2,0,0,0,0,0,0,1,0,0
2572,2026-06-26T09:47:41.476575000Z,Authentication,166,34,-61,920,0,11,0,0,0,0,0,0,0,0
2573,2026-06-26T09:47:41.546229000Z,Data,452,34,-18,920,2,0,0,0,0,0,0,1,0,0
2574,2026-06-26T09:47:41.563963000Z,S1G Beacon,129,34,-16,920,3,1,,,,,,,0,0
2575,2026-06-26T09:47:41.736160000Z,Authentication,166,34,-59,920,0,11,0,0,0,0,0,0,0,0
2576,2026-06-26T09:47:41.746677000Z,Authentication,166,34,-16,920,0,11,0,0,0,0,0,0,720,0
2577,2026-06-26T09:47:41.753399000Z,Authentication,166,34,-18,920,0,11,0,0,1,0,0,0,720,0
2578,2026-06-26T09:47:41.760129000Z,Authentication,166,34,-18,920,0,11,0,0,1,0,0,0,720,0
2579,2026-06-26T09:47:41.766529000Z,Authentication,166,34,-18,920,0,11,0,0,1,0,0,0,720,0
2580,2026-06-26T09:47:41.968120000Z,Authentication,166,34,-60,920,0,11,0,0,0,0,0,0,0,0
2581,2026-06-26T09:47:42.230267000Z,Authentication,166,34,-59,920,0,11,0,0,0,0,0,0,0,0
2582,2026-06-26T09:47:42.246600000Z,Authentication,166,34,-15,920,0,11,0,0,0,0,0,0,720,0
2583,2026-06-26T09:47:42.253315000Z,Authentication,166,34,-14,920,0,11,0,0,1,0,0,0,720,0
2584,2026-06-26T09:47:42.259983000Z,Authentication,166,34,-15,920,0,11,0,0,1,0,0,0,720,0
2585,2026-06-26T09:47:42.266756000Z,Authentication,166,34,-15,920,0,11,0,0,1,0,0,0,720,0
2586,2026-06-26T09:47:42.381381000Z,S1G Beacon,61,34,-14,920,3,1,,,,,,,0,0
2587,2026-06-26T09:47:42.492416000Z,Authentication,166,34,-61,920,0,11,0,0,0,0,0,0,0,0
2588,2026-06-26T09:47:42.506667000Z,Authentication,166,34,-15,920,0,11,0,0,0,0,0,0,720,0
2589,2026-06-26T09:47:42.513338000Z,Authentication,166,34,-14,920,0,11,0,0,1,0,0,0,720,0
2590,2026-06-26T09:47:42.519744000Z,Authentication,166,34,-15,920,0,11,0,0,1,0,0,0,720,0
2591,2026-06-26T09:47:42.526360000Z,Authentication,166,34,-14,920,0,11,0,0,1,0,0,0,720,0
2592,2026-06-26T09:47:42.721786000Z,Authentication,166,34,-60,920,0,11,0,0,0,0,0,0,0,0
2593,2026-06-26T09:47:42.736674000Z,Authentication,166,34,-15,920,0,11,0,0,0,0,0,0,720,0
2594,2026-06-26T09:47:42.743341000Z,Authentication,166,34,-14,920,0,11,0,0,1,0,0,0,720,0
2595,2026-06-26T09:47:42.750057000Z,Authentication,166,34,-14,920,0,11,0,0,1,0,0,0,720,0
2596,2026-06-26T09:47:42.756669000Z,Authentication,166,34,-14,920,0,11,0,0,1,0,0,0,720,0
2597,2026-06-26T09:47:42.845745000Z,Data,287,34,-15,920,2,0,0,0,0,0,0,1,0,0
2598,2026-06-26T09:47:42.983961000Z,Authentication,166,34,-60,920,0,11,0,0,0,0,0,0,0,0
2599,2026-06-26T09:47:42.996741000Z,Authentication,166,34,-15,920,0,11,0,0,0,0,0,0,720,0
2600,2026-06-26T09:47:43.003251000Z,Authentication,166,34,-15,920,0,11,0,0,1,0,0,0,720,0
2601,2026-06-26T09:47:43.009659000Z,Authentication,166,34,-15,920,0,11,0,0,1,0,0,0,720,0
2602,2026-06-26T09:47:43.016071000Z,Authentication,166,34,-15,920,0,11,0,0,1,0,0,0,720,0
2603,2026-06-26T09:47:43.202418000Z,S1G Beacon,129,34,-14,920,3,1,,,,,,,0,0
2604,2026-06-26T09:47:43.246081000Z,Authentication,166,34,-60,920,0,11,0,0,0,0,0,0,0,0
2605,2026-06-26T09:47:43.256914000Z,Authentication,166,34,-16,920,0,11,0,0,0,0,0,0,720,0
2606,2026-06-26T09:47:43.270092000Z,Authentication,166,34,-15,920,0,11,0,0,1,0,0,0,720,0
2607,2026-06-26T09:47:43.276552000Z,Authentication,166,34,-14,920,0,11,0,0,1,0,0,0,720,0
2608,2026-06-26T09:47:43.487767000Z,Authentication,166,34,-60,920,0,11,0,0,0,0,0,0,0,0
2609,2026-06-26T09:47:43.496649000Z,Authentication,166,34,-14,920,0,11,0,0,0,0,0,0,720,0
2610,2026-06-26T09:47:43.503422000Z,Authentication,166,34,-15,920,0,11,0,0,1,0,0,0,720,0
2611,2026-06-26T09:47:43.509984000Z,Authentication,166,34,-14,920,0,11,0,0,1,0,0,0,720,0
2612,2026-06-26T09:47:43.516704000Z,Authentication,166,34,-15,920,0,11,0,0,1,0,0,0,720,0
2613,2026-06-26T09:47:43.737614000Z,Authentication,166,34,-60,920,0,11,0,0,0,0,0,0,0,0
2614,2026-06-26T09:47:43.746675000Z,Authentication,166,34,-15,920,0,11,0,0,0,0,0,0,720,0
2615,2026-06-26T09:47:43.753450000Z,Authentication,166,34,-14,920,0,11,0,0,1,0,0,0,720,0
2616,2026-06-26T09:47:43.760066000Z,Authentication,166,34,-16,920,0,11,0,0,1,0,0,0,720,0
2617,2026-06-26T09:47:43.766470000Z,Authentication,166,34,-14,920,0,11,0,0,1,0,0,0,720,0
2618,2026-06-26T09:47:43.999800000Z,Authentication,166,34,-61,920,0,11,0,0,0,0,0,0,0,0
2619,2026-06-26T09:47:44.011800000Z,Authentication,166,34,-14,920,0,11,0,0,0,0,0,0,720,0
2620,2026-06-26T09:47:44.019829000Z,S1G Beacon,61,34,-14,920,3,1,,,,,,,0,0
2621,2026-06-26T09:47:44.024430000Z,Authentication,166,34,-15,920,0,11,0,0,1,0,0,0,720,0
2622,2026-06-26T09:47:44.030834000Z,Authentication,166,34,-16,920,0,11,0,0,1,0,0,0,720,0
2623,2026-06-26T09:47:44.037595000Z,Authentication,166,34,-15,920,0,11,0,0,1,0,0,0,720,0
2624,2026-06-26T09:47:44.256723000Z,Authentication,166,34,-15,920,0,11,0,0,0,0,0,0,720,0
2625,2026-06-26T09:47:44.263428000Z,Authentication,166,34,-14,920,0,11,0,0,1,0,0,0,720,0
2626,2026-06-26T09:47:44.269833000Z,Authentication,166,34,-14,920,0,11,0,0,1,0,0,0,720,0
2627,2026-06-26T09:47:44.276398000Z,Authentication,166,34,-15,920,0,11,0,0,1,0,0,0,720,0
2628,2026-06-26T09:47:44.491302000Z,Authentication,166,34,-61,920,0,11,0,0,0,0,0,0,0,0
2629,2026-06-26T09:47:44.753440000Z,Authentication,166,34,-61,920,0,11,0,0,0,0,0,0,0,0
2630,2026-06-26T09:47:44.764533000Z,Authentication,166,34,-16,920,0,11,0,0,0,0,0,0,720,0
2631,2026-06-26T09:47:44.771048000Z,Authentication,166,34,-16,920,0,11,0,0,1,0,0,0,720,0
2632,2026-06-26T09:47:44.777557000Z,Authentication,166,34,-16,920,0,11,0,0,1,0,0,0,720,0
2633,2026-06-26T09:47:44.784115000Z,Authentication,166,34,-16,920,0,11,0,0,1,0,0,0,720,0
2634,2026-06-26T09:47:44.840858000Z,S1G Beacon,129,34,-16,920,3,1,,,,,,,0,0
2635,2026-06-26T09:47:45.015598000Z,Authentication,166,34,-63,920,0,11,0,0,0,0,0,0,0,0
2636,2026-06-26T09:47:45.258307000Z,Authentication,166,34,-59,920,0,11,0,0,0,0,0,0,0,0
2637,2026-06-26T09:47:45.266771000Z,Authentication,166,34,-15,920,0,11,0,0,0,0,0,0,720,0
2638,2026-06-26T09:47:45.273336000Z,Authentication,166,34,-15,920,0,11,0,0,1,0,0,0,720,0
2639,2026-06-26T09:47:45.279635000Z,Authentication,166,34,-15,920,0,11,0,0,1,0,0,0,720,0
2640,2026-06-26T09:47:45.286251000Z,Authentication,166,34,-15,920,0,11,0,0,1,0,0,0,720,0
2641,2026-06-26T09:47:45.507136000Z,Authentication,166,34,-61,920,0,11,0,0,0,0,0,0,0,0
2642,2026-06-26T09:47:45.516774000Z,Authentication,166,34,-16,920,0,11,0,0,0,0,0,0,720,0
2643,2026-06-26T09:47:45.523264000Z,Authentication,166,34,-15,920,0,11,0,0,1,0,0,0,720,0
2644,2026-06-26T09:47:45.529046000Z,Authentication,166,34,-16,920,0,11,0,0,1,0,0,0,720,0
2645,2026-06-26T09:47:45.535661000Z,Authentication,166,34,-15,920,0,11,0,0,1,0,0,0,720,0
2646,2026-06-26T09:47:45.658284000Z,S1G Beacon,61,34,-15,920,3,1,,,,,,,0,0
2647,2026-06-26T09:47:45.769269000Z,Authentication,166,34,-60,920,0,11,0,0,0,0,0,0,0,0
2648,2026-06-26T09:47:45.786916000Z,Authentication,166,34,-16,920,0,11,0,0,0,0,0,0,720,0
2649,2026-06-26T09:47:45.793375000Z,Authentication,166,34,-17,920,0,11,0,0,1,0,0,0,720,0
2650,2026-06-26T09:47:45.799209000Z,Authentication,166,34,-16,920,0,11,0,0,1,0,0,0,720,0
2651,2026-06-26T09:47:45.805771000Z,Authentication,166,34,-17,920,0,11,0,0,1,0,0,0,720,0
2652,2026-06-26T09:47:45.869911000Z,Data,287,34,-16,920,2,0,0,0,0,0,0,1,0,0
2653,2026-06-26T09:47:46.023233000Z,Authentication,166,34,-61,920,0,11,0,0,0,0,0,0,0,0
2654,2026-06-26T09:47:46.036758000Z,Authentication,166,34,-15,920,0,11,0,0,0,0,0,0,720,0
2655,2026-06-26T09:47:46.043531000Z,Authentication,166,34,-15,920,0,11,0,0,1,0,0,0,720,0
2656,2026-06-26T09:47:46.050201000Z,Authentication,166,34,-15,920,0,11,0,0,1,0,0,0,720,0
2657,2026-06-26T09:47:46.056037000Z,Authentication,166,34,-15,920,0,11,0,0,1,0,0,0,720,0
2658,2026-06-26T09:47:46.100749000Z,QoS Data,149,34,-15,920,2,8,1,0,0,0,0,1,720,0
2660,2026-06-26T09:47:46.103350000Z,QoS Data,149,34,-19,920,2,8,0,0,0,0,0,1,720,0
2661,2026-06-26T09:47:46.107278000Z,QoS Data,149,34,-18,920,2,8,0,0,1,0,0,1,720,0
2662,2026-06-26T09:47:46.110472000Z,QoS Data,149,34,-20,920,2,8,0,0,1,0,0,1,720,0
2664,2026-06-26T09:47:46.116019000Z,QoS Data,131,34,-18,920,2,8,1,0,0,0,0,1,720,0
2666,2026-06-26T09:47:46.118590000Z,QoS Data,131,34,-20,920,2,8,0,0,0,0,0,1,720,0
2668,2026-06-26T09:47:46.260817000Z,Authentication,166,34,-60,920,0,11,0,0,0,0,0,0,0,0
2669,2026-06-26T09:47:46.271693000Z,Authentication,166,34,-14,920,0,11,0,0,0,0,0,0,720,0
2670,2026-06-26T09:47:46.278246000Z,Authentication,166,34,-15,920,0,11,0,0,1,0,0,0,720,0
2671,2026-06-26T09:47:46.284812000Z,Authentication,166,34,-14,920,0,11,0,0,1,0,0,0,720,0
2672,2026-06-26T09:47:46.291584000Z,Authentication,166,34,-15,920,0,11,0,0,1,0,0,0,720,0
2673,2026-06-26T09:47:46.293590000Z,QoS Data,128,34,-16,920,2,8,1,0,0,0,0,1,720,0
2674,2026-06-26T09:47:46.297228000Z,QoS Data,128,34,-15,920,2,8,1,0,1,0,0,1,720,0
2676,2026-06-26T09:47:46.301573000Z,QoS Data,128,34,-18,920,2,8,0,0,0,0,0,1,720,0
2678,2026-06-26T09:47:46.479324000Z,S1G Beacon,129,34,-15,920,3,1,,,,,,,0,0
2679,2026-06-26T09:47:46.522954000Z,Authentication,166,34,-60,920,0,11,0,0,0,0,0,0,0,0
2680,2026-06-26T09:47:46.536783000Z,Authentication,166,34,-14,920,0,11,0,0,0,0,0,0,720,0
2681,2026-06-26T09:47:46.543186000Z,Authentication,166,34,-14,920,0,11,0,0,1,0,0,0,720,0
2682,2026-06-26T09:47:46.548656000Z,Authentication,166,34,-15,920,0,11,0,0,1,0,0,0,720,0
2683,2026-06-26T09:47:46.555130000Z,Authentication,166,34,-15,920,0,11,0,0,1,0,0,0,720,0
2684,2026-06-26T09:47:46.785100000Z,Authentication,166,34,-62,920,0,11,0,0,0,0,0,0,0,0
2685,2026-06-26T09:47:47.032921000Z,Authentication,166,34,-61,920,0,11,0,0,0,0,0,0,0,0
2687,2026-06-26T09:47:47.066866000Z,Authentication,166,34,-17,920,0,11,0,0,0,0,0,0,720,0
2688,2026-06-26T09:47:47.073326000Z,Authentication,166,34,-17,920,0,11,0,0,1,0,0,0,720,0
2689,2026-06-26T09:47:47.079889000Z,Authentication,166,34,-16,920,0,11,0,0,1,0,0,0,720,0
2690,2026-06-26T09:47:47.086452000Z,Authentication,166,34,-16,920,0,11,0,0,1,0,0,0,720,0
2693,2026-06-26T09:47:47.276654000Z,Authentication,166,34,-60,920,0,11,0,0,0,0,0,0,0,0
2694,2026-06-26T09:47:47.286806000Z,Authentication,166,34,-16,920,0,11,0,0,0,0,0,0,720,0
2695,2026-06-26T09:47:47.293355000Z,Authentication,166,34,-16,920,0,11,0,0,1,0,0,0,720,0
2696,2026-06-26T09:47:47.296788000Z,S1G Beacon,61,34,-16,920,3,1,,,,,,,0,0
2697,2026-06-26T09:47:47.301956000Z,Authentication,166,34,-16,920,0,11,0,0,1,0,0,0,720,0
2698,2026-06-26T09:47:47.308676000Z,Authentication,166,34,-17,920,0,11,0,0,1,0,0,0,720,0
2699,2026-06-26T09:47:47.538788000Z,Authentication,166,34,-60,920,0,11,0,0,0,0,0,0,0,0
2700,2026-06-26T09:47:47.547012000Z,Authentication,166,34,-17,920,0,11,0,0,0,0,0,0,720,0
2701,2026-06-26T09:47:47.553475000Z,Authentication,166,34,-16,920,0,11,0,0,1,0,0,0,720,0
2702,2026-06-26T09:47:47.559930000Z,Authentication,166,34,-15,920,0,11,0,0,1,0,0,0,720,0
2703,2026-06-26T09:47:47.566443000Z,Authentication,166,34,-15,920,0,11,0,0,1,0,0,0,720,0
2704,2026-06-26T09:47:47.615736000Z,Disassociation,64,34,-16,920,0,10,0,0,0,0,0,0,720,0
2705,2026-06-26T09:47:47.619522000Z,Disassociation,64,34,-16,920,0,10,0,0,1,0,0,0,720,0
2706,2026-06-26T09:47:47.623471000Z,Disassociation,64,34,-16,920,0,10,0,0,1,0,0,0,720,0
2707,2026-06-26T09:47:47.627267000Z,Disassociation,64,34,-15,920,0,10,0,0,1,0,0,0,720,0
2708,2026-06-26T09:47:47.788638000Z,Authentication,166,34,-61,920,0,11,0,0,0,0,0,0,0,0
2709,2026-06-26T09:47:48.030319000Z,Authentication,166,34,-61,920,0,11,0,0,0,0,0,0,0,0
2710,2026-06-26T09:47:48.046759000Z,Authentication,166,34,-18,920,0,11,0,0,0,0,0,0,720,0
2711,2026-06-26T09:47:48.053424000Z,Authentication,166,34,-16,920,0,11,0,0,1,0,0,0,720,0
2712,2026-06-26T09:47:48.059983000Z,Authentication,166,34,-16,920,0,11,0,0,1,0,0,0,720,0
2713,2026-06-26T09:47:48.066441000Z,Authentication,166,34,-16,920,0,11,0,0,1,0,0,0,720,0
2714,2026-06-26T09:47:48.117765000Z,S1G Beacon,129,34,-16,920,3,1,,,,,,,0,0
2715,2026-06-26T09:47:48.292467000Z,Authentication,166,34,-60,920,0,11,0,0,0,0,0,0,0,0
2716,2026-06-26T09:47:48.554625000Z,Authentication,166,34,-60,920,0,11,0,0,0,0,0,0,0,0
2717,2026-06-26T09:47:48.566803000Z,Authentication,166,34,-15,920,0,11,0,0,0,0,0,0,720,0
2718,2026-06-26T09:47:48.573465000Z,Authentication,166,34,-15,920,0,11,0,0,1,0,0,0,720,0
2719,2026-06-26T09:47:48.580028000Z,Authentication,166,34,-15,920,0,11,0,0,1,0,0,0,720,0
2720,2026-06-26T09:47:48.586583000Z,Authentication,166,34,-15,920,0,11,0,0,1,0,0,0,720,0
2721,2026-06-26T09:47:48.793214000Z,Authentication,166,34,-60,920,0,11,0,0,0,0,0,0,0,0
2722,2026-06-26T09:47:48.806807000Z,Authentication,166,34,-17,920,0,11,0,0,0,0,0,0,720,0
2723,2026-06-26T09:47:48.813211000Z,Authentication,166,34,-17,920,0,11,0,0,1,0,0,0,720,0
2724,2026-06-26T09:47:48.819670000Z,Authentication,166,34,-15,920,0,11,0,0,1,0,0,0,720,0
2725,2026-06-26T09:47:48.826091000Z,Authentication,166,34,-16,920,0,11,0,0,1,0,0,0,720,0
2726,2026-06-26T09:47:48.895479000Z,Data,287,34,-16,920,2,0,0,0,0,0,0,1,0,0
2727,2026-06-26T09:47:48.935189000Z,S1G Beacon,61,34,-16,920,3,1,,,,,,,0,0
2728,2026-06-26T09:47:49.046137000Z,Authentication,166,34,-60,920,0,11,0,0,0,0,0,0,0,0
2729,2026-06-26T09:47:49.056813000Z,Authentication,166,34,-15,920,0,11,0,0,0,0,0,0,720,0
2730,2026-06-26T09:47:49.063379000Z,Authentication,166,34,-16,920,0,11,0,0,1,0,0,0,720,0
2731,2026-06-26T09:47:49.069838000Z,Authentication,166,34,-15,920,0,11,0,0,1,0,0,0,720,0
2732,2026-06-26T09:47:49.076605000Z,Authentication,166,34,-16,920,0,11,0,0,1,0,0,0,720,0
2733,2026-06-26T09:47:49.308326000Z,Authentication,166,34,-60,920,0,11,0,0,0,0,0,0,0,0
2734,2026-06-26T09:47:49.317012000Z,Authentication,166,34,-17,920,0,11,0,0,0,0,0,0,720,0
2735,2026-06-26T09:47:49.323574000Z,Authentication,166,34,-16,920,0,11,0,0,1,0,0,0,720,0
2736,2026-06-26T09:47:49.330198000Z,Authentication,166,34,-15,920,0,11,0,0,1,0,0,0,720,0
2737,2026-06-26T09:47:49.335968000Z,Authentication,166,34,-16,920,0,11,0,0,1,0,0,0,720,0
2738,2026-06-26T09:47:49.570441000Z,Authentication,166,34,-64,920,0,11,0,0,0,0,0,0,0,0
2739,2026-06-26T09:47:49.586426000Z,Authentication,166,34,-17,920,0,11,0,0,0,0,0,0,720,0
2740,2026-06-26T09:47:49.592992000Z,Authentication,166,34,-18,920,0,11,0,0,1,0,0,0,720,0
2741,2026-06-26T09:47:49.599753000Z,Authentication,166,34,-16,920,0,11,0,0,1,0,0,0,720,0
2742,2026-06-26T09:47:49.605649000Z,Authentication,166,34,-16,920,0,11,0,0,1,0,0,0,720,0
2743,2026-06-26T09:47:49.756237000Z,S1G Beacon,129,34,-16,920,3,1,,,,,,,0,0
2744,2026-06-26T09:47:49.803916000Z,Authentication,166,34,-60,920,0,11,0,0,0,0,0,0,0,0
2745,2026-06-26T09:47:49.816833000Z,Authentication,166,34,-17,920,0,11,0,0,0,0,0,0,720,0
2746,2026-06-26T09:47:49.822085000Z,Authentication,166,34,-16,920,0,11,0,0,1,0,0,0,720,0
2747,2026-06-26T09:47:49.828544000Z,Authentication,166,34,-15,920,0,11,0,0,1,0,0,0,720,0
2748,2026-06-26T09:47:49.834951000Z,Authentication,166,34,-15,920,0,11,0,0,1,0,0,0,720,0
2749,2026-06-26T09:47:50.061963000Z,Authentication,166,34,-61,920,0,11,0,0,0,0,0,0,0,0
2750,2026-06-26T09:47:50.324136000Z,Authentication,166,34,-60,920,0,11,0,0,0,0,0,0,0,0
2751,2026-06-26T09:47:50.334255000Z,Authentication,166,34,-15,920,0,11,0,0,0,0,0,0,720,0
2752,2026-06-26T09:47:50.340971000Z,Authentication,166,34,-14,920,0,11,0,0,1,0,0,0,720,0
2753,2026-06-26T09:47:50.347638000Z,Authentication,166,34,-14,920,0,11,0,0,1,0,0,0,720,0
2754,2026-06-26T09:47:50.353527000Z,Authentication,166,34,-15,920,0,11,0,0,1,0,0,0,720,0
2755,2026-06-26T09:47:50.569880000Z,Authentication,166,34,-62,920,0,11,0,0,0,0,0,0,0,0
2756,2026-06-26T09:47:50.573638000Z,S1G Beacon,61,34,-15,920,3,1,,,,,,,0,0
2757,2026-06-26T09:47:50.815650000Z,Authentication,166,34,-61,920,0,11,0,0,0,0,0,0,0,0
2758,2026-06-26T09:47:51.077796000Z,Authentication,166,34,-61,920,0,11,0,0,0,0,0,0,0,0
2759,2026-06-26T09:47:51.086855000Z,Authentication,166,34,-15,920,0,11,0,0,0,0,0,0,720,0
2760,2026-06-26T09:47:51.093521000Z,Authentication,166,34,-16,920,0,11,0,0,1,0,0,0,720,0
2761,2026-06-26T09:47:51.106748000Z,Authentication,166,34,-17,920,0,11,0,0,1,0,0,0,720,0
2762,2026-06-26T09:47:51.131318000Z,QoS Data,148,34,-16,920,2,8,1,0,0,0,0,1,720,0
2765,2026-06-26T09:47:51.140358000Z,QoS Data,131,34,-15,920,2,8,1,0,0,0,0,1,720,0
2768,2026-06-26T09:47:51.288482000Z,QoS Data,128,34,-17,920,2,8,1,0,0,0,0,1,720,0
2770,2026-06-26T09:47:51.291037000Z,QoS Data,128,34,-20,920,2,8,0,0,0,0,0,1,720,0
2772,2026-06-26T09:47:51.328678000Z,Authentication,166,34,-60,920,0,11,0,0,0,0,0,0,0,0
2773,2026-06-26T09:47:51.336854000Z,Authentication,166,34,-16,920,0,11,0,0,0,0,0,0,720,0
2774,2026-06-26T09:47:51.343313000Z,Authentication,166,34,-17,920,0,11,0,0,1,0,0,0,720,0
2775,2026-06-26T09:47:51.349875000Z,Authentication,166,34,-16,920,0,11,0,0,1,0,0,0,720,0
2776,2026-06-26T09:47:51.356438000Z,Authentication,166,34,-16,920,0,11,0,0,1,0,0,0,720,0
2777,2026-06-26T09:47:51.394678000Z,S1G Beacon,129,34,-16,920,3,1,,,,,,,0,0
2778,2026-06-26T09:47:51.569333000Z,Authentication,166,34,-60,920,0,11,0,0,0,0,0,0,0,0
2779,2026-06-26T09:47:51.586812000Z,Authentication,166,34,-16,920,0,11,0,0,0,0,0,0,720,0
2780,2026-06-26T09:47:51.593429000Z,Authentication,166,34,-15,920,0,11,0,0,1,0,0,0,720,0
2781,2026-06-26T09:47:51.599940000Z,Authentication,166,34,-16,920,0,11,0,0,1,0,0,0,720,0
2782,2026-06-26T09:47:51.606343000Z,Authentication,166,34,-15,920,0,11,0,0,1,0,0,0,720,0
2783,2026-06-26T09:47:51.831496000Z,Authentication,166,34,-59,920,0,11,0,0,0,0,0,0,0,0
2784,2026-06-26T09:47:51.918028000Z,Data,287,34,-15,920,2,0,0,0,0,0,0,1,0,0
2785,2026-06-26T09:47:52.083385000Z,Authentication,166,34,-60,920,0,11,0,0,0,0,0,0,0,0
2786,2026-06-26T09:47:52.096891000Z,Authentication,166,34,-15,920,0,11,0,0,0,0,0,0,720,0
2787,2026-06-26T09:47:52.103038000Z,Authentication,166,34,-16,920,0,11,0,0,1,0,0,0,720,0
2788,2026-06-26T09:47:52.109598000Z,Authentication,166,34,-17,920,0,11,0,0,1,0,0,0,720,0
2789,2026-06-26T09:47:52.116164000Z,Authentication,166,34,-16,920,0,11,0,0,1,0,0,0,720,0
2790,2026-06-26T09:47:52.212089000Z,S1G Beacon,61,34,-16,920,3,1,,,,,,,0,0
2791,2026-06-26T09:47:52.323026000Z,Authentication,166,34,-59,920,0,11,0,0,0,0,0,0,0,0
2792,2026-06-26T09:47:52.336905000Z,Authentication,166,34,-15,920,0,11,0,0,0,0,0,0,720,0
2793,2026-06-26T09:47:52.343310000Z,Authentication,166,34,-16,920,0,11,0,0,1,0,0,0,720,0
2794,2026-06-26T09:47:52.349714000Z,Authentication,166,34,-17,920,0,11,0,0,1,0,0,0,720,0
2795,2026-06-26T09:47:52.356488000Z,Authentication,166,34,-16,920,0,11,0,0,1,0,0,0,720,0
2796,2026-06-26T09:47:52.585159000Z,Authentication,166,34,-60,920,0,11,0,0,0,0,0,0,0,0
2797,2026-06-26T09:47:52.596920000Z,Authentication,166,34,-16,920,0,11,0,0,0,0,0,0,720,0
2798,2026-06-26T09:47:52.603622000Z,Authentication,166,34,-17,920,0,11,0,0,1,0,0,0,720,0
2799,2026-06-26T09:47:52.608934000Z,Authentication,166,34,-16,920,0,11,0,0,1,0,0,0,720,0
2800,2026-06-26T09:47:52.615706000Z,Authentication,166,34,-16,920,0,11,0,0,1,0,0,0,720,0
2801,2026-06-26T09:47:52.847309000Z,Authentication,166,34,-60,920,0,11,0,0,0,0,0,0,0,0
2802,2026-06-26T09:47:52.863344000Z,Authentication,166,34,-16,920,0,11,0,0,1,0,0,0,720,0
2803,2026-06-26T09:47:52.869074000Z,Authentication,166,34,-15,920,0,11,0,0,1,0,0,0,720,0
2804,2026-06-26T09:47:52.875639000Z,Authentication,166,34,-15,920,0,11,0,0,1,0,0,0,720,0
2805,2026-06-26T09:47:53.033111000Z,S1G Beacon,129,34,-16,920,3,1,,,,,,,0,0
2806,2026-06-26T09:47:53.088971000Z,Authentication,166,34,-60,920,0,11,0,0,0,0,0,0,0,0
2807,2026-06-26T09:47:53.096902000Z,Authentication,166,34,-17,920,0,11,0,0,0,0,0,0,720,0
2808,2026-06-26T09:47:53.103311000Z,Authentication,166,34,-16,920,0,11,0,0,1,0,0,0,720,0
2809,2026-06-26T09:47:53.109768000Z,Authentication,166,34,-17,920,0,11,0,0,1,0,0,0,720,0
2810,2026-06-26T09:47:53.116958000Z,Authentication,166,34,-16,920,0,11,0,0,1,0,0,0,720,0
2811,2026-06-26T09:47:53.338840000Z,Authentication,166,34,-61,920,0,11,0,0,0,0,0,0,0,0
2812,2026-06-26T09:47:53.356854000Z,Authentication,166,34,-18,920,0,11,0,0,0,0,0,0,720,0
2813,2026-06-26T09:47:53.363295000Z,Authentication,166,34,-16,920,0,11,0,0,1,0,0,0,720,0
2814,2026-06-26T09:47:53.369804000Z,Authentication,166,34,-16,920,0,11,0,0,1,0,0,0,720,0
2815,2026-06-26T09:47:53.376324000Z,Authentication,166,34,-16,920,0,11,0,0,1,0,0,0,720,0
2816,2026-06-26T09:47:53.600987000Z,Authentication,166,34,-62,920,0,11,0,0,0,0,0,0,0,0
2817,2026-06-26T09:47:53.610261000Z,Authentication,166,34,-16,920,0,11,0,0,0,0,0,0,720,0
2818,2026-06-26T09:47:53.616712000Z,Authentication,166,34,-15,920,0,11,0,0,1,0,0,0,720,0
2819,2026-06-26T09:47:53.623378000Z,Authentication,166,34,-16,920,0,11,0,0,1,0,0,0,720,0
2820,2026-06-26T09:47:53.630045000Z,Authentication,166,34,-16,920,0,11,0,0,1,0,0,0,720,0
2821,2026-06-26T09:47:53.850547000Z,S1G Beacon,61,34,-17,920,3,1,,,,,,,0,0
2822,2026-06-26T09:47:53.863130000Z,Authentication,166,34,-63,920,0,11,0,0,0,0,0,0,0,0
2823,2026-06-26T09:47:53.876924000Z,Authentication,166,34,-16,920,0,11,0,0,0,0,0,0,720,0
2824,2026-06-26T09:47:53.883334000Z,Authentication,166,34,-15,920,0,11,0,0,1,0,0,0,720,0
2825,2026-06-26T09:47:53.889740000Z,Authentication,166,34,-15,920,0,11,0,0,1,0,0,0,720,0
2826,2026-06-26T09:47:53.896525000Z,Authentication,166,34,-17,920,0,11,0,0,1,0,0,0,720,0
2827,2026-06-26T09:47:54.092512000Z,Authentication,166,34,-60,920,0,11,0,0,0,0,0,0,0,0
2828,2026-06-26T09:47:54.354656000Z,Authentication,166,34,-64,920,0,11,0,0,0,0,0,0,0,0
2829,2026-06-26T09:47:54.367105000Z,Authentication,166,34,-17,920,0,11,0,0,0,0,0,0,720,0
2830,2026-06-26T09:47:54.373721000Z,Authentication,166,34,-16,920,0,11,0,0,1,0,0,0,720,0
2831,2026-06-26T09:47:54.380228000Z,Authentication,166,34,-16,920,0,11,0,0,1,0,0,0,720,0
2832,2026-06-26T09:47:54.386796000Z,Authentication,166,34,-17,920,0,11,0,0,1,0,0,0,720,0
2833,2026-06-26T09:47:54.616823000Z,Authentication,166,34,-60,920,0,11,0,0,0,0,0,0,0,0
2834,2026-06-26T09:47:54.627021000Z,Authentication,166,34,-17,920,0,11,0,0,0,0,0,0,720,0
2835,2026-06-26T09:47:54.633480000Z,Authentication,166,34,-18,920,0,11,0,0,1,0,0,0,720,0
2836,2026-06-26T09:47:54.639731000Z,Authentication,166,34,-18,920,0,11,0,0,1,0,0,0,720,0
2837,2026-06-26T09:47:54.646551000Z,Authentication,166,34,-17,920,0,11,0,0,1,0,0,0,720,0
2838,2026-06-26T09:47:54.671568000Z,S1G Beacon,129,34,-17,920,3,1,,,,,,,0,0
2839,2026-06-26T09:47:54.857468000Z,Authentication,166,34,-60,920,0,11,0,0,0,0,0,0,0,0
2840,2026-06-26T09:47:54.866995000Z,Authentication,166,34,-16,920,0,11,0,0,0,0,0,0,720,0
2841,2026-06-26T09:47:54.872728000Z,Authentication,166,34,-17,920,0,11,0,0,1,0,0,0,720,0
2842,2026-06-26T09:47:54.879281000Z,Authentication,166,34,-17,920,0,11,0,0,1,0,0,0,720,0
2843,2026-06-26T09:47:54.885682000Z,Authentication,166,34,-18,920,0,11,0,0,1,0,0,0,720,0
2844,2026-06-26T09:47:54.942094000Z,Data,287,34,-17,920,2,0,0,0,0,0,0,1,0,0
2845,2026-06-26T09:47:55.108340000Z,Authentication,166,34,-62,920,0,11,0,0,0,0,0,0,0,0
2846,2026-06-26T09:47:55.116880000Z,Authentication,166,34,-16,920,0,11,0,0,0,0,0,0,720,0
2847,2026-06-26T09:47:55.122089000Z,Authentication,166,34,-16,920,0,11,0,0,1,0,0,0,720,0
2848,2026-06-26T09:47:55.128752000Z,Authentication,166,34,-15,920,0,11,0,0,1,0,0,0,720,0
2849,2026-06-26T09:47:55.134130000Z,Authentication,166,34,-16,920,0,11,0,0,1,0,0,0,720,0
2850,2026-06-26T09:47:55.370496000Z,Authentication,166,34,-60,920,0,11,0,0,0,0,0,0,0,0
2851,2026-06-26T09:47:55.489018000Z,S1G Beacon,61,34,-17,920,3,1,,,,,,,0,0
2852,2026-06-26T09:47:55.624460000Z,Authentication,166,34,-60,920,0,11,0,0,0,0,0,0,0,0
2853,2026-06-26T09:47:55.636957000Z,Authentication,166,34,-16,920,0,11,0,0,0,0,0,0,720,0
2854,2026-06-26T09:47:55.643623000Z,Authentication,166,34,-16,920,0,11,0,0,1,0,0,0,720,0
2855,2026-06-26T09:47:55.650171000Z,Authentication,166,34,-16,920,0,11,0,0,1,0,0,0,720,0
2856,2026-06-26T09:47:55.656837000Z,Authentication,166,34,-17,920,0,11,0,0,1,0,0,0,720,0
2857,2026-06-26T09:47:55.862037000Z,Authentication,166,34,-64,920,0,11,0,0,0,0,0,0,0,0
2858,2026-06-26T09:47:55.876958000Z,Authentication,166,34,-17,920,0,11,0,0,0,0,0,0,720,0
2859,2026-06-26T09:47:55.883729000Z,Authentication,166,34,-16,920,0,11,0,0,1,0,0,0,720,0
2860,2026-06-26T09:47:55.890444000Z,Authentication,166,34,-16,920,0,11,0,0,1,0,0,0,720,0
2861,2026-06-26T09:47:55.897005000Z,Authentication,166,34,-16,920,0,11,0,0,1,0,0,0,720,0
2863,2026-06-26T09:47:56.124169000Z,Authentication,166,34,-60,920,0,11,0,0,0,0,0,0,0,0
2864,2026-06-26T09:47:56.136995000Z,Authentication,166,34,-16,920,0,11,0,0,0,0,0,0,720,0
2865,2026-06-26T09:47:56.143509000Z,Authentication,166,34,-17,920,0,11,0,0,1,0,0,0,720,0
2866,2026-06-26T09:47:56.150026000Z,Authentication,166,34,-16,920,0,11,0,0,1,0,0,0,720,0
2867,2026-06-26T09:47:56.156791000Z,Authentication,166,34,-16,920,0,11,0,0,1,0,0,0,720,0
2868,2026-06-26T09:47:56.159469000Z,QoS Data,149,34,-16,920,2,8,1,0,0,0,0,1,720,0
2871,2026-06-26T09:47:56.167409000Z,QoS Data,131,34,-16,920,2,8,1,0,0,0,0,1,720,0
2874,2026-06-26T09:47:56.288103000Z,QoS Data,128,34,-15,920,2,8,1,0,0,0,0,1,720,0
2877,2026-06-26T09:47:56.310010000Z,S1G Beacon,129,34,-15,920,3,1,,,,,,,0,0
2878,2026-06-26T09:47:56.380169000Z,Authentication,166,34,-62,920,0,11,0,0,0,0,0,0,0,0
2879,2026-06-26T09:47:56.615711000Z,Authentication,166,34,-60,920,0,11,0,0,0,0,0,0,0,0
2880,2026-06-26T09:47:56.626947000Z,Authentication,166,34,-50,920,0,11,0,0,0,0,0,0,720,0
2881,2026-06-26T09:47:56.633533000Z,Authentication,166,34,-17,920,0,11,0,0,1,0,0,0,720,0
2882,2026-06-26T09:47:56.640189000Z,Authentication,166,34,-16,920,0,11,0,0,1,0,0,0,720,0
2883,2026-06-26T09:47:56.646756000Z,Authentication,166,34,-15,920,0,11,0,0,1,0,0,0,720,0
2884,2026-06-26T09:47:56.877859000Z,Authentication,166,34,-60,920,0,11,0,0,0,0,0,0,0,0
2885,2026-06-26T09:47:56.887054000Z,Authentication,166,34,-15,920,0,11,0,0,0,0,0,0,720,0
2886,2026-06-26T09:47:56.893672000Z,Authentication,166,34,-17,920,0,11,0,0,1,0,0,0,720,0
2887,2026-06-26T09:47:56.900234000Z,Authentication,166,34,-16,920,0,11,0,0,1,0,0,0,720,0
2888,2026-06-26T09:47:56.906644000Z,Authentication,166,34,-17,920,0,11,0,0,1,0,0,0,720,0
2889,2026-06-26T09:47:57.127441000Z,S1G Beacon,61,34,-16,920,3,1,,,,,,,0,0
2890,2026-06-26T09:47:57.139998000Z,Authentication,166,34,-60,920,0,11,0,0,0,0,0,0,0,0
2891,2026-06-26T09:47:57.369377000Z,Authentication,166,34,-60,920,0,11,0,0,0,0,0,0,0,0
2892,2026-06-26T09:47:57.386905000Z,Authentication,166,34,-16,920,0,11,0,0,0,0,0,0,720,0
2893,2026-06-26T09:47:57.392844000Z,Authentication,166,34,-16,920,0,11,0,0,1,0,0,0,720,0
2894,2026-06-26T09:47:57.399409000Z,Authentication,166,34,-16,920,0,11,0,0,1,0,0,0,720,0
2895,2026-06-26T09:47:57.405870000Z,Authentication,166,34,-16,920,0,11,0,0,1,0,0,0,720,0
2896,2026-06-26T09:47:57.631566000Z,Authentication,166,34,-61,920,0,11,0,0,0,0,0,0,0,0
2897,2026-06-26T09:47:57.646978000Z,Authentication,166,34,-14,920,0,11,0,0,0,0,0,0,720,0
2898,2026-06-26T09:47:57.653485000Z,Authentication,166,34,-15,920,0,11,0,0,1,0,0,0,720,0
2899,2026-06-26T09:47:57.658799000Z,Authentication,166,34,-14,920,0,11,0,0,1,0,0,0,720,0
2900,2026-06-26T09:47:57.665466000Z,Authentication,166,34,-16,920,0,11,0,0,1,0,0,0,720,0
2901,2026-06-26T09:47:57.893696000Z,Authentication,166,34,-62,920,0,11,0,0,0,0,0,0,0,0
2902,2026-06-26T09:47:57.948483000Z,S1G Beacon,129,34,-14,920,3,1,,,,,,,0,0
2903,2026-06-26T09:47:57.966214000Z,Data,287,34,-15,920,2,0,0,0,0,0,0,1,0,0
2904,2026-06-26T09:47:58.130230000Z,Authentication,166,34,-61,920,0,11,0,0,0,0,0,0,0,0
2905,2026-06-26T09:47:58.147096000Z,Authentication,166,34,-15,920,0,11,0,0,0,0,0,0,720,0
2906,2026-06-26T09:47:58.153491000Z,Authentication,166,34,-15,920,0,11,0,0,1,0,0,0,720,0
2907,2026-06-26T09:47:58.160001000Z,Authentication,166,34,-14,920,0,11,0,0,1,0,0,0,720,0
2908,2026-06-26T09:47:58.166620000Z,Authentication,166,34,-16,920,0,11,0,0,1,0,0,0,720,0
2909,2026-06-26T09:47:58.385200000Z,Authentication,166,34,-61,920,0,11,0,0,0,0,0,0,0,0
2910,2026-06-26T09:47:58.647375000Z,Authentication,166,34,-61,920,0,11,0,0,0,0,0,0,0,0
2911,2026-06-26T09:47:58.765903000Z,S1G Beacon,61,34,-15,920,3,1,,,,,,,0,0
2912,2026-06-26T09:47:58.895170000Z,Authentication,166,34,-63,920,0,11,0,0,0,0,0,0,0,0
2913,2026-06-26T09:47:58.907059000Z,Authentication,166,34,-16,920,0,11,0,0,0,0,0,0,720,0
2914,2026-06-26T09:47:58.912565000Z,Authentication,166,34,-15,920,0,11,0,0,1,0,0,0,720,0
2915,2026-06-26T09:47:58.919224000Z,Authentication,166,34,-15,920,0,11,0,0,1,0,0,0,720,0
2916,2026-06-26T09:47:58.925785000Z,Authentication,166,34,-15,920,0,11,0,0,1,0,0,0,720,0
2917,2026-06-26T09:47:59.138887000Z,Authentication,166,34,-61,920,0,11,0,0,0,0,0,0,0,0
2918,2026-06-26T09:47:59.156945000Z,Authentication,166,34,-15,920,0,11,0,0,0,0,0,0,720,0
2919,2026-06-26T09:47:59.163509000Z,Authentication,166,34,-15,920,0,11,0,0,1,0,0,0,720,0
2920,2026-06-26T09:47:59.170280000Z,Authentication,166,34,-16,920,0,11,0,0,1,0,0,0,720,0
2921,2026-06-26T09:47:59.176794000Z,Authentication,166,34,-15,920,0,11,0,0,1,0,0,0,720,0
2922,2026-06-26T09:47:59.401036000Z,Authentication,166,34,-62,920,0,11,0,0,0,0,0,0,0,0
2923,2026-06-26T09:47:59.586922000Z,S1G Beacon,129,34,-16,920,3,1,,,,,,,0,0
2924,2026-06-26T09:47:59.663213000Z,Authentication,166,34,-62,920,0,11,0,0,0,0,0,0,0,0
2925,2026-06-26T09:47:59.906914000Z,Authentication,166,34,-60,920,0,11,0,0,0,0,0,0,0,0
2926,2026-06-26T09:47:59.917069000Z,Authentication,166,34,-17,920,0,11,0,0,0,0,0,0,720,0
2927,2026-06-26T09:47:59.923461000Z,Authentication,166,34,-16,920,0,11,0,0,1,0,0,0,720,0
2928,2026-06-26T09:47:59.930231000Z,Authentication,166,34,-15,920,0,11,0,0,1,0,0,0,720,0
2929,2026-06-26T09:47:59.936640000Z,Authentication,166,34,-16,920,0,11,0,0,1,0,0,0,720,0
2930,2026-06-26T09:48:00.154716000Z,Authentication,166,34,-60,920,0,11,0,0,0,0,0,0,0,0
2931,2026-06-26T09:48:00.167053000Z,Authentication,166,34,-16,920,0,11,0,0,0,0,0,0,720,0
2932,2026-06-26T09:48:00.173768000Z,Authentication,166,34,-17,920,0,11,0,0,1,0,0,0,720,0
2933,2026-06-26T09:48:00.180381000Z,Authentication,166,34,-17,920,0,11,0,0,1,0,0,0,720,0
2934,2026-06-26T09:48:00.187048000Z,Authentication,166,34,-17,920,0,11,0,0,1,0,0,0,720,0
2935,2026-06-26T09:48:00.404344000Z,S1G Beacon,61,34,-17,920,3,1,,,,,,,0,0
2936,2026-06-26T09:48:00.416874000Z,Authentication,166,34,-63,920,0,11,0,0,0,0,0,0,0,0
2937,2026-06-26T09:48:00.427068000Z,Authentication,166,34,-16,920,0,11,0,0,0,0,0,0,720,0
2938,2026-06-26T09:48:00.433528000Z,Authentication,166,34,-17,920,0,11,0,0,1,0,0,0,720,0
2939,2026-06-26T09:48:00.440198000Z,Authentication,166,34,-16,920,0,11,0,0,1,0,0,0,720,0
2940,2026-06-26T09:48:00.446709000Z,Authentication,166,34,-16,920,0,11,0,0,1,0,0,0,720,0
2941,2026-06-26T09:48:00.679039000Z,Authentication,166,34,-65,920,0,11,0,0,0,0,0,0,0,0
2942,2026-06-26T09:48:00.687061000Z,Authentication,166,34,-16,920,0,11,0,0,0,0,0,0,720,0
2943,2026-06-26T09:48:00.693572000Z,Authentication,166,34,-16,920,0,11,0,0,1,0,0,0,720,0
2944,2026-06-26T09:48:00.700345000Z,Authentication,166,34,-16,920,0,11,0,0,1,0,0,0,720,0
2945,2026-06-26T09:48:00.707063000Z,Authentication,166,34,-17,920,0,11,0,0,1,0,0,0,720,0
2946,2026-06-26T09:48:00.914557000Z,Authentication,166,34,-60,920,0,11,0,0,0,0,0,0,0,0
2947,2026-06-26T09:48:00.927080000Z,Authentication,166,34,-19,920,0,11,0,0,0,0,0,0,720,0
2948,2026-06-26T09:48:00.933487000Z,Authentication,166,34,-19,920,0,11,0,0,1,0,0,0,720,0
2949,2026-06-26T09:48:00.940048000Z,Authentication,166,34,-18,920,0,11,0,0,1,0,0,0,720,0
2950,2026-06-26T09:48:00.946616000Z,Authentication,166,34,-17,920,0,11,0,0,1,0,0,0,720,0
2951,2026-06-26T09:48:00.990356000Z,Data,287,34,-18,920,2,0,0,0,0,0,0,1,0,0
2952,2026-06-26T09:48:01.170552000Z,Authentication,166,34,-61,920,0,11,0,0,0,0,0,0,0,0
2953,2026-06-26T09:48:01.181993000Z,QoS Data,148,34,-19,920,2,8,1,0,0,0,0,1,720,0
2955,2026-06-26T09:48:01.187614000Z,Authentication,166,34,-19,920,0,11,0,0,0,0,0,0,720,0
2956,2026-06-26T09:48:01.194175000Z,Authentication,166,34,-21,920,0,11,0,0,1,0,0,0,720,0
2957,2026-06-26T09:48:01.200586000Z,Authentication,166,34,-19,920,0,11,0,0,1,0,0,0,720,0
2958,2026-06-26T09:48:01.206991000Z,Authentication,166,34,-19,920,0,11,0,0,1,0,0,0,720,0
2960,2026-06-26T09:48:01.216976000Z,QoS Data,131,34,-17,920,2,8,1,0,0,0,0,1,720,0
2962,2026-06-26T09:48:01.225373000Z,S1G Beacon,129,34,-19,920,3,1,,,,,,,0,0
2963,2026-06-26T09:48:01.226871000Z,QoS Data,131,34,-26,920,2,8,0,0,0,0,0,1,720,0
2965,2026-06-26T09:48:01.297020000Z,Data,378,34,-18,920,2,0,0,0,0,0,0,1,0,0
2966,2026-06-26T09:48:01.298272000Z,QoS Data,128,34,-19,920,2,8,1,0,0,0,0,1,720,0
2968,2026-06-26T09:48:01.300950000Z,QoS Data,128,34,-26,920,2,8,0,0,0,0,0,1,720,0
2970,2026-06-26T09:48:01.401000000Z,Data,387,34,-19,920,2,0,0,0,0,0,0,1,0,0
2971,2026-06-26T09:48:01.432685000Z,Authentication,166,34,-60,920,0,11,0,0,0,0,0,0,0,0
2972,2026-06-26T09:48:01.446953000Z,Authentication,166,34,-17,920,0,11,0,0,0,0,0,0,720,0
2973,2026-06-26T09:48:01.453513000Z,Authentication,166,34,-18,920,0,11,0,0,1,0,0,0,720,0
2974,2026-06-26T09:48:01.460129000Z,Authentication,166,34,-18,920,0,11,0,0,1,0,0,0,720,0
2975,2026-06-26T09:48:01.466902000Z,Authentication,166,34,-18,920,0,11,0,0,1,0,0,0,720,0
2976,2026-06-26T09:48:01.506703000Z,Data,450,34,-17,920,2,0,0,0,0,0,0,1,0,0
2977,2026-06-26T09:48:01.610658000Z,Data,442,34,-17,920,2,0,0,0,0,0,0,1,0,0
2978,2026-06-26T09:48:01.674400000Z,Authentication,166,34,-59,920,0,11,0,0,0,0,0,0,0,0
2979,2026-06-26T09:48:01.687135000Z,Authentication,166,34,-17,920,0,11,0,0,0,0,0,0,720,0
2980,2026-06-26T09:48:01.693525000Z,Authentication,166,34,-16,920,0,11,0,0,1,0,0,0,720,0
2981,2026-06-26T09:48:01.700288000Z,Authentication,166,34,-17,920,0,11,0,0,1,0,0,0,720,0
2982,2026-06-26T09:48:01.706860000Z,Authentication,166,34,-18,920,0,11,0,0,1,0,0,0,720,0
2983,2026-06-26T09:48:01.817968000Z,Data,426,34,-18,920,2,0,0,0,0,0,0,1,0,0
2984,2026-06-26T09:48:01.923078000Z,Data,458,34,-16,920,2,0,0,0,0,0,0,1,0,0
2985,2026-06-26T09:48:02.025091000Z,Data,387,34,-18,920,2,0,0,0,0,0,0,1,0,0
2986,2026-06-26T09:48:02.042796000Z,S1G Beacon,61,34,-17,920,3,1,,,,,,,0,0
2987,2026-06-26T09:48:02.130551000Z,Data,446,34,-16,920,2,0,0,0,0,0,0,1,0,0
2988,2026-06-26T09:48:02.186383000Z,Authentication,166,34,-60,920,0,11,0,0,0,0,0,0,0,0
2989,2026-06-26T09:48:02.197102000Z,Authentication,166,34,-17,920,0,11,0,0,0,0,0,0,720,0
2990,2026-06-26T09:48:02.203767000Z,Authentication,166,34,-18,920,0,11,0,0,1,0,0,0,720,0
2991,2026-06-26T09:48:02.216945000Z,Authentication,166,34,-18,920,0,11,0,0,1,0,0,0,720,0
2992,2026-06-26T09:48:02.234525000Z,Data,440,34,-17,920,2,0,0,0,0,0,0,1,0,0
2993,2026-06-26T09:48:02.337131000Z,Data,387,34,-18,920,2,0,0,0,0,0,0,1,0,0
2994,2026-06-26T09:48:02.442507000Z,Data,442,34,-17,920,2,0,0,0,0,0,0,1,0,0
2995,2026-06-26T09:48:02.448518000Z,Authentication,166,34,-59,920,0,11,0,0,0,0,0,0,0,0
2996,2026-06-26T09:48:02.456750000Z,Authentication,166,34,-17,920,0,11,0,0,0,0,0,0,720,0
2997,2026-06-26T09:48:02.463521000Z,Authentication,166,34,-16,920,0,11,0,0,1,0,0,0,720,0
2998,2026-06-26T09:48:02.470197000Z,Authentication,166,34,-16,920,0,11,0,0,1,0,0,0,720,0
2999,2026-06-26T09:48:02.476647000Z,Authentication,166,34,-17,920,0,11,0,0,1,0,0,0,720,0
3000,2026-06-26T09:48:02.546825000Z,Data,452,34,-16,920,2,0,0,0,0,0,0,1,0,0
3001,2026-06-26T09:48:02.677905000Z,Authentication,166,34,-59,920,0,11,0,0,0,0,0,0,0,0
3002,2026-06-26T09:48:02.687118000Z,Authentication,166,34,-17,920,0,11,0,0,0,0,0,0,720,0
3003,2026-06-26T09:48:02.693835000Z,Authentication,166,34,-18,920,0,11,0,0,1,0,0,0,720,0
3004,2026-06-26T09:48:02.700602000Z,Authentication,166,34,-17,920,0,11,0,0,1,0,0,0,720,0
3005,2026-06-26T09:48:02.707110000Z,Authentication,166,34,-18,920,0,11,0,0,1,0,0,0,720,0
3006,2026-06-26T09:48:02.863837000Z,S1G Beacon,129,34,-18,920,3,1,,,,,,,0,0
3007,2026-06-26T09:48:02.940062000Z,Authentication,166,34,-59,920,0,11,0,0,0,0,0,0,0,0
3008,2026-06-26T09:48:03.202210000Z,Authentication,166,34,-61,920,0,11,0,0,0,0,0,0,0,0
3009,2026-06-26T09:48:03.217137000Z,Authentication,166,34,-16,920,0,11,0,0,0,0,0,0,720,0
3010,2026-06-26T09:48:03.223754000Z,Authentication,166,34,-16,920,0,11,0,0,1,0,0,0,720,0
3011,2026-06-26T09:48:03.230267000Z,Authentication,166,34,-16,920,0,11,0,0,1,0,0,0,720,0
3012,2026-06-26T09:48:03.236986000Z,Authentication,166,34,-17,920,0,11,0,0,1,0,0,0,720,0
3013,2026-06-26T09:48:03.441821000Z,Authentication,166,34,-59,920,0,11,0,0,0,0,0,0,0,0
3014,2026-06-26T09:48:03.681249000Z,S1G Beacon,61,34,-18,920,3,1,,,,,,,0,0
3015,2026-06-26T09:48:03.693727000Z,Authentication,166,34,-61,920,0,11,0,0,0,0,0,0,0,0
3016,2026-06-26T09:48:03.707155000Z,Authentication,166,34,-16,920,0,11,0,0,0,0,0,0,720,0
3017,2026-06-26T09:48:03.713880000Z,Authentication,166,34,-16,920,0,11,0,0,1,0,0,0,720,0
3018,2026-06-26T09:48:03.720339000Z,Authentication,166,34,-17,920,0,11,0,0,1,0,0,0,720,0
3019,2026-06-26T09:48:03.726952000Z,Authentication,166,34,-17,920,0,11,0,0,1,0,0,0,720,0
3020,2026-06-26T09:48:03.955934000Z,Authentication,166,34,-61,920,0,11,0,0,0,0,0,0,0,0
3021,2026-06-26T09:48:03.967131000Z,Authentication,166,34,-16,920,0,11,0,0,0,0,0,0,720,0
3022,2026-06-26T09:48:03.972338000Z,Authentication,166,34,-17,920,0,11,0,0,1,0,0,0,720,0
3023,2026-06-26T09:48:03.978741000Z,Authentication,166,34,-18,920,0,11,0,0,1,0,0,0,720,0
3024,2026-06-26T09:48:03.983745000Z,Authentication,166,34,-16,920,0,11,0,0,1,0,0,0,720,0
3025,2026-06-26T09:48:04.014380000Z,Data,287,34,-17,920,2,0,0,0,0,0,0,1,0,0
3026,2026-06-26T09:48:04.218043000Z,Authentication,166,34,-60,920,0,11,0,0,0,0,0,0,0,0
3027,2026-06-26T09:48:04.447411000Z,Authentication,166,34,-61,920,0,11,0,0,0,0,0,0,0,0
3028,2026-06-26T09:48:04.502274000Z,S1G Beacon,129,34,-17,920,3,1,,,,,,,0,0
3029,2026-06-26T09:48:04.709564000Z,Authentication,166,34,-60,920,0,11,0,0,0,0,0,0,0,0
3030,2026-06-26T09:48:04.727082000Z,Authentication,166,34,-18,920,0,11,0,0,0,0,0,0,720,0
3031,2026-06-26T09:48:04.733592000Z,Authentication,166,34,-19,920,0,11,0,0,1,0,0,0,720,0
3032,2026-06-26T09:48:04.738962000Z,Authentication,166,34,-18,920,0,11,0,0,1,0,0,0,720,0
3033,2026-06-26T09:48:04.745422000Z,Authentication,166,34,-17,920,0,11,0,0,1,0,0,0,720,0
3035,2026-06-26T09:48:04.971720000Z,Authentication,166,34,-60,920,0,11,0,0,0,0,0,0,0,0
3036,2026-06-26T09:48:04.987167000Z,Authentication,166,34,-19,920,0,11,0,0,0,0,0,0,720,0
3037,2026-06-26T09:48:04.992327000Z,Authentication,166,34,-19,920,0,11,0,0,1,0,0,0,720,0
3038,2026-06-26T09:48:04.998781000Z,Authentication,166,34,-18,920,0,11,0,0,1,0,0,0,720,0
3039,2026-06-26T09:48:05.220554000Z,Authentication,166,34,-60,920,0,11,0,0,0,0,0,0,0,0
3040,2026-06-26T09:48:05.237090000Z,Authentication,166,34,-18,920,0,11,0,0,0,0,0,0,720,0
3041,2026-06-26T09:48:05.243758000Z,Authentication,166,34,-18,920,0,11,0,0,1,0,0,0,720,0
3042,2026-06-26T09:48:05.250424000Z,Authentication,166,34,-20,920,0,11,0,0,1,0,0,0,720,0
3043,2026-06-26T09:48:05.256936000Z,Authentication,166,34,-19,920,0,11,0,0,1,0,0,0,720,0
3044,2026-06-26T09:48:05.319694000Z,S1G Beacon,61,34,-19,920,3,1,,,,,,,0,0
3045,2026-06-26T09:48:05.321726000Z,Disassociation,64,34,-19,920,0,10,0,0,0,0,0,0,720,0
3046,2026-06-26T09:48:05.325460000Z,Disassociation,64,34,-20,920,0,10,0,0,1,0,0,0,720,0
3047,2026-06-26T09:48:05.329151000Z,Disassociation,64,34,-19,920,0,10,0,0,1,0,0,0,720,0
3048,2026-06-26T09:48:05.333047000Z,Disassociation,64,34,-19,920,0,10,0,0,1,0,0,0,720,0
3049,2026-06-26T09:48:05.463232000Z,Authentication,166,34,-60,920,0,11,0,0,0,0,0,0,0,0
3050,2026-06-26T09:48:05.477395000Z,Authentication,166,34,-19,920,0,11,0,0,0,0,0,0,720,0
3051,2026-06-26T09:48:05.483956000Z,Authentication,166,34,-17,920,0,11,0,0,1,0,0,0,720,0
3052,2026-06-26T09:48:05.490520000Z,Authentication,166,34,-18,920,0,11,0,0,1,0,0,0,720,0
3053,2026-06-26T09:48:05.496928000Z,Authentication,166,34,-17,920,0,11,0,0,1,0,0,0,720,0
3054,2026-06-26T09:48:05.725386000Z,Authentication,166,34,-59,920,0,11,0,0,0,0,0,0,0,0
3055,2026-06-26T09:48:05.737148000Z,Authentication,166,34,-17,920,0,11,0,0,0,0,0,0,720,0
3056,2026-06-26T09:48:05.743818000Z,Authentication,166,34,-16,920,0,11,0,0,1,0,0,0,720,0
3057,2026-06-26T09:48:05.749549000Z,Authentication,166,34,-16,920,0,11,0,0,1,0,0,0,720,0
3058,2026-06-26T09:48:05.754975000Z,Authentication,166,34,-16,920,0,11,0,0,1,0,0,0,720,0
3059,2026-06-26T09:48:05.987568000Z,Authentication,166,34,-60,920,0,11,0,0,0,0,0,0,0,0
3060,2026-06-26T09:48:05.997237000Z,Authentication,166,34,-16,920,0,11,0,0,0,0,0,0,720,0
3061,2026-06-26T09:48:06.003747000Z,Authentication,166,34,-15,920,0,11,0,0,1,0,0,0,720,0
3062,2026-06-26T09:48:06.010146000Z,Authentication,166,34,-15,920,0,11,0,0,1,0,0,0,720,0
3063,2026-06-26T09:48:06.016912000Z,Authentication,166,34,-16,920,0,11,0,0,1,0,0,0,720,0
3064,2026-06-26T09:48:06.140725000Z,S1G Beacon,129,34,-15,920,3,1,,,,,,,0,0
3065,2026-06-26T09:48:06.216914000Z,Authentication,166,34,-62,920,0,11,0,0,0,0,0,0,0,0
3066,2026-06-26T09:48:06.239319000Z,QoS Data,149,34,-33,920,2,8,1,0,0,0,0,1,720,0
3068,2026-06-26T09:48:06.246310000Z,QoS Data,149,34,-21,920,2,8,0,0,1,0,0,1,720,0
3070,2026-06-26T09:48:06.251590000Z,QoS Data,131,34,-16,920,2,8,1,0,0,0,0,1,720,0
3073,2026-06-26T09:48:06.288205000Z,QoS Data,128,34,-28,920,2,8,1,0,0,0,0,1,720,0
3076,2026-06-26T09:48:06.479074000Z,Authentication,166,34,-62,920,0,11,0,0,0,0,0,0,0,0
3077,2026-06-26T09:48:06.487194000Z,Authentication,166,34,-17,920,0,11,0,0,0,0,0,0,720,0
3078,2026-06-26T09:48:06.493755000Z,Authentication,166,34,-17,920,0,11,0,0,1,0,0,0,720,0
3079,2026-06-26T09:48:06.500267000Z,Authentication,166,34,-17,920,0,11,0,0,1,0,0,0,720,0
3080,2026-06-26T09:48:06.506986000Z,Authentication,166,34,-16,920,0,11,0,0,1,0,0,0,720,0
3081,2026-06-26T09:48:06.741214000Z,Authentication,166,34,-61,920,0,11,0,0,0,0,0,0,0,0
3082,2026-06-26T09:48:06.958160000Z,S1G Beacon,61,34,-17,920,3,1,,,,,,,0,0
3083,2026-06-26T09:48:06.980835000Z,Authentication,166,34,-60,920,0,11,0,0,0,0,0,0,0,0
3084,2026-06-26T09:48:07.038501000Z,Data,287,34,-16,920,2,0,0,0,0,0,0,1,0,0
3085,2026-06-26T09:48:07.232745000Z,Authentication,166,34,-61,920,0,11,0,0,0,0,0,0,0,0
3086,2026-06-26T09:48:07.247217000Z,Authentication,166,34,-18,920,0,11,0,0,0,0,0,0,720,0
3087,2026-06-26T09:48:07.253671000Z,Authentication,166,34,-18,920,0,11,0,0,1,0,0,0,720,0
3088,2026-06-26T09:48:07.260080000Z,Authentication,166,34,-18,920,0,11,0,0,1,0,0,0,720,0
3089,2026-06-26T09:48:07.265355000Z,Authentication,166,34,-17,920,0,11,0,0,1,0,0,0,720,0
3090,2026-06-26T09:48:07.494903000Z,Authentication,166,34,-60,920,0,11,0,0,0,0,0,0,0,0
3091,2026-06-26T09:48:07.507181000Z,Authentication,166,34,-17,920,0,11,0,0,0,0,0,0,720,0
3092,2026-06-26T09:48:07.513847000Z,Authentication,166,34,-18,920,0,11,0,0,1,0,0,0,720,0
3093,2026-06-26T09:48:07.520264000Z,Authentication,166,34,-18,920,0,11,0,0,1,0,0,0,720,0
3094,2026-06-26T09:48:07.526716000Z,Authentication,166,34,-19,920,0,11,0,0,1,0,0,0,720,0
3095,2026-06-26T09:48:07.750895000Z,Authentication,166,34,-59,920,0,11,0,0,0,0,0,0,0,0
3096,2026-06-26T09:48:07.779168000Z,S1G Beacon,129,34,-19,920,3,1,,,,,,,0,0
3097,2026-06-26T09:48:07.986453000Z,Authentication,166,34,-59,920,0,11,0,0,0,0,0,0,0,0
3098,2026-06-26T09:48:07.997249000Z,Authentication,166,34,-18,920,0,11,0,0,0,0,0,0,720,0
3099,2026-06-26T09:48:08.003715000Z,Authentication,166,34,-18,920,0,11,0,0,1,0,0,0,720,0
3100,2026-06-26T09:48:08.010125000Z,Authentication,166,34,-19,920,0,11,0,0,1,0,0,0,720,0
3101,2026-06-26T09:48:08.015643000Z,Authentication,166,34,-19,920,0,11,0,0,1,0,0,0,720,0
3103,2026-06-26T09:48:08.248572000Z,Authentication,166,34,-60,920,0,11,0,0,0,0,0,0,0,0
3104,2026-06-26T09:48:08.257269000Z,Authentication,166,34,-20,920,0,11,0,0,0,0,0,0,720,0
3105,2026-06-26T09:48:08.263885000Z,Authentication,166,34,-19,920,0,11,0,0,1,0,0,0,720,0
3106,2026-06-26T09:48:08.270340000Z,Authentication,166,34,-19,920,0,11,0,0,1,0,0,0,720,0
3107,2026-06-26T09:48:08.276797000Z,Authentication,166,34,-20,920,0,11,0,0,1,0,0,0,720,0
3108,2026-06-26T09:48:08.510739000Z,Authentication,166,34,-59,920,0,11,0,0,0,0,0,0,0,0
3109,2026-06-26T09:48:08.596595000Z,S1G Beacon,61,34,-19,920,3,1,,,,,,,0,0
3110,2026-06-26T09:48:08.740105000Z,Authentication,166,34,-65,920,0,11,0,0,0,0,0,0,0,0
3111,2026-06-26T09:48:08.757187000Z,Authentication,166,34,-18,920,0,11,0,0,0,0,0,0,720,0
3112,2026-06-26T09:48:08.770084000Z,Authentication,166,34,-21,920,0,11,0,0,1,0,0,0,720,0
3113,2026-06-26T09:48:08.776288000Z,Authentication,166,34,-20,920,0,11,0,0,1,0,0,0,720,0
3114,2026-06-26T09:48:09.002271000Z,Authentication,166,34,-59,920,0,11,0,0,0,0,0,0,0,0
3115,2026-06-26T09:48:09.010722000Z,Authentication,166,34,-19,920,0,11,0,0,0,0,0,0,720,0
3116,2026-06-26T09:48:09.017131000Z,Authentication,166,34,-18,920,0,11,0,0,1,0,0,0,720,0
3117,2026-06-26T09:48:09.030417000Z,Authentication,166,34,-19,920,0,11,0,0,1,0,0,0,720,0
3118,2026-06-26T09:48:09.264402000Z,Authentication,166,34,-60,920,0,11,0,0,0,0,0,0,0,0
3119,2026-06-26T09:48:09.417625000Z,S1G Beacon,129,34,-19,920,3,1,,,,,,,0,0
3120,2026-06-26T09:48:09.501978000Z,Authentication,166,34,-60,920,0,11,0,0,0,0,0,0,0,0
3121,2026-06-26T09:48:09.755927000Z,Authentication,166,34,-60,920,0,11,0,0,0,0,0,0,0,0
3122,2026-06-26T09:48:09.774260000Z,Authentication,166,34,-20,920,0,11,0,0,1,0,0,0,720,0
3123,2026-06-26T09:48:09.780772000Z,Authentication,166,34,-19,920,0,11,0,0,1,0,0,0,720,0
3124,2026-06-26T09:48:09.786396000Z,Authentication,166,34,-20,920,0,11,0,0,1,0,0,0,720,0
3125,2026-06-26T09:48:10.018129000Z,Authentication,166,34,-60,920,0,11,0,0,0,0,0,0,0,0
3126,2026-06-26T09:48:10.033982000Z,Authentication,166,34,-21,920,0,11,0,0,1,0,0,0,720,0
3127,2026-06-26T09:48:10.046577000Z,Authentication,166,34,-22,920,0,11,0,0,1,0,0,0,720,0
3128,2026-06-26T09:48:10.062545000Z,Data,287,34,-20,920,2,0,0,0,0,0,0,1,0,0
3129,2026-06-26T09:48:10.235057000Z,S1G Beacon,61,34,-18,920,3,1,,,,,,,0,0
3130,2026-06-26T09:48:10.276128000Z,Authentication,166,34,-60,920,0,11,0,0,0,0,0,0,0,0
3131,2026-06-26T09:48:10.509632000Z,Authentication,166,34,-59,920,0,11,0,0,0,0,0,0,0,0
3132,2026-06-26T09:48:10.527197000Z,Authentication,166,34,-18,920,0,11,0,0,0,0,0,0,720,0
3133,2026-06-26T09:48:10.533610000Z,Authentication,166,34,-19,920,0,11,0,0,1,0,0,0,720,0
3134,2026-06-26T09:48:10.540331000Z,Authentication,166,34,-19,920,0,11,0,0,1,0,0,0,720,0
3135,2026-06-26T09:48:10.546787000Z,Authentication,166,34,-20,920,0,11,0,0,1,0,0,0,720,0
3136,2026-06-26T09:48:11.033929000Z,Authentication,166,34,-60,920,0,11,0,0,0,0,0,0,0,0
3137,2026-06-26T09:48:11.056078000Z,S1G Beacon,129,34,-19,920,3,1,,,,,,,0,0
3138,2026-06-26T09:48:11.269723000Z,QoS Data,149,34,-25,920,2,8,0,0,0,0,0,1,720,0
3139,2026-06-26T09:48:11.274871000Z,QoS Data,131,34,-17,920,2,8,1,0,0,0,0,1,720,0
3140,2026-06-26T09:48:11.277336000Z,QoS Data,131,34,-25,920,2,8,0,0,0,0,0,1,720,0
3143,2026-06-26T09:48:11.290557000Z,QoS Data,128,34,-26,920,2,8,0,0,0,0,0,1,720,0
3144,2026-06-26T09:48:11.293861000Z,QoS Data,128,34,-26,920,2,8,0,0,1,0,0,1,720,0
3146,2026-06-26T09:48:11.525455000Z,Authentication,166,34,-60,920,0,11,0,0,0,0,0,0,0,0
3147,2026-06-26T09:48:11.537311000Z,Authentication,166,34,-19,920,0,11,0,0,0,0,0,0,720,0
3148,2026-06-26T09:48:11.543874000Z,Authentication,166,34,-19,920,0,11,0,0,1,0,0,0,720,0
3149,2026-06-26T09:48:11.550434000Z,Authentication,166,34,-20,920,0,11,0,0,1,0,0,0,720,0
3150,2026-06-26T09:48:11.557001000Z,Authentication,166,34,-20,920,0,11,0,0,1,0,0,0,720,0
3151,2026-06-26T09:48:11.787589000Z,Authentication,166,34,-61,920,0,11,0,0,0,0,0,0,0,0
3152,2026-06-26T09:48:11.797327000Z,Authentication,166,34,-19,920,0,11,0,0,0,0,0,0,720,0
3153,2026-06-26T09:48:11.803789000Z,Authentication,166,34,-20,920,0,11,0,0,1,0,0,0,720,0
3154,2026-06-26T09:48:11.810196000Z,Authentication,166,34,-20,920,0,11,0,0,1,0,0,0,720,0
3155,2026-06-26T09:48:11.873498000Z,S1G Beacon,61,34,-21,920,3,1,,,,,,,0,0
3156,2026-06-26T09:48:12.049745000Z,Authentication,166,34,-60,920,0,11,0,0,0,0,0,0,0,0
3157,2026-06-26T09:48:12.067274000Z,Authentication,166,34,-21,920,0,11,0,0,0,0,0,0,720,0
3158,2026-06-26T09:48:12.073713000Z,Authentication,166,34,-19,920,0,11,0,0,1,0,0,0,720,0
3159,2026-06-26T09:48:12.086967000Z,Authentication,166,34,-20,920,0,11,0,0,1,0,0,0,720,0
3160,2026-06-26T09:48:12.289361000Z,Authentication,166,34,-60,920,0,11,0,0,0,0,0,0,0,0
3161,2026-06-26T09:48:12.541270000Z,Authentication,166,34,-62,920,0,11,0,0,0,0,0,0,0,0
3162,2026-06-26T09:48:12.803425000Z,Authentication,166,34,-60,920,0,11,0,0,0,0,0,0,0,0
3163,2026-06-26T09:48:12.817270000Z,Authentication,166,34,-21,920,0,11,0,0,1,0,0,0,720,0
3164,2026-06-26T09:48:12.830654000Z,Authentication,166,34,-22,920,0,11,0,0,1,0,0,0,720,0
3165,2026-06-26T09:48:13.059424000Z,Authentication,166,34,-60,920,0,11,0,0,0,0,0,0,0,0
3166,2026-06-26T09:48:13.067565000Z,Authentication,166,34,-19,920,0,11,0,0,0,0,0,0,720,0
3167,2026-06-26T09:48:13.080587000Z,Authentication,166,34,-21,920,0,11,0,0,1,0,0,0,720,0
3168,2026-06-26T09:48:13.090839000Z,Data,287,34,-19,920,2,0,0,0,0,0,0,1,0,0
3169,2026-06-26T09:48:13.095412000Z,Authentication,166,34,-19,920,0,11,0,0,1,0,0,0,720,0
3170,2026-06-26T09:48:13.294958000Z,Authentication,166,34,-62,920,0,11,0,0,0,0,0,0,0,0
3171,2026-06-26T09:48:13.307344000Z,Authentication,166,34,-20,920,0,11,0,0,0,0,0,0,720,0
3172,2026-06-26T09:48:13.313751000Z,Authentication,166,34,-18,920,0,11,0,0,1,0,0,0,720,0
3173,2026-06-26T09:48:13.320161000Z,Authentication,166,34,-19,920,0,11,0,0,1,0,0,0,720,0
3174,2026-06-26T09:48:13.326671000Z,Authentication,166,34,-19,920,0,11,0,0,1,0,0,0,720,0
3175,2026-06-26T09:48:13.511959000Z,S1G Beacon,61,34,-19,920,3,1,,,,,,,0,0
3176,2026-06-26T09:48:13.557101000Z,Authentication,166,34,-60,920,0,11,0,0,0,0,0,0,0,0
3177,2026-06-26T09:48:13.567359000Z,Authentication,166,34,-20,920,0,11,0,0,0,0,0,0,720,0
3178,2026-06-26T09:48:13.574127000Z,Authentication,166,34,-18,920,0,11,0,0,1,0,0,0,720,0
3179,2026-06-26T09:48:13.580583000Z,Authentication,166,34,-19,920,0,11,0,0,1,0,0,0,720,0
3180,2026-06-26T09:48:13.587042000Z,Authentication,166,34,-19,920,0,11,0,0,1,0,0,0,720,0
3181,2026-06-26T09:48:13.819266000Z,Authentication,166,34,-61,920,0,11,0,0,0,0,0,0,0,0
3182,2026-06-26T09:48:13.826643000Z,Authentication,166,34,-20,920,0,11,0,0,0,0,0,0,720,0
3183,2026-06-26T09:48:13.839464000Z,Authentication,166,34,-21,920,0,11,0,0,1,0,0,0,720,0
3184,2026-06-26T09:48:13.845876000Z,Authentication,166,34,-19,920,0,11,0,0,1,0,0,0,720,0
3185,2026-06-26T09:48:14.058872000Z,Authentication,166,34,-61,920,0,11,0,0,0,0,0,0,0,0
3186,2026-06-26T09:48:14.067359000Z,Authentication,166,34,-19,920,0,11,0,0,0,0,0,0,720,0
3187,2026-06-26T09:48:14.073927000Z,Authentication,166,34,-19,920,0,11,0,0,1,0,0,0,720,0
3188,2026-06-26T09:48:14.086956000Z,Authentication,166,34,-22,920,0,11,0,0,1,0,0,0,720,0
3189,2026-06-26T09:48:14.310811000Z,Authentication,166,34,-61,920,0,11,0,0,0,0,0,0,0,0
3190,2026-06-26T09:48:14.323742000Z,Authentication,166,34,-19,920,0,11,0,0,0,0,0,0,720,0
3191,2026-06-26T09:48:14.332981000Z,S1G Beacon,129,34,-19,920,3,1,,,,,,,0,0
3192,2026-06-26T09:48:14.337572000Z,Authentication,166,34,-19,920,0,11,0,0,1,0,0,0,720,0
3193,2026-06-26T09:48:14.344138000Z,Authentication,166,34,-18,920,0,11,0,0,1,0,0,0,720,0
3194,2026-06-26T09:48:14.350600000Z,Authentication,166,34,-18,920,0,11,0,0,1,0,0,0,720,0
3195,2026-06-26T09:48:14.572930000Z,Authentication,166,34,-62,920,0,11,0,0,0,0,0,0,0,0
3196,2026-06-26T09:48:14.593846000Z,Authentication,166,34,-20,920,0,11,0,0,1,0,0,0,720,0
3197,2026-06-26T09:48:14.600467000Z,Authentication,166,34,-19,920,0,11,0,0,1,0,0,0,720,0
3198,2026-06-26T09:48:14.835080000Z,Authentication,166,34,-60,920,0,11,0,0,0,0,0,0,0,0
3199,2026-06-26T09:48:14.847381000Z,Authentication,166,34,-17,920,0,11,0,0,0,0,0,0,720,0
3200,2026-06-26T09:48:14.854047000Z,Authentication,166,34,-18,920,0,11,0,0,1,0,0,0,720,0
3201,2026-06-26T09:48:14.860505000Z,Authentication,166,34,-19,920,0,11,0,0,1,0,0,0,720,0
3202,2026-06-26T09:48:14.867016000Z,Authentication,166,34,-18,920,0,11,0,0,1,0,0,0,720,0
3204,2026-06-26T09:48:15.064454000Z,Authentication,166,34,-60,920,0,11,0,0,0,0,0,0,0,0
3205,2026-06-26T09:48:15.083823000Z,Authentication,166,34,-20,920,0,11,0,0,1,0,0,0,720,0
3206,2026-06-26T09:48:15.090544000Z,Authentication,166,34,-18,920,0,11,0,0,1,0,0,0,720,0
3207,2026-06-26T09:48:15.097315000Z,Authentication,166,34,-19,920,0,11,0,0,1,0,0,0,720,0
3208,2026-06-26T09:48:15.150403000Z,S1G Beacon,61,34,-19,920,3,1,,,,,,,0,0
3209,2026-06-26T09:48:15.326607000Z,Authentication,166,34,-60,920,0,11,0,0,0,0,0,0,0,0
3210,2026-06-26T09:48:15.337410000Z,Authentication,166,34,-19,920,0,11,0,0,0,0,0,0,720,0
3211,2026-06-26T09:48:15.344022000Z,Authentication,166,34,-19,920,0,11,0,0,1,0,0,0,720,0
3212,2026-06-26T09:48:15.351020000Z,Authentication,166,34,-20,920,0,11,0,0,1,0,0,0,720,0
3213,2026-06-26T09:48:15.357513000Z,Authentication,166,34,-20,920,0,11,0,0,1,0,0,0,720,0
3214,2026-06-26T09:48:15.597609000Z,Authentication,166,34,-18,920,0,11,0,0,0,0,0,0,720,0
3215,2026-06-26T09:48:15.604116000Z,Authentication,166,34,-18,920,0,11,0,0,1,0,0,0,720,0
3216,2026-06-26T09:48:15.610836000Z,Authentication,166,34,-18,920,0,11,0,0,1,0,0,0,720,0
3217,2026-06-26T09:48:15.617555000Z,Authentication,166,34,-19,920,0,11,0,0,1,0,0,0,720,0
3218,2026-06-26T09:48:15.825309000Z,Authentication,166,34,-60,920,0,11,0,0,0,0,0,0,0,0
3219,2026-06-26T09:48:15.837396000Z,Authentication,166,34,-16,920,0,11,0,0,0,0,0,0,720,0
3220,2026-06-26T09:48:15.844007000Z,Authentication,166,34,-19,920,0,11,0,0,1,0,0,0,720,0
3221,2026-06-26T09:48:15.850418000Z,Authentication,166,34,-18,920,0,11,0,0,1,0,0,0,720,0
3222,2026-06-26T09:48:15.857030000Z,Authentication,166,34,-18,920,0,11,0,0,1,0,0,0,720,0
3223,2026-06-26T09:48:15.971428000Z,S1G Beacon,129,34,-18,920,3,1,,,,,,,0,0
3224,2026-06-26T09:48:16.080284000Z,Authentication,166,34,-61,920,0,11,0,0,0,0,0,0,0,0
3225,2026-06-26T09:48:16.087420000Z,Authentication,166,34,-19,920,0,11,0,0,0,0,0,0,720,0
3226,2026-06-26T09:48:16.094141000Z,Authentication,166,34,-19,920,0,11,0,0,1,0,0,0,720,0
3227,2026-06-26T09:48:16.100914000Z,Authentication,166,34,-20,920,0,11,0,0,1,0,0,0,720,0
3228,2026-06-26T09:48:16.107580000Z,Authentication,166,34,-19,920,0,11,0,0,1,0,0,0,720,0
3229,2026-06-26T09:48:16.117829000Z,Data,287,34,-20,920,2,0,0,0,0,0,0,1,0,0
3231,2026-06-26T09:48:16.292212000Z,QoS Data,149,34,-28,920,2,8,0,0,0,0,0,1,720,0
3233,2026-06-26T09:48:16.297397000Z,QoS Data,131,34,-17,920,2,8,1,0,0,0,0,1,720,0
3236,2026-06-26T09:48:16.540837000Z,QoS Data,128,34,-26,920,2,8,0,0,0,0,0,1,720,0
3238,2026-06-26T09:48:16.583073000Z,Authentication,166,34,-60,920,0,11,0,0,0,0,0,0,0,0
3239,2026-06-26T09:48:16.603797000Z,Authentication,166,34,-20,920,0,11,0,0,1,0,0,0,720,0
3240,2026-06-26T09:48:16.617081000Z,Authentication,166,34,-20,920,0,11,0,0,1,0,0,0,720,0
3241,2026-06-26T09:48:16.833986000Z,Authentication,166,34,-65,920,0,11,0,0,0,0,0,0,0,0
3242,2026-06-26T09:48:16.854268000Z,Authentication,166,34,-22,920,0,11,0,0,1,0,0,0,720,0
3243,2026-06-26T09:48:16.860881000Z,Authentication,166,34,-19,920,0,11,0,0,1,0,0,0,720,0
3244,2026-06-26T09:48:17.096115000Z,Authentication,166,34,-60,920,0,11,0,0,0,0,0,0,0,0
3245,2026-06-26T09:48:17.358266000Z,Authentication,166,34,-62,920,0,11,0,0,0,0,0,0,0,0
3246,2026-06-26T09:48:17.367428000Z,Authentication,166,34,-20,920,0,11,0,0,0,0,0,0,720,0
3247,2026-06-26T09:48:17.373989000Z,Authentication,166,34,-18,920,0,11,0,0,1,0,0,0,720,0
3248,2026-06-26T09:48:17.380604000Z,Authentication,166,34,-19,920,0,11,0,0,1,0,0,0,720,0
3249,2026-06-26T09:48:17.387039000Z,Authentication,166,34,-19,920,0,11,0,0,1,0,0,0,720,0
3250,2026-06-26T09:48:17.587646000Z,Authentication,166,34,-60,920,0,11,0,0,0,0,0,0,0,0
3251,2026-06-26T09:48:17.609880000Z,S1G Beacon,129,34,-18,920,3,1,,,,,,,0,0
3252,2026-06-26T09:48:17.849799000Z,Authentication,166,34,-59,920,0,11,0,0,0,0,0,0,0,0
3253,2026-06-26T09:48:17.867381000Z,Authentication,166,34,-18,920,0,11,0,0,0,0,0,0,720,0
3254,2026-06-26T09:48:17.880611000Z,Authentication,166,34,-20,920,0,11,0,0,1,0,0,0,720,0
3255,2026-06-26T09:48:17.887073000Z,Authentication,166,34,-19,920,0,11,0,0,1,0,0,0,720,0
3256,2026-06-26T09:48:18.111934000Z,Authentication,166,34,-60,920,0,11,0,0,0,0,0,0,0,0
3257,2026-06-26T09:48:18.127662000Z,Authentication,166,34,-18,920,0,11,0,0,0,0,0,0,720,0
3258,2026-06-26T09:48:18.134379000Z,Authentication,166,34,-17,920,0,11,0,0,1,0,0,0,720,0
3259,2026-06-26T09:48:18.140939000Z,Authentication,166,34,-18,920,0,11,0,0,1,0,0,0,720,0
3260,2026-06-26T09:48:18.147399000Z,Authentication,166,34,-19,920,0,11,0,0,1,0,0,0,720,0
3261,2026-06-26T09:48:18.355683000Z,Authentication,166,34,-59,920,0,11,0,0,0,0,0,0,0,0
3262,2026-06-26T09:48:18.367473000Z,Authentication,166,34,-17,920,0,11,0,0,0,0,0,0,720,0
3263,2026-06-26T09:48:18.374088000Z,Authentication,166,34,-17,920,0,11,0,0,1,0,0,0,720,0
3264,2026-06-26T09:48:18.380495000Z,Authentication,166,34,-17,920,0,11,0,0,1,0,0,0,720,0
3265,2026-06-26T09:48:18.387214000Z,Authentication,166,34,-18,920,0,11,0,0,1,0,0,0,720,0
3266,2026-06-26T09:48:18.427300000Z,S1G Beacon,61,34,-19,920,3,1,,,,,,,0,0
3267,2026-06-26T09:48:18.603474000Z,Authentication,166,34,-61,920,0,11,0,0,0,0,0,0,0,0
3268,2026-06-26T09:48:18.611022000Z,Authentication,166,34,-19,920,0,11,0,0,0,0,0,0,720,0
3269,2026-06-26T09:48:18.617429000Z,Authentication,166,34,-19,920,0,11,0,0,1,0,0,0,720,0
3270,2026-06-26T09:48:18.623888000Z,Authentication,166,34,-19,920,0,11,0,0,1,0,0,0,720,0
3271,2026-06-26T09:48:18.630351000Z,Authentication,166,34,-18,920,0,11,0,0,1,0,0,0,720,0
3272,2026-06-26T09:48:18.865637000Z,Authentication,166,34,-61,920,0,11,0,0,0,0,0,0,0,0
3273,2026-06-26T09:48:19.119571000Z,Authentication,166,34,-61,920,0,11,0,0,0,0,0,0,0,0
3274,2026-06-26T09:48:19.137474000Z,Authentication,166,34,-19,920,0,11,0,0,0,0,0,0,720,0
3275,2026-06-26T09:48:19.147724000Z,Data,287,34,-20,920,2,0,0,0,0,0,0,1,0,0
3276,2026-06-26T09:48:19.152296000Z,Authentication,166,34,-19,920,0,11,0,0,1,0,0,0,720,0
3277,2026-06-26T09:48:19.158753000Z,Authentication,166,34,-19,920,0,11,0,0,1,0,0,0,720,0
3278,2026-06-26T09:48:19.165164000Z,Authentication,166,34,-18,920,0,11,0,0,1,0,0,0,720,0
3279,2026-06-26T09:48:19.248325000Z,S1G Beacon,129,34,-18,920,3,1,,,,,,,0,0
3280,2026-06-26T09:48:19.357167000Z,Authentication,166,34,-60,920,0,11,0,0,0,0,0,0,0,0
3281,2026-06-26T09:48:19.367466000Z,Authentication,166,34,-18,920,0,11,0,0,0,0,0,0,720,0
3282,2026-06-26T09:48:19.373876000Z,Authentication,166,34,-19,920,0,11,0,0,1,0,0,0,720,0
3283,2026-06-26T09:48:19.379139000Z,Authentication,166,34,-19,920,0,11,0,0,1,0,0,0,720,0
3284,2026-06-26T09:48:19.385861000Z,Authentication,166,34,-18,920,0,11,0,0,1,0,0,0,720,0
3285,2026-06-26T09:48:19.619300000Z,Authentication,166,34,-60,920,0,11,0,0,0,0,0,0,0,0
3286,2026-06-26T09:48:19.627471000Z,Authentication,166,34,-18,920,0,11,0,0,0,0,0,0,720,0
3287,2026-06-26T09:48:19.633881000Z,Authentication,166,34,-19,920,0,11,0,0,1,0,0,0,720,0
3288,2026-06-26T09:48:19.640443000Z,Authentication,166,34,-19,920,0,11,0,0,1,0,0,0,720,0
3289,2026-06-26T09:48:19.647117000Z,Authentication,166,34,-18,920,0,11,0,0,1,0,0,0,720,0
3290,2026-06-26T09:48:19.881457000Z,Authentication,166,34,-61,920,0,11,0,0,0,0,0,0,0,0
3291,2026-06-26T09:48:19.897529000Z,Authentication,166,34,-18,920,0,11,0,0,0,0,0,0,720,0
3292,2026-06-26T09:48:19.903986000Z,Authentication,166,34,-19,920,0,11,0,0,1,0,0,0,720,0
3293,2026-06-26T09:48:19.910654000Z,Authentication,166,34,-19,920,0,11,0,0,1,0,0,0,720,0
3294,2026-06-26T09:48:19.917107000Z,Authentication,166,34,-19,920,0,11,0,0,1,0,0,0,720,0
3295,2026-06-26T09:48:20.110825000Z,Authentication,166,34,-61,920,0,11,0,0,0,0,0,0,0,0
3296,2026-06-26T09:48:20.124569000Z,Authentication,166,34,-18,920,0,11,0,0,0,0,0,0,720,0
3297,2026-06-26T09:48:20.131184000Z,Authentication,166,34,-18,920,0,11,0,0,1,0,0,0,720,0
3298,2026-06-26T09:48:20.144311000Z,Authentication,166,34,-19,920,0,11,0,0,1,0,0,0,720,0
3299,2026-06-26T09:48:20.372976000Z,Authentication,166,34,-60,920,0,11,0,0,0,0,0,0,0,0
3300,2026-06-26T09:48:20.387499000Z,Authentication,166,34,-18,920,0,11,0,0,0,0,0,0,720,0
3301,2026-06-26T09:48:20.393977000Z,Authentication,166,34,-20,920,0,11,0,0,1,0,0,0,720,0
3302,2026-06-26T09:48:20.400361000Z,Authentication,166,34,-19,920,0,11,0,0,1,0,0,0,720,0
3303,2026-06-26T09:48:20.407027000Z,Authentication,166,34,-18,920,0,11,0,0,1,0,0,0,720,0
3304,2026-06-26T09:48:20.635130000Z,Authentication,166,34,-60,920,0,11,0,0,0,0,0,0,0,0
3305,2026-06-26T09:48:20.647564000Z,Authentication,166,34,-19,920,0,11,0,0,0,0,0,0,720,0
3306,2026-06-26T09:48:20.654024000Z,Authentication,166,34,-19,920,0,11,0,0,1,0,0,0,720,0
3307,2026-06-26T09:48:20.666057000Z,Authentication,166,34,-20,920,0,11,0,0,1,0,0,0,720,0
3308,2026-06-26T09:48:20.873738000Z,Authentication,166,34,-62,920,0,11,0,0,0,0,0,0,0,0
3309,2026-06-26T09:48:20.886780000Z,S1G Beacon,129,34,-19,920,3,1,,,,,,,0,0
3310,2026-06-26T09:48:20.891739000Z,Authentication,166,34,-19,920,0,11,0,0,0,0,0,0,720,0
3311,2026-06-26T09:48:20.898140000Z,Authentication,166,34,-19,920,0,11,0,0,1,0,0,0,720,0
3312,2026-06-26T09:48:20.903717000Z,Authentication,166,34,-20,920,0,11,0,0,1,0,0,0,720,0
3313,2026-06-26T09:48:21.126653000Z,Authentication,166,34,-59,920,0,11,0,0,0,0,0,0,0,0
3314,2026-06-26T09:48:21.137643000Z,Authentication,166,34,-19,920,0,11,0,0,0,0,0,0,720,0
3315,2026-06-26T09:48:21.144204000Z,Authentication,166,34,-19,920,0,11,0,0,1,0,0,0,720,0
3316,2026-06-26T09:48:21.150872000Z,Authentication,166,34,-19,920,0,11,0,0,1,0,0,0,720,0
3317,2026-06-26T09:48:21.157541000Z,Authentication,166,34,-19,920,0,11,0,0,1,0,0,0,720,0
3319,2026-06-26T09:48:21.313397000Z,QoS Data,149,34,-27,920,2,8,0,0,0,0,0,1,720,0
3321,2026-06-26T09:48:21.319253000Z,QoS Data,131,34,-17,920,2,8,1,0,0,0,0,1,720,0
3322,2026-06-26T09:48:21.321713000Z,QoS Data,131,34,-26,920,2,8,0,0,0,0,0,1,720,0
3324,2026-06-26T09:48:21.388806000Z,Authentication,166,34,-61,920,0,11,0,0,0,0,0,0,0,0
3325,2026-06-26T09:48:21.397493000Z,Authentication,166,34,-20,920,0,11,0,0,0,0,0,0,720,0
3326,2026-06-26T09:48:21.403902000Z,Authentication,166,34,-20,920,0,11,0,0,1,0,0,0,720,0
3327,2026-06-26T09:48:21.417442000Z,Authentication,166,34,-21,920,0,11,0,0,1,0,0,0,720,0
3329,2026-06-26T09:48:21.540788000Z,QoS Data,128,34,-28,920,2,8,0,0,0,0,0,1,720,0
3331,2026-06-26T09:48:21.650957000Z,Authentication,166,34,-59,920,0,11,0,0,0,0,0,0,0,0
3332,2026-06-26T09:48:21.674013000Z,Authentication,166,34,-22,920,0,11,0,0,1,0,0,0,720,0
3333,2026-06-26T09:48:21.687032000Z,Authentication,166,34,-22,920,0,11,0,0,1,0,0,0,720,0
3334,2026-06-26T09:48:21.704202000Z,S1G Beacon,61,34,-19,920,3,1,,,,,,,0,0
3335,2026-06-26T09:48:21.882402000Z,Authentication,166,34,-60,920,0,11,0,0,0,0,0,0,0,0
3336,2026-06-26T09:48:21.904293000Z,Authentication,166,34,-21,920,0,11,0,0,1,0,0,0,720,0
3337,2026-06-26T09:48:21.918239000Z,Authentication,166,34,-22,920,0,11,0,0,1,0,0,0,720,0
3338,2026-06-26T09:48:22.142484000Z,Authentication,166,34,-60,920,0,11,0,0,0,0,0,0,0,0
3339,2026-06-26T09:48:22.167771000Z,Data,287,34,-23,920,2,0,0,0,0,0,0,1,0,0
3340,2026-06-26T09:48:22.178904000Z,Authentication,166,34,-23,920,0,11,0,0,1,0,0,0,720,0
3341,2026-06-26T09:48:22.239586000Z,Disassociation,64,34,-22,920,0,10,0,0,1,0,0,0,720,0
3342,2026-06-26T09:48:22.246960000Z,Disassociation,64,34,-23,920,0,10,0,0,1,0,0,0,720,0
3343,2026-06-26T09:48:22.525250000Z,S1G Beacon,129,34,-18,920,3,1,,,,,,,0,0
3344,2026-06-26T09:48:22.611166000Z,Data,442,34,-19,920,2,0,0,0,0,0,0,1,0,0
3345,2026-06-26T09:48:22.641182000Z,Authentication,166,34,-60,920,0,11,0,0,0,0,0,0,0,0
3346,2026-06-26T09:48:22.657571000Z,Authentication,166,34,-18,920,0,11,0,0,0,0,0,0,720,0
3347,2026-06-26T09:48:22.663242000Z,Authentication,166,34,-19,920,0,11,0,0,1,0,0,0,720,0
3348,2026-06-26T09:48:22.669911000Z,Authentication,166,34,-19,920,0,11,0,0,1,0,0,0,720,0
3349,2026-06-26T09:48:22.676372000Z,Authentication,166,34,-19,920,0,11,0,0,1,0,0,0,720,0
3350,2026-06-26T09:48:22.713772000Z,Data,387,34,-19,920,2,0,0,0,0,0,0,1,0,0
3351,2026-06-26T09:48:22.818744000Z,Data,426,34,-19,920,2,0,0,0,0,0,0,1,0,0
3352,2026-06-26T09:48:22.896170000Z,Authentication,166,34,-60,920,0,11,0,0,0,0,0,0,0,0
3353,2026-06-26T09:48:22.907557000Z,Authentication,166,34,-18,920,0,11,0,0,0,0,0,0,720,0
3354,2026-06-26T09:48:22.914225000Z,Authentication,166,34,-19,920,0,11,0,0,1,0,0,0,720,0
3355,2026-06-26T09:48:22.927867000Z,Data,458,34,-18,920,2,0,0,0,0,0,0,1,0,0
3356,2026-06-26T09:48:22.932410000Z,Authentication,166,34,-18,920,0,11,0,0,1,0,0,0,720,0
3357,2026-06-26T09:48:22.939075000Z,Authentication,166,34,-18,920,0,11,0,0,1,0,0,0,720,0
3358,2026-06-26T09:48:23.025741000Z,Data,387,34,-19,920,2,0,0,0,0,0,0,1,0,0
3359,2026-06-26T09:48:23.131176000Z,Data,446,34,-17,920,2,0,0,0,0,0,0,1,0,0
3360,2026-06-26T09:48:23.158311000Z,Authentication,166,34,-60,920,0,11,0,0,0,0,0,0,0,0
3361,2026-06-26T09:48:23.166749000Z,Authentication,166,34,-18,920,0,11,0,0,0,0,0,0,720,0
3362,2026-06-26T09:48:23.173256000Z,Authentication,166,34,-17,920,0,11,0,0,1,0,0,0,720,0
3363,2026-06-26T09:48:23.179921000Z,Authentication,166,34,-17,920,0,11,0,0,1,0,0,0,720,0
3364,2026-06-26T09:48:23.186383000Z,Authentication,166,34,-19,920,0,11,0,0,1,0,0,0,720,0
3365,2026-06-26T09:48:23.235214000Z,Data,440,34,-19,920,2,0,0,0,0,0,0,1,0,0
3366,2026-06-26T09:48:23.337863000Z,Data,387,34,-18,920,2,0,0,0,0,0,0,1,0,0
3367,2026-06-26T09:48:23.342648000Z,S1G Beacon,61,34,-20,920,3,1,,,,,,,0,0
3368,2026-06-26T09:48:23.420460000Z,Authentication,166,34,-64,920,0,11,0,0,0,0,0,0,0,0
3369,2026-06-26T09:48:23.447132000Z,Data,442,34,-21,920,2,0,0,0,0,0,0,1,0,0
3370,2026-06-26T09:48:23.458338000Z,Authentication,166,34,-21,920,0,11,0,0,1,0,0,0,720,0
3371,2026-06-26T09:48:23.547953000Z,Data,452,34,-20,920,2,0,0,0,0,0,0,1,0,0
3372,2026-06-26T09:48:23.649839000Z,Authentication,166,34,-60,920,0,11,0,0,0,0,0,0,0,0
3373,2026-06-26T09:48:23.667505000Z,Authentication,166,34,-16,920,0,11,0,0,0,0,0,0,720,0
3374,2026-06-26T09:48:23.673917000Z,Authentication,166,34,-18,920,0,11,0,0,1,0,0,0,720,0
3375,2026-06-26T09:48:23.680581000Z,Authentication,166,34,-17,920,0,11,0,0,1,0,0,0,720,0
3376,2026-06-26T09:48:23.687351000Z,Authentication,166,34,-16,920,0,11,0,0,1,0,0,0,720,0
3377,2026-06-26T09:48:23.911999000Z,Authentication,166,34,-60,920,0,11,0,0,0,0,0,0,0,0
3378,2026-06-26T09:48:23.933981000Z,Authentication,166,34,-18,920,0,11,0,0,1,0,0,0,720,0
3379,2026-06-26T09:48:23.940541000Z,Authentication,166,34,-17,920,0,11,0,0,1,0,0,0,720,0
3380,2026-06-26T09:48:23.947051000Z,Authentication,166,34,-18,920,0,11,0,0,1,0,0,0,720,0
3381,2026-06-26T09:48:24.163675000Z,S1G Beacon,129,34,-18,920,3,1,,,,,,,0,0
3382,2026-06-26T09:48:24.174139000Z,Authentication,166,34,-59,920,0,11,0,0,0,0,0,0,0,0
3383,2026-06-26T09:48:24.187571000Z,Authentication,166,34,-17,920,0,11,0,0,0,0,0,0,720,0
3384,2026-06-26T09:48:24.194341000Z,Authentication,166,34,-18,920,0,11,0,0,1,0,0,0,720,0
3385,2026-06-26T09:48:24.200852000Z,Authentication,166,34,-17,920,0,11,0,0,1,0,0,0,720,0
3386,2026-06-26T09:48:24.207517000Z,Authentication,166,34,-18,920,0,11,0,0,1,0,0,0,720,0
3387,2026-06-26T09:48:24.408637000Z,Authentication,166,34,-60,920,0,11,0,0,0,0,0,0,0,0
3388,2026-06-26T09:48:24.417542000Z,Authentication,166,34,-18,920,0,11,0,0,0,0,0,0,720,0
3389,2026-06-26T09:48:24.423951000Z,Authentication,166,34,-18,920,0,11,0,0,1,0,0,0,720,0
3390,2026-06-26T09:48:24.430358000Z,Authentication,166,34,-18,920,0,11,0,0,1,0,0,0,720,0
3391,2026-06-26T09:48:24.436778000Z,Authentication,166,34,-17,920,0,11,0,0,1,0,0,0,720,0
3392,2026-06-26T09:48:24.665691000Z,Authentication,166,34,-60,920,0,11,0,0,0,0,0,0,0,0
3393,2026-06-26T09:48:24.677594000Z,Authentication,166,34,-18,920,0,11,0,0,0,0,0,0,720,0
3394,2026-06-26T09:48:24.683996000Z,Authentication,166,34,-18,920,0,11,0,0,1,0,0,0,720,0
3395,2026-06-26T09:48:24.690403000Z,Authentication,166,34,-18,920,0,11,0,0,1,0,0,0,720,0
3396,2026-06-26T09:48:24.696824000Z,Authentication,166,34,-18,920,0,11,0,0,1,0,0,0,720,0
3397,2026-06-26T09:48:24.927828000Z,Authentication,166,34,-60,920,0,11,0,0,0,0,0,0,0,0
3398,2026-06-26T09:48:24.935527000Z,Authentication,166,34,-18,920,0,11,0,0,0,0,0,0,720,0
3399,2026-06-26T09:48:24.942194000Z,Authentication,166,34,-17,920,0,11,0,0,1,0,0,0,720,0
3400,2026-06-26T09:48:24.948703000Z,Authentication,166,34,-19,920,0,11,0,0,1,0,0,0,720,0
3401,2026-06-26T09:48:24.955432000Z,Authentication,166,34,-17,920,0,11,0,0,1,0,0,0,720,0
3402,2026-06-26T09:48:24.981105000Z,S1G Beacon,61,34,-18,920,3,1,,,,,,,0,0
3403,2026-06-26T09:48:25.169492000Z,Authentication,166,34,-59,920,0,11,0,0,0,0,0,0,0,0
3404,2026-06-26T09:48:25.187596000Z,Authentication,166,34,-18,920,0,11,0,0,0,0,0,0,720,0
3405,2026-06-26T09:48:25.197846000Z,Data,287,34,-16,920,2,0,0,0,0,0,0,1,0,0
3406,2026-06-26T09:48:25.202416000Z,Authentication,166,34,-17,920,0,11,0,0,1,0,0,0,720,0
3407,2026-06-26T09:48:25.208928000Z,Authentication,166,34,-16,920,0,11,0,0,1,0,0,0,720,0
3408,2026-06-26T09:48:25.215389000Z,Authentication,166,34,-19,920,0,11,0,0,1,0,0,0,720,0
3409,2026-06-26T09:48:25.419348000Z,Authentication,166,34,-59,920,0,11,0,0,0,0,0,0,0,0
3410,2026-06-26T09:48:25.437564000Z,Authentication,166,34,-18,920,0,11,0,0,0,0,0,0,720,0
3411,2026-06-26T09:48:25.444230000Z,Authentication,166,34,-17,920,0,11,0,0,1,0,0,0,720,0
3412,2026-06-26T09:48:25.450742000Z,Authentication,166,34,-17,920,0,11,0,0,1,0,0,0,720,0
3413,2026-06-26T09:48:25.457248000Z,Authentication,166,34,-17,920,0,11,0,0,1,0,0,0,720,0
3414,2026-06-26T09:48:25.681530000Z,Authentication,166,34,-60,920,0,11,0,0,0,0,0,0,0,0
3415,2026-06-26T09:48:25.697595000Z,Authentication,166,34,-18,920,0,11,0,0,0,0,0,0,720,0
3416,2026-06-26T09:48:25.704050000Z,Authentication,166,34,-18,920,0,11,0,0,1,0,0,0,720,0
3417,2026-06-26T09:48:25.710565000Z,Authentication,166,34,-17,920,0,11,0,0,1,0,0,0,720,0
3418,2026-06-26T09:48:25.717025000Z,Authentication,166,34,-17,920,0,11,0,0,1,0,0,0,720,0
3419,2026-06-26T09:48:25.802136000Z,S1G Beacon,129,34,-17,920,3,1,,,,,,,0,0
3420,2026-06-26T09:48:25.938520000Z,Authentication,166,34,-60,920,0,11,0,0,0,0,0,0,0,0
3421,2026-06-26T09:48:25.947610000Z,Authentication,166,34,-18,920,0,11,0,0,0,0,0,0,720,0
3422,2026-06-26T09:48:25.954382000Z,Authentication,166,34,-18,920,0,11,0,0,1,0,0,0,720,0
3423,2026-06-26T09:48:25.961048000Z,Authentication,166,34,-18,920,0,11,0,0,1,0,0,0,720,0
3424,2026-06-26T09:48:25.967662000Z,Authentication,166,34,-18,920,0,11,0,0,1,0,0,0,720,0
3425,2026-06-26T09:48:26.173033000Z,Authentication,166,34,-59,920,0,11,0,0,0,0,0,0,0,0
3426,2026-06-26T09:48:26.187602000Z,Authentication,166,34,-19,920,0,11,0,0,0,0,0,0,720,0
3427,2026-06-26T09:48:26.194007000Z,Authentication,166,34,-20,920,0,11,0,0,1,0,0,0,720,0
3428,2026-06-26T09:48:26.199733000Z,Authentication,166,34,-19,920,0,11,0,0,1,0,0,0,720,0
3429,2026-06-26T09:48:26.206453000Z,Authentication,166,34,-19,920,0,11,0,0,1,0,0,0,720,0
3431,2026-06-26T09:48:26.336384000Z,QoS Data,149,34,-27,920,2,8,0,0,0,0,0,1,720,0
3433,2026-06-26T09:48:26.341621000Z,QoS Data,131,34,-18,920,2,8,1,0,0,0,0,1,720,0
3434,2026-06-26T09:48:26.343870000Z,QoS Data,131,34,-25,920,2,8,0,0,0,0,0,1,720,0
3436,2026-06-26T09:48:26.435174000Z,Authentication,166,34,-60,920,0,11,0,0,0,0,0,0,0,0
3437,2026-06-26T09:48:26.447669000Z,Authentication,166,34,-19,920,0,11,0,0,0,0,0,0,720,0
3438,2026-06-26T09:48:26.460689000Z,Authentication,166,34,-22,920,0,11,0,0,1,0,0,0,720,0
3440,2026-06-26T09:48:26.541348000Z,QoS Data,128,34,-28,920,2,8,0,0,0,0,0,1,720,0
3442,2026-06-26T09:48:26.697353000Z,Authentication,166,34,-59,920,0,11,0,0,0,0,0,0,0,0
3444,2026-06-26T09:48:26.714255000Z,Authentication,166,34,-23,920,0,11,0,0,1,0,0,0,720,0
3445,2026-06-26T09:48:26.727223000Z,Authentication,166,34,-23,920,0,11,0,0,1,0,0,0,720,0
3446,2026-06-26T09:48:26.926711000Z,Authentication,166,34,-60,920,0,11,0,0,0,0,0,0,0,0
3447,2026-06-26T09:48:26.937797000Z,Authentication,166,34,-19,920,0,11,0,0,0,0,0,0,720,0
3448,2026-06-26T09:48:26.944258000Z,Authentication,166,34,-19,920,0,11,0,0,1,0,0,0,720,0
3449,2026-06-26T09:48:26.950873000Z,Authentication,166,34,-18,920,0,11,0,0,1,0,0,0,720,0
3450,2026-06-26T09:48:26.957333000Z,Authentication,166,34,-19,920,0,11,0,0,1,0,0,0,720,0
3452,2026-06-26T09:48:27.188872000Z,Authentication,166,34,-60,920,0,11,0,0,0,0,0,0,0,0
3453,2026-06-26T09:48:27.204169000Z,Authentication,166,34,-22,920,0,11,0,0,1,0,0,0,720,0
3454,2026-06-26T09:48:27.217088000Z,Authentication,166,34,-22,920,0,11,0,0,1,0,0,0,720,0
3455,2026-06-26T09:48:27.474115000Z,Authentication,166,34,-22,920,0,11,0,0,1,0,0,0,720,0
3456,2026-06-26T09:48:27.487307000Z,Authentication,166,34,-22,920,0,11,0,0,1,0,0,0,720,0
3457,2026-06-26T09:48:27.687571000Z,Authentication,166,34,-60,920,0,11,0,0,0,0,0,0,0,0
3458,2026-06-26T09:48:27.704582000Z,Authentication,166,34,-22,920,0,11,0,0,1,0,0,0,720,0
3459,2026-06-26T09:48:27.717602000Z,Authentication,166,34,-22,920,0,11,0,0,1,0,0,0,720,0
3461,2026-06-26T09:48:27.942536000Z,Authentication,166,34,-62,920,0,11,0,0,0,0,0,0,0,0
3462,2026-06-26T09:48:27.963004000Z,Authentication,166,34,-23,920,0,11,0,0,1,0,0,0,720,0
3463,2026-06-26T09:48:27.974830000Z,Authentication,166,34,-24,920,0,11,0,0,1,0,0,0,720,0
3464,2026-06-26T09:48:28.207161000Z,Data,287,34,-20,920,2,0,0,0,0,0,0,1,0,0
3465,2026-06-26T09:48:28.258002000Z,S1G Beacon,61,34,-19,920,3,1,,,,,,,0,0
3466,2026-06-26T09:48:28.462733000Z,Authentication,166,34,-60,920,0,11,0,0,0,0,0,0,0,0
3467,2026-06-26T09:48:28.484286000Z,Authentication,166,34,-23,920,0,11,0,0,1,0,0,0,720,0
3468,2026-06-26T09:48:28.496994000Z,Authentication,166,34,-24,920,0,11,0,0,1,0,0,0,720,0
3469,2026-06-26T09:48:28.696229000Z,Authentication,166,34,-60,920,0,11,0,0,0,0,0,0,0,0
3470,2026-06-26T09:48:28.714451000Z,Authentication,166,34,-21,920,0,11,0,0,1,0,0,0,720,0
3471,2026-06-26T09:48:28.727717000Z,Authentication,166,34,-21,920,0,11,0,0,1,0,0,0,720,0
3472,2026-06-26T09:48:28.958380000Z,Authentication,166,34,-60,920,0,11,0,0,0,0,0,0,0,0
3473,2026-06-26T09:48:28.966454000Z,Authentication,166,34,-19,920,0,11,0,0,0,0,0,0,720,0
3474,2026-06-26T09:48:28.972080000Z,Authentication,166,34,-19,920,0,11,0,0,1,0,0,0,720,0
3475,2026-06-26T09:48:28.978386000Z,Authentication,166,34,-19,920,0,11,0,0,1,0,0,0,720,0
3476,2026-06-26T09:48:28.984791000Z,Authentication,166,34,-19,920,0,11,0,0,1,0,0,0,720,0
3477,2026-06-26T09:48:29.079031000Z,S1G Beacon,129,34,-20,920,3,1,,,,,,,0,0
3478,2026-06-26T09:48:29.216424000Z,Authentication,166,34,-60,920,0,11,0,0,0,0,0,0,0,0
3479,2026-06-26T09:48:29.234049000Z,Authentication,166,34,-22,920,0,11,0,0,1,0,0,0,720,0
3480,2026-06-26T09:48:29.247284000Z,Authentication,166,34,-21,920,0,11,0,0,1,0,0,0,720,0
3481,2026-06-26T09:48:29.449890000Z,Authentication,166,34,-60,920,0,11,0,0,0,0,0,0,0,0
3482,2026-06-26T09:48:29.463680000Z,Authentication,166,34,-25,920,0,11,0,0,1,0,0,0,720,0
3483,2026-06-26T09:48:29.476911000Z,Authentication,166,34,-24,920,0,11,0,0,1,0,0,0,720,0
3484,2026-06-26T09:48:29.712050000Z,Authentication,166,34,-60,920,0,11,0,0,0,0,0,0,0,0
3485,2026-06-26T09:48:29.727683000Z,Authentication,166,34,-28,920,0,11,0,0,0,0,0,0,720,0
3486,2026-06-26T09:48:29.734141000Z,Authentication,166,34,-27,920,0,11,0,0,1,0,0,0,720,0
3487,2026-06-26T09:48:29.740647000Z,Authentication,166,34,-27,920,0,11,0,0,1,0,0,0,720,0
3488,2026-06-26T09:48:29.747415000Z,Authentication,166,34,-27,920,0,11,0,0,1,0,0,0,720,0
3489,2026-06-26T09:48:29.974198000Z,Authentication,166,34,-63,920,0,11,0,0,0,0,0,0,0,0
3490,2026-06-26T09:48:29.994190000Z,Authentication,166,34,-23,920,0,11,0,0,1,0,0,0,720,0
3491,2026-06-26T09:48:30.006385000Z,Authentication,166,34,-23,920,0,11,0,0,1,0,0,0,720,0
3492,2026-06-26T09:48:30.211766000Z,Authentication,166,34,-61,920,0,11,0,0,0,0,0,0,0,0
3493,2026-06-26T09:48:30.233170000Z,Authentication,166,34,-22,920,0,11,0,0,1,0,0,0,720,0
3494,2026-06-26T09:48:30.246026000Z,Authentication,166,34,-22,920,0,11,0,0,1,0,0,0,720,0
3495,2026-06-26T09:48:30.465720000Z,Authentication,166,34,-61,920,0,11,0,0,0,0,0,0,0,0
3496,2026-06-26T09:48:30.473170000Z,Authentication,166,34,-19,920,0,11,0,0,0,0,0,0,720,0
3497,2026-06-26T09:48:30.479838000Z,Authentication,166,34,-19,920,0,11,0,0,1,0,0,0,720,0
3498,2026-06-26T09:48:30.486297000Z,Authentication,166,34,-20,920,0,11,0,0,1,0,0,0,720,0
3499,2026-06-26T09:48:30.717486000Z,S1G Beacon,129,34,-19,920,3,1,,,,,,,0,0
3500,2026-06-26T09:48:30.727871000Z,Authentication,166,34,-60,920,0,11,0,0,0,0,0,0,0,0
3501,2026-06-26T09:48:30.737712000Z,Authentication,166,34,-20,920,0,11,0,0,0,0,0,0,720,0
3502,2026-06-26T09:48:30.750424000Z,Authentication,166,34,-21,920,0,11,0,0,1,0,0,0,720,0
3503,2026-06-26T09:48:30.756934000Z,Authentication,166,34,-19,920,0,11,0,0,1,0,0,0,720,0
3504,2026-06-26T09:48:30.971597000Z,Authentication,166,34,-61,920,0,11,0,0,0,0,0,0,0,0
3505,2026-06-26T09:48:30.991369000Z,Authentication,166,34,-23,920,0,11,0,0,1,0,0,0,720,0
3506,2026-06-26T09:48:31.004598000Z,Authentication,166,34,-22,920,0,11,0,0,1,0,0,0,720,0
3507,2026-06-26T09:48:31.219403000Z,Authentication,166,34,-62,920,0,11,0,0,0,0,0,0,0,0
3508,2026-06-26T09:48:31.238243000Z,Data,287,34,-21,920,2,0,0,0,0,0,0,1,0,0
3509,2026-06-26T09:48:31.242811000Z,Authentication,166,34,-19,920,0,11,0,0,1,0,0,0,720,0
3510,2026-06-26T09:48:31.248953000Z,Authentication,166,34,-19,920,0,11,0,0,1,0,0,0,720,0
3511,2026-06-26T09:48:31.255412000Z,Authentication,166,34,-19,920,0,11,0,0,1,0,0,0,720,0
3512,2026-06-26T09:48:31.356379000Z,QoS Data,148,34,-19,920,2,8,1,0,0,0,0,1,720,0
3513,2026-06-26T09:48:31.359711000Z,QoS Data,148,34,-25,920,2,8,0,0,0,0,0,1,720,0
3515,2026-06-26T09:48:31.364896000Z,QoS Data,131,34,-18,920,2,8,1,0,0,0,0,1,720,0
3517,2026-06-26T09:48:31.367104000Z,QoS Data,131,34,-27,920,2,8,0,0,0,0,0,1,720,0
3519,2026-06-26T09:48:31.481546000Z,Authentication,166,34,-60,920,0,11,0,0,0,0,0,0,0,0
3520,2026-06-26T09:48:31.504506000Z,Authentication,166,34,-22,920,0,11,0,0,1,0,0,0,720,0
3521,2026-06-26T09:48:31.517943000Z,Authentication,166,34,-22,920,0,11,0,0,1,0,0,0,720,0
3522,2026-06-26T09:48:31.539474000Z,QoS Data,128,34,-22,920,2,8,1,0,0,0,0,1,720,0
3523,2026-06-26T09:48:31.541633000Z,QoS Data,128,34,-27,920,2,8,0,0,0,0,0,1,720,0
3525,2026-06-26T09:48:31.743707000Z,Authentication,166,34,-61,920,0,11,0,0,0,0,0,0,0,0
3526,2026-06-26T09:48:31.764140000Z,Authentication,166,34,-24,920,0,11,0,0,1,0,0,0,720,0
3527,2026-06-26T09:48:31.777419000Z,Authentication,166,34,-22,920,0,11,0,0,1,0,0,0,720,0
3528,2026-06-26T09:48:31.973091000Z,Authentication,166,34,-62,920,0,11,0,0,0,0,0,0,0,0
3529,2026-06-26T09:48:31.994685000Z,Authentication,166,34,-24,920,0,11,0,0,1,0,0,0,720,0
3530,2026-06-26T09:48:32.007597000Z,Authentication,166,34,-24,920,0,11,0,0,1,0,0,0,720,0
3531,2026-06-26T09:48:32.235232000Z,Authentication,166,34,-63,920,0,11,0,0,0,0,0,0,0,0
3532,2026-06-26T09:48:32.254443000Z,Authentication,166,34,-24,920,0,11,0,0,1,0,0,0,720,0
3533,2026-06-26T09:48:32.267516000Z,Authentication,166,34,-23,920,0,11,0,0,1,0,0,0,720,0
3534,2026-06-26T09:48:32.497376000Z,Authentication,166,34,-63,920,0,11,0,0,0,0,0,0,0,0
3535,2026-06-26T09:48:32.514391000Z,Authentication,166,34,-24,920,0,11,0,0,1,0,0,0,720,0
3536,2026-06-26T09:48:32.527723000Z,Authentication,166,34,-24,920,0,11,0,0,1,0,0,0,720,0
3537,2026-06-26T09:48:32.745697000Z,Authentication,166,34,-59,920,0,11,0,0,0,0,0,0,0,0
3538,2026-06-26T09:48:32.764404000Z,Authentication,166,34,-23,920,0,11,0,0,1,0,0,0,720,0
3539,2026-06-26T09:48:32.777531000Z,Authentication,166,34,-25,920,0,11,0,0,1,0,0,0,720,0
3540,2026-06-26T09:48:32.988915000Z,Authentication,166,34,-59,920,0,11,0,0,0,0,0,0,0,0
3541,2026-06-26T09:48:33.004325000Z,Authentication,166,34,-24,920,0,11,0,0,1,0,0,0,720,0
3542,2026-06-26T09:48:33.017659000Z,Authentication,166,34,-24,920,0,11,0,0,1,0,0,0,720,0
3543,2026-06-26T09:48:33.251060000Z,Authentication,166,34,-60,920,0,11,0,0,0,0,0,0,0,0
3544,2026-06-26T09:48:33.274138000Z,Authentication,166,34,-25,920,0,11,0,0,1,0,0,0,720,0
3545,2026-06-26T09:48:33.287309000Z,Authentication,166,34,-25,920,0,11,0,0,1,0,0,0,720,0
3546,2026-06-26T09:48:33.513213000Z,Authentication,166,34,-59,920,0,11,0,0,0,0,0,0,0,0
3547,2026-06-26T09:48:33.534434000Z,Authentication,166,34,-24,920,0,11,0,0,1,0,0,0,720,0
3548,2026-06-26T09:48:33.547616000Z,Authentication,166,34,-25,920,0,11,0,0,1,0,0,0,720,0
3549,2026-06-26T09:48:33.748738000Z,Authentication,166,34,-59,920,0,11,0,0,0,0,0,0,0,0
3550,2026-06-26T09:48:33.764392000Z,Authentication,166,34,-23,920,0,11,0,0,1,0,0,0,720,0
3551,2026-06-26T09:48:33.777460000Z,Authentication,166,34,-23,920,0,11,0,0,1,0,0,0,720,0
3552,2026-06-26T09:48:33.994419000Z,S1G Beacon,129,34,-17,920,3,1,,,,,,,0,0
3553,2026-06-26T09:48:34.004740000Z,Authentication,166,34,-59,920,0,11,0,0,0,0,0,0,0,0
3554,2026-06-26T09:48:34.017793000Z,Authentication,166,34,-18,920,0,11,0,0,0,0,0,0,720,0
3555,2026-06-26T09:48:34.024303000Z,Authentication,166,34,-17,920,0,11,0,0,1,0,0,0,720,0
3556,2026-06-26T09:48:34.030817000Z,Authentication,166,34,-17,920,0,11,0,0,1,0,0,0,720,0
3557,2026-06-26T09:48:34.037483000Z,Authentication,166,34,-18,920,0,11,0,0,1,0,0,0,720,0
3558,2026-06-26T09:48:34.255281000Z,Data,287,34,-19,920,2,0,0,0,0,0,0,1,0,0
3559,2026-06-26T09:48:34.266883000Z,Authentication,166,34,-59,920,0,11,0,0,0,0,0,0,0,0
3560,2026-06-26T09:48:34.277764000Z,Authentication,166,34,-19,920,0,11,0,0,0,0,0,0,720,0
3561,2026-06-26T09:48:34.284481000Z,Authentication,166,34,-18,920,0,11,0,0,1,0,0,0,720,0
3562,2026-06-26T09:48:34.291256000Z,Authentication,166,34,-19,920,0,11,0,0,1,0,0,0,720,0
3563,2026-06-26T09:48:34.297746000Z,Authentication,166,34,-19,920,0,11,0,0,1,0,0,0,720,0
3564,2026-06-26T09:48:34.508555000Z,Authentication,166,34,-59,920,0,11,0,0,0,0,0,0,0,0
3565,2026-06-26T09:48:34.518030000Z,Authentication,166,34,-15,920,0,11,0,0,0,0,0,0,720,0
3566,2026-06-26T09:48:34.524488000Z,Authentication,166,34,-16,920,0,11,0,0,1,0,0,0,720,0
3567,2026-06-26T09:48:34.530994000Z,Authentication,166,34,-15,920,0,11,0,0,1,0,0,0,720,0
3568,2026-06-26T09:48:34.537067000Z,Authentication,166,34,-16,920,0,11,0,0,1,0,0,0,720,0
3569,2026-06-26T09:48:34.758420000Z,Authentication,166,34,-62,920,0,11,0,0,0,0,0,0,0,0
3570,2026-06-26T09:48:34.767790000Z,Authentication,166,34,-27,920,0,11,0,0,0,0,0,0,720,0
3571,2026-06-26T09:48:34.774141000Z,Authentication,166,34,-27,920,0,11,0,0,1,0,0,0,720,0
3572,2026-06-26T09:48:34.786318000Z,Authentication,166,34,-24,920,0,11,0,0,1,0,0,0,720,0
3573,2026-06-26T09:48:34.812222000Z,S1G Beacon,61,34,-20,920,3,1,,,,,,,0,0
3574,2026-06-26T09:48:35.020595000Z,Authentication,166,34,-60,920,0,11,0,0,0,0,0,0,0,0
3575,2026-06-26T09:48:35.037722000Z,Authentication,166,34,-17,920,0,11,0,0,0,0,0,0,720,0
3576,2026-06-26T09:48:35.044340000Z,Authentication,166,34,-18,920,0,11,0,0,1,0,0,0,720,0
3577,2026-06-26T09:48:35.050899000Z,Authentication,166,34,-17,920,0,11,0,0,1,0,0,0,720,0
3578,2026-06-26T09:48:35.057411000Z,Authentication,166,34,-16,920,0,11,0,0,1,0,0,0,720,0
3579,2026-06-26T09:48:35.259166000Z,Authentication,166,34,-61,920,0,11,0,0,0,0,0,0,0,0
3580,2026-06-26T09:48:35.267915000Z,Authentication,166,34,-19,920,0,11,0,0,0,0,0,0,720,0
3581,2026-06-26T09:48:35.274477000Z,Authentication,166,34,-19,920,0,11,0,0,1,0,0,0,720,0
3582,2026-06-26T09:48:35.281096000Z,Authentication,166,34,-19,920,0,11,0,0,1,0,0,0,720,0
3583,2026-06-26T09:48:35.287659000Z,Authentication,166,34,-20,920,0,11,0,0,1,0,0,0,720,0
3584,2026-06-26T09:48:35.345627000Z,Disassociation,64,34,-28,920,0,10,0,0,0,0,0,0,720,0
3585,2026-06-26T09:48:35.349468000Z,Disassociation,64,34,-27,920,0,10,0,0,1,0,0,0,720,0
3586,2026-06-26T09:48:35.357216000Z,Disassociation,64,34,-25,920,0,10,0,0,1,0,0,0,720,0
3587,2026-06-26T09:48:35.512116000Z,Authentication,166,34,-59,920,0,11,0,0,0,0,0,0,0,0
3588,2026-06-26T09:48:35.527828000Z,Authentication,166,34,-18,920,0,11,0,0,0,0,0,0,720,0
3589,2026-06-26T09:48:35.534293000Z,Authentication,166,34,-16,920,0,11,0,0,1,0,0,0,720,0
3590,2026-06-26T09:48:35.539450000Z,Authentication,166,34,-16,920,0,11,0,0,1,0,0,0,720,0
3591,2026-06-26T09:48:35.546063000Z,Authentication,166,34,-15,920,0,11,0,0,1,0,0,0,720,0
3592,2026-06-26T09:48:35.632831000Z,S1G Beacon,129,34,-15,920,3,1,,,,,,,0,0
3593,2026-06-26T09:48:35.774242000Z,Authentication,166,34,-60,920,0,11,0,0,0,0,0,0,0,0
3594,2026-06-26T09:48:35.787829000Z,Authentication,166,34,-17,920,0,11,0,0,0,0,0,0,720,0
3595,2026-06-26T09:48:35.794495000Z,Authentication,166,34,-16,920,0,11,0,0,1,0,0,0,720,0
3596,2026-06-26T09:48:35.801214000Z,Authentication,166,34,-16,920,0,11,0,0,1,0,0,0,720,0
3597,2026-06-26T09:48:35.807728000Z,Authentication,166,34,-15,920,0,11,0,0,1,0,0,0,720,0
3598,2026-06-26T09:48:36.036421000Z,Authentication,166,34,-59,920,0,11,0,0,0,0,0,0,0,0
3599,2026-06-26T09:48:36.047895000Z,Authentication,166,34,-27,920,0,11,0,0,0,0,0,0,720,0
3600,2026-06-26T09:48:36.053105000Z,Authentication,166,34,-27,920,0,11,0,0,1,0,0,0,720,0
3601,2026-06-26T09:48:36.058731000Z,Authentication,166,34,-27,920,0,11,0,0,1,0,0,0,720,0
3602,2026-06-26T09:48:36.064308000Z,Authentication,166,34,-29,920,0,11,0,0,1,0,0,0,720,0
3603,2026-06-26T09:48:36.265773000Z,Authentication,166,34,-60,920,0,11,0,0,0,0,0,0,0,0
3604,2026-06-26T09:48:36.278059000Z,Authentication,166,34,-18,920,0,11,0,0,0,0,0,0,720,0
3605,2026-06-26T09:48:36.284674000Z,Authentication,166,34,-18,920,0,11,0,0,1,0,0,0,720,0
3606,2026-06-26T09:48:36.291136000Z,Authentication,166,34,-18,920,0,11,0,0,1,0,0,0,720,0
3607,2026-06-26T09:48:36.297542000Z,Authentication,166,34,-19,920,0,11,0,0,1,0,0,0,720,0
3608,2026-06-26T09:48:36.379371000Z,QoS Data,148,34,-31,920,2,8,1,0,0,0,0,1,720,0
3609,2026-06-26T09:48:36.381614000Z,QoS Data,148,34,-27,920,2,8,0,0,0,0,0,1,720,0
3610,2026-06-26T09:48:36.386850000Z,QoS Data,131,34,-11,920,2,8,1,0,0,0,0,1,720,0
3611,2026-06-26T09:48:36.389076000Z,QoS Data,131,34,-30,920,2,8,0,0,0,0,0,1,720,0
3613,2026-06-26T09:48:36.450256000Z,S1G Beacon,61,34,-25,920,3,1,,,,,,,0,0
3614,2026-06-26T09:48:36.527924000Z,Authentication,166,34,-61,920,0,11,0,0,0,0,0,0,0,0
3615,2026-06-26T09:48:36.538489000Z,QoS Data,128,34,-19,920,2,8,1,0,0,0,0,1,720,0
3616,2026-06-26T09:48:36.541045000Z,QoS Data,128,34,-25,920,2,8,0,0,0,0,0,1,720,0
3618,2026-06-26T09:48:36.790069000Z,Authentication,166,34,-60,920,0,11,0,0,0,0,0,0,0,0
3619,2026-06-26T09:48:36.807770000Z,Authentication,166,34,-28,920,0,11,0,0,0,0,0,0,720,0
3620,2026-06-26T09:48:36.814170000Z,Authentication,166,34,-29,920,0,11,0,0,1,0,0,0,720,0
3621,2026-06-26T09:48:36.820787000Z,Authentication,166,34,-28,920,0,11,0,0,1,0,0,0,720,0
3622,2026-06-26T09:48:36.825897000Z,Authentication,166,34,-28,920,0,11,0,0,1,0,0,0,720,0
3623,2026-06-26T09:48:37.019460000Z,Authentication,166,34,-60,920,0,11,0,0,0,0,0,0,0,0
3624,2026-06-26T09:48:37.027832000Z,Authentication,166,34,-22,920,0,11,0,0,0,0,0,0,720,0
3625,2026-06-26T09:48:37.034363000Z,Authentication,166,34,-22,920,0,11,0,0,1,0,0,0,720,0
3626,2026-06-26T09:48:37.047492000Z,Authentication,166,34,-24,920,0,11,0,0,1,0,0,0,720,0
3627,2026-06-26T09:48:37.271339000Z,S1G Beacon,129,34,-30,920,3,1,,,,,,,0,0
3628,2026-06-26T09:48:37.280145000Z,Data,287,34,-30,920,2,0,0,0,0,0,0,1,0,0
3629,2026-06-26T09:48:37.543765000Z,Authentication,166,34,-60,920,0,11,0,0,0,0,0,0,0,0
3630,2026-06-26T09:48:37.557914000Z,Authentication,166,34,-22,920,0,11,0,0,0,0,0,0,720,0
3631,2026-06-26T09:48:37.570515000Z,Authentication,166,34,-23,920,0,11,0,0,1,0,0,0,720,0
3632,2026-06-26T09:48:37.577234000Z,Authentication,166,34,-21,920,0,11,0,0,1,0,0,0,720,0
3633,2026-06-26T09:48:37.787473000Z,Authentication,166,34,-59,920,0,11,0,0,0,0,0,0,0,0
3634,2026-06-26T09:48:37.797877000Z,Authentication,166,34,-18,920,0,11,0,0,0,0,0,0,720,0
3635,2026-06-26T09:48:37.803243000Z,Authentication,166,34,-18,920,0,11,0,0,1,0,0,0,720,0
3636,2026-06-26T09:48:37.816707000Z,Authentication,166,34,-21,920,0,11,0,0,1,0,0,0,720,0
3637,2026-06-26T09:48:38.035286000Z,Authentication,166,34,-62,920,0,11,0,0,0,0,0,0,0,0
3638,2026-06-26T09:48:38.047835000Z,Authentication,166,34,-41,920,0,11,0,0,0,0,0,0,720,0
3639,2026-06-26T09:48:38.054350000Z,Authentication,166,34,-39,920,0,11,0,0,1,0,0,0,720,0
3640,2026-06-26T09:48:38.060960000Z,Authentication,166,34,-41,920,0,11,0,0,1,0,0,0,720,0
3641,2026-06-26T09:48:38.067465000Z,Authentication,166,34,-39,920,0,11,0,0,1,0,0,0,720,0
3642,2026-06-26T09:48:38.088714000Z,S1G Beacon,61,34,-37,920,3,1,,,,,,,0,0
3643,2026-06-26T09:48:38.297437000Z,Authentication,166,34,-59,920,0,11,0,0,0,0,0,0,0,0
3644,2026-06-26T09:48:38.314300000Z,Authentication,166,34,-23,920,0,11,0,0,1,0,0,0,720,0
3645,2026-06-26T09:48:38.327585000Z,Authentication,166,34,-22,920,0,11,0,0,1,0,0,0,720,0
3646,2026-06-26T09:48:38.559587000Z,Authentication,166,34,-61,920,0,11,0,0,0,0,0,0,0,0
3647,2026-06-26T09:48:38.567930000Z,Authentication,166,34,-18,920,0,11,0,0,0,0,0,0,720,0
3648,2026-06-26T09:48:38.574477000Z,Authentication,166,34,-19,920,0,11,0,0,1,0,0,0,720,0
3649,2026-06-26T09:48:38.580474000Z,Authentication,166,34,-19,920,0,11,0,0,1,0,0,0,720,0
3650,2026-06-26T09:48:38.586878000Z,Authentication,166,34,-18,920,0,11,0,0,1,0,0,0,720,0
3651,2026-06-26T09:48:38.788960000Z,Authentication,166,34,-60,920,0,11,0,0,0,0,0,0,0,0
3652,2026-06-26T09:48:38.797892000Z,Authentication,166,34,-19,920,0,11,0,0,0,0,0,0,720,0
3653,2026-06-26T09:48:38.809718000Z,Authentication,166,34,-20,920,0,11,0,0,1,0,0,0,720,0
3654,2026-06-26T09:48:38.909734000Z,S1G Beacon,129,34,-18,920,3,1,,,,,,,0,0
3655,2026-06-26T09:48:39.051113000Z,Authentication,166,34,-59,920,0,11,0,0,0,0,0,0,0,0
3656,2026-06-26T09:48:39.067812000Z,Authentication,166,34,-18,920,0,11,0,0,0,0,0,0,720,0
3657,2026-06-26T09:48:39.074325000Z,Authentication,166,34,-19,920,0,11,0,0,1,0,0,0,720,0
3658,2026-06-26T09:48:39.079378000Z,Authentication,166,34,-18,920,0,11,0,0,1,0,0,0,720,0
3659,2026-06-26T09:48:39.085892000Z,Authentication,166,34,-19,920,0,11,0,0,1,0,0,0,720,0
3660,2026-06-26T09:48:39.313267000Z,Authentication,166,34,-60,920,0,11,0,0,0,0,0,0,0,0
3661,2026-06-26T09:48:39.542649000Z,Authentication,166,34,-59,920,0,11,0,0,0,0,0,0,0,0
3662,2026-06-26T09:48:39.557889000Z,Authentication,166,34,-19,920,0,11,0,0,0,0,0,0,720,0
3663,2026-06-26T09:48:39.564398000Z,Authentication,166,34,-17,920,0,11,0,0,1,0,0,0,720,0
3664,2026-06-26T09:48:39.571115000Z,Authentication,166,34,-17,920,0,11,0,0,1,0,0,0,720,0
3665,2026-06-26T09:48:39.577472000Z,Authentication,166,34,-16,920,0,11,0,0,1,0,0,0,720,0
3666,2026-06-26T09:48:39.727164000Z,S1G Beacon,61,34,-17,920,3,1,,,,,,,0,0
3667,2026-06-26T09:48:39.804787000Z,Authentication,166,34,-59,920,0,11,0,0,0,0,0,0,0,0
3668,2026-06-26T09:48:39.811718000Z,Authentication,166,34,-18,920,0,11,0,0,0,0,0,0,720,0
3669,2026-06-26T09:48:39.818229000Z,Authentication,166,34,-19,920,0,11,0,0,1,0,0,0,720,0
3670,2026-06-26T09:48:39.824845000Z,Authentication,166,34,-19,920,0,11,0,0,1,0,0,0,720,0
3671,2026-06-26T09:48:40.066944000Z,Authentication,166,34,-62,920,0,11,0,0,0,0,0,0,0,0
3672,2026-06-26T09:48:40.084494000Z,Authentication,166,34,-23,920,0,11,0,0,1,0,0,0,720,0
3673,2026-06-26T09:48:40.097818000Z,Authentication,166,34,-23,920,0,11,0,0,1,0,0,0,720,0
3674,2026-06-26T09:48:40.296334000Z,Authentication,166,34,-62,920,0,11,0,0,0,0,0,0,0,0
3675,2026-06-26T09:48:40.304749000Z,Data,287,34,-28,920,2,0,0,0,0,0,0,1,0,0
3676,2026-06-26T09:48:40.309419000Z,Authentication,166,34,-26,920,0,11,0,0,0,0,0,0,720,0
3677,2026-06-26T09:48:40.316201000Z,Authentication,166,34,-27,920,0,11,0,0,1,0,0,0,720,0
3678,2026-06-26T09:48:40.322968000Z,Authentication,166,34,-27,920,0,11,0,0,1,0,0,0,720,0
3679,2026-06-26T09:48:40.329584000Z,Authentication,166,34,-27,920,0,11,0,0,1,0,0,0,720,0
3680,2026-06-26T09:48:40.568154000Z,Authentication,166,34,-27,920,0,11,0,0,0,0,0,0,720,0
3681,2026-06-26T09:48:40.581281000Z,Authentication,166,34,-25,920,0,11,0,0,1,0,0,0,720,0
3682,2026-06-26T09:48:40.820617000Z,Authentication,166,34,-59,920,0,11,0,0,0,0,0,0,0,0
3683,2026-06-26T09:48:40.828066000Z,Authentication,166,34,-18,920,0,11,0,0,0,0,0,0,720,0
3684,2026-06-26T09:48:40.834475000Z,Authentication,166,34,-18,920,0,11,0,0,1,0,0,0,720,0
3685,2026-06-26T09:48:40.840206000Z,Authentication,166,34,-18,920,0,11,0,0,1,0,0,0,720,0
3686,2026-06-26T09:48:40.846613000Z,Authentication,166,34,-18,920,0,11,0,0,1,0,0,0,720,0
3687,2026-06-26T09:48:41.060240000Z,Authentication,166,34,-63,920,0,11,0,0,0,0,0,0,0,0
3688,2026-06-26T09:48:41.068313000Z,Authentication,166,34,-16,920,0,11,0,0,0,0,0,0,720,0
3689,2026-06-26T09:48:41.074770000Z,Authentication,166,34,-16,920,0,11,0,0,1,0,0,0,720,0
3690,2026-06-26T09:48:41.081436000Z,Authentication,166,34,-18,920,0,11,0,0,1,0,0,0,720,0
3691,2026-06-26T09:48:41.087894000Z,Authentication,166,34,-17,920,0,11,0,0,1,0,0,0,720,0
3692,2026-06-26T09:48:41.312195000Z,Authentication,166,34,-58,920,0,11,0,0,0,0,0,0,0,0
3693,2026-06-26T09:48:41.324810000Z,Authentication,166,34,-16,920,0,11,0,0,0,0,0,0,720,0
3694,2026-06-26T09:48:41.331257000Z,Authentication,166,34,-16,920,0,11,0,0,1,0,0,0,720,0
3695,2026-06-26T09:48:41.338026000Z,Authentication,166,34,-16,920,0,11,0,0,1,0,0,0,720,0
3696,2026-06-26T09:48:41.344433000Z,Authentication,166,34,-18,920,0,11,0,0,1,0,0,0,720,0
3699,2026-06-26T09:48:41.409316000Z,QoS Data,131,34,-10,920,2,8,1,0,0,0,0,1,720,0
3702,2026-06-26T09:48:41.541972000Z,QoS Data,128,34,-21,920,2,8,1,0,1,0,0,1,720,0
3705,2026-06-26T09:48:41.574295000Z,Authentication,166,34,-60,920,0,11,0,0,0,0,0,0,0,0
3706,2026-06-26T09:48:41.588089000Z,Authentication,166,34,-18,920,0,11,0,0,0,0,0,0,720,0
3707,2026-06-26T09:48:41.594552000Z,Authentication,166,34,-17,920,0,11,0,0,1,0,0,0,720,0
3708,2026-06-26T09:48:41.601163000Z,Authentication,166,34,-16,920,0,11,0,0,1,0,0,0,720,0
3709,2026-06-26T09:48:41.607621000Z,Authentication,166,34,-17,920,0,11,0,0,1,0,0,0,720,0
3710,2026-06-26T09:48:41.826213000Z,Authentication,166,34,-60,920,0,11,0,0,0,0,0,0,0,0
3711,2026-06-26T09:48:41.838371000Z,Authentication,166,34,-17,920,0,11,0,0,0,0,0,0,720,0
3712,2026-06-26T09:48:41.843738000Z,Authentication,166,34,-18,920,0,11,0,0,1,0,0,0,720,0
3713,2026-06-26T09:48:41.850511000Z,Authentication,166,34,-19,920,0,11,0,0,1,0,0,0,720,0
3714,2026-06-26T09:48:41.856973000Z,Authentication,166,34,-19,920,0,11,0,0,1,0,0,0,720,0
3715,2026-06-26T09:48:42.065831000Z,Authentication,166,34,-60,920,0,11,0,0,0,0,0,0,0,0
3716,2026-06-26T09:48:42.078427000Z,Authentication,166,34,-19,920,0,11,0,0,0,0,0,0,720,0
3717,2026-06-26T09:48:42.090663000Z,Authentication,166,34,-21,920,0,11,0,0,1,0,0,0,720,0
3718,2026-06-26T09:48:42.097279000Z,Authentication,166,34,-19,920,0,11,0,0,1,0,0,0,720,0
3719,2026-06-26T09:48:42.186648000Z,S1G Beacon,129,34,-20,920,3,1,,,,,,,0,0
3720,2026-06-26T09:48:42.327992000Z,Authentication,166,34,-59,920,0,11,0,0,0,0,0,0,0,0
3721,2026-06-26T09:48:42.344287000Z,Authentication,166,34,-22,920,0,11,0,0,1,0,0,0,720,0
3722,2026-06-26T09:48:42.357308000Z,Authentication,166,34,-24,920,0,11,0,0,1,0,0,0,720,0
3723,2026-06-26T09:48:42.582956000Z,Authentication,166,34,-61,920,0,11,0,0,0,0,0,0,0,0
3724,2026-06-26T09:48:42.604663000Z,Authentication,166,34,-23,920,0,11,0,0,1,0,0,0,720,0
3725,2026-06-26T09:48:42.617813000Z,Authentication,166,34,-23,920,0,11,0,0,1,0,0,0,720,0
3726,2026-06-26T09:48:43.004065000Z,S1G Beacon,61,34,-23,920,3,1,,,,,,,0,0
3727,2026-06-26T09:48:43.081652000Z,Authentication,166,34,-59,920,0,11,0,0,0,0,0,0,0,0
3728,2026-06-26T09:48:43.104641000Z,Authentication,166,34,-22,920,0,11,0,0,1,0,0,0,720,0
3729,2026-06-26T09:48:43.117770000Z,Authentication,166,34,-24,920,0,11,0,0,1,0,0,0,720,0
3730,2026-06-26T09:48:43.343807000Z,Authentication,166,34,-58,920,0,11,0,0,0,0,0,0,0,0
3731,2026-06-26T09:48:43.364596000Z,Authentication,166,34,-24,920,0,11,0,0,1,0,0,0,720,0
3732,2026-06-26T09:48:43.377464000Z,Authentication,166,34,-24,920,0,11,0,0,1,0,0,0,720,0
3733,2026-06-26T09:48:43.507913000Z,Data,450,34,-28,920,2,0,0,0,0,0,0,1,0,0
3734,2026-06-26T09:48:43.587517000Z,Authentication,166,34,-59,920,0,11,0,0,0,0,0,0,0,0
3735,2026-06-26T09:48:43.597983000Z,Authentication,166,34,-28,920,0,11,0,0,0,0,0,0,720,0
3736,2026-06-26T09:48:43.603610000Z,Authentication,166,34,-28,920,0,11,0,0,1,0,0,0,720,0
3737,2026-06-26T09:48:43.618042000Z,Data,442,34,-28,920,2,0,0,0,0,0,0,1,0,0
3738,2026-06-26T09:48:43.622587000Z,Authentication,166,34,-28,920,0,11,0,0,1,0,0,0,720,0
3739,2026-06-26T09:48:43.629309000Z,Authentication,166,34,-28,920,0,11,0,0,1,0,0,0,720,0
3740,2026-06-26T09:48:43.714415000Z,Data,387,34,-26,920,2,0,0,0,0,0,0,1,0,0
3741,2026-06-26T09:48:43.819311000Z,Data,426,34,-25,920,2,0,0,0,0,0,0,1,0,0
3742,2026-06-26T09:48:43.847321000Z,Authentication,166,34,-27,920,0,11,0,0,0,0,0,0,720,0
3743,2026-06-26T09:48:43.853827000Z,Authentication,166,34,-23,920,0,11,0,0,1,0,0,0,720,0
3744,2026-06-26T09:48:43.866439000Z,Authentication,166,34,-24,920,0,11,0,0,1,0,0,0,720,0
3745,2026-06-26T09:48:44.026350000Z,Data,387,34,-24,920,2,0,0,0,0,0,0,1,0,0
3746,2026-06-26T09:48:44.097482000Z,Authentication,166,34,-59,920,0,11,0,0,0,0,0,0,0,0
3747,2026-06-26T09:48:44.131877000Z,Data,446,34,-26,920,2,0,0,0,0,0,0,1,0,0
3748,2026-06-26T09:48:44.235734000Z,Data,440,34,-23,920,2,0,0,0,0,0,0,1,0,0
3749,2026-06-26T09:48:44.338356000Z,Data,387,34,-27,920,2,0,0,0,0,0,0,1,0,0
3750,2026-06-26T09:48:44.358603000Z,Authentication,166,34,-60,920,0,11,0,0,0,0,0,0,0,0
3751,2026-06-26T09:48:44.367977000Z,Authentication,166,34,-28,920,0,11,0,0,0,0,0,0,720,0
3752,2026-06-26T09:48:44.374591000Z,Authentication,166,34,-27,920,0,11,0,0,1,0,0,0,720,0
3753,2026-06-26T09:48:44.381153000Z,Authentication,166,34,-28,920,0,11,0,0,1,0,0,0,720,0
3754,2026-06-26T09:48:44.387923000Z,Authentication,166,34,-29,920,0,11,0,0,1,0,0,0,720,0
3755,2026-06-26T09:48:44.443725000Z,Data,442,34,-28,920,2,0,0,0,0,0,0,1,0,0
3756,2026-06-26T09:48:44.591065000Z,Authentication,166,34,-61,920,0,11,0,0,0,0,0,0,0,0
3757,2026-06-26T09:48:44.608004000Z,Authentication,166,34,-21,920,0,11,0,0,0,0,0,0,720,0
3758,2026-06-26T09:48:44.621076000Z,Authentication,166,34,-22,920,0,11,0,0,1,0,0,0,720,0
3759,2026-06-26T09:48:44.642510000Z,S1G Beacon,61,34,-21,920,3,1,,,,,,,0,0
3760,2026-06-26T09:48:44.851163000Z,Authentication,166,34,-59,920,0,11,0,0,0,0,0,0,0,0
3761,2026-06-26T09:48:44.864962000Z,Authentication,166,34,-24,920,0,11,0,0,1,0,0,0,720,0
3762,2026-06-26T09:48:44.878193000Z,Authentication,166,34,-26,920,0,11,0,0,1,0,0,0,720,0
3763,2026-06-26T09:48:45.113311000Z,Authentication,166,34,-59,920,0,11,0,0,0,0,0,0,0,0
3764,2026-06-26T09:48:45.134421000Z,Authentication,166,34,-24,920,0,11,0,0,1,0,0,0,720,0
3765,2026-06-26T09:48:45.147708000Z,Authentication,166,34,-24,920,0,11,0,0,1,0,0,0,720,0
3766,2026-06-26T09:48:45.360114000Z,Authentication,166,34,-62,920,0,11,0,0,0,0,0,0,0,0
3767,2026-06-26T09:48:45.377955000Z,Authentication,166,34,-24,920,0,11,0,0,0,0,0,0,720,0
3768,2026-06-26T09:48:45.391235000Z,Authentication,166,34,-25,920,0,11,0,0,1,0,0,0,720,0
3769,2026-06-26T09:48:45.463534000Z,S1G Beacon,129,34,-27,920,3,1,,,,,,,0,0
3770,2026-06-26T09:48:45.604841000Z,Authentication,166,34,-58,920,0,11,0,0,0,0,0,0,0,0
3771,2026-06-26T09:48:45.611871000Z,Authentication,166,34,-27,920,0,11,0,0,0,0,0,0,720,0
3772,2026-06-26T09:48:45.618640000Z,Authentication,166,34,-27,920,0,11,0,0,1,0,0,0,720,0
3773,2026-06-26T09:48:45.625209000Z,Authentication,166,34,-28,920,0,11,0,0,1,0,0,0,720,0
3774,2026-06-26T09:48:45.631723000Z,Authentication,166,34,-27,920,0,11,0,0,1,0,0,0,720,0
3775,2026-06-26T09:48:45.867018000Z,Authentication,166,34,-59,920,0,11,0,0,0,0,0,0,0,0
3776,2026-06-26T09:48:45.878028000Z,Authentication,166,34,-28,920,0,11,0,0,0,0,0,0,720,0
3777,2026-06-26T09:48:45.883189000Z,Authentication,166,34,-28,920,0,11,0,0,1,0,0,0,720,0
3778,2026-06-26T09:48:45.889958000Z,Authentication,166,34,-28,920,0,11,0,0,1,0,0,0,720,0
3779,2026-06-26T09:48:45.896521000Z,Authentication,166,34,-28,920,0,11,0,0,1,0,0,0,720,0
3780,2026-06-26T09:48:46.129140000Z,Authentication,166,34,-59,920,0,11,0,0,0,0,0,0,0,0
3781,2026-06-26T09:48:46.138098000Z,Authentication,166,34,-31,920,0,11,0,0,0,0,0,0,720,0
3782,2026-06-26T09:48:46.144609000Z,Authentication,166,34,-31,920,0,11,0,0,1,0,0,0,720,0
3783,2026-06-26T09:48:46.149926000Z,Authentication,166,34,-30,920,0,11,0,0,1,0,0,0,720,0
3784,2026-06-26T09:48:46.156589000Z,Authentication,166,34,-31,920,0,11,0,0,1,0,0,0,720,0
3785,2026-06-26T09:48:46.280958000Z,S1G Beacon,61,34,-29,920,3,1,,,,,,,0,0
3786,2026-06-26T09:48:46.352660000Z,Data,287,34,-30,920,2,0,0,0,0,0,0,1,0,0
3787,2026-06-26T09:48:46.369781000Z,Authentication,166,34,-61,920,0,11,0,0,0,0,0,0,0,0
3788,2026-06-26T09:48:46.387992000Z,Authentication,166,34,-29,920,0,11,0,0,0,0,0,0,720,0
3789,2026-06-26T09:48:46.394533000Z,Authentication,166,34,-29,920,0,11,0,0,1,0,0,0,720,0
3790,2026-06-26T09:48:46.401078000Z,Authentication,166,34,-28,920,0,11,0,0,1,0,0,0,720,0
3791,2026-06-26T09:48:46.407734000Z,Authentication,166,34,-30,920,0,11,0,0,1,0,0,0,720,0
3792,2026-06-26T09:48:46.425024000Z,QoS Data,150,34,-18,920,2,8,1,0,0,0,0,1,720,0
3794,2026-06-26T09:48:46.427210000Z,QoS Data,150,34,-34,920,2,8,0,0,0,0,0,1,720,0
3796,2026-06-26T09:48:46.432864000Z,QoS Data,131,34,-12,920,2,8,1,0,0,0,0,1,720,0
3798,2026-06-26T09:48:46.435298000Z,QoS Data,131,34,-33,920,2,8,0,0,0,0,0,1,720,0
3800,2026-06-26T09:48:46.542561000Z,RTS,54,34,-12,920,1,11,,,,0,0,0,2416,0
3802,2026-06-26T09:48:46.544255000Z,QoS Data,128,34,-18,920,2,8,1,0,1,0,0,1,720,0
3804,2026-06-26T09:48:46.546673000Z,QoS Data,128,34,-34,920,2,8,0,0,0,0,0,1,720,0
3806,2026-06-26T09:48:46.620672000Z,Authentication,166,34,-63,920,0,11,0,0,0,0,0,0,0,0
3807,2026-06-26T09:48:46.637980000Z,Authentication,166,34,-28,920,0,11,0,0,0,0,0,0,720,0
3808,2026-06-26T09:48:46.644492000Z,Authentication,166,34,-29,920,0,11,0,0,1,0,0,0,720,0
3809,2026-06-26T09:48:46.651159000Z,Authentication,166,34,-30,920,0,11,0,0,1,0,0,0,720,0
3810,2026-06-26T09:48:46.657885000Z,Authentication,166,34,-28,920,0,11,0,0,1,0,0,0,720,0
3811,2026-06-26T09:48:46.882827000Z,Authentication,166,34,-58,920,0,11,0,0,0,0,0,0,0,0
3812,2026-06-26T09:48:46.898069000Z,Authentication,166,34,-26,920,0,11,0,0,0,0,0,0,720,0
3813,2026-06-26T09:48:46.910988000Z,Authentication,166,34,-25,920,0,11,0,0,1,0,0,0,720,0
3814,2026-06-26T09:48:46.917499000Z,Authentication,166,34,-27,920,0,11,0,0,1,0,0,0,720,0
3816,2026-06-26T09:48:47.144969000Z,Authentication,166,34,-61,920,0,11,0,0,0,0,0,0,0,0
3817,2026-06-26T09:48:47.161529000Z,Authentication,166,34,-24,920,0,11,0,0,1,0,0,0,720,0
3818,2026-06-26T09:48:47.173351000Z,Authentication,166,34,-24,920,0,11,0,0,1,0,0,0,720,0
3819,2026-06-26T09:48:47.374353000Z,Authentication,166,34,-59,920,0,11,0,0,0,0,0,0,0,0
3821,2026-06-26T09:48:47.395078000Z,Authentication,166,34,-23,920,0,11,0,0,1,0,0,0,720,0
3822,2026-06-26T09:48:47.401798000Z,Authentication,166,34,-21,920,0,11,0,0,1,0,0,0,720,0
3823,2026-06-26T09:48:47.408309000Z,Authentication,166,34,-21,920,0,11,0,0,1,0,0,0,720,0
3824,2026-06-26T09:48:47.636504000Z,Authentication,166,34,-60,920,0,11,0,0,0,0,0,0,0,0
3825,2026-06-26T09:48:47.648056000Z,Authentication,166,34,-22,920,0,11,0,0,0,0,0,0,720,0
3826,2026-06-26T09:48:47.661336000Z,Authentication,166,34,-24,920,0,11,0,0,1,0,0,0,720,0
3827,2026-06-26T09:48:47.898649000Z,Authentication,166,34,-63,920,0,11,0,0,0,0,0,0,0,0
3828,2026-06-26T09:48:47.914702000Z,Authentication,166,34,-22,920,0,11,0,0,1,0,0,0,720,0
3829,2026-06-26T09:48:47.924001000Z,Authentication,166,34,-23,920,0,11,0,0,1,0,0,0,720,0
3830,2026-06-26T09:48:48.138266000Z,Authentication,166,34,-61,920,0,11,0,0,0,0,0,0,0,0
3831,2026-06-26T09:48:48.154644000Z,Authentication,166,34,-23,920,0,11,0,0,1,0,0,0,720,0
3832,2026-06-26T09:48:48.167720000Z,Authentication,166,34,-24,920,0,11,0,0,1,0,0,0,720,0
3833,2026-06-26T09:48:48.390193000Z,Authentication,166,34,-60,920,0,11,0,0,0,0,0,0,0,0
3834,2026-06-26T09:48:48.398096000Z,Authentication,166,34,-26,920,0,11,0,0,0,0,0,0,720,0
3835,2026-06-26T09:48:48.404865000Z,Authentication,166,34,-27,920,0,11,0,0,1,0,0,0,720,0
3836,2026-06-26T09:48:48.411584000Z,Authentication,166,34,-26,920,0,11,0,0,1,0,0,0,720,0
3837,2026-06-26T09:48:48.417988000Z,Authentication,166,34,-26,920,0,11,0,0,1,0,0,0,720,0
3838,2026-06-26T09:48:48.652344000Z,Authentication,166,34,-60,920,0,11,0,0,0,0,0,0,0,0
3839,2026-06-26T09:48:48.668099000Z,Authentication,166,34,-27,920,0,11,0,0,0,0,0,0,720,0
3840,2026-06-26T09:48:48.674503000Z,Authentication,166,34,-27,920,0,11,0,0,1,0,0,0,720,0
3841,2026-06-26T09:48:48.680911000Z,Authentication,166,34,-28,920,0,11,0,0,1,0,0,0,720,0
3842,2026-06-26T09:48:48.687366000Z,Authentication,166,34,-27,920,0,11,0,0,1,0,0,0,720,0
3843,2026-06-26T09:48:48.740438000Z,S1G Beacon,129,34,-27,920,3,1,,,,,,,0,0
3844,2026-06-26T09:48:48.914474000Z,Authentication,166,34,-59,920,0,11,0,0,0,0,0,0,0,0
3845,2026-06-26T09:48:48.934975000Z,Authentication,166,34,-23,920,0,11,0,0,1,0,0,0,720,0
3846,2026-06-26T09:48:48.947370000Z,Authentication,166,34,-23,920,0,11,0,0,1,0,0,0,720,0
3847,2026-06-26T09:48:49.143858000Z,Authentication,166,34,-59,920,0,11,0,0,0,0,0,0,0,0
3848,2026-06-26T09:48:49.164877000Z,Authentication,166,34,-25,920,0,11,0,0,1,0,0,0,720,0
3849,2026-06-26T09:48:49.171546000Z,Authentication,166,34,-26,920,0,11,0,0,1,0,0,0,720,0
3850,2026-06-26T09:48:49.223837000Z,Disassociation,64,34,-25,920,0,10,0,0,1,0,0,0,720,0
3851,2026-06-26T09:48:49.227085000Z,Disassociation,64,34,-26,920,0,10,0,0,1,0,0,0,720,0
3853,2026-06-26T09:48:49.406005000Z,Authentication,166,34,-59,920,0,11,0,0,0,0,0,0,0,0
3854,2026-06-26T09:48:49.418111000Z,Authentication,166,34,-28,920,0,11,0,0,0,0,0,0,720,0
3855,2026-06-26T09:48:49.423686000Z,Authentication,166,34,-27,920,0,11,0,0,1,0,0,0,720,0
3856,2026-06-26T09:48:49.430233000Z,Authentication,166,34,-27,920,0,11,0,0,1,0,0,0,720,0
3857,2026-06-26T09:48:49.436611000Z,Authentication,166,34,-29,920,0,11,0,0,1,0,0,0,720,0
3858,2026-06-26T09:48:49.557873000Z,S1G Beacon,61,34,-28,920,3,1,,,,,,,0,0
3859,2026-06-26T09:48:49.668162000Z,Authentication,166,34,-59,920,0,11,0,0,0,0,0,0,0,0
3860,2026-06-26T09:48:49.678620000Z,Authentication,166,34,-28,920,0,11,0,0,0,0,0,0,720,0
3861,2026-06-26T09:48:49.684247000Z,Authentication,166,34,-28,920,0,11,0,0,1,0,0,0,720,0
3862,2026-06-26T09:48:49.690396000Z,Authentication,166,34,-29,920,0,11,0,0,1,0,0,0,720,0
3863,2026-06-26T09:48:49.696854000Z,Authentication,166,34,-28,920,0,11,0,0,1,0,0,0,720,0
3864,2026-06-26T09:48:49.905723000Z,Authentication,166,34,-59,920,0,11,0,0,0,0,0,0,0,0
3865,2026-06-26T09:48:49.918390000Z,Authentication,166,34,-29,920,0,11,0,0,0,0,0,0,720,0
3866,2026-06-26T09:48:49.924950000Z,Authentication,166,34,-28,920,0,11,0,0,1,0,0,0,720,0
3867,2026-06-26T09:48:49.931455000Z,Authentication,166,34,-29,920,0,11,0,0,1,0,0,0,720,0
3868,2026-06-26T09:48:49.938123000Z,Authentication,166,34,-28,920,0,11,0,0,1,0,0,0,720,0
3869,2026-06-26T09:48:50.159694000Z,Authentication,166,34,-59,920,0,11,0,0,0,0,0,0,0,0
3870,2026-06-26T09:48:50.168139000Z,Authentication,166,34,-28,920,0,11,0,0,0,0,0,0,720,0
3871,2026-06-26T09:48:50.173248000Z,Authentication,166,34,-29,920,0,11,0,0,1,0,0,0,720,0
3872,2026-06-26T09:48:50.180018000Z,Authentication,166,34,-28,920,0,11,0,0,1,0,0,0,720,0
3873,2026-06-26T09:48:50.186480000Z,Authentication,166,34,-29,920,0,11,0,0,1,0,0,0,720,0
3874,2026-06-26T09:48:50.378888000Z,S1G Beacon,129,34,-28,920,3,1,,,,,,,0,0
3876,2026-06-26T09:48:50.421834000Z,Authentication,166,34,-59,920,0,11,0,0,0,0,0,0,0,0
3877,2026-06-26T09:48:50.438188000Z,Authentication,166,34,-27,920,0,11,0,0,0,0,0,0,720,0
3878,2026-06-26T09:48:50.444962000Z,Authentication,166,34,-28,920,0,11,0,0,1,0,0,0,720,0
3879,2026-06-26T09:48:50.451470000Z,Authentication,166,34,-28,920,0,11,0,0,1,0,0,0,720,0
3880,2026-06-26T09:48:50.457982000Z,Authentication,166,34,-28,920,0,11,0,0,1,0,0,0,720,0
3881,2026-06-26T09:48:50.684005000Z,Authentication,166,34,-60,920,0,11,0,0,0,0,0,0,0,0
3882,2026-06-26T09:48:50.704683000Z,Authentication,166,34,-24,920,0,11,0,0,1,0,0,0,720,0
3883,2026-06-26T09:48:50.718075000Z,Authentication,166,34,-23,920,0,11,0,0,1,0,0,0,720,0
3884,2026-06-26T09:48:50.913367000Z,Authentication,166,34,-60,920,0,11,0,0,0,0,0,0,0,0
3885,2026-06-26T09:48:50.928142000Z,Authentication,166,34,-20,920,0,11,0,0,0,0,0,0,720,0
3886,2026-06-26T09:48:50.941213000Z,Authentication,166,34,-21,920,0,11,0,0,1,0,0,0,720,0
3887,2026-06-26T09:48:50.947725000Z,Authentication,166,34,-19,920,0,11,0,0,1,0,0,0,720,0
3888,2026-06-26T09:48:51.175514000Z,Authentication,166,34,-59,920,0,11,0,0,0,0,0,0,0,0
3889,2026-06-26T09:48:51.185952000Z,Authentication,166,34,-20,920,0,11,0,0,0,0,0,0,720,0
3890,2026-06-26T09:48:51.192618000Z,Authentication,166,34,-19,920,0,11,0,0,1,0,0,0,720,0
3891,2026-06-26T09:48:51.196313000Z,S1G Beacon,61,34,-19,920,3,1,,,,,,,0,0
3892,2026-06-26T09:48:51.201062000Z,Authentication,166,34,-18,920,0,11,0,0,1,0,0,0,720,0
3893,2026-06-26T09:48:51.207576000Z,Authentication,166,34,-19,920,0,11,0,0,1,0,0,0,720,0
3894,2026-06-26T09:48:51.437659000Z,Authentication,166,34,-62,920,0,11,0,0,0,0,0,0,0,0
3895,2026-06-26T09:48:51.451004000Z,QoS Data,150,34,-19,920,2,8,1,0,1,0,0,1,720,0
3897,2026-06-26T09:48:51.456575000Z,Authentication,166,34,-18,920,0,11,0,0,1,0,0,0,720,0
3898,2026-06-26T09:48:51.463034000Z,Authentication,166,34,-18,920,0,11,0,0,1,0,0,0,720,0
3899,2026-06-26T09:48:51.469753000Z,Authentication,166,34,-19,920,0,11,0,0,1,0,0,0,720,0
3901,2026-06-26T09:48:51.504988000Z,QoS Data,131,34,-12,920,2,8,1,0,0,0,0,1,720,0
3904,2026-06-26T09:48:51.538610000Z,QoS Data,128,34,-19,920,2,8,1,0,0,0,0,1,720,0
3906,2026-06-26T09:48:51.540658000Z,QoS Data,128,34,-27,920,2,8,0,0,0,0,0,1,720,0
3908,2026-06-26T09:48:51.671142000Z,Authentication,166,34,-60,920,0,11,0,0,0,0,0,0,0,0
3909,2026-06-26T09:48:51.678526000Z,Authentication,166,34,-18,920,0,11,0,0,0,0,0,0,720,0
3910,2026-06-26T09:48:51.685036000Z,Authentication,166,34,-19,920,0,11,0,0,1,0,0,0,720,0
3911,2026-06-26T09:48:51.691654000Z,Authentication,166,34,-17,920,0,11,0,0,1,0,0,0,720,0
3912,2026-06-26T09:48:51.698162000Z,Authentication,166,34,-18,920,0,11,0,0,1,0,0,0,720,0
3913,2026-06-26T09:48:51.929201000Z,Authentication,166,34,-59,920,0,11,0,0,0,0,0,0,0,0
3914,2026-06-26T09:48:51.938333000Z,Authentication,166,34,-17,920,0,11,0,0,0,0,0,0,720,0
3915,2026-06-26T09:48:51.944168000Z,Authentication,166,34,-17,920,0,11,0,0,1,0,0,0,720,0
3916,2026-06-26T09:48:51.949950000Z,Authentication,166,34,-19,920,0,11,0,0,1,0,0,0,720,0
3917,2026-06-26T09:48:52.017345000Z,S1G Beacon,129,34,-17,920,3,1,,,,,,,0,0
3918,2026-06-26T09:48:52.191351000Z,Authentication,166,34,-59,920,0,11,0,0,0,0,0,0,0,0
3919,2026-06-26T09:48:52.208100000Z,Authentication,166,34,-18,920,0,11,0,0,0,0,0,0,720,0
3920,2026-06-26T09:48:52.214765000Z,Authentication,166,34,-18,920,0,11,0,0,1,0,0,0,720,0
3921,2026-06-26T09:48:52.221436000Z,Authentication,166,34,-19,920,0,11,0,0,1,0,0,0,720,0
3922,2026-06-26T09:48:52.227947000Z,Authentication,166,34,-19,920,0,11,0,0,1,0,0,0,720,0
3923,2026-06-26T09:48:52.399819000Z,Data,287,34,-19,920,2,0,0,0,0,0,0,1,0,0
3924,2026-06-26T09:48:52.453491000Z,Authentication,166,34,-59,920,0,11,0,0,0,0,0,0,0,0
3925,2026-06-26T09:48:52.468177000Z,Authentication,166,34,-19,920,0,11,0,0,0,0,0,0,720,0
3926,2026-06-26T09:48:52.474952000Z,Authentication,166,34,-18,920,0,11,0,0,1,0,0,0,720,0
3927,2026-06-26T09:48:52.481569000Z,Authentication,166,34,-18,920,0,11,0,0,1,0,0,0,720,0
3928,2026-06-26T09:48:52.488287000Z,Authentication,166,34,-18,920,0,11,0,0,1,0,0,0,720,0
3929,2026-06-26T09:48:52.834796000Z,S1G Beacon,61,34,-19,920,3,1,,,,,,,0,0
3930,2026-06-26T09:48:52.945026000Z,Authentication,166,34,-59,920,0,11,0,0,0,0,0,0,0,0
3931,2026-06-26T09:48:52.958175000Z,Authentication,166,34,-18,920,0,11,0,0,0,0,0,0,720,0
3932,2026-06-26T09:48:52.964792000Z,Authentication,166,34,-18,920,0,11,0,0,1,0,0,0,720,0
3933,2026-06-26T09:48:52.971460000Z,Authentication,166,34,-18,920,0,11,0,0,1,0,0,0,720,0
3934,2026-06-26T09:48:52.977970000Z,Authentication,166,34,-19,920,0,11,0,0,1,0,0,0,720,0
3935,2026-06-26T09:48:53.207168000Z,Authentication,166,34,-63,920,0,11,0,0,0,0,0,0,0,0
3936,2026-06-26T09:48:53.218519000Z,Authentication,166,34,-18,920,0,11,0,0,0,0,0,0,720,0
3937,2026-06-26T09:48:53.225135000Z,Authentication,166,34,-17,920,0,11,0,0,1,0,0,0,720,0
3938,2026-06-26T09:48:53.231908000Z,Authentication,166,34,-17,920,0,11,0,0,1,0,0,0,720,0
3939,2026-06-26T09:48:53.238520000Z,Authentication,166,34,-19,920,0,11,0,0,1,0,0,0,720,0
3940,2026-06-26T09:48:53.436550000Z,Authentication,166,34,-61,920,0,11,0,0,0,0,0,0,0,0
3941,2026-06-26T09:48:53.448210000Z,Authentication,166,34,-18,920,0,11,0,0,0,0,0,0,720,0
3942,2026-06-26T09:48:53.454720000Z,Authentication,166,34,-18,920,0,11,0,0,1,0,0,0,720,0
3943,2026-06-26T09:48:53.461233000Z,Authentication,166,34,-17,920,0,11,0,0,1,0,0,0,720,0
3944,2026-06-26T09:48:53.467902000Z,Authentication,166,34,-18,920,0,11,0,0,1,0,0,0,720,0
3945,2026-06-26T09:48:53.655800000Z,S1G Beacon,129,34,-19,920,3,1,,,,,,,0,0
3946,2026-06-26T09:48:53.698712000Z,Authentication,166,34,-60,920,0,11,0,0,0,0,0,0,0,0
3947,2026-06-26T09:48:53.708232000Z,Authentication,166,34,-19,920,0,11,0,0,0,0,0,0,720,0
3948,2026-06-26T09:48:53.715001000Z,Authentication,166,34,-19,920,0,11,0,0,1,0,0,0,720,0
3949,2026-06-26T09:48:53.721722000Z,Authentication,166,34,-19,920,0,11,0,0,1,0,0,0,720,0
3950,2026-06-26T09:48:53.728333000Z,Authentication,166,34,-19,920,0,11,0,0,1,0,0,0,720,0
3951,2026-06-26T09:48:53.960850000Z,Authentication,166,34,-59,920,0,11,0,0,0,0,0,0,0,0
3952,2026-06-26T09:48:53.978120000Z,Authentication,166,34,-27,920,0,11,0,0,0,0,0,0,720,0
3953,2026-06-26T09:48:53.984689000Z,Authentication,166,34,-26,920,0,11,0,0,1,0,0,0,720,0
3954,2026-06-26T09:48:53.997760000Z,Authentication,166,34,-25,920,0,11,0,0,1,0,0,0,720,0
3955,2026-06-26T09:48:54.203552000Z,Authentication,166,34,-59,920,0,11,0,0,0,0,0,0,0,0
3956,2026-06-26T09:48:54.452382000Z,Authentication,166,34,-59,920,0,11,0,0,0,0,0,0,0,0
3957,2026-06-26T09:48:54.465001000Z,Authentication,166,34,-19,920,0,11,0,0,0,0,0,0,720,0
3958,2026-06-26T09:48:54.473208000Z,S1G Beacon,61,34,-20,920,3,1,,,,,,,0,0
3959,2026-06-26T09:48:54.477806000Z,Authentication,166,34,-19,920,0,11,0,0,1,0,0,0,720,0
3960,2026-06-26T09:48:54.490933000Z,Authentication,166,34,-22,920,0,11,0,0,1,0,0,0,720,0
3961,2026-06-26T09:48:54.714548000Z,Authentication,166,34,-60,920,0,11,0,0,0,0,0,0,0,0
3962,2026-06-26T09:48:54.728257000Z,Authentication,166,34,-22,920,0,11,0,0,0,0,0,0,720,0
3963,2026-06-26T09:48:54.741434000Z,Authentication,166,34,-23,920,0,11,0,0,1,0,0,0,720,0
3964,2026-06-26T09:48:54.958248000Z,Authentication,166,34,-60,920,0,11,0,0,0,0,0,0,0,0
3965,2026-06-26T09:48:54.974890000Z,Authentication,166,34,-24,920,0,11,0,0,1,0,0,0,720,0
3966,2026-06-26T09:48:54.986612000Z,Authentication,166,34,-24,920,0,11,0,0,1,0,0,0,720,0
3967,2026-06-26T09:48:55.206058000Z,Authentication,166,34,-59,920,0,11,0,0,0,0,0,0,0,0
3968,2026-06-26T09:48:55.224803000Z,Authentication,166,34,-23,920,0,11,0,0,1,0,0,0,720,0
3969,2026-06-26T09:48:55.237719000Z,Authentication,166,34,-23,920,0,11,0,0,1,0,0,0,720,0
3970,2026-06-26T09:48:55.468205000Z,Authentication,166,34,-59,920,0,11,0,0,0,0,0,0,0,0
3971,2026-06-26T09:48:55.485026000Z,Authentication,166,34,-24,920,0,11,0,0,1,0,0,0,720,0
3972,2026-06-26T09:48:55.497948000Z,Authentication,166,34,-25,920,0,11,0,0,1,0,0,0,720,0
3973,2026-06-26T09:48:55.713979000Z,Authentication,166,34,-60,920,0,11,0,0,0,0,0,0,0,0
3974,2026-06-26T09:48:55.728231000Z,Authentication,166,34,-29,920,0,11,0,0,0,0,0,0,720,0
3975,2026-06-26T09:48:55.734740000Z,Authentication,166,34,-29,920,0,11,0,0,1,0,0,0,720,0
3976,2026-06-26T09:48:55.741147000Z,Authentication,166,34,-29,920,0,11,0,0,1,0,0,0,720,0
3977,2026-06-26T09:48:55.747868000Z,Authentication,166,34,-28,920,0,11,0,0,1,0,0,0,720,0
3979,2026-06-26T09:48:55.959733000Z,Authentication,166,34,-59,920,0,11,0,0,0,0,0,0,0,0
3980,2026-06-26T09:48:55.970724000Z,Authentication,166,34,-29,920,0,11,0,0,0,0,0,0,720,0
3981,2026-06-26T09:48:55.976761000Z,Authentication,166,34,-30,920,0,11,0,0,1,0,0,0,720,0
3982,2026-06-26T09:48:55.983429000Z,Authentication,166,34,-28,920,0,11,0,0,1,0,0,0,720,0
3983,2026-06-26T09:48:55.990043000Z,Authentication,166,34,-29,920,0,11,0,0,1,0,0,0,720,0
3984,2026-06-26T09:48:56.111661000Z,S1G Beacon,61,34,-30,920,3,1,,,,,,,0,0
3985,2026-06-26T09:48:56.221885000Z,Authentication,166,34,-59,920,0,11,0,0,0,0,0,0,0,0
3986,2026-06-26T09:48:56.238256000Z,Authentication,166,34,-31,920,0,11,0,0,0,0,0,0,720,0
3987,2026-06-26T09:48:56.245014000Z,Authentication,166,34,-30,920,0,11,0,0,1,0,0,0,720,0
3988,2026-06-26T09:48:56.251424000Z,Authentication,166,34,-29,920,0,11,0,0,1,0,0,0,720,0
3989,2026-06-26T09:48:56.256633000Z,Authentication,166,34,-29,920,0,11,0,0,1,0,0,0,720,0
3990,2026-06-26T09:48:56.484033000Z,Authentication,166,34,-61,920,0,11,0,0,0,0,0,0,0,0
3991,2026-06-26T09:48:56.498349000Z,Authentication,166,34,-27,920,0,11,0,0,0,0,0,0,720,0
3992,2026-06-26T09:48:56.504858000Z,Authentication,166,34,-27,920,0,11,0,0,1,0,0,0,720,0
3993,2026-06-26T09:48:56.518299000Z,Authentication,166,34,-26,920,0,11,0,0,1,0,0,0,720,0
3994,2026-06-26T09:48:56.520817000Z,QoS Data,148,34,-19,920,2,8,1,0,0,0,0,1,720,0
3996,2026-06-26T09:48:56.523216000Z,QoS Data,148,34,-30,920,2,8,0,0,0,0,0,1,720,0
3998,2026-06-26T09:48:56.528817000Z,QoS Data,131,34,-12,920,2,8,1,0,0,0,0,1,720,0
3999,2026-06-26T09:48:56.531511000Z,QoS Data,131,34,-10,920,2,8,1,0,1,0,0,1,720,0
4001,2026-06-26T09:48:56.533631000Z,QoS Data,131,34,-30,920,2,8,0,0,0,0,0,1,720,0
4003,2026-06-26T09:48:56.722632000Z,Authentication,166,34,-59,920,0,11,0,0,0,0,0,0,0,0
4004,2026-06-26T09:48:56.741794000Z,Authentication,166,34,-24,920,0,11,0,0,1,0,0,0,720,0
4005,2026-06-26T09:48:56.754869000Z,Authentication,166,34,-23,920,0,11,0,0,1,0,0,0,720,0
4006,2026-06-26T09:48:56.788556000Z,QoS Data,128,34,-18,920,2,8,1,0,0,0,0,1,720,0
4008,2026-06-26T09:48:56.975572000Z,Authentication,166,34,-60,920,0,11,0,0,0,0,0,0,0,0
4009,2026-06-26T09:48:56.994985000Z,Authentication,166,34,-23,920,0,11,0,0,1,0,0,0,720,0
4010,2026-06-26T09:48:57.001707000Z,Authentication,166,34,-19,920,0,11,0,0,1,0,0,0,720,0
4011,2026-06-26T09:48:57.237714000Z,Authentication,166,34,-60,920,0,11,0,0,0,0,0,0,0,0
4012,2026-06-26T09:48:57.248284000Z,Authentication,166,34,-19,920,0,11,0,0,0,0,0,0,720,0
4013,2026-06-26T09:48:57.254950000Z,Authentication,166,34,-20,920,0,11,0,0,1,0,0,0,720,0
4014,2026-06-26T09:48:57.261354000Z,Authentication,166,34,-18,920,0,11,0,0,1,0,0,0,720,0
4015,2026-06-26T09:48:57.267916000Z,Authentication,166,34,-19,920,0,11,0,0,1,0,0,0,720,0
4016,2026-06-26T09:48:57.479380000Z,Authentication,166,34,-63,920,0,11,0,0,0,0,0,0,0,0
4017,2026-06-26T09:48:57.494796000Z,Authentication,166,34,-22,920,0,11,0,0,1,0,0,0,720,0
4018,2026-06-26T09:48:57.507877000Z,Authentication,166,34,-21,920,0,11,0,0,1,0,0,0,720,0
4019,2026-06-26T09:48:57.738308000Z,Authentication,166,34,-20,920,0,11,0,0,0,0,0,0,720,0
4020,2026-06-26T09:48:57.750119000Z,S1G Beacon,61,34,-21,920,3,1,,,,,,,0,0
4021,2026-06-26T09:48:57.761485000Z,Authentication,166,34,-22,920,0,11,0,0,1,0,0,0,720,0
4022,2026-06-26T09:48:57.991410000Z,Authentication,166,34,-60,920,0,11,0,0,0,0,0,0,0,0
4023,2026-06-26T09:48:58.014821000Z,Authentication,166,34,-23,920,0,11,0,0,1,0,0,0,720,0
4024,2026-06-26T09:48:58.027946000Z,Authentication,166,34,-24,920,0,11,0,0,1,0,0,0,720,0
4025,2026-06-26T09:48:58.253546000Z,Authentication,166,34,-60,920,0,11,0,0,0,0,0,0,0,0
4026,2026-06-26T09:48:58.268321000Z,Authentication,166,34,-23,920,0,11,0,0,0,0,0,0,720,0
4027,2026-06-26T09:48:58.274731000Z,Authentication,166,34,-22,920,0,11,0,0,1,0,0,0,720,0
4028,2026-06-26T09:48:58.288013000Z,Authentication,166,34,-24,920,0,11,0,0,1,0,0,0,720,0
4029,2026-06-26T09:48:58.487024000Z,Authentication,166,34,-61,920,0,11,0,0,0,0,0,0,0,0
4030,2026-06-26T09:48:58.505084000Z,Authentication,166,34,-25,920,0,11,0,0,1,0,0,0,720,0
4031,2026-06-26T09:48:58.517012000Z,Authentication,166,34,-25,920,0,11,0,0,1,0,0,0,720,0
4032,2026-06-26T09:48:58.745079000Z,Authentication,166,34,-60,920,0,11,0,0,0,0,0,0,0,0
4033,2026-06-26T09:48:58.758343000Z,Authentication,166,34,-23,920,0,11,0,0,0,0,0,0,720,0
4034,2026-06-26T09:48:58.771312000Z,Authentication,166,34,-23,920,0,11,0,0,1,0,0,0,720,0
4035,2026-06-26T09:48:59.007244000Z,Authentication,166,34,-60,920,0,11,0,0,0,0,0,0,0,0
4036,2026-06-26T09:48:59.018314000Z,Authentication,166,34,-26,920,0,11,0,0,0,0,0,0,720,0
4037,2026-06-26T09:48:59.024824000Z,Authentication,166,34,-27,920,0,11,0,0,1,0,0,0,720,0
4038,2026-06-26T09:48:59.031285000Z,Authentication,166,34,-27,920,0,11,0,0,1,0,0,0,720,0
4039,2026-06-26T09:48:59.037842000Z,Authentication,166,34,-27,920,0,11,0,0,1,0,0,0,720,0
4040,2026-06-26T09:48:59.246839000Z,Authentication,166,34,-60,920,0,11,0,0,0,0,0,0,0,0
4041,2026-06-26T09:48:59.265048000Z,Authentication,166,34,-24,920,0,11,0,0,1,0,0,0,720,0
4042,2026-06-26T09:48:59.278123000Z,Authentication,166,34,-24,920,0,11,0,0,1,0,0,0,720,0
4043,2026-06-26T09:48:59.498753000Z,Authentication,166,34,-60,920,0,11,0,0,0,0,0,0,0,0
4044,2026-06-26T09:48:59.514880000Z,Authentication,166,34,-21,920,0,11,0,0,1,0,0,0,720,0
4045,2026-06-26T09:48:59.528005000Z,Authentication,166,34,-21,920,0,11,0,0,1,0,0,0,720,0
4046,2026-06-26T09:48:59.760900000Z,Authentication,166,34,-60,920,0,11,0,0,0,0,0,0,0,0
4047,2026-06-26T09:49:00.023063000Z,Authentication,166,34,-61,920,0,11,0,0,0,0,0,0,0,0
4048,2026-06-26T09:49:00.209592000Z,S1G Beacon,129,34,-19,920,3,1,,,,,,,0,0
4049,2026-06-26T09:49:00.252430000Z,Authentication,166,34,-60,920,0,11,0,0,0,0,0,0,0,0
4050,2026-06-26T09:49:00.268670000Z,Authentication,166,34,-17,920,0,11,0,0,0,0,0,0,720,0
4051,2026-06-26T09:49:00.273986000Z,Authentication,166,34,-19,920,0,11,0,0,1,0,0,0,720,0
4052,2026-06-26T09:49:00.280501000Z,Authentication,166,34,-18,920,0,11,0,0,1,0,0,0,720,0
4053,2026-06-26T09:49:00.287116000Z,Authentication,166,34,-17,920,0,11,0,0,1,0,0,0,720,0
4054,2026-06-26T09:49:00.514591000Z,Authentication,166,34,-65,920,0,11,0,0,0,0,0,0,0,0
4055,2026-06-26T09:49:00.534946000Z,Authentication,166,34,-20,920,0,11,0,0,1,0,0,0,720,0
4056,2026-06-26T09:49:00.541407000Z,Authentication,166,34,-19,920,0,11,0,0,1,0,0,0,720,0
4057,2026-06-26T09:49:00.547813000Z,Authentication,166,34,-19,920,0,11,0,0,1,0,0,0,720,0
4058,2026-06-26T09:49:00.776729000Z,Authentication,166,34,-60,920,0,11,0,0,0,0,0,0,0,0
4059,2026-06-26T09:49:01.019436000Z,Authentication,166,34,-61,920,0,11,0,0,0,0,0,0,0,0
4060,2026-06-26T09:49:01.027020000Z,S1G Beacon,61,34,-19,920,3,1,,,,,,,0,0
4061,2026-06-26T09:49:01.038231000Z,Authentication,166,34,-21,920,0,11,0,0,1,0,0,0,720,0
4062,2026-06-26T09:49:01.044583000Z,Authentication,166,34,-19,920,0,11,0,0,1,0,0,0,720,0
4063,2026-06-26T09:49:01.051042000Z,Authentication,166,34,-19,920,0,11,0,0,1,0,0,0,720,0
4064,2026-06-26T09:49:01.268261000Z,Authentication,166,34,-61,920,0,11,0,0,0,0,0,0,0,0
4065,2026-06-26T09:49:01.284922000Z,Authentication,166,34,-21,920,0,11,0,0,1,0,0,0,720,0
4066,2026-06-26T09:49:01.298307000Z,Authentication,166,34,-22,920,0,11,0,0,1,0,0,0,720,0
4067,2026-06-26T09:49:01.472300000Z,Data,287,34,-19,920,2,0,0,0,0,0,0,1,0,0
4068,2026-06-26T09:49:01.546924000Z,QoS Data,149,34,-19,920,2,8,1,0,0,0,0,1,720,0
4070,2026-06-26T09:49:01.549737000Z,QoS Data,149,34,-28,920,2,8,0,0,0,0,0,1,720,0
4072,2026-06-26T09:49:01.555493000Z,QoS Data,131,34,-11,920,2,8,1,0,0,0,0,1,720,0
4074,2026-06-26T09:49:01.557820000Z,QoS Data,131,34,-28,920,2,8,0,0,0,0,0,1,720,0
4076,2026-06-26T09:49:01.563171000Z,Authentication,166,34,-60,920,0,11,0,0,0,0,0,0,0,0
4077,2026-06-26T09:49:01.585072000Z,Authentication,166,34,-21,920,0,11,0,0,1,0,0,0,720,0
4078,2026-06-26T09:49:01.596949000Z,Authentication,166,34,-21,920,0,11,0,0,1,0,0,0,720,0
4079,2026-06-26T09:49:01.788555000Z,QoS Data,128,34,-16,920,2,8,1,0,0,0,0,1,720,0
4081,2026-06-26T09:49:01.790767000Z,QoS Data,128,34,-27,920,2,8,0,0,0,0,0,1,720,0
4083,2026-06-26T09:49:01.825322000Z,Authentication,166,34,-59,920,0,11,0,0,0,0,0,0,0,0
4084,2026-06-26T09:49:01.834213000Z,Authentication,166,34,-19,920,0,11,0,0,0,0,0,0,720,0
4085,2026-06-26T09:49:01.840671000Z,Authentication,166,34,-18,920,0,11,0,0,1,0,0,0,720,0
4086,2026-06-26T09:49:01.848046000Z,S1G Beacon,129,34,-19,920,3,1,,,,,,,0,0
4087,2026-06-26T09:49:01.852637000Z,Authentication,166,34,-19,920,0,11,0,0,1,0,0,0,720,0
4088,2026-06-26T09:49:01.859152000Z,Authentication,166,34,-18,920,0,11,0,0,1,0,0,0,720,0
4089,2026-06-26T09:49:02.054730000Z,Authentication,166,34,-59,920,0,11,0,0,0,0,0,0,0,0
4090,2026-06-26T09:49:02.068416000Z,Authentication,166,34,-17,920,0,11,0,0,0,0,0,0,720,0
4091,2026-06-26T09:49:02.074822000Z,Authentication,166,34,-19,920,0,11,0,0,1,0,0,0,720,0
4092,2026-06-26T09:49:02.081232000Z,Authentication,166,34,-17,920,0,11,0,0,1,0,0,0,720,0
4093,2026-06-26T09:49:02.086389000Z,Authentication,166,34,-18,920,0,11,0,0,1,0,0,0,720,0
4094,2026-06-26T09:49:02.316858000Z,Authentication,166,34,-60,920,0,11,0,0,0,0,0,0,0,0
4095,2026-06-26T09:49:02.335130000Z,Authentication,166,34,-23,920,0,11,0,0,1,0,0,0,720,0
4096,2026-06-26T09:49:02.348472000Z,Authentication,166,34,-22,920,0,11,0,0,1,0,0,0,720,0
4097,2026-06-26T09:49:02.579019000Z,Authentication,166,34,-60,920,0,11,0,0,0,0,0,0,0,0
4098,2026-06-26T09:49:02.588433000Z,Authentication,166,34,-18,920,0,11,0,0,0,0,0,0,720,0
4099,2026-06-26T09:49:02.595151000Z,Authentication,166,34,-18,920,0,11,0,0,1,0,0,0,720,0
4100,2026-06-26T09:49:02.600415000Z,Authentication,166,34,-18,920,0,11,0,0,1,0,0,0,720,0
4101,2026-06-26T09:49:02.607133000Z,Authentication,166,34,-18,920,0,11,0,0,1,0,0,0,720,0
4102,2026-06-26T09:49:02.665459000Z,S1G Beacon,61,34,-17,920,3,1,,,,,,,0,0
4103,2026-06-26T09:49:02.819647000Z,Authentication,166,34,-60,920,0,11,0,0,0,0,0,0,0,0
4104,2026-06-26T09:49:02.828432000Z,Authentication,166,34,-18,920,0,11,0,0,0,0,0,0,720,0
4105,2026-06-26T09:49:02.835206000Z,Authentication,166,34,-18,920,0,11,0,0,1,0,0,0,720,0
4106,2026-06-26T09:49:02.841455000Z,Authentication,166,34,-17,920,0,11,0,0,1,0,0,0,720,0
4107,2026-06-26T09:49:02.847862000Z,Authentication,166,34,-18,920,0,11,0,0,1,0,0,0,720,0
4108,2026-06-26T09:49:03.070561000Z,Authentication,166,34,-64,920,0,11,0,0,0,0,0,0,0,0
4109,2026-06-26T09:49:03.088354000Z,Authentication,166,34,-19,920,0,11,0,0,0,0,0,0,720,0
4110,2026-06-26T09:49:03.094971000Z,Authentication,166,34,-19,920,0,11,0,0,1,0,0,0,720,0
4111,2026-06-26T09:49:03.101480000Z,Authentication,166,34,-19,920,0,11,0,0,1,0,0,0,720,0
4112,2026-06-26T09:49:03.136041000Z,Disassociation,64,34,-24,920,0,10,0,0,1,0,0,0,720,0
4113,2026-06-26T09:49:03.139883000Z,Disassociation,64,34,-22,920,0,10,0,0,1,0,0,0,720,0
4114,2026-06-26T09:49:03.143623000Z,Disassociation,64,34,-21,920,0,10,0,0,1,0,0,0,720,0
4115,2026-06-26T09:49:03.332685000Z,Authentication,166,34,-60,920,0,11,0,0,0,0,0,0,0,0
4116,2026-06-26T09:49:03.340967000Z,Authentication,166,34,-27,920,0,11,0,0,0,0,0,0,720,0
4117,2026-06-26T09:49:03.354354000Z,Authentication,166,34,-25,920,0,11,0,0,1,0,0,0,720,0
4118,2026-06-26T09:49:03.486501000Z,S1G Beacon,129,34,-29,920,3,1,,,,,,,0,0
4119,2026-06-26T09:49:03.572309000Z,Authentication,166,34,-62,920,0,11,0,0,0,0,0,0,0,0
4120,2026-06-26T09:49:03.580640000Z,Authentication,166,34,-29,920,0,11,0,0,0,0,0,0,720,0
4121,2026-06-26T09:49:03.587091000Z,Authentication,166,34,-28,920,0,11,0,0,1,0,0,0,720,0
4122,2026-06-26T09:49:03.593553000Z,Authentication,166,34,-30,920,0,11,0,0,1,0,0,0,720,0
4123,2026-06-26T09:49:03.600274000Z,Authentication,166,34,-28,920,0,11,0,0,1,0,0,0,720,0
4124,2026-06-26T09:49:03.824215000Z,Authentication,166,34,-58,920,0,11,0,0,0,0,0,0,0,0
4125,2026-06-26T09:49:03.838588000Z,Authentication,166,34,-31,920,0,11,0,0,0,0,0,0,720,0
4126,2026-06-26T09:49:03.845253000Z,Authentication,166,34,-34,920,0,11,0,0,1,0,0,0,720,0
4127,2026-06-26T09:49:03.851714000Z,Authentication,166,34,-34,920,0,11,0,0,1,0,0,0,720,0
4128,2026-06-26T09:49:03.858220000Z,Authentication,166,34,-33,920,0,11,0,0,1,0,0,0,720,0
4129,2026-06-26T09:49:04.086386000Z,Authentication,166,34,-60,920,0,11,0,0,0,0,0,0,0,0
4130,2026-06-26T09:49:04.098453000Z,Authentication,166,34,-33,920,0,11,0,0,0,0,0,0,720,0
4131,2026-06-26T09:49:04.105230000Z,Authentication,166,34,-35,920,0,11,0,0,1,0,0,0,720,0
4132,2026-06-26T09:49:04.111896000Z,Authentication,166,34,-33,920,0,11,0,0,1,0,0,0,720,0
4133,2026-06-26T09:49:04.118407000Z,Authentication,166,34,-33,920,0,11,0,0,1,0,0,0,720,0
4134,2026-06-26T09:49:04.298888000Z,Data,378,34,-42,920,2,0,0,0,0,0,0,1,0,0
4135,2026-06-26T09:49:04.303916000Z,S1G Beacon,61,34,-40,920,3,1,,,,,,,0,0
4136,2026-06-26T09:49:04.345434000Z,Authentication,166,34,-59,920,0,11,0,0,0,0,0,0,0,0
4137,2026-06-26T09:49:04.358450000Z,Authentication,166,34,-42,920,0,11,0,0,0,0,0,0,720,0
4138,2026-06-26T09:49:04.364855000Z,Authentication,166,34,-44,920,0,11,0,0,1,0,0,0,720,0
4139,2026-06-26T09:49:04.371367000Z,Authentication,166,34,-41,920,0,11,0,0,1,0,0,0,720,0
4140,2026-06-26T09:49:04.376627000Z,Authentication,166,34,-41,920,0,11,0,0,1,0,0,0,720,0
4141,2026-06-26T09:49:04.402911000Z,Data,387,34,-43,920,2,0,0,0,0,0,0,1,0,0
4142,2026-06-26T09:49:04.496221000Z,Data,287,34,-34,920,2,0,0,0,0,0,0,1,0,0
4143,2026-06-26T09:49:04.509019000Z,Data,450,34,-34,920,2,0,0,0,0,0,0,1,0,0
4144,2026-06-26T09:49:04.577899000Z,Authentication,166,34,-60,920,0,11,0,0,0,0,0,0,0,0
4145,2026-06-26T09:49:04.588419000Z,Authentication,166,34,-32,920,0,11,0,0,0,0,0,0,720,0
4146,2026-06-26T09:49:04.593673000Z,Authentication,166,34,-32,920,0,11,0,0,1,0,0,0,720,0
4147,2026-06-26T09:49:04.600083000Z,Authentication,166,34,-32,920,0,11,0,0,1,0,0,0,720,0
4148,2026-06-26T09:49:04.614514000Z,Data,442,34,-31,920,2,0,0,0,0,0,0,1,0,0
4149,2026-06-26T09:49:04.619059000Z,Authentication,166,34,-31,920,0,11,0,0,1,0,0,0,720,0
4150,2026-06-26T09:49:04.714978000Z,Data,387,34,-29,920,2,0,0,0,0,0,0,1,0,0
4151,2026-06-26T09:49:04.819920000Z,Data,426,34,-29,920,2,0,0,0,0,0,0,1,0,0
4152,2026-06-26T09:49:04.840044000Z,Authentication,166,34,-60,920,0,11,0,0,0,0,0,0,0,0
4153,2026-06-26T09:49:04.924817000Z,Data,458,34,-41,920,2,0,0,0,0,0,0,1,0,0
4154,2026-06-26T09:49:05.027073000Z,Data,387,34,-36,920,2,0,0,0,0,0,0,1,0,0
4155,2026-06-26T09:49:05.102191000Z,Authentication,166,34,-60,920,0,11,0,0,0,0,0,0,0,0
4156,2026-06-26T09:49:05.124957000Z,S1G Beacon,129,34,-37,920,3,1,,,,,,,0,0
4157,2026-06-26T09:49:05.137644000Z,Data,446,34,-38,920,2,0,0,0,0,0,0,1,0,0
4158,2026-06-26T09:49:05.236431000Z,Data,440,34,-39,920,2,0,0,0,0,0,0,1,0,0
4159,2026-06-26T09:49:05.338989000Z,Data,387,34,-39,920,2,0,0,0,0,0,0,1,0,0
4160,2026-06-26T09:49:05.444319000Z,Data,442,34,-42,920,2,0,0,0,0,0,0,1,0,0
4161,2026-06-26T09:49:05.548689000Z,Data,452,34,-38,920,2,0,0,0,0,0,0,1,0,0
4162,2026-06-26T09:49:05.593726000Z,Authentication,166,34,-59,920,0,11,0,0,0,0,0,0,0,0
4163,2026-06-26T09:49:05.855866000Z,Authentication,166,34,-61,920,0,11,0,0,0,0,0,0,0,0
4164,2026-06-26T09:49:05.942367000Z,S1G Beacon,61,34,-36,920,3,1,,,,,,,0,0
4165,2026-06-26T09:49:06.093446000Z,Authentication,166,34,-60,920,0,11,0,0,0,0,0,0,0,0
4166,2026-06-26T09:49:06.108475000Z,Authentication,166,34,-37,920,0,11,0,0,0,0,0,0,720,0
4167,2026-06-26T09:49:06.114878000Z,Authentication,166,34,-35,920,0,11,0,0,1,0,0,0,720,0
4168,2026-06-26T09:49:06.121336000Z,Authentication,166,34,-37,920,0,11,0,0,1,0,0,0,720,0
4169,2026-06-26T09:49:06.127796000Z,Authentication,166,34,-36,920,0,11,0,0,1,0,0,0,720,0
4170,2026-06-26T09:49:06.347403000Z,Authentication,166,34,-60,920,0,11,0,0,0,0,0,0,0,0
4171,2026-06-26T09:49:06.569537000Z,QoS Data,148,34,-21,920,2,8,1,0,0,0,0,1,720,0
4173,2026-06-26T09:49:06.572137000Z,QoS Data,148,34,-41,920,2,8,0,0,0,0,0,1,720,0
4175,2026-06-26T09:49:06.577735000Z,QoS Data,128,34,-9,920,2,8,1,0,0,0,0,1,720,0
4177,2026-06-26T09:49:06.579955000Z,QoS Data,131,34,-10,920,2,8,1,0,0,0,0,1,720,0
4179,2026-06-26T09:49:06.582418000Z,QoS Data,136,42,-40,920,2,8,0,0,0,0,0,1,720,0
4180,2026-06-26T09:49:06.582576000Z,QoS Data,139,42,-40,920,2,8,0,0,0,0,0,1,720,0
4182,2026-06-26T09:49:06.609548000Z,Authentication,166,34,-59,920,0,11,0,0,0,0,0,0,0,0
4183,2026-06-26T09:49:06.763410000Z,S1G Beacon,129,34,-37,920,3,1,,,,,,,0,0
4185,2026-06-26T09:49:06.790139000Z,QoS Data,128,34,-40,920,2,8,0,0,0,0,0,1,720,0
4187,2026-06-26T09:49:06.871698000Z,Authentication,166,34,-60,920,0,11,0,0,0,0,0,0,0,0
4188,2026-06-26T09:49:07.101079000Z,Authentication,166,34,-60,920,0,11,0,0,0,0,0,0,0,0
4189,2026-06-26T09:49:07.363235000Z,Authentication,166,34,-60,920,0,11,0,0,0,0,0,0,0,0
4190,2026-06-26T09:49:07.378532000Z,Authentication,166,34,-36,920,0,11,0,0,0,0,0,0,720,0
4191,2026-06-26T09:49:07.385007000Z,Authentication,166,34,-35,920,0,11,0,0,1,0,0,0,720,0
4192,2026-06-26T09:49:07.391606000Z,Authentication,166,34,-35,920,0,11,0,0,1,0,0,0,720,0
4193,2026-06-26T09:49:07.520382000Z,Data,287,34,-35,920,2,0,0,0,0,0,0,1,0,0
4194,2026-06-26T09:49:07.580809000Z,S1G Beacon,61,34,-36,920,3,1,,,,,,,0,0
4195,2026-06-26T09:49:07.625388000Z,Authentication,166,34,-61,920,0,11,0,0,0,0,0,0,0,0
4196,2026-06-26T09:49:07.854764000Z,Authentication,166,34,-59,920,0,11,0,0,0,0,0,0,0,0
4197,2026-06-26T09:49:07.868915000Z,Authentication,166,34,-42,920,0,11,0,0,0,0,0,0,720,0
4198,2026-06-26T09:49:07.875373000Z,Authentication,166,34,-43,920,0,11,0,0,1,0,0,0,720,0
4199,2026-06-26T09:49:07.881941000Z,Authentication,166,34,-41,920,0,11,0,0,1,0,0,0,720,0
4200,2026-06-26T09:49:07.887669000Z,Authentication,166,34,-42,920,0,11,0,0,1,0,0,0,720,0
4201,2026-06-26T09:49:08.116906000Z,Authentication,166,34,-59,920,0,11,0,0,0,0,0,0,0,0
4202,2026-06-26T09:49:08.128478000Z,Authentication,166,34,-37,920,0,11,0,0,0,0,0,0,720,0
4203,2026-06-26T09:49:08.134886000Z,Authentication,166,34,-37,920,0,11,0,0,1,0,0,0,720,0
4204,2026-06-26T09:49:08.141500000Z,Authentication,166,34,-37,920,0,11,0,0,1,0,0,0,720,0
4205,2026-06-26T09:49:08.148168000Z,Authentication,166,34,-37,920,0,11,0,0,1,0,0,0,720,0
4207,2026-06-26T09:49:08.379070000Z,Authentication,166,34,-59,920,0,11,0,0,0,0,0,0,0,0
4208,2026-06-26T09:49:08.401848000Z,S1G Beacon,129,34,-36,920,3,1,,,,,,,0,0
4209,2026-06-26T09:49:08.608440000Z,Authentication,166,34,-60,920,0,11,0,0,0,0,0,0,0,0
4210,2026-06-26T09:49:08.870604000Z,Authentication,166,34,-59,920,0,11,0,0,0,0,0,0,0,0
4211,2026-06-26T09:49:09.132740000Z,Authentication,166,34,-59,920,0,11,0,0,0,0,0,0,0,0
4212,2026-06-26T09:49:09.219269000Z,S1G Beacon,61,34,-29,920,3,1,,,,,,,0,0
4213,2026-06-26T09:49:09.362128000Z,Authentication,166,34,-61,920,0,11,0,0,0,0,0,0,0,0
4214,2026-06-26T09:49:09.624274000Z,Authentication,166,34,-59,920,0,11,0,0,0,0,0,0,0,0
4215,2026-06-26T09:49:09.886425000Z,Authentication,166,34,-60,920,0,11,0,0,0,0,0,0,0,0
4216,2026-06-26T09:49:10.040294000Z,S1G Beacon,129,34,-22,920,3,1,,,,,,,0,0
4217,2026-06-26T09:49:10.126033000Z,Authentication,166,34,-60,920,0,11,0,0,0,0,0,0,0,0
4218,2026-06-26T09:49:10.377964000Z,Authentication,166,34,-59,920,0,11,0,0,0,0,0,0,0,0
4219,2026-06-26T09:49:10.388827000Z,Authentication,166,34,-27,920,0,11,0,0,0,0,0,0,720,0
4220,2026-06-26T09:49:10.395337000Z,Authentication,166,34,-27,920,0,11,0,0,1,0,0,0,720,0
4221,2026-06-26T09:49:10.401950000Z,Authentication,166,34,-27,920,0,11,0,0,1,0,0,0,720,0
4222,2026-06-26T09:49:10.408617000Z,Authentication,166,34,-27,920,0,11,0,0,1,0,0,0,720,0
4223,2026-06-26T09:49:10.544477000Z,Data,287,34,-29,920,2,0,0,0,0,0,0,1,0,0
4224,2026-06-26T09:49:10.640092000Z,Authentication,166,34,-59,920,0,11,0,0,0,0,0,0,0,0
4225,2026-06-26T09:49:10.648601000Z,Authentication,166,34,-32,920,0,11,0,0,0,0,0,0,720,0
4226,2026-06-26T09:49:10.655109000Z,Authentication,166,34,-31,920,0,11,0,0,1,0,0,0,720,0
4227,2026-06-26T09:49:10.661830000Z,Authentication,166,34,-31,920,0,11,0,0,1,0,0,0,720,0
4228,2026-06-26T09:49:10.668399000Z,Authentication,166,34,-30,920,0,11,0,0,1,0,0,0,720,0
4229,2026-06-26T09:49:10.857728000Z,S1G Beacon,61,34,-34,920,3,1,,,,,,,0,0
4230,2026-06-26T09:49:10.893024000Z,Authentication,166,34,-63,920,0,11,0,0,0,0,0,0,0,0
4231,2026-06-26T09:49:11.131622000Z,Authentication,166,34,-65,920,0,11,0,0,0,0,0,0,0,0
4232,2026-06-26T09:49:11.148535000Z,Authentication,166,34,-31,920,0,11,0,0,0,0,0,0,720,0
4233,2026-06-26T09:49:11.155049000Z,Authentication,166,34,-31,920,0,11,0,0,1,0,0,0,720,0
4234,2026-06-26T09:49:11.161143000Z,Authentication,166,34,-31,920,0,11,0,0,1,0,0,0,720,0
4235,2026-06-26T09:49:11.167703000Z,Authentication,166,34,-30,920,0,11,0,0,1,0,0,0,720,0
4236,2026-06-26T09:49:11.393839000Z,Authentication,166,34,-59,920,0,11,0,0,0,0,0,0,0,0
4237,2026-06-26T09:49:11.408621000Z,Authentication,166,34,-30,920,0,11,0,0,0,0,0,0,720,0
4238,2026-06-26T09:49:11.415386000Z,Authentication,166,34,-29,920,0,11,0,0,1,0,0,0,720,0
4239,2026-06-26T09:49:11.421841000Z,Authentication,166,34,-30,920,0,11,0,0,1,0,0,0,720,0
4240,2026-06-26T09:49:11.428508000Z,Authentication,166,34,-30,920,0,11,0,0,1,0,0,0,720,0
4242,2026-06-26T09:49:11.598278000Z,QoS Data,149,34,-34,920,2,8,0,0,0,0,0,1,720,0
4244,2026-06-26T09:49:11.604057000Z,QoS Data,131,34,-14,920,2,8,1,0,0,0,0,1,720,0
4246,2026-06-26T09:49:11.611009000Z,QoS Data,131,34,-35,920,2,8,0,0,1,0,0,1,720,0
4248,2026-06-26T09:49:11.655922000Z,Authentication,166,34,-60,920,0,11,0,0,0,0,0,0,0,0
4249,2026-06-26T09:49:11.668652000Z,Authentication,166,34,-28,920,0,11,0,0,0,0,0,0,720,0
4250,2026-06-26T09:49:11.678743000Z,S1G Beacon,129,34,-28,920,3,1,,,,,,,0,0
4251,2026-06-26T09:49:11.683335000Z,Authentication,166,34,-29,920,0,11,0,0,1,0,0,0,720,0
4252,2026-06-26T09:49:11.689995000Z,Authentication,166,34,-29,920,0,11,0,0,1,0,0,0,720,0
4253,2026-06-26T09:49:11.696618000Z,Authentication,166,34,-30,920,0,11,0,0,1,0,0,0,720,0
4254,2026-06-26T09:49:11.789321000Z,QoS Data,128,34,-28,920,2,8,1,0,0,0,0,1,720,0
4256,2026-06-26T09:49:11.791995000Z,QoS Data,128,34,-33,920,2,8,0,0,0,0,0,1,720,0
4258,2026-06-26T09:49:11.893505000Z,Authentication,166,34,-62,920,0,11,0,0,0,0,0,0,0,0
4259,2026-06-26T09:49:12.409621000Z,Authentication,166,34,-59,920,0,11,0,0,0,0,0,0,0,0
4260,2026-06-26T09:49:12.496174000Z,S1G Beacon,61,34,-31,920,3,1,,,,,,,0,0
4261,2026-06-26T09:49:12.665608000Z,Authentication,166,34,-60,920,0,11,0,0,0,0,0,0,0,0
4262,2026-06-26T09:49:12.901139000Z,Authentication,166,34,-60,920,0,11,0,0,0,0,0,0,0,0
4263,2026-06-26T09:49:13.163285000Z,Authentication,166,34,-62,920,0,11,0,0,0,0,0,0,0,0
4264,2026-06-26T09:49:13.317206000Z,S1G Beacon,129,34,-27,920,3,1,,,,,,,0,0
4265,2026-06-26T09:49:13.425433000Z,Authentication,166,34,-60,920,0,11,0,0,0,0,0,0,0,0
4266,2026-06-26T09:49:13.568558000Z,Data,287,34,-30,920,2,0,0,0,0,0,0,1,0,0
4267,2026-06-26T09:49:13.674280000Z,Authentication,166,34,-60,920,0,11,0,0,0,0,0,0,0,0
4268,2026-06-26T09:49:13.689149000Z,Authentication,166,34,-27,920,0,11,0,0,0,0,0,0,720,0
4269,2026-06-26T09:49:13.695713000Z,Authentication,166,34,-27,920,0,11,0,0,1,0,0,0,720,0
4270,2026-06-26T09:49:13.702172000Z,Authentication,166,34,-27,920,0,11,0,0,1,0,0,0,720,0
4271,2026-06-26T09:49:13.707589000Z,Authentication,166,34,-28,920,0,11,0,0,1,0,0,0,720,0
4272,2026-06-26T09:49:13.916971000Z,Authentication,166,34,-61,920,0,11,0,0,0,0,0,0,0,0
4273,2026-06-26T09:49:13.928678000Z,Authentication,166,34,-18,920,0,11,0,0,0,0,0,0,720,0
4274,2026-06-26T09:49:13.935130000Z,Authentication,166,34,-19,920,0,11,0,0,1,0,0,0,720,0
4275,2026-06-26T09:49:13.941745000Z,Authentication,166,34,-19,920,0,11,0,0,1,0,0,0,720,0
4276,2026-06-26T09:49:13.948467000Z,Authentication,166,34,-20,920,0,11,0,0,1,0,0,0,720,0
4277,2026-06-26T09:49:14.134618000Z,S1G Beacon,61,34,-17,920,3,1,,,,,,,0,0
4278,2026-06-26T09:49:14.179107000Z,Authentication,166,34,-61,920,0,11,0,0,0,0,0,0,0,0
4279,2026-06-26T09:49:14.188689000Z,Authentication,166,34,-18,920,0,11,0,0,0,0,0,0,720,0
4280,2026-06-26T09:49:14.195201000Z,Authentication,166,34,-19,920,0,11,0,0,1,0,0,0,720,0
4281,2026-06-26T09:49:14.201816000Z,Authentication,166,34,-17,920,0,11,0,0,1,0,0,0,720,0
4282,2026-06-26T09:49:14.208379000Z,Authentication,166,34,-18,920,0,11,0,0,1,0,0,0,720,0
4283,2026-06-26T09:49:14.441259000Z,Authentication,166,34,-59,920,0,11,0,0,0,0,0,0,0,0
4284,2026-06-26T09:49:14.459066000Z,Authentication,166,34,-19,920,0,11,0,0,0,0,0,0,720,0
4285,2026-06-26T09:49:14.465524000Z,Authentication,166,34,-19,920,0,11,0,0,1,0,0,0,720,0
4286,2026-06-26T09:49:14.471949000Z,Authentication,166,34,-17,920,0,11,0,0,1,0,0,0,720,0
4287,2026-06-26T09:49:14.478397000Z,Authentication,166,34,-18,920,0,11,0,0,1,0,0,0,720,0
4288,2026-06-26T09:49:14.683952000Z,Authentication,166,34,-60,920,0,11,0,0,0,0,0,0,0,0
4289,2026-06-26T09:49:14.698681000Z,Authentication,166,34,-17,920,0,11,0,0,0,0,0,0,720,0
4290,2026-06-26T09:49:14.705346000Z,Authentication,166,34,-16,920,0,11,0,0,1,0,0,0,720,0
4291,2026-06-26T09:49:14.712014000Z,Authentication,166,34,-17,920,0,11,0,0,1,0,0,0,720,0
4292,2026-06-26T09:49:14.718786000Z,Authentication,166,34,-17,920,0,11,0,0,1,0,0,0,720,0
4293,2026-06-26T09:49:15.194952000Z,Authentication,166,34,-62,920,0,11,0,0,0,0,0,0,0,0
4294,2026-06-26T09:49:15.209095000Z,Authentication,166,34,-40,920,0,11,0,0,0,0,0,0,720,0
4295,2026-06-26T09:49:15.215870000Z,Authentication,166,34,-39,920,0,11,0,0,1,0,0,0,720,0
4296,2026-06-26T09:49:15.222276000Z,Authentication,166,34,-36,920,0,11,0,0,1,0,0,0,720,0
4297,2026-06-26T09:49:15.228787000Z,Authentication,166,34,-37,920,0,11,0,0,1,0,0,0,720,0
4298,2026-06-26T09:49:15.457089000Z,Authentication,166,34,-61,920,0,11,0,0,0,0,0,0,0,0
4299,2026-06-26T09:49:15.468699000Z,Authentication,166,34,-31,920,0,11,0,0,0,0,0,0,720,0
4300,2026-06-26T09:49:15.475470000Z,Authentication,166,34,-28,920,0,11,0,0,1,0,0,0,720,0
4301,2026-06-26T09:49:15.481928000Z,Authentication,166,34,-30,920,0,11,0,0,1,0,0,0,720,0
4302,2026-06-26T09:49:15.488441000Z,Authentication,166,34,-30,920,0,11,0,0,1,0,0,0,720,0
4303,2026-06-26T09:49:15.686488000Z,Authentication,166,34,-60,920,0,11,0,0,0,0,0,0,0,0
4304,2026-06-26T09:49:15.698784000Z,Authentication,166,34,-18,920,0,11,0,0,0,0,0,0,720,0
4305,2026-06-26T09:49:15.705297000Z,Authentication,166,34,-18,920,0,11,0,0,1,0,0,0,720,0
4306,2026-06-26T09:49:15.711967000Z,Authentication,166,34,-18,920,0,11,0,0,1,0,0,0,720,0
4307,2026-06-26T09:49:15.718576000Z,Authentication,166,34,-19,920,0,11,0,0,1,0,0,0,720,0
4308,2026-06-26T09:49:15.773065000Z,S1G Beacon,61,34,-20,920,3,1,,,,,,,0,0
4309,2026-06-26T09:49:15.948628000Z,Authentication,166,34,-65,920,0,11,0,0,0,0,0,0,0,0
4310,2026-06-26T09:49:15.958721000Z,Authentication,166,34,-18,920,0,11,0,0,0,0,0,0,720,0
4311,2026-06-26T09:49:15.965024000Z,Authentication,166,34,-18,920,0,11,0,0,1,0,0,0,720,0
4312,2026-06-26T09:49:15.971534000Z,Authentication,166,34,-19,920,0,11,0,0,1,0,0,0,720,0
4313,2026-06-26T09:49:15.978148000Z,Authentication,166,34,-19,920,0,11,0,0,1,0,0,0,720,0
4314,2026-06-26T09:49:16.210770000Z,Authentication,166,34,-60,920,0,11,0,0,0,0,0,0,0,0
4315,2026-06-26T09:49:16.218933000Z,Authentication,166,34,-16,920,0,11,0,0,0,0,0,0,720,0
4316,2026-06-26T09:49:16.225656000Z,Authentication,166,34,-16,920,0,11,0,0,1,0,0,0,720,0
4317,2026-06-26T09:49:16.232061000Z,Authentication,166,34,-16,920,0,11,0,0,1,0,0,0,720,0
4318,2026-06-26T09:49:16.238472000Z,Authentication,166,34,-16,920,0,11,0,0,1,0,0,0,720,0
4319,2026-06-26T09:49:16.447314000Z,Authentication,166,34,-59,920,0,11,0,0,0,0,0,0,0,0
4320,2026-06-26T09:49:16.458663000Z,Authentication,166,34,-18,920,0,11,0,0,0,0,0,0,720,0
4321,2026-06-26T09:49:16.465315000Z,Authentication,166,34,-18,920,0,11,0,0,1,0,0,0,720,0
4322,2026-06-26T09:49:16.471983000Z,Authentication,166,34,-19,920,0,11,0,0,1,0,0,0,720,0
4323,2026-06-26T09:49:16.478438000Z,Authentication,166,34,-19,920,0,11,0,0,1,0,0,0,720,0
4324,2026-06-26T09:49:16.602551000Z,Data,287,34,-20,920,2,0,0,0,0,0,0,1,0,0
4325,2026-06-26T09:49:16.623664000Z,QoS Data,150,34,-18,920,2,8,1,0,0,0,0,1,720,0
4327,2026-06-26T09:49:16.625955000Z,QoS Data,150,34,-26,920,2,8,0,0,0,0,0,1,720,0
4329,2026-06-26T09:49:16.631554000Z,QoS Data,131,34,-18,920,2,8,1,0,0,0,0,1,720,0
4331,2026-06-26T09:49:16.634224000Z,QoS Data,131,34,-28,920,2,8,0,0,0,0,0,1,720,0
4333,2026-06-26T09:49:16.702301000Z,Authentication,166,34,-58,920,0,11,0,0,0,0,0,0,0,0
4334,2026-06-26T09:49:16.712815000Z,Authentication,166,34,-18,920,0,11,0,0,0,0,0,0,720,0
4335,2026-06-26T09:49:16.719068000Z,Authentication,166,34,-20,920,0,11,0,0,1,0,0,0,720,0
4336,2026-06-26T09:49:16.725680000Z,Authentication,166,34,-19,920,0,11,0,0,1,0,0,0,720,0
4337,2026-06-26T09:49:16.732240000Z,Authentication,166,34,-18,920,0,11,0,0,1,0,0,0,720,0
4338,2026-06-26T09:49:16.788176000Z,QoS Data,128,34,-16,920,2,8,1,0,0,0,0,1,720,0
4340,2026-06-26T09:49:16.790743000Z,QoS Data,128,34,-26,920,2,8,0,0,0,0,0,1,720,0
4342,2026-06-26T09:49:16.964446000Z,Authentication,166,34,-59,920,0,11,0,0,0,0,0,0,0,0
4343,2026-06-26T09:49:16.985273000Z,Authentication,166,34,-22,920,0,11,0,0,1,0,0,0,720,0
4344,2026-06-26T09:49:16.991836000Z,Authentication,166,34,-19,920,0,11,0,0,1,0,0,0,720,0
4345,2026-06-26T09:49:16.998555000Z,Authentication,166,34,-19,920,0,11,0,0,1,0,0,0,720,0
4346,2026-06-26T09:49:17.411531000Z,S1G Beacon,61,34,-19,920,3,1,,,,,,,0,0
4347,2026-06-26T09:49:17.465193000Z,Authentication,166,34,-59,920,0,11,0,0,0,0,0,0,0,0
4348,2026-06-26T09:49:17.478738000Z,Authentication,166,34,-19,920,0,11,0,0,0,0,0,0,720,0
4349,2026-06-26T09:49:17.491861000Z,Authentication,166,34,-22,920,0,11,0,0,1,0,0,0,720,0
4350,2026-06-26T09:49:17.718139000Z,Authentication,166,34,-60,920,0,11,0,0,0,0,0,0,0,0
4351,2026-06-26T09:49:17.735295000Z,Authentication,166,34,-21,920,0,11,0,0,1,0,0,0,720,0
4352,2026-06-26T09:49:17.748164000Z,Authentication,166,34,-22,920,0,11,0,0,1,0,0,0,720,0
4353,2026-06-26T09:49:17.980319000Z,Authentication,166,34,-63,920,0,11,0,0,0,0,0,0,0,0
4354,2026-06-26T09:49:17.995513000Z,Authentication,166,34,-23,920,0,11,0,0,1,0,0,0,720,0
4355,2026-06-26T09:49:18.008637000Z,Authentication,166,34,-24,920,0,11,0,0,1,0,0,0,720,0
4356,2026-06-26T09:49:18.221948000Z,Authentication,166,34,-60,920,0,11,0,0,0,0,0,0,0,0
4357,2026-06-26T09:49:18.232544000Z,S1G Beacon,129,34,-22,920,3,1,,,,,,,0,0
4358,2026-06-26T09:49:18.244222000Z,Authentication,166,34,-24,920,0,11,0,0,1,0,0,0,720,0
4359,2026-06-26T09:49:18.250944000Z,Authentication,166,34,-26,920,0,11,0,0,1,0,0,0,720,0
4360,2026-06-26T09:49:18.471803000Z,Authentication,166,34,-59,920,0,11,0,0,0,0,0,0,0,0
4361,2026-06-26T09:49:18.494328000Z,Authentication,166,34,-22,920,0,11,0,0,1,0,0,0,720,0
4362,2026-06-26T09:49:18.507243000Z,Authentication,166,34,-22,920,0,11,0,0,1,0,0,0,720,0
4363,2026-06-26T09:49:18.733969000Z,Authentication,166,34,-60,920,0,11,0,0,0,0,0,0,0,0
4364,2026-06-26T09:49:18.746497000Z,Authentication,166,34,-19,920,0,11,0,0,0,0,0,0,720,0
4365,2026-06-26T09:49:18.759831000Z,Authentication,166,34,-21,920,0,11,0,0,1,0,0,0,720,0
4366,2026-06-26T09:49:18.993922000Z,Authentication,166,34,-59,920,0,11,0,0,0,0,0,0,0,0
4367,2026-06-26T09:49:19.015426000Z,Authentication,166,34,-22,920,0,11,0,0,1,0,0,0,720,0
4369,2026-06-26T09:49:19.028759000Z,Authentication,166,34,-22,920,0,11,0,0,1,0,0,0,720,0
4370,2026-06-26T09:49:19.225490000Z,Authentication,166,34,-60,920,0,11,0,0,0,0,0,0,0,0
4371,2026-06-26T09:49:19.238754000Z,Authentication,166,34,-29,920,0,11,0,0,0,0,0,0,720,0
4372,2026-06-26T09:49:19.245474000Z,Authentication,166,34,-30,920,0,11,0,0,1,0,0,0,720,0
4373,2026-06-26T09:49:19.251879000Z,Authentication,166,34,-30,920,0,11,0,0,1,0,0,0,720,0
4374,2026-06-26T09:49:19.258341000Z,Authentication,166,34,-30,920,0,11,0,0,1,0,0,0,720,0
4375,2026-06-26T09:49:19.487632000Z,Authentication,166,34,-59,920,0,11,0,0,0,0,0,0,0,0
4376,2026-06-26T09:49:19.505799000Z,Authentication,166,34,-24,920,0,11,0,0,1,0,0,0,720,0
4377,2026-06-26T09:49:19.518984000Z,Authentication,166,34,-23,920,0,11,0,0,1,0,0,0,720,0
4378,2026-06-26T09:49:19.616645000Z,Data,287,34,-27,920,2,0,0,0,0,0,0,1,0,0
4379,2026-06-26T09:49:19.749811000Z,Authentication,166,34,-60,920,0,11,0,0,0,0,0,0,0,0
4380,2026-06-26T09:49:19.758944000Z,Authentication,166,34,-29,920,0,11,0,0,0,0,0,0,720,0
4381,2026-06-26T09:49:19.765146000Z,Authentication,166,34,-28,920,0,11,0,0,1,0,0,0,720,0
4382,2026-06-26T09:49:19.771708000Z,Authentication,166,34,-28,920,0,11,0,0,1,0,0,0,720,0
4383,2026-06-26T09:49:19.778219000Z,Authentication,166,34,-28,920,0,11,0,0,1,0,0,0,720,0
4384,2026-06-26T09:49:19.871000000Z,S1G Beacon,129,34,-27,920,3,1,,,,,,,0,0
4385,2026-06-26T09:49:19.988379000Z,Authentication,166,34,-60,920,0,11,0,0,0,0,0,0,0,0
4386,2026-06-26T09:49:19.998791000Z,Authentication,166,34,-21,920,0,11,0,0,0,0,0,0,720,0
4387,2026-06-26T09:49:20.011813000Z,Authentication,166,34,-23,920,0,11,0,0,1,0,0,0,720,0
4388,2026-06-26T09:49:20.241324000Z,Authentication,166,34,-60,920,0,11,0,0,0,0,0,0,0,0
4389,2026-06-26T09:49:20.265215000Z,Authentication,166,34,-25,920,0,11,0,0,1,0,0,0,720,0
4390,2026-06-26T09:49:20.271626000Z,Authentication,166,34,-27,920,0,11,0,0,1,0,0,0,720,0
4391,2026-06-26T09:49:20.276887000Z,Authentication,166,34,-26,920,0,11,0,0,1,0,0,0,720,0
4392,2026-06-26T09:49:20.519760000Z,Authentication,166,34,-22,920,0,11,0,0,1,0,0,0,720,0
4393,2026-06-26T09:49:20.531690000Z,Authentication,166,34,-24,920,0,11,0,0,1,0,0,0,720,0
4394,2026-06-26T09:49:20.995001000Z,Authentication,166,34,-59,920,0,11,0,0,0,0,0,0,0,0
4395,2026-06-26T09:49:21.015705000Z,Authentication,166,34,-21,920,0,11,0,0,1,0,0,0,720,0
4396,2026-06-26T09:49:21.022218000Z,Authentication,166,34,-19,920,0,11,0,0,1,0,0,0,720,0
4397,2026-06-26T09:49:21.028827000Z,Authentication,166,34,-20,920,0,11,0,0,1,0,0,0,720,0
4398,2026-06-26T09:49:21.257135000Z,Authentication,166,34,-60,920,0,11,0,0,0,0,0,0,0,0
4399,2026-06-26T09:49:21.509447000Z,S1G Beacon,129,34,-21,920,3,1,,,,,,,0,0
4400,2026-06-26T09:49:21.519286000Z,Authentication,166,34,-59,920,0,11,0,0,0,0,0,0,0,0
4401,2026-06-26T09:49:21.528870000Z,Authentication,166,34,-20,920,0,11,0,0,0,0,0,0,720,0
4402,2026-06-26T09:49:21.540696000Z,Authentication,166,34,-22,920,0,11,0,0,1,0,0,0,720,0
4403,2026-06-26T09:49:21.646656000Z,QoS Data,150,34,-16,920,2,8,1,0,0,0,0,1,720,0
4404,2026-06-26T09:49:21.649106000Z,QoS Data,150,34,-25,920,2,8,0,0,0,0,0,1,720,0
4406,2026-06-26T09:49:21.654967000Z,QoS Data,131,34,-13,920,2,8,1,0,0,0,0,1,720,0
4407,2026-06-26T09:49:21.657488000Z,QoS Data,131,34,-25,920,2,8,0,0,0,0,0,1,720,0
4409,2026-06-26T09:49:21.748663000Z,Authentication,166,34,-60,920,0,11,0,0,0,0,0,0,0,0
4410,2026-06-26T09:49:21.758839000Z,Authentication,166,34,-19,920,0,11,0,0,0,0,0,0,720,0
4411,2026-06-26T09:49:21.771897000Z,Authentication,166,34,-21,920,0,11,0,0,1,0,0,0,720,0
4412,2026-06-26T09:49:21.778669000Z,Authentication,166,34,-19,920,0,11,0,0,1,0,0,0,720,0
4413,2026-06-26T09:49:21.788220000Z,QoS Data,128,34,-15,920,2,8,1,0,0,0,0,1,720,0
4415,2026-06-26T09:49:21.790375000Z,QoS Data,128,34,-28,920,2,8,0,0,0,0,0,1,720,0
4417,2026-06-26T09:49:22.010834000Z,Authentication,166,34,-60,920,0,11,0,0,0,0,0,0,0,0
4418,2026-06-26T09:49:22.035494000Z,Authentication,166,34,-22,920,0,11,0,0,1,0,0,0,720,0
4419,2026-06-26T09:49:22.042266000Z,Authentication,166,34,-19,920,0,11,0,0,1,0,0,0,720,0
4420,2026-06-26T09:49:22.272981000Z,Authentication,166,34,-60,920,0,11,0,0,0,0,0,0,0,0
4421,2026-06-26T09:49:22.289732000Z,Authentication,166,34,-21,920,0,11,0,0,1,0,0,0,720,0
4422,2026-06-26T09:49:22.302860000Z,Authentication,166,34,-22,920,0,11,0,0,1,0,0,0,720,0
4423,2026-06-26T09:49:22.326874000Z,S1G Beacon,61,34,-19,920,3,1,,,,,,,0,0
4424,2026-06-26T09:49:22.511562000Z,Authentication,166,34,-61,920,0,11,0,0,0,0,0,0,0,0
4425,2026-06-26T09:49:22.528787000Z,Authentication,166,34,-21,920,0,11,0,0,0,0,0,0,720,0
4426,2026-06-26T09:49:22.542069000Z,Authentication,166,34,-21,920,0,11,0,0,1,0,0,0,720,0
4427,2026-06-26T09:49:22.548631000Z,Authentication,166,34,-51,920,0,11,0,0,1,0,0,0,720,0
4428,2026-06-26T09:49:22.640724000Z,Data,287,34,-19,920,2,0,0,0,0,0,0,1,0,0
4429,2026-06-26T09:49:22.764498000Z,Authentication,166,34,-59,920,0,11,0,0,0,0,0,0,0,0
4430,2026-06-26T09:49:22.778860000Z,Authentication,166,34,-22,920,0,11,0,0,0,0,0,0,720,0
4431,2026-06-26T09:49:22.791737000Z,Authentication,166,34,-21,920,0,11,0,0,1,0,0,0,720,0
4432,2026-06-26T09:49:23.026651000Z,Authentication,166,34,-60,920,0,11,0,0,0,0,0,0,0,0
4433,2026-06-26T09:49:23.039105000Z,Authentication,166,34,-19,920,0,11,0,0,0,0,0,0,720,0
4434,2026-06-26T09:49:23.045722000Z,Authentication,166,34,-20,920,0,11,0,0,1,0,0,0,720,0
4435,2026-06-26T09:49:23.050880000Z,Authentication,166,34,-19,920,0,11,0,0,1,0,0,0,720,0
4436,2026-06-26T09:49:23.147900000Z,S1G Beacon,129,34,-21,920,3,1,,,,,,,0,0
4437,2026-06-26T09:49:23.278862000Z,Authentication,166,34,-20,920,0,11,0,0,0,0,0,0,720,0
4438,2026-06-26T09:49:23.292078000Z,Authentication,166,34,-21,920,0,11,0,0,1,0,0,0,720,0
4439,2026-06-26T09:49:23.347083000Z,Disassociation,64,34,-20,920,0,10,0,0,0,0,0,0,720,0
4440,2026-06-26T09:49:23.354932000Z,Disassociation,64,34,-22,920,0,10,0,0,1,0,0,0,720,0
4441,2026-06-26T09:49:23.518175000Z,Authentication,166,34,-60,920,0,11,0,0,0,0,0,0,0,0
4442,2026-06-26T09:49:23.535201000Z,Authentication,166,34,-21,920,0,11,0,0,1,0,0,0,720,0
4443,2026-06-26T09:49:23.541823000Z,Authentication,166,34,-20,920,0,11,0,0,1,0,0,0,720,0
4444,2026-06-26T09:49:23.780323000Z,Authentication,166,34,-62,920,0,11,0,0,0,0,0,0,0,0
4445,2026-06-26T09:49:23.795532000Z,Authentication,166,34,-23,920,0,11,0,0,1,0,0,0,720,0
4446,2026-06-26T09:49:23.801990000Z,Authentication,166,34,-21,920,0,11,0,0,1,0,0,0,720,0
4447,2026-06-26T09:49:23.965338000Z,S1G Beacon,61,34,-21,920,3,1,,,,,,,0,0
4448,2026-06-26T09:49:24.042479000Z,Authentication,166,34,-60,920,0,11,0,0,0,0,0,0,0,0
4449,2026-06-26T09:49:24.271861000Z,Authentication,166,34,-60,920,0,11,0,0,0,0,0,0,0,0
4450,2026-06-26T09:49:24.288826000Z,Authentication,166,34,-19,920,0,11,0,0,0,0,0,0,720,0
4451,2026-06-26T09:49:24.302257000Z,Authentication,166,34,-20,920,0,11,0,0,1,0,0,0,720,0
4452,2026-06-26T09:49:24.308820000Z,Authentication,166,34,-19,920,0,11,0,0,1,0,0,0,720,0
4453,2026-06-26T09:49:24.534001000Z,Authentication,166,34,-60,920,0,11,0,0,0,0,0,0,0,0
4454,2026-06-26T09:49:24.555604000Z,Authentication,166,34,-21,920,0,11,0,0,1,0,0,0,720,0
4455,2026-06-26T09:49:24.562118000Z,Authentication,166,34,-20,920,0,11,0,0,1,0,0,0,720,0
4456,2026-06-26T09:49:24.815360000Z,Authentication,166,34,-22,920,0,11,0,0,1,0,0,0,720,0
4457,2026-06-26T09:49:24.828326000Z,Authentication,166,34,-24,920,0,11,0,0,1,0,0,0,720,0
4458,2026-06-26T09:49:25.025538000Z,Authentication,166,34,-59,920,0,11,0,0,0,0,0,0,0,0
4459,2026-06-26T09:49:25.038912000Z,Authentication,166,34,-27,920,0,11,0,0,0,0,0,0,720,0
4460,2026-06-26T09:49:25.045472000Z,Authentication,166,34,-28,920,0,11,0,0,1,0,0,0,720,0
4461,2026-06-26T09:49:25.052143000Z,Authentication,166,34,-29,920,0,11,0,0,1,0,0,0,720,0
4462,2026-06-26T09:49:25.287679000Z,Authentication,166,34,-61,920,0,11,0,0,0,0,0,0,0,0
4463,2026-06-26T09:49:25.299589000Z,Data,378,34,-27,920,2,0,0,0,0,0,0,1,0,0
4464,2026-06-26T09:49:25.403574000Z,Data,387,34,-30,920,2,0,0,0,0,0,0,1,0,0
4465,2026-06-26T09:49:25.549830000Z,Authentication,166,34,-60,920,0,11,0,0,0,0,0,0,0,0
4466,2026-06-26T09:49:25.575534000Z,Authentication,166,34,-25,920,0,11,0,0,1,0,0,0,720,0
4467,2026-06-26T09:49:25.587459000Z,Authentication,166,34,-23,920,0,11,0,0,1,0,0,0,720,0
4468,2026-06-26T09:49:25.603771000Z,S1G Beacon,61,34,-27,920,3,1,,,,,,,0,0
4469,2026-06-26T09:49:25.616396000Z,Data,442,34,-27,920,2,0,0,0,0,0,0,1,0,0
4470,2026-06-26T09:49:25.664785000Z,Data,287,34,-28,920,2,0,0,0,0,0,0,1,0,0
4471,2026-06-26T09:49:25.715681000Z,Data,387,34,-49,920,2,0,0,0,0,0,0,1,0,0
4472,2026-06-26T09:49:25.781259000Z,Authentication,166,34,-60,920,0,11,0,0,0,0,0,0,0,0
4473,2026-06-26T09:49:25.789127000Z,Authentication,166,34,-29,920,0,11,0,0,0,0,0,0,720,0
4474,2026-06-26T09:49:25.795742000Z,Authentication,166,34,-28,920,0,11,0,0,1,0,0,0,720,0
4475,2026-06-26T09:49:25.802362000Z,Authentication,166,34,-28,920,0,11,0,0,1,0,0,0,720,0
4476,2026-06-26T09:49:25.808817000Z,Authentication,166,34,-29,920,0,11,0,0,1,0,0,0,720,0
4477,2026-06-26T09:49:25.822809000Z,Data,426,34,-27,920,2,0,0,0,0,0,0,1,0,0
4478,2026-06-26T09:49:25.925481000Z,Data,458,34,-27,920,2,0,0,0,0,0,0,1,0,0
4479,2026-06-26T09:49:26.027615000Z,Data,387,34,-28,920,2,0,0,0,0,0,0,1,0,0
4480,2026-06-26T09:49:26.041360000Z,Authentication,166,34,-62,920,0,11,0,0,0,0,0,0,0,0
4481,2026-06-26T09:49:26.058845000Z,Authentication,166,34,-27,920,0,11,0,0,0,0,0,0,720,0
4482,2026-06-26T09:49:26.065357000Z,Authentication,166,34,-29,920,0,11,0,0,1,0,0,0,720,0
4483,2026-06-26T09:49:26.071772000Z,Authentication,166,34,-28,920,0,11,0,0,1,0,0,0,720,0
4484,2026-06-26T09:49:26.078536000Z,Authentication,166,34,-28,920,0,11,0,0,1,0,0,0,720,0
4485,2026-06-26T09:49:26.133090000Z,Data,446,34,-28,920,2,0,0,0,0,0,0,1,0,0
4486,2026-06-26T09:49:26.236927000Z,Data,440,34,-26,920,2,0,0,0,0,0,0,1,0,0
4487,2026-06-26T09:49:26.303503000Z,Authentication,166,34,-59,920,0,11,0,0,0,0,0,0,0,0
4488,2026-06-26T09:49:26.311903000Z,Authentication,166,34,-28,920,0,11,0,0,0,0,0,0,720,0
4489,2026-06-26T09:49:26.318507000Z,Authentication,166,34,-29,920,0,11,0,0,1,0,0,0,720,0
4490,2026-06-26T09:49:26.325124000Z,Authentication,166,34,-29,920,0,11,0,0,1,0,0,0,720,0
4491,2026-06-26T09:49:26.330234000Z,Authentication,166,34,-29,920,0,11,0,0,1,0,0,0,720,0
4492,2026-06-26T09:49:26.343182000Z,Data,387,34,-27,920,2,0,0,0,0,0,0,1,0,0
4493,2026-06-26T09:49:26.424805000Z,S1G Beacon,129,34,-27,920,3,1,,,,,,,0,0
4494,2026-06-26T09:49:26.445220000Z,Data,442,34,-28,920,2,0,0,0,0,0,0,1,0,0
4495,2026-06-26T09:49:26.549339000Z,Data,452,34,-28,920,2,0,0,0,0,0,0,1,0,0
4496,2026-06-26T09:49:26.669704000Z,QoS Data,149,34,-15,920,2,8,1,0,0,0,0,1,720,0
4498,2026-06-26T09:49:26.672310000Z,QoS Data,149,34,-32,920,2,8,0,0,0,0,0,1,720,0
4500,2026-06-26T09:49:26.677857000Z,QoS Data,131,34,-13,920,2,8,1,0,0,0,0,1,720,0
4502,2026-06-26T09:49:26.679924000Z,QoS Data,131,34,-31,920,2,8,0,0,0,0,0,1,720,0
4504,2026-06-26T09:49:26.788226000Z,QoS Data,128,34,-16,920,2,8,1,0,0,0,0,1,720,0
4506,2026-06-26T09:49:26.790708000Z,QoS Data,128,34,-31,920,2,8,0,0,0,0,0,1,720,0
4508,2026-06-26T09:49:27.057199000Z,Authentication,166,34,-59,920,0,11,0,0,0,0,0,0,0,0
4509,2026-06-26T09:49:27.242227000Z,S1G Beacon,61,34,-27,920,3,1,,,,,,,0,0
4510,2026-06-26T09:49:27.302947000Z,Authentication,166,34,-60,920,0,11,0,0,0,0,0,0,0,0
4511,2026-06-26T09:49:27.319770000Z,Authentication,166,34,-24,920,0,11,0,0,1,0,0,0,720,0
4512,2026-06-26T09:49:27.326385000Z,Authentication,166,34,-27,920,0,11,0,0,1,0,0,0,720,0
4513,2026-06-26T09:49:27.332846000Z,Authentication,166,34,-27,920,0,11,0,0,1,0,0,0,720,0
4514,2026-06-26T09:49:27.548722000Z,Authentication,166,34,-60,920,0,11,0,0,0,0,0,0,0,0
4515,2026-06-26T09:49:27.558933000Z,Authentication,166,34,-27,920,0,11,0,0,0,0,0,0,720,0
4516,2026-06-26T09:49:27.565546000Z,Authentication,166,34,-29,920,0,11,0,0,1,0,0,0,720,0
4517,2026-06-26T09:49:27.572108000Z,Authentication,166,34,-27,920,0,11,0,0,1,0,0,0,720,0
4518,2026-06-26T09:49:27.578720000Z,Authentication,166,34,-28,920,0,11,0,0,1,0,0,0,720,0
4519,2026-06-26T09:49:27.810864000Z,Authentication,166,34,-60,920,0,11,0,0,0,0,0,0,0,0
4520,2026-06-26T09:49:27.828876000Z,Authentication,166,34,-22,920,0,11,0,0,0,0,0,0,720,0
4521,2026-06-26T09:49:27.839972000Z,Authentication,166,34,-23,920,0,11,0,0,1,0,0,0,720,0
4522,2026-06-26T09:49:27.846592000Z,Authentication,166,34,-26,920,0,11,0,0,1,0,0,0,720,0
4523,2026-06-26T09:49:28.088983000Z,Authentication,166,34,-24,920,0,11,0,0,0,0,0,0,720,0
4524,2026-06-26T09:49:28.101315000Z,Authentication,166,34,-24,920,0,11,0,0,1,0,0,0,720,0
4525,2026-06-26T09:49:28.107404000Z,Authentication,166,34,-27,920,0,11,0,0,1,0,0,0,720,0
4526,2026-06-26T09:49:28.302397000Z,Authentication,166,34,-61,920,0,11,0,0,0,0,0,0,0,0
4527,2026-06-26T09:49:28.313175000Z,Authentication,166,34,-27,920,0,11,0,0,0,0,0,0,720,0
4528,2026-06-26T09:49:28.319787000Z,Authentication,166,34,-27,920,0,11,0,0,1,0,0,0,720,0
4529,2026-06-26T09:49:28.332086000Z,Authentication,166,34,-24,920,0,11,0,0,1,0,0,0,720,0
4530,2026-06-26T09:49:28.564557000Z,Authentication,166,34,-59,920,0,11,0,0,0,0,0,0,0,0
4531,2026-06-26T09:49:28.578967000Z,Authentication,166,34,-23,920,0,11,0,0,0,0,0,0,720,0
4532,2026-06-26T09:49:28.585630000Z,Authentication,166,34,-26,920,0,11,0,0,1,0,0,0,720,0
4533,2026-06-26T09:49:28.598707000Z,Authentication,166,34,-23,920,0,11,0,0,1,0,0,0,720,0
4534,2026-06-26T09:49:28.688964000Z,Data,287,34,-22,920,2,0,0,0,0,0,0,1,0,0
4535,2026-06-26T09:49:28.826697000Z,Authentication,166,34,-60,920,0,11,0,0,0,0,0,0,0,0
4536,2026-06-26T09:49:28.838997000Z,Authentication,166,34,-22,920,0,11,0,0,0,0,0,0,720,0
4537,2026-06-26T09:49:28.845663000Z,Authentication,166,34,-26,920,0,11,0,0,1,0,0,0,720,0
4538,2026-06-26T09:49:28.852231000Z,Authentication,166,34,-26,920,0,11,0,0,1,0,0,0,720,0
4539,2026-06-26T09:49:28.880677000Z,S1G Beacon,61,34,-27,920,3,1,,,,,,,0,0
4540,2026-06-26T09:49:29.066333000Z,Authentication,166,34,-61,920,0,11,0,0,0,0,0,0,0,0
4541,2026-06-26T09:49:29.318234000Z,Authentication,166,34,-59,920,0,11,0,0,0,0,0,0,0,0
4542,2026-06-26T09:49:29.329668000Z,Authentication,166,34,-27,920,0,11,0,0,0,0,0,0,720,0
4543,2026-06-26T09:49:29.341390000Z,Authentication,166,34,-24,920,0,11,0,0,1,0,0,0,720,0
4544,2026-06-26T09:49:29.347850000Z,Authentication,166,34,-28,920,0,11,0,0,1,0,0,0,720,0
4545,2026-06-26T09:49:29.580391000Z,Authentication,166,34,-60,920,0,11,0,0,0,0,0,0,0,0
4546,2026-06-26T09:49:29.595377000Z,Authentication,166,34,-22,920,0,11,0,0,1,0,0,0,720,0
4547,2026-06-26T09:49:29.608505000Z,Authentication,166,34,-22,920,0,11,0,0,1,0,0,0,720,0
4548,2026-06-26T09:49:29.701699000Z,S1G Beacon,129,34,-19,920,3,1,,,,,,,0,0
4550,2026-06-26T09:49:29.837399000Z,Authentication,166,34,-60,920,0,11,0,0,0,0,0,0,0,0
4551,2026-06-26T09:49:29.849023000Z,Authentication,166,34,-20,920,0,11,0,0,0,0,0,0,720,0
4552,2026-06-26T09:49:29.855793000Z,Authentication,166,34,-19,920,0,11,0,0,1,0,0,0,720,0
4553,2026-06-26T09:49:29.869132000Z,Authentication,166,34,-21,920,0,11,0,0,1,0,0,0,720,0
4554,2026-06-26T09:49:30.071930000Z,Authentication,166,34,-61,920,0,11,0,0,0,0,0,0,0,0
4555,2026-06-26T09:49:30.079201000Z,Authentication,166,34,-17,920,0,11,0,0,0,0,0,0,720,0
4556,2026-06-26T09:49:30.085658000Z,Authentication,166,34,-16,920,0,11,0,0,1,0,0,0,720,0
4557,2026-06-26T09:49:30.092377000Z,Authentication,166,34,-16,920,0,11,0,0,1,0,0,0,720,0
4558,2026-06-26T09:49:30.098783000Z,Authentication,166,34,-16,920,0,11,0,0,1,0,0,0,720,0
4559,2026-06-26T09:49:30.334059000Z,Authentication,166,34,-59,920,0,11,0,0,0,0,0,0,0,0
4560,2026-06-26T09:49:30.348988000Z,Authentication,166,34,-17,920,0,11,0,0,0,0,0,0,720,0
4561,2026-06-26T09:49:30.355553000Z,Authentication,166,34,-17,920,0,11,0,0,1,0,0,0,720,0
4562,2026-06-26T09:49:30.362013000Z,Authentication,166,34,-16,920,0,11,0,0,1,0,0,0,720,0
4563,2026-06-26T09:49:30.368420000Z,Authentication,166,34,-16,920,0,11,0,0,1,0,0,0,720,0
4564,2026-06-26T09:49:30.519126000Z,S1G Beacon,61,34,-17,920,3,1,,,,,,,0,0
4565,2026-06-26T09:49:30.596212000Z,Authentication,166,34,-61,920,0,11,0,0,0,0,0,0,0,0
4566,2026-06-26T09:49:30.609009000Z,Authentication,166,34,-16,920,0,11,0,0,0,0,0,0,720,0
4567,2026-06-26T09:49:30.614477000Z,Authentication,166,34,-17,920,0,11,0,0,1,0,0,0,720,0
4568,2026-06-26T09:49:30.620993000Z,Authentication,166,34,-16,920,0,11,0,0,1,0,0,0,720,0
4569,2026-06-26T09:49:30.627688000Z,Authentication,166,34,-17,920,0,11,0,0,1,0,0,0,720,0
4570,2026-06-26T09:49:30.825583000Z,Authentication,166,34,-58,920,0,11,0,0,0,0,0,0,0,0
4571,2026-06-26T09:49:30.839017000Z,Authentication,166,34,-15,920,0,11,0,0,0,0,0,0,720,0
4572,2026-06-26T09:49:30.845684000Z,Authentication,166,34,-16,920,0,11,0,0,1,0,0,0,720,0
4573,2026-06-26T09:49:30.851777000Z,Authentication,166,34,-16,920,0,11,0,0,1,0,0,0,720,0
4574,2026-06-26T09:49:30.858341000Z,Authentication,166,34,-16,920,0,11,0,0,1,0,0,0,720,0
4575,2026-06-26T09:49:31.087742000Z,Authentication,166,34,-60,920,0,11,0,0,0,0,0,0,0,0
4576,2026-06-26T09:49:31.099033000Z,Authentication,166,34,-16,920,0,11,0,0,0,0,0,0,720,0
4577,2026-06-26T09:49:31.105433000Z,Authentication,166,34,-17,920,0,11,0,0,1,0,0,0,720,0
4578,2026-06-26T09:49:31.111011000Z,Authentication,166,34,-17,920,0,11,0,0,1,0,0,0,720,0
4579,2026-06-26T09:49:31.117628000Z,Authentication,166,34,-18,920,0,11,0,0,1,0,0,0,720,0
4580,2026-06-26T09:49:31.340153000Z,S1G Beacon,129,34,-22,920,3,1,,,,,,,0,0
4581,2026-06-26T09:49:31.349885000Z,Authentication,166,34,-60,920,0,11,0,0,0,0,0,0,0,0
4582,2026-06-26T09:49:31.359046000Z,Authentication,166,34,-22,920,0,11,0,0,0,0,0,0,720,0
4583,2026-06-26T09:49:31.372013000Z,Authentication,166,34,-22,920,0,11,0,0,1,0,0,0,720,0
4584,2026-06-26T09:49:31.579263000Z,Authentication,166,34,-62,920,0,11,0,0,0,0,0,0,0,0
4585,2026-06-26T09:49:31.595726000Z,Authentication,166,34,-22,920,0,11,0,0,1,0,0,0,720,0
4586,2026-06-26T09:49:31.608274000Z,Authentication,166,34,-22,920,0,11,0,0,1,0,0,0,720,0
4587,2026-06-26T09:49:31.692392000Z,QoS Data,149,34,-16,920,2,8,1,0,0,0,0,1,720,0
4589,2026-06-26T09:49:31.700956000Z,QoS Data,131,34,-13,920,2,8,1,0,0,0,0,1,720,0
4591,2026-06-26T09:49:31.788568000Z,QoS Data,128,34,-18,920,2,8,1,0,0,0,0,1,720,0
4592,2026-06-26T09:49:31.790827000Z,QoS Data,128,34,-26,920,2,8,0,0,0,0,0,1,720,0
4594,2026-06-26T09:49:31.841413000Z,Authentication,166,34,-60,920,0,11,0,0,0,0,0,0,0,0
4595,2026-06-26T09:49:31.850736000Z,Authentication,166,34,-21,920,0,11,0,0,0,0,0,0,720,0
4596,2026-06-26T09:49:31.863658000Z,Authentication,166,34,-22,920,0,11,0,0,1,0,0,0,720,0
4597,2026-06-26T09:49:32.103574000Z,Authentication,166,34,-60,920,0,11,0,0,0,0,0,0,0,0
4598,2026-06-26T09:49:32.113306000Z,Authentication,166,34,-21,920,0,11,0,0,0,0,0,0,720,0
4599,2026-06-26T09:49:32.126530000Z,Authentication,166,34,-22,920,0,11,0,0,1,0,0,0,720,0
4600,2026-06-26T09:49:32.157590000Z,S1G Beacon,61,34,-21,920,3,1,,,,,,,0,0
4601,2026-06-26T09:49:32.332958000Z,Authentication,166,34,-62,920,0,11,0,0,0,0,0,0,0,0
4602,2026-06-26T09:49:32.355793000Z,Authentication,166,34,-22,920,0,11,0,0,1,0,0,0,720,0
4603,2026-06-26T09:49:32.369124000Z,Authentication,166,34,-22,920,0,11,0,0,1,0,0,0,720,0
4604,2026-06-26T09:49:32.595096000Z,Authentication,166,34,-60,920,0,11,0,0,0,0,0,0,0,0
4605,2026-06-26T09:49:32.609298000Z,Authentication,166,34,-24,920,0,11,0,0,0,0,0,0,720,0
4606,2026-06-26T09:49:32.622164000Z,Authentication,166,34,-23,920,0,11,0,0,1,0,0,0,720,0
4607,2026-06-26T09:49:32.628675000Z,Authentication,166,34,-26,920,0,11,0,0,1,0,0,0,720,0
4608,2026-06-26T09:49:32.857249000Z,Authentication,166,34,-66,920,0,11,0,0,0,0,0,0,0,0
4609,2026-06-26T09:49:32.875676000Z,Authentication,166,34,-22,920,0,11,0,0,1,0,0,0,720,0
4610,2026-06-26T09:49:32.888546000Z,Authentication,166,34,-23,920,0,11,0,0,1,0,0,0,720,0
4611,2026-06-26T09:49:32.978609000Z,S1G Beacon,129,34,-20,920,3,1,,,,,,,0,0
4612,2026-06-26T09:49:33.090719000Z,Authentication,166,34,-59,920,0,11,0,0,0,0,0,0,0,0
4613,2026-06-26T09:49:33.105755000Z,Authentication,166,34,-22,920,0,11,0,0,1,0,0,0,720,0
4614,2026-06-26T09:49:33.118885000Z,Authentication,166,34,-22,920,0,11,0,0,1,0,0,0,720,0
4615,2026-06-26T09:49:33.348772000Z,Authentication,166,34,-59,920,0,11,0,0,0,0,0,0,0,0
4616,2026-06-26T09:49:33.364372000Z,Authentication,166,34,-22,920,0,11,0,0,1,0,0,0,720,0
4617,2026-06-26T09:49:33.377761000Z,Authentication,166,34,-22,920,0,11,0,0,1,0,0,0,720,0
4618,2026-06-26T09:49:33.610925000Z,Authentication,166,34,-60,920,0,11,0,0,0,0,0,0,0,0
4619,2026-06-26T09:49:33.619046000Z,Authentication,166,34,-20,920,0,11,0,0,0,0,0,0,720,0
4620,2026-06-26T09:49:33.624935000Z,Authentication,166,34,-19,920,0,11,0,0,1,0,0,0,720,0
4621,2026-06-26T09:49:33.631551000Z,Authentication,166,34,-21,920,0,11,0,0,1,0,0,0,720,0
4622,2026-06-26T09:49:33.638266000Z,Authentication,166,34,-20,920,0,11,0,0,1,0,0,0,720,0
4623,2026-06-26T09:49:33.796027000Z,S1G Beacon,61,34,-21,920,3,1,,,,,,,0,0
4624,2026-06-26T09:49:33.854633000Z,Authentication,166,34,-60,920,0,11,0,0,0,0,0,0,0,0
4625,2026-06-26T09:49:33.869109000Z,Authentication,166,34,-19,920,0,11,0,0,0,0,0,0,720,0
4626,2026-06-26T09:49:33.875567000Z,Authentication,166,34,-20,920,0,11,0,0,1,0,0,0,720,0
4627,2026-06-26T09:49:33.888382000Z,Authentication,166,34,-22,920,0,11,0,0,1,0,0,0,720,0
4628,2026-06-26T09:49:34.080858000Z,Data,132,34,-21,920,2,0,0,0,0,0,0,1,0,0
4629,2026-06-26T09:49:34.102450000Z,Authentication,166,34,-61,920,0,11,0,0,0,0,0,0,0,0
4630,2026-06-26T09:49:34.364604000Z,Authentication,166,34,-60,920,0,11,0,0,0,0,0,0,0,0
4631,2026-06-26T09:49:34.379121000Z,Authentication,166,34,-20,920,0,11,0,0,0,0,0,0,720,0
4632,2026-06-26T09:49:34.385315000Z,Authentication,166,34,-20,920,0,11,0,0,1,0,0,0,720,0
4633,2026-06-26T09:49:34.396023000Z,Authentication,166,34,-22,920,0,11,0,0,1,0,0,0,720,0
4634,2026-06-26T09:49:34.617057000Z,S1G Beacon,129,34,-22,920,3,1,,,,,,,0,0
4635,2026-06-26T09:49:34.626744000Z,Authentication,166,34,-60,920,0,11,0,0,0,0,0,0,0,0
4636,2026-06-26T09:49:34.639127000Z,Authentication,166,34,-21,920,0,11,0,0,0,0,0,0,720,0
4637,2026-06-26T09:49:34.651882000Z,Authentication,166,34,-21,920,0,11,0,0,1,0,0,0,720,0
4638,2026-06-26T09:49:34.658392000Z,Authentication,166,34,-19,920,0,11,0,0,1,0,0,0,720,0
4639,2026-06-26T09:49:34.737140000Z,Data,287,34,-21,920,2,0,0,0,0,0,0,1,0,0
4640,2026-06-26T09:49:34.856131000Z,Authentication,166,34,-59,920,0,11,0,0,0,0,0,0,0,0
4641,2026-06-26T09:49:34.869092000Z,Authentication,166,34,-19,920,0,11,0,0,0,0,0,0,720,0
4642,2026-06-26T09:49:34.875502000Z,Authentication,166,34,-20,920,0,11,0,0,1,0,0,0,720,0
4643,2026-06-26T09:49:34.887847000Z,Authentication,166,34,-22,920,0,11,0,0,1,0,0,0,720,0
4644,2026-06-26T09:49:35.118276000Z,Authentication,166,34,-60,920,0,11,0,0,0,0,0,0,0,0
4645,2026-06-26T09:49:35.129106000Z,Authentication,166,34,-20,920,0,11,0,0,0,0,0,0,720,0
4646,2026-06-26T09:49:35.135877000Z,Authentication,166,34,-21,920,0,11,0,0,1,0,0,0,720,0
4647,2026-06-26T09:49:35.149106000Z,Authentication,166,34,-20,920,0,11,0,0,1,0,0,0,720,0
4648,2026-06-26T09:49:35.380432000Z,Authentication,166,34,-59,920,0,11,0,0,0,0,0,0,0,0
4649,2026-06-26T09:49:35.613913000Z,Authentication,166,34,-62,920,0,11,0,0,0,0,0,0,0,0
4650,2026-06-26T09:49:35.629142000Z,Authentication,166,34,-20,920,0,11,0,0,0,0,0,0,720,0
4651,2026-06-26T09:49:35.635547000Z,Authentication,166,34,-20,920,0,11,0,0,1,0,0,0,720,0
4652,2026-06-26T09:49:35.642112000Z,Authentication,166,34,-19,920,0,11,0,0,1,0,0,0,720,0
4653,2026-06-26T09:49:35.648723000Z,Authentication,166,34,-19,920,0,11,0,0,1,0,0,0,720,0
4654,2026-06-26T09:49:35.871967000Z,Authentication,166,34,-60,920,0,11,0,0,0,0,0,0,0,0
4655,2026-06-26T09:49:35.889131000Z,Authentication,166,34,-20,920,0,11,0,0,0,0,0,0,720,0
4656,2026-06-26T09:49:35.895645000Z,Authentication,166,34,-19,920,0,11,0,0,1,0,0,0,720,0
4657,2026-06-26T09:49:35.908826000Z,Authentication,166,34,-22,920,0,11,0,0,1,0,0,0,720,0
4658,2026-06-26T09:49:36.134112000Z,Authentication,166,34,-61,920,0,11,0,0,0,0,0,0,0,0
4659,2026-06-26T09:49:36.149098000Z,Authentication,166,34,-19,920,0,11,0,0,0,0,0,0,720,0
4660,2026-06-26T09:49:36.155873000Z,Authentication,166,34,-21,920,0,11,0,0,1,0,0,0,720,0
4661,2026-06-26T09:49:36.168945000Z,Authentication,166,34,-21,920,0,11,0,0,1,0,0,0,720,0
4662,2026-06-26T09:49:36.255502000Z,S1G Beacon,129,34,-20,920,3,1,,,,,,,0,0
4663,2026-06-26T09:49:36.381934000Z,Authentication,166,34,-60,920,0,11,0,0,0,0,0,0,0,0
4664,2026-06-26T09:49:36.399066000Z,Authentication,166,34,-19,920,0,11,0,0,0,0,0,0,720,0
4665,2026-06-26T09:49:36.412505000Z,Authentication,166,34,-20,920,0,11,0,0,1,0,0,0,720,0
4666,2026-06-26T09:49:36.625642000Z,Authentication,166,34,-61,920,0,11,0,0,0,0,0,0,0,0
4667,2026-06-26T09:49:36.639150000Z,Authentication,166,34,-21,920,0,11,0,0,0,0,0,0,720,0
4668,2026-06-26T09:49:36.645816000Z,Authentication,166,34,-20,920,0,11,0,0,1,0,0,0,720,0
4669,2026-06-26T09:49:36.652582000Z,Authentication,166,34,-20,920,0,11,0,0,1,0,0,0,720,0
4670,2026-06-26T09:49:36.659093000Z,Authentication,166,34,-21,920,0,11,0,0,1,0,0,0,720,0
4671,2026-06-26T09:49:36.716843000Z,QoS Data,149,34,-17,920,2,8,1,0,0,0,0,1,720,0
4672,2026-06-26T09:49:36.719653000Z,QoS Data,149,34,-27,920,2,8,0,0,0,0,0,1,720,0
4674,2026-06-26T09:49:36.725406000Z,QoS Data,131,34,-14,920,2,8,1,0,0,0,0,1,720,0
4676,2026-06-26T09:49:36.727788000Z,QoS Data,131,34,-28,920,2,8,0,0,0,0,0,1,720,0
4678,2026-06-26T09:49:36.789018000Z,QoS Data,128,34,-18,920,2,8,1,0,0,0,0,1,720,0
4680,2026-06-26T09:49:36.791337000Z,QoS Data,128,34,-29,920,2,8,0,0,0,0,0,1,720,0
4681,2026-06-26T09:49:36.887786000Z,Authentication,166,34,-61,920,0,11,0,0,0,0,0,0,0,0
4682,2026-06-26T09:49:37.072929000Z,S1G Beacon,61,34,-21,920,3,1,,,,,,,0,0
4683,2026-06-26T09:49:37.149935000Z,Authentication,166,34,-60,920,0,11,0,0,0,0,0,0,0,0
4684,2026-06-26T09:49:37.165718000Z,Authentication,166,34,-21,920,0,11,0,0,1,0,0,0,720,0
4685,2026-06-26T09:49:37.179055000Z,Authentication,166,34,-21,920,0,11,0,0,1,0,0,0,720,0
4686,2026-06-26T09:49:37.379329000Z,Authentication,166,34,-61,920,0,11,0,0,0,0,0,0,0,0
4687,2026-06-26T09:49:37.641465000Z,Authentication,166,34,-60,920,0,11,0,0,0,0,0,0,0,0
4688,2026-06-26T09:49:37.655736000Z,Authentication,166,34,-22,920,0,11,0,0,1,0,0,0,720,0
4689,2026-06-26T09:49:37.668919000Z,Authentication,166,34,-22,920,0,11,0,0,1,0,0,0,720,0
4690,2026-06-26T09:49:37.761303000Z,Data,287,34,-21,920,2,0,0,0,0,0,0,1,0,0
4691,2026-06-26T09:49:37.893963000Z,S1G Beacon,129,34,-22,920,3,1,,,,,,,0,0
4692,2026-06-26T09:49:37.903617000Z,Authentication,166,34,-59,920,0,11,0,0,0,0,0,0,0,0
4693,2026-06-26T09:49:37.917988000Z,Authentication,166,34,-22,920,0,11,0,0,1,0,0,0,720,0
4694,2026-06-26T09:49:37.924500000Z,Authentication,166,34,-21,920,0,11,0,0,1,0,0,0,720,0
4695,2026-06-26T09:49:37.931017000Z,Authentication,166,34,-21,920,0,11,0,0,1,0,0,0,720,0
4696,2026-06-26T09:49:38.139190000Z,Authentication,166,34,-60,920,0,11,0,0,0,0,0,0,0,0
4697,2026-06-26T09:49:38.155699000Z,Authentication,166,34,-23,920,0,11,0,0,1,0,0,0,720,0
4698,2026-06-26T09:49:38.168615000Z,Authentication,166,34,-22,920,0,11,0,0,1,0,0,0,720,0
4699,2026-06-26T09:49:38.395170000Z,Authentication,166,34,-60,920,0,11,0,0,0,0,0,0,0,0
4700,2026-06-26T09:49:38.409166000Z,Authentication,166,34,-21,920,0,11,0,0,0,0,0,0,720,0
4701,2026-06-26T09:49:38.415884000Z,Authentication,166,34,-21,920,0,11,0,0,1,0,0,0,720,0
4702,2026-06-26T09:49:38.428956000Z,Authentication,166,34,-22,920,0,11,0,0,1,0,0,0,720,0
4703,2026-06-26T09:49:38.540741000Z,Disassociation,64,34,-21,920,0,10,0,0,0,0,0,0,720,0
4704,2026-06-26T09:49:38.548425000Z,Disassociation,64,34,-22,920,0,10,0,0,1,0,0,0,720,0
4705,2026-06-26T09:49:38.552282000Z,Disassociation,64,34,-22,920,0,10,0,0,1,0,0,0,720,0
4706,2026-06-26T09:49:38.657294000Z,Authentication,166,34,-59,920,0,11,0,0,0,0,0,0,0,0
4707,2026-06-26T09:49:38.675615000Z,Authentication,166,34,-21,920,0,11,0,0,1,0,0,0,720,0
4708,2026-06-26T09:49:38.682026000Z,Authentication,166,34,-19,920,0,11,0,0,1,0,0,0,720,0
4709,2026-06-26T09:49:38.904613000Z,Authentication,166,34,-62,920,0,11,0,0,0,0,0,0,0,0
4710,2026-06-26T09:49:38.913499000Z,Authentication,166,34,-22,920,0,11,0,0,0,0,0,0,720,0
4711,2026-06-26T09:49:38.926570000Z,Authentication,166,34,-22,920,0,11,0,0,1,0,0,0,720,0
4712,2026-06-26T09:49:39.148825000Z,Authentication,166,34,-60,920,0,11,0,0,0,0,0,0,0,0
4713,2026-06-26T09:49:39.159186000Z,Authentication,166,34,-20,920,0,11,0,0,0,0,0,0,720,0
4714,2026-06-26T09:49:39.172263000Z,Authentication,166,34,-22,920,0,11,0,0,1,0,0,0,720,0
4715,2026-06-26T09:49:39.179033000Z,Authentication,166,34,-20,920,0,11,0,0,1,0,0,0,720,0
4716,2026-06-26T09:49:39.410977000Z,Authentication,166,34,-60,920,0,11,0,0,0,0,0,0,0,0
4717,2026-06-26T09:49:39.426855000Z,Authentication,166,34,-22,920,0,11,0,0,1,0,0,0,720,0
4718,2026-06-26T09:49:39.440101000Z,Authentication,166,34,-21,920,0,11,0,0,1,0,0,0,720,0
4719,2026-06-26T09:49:39.532400000Z,S1G Beacon,129,34,-21,920,3,1,,,,,,,0,0
4720,2026-06-26T09:49:39.673124000Z,Authentication,166,34,-59,920,0,11,0,0,0,0,0,0,0,0
4721,2026-06-26T09:49:39.689361000Z,Authentication,166,34,-20,920,0,11,0,0,0,0,0,0,720,0
4722,2026-06-26T09:49:39.695820000Z,Authentication,166,34,-22,920,0,11,0,0,1,0,0,0,720,0
4723,2026-06-26T09:49:39.708793000Z,Authentication,166,34,-21,920,0,11,0,0,1,0,0,0,720,0
4724,2026-06-26T09:49:39.908675000Z,Authentication,166,34,-59,920,0,11,0,0,0,0,0,0,0,0
4725,2026-06-26T09:49:39.919228000Z,Authentication,166,34,-21,920,0,11,0,0,0,0,0,0,720,0
4726,2026-06-26T09:49:39.925842000Z,Authentication,166,34,-20,920,0,11,0,0,1,0,0,0,720,0
4727,2026-06-26T09:49:39.939187000Z,Authentication,166,34,-21,920,0,11,0,0,1,0,0,0,720,0
4728,2026-06-26T09:49:40.164652000Z,Authentication,166,34,-61,920,0,11,0,0,0,0,0,0,0,0
4729,2026-06-26T09:49:40.179278000Z,Authentication,166,34,-21,920,0,11,0,0,0,0,0,0,720,0
4730,2026-06-26T09:49:40.192353000Z,Authentication,166,34,-23,920,0,11,0,0,1,0,0,0,720,0
4731,2026-06-26T09:49:40.349827000Z,S1G Beacon,61,34,-21,920,3,1,,,,,,,0,0
4732,2026-06-26T09:49:40.426805000Z,Authentication,166,34,-62,920,0,11,0,0,0,0,0,0,0,0
4733,2026-06-26T09:49:40.668474000Z,Authentication,166,34,-64,920,0,11,0,0,0,0,0,0,0,0
4734,2026-06-26T09:49:40.679376000Z,Authentication,166,34,-21,920,0,11,0,0,0,0,0,0,720,0
4735,2026-06-26T09:49:40.692533000Z,Authentication,166,34,-22,920,0,11,0,0,1,0,0,0,720,0
4736,2026-06-26T09:49:40.698938000Z,Authentication,166,34,-22,920,0,11,0,0,1,0,0,0,720,0
4737,2026-06-26T09:49:40.785422000Z,Data,287,34,-22,920,2,0,0,0,0,0,0,1,0,0
4738,2026-06-26T09:49:40.918342000Z,Authentication,166,34,-60,920,0,11,0,0,0,0,0,0,0,0
4739,2026-06-26T09:49:41.170864000Z,S1G Beacon,129,34,-20,920,3,1,,,,,,,0,0
4740,2026-06-26T09:49:41.180481000Z,Authentication,166,34,-60,920,0,11,0,0,0,0,0,0,0,0
4741,2026-06-26T09:49:41.189490000Z,Authentication,166,34,-20,920,0,11,0,0,0,0,0,0,720,0
4742,2026-06-26T09:49:41.196261000Z,Authentication,166,34,-21,920,0,11,0,0,1,0,0,0,720,0
4743,2026-06-26T09:49:41.208190000Z,Authentication,166,34,-23,920,0,11,0,0,1,0,0,0,720,0
4744,2026-06-26T09:49:41.439577000Z,Authentication,166,34,-62,920,0,11,0,0,0,0,0,0,0,0
4745,2026-06-26T09:49:41.455838000Z,Authentication,166,34,-22,920,0,11,0,0,1,0,0,0,720,0
4746,2026-06-26T09:49:41.468858000Z,Authentication,166,34,-21,920,0,11,0,0,1,0,0,0,720,0
4747,2026-06-26T09:49:41.672018000Z,Authentication,166,34,-60,920,0,11,0,0,0,0,0,0,0,0
4748,2026-06-26T09:49:41.740347000Z,QoS Data,148,34,-17,920,2,8,1,0,0,0,0,1,720,0
4750,2026-06-26T09:49:41.743214000Z,QoS Data,148,34,-28,920,2,8,0,0,0,0,0,1,720,0
4752,2026-06-26T09:49:41.748812000Z,QoS Data,131,34,-13,920,2,8,1,0,0,0,0,1,720,0
4754,2026-06-26T09:49:41.750880000Z,QoS Data,131,34,-29,920,2,8,0,0,0,0,0,1,720,0
4756,2026-06-26T09:49:41.788702000Z,QoS Data,128,34,-16,920,2,8,1,0,0,0,0,1,720,0
4757,2026-06-26T09:49:41.791171000Z,QoS Data,128,34,-27,920,2,8,0,0,0,0,0,1,720,0
4759,2026-06-26T09:49:41.934168000Z,Authentication,166,34,-62,920,0,11,0,0,0,0,0,0,0,0
4760,2026-06-26T09:49:41.988276000Z,S1G Beacon,61,34,-20,920,3,1,,,,,,,0,0
4761,2026-06-26T09:49:42.196314000Z,Authentication,166,34,-63,920,0,11,0,0,0,0,0,0,0,0
4762,2026-06-26T09:49:42.430810000Z,Authentication,166,34,-59,920,0,11,0,0,0,0,0,0,0,0
4763,2026-06-26T09:49:42.687869000Z,Authentication,166,34,-59,920,0,11,0,0,0,0,0,0,0,0
4764,2026-06-26T09:49:42.699249000Z,Authentication,166,34,-20,920,0,11,0,0,0,0,0,0,720,0
4765,2026-06-26T09:49:42.712526000Z,Authentication,166,34,-22,920,0,11,0,0,1,0,0,0,720,0
4766,2026-06-26T09:49:42.809312000Z,S1G Beacon,129,34,-21,920,3,1,,,,,,,0,0
4767,2026-06-26T09:49:42.949995000Z,Authentication,166,34,-60,920,0,11,0,0,0,0,0,0,0,0
4768,2026-06-26T09:49:42.959286000Z,Authentication,166,34,-21,920,0,11,0,0,0,0,0,0,720,0
4769,2026-06-26T09:49:42.972204000Z,Authentication,166,34,-22,920,0,11,0,0,1,0,0,0,720,0
4770,2026-06-26T09:49:42.978875000Z,Authentication,166,34,-20,920,0,11,0,0,1,0,0,0,720,0
4771,2026-06-26T09:49:43.196783000Z,Authentication,166,34,-59,920,0,11,0,0,0,0,0,0,0,0
4772,2026-06-26T09:49:43.215952000Z,Authentication,166,34,-22,920,0,11,0,0,1,0,0,0,720,0
4773,2026-06-26T09:49:43.229081000Z,Authentication,166,34,-22,920,0,11,0,0,1,0,0,0,720,0
4774,2026-06-26T09:49:43.389282000Z,Data,132,34,-21,920,2,0,0,0,0,0,0,1,0,0
4775,2026-06-26T09:49:43.441520000Z,Authentication,166,34,-61,920,0,11,0,0,0,0,0,0,0,0
4776,2026-06-26T09:49:43.459212000Z,Authentication,166,34,-21,920,0,11,0,0,0,0,0,0,720,0
4777,2026-06-26T09:49:43.472599000Z,Authentication,166,34,-21,920,0,11,0,0,1,0,0,0,720,0
4778,2026-06-26T09:49:43.626762000Z,S1G Beacon,61,34,-21,920,3,1,,,,,,,0,0
4779,2026-06-26T09:49:43.703678000Z,Authentication,166,34,-60,920,0,11,0,0,0,0,0,0,0,0
4780,2026-06-26T09:49:43.719491000Z,Authentication,166,34,-19,920,0,11,0,0,0,0,0,0,720,0
4781,2026-06-26T09:49:43.725743000Z,Authentication,166,34,-20,920,0,11,0,0,1,0,0,0,720,0
4782,2026-06-26T09:49:43.738454000Z,Authentication,166,34,-22,920,0,11,0,0,1,0,0,0,720,0
4783,2026-06-26T09:49:43.809419000Z,Data,287,34,-21,920,2,0,0,0,0,0,0,1,0,0
4784,2026-06-26T09:49:43.965822000Z,Authentication,166,34,-60,920,0,11,0,0,0,0,0,0,0,0
4785,2026-06-26T09:49:43.986042000Z,Authentication,166,34,-23,920,0,11,0,0,1,0,0,0,720,0
4786,2026-06-26T09:49:43.992760000Z,Authentication,166,34,-27,920,0,11,0,0,1,0,0,0,720,0
4787,2026-06-26T09:49:43.999273000Z,Authentication,166,34,-21,920,0,11,0,0,1,0,0,0,720,0
4788,2026-06-26T09:49:44.197251000Z,Authentication,166,34,-60,920,0,11,0,0,0,0,0,0,0,0
4789,2026-06-26T09:49:44.216109000Z,Authentication,166,34,-24,920,0,11,0,0,1,0,0,0,720,0
4790,2026-06-26T09:49:44.228406000Z,Authentication,166,34,-24,920,0,11,0,0,1,0,0,0,720,0
4791,2026-06-26T09:49:44.447759000Z,S1G Beacon,129,34,-27,920,3,1,,,,,,,0,0
4792,2026-06-26T09:49:44.457351000Z,Authentication,166,34,-59,920,0,11,0,0,0,0,0,0,0,0
4793,2026-06-26T09:49:44.469304000Z,Authentication,166,34,-27,920,0,11,0,0,0,0,0,0,720,0
4794,2026-06-26T09:49:44.482743000Z,Authentication,166,34,-24,920,0,11,0,0,1,0,0,0,720,0
4795,2026-06-26T09:49:44.719518000Z,Authentication,166,34,-60,920,0,11,0,0,0,0,0,0,0,0
4796,2026-06-26T09:49:44.736322000Z,Authentication,166,34,-23,920,0,11,0,0,1,0,0,0,720,0
4797,2026-06-26T09:49:44.749811000Z,Authentication,166,34,-22,920,0,11,0,0,1,0,0,0,720,0
4798,2026-06-26T09:49:44.959123000Z,Authentication,166,34,-59,920,0,11,0,0,0,0,0,0,0,0
4799,2026-06-26T09:49:44.975939000Z,Authentication,166,34,-22,920,0,11,0,0,1,0,0,0,720,0
4800,2026-06-26T09:49:44.989221000Z,Authentication,166,34,-23,920,0,11,0,0,1,0,0,0,720,0
4801,2026-06-26T09:49:45.211042000Z,Authentication,166,34,-60,920,0,11,0,0,0,0,0,0,0,0
4802,2026-06-26T09:49:45.219364000Z,Authentication,166,34,-21,920,0,11,0,0,0,0,0,0,720,0
4803,2026-06-26T09:49:45.231598000Z,Authentication,166,34,-22,920,0,11,0,0,1,0,0,0,720,0
4804,2026-06-26T09:49:45.238267000Z,Authentication,166,34,-22,920,0,11,0,0,1,0,0,0,720,0
4805,2026-06-26T09:49:45.265179000Z,S1G Beacon,61,34,-21,920,3,1,,,,,,,0,0
4806,2026-06-26T09:49:45.489571000Z,Authentication,166,34,-22,920,0,11,0,0,0,0,0,0,720,0
4807,2026-06-26T09:49:45.496084000Z,Authentication,166,34,-21,920,0,11,0,0,1,0,0,0,720,0
4808,2026-06-26T09:49:45.509257000Z,Authentication,166,34,-23,920,0,11,0,0,1,0,0,0,720,0
4809,2026-06-26T09:49:45.735339000Z,Authentication,166,34,-61,920,0,11,0,0,0,0,0,0,0,0
4810,2026-06-26T09:49:45.755834000Z,Authentication,166,34,-23,920,0,11,0,0,1,0,0,0,720,0
4811,2026-06-26T09:49:45.768908000Z,Authentication,166,34,-23,920,0,11,0,0,1,0,0,0,720,0
4812,2026-06-26T09:49:45.964715000Z,Authentication,166,34,-60,920,0,11,0,0,0,0,0,0,0,0
4813,2026-06-26T09:49:45.985842000Z,Authentication,166,34,-21,920,0,11,0,0,1,0,0,0,720,0
4814,2026-06-26T09:49:45.998916000Z,Authentication,166,34,-22,920,0,11,0,0,1,0,0,0,720,0
4815,2026-06-26T09:49:46.086213000Z,S1G Beacon,129,34,-19,920,3,1,,,,,,,0,0
4816,2026-06-26T09:49:46.226880000Z,Authentication,166,34,-59,920,0,11,0,0,0,0,0,0,0,0
4817,2026-06-26T09:49:46.300250000Z,Data,378,34,-21,920,2,0,0,0,0,0,0,1,0,0
4818,2026-06-26T09:49:46.404142000Z,Data,387,34,-19,920,2,0,0,0,0,0,0,1,0,0
4819,2026-06-26T09:49:46.489003000Z,Authentication,166,34,-61,920,0,11,0,0,0,0,0,0,0,0
4820,2026-06-26T09:49:46.499367000Z,Authentication,166,34,-20,920,0,11,0,0,0,0,0,0,720,0
4821,2026-06-26T09:49:46.515168000Z,Data,450,34,-19,920,2,0,0,0,0,0,0,1,0,0
4822,2026-06-26T09:49:46.519709000Z,Authentication,166,34,-19,920,0,11,0,0,1,0,0,0,720,0
4823,2026-06-26T09:49:46.532784000Z,Authentication,166,34,-22,920,0,11,0,0,1,0,0,0,720,0
4824,2026-06-26T09:49:46.716345000Z,Data,387,34,-21,920,2,0,0,0,0,0,0,1,0,0
4825,2026-06-26T09:49:46.763579000Z,QoS Data,148,34,-17,920,2,8,1,0,0,0,0,1,720,0
4827,2026-06-26T09:49:46.765968000Z,QoS Data,148,34,-28,920,2,8,0,0,0,0,0,1,720,0
4829,2026-06-26T09:49:46.771625000Z,QoS Data,131,34,-15,920,2,8,1,0,0,0,0,1,720,0
4830,2026-06-26T09:49:46.773910000Z,QoS Data,131,34,-26,920,2,8,0,0,0,0,0,1,720,0
4832,2026-06-26T09:49:46.788709000Z,QoS Data,128,34,-16,920,2,8,1,0,0,0,0,1,720,0
4833,2026-06-26T09:49:46.790812000Z,QoS Data,128,34,-25,920,2,8,0,0,0,0,0,1,720,0
4834,2026-06-26T09:49:46.795368000Z,QoS Data,128,34,-28,920,2,8,0,0,1,0,0,1,720,0
4835,2026-06-26T09:49:46.798779000Z,QoS Data,128,34,-27,920,2,8,0,0,1,0,0,1,720,0
4837,2026-06-26T09:49:46.833384000Z,Data,287,34,-21,920,2,0,0,0,0,0,0,1,0,0
4838,2026-06-26T09:49:46.903629000Z,S1G Beacon,61,34,-21,920,3,1,,,,,,,0,0
4839,2026-06-26T09:49:46.926059000Z,Data,458,34,-20,920,2,0,0,0,0,0,0,1,0,0
4840,2026-06-26T09:49:47.028224000Z,Data,387,34,-20,920,2,0,0,0,0,0,0,1,0,0
4842,2026-06-26T09:49:47.133669000Z,Data,446,34,-21,920,2,0,0,0,0,0,0,1,0,0
4843,2026-06-26T09:49:47.249627000Z,Authentication,166,34,-20,920,0,11,0,0,0,0,0,0,720,0
4844,2026-06-26T09:49:47.256083000Z,Authentication,166,34,-19,920,0,11,0,0,1,0,0,0,720,0
4845,2026-06-26T09:49:47.269560000Z,Authentication,166,34,-21,920,0,11,0,0,1,0,0,0,720,0
4846,2026-06-26T09:49:47.340263000Z,Data,387,34,-20,920,2,0,0,0,0,0,0,1,0,0
4847,2026-06-26T09:49:47.482303000Z,Authentication,166,34,-60,920,0,11,0,0,0,0,0,0,0,0
4848,2026-06-26T09:49:47.499323000Z,Authentication,166,34,-20,920,0,11,0,0,0,0,0,0,720,0
4849,2026-06-26T09:49:47.512759000Z,Authentication,166,34,-23,920,0,11,0,0,1,0,0,0,720,0
4850,2026-06-26T09:49:47.519483000Z,Authentication,166,34,-21,920,0,11,0,0,1,0,0,0,720,0
4851,2026-06-26T09:49:47.550042000Z,Data,452,34,-21,920,2,0,0,0,0,0,0,1,0,0
4852,2026-06-26T09:49:47.724660000Z,S1G Beacon,129,34,-19,920,3,1,,,,,,,0,0
4853,2026-06-26T09:49:47.734211000Z,Authentication,166,34,-61,920,0,11,0,0,0,0,0,0,0,0
4854,2026-06-26T09:49:47.742703000Z,Authentication,166,34,-18,920,0,11,0,0,0,0,0,0,720,0
4855,2026-06-26T09:49:47.749421000Z,Authentication,166,34,-19,920,0,11,0,0,1,0,0,0,720,0
4856,2026-06-26T09:49:47.755957000Z,Authentication,166,34,-19,920,0,11,0,0,1,0,0,0,720,0
4857,2026-06-26T09:49:47.762401000Z,Authentication,166,34,-18,920,0,11,0,0,1,0,0,0,720,0
4858,2026-06-26T09:49:47.996367000Z,Authentication,166,34,-63,920,0,11,0,0,0,0,0,0,0,0
4859,2026-06-26T09:49:48.258523000Z,Authentication,166,34,-60,920,0,11,0,0,0,0,0,0,0,0
4860,2026-06-26T09:49:48.269397000Z,Authentication,166,34,-17,920,0,11,0,0,0,0,0,0,720,0
4861,2026-06-26T09:49:48.275960000Z,Authentication,166,34,-19,920,0,11,0,0,1,0,0,0,720,0
4862,2026-06-26T09:49:48.282471000Z,Authentication,166,34,-19,920,0,11,0,0,1,0,0,0,720,0
4863,2026-06-26T09:49:48.288878000Z,Authentication,166,34,-17,920,0,11,0,0,1,0,0,0,720,0
4864,2026-06-26T09:49:48.494035000Z,Authentication,166,34,-60,920,0,11,0,0,0,0,0,0,0,0
4865,2026-06-26T09:49:48.542077000Z,S1G Beacon,61,34,-19,920,3,1,,,,,,,0,0
4866,2026-06-26T09:49:48.750050000Z,Authentication,166,34,-59,920,0,11,0,0,0,0,0,0,0,0
4867,2026-06-26T09:49:48.759396000Z,Authentication,166,34,-20,920,0,11,0,0,0,0,0,0,720,0
4868,2026-06-26T09:49:48.766163000Z,Authentication,166,34,-19,920,0,11,0,0,1,0,0,0,720,0
4869,2026-06-26T09:49:48.772675000Z,Authentication,166,34,-20,920,0,11,0,0,1,0,0,0,720,0
4870,2026-06-26T09:49:49.012220000Z,Authentication,166,34,-61,920,0,11,0,0,0,0,0,0,0,0
4871,2026-06-26T09:49:49.022670000Z,Authentication,166,34,-21,920,0,11,0,0,0,0,0,0,720,0
4872,2026-06-26T09:49:49.028552000Z,Authentication,166,34,-21,920,0,11,0,0,1,0,0,0,720,0
4873,2026-06-26T09:49:49.034962000Z,Authentication,166,34,-20,920,0,11,0,0,1,0,0,0,720,0
4874,2026-06-26T09:49:49.041421000Z,Authentication,166,34,-20,920,0,11,0,0,1,0,0,0,720,0
4875,2026-06-26T09:49:49.254888000Z,Authentication,166,34,-61,920,0,11,0,0,0,0,0,0,0,0
4876,2026-06-26T09:49:49.272852000Z,Authentication,166,34,-20,920,0,11,0,0,1,0,0,0,720,0
4877,2026-06-26T09:49:49.279617000Z,Authentication,166,34,-20,920,0,11,0,0,1,0,0,0,720,0
4878,2026-06-26T09:49:49.285403000Z,Authentication,166,34,-19,920,0,11,0,0,1,0,0,0,720,0
4879,2026-06-26T09:49:49.363109000Z,S1G Beacon,129,34,-22,920,3,1,,,,,,,0,0
4880,2026-06-26T09:49:49.503720000Z,Authentication,166,34,-60,920,0,11,0,0,0,0,0,0,0,0
4881,2026-06-26T09:49:49.513824000Z,Authentication,166,34,-21,920,0,11,0,0,0,0,0,0,720,0
4882,2026-06-26T09:49:49.520389000Z,Authentication,166,34,-20,920,0,11,0,0,1,0,0,0,720,0
4883,2026-06-26T09:49:49.533512000Z,Authentication,166,34,-22,920,0,11,0,0,1,0,0,0,720,0
4884,2026-06-26T09:49:49.765874000Z,Authentication,166,34,-60,920,0,11,0,0,0,0,0,0,0,0
4885,2026-06-26T09:49:49.779661000Z,Authentication,166,34,-21,920,0,11,0,0,0,0,0,0,720,0
4886,2026-06-26T09:49:49.791798000Z,Authentication,166,34,-21,920,0,11,0,0,1,0,0,0,720,0
4887,2026-06-26T09:49:49.798365000Z,Authentication,166,34,-21,920,0,11,0,0,1,0,0,0,720,0
4888,2026-06-26T09:49:49.857762000Z,Data,287,34,-20,920,2,0,0,0,0,0,0,1,0,0
4889,2026-06-26T09:49:50.028027000Z,Authentication,166,34,-60,920,0,11,0,0,0,0,0,0,0,0
4890,2026-06-26T09:49:50.039405000Z,Authentication,166,34,-22,920,0,11,0,0,0,0,0,0,720,0
4891,2026-06-26T09:49:50.052683000Z,Authentication,166,34,-21,920,0,11,0,0,1,0,0,0,720,0
4892,2026-06-26T09:49:50.180527000Z,S1G Beacon,61,34,-20,920,3,1,,,,,,,0,0
4893,2026-06-26T09:49:50.257403000Z,Authentication,166,34,-60,920,0,11,0,0,0,0,0,0,0,0
4894,2026-06-26T09:49:50.519558000Z,Authentication,166,34,-60,920,0,11,0,0,0,0,0,0,0,0
4895,2026-06-26T09:49:50.781701000Z,Authentication,166,34,-61,920,0,11,0,0,0,0,0,0,0,0
4896,2026-06-26T09:49:50.799394000Z,Authentication,166,34,-19,920,0,11,0,0,0,0,0,0,720,0
4897,2026-06-26T09:49:50.806009000Z,Authentication,166,34,-19,920,0,11,0,0,1,0,0,0,720,0
4898,2026-06-26T09:49:50.812577000Z,Authentication,166,34,-19,920,0,11,0,0,1,0,0,0,720,0
4899,2026-06-26T09:49:50.819079000Z,Authentication,166,34,-19,920,0,11,0,0,1,0,0,0,720,0
4900,2026-06-26T09:49:51.001576000Z,S1G Beacon,129,34,-19,920,3,1,,,,,,,0,0
4901,2026-06-26T09:49:51.021319000Z,Authentication,166,34,-60,920,0,11,0,0,0,0,0,0,0,0
4902,2026-06-26T09:49:51.029474000Z,Authentication,166,34,-18,920,0,11,0,0,0,0,0,0,720,0
4903,2026-06-26T09:49:51.036146000Z,Authentication,166,34,-20,920,0,11,0,0,1,0,0,0,720,0
4904,2026-06-26T09:49:51.042814000Z,Authentication,166,34,-19,920,0,11,0,0,1,0,0,0,720,0
4905,2026-06-26T09:49:51.049586000Z,Authentication,166,34,-18,920,0,11,0,0,1,0,0,0,720,0
4906,2026-06-26T09:49:51.273235000Z,Authentication,166,34,-59,920,0,11,0,0,0,0,0,0,0,0
4907,2026-06-26T09:49:51.289453000Z,Authentication,166,34,-19,920,0,11,0,0,0,0,0,0,720,0
4908,2026-06-26T09:49:51.296060000Z,Authentication,166,34,-19,920,0,11,0,0,1,0,0,0,720,0
4909,2026-06-26T09:49:51.301792000Z,Authentication,166,34,-20,920,0,11,0,0,1,0,0,0,720,0
4910,2026-06-26T09:49:51.308302000Z,Authentication,166,34,-18,920,0,11,0,0,1,0,0,0,720,0
4911,2026-06-26T09:49:51.535384000Z,Authentication,166,34,-62,920,0,11,0,0,0,0,0,0,0,0
4912,2026-06-26T09:49:51.549484000Z,Authentication,166,34,-19,920,0,11,0,0,0,0,0,0,720,0
4913,2026-06-26T09:49:51.556045000Z,Authentication,166,34,-19,920,0,11,0,0,1,0,0,0,720,0
4914,2026-06-26T09:49:51.562559000Z,Authentication,166,34,-19,920,0,11,0,0,1,0,0,0,720,0
4915,2026-06-26T09:49:51.569279000Z,Authentication,166,34,-20,920,0,11,0,0,1,0,0,0,720,0
4916,2026-06-26T09:49:51.790354000Z,Authentication,166,34,-60,920,0,11,0,0,0,0,0,0,0,0
4917,2026-06-26T09:49:51.791685000Z,QoS Data,149,34,-16,920,2,8,1,0,0,0,0,1,720,0
4919,2026-06-26T09:49:51.799491000Z,Authentication,166,34,-19,920,0,11,0,0,0,0,0,0,720,0
4920,2026-06-26T09:49:51.805899000Z,Authentication,166,34,-19,920,0,11,0,0,1,0,0,0,720,0
4921,2026-06-26T09:49:51.809337000Z,QoS Data,149,34,-28,920,2,8,0,0,0,0,0,1,720,0
4923,2026-06-26T09:49:51.814698000Z,Authentication,166,34,-20,920,0,11,0,0,1,0,0,0,720,0
4924,2026-06-26T09:49:51.816860000Z,QoS Data,131,34,-14,920,2,8,1,0,0,0,0,1,720,0
4926,2026-06-26T09:49:51.824251000Z,Authentication,166,34,-20,920,0,11,0,0,1,0,0,0,720,0
4927,2026-06-26T09:49:51.863829000Z,QoS Data,131,34,-28,920,2,8,0,0,0,0,0,1,720,0
4929,2026-06-26T09:49:52.026919000Z,Authentication,166,34,-60,920,0,11,0,0,0,0,0,0,0,0
4930,2026-06-26T09:49:52.039502000Z,Authentication,166,34,-19,920,0,11,0,0,0,0,0,0,720,0
4931,2026-06-26T09:49:52.045420000Z,Authentication,166,34,-20,920,0,11,0,0,1,0,0,0,720,0
4932,2026-06-26T09:49:52.047586000Z,QoS Data,128,34,-16,920,2,8,1,0,0,0,0,1,720,0
4934,2026-06-26T09:49:52.053259000Z,Authentication,166,34,-19,920,0,11,0,0,1,0,0,0,720,0
4935,2026-06-26T09:49:52.059872000Z,Authentication,166,34,-18,920,0,11,0,0,1,0,0,0,720,0
4936,2026-06-26T09:49:52.086028000Z,QoS Data,128,34,-28,920,2,8,0,0,0,0,0,1,720,0
4938,2026-06-26T09:49:52.289056000Z,Authentication,166,34,-61,920,0,11,0,0,0,0,0,0,0,0
4939,2026-06-26T09:49:52.299468000Z,Authentication,166,34,-20,920,0,11,0,0,0,0,0,0,720,0
4940,2026-06-26T09:49:52.305881000Z,Authentication,166,34,-18,920,0,11,0,0,1,0,0,0,720,0
4941,2026-06-26T09:49:52.312439000Z,Authentication,166,34,-20,920,0,11,0,0,1,0,0,0,720,0
4942,2026-06-26T09:49:52.317595000Z,Authentication,166,34,-19,920,0,11,0,0,1,0,0,0,720,0
4943,2026-06-26T09:49:52.545058000Z,Authentication,166,34,-61,920,0,11,0,0,0,0,0,0,0,0
4944,2026-06-26T09:49:52.559529000Z,Authentication,166,34,-20,920,0,11,0,0,0,0,0,0,720,0
4945,2026-06-26T09:49:52.566195000Z,Authentication,166,34,-18,920,0,11,0,0,1,0,0,0,720,0
4946,2026-06-26T09:49:52.572967000Z,Authentication,166,34,-19,920,0,11,0,0,1,0,0,0,720,0
4947,2026-06-26T09:49:52.579373000Z,Authentication,166,34,-20,920,0,11,0,0,1,0,0,0,720,0
4948,2026-06-26T09:49:52.640010000Z,S1G Beacon,129,34,-20,920,3,1,,,,,,,0,0
4949,2026-06-26T09:49:52.780583000Z,Authentication,166,34,-60,920,0,11,0,0,0,0,0,0,0,0
4950,2026-06-26T09:49:52.789487000Z,Authentication,166,34,-20,920,0,11,0,0,0,0,0,0,720,0
4951,2026-06-26T09:49:52.796004000Z,Authentication,166,34,-18,920,0,11,0,0,1,0,0,0,720,0
4952,2026-06-26T09:49:52.809081000Z,Authentication,166,34,-21,920,0,11,0,0,1,0,0,0,720,0
4953,2026-06-26T09:49:52.881644000Z,Data,287,34,-19,920,2,0,0,0,0,0,0,1,0,0
4954,2026-06-26T09:49:53.042756000Z,Authentication,166,34,-62,920,0,11,0,0,0,0,0,0,0,0
4955,2026-06-26T09:49:53.304888000Z,Authentication,166,34,-61,920,0,11,0,0,0,0,0,0,0,0
4956,2026-06-26T09:49:53.319510000Z,Authentication,166,34,-20,920,0,11,0,0,0,0,0,0,720,0
4957,2026-06-26T09:49:53.326125000Z,Authentication,166,34,-18,920,0,11,0,0,1,0,0,0,720,0
4958,2026-06-26T09:49:53.332587000Z,Authentication,166,34,-18,920,0,11,0,0,1,0,0,0,720,0
4959,2026-06-26T09:49:53.339306000Z,Authentication,166,34,-19,920,0,11,0,0,1,0,0,0,720,0
4960,2026-06-26T09:49:53.457445000Z,S1G Beacon,61,34,-19,920,3,1,,,,,,,0,0
4961,2026-06-26T09:49:53.536313000Z,Authentication,166,34,-60,920,0,11,0,0,0,0,0,0,0,0
4962,2026-06-26T09:49:53.549483000Z,Authentication,166,34,-19,920,0,11,0,0,0,0,0,0,720,0
4963,2026-06-26T09:49:53.556205000Z,Authentication,166,34,-19,920,0,11,0,0,1,0,0,0,720,0
4964,2026-06-26T09:49:53.562924000Z,Authentication,166,34,-19,920,0,11,0,0,1,0,0,0,720,0
4965,2026-06-26T09:49:53.796414000Z,Authentication,166,34,-59,920,0,11,0,0,0,0,0,0,0,0
4966,2026-06-26T09:49:53.809567000Z,Authentication,166,34,-20,920,0,11,0,0,0,0,0,0,720,0
4967,2026-06-26T09:49:53.816075000Z,Authentication,166,34,-18,920,0,11,0,0,1,0,0,0,720,0
4968,2026-06-26T09:49:53.822799000Z,Authentication,166,34,-20,920,0,11,0,0,1,0,0,0,720,0
4969,2026-06-26T09:49:53.829254000Z,Authentication,166,34,-19,920,0,11,0,0,1,0,0,0,720,0
4970,2026-06-26T09:49:54.058569000Z,Authentication,166,34,-60,920,0,11,0,0,0,0,0,0,0,0
4971,2026-06-26T09:49:54.072057000Z,Authentication,166,34,-22,920,0,11,0,0,1,0,0,0,720,0
4972,2026-06-26T09:49:54.078672000Z,Authentication,166,34,-19,920,0,11,0,0,1,0,0,0,720,0
4973,2026-06-26T09:49:54.085286000Z,Authentication,166,34,-19,920,0,11,0,0,1,0,0,0,720,0
4974,2026-06-26T09:49:54.278462000Z,S1G Beacon,129,34,-20,920,3,1,,,,,,,0,0
4975,2026-06-26T09:49:54.303301000Z,Authentication,166,34,-60,920,0,11,0,0,0,0,0,0,0,0
4976,2026-06-26T09:49:54.319511000Z,Authentication,166,34,-19,920,0,11,0,0,0,0,0,0,720,0
4977,2026-06-26T09:49:54.325346000Z,Authentication,166,34,-19,920,0,11,0,0,1,0,0,0,720,0
4978,2026-06-26T09:49:54.331855000Z,Authentication,166,34,-18,920,0,11,0,0,1,0,0,0,720,0
4979,2026-06-26T09:49:54.338473000Z,Authentication,166,34,-20,920,0,11,0,0,1,0,0,0,720,0
4980,2026-06-26T09:49:54.550107000Z,Authentication,166,34,-60,920,0,11,0,0,0,0,0,0,0,0
4981,2026-06-26T09:49:54.559523000Z,Authentication,166,34,-19,920,0,11,0,0,0,0,0,0,720,0
4982,2026-06-26T09:49:54.572746000Z,Authentication,166,34,-21,920,0,11,0,0,1,0,0,0,720,0
4983,2026-06-26T09:49:54.578533000Z,Authentication,166,34,-19,920,0,11,0,0,1,0,0,0,720,0
4984,2026-06-26T09:49:54.627278000Z,Disassociation,64,34,-18,920,0,10,0,0,0,0,0,0,720,0
4985,2026-06-26T09:49:54.635225000Z,Disassociation,64,34,-21,920,0,10,0,0,1,0,0,0,720,0
4986,2026-06-26T09:49:54.812242000Z,Authentication,166,34,-59,920,0,11,0,0,0,0,0,0,0,0
4987,2026-06-26T09:49:54.829465000Z,Authentication,166,34,-17,920,0,11,0,0,0,0,0,0,720,0
4988,2026-06-26T09:49:54.836136000Z,Authentication,166,34,-18,920,0,11,0,0,1,0,0,0,720,0
4989,2026-06-26T09:49:54.842700000Z,Authentication,166,34,-18,920,0,11,0,0,1,0,0,0,720,0
4990,2026-06-26T09:49:54.849262000Z,Authentication,166,34,-17,920,0,11,0,0,1,0,0,0,720,0
4991,2026-06-26T09:49:55.073388000Z,Authentication,166,34,-60,920,0,11,0,0,0,0,0,0,0,0
4992,2026-06-26T09:49:55.087835000Z,Authentication,166,34,-18,920,0,11,0,0,0,0,0,0,720,0
4993,2026-06-26T09:49:55.095879000Z,S1G Beacon,61,34,-18,920,3,1,,,,,,,0,0
4994,2026-06-26T09:49:55.100478000Z,Authentication,166,34,-18,920,0,11,0,0,1,0,0,0,720,0
4995,2026-06-26T09:49:55.106882000Z,Authentication,166,34,-19,920,0,11,0,0,1,0,0,0,720,0
4996,2026-06-26T09:49:55.113502000Z,Authentication,166,34,-20,920,0,11,0,0,1,0,0,0,720,0
4997,2026-06-26T09:49:55.314039000Z,Authentication,166,34,-18,920,0,11,0,0,0,0,0,0,720,0
4998,2026-06-26T09:49:55.319139000Z,Authentication,166,34,-20,920,0,11,0,0,1,0,0,0,720,0
4999,2026-06-26T09:49:55.324714000Z,Authentication,166,34,-19,920,0,11,0,0,1,0,0,0,720,0
5000,2026-06-26T09:49:55.331381000Z,Authentication,166,34,-20,920,0,11,0,0,1,0,0,0,720,0
5001,2026-06-26T09:49:55.565933000Z,Authentication,166,34,-59,920,0,11,0,0,0,0,0,0,0,0
5002,2026-06-26T09:49:55.579559000Z,Authentication,166,34,-18,920,0,11,0,0,0,0,0,0,720,0
5003,2026-06-26T09:49:55.585759000Z,Authentication,166,34,-19,920,0,11,0,0,1,0,0,0,720,0
5004,2026-06-26T09:49:55.598987000Z,Authentication,166,34,-21,920,0,11,0,0,1,0,0,0,720,0
5005,2026-06-26T09:49:55.818855000Z,Authentication,166,34,-64,920,0,11,0,0,0,0,0,0,0,0
5006,2026-06-26T09:49:55.836307000Z,Authentication,166,34,-22,920,0,11,0,0,1,0,0,0,720,0
5007,2026-06-26T09:49:55.849485000Z,Authentication,166,34,-23,920,0,11,0,0,1,0,0,0,720,0
5008,2026-06-26T09:49:55.905752000Z,Data,287,34,-20,920,2,0,0,0,0,0,0,1,0,0
5009,2026-06-26T09:49:55.916903000Z,S1G Beacon,129,34,-19,920,3,1,,,,,,,0,0
5011,2026-06-26T09:49:56.057452000Z,Authentication,166,34,-60,920,0,11,0,0,0,0,0,0,0,0
5012,2026-06-26T09:49:56.065524000Z,Authentication,166,34,-18,920,0,11,0,0,0,0,0,0,720,0
5013,2026-06-26T09:49:56.070855000Z,Authentication,166,34,-19,920,0,11,0,0,1,0,0,0,720,0
5014,2026-06-26T09:49:56.077402000Z,Authentication,166,34,-19,920,0,11,0,0,1,0,0,0,720,0
5015,2026-06-26T09:49:56.083966000Z,Authentication,166,34,-19,920,0,11,0,0,1,0,0,0,720,0
5016,2026-06-26T09:49:56.319608000Z,Authentication,166,34,-59,920,0,11,0,0,0,0,0,0,0,0
5017,2026-06-26T09:49:56.329545000Z,Authentication,166,34,-20,920,0,11,0,0,0,0,0,0,720,0
5018,2026-06-26T09:49:56.336163000Z,Authentication,166,34,-18,920,0,11,0,0,1,0,0,0,720,0
5019,2026-06-26T09:49:56.342675000Z,Authentication,166,34,-19,920,0,11,0,0,1,0,0,0,720,0
5020,2026-06-26T09:49:56.349237000Z,Authentication,166,34,-19,920,0,11,0,0,1,0,0,0,720,0
5022,2026-06-26T09:49:56.581756000Z,Authentication,166,34,-59,920,0,11,0,0,0,0,0,0,0,0
5023,2026-06-26T09:49:56.591606000Z,Authentication,166,34,-18,920,0,11,0,0,0,0,0,0,720,0
5024,2026-06-26T09:49:56.598269000Z,Authentication,166,34,-19,920,0,11,0,0,1,0,0,0,720,0
5025,2026-06-26T09:49:56.604782000Z,Authentication,166,34,-20,920,0,11,0,0,1,0,0,0,720,0
5026,2026-06-26T09:49:56.611241000Z,Authentication,166,34,-19,920,0,11,0,0,1,0,0,0,720,0
5027,2026-06-26T09:49:56.734331000Z,S1G Beacon,61,34,-19,920,3,1,,,,,,,0,0
5028,2026-06-26T09:49:56.815225000Z,Authentication,166,34,-62,920,0,11,0,0,0,0,0,0,0,0
5029,2026-06-26T09:49:56.875973000Z,QoS Data,149,34,-17,920,2,8,1,0,0,0,0,1,720,0
5031,2026-06-26T09:49:56.878256000Z,QoS Data,149,34,-27,920,2,8,0,0,0,0,0,1,720,0
5033,2026-06-26T09:49:56.883908000Z,QoS Data,131,34,-13,920,2,8,1,0,0,0,0,1,720,0
5035,2026-06-26T09:49:56.886602000Z,QoS Data,131,34,-27,920,2,8,0,0,0,0,0,1,720,0
5037,2026-06-26T09:49:57.038595000Z,QoS Data,128,34,-17,920,2,8,1,0,0,0,0,1,720,0
5040,2026-06-26T09:49:57.073277000Z,Authentication,166,34,-59,920,0,11,0,0,0,0,0,0,0,0
5041,2026-06-26T09:49:57.089524000Z,Authentication,166,34,-19,920,0,11,0,0,0,0,0,0,720,0
5042,2026-06-26T09:49:57.096138000Z,Authentication,166,34,-20,920,0,11,0,0,1,0,0,0,720,0
5043,2026-06-26T09:49:57.102855000Z,Authentication,166,34,-19,920,0,11,0,0,1,0,0,0,720,0
5044,2026-06-26T09:49:57.109258000Z,Authentication,166,34,-19,920,0,11,0,0,1,0,0,0,720,0
5045,2026-06-26T09:49:57.335451000Z,Authentication,166,34,-60,920,0,11,0,0,0,0,0,0,0,0
5046,2026-06-26T09:49:57.555368000Z,S1G Beacon,129,34,-19,920,3,1,,,,,,,0,0
5047,2026-06-26T09:49:57.575048000Z,Authentication,166,34,-60,920,0,11,0,0,0,0,0,0,0,0
5048,2026-06-26T09:49:57.582915000Z,Authentication,166,34,-18,920,0,11,0,0,0,0,0,0,720,0
5049,2026-06-26T09:49:57.589159000Z,Authentication,166,34,-19,920,0,11,0,0,1,0,0,0,720,0
5050,2026-06-26T09:49:57.595843000Z,Authentication,166,34,-17,920,0,11,0,0,1,0,0,0,720,0
5051,2026-06-26T09:49:57.602449000Z,Authentication,166,34,-17,920,0,11,0,0,1,0,0,0,720,0
5052,2026-06-26T09:49:57.826959000Z,Authentication,166,34,-59,920,0,11,0,0,0,0,0,0,0,0
5053,2026-06-26T09:49:57.839612000Z,Authentication,166,34,-18,920,0,11,0,0,0,0,0,0,720,0
5054,2026-06-26T09:49:57.846384000Z,Authentication,166,34,-20,920,0,11,0,0,1,0,0,0,720,0
5055,2026-06-26T09:49:57.852635000Z,Authentication,166,34,-18,920,0,11,0,0,1,0,0,0,720,0
5056,2026-06-26T09:49:57.859146000Z,Authentication,166,34,-19,920,0,11,0,0,1,0,0,0,720,0
5057,2026-06-26T09:49:58.089118000Z,Authentication,166,34,-60,920,0,11,0,0,0,0,0,0,0,0
5058,2026-06-26T09:49:58.106321000Z,Authentication,166,34,-20,920,0,11,0,0,1,0,0,0,720,0
5059,2026-06-26T09:49:58.113094000Z,Authentication,166,34,-19,920,0,11,0,0,1,0,0,0,720,0
5060,2026-06-26T09:49:58.119658000Z,Authentication,166,34,-19,920,0,11,0,0,1,0,0,0,720,0
5061,2026-06-26T09:49:58.329768000Z,Authentication,166,34,-59,920,0,11,0,0,0,0,0,0,0,0
5062,2026-06-26T09:49:58.339596000Z,Authentication,166,34,-20,920,0,11,0,0,0,0,0,0,720,0
5063,2026-06-26T09:49:58.353086000Z,Authentication,166,34,-21,920,0,11,0,0,1,0,0,0,720,0
5064,2026-06-26T09:49:58.359182000Z,Authentication,166,34,-19,920,0,11,0,0,1,0,0,0,720,0
5065,2026-06-26T09:49:58.383338000Z,S1G Beacon,61,34,-19,920,3,1,,,,,,,0,0
5066,2026-06-26T09:49:58.580641000Z,Authentication,166,34,-62,920,0,11,0,0,0,0,0,0,0,0
5067,2026-06-26T09:49:58.589646000Z,Authentication,166,34,-18,920,0,11,0,0,0,0,0,0,720,0
5068,2026-06-26T09:49:58.602720000Z,Authentication,166,34,-20,920,0,11,0,0,1,0,0,0,720,0
5069,2026-06-26T09:49:58.609180000Z,Authentication,166,34,-19,920,0,11,0,0,1,0,0,0,720,0
5070,2026-06-26T09:49:58.842794000Z,Authentication,166,34,-61,920,0,11,0,0,0,0,0,0,0,0
5071,2026-06-26T09:49:58.859548000Z,Authentication,166,34,-19,920,0,11,0,0,0,0,0,0,720,0
5072,2026-06-26T09:49:58.866316000Z,Authentication,166,34,-20,920,0,11,0,0,1,0,0,0,720,0
5073,2026-06-26T09:49:58.872778000Z,Authentication,166,34,-20,920,0,11,0,0,1,0,0,0,720,0
5074,2026-06-26T09:49:58.879543000Z,Authentication,166,34,-19,920,0,11,0,0,1,0,0,0,720,0
5075,2026-06-26T09:49:58.929831000Z,Data,287,34,-20,920,2,0,0,0,0,0,0,1,0,0
5076,2026-06-26T09:49:59.104937000Z,Authentication,166,34,-60,920,0,11,0,0,0,0,0,0,0,0
5077,2026-06-26T09:49:59.121033000Z,Authentication,166,34,-22,920,0,11,0,0,1,0,0,0,720,0
5078,2026-06-26T09:49:59.128627000Z,Authentication,166,34,-20,920,0,11,0,0,1,0,0,0,720,0
5079,2026-06-26T09:49:59.135189000Z,Authentication,166,34,-19,920,0,11,0,0,1,0,0,0,720,0
5080,2026-06-26T09:49:59.193826000Z,S1G Beacon,129,34,-19,920,3,1,,,,,,,0,0
5081,2026-06-26T09:49:59.340459000Z,Authentication,166,34,-60,920,0,11,0,0,0,0,0,0,0,0
5082,2026-06-26T09:49:59.350265000Z,Authentication,166,34,-19,920,0,11,0,0,0,0,0,0,720,0
5083,2026-06-26T09:49:59.356088000Z,Authentication,166,34,-19,920,0,11,0,0,1,0,0,0,720,0
5084,2026-06-26T09:49:59.362496000Z,Authentication,166,34,-19,920,0,11,0,0,1,0,0,0,720,0
5085,2026-06-26T09:49:59.368901000Z,Authentication,166,34,-19,920,0,11,0,0,1,0,0,0,720,0
5086,2026-06-26T09:49:59.596472000Z,Authentication,166,34,-60,920,0,11,0,0,0,0,0,0,0,0
5087,2026-06-26T09:49:59.609641000Z,Authentication,166,34,-17,920,0,11,0,0,0,0,0,0,720,0
5088,2026-06-26T09:49:59.616047000Z,Authentication,166,34,-19,920,0,11,0,0,1,0,0,0,720,0
5089,2026-06-26T09:49:59.622773000Z,Authentication,166,34,-18,920,0,11,0,0,1,0,0,0,720,0
5090,2026-06-26T09:49:59.629331000Z,Authentication,166,34,-18,920,0,11,0,0,1,0,0,0,720,0
5091,2026-06-26T09:49:59.858625000Z,Authentication,166,34,-60,920,0,11,0,0,0,0,0,0,0,0
5092,2026-06-26T09:49:59.869656000Z,Authentication,166,34,-18,920,0,11,0,0,0,0,0,0,720,0
5093,2026-06-26T09:49:59.876425000Z,Authentication,166,34,-20,920,0,11,0,0,1,0,0,0,720,0
5094,2026-06-26T09:49:59.882881000Z,Authentication,166,34,-18,920,0,11,0,0,1,0,0,0,720,0
5095,2026-06-26T09:49:59.889652000Z,Authentication,166,34,-19,920,0,11,0,0,1,0,0,0,720,0
5096,2026-06-26T09:50:00.011236000Z,S1G Beacon,61,34,-19,920,3,1,,,,,,,0,0
5097,2026-06-26T09:50:00.112570000Z,Authentication,166,34,-60,920,0,11,0,0,0,0,0,0,0,0
5098,2026-06-26T09:50:00.120287000Z,Authentication,166,34,-20,920,0,11,0,0,0,0,0,0,720,0
5099,2026-06-26T09:50:00.126742000Z,Authentication,166,34,-19,920,0,11,0,0,1,0,0,0,720,0
5100,2026-06-26T09:50:00.133203000Z,Authentication,166,34,-19,920,0,11,0,0,1,0,0,0,720,0
5101,2026-06-26T09:50:00.139732000Z,Authentication,166,34,-22,920,0,11,0,0,1,0,0,0,720,0
5102,2026-06-26T09:50:00.350154000Z,Authentication,166,34,-61,920,0,11,0,0,0,0,0,0,0,0
5103,2026-06-26T09:50:00.359676000Z,Authentication,166,34,-19,920,0,11,0,0,0,0,0,0,720,0
5104,2026-06-26T09:50:00.366083000Z,Authentication,166,34,-18,920,0,11,0,0,1,0,0,0,720,0
5105,2026-06-26T09:50:00.372802000Z,Authentication,166,34,-19,920,0,11,0,0,1,0,0,0,720,0
5106,2026-06-26T09:50:00.379260000Z,Authentication,166,34,-19,920,0,11,0,0,1,0,0,0,720,0
5107,2026-06-26T09:50:00.612298000Z,Authentication,166,34,-60,920,0,11,0,0,0,0,0,0,0,0
5108,2026-06-26T09:50:00.832272000Z,S1G Beacon,129,34,-20,920,3,1,,,,,,,0,0
5109,2026-06-26T09:50:00.874442000Z,Authentication,166,34,-60,920,0,11,0,0,0,0,0,0,0,0
5110,2026-06-26T09:50:01.112017000Z,Authentication,166,34,-60,920,0,11,0,0,0,0,0,0,0,0
5111,2026-06-26T09:50:01.365995000Z,Authentication,166,34,-59,920,0,11,0,0,0,0,0,0,0,0
5112,2026-06-26T09:50:01.628129000Z,Authentication,166,34,-61,920,0,11,0,0,0,0,0,0,0,0
5113,2026-06-26T09:50:01.639680000Z,Authentication,166,34,-21,920,0,11,0,0,0,0,0,0,720,0
5114,2026-06-26T09:50:01.646290000Z,Authentication,166,34,-20,920,0,11,0,0,1,0,0,0,720,0
5115,2026-06-26T09:50:01.649730000Z,S1G Beacon,61,34,-19,920,3,1,,,,,,,0,0
5116,2026-06-26T09:50:01.661311000Z,Authentication,166,34,-22,920,0,11,0,0,1,0,0,0,720,0
5117,2026-06-26T09:50:01.899720000Z,Authentication,166,34,-19,920,0,11,0,0,0,0,0,0,720,0
5119,2026-06-26T09:50:01.907525000Z,Authentication,166,34,-19,920,0,11,0,0,1,0,0,0,720,0
5120,2026-06-26T09:50:01.914140000Z,Authentication,166,34,-19,920,0,11,0,0,1,0,0,0,720,0
5121,2026-06-26T09:50:01.920859000Z,Authentication,166,34,-20,920,0,11,0,0,1,0,0,0,720,0
5122,2026-06-26T09:50:01.945192000Z,QoS Data,149,34,-29,920,2,8,0,0,0,0,0,1,720,0
5124,2026-06-26T09:50:01.955616000Z,QoS Data,131,34,-16,920,2,8,1,0,0,0,0,1,720,0
5125,2026-06-26T09:50:01.958309000Z,QoS Data,131,34,-26,920,2,8,0,0,0,0,0,1,720,0
5127,2026-06-26T09:50:02.038694000Z,QoS Data,128,34,-21,920,2,8,1,0,0,0,0,1,720,0
5129,2026-06-26T09:50:02.042261000Z,QoS Data,128,34,-27,920,2,8,0,0,0,0,0,1,720,0
5131,2026-06-26T09:50:02.119650000Z,Authentication,166,34,-60,920,0,11,0,0,0,0,0,0,0,0
5132,2026-06-26T09:50:02.129286000Z,Authentication,166,34,-18,920,0,11,0,0,0,0,0,0,720,0
5133,2026-06-26T09:50:02.135848000Z,Authentication,166,34,-18,920,0,11,0,0,1,0,0,0,720,0
5134,2026-06-26T09:50:02.141161000Z,Authentication,166,34,-19,920,0,11,0,0,1,0,0,0,720,0
5135,2026-06-26T09:50:02.147829000Z,Authentication,166,34,-18,920,0,11,0,0,1,0,0,0,720,0
5136,2026-06-26T09:50:02.381813000Z,Authentication,166,34,-60,920,0,11,0,0,0,0,0,0,0,0
5137,2026-06-26T09:50:02.470715000Z,S1G Beacon,129,34,-20,920,3,1,,,,,,,0,0
5138,2026-06-26T09:50:02.643951000Z,Authentication,166,34,-62,920,0,11,0,0,0,0,0,0,0,0
5139,2026-06-26T09:50:02.873343000Z,Authentication,166,34,-61,920,0,11,0,0,0,0,0,0,0,0
5140,2026-06-26T09:50:02.885930000Z,Authentication,166,34,-18,920,0,11,0,0,0,0,0,0,720,0
5141,2026-06-26T09:50:02.892389000Z,Authentication,166,34,-16,920,0,11,0,0,1,0,0,0,720,0
5142,2026-06-26T09:50:02.898950000Z,Authentication,166,34,-17,920,0,11,0,0,1,0,0,0,720,0
5143,2026-06-26T09:50:02.905463000Z,Authentication,166,34,-41,920,0,11,0,0,1,0,0,0,720,0
5144,2026-06-26T09:50:03.135485000Z,Authentication,166,34,-60,920,0,11,0,0,0,0,0,0,0,0
5145,2026-06-26T09:50:03.149742000Z,Authentication,166,34,-18,920,0,11,0,0,0,0,0,0,720,0
5146,2026-06-26T09:50:03.156203000Z,Authentication,166,34,-18,920,0,11,0,0,1,0,0,0,720,0
5147,2026-06-26T09:50:03.162920000Z,Authentication,166,34,-18,920,0,11,0,0,1,0,0,0,720,0
5148,2026-06-26T09:50:03.168080000Z,Authentication,166,34,-18,920,0,11,0,0,1,0,0,0,720,0
5149,2026-06-26T09:50:03.288140000Z,S1G Beacon,61,34,-18,920,3,1,,,,,,,0,0
5150,2026-06-26T09:50:03.397647000Z,Authentication,166,34,-61,920,0,11,0,0,0,0,0,0,0,0
5151,2026-06-26T09:50:03.631111000Z,Authentication,166,34,-60,920,0,11,0,0,0,0,0,0,0,0
5152,2026-06-26T09:50:03.889179000Z,Authentication,166,34,-60,920,0,11,0,0,0,0,0,0,0,0
5153,2026-06-26T09:50:04.109172000Z,S1G Beacon,129,34,-17,920,3,1,,,,,,,0,0
5154,2026-06-26T09:50:04.151308000Z,Authentication,166,34,-60,920,0,11,0,0,0,0,0,0,0,0
5155,2026-06-26T09:50:04.397084000Z,Authentication,166,34,-62,920,0,11,0,0,0,0,0,0,0,0
5156,2026-06-26T09:50:04.415032000Z,Authentication,166,34,-18,920,0,11,0,0,1,0,0,0,720,0
5157,2026-06-26T09:50:04.421491000Z,Authentication,166,34,-17,920,0,11,0,0,1,0,0,0,720,0
5158,2026-06-26T09:50:04.427900000Z,Authentication,166,34,-17,920,0,11,0,0,1,0,0,0,720,0
5159,2026-06-26T09:50:04.642846000Z,Authentication,166,34,-60,920,0,11,0,0,0,0,0,0,0,0
5160,2026-06-26T09:50:04.659704000Z,Authentication,166,34,-18,920,0,11,0,0,0,0,0,0,720,0
5161,2026-06-26T09:50:04.666317000Z,Authentication,166,34,-19,920,0,11,0,0,1,0,0,0,720,0
5162,2026-06-26T09:50:04.672880000Z,Authentication,166,34,-18,920,0,11,0,0,1,0,0,0,720,0
5163,2026-06-26T09:50:04.679606000Z,Authentication,166,34,-19,920,0,11,0,0,1,0,0,0,720,0
5164,2026-06-26T09:50:04.905003000Z,Authentication,166,34,-60,920,0,11,0,0,0,0,0,0,0,0
5165,2026-06-26T09:50:04.914416000Z,Authentication,166,34,-18,920,0,11,0,0,0,0,0,0,720,0
5166,2026-06-26T09:50:04.920823000Z,Authentication,166,34,-18,920,0,11,0,0,1,0,0,0,720,0
5167,2026-06-26T09:50:04.926585000Z,S1G Beacon,61,34,-17,920,3,1,,,,,,,0,0
5168,2026-06-26T09:50:04.931184000Z,Authentication,166,34,-18,920,0,11,0,0,1,0,0,0,720,0
5169,2026-06-26T09:50:04.937641000Z,Authentication,166,34,-19,920,0,11,0,0,1,0,0,0,720,0
5170,2026-06-26T09:50:04.978056000Z,Data,287,34,-19,920,2,0,0,0,0,0,0,1,0,0
5171,2026-06-26T09:50:05.167135000Z,Authentication,166,34,-60,920,0,11,0,0,0,0,0,0,0,0
5172,2026-06-26T09:50:05.180004000Z,Authentication,166,34,-16,920,0,11,0,0,0,0,0,0,720,0
5173,2026-06-26T09:50:05.186566000Z,Authentication,166,34,-16,920,0,11,0,0,1,0,0,0,720,0
5174,2026-06-26T09:50:05.193338000Z,Authentication,166,34,-16,920,0,11,0,0,1,0,0,0,720,0
5175,2026-06-26T09:50:05.199852000Z,Authentication,166,34,-48,920,0,11,0,0,1,0,0,0,720,0
5176,2026-06-26T09:50:05.396522000Z,Authentication,166,34,-60,920,0,11,0,0,0,0,0,0,0,0
5177,2026-06-26T09:50:05.658692000Z,Authentication,166,34,-64,920,0,11,0,0,0,0,0,0,0,0
5178,2026-06-26T09:50:05.747616000Z,S1G Beacon,129,34,-19,920,3,1,,,,,,,0,0
5179,2026-06-26T09:50:05.920839000Z,Authentication,166,34,-61,920,0,11,0,0,0,0,0,0,0,0
5180,2026-06-26T09:50:06.160441000Z,Authentication,166,34,-60,920,0,11,0,0,0,0,0,0,0,0
5181,2026-06-26T09:50:06.169974000Z,Authentication,166,34,-18,920,0,11,0,0,0,0,0,0,720,0
5182,2026-06-26T09:50:06.176426000Z,Authentication,166,34,-18,920,0,11,0,0,1,0,0,0,720,0
5183,2026-06-26T09:50:06.183197000Z,Authentication,166,34,-17,920,0,11,0,0,1,0,0,0,720,0
5184,2026-06-26T09:50:06.189966000Z,Authentication,166,34,-19,920,0,11,0,0,1,0,0,0,720,0
5185,2026-06-26T09:50:06.412352000Z,Authentication,166,34,-61,920,0,11,0,0,0,0,0,0,0,0
5186,2026-06-26T09:50:06.565039000Z,S1G Beacon,61,34,-19,920,3,1,,,,,,,0,0
5187,2026-06-26T09:50:06.674499000Z,Authentication,166,34,-61,920,0,11,0,0,0,0,0,0,0,0
5188,2026-06-26T09:50:06.923335000Z,Authentication,166,34,-60,920,0,11,0,0,0,0,0,0,0,0
5189,2026-06-26T09:50:06.970932000Z,QoS Data,116,34,-19,920,2,8,1,0,0,0,0,1,720,0
5191,2026-06-26T09:50:06.975862000Z,QoS Data,149,34,-19,920,2,8,1,0,1,0,0,1,720,0
5193,2026-06-26T09:50:06.979622000Z,QoS Data,124,42,-22,920,2,8,0,0,1,0,0,1,720,0
5194,2026-06-26T09:50:06.979775000Z,QoS Data,157,42,-22,920,2,8,0,0,0,0,0,1,720,0
5195,2026-06-26T09:50:06.985582000Z,QoS Data,116,34,-22,920,2,8,0,0,1,0,0,1,720,0
5197,2026-06-26T09:50:06.987926000Z,QoS Data,149,34,-23,920,2,8,0,0,1,0,0,1,720,0
5199,2026-06-26T09:50:06.989956000Z,QoS Data,116,34,-12,920,2,8,1,0,0,0,0,1,720,0
5202,2026-06-26T09:50:06.995192000Z,QoS Data,131,34,-11,920,2,8,1,0,0,0,0,1,720,0
5205,2026-06-26T09:50:07.038743000Z,QoS Data,128,34,-19,920,2,8,1,0,0,0,0,1,720,0
5208,2026-06-26T09:50:07.166027000Z,Authentication,166,34,-60,920,0,11,0,0,0,0,0,0,0,0
5209,2026-06-26T09:50:07.300860000Z,Data,378,34,-19,920,2,0,0,0,0,0,0,1,0,0
5210,2026-06-26T09:50:07.386063000Z,S1G Beacon,129,34,-19,920,3,1,,,,,,,0,0
5211,2026-06-26T09:50:07.404789000Z,Data,387,34,-17,920,2,0,0,0,0,0,0,1,0,0
5212,2026-06-26T09:50:07.428175000Z,Authentication,166,34,-61,920,0,11,0,0,0,0,0,0,0,0
5213,2026-06-26T09:50:07.439842000Z,Authentication,166,34,-19,920,0,11,0,0,0,0,0,0,720,0
5214,2026-06-26T09:50:07.446249000Z,Authentication,166,34,-19,920,0,11,0,0,1,0,0,0,720,0
5215,2026-06-26T09:50:07.452867000Z,Authentication,166,34,-18,920,0,11,0,0,1,0,0,0,720,0
5216,2026-06-26T09:50:07.459267000Z,Authentication,166,34,-19,920,0,11,0,0,1,0,0,0,720,0
5217,2026-06-26T09:50:07.510533000Z,Data,450,34,-20,920,2,0,0,0,0,0,0,1,0,0
5218,2026-06-26T09:50:07.614346000Z,Data,442,34,-20,920,2,0,0,0,0,0,0,1,0,0
5219,2026-06-26T09:50:07.665747000Z,Authentication,166,34,-60,920,0,11,0,0,0,0,0,0,0,0
5220,2026-06-26T09:50:07.716857000Z,Data,387,34,-19,920,2,0,0,0,0,0,0,1,0,0
5221,2026-06-26T09:50:07.821806000Z,Data,426,34,-19,920,2,0,0,0,0,0,0,1,0,0
5222,2026-06-26T09:50:07.926706000Z,Data,458,34,-19,920,2,0,0,0,0,0,0,1,0,0
5223,2026-06-26T09:50:08.002094000Z,Data,287,34,-17,920,2,0,0,0,0,0,0,1,0,0
5224,2026-06-26T09:50:08.028939000Z,Data,387,34,-19,920,2,0,0,0,0,0,0,1,0,0
5225,2026-06-26T09:50:08.134754000Z,Data,446,34,-18,920,2,0,0,0,0,0,0,1,0,0
5226,2026-06-26T09:50:08.181852000Z,Authentication,166,34,-61,920,0,11,0,0,0,0,0,0,0,0
5227,2026-06-26T09:50:08.195237000Z,Authentication,166,34,-18,920,0,11,0,0,0,0,0,0,720,0
5228,2026-06-26T09:50:08.203482000Z,S1G Beacon,61,34,-18,920,3,1,,,,,,,0,0
5229,2026-06-26T09:50:08.208081000Z,Authentication,166,34,-18,920,0,11,0,0,1,0,0,0,720,0
5230,2026-06-26T09:50:08.214697000Z,Authentication,166,34,-18,920,0,11,0,0,1,0,0,0,720,0
5231,2026-06-26T09:50:08.221469000Z,Authentication,166,34,-18,920,0,11,0,0,1,0,0,0,720,0
5232,2026-06-26T09:50:08.238528000Z,Data,440,34,-18,920,2,0,0,0,0,0,0,1,0,0
5234,2026-06-26T09:50:08.340825000Z,Data,387,34,-17,920,2,0,0,0,0,0,0,1,0,0
5235,2026-06-26T09:50:08.446247000Z,Data,442,34,-18,920,2,0,0,0,0,0,0,1,0,0
5236,2026-06-26T09:50:08.550616000Z,Data,452,34,-18,920,2,0,0,0,0,0,0,1,0,0
5237,2026-06-26T09:50:08.673386000Z,Authentication,166,34,-60,920,0,11,0,0,0,0,0,0,0,0
5238,2026-06-26T09:50:08.688424000Z,Authentication,166,34,-19,920,0,11,0,0,0,0,0,0,720,0
5239,2026-06-26T09:50:08.694833000Z,Authentication,166,34,-19,920,0,11,0,0,1,0,0,0,720,0
5240,2026-06-26T09:50:08.701344000Z,Authentication,166,34,-18,920,0,11,0,0,1,0,0,0,720,0
5241,2026-06-26T09:50:08.707753000Z,Authentication,166,34,-18,920,0,11,0,0,1,0,0,0,720,0
5242,2026-06-26T09:50:08.935534000Z,Authentication,166,34,-61,920,0,11,0,0,0,0,0,0,0,0
5243,2026-06-26T09:50:08.949826000Z,Authentication,166,34,-18,920,0,11,0,0,0,0,0,0,720,0
5244,2026-06-26T09:50:08.956600000Z,Authentication,166,34,-18,920,0,11,0,0,1,0,0,0,720,0
5245,2026-06-26T09:50:08.963335000Z,Authentication,166,34,-18,920,0,11,0,0,1,0,0,0,720,0
5246,2026-06-26T09:50:08.969831000Z,Authentication,166,34,-19,920,0,11,0,0,1,0,0,0,720,0
5247,2026-06-26T09:50:09.024517000Z,S1G Beacon,129,34,-18,920,3,1,,,,,,,0,0
5248,2026-06-26T09:50:09.197694000Z,Authentication,166,34,-65,920,0,11,0,0,0,0,0,0,0,0
5249,2026-06-26T09:50:09.209866000Z,Authentication,166,34,-19,920,0,11,0,0,0,0,0,0,720,0
5250,2026-06-26T09:50:09.216529000Z,Authentication,166,34,-18,920,0,11,0,0,1,0,0,0,720,0
5251,2026-06-26T09:50:09.222993000Z,Authentication,166,34,-18,920,0,11,0,0,1,0,0,0,720,0
5252,2026-06-26T09:50:09.229659000Z,Authentication,166,34,-20,920,0,11,0,0,1,0,0,0,720,0
5253,2026-06-26T09:50:09.427060000Z,Authentication,166,34,-60,920,0,11,0,0,0,0,0,0,0,0
5254,2026-06-26T09:50:09.689228000Z,Authentication,166,34,-60,920,0,11,0,0,0,0,0,0,0,0
5255,2026-06-26T09:50:09.699887000Z,Authentication,166,34,-20,920,0,11,0,0,0,0,0,0,720,0
5256,2026-06-26T09:50:09.706392000Z,Authentication,166,34,-18,920,0,11,0,0,1,0,0,0,720,0
5257,2026-06-26T09:50:09.712800000Z,Authentication,166,34,-19,920,0,11,0,0,1,0,0,0,720,0
5258,2026-06-26T09:50:09.719469000Z,Authentication,166,34,-18,920,0,11,0,0,1,0,0,0,720,0
5259,2026-06-26T09:50:09.841961000Z,S1G Beacon,61,34,-18,920,3,1,,,,,,,0,0
5260,2026-06-26T09:50:09.951368000Z,Authentication,166,34,-60,920,0,11,0,0,0,0,0,0,0,0
5261,2026-06-26T09:50:10.187936000Z,Authentication,166,34,-60,920,0,11,0,0,0,0,0,0,0,0
5262,2026-06-26T09:50:10.199885000Z,Authentication,166,34,-20,920,0,11,0,0,0,0,0,0,720,0
5263,2026-06-26T09:50:10.212964000Z,Authentication,166,34,-22,920,0,11,0,0,1,0,0,0,720,0
5264,2026-06-26T09:50:10.219419000Z,Authentication,166,34,-19,920,0,11,0,0,1,0,0,0,720,0
5265,2026-06-26T09:50:10.442890000Z,Authentication,166,34,-60,920,0,11,0,0,0,0,0,0,0,0
5266,2026-06-26T09:50:10.662974000Z,S1G Beacon,129,34,-16,920,3,1,,,,,,,0,0
5267,2026-06-26T09:50:10.705047000Z,Authentication,166,34,-60,920,0,11,0,0,0,0,0,0,0,0
5268,2026-06-26T09:50:10.714519000Z,Authentication,166,34,-18,920,0,11,0,0,0,0,0,0,720,0
5269,2026-06-26T09:50:10.721237000Z,Authentication,166,34,-17,920,0,11,0,0,1,0,0,0,720,0
5270,2026-06-26T09:50:10.728268000Z,Authentication,166,34,-17,920,0,11,0,0,1,0,0,0,720,0
5271,2026-06-26T09:50:10.735039000Z,Authentication,166,34,-17,920,0,11,0,0,1,0,0,0,720,0
5272,2026-06-26T09:50:10.952853000Z,Authentication,166,34,-59,920,0,11,0,0,0,0,0,0,0,0
5273,2026-06-26T09:50:10.959467000Z,Authentication,166,34,-19,920,0,11,0,0,0,0,0,0,720,0
5274,2026-06-26T09:50:10.966135000Z,Authentication,166,34,-17,920,0,11,0,0,1,0,0,0,720,0
5275,2026-06-26T09:50:10.972695000Z,Authentication,166,34,-17,920,0,11,0,0,1,0,0,0,720,0
5276,2026-06-26T09:50:10.979468000Z,Authentication,166,34,-18,920,0,11,0,0,1,0,0,0,720,0
5277,2026-06-26T09:50:11.026194000Z,Data,287,34,-19,920,2,0,0,0,0,0,0,1,0,0
5278,2026-06-26T09:50:11.196575000Z,Authentication,166,34,-62,920,0,11,0,0,0,0,0,0,0,0
5279,2026-06-26T09:50:11.209897000Z,Authentication,166,34,-19,920,0,11,0,0,0,0,0,0,720,0
5280,2026-06-26T09:50:11.216297000Z,Authentication,166,34,-19,920,0,11,0,0,1,0,0,0,720,0
5281,2026-06-26T09:50:11.222968000Z,Authentication,166,34,-19,920,0,11,0,0,1,0,0,0,720,0
5282,2026-06-26T09:50:11.228138000Z,Authentication,166,34,-18,920,0,11,0,0,1,0,0,0,720,0
5283,2026-06-26T09:50:11.458747000Z,Authentication,166,34,-61,920,0,11,0,0,0,0,0,0,0,0
5284,2026-06-26T09:50:11.469886000Z,Authentication,166,34,-19,920,0,11,0,0,0,0,0,0,720,0
5285,2026-06-26T09:50:11.476482000Z,Authentication,166,34,-21,920,0,11,0,0,1,0,0,0,720,0
5286,2026-06-26T09:50:11.480391000Z,S1G Beacon,61,34,-19,920,3,1,,,,,,,0,0
5287,2026-06-26T09:50:11.484985000Z,Authentication,166,34,-19,920,0,11,0,0,1,0,0,0,720,0
5288,2026-06-26T09:50:11.491757000Z,Authentication,166,34,-19,920,0,11,0,0,1,0,0,0,720,0
5289,2026-06-26T09:50:11.716282000Z,Authentication,166,34,-60,920,0,11,0,0,0,0,0,0,0,0
5290,2026-06-26T09:50:12.009885000Z,QoS Data,149,34,-21,920,2,8,1,0,0,0,0,1,720,0
5293,2026-06-26T09:50:12.014559000Z,QoS Data,149,34,-27,920,2,8,0,0,1,0,0,1,720,0
5295,2026-06-26T09:50:12.019580000Z,QoS Data,131,34,-13,920,2,8,1,0,0,0,0,1,720,0
5297,2026-06-26T09:50:12.021963000Z,QoS Data,131,34,-27,920,2,8,0,0,0,0,0,1,720,0
5299,2026-06-26T09:50:12.038747000Z,QoS Data,128,34,-19,920,2,8,1,0,0,0,0,1,720,0
5301,2026-06-26T09:50:12.041463000Z,QoS Data,128,34,-27,920,2,8,0,0,0,0,0,1,720,0
5303,2026-06-26T09:50:12.212411000Z,Authentication,166,34,-61,920,0,11,0,0,0,0,0,0,0,0
5304,2026-06-26T09:50:12.220109000Z,Authentication,166,34,-18,920,0,11,0,0,0,0,0,0,720,0
5305,2026-06-26T09:50:12.226879000Z,Authentication,166,34,-19,920,0,11,0,0,1,0,0,0,720,0
5306,2026-06-26T09:50:12.233442000Z,Authentication,166,34,-19,920,0,11,0,0,1,0,0,0,720,0
5307,2026-06-26T09:50:12.239899000Z,Authentication,166,34,-19,920,0,11,0,0,1,0,0,0,720,0
5308,2026-06-26T09:50:12.301415000Z,S1G Beacon,129,34,-19,920,3,1,,,,,,,0,0
5309,2026-06-26T09:50:12.474552000Z,Authentication,166,34,-60,920,0,11,0,0,0,0,0,0,0,0
5310,2026-06-26T09:50:12.489925000Z,Authentication,166,34,-19,920,0,11,0,0,0,0,0,0,720,0
5311,2026-06-26T09:50:12.496698000Z,Authentication,166,34,-19,920,0,11,0,0,1,0,0,0,720,0
5312,2026-06-26T09:50:12.503154000Z,Authentication,166,34,-20,920,0,11,0,0,1,0,0,0,720,0
5313,2026-06-26T09:50:12.509611000Z,Authentication,166,34,-20,920,0,11,0,0,1,0,0,0,720,0
5314,2026-06-26T09:50:12.710142000Z,Authentication,166,34,-60,920,0,11,0,0,0,0,0,0,0,0
5315,2026-06-26T09:50:12.720080000Z,Authentication,166,34,-18,920,0,11,0,0,0,0,0,0,720,0
5316,2026-06-26T09:50:12.726481000Z,Authentication,166,34,-18,920,0,11,0,0,1,0,0,0,720,0
5317,2026-06-26T09:50:12.732940000Z,Authentication,166,34,-19,920,0,11,0,0,1,0,0,0,720,0
5318,2026-06-26T09:50:12.966081000Z,Authentication,166,34,-60,920,0,11,0,0,0,0,0,0,0,0
5319,2026-06-26T09:50:12.978675000Z,Authentication,166,34,-21,920,0,11,0,0,0,0,0,0,720,0
5320,2026-06-26T09:50:12.985242000Z,Authentication,166,34,-19,920,0,11,0,0,1,0,0,0,720,0
5321,2026-06-26T09:50:12.992014000Z,Authentication,166,34,-19,920,0,11,0,0,1,0,0,0,720,0
5322,2026-06-26T09:50:13.118844000Z,S1G Beacon,61,34,-19,920,3,1,,,,,,,0,0
5323,2026-06-26T09:50:13.228237000Z,Authentication,166,34,-60,920,0,11,0,0,0,0,0,0,0,0
5324,2026-06-26T09:50:13.486282000Z,Authentication,166,34,-59,920,0,11,0,0,0,0,0,0,0,0
5325,2026-06-26T09:50:13.506481000Z,Authentication,166,34,-22,920,0,11,0,0,1,0,0,0,720,0
5326,2026-06-26T09:50:13.519766000Z,Authentication,166,34,-22,920,0,11,0,0,1,0,0,0,720,0
5327,2026-06-26T09:50:13.719775000Z,Authentication,166,34,-60,920,0,11,0,0,0,0,0,0,0,0
5328,2026-06-26T09:50:13.939890000Z,S1G Beacon,129,34,-23,920,3,1,,,,,,,0,0
5329,2026-06-26T09:50:13.981909000Z,Authentication,166,34,-60,920,0,11,0,0,0,0,0,0,0,0
5330,2026-06-26T09:50:13.996547000Z,Authentication,166,34,-23,920,0,11,0,0,1,0,0,0,720,0
5331,2026-06-26T09:50:14.009573000Z,Authentication,166,34,-23,920,0,11,0,0,1,0,0,0,720,0
5332,2026-06-26T09:50:14.050295000Z,Data,287,34,-21,920,2,0,0,0,0,0,0,1,0,0
5333,2026-06-26T09:50:14.244072000Z,Authentication,166,34,-60,920,0,11,0,0,0,0,0,0,0,0
5334,2026-06-26T09:50:14.484704000Z,Authentication,166,34,-60,920,0,11,0,0,0,0,0,0,0,0
5335,2026-06-26T09:50:14.499971000Z,Authentication,166,34,-20,920,0,11,0,0,0,0,0,0,720,0
5336,2026-06-26T09:50:14.513355000Z,Authentication,166,34,-22,920,0,11,0,0,1,0,0,0,720,0
5337,2026-06-26T09:50:14.518568000Z,Authentication,166,34,-19,920,0,11,0,0,1,0,0,0,720,0
5338,2026-06-26T09:50:14.735586000Z,Authentication,166,34,-61,920,0,11,0,0,0,0,0,0,0,0
5339,2026-06-26T09:50:14.997748000Z,Authentication,166,34,-61,920,0,11,0,0,0,0,0,0,0,0
5340,2026-06-26T09:50:15.016497000Z,Authentication,166,34,-22,920,0,11,0,0,1,0,0,0,720,0
5341,2026-06-26T09:50:15.029468000Z,Authentication,166,34,-22,920,0,11,0,0,1,0,0,0,720,0
5342,2026-06-26T09:50:15.077711000Z,Disassociation,64,34,-23,920,0,10,0,0,1,0,0,0,720,0
5343,2026-06-26T09:50:15.085236000Z,Disassociation,64,34,-23,920,0,10,0,0,1,0,0,0,720,0
5344,2026-06-26T09:50:15.234284000Z,Authentication,166,34,-59,920,0,11,0,0,0,0,0,0,0,0
5345,2026-06-26T09:50:15.249948000Z,Authentication,166,34,-19,920,0,11,0,0,0,0,0,0,720,0
5346,2026-06-26T09:50:15.256406000Z,Authentication,166,34,-20,920,0,11,0,0,1,0,0,0,720,0
5347,2026-06-26T09:50:15.262865000Z,Authentication,166,34,-19,920,0,11,0,0,1,0,0,0,720,0
5348,2026-06-26T09:50:15.269424000Z,Authentication,166,34,-19,920,0,11,0,0,1,0,0,0,720,0
5349,2026-06-26T09:50:15.489266000Z,Authentication,166,34,-60,920,0,11,0,0,0,0,0,0,0,0
5350,2026-06-26T09:50:15.499992000Z,Authentication,166,34,-17,920,0,11,0,0,0,0,0,0,720,0
5351,2026-06-26T09:50:15.506602000Z,Authentication,166,34,-18,920,0,11,0,0,1,0,0,0,720,0
5352,2026-06-26T09:50:15.513014000Z,Authentication,166,34,-19,920,0,11,0,0,1,0,0,0,720,0
5353,2026-06-26T09:50:15.519630000Z,Authentication,166,34,-18,920,0,11,0,0,1,0,0,0,720,0
5354,2026-06-26T09:50:15.578317000Z,S1G Beacon,129,34,-17,920,3,1,,,,,,,0,0
5355,2026-06-26T09:50:15.751420000Z,Authentication,166,34,-63,920,0,11,0,0,0,0,0,0,0,0
5356,2026-06-26T09:50:15.766677000Z,Authentication,166,34,-21,920,0,11,0,0,1,0,0,0,720,0
5357,2026-06-26T09:50:15.773398000Z,Authentication,166,34,-20,920,0,11,0,0,1,0,0,0,720,0
5358,2026-06-26T09:50:16.013598000Z,Authentication,166,34,-60,920,0,11,0,0,0,0,0,0,0,0
5359,2026-06-26T09:50:16.029910000Z,Authentication,166,34,-18,920,0,11,0,0,0,0,0,0,720,0
5360,2026-06-26T09:50:16.036522000Z,Authentication,166,34,-17,920,0,11,0,0,1,0,0,0,720,0
5361,2026-06-26T09:50:16.043140000Z,Authentication,166,34,-18,920,0,11,0,0,1,0,0,0,720,0
5362,2026-06-26T09:50:16.049753000Z,Authentication,166,34,-16,920,0,11,0,0,1,0,0,0,720,0
5363,2026-06-26T09:50:16.395755000Z,S1G Beacon,61,34,-18,920,3,1,,,,,,,0,0
5364,2026-06-26T09:50:16.505094000Z,Authentication,166,34,-59,920,0,11,0,0,0,0,0,0,0,0
5365,2026-06-26T09:50:16.514623000Z,Authentication,166,34,-17,920,0,11,0,0,0,0,0,0,720,0
5366,2026-06-26T09:50:16.521084000Z,Authentication,166,34,-17,920,0,11,0,0,1,0,0,0,720,0
5367,2026-06-26T09:50:16.527852000Z,Authentication,166,34,-18,920,0,11,0,0,1,0,0,0,720,0
5368,2026-06-26T09:50:16.534313000Z,Authentication,166,34,-17,920,0,11,0,0,1,0,0,0,720,0
5369,2026-06-26T09:50:16.767252000Z,Authentication,166,34,-61,920,0,11,0,0,0,0,0,0,0,0
5370,2026-06-26T09:50:16.780049000Z,Authentication,166,34,-20,920,0,11,0,0,0,0,0,0,720,0
5371,2026-06-26T09:50:16.787289000Z,Authentication,166,34,-19,920,0,11,0,0,1,0,0,0,720,0
5372,2026-06-26T09:50:16.799329000Z,Authentication,166,34,-20,920,0,11,0,0,1,0,0,0,720,0
5373,2026-06-26T09:50:17.001764000Z,Authentication,166,34,-59,920,0,11,0,0,0,0,0,0,0,0
5374,2026-06-26T09:50:17.009994000Z,Authentication,166,34,-19,920,0,11,0,0,0,0,0,0,720,0
5375,2026-06-26T09:50:17.015364000Z,Authentication,166,34,-18,920,0,11,0,0,1,0,0,0,720,0
5376,2026-06-26T09:50:17.021971000Z,Authentication,166,34,-16,920,0,11,0,0,1,0,0,0,720,0
5377,2026-06-26T09:50:17.028430000Z,Authentication,166,34,-17,920,0,11,0,0,1,0,0,0,720,0
5378,2026-06-26T09:50:17.034892000Z,QoS Data,150,34,-18,920,2,8,1,0,0,0,0,1,720,0
5381,2026-06-26T09:50:17.043351000Z,QoS Data,131,34,-14,920,2,8,1,0,0,0,0,1,720,0
5384,2026-06-26T09:50:17.074328000Z,Data,287,34,-15,920,2,0,0,0,0,0,0,1,0,0
5385,2026-06-26T09:50:17.216765000Z,S1G Beacon,129,34,-15,920,3,1,,,,,,,0,0
5386,2026-06-26T09:50:17.258771000Z,Authentication,166,34,-60,920,0,11,0,0,0,0,0,0,0,0
5387,2026-06-26T09:50:17.270249000Z,Authentication,166,34,-16,920,0,11,0,0,0,0,0,0,720,0
5388,2026-06-26T09:50:17.276458000Z,Authentication,166,34,-16,920,0,11,0,0,1,0,0,0,720,0
5389,2026-06-26T09:50:17.281769000Z,Authentication,166,34,-17,920,0,11,0,0,1,0,0,0,720,0
5390,2026-06-26T09:50:17.288386000Z,Authentication,166,34,-15,920,0,11,0,0,1,0,0,0,720,0
5391,2026-06-26T09:50:17.294991000Z,QoS Data,128,34,-18,920,2,8,1,0,1,0,0,1,720,0
5393,2026-06-26T09:50:17.297392000Z,QoS Data,128,34,-20,920,2,8,0,0,0,0,0,1,720,0
5395,2026-06-26T09:50:17.520926000Z,Authentication,166,34,-60,920,0,11,0,0,0,0,0,0,0,0
5396,2026-06-26T09:50:17.530200000Z,Authentication,166,34,-19,920,0,11,0,0,0,0,0,0,720,0
5397,2026-06-26T09:50:17.536963000Z,Authentication,166,34,-19,920,0,11,0,0,1,0,0,0,720,0
5398,2026-06-26T09:50:17.543734000Z,Authentication,166,34,-20,920,0,11,0,0,1,0,0,0,720,0
5399,2026-06-26T09:50:17.550503000Z,Authentication,166,34,-20,920,0,11,0,0,1,0,0,0,720,0
5400,2026-06-26T09:50:17.761564000Z,Authentication,166,34,-61,920,0,11,0,0,0,0,0,0,0,0
5401,2026-06-26T09:50:18.012462000Z,Authentication,166,34,-59,920,0,11,0,0,0,0,0,0,0,0
5402,2026-06-26T09:50:18.026560000Z,Authentication,166,34,-18,920,0,11,0,0,0,0,0,0,720,0
5403,2026-06-26T09:50:18.034184000Z,S1G Beacon,61,34,-18,920,3,1,,,,,,,0,0
5404,2026-06-26T09:50:18.038782000Z,Authentication,166,34,-18,920,0,11,0,0,1,0,0,0,720,0
5405,2026-06-26T09:50:18.045194000Z,Authentication,166,34,-19,920,0,11,0,0,1,0,0,0,720,0
5406,2026-06-26T09:50:18.051760000Z,Authentication,166,34,-17,920,0,11,0,0,1,0,0,0,720,0
5407,2026-06-26T09:50:18.274609000Z,Authentication,166,34,-60,920,0,11,0,0,0,0,0,0,0,0
5408,2026-06-26T09:50:18.290002000Z,Authentication,166,34,-17,920,0,11,0,0,0,0,0,0,720,0
5409,2026-06-26T09:50:18.296568000Z,Authentication,166,34,-17,920,0,11,0,0,1,0,0,0,720,0
5410,2026-06-26T09:50:18.302973000Z,Authentication,166,34,-17,920,0,11,0,0,1,0,0,0,720,0
5411,2026-06-26T09:50:18.309431000Z,Authentication,166,34,-17,920,0,11,0,0,1,0,0,0,720,0
5412,2026-06-26T09:50:18.527546000Z,Authentication,166,34,-59,920,0,11,0,0,0,0,0,0,0,0
5413,2026-06-26T09:50:18.766132000Z,Authentication,166,34,-60,920,0,11,0,0,0,0,0,0,0,0
5414,2026-06-26T09:50:18.780087000Z,Authentication,166,34,-20,920,0,11,0,0,0,0,0,0,720,0
5415,2026-06-26T09:50:18.786648000Z,Authentication,166,34,-20,920,0,11,0,0,1,0,0,0,720,0
5416,2026-06-26T09:50:18.793216000Z,Authentication,166,34,-19,920,0,11,0,0,1,0,0,0,720,0
5417,2026-06-26T09:50:18.799617000Z,Authentication,166,34,-20,920,0,11,0,0,1,0,0,0,720,0
5418,2026-06-26T09:50:18.855213000Z,S1G Beacon,129,34,-24,920,3,1,,,,,,,0,0
5419,2026-06-26T09:50:19.290465000Z,Authentication,166,34,-60,920,0,11,0,0,0,0,0,0,0,0
5420,2026-06-26T09:50:19.306887000Z,Authentication,166,34,-23,920,0,11,0,0,1,0,0,0,720,0
5421,2026-06-26T09:50:19.320064000Z,Authentication,166,34,-23,920,0,11,0,0,1,0,0,0,720,0
5422,2026-06-26T09:50:19.526988000Z,Authentication,166,34,-65,920,0,11,0,0,0,0,0,0,0,0
5423,2026-06-26T09:50:19.540041000Z,Authentication,166,34,-18,920,0,11,0,0,0,0,0,0,720,0
5424,2026-06-26T09:50:19.546760000Z,Authentication,166,34,-18,920,0,11,0,0,1,0,0,0,720,0
5425,2026-06-26T09:50:19.553272000Z,Authentication,166,34,-17,920,0,11,0,0,1,0,0,0,720,0
5426,2026-06-26T09:50:19.672639000Z,S1G Beacon,61,34,-16,920,3,1,,,,,,,0,0
5427,2026-06-26T09:50:19.781968000Z,Authentication,166,34,-60,920,0,11,0,0,0,0,0,0,0,0
5428,2026-06-26T09:50:20.044119000Z,Authentication,166,34,-60,920,0,11,0,0,0,0,0,0,0,0
5429,2026-06-26T09:50:20.060039000Z,Authentication,166,34,-16,920,0,11,0,0,0,0,0,0,720,0
5430,2026-06-26T09:50:20.066440000Z,Authentication,166,34,-17,920,0,11,0,0,1,0,0,0,720,0
5431,2026-06-26T09:50:20.072952000Z,Authentication,166,34,-16,920,0,11,0,0,1,0,0,0,720,0
5432,2026-06-26T09:50:20.079566000Z,Authentication,166,34,-16,920,0,11,0,0,1,0,0,0,720,0
5433,2026-06-26T09:50:20.098451000Z,Data,287,34,-17,920,2,0,0,0,0,0,0,1,0,0
5434,2026-06-26T09:50:20.287827000Z,Authentication,166,34,-59,920,0,11,0,0,0,0,0,0,0,0
5435,2026-06-26T09:50:20.493683000Z,S1G Beacon,129,34,-16,920,3,1,,,,,,,0,0
5436,2026-06-26T09:50:20.535640000Z,Authentication,166,34,-60,920,0,11,0,0,0,0,0,0,0,0
5437,2026-06-26T09:50:20.797788000Z,Authentication,166,34,-61,920,0,11,0,0,0,0,0,0,0,0
5438,2026-06-26T09:50:21.059958000Z,Authentication,166,34,-61,920,0,11,0,0,0,0,0,0,0,0
5439,2026-06-26T09:50:21.289317000Z,Authentication,166,34,-60,920,0,11,0,0,0,0,0,0,0,0
5440,2026-06-26T09:50:21.300095000Z,Authentication,166,34,-16,920,0,11,0,0,0,0,0,0,720,0
5441,2026-06-26T09:50:21.306709000Z,Authentication,166,34,-16,920,0,11,0,0,1,0,0,0,720,0
5442,2026-06-26T09:50:21.311087000Z,S1G Beacon,61,34,-16,920,3,1,,,,,,,0,0
5443,2026-06-26T09:50:21.315687000Z,Authentication,166,34,-16,920,0,11,0,0,1,0,0,0,720,0
5444,2026-06-26T09:50:21.322354000Z,Authentication,166,34,-16,920,0,11,0,0,1,0,0,0,720,0
5445,2026-06-26T09:50:21.551468000Z,Authentication,166,34,-62,920,0,11,0,0,0,0,0,0,0,0
5446,2026-06-26T09:50:21.813615000Z,Authentication,166,34,-59,920,0,11,0,0,0,0,0,0,0,0
5447,2026-06-26T09:50:22.051196000Z,Authentication,166,34,-60,920,0,11,0,0,0,0,0,0,0,0
5448,2026-06-26T09:50:22.060092000Z,Authentication,166,34,-15,920,0,11,0,0,0,0,0,0,720,0
5449,2026-06-26T09:50:22.062138000Z,QoS Data,150,34,-20,920,2,8,1,0,0,0,0,1,720,0
5451,2026-06-26T09:50:22.067548000Z,Authentication,166,34,-16,920,0,11,0,0,1,0,0,0,720,0
5452,2026-06-26T09:50:22.074133000Z,Authentication,166,34,-18,920,0,11,0,0,1,0,0,0,720,0
5453,2026-06-26T09:50:22.080522000Z,Authentication,166,34,-17,920,0,11,0,0,1,0,0,0,720,0
5454,2026-06-26T09:50:22.119166000Z,QoS Data,150,34,-20,920,2,8,0,0,0,0,0,1,720,0
5456,2026-06-26T09:50:22.124349000Z,QoS Data,131,34,-15,920,2,8,1,0,0,0,0,1,720,0
5458,2026-06-26T09:50:22.132116000Z,S1G Beacon,129,34,-17,920,3,1,,,,,,,0,0
5459,2026-06-26T09:50:22.133524000Z,QoS Data,131,34,-21,920,2,8,0,0,0,0,0,1,720,0
5461,2026-06-26T09:50:22.288324000Z,QoS Data,128,34,-19,920,2,8,1,0,0,0,0,1,720,0
5464,2026-06-26T09:50:22.305143000Z,Authentication,166,34,-60,920,0,11,0,0,0,0,0,0,0,0
5465,2026-06-26T09:50:22.567308000Z,Authentication,166,34,-59,920,0,11,0,0,0,0,0,0,0,0
5466,2026-06-26T09:50:22.580154000Z,Authentication,166,34,-17,920,0,11,0,0,0,0,0,0,720,0
5467,2026-06-26T09:50:22.586926000Z,Authentication,166,34,-15,920,0,11,0,0,1,0,0,0,720,0
5468,2026-06-26T09:50:22.593697000Z,Authentication,166,34,-16,920,0,11,0,0,1,0,0,0,720,0
5469,2026-06-26T09:50:22.600209000Z,Authentication,166,34,-16,920,0,11,0,0,1,0,0,0,720,0
5470,2026-06-26T09:50:22.818186000Z,Authentication,166,34,-60,920,0,11,0,0,0,0,0,0,0,0
5471,2026-06-26T09:50:22.830567000Z,Authentication,166,34,-15,920,0,11,0,0,0,0,0,0,720,0
5472,2026-06-26T09:50:22.837178000Z,Authentication,166,34,-16,920,0,11,0,0,1,0,0,0,720,0
5473,2026-06-26T09:50:22.843951000Z,Authentication,166,34,-16,920,0,11,0,0,1,0,0,0,720,0
5474,2026-06-26T09:50:22.850721000Z,Authentication,166,34,-16,920,0,11,0,0,1,0,0,0,720,0
5475,2026-06-26T09:50:22.949538000Z,S1G Beacon,61,34,-17,920,3,1,,,,,,,0,0
5476,2026-06-26T09:50:23.058832000Z,Authentication,166,34,-61,920,0,11,0,0,0,0,0,0,0,0
5477,2026-06-26T09:50:23.123201000Z,Data,287,34,-15,920,2,0,0,0,0,0,0,1,0,0
5478,2026-06-26T09:50:23.320981000Z,Authentication,166,34,-60,920,0,11,0,0,0,0,0,0,0,0
5479,2026-06-26T09:50:23.583122000Z,Authentication,166,34,-60,920,0,11,0,0,0,0,0,0,0,0
5480,2026-06-26T09:50:23.600979000Z,Authentication,166,34,-15,920,0,11,0,0,0,0,0,0,720,0
5481,2026-06-26T09:50:23.607486000Z,Authentication,166,34,-15,920,0,11,0,0,1,0,0,0,720,0
5482,2026-06-26T09:50:23.614052000Z,Authentication,166,34,-15,920,0,11,0,0,1,0,0,0,720,0
5483,2026-06-26T09:50:23.620613000Z,Authentication,166,34,-15,920,0,11,0,0,1,0,0,0,720,0
5484,2026-06-26T09:50:23.770571000Z,S1G Beacon,129,34,-16,920,3,1,,,,,,,0,0
5485,2026-06-26T09:50:24.074657000Z,Authentication,166,34,-60,920,0,11,0,0,0,0,0,0,0,0
5486,2026-06-26T09:50:24.090163000Z,Authentication,166,34,-15,920,0,11,0,0,0,0,0,0,720,0
5487,2026-06-26T09:50:24.096726000Z,Authentication,166,34,-15,920,0,11,0,0,1,0,0,0,720,0
5488,2026-06-26T09:50:24.103131000Z,Authentication,166,34,-15,920,0,11,0,0,1,0,0,0,720,0
5489,2026-06-26T09:50:24.109799000Z,Authentication,166,34,-15,920,0,11,0,0,1,0,0,0,720,0
5490,2026-06-26T09:50:24.336811000Z,Authentication,166,34,-59,920,0,11,0,0,0,0,0,0,0,0
5491,2026-06-26T09:50:24.350191000Z,Authentication,166,34,-15,920,0,11,0,0,0,0,0,0,720,0
5492,2026-06-26T09:50:24.356640000Z,Authentication,166,34,-15,920,0,11,0,0,1,0,0,0,720,0
5493,2026-06-26T09:50:24.363203000Z,Authentication,166,34,-15,920,0,11,0,0,1,0,0,0,720,0
5494,2026-06-26T09:50:24.369970000Z,Authentication,166,34,-14,920,0,11,0,0,1,0,0,0,720,0
5495,2026-06-26T09:50:24.587992000Z,S1G Beacon,61,34,-15,920,3,1,,,,,,,0,0
5496,2026-06-26T09:50:24.598950000Z,Authentication,166,34,-60,920,0,11,0,0,0,0,0,0,0,0
5497,2026-06-26T09:50:24.610302000Z,Authentication,166,34,-16,920,0,11,0,0,0,0,0,0,720,0
5498,2026-06-26T09:50:24.616915000Z,Authentication,166,34,-16,920,0,11,0,0,1,0,0,0,720,0
5499,2026-06-26T09:50:24.623530000Z,Authentication,166,34,-16,920,0,11,0,0,1,0,0,0,720,0
5500,2026-06-26T09:50:24.630095000Z,Authentication,166,34,-15,920,0,11,0,0,1,0,0,0,720,0
5501,2026-06-26T09:50:24.828338000Z,Authentication,166,34,-61,920,0,11,0,0,0,0,0,0,0,0
5502,2026-06-26T09:50:24.840206000Z,Authentication,166,34,-16,920,0,11,0,0,0,0,0,0,720,0
5503,2026-06-26T09:50:24.846923000Z,Authentication,166,34,-16,920,0,11,0,0,1,0,0,0,720,0
5504,2026-06-26T09:50:24.853486000Z,Authentication,166,34,-18,920,0,11,0,0,1,0,0,0,720,0
5505,2026-06-26T09:50:24.859945000Z,Authentication,166,34,-16,920,0,11,0,0,1,0,0,0,720,0
5506,2026-06-26T09:50:25.090493000Z,Authentication,166,34,-60,920,0,11,0,0,0,0,0,0,0,0
5507,2026-06-26T09:50:25.352654000Z,Authentication,166,34,-61,920,0,11,0,0,0,0,0,0,0,0
5508,2026-06-26T09:50:25.409019000Z,S1G Beacon,129,34,-17,920,3,1,,,,,,,0,0
5509,2026-06-26T09:50:25.585083000Z,Authentication,166,34,-59,920,0,11,0,0,0,0,0,0,0,0
5510,2026-06-26T09:50:25.600235000Z,Authentication,166,34,-15,920,0,11,0,0,0,0,0,0,720,0
5511,2026-06-26T09:50:25.606740000Z,Authentication,166,34,-15,920,0,11,0,0,1,0,0,0,720,0
5512,2026-06-26T09:50:25.613511000Z,Authentication,166,34,-15,920,0,11,0,0,1,0,0,0,720,0
5513,2026-06-26T09:50:25.618775000Z,Authentication,166,34,-16,920,0,11,0,0,1,0,0,0,720,0
5514,2026-06-26T09:50:25.844163000Z,Authentication,166,34,-60,920,0,11,0,0,0,0,0,0,0,0
5515,2026-06-26T09:50:25.859828000Z,Authentication,166,34,-14,920,0,11,0,0,0,0,0,0,720,0
5516,2026-06-26T09:50:25.866235000Z,Authentication,166,34,-14,920,0,11,0,0,1,0,0,0,720,0
5517,2026-06-26T09:50:25.872955000Z,Authentication,166,34,-14,920,0,11,0,0,1,0,0,0,720,0
5518,2026-06-26T09:50:25.879569000Z,Authentication,166,34,-15,920,0,11,0,0,1,0,0,0,720,0
5519,2026-06-26T09:50:26.106311000Z,Authentication,166,34,-59,920,0,11,0,0,0,0,0,0,0,0
5520,2026-06-26T09:50:26.120213000Z,Authentication,166,34,-18,920,0,11,0,0,0,0,0,0,720,0
5521,2026-06-26T09:50:26.126672000Z,Authentication,166,34,-16,920,0,11,0,0,1,0,0,0,720,0
5522,2026-06-26T09:50:26.133236000Z,Authentication,166,34,-17,920,0,11,0,0,1,0,0,0,720,0
5523,2026-06-26T09:50:26.139696000Z,Authentication,166,34,-17,920,0,11,0,0,1,0,0,0,720,0
5524,2026-06-26T09:50:26.149945000Z,Data,287,34,-17,920,2,0,0,0,0,0,0,1,0,0
5526,2026-06-26T09:50:26.226439000Z,S1G Beacon,61,34,-16,920,3,1,,,,,,,0,0
5527,2026-06-26T09:50:26.340815000Z,Authentication,166,34,-59,920,0,11,0,0,0,0,0,0,0,0
5528,2026-06-26T09:50:26.350652000Z,Authentication,166,34,-17,920,0,11,0,0,0,0,0,0,720,0
5529,2026-06-26T09:50:26.357166000Z,Authentication,166,34,-15,920,0,11,0,0,1,0,0,0,720,0
5530,2026-06-26T09:50:26.363572000Z,Authentication,166,34,-16,920,0,11,0,0,1,0,0,0,720,0
5531,2026-06-26T09:50:26.370186000Z,Authentication,166,34,-16,920,0,11,0,0,1,0,0,0,720,0
5532,2026-06-26T09:50:26.597850000Z,Authentication,166,34,-60,920,0,11,0,0,0,0,0,0,0,0
5533,2026-06-26T09:50:26.610281000Z,Authentication,166,34,-16,920,0,11,0,0,0,0,0,0,720,0
5534,2026-06-26T09:50:26.616739000Z,Authentication,166,34,-15,920,0,11,0,0,1,0,0,0,720,0
5535,2026-06-26T09:50:26.623404000Z,Authentication,166,34,-16,920,0,11,0,0,1,0,0,0,720,0
5536,2026-06-26T09:50:26.629506000Z,Authentication,166,34,-15,920,0,11,0,0,1,0,0,0,720,0
5537,2026-06-26T09:50:26.860002000Z,Authentication,166,34,-60,920,0,11,0,0,0,0,0,0,0,0
5538,2026-06-26T09:50:26.870256000Z,Authentication,166,34,-15,920,0,11,0,0,0,0,0,0,720,0
5539,2026-06-26T09:50:26.876757000Z,Authentication,166,34,-16,920,0,11,0,0,1,0,0,0,720,0
5540,2026-06-26T09:50:26.883321000Z,Authentication,166,34,-16,920,0,11,0,0,1,0,0,0,720,0
5541,2026-06-26T09:50:26.889778000Z,Authentication,166,34,-14,920,0,11,0,0,1,0,0,0,720,0
5542,2026-06-26T09:50:27.047473000Z,S1G Beacon,129,34,-15,920,3,1,,,,,,,0,0
5543,2026-06-26T09:50:27.108823000Z,Authentication,166,34,-60,920,0,11,0,0,0,0,0,0,0,0
5545,2026-06-26T09:50:27.147496000Z,QoS Data,148,34,-19,920,2,8,0,0,0,0,0,1,720,0
5547,2026-06-26T09:50:27.153252000Z,QoS Data,131,34,-13,920,2,8,1,0,0,0,0,1,720,0
5549,2026-06-26T09:50:27.160617000Z,QoS Data,131,34,-20,920,2,8,0,0,1,0,0,1,720,0
5554,2026-06-26T09:50:27.351517000Z,Authentication,166,34,-60,920,0,11,0,0,0,0,0,0,0,0
5555,2026-06-26T09:50:27.613668000Z,Authentication,166,34,-59,920,0,11,0,0,0,0,0,0,0,0
5556,2026-06-26T09:50:27.864893000Z,S1G Beacon,61,34,-16,920,3,1,,,,,,,0,0
5557,2026-06-26T09:50:27.875818000Z,Authentication,166,34,-60,920,0,11,0,0,0,0,0,0,0,0
5558,2026-06-26T09:50:28.116471000Z,Authentication,166,34,-62,920,0,11,0,0,0,0,0,0,0,0
5559,2026-06-26T09:50:28.301437000Z,Data,378,34,-15,920,2,0,0,0,0,0,0,1,0,0
5560,2026-06-26T09:50:28.367359000Z,Authentication,166,34,-60,920,0,11,0,0,0,0,0,0,0,0
5561,2026-06-26T09:50:28.380258000Z,Authentication,166,34,-14,920,0,11,0,0,0,0,0,0,720,0
5562,2026-06-26T09:50:28.386925000Z,Authentication,166,34,-15,920,0,11,0,0,1,0,0,0,720,0
5563,2026-06-26T09:50:28.393490000Z,Authentication,166,34,-14,920,0,11,0,0,1,0,0,0,720,0
5564,2026-06-26T09:50:28.406433000Z,Data,387,34,-16,920,2,0,0,0,0,0,0,1,0,0
5565,2026-06-26T09:50:28.410988000Z,Authentication,166,34,-13,920,0,11,0,0,1,0,0,0,720,0
5566,2026-06-26T09:50:28.511176000Z,Data,450,34,-16,920,2,0,0,0,0,0,0,1,0,0
5567,2026-06-26T09:50:28.614939000Z,Data,442,34,-15,920,2,0,0,0,0,0,0,1,0,0
5568,2026-06-26T09:50:28.629560000Z,Authentication,166,34,-59,920,0,11,0,0,0,0,0,0,0,0
5569,2026-06-26T09:50:28.640274000Z,Authentication,166,34,-16,920,0,11,0,0,0,0,0,0,720,0
5570,2026-06-26T09:50:28.646837000Z,Authentication,166,34,-15,920,0,11,0,0,1,0,0,0,720,0
5571,2026-06-26T09:50:28.653558000Z,Authentication,166,34,-16,920,0,11,0,0,1,0,0,0,720,0
5572,2026-06-26T09:50:28.660128000Z,Authentication,166,34,-17,920,0,11,0,0,1,0,0,0,720,0
5573,2026-06-26T09:50:28.685919000Z,S1G Beacon,129,34,-16,920,3,1,,,,,,,0,0
5574,2026-06-26T09:50:28.717558000Z,Data,387,34,-16,920,2,0,0,0,0,0,0,1,0,0
5575,2026-06-26T09:50:28.822418000Z,Data,426,34,-16,920,2,0,0,0,0,0,0,1,0,0
5576,2026-06-26T09:50:28.879355000Z,Authentication,166,34,-59,920,0,11,0,0,0,0,0,0,0,0
5577,2026-06-26T09:50:28.890278000Z,Authentication,166,34,-17,920,0,11,0,0,0,0,0,0,720,0
5578,2026-06-26T09:50:28.896789000Z,Authentication,166,34,-16,920,0,11,0,0,1,0,0,0,720,0
5579,2026-06-26T09:50:28.903354000Z,Authentication,166,34,-16,920,0,11,0,0,1,0,0,0,720,0
5580,2026-06-26T09:50:28.909761000Z,Authentication,166,34,-16,920,0,11,0,0,1,0,0,0,720,0
5581,2026-06-26T09:50:28.927348000Z,Data,458,34,-17,920,2,0,0,0,0,0,0,1,0,0
5582,2026-06-26T09:50:29.029452000Z,Data,387,34,-16,920,2,0,0,0,0,0,0,1,0,0
5583,2026-06-26T09:50:29.121039000Z,Authentication,166,34,-60,920,0,11,0,0,0,0,0,0,0,0
5584,2026-06-26T09:50:29.134925000Z,Data,446,34,-18,920,2,0,0,0,0,0,0,1,0,0
5585,2026-06-26T09:50:29.171524000Z,Data,287,34,-19,920,2,0,0,0,0,0,0,1,0,0
5586,2026-06-26T09:50:29.239681000Z,Data,440,34,-19,920,2,0,0,0,0,0,0,1,0,0
5587,2026-06-26T09:50:29.341513000Z,Data,387,34,-20,920,2,0,0,0,0,0,0,1,0,0
5588,2026-06-26T09:50:29.383194000Z,Authentication,166,34,-60,920,0,11,0,0,0,0,0,0,0,0
5589,2026-06-26T09:50:29.446918000Z,Data,442,34,-20,920,2,0,0,0,0,0,0,1,0,0
5590,2026-06-26T09:50:29.551184000Z,Data,452,34,-21,920,2,0,0,0,0,0,0,1,0,0
5591,2026-06-26T09:50:29.645331000Z,Authentication,166,34,-60,920,0,11,0,0,0,0,0,0,0,0
5592,2026-06-26T09:50:29.660165000Z,Authentication,166,34,-28,920,0,11,0,0,0,0,0,0,720,0
5593,2026-06-26T09:50:29.666884000Z,Authentication,166,34,-30,920,0,11,0,0,1,0,0,0,720,0
5594,2026-06-26T09:50:29.673339000Z,Authentication,166,34,-28,920,0,11,0,0,1,0,0,0,720,0
5595,2026-06-26T09:50:29.679799000Z,Authentication,166,34,-29,920,0,11,0,0,1,0,0,0,720,0
5596,2026-06-26T09:50:29.887007000Z,Authentication,166,34,-60,920,0,11,0,0,0,0,0,0,0,0
5597,2026-06-26T09:50:29.900322000Z,Authentication,166,34,-27,920,0,11,0,0,0,0,0,0,720,0
5598,2026-06-26T09:50:29.906728000Z,Authentication,166,34,-27,920,0,11,0,0,1,0,0,0,720,0
5599,2026-06-26T09:50:29.913444000Z,Authentication,166,34,-27,920,0,11,0,0,1,0,0,0,720,0
5600,2026-06-26T09:50:29.919899000Z,Authentication,166,34,-26,920,0,11,0,0,1,0,0,0,720,0
5601,2026-06-26T09:50:30.136852000Z,Authentication,166,34,-64,920,0,11,0,0,0,0,0,0,0,0
5602,2026-06-26T09:50:30.150509000Z,Authentication,166,34,-29,920,0,11,0,0,0,0,0,0,720,0
5603,2026-06-26T09:50:30.157066000Z,Authentication,166,34,-30,920,0,11,0,0,1,0,0,0,720,0
5604,2026-06-26T09:50:30.163734000Z,Authentication,166,34,-30,920,0,11,0,0,1,0,0,0,720,0
5605,2026-06-26T09:50:30.170452000Z,Authentication,166,34,-29,920,0,11,0,0,1,0,0,0,720,0
5606,2026-06-26T09:50:30.324378000Z,S1G Beacon,129,34,-28,920,3,1,,,,,,,0,0
5607,2026-06-26T09:50:30.399024000Z,Authentication,166,34,-60,920,0,11,0,0,0,0,0,0,0,0
5608,2026-06-26T09:50:30.661156000Z,Authentication,166,34,-60,920,0,11,0,0,0,0,0,0,0,0
5609,2026-06-26T09:50:30.670012000Z,Authentication,166,34,-27,920,0,11,0,0,0,0,0,0,720,0
5610,2026-06-26T09:50:30.676629000Z,Authentication,166,34,-29,920,0,11,0,0,1,0,0,0,720,0
5611,2026-06-26T09:50:30.683346000Z,Authentication,166,34,-29,920,0,11,0,0,1,0,0,0,720,0
5612,2026-06-26T09:50:30.688973000Z,Authentication,166,34,-41,920,0,11,0,0,1,0,0,0,720,0
5613,2026-06-26T09:50:30.890566000Z,Authentication,166,34,-60,920,0,11,0,0,0,0,0,0,0,0
5614,2026-06-26T09:50:30.900375000Z,Authentication,166,34,-28,920,0,11,0,0,0,0,0,0,720,0
5615,2026-06-26T09:50:30.906776000Z,Authentication,166,34,-27,920,0,11,0,0,1,0,0,0,720,0
5616,2026-06-26T09:50:30.913301000Z,Authentication,166,34,-29,920,0,11,0,0,1,0,0,0,720,0
5617,2026-06-26T09:50:30.919911000Z,Authentication,166,34,-28,920,0,11,0,0,1,0,0,0,720,0
5618,2026-06-26T09:50:31.141794000Z,S1G Beacon,61,34,-30,920,3,1,,,,,,,0,0
5619,2026-06-26T09:50:31.152685000Z,Authentication,166,34,-61,920,0,11,0,0,0,0,0,0,0,0
5620,2026-06-26T09:50:31.160342000Z,Authentication,166,34,-30,920,0,11,0,0,0,0,0,0,720,0
5621,2026-06-26T09:50:31.167113000Z,Authentication,166,34,-30,920,0,11,0,0,1,0,0,0,720,0
5622,2026-06-26T09:50:31.173730000Z,Authentication,166,34,-30,920,0,11,0,0,1,0,0,0,720,0
5623,2026-06-26T09:50:31.180292000Z,Authentication,166,34,-30,920,0,11,0,0,1,0,0,0,720,0
5624,2026-06-26T09:50:31.414840000Z,Authentication,166,34,-59,920,0,11,0,0,0,0,0,0,0,0
5625,2026-06-26T09:50:31.430352000Z,Authentication,166,34,-33,920,0,11,0,0,0,0,0,0,720,0
5626,2026-06-26T09:50:31.437035000Z,Authentication,166,34,-32,920,0,11,0,0,1,0,0,0,720,0
5627,2026-06-26T09:50:31.443560000Z,Authentication,166,34,-32,920,0,11,0,0,1,0,0,0,720,0
5628,2026-06-26T09:50:31.450004000Z,Authentication,166,34,-31,920,0,11,0,0,1,0,0,0,720,0
5629,2026-06-26T09:50:31.657529000Z,Authentication,166,34,-63,920,0,11,0,0,0,0,0,0,0,0
5630,2026-06-26T09:50:31.670311000Z,Authentication,166,34,-33,920,0,11,0,0,0,0,0,0,720,0
5631,2026-06-26T09:50:31.676865000Z,Authentication,166,34,-32,920,0,11,0,0,1,0,0,0,720,0
5632,2026-06-26T09:50:31.683326000Z,Authentication,166,34,-31,920,0,11,0,0,1,0,0,0,720,0
5633,2026-06-26T09:50:31.690055000Z,Authentication,166,34,-31,920,0,11,0,0,1,0,0,0,720,0
5634,2026-06-26T09:50:31.906364000Z,Authentication,166,34,-59,920,0,11,0,0,0,0,0,0,0,0
5635,2026-06-26T09:50:31.920373000Z,Authentication,166,34,-32,920,0,11,0,0,0,0,0,0,720,0
5636,2026-06-26T09:50:31.926873000Z,Authentication,166,34,-32,920,0,11,0,0,1,0,0,0,720,0
5637,2026-06-26T09:50:31.933377000Z,Authentication,166,34,-32,920,0,11,0,0,1,0,0,0,720,0
5638,2026-06-26T09:50:31.939887000Z,Authentication,166,34,-32,920,0,11,0,0,1,0,0,0,720,0
5639,2026-06-26T09:50:31.962819000Z,S1G Beacon,129,34,-31,920,3,1,,,,,,,0,0
5640,2026-06-26T09:50:32.168514000Z,Authentication,166,34,-60,920,0,11,0,0,0,0,0,0,0,0
5641,2026-06-26T09:50:32.172550000Z,QoS Data,149,34,-18,920,2,8,1,0,0,0,0,1,720,0
5643,2026-06-26T09:50:32.177854000Z,Authentication,166,34,-32,920,0,11,0,0,0,0,0,0,720,0
5644,2026-06-26T09:50:32.184421000Z,Authentication,166,34,-32,920,0,11,0,0,1,0,0,0,720,0
5645,2026-06-26T09:50:32.190930000Z,Authentication,166,34,-32,920,0,11,0,0,1,0,0,0,720,0
5646,2026-06-26T09:50:32.201182000Z,Data,287,34,-32,920,2,0,0,0,0,0,0,1,0,0
5647,2026-06-26T09:50:32.205751000Z,Authentication,166,34,-31,920,0,11,0,0,1,0,0,0,720,0
5648,2026-06-26T09:50:32.208982000Z,QoS Data,149,34,-35,920,2,8,0,0,0,0,0,1,720,0
5649,2026-06-26T09:50:32.326107000Z,QoS Data,149,34,-34,920,2,8,0,0,1,0,0,1,720,0
5651,2026-06-26T09:50:32.331753000Z,QoS Data,131,34,-14,920,2,8,1,0,0,0,0,1,720,0
5653,2026-06-26T09:50:32.334602000Z,QoS Data,131,34,-33,920,2,8,0,0,0,0,0,1,720,0
5654,2026-06-26T09:50:32.409159000Z,Authentication,166,34,-60,920,0,11,0,0,0,0,0,0,0,0
5655,2026-06-26T09:50:32.420350000Z,Authentication,166,34,-31,920,0,11,0,0,0,0,0,0,720,0
5656,2026-06-26T09:50:32.426391000Z,Authentication,166,34,-30,920,0,11,0,0,1,0,0,0,720,0
5657,2026-06-26T09:50:32.432957000Z,Authentication,166,34,-30,920,0,11,0,0,1,0,0,0,720,0
5658,2026-06-26T09:50:32.439520000Z,Authentication,166,34,-31,920,0,11,0,0,1,0,0,0,720,0
5659,2026-06-26T09:50:32.538323000Z,QoS Data,128,34,-20,920,2,8,1,0,0,0,0,1,720,0
5661,2026-06-26T09:50:32.540347000Z,QoS Data,128,34,-35,920,2,8,0,0,0,0,0,1,720,0
5663,2026-06-26T09:50:32.660045000Z,Authentication,166,34,-60,920,0,11,0,0,0,0,0,0,0,0
5664,2026-06-26T09:50:32.670361000Z,Authentication,166,34,-31,920,0,11,0,0,0,0,0,0,720,0
5665,2026-06-26T09:50:32.677059000Z,Authentication,166,34,-33,920,0,11,0,0,1,0,0,0,720,0
5666,2026-06-26T09:50:32.683575000Z,Authentication,166,34,-31,920,0,11,0,0,1,0,0,0,720,0
5667,2026-06-26T09:50:32.780250000Z,S1G Beacon,61,34,-32,920,3,1,,,,,,,0,0
5668,2026-06-26T09:50:32.922200000Z,Authentication,166,34,-62,920,0,11,0,0,0,0,0,0,0,0
5669,2026-06-26T09:50:32.940301000Z,Authentication,166,34,-31,920,0,11,0,0,0,0,0,0,720,0
5670,2026-06-26T09:50:32.946758000Z,Authentication,166,34,-30,920,0,11,0,0,1,0,0,0,720,0
5671,2026-06-26T09:50:32.953545000Z,Authentication,166,34,-30,920,0,11,0,0,1,0,0,0,720,0
5672,2026-06-26T09:50:32.958696000Z,Authentication,166,34,-30,920,0,11,0,0,1,0,0,0,720,0
5673,2026-06-26T09:50:33.184345000Z,Authentication,166,34,-60,920,0,11,0,0,0,0,0,0,0,0
5674,2026-06-26T09:50:33.200423000Z,Authentication,166,34,-30,920,0,11,0,0,0,0,0,0,720,0
5675,2026-06-26T09:50:33.206834000Z,Authentication,166,34,-30,920,0,11,0,0,1,0,0,0,720,0
5676,2026-06-26T09:50:33.213393000Z,Authentication,166,34,-30,920,0,11,0,0,1,0,0,0,720,0
5677,2026-06-26T09:50:33.219957000Z,Authentication,166,34,-30,920,0,11,0,0,1,0,0,0,720,0
5678,2026-06-26T09:50:33.413721000Z,Authentication,166,34,-59,920,0,11,0,0,0,0,0,0,0,0
5679,2026-06-26T09:50:33.430339000Z,Authentication,166,34,-31,920,0,11,0,0,0,0,0,0,720,0
5680,2026-06-26T09:50:33.436988000Z,Authentication,166,34,-31,920,0,11,0,0,1,0,0,0,720,0
5681,2026-06-26T09:50:33.443401000Z,Authentication,166,34,-31,920,0,11,0,0,1,0,0,0,720,0
5682,2026-06-26T09:50:33.450173000Z,Authentication,166,34,-31,920,0,11,0,0,1,0,0,0,720,0
5683,2026-06-26T09:50:33.601288000Z,S1G Beacon,129,34,-31,920,3,1,,,,,,,0,0
5684,2026-06-26T09:50:33.675878000Z,Authentication,166,34,-59,920,0,11,0,0,0,0,0,0,0,0
5685,2026-06-26T09:50:33.684051000Z,Authentication,166,34,-31,920,0,11,0,0,0,0,0,0,720,0
5686,2026-06-26T09:50:33.690506000Z,Authentication,166,34,-30,920,0,11,0,0,1,0,0,0,720,0
5687,2026-06-26T09:50:33.696967000Z,Authentication,166,34,-31,920,0,11,0,0,1,0,0,0,720,0
5688,2026-06-26T09:50:33.703429000Z,Authentication,166,34,-30,920,0,11,0,0,1,0,0,0,720,0
5689,2026-06-26T09:50:33.938028000Z,Authentication,166,34,-60,920,0,11,0,0,0,0,0,0,0,0
5690,2026-06-26T09:50:34.174574000Z,Authentication,166,34,-60,920,0,11,0,0,0,0,0,0,0,0
5691,2026-06-26T09:50:34.186444000Z,Authentication,166,34,-31,920,0,11,0,0,0,0,0,0,720,0
5692,2026-06-26T09:50:34.192952000Z,Authentication,166,34,-31,920,0,11,0,0,1,0,0,0,720,0
5693,2026-06-26T09:50:34.199462000Z,Authentication,166,34,-30,920,0,11,0,0,1,0,0,0,720,0
5694,2026-06-26T09:50:34.206233000Z,Authentication,166,34,-31,920,0,11,0,0,1,0,0,0,720,0
5695,2026-06-26T09:50:34.251521000Z,Disassociation,64,34,-31,920,0,10,0,0,0,0,0,0,720,0
5696,2026-06-26T09:50:34.255522000Z,Disassociation,64,34,-31,920,0,10,0,0,1,0,0,0,720,0
5697,2026-06-26T09:50:34.259416000Z,Disassociation,64,34,-30,920,0,10,0,0,1,0,0,0,720,0
5698,2026-06-26T09:50:34.263311000Z,Disassociation,64,34,-32,920,0,10,0,0,1,0,0,0,720,0
5699,2026-06-26T09:50:34.418705000Z,S1G Beacon,61,34,-31,920,3,1,,,,,,,0,0
5700,2026-06-26T09:50:34.429545000Z,Authentication,166,34,-60,920,0,11,0,0,0,0,0,0,0,0
5701,2026-06-26T09:50:34.440589000Z,Authentication,166,34,-31,920,0,11,0,0,0,0,0,0,720,0
5702,2026-06-26T09:50:34.447099000Z,Authentication,166,34,-31,920,0,11,0,0,1,0,0,0,720,0
5703,2026-06-26T09:50:34.452263000Z,Authentication,166,34,-31,920,0,11,0,0,1,0,0,0,720,0
5704,2026-06-26T09:50:34.458876000Z,Authentication,166,34,-31,920,0,11,0,0,1,0,0,0,720,0
5705,2026-06-26T09:50:34.691729000Z,Authentication,166,34,-60,920,0,11,0,0,0,0,0,0,0,0
5706,2026-06-26T09:50:34.700402000Z,Authentication,166,34,-32,920,0,11,0,0,0,0,0,0,720,0
5707,2026-06-26T09:50:34.706732000Z,Authentication,166,34,-31,920,0,11,0,0,1,0,0,0,720,0
5708,2026-06-26T09:50:34.713141000Z,Authentication,166,34,-32,920,0,11,0,0,1,0,0,0,720,0
5709,2026-06-26T09:50:34.719697000Z,Authentication,166,34,-32,920,0,11,0,0,1,0,0,0,720,0
5710,2026-06-26T09:50:34.940537000Z,Authentication,166,34,-60,920,0,11,0,0,0,0,0,0,0,0
5711,2026-06-26T09:50:34.950421000Z,Authentication,166,34,-31,920,0,11,0,0,0,0,0,0,720,0
5712,2026-06-26T09:50:34.957100000Z,Authentication,166,34,-31,920,0,11,0,0,1,0,0,0,720,0
5713,2026-06-26T09:50:34.963773000Z,Authentication,166,34,-33,920,0,11,0,0,1,0,0,0,720,0
5714,2026-06-26T09:50:34.970483000Z,Authentication,166,34,-31,920,0,11,0,0,1,0,0,0,720,0
5715,2026-06-26T09:50:35.183248000Z,Authentication,166,34,-62,920,0,11,0,0,0,0,0,0,0,0
5716,2026-06-26T09:50:35.190992000Z,Authentication,166,34,-33,920,0,11,0,0,0,0,0,0,720,0
5717,2026-06-26T09:50:35.197865000Z,Authentication,166,34,-33,920,0,11,0,0,1,0,0,0,720,0
5718,2026-06-26T09:50:35.203600000Z,Authentication,166,34,-32,920,0,11,0,0,1,0,0,0,720,0
5719,2026-06-26T09:50:35.210061000Z,Authentication,166,34,-32,920,0,11,0,0,1,0,0,0,720,0
5720,2026-06-26T09:50:35.220309000Z,Data,287,34,-32,920,2,0,0,0,0,0,0,1,0,0
5721,2026-06-26T09:50:35.239727000Z,S1G Beacon,129,34,-33,920,3,1,,,,,,,0,0
5722,2026-06-26T09:50:35.445381000Z,Authentication,166,34,-60,920,0,11,0,0,0,0,0,0,0,0
5723,2026-06-26T09:50:35.460423000Z,Authentication,166,34,-32,920,0,11,0,0,0,0,0,0,720,0
5724,2026-06-26T09:50:35.466933000Z,Authentication,166,34,-31,920,0,11,0,0,1,0,0,0,720,0
5725,2026-06-26T09:50:35.473337000Z,Authentication,166,34,-31,920,0,11,0,0,1,0,0,0,720,0
5726,2026-06-26T09:50:35.479750000Z,Authentication,166,34,-33,920,0,11,0,0,1,0,0,0,720,0
5727,2026-06-26T09:50:35.707553000Z,Authentication,166,34,-63,920,0,11,0,0,0,0,0,0,0,0
5728,2026-06-26T09:50:35.715239000Z,Authentication,166,34,-33,920,0,11,0,0,0,0,0,0,720,0
5729,2026-06-26T09:50:35.721697000Z,Authentication,166,34,-34,920,0,11,0,0,1,0,0,0,720,0
5730,2026-06-26T09:50:35.728103000Z,Authentication,166,34,-33,920,0,11,0,0,1,0,0,0,720,0
5731,2026-06-26T09:50:35.734669000Z,Authentication,166,34,-32,920,0,11,0,0,1,0,0,0,720,0
5732,2026-06-26T09:50:35.936912000Z,Authentication,166,34,-60,920,0,11,0,0,0,0,0,0,0,0
5733,2026-06-26T09:50:35.950443000Z,Authentication,166,34,-32,920,0,11,0,0,0,0,0,0,720,0
5734,2026-06-26T09:50:35.957161000Z,Authentication,166,34,-33,920,0,11,0,0,1,0,0,0,720,0
5735,2026-06-26T09:50:35.963674000Z,Authentication,166,34,-32,920,0,11,0,0,1,0,0,0,720,0
5736,2026-06-26T09:50:35.969246000Z,Authentication,166,34,-32,920,0,11,0,0,1,0,0,0,720,0
5737,2026-06-26T09:50:36.057150000Z,S1G Beacon,61,34,-31,920,3,1,,,,,,,0,0
5738,2026-06-26T09:50:36.199062000Z,Authentication,166,34,-60,920,0,11,0,0,0,0,0,0,0,0
5739,2026-06-26T09:50:36.210409000Z,Authentication,166,34,-32,920,0,11,0,0,0,0,0,0,720,0
5740,2026-06-26T09:50:36.217077000Z,Authentication,166,34,-33,920,0,11,0,0,1,0,0,0,720,0
5741,2026-06-26T09:50:36.223739000Z,Authentication,166,34,-31,920,0,11,0,0,1,0,0,0,720,0
5742,2026-06-26T09:50:36.230146000Z,Authentication,166,34,-32,920,0,11,0,0,1,0,0,0,720,0
5743,2026-06-26T09:50:36.461206000Z,Authentication,166,34,-60,920,0,11,0,0,0,0,0,0,0,0
5744,2026-06-26T09:50:36.470457000Z,Authentication,166,34,-32,920,0,11,0,0,0,0,0,0,720,0
5745,2026-06-26T09:50:36.476917000Z,Authentication,166,34,-31,920,0,11,0,0,1,0,0,0,720,0
5746,2026-06-26T09:50:36.483380000Z,Authentication,166,34,-31,920,0,11,0,0,1,0,0,0,720,0
5747,2026-06-26T09:50:36.489788000Z,Authentication,166,34,-31,920,0,11,0,0,1,0,0,0,720,0
5748,2026-06-26T09:50:36.690613000Z,Authentication,166,34,-59,920,0,11,0,0,0,0,0,0,0,0
5749,2026-06-26T09:50:36.697625000Z,Authentication,166,34,-32,920,0,11,0,0,0,0,0,0,720,0
5750,2026-06-26T09:50:36.704349000Z,Authentication,166,34,-33,920,0,11,0,0,1,0,0,0,720,0
5751,2026-06-26T09:50:36.711011000Z,Authentication,166,34,-31,920,0,11,0,0,1,0,0,0,720,0
5752,2026-06-26T09:50:36.717728000Z,Authentication,166,34,-31,920,0,11,0,0,1,0,0,0,720,0
5753,2026-06-26T09:50:36.878175000Z,S1G Beacon,129,34,-32,920,3,1,,,,,,,0,0
5754,2026-06-26T09:50:36.952736000Z,Authentication,166,34,-60,920,0,11,0,0,0,0,0,0,0,0
5755,2026-06-26T09:50:36.960865000Z,Authentication,166,34,-33,920,0,11,0,0,0,0,0,0,720,0
5756,2026-06-26T09:50:36.973995000Z,Authentication,166,34,-33,920,0,11,0,0,1,0,0,0,720,0
5757,2026-06-26T09:50:36.980709000Z,Authentication,166,34,-32,920,0,11,0,0,1,0,0,0,720,0
5758,2026-06-26T09:50:37.214899000Z,Authentication,166,34,-65,920,0,11,0,0,0,0,0,0,0,0
5759,2026-06-26T09:50:37.230441000Z,Authentication,166,34,-31,920,0,11,0,0,0,0,0,0,720,0
5760,2026-06-26T09:50:37.236849000Z,Authentication,166,34,-31,920,0,11,0,0,1,0,0,0,720,0
5761,2026-06-26T09:50:37.243413000Z,Authentication,166,34,-31,920,0,11,0,0,1,0,0,0,720,0
5762,2026-06-26T09:50:37.250035000Z,Authentication,166,34,-33,920,0,11,0,0,1,0,0,0,720,0
5763,2026-06-26T09:50:37.346563000Z,QoS Data,149,34,-19,920,2,8,1,0,0,0,0,1,720,0
5765,2026-06-26T09:50:37.348770000Z,QoS Data,149,34,-36,920,2,8,0,0,0,0,0,1,720,0
5767,2026-06-26T09:50:37.354109000Z,QoS Data,131,34,-15,920,2,8,1,0,0,0,0,1,720,0
5769,2026-06-26T09:50:37.356735000Z,QoS Data,131,34,-37,920,2,8,0,0,0,0,0,1,720,0
5771,2026-06-26T09:50:37.454507000Z,Authentication,166,34,-60,920,0,11,0,0,0,0,0,0,0,0
5772,2026-06-26T09:50:37.470488000Z,Authentication,166,34,-36,920,0,11,0,0,0,0,0,0,720,0
5773,2026-06-26T09:50:37.477051000Z,Authentication,166,34,-35,920,0,11,0,0,1,0,0,0,720,0
5774,2026-06-26T09:50:37.483771000Z,Authentication,166,34,-35,920,0,11,0,0,1,0,0,0,720,0
5775,2026-06-26T09:50:37.490229000Z,Authentication,166,34,-36,920,0,11,0,0,1,0,0,0,720,0
5776,2026-06-26T09:50:37.538263000Z,QoS Data,128,34,-18,920,2,8,1,0,0,0,0,1,720,0
5778,2026-06-26T09:50:37.540875000Z,QoS Data,128,34,-42,920,2,8,0,0,0,0,0,1,720,0
5780,2026-06-26T09:50:37.695623000Z,S1G Beacon,61,34,-38,920,3,1,,,,,,,0,0
5781,2026-06-26T09:50:37.706418000Z,Authentication,166,34,-62,920,0,11,0,0,0,0,0,0,0,0
5782,2026-06-26T09:50:37.720470000Z,Authentication,166,34,-36,920,0,11,0,0,0,0,0,0,720,0
5783,2026-06-26T09:50:37.727135000Z,Authentication,166,34,-36,920,0,11,0,0,1,0,0,0,720,0
5784,2026-06-26T09:50:37.733701000Z,Authentication,166,34,-37,920,0,11,0,0,1,0,0,0,720,0
5785,2026-06-26T09:50:37.740471000Z,Authentication,166,34,-37,920,0,11,0,0,1,0,0,0,720,0
5786,2026-06-26T09:50:37.968572000Z,Authentication,166,34,-59,920,0,11,0,0,0,0,0,0,0,0
5787,2026-06-26T09:50:37.980438000Z,Authentication,166,34,-34,920,0,11,0,0,0,0,0,0,720,0
5788,2026-06-26T09:50:37.986844000Z,Authentication,166,34,-34,920,0,11,0,0,1,0,0,0,720,0
5789,2026-06-26T09:50:37.993357000Z,Authentication,166,34,-34,920,0,11,0,0,1,0,0,0,720,0
5790,2026-06-26T09:50:37.999820000Z,Authentication,166,34,-34,920,0,11,0,0,1,0,0,0,720,0
5791,2026-06-26T09:50:38.221509000Z,Authentication,166,34,-60,920,0,11,0,0,0,0,0,0,0,0
5792,2026-06-26T09:50:38.240547000Z,Authentication,166,34,-34,920,0,11,0,0,0,0,0,0,720,0
5793,2026-06-26T09:50:38.250793000Z,Data,287,34,-33,920,2,0,0,0,0,0,0,1,0,0
5794,2026-06-26T09:50:38.255362000Z,Authentication,166,34,-34,920,0,11,0,0,1,0,0,0,720,0
5795,2026-06-26T09:50:38.261878000Z,Authentication,166,34,-33,920,0,11,0,0,1,0,0,0,720,0
5796,2026-06-26T09:50:38.268386000Z,Authentication,166,34,-33,920,0,11,0,0,1,0,0,0,720,0
5797,2026-06-26T09:50:38.460097000Z,Authentication,166,34,-59,920,0,11,0,0,0,0,0,0,0,0
5798,2026-06-26T09:50:38.470510000Z,Authentication,166,34,-32,920,0,11,0,0,0,0,0,0,720,0
5799,2026-06-26T09:50:38.477019000Z,Authentication,166,34,-31,920,0,11,0,0,1,0,0,0,720,0
5800,2026-06-26T09:50:38.483479000Z,Authentication,166,34,-33,920,0,11,0,0,1,0,0,0,720,0
5801,2026-06-26T09:50:38.489884000Z,Authentication,166,34,-34,920,0,11,0,0,1,0,0,0,720,0
5802,2026-06-26T09:50:38.516621000Z,S1G Beacon,129,34,-32,920,3,1,,,,,,,0,0
5803,2026-06-26T09:50:38.722265000Z,Authentication,166,34,-59,920,0,11,0,0,0,0,0,0,0,0
5804,2026-06-26T09:50:38.730740000Z,Authentication,166,34,-29,920,0,11,0,0,0,0,0,0,720,0
5805,2026-06-26T09:50:38.737406000Z,Authentication,166,34,-31,920,0,11,0,0,1,0,0,0,720,0
5806,2026-06-26T09:50:38.743816000Z,Authentication,166,34,-30,920,0,11,0,0,1,0,0,0,720,0
5807,2026-06-26T09:50:38.750270000Z,Authentication,166,34,-30,920,0,11,0,0,1,0,0,0,720,0
5808,2026-06-26T09:50:38.984395000Z,Authentication,166,34,-60,920,0,11,0,0,0,0,0,0,0,0
5809,2026-06-26T09:50:38.991694000Z,Authentication,166,34,-34,920,0,11,0,0,0,0,0,0,720,0
5810,2026-06-26T09:50:38.998256000Z,Authentication,166,34,-33,920,0,11,0,0,1,0,0,0,720,0
5811,2026-06-26T09:50:39.004819000Z,Authentication,166,34,-33,920,0,11,0,0,1,0,0,0,720,0
5812,2026-06-26T09:50:39.011592000Z,Authentication,166,34,-33,920,0,11,0,0,1,0,0,0,720,0
5813,2026-06-26T09:50:39.334066000Z,S1G Beacon,61,34,-33,920,3,1,,,,,,,0,0
5814,2026-06-26T09:50:39.475928000Z,Authentication,166,34,-59,920,0,11,0,0,0,0,0,0,0,0
5815,2026-06-26T09:50:39.490495000Z,Authentication,166,34,-31,920,0,11,0,0,0,0,0,0,720,0
5816,2026-06-26T09:50:39.497060000Z,Authentication,166,34,-31,920,0,11,0,0,1,0,0,0,720,0
5817,2026-06-26T09:50:39.503626000Z,Authentication,166,34,-31,920,0,11,0,0,1,0,0,0,720,0
5818,2026-06-26T09:50:39.510138000Z,Authentication,166,34,-31,920,0,11,0,0,1,0,0,0,720,0
5819,2026-06-26T09:50:39.738082000Z,Authentication,166,34,-60,920,0,11,0,0,0,0,0,0,0,0
5820,2026-06-26T09:50:39.983873000Z,Authentication,166,34,-60,920,0,11,0,0,0,0,0,0,0,0
5821,2026-06-26T09:50:39.992883000Z,Authentication,166,34,-34,920,0,11,0,0,0,0,0,0,720,0
5822,2026-06-26T09:50:39.999599000Z,Authentication,166,34,-35,920,0,11,0,0,1,0,0,0,720,0
5823,2026-06-26T09:50:40.006161000Z,Authentication,166,34,-36,920,0,11,0,0,1,0,0,0,720,0
5824,2026-06-26T09:50:40.012568000Z,Authentication,166,34,-35,920,0,11,0,0,1,0,0,0,720,0
5825,2026-06-26T09:50:40.155077000Z,S1G Beacon,129,34,-34,920,3,1,,,,,,,0,0
5826,2026-06-26T09:50:40.229601000Z,Authentication,166,34,-60,920,0,11,0,0,0,0,0,0,0,0
5827,2026-06-26T09:50:40.240544000Z,Authentication,166,34,-32,920,0,11,0,0,0,0,0,0,720,0
5828,2026-06-26T09:50:40.247205000Z,Authentication,166,34,-32,920,0,11,0,0,1,0,0,0,720,0
5829,2026-06-26T09:50:40.253874000Z,Authentication,166,34,-34,920,0,11,0,0,1,0,0,0,720,0
5830,2026-06-26T09:50:40.260283000Z,Authentication,166,34,-32,920,0,11,0,0,1,0,0,0,720,0
5831,2026-06-26T09:50:40.491750000Z,Authentication,166,34,-61,920,0,11,0,0,0,0,0,0,0,0
5832,2026-06-26T09:50:40.500549000Z,Authentication,166,34,-34,920,0,11,0,0,0,0,0,0,720,0
5833,2026-06-26T09:50:40.507063000Z,Authentication,166,34,-35,920,0,11,0,0,1,0,0,0,720,0
5834,2026-06-26T09:50:40.513732000Z,Authentication,166,34,-35,920,0,11,0,0,1,0,0,0,720,0
5835,2026-06-26T09:50:40.520200000Z,Authentication,166,34,-34,920,0,11,0,0,1,0,0,0,720,0
5836,2026-06-26T09:50:40.749820000Z,Authentication,166,34,-60,920,0,11,0,0,0,0,0,0,0,0
5837,2026-06-26T09:50:40.760531000Z,Authentication,166,34,-30,920,0,11,0,0,0,0,0,0,720,0
5838,2026-06-26T09:50:40.767197000Z,Authentication,166,34,-30,920,0,11,0,0,1,0,0,0,720,0
5839,2026-06-26T09:50:40.773916000Z,Authentication,166,34,-30,920,0,11,0,0,1,0,0,0,720,0
5840,2026-06-26T09:50:40.780476000Z,Authentication,166,34,-30,920,0,11,0,0,1,0,0,0,720,0
5841,2026-06-26T09:50:40.972503000Z,S1G Beacon,61,34,-31,920,3,1,,,,,,,0,0
5842,2026-06-26T09:50:40.983283000Z,Authentication,166,34,-60,920,0,11,0,0,0,0,0,0,0,0
5843,2026-06-26T09:50:40.994062000Z,Authentication,166,34,-31,920,0,11,0,0,0,0,0,0,720,0
5844,2026-06-26T09:50:41.000834000Z,Authentication,166,34,-31,920,0,11,0,0,1,0,0,0,720,0
5845,2026-06-26T09:50:41.007343000Z,Authentication,166,34,-31,920,0,11,0,0,1,0,0,0,720,0
5846,2026-06-26T09:50:41.014121000Z,Authentication,166,34,-31,920,0,11,0,0,1,0,0,0,720,0
5847,2026-06-26T09:50:41.245573000Z,Authentication,166,34,-60,920,0,11,0,0,0,0,0,0,0,0
5848,2026-06-26T09:50:41.268713000Z,Data,287,34,-31,920,2,0,0,0,0,0,0,1,0,0
5849,2026-06-26T09:50:41.507610000Z,Authentication,166,34,-60,920,0,11,0,0,0,0,0,0,0,0
5850,2026-06-26T09:50:41.515460000Z,Authentication,166,34,-32,920,0,11,0,0,0,0,0,0,720,0
5851,2026-06-26T09:50:41.521866000Z,Authentication,166,34,-32,920,0,11,0,0,1,0,0,0,720,0
5852,2026-06-26T09:50:41.528419000Z,Authentication,166,34,-33,920,0,11,0,0,1,0,0,0,720,0
5853,2026-06-26T09:50:41.534881000Z,Authentication,166,34,-33,920,0,11,0,0,1,0,0,0,720,0
5854,2026-06-26T09:50:41.736963000Z,Authentication,166,34,-60,920,0,11,0,0,0,0,0,0,0,0
5855,2026-06-26T09:50:41.750554000Z,Authentication,166,34,-35,920,0,11,0,0,0,0,0,0,720,0
5856,2026-06-26T09:50:41.756954000Z,Authentication,166,34,-34,920,0,11,0,0,1,0,0,0,720,0
5857,2026-06-26T09:50:41.763727000Z,Authentication,166,34,-34,920,0,11,0,0,1,0,0,0,720,0
5858,2026-06-26T09:50:41.770237000Z,Authentication,166,34,-33,920,0,11,0,0,1,0,0,0,720,0
5859,2026-06-26T09:50:41.793519000Z,S1G Beacon,129,34,-34,920,3,1,,,,,,,0,0
5860,2026-06-26T09:50:41.999142000Z,Authentication,166,34,-59,920,0,11,0,0,0,0,0,0,0,0
5861,2026-06-26T09:50:42.261265000Z,Authentication,166,34,-60,920,0,11,0,0,0,0,0,0,0,0
5862,2026-06-26T09:50:42.271936000Z,Authentication,166,34,-37,920,0,11,0,0,0,0,0,0,720,0
5863,2026-06-26T09:50:42.278549000Z,Authentication,166,34,-35,920,0,11,0,0,1,0,0,0,720,0
5864,2026-06-26T09:50:42.285269000Z,Authentication,166,34,-37,920,0,11,0,0,1,0,0,0,720,0
5865,2026-06-26T09:50:42.291886000Z,Authentication,166,34,-37,920,0,11,0,0,1,0,0,0,720,0
5866,2026-06-26T09:50:42.369415000Z,QoS Data,149,34,-20,920,2,8,1,0,0,0,0,1,720,0
5868,2026-06-26T09:50:42.372168000Z,QoS Data,149,34,-39,920,2,8,0,0,0,0,0,1,720,0
5870,2026-06-26T09:50:42.377349000Z,QoS Data,131,34,-15,920,2,8,1,0,0,0,0,1,720,0
5872,2026-06-26T09:50:42.379392000Z,QoS Data,131,34,-38,920,2,8,0,0,0,0,0,1,720,0
5874,2026-06-26T09:50:42.381607000Z,QoS Data,131,34,-39,920,2,8,0,0,1,0,0,1,720,0
5876,2026-06-26T09:50:42.496784000Z,Authentication,166,34,-61,920,0,11,0,0,0,0,0,0,0,0
5877,2026-06-26T09:50:42.510580000Z,Authentication,166,34,-36,920,0,11,0,0,0,0,0,0,720,0
5878,2026-06-26T09:50:42.517348000Z,Authentication,166,34,-37,920,0,11,0,0,1,0,0,0,720,0
5879,2026-06-26T09:50:42.524071000Z,Authentication,166,34,-36,920,0,11,0,0,1,0,0,0,720,0
5880,2026-06-26T09:50:42.530793000Z,Authentication,166,34,-32,920,0,11,0,0,1,0,0,0,720,0
5881,2026-06-26T09:50:42.538679000Z,QoS Data,128,34,-19,920,2,8,1,0,0,0,0,1,720,0
5883,2026-06-26T09:50:42.540718000Z,QoS Data,128,34,-40,920,2,8,0,0,0,0,0,1,720,0
5885,2026-06-26T09:50:42.610949000Z,S1G Beacon,61,34,-37,920,3,1,,,,,,,0,0
5886,2026-06-26T09:50:42.752791000Z,Authentication,166,34,-60,920,0,11,0,0,0,0,0,0,0,0
5887,2026-06-26T09:50:43.014946000Z,Authentication,166,34,-61,920,0,11,0,0,0,0,0,0,0,0
5888,2026-06-26T09:50:43.027957000Z,Authentication,166,34,-33,920,0,11,0,0,0,0,0,0,720,0
5889,2026-06-26T09:50:43.034415000Z,Authentication,166,34,-34,920,0,11,0,0,1,0,0,0,720,0
5890,2026-06-26T09:50:43.041030000Z,Authentication,166,34,-34,920,0,11,0,0,1,0,0,0,720,0
5891,2026-06-26T09:50:43.047435000Z,Authentication,166,34,-34,920,0,11,0,0,1,0,0,0,720,0
5892,2026-06-26T09:50:43.265825000Z,Authentication,166,34,-60,920,0,11,0,0,0,0,0,0,0,0
5893,2026-06-26T09:50:43.431985000Z,S1G Beacon,129,34,-33,920,3,1,,,,,,,0,0
5894,2026-06-26T09:50:43.506472000Z,Authentication,166,34,-61,920,0,11,0,0,0,0,0,0,0,0
5895,2026-06-26T09:50:43.515531000Z,Authentication,166,34,-34,920,0,11,0,0,0,0,0,0,720,0
5896,2026-06-26T09:50:43.522251000Z,Authentication,166,34,-34,920,0,11,0,0,1,0,0,0,720,0
5897,2026-06-26T09:50:43.528705000Z,Authentication,166,34,-34,920,0,11,0,0,1,0,0,0,720,0
5898,2026-06-26T09:50:43.535270000Z,Authentication,166,34,-34,920,0,11,0,0,1,0,0,0,720,0
5899,2026-06-26T09:50:43.768628000Z,Authentication,166,34,-62,920,0,11,0,0,0,0,0,0,0,0
5900,2026-06-26T09:50:44.030797000Z,Authentication,166,34,-60,920,0,11,0,0,0,0,0,0,0,0
5901,2026-06-26T09:50:44.040611000Z,Authentication,166,34,-37,920,0,11,0,0,0,0,0,0,720,0
5902,2026-06-26T09:50:44.047223000Z,Authentication,166,34,-37,920,0,11,0,0,1,0,0,0,720,0
5903,2026-06-26T09:50:44.053686000Z,Authentication,166,34,-37,920,0,11,0,0,1,0,0,0,720,0
5904,2026-06-26T09:50:44.060405000Z,Authentication,166,34,-37,920,0,11,0,0,1,0,0,0,720,0
5905,2026-06-26T09:50:44.249406000Z,S1G Beacon,61,34,-36,920,3,1,,,,,,,0,0
5906,2026-06-26T09:50:44.267316000Z,Authentication,166,34,-60,920,0,11,0,0,0,0,0,0,0,0
5907,2026-06-26T09:50:44.280589000Z,Authentication,166,34,-35,920,0,11,0,0,0,0,0,0,720,0
5908,2026-06-26T09:50:44.286998000Z,Authentication,166,34,-36,920,0,11,0,0,1,0,0,0,720,0
5909,2026-06-26T09:50:44.297248000Z,Data,287,34,-36,920,2,0,0,0,0,0,0,1,0,0
5910,2026-06-26T09:50:44.301819000Z,Authentication,166,34,-35,920,0,11,0,0,1,0,0,0,720,0
5911,2026-06-26T09:50:44.308378000Z,Authentication,166,34,-37,920,0,11,0,0,1,0,0,0,720,0
5912,2026-06-26T09:50:44.522302000Z,Authentication,166,34,-64,920,0,11,0,0,0,0,0,0,0,0
5913,2026-06-26T09:50:44.784445000Z,Authentication,166,34,-61,920,0,11,0,0,0,0,0,0,0,0
5914,2026-06-26T09:50:44.800581000Z,Authentication,166,34,-35,920,0,11,0,0,0,0,0,0,720,0
5915,2026-06-26T09:50:44.807038000Z,Authentication,166,34,-34,920,0,11,0,0,1,0,0,0,720,0
5916,2026-06-26T09:50:44.813706000Z,Authentication,166,34,-34,920,0,11,0,0,1,0,0,0,720,0
5917,2026-06-26T09:50:44.820322000Z,Authentication,166,34,-34,920,0,11,0,0,1,0,0,0,720,0
5918,2026-06-26T09:50:45.046604000Z,Authentication,166,34,-60,920,0,11,0,0,0,0,0,0,0,0
5919,2026-06-26T09:50:45.070429000Z,S1G Beacon,129,34,-34,920,3,1,,,,,,,0,0
5920,2026-06-26T09:50:45.228370000Z,Data,134,34,-35,920,2,0,0,0,0,0,0,1,0,0
5921,2026-06-26T09:50:45.284169000Z,Authentication,166,34,-62,920,0,11,0,0,0,0,0,0,0,0
5922,2026-06-26T09:50:45.300666000Z,Authentication,166,34,-36,920,0,11,0,0,0,0,0,0,720,0
5923,2026-06-26T09:50:45.307335000Z,Authentication,166,34,-36,920,0,11,0,0,1,0,0,0,720,0
5924,2026-06-26T09:50:45.313843000Z,Authentication,166,34,-37,920,0,11,0,0,1,0,0,0,720,0
5925,2026-06-26T09:50:45.320621000Z,Authentication,166,34,-36,920,0,11,0,0,1,0,0,0,720,0
5926,2026-06-26T09:50:45.538134000Z,Authentication,166,34,-62,920,0,11,0,0,0,0,0,0,0,0
5927,2026-06-26T09:50:45.800275000Z,Authentication,166,34,-61,920,0,11,0,0,0,0,0,0,0,0
5928,2026-06-26T09:50:45.887852000Z,S1G Beacon,61,34,-35,920,3,1,,,,,,,0,0
5929,2026-06-26T09:50:46.055289000Z,Authentication,166,34,-61,920,0,11,0,0,0,0,0,0,0,0
5930,2026-06-26T09:50:46.291813000Z,Authentication,166,34,-60,920,0,11,0,0,0,0,0,0,0,0
5931,2026-06-26T09:50:46.300655000Z,Authentication,166,34,-37,920,0,11,0,0,0,0,0,0,720,0
5932,2026-06-26T09:50:46.307112000Z,Authentication,166,34,-38,920,0,11,0,0,1,0,0,0,720,0
5933,2026-06-26T09:50:46.313786000Z,Authentication,166,34,-37,920,0,11,0,0,1,0,0,0,720,0
5934,2026-06-26T09:50:46.320504000Z,Authentication,166,34,-37,920,0,11,0,0,1,0,0,0,720,0
5935,2026-06-26T09:50:46.553960000Z,Authentication,166,34,-60,920,0,11,0,0,0,0,0,0,0,0
5936,2026-06-26T09:50:46.570560000Z,Authentication,166,34,-36,920,0,11,0,0,0,0,0,0,720,0
5937,2026-06-26T09:50:46.577072000Z,Authentication,166,34,-34,920,0,11,0,0,1,0,0,0,720,0
5938,2026-06-26T09:50:46.583740000Z,Authentication,166,34,-35,920,0,11,0,0,1,0,0,0,720,0
5939,2026-06-26T09:50:46.590256000Z,Authentication,166,34,-35,920,0,11,0,0,1,0,0,0,720,0
5940,2026-06-26T09:50:46.708889000Z,S1G Beacon,129,34,-35,920,3,1,,,,,,,0,0
5941,2026-06-26T09:50:46.816102000Z,Authentication,166,34,-60,920,0,11,0,0,0,0,0,0,0,0
5942,2026-06-26T09:50:46.830675000Z,Authentication,166,34,-49,920,0,11,0,0,0,0,0,0,720,0
5943,2026-06-26T09:50:46.837448000Z,Authentication,166,34,-34,920,0,11,0,0,1,0,0,0,720,0
5944,2026-06-26T09:50:46.844219000Z,Authentication,166,34,-33,920,0,11,0,0,1,0,0,0,720,0
5945,2026-06-26T09:50:46.849587000Z,Authentication,166,34,-34,920,0,11,0,0,1,0,0,0,720,0
5946,2026-06-26T09:50:47.047559000Z,Authentication,166,34,-60,920,0,11,0,0,0,0,0,0,0,0
5947,2026-06-26T09:50:47.060705000Z,Authentication,166,34,-35,920,0,11,0,0,0,0,0,0,720,0
5948,2026-06-26T09:50:47.067212000Z,Authentication,166,34,-34,920,0,11,0,0,1,0,0,0,720,0
5949,2026-06-26T09:50:47.073615000Z,Authentication,166,34,-34,920,0,11,0,0,1,0,0,0,720,0
5950,2026-06-26T09:50:47.080186000Z,Authentication,166,34,-36,920,0,11,0,0,1,0,0,0,720,0
5952,2026-06-26T09:50:47.307638000Z,Authentication,166,34,-60,920,0,11,0,0,0,0,0,0,0,0
5953,2026-06-26T09:50:47.316066000Z,Data,287,34,-34,920,2,0,0,0,0,0,0,1,0,0
5954,2026-06-26T09:50:47.320947000Z,Authentication,166,34,-35,920,0,11,0,0,0,0,0,0,720,0
5955,2026-06-26T09:50:47.327666000Z,Authentication,166,34,-34,920,0,11,0,0,1,0,0,0,720,0
5956,2026-06-26T09:50:47.333140000Z,Authentication,166,34,-34,920,0,11,0,0,1,0,0,0,720,0
5957,2026-06-26T09:50:47.339803000Z,Authentication,166,34,-33,920,0,11,0,0,1,0,0,0,720,0
5958,2026-06-26T09:50:47.391982000Z,QoS Data,149,34,-19,920,2,8,1,0,0,0,0,1,720,0
5960,2026-06-26T09:50:47.394320000Z,QoS Data,149,34,-39,920,2,8,0,0,0,0,0,1,720,0
5963,2026-06-26T09:50:47.401965000Z,QoS Data,131,34,-38,920,2,8,0,0,0,0,0,1,720,0
5965,2026-06-26T09:50:47.526304000Z,S1G Beacon,61,34,-35,920,3,1,,,,,,,0,0
5966,2026-06-26T09:50:47.538672000Z,QoS Data,128,34,-20,920,2,8,1,0,0,0,0,1,720,0
5968,2026-06-26T09:50:47.542092000Z,QoS Data,128,34,-38,920,2,8,0,0,0,0,0,1,720,0
5970,2026-06-26T09:50:47.807355000Z,Authentication,166,34,-62,920,0,11,0,0,0,0,0,0,0,0
5971,2026-06-26T09:50:47.815637000Z,Authentication,166,34,-33,920,0,11,0,0,0,0,0,0,720,0
5972,2026-06-26T09:50:47.822096000Z,Authentication,166,34,-33,920,0,11,0,0,1,0,0,0,720,0
5973,2026-06-26T09:50:47.828814000Z,Authentication,166,34,-33,920,0,11,0,0,1,0,0,0,720,0
5974,2026-06-26T09:50:47.835375000Z,Authentication,166,34,-33,920,0,11,0,0,1,0,0,0,720,0
5975,2026-06-26T09:50:48.061314000Z,Authentication,166,34,-60,920,0,11,0,0,0,0,0,0,0,0
5976,2026-06-26T09:50:48.070717000Z,Authentication,166,34,-35,920,0,11,0,0,0,0,0,0,720,0
5977,2026-06-26T09:50:48.077193000Z,Authentication,166,34,-35,920,0,11,0,0,1,0,0,0,720,0
5978,2026-06-26T09:50:48.083758000Z,Authentication,166,34,-36,920,0,11,0,0,1,0,0,0,720,0
5979,2026-06-26T09:50:48.090214000Z,Authentication,166,34,-35,920,0,11,0,0,1,0,0,0,720,0
5980,2026-06-26T09:50:48.323464000Z,Authentication,166,34,-60,920,0,11,0,0,0,0,0,0,0,0
5981,2026-06-26T09:50:48.337462000Z,Authentication,166,34,-35,920,0,11,0,0,0,0,0,0,720,0
5982,2026-06-26T09:50:48.347325000Z,S1G Beacon,129,34,-37,920,3,1,,,,,,,0,0
5983,2026-06-26T09:50:48.351921000Z,Authentication,166,34,-36,920,0,11,0,0,1,0,0,0,720,0
5984,2026-06-26T09:50:48.358689000Z,Authentication,166,34,-35,920,0,11,0,0,1,0,0,0,720,0
5985,2026-06-26T09:50:48.365096000Z,Authentication,166,34,-34,920,0,11,0,0,1,0,0,0,720,0
5986,2026-06-26T09:50:48.565134000Z,Authentication,166,34,-61,920,0,11,0,0,0,0,0,0,0,0
5987,2026-06-26T09:50:48.580741000Z,Authentication,166,34,-36,920,0,11,0,0,0,0,0,0,720,0
5988,2026-06-26T09:50:48.587511000Z,Authentication,166,34,-35,920,0,11,0,0,1,0,0,0,720,0
5989,2026-06-26T09:50:48.594075000Z,Authentication,166,34,-35,920,0,11,0,0,1,0,0,0,720,0
5990,2026-06-26T09:50:48.600485000Z,Authentication,166,34,-36,920,0,11,0,0,1,0,0,0,720,0
5991,2026-06-26T09:50:48.814991000Z,Authentication,166,34,-60,920,0,11,0,0,0,0,0,0,0,0
5992,2026-06-26T09:50:48.830705000Z,Authentication,166,34,-34,920,0,11,0,0,0,0,0,0,720,0
5993,2026-06-26T09:50:48.837271000Z,Authentication,166,34,-34,920,0,11,0,0,1,0,0,0,720,0
5994,2026-06-26T09:50:48.844042000Z,Authentication,166,34,-34,920,0,11,0,0,1,0,0,0,720,0
5995,2026-06-26T09:50:48.850814000Z,Authentication,166,34,-33,920,0,11,0,0,1,0,0,0,720,0
5996,2026-06-26T09:50:49.077149000Z,Authentication,166,34,-61,920,0,11,0,0,0,0,0,0,0,0
5997,2026-06-26T09:50:49.090723000Z,Authentication,166,34,-33,920,0,11,0,0,0,0,0,0,720,0
5998,2026-06-26T09:50:49.096354000Z,Authentication,166,34,-34,920,0,11,0,0,1,0,0,0,720,0
5999,2026-06-26T09:50:49.102866000Z,Authentication,166,34,-33,920,0,11,0,0,1,0,0,0,720,0
6000,2026-06-26T09:50:49.109579000Z,Authentication,166,34,-33,920,0,11,0,0,1,0,0,0,720,0
6001,2026-06-26T09:50:49.164757000Z,S1G Beacon,61,34,-35,920,3,1,,,,,,,0,0
6002,2026-06-26T09:50:49.302213000Z,Data,378,34,-34,920,2,0,0,0,0,0,0,1,0,0
6003,2026-06-26T09:50:49.339287000Z,Authentication,166,34,-60,920,0,11,0,0,0,0,0,0,0,0
6004,2026-06-26T09:50:49.405978000Z,Data,387,34,-33,920,2,0,0,0,0,0,0,1,0,0
6005,2026-06-26T09:50:49.511716000Z,Data,450,34,-34,920,2,0,0,0,0,0,0,1,0,0
6006,2026-06-26T09:50:49.572766000Z,Authentication,166,34,-61,920,0,11,0,0,0,0,0,0,0,0
6007,2026-06-26T09:50:49.580681000Z,Authentication,166,34,-34,920,0,11,0,0,0,0,0,0,720,0
6008,2026-06-26T09:50:49.587187000Z,Authentication,166,34,-34,920,0,11,0,0,1,0,0,0,720,0
6009,2026-06-26T09:50:49.593658000Z,Authentication,166,34,-34,920,0,11,0,0,1,0,0,0,720,0
6010,2026-06-26T09:50:49.600262000Z,Authentication,166,34,-34,920,0,11,0,0,1,0,0,0,720,0
6011,2026-06-26T09:50:49.615586000Z,Data,442,34,-37,920,2,0,0,0,0,0,0,1,0,0
6012,2026-06-26T09:50:49.718278000Z,Data,387,34,-34,920,2,0,0,0,0,0,0,1,0,0
6013,2026-06-26T09:50:49.823080000Z,Data,426,34,-34,920,2,0,0,0,0,0,0,1,0,0
6014,2026-06-26T09:50:49.830819000Z,Authentication,166,34,-62,920,0,11,0,0,0,0,0,0,0,0
6015,2026-06-26T09:50:49.840974000Z,Authentication,166,34,-33,920,0,11,0,0,0,0,0,0,720,0
6016,2026-06-26T09:50:49.847377000Z,Authentication,166,34,-33,920,0,11,0,0,1,0,0,0,720,0
6017,2026-06-26T09:50:49.853888000Z,Authentication,166,34,-33,920,0,11,0,0,1,0,0,0,720,0
6018,2026-06-26T09:50:49.860454000Z,Authentication,166,34,-33,920,0,11,0,0,1,0,0,0,720,0
6019,2026-06-26T09:50:49.927982000Z,Data,458,34,-34,920,2,0,0,0,0,0,0,1,0,0
6020,2026-06-26T09:50:49.985772000Z,S1G Beacon,129,34,-37,920,3,1,,,,,,,0,0
6021,2026-06-26T09:50:50.030106000Z,Data,387,34,-36,920,2,0,0,0,0,0,0,1,0,0
6022,2026-06-26T09:50:50.092974000Z,Authentication,166,34,-60,920,0,11,0,0,0,0,0,0,0,0
6023,2026-06-26T09:50:50.135572000Z,Data,446,34,-38,920,2,0,0,0,0,0,0,1,0,0
6024,2026-06-26T09:50:50.239490000Z,Data,440,34,-36,920,2,0,0,0,0,0,0,1,0,0
6025,2026-06-26T09:50:50.342404000Z,Data,387,34,-36,920,2,0,0,0,0,0,0,1,0,0
6026,2026-06-26T09:50:50.350787000Z,Data,287,34,-35,920,2,0,0,0,0,0,0,1,0,0
6027,2026-06-26T09:50:50.355114000Z,Authentication,166,34,-59,920,0,11,0,0,0,0,0,0,0,0
6028,2026-06-26T09:50:50.362787000Z,Authentication,166,34,-35,920,0,11,0,0,0,0,0,0,720,0
6029,2026-06-26T09:50:50.369299000Z,Authentication,166,34,-36,920,0,11,0,0,1,0,0,0,720,0
6030,2026-06-26T09:50:50.375759000Z,Authentication,166,34,-34,920,0,11,0,0,1,0,0,0,720,0
6031,2026-06-26T09:50:50.382172000Z,Authentication,166,34,-34,920,0,11,0,0,1,0,0,0,720,0
6032,2026-06-26T09:50:50.447572000Z,Data,442,34,-34,920,2,0,0,0,0,0,0,1,0,0
6033,2026-06-26T09:50:50.551867000Z,Data,452,34,-33,920,2,0,0,0,0,0,0,1,0,0
6034,2026-06-26T09:50:50.584497000Z,Authentication,166,34,-61,920,0,11,0,0,0,0,0,0,0,0
6035,2026-06-26T09:50:50.600733000Z,Authentication,166,34,-32,920,0,11,0,0,0,0,0,0,720,0
6036,2026-06-26T09:50:50.607195000Z,Authentication,166,34,-33,920,0,11,0,0,1,0,0,0,720,0
6037,2026-06-26T09:50:50.613605000Z,Authentication,166,34,-32,920,0,11,0,0,1,0,0,0,720,0
6038,2026-06-26T09:50:50.620172000Z,Authentication,166,34,-33,920,0,11,0,0,1,0,0,0,720,0
6039,2026-06-26T09:50:50.646326000Z,Disassociation,64,34,-33,920,0,10,0,0,0,0,0,0,720,0
6041,2026-06-26T09:50:50.654209000Z,Disassociation,64,34,-33,920,0,10,0,0,1,0,0,0,720,0
6042,2026-06-26T09:50:50.658002000Z,Disassociation,64,34,-33,920,0,10,0,0,1,0,0,0,720,0
6043,2026-06-26T09:50:50.803194000Z,S1G Beacon,61,34,-33,920,3,1,,,,,,,0,0
6044,2026-06-26T09:50:50.846645000Z,Authentication,166,34,-60,920,0,11,0,0,0,0,0,0,0,0
6045,2026-06-26T09:50:50.860748000Z,Authentication,166,34,-32,920,0,11,0,0,0,0,0,0,720,0
6046,2026-06-26T09:50:50.867260000Z,Authentication,166,34,-32,920,0,11,0,0,1,0,0,0,720,0
6047,2026-06-26T09:50:50.873881000Z,Authentication,166,34,-31,920,0,11,0,0,1,0,0,0,720,0
6048,2026-06-26T09:50:50.880340000Z,Authentication,166,34,-32,920,0,11,0,0,1,0,0,0,720,0
6049,2026-06-26T09:50:51.342277000Z,Authentication,166,34,-60,920,0,11,0,0,0,0,0,0,0,0
6050,2026-06-26T09:50:51.350768000Z,Authentication,166,34,-37,920,0,11,0,0,0,0,0,0,720,0
6051,2026-06-26T09:50:51.357379000Z,Authentication,166,34,-36,920,0,11,0,0,1,0,0,0,720,0
6052,2026-06-26T09:50:51.363836000Z,Authentication,166,34,-37,920,0,11,0,0,1,0,0,0,720,0
6053,2026-06-26T09:50:51.370257000Z,Authentication,166,34,-37,920,0,11,0,0,1,0,0,0,720,0
6054,2026-06-26T09:50:51.600326000Z,Authentication,166,34,-61,920,0,11,0,0,0,0,0,0,0,0
6055,2026-06-26T09:50:51.624227000Z,S1G Beacon,129,34,-37,920,3,1,,,,,,,0,0
6056,2026-06-26T09:50:51.862478000Z,Authentication,166,34,-62,920,0,11,0,0,0,0,0,0,0,0
6057,2026-06-26T09:50:51.870440000Z,Authentication,166,34,-39,920,0,11,0,0,0,0,0,0,720,0
6058,2026-06-26T09:50:51.877055000Z,Authentication,166,34,-39,920,0,11,0,0,1,0,0,0,720,0
6059,2026-06-26T09:50:51.883724000Z,Authentication,166,34,-39,920,0,11,0,0,1,0,0,0,720,0
6060,2026-06-26T09:50:51.890236000Z,Authentication,166,34,-40,920,0,11,0,0,1,0,0,0,720,0
6061,2026-06-26T09:50:52.112342000Z,Authentication,166,34,-59,920,0,11,0,0,0,0,0,0,0,0
6062,2026-06-26T09:50:52.120771000Z,Authentication,166,34,-38,920,0,11,0,0,0,0,0,0,720,0
6063,2026-06-26T09:50:52.127282000Z,Authentication,166,34,-38,920,0,11,0,0,1,0,0,0,720,0
6064,2026-06-26T09:50:52.133842000Z,Authentication,166,34,-39,920,0,11,0,0,1,0,0,0,720,0
6065,2026-06-26T09:50:52.140408000Z,Authentication,166,34,-38,920,0,11,0,0,1,0,0,0,720,0
6066,2026-06-26T09:50:52.354028000Z,Authentication,166,34,-62,920,0,11,0,0,0,0,0,0,0,0
6067,2026-06-26T09:50:52.370919000Z,Authentication,166,34,-38,920,0,11,0,0,0,0,0,0,720,0
6068,2026-06-26T09:50:52.377691000Z,Authentication,166,34,-38,920,0,11,0,0,1,0,0,0,720,0
6069,2026-06-26T09:50:52.384201000Z,Authentication,166,34,-38,920,0,11,0,0,1,0,0,0,720,0
6070,2026-06-26T09:50:52.390821000Z,Authentication,166,34,-37,920,0,11,0,0,1,0,0,0,720,0
6071,2026-06-26T09:50:52.414966000Z,QoS Data,149,34,-18,920,2,8,1,0,0,0,0,1,720,0
6073,2026-06-26T09:50:52.417100000Z,QoS Data,149,34,-43,920,2,8,0,0,0,0,0,1,720,0
6074,2026-06-26T09:50:52.422334000Z,QoS Data,131,34,-16,920,2,8,1,0,0,0,0,1,720,0
6076,2026-06-26T09:50:52.424814000Z,QoS Data,131,34,-42,920,2,8,0,0,0,0,0,1,720,0
6078,2026-06-26T09:50:52.441647000Z,S1G Beacon,61,34,-39,920,3,1,,,,,,,0,0
6079,2026-06-26T09:50:52.488560000Z,QoS Data,88,34,-15,920,2,8,1,0,0,0,0,1,720,0
6081,2026-06-26T09:50:52.538722000Z,QoS Data,128,34,-19,920,2,8,1,0,0,0,0,1,720,0
6083,2026-06-26T09:50:52.542270000Z,QoS Data,128,34,-41,920,2,8,0,0,0,0,0,1,720,0
6085,2026-06-26T09:50:52.616150000Z,Authentication,166,34,-60,920,0,11,0,0,0,0,0,0,0,0
6086,2026-06-26T09:50:52.630781000Z,Authentication,166,34,-39,920,0,11,0,0,0,0,0,0,720,0
6087,2026-06-26T09:50:52.637391000Z,Authentication,166,34,-38,920,0,11,0,0,1,0,0,0,720,0
6088,2026-06-26T09:50:52.643800000Z,Authentication,166,34,-39,920,0,11,0,0,1,0,0,0,720,0
6089,2026-06-26T09:50:52.650367000Z,Authentication,166,34,-39,920,0,11,0,0,1,0,0,0,720,0
6090,2026-06-26T09:50:52.878308000Z,Authentication,166,34,-60,920,0,11,0,0,0,0,0,0,0,0
6091,2026-06-26T09:50:52.890808000Z,Authentication,166,34,-43,920,0,11,0,0,0,0,0,0,720,0
6092,2026-06-26T09:50:52.897215000Z,Authentication,166,34,-43,920,0,11,0,0,1,0,0,0,720,0
6093,2026-06-26T09:50:52.903776000Z,Authentication,166,34,-42,920,0,11,0,0,1,0,0,0,720,0
6094,2026-06-26T09:50:52.910289000Z,Authentication,166,34,-43,920,0,11,0,0,1,0,0,0,720,0
6095,2026-06-26T09:50:53.107683000Z,Authentication,166,34,-64,920,0,11,0,0,0,0,0,0,0,0
6096,2026-06-26T09:50:53.120802000Z,Authentication,166,34,-40,920,0,11,0,0,0,0,0,0,720,0
6097,2026-06-26T09:50:53.126167000Z,Authentication,166,34,-42,920,0,11,0,0,1,0,0,0,720,0
6098,2026-06-26T09:50:53.132734000Z,Authentication,166,34,-40,920,0,11,0,0,1,0,0,0,720,0
6099,2026-06-26T09:50:53.139510000Z,Authentication,166,34,-39,920,0,11,0,0,1,0,0,0,720,0
6100,2026-06-26T09:50:53.363494000Z,Data,287,34,-37,920,2,0,0,0,0,0,0,1,0,0
6101,2026-06-26T09:50:53.369831000Z,Authentication,166,34,-61,920,0,11,0,0,0,0,0,0,0,0
6102,2026-06-26T09:50:53.377149000Z,Authentication,166,34,-38,920,0,11,0,0,0,0,0,0,720,0
6103,2026-06-26T09:50:53.383867000Z,Authentication,166,34,-39,920,0,11,0,0,1,0,0,0,720,0
6104,2026-06-26T09:50:53.390328000Z,Authentication,166,34,-38,920,0,11,0,0,1,0,0,0,720,0
6105,2026-06-26T09:50:53.396942000Z,Authentication,166,34,-38,920,0,11,0,0,1,0,0,0,720,0
6106,2026-06-26T09:50:53.631984000Z,Authentication,166,34,-59,920,0,11,0,0,0,0,0,0,0,0
6107,2026-06-26T09:50:53.640837000Z,Authentication,166,34,-40,920,0,11,0,0,0,0,0,0,720,0
6108,2026-06-26T09:50:53.647548000Z,Authentication,166,34,-42,920,0,11,0,0,1,0,0,0,720,0
6109,2026-06-26T09:50:53.654065000Z,Authentication,166,34,-41,920,0,11,0,0,1,0,0,0,720,0
6110,2026-06-26T09:50:53.660625000Z,Authentication,166,34,-40,920,0,11,0,0,1,0,0,0,720,0
6111,2026-06-26T09:50:53.874675000Z,Authentication,166,34,-65,920,0,11,0,0,0,0,0,0,0,0
6112,2026-06-26T09:50:53.890854000Z,Authentication,166,34,-42,920,0,11,0,0,0,0,0,0,720,0
6113,2026-06-26T09:50:53.897366000Z,Authentication,166,34,-41,920,0,11,0,0,1,0,0,0,720,0
6114,2026-06-26T09:50:53.902842000Z,Authentication,166,34,-40,920,0,11,0,0,1,0,0,0,720,0
6115,2026-06-26T09:50:53.909301000Z,Authentication,166,34,-42,920,0,11,0,0,1,0,0,0,720,0
6116,2026-06-26T09:50:54.080109000Z,S1G Beacon,61,34,-41,920,3,1,,,,,,,0,0
6117,2026-06-26T09:50:54.123509000Z,Authentication,166,34,-59,920,0,11,0,0,0,0,0,0,0,0
6118,2026-06-26T09:50:54.131067000Z,Authentication,166,34,-42,920,0,11,0,0,0,0,0,0,720,0
6119,2026-06-26T09:50:54.137785000Z,Authentication,166,34,-41,920,0,11,0,0,1,0,0,0,720,0
6120,2026-06-26T09:50:54.144297000Z,Authentication,166,34,-40,920,0,11,0,0,1,0,0,0,720,0
6121,2026-06-26T09:50:54.151068000Z,Authentication,166,34,-41,920,0,11,0,0,1,0,0,0,720,0
6122,2026-06-26T09:50:54.385690000Z,Authentication,166,34,-59,920,0,11,0,0,0,0,0,0,0,0
6123,2026-06-26T09:50:54.398935000Z,Authentication,166,34,-44,920,0,11,0,0,0,0,0,0,720,0
6124,2026-06-26T09:50:54.405655000Z,Authentication,166,34,-44,920,0,11,0,0,1,0,0,0,720,0
6125,2026-06-26T09:50:54.412062000Z,Authentication,166,34,-41,920,0,11,0,0,1,0,0,0,720,0
6126,2026-06-26T09:50:54.418620000Z,Authentication,166,34,-46,920,0,11,0,0,1,0,0,0,720,0
6127,2026-06-26T09:50:54.647814000Z,Authentication,166,34,-60,920,0,11,0,0,0,0,0,0,0,0
6128,2026-06-26T09:50:54.889478000Z,Authentication,166,34,-59,920,0,11,0,0,0,0,0,0,0,0
6129,2026-06-26T09:50:54.901132000Z,S1G Beacon,129,34,-44,920,3,1,,,,,,,0,0
6130,2026-06-26T09:50:54.905876000Z,Authentication,166,34,-42,920,0,11,0,0,0,0,0,0,720,0
6131,2026-06-26T09:50:54.912497000Z,Authentication,166,34,-43,920,0,11,0,0,1,0,0,0,720,0
6132,2026-06-26T09:50:54.919110000Z,Authentication,166,34,-42,920,0,11,0,0,1,0,0,0,720,0
6133,2026-06-26T09:50:54.925674000Z,Authentication,166,34,-43,920,0,11,0,0,1,0,0,0,720,0
6134,2026-06-26T09:50:55.139341000Z,Authentication,166,34,-60,920,0,11,0,0,0,0,0,0,0,0
6135,2026-06-26T09:50:55.150844000Z,Authentication,166,34,-43,920,0,11,0,0,0,0,0,0,720,0
6136,2026-06-26T09:50:55.157512000Z,Authentication,166,34,-40,920,0,11,0,0,1,0,0,0,720,0
6137,2026-06-26T09:50:55.162724000Z,Authentication,166,34,-40,920,0,11,0,0,1,0,0,0,720,0
6138,2026-06-26T09:50:55.169341000Z,Authentication,166,34,-43,920,0,11,0,0,1,0,0,0,720,0
6139,2026-06-26T09:50:55.401512000Z,Authentication,166,34,-60,920,0,11,0,0,0,0,0,0,0,0
6140,2026-06-26T09:50:55.410841000Z,Authentication,166,34,-42,920,0,11,0,0,0,0,0,0,720,0
6141,2026-06-26T09:50:55.417609000Z,Authentication,166,34,-42,920,0,11,0,0,1,0,0,0,720,0
6142,2026-06-26T09:50:55.423444000Z,Authentication,166,34,-42,920,0,11,0,0,1,0,0,0,720,0
6143,2026-06-26T09:50:55.430062000Z,Authentication,166,34,-43,920,0,11,0,0,1,0,0,0,720,0
6144,2026-06-26T09:50:55.660563000Z,Authentication,166,34,-62,920,0,11,0,0,0,0,0,0,0,0
6145,2026-06-26T09:50:55.671079000Z,Authentication,166,34,-42,920,0,11,0,0,0,0,0,0,720,0
6146,2026-06-26T09:50:55.677801000Z,Authentication,166,34,-41,920,0,11,0,0,1,0,0,0,720,0
6147,2026-06-26T09:50:55.684261000Z,Authentication,166,34,-43,920,0,11,0,0,1,0,0,0,720,0
6148,2026-06-26T09:50:55.690720000Z,Authentication,166,34,-41,920,0,11,0,0,1,0,0,0,720,0
6149,2026-06-26T09:50:55.718555000Z,S1G Beacon,61,34,-43,920,3,1,,,,,,,0,0
6150,2026-06-26T09:50:55.893034000Z,Authentication,166,34,-59,920,0,11,0,0,0,0,0,0,0,0
6151,2026-06-26T09:50:55.910779000Z,Authentication,166,34,-41,920,0,11,0,0,0,0,0,0,720,0
6152,2026-06-26T09:50:55.917187000Z,Authentication,166,34,-39,920,0,11,0,0,1,0,0,0,720,0
6153,2026-06-26T09:50:55.923127000Z,Authentication,166,34,-39,920,0,11,0,0,1,0,0,0,720,0
6154,2026-06-26T09:50:55.929899000Z,Authentication,166,34,-39,920,0,11,0,0,1,0,0,0,720,0
6156,2026-06-26T09:50:56.155172000Z,Authentication,166,34,-59,920,0,11,0,0,0,0,0,0,0,0
6157,2026-06-26T09:50:56.170838000Z,Authentication,166,34,-42,920,0,11,0,0,0,0,0,0,720,0
6158,2026-06-26T09:50:56.177609000Z,Authentication,166,34,-41,920,0,11,0,0,1,0,0,0,720,0
6159,2026-06-26T09:50:56.184068000Z,Authentication,166,34,-42,920,0,11,0,0,1,0,0,0,720,0
6160,2026-06-26T09:50:56.190582000Z,Authentication,166,34,-43,920,0,11,0,0,1,0,0,0,720,0
6161,2026-06-26T09:50:56.387559000Z,Data,287,34,-39,920,2,0,0,0,0,0,0,1,0,0
6162,2026-06-26T09:50:56.417339000Z,Authentication,166,34,-60,920,0,11,0,0,0,0,0,0,0,0
6163,2026-06-26T09:50:56.430904000Z,Authentication,166,34,-41,920,0,11,0,0,0,0,0,0,720,0
6164,2026-06-26T09:50:56.437572000Z,Authentication,166,34,-40,920,0,11,0,0,1,0,0,0,720,0
6165,2026-06-26T09:50:56.444191000Z,Authentication,166,34,-40,920,0,11,0,0,1,0,0,0,720,0
6166,2026-06-26T09:50:56.450858000Z,Authentication,166,34,-40,920,0,11,0,0,1,0,0,0,720,0
6167,2026-06-26T09:50:56.539575000Z,S1G Beacon,129,34,-40,920,3,1,,,,,,,0,0
6168,2026-06-26T09:50:56.661120000Z,Authentication,166,34,-40,920,0,11,0,0,0,0,0,0,720,0
6169,2026-06-26T09:50:56.667673000Z,Authentication,166,34,-40,920,0,11,0,0,1,0,0,0,720,0
6170,2026-06-26T09:50:56.674083000Z,Authentication,166,34,-40,920,0,11,0,0,1,0,0,0,720,0
6171,2026-06-26T09:50:56.680494000Z,Authentication,166,34,-39,920,0,11,0,0,1,0,0,0,720,0
6172,2026-06-26T09:50:56.908862000Z,Authentication,166,34,-60,920,0,11,0,0,0,0,0,0,0,0
6173,2026-06-26T09:50:56.915908000Z,Authentication,166,34,-39,920,0,11,0,0,0,0,0,0,720,0
6174,2026-06-26T09:50:56.922680000Z,Authentication,166,34,-39,920,0,11,0,0,1,0,0,0,720,0
6175,2026-06-26T09:50:56.929350000Z,Authentication,166,34,-39,920,0,11,0,0,1,0,0,0,720,0
6176,2026-06-26T09:50:56.935907000Z,Authentication,166,34,-38,920,0,11,0,0,1,0,0,0,720,0
6177,2026-06-26T09:50:57.170997000Z,Authentication,166,34,-60,920,0,11,0,0,0,0,0,0,0,0
6178,2026-06-26T09:50:57.180892000Z,Authentication,166,34,-35,920,0,11,0,0,0,0,0,0,720,0
6179,2026-06-26T09:50:57.187299000Z,Authentication,166,34,-36,920,0,11,0,0,1,0,0,0,720,0
6180,2026-06-26T09:50:57.193861000Z,Authentication,166,34,-35,920,0,11,0,0,1,0,0,0,720,0
6181,2026-06-26T09:50:57.200427000Z,Authentication,166,34,-35,920,0,11,0,0,1,0,0,0,720,0
6182,2026-06-26T09:50:57.357002000Z,S1G Beacon,61,34,-35,920,3,1,,,,,,,0,0
6183,2026-06-26T09:50:57.409592000Z,Authentication,166,34,-62,920,0,11,0,0,0,0,0,0,0,0
6184,2026-06-26T09:50:57.420883000Z,Authentication,166,34,-35,920,0,11,0,0,0,0,0,0,720,0
6185,2026-06-26T09:50:57.427655000Z,Authentication,166,34,-36,920,0,11,0,0,1,0,0,0,720,0
6186,2026-06-26T09:50:57.433832000Z,Authentication,166,34,-36,920,0,11,0,0,1,0,0,0,720,0
6187,2026-06-26T09:50:57.439284000Z,Authentication,166,34,-36,920,0,11,0,0,1,0,0,0,720,0
6188,2026-06-26T09:50:57.441798000Z,QoS Data,149,34,-19,920,2,8,1,0,0,0,0,1,720,0
6190,2026-06-26T09:50:57.444137000Z,QoS Data,149,34,-39,920,2,8,0,0,0,0,0,1,720,0
6192,2026-06-26T09:50:57.450043000Z,QoS Data,131,34,-14,920,2,8,1,0,0,0,0,1,720,0
6194,2026-06-26T09:50:57.452274000Z,QoS Data,131,34,-39,920,2,8,0,0,0,0,0,1,720,0
6196,2026-06-26T09:50:57.538688000Z,QoS Data,128,34,-20,920,2,8,1,0,0,0,0,1,720,0
6198,2026-06-26T09:50:57.541509000Z,QoS Data,128,34,-39,920,2,8,0,0,0,0,0,1,720,0
6200,2026-06-26T09:50:57.662527000Z,Authentication,166,34,-59,920,0,11,0,0,0,0,0,0,0,0
6201,2026-06-26T09:50:57.670916000Z,Authentication,166,34,-37,920,0,11,0,0,0,0,0,0,720,0
6202,2026-06-26T09:50:57.677373000Z,Authentication,166,34,-37,920,0,11,0,0,1,0,0,0,720,0
6203,2026-06-26T09:50:57.683833000Z,Authentication,166,34,-36,920,0,11,0,0,1,0,0,0,720,0
6204,2026-06-26T09:50:57.690453000Z,Authentication,166,34,-37,920,0,11,0,0,1,0,0,0,720,0
6205,2026-06-26T09:50:57.924692000Z,Authentication,166,34,-60,920,0,11,0,0,0,0,0,0,0,0
6206,2026-06-26T09:50:57.940865000Z,Authentication,166,34,-37,920,0,11,0,0,0,0,0,0,720,0
6207,2026-06-26T09:50:57.947319000Z,Authentication,166,34,-37,920,0,11,0,0,1,0,0,0,720,0
6208,2026-06-26T09:50:57.954049000Z,Authentication,166,34,-39,920,0,11,0,0,1,0,0,0,720,0
6209,2026-06-26T09:50:57.960550000Z,Authentication,166,34,-37,920,0,11,0,0,1,0,0,0,720,0
6210,2026-06-26T09:50:58.178030000Z,S1G Beacon,129,34,-36,920,3,1,,,,,,,0,0
6211,2026-06-26T09:50:58.186823000Z,Authentication,166,34,-60,920,0,11,0,0,0,0,0,0,0,0
6212,2026-06-26T09:50:58.198492000Z,Authentication,166,34,-34,920,0,11,0,0,0,0,0,0,720,0
6213,2026-06-26T09:50:58.203962000Z,Authentication,166,34,-39,920,0,11,0,0,1,0,0,0,720,0
6214,2026-06-26T09:50:58.210734000Z,Authentication,166,34,-37,920,0,11,0,0,1,0,0,0,720,0
6215,2026-06-26T09:50:58.217449000Z,Authentication,166,34,-37,920,0,11,0,0,1,0,0,0,720,0
6216,2026-06-26T09:50:58.416214000Z,Authentication,166,34,-60,920,0,11,0,0,0,0,0,0,0,0
6217,2026-06-26T09:50:58.430937000Z,Authentication,166,34,-37,920,0,11,0,0,0,0,0,0,720,0
6218,2026-06-26T09:50:58.437710000Z,Authentication,166,34,-38,920,0,11,0,0,1,0,0,0,720,0
6219,2026-06-26T09:50:58.444378000Z,Authentication,166,34,-37,920,0,11,0,0,1,0,0,0,720,0
6220,2026-06-26T09:50:58.450890000Z,Authentication,166,34,-37,920,0,11,0,0,1,0,0,0,720,0
6221,2026-06-26T09:50:58.678386000Z,Authentication,166,34,-60,920,0,11,0,0,0,0,0,0,0,0
6222,2026-06-26T09:50:58.691006000Z,Authentication,166,34,-36,920,0,11,0,0,0,0,0,0,720,0
6223,2026-06-26T09:50:58.697671000Z,Authentication,166,34,-37,920,0,11,0,0,1,0,0,0,720,0
6224,2026-06-26T09:50:58.704400000Z,Authentication,166,34,-37,920,0,11,0,0,1,0,0,0,720,0
6225,2026-06-26T09:50:58.710026000Z,Authentication,166,34,-36,920,0,11,0,0,1,0,0,0,720,0
6226,2026-06-26T09:50:58.940508000Z,Authentication,166,34,-61,920,0,11,0,0,0,0,0,0,0,0
6227,2026-06-26T09:50:58.950924000Z,Authentication,166,34,-37,920,0,11,0,0,0,0,0,0,720,0
6228,2026-06-26T09:50:58.957424000Z,Authentication,166,34,-37,920,0,11,0,0,1,0,0,0,720,0
6229,2026-06-26T09:50:58.963937000Z,Authentication,166,34,-38,920,0,11,0,0,1,0,0,0,720,0
6230,2026-06-26T09:50:58.970662000Z,Authentication,166,34,-37,920,0,11,0,0,1,0,0,0,720,0
6231,2026-06-26T09:50:58.995454000Z,S1G Beacon,61,34,-37,920,3,1,,,,,,,0,0
6232,2026-06-26T09:50:59.411587000Z,Data,287,34,-36,920,2,0,0,0,0,0,0,1,0,0
6233,2026-06-26T09:50:59.432035000Z,Authentication,166,34,-60,920,0,11,0,0,0,0,0,0,0,0
6234,2026-06-26T09:50:59.440890000Z,Authentication,166,34,-34,920,0,11,0,0,0,0,0,0,720,0
6235,2026-06-26T09:50:59.446827000Z,Authentication,166,34,-36,920,0,11,0,0,1,0,0,0,720,0
6236,2026-06-26T09:50:59.453289000Z,Authentication,166,34,-35,920,0,11,0,0,1,0,0,0,720,0
6237,2026-06-26T09:50:59.459953000Z,Authentication,166,34,-34,920,0,11,0,0,1,0,0,0,720,0
6238,2026-06-26T09:50:59.694202000Z,Authentication,166,34,-60,920,0,11,0,0,0,0,0,0,0,0
6239,2026-06-26T09:50:59.705485000Z,Authentication,166,34,-33,920,0,11,0,0,0,0,0,0,720,0
6240,2026-06-26T09:50:59.711998000Z,Authentication,166,34,-33,920,0,11,0,0,1,0,0,0,720,0
6241,2026-06-26T09:50:59.718504000Z,Authentication,166,34,-32,920,0,11,0,0,1,0,0,0,720,0
6242,2026-06-26T09:50:59.725016000Z,Authentication,166,34,-33,920,0,11,0,0,1,0,0,0,720,0
6243,2026-06-26T09:50:59.816478000Z,S1G Beacon,129,34,-32,920,3,1,,,,,,,0,0
6244,2026-06-26T09:51:00.185718000Z,Authentication,166,34,-59,920,0,11,0,0,0,0,0,0,0,0
6245,2026-06-26T09:51:00.201025000Z,Authentication,166,34,-29,920,0,11,0,0,0,0,0,0,720,0
6246,2026-06-26T09:51:00.207436000Z,Authentication,166,34,-30,920,0,11,0,0,1,0,0,0,720,0
6247,2026-06-26T09:51:00.214204000Z,Authentication,166,34,-31,920,0,11,0,0,1,0,0,0,720,0
6248,2026-06-26T09:51:00.219624000Z,Authentication,166,34,-30,920,0,11,0,0,1,0,0,0,720,0
6249,2026-06-26T09:51:00.447861000Z,Authentication,166,34,-59,920,0,11,0,0,0,0,0,0,0,0
6250,2026-06-26T09:51:00.460927000Z,Authentication,166,34,-34,920,0,11,0,0,0,0,0,0,720,0
6251,2026-06-26T09:51:00.467595000Z,Authentication,166,34,-36,920,0,11,0,0,1,0,0,0,720,0
6252,2026-06-26T09:51:00.474214000Z,Authentication,166,34,-35,920,0,11,0,0,1,0,0,0,720,0
6253,2026-06-26T09:51:00.479473000Z,Authentication,166,34,-36,920,0,11,0,0,1,0,0,0,720,0
6254,2026-06-26T09:51:00.633914000Z,S1G Beacon,61,34,-43,920,3,1,,,,,,,0,0
6255,2026-06-26T09:51:00.705912000Z,Authentication,166,34,-59,920,0,11,0,0,0,0,0,0,0,0
6256,2026-06-26T09:51:00.716067000Z,Authentication,166,34,-47,920,0,11,0,0,0,0,0,0,720,0
6257,2026-06-26T09:51:00.729347000Z,Authentication,166,34,-46,920,0,11,0,0,1,0,0,0,720,0
6258,2026-06-26T09:51:00.735805000Z,Authentication,166,34,-47,920,0,11,0,0,1,0,0,0,720,0
6259,2026-06-26T09:51:00.939390000Z,Authentication,166,34,-60,920,0,11,0,0,0,0,0,0,0,0
6260,2026-06-26T09:51:00.957805000Z,Authentication,166,34,-49,920,0,11,0,0,1,0,0,0,720,0
6261,2026-06-26T09:51:00.964314000Z,Authentication,166,34,-50,920,0,11,0,0,1,0,0,0,720,0
6262,2026-06-26T09:51:01.201544000Z,Authentication,166,34,-60,920,0,11,0,0,0,0,0,0,0,0
6263,2026-06-26T09:51:01.211000000Z,Authentication,166,34,-48,920,0,11,0,0,0,0,0,0,720,0
6264,2026-06-26T09:51:01.216001000Z,Authentication,166,34,-47,920,0,11,0,0,1,0,0,0,720,0
6265,2026-06-26T09:51:01.222565000Z,Authentication,166,34,-48,920,0,11,0,0,1,0,0,0,720,0
6266,2026-06-26T09:51:01.228964000Z,Authentication,166,34,-50,920,0,11,0,0,1,0,0,0,720,0
6267,2026-06-26T09:51:01.454932000Z,S1G Beacon,129,34,-40,920,3,1,,,,,,,0,0
6268,2026-06-26T09:51:01.463690000Z,Authentication,166,34,-59,920,0,11,0,0,0,0,0,0,0,0
6269,2026-06-26T09:51:01.470988000Z,Authentication,166,34,-41,920,0,11,0,0,0,0,0,0,720,0
6270,2026-06-26T09:51:01.477395000Z,Authentication,166,34,-40,920,0,11,0,0,1,0,0,0,720,0
6271,2026-06-26T09:51:01.483955000Z,Authentication,166,34,-41,920,0,11,0,0,1,0,0,0,720,0
6272,2026-06-26T09:51:01.490575000Z,Authentication,166,34,-40,920,0,11,0,0,1,0,0,0,720,0
6273,2026-06-26T09:51:01.693086000Z,Authentication,166,34,-60,920,0,11,0,0,0,0,0,0,0,0
6274,2026-06-26T09:51:01.710928000Z,Authentication,166,34,-36,920,0,11,0,0,0,0,0,0,720,0
6275,2026-06-26T09:51:01.717379000Z,Authentication,166,34,-37,920,0,11,0,0,1,0,0,0,720,0
6276,2026-06-26T09:51:01.723787000Z,Authentication,166,34,-36,920,0,11,0,0,1,0,0,0,720,0
6277,2026-06-26T09:51:01.730510000Z,Authentication,166,34,-38,920,0,11,0,0,1,0,0,0,720,0
6278,2026-06-26T09:51:01.802420000Z,QoS Data,88,34,-17,920,2,8,1,0,0,0,0,1,720,0
6280,2026-06-26T09:51:01.955222000Z,Authentication,166,34,-60,920,0,11,0,0,0,0,0,0,0,0
6281,2026-06-26T09:51:01.970995000Z,Authentication,166,34,-31,920,0,11,0,0,0,0,0,0,720,0
6282,2026-06-26T09:51:01.977500000Z,Authentication,166,34,-31,920,0,11,0,0,1,0,0,0,720,0
6283,2026-06-26T09:51:01.984272000Z,Authentication,166,34,-34,920,0,11,0,0,1,0,0,0,720,0
6284,2026-06-26T09:51:01.990738000Z,Authentication,166,34,-33,920,0,11,0,0,1,0,0,0,720,0
6285,2026-06-26T09:51:02.217381000Z,Authentication,166,34,-60,920,0,11,0,0,0,0,0,0,0,0
6286,2026-06-26T09:51:02.228632000Z,Authentication,166,34,-34,920,0,11,0,0,0,0,0,0,720,0
6287,2026-06-26T09:51:02.235285000Z,Authentication,166,34,-31,920,0,11,0,0,1,0,0,0,720,0
6288,2026-06-26T09:51:02.241174000Z,Authentication,166,34,-32,920,0,11,0,0,1,0,0,0,720,0
6289,2026-06-26T09:51:02.247682000Z,Authentication,166,34,-33,920,0,11,0,0,1,0,0,0,720,0
6290,2026-06-26T09:51:02.272349000Z,S1G Beacon,61,34,-31,920,3,1,,,,,,,0,0
6291,2026-06-26T09:51:02.435767000Z,Data,287,34,-31,920,2,0,0,0,0,0,0,1,0,0
6292,2026-06-26T09:51:02.453916000Z,Authentication,166,34,-60,920,0,11,0,0,0,0,0,0,0,0
6293,2026-06-26T09:51:02.464817000Z,QoS Data,148,34,-17,920,2,8,1,0,0,0,0,1,720,0
6295,2026-06-26T09:51:02.470227000Z,Authentication,166,34,-30,920,0,11,0,0,0,0,0,0,720,0
6296,2026-06-26T09:51:02.476688000Z,Authentication,166,34,-33,920,0,11,0,0,1,0,0,0,720,0
6297,2026-06-26T09:51:02.483255000Z,Authentication,166,34,-32,920,0,11,0,0,1,0,0,0,720,0
6298,2026-06-26T09:51:02.489819000Z,Authentication,166,34,-33,920,0,11,0,0,1,0,0,0,720,0
6299,2026-06-26T09:51:02.511622000Z,QoS Data,148,34,-36,920,2,8,0,0,0,0,0,1,720,0
6301,2026-06-26T09:51:02.517377000Z,QoS Data,131,34,-14,920,2,8,1,0,0,0,0,1,720,0
6303,2026-06-26T09:51:02.519444000Z,QoS Data,131,34,-36,920,2,8,0,0,0,0,0,1,720,0
6305,2026-06-26T09:51:02.538826000Z,QoS Data,128,34,-18,920,2,8,1,0,0,0,0,1,720,0
6307,2026-06-26T09:51:02.540866000Z,QoS Data,128,34,-37,920,2,8,0,0,0,0,0,1,720,0
6309,2026-06-26T09:51:02.708927000Z,Authentication,166,34,-58,920,0,11,0,0,0,0,0,0,0,0
6310,2026-06-26T09:51:02.719867000Z,Authentication,166,34,-34,920,0,11,0,0,0,0,0,0,720,0
6311,2026-06-26T09:51:02.726690000Z,Authentication,166,34,-35,920,0,11,0,0,1,0,0,0,720,0
6312,2026-06-26T09:51:02.733099000Z,Authentication,166,34,-33,920,0,11,0,0,1,0,0,0,720,0
6313,2026-06-26T09:51:02.738987000Z,Authentication,166,34,-34,920,0,11,0,0,1,0,0,0,720,0
6314,2026-06-26T09:51:02.981108000Z,Authentication,166,34,-34,920,0,11,0,0,0,0,0,0,720,0
6315,2026-06-26T09:51:02.987714000Z,Authentication,166,34,-33,920,0,11,0,0,1,0,0,0,720,0
6316,2026-06-26T09:51:02.994229000Z,Authentication,166,34,-33,920,0,11,0,0,1,0,0,0,720,0
6317,2026-06-26T09:51:03.000682000Z,Authentication,166,34,-34,920,0,11,0,0,1,0,0,0,720,0
6318,2026-06-26T09:51:03.093387000Z,S1G Beacon,129,34,-33,920,3,1,,,,,,,0,0
6319,2026-06-26T09:51:03.226034000Z,Authentication,166,34,-59,920,0,11,0,0,0,0,0,0,0,0
6320,2026-06-26T09:51:03.241020000Z,Authentication,166,34,-35,920,0,11,0,0,0,0,0,0,720,0
6321,2026-06-26T09:51:03.246491000Z,Authentication,166,34,-33,920,0,11,0,0,1,0,0,0,720,0
6322,2026-06-26T09:51:03.253262000Z,Authentication,166,34,-34,920,0,11,0,0,1,0,0,0,720,0
6323,2026-06-26T09:51:03.259775000Z,Authentication,166,34,-33,920,0,11,0,0,1,0,0,0,720,0
6324,2026-06-26T09:51:03.462575000Z,Authentication,166,34,-61,920,0,11,0,0,0,0,0,0,0,0
6325,2026-06-26T09:51:03.471068000Z,Authentication,166,34,-33,920,0,11,0,0,0,0,0,0,720,0
6326,2026-06-26T09:51:03.477577000Z,Authentication,166,34,-34,920,0,11,0,0,1,0,0,0,720,0
6327,2026-06-26T09:51:03.484246000Z,Authentication,166,34,-33,920,0,11,0,0,1,0,0,0,720,0
6328,2026-06-26T09:51:03.489561000Z,Authentication,166,34,-33,920,0,11,0,0,1,0,0,0,720,0
6329,2026-06-26T09:51:03.724749000Z,Authentication,166,34,-60,920,0,11,0,0,0,0,0,0,0,0
6330,2026-06-26T09:51:03.741071000Z,Authentication,166,34,-34,920,0,11,0,0,0,0,0,0,720,0
6331,2026-06-26T09:51:03.747475000Z,Authentication,166,34,-34,920,0,11,0,0,1,0,0,0,720,0
6332,2026-06-26T09:51:03.754092000Z,Authentication,166,34,-34,920,0,11,0,0,1,0,0,0,720,0
6333,2026-06-26T09:51:03.760657000Z,Authentication,166,34,-34,920,0,11,0,0,1,0,0,0,720,0
6334,2026-06-26T09:51:03.910803000Z,S1G Beacon,61,34,-33,920,3,1,,,,,,,0,0
6335,2026-06-26T09:51:03.986881000Z,Authentication,166,34,-59,920,0,11,0,0,0,0,0,0,0,0
6336,2026-06-26T09:51:04.001036000Z,Authentication,166,34,-33,920,0,11,0,0,0,0,0,0,720,0
6337,2026-06-26T09:51:04.006806000Z,Authentication,166,34,-34,920,0,11,0,0,1,0,0,0,720,0
6338,2026-06-26T09:51:04.013526000Z,Authentication,166,34,-35,920,0,11,0,0,1,0,0,0,720,0
6339,2026-06-26T09:51:04.020295000Z,Authentication,166,34,-34,920,0,11,0,0,1,0,0,0,720,0
6340,2026-06-26T09:51:04.218313000Z,Authentication,166,34,-60,920,0,11,0,0,0,0,0,0,0,0
6341,2026-06-26T09:51:04.226692000Z,Authentication,166,34,-34,920,0,11,0,0,0,0,0,0,720,0
6342,2026-06-26T09:51:04.233461000Z,Authentication,166,34,-35,920,0,11,0,0,1,0,0,0,720,0
6343,2026-06-26T09:51:04.240193000Z,Authentication,166,34,-33,920,0,11,0,0,1,0,0,0,720,0
6344,2026-06-26T09:51:04.246753000Z,Authentication,166,34,-35,920,0,11,0,0,1,0,0,0,720,0
6345,2026-06-26T09:51:04.478408000Z,Authentication,166,34,-60,920,0,11,0,0,0,0,0,0,0,0
6346,2026-06-26T09:51:04.491058000Z,Authentication,166,34,-35,920,0,11,0,0,0,0,0,0,720,0
6347,2026-06-26T09:51:04.497569000Z,Authentication,166,34,-35,920,0,11,0,0,1,0,0,0,720,0
6348,2026-06-26T09:51:04.504032000Z,Authentication,166,34,-33,920,0,11,0,0,1,0,0,0,720,0
6349,2026-06-26T09:51:04.510542000Z,Authentication,166,34,-35,920,0,11,0,0,1,0,0,0,720,0
6350,2026-06-26T09:51:04.555095000Z,Disassociation,64,34,-34,920,0,10,0,0,0,0,0,0,720,0
6351,2026-06-26T09:51:04.558832000Z,Disassociation,64,34,-33,920,0,10,0,0,1,0,0,0,720,0
6352,2026-06-26T09:51:04.562568000Z,Disassociation,64,34,-34,920,0,10,0,0,1,0,0,0,720,0
6353,2026-06-26T09:51:04.566618000Z,Disassociation,64,34,-34,920,0,10,0,0,1,0,0,0,720,0
6354,2026-06-26T09:51:04.731866000Z,S1G Beacon,129,34,-33,920,3,1,,,,,,,0,0
6355,2026-06-26T09:51:04.740556000Z,Authentication,166,34,-62,920,0,11,0,0,0,0,0,0,0,0
6356,2026-06-26T09:51:04.751067000Z,Authentication,166,34,-32,920,0,11,0,0,0,0,0,0,720,0
6357,2026-06-26T09:51:04.757633000Z,Authentication,166,34,-34,920,0,11,0,0,1,0,0,0,720,0
6358,2026-06-26T09:51:04.764037000Z,Authentication,166,34,-33,920,0,11,0,0,1,0,0,0,720,0
6359,2026-06-26T09:51:04.987348000Z,Authentication,166,34,-60,920,0,11,0,0,0,0,0,0,0,0
6360,2026-06-26T09:51:05.001277000Z,Authentication,166,34,-34,920,0,11,0,0,0,0,0,0,720,0
6361,2026-06-26T09:51:05.007785000Z,Authentication,166,34,-34,920,0,11,0,0,1,0,0,0,720,0
6362,2026-06-26T09:51:05.014247000Z,Authentication,166,34,-34,920,0,11,0,0,1,0,0,0,720,0
6363,2026-06-26T09:51:05.020918000Z,Authentication,166,34,-35,920,0,11,0,0,1,0,0,0,720,0
6364,2026-06-26T09:51:05.232098000Z,Authentication,166,34,-63,920,0,11,0,0,0,0,0,0,0,0
6365,2026-06-26T09:51:05.241254000Z,Authentication,166,34,-34,920,0,11,0,0,0,0,0,0,720,0
6366,2026-06-26T09:51:05.248076000Z,Authentication,166,34,-35,920,0,11,0,0,1,0,0,0,720,0
6367,2026-06-26T09:51:05.254791000Z,Authentication,166,34,-35,920,0,11,0,0,1,0,0,0,720,0
6368,2026-06-26T09:51:05.261357000Z,Authentication,166,34,-35,920,0,11,0,0,1,0,0,0,720,0
6369,2026-06-26T09:51:05.459825000Z,Data,287,34,-33,920,2,0,0,0,0,0,0,1,0,0
6370,2026-06-26T09:51:05.494234000Z,Authentication,166,34,-63,920,0,11,0,0,0,0,0,0,0,0
6371,2026-06-26T09:51:05.511003000Z,Authentication,166,34,-32,920,0,11,0,0,0,0,0,0,720,0
6372,2026-06-26T09:51:05.517566000Z,Authentication,166,34,-32,920,0,11,0,0,1,0,0,0,720,0
6373,2026-06-26T09:51:05.524130000Z,Authentication,166,34,-32,920,0,11,0,0,1,0,0,0,720,0
6374,2026-06-26T09:51:05.530793000Z,Authentication,166,34,-32,920,0,11,0,0,1,0,0,0,720,0
6375,2026-06-26T09:51:05.549255000Z,S1G Beacon,61,34,-31,920,3,1,,,,,,,0,0
6376,2026-06-26T09:51:05.756404000Z,Authentication,166,34,-60,920,0,11,0,0,0,0,0,0,0,0
6377,2026-06-26T09:51:05.771110000Z,Authentication,166,34,-31,920,0,11,0,0,0,0,0,0,720,0
6378,2026-06-26T09:51:05.777512000Z,Authentication,166,34,-31,920,0,11,0,0,1,0,0,0,720,0
6379,2026-06-26T09:51:05.784028000Z,Authentication,166,34,-33,920,0,11,0,0,1,0,0,0,720,0
6380,2026-06-26T09:51:05.790594000Z,Authentication,166,34,-32,920,0,11,0,0,1,0,0,0,720,0
6381,2026-06-26T09:51:05.985770000Z,Authentication,166,34,-63,920,0,11,0,0,0,0,0,0,0,0
6382,2026-06-26T09:51:06.001067000Z,Authentication,166,34,-32,920,0,11,0,0,0,0,0,0,720,0
6383,2026-06-26T09:51:06.007212000Z,Authentication,166,34,-32,920,0,11,0,0,1,0,0,0,720,0
6384,2026-06-26T09:51:06.014141000Z,Authentication,166,34,-30,920,0,11,0,0,1,0,0,0,720,0
6385,2026-06-26T09:51:06.020704000Z,Authentication,166,34,-32,920,0,11,0,0,1,0,0,0,720,0
6386,2026-06-26T09:51:06.247917000Z,Authentication,166,34,-60,920,0,11,0,0,0,0,0,0,0,0
6387,2026-06-26T09:51:06.261090000Z,Authentication,166,34,-33,920,0,11,0,0,0,0,0,0,720,0
6388,2026-06-26T09:51:06.267809000Z,Authentication,166,34,-33,920,0,11,0,0,1,0,0,0,720,0
6389,2026-06-26T09:51:06.273592000Z,Authentication,166,34,-32,920,0,11,0,0,1,0,0,0,720,0
6390,2026-06-26T09:51:06.279372000Z,Authentication,166,34,-33,920,0,11,0,0,1,0,0,0,720,0
6391,2026-06-26T09:51:06.370285000Z,S1G Beacon,129,34,-33,920,3,1,,,,,,,0,0
6392,2026-06-26T09:51:06.510064000Z,Authentication,166,34,-59,920,0,11,0,0,0,0,0,0,0,0
6393,2026-06-26T09:51:06.521101000Z,Authentication,166,34,-31,920,0,11,0,0,0,0,0,0,720,0
6394,2026-06-26T09:51:06.526471000Z,Authentication,166,34,-31,920,0,11,0,0,1,0,0,0,720,0
6395,2026-06-26T09:51:06.533086000Z,Authentication,166,34,-31,920,0,11,0,0,1,0,0,0,720,0
6396,2026-06-26T09:51:06.539856000Z,Authentication,166,34,-31,920,0,11,0,0,1,0,0,0,720,0
6397,2026-06-26T09:51:06.739450000Z,Authentication,166,34,-60,920,0,11,0,0,0,0,0,0,0,0
6398,2026-06-26T09:51:06.751054000Z,Authentication,166,34,-32,920,0,11,0,0,0,0,0,0,720,0
6399,2026-06-26T09:51:06.757514000Z,Authentication,166,34,-32,920,0,11,0,0,1,0,0,0,720,0
6400,2026-06-26T09:51:06.763816000Z,Authentication,166,34,-31,920,0,11,0,0,1,0,0,0,720,0
6401,2026-06-26T09:51:06.770329000Z,Authentication,166,34,-31,920,0,11,0,0,1,0,0,0,720,0
6402,2026-06-26T09:51:07.001626000Z,Authentication,166,34,-59,920,0,11,0,0,0,0,0,0,0,0
6403,2026-06-26T09:51:07.011126000Z,Authentication,166,34,-30,920,0,11,0,0,0,0,0,0,720,0
6404,2026-06-26T09:51:07.017690000Z,Authentication,166,34,-32,920,0,11,0,0,1,0,0,0,720,0
6405,2026-06-26T09:51:07.024406000Z,Authentication,166,34,-31,920,0,11,0,0,1,0,0,0,720,0
6406,2026-06-26T09:51:07.030813000Z,Authentication,166,34,-30,920,0,11,0,0,1,0,0,0,720,0
6407,2026-06-26T09:51:07.187701000Z,S1G Beacon,61,34,-30,920,3,1,,,,,,,0,0
6408,2026-06-26T09:51:07.263745000Z,Authentication,166,34,-60,920,0,11,0,0,0,0,0,0,0,0
6409,2026-06-26T09:51:07.493133000Z,Authentication,166,34,-61,920,0,11,0,0,0,0,0,0,0,0
6410,2026-06-26T09:51:07.507426000Z,Authentication,166,34,-29,920,0,11,0,0,0,0,0,0,720,0
6411,2026-06-26T09:51:07.514400000Z,Authentication,166,34,-29,920,0,11,0,0,1,0,0,0,720,0
6412,2026-06-26T09:51:07.521175000Z,Authentication,166,34,-30,920,0,11,0,0,1,0,0,0,720,0
6413,2026-06-26T09:51:07.527634000Z,Authentication,166,34,-29,920,0,11,0,0,1,0,0,0,720,0
6415,2026-06-26T09:51:07.534354000Z,QoS Data,149,34,-34,920,2,8,0,0,0,0,0,1,720,0
6417,2026-06-26T09:51:07.540008000Z,QoS Data,131,34,-13,920,2,8,1,0,0,0,0,1,720,0
6419,2026-06-26T09:51:07.542390000Z,QoS Data,131,34,-33,920,2,8,0,0,0,0,0,1,720,0
6421,2026-06-26T09:51:07.755281000Z,Authentication,166,34,-62,920,0,11,0,0,0,0,0,0,0,0
6422,2026-06-26T09:51:07.771308000Z,Authentication,166,34,-30,920,0,11,0,0,0,0,0,0,720,0
6423,2026-06-26T09:51:07.777818000Z,Authentication,166,34,-30,920,0,11,0,0,1,0,0,0,720,0
6424,2026-06-26T09:51:07.784332000Z,Authentication,166,34,-29,920,0,11,0,0,1,0,0,0,720,0
6425,2026-06-26T09:51:07.790743000Z,Authentication,166,34,-30,920,0,11,0,0,1,0,0,0,720,0
6426,2026-06-26T09:51:07.793374000Z,QoS Data,128,34,-17,920,2,8,1,0,0,0,0,1,720,0
6428,2026-06-26T09:51:07.796537000Z,QoS Data,128,34,-36,920,2,8,0,0,0,0,0,1,720,0
6430,2026-06-26T09:51:08.008740000Z,S1G Beacon,129,34,-31,920,3,1,,,,,,,0,0
6431,2026-06-26T09:51:08.017426000Z,Authentication,166,34,-59,920,0,11,0,0,0,0,0,0,0,0
6432,2026-06-26T09:51:08.024877000Z,Authentication,166,34,-29,920,0,11,0,0,0,0,0,0,720,0
6433,2026-06-26T09:51:08.031336000Z,Authentication,166,34,-29,920,0,11,0,0,1,0,0,0,720,0
6434,2026-06-26T09:51:08.038055000Z,Authentication,166,34,-31,920,0,11,0,0,1,0,0,0,720,0
6435,2026-06-26T09:51:08.044463000Z,Authentication,166,34,-30,920,0,11,0,0,1,0,0,0,720,0
6437,2026-06-26T09:51:08.262166000Z,Authentication,166,34,-61,920,0,11,0,0,0,0,0,0,0,0
6438,2026-06-26T09:51:08.271178000Z,Authentication,166,34,-31,920,0,11,0,0,0,0,0,0,720,0
6439,2026-06-26T09:51:08.277788000Z,Authentication,166,34,-31,920,0,11,0,0,1,0,0,0,720,0
6440,2026-06-26T09:51:08.284197000Z,Authentication,166,34,-32,920,0,11,0,0,1,0,0,0,720,0
6441,2026-06-26T09:51:08.290710000Z,Authentication,166,34,-33,920,0,11,0,0,1,0,0,0,720,0
6442,2026-06-26T09:51:08.483920000Z,Data,287,34,-47,920,2,0,0,0,0,0,0,1,0,0
6443,2026-06-26T09:51:08.521134000Z,Authentication,166,34,-43,920,0,11,0,0,0,0,0,0,720,0
6444,2026-06-26T09:51:08.527593000Z,Authentication,166,34,-45,920,0,11,0,0,1,0,0,0,720,0
6445,2026-06-26T09:51:08.533015000Z,Authentication,166,34,-43,920,0,11,0,0,1,0,0,0,720,0
6446,2026-06-26T09:51:08.539786000Z,Authentication,166,34,-43,920,0,11,0,0,1,0,0,0,720,0
6447,2026-06-26T09:51:08.771102000Z,Authentication,166,34,-60,920,0,11,0,0,0,0,0,0,0,0
6448,2026-06-26T09:51:08.781154000Z,Authentication,166,34,-46,920,0,11,0,0,0,0,0,0,720,0
6449,2026-06-26T09:51:08.787558000Z,Authentication,166,34,-46,920,0,11,0,0,1,0,0,0,720,0
6450,2026-06-26T09:51:08.793971000Z,Authentication,166,34,-44,920,0,11,0,0,1,0,0,0,720,0
6451,2026-06-26T09:51:08.800377000Z,Authentication,166,34,-47,920,0,11,0,0,1,0,0,0,720,0
6452,2026-06-26T09:51:08.826154000Z,S1G Beacon,61,34,-44,920,3,1,,,,,,,0,0
6453,2026-06-26T09:51:09.024063000Z,Authentication,166,34,-60,920,0,11,0,0,0,0,0,0,0,0
6454,2026-06-26T09:51:09.041110000Z,Authentication,166,34,-44,920,0,11,0,0,0,0,0,0,720,0
6455,2026-06-26T09:51:09.047876000Z,Authentication,166,34,-42,920,0,11,0,0,1,0,0,0,720,0
6456,2026-06-26T09:51:09.054699000Z,Authentication,166,34,-43,920,0,11,0,0,1,0,0,0,720,0
6457,2026-06-26T09:51:09.061158000Z,Authentication,166,34,-48,920,0,11,0,0,1,0,0,0,720,0
6458,2026-06-26T09:51:09.262633000Z,Authentication,166,34,-59,920,0,11,0,0,0,0,0,0,0,0
6459,2026-06-26T09:51:09.271180000Z,Authentication,166,34,-48,920,0,11,0,0,0,0,0,0,720,0
6460,2026-06-26T09:51:09.277688000Z,Authentication,166,34,-52,920,0,11,0,0,1,0,0,0,720,0
6461,2026-06-26T09:51:09.284357000Z,Authentication,166,34,-50,920,0,11,0,0,1,0,0,0,720,0
6462,2026-06-26T09:51:09.291123000Z,Authentication,166,34,-46,920,0,11,0,0,1,0,0,0,720,0
6463,2026-06-26T09:51:09.524787000Z,Authentication,166,34,-59,920,0,11,0,0,0,0,0,0,0,0
6464,2026-06-26T09:51:09.541387000Z,Authentication,166,34,-47,920,0,11,0,0,0,0,0,0,720,0
6465,2026-06-26T09:51:09.548157000Z,Authentication,166,34,-49,920,0,11,0,0,1,0,0,0,720,0
6466,2026-06-26T09:51:09.554878000Z,Authentication,166,34,-48,920,0,11,0,0,1,0,0,0,720,0
6467,2026-06-26T09:51:09.561388000Z,Authentication,166,34,-49,920,0,11,0,0,1,0,0,0,720,0
6468,2026-06-26T09:51:09.647182000Z,S1G Beacon,129,34,-46,920,3,1,,,,,,,0,0
6469,2026-06-26T09:51:09.786939000Z,Authentication,166,34,-60,920,0,11,0,0,0,0,0,0,0,0
6470,2026-06-26T09:51:09.801178000Z,Authentication,166,34,-45,920,0,11,0,0,0,0,0,0,720,0
6471,2026-06-26T09:51:09.807791000Z,Authentication,166,34,-49,920,0,11,0,0,1,0,0,0,720,0
6472,2026-06-26T09:51:09.814511000Z,Authentication,166,34,-49,920,0,11,0,0,1,0,0,0,720,0
6473,2026-06-26T09:51:10.016328000Z,Authentication,166,34,-59,920,0,11,0,0,0,0,0,0,0,0
6474,2026-06-26T09:51:10.027248000Z,Authentication,166,34,-47,920,0,11,0,0,0,0,0,0,720,0
6475,2026-06-26T09:51:10.033862000Z,Authentication,166,34,-45,920,0,11,0,0,1,0,0,0,720,0
6476,2026-06-26T09:51:10.040373000Z,Authentication,166,34,-48,920,0,11,0,0,1,0,0,0,720,0
6477,2026-06-26T09:51:10.046049000Z,Authentication,166,34,-46,920,0,11,0,0,1,0,0,0,720,0
6478,2026-06-26T09:51:10.278466000Z,Authentication,166,34,-59,920,0,11,0,0,0,0,0,0,0,0
6479,2026-06-26T09:51:10.291166000Z,Authentication,166,34,-43,920,0,11,0,0,0,0,0,0,720,0
6480,2026-06-26T09:51:10.303868000Z,Data,378,34,-46,920,2,0,0,0,0,0,0,1,0,0
6481,2026-06-26T09:51:10.308422000Z,Authentication,166,34,-44,920,0,11,0,0,1,0,0,0,720,0
6482,2026-06-26T09:51:10.321921000Z,Authentication,166,34,-43,920,0,11,0,0,1,0,0,0,720,0
6483,2026-06-26T09:51:10.406672000Z,Data,387,34,-43,920,2,0,0,0,0,0,0,1,0,0
6484,2026-06-26T09:51:10.464619000Z,S1G Beacon,61,34,-44,920,3,1,,,,,,,0,0
6485,2026-06-26T09:51:10.512271000Z,Data,450,34,-43,920,2,0,0,0,0,0,0,1,0,0
6486,2026-06-26T09:51:10.540617000Z,Authentication,166,34,-60,920,0,11,0,0,0,0,0,0,0,0
6487,2026-06-26T09:51:10.551446000Z,Authentication,166,34,-45,920,0,11,0,0,0,0,0,0,720,0
6488,2026-06-26T09:51:10.558003000Z,Authentication,166,34,-46,920,0,11,0,0,1,0,0,0,720,0
6489,2026-06-26T09:51:10.564778000Z,Authentication,166,34,-45,920,0,11,0,0,1,0,0,0,720,0
6490,2026-06-26T09:51:10.571185000Z,Authentication,166,34,-44,920,0,11,0,0,1,0,0,0,720,0
6491,2026-06-26T09:51:10.616237000Z,Data,442,34,-47,920,2,0,0,0,0,0,0,1,0,0
6492,2026-06-26T09:51:10.718844000Z,Data,387,34,-46,920,2,0,0,0,0,0,0,1,0,0
6493,2026-06-26T09:51:10.778179000Z,Authentication,166,34,-60,920,0,11,0,0,0,0,0,0,0,0
6494,2026-06-26T09:51:10.791234000Z,Authentication,166,34,-46,920,0,11,0,0,0,0,0,0,720,0
6495,2026-06-26T09:51:10.797794000Z,Authentication,166,34,-48,920,0,11,0,0,1,0,0,0,720,0
6496,2026-06-26T09:51:10.804465000Z,Authentication,166,34,-46,920,0,11,0,0,1,0,0,0,720,0
6497,2026-06-26T09:51:10.811077000Z,Authentication,166,34,-46,920,0,11,0,0,1,0,0,0,720,0
6498,2026-06-26T09:51:10.825067000Z,Data,426,34,-48,920,2,0,0,0,0,0,0,1,0,0
6499,2026-06-26T09:51:10.928622000Z,Data,458,34,-48,920,2,0,0,0,0,0,0,1,0,0
6500,2026-06-26T09:51:11.030841000Z,Data,387,34,-49,920,2,0,0,0,0,0,0,1,0,0
6501,2026-06-26T09:51:11.136218000Z,Data,446,34,-51,920,2,0,0,0,0,0,0,1,0,0
6502,2026-06-26T09:51:11.240445000Z,Data,440,34,-49,920,2,0,0,0,0,0,0,1,0,0
6503,2026-06-26T09:51:11.285675000Z,S1G Beacon,129,34,-50,920,3,1,,,,,,,0,0
6504,2026-06-26T09:51:11.294295000Z,Authentication,166,34,-61,920,0,11,0,0,0,0,0,0,0,0
6505,2026-06-26T09:51:11.301482000Z,Authentication,166,34,-47,920,0,11,0,0,0,0,0,0,720,0
6506,2026-06-26T09:51:11.308252000Z,Authentication,166,34,-49,920,0,11,0,0,1,0,0,0,720,0
6507,2026-06-26T09:51:11.314724000Z,Authentication,166,34,-48,920,0,11,0,0,1,0,0,0,720,0
6508,2026-06-26T09:51:11.321180000Z,Authentication,166,34,-47,920,0,11,0,0,1,0,0,0,720,0
6509,2026-06-26T09:51:11.342871000Z,Data,387,34,-47,920,2,0,0,0,0,0,0,1,0,0
6510,2026-06-26T09:51:11.448248000Z,Data,442,34,-45,920,2,0,0,0,0,0,0,1,0,0
6511,2026-06-26T09:51:11.535968000Z,Authentication,166,34,-61,920,0,11,0,0,0,0,0,0,0,0
6512,2026-06-26T09:51:11.551192000Z,Authentication,166,34,-48,920,0,11,0,0,0,0,0,0,720,0
6513,2026-06-26T09:51:11.565875000Z,Data,452,34,-52,920,2,0,0,0,0,0,0,1,0,0
6514,2026-06-26T09:51:11.576814000Z,Authentication,166,34,-50,920,0,11,0,0,1,0,0,0,720,0
6515,2026-06-26T09:51:11.583375000Z,Authentication,166,34,-50,920,0,11,0,0,1,0,0,0,720,0
6516,2026-06-26T09:51:11.785821000Z,Authentication,166,34,-63,920,0,11,0,0,0,0,0,0,0,0
6517,2026-06-26T09:51:11.802578000Z,Authentication,166,34,-46,920,0,11,0,0,0,0,0,0,720,0
6518,2026-06-26T09:51:11.809086000Z,Authentication,166,34,-49,920,0,11,0,0,1,0,0,0,720,0
6519,2026-06-26T09:51:11.822316000Z,Authentication,166,34,-46,920,0,11,0,0,1,0,0,0,720,0
6520,2026-06-26T09:51:12.047980000Z,Authentication,166,34,-60,920,0,11,0,0,0,0,0,0,0,0
6521,2026-06-26T09:51:12.062080000Z,Authentication,166,34,-44,920,0,11,0,0,0,0,0,0,720,0
6522,2026-06-26T09:51:12.068592000Z,Authentication,166,34,-45,920,0,11,0,0,1,0,0,0,720,0
6523,2026-06-26T09:51:12.075104000Z,Authentication,166,34,-45,920,0,11,0,0,1,0,0,0,720,0
6524,2026-06-26T09:51:12.081512000Z,Authentication,166,34,-45,920,0,11,0,0,1,0,0,0,720,0
6525,2026-06-26T09:51:12.103059000Z,S1G Beacon,61,34,-45,920,3,1,,,,,,,0,0
6526,2026-06-26T09:51:12.310134000Z,Authentication,166,34,-59,920,0,11,0,0,0,0,0,0,0,0
6527,2026-06-26T09:51:12.321263000Z,Authentication,166,34,-46,920,0,11,0,0,0,0,0,0,720,0
6528,2026-06-26T09:51:12.334498000Z,Authentication,166,34,-46,920,0,11,0,0,1,0,0,0,720,0
6529,2026-06-26T09:51:12.341115000Z,Authentication,166,34,-46,920,0,11,0,0,1,0,0,0,720,0
6530,2026-06-26T09:51:12.549751000Z,Authentication,166,34,-59,920,0,11,0,0,0,0,0,0,0,0
6531,2026-06-26T09:51:12.556792000Z,QoS Data,149,34,-19,920,2,8,1,0,0,0,0,1,720,0
6533,2026-06-26T09:51:12.562414000Z,Authentication,166,34,-46,920,0,11,0,0,0,0,0,0,720,0
6534,2026-06-26T09:51:12.568873000Z,Authentication,166,34,-47,920,0,11,0,0,1,0,0,0,720,0
6535,2026-06-26T09:51:12.575328000Z,Authentication,166,34,-45,920,0,11,0,0,1,0,0,0,720,0
6536,2026-06-26T09:51:12.581946000Z,Authentication,166,34,-45,920,0,11,0,0,1,0,0,0,720,0
6537,2026-06-26T09:51:12.676205000Z,QoS Data,149,34,-48,920,2,8,0,0,0,0,0,1,720,0
6539,2026-06-26T09:51:12.681802000Z,QoS Data,131,34,-14,920,2,8,1,0,0,0,0,1,720,0
6541,2026-06-26T09:51:12.684495000Z,QoS Data,131,34,-47,920,2,8,0,0,0,0,0,1,720,0
6543,2026-06-26T09:51:12.788854000Z,QoS Data,128,34,-17,920,2,8,1,0,0,0,0,1,720,0
6544,2026-06-26T09:51:12.790939000Z,QoS Data,128,34,-53,920,2,8,0,0,0,0,0,1,720,0
6546,2026-06-26T09:51:12.801649000Z,Authentication,166,34,-59,920,0,11,0,0,0,0,0,0,0,0
6547,2026-06-26T09:51:12.811226000Z,Authentication,166,34,-49,920,0,11,0,0,0,0,0,0,720,0
6548,2026-06-26T09:51:12.817682000Z,Authentication,166,34,-47,920,0,11,0,0,1,0,0,0,720,0
6549,2026-06-26T09:51:12.824408000Z,Authentication,166,34,-46,920,0,11,0,0,1,0,0,0,720,0
6550,2026-06-26T09:51:12.831023000Z,Authentication,166,34,-49,920,0,11,0,0,1,0,0,0,720,0
6551,2026-06-26T09:51:12.924082000Z,S1G Beacon,129,34,-46,920,3,1,,,,,,,0,0
6552,2026-06-26T09:51:13.063831000Z,Authentication,166,34,-60,920,0,11,0,0,0,0,0,0,0,0
6553,2026-06-26T09:51:13.071197000Z,Authentication,166,34,-48,920,0,11,0,0,0,0,0,0,720,0
6554,2026-06-26T09:51:13.077967000Z,Authentication,166,34,-47,920,0,11,0,0,1,0,0,0,720,0
6555,2026-06-26T09:51:13.084529000Z,Authentication,166,34,-48,920,0,11,0,0,1,0,0,0,720,0
6556,2026-06-26T09:51:13.091091000Z,Authentication,166,34,-48,920,0,11,0,0,1,0,0,0,720,0
6557,2026-06-26T09:51:13.303423000Z,Authentication,166,34,-60,920,0,11,0,0,0,0,0,0,0,0
6558,2026-06-26T09:51:13.316431000Z,Authentication,166,34,-46,920,0,11,0,0,0,0,0,0,720,0
6559,2026-06-26T09:51:13.323098000Z,Authentication,166,34,-43,920,0,11,0,0,1,0,0,0,720,0
6560,2026-06-26T09:51:13.329558000Z,Authentication,166,34,-47,920,0,11,0,0,1,0,0,0,720,0
6561,2026-06-26T09:51:13.336118000Z,Authentication,166,34,-45,920,0,11,0,0,1,0,0,0,720,0
6562,2026-06-26T09:51:13.555348000Z,Authentication,166,34,-61,920,0,11,0,0,0,0,0,0,0,0
6563,2026-06-26T09:51:13.741510000Z,S1G Beacon,61,34,-46,920,3,1,,,,,,,0,0
6564,2026-06-26T09:51:13.817476000Z,Authentication,166,34,-61,920,0,11,0,0,0,0,0,0,0,0
6565,2026-06-26T09:51:13.831483000Z,Authentication,166,34,-46,920,0,11,0,0,0,0,0,0,720,0
6566,2026-06-26T09:51:13.837890000Z,Authentication,166,34,-45,920,0,11,0,0,1,0,0,0,720,0
6567,2026-06-26T09:51:13.844614000Z,Authentication,166,34,-45,920,0,11,0,0,1,0,0,0,720,0
6568,2026-06-26T09:51:13.851074000Z,Authentication,166,34,-46,920,0,11,0,0,1,0,0,0,720,0
6569,2026-06-26T09:51:14.079643000Z,Authentication,166,34,-60,920,0,11,0,0,0,0,0,0,0,0
6570,2026-06-26T09:51:14.091237000Z,Authentication,166,34,-46,920,0,11,0,0,0,0,0,0,720,0
6571,2026-06-26T09:51:14.097711000Z,Authentication,166,34,-46,920,0,11,0,0,1,0,0,0,720,0
6572,2026-06-26T09:51:14.104264000Z,Authentication,166,34,-45,920,0,11,0,0,1,0,0,0,720,0
6573,2026-06-26T09:51:14.110725000Z,Authentication,166,34,-46,920,0,11,0,0,1,0,0,0,720,0
6574,2026-06-26T09:51:14.309015000Z,Authentication,166,34,-60,920,0,11,0,0,0,0,0,0,0,0
6575,2026-06-26T09:51:14.321389000Z,Authentication,166,34,-46,920,0,11,0,0,0,0,0,0,720,0
6576,2026-06-26T09:51:14.328152000Z,Authentication,166,34,-46,920,0,11,0,0,1,0,0,0,720,0
6577,2026-06-26T09:51:14.334557000Z,Authentication,166,34,-46,920,0,11,0,0,1,0,0,0,720,0
6578,2026-06-26T09:51:14.532877000Z,Data,287,34,-48,920,2,0,0,0,0,0,0,1,0,0
6579,2026-06-26T09:51:14.562535000Z,S1G Beacon,129,34,-45,920,3,1,,,,,,,0,0
6580,2026-06-26T09:51:14.571152000Z,Authentication,166,34,-59,920,0,11,0,0,0,0,0,0,0,0
6581,2026-06-26T09:51:14.581261000Z,Authentication,166,34,-47,920,0,11,0,0,0,0,0,0,720,0
6582,2026-06-26T09:51:14.586420000Z,Authentication,166,34,-47,920,0,11,0,0,1,0,0,0,720,0
6583,2026-06-26T09:51:14.593089000Z,Authentication,166,34,-46,920,0,11,0,0,1,0,0,0,720,0
6584,2026-06-26T09:51:14.599705000Z,Authentication,166,34,-48,920,0,11,0,0,1,0,0,0,720,0
6585,2026-06-26T09:51:14.833305000Z,Authentication,166,34,-63,920,0,11,0,0,0,0,0,0,0,0
6586,2026-06-26T09:51:14.851196000Z,Authentication,166,34,-49,920,0,11,0,0,0,0,0,0,720,0
6587,2026-06-26T09:51:14.864737000Z,Authentication,166,34,-52,920,0,11,0,0,1,0,0,0,720,0
6588,2026-06-26T09:51:14.870522000Z,Authentication,166,34,-49,920,0,11,0,0,1,0,0,0,720,0
6589,2026-06-26T09:51:15.070885000Z,Authentication,166,34,-59,920,0,11,0,0,0,0,0,0,0,0
6590,2026-06-26T09:51:15.324860000Z,Authentication,166,34,-59,920,0,11,0,0,0,0,0,0,0,0
6591,2026-06-26T09:51:15.335107000Z,Authentication,166,34,-31,920,0,11,0,0,0,0,0,0,720,0
6592,2026-06-26T09:51:15.340201000Z,Authentication,166,34,-31,920,0,11,0,0,1,0,0,0,720,0
6593,2026-06-26T09:51:15.346867000Z,Authentication,166,34,-31,920,0,11,0,0,1,0,0,0,720,0
6594,2026-06-26T09:51:15.353279000Z,Authentication,166,34,-30,920,0,11,0,0,1,0,0,0,720,0
6595,2026-06-26T09:51:15.379960000Z,S1G Beacon,61,34,-31,920,3,1,,,,,,,0,0
6596,2026-06-26T09:51:15.587000000Z,Authentication,166,34,-60,920,0,11,0,0,0,0,0,0,0,0
6597,2026-06-26T09:51:15.595141000Z,Authentication,166,34,-35,920,0,11,0,0,0,0,0,0,720,0
6598,2026-06-26T09:51:15.600436000Z,Authentication,166,34,-35,920,0,11,0,0,1,0,0,0,720,0
6599,2026-06-26T09:51:15.606854000Z,Authentication,166,34,-34,920,0,11,0,0,1,0,0,0,720,0
6600,2026-06-26T09:51:15.613255000Z,Authentication,166,34,-35,920,0,11,0,0,1,0,0,0,720,0
6601,2026-06-26T09:51:15.836846000Z,Authentication,166,34,-59,920,0,11,0,0,0,0,0,0,0,0
6602,2026-06-26T09:51:15.848298000Z,Authentication,166,34,-30,920,0,11,0,0,0,0,0,0,720,0
6603,2026-06-26T09:51:15.854913000Z,Authentication,166,34,-30,920,0,11,0,0,1,0,0,0,720,0
6604,2026-06-26T09:51:15.861581000Z,Authentication,166,34,-31,920,0,11,0,0,1,0,0,0,720,0
6605,2026-06-26T09:51:15.868042000Z,Authentication,166,34,-31,920,0,11,0,0,1,0,0,0,720,0
6606,2026-06-26T09:51:16.078523000Z,Authentication,166,34,-60,920,0,11,0,0,0,0,0,0,0,0
6607,2026-06-26T09:51:16.201013000Z,S1G Beacon,129,34,-28,920,3,1,,,,,,,0,0
6608,2026-06-26T09:51:16.340678000Z,Authentication,166,34,-60,920,0,11,0,0,0,0,0,0,0,0
6609,2026-06-26T09:51:16.602828000Z,Authentication,166,34,-61,920,0,11,0,0,0,0,0,0,0,0
6610,2026-06-26T09:51:16.832213000Z,Authentication,166,34,-61,920,0,11,0,0,0,0,0,0,0,0
6611,2026-06-26T09:51:16.848034000Z,Authentication,166,34,-23,920,0,11,0,0,1,0,0,0,720,0
6612,2026-06-26T09:51:16.861113000Z,Authentication,166,34,-24,920,0,11,0,0,1,0,0,0,720,0
6613,2026-06-26T09:51:17.094347000Z,Authentication,166,34,-60,920,0,11,0,0,0,0,0,0,0,0
6614,2026-06-26T09:51:17.101381000Z,Authentication,166,34,-22,920,0,11,0,0,0,0,0,0,720,0
6615,2026-06-26T09:51:17.114617000Z,Authentication,166,34,-23,920,0,11,0,0,1,0,0,0,720,0
6616,2026-06-26T09:51:17.121175000Z,Authentication,166,34,-25,920,0,11,0,0,1,0,0,0,720,0
6617,2026-06-26T09:51:17.356515000Z,Authentication,166,34,-59,920,0,11,0,0,0,0,0,0,0,0
6618,2026-06-26T09:51:17.377895000Z,Authentication,166,34,-24,920,0,11,0,0,1,0,0,0,720,0
6619,2026-06-26T09:51:17.391068000Z,Authentication,166,34,-22,920,0,11,0,0,1,0,0,0,720,0
6620,2026-06-26T09:51:17.599201000Z,Authentication,166,34,-59,920,0,11,0,0,0,0,0,0,0,0
6621,2026-06-26T09:51:17.617823000Z,Authentication,166,34,-22,920,0,11,0,0,1,0,0,0,720,0
6622,2026-06-26T09:51:17.631051000Z,Authentication,166,34,-22,920,0,11,0,0,1,0,0,0,720,0
6624,2026-06-26T09:51:17.706244000Z,QoS Data,131,34,-14,920,2,8,1,0,0,0,0,1,720,0
6626,2026-06-26T09:51:17.789132000Z,QoS Data,128,34,-19,920,2,8,1,0,0,0,0,1,720,0
6628,2026-06-26T09:51:17.861351000Z,Authentication,166,34,-22,920,0,11,0,0,0,0,0,0,720,0
6629,2026-06-26T09:51:17.872914000Z,Authentication,166,34,-24,920,0,11,0,0,1,0,0,0,720,0
6630,2026-06-26T09:51:18.110176000Z,Authentication,166,34,-60,920,0,11,0,0,0,0,0,0,0,0
6631,2026-06-26T09:51:18.127879000Z,Authentication,166,34,-22,920,0,11,0,0,1,0,0,0,720,0
6632,2026-06-26T09:51:18.140066000Z,Authentication,166,34,-24,920,0,11,0,0,1,0,0,0,720,0
6633,2026-06-26T09:51:18.367205000Z,Authentication,166,34,-59,920,0,11,0,0,0,0,0,0,0,0
6634,2026-06-26T09:51:18.381331000Z,Authentication,166,34,-19,920,0,11,0,0,0,0,0,0,720,0
6635,2026-06-26T09:51:18.394153000Z,Authentication,166,34,-21,920,0,11,0,0,1,0,0,0,720,0
6636,2026-06-26T09:51:18.601703000Z,Authentication,166,34,-59,920,0,11,0,0,0,0,0,0,0,0
6637,2026-06-26T09:51:18.618103000Z,Authentication,166,34,-21,920,0,11,0,0,1,0,0,0,720,0
6638,2026-06-26T09:51:18.631242000Z,Authentication,166,34,-22,920,0,11,0,0,1,0,0,0,720,0
6639,2026-06-26T09:51:18.656864000Z,S1G Beacon,61,34,-20,920,3,1,,,,,,,0,0
6640,2026-06-26T09:51:18.863859000Z,Authentication,166,34,-60,920,0,11,0,0,0,0,0,0,0,0
6641,2026-06-26T09:51:18.881288000Z,Authentication,166,34,-22,920,0,11,0,0,0,0,0,0,720,0
6642,2026-06-26T09:51:18.894777000Z,Authentication,166,34,-21,920,0,11,0,0,1,0,0,0,720,0
6643,2026-06-26T09:51:18.899943000Z,Authentication,166,34,-50,920,0,11,0,0,1,0,0,0,720,0
6644,2026-06-26T09:51:18.992809000Z,Disassociation,64,34,-22,920,0,10,0,0,1,0,0,0,720,0
6645,2026-06-26T09:51:18.995556000Z,Disassociation,64,34,-20,920,0,10,0,0,1,0,0,0,720,0
6646,2026-06-26T09:51:18.999555000Z,Disassociation,64,34,-20,920,0,10,0,0,1,0,0,0,720,0
6647,2026-06-26T09:51:19.126003000Z,Authentication,166,34,-60,920,0,11,0,0,0,0,0,0,0,0
6648,2026-06-26T09:51:19.147815000Z,Authentication,166,34,-24,920,0,11,0,0,1,0,0,0,720,0
6649,2026-06-26T09:51:19.154223000Z,Authentication,166,34,-21,920,0,11,0,0,1,0,0,0,720,0
6650,2026-06-26T09:51:19.358470000Z,Authentication,166,34,-61,920,0,11,0,0,0,0,0,0,0,0
6651,2026-06-26T09:51:19.377979000Z,Authentication,166,34,-21,920,0,11,0,0,1,0,0,0,720,0
6652,2026-06-26T09:51:19.391003000Z,Authentication,166,34,-22,920,0,11,0,0,1,0,0,0,720,0
6653,2026-06-26T09:51:19.617534000Z,Authentication,166,34,-60,920,0,11,0,0,0,0,0,0,0,0
6654,2026-06-26T09:51:19.637879000Z,Authentication,166,34,-21,920,0,11,0,0,1,0,0,0,720,0
6655,2026-06-26T09:51:19.644448000Z,Authentication,166,34,-20,920,0,11,0,0,1,0,0,0,720,0
6656,2026-06-26T09:51:19.651183000Z,Authentication,166,34,-19,920,0,11,0,0,1,0,0,0,720,0
6657,2026-06-26T09:51:19.879710000Z,Authentication,166,34,-60,920,0,11,0,0,0,0,0,0,0,0
6658,2026-06-26T09:51:19.891343000Z,Authentication,166,34,-19,920,0,11,0,0,0,0,0,0,720,0
6659,2026-06-26T09:51:19.904521000Z,Authentication,166,34,-22,920,0,11,0,0,1,0,0,0,720,0
6660,2026-06-26T09:51:20.141826000Z,Authentication,166,34,-60,920,0,11,0,0,0,0,0,0,0,0
6661,2026-06-26T09:51:20.295309000Z,S1G Beacon,61,34,-18,920,3,1,,,,,,,0,0
6662,2026-06-26T09:51:20.371219000Z,Authentication,166,34,-59,920,0,11,0,0,0,0,0,0,0,0
6663,2026-06-26T09:51:20.381419000Z,Authentication,166,34,-19,920,0,11,0,0,0,0,0,0,720,0
6664,2026-06-26T09:51:20.388032000Z,Authentication,166,34,-18,920,0,11,0,0,1,0,0,0,720,0
6665,2026-06-26T09:51:20.394594000Z,Authentication,166,34,-20,920,0,11,0,0,1,0,0,0,720,0
6666,2026-06-26T09:51:20.401101000Z,Authentication,166,34,-18,920,0,11,0,0,1,0,0,0,720,0
6667,2026-06-26T09:51:20.580254000Z,Data,287,34,-17,920,2,0,0,0,0,0,0,1,0,0
6668,2026-06-26T09:51:20.633360000Z,Authentication,166,34,-60,920,0,11,0,0,0,0,0,0,0,0
6669,2026-06-26T09:51:20.651626000Z,Authentication,166,34,-18,920,0,11,0,0,0,0,0,0,720,0
6670,2026-06-26T09:51:20.658192000Z,Authentication,166,34,-18,920,0,11,0,0,1,0,0,0,720,0
6671,2026-06-26T09:51:20.664754000Z,Authentication,166,34,-18,920,0,11,0,0,1,0,0,0,720,0
6672,2026-06-26T09:51:20.671521000Z,Authentication,166,34,-17,920,0,11,0,0,1,0,0,0,720,0
6673,2026-06-26T09:51:20.895531000Z,Authentication,166,34,-60,920,0,11,0,0,0,0,0,0,0,0
6674,2026-06-26T09:51:20.909468000Z,Authentication,166,34,-24,920,0,11,0,0,1,0,0,0,720,0
6675,2026-06-26T09:51:20.923068000Z,Authentication,166,34,-24,920,0,11,0,0,1,0,0,0,720,0
6676,2026-06-26T09:51:21.148212000Z,Authentication,166,34,-23,920,0,11,0,0,1,0,0,0,720,0
6677,2026-06-26T09:51:21.161289000Z,Authentication,166,34,-23,920,0,11,0,0,1,0,0,0,720,0
6678,2026-06-26T09:51:21.387074000Z,Authentication,166,34,-59,920,0,11,0,0,0,0,0,0,0,0
6679,2026-06-26T09:51:21.397295000Z,Authentication,166,34,-27,920,0,11,0,0,0,0,0,0,720,0
6680,2026-06-26T09:51:21.403030000Z,Authentication,166,34,-29,920,0,11,0,0,1,0,0,0,720,0
6681,2026-06-26T09:51:21.409695000Z,Authentication,166,34,-28,920,0,11,0,0,1,0,0,0,720,0
6682,2026-06-26T09:51:21.416465000Z,Authentication,166,34,-28,920,0,11,0,0,1,0,0,0,720,0
6683,2026-06-26T09:51:21.649203000Z,Authentication,166,34,-58,920,0,11,0,0,0,0,0,0,0,0
6684,2026-06-26T09:51:21.885752000Z,Authentication,166,34,-58,920,0,11,0,0,0,0,0,0,0,0
6685,2026-06-26T09:51:21.901405000Z,Authentication,166,34,-28,920,0,11,0,0,0,0,0,0,720,0
6686,2026-06-26T09:51:21.908017000Z,Authentication,166,34,-25,920,0,11,0,0,1,0,0,0,720,0
6687,2026-06-26T09:51:21.914786000Z,Authentication,166,34,-28,920,0,11,0,0,1,0,0,0,720,0
6688,2026-06-26T09:51:21.921298000Z,Authentication,166,34,-28,920,0,11,0,0,1,0,0,0,720,0
6689,2026-06-26T09:51:21.970377000Z,S1G Beacon,61,34,-29,920,3,1,,,,,,,0,0
6690,2026-06-26T09:51:22.140715000Z,Authentication,166,34,-59,920,0,11,0,0,0,0,0,0,0,0
6691,2026-06-26T09:51:22.402901000Z,Authentication,166,34,-59,920,0,11,0,0,0,0,0,0,0,0
6692,2026-06-26T09:51:22.660943000Z,Authentication,166,34,-58,920,0,11,0,0,0,0,0,0,0,0
6693,2026-06-26T09:51:22.671441000Z,Authentication,166,34,-30,920,0,11,0,0,0,0,0,0,720,0
6694,2026-06-26T09:51:22.678102000Z,Authentication,166,34,-29,920,0,11,0,0,1,0,0,0,720,0
6695,2026-06-26T09:51:22.684661000Z,Authentication,166,34,-30,920,0,11,0,0,1,0,0,0,720,0
6696,2026-06-26T09:51:22.691380000Z,Authentication,166,34,-29,920,0,11,0,0,1,0,0,0,720,0
6697,2026-06-26T09:51:22.722045000Z,QoS Data,149,34,-18,920,2,8,1,0,0,0,0,1,720,0
6699,2026-06-26T09:51:22.725431000Z,QoS Data,149,34,-33,920,2,8,0,0,0,0,0,1,720,0
6701,2026-06-26T09:51:22.731085000Z,QoS Data,131,34,-13,920,2,8,1,0,0,0,0,1,720,0
6703,2026-06-26T09:51:22.733517000Z,QoS Data,131,34,-34,920,2,8,0,0,0,0,0,1,720,0
6705,2026-06-26T09:51:22.754783000Z,S1G Beacon,129,34,-30,920,3,1,,,,,,,0,0
6706,2026-06-26T09:51:22.788379000Z,QoS Data,128,34,-17,920,2,8,1,0,0,0,0,1,720,0
6708,2026-06-26T09:51:22.791048000Z,QoS Data,128,34,-33,920,2,8,0,0,0,0,0,1,720,0
6710,2026-06-26T09:51:22.894406000Z,Authentication,166,34,-59,920,0,11,0,0,0,0,0,0,0,0
6711,2026-06-26T09:51:23.418703000Z,Authentication,166,34,-60,920,0,11,0,0,0,0,0,0,0,0
6712,2026-06-26T09:51:23.431462000Z,Authentication,166,34,-30,920,0,11,0,0,0,0,0,0,720,0
6713,2026-06-26T09:51:23.438010000Z,Authentication,166,34,-30,920,0,11,0,0,1,0,0,0,720,0
6714,2026-06-26T09:51:23.444586000Z,Authentication,166,34,-30,920,0,11,0,0,1,0,0,0,720,0
6715,2026-06-26T09:51:23.451091000Z,Authentication,166,34,-30,920,0,11,0,0,1,0,0,0,720,0
6716,2026-06-26T09:51:23.572209000Z,S1G Beacon,61,34,-30,920,3,1,,,,,,,0,0
6717,2026-06-26T09:51:23.604478000Z,Data,287,34,-31,920,2,0,0,0,0,0,0,1,0,0
6718,2026-06-26T09:51:23.656273000Z,Authentication,166,34,-59,920,0,11,0,0,0,0,0,0,0,0
6719,2026-06-26T09:51:23.671537000Z,Authentication,166,34,-29,920,0,11,0,0,0,0,0,0,720,0
6720,2026-06-26T09:51:23.678049000Z,Authentication,166,34,-29,920,0,11,0,0,1,0,0,0,720,0
6721,2026-06-26T09:51:23.684658000Z,Authentication,166,34,-29,920,0,11,0,0,1,0,0,0,720,0
6722,2026-06-26T09:51:23.691379000Z,Authentication,166,34,-28,920,0,11,0,0,1,0,0,0,720,0
6724,2026-06-26T09:51:23.910303000Z,Authentication,166,34,-59,920,0,11,0,0,0,0,0,0,0,0
6725,2026-06-26T09:51:23.917219000Z,Authentication,166,34,-32,920,0,11,0,0,0,0,0,0,720,0
6726,2026-06-26T09:51:23.923665000Z,Authentication,166,34,-33,920,0,11,0,0,1,0,0,0,720,0
6727,2026-06-26T09:51:23.929862000Z,Authentication,166,34,-32,920,0,11,0,0,1,0,0,0,720,0
6728,2026-06-26T09:51:23.936730000Z,Authentication,166,34,-32,920,0,11,0,0,1,0,0,0,720,0
6729,2026-06-26T09:51:24.172377000Z,Authentication,166,34,-64,920,0,11,0,0,0,0,0,0,0,0
6730,2026-06-26T09:51:24.393239000Z,S1G Beacon,129,34,-35,920,3,1,,,,,,,0,0
6731,2026-06-26T09:51:24.427351000Z,Authentication,166,34,-59,920,0,11,0,0,0,0,0,0,0,0
6732,2026-06-26T09:51:24.441458000Z,Authentication,166,34,-34,920,0,11,0,0,0,0,0,0,720,0
6733,2026-06-26T09:51:24.447032000Z,Authentication,166,34,-36,920,0,11,0,0,1,0,0,0,720,0
6734,2026-06-26T09:51:24.453649000Z,Authentication,166,34,-34,920,0,11,0,0,1,0,0,0,720,0
6735,2026-06-26T09:51:24.461211000Z,Authentication,166,34,-33,920,0,11,0,0,1,0,0,0,720,0
6736,2026-06-26T09:51:24.663914000Z,Authentication,166,34,-61,920,0,11,0,0,0,0,0,0,0,0
6737,2026-06-26T09:51:24.926069000Z,Authentication,166,34,-60,920,0,11,0,0,0,0,0,0,0,0
6738,2026-06-26T09:51:25.185132000Z,Authentication,166,34,-59,920,0,11,0,0,0,0,0,0,0,0
6739,2026-06-26T09:51:25.199291000Z,Authentication,166,34,-29,920,0,11,0,0,0,0,0,0,720,0
6740,2026-06-26T09:51:25.205904000Z,Authentication,166,34,-30,920,0,11,0,0,1,0,0,0,720,0
6741,2026-06-26T09:51:25.210665000Z,S1G Beacon,61,34,-28,920,3,1,,,,,,,0,0
6742,2026-06-26T09:51:25.215260000Z,Authentication,166,34,-28,920,0,11,0,0,1,0,0,0,720,0
6743,2026-06-26T09:51:25.417586000Z,Authentication,166,34,-59,920,0,11,0,0,0,0,0,0,0,0
6744,2026-06-26T09:51:25.431432000Z,Authentication,166,34,-28,920,0,11,0,0,0,0,0,0,720,0
6745,2026-06-26T09:51:25.437833000Z,Authentication,166,34,-29,920,0,11,0,0,1,0,0,0,720,0
6746,2026-06-26T09:51:25.444605000Z,Authentication,166,34,-30,920,0,11,0,0,1,0,0,0,720,0
6747,2026-06-26T09:51:25.451012000Z,Authentication,166,34,-29,920,0,11,0,0,1,0,0,0,720,0
6748,2026-06-26T09:51:25.679765000Z,Authentication,166,34,-60,920,0,11,0,0,0,0,0,0,0,0
6749,2026-06-26T09:51:25.691457000Z,Authentication,166,34,-29,920,0,11,0,0,0,0,0,0,720,0
6750,2026-06-26T09:51:25.698220000Z,Authentication,166,34,-29,920,0,11,0,0,1,0,0,0,720,0
6751,2026-06-26T09:51:25.704889000Z,Authentication,166,34,-30,920,0,11,0,0,1,0,0,0,720,0
6752,2026-06-26T09:51:25.711612000Z,Authentication,166,34,-30,920,0,11,0,0,1,0,0,0,720,0
6753,2026-06-26T09:51:25.941895000Z,Authentication,166,34,-60,920,0,11,0,0,0,0,0,0,0,0
6755,2026-06-26T09:51:26.178430000Z,Authentication,166,34,-59,920,0,11,0,0,0,0,0,0,0,0
6756,2026-06-26T09:51:26.191470000Z,Authentication,166,34,-34,920,0,11,0,0,0,0,0,0,720,0
6757,2026-06-26T09:51:26.197929000Z,Authentication,166,34,-36,920,0,11,0,0,1,0,0,0,720,0
6758,2026-06-26T09:51:26.204439000Z,Authentication,166,34,-35,920,0,11,0,0,1,0,0,0,720,0
6759,2026-06-26T09:51:26.210898000Z,Authentication,166,34,-34,920,0,11,0,0,1,0,0,0,720,0
6760,2026-06-26T09:51:26.433409000Z,Authentication,166,34,-61,920,0,11,0,0,0,0,0,0,0,0
6761,2026-06-26T09:51:26.441534000Z,Authentication,166,34,-34,920,0,11,0,0,0,0,0,0,720,0
6762,2026-06-26T09:51:26.448358000Z,Authentication,166,34,-35,920,0,11,0,0,1,0,0,0,720,0
6763,2026-06-26T09:51:26.455130000Z,Authentication,166,34,-34,920,0,11,0,0,1,0,0,0,720,0
6764,2026-06-26T09:51:26.461707000Z,Authentication,166,34,-33,920,0,11,0,0,1,0,0,0,720,0
6765,2026-06-26T09:51:26.628445000Z,Data,287,34,-34,920,2,0,0,0,0,0,0,1,0,0
6766,2026-06-26T09:51:26.695566000Z,Authentication,166,34,-59,920,0,11,0,0,0,0,0,0,0,0
6767,2026-06-26T09:51:26.849118000Z,S1G Beacon,61,34,-35,920,3,1,,,,,,,0,0
6768,2026-06-26T09:51:26.942347000Z,Authentication,166,34,-62,920,0,11,0,0,0,0,0,0,0,0
6769,2026-06-26T09:51:26.951570000Z,Authentication,166,34,-34,920,0,11,0,0,0,0,0,0,720,0
6770,2026-06-26T09:51:26.957973000Z,Authentication,166,34,-35,920,0,11,0,0,1,0,0,0,720,0
6771,2026-06-26T09:51:26.964758000Z,Authentication,166,34,-34,920,0,11,0,0,1,0,0,0,720,0
6772,2026-06-26T09:51:26.971414000Z,Authentication,166,34,-34,920,0,11,0,0,1,0,0,0,720,0
6773,2026-06-26T09:51:27.187088000Z,Authentication,166,34,-59,920,0,11,0,0,0,0,0,0,0,0
6774,2026-06-26T09:51:27.201569000Z,Authentication,166,34,-34,920,0,11,0,0,0,0,0,0,720,0
6775,2026-06-26T09:51:27.208130000Z,Authentication,166,34,-33,920,0,11,0,0,1,0,0,0,720,0
6776,2026-06-26T09:51:27.214799000Z,Authentication,166,34,-35,920,0,11,0,0,1,0,0,0,720,0
6777,2026-06-26T09:51:27.221563000Z,Authentication,166,34,-34,920,0,11,0,0,1,0,0,0,720,0
6778,2026-06-26T09:51:27.449235000Z,Authentication,166,34,-60,920,0,11,0,0,0,0,0,0,0,0
6779,2026-06-26T09:51:27.670166000Z,S1G Beacon,129,34,-32,920,3,1,,,,,,,0,0
6780,2026-06-26T09:51:27.711389000Z,Authentication,166,34,-61,920,0,11,0,0,0,0,0,0,0,0
6781,2026-06-26T09:51:27.721594000Z,Authentication,166,34,-32,920,0,11,0,0,0,0,0,0,720,0
6782,2026-06-26T09:51:27.728004000Z,Authentication,166,34,-31,920,0,11,0,0,1,0,0,0,720,0
6783,2026-06-26T09:51:27.734462000Z,Authentication,166,34,-31,920,0,11,0,0,1,0,0,0,720,0
6784,2026-06-26T09:51:27.740974000Z,Authentication,166,34,-33,920,0,11,0,0,1,0,0,0,720,0
6785,2026-06-26T09:51:27.745618000Z,QoS Data,149,34,-16,920,2,8,1,0,0,0,0,1,720,0
6787,2026-06-26T09:51:27.748792000Z,QoS Data,149,34,-36,920,2,8,0,0,0,0,0,1,720,0
6789,2026-06-26T09:51:27.754518000Z,QoS Data,131,34,-13,920,2,8,1,0,0,0,0,1,720,0
6791,2026-06-26T09:51:27.756632000Z,QoS Data,131,34,-36,920,2,8,0,0,0,0,0,1,720,0
6793,2026-06-26T09:51:27.788494000Z,QoS Data,128,34,-17,920,2,8,1,0,0,0,0,1,720,0
6795,2026-06-26T09:51:27.791054000Z,QoS Data,128,34,-36,920,2,8,0,0,0,0,0,1,720,0
6797,2026-06-26T09:51:27.953058000Z,Authentication,166,34,-61,920,0,11,0,0,0,0,0,0,0,0
6798,2026-06-26T09:51:27.961546000Z,Authentication,166,34,-33,920,0,11,0,0,0,0,0,0,720,0
6799,2026-06-26T09:51:27.968213000Z,Authentication,166,34,-34,920,0,11,0,0,1,0,0,0,720,0
6800,2026-06-26T09:51:27.974781000Z,Authentication,166,34,-31,920,0,11,0,0,1,0,0,0,720,0
6801,2026-06-26T09:51:27.981199000Z,Authentication,166,34,-34,920,0,11,0,0,1,0,0,0,720,0
6802,2026-06-26T09:51:28.202929000Z,Authentication,166,34,-60,920,0,11,0,0,0,0,0,0,0,0
6803,2026-06-26T09:51:28.211566000Z,Authentication,166,34,-31,920,0,11,0,0,0,0,0,0,720,0
6804,2026-06-26T09:51:28.218070000Z,Authentication,166,34,-30,920,0,11,0,0,1,0,0,0,720,0
6805,2026-06-26T09:51:28.224795000Z,Authentication,166,34,-31,920,0,11,0,0,1,0,0,0,720,0
6806,2026-06-26T09:51:28.231410000Z,Authentication,166,34,-32,920,0,11,0,0,1,0,0,0,720,0
6807,2026-06-26T09:51:28.465068000Z,Authentication,166,34,-64,920,0,11,0,0,0,0,0,0,0,0
6808,2026-06-26T09:51:28.487564000Z,S1G Beacon,61,34,-32,920,3,1,,,,,,,0,0
6809,2026-06-26T09:51:28.963268000Z,Authentication,166,34,-61,920,0,11,0,0,0,0,0,0,0,0
6810,2026-06-26T09:51:28.981528000Z,Authentication,166,34,-33,920,0,11,0,0,0,0,0,0,720,0
6811,2026-06-26T09:51:28.987971000Z,Authentication,166,34,-33,920,0,11,0,0,1,0,0,0,720,0
6812,2026-06-26T09:51:28.994488000Z,Authentication,166,34,-32,920,0,11,0,0,1,0,0,0,720,0
6813,2026-06-26T09:51:29.001155000Z,Authentication,166,34,-33,920,0,11,0,0,1,0,0,0,720,0
6814,2026-06-26T09:51:29.218753000Z,Authentication,166,34,-60,920,0,11,0,0,0,0,0,0,0,0
6815,2026-06-26T09:51:29.231816000Z,Authentication,166,34,-33,920,0,11,0,0,0,0,0,0,720,0
6816,2026-06-26T09:51:29.238586000Z,Authentication,166,34,-31,920,0,11,0,0,1,0,0,0,720,0
6817,2026-06-26T09:51:29.245202000Z,Authentication,166,34,-31,920,0,11,0,0,1,0,0,0,720,0
6818,2026-06-26T09:51:29.251657000Z,Authentication,166,34,-32,920,0,11,0,0,1,0,0,0,720,0
6819,2026-06-26T09:51:29.308589000Z,S1G Beacon,129,34,-30,920,3,1,,,,,,,0,0
6820,2026-06-26T09:51:29.480897000Z,Authentication,166,34,-62,920,0,11,0,0,0,0,0,0,0,0
6821,2026-06-26T09:51:29.491574000Z,Authentication,166,34,-31,920,0,11,0,0,0,0,0,0,720,0
6822,2026-06-26T09:51:29.498138000Z,Authentication,166,34,-31,920,0,11,0,0,1,0,0,0,720,0
6823,2026-06-26T09:51:29.505683000Z,Authentication,166,34,-31,920,0,11,0,0,1,0,0,0,720,0
6824,2026-06-26T09:51:29.512461000Z,Authentication,166,34,-31,920,0,11,0,0,1,0,0,0,720,0
6825,2026-06-26T09:51:29.652549000Z,Data,287,34,-30,920,2,0,0,0,0,0,0,1,0,0
6826,2026-06-26T09:51:29.733835000Z,Authentication,166,34,-60,920,0,11,0,0,0,0,0,0,0,0
6827,2026-06-26T09:51:29.744858000Z,Authentication,166,34,-31,920,0,11,0,0,0,0,0,0,720,0
6828,2026-06-26T09:51:29.751625000Z,Authentication,166,34,-30,920,0,11,0,0,1,0,0,0,720,0
6829,2026-06-26T09:51:29.758343000Z,Authentication,166,34,-30,920,0,11,0,0,1,0,0,0,720,0
6830,2026-06-26T09:51:29.764964000Z,Authentication,166,34,-31,920,0,11,0,0,1,0,0,0,720,0
6831,2026-06-26T09:51:29.972428000Z,Authentication,166,34,-60,920,0,11,0,0,0,0,0,0,0,0
6832,2026-06-26T09:51:29.981594000Z,Authentication,166,34,-30,920,0,11,0,0,0,0,0,0,720,0
6833,2026-06-26T09:51:29.988365000Z,Authentication,166,34,-28,920,0,11,0,0,1,0,0,0,720,0
6834,2026-06-26T09:51:29.995030000Z,Authentication,166,34,-29,920,0,11,0,0,1,0,0,0,720,0
6835,2026-06-26T09:51:30.001540000Z,Authentication,166,34,-29,920,0,11,0,0,1,0,0,0,720,0
6836,2026-06-26T09:51:30.126028000Z,S1G Beacon,61,34,-30,920,3,1,,,,,,,0,0
6837,2026-06-26T09:51:30.234585000Z,Authentication,166,34,-62,920,0,11,0,0,0,0,0,0,0,0
6838,2026-06-26T09:51:30.247070000Z,Authentication,166,34,-29,920,0,11,0,0,0,0,0,0,720,0
6839,2026-06-26T09:51:30.252334000Z,Authentication,166,34,-31,920,0,11,0,0,1,0,0,0,720,0
6840,2026-06-26T09:51:30.259051000Z,Authentication,166,34,-31,920,0,11,0,0,1,0,0,0,720,0
6841,2026-06-26T09:51:30.265614000Z,Authentication,166,34,-30,920,0,11,0,0,1,0,0,0,720,0
6842,2026-06-26T09:51:30.496727000Z,Authentication,166,34,-59,920,0,11,0,0,0,0,0,0,0,0
6843,2026-06-26T09:51:30.511979000Z,Authentication,166,34,-30,920,0,11,0,0,0,0,0,0,720,0
6844,2026-06-26T09:51:30.518593000Z,Authentication,166,34,-28,920,0,11,0,0,1,0,0,0,720,0
6845,2026-06-26T09:51:30.525203000Z,Authentication,166,34,-29,920,0,11,0,0,1,0,0,0,720,0
6846,2026-06-26T09:51:30.531679000Z,Authentication,166,34,-29,920,0,11,0,0,1,0,0,0,720,0
6847,2026-06-26T09:51:30.726118000Z,Authentication,166,34,-60,920,0,11,0,0,0,0,0,0,0,0
6848,2026-06-26T09:51:30.741615000Z,Authentication,166,34,-29,920,0,11,0,0,0,0,0,0,720,0
6849,2026-06-26T09:51:30.748068000Z,Authentication,166,34,-29,920,0,11,0,0,1,0,0,0,720,0
6850,2026-06-26T09:51:30.754584000Z,Authentication,166,34,-28,920,0,11,0,0,1,0,0,0,720,0
6851,2026-06-26T09:51:30.761306000Z,Authentication,166,34,-28,920,0,11,0,0,1,0,0,0,720,0
6852,2026-06-26T09:51:30.947052000Z,S1G Beacon,129,34,-28,920,3,1,,,,,,,0,0
6853,2026-06-26T09:51:30.988258000Z,Authentication,166,34,-59,920,0,11,0,0,0,0,0,0,0,0
6854,2026-06-26T09:51:31.001635000Z,Authentication,166,34,-28,920,0,11,0,0,0,0,0,0,720,0
6855,2026-06-26T09:51:31.007936000Z,Authentication,166,34,-27,920,0,11,0,0,1,0,0,0,720,0
6856,2026-06-26T09:51:31.014604000Z,Authentication,166,34,-27,920,0,11,0,0,1,0,0,0,720,0
6857,2026-06-26T09:51:31.021011000Z,Authentication,166,34,-28,920,0,11,0,0,1,0,0,0,720,0
6858,2026-06-26T09:51:31.250407000Z,Authentication,166,34,-60,920,0,11,0,0,0,0,0,0,0,0
6859,2026-06-26T09:51:31.261592000Z,Authentication,166,34,-28,920,0,11,0,0,0,0,0,0,720,0
6860,2026-06-26T09:51:31.268150000Z,Authentication,166,34,-28,920,0,11,0,0,1,0,0,0,720,0
6861,2026-06-26T09:51:31.274933000Z,Authentication,166,34,-30,920,0,11,0,0,1,0,0,0,720,0
6862,2026-06-26T09:51:31.281342000Z,Authentication,166,34,-27,920,0,11,0,0,1,0,0,0,720,0
6863,2026-06-26T09:51:31.303357000Z,Data,378,34,-30,920,2,0,0,0,0,0,0,1,0,0
6864,2026-06-26T09:51:31.407347000Z,Data,387,34,-29,920,2,0,0,0,0,0,0,1,0,0
6865,2026-06-26T09:51:31.494120000Z,Authentication,166,34,-60,920,0,11,0,0,0,0,0,0,0,0
6866,2026-06-26T09:51:31.509340000Z,Authentication,166,34,-29,920,0,11,0,0,0,0,0,0,720,0
6867,2026-06-26T09:51:31.523973000Z,Data,450,34,-28,920,2,0,0,0,0,0,0,1,0,0
6868,2026-06-26T09:51:31.528518000Z,Authentication,166,34,-28,920,0,11,0,0,1,0,0,0,720,0
6869,2026-06-26T09:51:31.535033000Z,Authentication,166,34,-27,920,0,11,0,0,1,0,0,0,720,0
6870,2026-06-26T09:51:31.541490000Z,Authentication,166,34,-27,920,0,11,0,0,1,0,0,0,720,0
6871,2026-06-26T09:51:31.616822000Z,Data,442,34,-27,920,2,0,0,0,0,0,0,1,0,0
6872,2026-06-26T09:51:31.719403000Z,Data,387,34,-27,920,2,0,0,0,0,0,0,1,0,0
6873,2026-06-26T09:51:31.741930000Z,Authentication,166,34,-60,920,0,11,0,0,0,0,0,0,0,0
6874,2026-06-26T09:51:31.751749000Z,Authentication,166,34,-27,920,0,11,0,0,0,0,0,0,720,0
6875,2026-06-26T09:51:31.758451000Z,Authentication,166,34,-28,920,0,11,0,0,1,0,0,0,720,0
6876,2026-06-26T09:51:31.764457000Z,S1G Beacon,61,34,-28,920,3,1,,,,,,,0,0
6877,2026-06-26T09:51:31.769052000Z,Authentication,166,34,-28,920,0,11,0,0,1,0,0,0,720,0
6878,2026-06-26T09:51:31.775461000Z,Authentication,166,34,-28,920,0,11,0,0,1,0,0,0,720,0
6879,2026-06-26T09:51:31.824576000Z,Data,426,34,-28,920,2,0,0,0,0,0,0,1,0,0
6880,2026-06-26T09:51:31.929380000Z,Data,458,34,-28,920,2,0,0,0,0,0,0,1,0,0
6881,2026-06-26T09:51:32.004087000Z,Authentication,166,34,-60,920,0,11,0,0,0,0,0,0,0,0
6882,2026-06-26T09:51:32.017007000Z,Authentication,166,34,-30,920,0,11,0,0,0,0,0,0,720,0
6883,2026-06-26T09:51:32.023766000Z,Authentication,166,34,-29,920,0,11,0,0,1,0,0,0,720,0
6884,2026-06-26T09:51:32.036715000Z,Data,387,34,-29,920,2,0,0,0,0,0,0,1,0,0
6885,2026-06-26T09:51:32.041267000Z,Authentication,166,34,-29,920,0,11,0,0,1,0,0,0,720,0
6886,2026-06-26T09:51:32.047723000Z,Authentication,166,34,-28,920,0,11,0,0,1,0,0,0,720,0
6887,2026-06-26T09:51:32.136810000Z,Data,446,34,-27,920,2,0,0,0,0,0,0,1,0,0
6888,2026-06-26T09:51:32.240721000Z,Data,440,34,-28,920,2,0,0,0,0,0,0,1,0,0
6889,2026-06-26T09:51:32.266233000Z,Authentication,166,34,-60,920,0,11,0,0,0,0,0,0,0,0
6890,2026-06-26T09:51:32.280673000Z,Authentication,166,34,-28,920,0,11,0,0,0,0,0,0,720,0
6891,2026-06-26T09:51:32.287185000Z,Authentication,166,34,-29,920,0,11,0,0,1,0,0,0,720,0
6892,2026-06-26T09:51:32.293599000Z,Authentication,166,34,-29,920,0,11,0,0,1,0,0,0,720,0
6893,2026-06-26T09:51:32.300119000Z,Authentication,166,34,-28,920,0,11,0,0,1,0,0,0,720,0
6894,2026-06-26T09:51:32.343371000Z,Data,387,34,-28,920,2,0,0,0,0,0,0,1,0,0
6895,2026-06-26T09:51:32.448828000Z,Data,442,34,-28,920,2,0,0,0,0,0,0,1,0,0
6896,2026-06-26T09:51:32.502263000Z,Authentication,166,34,-60,920,0,11,0,0,0,0,0,0,0,0
6897,2026-06-26T09:51:32.553071000Z,Data,452,34,-30,920,2,0,0,0,0,0,0,1,0,0
6898,2026-06-26T09:51:32.585493000Z,S1G Beacon,129,34,-28,920,3,1,,,,,,,0,0
6899,2026-06-26T09:51:32.676688000Z,Data,287,34,-29,920,2,0,0,0,0,0,0,1,0,0
6900,2026-06-26T09:51:32.757766000Z,Authentication,166,34,-59,920,0,11,0,0,0,0,0,0,0,0
6901,2026-06-26T09:51:32.778438000Z,Authentication,166,34,-29,920,0,11,0,0,1,0,0,0,720,0
6902,2026-06-26T09:51:32.786363000Z,Authentication,166,34,-30,920,0,11,0,0,1,0,0,0,720,0
6903,2026-06-26T09:51:32.792949000Z,Authentication,166,34,-28,920,0,11,0,0,1,0,0,0,720,0
6904,2026-06-26T09:51:32.799438000Z,RTS,54,34,-11,920,1,11,,,,0,0,0,2488,0
6906,2026-06-26T09:51:32.801207000Z,QoS Data,148,34,-16,920,2,8,1,0,1,0,0,1,720,0
6908,2026-06-26T09:51:32.803654000Z,QoS Data,148,34,-33,920,2,8,0,0,0,0,0,1,720,0
6910,2026-06-26T09:51:32.809254000Z,QoS Data,131,34,-13,920,2,8,1,0,0,0,0,1,720,0
6912,2026-06-26T09:51:32.811530000Z,QoS Data,131,34,-32,920,2,8,0,0,0,0,0,1,720,0
6914,2026-06-26T09:51:33.019930000Z,Authentication,166,34,-59,920,0,11,0,0,0,0,0,0,0,0
6915,2026-06-26T09:51:33.031678000Z,Authentication,166,34,-27,920,0,11,0,0,0,0,0,0,720,0
6916,2026-06-26T09:51:33.036997000Z,Authentication,166,34,-28,920,0,11,0,0,1,0,0,0,720,0
6917,2026-06-26T09:51:33.039316000Z,QoS Data,128,34,-18,920,2,8,1,0,0,0,0,1,720,0
6919,2026-06-26T09:51:33.044624000Z,Authentication,166,34,-30,920,0,11,0,0,1,0,0,0,720,0
6920,2026-06-26T09:51:33.051136000Z,Authentication,166,34,-28,920,0,11,0,0,1,0,0,0,720,0
6921,2026-06-26T09:51:33.086097000Z,QoS Data,128,34,-33,920,2,8,0,0,0,0,0,1,720,0
6923,2026-06-26T09:51:33.272854000Z,Authentication,166,34,-59,920,0,11,0,0,0,0,0,0,0,0
6924,2026-06-26T09:51:33.402916000Z,S1G Beacon,61,34,-28,920,3,1,,,,,,,0,0
6925,2026-06-26T09:51:33.511443000Z,Authentication,166,34,-59,920,0,11,0,0,0,0,0,0,0,0
6926,2026-06-26T09:51:33.773593000Z,Authentication,166,34,-62,920,0,11,0,0,0,0,0,0,0,0
6927,2026-06-26T09:51:33.791595000Z,Authentication,166,34,-28,920,0,11,0,0,0,0,0,0,720,0
6928,2026-06-26T09:51:33.798052000Z,Authentication,166,34,-28,920,0,11,0,0,1,0,0,0,720,0
6929,2026-06-26T09:51:33.804774000Z,Authentication,166,34,-28,920,0,11,0,0,1,0,0,0,720,0
6930,2026-06-26T09:51:33.811540000Z,Authentication,166,34,-30,920,0,11,0,0,1,0,0,0,720,0
6931,2026-06-26T09:51:34.035780000Z,Authentication,166,34,-61,920,0,11,0,0,0,0,0,0,0,0
6932,2026-06-26T09:51:34.051734000Z,Authentication,166,34,-28,920,0,11,0,0,0,0,0,0,720,0
6933,2026-06-26T09:51:34.058233000Z,Authentication,166,34,-30,920,0,11,0,0,1,0,0,0,720,0
6934,2026-06-26T09:51:34.064695000Z,Authentication,166,34,-29,920,0,11,0,0,1,0,0,0,720,0
6935,2026-06-26T09:51:34.071360000Z,Authentication,166,34,-26,920,0,11,0,0,1,0,0,0,720,0
6936,2026-06-26T09:51:34.223949000Z,S1G Beacon,129,34,-29,920,3,1,,,,,,,0,0
6937,2026-06-26T09:51:34.274351000Z,Authentication,166,34,-60,920,0,11,0,0,0,0,0,0,0,0
6938,2026-06-26T09:51:34.281687000Z,Authentication,166,34,-28,920,0,11,0,0,0,0,0,0,720,0
6939,2026-06-26T09:51:34.288093000Z,Authentication,166,34,-30,920,0,11,0,0,1,0,0,0,720,0
6940,2026-06-26T09:51:34.295281000Z,Authentication,166,34,-28,920,0,11,0,0,1,0,0,0,720,0
6941,2026-06-26T09:51:34.301788000Z,Authentication,166,34,-28,920,0,11,0,0,1,0,0,0,720,0
6942,2026-06-26T09:51:34.527273000Z,Authentication,166,34,-61,920,0,11,0,0,0,0,0,0,0,0
6943,2026-06-26T09:51:34.541691000Z,Authentication,166,34,-30,920,0,11,0,0,0,0,0,0,720,0
6944,2026-06-26T09:51:34.548511000Z,Authentication,166,34,-28,920,0,11,0,0,1,0,0,0,720,0
6945,2026-06-26T09:51:34.555079000Z,Authentication,166,34,-30,920,0,11,0,0,1,0,0,0,720,0
6946,2026-06-26T09:51:34.561588000Z,Authentication,166,34,-29,920,0,11,0,0,1,0,0,0,720,0
6947,2026-06-26T09:51:34.789420000Z,Authentication,166,34,-60,920,0,11,0,0,0,0,0,0,0,0
6948,2026-06-26T09:51:34.801709000Z,Authentication,166,34,-28,920,0,11,0,0,0,0,0,0,720,0
6949,2026-06-26T09:51:34.808163000Z,Authentication,166,34,-27,920,0,11,0,0,1,0,0,0,720,0
6950,2026-06-26T09:51:34.814634000Z,Authentication,166,34,-28,920,0,11,0,0,1,0,0,0,720,0
6951,2026-06-26T09:51:34.821242000Z,Authentication,166,34,-28,920,0,11,0,0,1,0,0,0,720,0
6952,2026-06-26T09:51:35.041370000Z,S1G Beacon,61,34,-28,920,3,1,,,,,,,0,0
6953,2026-06-26T09:51:35.047468000Z,Authentication,166,34,-59,920,0,11,0,0,0,0,0,0,0,0
6954,2026-06-26T09:51:35.057010000Z,Authentication,166,34,-28,920,0,11,0,0,0,0,0,0,720,0
6955,2026-06-26T09:51:35.063564000Z,Authentication,166,34,-26,920,0,11,0,0,1,0,0,0,720,0
6956,2026-06-26T09:51:35.069970000Z,Authentication,166,34,-28,920,0,11,0,0,1,0,0,0,720,0
6957,2026-06-26T09:51:35.076691000Z,Authentication,166,34,-29,920,0,11,0,0,1,0,0,0,720,0
6958,2026-06-26T09:51:35.280964000Z,Authentication,166,34,-61,920,0,11,0,0,0,0,0,0,0,0
6959,2026-06-26T09:51:35.291731000Z,Authentication,166,34,-28,920,0,11,0,0,0,0,0,0,720,0
6960,2026-06-26T09:51:35.298188000Z,Authentication,166,34,-30,920,0,11,0,0,1,0,0,0,720,0
6961,2026-06-26T09:51:35.304699000Z,Authentication,166,34,-30,920,0,11,0,0,1,0,0,0,720,0
6962,2026-06-26T09:51:35.311212000Z,Authentication,166,34,-29,920,0,11,0,0,1,0,0,0,720,0
6963,2026-06-26T09:51:35.543101000Z,Authentication,166,34,-60,920,0,11,0,0,0,0,0,0,0,0
6964,2026-06-26T09:51:35.700715000Z,Data,287,34,-28,920,2,0,0,0,0,0,0,1,0,0
6965,2026-06-26T09:51:35.805246000Z,Authentication,166,34,-60,920,0,11,0,0,0,0,0,0,0,0
6966,2026-06-26T09:51:35.817165000Z,Authentication,166,34,-29,920,0,11,0,0,0,0,0,0,720,0
6967,2026-06-26T09:51:35.822433000Z,Authentication,166,34,-29,920,0,11,0,0,1,0,0,0,720,0
6968,2026-06-26T09:51:35.829151000Z,Authentication,166,34,-30,920,0,11,0,0,1,0,0,0,720,0
6969,2026-06-26T09:51:35.835925000Z,Authentication,166,34,-30,920,0,11,0,0,1,0,0,0,720,0
6970,2026-06-26T09:51:35.862391000Z,S1G Beacon,129,34,-30,920,3,1,,,,,,,0,0
6971,2026-06-26T09:51:36.034640000Z,Authentication,166,34,-60,920,0,11,0,0,0,0,0,0,0,0
6972,2026-06-26T09:51:36.048169000Z,Authentication,166,34,-31,920,0,11,0,0,0,0,0,0,720,0
6973,2026-06-26T09:51:36.054578000Z,Authentication,166,34,-31,920,0,11,0,0,1,0,0,0,720,0
6974,2026-06-26T09:51:36.060985000Z,Authentication,166,34,-29,920,0,11,0,0,1,0,0,0,720,0
6975,2026-06-26T09:51:36.067440000Z,Authentication,166,34,-30,920,0,11,0,0,1,0,0,0,720,0
6976,2026-06-26T09:51:36.111587000Z,Disassociation,64,34,-29,920,0,10,0,0,0,0,0,0,720,0
6977,2026-06-26T09:51:36.115375000Z,Disassociation,64,34,-29,920,0,10,0,0,1,0,0,0,720,0
6978,2026-06-26T09:51:36.119321000Z,Disassociation,64,34,-30,920,0,10,0,0,1,0,0,0,720,0
6979,2026-06-26T09:51:36.123323000Z,Disassociation,64,34,-29,920,0,10,0,0,1,0,0,0,720,0
6980,2026-06-26T09:51:36.296778000Z,Authentication,166,34,-59,920,0,11,0,0,0,0,0,0,0,0
6981,2026-06-26T09:51:36.311723000Z,Authentication,166,34,-29,920,0,11,0,0,0,0,0,0,720,0
6982,2026-06-26T09:51:36.318389000Z,Authentication,166,34,-29,920,0,11,0,0,1,0,0,0,720,0
6983,2026-06-26T09:51:36.324910000Z,Authentication,166,34,-28,920,0,11,0,0,1,0,0,0,720,0
6984,2026-06-26T09:51:36.331461000Z,Authentication,166,34,-28,920,0,11,0,0,1,0,0,0,720,0
6985,2026-06-26T09:51:36.558939000Z,Authentication,166,34,-60,920,0,11,0,0,0,0,0,0,0,0
6986,2026-06-26T09:51:36.571731000Z,Authentication,166,34,-28,920,0,11,0,0,0,0,0,0,720,0
6987,2026-06-26T09:51:36.578449000Z,Authentication,166,34,-28,920,0,11,0,0,1,0,0,0,720,0
6988,2026-06-26T09:51:36.585424000Z,Authentication,166,34,-28,920,0,11,0,0,1,0,0,0,720,0
6989,2026-06-26T09:51:36.591885000Z,Authentication,166,34,-29,920,0,11,0,0,1,0,0,0,720,0
6990,2026-06-26T09:51:36.679812000Z,S1G Beacon,61,34,-28,920,3,1,,,,,,,0,0
6991,2026-06-26T09:51:36.794448000Z,Authentication,166,34,-60,920,0,11,0,0,0,0,0,0,0,0
6992,2026-06-26T09:51:36.811693000Z,Authentication,166,34,-30,920,0,11,0,0,0,0,0,0,720,0
6993,2026-06-26T09:51:36.818250000Z,Authentication,166,34,-29,920,0,11,0,0,1,0,0,0,720,0
6994,2026-06-26T09:51:36.824659000Z,Authentication,166,34,-28,920,0,11,0,0,1,0,0,0,720,0
6995,2026-06-26T09:51:36.831745000Z,Authentication,166,34,-30,920,0,11,0,0,1,0,0,0,720,0
6996,2026-06-26T09:51:37.050468000Z,Authentication,166,34,-60,920,0,11,0,0,0,0,0,0,0,0
6997,2026-06-26T09:51:37.059418000Z,Authentication,166,34,-30,920,0,11,0,0,0,0,0,0,720,0
6998,2026-06-26T09:51:37.065825000Z,Authentication,166,34,-30,920,0,11,0,0,1,0,0,0,720,0
6999,2026-06-26T09:51:37.072494000Z,Authentication,166,34,-28,920,0,11,0,0,1,0,0,0,720,0
7000,2026-06-26T09:51:37.079212000Z,Authentication,166,34,-29,920,0,11,0,0,1,0,0,0,720,0
7001,2026-06-26T09:51:37.312613000Z,Authentication,166,34,-60,920,0,11,0,0,0,0,0,0,0,0
7002,2026-06-26T09:51:37.321775000Z,Authentication,166,34,-32,920,0,11,0,0,0,0,0,0,720,0
7003,2026-06-26T09:51:37.328172000Z,Authentication,166,34,-32,920,0,11,0,0,1,0,0,0,720,0
7004,2026-06-26T09:51:37.334632000Z,Authentication,166,34,-32,920,0,11,0,0,1,0,0,0,720,0
7005,2026-06-26T09:51:37.341403000Z,Authentication,166,34,-33,920,0,11,0,0,1,0,0,0,720,0
7006,2026-06-26T09:51:37.500864000Z,S1G Beacon,129,34,-31,920,3,1,,,,,,,0,0
7007,2026-06-26T09:51:37.550185000Z,Authentication,166,34,-61,920,0,11,0,0,0,0,0,0,0,0
7008,2026-06-26T09:51:37.561783000Z,Authentication,166,34,-31,920,0,11,0,0,0,0,0,0,720,0
7009,2026-06-26T09:51:37.568451000Z,Authentication,166,34,-29,920,0,11,0,0,1,0,0,0,720,0
7010,2026-06-26T09:51:37.575070000Z,Authentication,166,34,-30,920,0,11,0,0,1,0,0,0,720,0
7011,2026-06-26T09:51:37.581686000Z,Authentication,166,34,-30,920,0,11,0,0,1,0,0,0,720,0
7012,2026-06-26T09:51:37.823755000Z,QoS Data,149,34,-16,920,2,8,1,0,0,0,0,1,720,0
7014,2026-06-26T09:51:37.826302000Z,QoS Data,149,34,-33,920,2,8,0,0,0,0,0,1,720,0
7015,2026-06-26T09:51:37.829634000Z,QoS Data,149,34,-35,920,2,8,0,0,1,0,0,1,720,0
7016,2026-06-26T09:51:37.834555000Z,QoS Data,149,34,-33,920,2,8,0,0,1,0,0,1,720,0
7017,2026-06-26T09:51:37.839384000Z,QoS Data,149,34,-34,920,2,8,0,0,1,0,0,1,720,0
7019,2026-06-26T09:51:37.845088000Z,QoS Data,131,34,-14,920,2,8,1,0,0,0,0,1,720,0
7021,2026-06-26T09:51:37.847885000Z,QoS Data,131,34,-36,920,2,8,0,0,0,0,0,1,720,0
7022,2026-06-26T09:51:37.853053000Z,QoS Data,131,34,-35,920,2,8,0,0,1,0,0,1,720,0
7024,2026-06-26T09:51:38.040930000Z,QoS Data,128,34,-16,920,2,8,1,0,1,0,0,1,720,0
7026,2026-06-26T09:51:38.043355000Z,QoS Data,128,34,-33,920,2,8,0,0,0,0,0,1,720,0
7028,2026-06-26T09:51:38.066287000Z,Authentication,166,34,-60,920,0,11,0,0,0,0,0,0,0,0
7029,2026-06-26T09:51:38.077739000Z,Authentication,166,34,-28,920,0,11,0,0,0,0,0,0,720,0
7030,2026-06-26T09:51:38.084303000Z,Authentication,166,34,-29,920,0,11,0,0,1,0,0,0,720,0
7031,2026-06-26T09:51:38.091076000Z,Authentication,166,34,-30,920,0,11,0,0,1,0,0,0,720,0
7032,2026-06-26T09:51:38.097481000Z,Authentication,166,34,-29,920,0,11,0,0,1,0,0,0,720,0
7033,2026-06-26T09:51:38.318270000Z,S1G Beacon,61,34,-30,920,3,1,,,,,,,0,0
7034,2026-06-26T09:51:38.323310000Z,Authentication,166,34,-59,920,0,11,0,0,0,0,0,0,0,0
7035,2026-06-26T09:51:38.331793000Z,Authentication,166,34,-28,920,0,11,0,0,0,0,0,0,720,0
7036,2026-06-26T09:51:38.338306000Z,Authentication,166,34,-28,920,0,11,0,0,1,0,0,0,720,0
7037,2026-06-26T09:51:38.343939000Z,Authentication,166,34,-29,920,0,11,0,0,1,0,0,0,720,0
7038,2026-06-26T09:51:38.350452000Z,Authentication,166,34,-29,920,0,11,0,0,1,0,0,0,720,0
7039,2026-06-26T09:51:38.557819000Z,Authentication,166,34,-59,920,0,11,0,0,0,0,0,0,0,0
7040,2026-06-26T09:51:38.724902000Z,Data,287,34,-29,920,2,0,0,0,0,0,0,1,0,0
7041,2026-06-26T09:51:38.819965000Z,Authentication,166,34,-60,920,0,11,0,0,0,0,0,0,0,0
7042,2026-06-26T09:51:38.831783000Z,Authentication,166,34,-29,920,0,11,0,0,0,0,0,0,720,0
7043,2026-06-26T09:51:38.838346000Z,Authentication,166,34,-29,920,0,11,0,0,1,0,0,0,720,0
7044,2026-06-26T09:51:38.844183000Z,Authentication,166,34,-28,920,0,11,0,0,1,0,0,0,720,0
7045,2026-06-26T09:51:38.849810000Z,Authentication,166,34,-28,920,0,11,0,0,1,0,0,0,720,0
7046,2026-06-26T09:51:39.067786000Z,Authentication,166,34,-59,920,0,11,0,0,0,0,0,0,0,0
7047,2026-06-26T09:51:39.080374000Z,Authentication,166,34,-30,920,0,11,0,0,0,0,0,0,720,0
7048,2026-06-26T09:51:39.086473000Z,Data,132,34,-30,920,2,0,0,0,0,0,0,1,0,0
7049,2026-06-26T09:51:39.091073000Z,Authentication,166,34,-31,920,0,11,0,0,1,0,0,0,720,0
7050,2026-06-26T09:51:39.097478000Z,Authentication,166,34,-30,920,0,11,0,0,1,0,0,0,720,0
7051,2026-06-26T09:51:39.104251000Z,Authentication,166,34,-30,920,0,11,0,0,1,0,0,0,720,0
7052,2026-06-26T09:51:39.139292000Z,S1G Beacon,129,34,-31,920,3,1,,,,,,,0,0
7053,2026-06-26T09:51:39.311497000Z,Authentication,166,34,-61,920,0,11,0,0,0,0,0,0,0,0
7054,2026-06-26T09:51:39.321801000Z,Authentication,166,34,-31,920,0,11,0,0,0,0,0,0,720,0
7055,2026-06-26T09:51:39.328312000Z,Authentication,166,34,-31,920,0,11,0,0,1,0,0,0,720,0
7056,2026-06-26T09:51:39.335038000Z,Authentication,166,34,-31,920,0,11,0,0,1,0,0,0,720,0
7057,2026-06-26T09:51:39.341342000Z,Authentication,166,34,-31,920,0,11,0,0,1,0,0,0,720,0
7058,2026-06-26T09:51:39.573665000Z,Authentication,166,34,-59,920,0,11,0,0,0,0,0,0,0,0
7059,2026-06-26T09:51:39.581771000Z,Authentication,166,34,-31,920,0,11,0,0,0,0,0,0,720,0
7060,2026-06-26T09:51:39.588282000Z,Authentication,166,34,-31,920,0,11,0,0,1,0,0,0,720,0
7061,2026-06-26T09:51:39.594900000Z,Authentication,166,34,-31,920,0,11,0,0,1,0,0,0,720,0
7062,2026-06-26T09:51:39.601565000Z,Authentication,166,34,-31,920,0,11,0,0,1,0,0,0,720,0
7063,2026-06-26T09:51:39.835795000Z,Authentication,166,34,-60,920,0,11,0,0,0,0,0,0,0,0
7064,2026-06-26T09:51:39.891926000Z,Data,132,34,-33,920,2,0,0,0,0,0,0,1,0,0
7065,2026-06-26T09:51:39.956713000Z,S1G Beacon,61,34,-31,920,3,1,,,,,,,0,0
7066,2026-06-26T09:51:40.065179000Z,Authentication,166,34,-59,920,0,11,0,0,0,0,0,0,0,0
7067,2026-06-26T09:51:40.077996000Z,Authentication,166,34,-33,920,0,11,0,0,0,0,0,0,720,0
7068,2026-06-26T09:51:40.084435000Z,Authentication,166,34,-31,920,0,11,0,0,1,0,0,0,720,0
7069,2026-06-26T09:51:40.091053000Z,Authentication,166,34,-31,920,0,11,0,0,1,0,0,0,720,0
7070,2026-06-26T09:51:40.097515000Z,Authentication,166,34,-32,920,0,11,0,0,1,0,0,0,720,0
7071,2026-06-26T09:51:40.327329000Z,Authentication,166,34,-60,920,0,11,0,0,0,0,0,0,0,0
7072,2026-06-26T09:51:40.342066000Z,Authentication,166,34,-33,920,0,11,0,0,0,0,0,0,720,0
7073,2026-06-26T09:51:40.348671000Z,Authentication,166,34,-32,920,0,11,0,0,1,0,0,0,720,0
7074,2026-06-26T09:51:40.355336000Z,Authentication,166,34,-33,920,0,11,0,0,1,0,0,0,720,0
7075,2026-06-26T09:51:40.361859000Z,Authentication,166,34,-32,920,0,11,0,0,1,0,0,0,720,0
7076,2026-06-26T09:51:40.589492000Z,Authentication,166,34,-60,920,0,11,0,0,0,0,0,0,0,0
7077,2026-06-26T09:51:40.601807000Z,Authentication,166,34,-31,920,0,11,0,0,0,0,0,0,720,0
7078,2026-06-26T09:51:40.608370000Z,Authentication,166,34,-32,920,0,11,0,0,1,0,0,0,720,0
7079,2026-06-26T09:51:40.614934000Z,Authentication,166,34,-32,920,0,11,0,0,1,0,0,0,720,0
7080,2026-06-26T09:51:40.620042000Z,Authentication,166,34,-32,920,0,11,0,0,1,0,0,0,720,0
7081,2026-06-26T09:51:40.777823000Z,S1G Beacon,129,34,-32,920,3,1,,,,,,,0,0
7082,2026-06-26T09:51:40.822949000Z,Authentication,166,34,-59,920,0,11,0,0,0,0,0,0,0,0
7083,2026-06-26T09:51:40.831801000Z,Authentication,166,34,-33,920,0,11,0,0,0,0,0,0,720,0
7084,2026-06-26T09:51:40.838258000Z,Authentication,166,34,-32,920,0,11,0,0,1,0,0,0,720,0
7085,2026-06-26T09:51:40.844665000Z,Authentication,166,34,-32,920,0,11,0,0,1,0,0,0,720,0
7086,2026-06-26T09:51:40.850042000Z,Authentication,166,34,-32,920,0,11,0,0,1,0,0,0,720,0
7087,2026-06-26T09:51:41.081002000Z,Authentication,166,34,-62,920,0,11,0,0,0,0,0,0,0,0
7088,2026-06-26T09:51:41.091835000Z,Authentication,166,34,-31,920,0,11,0,0,0,0,0,0,720,0
7089,2026-06-26T09:51:41.098604000Z,Authentication,166,34,-31,920,0,11,0,0,1,0,0,0,720,0
7090,2026-06-26T09:51:41.105116000Z,Authentication,166,34,-31,920,0,11,0,0,1,0,0,0,720,0
7091,2026-06-26T09:51:41.111596000Z,Authentication,166,34,-32,920,0,11,0,0,1,0,0,0,720,0
7092,2026-06-26T09:51:41.343172000Z,Authentication,166,34,-61,920,0,11,0,0,0,0,0,0,0,0
7093,2026-06-26T09:51:41.351905000Z,Authentication,166,34,-31,920,0,11,0,0,0,0,0,0,720,0
7094,2026-06-26T09:51:41.358571000Z,Authentication,166,34,-33,920,0,11,0,0,1,0,0,0,720,0
7095,2026-06-26T09:51:41.364298000Z,Authentication,166,34,-31,920,0,11,0,0,1,0,0,0,720,0
7096,2026-06-26T09:51:41.371068000Z,Authentication,166,34,-31,920,0,11,0,0,1,0,0,0,720,0
7097,2026-06-26T09:51:41.588915000Z,Authentication,166,34,-59,920,0,11,0,0,0,0,0,0,0,0
7098,2026-06-26T09:51:41.595173000Z,S1G Beacon,61,34,-31,920,3,1,,,,,,,0,0
7099,2026-06-26T09:51:41.600128000Z,Authentication,166,34,-31,920,0,11,0,0,0,0,0,0,720,0
7100,2026-06-26T09:51:41.605643000Z,Authentication,166,34,-31,920,0,11,0,0,1,0,0,0,720,0
7101,2026-06-26T09:51:41.611329000Z,Authentication,166,34,-31,920,0,11,0,0,1,0,0,0,720,0
7102,2026-06-26T09:51:41.617373000Z,Authentication,166,34,-32,920,0,11,0,0,1,0,0,0,720,0
7103,2026-06-26T09:51:41.748893000Z,Data,287,34,-34,920,2,0,0,0,0,0,0,1,0,0
7104,2026-06-26T09:51:41.858260000Z,Authentication,166,34,-33,920,0,11,0,0,1,0,0,0,720,0
7105,2026-06-26T09:51:41.863683000Z,Authentication,166,34,-32,920,0,11,0,0,1,0,0,0,720,0
7106,2026-06-26T09:51:41.870254000Z,Authentication,166,34,-32,920,0,11,0,0,1,0,0,0,720,0
7107,2026-06-26T09:51:42.096852000Z,Authentication,166,34,-63,920,0,11,0,0,0,0,0,0,0,0
7108,2026-06-26T09:51:42.111821000Z,Authentication,166,34,-32,920,0,11,0,0,0,0,0,0,720,0
7109,2026-06-26T09:51:42.118543000Z,Authentication,166,34,-33,920,0,11,0,0,1,0,0,0,720,0
7110,2026-06-26T09:51:42.125205000Z,Authentication,166,34,-33,920,0,11,0,0,1,0,0,0,720,0
7111,2026-06-26T09:51:42.131612000Z,Authentication,166,34,-32,920,0,11,0,0,1,0,0,0,720,0
7112,2026-06-26T09:51:42.358997000Z,Authentication,166,34,-59,920,0,11,0,0,0,0,0,0,0,0
7113,2026-06-26T09:51:42.391846000Z,Data,132,34,-29,920,2,0,0,0,0,0,0,1,0,0
7114,2026-06-26T09:51:42.416198000Z,S1G Beacon,129,34,-29,920,3,1,,,,,,,0,0
7115,2026-06-26T09:51:42.588367000Z,Authentication,166,34,-59,920,0,11,0,0,0,0,0,0,0,0
7116,2026-06-26T09:51:42.602415000Z,Authentication,166,34,-30,920,0,11,0,0,0,0,0,0,720,0
7117,2026-06-26T09:51:42.608977000Z,Authentication,166,34,-29,920,0,11,0,0,1,0,0,0,720,0
7118,2026-06-26T09:51:42.615751000Z,Authentication,166,34,-30,920,0,11,0,0,1,0,0,0,720,0
7119,2026-06-26T09:51:42.622151000Z,Authentication,166,34,-28,920,0,11,0,0,1,0,0,0,720,0
7120,2026-06-26T09:51:42.850519000Z,Authentication,166,34,-60,920,0,11,0,0,0,0,0,0,0,0
7121,2026-06-26T09:51:42.861824000Z,Authentication,166,34,-30,920,0,11,0,0,0,0,0,0,720,0
7122,2026-06-26T09:51:42.867814000Z,Authentication,166,34,-31,920,0,11,0,0,1,0,0,0,720,0
7123,2026-06-26T09:51:42.870069000Z,QoS Data,149,34,-18,920,2,8,1,0,0,0,0,1,720,0
7125,2026-06-26T09:51:42.875376000Z,Authentication,166,34,-29,920,0,11,0,0,1,0,0,0,720,0
7126,2026-06-26T09:51:42.881942000Z,Authentication,166,34,-30,920,0,11,0,0,1,0,0,0,720,0
7128,2026-06-26T09:51:42.891777000Z,QoS Data,131,34,-14,920,2,8,1,0,0,0,0,1,720,0
7130,2026-06-26T09:51:42.894359000Z,QoS Data,131,34,-34,920,2,8,0,0,0,0,0,1,720,0
7132,2026-06-26T09:51:43.038342000Z,QoS Data,128,34,-17,920,2,8,1,0,0,0,0,1,720,0
7134,2026-06-26T09:51:43.040795000Z,QoS Data,128,34,-36,920,2,8,0,0,0,0,0,1,720,0
7136,2026-06-26T09:51:43.112666000Z,Authentication,166,34,-62,920,0,11,0,0,0,0,0,0,0,0
7137,2026-06-26T09:51:43.121869000Z,Authentication,166,34,-31,920,0,11,0,0,0,0,0,0,720,0
7138,2026-06-26T09:51:43.128378000Z,Authentication,166,34,-32,920,0,11,0,0,1,0,0,0,720,0
7139,2026-06-26T09:51:43.134939000Z,Authentication,166,34,-31,920,0,11,0,0,1,0,0,0,720,0
7140,2026-06-26T09:51:43.141709000Z,Authentication,166,34,-30,920,0,11,0,0,1,0,0,0,720,0
7141,2026-06-26T09:51:43.233623000Z,S1G Beacon,61,34,-51,920,3,1,,,,,,,0,0
7142,2026-06-26T09:51:43.353308000Z,Authentication,166,34,-59,920,0,11,0,0,0,0,0,0,0,0
7143,2026-06-26T09:51:43.361913000Z,Authentication,166,34,-30,920,0,11,0,0,0,0,0,0,720,0
7144,2026-06-26T09:51:43.375238000Z,Authentication,166,34,-31,920,0,11,0,0,1,0,0,0,720,0
7145,2026-06-26T09:51:43.381853000Z,Authentication,166,34,-30,920,0,11,0,0,1,0,0,0,720,0
7146,2026-06-26T09:51:43.604204000Z,Authentication,166,34,-59,920,0,11,0,0,0,0,0,0,0,0
7147,2026-06-26T09:51:43.621845000Z,Authentication,166,34,-29,920,0,11,0,0,0,0,0,0,720,0
7148,2026-06-26T09:51:43.628294000Z,Authentication,166,34,-28,920,0,11,0,0,1,0,0,0,720,0
7149,2026-06-26T09:51:43.635327000Z,Authentication,166,34,-30,920,0,11,0,0,1,0,0,0,720,0
7150,2026-06-26T09:51:43.866346000Z,Authentication,166,34,-60,920,0,11,0,0,0,0,0,0,0,0
7151,2026-06-26T09:51:43.881955000Z,Authentication,166,34,-28,920,0,11,0,0,0,0,0,0,720,0
7152,2026-06-26T09:51:43.888727000Z,Authentication,166,34,-28,920,0,11,0,0,1,0,0,0,720,0
7153,2026-06-26T09:51:43.894831000Z,Data,132,34,-28,920,2,0,0,0,0,0,0,1,0,0
7154,2026-06-26T09:51:43.899425000Z,Authentication,166,34,-29,920,0,11,0,0,1,0,0,0,720,0
7155,2026-06-26T09:51:43.905935000Z,Authentication,166,34,-27,920,0,11,0,0,1,0,0,0,720,0
7156,2026-06-26T09:51:44.054639000Z,S1G Beacon,129,34,-27,920,3,1,,,,,,,0,0
7157,2026-06-26T09:51:44.128490000Z,Authentication,166,34,-61,920,0,11,0,0,0,0,0,0,0,0
7158,2026-06-26T09:51:44.141921000Z,Authentication,166,34,-28,920,0,11,0,0,0,0,0,0,720,0
7159,2026-06-26T09:51:44.148689000Z,Authentication,166,34,-28,920,0,11,0,0,1,0,0,0,720,0
7160,2026-06-26T09:51:44.155104000Z,Authentication,166,34,-28,920,0,11,0,0,1,0,0,0,720,0
7161,2026-06-26T09:51:44.161763000Z,Authentication,166,34,-28,920,0,11,0,0,1,0,0,0,720,0
7162,2026-06-26T09:51:44.360954000Z,Authentication,166,34,-59,920,0,11,0,0,0,0,0,0,0,0
7163,2026-06-26T09:51:44.371935000Z,Authentication,166,34,-28,920,0,11,0,0,0,0,0,0,720,0
7164,2026-06-26T09:51:44.378445000Z,Authentication,166,34,-29,920,0,11,0,0,1,0,0,0,720,0
7165,2026-06-26T09:51:44.385071000Z,Authentication,166,34,-28,920,0,11,0,0,1,0,0,0,720,0
7166,2026-06-26T09:51:44.391589000Z,Authentication,166,34,-28,920,0,11,0,0,1,0,0,0,720,0
7167,2026-06-26T09:51:44.620029000Z,Authentication,166,34,-60,920,0,11,0,0,0,0,0,0,0,0
7168,2026-06-26T09:51:44.632154000Z,Authentication,166,34,-28,920,0,11,0,0,0,0,0,0,720,0
7169,2026-06-26T09:51:44.638611000Z,Authentication,166,34,-29,920,0,11,0,0,1,0,0,0,720,0
7170,2026-06-26T09:51:44.645185000Z,Authentication,166,34,-28,920,0,11,0,0,1,0,0,0,720,0
7171,2026-06-26T09:51:44.651789000Z,Authentication,166,34,-29,920,0,11,0,0,1,0,0,0,720,0
7172,2026-06-26T09:51:44.772977000Z,Data,287,34,-28,920,2,0,0,0,0,0,0,1,0,0
7173,2026-06-26T09:51:44.872068000Z,S1G Beacon,61,34,-28,920,3,1,,,,,,,0,0
7174,2026-06-26T09:51:44.882167000Z,Authentication,166,34,-59,920,0,11,0,0,0,0,0,0,0,0
7175,2026-06-26T09:51:44.947924000Z,Data,390,34,-27,920,2,0,0,0,0,0,0,1,0,0
7176,2026-06-26T09:51:44.959096000Z,Data,390,34,-28,920,2,0,0,0,0,0,0,1,0,0
7177,2026-06-26T09:51:44.970509000Z,Data,399,34,-28,920,2,0,0,0,0,0,0,1,0,0
7178,2026-06-26T09:51:44.981921000Z,Data,399,34,-26,920,2,0,0,0,0,0,0,1,0,0
7179,2026-06-26T09:51:44.994820000Z,Data,454,34,-28,920,2,0,0,0,0,0,0,1,0,0
7180,2026-06-26T09:51:45.007711000Z,Data,454,34,-27,920,2,0,0,0,0,0,0,1,0,0
7181,2026-06-26T09:51:45.020843000Z,Data,464,34,-27,920,2,0,0,0,0,0,0,1,0,0
7182,2026-06-26T09:51:45.033971000Z,Data,464,34,-27,920,2,0,0,0,0,0,0,1,0,0
7183,2026-06-26T09:51:45.126906000Z,Authentication,166,34,-59,920,0,11,0,0,0,0,0,0,0,0
7184,2026-06-26T09:51:45.141949000Z,Authentication,166,34,-26,920,0,11,0,0,0,0,0,0,720,0
7185,2026-06-26T09:51:45.148718000Z,Authentication,166,34,-28,920,0,11,0,0,1,0,0,0,720,0
7186,2026-06-26T09:51:45.155285000Z,Authentication,166,34,-28,920,0,11,0,0,1,0,0,0,720,0
7187,2026-06-26T09:51:45.161746000Z,Authentication,166,34,-26,920,0,11,0,0,1,0,0,0,720,0
7188,2026-06-26T09:51:45.373710000Z,Authentication,166,34,-60,920,0,11,0,0,0,0,0,0,0,0
7189,2026-06-26T09:51:45.391850000Z,Authentication,166,34,-28,920,0,11,0,0,0,0,0,0,720,0
7190,2026-06-26T09:51:45.398411000Z,Authentication,166,34,-27,920,0,11,0,0,1,0,0,0,720,0
7191,2026-06-26T09:51:45.405078000Z,Authentication,166,34,-26,920,0,11,0,0,1,0,0,0,720,0
7192,2026-06-26T09:51:45.411489000Z,Authentication,166,34,-27,920,0,11,0,0,1,0,0,0,720,0
7193,2026-06-26T09:51:45.635860000Z,Authentication,166,34,-61,920,0,11,0,0,0,0,0,0,0,0
7194,2026-06-26T09:51:45.651931000Z,Authentication,166,34,-27,920,0,11,0,0,0,0,0,0,720,0
7195,2026-06-26T09:51:45.658341000Z,Authentication,166,34,-27,920,0,11,0,0,1,0,0,0,720,0
7196,2026-06-26T09:51:45.664952000Z,Authentication,166,34,-27,920,0,11,0,0,1,0,0,0,720,0
7197,2026-06-26T09:51:45.671627000Z,Authentication,166,34,-26,920,0,11,0,0,1,0,0,0,720,0
7198,2026-06-26T09:51:45.898003000Z,Authentication,166,34,-59,920,0,11,0,0,0,0,0,0,0,0
7199,2026-06-26T09:51:45.911995000Z,Authentication,166,34,-26,920,0,11,0,0,0,0,0,0,720,0
7200,2026-06-26T09:51:45.924549000Z,Authentication,166,34,-24,920,0,11,0,0,1,0,0,0,720,0
7201,2026-06-26T09:51:46.127383000Z,Authentication,166,34,-59,920,0,11,0,0,0,0,0,0,0,0
7202,2026-06-26T09:51:46.141636000Z,Authentication,166,34,-26,920,0,11,0,0,0,0,0,0,720,0
7203,2026-06-26T09:51:46.148089000Z,Authentication,166,34,-27,920,0,11,0,0,1,0,0,0,720,0
7204,2026-06-26T09:51:46.153256000Z,Authentication,166,34,-27,920,0,11,0,0,1,0,0,0,720,0
7205,2026-06-26T09:51:46.160032000Z,Authentication,166,34,-28,920,0,11,0,0,1,0,0,0,720,0
7206,2026-06-26T09:51:46.389556000Z,Authentication,166,34,-60,920,0,11,0,0,0,0,0,0,0,0
7207,2026-06-26T09:51:46.401988000Z,Authentication,166,34,-27,920,0,11,0,0,0,0,0,0,720,0
7208,2026-06-26T09:51:46.408376000Z,Authentication,166,34,-26,920,0,11,0,0,1,0,0,0,720,0
7209,2026-06-26T09:51:46.415095000Z,Authentication,166,34,-27,920,0,11,0,0,1,0,0,0,720,0
7210,2026-06-26T09:51:46.421503000Z,Authentication,166,34,-27,920,0,11,0,0,1,0,0,0,720,0
7211,2026-06-26T09:51:46.510530000Z,S1G Beacon,61,34,-29,920,3,1,,,,,,,0,0
7212,2026-06-26T09:51:46.642458000Z,Authentication,166,34,-59,920,0,11,0,0,0,0,0,0,0,0
7213,2026-06-26T09:51:46.651984000Z,Authentication,166,34,-27,920,0,11,0,0,0,0,0,0,720,0
7214,2026-06-26T09:51:46.658754000Z,Authentication,166,34,-28,920,0,11,0,0,1,0,0,0,720,0
7215,2026-06-26T09:51:46.665420000Z,Authentication,166,34,-27,920,0,11,0,0,1,0,0,0,720,0
7216,2026-06-26T09:51:46.672191000Z,Authentication,166,34,-26,920,0,11,0,0,1,0,0,0,720,0
7217,2026-06-26T09:51:46.881078000Z,Authentication,166,34,-60,920,0,11,0,0,0,0,0,0,0,0
7218,2026-06-26T09:51:46.891935000Z,Authentication,166,34,-28,920,0,11,0,0,0,0,0,0,720,0
7219,2026-06-26T09:51:46.898445000Z,Authentication,166,34,-28,920,0,11,0,0,1,0,0,0,720,0
7220,2026-06-26T09:51:46.904903000Z,Authentication,166,34,-26,920,0,11,0,0,1,0,0,0,720,0
7221,2026-06-26T09:51:46.911573000Z,Authentication,166,34,-27,920,0,11,0,0,1,0,0,0,720,0
7223,2026-06-26T09:51:47.143202000Z,Authentication,166,34,-60,920,0,11,0,0,0,0,0,0,0,0
7224,2026-06-26T09:51:47.152005000Z,Authentication,166,34,-27,920,0,11,0,0,0,0,0,0,720,0
7225,2026-06-26T09:51:47.158726000Z,Authentication,166,34,-28,920,0,11,0,0,1,0,0,0,720,0
7226,2026-06-26T09:51:47.165132000Z,Authentication,166,34,-28,920,0,11,0,0,1,0,0,0,720,0
7227,2026-06-26T09:51:47.171696000Z,Authentication,166,34,-26,920,0,11,0,0,1,0,0,0,720,0
7228,2026-06-26T09:51:47.331701000Z,S1G Beacon,129,34,-28,920,3,1,,,,,,,0,0
7229,2026-06-26T09:51:47.397182000Z,Authentication,166,34,-62,920,0,11,0,0,0,0,0,0,0,0
7230,2026-06-26T09:51:47.634734000Z,Authentication,166,34,-65,920,0,11,0,0,0,0,0,0,0,0
7231,2026-06-26T09:51:47.651913000Z,Authentication,166,34,-29,920,0,11,0,0,0,0,0,0,720,0
7232,2026-06-26T09:51:47.658369000Z,Authentication,166,34,-30,920,0,11,0,0,1,0,0,0,720,0
7233,2026-06-26T09:51:47.664933000Z,Authentication,166,34,-30,920,0,11,0,0,1,0,0,0,720,0
7234,2026-06-26T09:51:47.671707000Z,Authentication,166,34,-31,920,0,11,0,0,1,0,0,0,720,0
7235,2026-06-26T09:51:47.797132000Z,Data,287,34,-28,920,2,0,0,0,0,0,0,1,0,0
7236,2026-06-26T09:51:47.896892000Z,Authentication,166,34,-60,920,0,11,0,0,0,0,0,0,0,0
7237,2026-06-26T09:51:47.906743000Z,QoS Data,149,34,-19,920,2,8,1,0,0,0,0,1,720,0
7239,2026-06-26T09:51:47.909024000Z,QoS Data,149,34,-33,920,2,8,0,0,0,0,0,1,720,0
7241,2026-06-26T09:51:47.914683000Z,QoS Data,131,34,-13,920,2,8,1,0,0,0,0,1,720,0
7243,2026-06-26T09:51:47.917944000Z,QoS Data,131,34,-33,920,2,8,0,0,0,0,0,1,720,0
7245,2026-06-26T09:51:48.038781000Z,QoS Data,128,34,-19,920,2,8,1,0,0,0,0,1,720,0
7247,2026-06-26T09:51:48.041287000Z,QoS Data,128,34,-33,920,2,8,0,0,0,0,0,1,720,0
7249,2026-06-26T09:51:48.148968000Z,S1G Beacon,61,34,-28,920,3,1,,,,,,,0,0
7250,2026-06-26T09:51:48.159031000Z,Authentication,166,34,-60,920,0,11,0,0,0,0,0,0,0,0
7251,2026-06-26T09:51:48.171975000Z,Authentication,166,34,-29,920,0,11,0,0,0,0,0,0,720,0
7252,2026-06-26T09:51:48.178591000Z,Authentication,166,34,-29,920,0,11,0,0,1,0,0,0,720,0
7253,2026-06-26T09:51:48.185309000Z,Authentication,166,34,-28,920,0,11,0,0,1,0,0,0,720,0
7254,2026-06-26T09:51:48.191974000Z,Authentication,166,34,-30,920,0,11,0,0,1,0,0,0,720,0
7255,2026-06-26T09:51:48.396625000Z,Authentication,166,34,-59,920,0,11,0,0,0,0,0,0,0,0
7256,2026-06-26T09:51:48.412023000Z,Authentication,166,34,-29,920,0,11,0,0,0,0,0,0,720,0
7257,2026-06-26T09:51:48.418692000Z,Authentication,166,34,-30,920,0,11,0,0,1,0,0,0,720,0
7258,2026-06-26T09:51:48.425310000Z,Authentication,166,34,-29,920,0,11,0,0,1,0,0,0,720,0
7259,2026-06-26T09:51:48.431873000Z,Authentication,166,34,-41,920,0,11,0,0,1,0,0,0,720,0
7260,2026-06-26T09:51:48.650579000Z,Authentication,166,34,-60,920,0,11,0,0,0,0,0,0,0,0
7261,2026-06-26T09:51:48.662068000Z,Authentication,166,34,-28,920,0,11,0,0,0,0,0,0,720,0
7262,2026-06-26T09:51:48.668526000Z,Authentication,166,34,-27,920,0,11,0,0,1,0,0,0,720,0
7263,2026-06-26T09:51:48.675293000Z,Authentication,166,34,-26,920,0,11,0,0,1,0,0,0,720,0
7264,2026-06-26T09:51:48.681804000Z,Authentication,166,34,-27,920,0,11,0,0,1,0,0,0,720,0
7265,2026-06-26T09:51:48.912745000Z,Authentication,166,34,-60,920,0,11,0,0,0,0,0,0,0,0
7266,2026-06-26T09:51:48.922294000Z,Authentication,166,34,-26,920,0,11,0,0,0,0,0,0,720,0
7267,2026-06-26T09:51:48.928858000Z,Authentication,166,34,-26,920,0,11,0,0,1,0,0,0,720,0
7268,2026-06-26T09:51:48.942244000Z,Authentication,166,34,-24,920,0,11,0,0,1,0,0,0,720,0
7269,2026-06-26T09:51:48.969996000Z,S1G Beacon,129,34,-26,920,3,1,,,,,,,0,0
7270,2026-06-26T09:51:49.174863000Z,Authentication,166,34,-60,920,0,11,0,0,0,0,0,0,0,0
7271,2026-06-26T09:51:49.191950000Z,Authentication,166,34,-27,920,0,11,0,0,0,0,0,0,720,0
7272,2026-06-26T09:51:49.198395000Z,Authentication,166,34,-27,920,0,11,0,0,1,0,0,0,720,0
7273,2026-06-26T09:51:49.204855000Z,Authentication,166,34,-27,920,0,11,0,0,1,0,0,0,720,0
7274,2026-06-26T09:51:49.404244000Z,Authentication,166,34,-59,920,0,11,0,0,0,0,0,0,0,0
7275,2026-06-26T09:51:49.666395000Z,Authentication,166,34,-60,920,0,11,0,0,0,0,0,0,0,0
7276,2026-06-26T09:51:49.683048000Z,Authentication,166,34,-27,920,0,11,0,0,0,0,0,0,720,0
7277,2026-06-26T09:51:49.689818000Z,Authentication,166,34,-27,920,0,11,0,0,1,0,0,0,720,0
7278,2026-06-26T09:51:49.696382000Z,Authentication,166,34,-26,920,0,11,0,0,1,0,0,0,720,0
7279,2026-06-26T09:51:49.703155000Z,Authentication,166,34,-27,920,0,11,0,0,1,0,0,0,720,0
7280,2026-06-26T09:51:49.787416000Z,S1G Beacon,61,34,-28,920,3,1,,,,,,,0,0
7281,2026-06-26T09:51:49.928545000Z,Authentication,166,34,-58,920,0,11,0,0,0,0,0,0,0,0
7282,2026-06-26T09:51:50.180450000Z,Authentication,166,34,-59,920,0,11,0,0,0,0,0,0,0,0
7283,2026-06-26T09:51:50.192469000Z,Authentication,166,34,-28,920,0,11,0,0,0,0,0,0,720,0
7284,2026-06-26T09:51:50.204189000Z,Authentication,166,34,-25,920,0,11,0,0,1,0,0,0,720,0
7285,2026-06-26T09:51:50.210699000Z,Authentication,166,34,-28,920,0,11,0,0,1,0,0,0,720,0
7286,2026-06-26T09:51:50.420075000Z,Authentication,166,34,-60,920,0,11,0,0,0,0,0,0,0,0
7287,2026-06-26T09:51:50.432037000Z,Authentication,166,34,-27,920,0,11,0,0,0,0,0,0,720,0
7288,2026-06-26T09:51:50.438704000Z,Authentication,166,34,-27,920,0,11,0,0,1,0,0,0,720,0
7289,2026-06-26T09:51:50.445220000Z,Authentication,166,34,-27,920,0,11,0,0,1,0,0,0,720,0
7290,2026-06-26T09:51:50.451786000Z,Authentication,166,34,-26,920,0,11,0,0,1,0,0,0,720,0
7291,2026-06-26T09:51:50.608458000Z,S1G Beacon,129,34,-28,920,3,1,,,,,,,0,0
7292,2026-06-26T09:51:50.682235000Z,Authentication,166,34,-59,920,0,11,0,0,0,0,0,0,0,0
7293,2026-06-26T09:51:50.944373000Z,Authentication,166,34,-60,920,0,11,0,0,0,0,0,0,0,0
7294,2026-06-26T09:51:51.173773000Z,Authentication,166,34,-59,920,0,11,0,0,0,0,0,0,0,0
7295,2026-06-26T09:51:51.698058000Z,Authentication,166,34,-59,920,0,11,0,0,0,0,0,0,0,0
7296,2026-06-26T09:51:51.930505000Z,Authentication,166,34,-59,920,0,11,0,0,0,0,0,0,0,0
7297,2026-06-26T09:51:51.947747000Z,Authentication,166,34,-23,920,0,11,0,0,1,0,0,0,720,0
7298,2026-06-26T09:51:51.961178000Z,Authentication,166,34,-23,920,0,11,0,0,1,0,0,0,720,0
7299,2026-06-26T09:51:52.189590000Z,Authentication,166,34,-60,920,0,11,0,0,0,0,0,0,0,0
7300,2026-06-26T09:51:52.207279000Z,Authentication,166,34,-23,920,0,11,0,0,1,0,0,0,720,0
7301,2026-06-26T09:51:52.218943000Z,Authentication,166,34,-24,920,0,11,0,0,1,0,0,0,720,0
7302,2026-06-26T09:51:52.270136000Z,Disassociation,64,34,-23,920,0,10,0,0,1,0,0,0,720,0
7303,2026-06-26T09:51:52.277980000Z,Disassociation,64,34,-23,920,0,10,0,0,1,0,0,0,720,0
7304,2026-06-26T09:51:52.407959000Z,Data,387,34,-22,920,2,0,0,0,0,0,0,1,0,0
7305,2026-06-26T09:51:52.451726000Z,Authentication,166,34,-60,920,0,11,0,0,0,0,0,0,0,0
7306,2026-06-26T09:51:52.468757000Z,Authentication,166,34,-23,920,0,11,0,0,1,0,0,0,720,0
7307,2026-06-26T09:51:52.481990000Z,Authentication,166,34,-23,920,0,11,0,0,1,0,0,0,720,0
7308,2026-06-26T09:51:52.692384000Z,Authentication,166,34,-60,920,0,11,0,0,0,0,0,0,0,0
7309,2026-06-26T09:51:52.708876000Z,Authentication,166,34,-25,920,0,11,0,0,1,0,0,0,720,0
7310,2026-06-26T09:51:52.726400000Z,Authentication,166,34,-22,920,0,11,0,0,1,0,0,0,720,0
7311,2026-06-26T09:51:52.931912000Z,QoS Data,149,34,-21,920,2,8,1,0,0,0,0,1,720,0
7312,2026-06-26T09:51:52.937640000Z,QoS Data,149,34,-28,920,2,8,0,0,1,0,0,1,720,0
7313,2026-06-26T09:51:52.943254000Z,Authentication,166,34,-60,920,0,11,0,0,0,0,0,0,0,0
7314,2026-06-26T09:51:52.945385000Z,QoS Data,149,34,-30,920,2,8,0,0,1,0,0,1,720,0
7315,2026-06-26T09:51:52.950769000Z,QoS Data,149,34,-29,920,2,8,0,0,1,0,0,1,720,0
7317,2026-06-26T09:51:52.958681000Z,QoS Data,131,34,-15,920,2,8,1,0,0,0,0,1,720,0
7318,2026-06-26T09:51:52.964043000Z,Authentication,166,34,-23,920,0,11,0,0,1,0,0,0,720,0
7319,2026-06-26T09:51:52.977075000Z,Authentication,166,34,-22,920,0,11,0,0,1,0,0,0,720,0
7320,2026-06-26T09:51:52.981901000Z,QoS Data,131,34,-29,920,2,8,0,0,0,0,0,1,720,0
7322,2026-06-26T09:51:53.041600000Z,QoS Data,128,34,-20,920,2,8,1,0,1,0,0,1,720,0
7324,2026-06-26T09:51:53.205407000Z,Authentication,166,34,-61,920,0,11,0,0,0,0,0,0,0,0
7325,2026-06-26T09:51:53.228640000Z,Authentication,166,34,-22,920,0,11,0,0,1,0,0,0,720,0
7326,2026-06-26T09:51:53.247534000Z,Authentication,166,34,-22,920,0,11,0,0,1,0,0,0,720,0
7327,2026-06-26T09:51:53.449381000Z,Data,442,34,-22,920,2,0,0,0,0,0,0,1,0,0
7328,2026-06-26T09:51:53.467554000Z,Authentication,166,34,-60,920,0,11,0,0,0,0,0,0,0,0
7329,2026-06-26T09:51:53.488850000Z,Authentication,166,34,-22,920,0,11,0,0,1,0,0,0,720,0
7330,2026-06-26T09:51:53.502285000Z,Authentication,166,34,-22,920,0,11,0,0,1,0,0,0,720,0
7331,2026-06-26T09:51:53.696955000Z,Authentication,166,34,-61,920,0,11,0,0,0,0,0,0,0,0
7332,2026-06-26T09:51:53.710783000Z,Authentication,166,34,-22,920,0,11,0,0,1,0,0,0,720,0
7333,2026-06-26T09:51:53.724050000Z,Authentication,166,34,-23,920,0,11,0,0,1,0,0,0,720,0
7334,2026-06-26T09:51:53.959083000Z,Authentication,166,34,-59,920,0,11,0,0,0,0,0,0,0,0
7335,2026-06-26T09:51:53.978711000Z,Authentication,166,34,-23,920,0,11,0,0,1,0,0,0,720,0
7336,2026-06-26T09:51:53.991745000Z,Authentication,166,34,-22,920,0,11,0,0,1,0,0,0,720,0
7337,2026-06-26T09:51:54.221238000Z,Authentication,166,34,-63,920,0,11,0,0,0,0,0,0,0,0
7338,2026-06-26T09:51:54.456764000Z,Authentication,166,34,-60,920,0,11,0,0,0,0,0,0,0,0
7339,2026-06-26T09:51:54.478903000Z,Authentication,166,34,-22,920,0,11,0,0,1,0,0,0,720,0
7340,2026-06-26T09:51:54.491666000Z,Authentication,166,34,-22,920,0,11,0,0,1,0,0,0,720,0
7341,2026-06-26T09:51:54.974947000Z,Authentication,166,34,-59,920,0,11,0,0,0,0,0,0,0,0
7342,2026-06-26T09:51:54.988881000Z,Authentication,166,34,-23,920,0,11,0,0,1,0,0,0,720,0
7343,2026-06-26T09:51:55.002208000Z,Authentication,166,34,-23,920,0,11,0,0,1,0,0,0,720,0
7344,2026-06-26T09:51:55.258573000Z,Authentication,166,34,-23,920,0,11,0,0,1,0,0,0,720,0
7345,2026-06-26T09:51:55.271842000Z,Authentication,166,34,-22,920,0,11,0,0,1,0,0,0,720,0
7346,2026-06-26T09:51:55.466445000Z,Authentication,166,34,-58,920,0,11,0,0,0,0,0,0,0,0
7347,2026-06-26T09:51:55.488617000Z,Authentication,166,34,-23,920,0,11,0,0,1,0,0,0,720,0
7348,2026-06-26T09:51:55.502001000Z,Authentication,166,34,-24,920,0,11,0,0,1,0,0,0,720,0
7349,2026-06-26T09:51:55.728626000Z,Authentication,166,34,-59,920,0,11,0,0,0,0,0,0,0,0
7350,2026-06-26T09:51:55.749629000Z,Authentication,166,34,-22,920,0,11,0,0,1,0,0,0,720,0
7351,2026-06-26T09:51:55.762809000Z,Authentication,166,34,-22,920,0,11,0,0,1,0,0,0,720,0
7353,2026-06-26T09:51:55.990740000Z,Authentication,166,34,-60,920,0,11,0,0,0,0,0,0,0,0
7354,2026-06-26T09:51:56.008599000Z,Authentication,166,34,-23,920,0,11,0,0,1,0,0,0,720,0
7355,2026-06-26T09:51:56.021832000Z,Authentication,166,34,-22,920,0,11,0,0,1,0,0,0,720,0
7356,2026-06-26T09:51:56.228335000Z,Authentication,166,34,-59,920,0,11,0,0,0,0,0,0,0,0
7357,2026-06-26T09:51:56.248753000Z,Authentication,166,34,-22,920,0,11,0,0,1,0,0,0,720,0
7358,2026-06-26T09:51:56.261668000Z,Authentication,166,34,-23,920,0,11,0,0,1,0,0,0,720,0
7359,2026-06-26T09:51:56.482265000Z,Authentication,166,34,-60,920,0,11,0,0,0,0,0,0,0,0
7360,2026-06-26T09:51:56.744449000Z,Authentication,166,34,-59,920,0,11,0,0,0,0,0,0,0,0
7362,2026-06-26T09:51:56.995319000Z,Authentication,166,34,-60,920,0,11,0,0,0,0,0,0,0,0
7363,2026-06-26T09:51:57.018541000Z,Authentication,166,34,-22,920,0,11,0,0,1,0,0,0,720,0
7364,2026-06-26T09:51:57.029362000Z,Authentication,166,34,-22,920,0,11,0,0,1,0,0,0,720,0
7365,2026-06-26T09:51:57.235965000Z,Authentication,166,34,-60,920,0,11,0,0,0,0,0,0,0,0
7366,2026-06-26T09:51:57.258591000Z,Authentication,166,34,-22,920,0,11,0,0,1,0,0,0,720,0
7367,2026-06-26T09:51:57.271720000Z,Authentication,166,34,-22,920,0,11,0,0,1,0,0,0,720,0
7369,2026-06-26T09:51:57.498098000Z,Authentication,166,34,-60,920,0,11,0,0,0,0,0,0,0,0
7370,2026-06-26T09:51:57.760279000Z,Authentication,166,34,-59,920,0,11,0,0,0,0,0,0,0,0
7371,2026-06-26T09:51:57.994071000Z,QoS Data,149,34,-22,920,2,8,1,0,0,0,0,1,720,0
7373,2026-06-26T09:51:58.009413000Z,QoS Data,131,34,-15,920,2,8,1,0,0,0,0,1,720,0
7374,2026-06-26T09:51:58.014724000Z,Authentication,166,34,-22,920,0,11,0,0,1,0,0,0,720,0
7376,2026-06-26T09:51:58.038891000Z,QoS Data,128,34,-21,920,2,8,1,0,0,0,0,1,720,0
7377,2026-06-26T09:51:58.041335000Z,QoS Data,128,34,-28,920,2,8,0,0,0,0,0,1,720,0
7379,2026-06-26T09:51:58.251783000Z,Authentication,166,34,-60,920,0,11,0,0,0,0,0,0,0,0
7381,2026-06-26T09:51:58.263658000Z,Authentication,166,34,-23,920,0,11,0,0,1,0,0,0,720,0
7382,2026-06-26T09:51:58.276004000Z,Authentication,166,34,-22,920,0,11,0,0,1,0,0,0,720,0
7383,2026-06-26T09:51:58.513929000Z,Authentication,166,34,-64,920,0,11,0,0,0,0,0,0,0,0
7384,2026-06-26T09:51:58.538601000Z,Authentication,166,34,-21,920,0,11,0,0,1,0,0,0,720,0
7385,2026-06-26T09:51:58.551989000Z,Authentication,166,34,-22,920,0,11,0,0,1,0,0,0,720,0
7386,2026-06-26T09:51:58.790769000Z,Authentication,166,34,-22,920,0,11,0,0,0,0,0,0,720,0
7387,2026-06-26T09:51:58.805290000Z,Authentication,166,34,-22,920,0,11,0,0,1,0,0,0,720,0
7388,2026-06-26T09:51:58.818580000Z,Authentication,166,34,-21,920,0,11,0,0,1,0,0,0,720,0
7389,2026-06-26T09:51:59.005466000Z,Authentication,166,34,-60,920,0,11,0,0,0,0,0,0,0,0
7390,2026-06-26T09:51:59.028701000Z,Authentication,166,34,-21,920,0,11,0,0,1,0,0,0,720,0
7391,2026-06-26T09:51:59.041987000Z,Authentication,166,34,-23,920,0,11,0,0,1,0,0,0,720,0
7392,2026-06-26T09:51:59.267607000Z,Authentication,166,34,-60,920,0,11,0,0,0,0,0,0,0,0
7393,2026-06-26T09:51:59.288541000Z,Authentication,166,34,-22,920,0,11,0,0,1,0,0,0,720,0
7394,2026-06-26T09:51:59.301611000Z,Authentication,166,34,-22,920,0,11,0,0,1,0,0,0,720,0
7395,2026-06-26T09:51:59.529759000Z,Authentication,166,34,-60,920,0,11,0,0,0,0,0,0,0,0
7396,2026-06-26T09:51:59.549023000Z,Authentication,166,34,-23,920,0,11,0,0,1,0,0,0,720,0
7397,2026-06-26T09:51:59.562041000Z,Authentication,166,34,-22,920,0,11,0,0,1,0,0,0,720,0
7398,2026-06-26T09:51:59.771431000Z,Authentication,166,34,-60,920,0,11,0,0,0,0,0,0,0,0
7399,2026-06-26T09:51:59.782249000Z,Authentication,166,34,-22,920,0,11,0,0,0,0,0,0,720,0
7400,2026-06-26T09:51:59.788709000Z,Authentication,166,34,-22,920,0,11,0,0,1,0,0,0,720,0
7401,2026-06-26T09:51:59.795384000Z,Authentication,166,34,-21,920,0,11,0,0,1,0,0,0,720,0
7402,2026-06-26T09:51:59.802002000Z,Authentication,166,34,-22,920,0,11,0,0,1,0,0,0,720,0
7403,2026-06-26T09:51:59.893492000Z,Data,287,34,-23,920,2,0,0,0,0,0,0,1,0,0
7404,2026-06-26T09:52:00.021291000Z,Authentication,166,34,-60,920,0,11,0,0,0,0,0,0,0,0
7405,2026-06-26T09:52:00.283437000Z,Authentication,166,34,-59,920,0,11,0,0,0,0,0,0,0,0
7406,2026-06-26T09:52:00.545588000Z,Authentication,166,34,-60,920,0,11,0,0,0,0,0,0,0,0
7407,2026-06-26T09:52:00.796104000Z,Authentication,166,34,-22,920,0,11,0,0,1,0,0,0,720,0
7408,2026-06-26T09:52:00.809489000Z,Authentication,166,34,-22,920,0,11,0,0,1,0,0,0,720,0
7409,2026-06-26T09:52:01.037130000Z,Authentication,166,34,-60,920,0,11,0,0,0,0,0,0,0,0
7410,2026-06-26T09:52:01.058979000Z,Authentication,166,34,-22,920,0,11,0,0,1,0,0,0,720,0
7411,2026-06-26T09:52:01.072106000Z,Authentication,166,34,-23,920,0,11,0,0,1,0,0,0,720,0
7412,2026-06-26T09:52:01.256574000Z,S1G Beacon,61,34,-20,920,3,1,,,,,,,0,0
7413,2026-06-26T09:52:01.299268000Z,Authentication,166,34,-59,920,0,11,0,0,0,0,0,0,0,0
7414,2026-06-26T09:52:01.319056000Z,Authentication,166,34,-21,920,0,11,0,0,1,0,0,0,720,0
7415,2026-06-26T09:52:01.331352000Z,Authentication,166,34,-21,920,0,11,0,0,1,0,0,0,720,0
7416,2026-06-26T09:52:01.538891000Z,Authentication,166,34,-59,920,0,11,0,0,0,0,0,0,0,0
7417,2026-06-26T09:52:01.552262000Z,Authentication,166,34,-19,920,0,11,0,0,0,0,0,0,720,0
7418,2026-06-26T09:52:01.565284000Z,Authentication,166,34,-22,920,0,11,0,0,1,0,0,0,720,0
7419,2026-06-26T09:52:01.790801000Z,Authentication,166,34,-60,920,0,11,0,0,0,0,0,0,0,0
7420,2026-06-26T09:52:02.052964000Z,Authentication,166,34,-60,920,0,11,0,0,0,0,0,0,0,0
7421,2026-06-26T09:52:02.068728000Z,Authentication,166,34,-22,920,0,11,0,0,1,0,0,0,720,0
7422,2026-06-26T09:52:02.082210000Z,Authentication,166,34,-22,920,0,11,0,0,1,0,0,0,720,0
7423,2026-06-26T09:52:02.304849000Z,Authentication,166,34,-60,920,0,11,0,0,0,0,0,0,0,0
7424,2026-06-26T09:52:02.544489000Z,Authentication,166,34,-60,920,0,11,0,0,0,0,0,0,0,0
7425,2026-06-26T09:52:02.559063000Z,Authentication,166,34,-23,920,0,11,0,0,1,0,0,0,720,0
7426,2026-06-26T09:52:02.572146000Z,Authentication,166,34,-22,920,0,11,0,0,1,0,0,0,720,0
7427,2026-06-26T09:52:02.806622000Z,Authentication,166,34,-59,920,0,11,0,0,0,0,0,0,0,0
7428,2026-06-26T09:52:02.824588000Z,Authentication,166,34,-22,920,0,11,0,0,1,0,0,0,720,0
7429,2026-06-26T09:52:02.836622000Z,Authentication,166,34,-23,920,0,11,0,0,1,0,0,0,720,0
7430,2026-06-26T09:52:02.917500000Z,Data,287,34,-21,920,2,0,0,0,0,0,0,1,0,0
7431,2026-06-26T09:52:03.040669000Z,RTS,54,34,-15,920,1,11,,,,0,0,0,2452,0
7432,2026-06-26T09:52:03.042390000Z,QoS Data,149,34,-19,920,2,8,1,0,1,0,0,1,720,0
7433,2026-06-26T09:52:03.045498000Z,QoS Data,149,34,-26,920,2,8,0,0,0,0,0,1,720,0
7435,2026-06-26T09:52:03.051512000Z,QoS Data,131,34,-14,920,2,8,1,0,0,0,0,1,720,0
7436,2026-06-26T09:52:03.053785000Z,QoS Data,131,34,-27,920,2,8,0,0,0,0,0,1,720,0
7438,2026-06-26T09:52:03.068773000Z,Authentication,166,34,-59,920,0,11,0,0,0,0,0,0,0,0
7439,2026-06-26T09:52:03.088797000Z,Authentication,166,34,-22,920,0,11,0,0,1,0,0,0,720,0
7440,2026-06-26T09:52:03.102131000Z,Authentication,166,34,-23,920,0,11,0,0,1,0,0,0,720,0
7441,2026-06-26T09:52:03.288901000Z,QoS Data,128,34,-19,920,2,8,1,0,0,0,0,1,720,0
7442,2026-06-26T09:52:03.290916000Z,QoS Data,128,34,-25,920,2,8,0,0,0,0,0,1,720,0
7444,2026-06-26T09:52:03.298155000Z,Authentication,166,34,-59,920,0,11,0,0,0,0,0,0,0,0
7445,2026-06-26T09:52:03.318924000Z,Authentication,166,34,-21,920,0,11,0,0,1,0,0,0,720,0
7446,2026-06-26T09:52:03.325647000Z,Authentication,166,34,-19,920,0,11,0,0,1,0,0,0,720,0
7447,2026-06-26T09:52:03.560326000Z,Authentication,166,34,-59,920,0,11,0,0,0,0,0,0,0,0
7448,2026-06-26T09:52:03.578947000Z,Authentication,166,34,-21,920,0,11,0,0,1,0,0,0,720,0
7449,2026-06-26T09:52:03.591919000Z,Authentication,166,34,-22,920,0,11,0,0,1,0,0,0,720,0
7450,2026-06-26T09:52:03.716050000Z,S1G Beacon,129,34,-20,920,3,1,,,,,,,0,0
7451,2026-06-26T09:52:03.822451000Z,Authentication,166,34,-60,920,0,11,0,0,0,0,0,0,0,0
7452,2026-06-26T09:52:03.838912000Z,Authentication,166,34,-21,920,0,11,0,0,1,0,0,0,720,0
7453,2026-06-26T09:52:03.845685000Z,Authentication,166,34,-19,920,0,11,0,0,1,0,0,0,720,0
7454,2026-06-26T09:52:03.852189000Z,Authentication,166,34,-19,920,0,11,0,0,1,0,0,0,720,0
7455,2026-06-26T09:52:04.061087000Z,Authentication,166,34,-59,920,0,11,0,0,0,0,0,0,0,0
7456,2026-06-26T09:52:04.078753000Z,Authentication,166,34,-21,920,0,11,0,0,1,0,0,0,720,0
7457,2026-06-26T09:52:04.091934000Z,Authentication,166,34,-21,920,0,11,0,0,1,0,0,0,720,0
7458,2026-06-26T09:52:04.313985000Z,Authentication,166,34,-60,920,0,11,0,0,0,0,0,0,0,0
7459,2026-06-26T09:52:04.322565000Z,Authentication,166,34,-19,920,0,11,0,0,0,0,0,0,720,0
7460,2026-06-26T09:52:04.329077000Z,Authentication,166,34,-19,920,0,11,0,0,1,0,0,0,720,0
7461,2026-06-26T09:52:04.342203000Z,Authentication,166,34,-20,920,0,11,0,0,1,0,0,0,720,0
7462,2026-06-26T09:52:04.576136000Z,Authentication,166,34,-59,920,0,11,0,0,0,0,0,0,0,0
7463,2026-06-26T09:52:04.598843000Z,Authentication,166,34,-22,920,0,11,0,0,1,0,0,0,720,0
7464,2026-06-26T09:52:04.605497000Z,Authentication,166,34,-19,920,0,11,0,0,1,0,0,0,720,0
7465,2026-06-26T09:52:04.610763000Z,Authentication,166,34,-20,920,0,11,0,0,1,0,0,0,720,0
7466,2026-06-26T09:52:04.838293000Z,Authentication,166,34,-60,920,0,11,0,0,0,0,0,0,0,0
7468,2026-06-26T09:52:05.067675000Z,Authentication,166,34,-59,920,0,11,0,0,0,0,0,0,0,0
7469,2026-06-26T09:52:05.090316000Z,Authentication,166,34,-21,920,0,11,0,0,1,0,0,0,720,0
7470,2026-06-26T09:52:05.103595000Z,Authentication,166,34,-21,920,0,11,0,0,1,0,0,0,720,0
7471,2026-06-26T09:52:05.329813000Z,Authentication,166,34,-60,920,0,11,0,0,0,0,0,0,0,0
7472,2026-06-26T09:52:05.342360000Z,Authentication,166,34,-20,920,0,11,0,0,0,0,0,0,720,0
7473,2026-06-26T09:52:05.354554000Z,S1G Beacon,129,34,-21,920,3,1,,,,,,,0,0
7474,2026-06-26T09:52:05.365613000Z,Authentication,166,34,-22,920,0,11,0,0,1,0,0,0,720,0
7475,2026-06-26T09:52:05.591987000Z,Authentication,166,34,-60,920,0,11,0,0,0,0,0,0,0,0
7476,2026-06-26T09:52:05.608935000Z,Authentication,166,34,-25,920,0,11,0,0,1,0,0,0,720,0
7477,2026-06-26T09:52:05.622010000Z,Authentication,166,34,-21,920,0,11,0,0,1,0,0,0,720,0
7478,2026-06-26T09:52:05.823389000Z,Authentication,166,34,-60,920,0,11,0,0,0,0,0,0,0,0
7479,2026-06-26T09:52:05.838910000Z,Authentication,166,34,-22,920,0,11,0,0,1,0,0,0,720,0
7480,2026-06-26T09:52:05.852095000Z,Authentication,166,34,-21,920,0,11,0,0,1,0,0,0,720,0
7482,2026-06-26T09:52:06.083506000Z,Authentication,166,34,-59,920,0,11,0,0,0,0,0,0,0,0
7483,2026-06-26T09:52:06.098928000Z,Authentication,166,34,-22,920,0,11,0,0,1,0,0,0,720,0
7484,2026-06-26T09:52:06.111746000Z,Authentication,166,34,-22,920,0,11,0,0,1,0,0,0,720,0
7485,2026-06-26T09:52:06.345638000Z,Authentication,166,34,-60,920,0,11,0,0,0,0,0,0,0,0
7486,2026-06-26T09:52:06.369067000Z,Authentication,166,34,-22,920,0,11,0,0,1,0,0,0,720,0
7487,2026-06-26T09:52:06.382295000Z,Authentication,166,34,-22,920,0,11,0,0,1,0,0,0,720,0
7488,2026-06-26T09:52:06.411907000Z,Data,390,34,-23,920,2,0,0,0,0,0,0,1,0,0
7489,2026-06-26T09:52:06.435719000Z,Data,399,34,-22,920,2,0,0,0,0,0,0,1,0,0
7490,2026-06-26T09:52:06.448621000Z,Data,454,34,-20,920,2,0,0,0,0,0,0,1,0,0
7491,2026-06-26T09:52:06.474652000Z,Data,464,34,-22,920,2,0,0,0,0,0,0,1,0,0
7492,2026-06-26T09:52:06.584243000Z,Authentication,166,34,-59,920,0,11,0,0,0,0,0,0,0,0
7493,2026-06-26T09:52:06.599953000Z,Authentication,166,34,-20,920,0,11,0,0,0,0,0,0,720,0
7494,2026-06-26T09:52:06.613024000Z,Authentication,166,34,-22,920,0,11,0,0,1,0,0,0,720,0
7495,2026-06-26T09:52:06.837171000Z,Authentication,166,34,-61,920,0,11,0,0,0,0,0,0,0,0
7496,2026-06-26T09:52:06.859034000Z,Authentication,166,34,-21,920,0,11,0,0,1,0,0,0,720,0
7497,2026-06-26T09:52:06.872575000Z,Authentication,166,34,-21,920,0,11,0,0,1,0,0,0,720,0
7498,2026-06-26T09:52:07.112411000Z,Authentication,166,34,-21,920,0,11,0,0,0,0,0,0,720,0
7499,2026-06-26T09:52:07.125510000Z,Authentication,166,34,-23,920,0,11,0,0,1,0,0,0,720,0
7500,2026-06-26T09:52:07.132408000Z,Authentication,166,34,-20,920,0,11,0,0,1,0,0,0,720,0
7501,2026-06-26T09:52:07.359417000Z,Authentication,166,34,-59,920,0,11,0,0,0,0,0,0,0,0
7502,2026-06-26T09:52:07.378850000Z,Authentication,166,34,-21,920,0,11,0,0,1,0,0,0,720,0
7503,2026-06-26T09:52:07.391875000Z,Authentication,166,34,-23,920,0,11,0,0,1,0,0,0,720,0
7504,2026-06-26T09:52:07.590864000Z,Authentication,166,34,-61,920,0,11,0,0,0,0,0,0,0,0
7505,2026-06-26T09:52:07.608866000Z,Authentication,166,34,-21,920,0,11,0,0,1,0,0,0,720,0
7506,2026-06-26T09:52:07.621840000Z,Authentication,166,34,-23,920,0,11,0,0,1,0,0,0,720,0
7507,2026-06-26T09:52:07.853008000Z,Authentication,166,34,-61,920,0,11,0,0,0,0,0,0,0,0
7508,2026-06-26T09:52:08.068184000Z,QoS Data,148,34,-25,920,2,8,0,0,0,0,0,1,720,0
7510,2026-06-26T09:52:08.074617000Z,QoS Data,131,34,-14,920,2,8,1,0,0,0,0,1,720,0
7513,2026-06-26T09:52:08.115147000Z,Authentication,166,34,-61,920,0,11,0,0,0,0,0,0,0,0
7516,2026-06-26T09:52:08.288874000Z,QoS Data,128,34,-18,920,2,8,1,0,0,0,0,1,720,0
7517,2026-06-26T09:52:08.291253000Z,QoS Data,128,34,-27,920,2,8,0,0,0,0,0,1,720,0
7519,2026-06-26T09:52:08.350672000Z,Authentication,166,34,-60,920,0,11,0,0,0,0,0,0,0,0
7520,2026-06-26T09:52:08.606680000Z,Authentication,166,34,-59,920,0,11,0,0,0,0,0,0,0,0
7521,2026-06-26T09:52:08.631417000Z,S1G Beacon,129,34,-21,920,3,1,,,,,,,0,0
7522,2026-06-26T09:52:08.642564000Z,Authentication,166,34,-21,920,0,11,0,0,1,0,0,0,720,0
7523,2026-06-26T09:52:08.649126000Z,Authentication,166,34,-19,920,0,11,0,0,1,0,0,0,720,0
7524,2026-06-26T09:52:08.706003000Z,Disassociation,64,34,-22,920,0,10,0,0,1,0,0,0,720,0
7525,2026-06-26T09:52:08.713795000Z,Disassociation,64,34,-23,920,0,10,0,0,1,0,0,0,720,0
7526,2026-06-26T09:52:08.868831000Z,Authentication,166,34,-61,920,0,11,0,0,0,0,0,0,0,0
7528,2026-06-26T09:52:09.121763000Z,Authentication,166,34,-60,920,0,11,0,0,0,0,0,0,0,0
7529,2026-06-26T09:52:09.360371000Z,Authentication,166,34,-62,920,0,11,0,0,0,0,0,0,0,0
7530,2026-06-26T09:52:09.622512000Z,Authentication,166,34,-61,920,0,11,0,0,0,0,0,0,0,0
7531,2026-06-26T09:52:09.881596000Z,Authentication,166,34,-59,920,0,11,0,0,0,0,0,0,0,0
7532,2026-06-26T09:52:10.122230000Z,Authentication,166,34,-60,920,0,11,0,0,0,0,0,0,0,0
7533,2026-06-26T09:52:10.376210000Z,Authentication,166,34,-60,920,0,11,0,0,0,0,0,0,0,0
7534,2026-06-26T09:52:10.638349000Z,Authentication,166,34,-62,920,0,11,0,0,0,0,0,0,0,0
7535,2026-06-26T09:52:10.659004000Z,Authentication,166,34,-22,920,0,11,0,0,1,0,0,0,720,0
7536,2026-06-26T09:52:10.672290000Z,Authentication,166,34,-22,920,0,11,0,0,1,0,0,0,720,0
7537,2026-06-26T09:52:10.896385000Z,Authentication,166,34,-61,920,0,11,0,0,0,0,0,0,0,0
7538,2026-06-26T09:52:11.129866000Z,Authentication,166,34,-59,920,0,11,0,0,0,0,0,0,0,0
7539,2026-06-26T09:52:11.142772000Z,Authentication,166,34,-19,920,0,11,0,0,0,0,0,0,720,0
7540,2026-06-26T09:52:11.156107000Z,Authentication,166,34,-21,920,0,11,0,0,1,0,0,0,720,0
7541,2026-06-26T09:52:11.392033000Z,Authentication,166,34,-60,920,0,11,0,0,0,0,0,0,0,0
7542,2026-06-26T09:52:11.654172000Z,Authentication,166,34,-60,920,0,11,0,0,0,0,0,0,0,0
7543,2026-06-26T09:52:11.889700000Z,Authentication,166,34,-60,920,0,11,0,0,0,0,0,0,0,0
7544,2026-06-26T09:52:11.989805000Z,Data,287,34,-19,920,2,0,0,0,0,0,0,1,0,0
7545,2026-06-26T09:52:12.145692000Z,Authentication,166,34,-59,920,0,11,0,0,0,0,0,0,0,0
7546,2026-06-26T09:52:12.407873000Z,Authentication,166,34,-61,920,0,11,0,0,0,0,0,0,0,0
7547,2026-06-26T09:52:12.655653000Z,Authentication,166,34,-61,920,0,11,0,0,0,0,0,0,0,0
7548,2026-06-26T09:52:12.672470000Z,Authentication,166,34,-19,920,0,11,0,0,0,0,0,0,720,0
7549,2026-06-26T09:52:12.685640000Z,Authentication,166,34,-20,920,0,11,0,0,1,0,0,0,720,0
7550,2026-06-26T09:52:12.692054000Z,Authentication,166,34,-19,920,0,11,0,0,1,0,0,0,720,0
7551,2026-06-26T09:52:12.899377000Z,Authentication,166,34,-60,920,0,11,0,0,0,0,0,0,0,0
7552,2026-06-26T09:52:13.090091000Z,QoS Data,149,34,-19,920,2,8,1,0,0,0,0,1,720,0
7554,2026-06-26T09:52:13.092671000Z,QoS Data,149,34,-28,920,2,8,0,0,0,0,0,1,720,0
7556,2026-06-26T09:52:13.098375000Z,QoS Data,131,34,-14,920,2,8,1,0,0,0,0,1,720,0
7558,2026-06-26T09:52:13.100703000Z,QoS Data,131,34,-27,920,2,8,0,0,0,0,0,1,720,0
7560,2026-06-26T09:52:13.161521000Z,Authentication,166,34,-60,920,0,11,0,0,0,0,0,0,0,0
7561,2026-06-26T09:52:13.290059000Z,QoS Data,128,34,-19,920,2,8,1,0,0,0,0,1,720,0
7563,2026-06-26T09:52:13.292382000Z,QoS Data,128,34,-26,920,2,8,0,0,0,0,0,1,720,0
7565,2026-06-26T09:52:13.304501000Z,Data,378,34,-19,920,2,0,0,0,0,0,0,1,0,0
7566,2026-06-26T09:52:13.408565000Z,Data,387,34,-19,920,2,0,0,0,0,0,0,1,0,0
7567,2026-06-26T09:52:13.423667000Z,Authentication,166,34,-64,920,0,11,0,0,0,0,0,0,0,0
7568,2026-06-26T09:52:13.514298000Z,Data,450,34,-19,920,2,0,0,0,0,0,0,1,0,0
7569,2026-06-26T09:52:13.546753000Z,S1G Beacon,129,34,-19,920,3,1,,,,,,,0,0
7570,2026-06-26T09:52:13.618196000Z,Data,442,34,-19,920,2,0,0,0,0,0,0,1,0,0
7571,2026-06-26T09:52:13.655098000Z,Authentication,166,34,-59,920,0,11,0,0,0,0,0,0,0,0
7572,2026-06-26T09:52:13.672736000Z,Authentication,166,34,-19,920,0,11,0,0,0,0,0,0,720,0
7573,2026-06-26T09:52:13.679450000Z,Authentication,166,34,-20,920,0,11,0,0,1,0,0,0,720,0
7574,2026-06-26T09:52:13.685393000Z,Authentication,166,34,-20,920,0,11,0,0,1,0,0,0,720,0
7575,2026-06-26T09:52:13.691902000Z,Authentication,166,34,-19,920,0,11,0,0,1,0,0,0,720,0
7576,2026-06-26T09:52:13.720654000Z,Data,387,34,-19,920,2,0,0,0,0,0,0,1,0,0
7577,2026-06-26T09:52:13.825547000Z,Data,426,34,-19,920,2,0,0,0,0,0,0,1,0,0
7578,2026-06-26T09:52:13.915210000Z,Authentication,166,34,-60,920,0,11,0,0,0,0,0,0,0,0
7579,2026-06-26T09:52:13.930475000Z,Data,458,34,-20,920,2,0,0,0,0,0,0,1,0,0
7580,2026-06-26T09:52:14.032670000Z,Data,387,34,-19,920,2,0,0,0,0,0,0,1,0,0
7581,2026-06-26T09:52:14.138101000Z,Data,446,34,-19,920,2,0,0,0,0,0,0,1,0,0
7582,2026-06-26T09:52:14.177347000Z,Authentication,166,34,-59,920,0,11,0,0,0,0,0,0,0,0
7583,2026-06-26T09:52:14.192596000Z,Authentication,166,34,-19,920,0,11,0,0,0,0,0,0,720,0
7584,2026-06-26T09:52:14.205724000Z,Authentication,166,34,-21,920,0,11,0,0,1,0,0,0,720,0
7585,2026-06-26T09:52:14.212129000Z,Authentication,166,34,-19,920,0,11,0,0,1,0,0,0,720,0
7586,2026-06-26T09:52:14.344700000Z,Data,387,34,-19,920,2,0,0,0,0,0,0,1,0,0
7587,2026-06-26T09:52:14.364177000Z,S1G Beacon,61,34,-18,920,3,1,,,,,,,0,0
7588,2026-06-26T09:52:14.415974000Z,Authentication,166,34,-62,920,0,11,0,0,0,0,0,0,0,0
7589,2026-06-26T09:52:14.450413000Z,Data,442,34,-19,920,2,0,0,0,0,0,0,1,0,0
7590,2026-06-26T09:52:14.554370000Z,Data,452,34,-20,920,2,0,0,0,0,0,0,1,0,0
7591,2026-06-26T09:52:14.668877000Z,Authentication,166,34,-59,920,0,11,0,0,0,0,0,0,0,0
7592,2026-06-26T09:52:14.682627000Z,Authentication,166,34,-18,920,0,11,0,0,0,0,0,0,720,0
7593,2026-06-26T09:52:14.689187000Z,Authentication,166,34,-19,920,0,11,0,0,1,0,0,0,720,0
7594,2026-06-26T09:52:14.695697000Z,Authentication,166,34,-19,920,0,11,0,0,1,0,0,0,720,0
7595,2026-06-26T09:52:14.931043000Z,Authentication,166,34,-60,920,0,11,0,0,0,0,0,0,0,0
7596,2026-06-26T09:52:15.013877000Z,Data,287,34,-18,920,2,0,0,0,0,0,0,1,0,0
7597,2026-06-26T09:52:15.179864000Z,Authentication,166,34,-60,920,0,11,0,0,0,0,0,0,0,0
7598,2026-06-26T09:52:15.185201000Z,S1G Beacon,129,34,-19,920,3,1,,,,,,,0,0
7599,2026-06-26T09:52:15.190164000Z,Authentication,166,34,-19,920,0,11,0,0,0,0,0,0,720,0
7600,2026-06-26T09:52:15.196574000Z,Authentication,166,34,-19,920,0,11,0,0,1,0,0,0,720,0
7601,2026-06-26T09:52:15.203241000Z,Authentication,166,34,-20,920,0,11,0,0,1,0,0,0,720,0
7602,2026-06-26T09:52:15.209907000Z,Authentication,166,34,-19,920,0,11,0,0,1,0,0,0,720,0
7603,2026-06-26T09:52:15.422557000Z,Authentication,166,34,-59,920,0,11,0,0,0,0,0,0,0,0
7604,2026-06-26T09:52:15.684722000Z,Authentication,166,34,-61,920,0,11,0,0,0,0,0,0,0,0
7605,2026-06-26T09:52:15.945339000Z,Authentication,166,34,-59,920,0,11,0,0,0,0,0,0,0,0
7606,2026-06-26T09:52:16.176241000Z,Authentication,166,34,-60,920,0,11,0,0,0,0,0,0,0,0
7607,2026-06-26T09:52:16.438397000Z,Authentication,166,34,-58,920,0,11,0,0,0,0,0,0,0,0
7608,2026-06-26T09:52:16.700556000Z,Authentication,166,34,-60,920,0,11,0,0,0,0,0,0,0,0
7609,2026-06-26T09:52:16.719086000Z,Authentication,166,34,-23,920,0,11,0,0,1,0,0,0,720,0
7610,2026-06-26T09:52:16.732204000Z,Authentication,166,34,-25,920,0,11,0,0,1,0,0,0,720,0
7611,2026-06-26T09:52:16.929936000Z,Authentication,166,34,-61,920,0,11,0,0,0,0,0,0,0,0
7612,2026-06-26T09:52:16.949174000Z,Authentication,166,34,-24,920,0,11,0,0,1,0,0,0,720,0
7613,2026-06-26T09:52:16.962320000Z,Authentication,166,34,-25,920,0,11,0,0,1,0,0,0,720,0
7614,2026-06-26T09:52:17.192068000Z,Authentication,166,34,-60,920,0,11,0,0,0,0,0,0,0,0
7615,2026-06-26T09:52:17.202589000Z,Authentication,166,34,-22,920,0,11,0,0,0,0,0,0,720,0
7616,2026-06-26T09:52:17.215771000Z,Authentication,166,34,-24,920,0,11,0,0,1,0,0,0,720,0
7617,2026-06-26T09:52:17.454216000Z,Authentication,166,34,-60,920,0,11,0,0,0,0,0,0,0,0
7618,2026-06-26T09:52:17.641087000Z,S1G Beacon,61,34,-28,920,3,1,,,,,,,0,0
7619,2026-06-26T09:52:17.691791000Z,Authentication,166,34,-60,920,0,11,0,0,0,0,0,0,0,0
7620,2026-06-26T09:52:17.945749000Z,Authentication,166,34,-60,920,0,11,0,0,0,0,0,0,0,0
7621,2026-06-26T09:52:18.038044000Z,Data,287,34,-25,920,2,0,0,0,0,0,0,1,0,0
7622,2026-06-26T09:52:18.113129000Z,QoS Data,149,34,-18,920,2,8,1,0,0,0,0,1,720,0
7624,2026-06-26T09:52:18.121043000Z,QoS Data,131,34,-13,920,2,8,1,0,0,0,0,1,720,0
7626,2026-06-26T09:52:18.123163000Z,QoS Data,131,34,-31,920,2,8,0,0,0,0,0,1,720,0
7628,2026-06-26T09:52:18.207892000Z,Authentication,166,34,-60,920,0,11,0,0,0,0,0,0,0,0
7629,2026-06-26T09:52:18.225184000Z,Authentication,166,34,-25,920,0,11,0,0,1,0,0,0,720,0
7630,2026-06-26T09:52:18.231382000Z,Authentication,166,34,-26,920,0,11,0,0,1,0,0,0,720,0
7631,2026-06-26T09:52:18.237894000Z,Authentication,166,34,-27,920,0,11,0,0,1,0,0,0,720,0
7632,2026-06-26T09:52:18.288901000Z,QoS Data,128,34,-17,920,2,8,1,0,0,0,0,1,720,0
7634,2026-06-26T09:52:18.291330000Z,QoS Data,128,34,-31,920,2,8,0,0,0,0,0,1,720,0
7636,2026-06-26T09:52:18.446493000Z,Authentication,166,34,-60,920,0,11,0,0,0,0,0,0,0,0
7637,2026-06-26T09:52:18.456687000Z,Authentication,166,34,-29,920,0,11,0,0,0,0,0,0,720,0
7638,2026-06-26T09:52:18.462107000Z,S1G Beacon,129,34,-27,920,3,1,,,,,,,0,0
7639,2026-06-26T09:52:18.473527000Z,Authentication,166,34,-25,920,0,11,0,0,1,0,0,0,720,0
7640,2026-06-26T09:52:18.478840000Z,Authentication,166,34,-28,920,0,11,0,0,1,0,0,0,720,0
7641,2026-06-26T09:52:18.699440000Z,Authentication,166,34,-60,920,0,11,0,0,0,0,0,0,0,0
7642,2026-06-26T09:52:18.961583000Z,Authentication,166,34,-59,920,0,11,0,0,0,0,0,0,0,0
7643,2026-06-26T09:52:18.971174000Z,Authentication,166,34,-28,920,0,11,0,0,0,0,0,0,720,0
7644,2026-06-26T09:52:18.977736000Z,Authentication,166,34,-29,920,0,11,0,0,1,0,0,0,720,0
7645,2026-06-26T09:52:18.984140000Z,Authentication,166,34,-27,920,0,11,0,0,1,0,0,0,720,0
7646,2026-06-26T09:52:18.990756000Z,Authentication,166,34,-28,920,0,11,0,0,1,0,0,0,720,0
7647,2026-06-26T09:52:19.208359000Z,Authentication,166,34,-59,920,0,11,0,0,0,0,0,0,0,0
7648,2026-06-26T09:52:19.218462000Z,Authentication,166,34,-27,920,0,11,0,0,0,0,0,0,720,0
7649,2026-06-26T09:52:19.224869000Z,Authentication,166,34,-28,920,0,11,0,0,1,0,0,0,720,0
7650,2026-06-26T09:52:19.231329000Z,Authentication,166,34,-28,920,0,11,0,0,1,0,0,0,720,0
7651,2026-06-26T09:52:19.238100000Z,Authentication,166,34,-27,920,0,11,0,0,1,0,0,0,720,0
7652,2026-06-26T09:52:19.279528000Z,S1G Beacon,61,34,-29,920,3,1,,,,,,,0,0
7653,2026-06-26T09:52:19.453104000Z,Authentication,166,34,-60,920,0,11,0,0,0,0,0,0,0,0
7654,2026-06-26T09:52:19.463126000Z,Authentication,166,34,-27,920,0,11,0,0,0,0,0,0,720,0
7655,2026-06-26T09:52:19.469533000Z,Authentication,166,34,-27,920,0,11,0,0,1,0,0,0,720,0
7656,2026-06-26T09:52:19.476568000Z,Authentication,166,34,-28,920,0,11,0,0,1,0,0,0,720,0
7657,2026-06-26T09:52:19.482769000Z,Authentication,166,34,-28,920,0,11,0,0,1,0,0,0,720,0
7658,2026-06-26T09:52:19.715258000Z,Authentication,166,34,-60,920,0,11,0,0,0,0,0,0,0,0
7659,2026-06-26T09:52:19.722927000Z,Authentication,166,34,-29,920,0,11,0,0,0,0,0,0,720,0
7660,2026-06-26T09:52:19.729557000Z,Authentication,166,34,-29,920,0,11,0,0,1,0,0,0,720,0
7661,2026-06-26T09:52:19.736102000Z,Authentication,166,34,-30,920,0,11,0,0,1,0,0,0,720,0
7662,2026-06-26T09:52:19.742461000Z,Authentication,166,34,-31,920,0,11,0,0,1,0,0,0,720,0
7663,2026-06-26T09:52:19.966141000Z,Authentication,166,34,-59,920,0,11,0,0,0,0,0,0,0,0
7664,2026-06-26T09:52:19.975771000Z,Authentication,166,34,-32,920,0,11,0,0,0,0,0,0,720,0
7665,2026-06-26T09:52:19.982546000Z,Authentication,166,34,-31,920,0,11,0,0,1,0,0,0,720,0
7666,2026-06-26T09:52:19.989005000Z,Authentication,166,34,-31,920,0,11,0,0,1,0,0,0,720,0
7667,2026-06-26T09:52:19.995582000Z,Authentication,166,34,-33,920,0,11,0,0,1,0,0,0,720,0
7668,2026-06-26T09:52:20.100577000Z,S1G Beacon,129,34,-31,920,3,1,,,,,,,0,0
7669,2026-06-26T09:52:20.206782000Z,Authentication,166,34,-59,920,0,11,0,0,0,0,0,0,0,0
7670,2026-06-26T09:52:20.218501000Z,Authentication,166,34,-30,920,0,11,0,0,0,0,0,0,720,0
7671,2026-06-26T09:52:20.225098000Z,Authentication,166,34,-30,920,0,11,0,0,1,0,0,0,720,0
7672,2026-06-26T09:52:20.231819000Z,Authentication,166,34,-30,920,0,11,0,0,1,0,0,0,720,0
7673,2026-06-26T09:52:20.238328000Z,Authentication,166,34,-31,920,0,11,0,0,1,0,0,0,720,0
7674,2026-06-26T09:52:20.468930000Z,Authentication,166,34,-59,920,0,11,0,0,0,0,0,0,0,0
7675,2026-06-26T09:52:20.478046000Z,Authentication,166,34,-32,920,0,11,0,0,0,0,0,0,720,0
7676,2026-06-26T09:52:20.484660000Z,Authentication,166,34,-31,920,0,11,0,0,1,0,0,0,720,0
7677,2026-06-26T09:52:20.491379000Z,Authentication,166,34,-30,920,0,11,0,0,1,0,0,0,720,0
7678,2026-06-26T09:52:20.498098000Z,Authentication,166,34,-30,920,0,11,0,0,1,0,0,0,720,0
7679,2026-06-26T09:52:20.731103000Z,Authentication,166,34,-59,920,0,11,0,0,0,0,0,0,0,0
7680,2026-06-26T09:52:20.742694000Z,Authentication,166,34,-30,920,0,11,0,0,0,0,0,0,720,0
7681,2026-06-26T09:52:20.748007000Z,Authentication,166,34,-29,920,0,11,0,0,1,0,0,0,720,0
7682,2026-06-26T09:52:20.754519000Z,Authentication,166,34,-30,920,0,11,0,0,1,0,0,0,720,0
7683,2026-06-26T09:52:20.761085000Z,Authentication,166,34,-31,920,0,11,0,0,1,0,0,0,720,0
7684,2026-06-26T09:52:20.917987000Z,S1G Beacon,61,34,-29,920,3,1,,,,,,,0,0
7685,2026-06-26T09:52:20.960463000Z,Authentication,166,34,-60,920,0,11,0,0,0,0,0,0,0,0
7686,2026-06-26T09:52:20.972696000Z,Authentication,166,34,-31,920,0,11,0,0,0,0,0,0,720,0
7687,2026-06-26T09:52:20.979363000Z,Authentication,166,34,-30,920,0,11,0,0,1,0,0,0,720,0
7688,2026-06-26T09:52:20.985772000Z,Authentication,166,34,-31,920,0,11,0,0,1,0,0,0,720,0
7689,2026-06-26T09:52:20.992234000Z,Authentication,166,34,-29,920,0,11,0,0,1,0,0,0,720,0
7690,2026-06-26T09:52:21.062081000Z,Data,287,34,-29,920,2,0,0,0,0,0,0,1,0,0
7691,2026-06-26T09:52:21.222616000Z,Authentication,166,34,-60,920,0,11,0,0,0,0,0,0,0,0
7692,2026-06-26T09:52:21.232781000Z,Authentication,166,34,-33,920,0,11,0,0,0,0,0,0,720,0
7693,2026-06-26T09:52:21.239220000Z,Authentication,166,34,-32,920,0,11,0,0,1,0,0,0,720,0
7694,2026-06-26T09:52:21.245941000Z,Authentication,166,34,-32,920,0,11,0,0,1,0,0,0,720,0
7695,2026-06-26T09:52:21.252709000Z,Authentication,166,34,-33,920,0,11,0,0,1,0,0,0,720,0
7696,2026-06-26T09:52:21.484759000Z,Authentication,166,34,-59,920,0,11,0,0,0,0,0,0,0,0
7697,2026-06-26T09:52:21.494788000Z,Authentication,166,34,-31,920,0,11,0,0,0,0,0,0,720,0
7698,2026-06-26T09:52:21.501455000Z,Authentication,166,34,-31,920,0,11,0,0,1,0,0,0,720,0
7699,2026-06-26T09:52:21.508172000Z,Authentication,166,34,-31,920,0,11,0,0,1,0,0,0,720,0
7700,2026-06-26T09:52:21.514587000Z,Authentication,166,34,-31,920,0,11,0,0,1,0,0,0,720,0
7701,2026-06-26T09:52:21.722350000Z,Authentication,166,34,-62,920,0,11,0,0,0,0,0,0,0,0
7702,2026-06-26T09:52:21.739016000Z,S1G Beacon,129,34,-30,920,3,1,,,,,,,0,0
7703,2026-06-26T09:52:21.976293000Z,Authentication,166,34,-60,920,0,11,0,0,0,0,0,0,0,0
7704,2026-06-26T09:52:22.238513000Z,Authentication,166,34,-61,920,0,11,0,0,0,0,0,0,0,0
7705,2026-06-26T09:52:22.478064000Z,Authentication,166,34,-60,920,0,11,0,0,0,0,0,0,0,0
7706,2026-06-26T09:52:22.556432000Z,S1G Beacon,61,34,-29,920,3,1,,,,,,,0,0
7707,2026-06-26T09:52:22.729996000Z,Authentication,166,34,-60,920,0,11,0,0,0,0,0,0,0,0
7708,2026-06-26T09:52:22.742746000Z,Authentication,166,34,-31,920,0,11,0,0,0,0,0,0,720,0
7709,2026-06-26T09:52:22.748144000Z,Authentication,166,34,-31,920,0,11,0,0,1,0,0,0,720,0
7710,2026-06-26T09:52:22.754707000Z,Authentication,166,34,-33,920,0,11,0,0,1,0,0,0,720,0
7711,2026-06-26T09:52:22.761375000Z,Authentication,166,34,-31,920,0,11,0,0,1,0,0,0,720,0
7712,2026-06-26T09:52:22.992124000Z,Authentication,166,34,-60,920,0,11,0,0,0,0,0,0,0,0
7713,2026-06-26T09:52:23.002767000Z,Authentication,166,34,-32,920,0,11,0,0,0,0,0,0,720,0
7714,2026-06-26T09:52:23.009485000Z,Authentication,166,34,-31,920,0,11,0,0,1,0,0,0,720,0
7715,2026-06-26T09:52:23.016152000Z,Authentication,166,34,-31,920,0,11,0,0,1,0,0,0,720,0
7716,2026-06-26T09:52:23.022564000Z,Authentication,166,34,-32,920,0,11,0,0,1,0,0,0,720,0
7717,2026-06-26T09:52:23.136103000Z,QoS Data,149,34,-18,920,2,8,1,0,0,0,0,1,720,0
7719,2026-06-26T09:52:23.138256000Z,QoS Data,149,34,-34,920,2,8,0,0,0,0,0,1,720,0
7721,2026-06-26T09:52:23.143491000Z,QoS Data,131,34,-18,920,2,8,1,0,0,0,0,1,720,0
7723,2026-06-26T09:52:23.146287000Z,QoS Data,131,34,-35,920,2,8,0,0,0,0,0,1,720,0
7725,2026-06-26T09:52:23.254271000Z,Authentication,166,34,-61,920,0,11,0,0,0,0,0,0,0,0
7726,2026-06-26T09:52:23.262754000Z,Authentication,166,34,-28,920,0,11,0,0,0,0,0,0,720,0
7727,2026-06-26T09:52:23.269471000Z,Authentication,166,34,-28,920,0,11,0,0,1,0,0,0,720,0
7728,2026-06-26T09:52:23.275519000Z,Authentication,166,34,-28,920,0,11,0,0,1,0,0,0,720,0
7729,2026-06-26T09:52:23.282183000Z,Authentication,166,34,-30,920,0,11,0,0,1,0,0,0,720,0
7730,2026-06-26T09:52:23.288920000Z,QoS Data,128,34,-18,920,2,8,1,0,0,0,0,1,720,0
7732,2026-06-26T09:52:23.291412000Z,QoS Data,128,34,-31,920,2,8,0,0,0,0,0,1,720,0
7734,2026-06-26T09:52:23.377456000Z,S1G Beacon,129,34,-28,920,3,1,,,,,,,0,0
7735,2026-06-26T09:52:23.483653000Z,Authentication,166,34,-61,920,0,11,0,0,0,0,0,0,0,0
7736,2026-06-26T09:52:23.491928000Z,Authentication,166,34,-28,920,0,11,0,0,0,0,0,0,720,0
7737,2026-06-26T09:52:23.498600000Z,Authentication,166,34,-28,920,0,11,0,0,1,0,0,0,720,0
7738,2026-06-26T09:52:23.505161000Z,Authentication,166,34,-29,920,0,11,0,0,1,0,0,0,720,0
7739,2026-06-26T09:52:23.511570000Z,Authentication,166,34,-28,920,0,11,0,0,1,0,0,0,720,0
7740,2026-06-26T09:52:23.745795000Z,Authentication,166,34,-60,920,0,11,0,0,0,0,0,0,0,0
7741,2026-06-26T09:52:23.760809000Z,Authentication,166,34,-28,920,0,11,0,0,0,0,0,0,720,0
7742,2026-06-26T09:52:23.767568000Z,Authentication,166,34,-28,920,0,11,0,0,1,0,0,0,720,0
7743,2026-06-26T09:52:23.772922000Z,Authentication,166,34,-29,920,0,11,0,0,1,0,0,0,720,0
7744,2026-06-26T09:52:23.779489000Z,Authentication,166,34,-28,920,0,11,0,0,1,0,0,0,720,0
7745,2026-06-26T09:52:24.007949000Z,Authentication,166,34,-59,920,0,11,0,0,0,0,0,0,0,0
7746,2026-06-26T09:52:24.024706000Z,Authentication,166,34,-26,920,0,11,0,0,0,0,0,0,720,0
7747,2026-06-26T09:52:24.031273000Z,Authentication,166,34,-28,920,0,11,0,0,1,0,0,0,720,0
7748,2026-06-26T09:52:24.037991000Z,Authentication,166,34,-28,920,0,11,0,0,1,0,0,0,720,0
7749,2026-06-26T09:52:24.044714000Z,Authentication,166,34,-27,920,0,11,0,0,1,0,0,0,720,0
7750,2026-06-26T09:52:24.086472000Z,Data,287,34,-28,920,2,0,0,0,0,0,0,1,0,0
7751,2026-06-26T09:52:24.194884000Z,S1G Beacon,61,34,-28,920,3,1,,,,,,,0,0
7752,2026-06-26T09:52:24.237344000Z,Authentication,166,34,-61,920,0,11,0,0,0,0,0,0,0,0
7753,2026-06-26T09:52:24.252764000Z,Authentication,166,34,-28,920,0,11,0,0,0,0,0,0,720,0
7754,2026-06-26T09:52:24.259543000Z,Authentication,166,34,-29,920,0,11,0,0,1,0,0,0,720,0
7755,2026-06-26T09:52:24.266047000Z,Authentication,166,34,-26,920,0,11,0,0,1,0,0,0,720,0
7756,2026-06-26T09:52:24.272830000Z,Authentication,166,34,-28,920,0,11,0,0,1,0,0,0,720,0
7757,2026-06-26T09:52:24.499492000Z,Authentication,166,34,-62,920,0,11,0,0,0,0,0,0,0,0
7758,2026-06-26T09:52:24.761643000Z,Authentication,166,34,-59,920,0,11,0,0,0,0,0,0,0,0
7759,2026-06-26T09:52:24.779226000Z,Authentication,166,34,-22,920,0,11,0,0,1,0,0,0,720,0
7760,2026-06-26T09:52:24.792628000Z,Authentication,166,34,-22,920,0,11,0,0,1,0,0,0,720,0
7761,2026-06-26T09:52:24.991024000Z,Authentication,166,34,-59,920,0,11,0,0,0,0,0,0,0,0
7762,2026-06-26T09:52:25.005281000Z,Authentication,166,34,-24,920,0,11,0,0,1,0,0,0,720,0
7763,2026-06-26T09:52:25.020505000Z,Authentication,166,34,-24,920,0,11,0,0,1,0,0,0,720,0
7764,2026-06-26T09:52:25.253158000Z,Authentication,166,34,-61,920,0,11,0,0,0,0,0,0,0,0
7765,2026-06-26T09:52:25.262785000Z,Authentication,166,34,-26,920,0,11,0,0,0,0,0,0,720,0
7766,2026-06-26T09:52:25.269501000Z,Authentication,166,34,-26,920,0,11,0,0,1,0,0,0,720,0
7767,2026-06-26T09:52:25.282583000Z,Authentication,166,34,-25,920,0,11,0,0,1,0,0,0,720,0
7768,2026-06-26T09:52:25.515305000Z,Authentication,166,34,-59,920,0,11,0,0,0,0,0,0,0,0
7769,2026-06-26T09:52:25.530996000Z,Authentication,166,34,-26,920,0,11,0,0,0,0,0,0,720,0
7770,2026-06-26T09:52:25.537663000Z,Authentication,166,34,-26,920,0,11,0,0,1,0,0,0,720,0
7771,2026-06-26T09:52:25.550685000Z,Authentication,166,34,-25,920,0,11,0,0,1,0,0,0,720,0
7772,2026-06-26T09:52:25.758015000Z,Authentication,166,34,-59,920,0,11,0,0,0,0,0,0,0,0
7773,2026-06-26T09:52:25.772989000Z,Authentication,166,34,-25,920,0,11,0,0,0,0,0,0,720,0
7774,2026-06-26T09:52:25.786168000Z,Authentication,166,34,-25,920,0,11,0,0,1,0,0,0,720,0
7775,2026-06-26T09:52:25.833329000Z,S1G Beacon,61,34,-26,920,3,1,,,,,,,0,0
7776,2026-06-26T09:52:26.006840000Z,Authentication,166,34,-61,920,0,11,0,0,0,0,0,0,0,0
7777,2026-06-26T09:52:26.023690000Z,Authentication,166,34,-26,920,0,11,0,0,1,0,0,0,720,0
7778,2026-06-26T09:52:26.030412000Z,Authentication,166,34,-26,920,0,11,0,0,1,0,0,0,720,0
7779,2026-06-26T09:52:26.036964000Z,Authentication,166,34,-26,920,0,11,0,0,1,0,0,0,720,0
7780,2026-06-26T09:52:26.268992000Z,Authentication,166,34,-60,920,0,11,0,0,0,0,0,0,0,0
7781,2026-06-26T09:52:26.288254000Z,Authentication,166,34,-25,920,0,11,0,0,1,0,0,0,720,0
7782,2026-06-26T09:52:26.294916000Z,Authentication,166,34,-25,920,0,11,0,0,1,0,0,0,720,0
7783,2026-06-26T09:52:26.301584000Z,Authentication,166,34,-27,920,0,11,0,0,1,0,0,0,720,0
7784,2026-06-26T09:52:26.531139000Z,Authentication,166,34,-59,920,0,11,0,0,0,0,0,0,0,0
7785,2026-06-26T09:52:26.549723000Z,Authentication,166,34,-24,920,0,11,0,0,1,0,0,0,720,0
7786,2026-06-26T09:52:26.562795000Z,Authentication,166,34,-24,920,0,11,0,0,1,0,0,0,720,0
7787,2026-06-26T09:52:26.760515000Z,Authentication,166,34,-60,920,0,11,0,0,0,0,0,0,0,0
7788,2026-06-26T09:52:26.772792000Z,Authentication,166,34,-27,920,0,11,0,0,0,0,0,0,720,0
7789,2026-06-26T09:52:26.779405000Z,Authentication,166,34,-26,920,0,11,0,0,1,0,0,0,720,0
7790,2026-06-26T09:52:26.786020000Z,Authentication,166,34,-26,920,0,11,0,0,1,0,0,0,720,0
7791,2026-06-26T09:52:26.792429000Z,Authentication,166,34,-26,920,0,11,0,0,1,0,0,0,720,0
7792,2026-06-26T09:52:27.022694000Z,Authentication,166,34,-59,920,0,11,0,0,0,0,0,0,0,0
7793,2026-06-26T09:52:27.039385000Z,Authentication,166,34,-24,920,0,11,0,0,1,0,0,0,720,0
7794,2026-06-26T09:52:27.052041000Z,Authentication,166,34,-24,920,0,11,0,0,1,0,0,0,720,0
7795,2026-06-26T09:52:27.528534000Z,Authentication,166,34,-60,920,0,11,0,0,0,0,0,0,0,0
7796,2026-06-26T09:52:27.549409000Z,Authentication,166,34,-24,920,0,11,0,0,1,0,0,0,720,0
7797,2026-06-26T09:52:27.562640000Z,Authentication,166,34,-25,920,0,11,0,0,1,0,0,0,720,0
7798,2026-06-26T09:52:27.776342000Z,Authentication,166,34,-60,920,0,11,0,0,0,0,0,0,0,0
7799,2026-06-26T09:52:27.792840000Z,Authentication,166,34,-30,920,0,11,0,0,0,0,0,0,720,0
7800,2026-06-26T09:52:27.799508000Z,Authentication,166,34,-29,920,0,11,0,0,1,0,0,0,720,0
7801,2026-06-26T09:52:27.806124000Z,Authentication,166,34,-30,920,0,11,0,0,1,0,0,0,720,0
7802,2026-06-26T09:52:27.812633000Z,Authentication,166,34,-28,920,0,11,0,0,1,0,0,0,720,0
7803,2026-06-26T09:52:28.038504000Z,Authentication,166,34,-59,920,0,11,0,0,0,0,0,0,0,0
7804,2026-06-26T09:52:28.059419000Z,Authentication,166,34,-26,920,0,11,0,0,1,0,0,0,720,0
7805,2026-06-26T09:52:28.066189000Z,Authentication,166,34,-28,920,0,11,0,0,1,0,0,0,720,0
7806,2026-06-26T09:52:28.072809000Z,Authentication,166,34,-27,920,0,11,0,0,1,0,0,0,720,0
7807,2026-06-26T09:52:28.159926000Z,QoS Data,149,34,-17,920,2,8,1,0,0,0,0,1,720,0
7809,2026-06-26T09:52:28.162494000Z,QoS Data,149,34,-31,920,2,8,0,0,0,0,0,1,720,0
7811,2026-06-26T09:52:28.167786000Z,QoS Data,131,34,-13,920,2,8,1,0,0,0,0,1,720,0
7813,2026-06-26T09:52:28.170167000Z,QoS Data,131,34,-31,920,2,8,0,0,0,0,0,1,720,0
7815,2026-06-26T09:52:28.288860000Z,QoS Data,128,34,-18,920,2,8,1,0,0,0,0,1,720,0
7817,2026-06-26T09:52:28.293177000Z,S1G Beacon,129,34,-32,920,3,1,,,,,,,0,0
7818,2026-06-26T09:52:28.294728000Z,QoS Data,128,34,-35,920,2,8,0,0,0,0,0,1,720,0
7820,2026-06-26T09:52:28.300639000Z,Authentication,166,34,-59,920,0,11,0,0,0,0,0,0,0,0
7821,2026-06-26T09:52:28.312858000Z,Authentication,166,34,-31,920,0,11,0,0,0,0,0,0,720,0
7822,2026-06-26T09:52:28.319519000Z,Authentication,166,34,-33,920,0,11,0,0,1,0,0,0,720,0
7823,2026-06-26T09:52:28.326232000Z,Authentication,166,34,-33,920,0,11,0,0,1,0,0,0,720,0
7824,2026-06-26T09:52:28.333006000Z,Authentication,166,34,-31,920,0,11,0,0,1,0,0,0,720,0
7825,2026-06-26T09:52:28.530038000Z,Authentication,166,34,-60,920,0,11,0,0,0,0,0,0,0,0
7826,2026-06-26T09:52:28.542851000Z,Authentication,166,34,-28,920,0,11,0,0,0,0,0,0,720,0
7827,2026-06-26T09:52:28.549257000Z,Authentication,166,34,-28,920,0,11,0,0,1,0,0,0,720,0
7828,2026-06-26T09:52:28.554885000Z,Authentication,166,34,-28,920,0,11,0,0,1,0,0,0,720,0
7829,2026-06-26T09:52:28.561500000Z,Authentication,166,34,-27,920,0,11,0,0,1,0,0,0,720,0
7830,2026-06-26T09:52:28.792177000Z,Authentication,166,34,-60,920,0,11,0,0,0,0,0,0,0,0
7831,2026-06-26T09:52:28.802944000Z,Authentication,166,34,-28,920,0,11,0,0,0,0,0,0,720,0
7832,2026-06-26T09:52:28.809558000Z,Authentication,166,34,-28,920,0,11,0,0,1,0,0,0,720,0
7833,2026-06-26T09:52:28.816119000Z,Authentication,166,34,-29,920,0,11,0,0,1,0,0,0,720,0
7834,2026-06-26T09:52:28.822576000Z,Authentication,166,34,-28,920,0,11,0,0,1,0,0,0,720,0
7835,2026-06-26T09:52:29.054354000Z,Authentication,166,34,-59,920,0,11,0,0,0,0,0,0,0,0
7836,2026-06-26T09:52:29.110287000Z,S1G Beacon,61,34,-28,920,3,1,,,,,,,0,0
7837,2026-06-26T09:52:29.283708000Z,Authentication,166,34,-60,920,0,11,0,0,0,0,0,0,0,0
7838,2026-06-26T09:52:29.293130000Z,Authentication,166,34,-29,920,0,11,0,0,0,0,0,0,720,0
7839,2026-06-26T09:52:29.299745000Z,Authentication,166,34,-28,920,0,11,0,0,1,0,0,0,720,0
7840,2026-06-26T09:52:29.306310000Z,Authentication,166,34,-28,920,0,11,0,0,1,0,0,0,720,0
7841,2026-06-26T09:52:29.312716000Z,Authentication,166,34,-29,920,0,11,0,0,1,0,0,0,720,0
7842,2026-06-26T09:52:29.545861000Z,Authentication,166,34,-59,920,0,11,0,0,0,0,0,0,0,0
7843,2026-06-26T09:52:29.562819000Z,Authentication,166,34,-27,920,0,11,0,0,0,0,0,0,720,0
7844,2026-06-26T09:52:29.569535000Z,Authentication,166,34,-27,920,0,11,0,0,1,0,0,0,720,0
7845,2026-06-26T09:52:29.576047000Z,Authentication,166,34,-28,920,0,11,0,0,1,0,0,0,720,0
7846,2026-06-26T09:52:29.582559000Z,Authentication,166,34,-28,920,0,11,0,0,1,0,0,0,720,0
7847,2026-06-26T09:52:29.808000000Z,Authentication,166,34,-60,920,0,11,0,0,0,0,0,0,0,0
7848,2026-06-26T09:52:29.821012000Z,Authentication,166,34,-28,920,0,11,0,0,0,0,0,0,720,0
7849,2026-06-26T09:52:29.827626000Z,Authentication,166,34,-27,920,0,11,0,0,1,0,0,0,720,0
7850,2026-06-26T09:52:29.834405000Z,Authentication,166,34,-28,920,0,11,0,0,1,0,0,0,720,0
7851,2026-06-26T09:52:29.841175000Z,Authentication,166,34,-28,920,0,11,0,0,1,0,0,0,720,0
7852,2026-06-26T09:52:29.931263000Z,S1G Beacon,129,34,-27,920,3,1,,,,,,,0,0
7853,2026-06-26T09:52:30.053770000Z,Authentication,166,34,-60,920,0,11,0,0,0,0,0,0,0,0
7854,2026-06-26T09:52:30.069598000Z,Authentication,166,34,-25,920,0,11,0,0,1,0,0,0,720,0
7855,2026-06-26T09:52:30.076111000Z,Authentication,166,34,-26,920,0,11,0,0,1,0,0,0,720,0
7856,2026-06-26T09:52:30.134365000Z,Data,287,34,-26,920,2,0,0,0,0,0,0,1,0,0
7857,2026-06-26T09:52:30.176341000Z,Disassociation,64,34,-26,920,0,10,0,0,0,0,0,0,720,0
7858,2026-06-26T09:52:30.184019000Z,Disassociation,64,34,-25,920,0,10,0,0,1,0,0,0,720,0
7859,2026-06-26T09:52:30.187755000Z,Disassociation,64,34,-27,920,0,10,0,0,1,0,0,0,720,0
7860,2026-06-26T09:52:30.299531000Z,Authentication,166,34,-59,920,0,11,0,0,0,0,0,0,0,0
7861,2026-06-26T09:52:30.312908000Z,Authentication,166,34,-27,920,0,11,0,0,0,0,0,0,720,0
7862,2026-06-26T09:52:30.319369000Z,Authentication,166,34,-28,920,0,11,0,0,1,0,0,0,720,0
7863,2026-06-26T09:52:30.325984000Z,Authentication,166,34,-28,920,0,11,0,0,1,0,0,0,720,0
7864,2026-06-26T09:52:30.332389000Z,Authentication,166,34,-28,920,0,11,0,0,1,0,0,0,720,0
7865,2026-06-26T09:52:30.561690000Z,Authentication,166,34,-60,920,0,11,0,0,0,0,0,0,0,0
7866,2026-06-26T09:52:30.572924000Z,Authentication,166,34,-29,920,0,11,0,0,0,0,0,0,720,0
7867,2026-06-26T09:52:30.579329000Z,Authentication,166,34,-28,920,0,11,0,0,1,0,0,0,720,0
7868,2026-06-26T09:52:30.584750000Z,Authentication,166,34,-26,920,0,11,0,0,1,0,0,0,720,0
7869,2026-06-26T09:52:30.591313000Z,Authentication,166,34,-30,920,0,11,0,0,1,0,0,0,720,0
7870,2026-06-26T09:52:30.748682000Z,S1G Beacon,61,34,-27,920,3,1,,,,,,,0,0
7871,2026-06-26T09:52:30.823829000Z,Authentication,166,34,-60,920,0,11,0,0,0,0,0,0,0,0
7872,2026-06-26T09:52:30.833169000Z,Authentication,166,34,-28,920,0,11,0,0,0,0,0,0,720,0
7873,2026-06-26T09:52:30.839733000Z,Authentication,166,34,-28,920,0,11,0,0,1,0,0,0,720,0
7874,2026-06-26T09:52:30.846346000Z,Authentication,166,34,-27,920,0,11,0,0,1,0,0,0,720,0
7875,2026-06-26T09:52:30.851922000Z,Authentication,166,34,-28,920,0,11,0,0,1,0,0,0,720,0
7876,2026-06-26T09:52:31.055287000Z,Authentication,166,34,-59,920,0,11,0,0,0,0,0,0,0,0
7877,2026-06-26T09:52:31.315373000Z,Authentication,166,34,-59,920,0,11,0,0,0,0,0,0,0,0
7878,2026-06-26T09:52:31.329577000Z,Authentication,166,34,-25,920,0,11,0,0,1,0,0,0,720,0
7879,2026-06-26T09:52:31.336044000Z,Authentication,166,34,-26,920,0,11,0,0,1,0,0,0,720,0
7880,2026-06-26T09:52:31.599534000Z,Authentication,166,34,-23,920,0,11,0,0,1,0,0,0,720,0
7881,2026-06-26T09:52:31.612874000Z,Authentication,166,34,-23,920,0,11,0,0,1,0,0,0,720,0
7882,2026-06-26T09:52:31.820202000Z,Authentication,166,34,-59,920,0,11,0,0,0,0,0,0,0,0
7883,2026-06-26T09:52:31.836768000Z,Authentication,166,34,-24,920,0,11,0,0,1,0,0,0,720,0
7884,2026-06-26T09:52:31.849780000Z,Authentication,166,34,-22,920,0,11,0,0,1,0,0,0,720,0
7885,2026-06-26T09:52:32.069068000Z,Authentication,166,34,-59,920,0,11,0,0,0,0,0,0,0,0
7886,2026-06-26T09:52:32.089490000Z,Authentication,166,34,-24,920,0,11,0,0,1,0,0,0,720,0
7887,2026-06-26T09:52:32.102560000Z,Authentication,166,34,-22,920,0,11,0,0,1,0,0,0,720,0
7888,2026-06-26T09:52:32.331191000Z,Authentication,166,34,-59,920,0,11,0,0,0,0,0,0,0,0
7889,2026-06-26T09:52:32.349674000Z,Authentication,166,34,-23,920,0,11,0,0,1,0,0,0,720,0
7890,2026-06-26T09:52:32.362798000Z,Authentication,166,34,-22,920,0,11,0,0,1,0,0,0,720,0
7891,2026-06-26T09:52:32.593358000Z,Authentication,166,34,-61,920,0,11,0,0,0,0,0,0,0,0
7892,2026-06-26T09:52:32.609793000Z,Authentication,166,34,-23,920,0,11,0,0,1,0,0,0,720,0
7893,2026-06-26T09:52:32.622718000Z,Authentication,166,34,-24,920,0,11,0,0,1,0,0,0,720,0
7894,2026-06-26T09:52:32.839789000Z,Authentication,166,34,-23,920,0,11,0,0,1,0,0,0,720,0
7895,2026-06-26T09:52:32.852763000Z,Authentication,166,34,-23,920,0,11,0,0,1,0,0,0,720,0
7896,2026-06-26T09:52:33.084870000Z,Authentication,166,34,-61,920,0,11,0,0,0,0,0,0,0,0
7897,2026-06-26T09:52:33.099774000Z,Authentication,166,34,-22,920,0,11,0,0,1,0,0,0,720,0
7898,2026-06-26T09:52:33.112969000Z,Authentication,166,34,-22,920,0,11,0,0,1,0,0,0,720,0
7899,2026-06-26T09:52:33.183377000Z,QoS Data,150,34,-18,920,2,8,1,0,0,0,0,1,720,0
7901,2026-06-26T09:52:33.191023000Z,QoS Data,131,34,-13,920,2,8,1,0,0,0,0,1,720,0
7903,2026-06-26T09:52:33.288453000Z,QoS Data,128,34,-19,920,2,8,1,0,0,0,0,1,720,0
7905,2026-06-26T09:52:33.347014000Z,Authentication,166,34,-63,920,0,11,0,0,0,0,0,0,0,0
7906,2026-06-26T09:52:33.369612000Z,Authentication,166,34,-23,920,0,11,0,0,1,0,0,0,720,0
7907,2026-06-26T09:52:33.382940000Z,Authentication,166,34,-22,920,0,11,0,0,1,0,0,0,720,0
7908,2026-06-26T09:52:33.584586000Z,Authentication,166,34,-59,920,0,11,0,0,0,0,0,0,0,0
7909,2026-06-26T09:52:33.599400000Z,Authentication,166,34,-22,920,0,11,0,0,1,0,0,0,720,0
7910,2026-06-26T09:52:33.612313000Z,Authentication,166,34,-22,920,0,11,0,0,1,0,0,0,720,0
7911,2026-06-26T09:52:33.838544000Z,Authentication,166,34,-60,920,0,11,0,0,0,0,0,0,0,0
7912,2026-06-26T09:52:33.859423000Z,Authentication,166,34,-25,920,0,11,0,0,1,0,0,0,720,0
7913,2026-06-26T09:52:33.872862000Z,Authentication,166,34,-25,920,0,11,0,0,1,0,0,0,720,0
7914,2026-06-26T09:52:34.100703000Z,Authentication,166,34,-60,920,0,11,0,0,0,0,0,0,0,0
7915,2026-06-26T09:52:34.330081000Z,Authentication,166,34,-60,920,0,11,0,0,0,0,0,0,0,0
7916,2026-06-26T09:52:34.514801000Z,Data,450,34,-27,920,2,0,0,0,0,0,0,1,0,0
7917,2026-06-26T09:52:34.721292000Z,Data,387,34,-26,920,2,0,0,0,0,0,0,1,0,0
7918,2026-06-26T09:52:34.826245000Z,Data,426,34,-27,920,2,0,0,0,0,0,0,1,0,0
7919,2026-06-26T09:52:34.846612000Z,S1G Beacon,129,34,-26,920,3,1,,,,,,,0,0
7920,2026-06-26T09:52:34.854371000Z,Authentication,166,34,-60,920,0,11,0,0,0,0,0,0,0,0
7921,2026-06-26T09:52:34.862650000Z,Authentication,166,34,-26,920,0,11,0,0,0,0,0,0,720,0
7922,2026-06-26T09:52:34.869163000Z,Authentication,166,34,-26,920,0,11,0,0,1,0,0,0,720,0
7923,2026-06-26T09:52:34.875936000Z,Authentication,166,34,-26,920,0,11,0,0,1,0,0,0,720,0
7924,2026-06-26T09:52:34.882556000Z,Authentication,166,34,-25,920,0,11,0,0,1,0,0,0,720,0
7925,2026-06-26T09:52:34.931163000Z,Data,458,34,-26,920,2,0,0,0,0,0,0,1,0,0
7926,2026-06-26T09:52:35.033301000Z,Data,387,34,-27,920,2,0,0,0,0,0,0,1,0,0
7927,2026-06-26T09:52:35.083756000Z,Authentication,166,34,-59,920,0,11,0,0,0,0,0,0,0,0
7928,2026-06-26T09:52:35.099530000Z,Authentication,166,34,-25,920,0,11,0,0,1,0,0,0,720,0
7929,2026-06-26T09:52:35.112607000Z,Authentication,166,34,-25,920,0,11,0,0,1,0,0,0,720,0
7930,2026-06-26T09:52:35.608069000Z,Authentication,166,34,-61,920,0,11,0,0,0,0,0,0,0,0
7931,2026-06-26T09:52:35.629553000Z,Authentication,166,34,-24,920,0,11,0,0,1,0,0,0,720,0
7932,2026-06-26T09:52:35.636220000Z,Authentication,166,34,-26,920,0,11,0,0,1,0,0,0,720,0
7933,2026-06-26T09:52:35.844604000Z,Authentication,166,34,-60,920,0,11,0,0,0,0,0,0,0,0
7934,2026-06-26T09:52:35.859446000Z,Authentication,166,34,-24,920,0,11,0,0,1,0,0,0,720,0
7935,2026-06-26T09:52:35.865905000Z,Authentication,166,34,-25,920,0,11,0,0,1,0,0,0,720,0
7936,2026-06-26T09:52:35.872469000Z,Authentication,166,34,-27,920,0,11,0,0,1,0,0,0,720,0
7937,2026-06-26T09:52:36.099585000Z,Authentication,166,34,-65,920,0,11,0,0,0,0,0,0,0,0
7938,2026-06-26T09:52:36.119990000Z,Authentication,166,34,-25,920,0,11,0,0,1,0,0,0,720,0
7939,2026-06-26T09:52:36.133221000Z,Authentication,166,34,-25,920,0,11,0,0,1,0,0,0,720,0
7940,2026-06-26T09:52:36.361739000Z,Authentication,166,34,-61,920,0,11,0,0,0,0,0,0,0,0
7941,2026-06-26T09:52:36.379483000Z,Authentication,166,34,-24,920,0,11,0,0,1,0,0,0,720,0
7942,2026-06-26T09:52:36.392980000Z,Authentication,166,34,-25,920,0,11,0,0,1,0,0,0,720,0
7943,2026-06-26T09:52:36.609543000Z,Authentication,166,34,-59,920,0,11,0,0,0,0,0,0,0,0
7944,2026-06-26T09:52:36.625582000Z,Authentication,166,34,-24,920,0,11,0,0,1,0,0,0,720,0
7945,2026-06-26T09:52:36.637776000Z,Authentication,166,34,-24,920,0,11,0,0,1,0,0,0,720,0
7946,2026-06-26T09:52:36.853268000Z,Authentication,166,34,-61,920,0,11,0,0,0,0,0,0,0,0
7947,2026-06-26T09:52:36.869558000Z,Authentication,166,34,-25,920,0,11,0,0,1,0,0,0,720,0
7948,2026-06-26T09:52:36.882015000Z,Authentication,166,34,-24,920,0,11,0,0,1,0,0,0,720,0
7949,2026-06-26T09:52:37.115417000Z,Authentication,166,34,-60,920,0,11,0,0,0,0,0,0,0,0
7950,2026-06-26T09:52:37.133184000Z,Authentication,166,34,-24,920,0,11,0,0,1,0,0,0,720,0
7951,2026-06-26T09:52:37.146350000Z,Authentication,166,34,-24,920,0,11,0,0,1,0,0,0,720,0
7952,2026-06-26T09:52:37.358117000Z,Authentication,166,34,-59,920,0,11,0,0,0,0,0,0,0,0
7953,2026-06-26T09:52:37.379657000Z,Authentication,166,34,-26,920,0,11,0,0,1,0,0,0,720,0
7954,2026-06-26T09:52:37.392113000Z,Authentication,166,34,-24,920,0,11,0,0,1,0,0,0,720,0
7955,2026-06-26T09:52:37.606948000Z,Authentication,166,34,-59,920,0,11,0,0,0,0,0,0,0,0
7956,2026-06-26T09:52:37.625787000Z,Authentication,166,34,-25,920,0,11,0,0,1,0,0,0,720,0
7957,2026-06-26T09:52:37.639022000Z,Authentication,166,34,-25,920,0,11,0,0,1,0,0,0,720,0
7958,2026-06-26T09:52:37.869099000Z,Authentication,166,34,-59,920,0,11,0,0,0,0,0,0,0,0
7959,2026-06-26T09:52:37.889760000Z,Authentication,166,34,-24,920,0,11,0,0,1,0,0,0,720,0
7960,2026-06-26T09:52:37.896533000Z,Authentication,166,34,-26,920,0,11,0,0,1,0,0,0,720,0
7961,2026-06-26T09:52:37.902998000Z,Authentication,166,34,-26,920,0,11,0,0,1,0,0,0,720,0
7962,2026-06-26T09:52:38.118952000Z,Authentication,166,34,-60,920,0,11,0,0,0,0,0,0,0,0
7963,2026-06-26T09:52:38.128210000Z,Authentication,166,34,-24,920,0,11,0,0,0,0,0,0,720,0
7964,2026-06-26T09:52:38.134720000Z,Authentication,166,34,-26,920,0,11,0,0,1,0,0,0,720,0
7965,2026-06-26T09:52:38.141386000Z,Authentication,166,34,-25,920,0,11,0,0,1,0,0,0,720,0
7966,2026-06-26T09:52:38.148054000Z,Authentication,166,34,-28,920,0,11,0,0,1,0,0,0,720,0
7967,2026-06-26T09:52:38.205714000Z,QoS Data,149,34,-18,920,2,8,1,0,0,0,0,1,720,0
7969,2026-06-26T09:52:38.208131000Z,QoS Data,149,34,-30,920,2,8,0,0,0,0,0,1,720,0
7971,2026-06-26T09:52:38.211282000Z,QoS Data,149,34,-31,920,2,8,0,0,1,0,0,1,720,0
7973,2026-06-26T09:52:38.213810000Z,QoS Data,131,34,-13,920,2,8,1,0,0,0,0,1,720,0
7975,2026-06-26T09:52:38.216191000Z,QoS Data,131,34,-30,920,2,8,0,0,0,0,0,1,720,0
7977,2026-06-26T09:52:38.291971000Z,RTS,54,34,-12,920,1,11,,,,0,0,0,2416,0
7979,2026-06-26T09:52:38.293661000Z,QoS Data,128,34,-19,920,2,8,1,0,1,0,0,1,720,0
7981,2026-06-26T09:52:38.296411000Z,QoS Data,128,34,-32,920,2,8,0,0,0,0,0,1,720,0
7983,2026-06-26T09:52:38.360639000Z,Authentication,166,34,-61,920,0,11,0,0,0,0,0,0,0,0
7984,2026-06-26T09:52:38.379779000Z,Authentication,166,34,-25,920,0,11,0,0,1,0,0,0,720,0
7985,2026-06-26T09:52:38.393211000Z,Authentication,166,34,-24,920,0,11,0,0,1,0,0,0,720,0
7986,2026-06-26T09:52:38.622771000Z,Authentication,166,34,-61,920,0,11,0,0,0,0,0,0,0,0
7987,2026-06-26T09:52:38.884937000Z,Authentication,166,34,-59,920,0,11,0,0,0,0,0,0,0,0
7988,2026-06-26T09:52:39.114302000Z,Authentication,166,34,-60,920,0,11,0,0,0,0,0,0,0,0
7989,2026-06-26T09:52:39.123208000Z,Authentication,166,34,-30,920,0,11,0,0,0,0,0,0,720,0
7990,2026-06-26T09:52:39.129819000Z,Authentication,166,34,-31,920,0,11,0,0,1,0,0,0,720,0
7991,2026-06-26T09:52:39.136282000Z,Authentication,166,34,-29,920,0,11,0,0,1,0,0,0,720,0
7992,2026-06-26T09:52:39.143419000Z,Authentication,166,34,-29,920,0,11,0,0,1,0,0,0,720,0
7993,2026-06-26T09:52:39.206600000Z,Data,287,34,-30,920,2,0,0,0,0,0,0,1,0,0
7994,2026-06-26T09:52:39.376468000Z,Authentication,166,34,-59,920,0,11,0,0,0,0,0,0,0,0
7995,2026-06-26T09:52:39.393105000Z,Authentication,166,34,-29,920,0,11,0,0,0,0,0,0,720,0
7996,2026-06-26T09:52:39.399565000Z,Authentication,166,34,-28,920,0,11,0,0,1,0,0,0,720,0
7997,2026-06-26T09:52:39.406231000Z,Authentication,166,34,-29,920,0,11,0,0,1,0,0,0,720,0
7998,2026-06-26T09:52:39.412745000Z,Authentication,166,34,-28,920,0,11,0,0,1,0,0,0,720,0
7999,2026-06-26T09:52:39.638627000Z,Authentication,166,34,-62,920,0,11,0,0,0,0,0,0,0,0
8000,2026-06-26T09:52:39.761970000Z,S1G Beacon,129,34,-27,920,3,1,,,,,,,0,0
8001,2026-06-26T09:52:39.867997000Z,Authentication,166,34,-60,920,0,11,0,0,0,0,0,0,0,0
8002,2026-06-26T09:52:39.883126000Z,Authentication,166,34,-27,920,0,11,0,0,0,0,0,0,720,0
8003,2026-06-26T09:52:39.889748000Z,Authentication,166,34,-26,920,0,11,0,0,1,0,0,0,720,0
8004,2026-06-26T09:52:39.896202000Z,Authentication,166,34,-29,920,0,11,0,0,1,0,0,0,720,0
8005,2026-06-26T09:52:39.902609000Z,Authentication,166,34,-28,920,0,11,0,0,1,0,0,0,720,0
8006,2026-06-26T09:52:40.130130000Z,Authentication,166,34,-60,920,0,11,0,0,0,0,0,0,0,0
8007,2026-06-26T09:52:40.143139000Z,Authentication,166,34,-28,920,0,11,0,0,0,0,0,0,720,0
8008,2026-06-26T09:52:40.149807000Z,Authentication,166,34,-28,920,0,11,0,0,1,0,0,0,720,0
8009,2026-06-26T09:52:40.156317000Z,Authentication,166,34,-29,920,0,11,0,0,1,0,0,0,720,0
8010,2026-06-26T09:52:40.162937000Z,Authentication,166,34,-28,920,0,11,0,0,1,0,0,0,720,0
8012,2026-06-26T09:52:40.392315000Z,Authentication,166,34,-60,920,0,11,0,0,0,0,0,0,0,0
8013,2026-06-26T09:52:40.579388000Z,S1G Beacon,61,34,-28,920,3,1,,,,,,,0,0
8014,2026-06-26T09:52:40.623714000Z,Authentication,166,34,-60,920,0,11,0,0,0,0,0,0,0,0
8015,2026-06-26T09:52:40.633294000Z,Authentication,166,34,-28,920,0,11,0,0,0,0,0,0,720,0
8016,2026-06-26T09:52:40.639904000Z,Authentication,166,34,-28,920,0,11,0,0,1,0,0,0,720,0
8017,2026-06-26T09:52:40.646306000Z,Authentication,166,34,-26,920,0,11,0,0,1,0,0,0,720,0
8018,2026-06-26T09:52:40.652819000Z,Authentication,166,34,-27,920,0,11,0,0,1,0,0,0,720,0
8019,2026-06-26T09:52:40.883825000Z,Authentication,166,34,-60,920,0,11,0,0,0,0,0,0,0,0
8020,2026-06-26T09:52:40.899648000Z,Authentication,166,34,-25,920,0,11,0,0,1,0,0,0,720,0
8021,2026-06-26T09:52:40.912713000Z,Authentication,166,34,-25,920,0,11,0,0,1,0,0,0,720,0
8022,2026-06-26T09:52:41.145952000Z,Authentication,166,34,-59,920,0,11,0,0,0,0,0,0,0,0
8023,2026-06-26T09:52:41.397927000Z,Authentication,166,34,-59,920,0,11,0,0,0,0,0,0,0,0
8024,2026-06-26T09:52:41.401475000Z,S1G Beacon,129,34,-28,920,3,1,,,,,,,0,0
8025,2026-06-26T09:52:41.406367000Z,Authentication,166,34,-27,920,0,11,0,0,0,0,0,0,720,0
8026,2026-06-26T09:52:41.412773000Z,Authentication,166,34,-28,920,0,11,0,0,1,0,0,0,720,0
8027,2026-06-26T09:52:41.419227000Z,Authentication,166,34,-28,920,0,11,0,0,1,0,0,0,720,0
8028,2026-06-26T09:52:41.425684000Z,Authentication,166,34,-27,920,0,11,0,0,1,0,0,0,720,0
8029,2026-06-26T09:52:41.637527000Z,Authentication,166,34,-60,920,0,11,0,0,0,0,0,0,0,0
8030,2026-06-26T09:52:41.653169000Z,Authentication,166,34,-28,920,0,11,0,0,0,0,0,0,720,0
8031,2026-06-26T09:52:41.659616000Z,Authentication,166,34,-27,920,0,11,0,0,1,0,0,0,720,0
8032,2026-06-26T09:52:41.666072000Z,Authentication,166,34,-27,920,0,11,0,0,1,0,0,0,720,0
8033,2026-06-26T09:52:41.899640000Z,Authentication,166,34,-60,920,0,11,0,0,0,0,0,0,0,0
8034,2026-06-26T09:52:41.919907000Z,Authentication,166,34,-24,920,0,11,0,0,1,0,0,0,720,0
8035,2026-06-26T09:52:41.926358000Z,Authentication,166,34,-26,920,0,11,0,0,1,0,0,0,720,0
8036,2026-06-26T09:52:41.932353000Z,Authentication,166,34,-25,920,0,11,0,0,1,0,0,0,720,0
8037,2026-06-26T09:52:42.161785000Z,Authentication,166,34,-59,920,0,11,0,0,0,0,0,0,0,0
8038,2026-06-26T09:52:42.173184000Z,Authentication,166,34,-27,920,0,11,0,0,0,0,0,0,720,0
8039,2026-06-26T09:52:42.179955000Z,Authentication,166,34,-25,920,0,11,0,0,1,0,0,0,720,0
8040,2026-06-26T09:52:42.186412000Z,Authentication,166,34,-27,920,0,11,0,0,1,0,0,0,720,0
8041,2026-06-26T09:52:42.192926000Z,Authentication,166,34,-27,920,0,11,0,0,1,0,0,0,720,0
8042,2026-06-26T09:52:42.217834000Z,S1G Beacon,61,34,-27,920,3,1,,,,,,,0,0
8043,2026-06-26T09:52:42.231653000Z,Data,287,34,-26,920,2,0,0,0,0,0,0,1,0,0
8044,2026-06-26T09:52:42.391172000Z,Authentication,166,34,-59,920,0,11,0,0,0,0,0,0,0,0
8045,2026-06-26T09:52:42.653322000Z,Authentication,166,34,-58,920,0,11,0,0,0,0,0,0,0,0
8046,2026-06-26T09:52:42.663207000Z,Authentication,166,34,-26,920,0,11,0,0,0,0,0,0,720,0
8047,2026-06-26T09:52:42.669713000Z,Authentication,166,34,-26,920,0,11,0,0,1,0,0,0,720,0
8048,2026-06-26T09:52:42.676283000Z,Authentication,166,34,-27,920,0,11,0,0,1,0,0,0,720,0
8049,2026-06-26T09:52:42.682949000Z,Authentication,166,34,-26,920,0,11,0,0,1,0,0,0,720,0
8050,2026-06-26T09:52:42.915464000Z,Authentication,166,34,-59,920,0,11,0,0,0,0,0,0,0,0
8051,2026-06-26T09:52:42.923176000Z,Authentication,166,34,-28,920,0,11,0,0,0,0,0,0,720,0
8052,2026-06-26T09:52:42.928540000Z,Authentication,166,34,-26,920,0,11,0,0,1,0,0,0,720,0
8053,2026-06-26T09:52:42.935001000Z,Authentication,166,34,-26,920,0,11,0,0,1,0,0,0,720,0
8054,2026-06-26T09:52:42.941717000Z,Authentication,166,34,-26,920,0,11,0,0,1,0,0,0,720,0
8055,2026-06-26T09:52:43.038866000Z,S1G Beacon,129,34,-27,920,3,1,,,,,,,0,0
8056,2026-06-26T09:52:43.153035000Z,Authentication,166,34,-60,920,0,11,0,0,0,0,0,0,0,0
8057,2026-06-26T09:52:43.163243000Z,Authentication,166,34,-29,920,0,11,0,0,0,0,0,0,720,0
8058,2026-06-26T09:52:43.169754000Z,Authentication,166,34,-27,920,0,11,0,0,1,0,0,0,720,0
8059,2026-06-26T09:52:43.176155000Z,Authentication,166,34,-27,920,0,11,0,0,1,0,0,0,720,0
8060,2026-06-26T09:52:43.182932000Z,Authentication,166,34,-27,920,0,11,0,0,1,0,0,0,720,0
8061,2026-06-26T09:52:43.228244000Z,QoS Data,148,34,-17,920,2,8,1,0,0,0,0,1,720,0
8063,2026-06-26T09:52:43.230448000Z,QoS Data,148,34,-31,920,2,8,0,0,0,0,0,1,720,0
8065,2026-06-26T09:52:43.236383000Z,QoS Data,131,34,-15,920,2,8,1,0,0,0,0,1,720,0
8067,2026-06-26T09:52:43.238399000Z,QoS Data,131,34,-31,920,2,8,0,0,0,0,0,1,720,0
8069,2026-06-26T09:52:43.288523000Z,QoS Data,128,34,-17,920,2,8,1,0,0,0,0,1,720,0
8071,2026-06-26T09:52:43.291004000Z,QoS Data,128,34,-30,920,2,8,0,0,0,0,0,1,720,0
8073,2026-06-26T09:52:43.406993000Z,Authentication,166,34,-63,920,0,11,0,0,0,0,0,0,0,0
8074,2026-06-26T09:52:43.419123000Z,Authentication,166,34,-27,920,0,11,0,0,0,0,0,0,720,0
8075,2026-06-26T09:52:43.425893000Z,Authentication,166,34,-27,920,0,11,0,0,1,0,0,0,720,0
8076,2026-06-26T09:52:43.432462000Z,Authentication,166,34,-27,920,0,11,0,0,1,0,0,0,720,0
8077,2026-06-26T09:52:43.439122000Z,Authentication,166,34,-27,920,0,11,0,0,1,0,0,0,720,0
8078,2026-06-26T09:52:43.669176000Z,Authentication,166,34,-59,920,0,11,0,0,0,0,0,0,0,0
8079,2026-06-26T09:52:43.683213000Z,Authentication,166,34,-27,920,0,11,0,0,0,0,0,0,720,0
8080,2026-06-26T09:52:43.689871000Z,Authentication,166,34,-28,920,0,11,0,0,1,0,0,0,720,0
8081,2026-06-26T09:52:43.696392000Z,Authentication,166,34,-28,920,0,11,0,0,1,0,0,0,720,0
8082,2026-06-26T09:52:43.702988000Z,Authentication,166,34,-27,920,0,11,0,0,1,0,0,0,720,0
8083,2026-06-26T09:52:43.856293000Z,S1G Beacon,61,34,-27,920,3,1,,,,,,,0,0
8084,2026-06-26T09:52:43.913899000Z,Authentication,166,34,-59,920,0,11,0,0,0,0,0,0,0,0
8085,2026-06-26T09:52:43.923421000Z,Authentication,166,34,-26,920,0,11,0,0,0,0,0,0,720,0
8086,2026-06-26T09:52:43.929982000Z,Authentication,166,34,-26,920,0,11,0,0,1,0,0,0,720,0
8087,2026-06-26T09:52:43.942948000Z,Authentication,166,34,-24,920,0,11,0,0,1,0,0,0,720,0
8088,2026-06-26T09:52:44.160682000Z,Authentication,166,34,-59,920,0,11,0,0,0,0,0,0,0,0
8089,2026-06-26T09:52:44.422822000Z,Authentication,166,34,-60,920,0,11,0,0,0,0,0,0,0,0
8090,2026-06-26T09:52:44.433279000Z,Authentication,166,34,-26,920,0,11,0,0,0,0,0,0,720,0
8091,2026-06-26T09:52:44.439698000Z,Authentication,166,34,-27,920,0,11,0,0,1,0,0,0,720,0
8092,2026-06-26T09:52:44.446258000Z,Authentication,166,34,-28,920,0,11,0,0,1,0,0,0,720,0
8093,2026-06-26T09:52:44.677335000Z,S1G Beacon,129,34,-27,920,3,1,,,,,,,0,0
8094,2026-06-26T09:52:44.684969000Z,Authentication,166,34,-60,920,0,11,0,0,0,0,0,0,0,0
8095,2026-06-26T09:52:44.693461000Z,Authentication,166,34,-26,920,0,11,0,0,0,0,0,0,720,0
8096,2026-06-26T09:52:44.706481000Z,Authentication,166,34,-25,920,0,11,0,0,1,0,0,0,720,0
8097,2026-06-26T09:52:44.920498000Z,Authentication,166,34,-59,920,0,11,0,0,0,0,0,0,0,0
8098,2026-06-26T09:52:45.176510000Z,Authentication,166,34,-60,920,0,11,0,0,0,0,0,0,0,0
8099,2026-06-26T09:52:45.191749000Z,Authentication,166,34,-26,920,0,11,0,0,0,0,0,0,720,0
8100,2026-06-26T09:52:45.205185000Z,Authentication,166,34,-26,920,0,11,0,0,1,0,0,0,720,0
8101,2026-06-26T09:52:45.254760000Z,Data,287,34,-26,920,2,0,0,0,0,0,0,1,0,0
8102,2026-06-26T09:52:45.438642000Z,Authentication,166,34,-59,920,0,11,0,0,0,0,0,0,0,0
8103,2026-06-26T09:52:45.459788000Z,Authentication,166,34,-24,920,0,11,0,0,1,0,0,0,720,0
8104,2026-06-26T09:52:45.466037000Z,Authentication,166,34,-26,920,0,11,0,0,1,0,0,0,720,0
8105,2026-06-26T09:52:45.472707000Z,Authentication,166,34,-27,920,0,11,0,0,1,0,0,0,720,0
8106,2026-06-26T09:52:45.676264000Z,Authentication,166,34,-60,920,0,11,0,0,0,0,0,0,0,0
8107,2026-06-26T09:52:45.683468000Z,Authentication,166,34,-26,920,0,11,0,0,0,0,0,0,720,0
8108,2026-06-26T09:52:45.689867000Z,Authentication,166,34,-27,920,0,11,0,0,1,0,0,0,720,0
8109,2026-06-26T09:52:45.696274000Z,Authentication,166,34,-27,920,0,11,0,0,1,0,0,0,720,0
8110,2026-06-26T09:52:45.702996000Z,Authentication,166,34,-27,920,0,11,0,0,1,0,0,0,720,0
8111,2026-06-26T09:52:45.930191000Z,Authentication,166,34,-60,920,0,11,0,0,0,0,0,0,0,0
8112,2026-06-26T09:52:45.949756000Z,Authentication,166,34,-25,920,0,11,0,0,1,0,0,0,720,0
8113,2026-06-26T09:52:45.961947000Z,Authentication,166,34,-25,920,0,11,0,0,1,0,0,0,720,0
8114,2026-06-26T09:52:45.994091000Z,Disassociation,64,34,-26,920,0,10,0,0,0,0,0,0,720,0
8115,2026-06-26T09:52:45.998078000Z,Disassociation,64,34,-28,920,0,10,0,0,1,0,0,0,720,0
8116,2026-06-26T09:52:46.002025000Z,Disassociation,64,34,-26,920,0,10,0,0,1,0,0,0,720,0
8117,2026-06-26T09:52:46.005708000Z,Disassociation,64,34,-27,920,0,10,0,0,1,0,0,0,720,0
8118,2026-06-26T09:52:46.192331000Z,Authentication,166,34,-60,920,0,11,0,0,0,0,0,0,0,0
8119,2026-06-26T09:52:46.203259000Z,Authentication,166,34,-27,920,0,11,0,0,0,0,0,0,720,0
8120,2026-06-26T09:52:46.209664000Z,Authentication,166,34,-28,920,0,11,0,0,1,0,0,0,720,0
8121,2026-06-26T09:52:46.216285000Z,Authentication,166,34,-26,920,0,11,0,0,1,0,0,0,720,0
8122,2026-06-26T09:52:46.315761000Z,S1G Beacon,129,34,-27,920,3,1,,,,,,,0,0
8123,2026-06-26T09:52:46.454476000Z,Authentication,166,34,-59,920,0,11,0,0,0,0,0,0,0,0
8124,2026-06-26T09:52:46.463220000Z,Authentication,166,34,-26,920,0,11,0,0,0,0,0,0,720,0
8125,2026-06-26T09:52:46.469834000Z,Authentication,166,34,-27,920,0,11,0,0,1,0,0,0,720,0
8126,2026-06-26T09:52:46.476653000Z,Authentication,166,34,-27,920,0,11,0,0,1,0,0,0,720,0
8127,2026-06-26T09:52:46.483422000Z,Authentication,166,34,-27,920,0,11,0,0,1,0,0,0,720,0
8128,2026-06-26T09:52:46.685926000Z,Authentication,166,34,-59,920,0,11,0,0,0,0,0,0,0,0
8129,2026-06-26T09:52:46.698504000Z,Authentication,166,34,-27,920,0,11,0,0,0,0,0,0,720,0
8130,2026-06-26T09:52:46.704908000Z,Authentication,166,34,-26,920,0,11,0,0,1,0,0,0,720,0
8131,2026-06-26T09:52:46.711369000Z,Authentication,166,34,-26,920,0,11,0,0,1,0,0,0,720,0
8132,2026-06-26T09:52:46.716789000Z,Authentication,166,34,-28,920,0,11,0,0,1,0,0,0,720,0
8133,2026-06-26T09:52:46.946011000Z,Authentication,166,34,-59,920,0,11,0,0,0,0,0,0,0,0
8134,2026-06-26T09:52:46.963246000Z,Authentication,166,34,-27,920,0,11,0,0,0,0,0,0,720,0
8135,2026-06-26T09:52:46.969747000Z,Authentication,166,34,-27,920,0,11,0,0,1,0,0,0,720,0
8136,2026-06-26T09:52:46.976203000Z,Authentication,166,34,-27,920,0,11,0,0,1,0,0,0,720,0
8137,2026-06-26T09:52:46.982094000Z,Authentication,166,34,-27,920,0,11,0,0,1,0,0,0,720,0
8139,2026-06-26T09:52:47.133260000Z,S1G Beacon,61,34,-28,920,3,1,,,,,,,0,0
8140,2026-06-26T09:52:47.208157000Z,Authentication,166,34,-60,920,0,11,0,0,0,0,0,0,0,0
8141,2026-06-26T09:52:47.441631000Z,Authentication,166,34,-59,920,0,11,0,0,0,0,0,0,0,0
8142,2026-06-26T09:52:47.453240000Z,Authentication,166,34,-26,920,0,11,0,0,0,0,0,0,720,0
8143,2026-06-26T09:52:47.459700000Z,Authentication,166,34,-28,920,0,11,0,0,1,0,0,0,720,0
8144,2026-06-26T09:52:47.466367000Z,Authentication,166,34,-28,920,0,11,0,0,1,0,0,0,720,0
8145,2026-06-26T09:52:47.699722000Z,Authentication,166,34,-59,920,0,11,0,0,0,0,0,0,0,0
8146,2026-06-26T09:52:47.980189000Z,Authentication,166,34,-25,920,0,11,0,0,1,0,0,0,720,0
8147,2026-06-26T09:52:47.986734000Z,Authentication,166,34,-28,920,0,11,0,0,1,0,0,0,720,0
8148,2026-06-26T09:52:47.992930000Z,Authentication,166,34,-27,920,0,11,0,0,1,0,0,0,720,0
8149,2026-06-26T09:52:48.205562000Z,Authentication,166,34,-60,920,0,11,0,0,0,0,0,0,0,0
8150,2026-06-26T09:52:48.219988000Z,Authentication,166,34,-25,920,0,11,0,0,1,0,0,0,720,0
8151,2026-06-26T09:52:48.226600000Z,Authentication,166,34,-27,920,0,11,0,0,1,0,0,0,720,0
8152,2026-06-26T09:52:48.250413000Z,QoS Data,148,34,-16,920,2,8,1,0,0,0,0,1,720,0
8154,2026-06-26T09:52:48.259071000Z,QoS Data,131,34,-15,920,2,8,1,0,0,0,0,1,720,0
8156,2026-06-26T09:52:48.261605000Z,QoS Data,131,34,-31,920,2,8,0,0,0,0,0,1,720,0
8158,2026-06-26T09:52:48.278862000Z,Data,287,34,-28,920,2,0,0,0,0,0,0,1,0,0
8159,2026-06-26T09:52:48.288512000Z,QoS Data,128,34,-16,920,2,8,1,0,0,0,0,1,720,0
8161,2026-06-26T09:52:48.290521000Z,QoS Data,128,34,-30,920,2,8,0,0,0,0,0,1,720,0
8163,2026-06-26T09:52:48.453364000Z,Authentication,166,34,-60,920,0,11,0,0,0,0,0,0,0,0
8164,2026-06-26T09:52:48.469876000Z,Authentication,166,34,-24,920,0,11,0,0,1,0,0,0,720,0
8165,2026-06-26T09:52:48.476597000Z,Authentication,166,34,-27,920,0,11,0,0,1,0,0,0,720,0
8166,2026-06-26T09:52:48.482118000Z,Authentication,166,34,-28,920,0,11,0,0,1,0,0,0,720,0
8167,2026-06-26T09:52:48.715531000Z,Authentication,166,34,-59,920,0,11,0,0,0,0,0,0,0,0
8168,2026-06-26T09:52:48.739770000Z,Authentication,166,34,-25,920,0,11,0,0,1,0,0,0,720,0
8169,2026-06-26T09:52:48.746284000Z,Authentication,166,34,-27,920,0,11,0,0,1,0,0,0,720,0
8170,2026-06-26T09:52:48.753002000Z,Authentication,166,34,-26,920,0,11,0,0,1,0,0,0,720,0
8171,2026-06-26T09:52:48.771634000Z,S1G Beacon,61,34,-27,920,3,1,,,,,,,0,0
8172,2026-06-26T09:52:48.977681000Z,Authentication,166,34,-60,920,0,11,0,0,0,0,0,0,0,0
8173,2026-06-26T09:52:48.993954000Z,Authentication,166,34,-26,920,0,11,0,0,0,0,0,0,720,0
8174,2026-06-26T09:52:49.000726000Z,Authentication,166,34,-26,920,0,11,0,0,1,0,0,0,720,0
8175,2026-06-26T09:52:49.014215000Z,Authentication,166,34,-25,920,0,11,0,0,1,0,0,0,720,0
8176,2026-06-26T09:52:49.213198000Z,Authentication,166,34,-59,920,0,11,0,0,0,0,0,0,0,0
8177,2026-06-26T09:52:49.223343000Z,Authentication,166,34,-27,920,0,11,0,0,0,0,0,0,720,0
8178,2026-06-26T09:52:49.229799000Z,Authentication,166,34,-26,920,0,11,0,0,1,0,0,0,720,0
8179,2026-06-26T09:52:49.236468000Z,Authentication,166,34,-26,920,0,11,0,0,1,0,0,0,720,0
8180,2026-06-26T09:52:49.242876000Z,Authentication,166,34,-26,920,0,11,0,0,1,0,0,0,720,0
8181,2026-06-26T09:52:49.469195000Z,Authentication,166,34,-59,920,0,11,0,0,0,0,0,0,0,0
8182,2026-06-26T09:52:49.483300000Z,Authentication,166,34,-28,920,0,11,0,0,0,0,0,0,720,0
8183,2026-06-26T09:52:49.496681000Z,Authentication,166,34,-25,920,0,11,0,0,1,0,0,0,720,0
8184,2026-06-26T09:52:49.501737000Z,Authentication,166,34,-27,920,0,11,0,0,1,0,0,0,720,0
8185,2026-06-26T09:52:49.592664000Z,S1G Beacon,129,34,-27,920,3,1,,,,,,,0,0
8186,2026-06-26T09:52:49.731347000Z,Authentication,166,34,-60,920,0,11,0,0,0,0,0,0,0,0
8187,2026-06-26T09:52:49.743423000Z,Authentication,166,34,-27,920,0,11,0,0,0,0,0,0,720,0
8188,2026-06-26T09:52:49.749925000Z,Authentication,166,34,-26,920,0,11,0,0,1,0,0,0,720,0
8189,2026-06-26T09:52:49.756405000Z,Authentication,166,34,-28,920,0,11,0,0,1,0,0,0,720,0
8190,2026-06-26T09:52:49.762236000Z,Authentication,166,34,-27,920,0,11,0,0,1,0,0,0,720,0
8191,2026-06-26T09:52:49.978147000Z,Authentication,166,34,-60,920,0,11,0,0,0,0,0,0,0,0
8192,2026-06-26T09:52:49.993327000Z,Authentication,166,34,-28,920,0,11,0,0,0,0,0,0,720,0
8193,2026-06-26T09:52:50.000099000Z,Authentication,166,34,-27,920,0,11,0,0,1,0,0,0,720,0
8194,2026-06-26T09:52:50.006658000Z,Authentication,166,34,-27,920,0,11,0,0,1,0,0,0,720,0
8195,2026-06-26T09:52:50.013173000Z,Authentication,166,34,-26,920,0,11,0,0,1,0,0,0,720,0
8196,2026-06-26T09:52:50.222880000Z,Authentication,166,34,-59,920,0,11,0,0,0,0,0,0,0,0
8197,2026-06-26T09:52:50.233364000Z,Authentication,166,34,-27,920,0,11,0,0,0,0,0,0,720,0
8198,2026-06-26T09:52:50.239905000Z,Authentication,166,34,-28,920,0,11,0,0,1,0,0,0,720,0
8199,2026-06-26T09:52:50.246408000Z,Authentication,166,34,-27,920,0,11,0,0,1,0,0,0,720,0
8200,2026-06-26T09:52:50.253079000Z,Authentication,166,34,-26,920,0,11,0,0,1,0,0,0,720,0
8201,2026-06-26T09:52:50.410093000Z,S1G Beacon,61,34,-27,920,3,1,,,,,,,0,0
8202,2026-06-26T09:52:50.485022000Z,Authentication,166,34,-59,920,0,11,0,0,0,0,0,0,0,0
8203,2026-06-26T09:52:50.503238000Z,Authentication,166,34,-27,920,0,11,0,0,0,0,0,0,720,0
8204,2026-06-26T09:52:50.509907000Z,Authentication,166,34,-27,920,0,11,0,0,1,0,0,0,720,0
8205,2026-06-26T09:52:50.516370000Z,Authentication,166,34,-27,920,0,11,0,0,1,0,0,0,720,0
8206,2026-06-26T09:52:50.522777000Z,Authentication,166,34,-27,920,0,11,0,0,1,0,0,0,720,0
8207,2026-06-26T09:52:50.746153000Z,Authentication,166,34,-62,920,0,11,0,0,0,0,0,0,0,0
8208,2026-06-26T09:52:50.760213000Z,Authentication,166,34,-25,920,0,11,0,0,1,0,0,0,720,0
8209,2026-06-26T09:52:50.766931000Z,Authentication,166,34,-28,920,0,11,0,0,1,0,0,0,720,0
8210,2026-06-26T09:52:50.773497000Z,Authentication,166,34,-26,920,0,11,0,0,1,0,0,0,720,0
8211,2026-06-26T09:52:50.976571000Z,Authentication,166,34,-61,920,0,11,0,0,0,0,0,0,0,0
8212,2026-06-26T09:52:50.993289000Z,Authentication,166,34,-26,920,0,11,0,0,0,0,0,0,720,0
8213,2026-06-26T09:52:50.999685000Z,Authentication,166,34,-26,920,0,11,0,0,1,0,0,0,720,0
8214,2026-06-26T09:52:51.006351000Z,Authentication,166,34,-26,920,0,11,0,0,1,0,0,0,720,0
8215,2026-06-26T09:52:51.013015000Z,Authentication,166,34,-27,920,0,11,0,0,1,0,0,0,720,0
8216,2026-06-26T09:52:51.231120000Z,S1G Beacon,129,34,-27,920,3,1,,,,,,,0,0
8217,2026-06-26T09:52:51.238702000Z,Authentication,166,34,-60,920,0,11,0,0,0,0,0,0,0,0
8218,2026-06-26T09:52:51.259949000Z,Authentication,166,34,-25,920,0,11,0,0,1,0,0,0,720,0
8219,2026-06-26T09:52:51.266712000Z,Authentication,166,34,-28,920,0,11,0,0,1,0,0,0,720,0
8220,2026-06-26T09:52:51.273135000Z,Authentication,166,34,-26,920,0,11,0,0,1,0,0,0,720,0
8221,2026-06-26T09:52:51.500852000Z,Authentication,166,34,-60,920,0,11,0,0,0,0,0,0,0,0
8222,2026-06-26T09:52:51.514847000Z,Authentication,166,34,-26,920,0,11,0,0,0,0,0,0,720,0
8223,2026-06-26T09:52:51.521410000Z,Authentication,166,34,-26,920,0,11,0,0,1,0,0,0,720,0
8224,2026-06-26T09:52:51.528020000Z,Authentication,166,34,-27,920,0,11,0,0,1,0,0,0,720,0
8225,2026-06-26T09:52:51.534636000Z,Authentication,166,34,-26,920,0,11,0,0,1,0,0,0,720,0
8226,2026-06-26T09:52:51.730231000Z,Authentication,166,34,-65,920,0,11,0,0,0,0,0,0,0,0
8227,2026-06-26T09:52:51.743610000Z,Authentication,166,34,-27,920,0,11,0,0,0,0,0,0,720,0
8228,2026-06-26T09:52:51.750243000Z,Authentication,166,34,-26,920,0,11,0,0,1,0,0,0,720,0
8229,2026-06-26T09:52:51.756115000Z,Authentication,166,34,-25,920,0,11,0,0,1,0,0,0,720,0
8230,2026-06-26T09:52:51.762689000Z,Authentication,166,34,-27,920,0,11,0,0,1,0,0,0,720,0
8231,2026-06-26T09:52:51.992416000Z,Authentication,166,34,-60,920,0,11,0,0,0,0,0,0,0,0
8232,2026-06-26T09:52:52.009778000Z,Authentication,166,34,-25,920,0,11,0,0,1,0,0,0,720,0
8233,2026-06-26T09:52:52.015105000Z,Authentication,166,34,-26,920,0,11,0,0,1,0,0,0,720,0
8234,2026-06-26T09:52:52.021867000Z,Authentication,166,34,-27,920,0,11,0,0,1,0,0,0,720,0
8235,2026-06-26T09:52:52.254546000Z,Authentication,166,34,-60,920,0,11,0,0,0,0,0,0,0,0
8237,2026-06-26T09:52:52.483914000Z,Authentication,166,34,-61,920,0,11,0,0,0,0,0,0,0,0
8238,2026-06-26T09:52:52.499883000Z,Authentication,166,34,-22,920,0,11,0,0,1,0,0,0,720,0
8239,2026-06-26T09:52:52.506344000Z,Authentication,166,34,-19,920,0,11,0,0,1,0,0,0,720,0
8240,2026-06-26T09:52:52.512229000Z,Authentication,166,34,-19,920,0,11,0,0,1,0,0,0,720,0
8241,2026-06-26T09:52:52.753409000Z,Authentication,166,34,-20,920,0,11,0,0,0,0,0,0,720,0
8242,2026-06-26T09:52:52.766690000Z,Authentication,166,34,-21,920,0,11,0,0,1,0,0,0,720,0
8243,2026-06-26T09:52:52.869936000Z,S1G Beacon,129,34,-27,920,3,1,,,,,,,0,0
8244,2026-06-26T09:52:53.243736000Z,Authentication,166,34,-59,920,0,11,0,0,0,0,0,0,0,0
8245,2026-06-26T09:52:53.253373000Z,Authentication,166,34,-28,920,0,11,0,0,0,0,0,0,720,0
8246,2026-06-26T09:52:53.259776000Z,Authentication,166,34,-28,920,0,11,0,0,1,0,0,0,720,0
8247,2026-06-26T09:52:53.266557000Z,Authentication,166,34,-29,920,0,11,0,0,1,0,0,0,720,0
8248,2026-06-26T09:52:53.273223000Z,Authentication,166,34,-29,920,0,11,0,0,1,0,0,0,720,0
8249,2026-06-26T09:52:53.275735000Z,QoS Data,148,34,-19,920,2,8,1,0,0,0,0,1,720,0
8251,2026-06-26T09:52:53.278359000Z,QoS Data,148,34,-33,920,2,8,0,0,0,0,0,1,720,0
8253,2026-06-26T09:52:53.283596000Z,QoS Data,131,34,-13,920,2,8,1,0,0,0,0,1,720,0
8255,2026-06-26T09:52:53.286389000Z,QoS Data,131,34,-32,920,2,8,0,0,0,0,0,1,720,0
8257,2026-06-26T09:52:53.499757000Z,Authentication,166,34,-60,920,0,11,0,0,0,0,0,0,0,0
8258,2026-06-26T09:52:53.519911000Z,Authentication,166,34,-21,920,0,11,0,0,1,0,0,0,720,0
8259,2026-06-26T09:52:53.532984000Z,Authentication,166,34,-22,920,0,11,0,0,1,0,0,0,720,0
8260,2026-06-26T09:52:53.538684000Z,QoS Data,128,34,-18,920,2,8,1,0,0,0,0,1,720,0
8262,2026-06-26T09:52:53.686985000Z,S1G Beacon,61,34,-19,920,3,1,,,,,,,0,0
8263,2026-06-26T09:52:53.761890000Z,Authentication,166,34,-59,920,0,11,0,0,0,0,0,0,0,0
8264,2026-06-26T09:52:53.780131000Z,Authentication,166,34,-22,920,0,11,0,0,1,0,0,0,720,0
8265,2026-06-26T09:52:53.793406000Z,Authentication,166,34,-22,920,0,11,0,0,1,0,0,0,720,0
8266,2026-06-26T09:52:54.002569000Z,Authentication,166,34,-59,920,0,11,0,0,0,0,0,0,0,0
8267,2026-06-26T09:52:54.013477000Z,Authentication,166,34,-27,920,0,11,0,0,0,0,0,0,720,0
8268,2026-06-26T09:52:54.019936000Z,Authentication,166,34,-27,920,0,11,0,0,1,0,0,0,720,0
8269,2026-06-26T09:52:54.026393000Z,Authentication,166,34,-28,920,0,11,0,0,1,0,0,0,720,0
8270,2026-06-26T09:52:54.032949000Z,Authentication,166,34,-28,920,0,11,0,0,1,0,0,0,720,0
8271,2026-06-26T09:52:54.253434000Z,Authentication,166,34,-59,920,0,11,0,0,0,0,0,0,0,0
8272,2026-06-26T09:52:54.508028000Z,S1G Beacon,129,34,-27,920,3,1,,,,,,,0,0
8273,2026-06-26T09:52:54.515570000Z,Authentication,166,34,-60,920,0,11,0,0,0,0,0,0,0,0
8274,2026-06-26T09:52:54.523432000Z,Authentication,166,34,-26,920,0,11,0,0,0,0,0,0,720,0
8275,2026-06-26T09:52:54.529215000Z,Authentication,166,34,-26,920,0,11,0,0,1,0,0,0,720,0
8276,2026-06-26T09:52:54.542289000Z,Authentication,166,34,-25,920,0,11,0,0,1,0,0,0,720,0
8277,2026-06-26T09:52:54.777718000Z,Authentication,166,34,-59,920,0,11,0,0,0,0,0,0,0,0
8278,2026-06-26T09:52:54.799894000Z,Authentication,166,34,-24,920,0,11,0,0,1,0,0,0,720,0
8279,2026-06-26T09:52:54.812916000Z,Authentication,166,34,-24,920,0,11,0,0,1,0,0,0,720,0
8280,2026-06-26T09:52:55.007107000Z,Authentication,166,34,-59,920,0,11,0,0,0,0,0,0,0,0
8281,2026-06-26T09:52:55.026053000Z,Authentication,166,34,-23,920,0,11,0,0,1,0,0,0,720,0
8282,2026-06-26T09:52:55.038508000Z,Authentication,166,34,-24,920,0,11,0,0,1,0,0,0,720,0
8283,2026-06-26T09:52:55.269248000Z,Authentication,166,34,-59,920,0,11,0,0,0,0,0,0,0,0
8284,2026-06-26T09:52:55.289968000Z,Authentication,166,34,-25,920,0,11,0,0,1,0,0,0,720,0
8285,2026-06-26T09:52:55.296534000Z,Authentication,166,34,-26,920,0,11,0,0,1,0,0,0,720,0
8286,2026-06-26T09:52:55.309238000Z,Data,378,34,-26,920,2,0,0,0,0,0,0,1,0,0
8287,2026-06-26T09:52:55.313792000Z,Authentication,166,34,-28,920,0,11,0,0,1,0,0,0,720,0
8288,2026-06-26T09:52:55.336563000Z,S1G Beacon,61,34,-26,920,3,1,,,,,,,0,0
8289,2026-06-26T09:52:55.409745000Z,Data,387,34,-27,920,2,0,0,0,0,0,0,1,0,0
8290,2026-06-26T09:52:55.515427000Z,Data,450,34,-28,920,2,0,0,0,0,0,0,1,0,0
8291,2026-06-26T09:52:55.531400000Z,Authentication,166,34,-61,920,0,11,0,0,0,0,0,0,0,0
8292,2026-06-26T09:52:55.540407000Z,Authentication,166,34,-28,920,0,11,0,0,0,0,0,0,720,0
8293,2026-06-26T09:52:55.546815000Z,Authentication,166,34,-28,920,0,11,0,0,1,0,0,0,720,0
8294,2026-06-26T09:52:55.553579000Z,Authentication,166,34,-28,920,0,11,0,0,1,0,0,0,720,0
8295,2026-06-26T09:52:55.560302000Z,Authentication,166,34,-28,920,0,11,0,0,1,0,0,0,720,0
8296,2026-06-26T09:52:55.619353000Z,Data,442,34,-26,920,2,0,0,0,0,0,0,1,0,0
8297,2026-06-26T09:52:55.721923000Z,Data,387,34,-26,920,2,0,0,0,0,0,0,1,0,0
8298,2026-06-26T09:52:55.760781000Z,Authentication,166,34,-60,920,0,11,0,0,0,0,0,0,0,0
8299,2026-06-26T09:52:55.779769000Z,Authentication,166,34,-23,920,0,11,0,0,1,0,0,0,720,0
8300,2026-06-26T09:52:55.793109000Z,Authentication,166,34,-23,920,0,11,0,0,1,0,0,0,720,0
8302,2026-06-26T09:52:56.022957000Z,Authentication,166,34,-62,920,0,11,0,0,0,0,0,0,0,0
8303,2026-06-26T09:52:56.033933000Z,Data,387,34,-20,920,2,0,0,0,0,0,0,1,0,0
8304,2026-06-26T09:52:56.139294000Z,Data,446,34,-19,920,2,0,0,0,0,0,0,1,0,0
8305,2026-06-26T09:52:56.146473000Z,S1G Beacon,129,34,-19,920,3,1,,,,,,,0,0
8306,2026-06-26T09:52:56.243265000Z,Data,440,34,-18,920,2,0,0,0,0,0,0,1,0,0
8307,2026-06-26T09:52:56.275857000Z,Authentication,166,34,-60,920,0,11,0,0,0,0,0,0,0,0
8308,2026-06-26T09:52:56.283464000Z,Authentication,166,34,-18,920,0,11,0,0,0,0,0,0,720,0
8309,2026-06-26T09:52:56.289870000Z,Authentication,166,34,-18,920,0,11,0,0,1,0,0,0,720,0
8310,2026-06-26T09:52:56.296484000Z,Authentication,166,34,-19,920,0,11,0,0,1,0,0,0,720,0
8311,2026-06-26T09:52:56.302893000Z,Authentication,166,34,-18,920,0,11,0,0,1,0,0,0,720,0
8312,2026-06-26T09:52:56.346011000Z,Data,387,34,-20,920,2,0,0,0,0,0,0,1,0,0
8313,2026-06-26T09:52:56.514471000Z,Authentication,166,34,-60,920,0,11,0,0,0,0,0,0,0,0
8314,2026-06-26T09:52:56.530043000Z,Authentication,166,34,-24,920,0,11,0,0,1,0,0,0,720,0
8315,2026-06-26T09:52:56.542423000Z,Authentication,166,34,-23,920,0,11,0,0,1,0,0,0,720,0
8316,2026-06-26T09:52:56.776604000Z,Authentication,166,34,-58,920,0,11,0,0,0,0,0,0,0,0
8317,2026-06-26T09:52:56.793412000Z,Authentication,166,34,-28,920,0,11,0,0,0,0,0,0,720,0
8318,2026-06-26T09:52:56.806592000Z,Authentication,166,34,-26,920,0,11,0,0,1,0,0,0,720,0
8319,2026-06-26T09:52:57.038765000Z,Authentication,166,34,-59,920,0,11,0,0,0,0,0,0,0,0
8320,2026-06-26T09:52:57.047595000Z,Authentication,166,34,-26,920,0,11,0,0,0,0,0,0,720,0
8321,2026-06-26T09:52:57.054111000Z,Authentication,166,34,-26,920,0,11,0,0,1,0,0,0,720,0
8322,2026-06-26T09:52:57.060882000Z,Authentication,166,34,-27,920,0,11,0,0,1,0,0,0,720,0
8323,2026-06-26T09:52:57.065886000Z,Authentication,166,34,-25,920,0,11,0,0,1,0,0,0,720,0
8324,2026-06-26T09:52:57.268138000Z,Authentication,166,34,-59,920,0,11,0,0,0,0,0,0,0,0
8325,2026-06-26T09:52:57.290001000Z,Authentication,166,34,-24,920,0,11,0,0,1,0,0,0,720,0
8326,2026-06-26T09:52:57.296612000Z,Authentication,166,34,-26,920,0,11,0,0,1,0,0,0,720,0
8327,2026-06-26T09:52:57.530297000Z,Authentication,166,34,-60,920,0,11,0,0,0,0,0,0,0,0
8329,2026-06-26T09:52:57.549653000Z,Authentication,166,34,-24,920,0,11,0,0,1,0,0,0,720,0
8330,2026-06-26T09:52:57.556374000Z,Authentication,166,34,-19,920,0,11,0,0,1,0,0,0,720,0
8331,2026-06-26T09:52:57.562991000Z,Authentication,166,34,-20,920,0,11,0,0,1,0,0,0,720,0
8332,2026-06-26T09:52:57.784918000Z,S1G Beacon,129,34,-19,920,3,1,,,,,,,0,0
8333,2026-06-26T09:52:57.792431000Z,Authentication,166,34,-60,920,0,11,0,0,0,0,0,0,0,0
8334,2026-06-26T09:52:57.809929000Z,Authentication,166,34,-23,920,0,11,0,0,1,0,0,0,720,0
8335,2026-06-26T09:52:57.822798000Z,Authentication,166,34,-24,920,0,11,0,0,1,0,0,0,720,0
8336,2026-06-26T09:52:58.025918000Z,Authentication,166,34,-61,920,0,11,0,0,0,0,0,0,0,0
8337,2026-06-26T09:52:58.045593000Z,Authentication,166,34,-23,920,0,11,0,0,1,0,0,0,720,0
8338,2026-06-26T09:52:58.058772000Z,Authentication,166,34,-24,920,0,11,0,0,1,0,0,0,720,0
8339,2026-06-26T09:52:58.283983000Z,Authentication,166,34,-60,920,0,11,0,0,0,0,0,0,0,0
8340,2026-06-26T09:52:58.300263000Z,Authentication,166,34,-24,920,0,11,0,0,1,0,0,0,720,0
8341,2026-06-26T09:52:58.302827000Z,QoS Data,149,34,-16,920,2,8,1,0,0,0,0,1,720,0
8342,2026-06-26T09:52:58.308448000Z,Authentication,166,34,-25,920,0,11,0,0,1,0,0,0,720,0
8343,2026-06-26T09:52:58.315225000Z,Authentication,166,34,-27,920,0,11,0,0,1,0,0,0,720,0
8344,2026-06-26T09:52:58.318427000Z,QoS Data,149,34,-29,920,2,8,0,0,0,0,0,1,720,0
8346,2026-06-26T09:52:58.323712000Z,QoS Data,131,34,-15,920,2,8,1,0,0,0,0,1,720,0
8348,2026-06-26T09:52:58.538919000Z,QoS Data,128,34,-17,920,2,8,1,0,0,0,0,1,720,0
8350,2026-06-26T09:52:58.782668000Z,Authentication,166,34,-61,920,0,11,0,0,0,0,0,0,0,0
8351,2026-06-26T09:52:58.800054000Z,Authentication,166,34,-24,920,0,11,0,0,1,0,0,0,720,0
8352,2026-06-26T09:52:58.811826000Z,Authentication,166,34,-24,920,0,11,0,0,1,0,0,0,720,0
8353,2026-06-26T09:52:59.037642000Z,Authentication,166,34,-62,920,0,11,0,0,0,0,0,0,0,0
8354,2026-06-26T09:52:59.060285000Z,Authentication,166,34,-24,920,0,11,0,0,1,0,0,0,720,0
8355,2026-06-26T09:52:59.073616000Z,Authentication,166,34,-25,920,0,11,0,0,1,0,0,0,720,0
8356,2026-06-26T09:52:59.558871000Z,Authentication,166,34,-60,920,0,11,0,0,0,0,0,0,0,0
8357,2026-06-26T09:52:59.580005000Z,Authentication,166,34,-24,920,0,11,0,0,1,0,0,0,720,0
8358,2026-06-26T09:52:59.591783000Z,Authentication,166,34,-23,920,0,11,0,0,1,0,0,0,720,0
8360,2026-06-26T09:52:59.791320000Z,Authentication,166,34,-60,920,0,11,0,0,0,0,0,0,0,0
8361,2026-06-26T09:53:00.053472000Z,Authentication,166,34,-60,920,0,11,0,0,0,0,0,0,0,0
8362,2026-06-26T09:53:00.315640000Z,Authentication,166,34,-60,920,0,11,0,0,0,0,0,0,0,0
8364,2026-06-26T09:53:00.330360000Z,Authentication,166,34,-23,920,0,11,0,0,1,0,0,0,720,0
8365,2026-06-26T09:53:00.343697000Z,Authentication,166,34,-23,920,0,11,0,0,1,0,0,0,720,0
8366,2026-06-26T09:53:00.554216000Z,Authentication,166,34,-60,920,0,11,0,0,0,0,0,0,0,0
8367,2026-06-26T09:53:00.569951000Z,Authentication,166,34,-24,920,0,11,0,0,1,0,0,0,720,0
8368,2026-06-26T09:53:00.583225000Z,Authentication,166,34,-24,920,0,11,0,0,1,0,0,0,720,0
8369,2026-06-26T09:53:00.807156000Z,Authentication,166,34,-59,920,0,11,0,0,0,0,0,0,0,0
8370,2026-06-26T09:53:00.826469000Z,Authentication,166,34,-24,920,0,11,0,0,1,0,0,0,720,0
8371,2026-06-26T09:53:00.838184000Z,Authentication,166,34,-24,920,0,11,0,0,1,0,0,0,720,0
8372,2026-06-26T09:53:01.090187000Z,Authentication,166,34,-24,920,0,11,0,0,1,0,0,0,720,0
8373,2026-06-26T09:53:01.102785000Z,Authentication,166,34,-24,920,0,11,0,0,1,0,0,0,720,0
8374,2026-06-26T09:53:01.193889000Z,Disassociation,64,34,-24,920,0,10,0,0,1,0,0,0,720,0
8375,2026-06-26T09:53:01.197720000Z,Disassociation,64,34,-25,920,0,10,0,0,1,0,0,0,720,0
8376,2026-06-26T09:53:01.331448000Z,Authentication,166,34,-60,920,0,11,0,0,0,0,0,0,0,0
8378,2026-06-26T09:53:01.350199000Z,Authentication,166,34,-25,920,0,11,0,0,1,0,0,0,720,0
8379,2026-06-26T09:53:01.363331000Z,Authentication,166,34,-25,920,0,11,0,0,1,0,0,0,720,0
8380,2026-06-26T09:53:01.560831000Z,Authentication,166,34,-63,920,0,11,0,0,0,0,0,0,0,0
8381,2026-06-26T09:53:01.822998000Z,Authentication,166,34,-59,920,0,11,0,0,0,0,0,0,0,0
8382,2026-06-26T09:53:01.840162000Z,Authentication,166,34,-24,920,0,11,0,0,1,0,0,0,720,0
8383,2026-06-26T09:53:01.853134000Z,Authentication,166,34,-25,920,0,11,0,0,1,0,0,0,720,0
8384,2026-06-26T09:53:02.085126000Z,Authentication,166,34,-60,920,0,11,0,0,0,0,0,0,0,0
8385,2026-06-26T09:53:02.100284000Z,Authentication,166,34,-24,920,0,11,0,0,1,0,0,0,720,0
8386,2026-06-26T09:53:02.113573000Z,Authentication,166,34,-24,920,0,11,0,0,1,0,0,0,720,0
8387,2026-06-26T09:53:02.314522000Z,Authentication,166,34,-59,920,0,11,0,0,0,0,0,0,0,0
8388,2026-06-26T09:53:02.330291000Z,Authentication,166,34,-23,920,0,11,0,0,1,0,0,0,720,0
8389,2026-06-26T09:53:02.343219000Z,Authentication,166,34,-24,920,0,11,0,0,1,0,0,0,720,0
8390,2026-06-26T09:53:02.576662000Z,Authentication,166,34,-61,920,0,11,0,0,0,0,0,0,0,0
8391,2026-06-26T09:53:02.600235000Z,Authentication,166,34,-24,920,0,11,0,0,1,0,0,0,720,0
8392,2026-06-26T09:53:02.613204000Z,Authentication,166,34,-24,920,0,11,0,0,1,0,0,0,720,0
8393,2026-06-26T09:53:02.838816000Z,Authentication,166,34,-62,920,0,11,0,0,0,0,0,0,0,0
8394,2026-06-26T09:53:02.860360000Z,Authentication,166,34,-23,920,0,11,0,0,1,0,0,0,720,0
8395,2026-06-26T09:53:02.873436000Z,Authentication,166,34,-23,920,0,11,0,0,1,0,0,0,720,0
8396,2026-06-26T09:53:03.068183000Z,Authentication,166,34,-61,920,0,11,0,0,0,0,0,0,0,0
8397,2026-06-26T09:53:03.076316000Z,Authentication,166,34,-22,920,0,11,0,0,0,0,0,0,720,0
8398,2026-06-26T09:53:03.089544000Z,Authentication,166,34,-24,920,0,11,0,0,1,0,0,0,720,0
8399,2026-06-26T09:53:03.330366000Z,Authentication,166,34,-59,920,0,11,0,0,0,0,0,0,0,0
8400,2026-06-26T09:53:03.338894000Z,QoS Data,148,34,-16,920,2,8,1,0,0,0,0,1,720,0
8401,2026-06-26T09:53:03.344410000Z,Authentication,166,34,-24,920,0,11,0,0,0,0,0,0,720,0
8403,2026-06-26T09:53:03.362892000Z,QoS Data,131,34,-15,920,2,8,1,0,0,0,0,1,720,0
8404,2026-06-26T09:53:03.369027000Z,Authentication,166,34,-24,920,0,11,0,0,1,0,0,0,720,0
8405,2026-06-26T09:53:03.399357000Z,Data,287,34,-27,920,2,0,0,0,0,0,0,1,0,0
8406,2026-06-26T09:53:03.400624000Z,QoS Data,131,34,-29,920,2,8,0,0,0,0,0,1,720,0
8408,2026-06-26T09:53:03.538911000Z,QoS Data,128,34,-17,920,2,8,1,0,0,0,0,1,720,0
8410,2026-06-26T09:53:03.592485000Z,Authentication,166,34,-62,920,0,11,0,0,0,0,0,0,0,0
8411,2026-06-26T09:53:03.610034000Z,Authentication,166,34,-25,920,0,11,0,0,1,0,0,0,720,0
8412,2026-06-26T09:53:03.616702000Z,Authentication,166,34,-26,920,0,11,0,0,1,0,0,0,720,0
8413,2026-06-26T09:53:03.623477000Z,Authentication,166,34,-26,920,0,11,0,0,1,0,0,0,720,0
8414,2026-06-26T09:53:03.828019000Z,Authentication,166,34,-60,920,0,11,0,0,0,0,0,0,0,0
8415,2026-06-26T09:53:04.084017000Z,Authentication,166,34,-61,920,0,11,0,0,0,0,0,0,0,0
8416,2026-06-26T09:53:04.353677000Z,Authentication,166,34,-24,920,0,11,0,0,0,0,0,0,720,0
8417,2026-06-26T09:53:04.366850000Z,Authentication,166,34,-24,920,0,11,0,0,1,0,0,0,720,0
8418,2026-06-26T09:53:04.601147000Z,Authentication,166,34,-59,920,0,11,0,0,0,0,0,0,0,0
8419,2026-06-26T09:53:04.837713000Z,Authentication,166,34,-60,920,0,11,0,0,0,0,0,0,0,0
8420,2026-06-26T09:53:04.857068000Z,Authentication,166,34,-23,920,0,11,0,0,1,0,0,0,720,0
8421,2026-06-26T09:53:04.870454000Z,Authentication,166,34,-24,920,0,11,0,0,1,0,0,0,720,0
8422,2026-06-26T09:53:05.099842000Z,Authentication,166,34,-60,920,0,11,0,0,0,0,0,0,0,0
8423,2026-06-26T09:53:05.119064000Z,Authentication,166,34,-24,920,0,11,0,0,1,0,0,0,720,0
8424,2026-06-26T09:53:05.131567000Z,Authentication,166,34,-24,920,0,11,0,0,1,0,0,0,720,0
8425,2026-06-26T09:53:05.362012000Z,Authentication,166,34,-59,920,0,11,0,0,0,0,0,0,0,0
8426,2026-06-26T09:53:05.599584000Z,Authentication,166,34,-60,920,0,11,0,0,0,0,0,0,0,0
8427,2026-06-26T09:53:05.853534000Z,Authentication,166,34,-60,920,0,11,0,0,0,0,0,0,0,0
8428,2026-06-26T09:53:05.870154000Z,Authentication,166,34,-23,920,0,11,0,0,1,0,0,0,720,0
8429,2026-06-26T09:53:05.883368000Z,Authentication,166,34,-24,920,0,11,0,0,1,0,0,0,720,0
8430,2026-06-26T09:53:06.115672000Z,Authentication,166,34,-62,920,0,11,0,0,0,0,0,0,0,0
8431,2026-06-26T09:53:06.140038000Z,Authentication,166,34,-24,920,0,11,0,0,1,0,0,0,720,0
8432,2026-06-26T09:53:06.153140000Z,Authentication,166,34,-23,920,0,11,0,0,1,0,0,0,720,0
8433,2026-06-26T09:53:06.362464000Z,Authentication,166,34,-60,920,0,11,0,0,0,0,0,0,0,0
8434,2026-06-26T09:53:06.607225000Z,Authentication,166,34,-60,920,0,11,0,0,0,0,0,0,0,0
8435,2026-06-26T09:53:06.626525000Z,Authentication,166,34,-24,920,0,11,0,0,1,0,0,0,720,0
8436,2026-06-26T09:53:06.632980000Z,Authentication,166,34,-25,920,0,11,0,0,1,0,0,0,720,0
8437,2026-06-26T09:53:06.869352000Z,Authentication,166,34,-59,920,0,11,0,0,0,0,0,0,0,0
8438,2026-06-26T09:53:06.883723000Z,Authentication,166,34,-23,920,0,11,0,0,0,0,0,0,720,0
8439,2026-06-26T09:53:06.895383000Z,Authentication,166,34,-24,920,0,11,0,0,1,0,0,0,720,0
8440,2026-06-26T09:53:07.131502000Z,Authentication,166,34,-60,920,0,11,0,0,0,0,0,0,0,0
8441,2026-06-26T09:53:07.150401000Z,Authentication,166,34,-23,920,0,11,0,0,1,0,0,0,720,0
8442,2026-06-26T09:53:07.163631000Z,Authentication,166,34,-25,920,0,11,0,0,1,0,0,0,720,0
8443,2026-06-26T09:53:07.371121000Z,Authentication,166,34,-59,920,0,11,0,0,0,0,0,0,0,0
8444,2026-06-26T09:53:07.633412000Z,Authentication,166,34,-22,920,0,11,0,0,0,0,0,0,720,0
8445,2026-06-26T09:53:07.646621000Z,Authentication,166,34,-24,920,0,11,0,0,1,0,0,0,720,0
8446,2026-06-26T09:53:07.885196000Z,Authentication,166,34,-60,920,0,11,0,0,0,0,0,0,0,0
8447,2026-06-26T09:53:07.900129000Z,Authentication,166,34,-23,920,0,11,0,0,1,0,0,0,720,0
8448,2026-06-26T09:53:07.913164000Z,Authentication,166,34,-25,920,0,11,0,0,1,0,0,0,720,0
8449,2026-06-26T09:53:08.137085000Z,Authentication,166,34,-61,920,0,11,0,0,0,0,0,0,0,0
8450,2026-06-26T09:53:08.160098000Z,Authentication,166,34,-23,920,0,11,0,0,1,0,0,0,720,0
8451,2026-06-26T09:53:08.173018000Z,Authentication,166,34,-23,920,0,11,0,0,1,0,0,0,720,0
8452,2026-06-26T09:53:08.376712000Z,Authentication,166,34,-62,920,0,11,0,0,0,0,0,0,0,0
8453,2026-06-26T09:53:08.413562000Z,QoS Data,150,34,-17,920,2,8,1,0,0,0,0,1,720,0
8455,2026-06-26T09:53:08.421002000Z,QoS Data,131,34,-16,920,2,8,1,0,0,0,0,1,720,0
8457,2026-06-26T09:53:08.433045000Z,S1G Beacon,61,34,-22,920,3,1,,,,,,,0,0
8458,2026-06-26T09:53:08.538900000Z,QoS Data,128,34,-17,920,2,8,1,0,0,0,0,1,720,0
8460,2026-06-26T09:53:08.638874000Z,Authentication,166,34,-60,920,0,11,0,0,0,0,0,0,0,0
8461,2026-06-26T09:53:08.660360000Z,Authentication,166,34,-24,920,0,11,0,0,1,0,0,0,720,0
8462,2026-06-26T09:53:08.673487000Z,Authentication,166,34,-25,920,0,11,0,0,1,0,0,0,720,0
8463,2026-06-26T09:53:08.901013000Z,Authentication,166,34,-60,920,0,11,0,0,0,0,0,0,0,0
8464,2026-06-26T09:53:08.920225000Z,Authentication,166,34,-24,920,0,11,0,0,1,0,0,0,720,0
8465,2026-06-26T09:53:08.933503000Z,Authentication,166,34,-24,920,0,11,0,0,1,0,0,0,720,0
8466,2026-06-26T09:53:09.138598000Z,Authentication,166,34,-59,920,0,11,0,0,0,0,0,0,0,0
8467,2026-06-26T09:53:09.160283000Z,Authentication,166,34,-23,920,0,11,0,0,1,0,0,0,720,0
8468,2026-06-26T09:53:09.173465000Z,Authentication,166,34,-24,920,0,11,0,0,1,0,0,0,720,0
8469,2026-06-26T09:53:09.392541000Z,Authentication,166,34,-59,920,0,11,0,0,0,0,0,0,0,0
8470,2026-06-26T09:53:09.410195000Z,Authentication,166,34,-24,920,0,11,0,0,1,0,0,0,720,0
8471,2026-06-26T09:53:09.423421000Z,Authentication,166,34,-23,920,0,11,0,0,1,0,0,0,720,0
8472,2026-06-26T09:53:09.654696000Z,Authentication,166,34,-62,920,0,11,0,0,0,0,0,0,0,0
8473,2026-06-26T09:53:09.670415000Z,Authentication,166,34,-24,920,0,11,0,0,1,0,0,0,720,0
8474,2026-06-26T09:53:09.683812000Z,Authentication,166,34,-25,920,0,11,0,0,1,0,0,0,720,0
8475,2026-06-26T09:53:09.906596000Z,Authentication,166,34,-60,920,0,11,0,0,0,0,0,0,0,0
8476,2026-06-26T09:53:09.919980000Z,Authentication,166,34,-22,920,0,11,0,0,0,0,0,0,720,0
8477,2026-06-26T09:53:09.932161000Z,Authentication,166,34,-24,920,0,11,0,0,1,0,0,0,720,0
8478,2026-06-26T09:53:10.146222000Z,Authentication,166,34,-60,920,0,11,0,0,0,0,0,0,0,0
8479,2026-06-26T09:53:10.170425000Z,Authentication,166,34,-24,920,0,11,0,0,1,0,0,0,720,0
8480,2026-06-26T09:53:10.183391000Z,Authentication,166,34,-25,920,0,11,0,0,1,0,0,0,720,0
8481,2026-06-26T09:53:10.408373000Z,Authentication,166,34,-60,920,0,11,0,0,0,0,0,0,0,0
8482,2026-06-26T09:53:10.430441000Z,Authentication,166,34,-25,920,0,11,0,0,1,0,0,0,720,0
8483,2026-06-26T09:53:10.443516000Z,Authentication,166,34,-24,920,0,11,0,0,1,0,0,0,720,0
8484,2026-06-26T09:53:10.670519000Z,Authentication,166,34,-63,920,0,11,0,0,0,0,0,0,0,0
8485,2026-06-26T09:53:10.690349000Z,Authentication,166,34,-24,920,0,11,0,0,1,0,0,0,720,0
8486,2026-06-26T09:53:10.703479000Z,Authentication,166,34,-24,920,0,11,0,0,1,0,0,0,720,0
8487,2026-06-26T09:53:10.918191000Z,Authentication,166,34,-24,920,0,11,0,0,1,0,0,0,720,0
8488,2026-06-26T09:53:10.931355000Z,Authentication,166,34,-24,920,0,11,0,0,1,0,0,0,720,0
8489,2026-06-26T09:53:11.162059000Z,Authentication,166,34,-61,920,0,11,0,0,0,0,0,0,0,0
8490,2026-06-26T09:53:11.180274000Z,Authentication,166,34,-24,920,0,11,0,0,1,0,0,0,720,0
8491,2026-06-26T09:53:11.193243000Z,Authentication,166,34,-25,920,0,11,0,0,1,0,0,0,720,0
8492,2026-06-26T09:53:11.424215000Z,Authentication,166,34,-60,920,0,11,0,0,0,0,0,0,0,0
8493,2026-06-26T09:53:11.664850000Z,Authentication,166,34,-59,920,0,11,0,0,0,0,0,0,0,0
8494,2026-06-26T09:53:11.680259000Z,Authentication,166,34,-25,920,0,11,0,0,1,0,0,0,720,0
8495,2026-06-26T09:53:11.693542000Z,Authentication,166,34,-25,920,0,11,0,0,1,0,0,0,720,0
8496,2026-06-26T09:53:11.915731000Z,Authentication,166,34,-61,920,0,11,0,0,0,0,0,0,0,0
8497,2026-06-26T09:53:12.177887000Z,Authentication,166,34,-60,920,0,11,0,0,0,0,0,0,0,0
8498,2026-06-26T09:53:12.421592000Z,Authentication,166,34,-59,920,0,11,0,0,0,0,0,0,0,0
8499,2026-06-26T09:53:12.440441000Z,Authentication,166,34,-25,920,0,11,0,0,1,0,0,0,720,0
8500,2026-06-26T09:53:12.447154000Z,Authentication,166,34,-27,920,0,11,0,0,1,0,0,0,720,0
8501,2026-06-26T09:53:12.471612000Z,Data,287,34,-25,920,2,0,0,0,0,0,0,1,0,0
8502,2026-06-26T09:53:12.669423000Z,Authentication,166,34,-60,920,0,11,0,0,0,0,0,0,0,0
8503,2026-06-26T09:53:12.690384000Z,Authentication,166,34,-25,920,0,11,0,0,1,0,0,0,720,0
8504,2026-06-26T09:53:12.703510000Z,Authentication,166,34,-24,920,0,11,0,0,1,0,0,0,720,0
8505,2026-06-26T09:53:12.931559000Z,Authentication,166,34,-59,920,0,11,0,0,0,0,0,0,0,0
8506,2026-06-26T09:53:12.950421000Z,Authentication,166,34,-24,920,0,11,0,0,1,0,0,0,720,0
8507,2026-06-26T09:53:12.963392000Z,Authentication,166,34,-24,920,0,11,0,0,1,0,0,0,720,0
8508,2026-06-26T09:53:13.193716000Z,Authentication,166,34,-59,920,0,11,0,0,0,0,0,0,0,0
8509,2026-06-26T09:53:13.209900000Z,Authentication,166,34,-24,920,0,11,0,0,1,0,0,0,720,0
8510,2026-06-26T09:53:13.223180000Z,Authentication,166,34,-25,920,0,11,0,0,1,0,0,0,720,0
8511,2026-06-26T09:53:13.423082000Z,Authentication,166,34,-59,920,0,11,0,0,0,0,0,0,0,0
8512,2026-06-26T09:53:13.436168000Z,QoS Data,149,34,-21,920,2,8,1,0,0,0,0,1,720,0
8513,2026-06-26T09:53:13.441633000Z,Authentication,166,34,-23,920,0,11,0,0,1,0,0,0,720,0
8514,2026-06-26T09:53:13.454707000Z,Authentication,166,34,-24,920,0,11,0,0,1,0,0,0,720,0
8515,2026-06-26T09:53:13.477344000Z,QoS Data,149,34,-31,920,2,8,0,0,0,0,0,1,720,0
8517,2026-06-26T09:53:13.482993000Z,QoS Data,131,34,-15,920,2,8,1,0,0,0,0,1,720,0
8519,2026-06-26T09:53:13.538969000Z,QoS Data,128,34,-18,920,2,8,1,0,0,0,0,1,720,0
8521,2026-06-26T09:53:13.685249000Z,Authentication,166,34,-64,920,0,11,0,0,0,0,0,0,0,0
8522,2026-06-26T09:53:13.700401000Z,Authentication,166,34,-24,920,0,11,0,0,1,0,0,0,720,0
8523,2026-06-26T09:53:13.713780000Z,Authentication,166,34,-24,920,0,11,0,0,1,0,0,0,720,0
8524,2026-06-26T09:53:13.947392000Z,Authentication,166,34,-59,920,0,11,0,0,0,0,0,0,0,0
8525,2026-06-26T09:53:14.193874000Z,Authentication,166,34,-25,920,0,11,0,0,0,0,0,0,720,0
8526,2026-06-26T09:53:14.206945000Z,Authentication,166,34,-25,920,0,11,0,0,1,0,0,0,720,0
8527,2026-06-26T09:53:14.438913000Z,Authentication,166,34,-60,920,0,11,0,0,0,0,0,0,0,0
8528,2026-06-26T09:53:14.701061000Z,Authentication,166,34,-59,920,0,11,0,0,0,0,0,0,0,0
8529,2026-06-26T09:53:14.720640000Z,Authentication,166,34,-25,920,0,11,0,0,1,0,0,0,720,0
8530,2026-06-26T09:53:14.733856000Z,Authentication,166,34,-24,920,0,11,0,0,1,0,0,0,720,0
8531,2026-06-26T09:53:14.939664000Z,Authentication,166,34,-60,920,0,11,0,0,0,0,0,0,0,0
8532,2026-06-26T09:53:14.960670000Z,Authentication,166,34,-24,920,0,11,0,0,1,0,0,0,720,0
8533,2026-06-26T09:53:14.967337000Z,Authentication,166,34,-26,920,0,11,0,0,1,0,0,0,720,0
8534,2026-06-26T09:53:15.192599000Z,Authentication,166,34,-60,920,0,11,0,0,0,0,0,0,0,0
8535,2026-06-26T09:53:15.210399000Z,Authentication,166,34,-24,920,0,11,0,0,1,0,0,0,720,0
8536,2026-06-26T09:53:15.223368000Z,Authentication,166,34,-23,920,0,11,0,0,1,0,0,0,720,0
8537,2026-06-26T09:53:15.454739000Z,Authentication,166,34,-60,920,0,11,0,0,0,0,0,0,0,0
8538,2026-06-26T09:53:15.470677000Z,Authentication,166,34,-24,920,0,11,0,0,1,0,0,0,720,0
8539,2026-06-26T09:53:15.483698000Z,Authentication,166,34,-24,920,0,11,0,0,1,0,0,0,720,0
8540,2026-06-26T09:53:15.716892000Z,Authentication,166,34,-60,920,0,11,0,0,0,0,0,0,0,0
8541,2026-06-26T09:53:15.730640000Z,Authentication,166,34,-24,920,0,11,0,0,1,0,0,0,720,0
8542,2026-06-26T09:53:15.743661000Z,Authentication,166,34,-25,920,0,11,0,0,1,0,0,0,720,0
8544,2026-06-26T09:53:15.946283000Z,Authentication,166,34,-60,920,0,11,0,0,0,0,0,0,0,0
8545,2026-06-26T09:53:15.970529000Z,Authentication,166,34,-24,920,0,11,0,0,1,0,0,0,720,0
8546,2026-06-26T09:53:15.983453000Z,Authentication,166,34,-25,920,0,11,0,0,1,0,0,0,720,0
8547,2026-06-26T09:53:16.208428000Z,Authentication,166,34,-60,920,0,11,0,0,0,0,0,0,0,0
8548,2026-06-26T09:53:16.226704000Z,Authentication,166,34,-23,920,0,11,0,0,1,0,0,0,720,0
8549,2026-06-26T09:53:16.239768000Z,Authentication,166,34,-24,920,0,11,0,0,1,0,0,0,720,0
8550,2026-06-26T09:53:16.470571000Z,Authentication,166,34,-59,920,0,11,0,0,0,0,0,0,0,0
8551,2026-06-26T09:53:16.490508000Z,Authentication,166,34,-24,920,0,11,0,0,1,0,0,0,720,0
8552,2026-06-26T09:53:16.503327000Z,Authentication,166,34,-25,920,0,11,0,0,1,0,0,0,720,0
8553,2026-06-26T09:53:16.625290000Z,S1G Beacon,61,34,-26,920,3,1,,,,,,,0,0
8554,2026-06-26T09:53:16.712240000Z,Authentication,166,34,-65,920,0,11,0,0,0,0,0,0,0,0
8555,2026-06-26T09:53:16.728279000Z,Authentication,166,34,-23,920,0,11,0,0,0,0,0,0,720,0
8556,2026-06-26T09:53:16.741458000Z,Authentication,166,34,-24,920,0,11,0,0,1,0,0,0,720,0
8557,2026-06-26T09:53:16.827611000Z,Data,426,34,-25,920,2,0,0,0,0,0,0,1,0,0
8558,2026-06-26T09:53:16.962104000Z,Authentication,166,34,-60,920,0,11,0,0,0,0,0,0,0,0
8559,2026-06-26T09:53:16.980528000Z,Authentication,166,34,-24,920,0,11,0,0,1,0,0,0,720,0
8560,2026-06-26T09:53:16.992356000Z,Authentication,166,34,-23,920,0,11,0,0,1,0,0,0,720,0
8561,2026-06-26T09:53:17.224254000Z,Authentication,166,34,-60,920,0,11,0,0,0,0,0,0,0,0
8562,2026-06-26T09:53:17.248266000Z,Data,440,34,-25,920,2,0,0,0,0,0,0,1,0,0
8563,2026-06-26T09:53:17.259313000Z,Authentication,166,34,-23,920,0,11,0,0,1,0,0,0,720,0
8564,2026-06-26T09:53:17.305493000Z,Disassociation,64,34,-23,920,0,10,0,0,1,0,0,0,720,0
8565,2026-06-26T09:53:17.313063000Z,Disassociation,64,34,-25,920,0,10,0,0,1,0,0,0,720,0
8566,2026-06-26T09:53:17.458940000Z,Data,442,34,-24,920,2,0,0,0,0,0,0,1,0,0
8567,2026-06-26T09:53:17.486394000Z,Authentication,166,34,-59,920,0,11,0,0,0,0,0,0,0,0
8568,2026-06-26T09:53:17.719871000Z,Authentication,166,34,-60,920,0,11,0,0,0,0,0,0,0,0
8569,2026-06-26T09:53:17.740482000Z,Authentication,166,34,-24,920,0,11,0,0,1,0,0,0,720,0
8570,2026-06-26T09:53:17.753564000Z,Authentication,166,34,-25,920,0,11,0,0,1,0,0,0,720,0
8571,2026-06-26T09:53:17.977929000Z,Authentication,166,34,-61,920,0,11,0,0,0,0,0,0,0,0
8572,2026-06-26T09:53:17.999438000Z,Authentication,166,34,-24,920,0,11,0,0,1,0,0,0,720,0
8573,2026-06-26T09:53:18.010216000Z,Authentication,166,34,-24,920,0,11,0,0,1,0,0,0,720,0
8574,2026-06-26T09:53:18.240082000Z,Authentication,166,34,-60,920,0,11,0,0,0,0,0,0,0,0
8575,2026-06-26T09:53:18.260692000Z,Authentication,166,34,-25,920,0,11,0,0,1,0,0,0,720,0
8576,2026-06-26T09:53:18.264160000Z,S1G Beacon,61,34,-26,920,3,1,,,,,,,0,0
8577,2026-06-26T09:53:18.275369000Z,Authentication,166,34,-24,920,0,11,0,0,1,0,0,0,720,0
8578,2026-06-26T09:53:18.488910000Z,Authentication,166,34,-59,920,0,11,0,0,0,0,0,0,0,0
8579,2026-06-26T09:53:18.503766000Z,Authentication,166,34,-23,920,0,11,0,0,0,0,0,0,720,0
8580,2026-06-26T09:53:18.520680000Z,Data,287,34,-24,920,2,0,0,0,0,0,0,1,0,0
8582,2026-06-26T09:53:18.536181000Z,QoS Data,131,34,-15,920,2,8,1,0,0,0,0,1,720,0
8584,2026-06-26T09:53:18.731605000Z,Authentication,166,34,-60,920,0,11,0,0,0,0,0,0,0,0
8585,2026-06-26T09:53:18.749987000Z,Authentication,166,34,-24,920,0,11,0,0,1,0,0,0,720,0
8586,2026-06-26T09:53:18.762850000Z,Authentication,166,34,-24,920,0,11,0,0,1,0,0,0,720,0
8587,2026-06-26T09:53:18.789144000Z,QoS Data,128,34,-18,920,2,8,1,0,0,0,0,1,720,0
8589,2026-06-26T09:53:18.993770000Z,Authentication,166,34,-60,920,0,11,0,0,0,0,0,0,0,0
8590,2026-06-26T09:53:19.010532000Z,Authentication,166,34,-24,920,0,11,0,0,1,0,0,0,720,0
8591,2026-06-26T09:53:19.022502000Z,Authentication,166,34,-23,920,0,11,0,0,1,0,0,0,720,0
8592,2026-06-26T09:53:19.255919000Z,Authentication,166,34,-59,920,0,11,0,0,0,0,0,0,0,0
8593,2026-06-26T09:53:19.271747000Z,Authentication,166,34,-24,920,0,11,0,0,1,0,0,0,720,0
8594,2026-06-26T09:53:19.283887000Z,Authentication,166,34,-23,920,0,11,0,0,1,0,0,0,720,0
8595,2026-06-26T09:53:19.488365000Z,Authentication,166,34,-59,920,0,11,0,0,0,0,0,0,0,0
8596,2026-06-26T09:53:19.510540000Z,Authentication,166,34,-24,920,0,11,0,0,1,0,0,0,720,0
8597,2026-06-26T09:53:19.523608000Z,Authentication,166,34,-25,920,0,11,0,0,1,0,0,0,720,0
8598,2026-06-26T09:53:19.747429000Z,Authentication,166,34,-60,920,0,11,0,0,0,0,0,0,0,0
8599,2026-06-26T09:53:19.770347000Z,Authentication,166,34,-24,920,0,11,0,0,1,0,0,0,720,0
8600,2026-06-26T09:53:19.783725000Z,Authentication,166,34,-23,920,0,11,0,0,1,0,0,0,720,0
8601,2026-06-26T09:53:20.009592000Z,Authentication,166,34,-61,920,0,11,0,0,0,0,0,0,0,0
8602,2026-06-26T09:53:20.027078000Z,Authentication,166,34,-25,920,0,11,0,0,1,0,0,0,720,0
8603,2026-06-26T09:53:20.039211000Z,Authentication,166,34,-24,920,0,11,0,0,1,0,0,0,720,0
8604,2026-06-26T09:53:20.249204000Z,Authentication,166,34,-59,920,0,11,0,0,0,0,0,0,0,0
8605,2026-06-26T09:53:20.264037000Z,Authentication,166,34,-25,920,0,11,0,0,0,0,0,0,720,0
8606,2026-06-26T09:53:20.275864000Z,Authentication,166,34,-23,920,0,11,0,0,1,0,0,0,720,0
8607,2026-06-26T09:53:20.501118000Z,Authentication,166,34,-59,920,0,11,0,0,0,0,0,0,0,0
8608,2026-06-26T09:53:20.763262000Z,Authentication,166,34,-61,920,0,11,0,0,0,0,0,0,0,0
8609,2026-06-26T09:53:20.780613000Z,Authentication,166,34,-24,920,0,11,0,0,1,0,0,0,720,0
8610,2026-06-26T09:53:20.786188000Z,Authentication,166,34,-24,920,0,11,0,0,1,0,0,0,720,0
8611,2026-06-26T09:53:21.025430000Z,Authentication,166,34,-60,920,0,11,0,0,0,0,0,0,0,0
8612,2026-06-26T09:53:21.040882000Z,Authentication,166,34,-22,920,0,11,0,0,1,0,0,0,720,0
8613,2026-06-26T09:53:21.053849000Z,Authentication,166,34,-22,920,0,11,0,0,1,0,0,0,720,0
8614,2026-06-26T09:53:21.264023000Z,Authentication,166,34,-59,920,0,11,0,0,0,0,0,0,0,0
8615,2026-06-26T09:53:21.280519000Z,Authentication,166,34,-22,920,0,11,0,0,1,0,0,0,720,0
8616,2026-06-26T09:53:21.293540000Z,Authentication,166,34,-24,920,0,11,0,0,1,0,0,0,720,0
8617,2026-06-26T09:53:21.516950000Z,Authentication,166,34,-59,920,0,11,0,0,0,0,0,0,0,0
8618,2026-06-26T09:53:21.540644000Z,S1G Beacon,61,34,-23,920,3,1,,,,,,,0,0
8619,2026-06-26T09:53:21.553652000Z,Authentication,166,34,-23,920,0,11,0,0,1,0,0,0,720,0
8620,2026-06-26T09:53:21.567037000Z,Authentication,166,34,-23,920,0,11,0,0,1,0,0,0,720,0
8621,2026-06-26T09:53:22.041246000Z,Authentication,166,34,-59,920,0,11,0,0,0,0,0,0,0,0
8622,2026-06-26T09:53:22.275747000Z,Authentication,166,34,-61,920,0,11,0,0,0,0,0,0,0,0
8623,2026-06-26T09:53:22.300521000Z,Authentication,166,34,-23,920,0,11,0,0,1,0,0,0,720,0
8624,2026-06-26T09:53:22.312709000Z,Authentication,166,34,-24,920,0,11,0,0,1,0,0,0,720,0
8625,2026-06-26T09:53:22.532784000Z,Authentication,166,34,-59,920,0,11,0,0,0,0,0,0,0,0
8626,2026-06-26T09:53:22.551048000Z,Authentication,166,34,-22,920,0,11,0,0,1,0,0,0,720,0
8627,2026-06-26T09:53:22.564071000Z,Authentication,166,34,-24,920,0,11,0,0,1,0,0,0,720,0
8628,2026-06-26T09:53:22.794921000Z,Authentication,166,34,-59,920,0,11,0,0,0,0,0,0,0,0
8629,2026-06-26T09:53:22.810805000Z,Authentication,166,34,-22,920,0,11,0,0,1,0,0,0,720,0
8630,2026-06-26T09:53:22.824622000Z,Authentication,166,34,-22,920,0,11,0,0,1,0,0,0,720,0
8631,2026-06-26T09:53:23.030479000Z,Authentication,166,34,-60,920,0,11,0,0,0,0,0,0,0,0
8632,2026-06-26T09:53:23.048769000Z,Authentication,166,34,-22,920,0,11,0,0,1,0,0,0,720,0
8633,2026-06-26T09:53:23.060389000Z,Authentication,166,34,-23,920,0,11,0,0,1,0,0,0,720,0
8634,2026-06-26T09:53:23.286453000Z,Authentication,166,34,-60,920,0,11,0,0,0,0,0,0,0,0
8635,2026-06-26T09:53:23.300781000Z,Authentication,166,34,-22,920,0,11,0,0,1,0,0,0,720,0
8636,2026-06-26T09:53:23.313752000Z,Authentication,166,34,-23,920,0,11,0,0,1,0,0,0,720,0
8637,2026-06-26T09:53:23.548613000Z,Authentication,166,34,-60,920,0,11,0,0,0,0,0,0,0,0
8638,2026-06-26T09:53:23.551232000Z,QoS Data,149,34,-17,920,2,8,1,0,0,0,0,1,720,0
8639,2026-06-26T09:53:23.556694000Z,Authentication,166,34,-22,920,0,11,0,0,0,0,0,0,720,0
8641,2026-06-26T09:53:23.574610000Z,QoS Data,131,34,-15,920,2,8,1,0,0,0,0,1,720,0
8642,2026-06-26T09:53:23.579920000Z,Authentication,166,34,-23,920,0,11,0,0,1,0,0,0,720,0
8643,2026-06-26T09:53:23.583793000Z,QoS Data,131,34,-28,920,2,8,0,0,0,0,0,1,720,0
8645,2026-06-26T09:53:23.790293000Z,Authentication,166,34,-60,920,0,11,0,0,0,0,0,0,0,0
8646,2026-06-26T09:53:23.792288000Z,QoS Data,128,34,-17,920,2,8,1,0,0,0,0,1,720,0
8647,2026-06-26T09:53:23.797859000Z,Authentication,166,34,-22,920,0,11,0,0,0,0,0,0,720,0
8648,2026-06-26T09:53:23.801179000Z,QoS Data,128,34,-28,920,2,8,0,0,0,0,0,1,720,0
8650,2026-06-26T09:53:23.813101000Z,Authentication,166,34,-23,920,0,11,0,0,1,0,0,0,720,0
8651,2026-06-26T09:53:24.040131000Z,Authentication,166,34,-60,920,0,11,0,0,0,0,0,0,0,0
8652,2026-06-26T09:53:24.060468000Z,Authentication,166,34,-24,920,0,11,0,0,1,0,0,0,720,0
8653,2026-06-26T09:53:24.073978000Z,Authentication,166,34,-23,920,0,11,0,0,1,0,0,0,720,0
8654,2026-06-26T09:53:24.302296000Z,Authentication,166,34,-59,920,0,11,0,0,0,0,0,0,0,0
8655,2026-06-26T09:53:24.320531000Z,Authentication,166,34,-23,920,0,11,0,0,1,0,0,0,720,0
8656,2026-06-26T09:53:24.332410000Z,Authentication,166,34,-23,920,0,11,0,0,1,0,0,0,720,0
8657,2026-06-26T09:53:24.564436000Z,Authentication,166,34,-59,920,0,11,0,0,0,0,0,0,0,0
8658,2026-06-26T09:53:24.577738000Z,Authentication,166,34,-22,920,0,11,0,0,0,0,0,0,720,0
8659,2026-06-26T09:53:24.590810000Z,Authentication,166,34,-24,920,0,11,0,0,1,0,0,0,720,0
8660,2026-06-26T09:53:24.793806000Z,Authentication,166,34,-61,920,0,11,0,0,0,0,0,0,0,0
8661,2026-06-26T09:53:25.055965000Z,Authentication,166,34,-59,920,0,11,0,0,0,0,0,0,0,0
8662,2026-06-26T09:53:25.080686000Z,Authentication,166,34,-22,920,0,11,0,0,1,0,0,0,720,0
8663,2026-06-26T09:53:25.092775000Z,Authentication,166,34,-22,920,0,11,0,0,1,0,0,0,720,0
8664,2026-06-26T09:53:25.318122000Z,Authentication,166,34,-59,920,0,11,0,0,0,0,0,0,0,0
8665,2026-06-26T09:53:25.340540000Z,Authentication,166,34,-23,920,0,11,0,0,1,0,0,0,720,0
8666,2026-06-26T09:53:25.353979000Z,Authentication,166,34,-24,920,0,11,0,0,1,0,0,0,720,0
8667,2026-06-26T09:53:25.552615000Z,Authentication,166,34,-61,920,0,11,0,0,0,0,0,0,0,0
8668,2026-06-26T09:53:25.570604000Z,Authentication,166,34,-25,920,0,11,0,0,1,0,0,0,720,0
8669,2026-06-26T09:53:25.584026000Z,Authentication,166,34,-23,920,0,11,0,0,1,0,0,0,720,0
8670,2026-06-26T09:53:25.809660000Z,Authentication,166,34,-60,920,0,11,0,0,0,0,0,0,0,0
8671,2026-06-26T09:53:25.826977000Z,Authentication,166,34,-22,920,0,11,0,0,1,0,0,0,720,0
8672,2026-06-26T09:53:25.840163000Z,Authentication,166,34,-23,920,0,11,0,0,1,0,0,0,720,0
8673,2026-06-26T09:53:26.071789000Z,Authentication,166,34,-59,920,0,11,0,0,0,0,0,0,0,0
8674,2026-06-26T09:53:26.087298000Z,Authentication,166,34,-24,920,0,11,0,0,1,0,0,0,720,0
8675,2026-06-26T09:53:26.100688000Z,Authentication,166,34,-24,920,0,11,0,0,1,0,0,0,720,0
8676,2026-06-26T09:53:26.333947000Z,Authentication,166,34,-59,920,0,11,0,0,0,0,0,0,0,0
8677,2026-06-26T09:53:26.350805000Z,Authentication,166,34,-25,920,0,11,0,0,1,0,0,0,720,0
8678,2026-06-26T09:53:26.363984000Z,Authentication,166,34,-24,920,0,11,0,0,1,0,0,0,720,0
8679,2026-06-26T09:53:26.565366000Z,Authentication,166,34,-59,920,0,11,0,0,0,0,0,0,0,0
8680,2026-06-26T09:53:26.580846000Z,Authentication,166,34,-23,920,0,11,0,0,1,0,0,0,720,0
8681,2026-06-26T09:53:26.593906000Z,Authentication,166,34,-22,920,0,11,0,0,1,0,0,0,720,0
8682,2026-06-26T09:53:26.825470000Z,Authentication,166,34,-60,920,0,11,0,0,0,0,0,0,0,0
8683,2026-06-26T09:53:26.839873000Z,Authentication,166,34,-23,920,0,11,0,0,1,0,0,0,720,0
8684,2026-06-26T09:53:26.852796000Z,Authentication,166,34,-22,920,0,11,0,0,1,0,0,0,720,0
8685,2026-06-26T09:53:27.087618000Z,Authentication,166,34,-59,920,0,11,0,0,0,0,0,0,0,0
8686,2026-06-26T09:53:27.321109000Z,Authentication,166,34,-59,920,0,11,0,0,0,0,0,0,0,0
8687,2026-06-26T09:53:27.340922000Z,Authentication,166,34,-24,920,0,11,0,0,1,0,0,0,720,0
8688,2026-06-26T09:53:27.354126000Z,Authentication,166,34,-24,920,0,11,0,0,1,0,0,0,720,0
8689,2026-06-26T09:53:27.579143000Z,Authentication,166,34,-60,920,0,11,0,0,0,0,0,0,0,0
8690,2026-06-26T09:53:27.598057000Z,Data,287,34,-23,920,2,0,0,0,0,0,0,1,0,0
8691,2026-06-26T09:53:27.609332000Z,Authentication,166,34,-24,920,0,11,0,0,1,0,0,0,720,0
8692,2026-06-26T09:53:27.841304000Z,Authentication,166,34,-60,920,0,11,0,0,0,0,0,0,0,0
8693,2026-06-26T09:53:27.860868000Z,Authentication,166,34,-24,920,0,11,0,0,1,0,0,0,720,0
8694,2026-06-26T09:53:27.874097000Z,Authentication,166,34,-24,920,0,11,0,0,1,0,0,0,720,0
8695,2026-06-26T09:53:28.332831000Z,Authentication,166,34,-60,920,0,11,0,0,0,0,0,0,0,0
8696,2026-06-26T09:53:28.350062000Z,Authentication,166,34,-22,920,0,11,0,0,1,0,0,0,720,0
8697,2026-06-26T09:53:28.360952000Z,Authentication,166,34,-22,920,0,11,0,0,1,0,0,0,720,0
8698,2026-06-26T09:53:28.594975000Z,Authentication,166,34,-60,920,0,11,0,0,0,0,0,0,0,0
8699,2026-06-26T09:53:28.596981000Z,QoS Data,149,34,-18,920,2,8,1,0,0,0,0,1,720,0
8701,2026-06-26T09:53:28.604994000Z,QoS Data,131,34,-14,920,2,8,1,0,0,0,0,1,720,0
8703,2026-06-26T09:53:28.789021000Z,QoS Data,128,34,-18,920,2,8,1,0,0,0,0,1,720,0
8705,2026-06-26T09:53:28.857120000Z,Authentication,166,34,-59,920,0,11,0,0,0,0,0,0,0,0
8706,2026-06-26T09:53:28.880838000Z,Authentication,166,34,-22,920,0,11,0,0,1,0,0,0,720,0
8707,2026-06-26T09:53:28.892976000Z,Authentication,166,34,-22,920,0,11,0,0,1,0,0,0,720,0
8708,2026-06-26T09:53:29.100835000Z,Authentication,166,34,-60,920,0,11,0,0,0,0,0,0,0,0
8709,2026-06-26T09:53:29.120702000Z,Authentication,166,34,-22,920,0,11,0,0,1,0,0,0,720,0
8710,2026-06-26T09:53:29.133825000Z,Authentication,166,34,-22,920,0,11,0,0,1,0,0,0,720,0
8711,2026-06-26T09:53:29.348669000Z,Authentication,166,34,-59,920,0,11,0,0,0,0,0,0,0,0
8712,2026-06-26T09:53:29.369268000Z,Authentication,166,34,-22,920,0,11,0,0,1,0,0,0,720,0
8713,2026-06-26T09:53:29.382184000Z,Authentication,166,34,-23,920,0,11,0,0,1,0,0,0,720,0
8714,2026-06-26T09:53:29.610805000Z,Authentication,166,34,-59,920,0,11,0,0,0,0,0,0,0,0
8715,2026-06-26T09:53:29.627094000Z,Authentication,166,34,-23,920,0,11,0,0,1,0,0,0,720,0
8716,2026-06-26T09:53:29.638870000Z,Authentication,166,34,-21,920,0,11,0,0,1,0,0,0,720,0
8717,2026-06-26T09:53:29.852490000Z,Authentication,166,34,-60,920,0,11,0,0,0,0,0,0,0,0
8718,2026-06-26T09:53:30.364484000Z,Authentication,166,34,-60,920,0,11,0,0,0,0,0,0,0,0
8719,2026-06-26T09:53:30.380589000Z,Authentication,166,34,-23,920,0,11,0,0,1,0,0,0,720,0
8720,2026-06-26T09:53:30.393717000Z,Authentication,166,34,-24,920,0,11,0,0,1,0,0,0,720,0
8721,2026-06-26T09:53:30.610245000Z,Authentication,166,34,-61,920,0,11,0,0,0,0,0,0,0,0
8722,2026-06-26T09:53:30.623711000Z,Authentication,166,34,-22,920,0,11,0,0,0,0,0,0,720,0
8723,2026-06-26T09:53:30.636730000Z,Authentication,166,34,-23,920,0,11,0,0,1,0,0,0,720,0
8724,2026-06-26T09:53:30.856021000Z,Authentication,166,34,-61,920,0,11,0,0,0,0,0,0,0,0
8725,2026-06-26T09:53:30.870695000Z,Authentication,166,34,-22,920,0,11,0,0,1,0,0,0,720,0
8726,2026-06-26T09:53:30.883823000Z,Authentication,166,34,-22,920,0,11,0,0,1,0,0,0,720,0
8727,2026-06-26T09:53:31.118156000Z,Authentication,166,34,-60,920,0,11,0,0,0,0,0,0,0,0
8728,2026-06-26T09:53:31.140802000Z,Authentication,166,34,-23,920,0,11,0,0,1,0,0,0,720,0
8729,2026-06-26T09:53:31.154089000Z,Authentication,166,34,-23,920,0,11,0,0,1,0,0,0,720,0
8730,2026-06-26T09:53:31.609714000Z,Authentication,166,34,-61,920,0,11,0,0,0,0,0,0,0,0
8731,2026-06-26T09:53:31.627339000Z,Authentication,166,34,-22,920,0,11,0,0,1,0,0,0,720,0
8732,2026-06-26T09:53:31.640464000Z,Authentication,166,34,-23,920,0,11,0,0,1,0,0,0,720,0
8733,2026-06-26T09:53:31.871856000Z,Authentication,166,34,-60,920,0,11,0,0,0,0,0,0,0,0
8734,2026-06-26T09:53:31.889543000Z,Authentication,166,34,-22,920,0,11,0,0,1,0,0,0,720,0
8735,2026-06-26T09:53:31.902252000Z,Authentication,166,34,-23,920,0,11,0,0,1,0,0,0,720,0
8736,2026-06-26T09:53:32.118625000Z,Authentication,166,34,-59,920,0,11,0,0,0,0,0,0,0,0
8738,2026-06-26T09:53:32.140852000Z,Authentication,166,34,-22,920,0,11,0,0,1,0,0,0,720,0
8739,2026-06-26T09:53:32.154191000Z,Authentication,166,34,-24,920,0,11,0,0,1,0,0,0,720,0
8740,2026-06-26T09:53:32.374251000Z,Authentication,166,34,-21,920,0,11,0,0,0,0,0,0,720,0
8741,2026-06-26T09:53:32.387378000Z,Authentication,166,34,-22,920,0,11,0,0,1,0,0,0,720,0
8742,2026-06-26T09:53:32.625519000Z,Authentication,166,34,-61,920,0,11,0,0,0,0,0,0,0,0
8743,2026-06-26T09:53:32.641106000Z,Authentication,166,34,-22,920,0,11,0,0,1,0,0,0,720,0
8744,2026-06-26T09:53:32.653816000Z,Authentication,166,34,-22,920,0,11,0,0,1,0,0,0,720,0
8745,2026-06-26T09:53:32.705713000Z,Disassociation,64,34,-23,920,0,10,0,0,1,0,0,0,720,0
8746,2026-06-26T09:53:32.712310000Z,Disassociation,64,34,-22,920,0,10,0,0,1,0,0,0,720,0
8747,2026-06-26T09:53:32.881532000Z,Authentication,166,34,-59,920,0,11,0,0,0,0,0,0,0,0
8748,2026-06-26T09:53:32.900676000Z,Authentication,166,34,-24,920,0,11,0,0,1,0,0,0,720,0
8749,2026-06-26T09:53:32.914204000Z,Authentication,166,34,-22,920,0,11,0,0,1,0,0,0,720,0
8750,2026-06-26T09:53:33.117044000Z,Authentication,166,34,-60,920,0,11,0,0,0,0,0,0,0,0
8751,2026-06-26T09:53:33.131111000Z,Authentication,166,34,-22,920,0,11,0,0,1,0,0,0,720,0
8752,2026-06-26T09:53:33.144398000Z,Authentication,166,34,-22,920,0,11,0,0,1,0,0,0,720,0
8753,2026-06-26T09:53:33.379199000Z,Authentication,166,34,-59,920,0,11,0,0,0,0,0,0,0,0
8754,2026-06-26T09:53:33.401059000Z,Authentication,166,34,-23,920,0,11,0,0,1,0,0,0,720,0
8755,2026-06-26T09:53:33.414185000Z,Authentication,166,34,-24,920,0,11,0,0,1,0,0,0,720,0
8756,2026-06-26T09:53:33.620030000Z,QoS Data,148,34,-16,920,2,8,1,0,0,0,0,1,720,0
8758,2026-06-26T09:53:33.631302000Z,QoS Data,131,34,-16,920,2,8,1,0,1,0,0,1,720,0
8760,2026-06-26T09:53:33.788975000Z,QoS Data,128,34,-17,920,2,8,1,0,0,0,0,1,720,0
8762,2026-06-26T09:53:33.870737000Z,Authentication,166,34,-60,920,0,11,0,0,0,0,0,0,0,0
8763,2026-06-26T09:53:33.890516000Z,Authentication,166,34,-23,920,0,11,0,0,1,0,0,0,720,0
8764,2026-06-26T09:53:33.902804000Z,Authentication,166,34,-22,920,0,11,0,0,1,0,0,0,720,0
8765,2026-06-26T09:53:34.132889000Z,Authentication,166,34,-60,920,0,11,0,0,0,0,0,0,0,0
8766,2026-06-26T09:53:34.150740000Z,Authentication,166,34,-24,920,0,11,0,0,1,0,0,0,720,0
8767,2026-06-26T09:53:34.163758000Z,Authentication,166,34,-22,920,0,11,0,0,1,0,0,0,720,0
8768,2026-06-26T09:53:34.395029000Z,Authentication,166,34,-59,920,0,11,0,0,0,0,0,0,0,0
8769,2026-06-26T09:53:34.411168000Z,Authentication,166,34,-23,920,0,11,0,0,1,0,0,0,720,0
8770,2026-06-26T09:53:34.424192000Z,Authentication,166,34,-23,920,0,11,0,0,1,0,0,0,720,0
8771,2026-06-26T09:53:34.624409000Z,Authentication,166,34,-60,920,0,11,0,0,0,0,0,0,0,0
8772,2026-06-26T09:53:34.640913000Z,Authentication,166,34,-22,920,0,11,0,0,1,0,0,0,720,0
8773,2026-06-26T09:53:34.652845000Z,Authentication,166,34,-22,920,0,11,0,0,1,0,0,0,720,0
8774,2026-06-26T09:53:34.886570000Z,Authentication,166,34,-59,920,0,11,0,0,0,0,0,0,0,0
8775,2026-06-26T09:53:35.148707000Z,Authentication,166,34,-59,920,0,11,0,0,0,0,0,0,0,0
8776,2026-06-26T09:53:35.170789000Z,Authentication,166,34,-24,920,0,11,0,0,1,0,0,0,720,0
8777,2026-06-26T09:53:35.184021000Z,Authentication,166,34,-24,920,0,11,0,0,1,0,0,0,720,0
8778,2026-06-26T09:53:35.393443000Z,Authentication,166,34,-61,920,0,11,0,0,0,0,0,0,0,0
8779,2026-06-26T09:53:35.410679000Z,Authentication,166,34,-22,920,0,11,0,0,1,0,0,0,720,0
8780,2026-06-26T09:53:35.422663000Z,Authentication,166,34,-24,920,0,11,0,0,1,0,0,0,720,0
8781,2026-06-26T09:53:35.640261000Z,Authentication,166,34,-60,920,0,11,0,0,0,0,0,0,0,0
8782,2026-06-26T09:53:35.661346000Z,Authentication,166,34,-24,920,0,11,0,0,1,0,0,0,720,0
8783,2026-06-26T09:53:35.674276000Z,Authentication,166,34,-22,920,0,11,0,0,1,0,0,0,720,0
8784,2026-06-26T09:53:35.902387000Z,Authentication,166,34,-60,920,0,11,0,0,0,0,0,0,0,0
8785,2026-06-26T09:53:35.920897000Z,Authentication,166,34,-22,920,0,11,0,0,1,0,0,0,720,0
8786,2026-06-26T09:53:35.932875000Z,Authentication,166,34,-25,920,0,11,0,0,1,0,0,0,720,0
8787,2026-06-26T09:53:36.164549000Z,Authentication,166,34,-60,920,0,11,0,0,0,0,0,0,0,0
8788,2026-06-26T09:53:36.180726000Z,Authentication,166,34,-22,920,0,11,0,0,1,0,0,0,720,0
8789,2026-06-26T09:53:36.193444000Z,Authentication,166,34,-22,920,0,11,0,0,1,0,0,0,720,0
8790,2026-06-26T09:53:36.393912000Z,Authentication,166,34,-60,920,0,11,0,0,0,0,0,0,0,0
8791,2026-06-26T09:53:36.411046000Z,Authentication,166,34,-22,920,0,11,0,0,1,0,0,0,720,0
8792,2026-06-26T09:53:36.423756000Z,Authentication,166,34,-22,920,0,11,0,0,1,0,0,0,720,0
8793,2026-06-26T09:53:36.656067000Z,Authentication,166,34,-60,920,0,11,0,0,0,0,0,0,0,0
8794,2026-06-26T09:53:36.918209000Z,Authentication,166,34,-59,920,0,11,0,0,0,0,0,0,0,0
8796,2026-06-26T09:53:36.934928000Z,Authentication,166,34,-22,920,0,11,0,0,1,0,0,0,720,0
8797,2026-06-26T09:53:36.946651000Z,Authentication,166,34,-22,920,0,11,0,0,1,0,0,0,720,0
8798,2026-06-26T09:53:37.172177000Z,Authentication,166,34,-61,920,0,11,0,0,0,0,0,0,0,0
8799,2026-06-26T09:53:37.189713000Z,Authentication,166,34,-22,920,0,11,0,0,1,0,0,0,720,0
8800,2026-06-26T09:53:37.202628000Z,Authentication,166,34,-22,920,0,11,0,0,1,0,0,0,720,0
8801,2026-06-26T09:53:37.671909000Z,Authentication,166,34,-62,920,0,11,0,0,0,0,0,0,0,0
8802,2026-06-26T09:53:37.690793000Z,Authentication,166,34,-22,920,0,11,0,0,1,0,0,0,720,0
8803,2026-06-26T09:53:37.703819000Z,Authentication,166,34,-22,920,0,11,0,0,1,0,0,0,720,0
8804,2026-06-26T09:53:37.938195000Z,Data,458,34,-22,920,2,0,0,0,0,0,0,1,0,0
8805,2026-06-26T09:53:38.163432000Z,Authentication,166,34,-60,920,0,11,0,0,0,0,0,0,0,0
8806,2026-06-26T09:53:38.180973000Z,Authentication,166,34,-22,920,0,11,0,0,1,0,0,0,720,0
8807,2026-06-26T09:53:38.193163000Z,Authentication,166,34,-22,920,0,11,0,0,1,0,0,0,720,0
8808,2026-06-26T09:53:38.425570000Z,Authentication,166,34,-60,920,0,11,0,0,0,0,0,0,0,0
8809,2026-06-26T09:53:38.646215000Z,QoS Data,149,34,-18,920,2,8,1,0,0,0,0,1,720,0
8811,2026-06-26T09:53:38.653968000Z,QoS Data,131,34,-15,920,2,8,1,0,0,0,0,1,720,0
8812,2026-06-26T09:53:38.656399000Z,QoS Data,131,34,-27,920,2,8,0,0,0,0,0,1,720,0
8814,2026-06-26T09:53:38.687719000Z,Authentication,166,34,-60,920,0,11,0,0,0,0,0,0,0,0
8815,2026-06-26T09:53:38.702501000Z,Authentication,166,34,-19,920,0,11,0,0,0,0,0,0,720,0
8816,2026-06-26T09:53:38.715520000Z,Authentication,166,34,-22,920,0,11,0,0,1,0,0,0,720,0
8817,2026-06-26T09:53:38.788966000Z,QoS Data,128,34,-18,920,2,8,1,0,0,0,0,1,720,0
8818,2026-06-26T09:53:38.791718000Z,QoS Data,128,34,-26,920,2,8,0,0,0,0,0,1,720,0
8820,2026-06-26T09:53:38.938602000Z,Authentication,166,34,-60,920,0,11,0,0,0,0,0,0,0,0
8821,2026-06-26T09:53:38.961201000Z,Authentication,166,34,-22,920,0,11,0,0,1,0,0,0,720,0
8822,2026-06-26T09:53:38.974162000Z,Authentication,166,34,-22,920,0,11,0,0,1,0,0,0,720,0
8823,2026-06-26T09:53:39.179255000Z,Authentication,166,34,-60,920,0,11,0,0,0,0,0,0,0,0
8824,2026-06-26T09:53:39.188311000Z,Authentication,166,34,-19,920,0,11,0,0,0,0,0,0,720,0
8825,2026-06-26T09:53:39.195033000Z,Authentication,166,34,-20,920,0,11,0,0,1,0,0,0,720,0
8826,2026-06-26T09:53:39.208103000Z,Authentication,166,34,-21,920,0,11,0,0,1,0,0,0,720,0
8827,2026-06-26T09:53:39.441394000Z,Authentication,166,34,-60,920,0,11,0,0,0,0,0,0,0,0
8828,2026-06-26T09:53:39.454465000Z,Authentication,166,34,-19,920,0,11,0,0,0,0,0,0,720,0
8829,2026-06-26T09:53:39.461237000Z,Authentication,166,34,-19,920,0,11,0,0,1,0,0,0,720,0
8830,2026-06-26T09:53:39.474513000Z,Authentication,166,34,-21,920,0,11,0,0,1,0,0,0,720,0
8831,2026-06-26T09:53:39.703579000Z,Authentication,166,34,-63,920,0,11,0,0,0,0,0,0,0,0
8832,2026-06-26T09:53:39.714429000Z,Authentication,166,34,-19,920,0,11,0,0,0,0,0,0,720,0
8833,2026-06-26T09:53:39.727457000Z,Authentication,166,34,-21,920,0,11,0,0,1,0,0,0,720,0
8834,2026-06-26T09:53:39.932937000Z,Authentication,166,34,-60,920,0,11,0,0,0,0,0,0,0,0
8835,2026-06-26T09:53:40.195103000Z,Authentication,166,34,-61,920,0,11,0,0,0,0,0,0,0,0
8836,2026-06-26T09:53:40.210881000Z,Authentication,166,34,-23,920,0,11,0,0,1,0,0,0,720,0
8837,2026-06-26T09:53:40.224268000Z,Authentication,166,34,-22,920,0,11,0,0,1,0,0,0,720,0
8838,2026-06-26T09:53:40.457230000Z,Authentication,166,34,-60,920,0,11,0,0,0,0,0,0,0,0
8839,2026-06-26T09:53:40.686611000Z,Authentication,166,34,-60,920,0,11,0,0,0,0,0,0,0,0
8840,2026-06-26T09:53:40.948777000Z,Authentication,166,34,-60,920,0,11,0,0,0,0,0,0,0,0
8841,2026-06-26T09:53:40.970943000Z,Authentication,166,34,-22,920,0,11,0,0,1,0,0,0,720,0
8842,2026-06-26T09:53:40.984065000Z,Authentication,166,34,-21,920,0,11,0,0,1,0,0,0,720,0
8843,2026-06-26T09:53:41.221034000Z,Authentication,166,34,-21,920,0,11,0,0,0,0,0,0,720,0
8844,2026-06-26T09:53:41.234246000Z,Authentication,166,34,-22,920,0,11,0,0,1,0,0,0,720,0
8845,2026-06-26T09:53:41.440323000Z,Authentication,166,34,-61,920,0,11,0,0,0,0,0,0,0,0
8846,2026-06-26T09:53:41.457033000Z,Authentication,166,34,-23,920,0,11,0,0,1,0,0,0,720,0
8847,2026-06-26T09:53:41.469955000Z,Authentication,166,34,-23,920,0,11,0,0,1,0,0,0,720,0
8848,2026-06-26T09:53:41.714486000Z,Authentication,166,34,-21,920,0,11,0,0,0,0,0,0,720,0
8849,2026-06-26T09:53:41.726235000Z,Authentication,166,34,-23,920,0,11,0,0,1,0,0,0,720,0
8850,2026-06-26T09:53:41.964621000Z,Authentication,166,34,-61,920,0,11,0,0,0,0,0,0,0,0
8851,2026-06-26T09:53:41.981249000Z,Authentication,166,34,-22,920,0,11,0,0,1,0,0,0,720,0
8852,2026-06-26T09:53:41.994530000Z,Authentication,166,34,-24,920,0,11,0,0,1,0,0,0,720,0
8853,2026-06-26T09:53:42.202165000Z,Authentication,166,34,-59,920,0,11,0,0,0,0,0,0,0,0
8854,2026-06-26T09:53:42.220853000Z,Authentication,166,34,-23,920,0,11,0,0,1,0,0,0,720,0
8855,2026-06-26T09:53:42.232440000Z,Authentication,166,34,-23,920,0,11,0,0,1,0,0,0,720,0
8856,2026-06-26T09:53:42.456123000Z,Authentication,166,34,-59,920,0,11,0,0,0,0,0,0,0,0
8858,2026-06-26T09:53:42.470909000Z,Authentication,166,34,-23,920,0,11,0,0,1,0,0,0,720,0
8859,2026-06-26T09:53:42.484088000Z,Authentication,166,34,-24,920,0,11,0,0,1,0,0,0,720,0
8860,2026-06-26T09:53:42.741223000Z,Authentication,166,34,-23,920,0,11,0,0,1,0,0,0,720,0
8861,2026-06-26T09:53:42.754886000Z,Authentication,166,34,-24,920,0,11,0,0,1,0,0,0,720,0
8862,2026-06-26T09:53:42.972229000Z,Authentication,166,34,-59,920,0,11,0,0,0,0,0,0,0,0
8863,2026-06-26T09:53:42.990972000Z,Authentication,166,34,-24,920,0,11,0,0,1,0,0,0,720,0
8864,2026-06-26T09:53:43.004094000Z,Authentication,166,34,-22,920,0,11,0,0,1,0,0,0,720,0
8865,2026-06-26T09:53:43.209799000Z,Authentication,166,34,-61,920,0,11,0,0,0,0,0,0,0,0
8866,2026-06-26T09:53:43.231139000Z,Authentication,166,34,-23,920,0,11,0,0,1,0,0,0,720,0
8867,2026-06-26T09:53:43.244526000Z,Authentication,166,34,-23,920,0,11,0,0,1,0,0,0,720,0
8868,2026-06-26T09:53:43.471950000Z,Authentication,166,34,-59,920,0,11,0,0,0,0,0,0,0,0
8869,2026-06-26T09:53:43.491107000Z,Authentication,166,34,-24,920,0,11,0,0,1,0,0,0,720,0
8870,2026-06-26T09:53:43.504337000Z,Authentication,166,34,-22,920,0,11,0,0,1,0,0,0,720,0
8872,2026-06-26T09:53:43.669154000Z,QoS Data,149,34,-18,920,2,8,1,0,0,0,0,1,720,0
8874,2026-06-26T09:53:43.677067000Z,QoS Data,131,34,-15,920,2,8,1,0,0,0,0,1,720,0
8876,2026-06-26T09:53:43.734092000Z,Authentication,166,34,-59,920,0,11,0,0,0,0,0,0,0,0
8877,2026-06-26T09:53:43.788873000Z,QoS Data,128,34,-16,920,2,8,1,0,0,0,0,1,720,0
8879,2026-06-26T09:53:43.979886000Z,Authentication,166,34,-60,920,0,11,0,0,0,0,0,0,0,0
8880,2026-06-26T09:53:43.993513000Z,Authentication,166,34,-23,920,0,11,0,0,1,0,0,0,720,0
8881,2026-06-26T09:53:44.005543000Z,Authentication,166,34,-23,920,0,11,0,0,1,0,0,0,720,0
8882,2026-06-26T09:53:44.225622000Z,Authentication,166,34,-61,920,0,11,0,0,0,0,0,0,0,0
8884,2026-06-26T09:53:44.241404000Z,Authentication,166,34,-23,920,0,11,0,0,1,0,0,0,720,0
8885,2026-06-26T09:53:44.253078000Z,Authentication,166,34,-23,920,0,11,0,0,1,0,0,0,720,0
8886,2026-06-26T09:53:44.749932000Z,Authentication,166,34,-62,920,0,11,0,0,0,0,0,0,0,0
8887,2026-06-26T09:53:44.771010000Z,Authentication,166,34,-23,920,0,11,0,0,1,0,0,0,720,0
8888,2026-06-26T09:53:44.783980000Z,Authentication,166,34,-24,920,0,11,0,0,1,0,0,0,720,0
8889,2026-06-26T09:53:44.979311000Z,Authentication,166,34,-59,920,0,11,0,0,0,0,0,0,0,0
8890,2026-06-26T09:53:45.001229000Z,Authentication,166,34,-22,920,0,11,0,0,1,0,0,0,720,0
8891,2026-06-26T09:53:45.013260000Z,Authentication,166,34,-22,920,0,11,0,0,1,0,0,0,720,0
8892,2026-06-26T09:53:45.241453000Z,Authentication,166,34,-60,920,0,11,0,0,0,0,0,0,0,0
8893,2026-06-26T09:53:45.261133000Z,Authentication,166,34,-24,920,0,11,0,0,1,0,0,0,720,0
8894,2026-06-26T09:53:45.274577000Z,Authentication,166,34,-24,920,0,11,0,0,1,0,0,0,720,0
8895,2026-06-26T09:53:45.503603000Z,Authentication,166,34,-60,920,0,11,0,0,0,0,0,0,0,0
8896,2026-06-26T09:53:45.764440000Z,Authentication,166,34,-21,920,0,11,0,0,0,0,0,0,720,0
8897,2026-06-26T09:53:45.777408000Z,Authentication,166,34,-24,920,0,11,0,0,1,0,0,0,720,0
8898,2026-06-26T09:53:45.995149000Z,Authentication,166,34,-61,920,0,11,0,0,0,0,0,0,0,0
8899,2026-06-26T09:53:46.008886000Z,Authentication,166,34,-23,920,0,11,0,0,1,0,0,0,720,0
8900,2026-06-26T09:53:46.021026000Z,Authentication,166,34,-24,920,0,11,0,0,1,0,0,0,720,0
8901,2026-06-26T09:53:46.257298000Z,Authentication,166,34,-59,920,0,11,0,0,0,0,0,0,0,0
8902,2026-06-26T09:53:46.270828000Z,Authentication,166,34,-24,920,0,11,0,0,1,0,0,0,720,0
8903,2026-06-26T09:53:46.282704000Z,Authentication,166,34,-23,920,0,11,0,0,1,0,0,0,720,0
8904,2026-06-26T09:53:46.519442000Z,Authentication,166,34,-63,920,0,11,0,0,0,0,0,0,0,0
8905,2026-06-26T09:53:46.541143000Z,Authentication,166,34,-22,920,0,11,0,0,1,0,0,0,720,0
8906,2026-06-26T09:53:46.554166000Z,Authentication,166,34,-23,920,0,11,0,0,1,0,0,0,720,0
8907,2026-06-26T09:53:46.752906000Z,Authentication,166,34,-59,920,0,11,0,0,0,0,0,0,0,0
8908,2026-06-26T09:53:46.771479000Z,Authentication,166,34,-22,920,0,11,0,0,1,0,0,0,720,0
8909,2026-06-26T09:53:46.784372000Z,Authentication,166,34,-23,920,0,11,0,0,1,0,0,0,720,0
8910,2026-06-26T09:53:47.010995000Z,Authentication,166,34,-59,920,0,11,0,0,0,0,0,0,0,0
8911,2026-06-26T09:53:47.027944000Z,Authentication,166,34,-23,920,0,11,0,0,1,0,0,0,720,0
8912,2026-06-26T09:53:47.041277000Z,Authentication,166,34,-22,920,0,11,0,0,1,0,0,0,720,0
8914,2026-06-26T09:53:47.273110000Z,Authentication,166,34,-60,920,0,11,0,0,0,0,0,0,0,0
8915,2026-06-26T09:53:47.291339000Z,Authentication,166,34,-24,920,0,11,0,0,1,0,0,0,720,0
8916,2026-06-26T09:53:47.304514000Z,Authentication,166,34,-22,920,0,11,0,0,1,0,0,0,720,0
8917,2026-06-26T09:53:47.522977000Z,Authentication,166,34,-60,920,0,11,0,0,0,0,0,0,0,0
8918,2026-06-26T09:53:47.541348000Z,Authentication,166,34,-24,920,0,11,0,0,1,0,0,0,720,0
8919,2026-06-26T09:53:47.554373000Z,Authentication,166,34,-24,920,0,11,0,0,1,0,0,0,720,0
8920,2026-06-26T09:53:47.755849000Z,S1G Beacon,61,34,-22,920,3,1,,,,,,,0,0
8921,2026-06-26T09:53:47.764637000Z,Authentication,166,34,-60,920,0,11,0,0,0,0,0,0,0,0
8922,2026-06-26T09:53:47.781250000Z,Authentication,166,34,-23,920,0,11,0,0,1,0,0,0,720,0
8923,2026-06-26T09:53:47.794484000Z,Authentication,166,34,-22,920,0,11,0,0,1,0,0,0,720,0
8924,2026-06-26T09:53:48.026806000Z,Authentication,166,34,-60,920,0,11,0,0,0,0,0,0,0,0
8925,2026-06-26T09:53:48.050942000Z,Authentication,166,34,-24,920,0,11,0,0,1,0,0,0,720,0
8926,2026-06-26T09:53:48.064276000Z,Authentication,166,34,-24,920,0,11,0,0,1,0,0,0,720,0
8927,2026-06-26T09:53:48.288955000Z,Authentication,166,34,-62,920,0,11,0,0,0,0,0,0,0,0
8928,2026-06-26T09:53:48.311581000Z,Authentication,166,34,-24,920,0,11,0,0,1,0,0,0,720,0
8929,2026-06-26T09:53:48.324766000Z,Authentication,166,34,-23,920,0,11,0,0,1,0,0,0,720,0
8930,2026-06-26T09:53:48.369497000Z,Disassociation,64,34,-23,920,0,10,0,0,1,0,0,0,720,0
8931,2026-06-26T09:53:48.377027000Z,Disassociation,64,34,-24,920,0,10,0,0,1,0,0,0,720,0
8932,2026-06-26T09:53:48.528571000Z,Authentication,166,34,-59,920,0,11,0,0,0,0,0,0,0,0
8933,2026-06-26T09:53:48.691900000Z,QoS Data,149,34,-17,920,2,8,1,0,0,0,0,1,720,0
8935,2026-06-26T09:53:48.701177000Z,QoS Data,131,34,-16,920,2,8,1,0,0,0,0,1,720,0
8937,2026-06-26T09:53:48.780468000Z,Authentication,166,34,-59,920,0,11,0,0,0,0,0,0,0,0
8938,2026-06-26T09:53:48.788572000Z,QoS Data,128,34,-18,920,2,8,1,0,0,0,0,1,720,0
8939,2026-06-26T09:53:48.791159000Z,QoS Data,128,34,-28,920,2,8,0,0,0,0,0,1,720,0
8941,2026-06-26T09:53:49.042642000Z,Authentication,166,34,-63,920,0,11,0,0,0,0,0,0,0,0
8942,2026-06-26T09:53:49.061368000Z,Authentication,166,34,-24,920,0,11,0,0,1,0,0,0,720,0
8943,2026-06-26T09:53:49.073454000Z,Authentication,166,34,-23,920,0,11,0,0,1,0,0,0,720,0
8944,2026-06-26T09:53:49.298620000Z,Authentication,166,34,-60,920,0,11,0,0,0,0,0,0,0,0
8945,2026-06-26T09:53:49.534155000Z,Authentication,166,34,-61,920,0,11,0,0,0,0,0,0,0,0
8946,2026-06-26T09:53:49.549281000Z,Authentication,166,34,-24,920,0,11,0,0,1,0,0,0,720,0
8947,2026-06-26T09:53:49.561411000Z,Authentication,166,34,-24,920,0,11,0,0,1,0,0,0,720,0
8948,2026-06-26T09:53:49.796318000Z,Authentication,166,34,-59,920,0,11,0,0,0,0,0,0,0,0
8949,2026-06-26T09:53:50.058448000Z,Authentication,166,34,-59,920,0,11,0,0,0,0,0,0,0,0
8950,2026-06-26T09:53:50.074863000Z,Authentication,166,34,-20,920,0,11,0,0,0,0,0,0,720,0
8951,2026-06-26T09:53:50.088014000Z,Authentication,166,34,-23,920,0,11,0,0,1,0,0,0,720,0
8953,2026-06-26T09:53:50.292954000Z,Authentication,166,34,-59,920,0,11,0,0,0,0,0,0,0,0
8954,2026-06-26T09:53:50.311173000Z,Authentication,166,34,-24,920,0,11,0,0,1,0,0,0,720,0
8955,2026-06-26T09:53:50.324511000Z,Authentication,166,34,-24,920,0,11,0,0,1,0,0,0,720,0
8956,2026-06-26T09:53:50.549982000Z,Authentication,166,34,-61,920,0,11,0,0,0,0,0,0,0,0
8957,2026-06-26T09:53:50.571170000Z,Authentication,166,34,-22,920,0,11,0,0,1,0,0,0,720,0
8958,2026-06-26T09:53:50.583880000Z,Authentication,166,34,-23,920,0,11,0,0,1,0,0,0,720,0
8959,2026-06-26T09:53:50.812125000Z,Authentication,166,34,-59,920,0,11,0,0,0,0,0,0,0,0
8960,2026-06-26T09:53:50.841083000Z,Authentication,166,34,-24,920,0,11,0,0,1,0,0,0,720,0
8961,2026-06-26T09:53:51.065060000Z,Authentication,166,34,-60,920,0,11,0,0,0,0,0,0,0,0
8962,2026-06-26T09:53:51.081274000Z,Authentication,166,34,-23,920,0,11,0,0,1,0,0,0,720,0
8963,2026-06-26T09:53:51.094699000Z,Authentication,166,34,-22,920,0,11,0,0,1,0,0,0,720,0
8964,2026-06-26T09:53:51.303666000Z,Authentication,166,34,-60,920,0,11,0,0,0,0,0,0,0,0
8965,2026-06-26T09:53:51.321050000Z,Authentication,166,34,-23,920,0,11,0,0,1,0,0,0,720,0
8966,2026-06-26T09:53:51.334174000Z,Authentication,166,34,-24,920,0,11,0,0,1,0,0,0,720,0
8967,2026-06-26T09:53:51.565806000Z,Authentication,166,34,-59,920,0,11,0,0,0,0,0,0,0,0
8968,2026-06-26T09:53:51.581430000Z,Authentication,166,34,-23,920,0,11,0,0,1,0,0,0,720,0
8969,2026-06-26T09:53:51.594305000Z,Authentication,166,34,-23,920,0,11,0,0,1,0,0,0,720,0
8970,2026-06-26T09:53:51.827955000Z,Authentication,166,34,-60,920,0,11,0,0,0,0,0,0,0,0
8971,2026-06-26T09:53:51.841394000Z,Authentication,166,34,-24,920,0,11,0,0,1,0,0,0,720,0
8972,2026-06-26T09:53:51.853784000Z,S1G Beacon,129,34,-23,920,3,1,,,,,,,0,0
8973,2026-06-26T09:53:52.061434000Z,Authentication,166,34,-59,920,0,11,0,0,0,0,0,0,0,0
8974,2026-06-26T09:53:52.081297000Z,Authentication,166,34,-24,920,0,11,0,0,1,0,0,0,720,0
8975,2026-06-26T09:53:52.093385000Z,Authentication,166,34,-23,920,0,11,0,0,1,0,0,0,720,0
8976,2026-06-26T09:53:52.319500000Z,Authentication,166,34,-62,920,0,11,0,0,0,0,0,0,0,0
8977,2026-06-26T09:53:52.334737000Z,Authentication,166,34,-31,920,0,11,0,0,0,0,0,0,720,0
8978,2026-06-26T09:53:52.341302000Z,Authentication,166,34,-33,920,0,11,0,0,1,0,0,0,720,0
8979,2026-06-26T09:53:52.346927000Z,Authentication,166,34,-34,920,0,11,0,0,1,0,0,0,720,0
8980,2026-06-26T09:53:52.394690000Z,Data,132,34,-37,920,2,0,0,0,0,0,0,1,0,0
8981,2026-06-26T09:53:52.581638000Z,Authentication,166,34,-59,920,0,11,0,0,0,0,0,0,0,0
8982,2026-06-26T09:53:52.594697000Z,Authentication,166,34,-40,920,0,11,0,0,0,0,0,0,720,0
8983,2026-06-26T09:53:52.601259000Z,Authentication,166,34,-43,920,0,11,0,0,1,0,0,0,720,0
8984,2026-06-26T09:53:52.607875000Z,Authentication,166,34,-44,920,0,11,0,0,1,0,0,0,720,0
8985,2026-06-26T09:53:52.614339000Z,Authentication,166,34,-43,920,0,11,0,0,1,0,0,0,720,0
8986,2026-06-26T09:53:52.671207000Z,S1G Beacon,61,34,-38,920,3,1,,,,,,,0,0
8987,2026-06-26T09:53:52.828428000Z,Authentication,166,34,-60,920,0,11,0,0,0,0,0,0,0,0
8988,2026-06-26T09:53:53.335425000Z,Authentication,166,34,-59,920,0,11,0,0,0,0,0,0,0,0
8989,2026-06-26T09:53:53.344682000Z,Authentication,166,34,-19,920,0,11,0,0,0,0,0,0,720,0
8990,2026-06-26T09:53:53.351162000Z,Authentication,166,34,-18,920,0,11,0,0,1,0,0,0,720,0
8991,2026-06-26T09:53:53.357811000Z,Authentication,166,34,-18,920,0,11,0,0,1,0,0,0,720,0
8992,2026-06-26T09:53:53.364320000Z,Authentication,166,34,-18,920,0,11,0,0,1,0,0,0,720,0
8993,2026-06-26T09:53:53.492231000Z,S1G Beacon,129,34,-19,920,3,1,,,,,,,0,0
8994,2026-06-26T09:53:53.592344000Z,Authentication,166,34,-60,920,0,11,0,0,0,0,0,0,0,0
8995,2026-06-26T09:53:53.611864000Z,Authentication,166,34,-21,920,0,11,0,0,1,0,0,0,720,0
8996,2026-06-26T09:53:53.618373000Z,Authentication,166,34,-19,920,0,11,0,0,1,0,0,0,720,0
8997,2026-06-26T09:53:53.624884000Z,Authentication,166,34,-20,920,0,11,0,0,1,0,0,0,720,0
8998,2026-06-26T09:53:53.716174000Z,QoS Data,150,34,-15,920,2,8,1,0,0,0,0,1,720,0
9000,2026-06-26T09:53:53.718269000Z,QoS Data,150,34,-30,920,2,8,0,0,0,0,0,1,720,0
9001,2026-06-26T09:53:53.722516000Z,QoS Data,150,34,-32,920,2,8,0,0,1,0,0,1,720,0
9003,2026-06-26T09:53:53.728136000Z,QoS Data,131,34,-13,920,2,8,1,0,0,0,0,1,720,0
9005,2026-06-26T09:53:53.730570000Z,QoS Data,131,34,-32,920,2,8,0,0,0,0,0,1,720,0
9007,2026-06-26T09:53:53.788643000Z,QoS Data,128,34,-17,920,2,8,1,0,0,0,0,1,720,0
9009,2026-06-26T09:53:53.791337000Z,QoS Data,128,34,-34,920,2,8,0,0,0,0,0,1,720,0
9011,2026-06-26T09:53:53.826843000Z,Authentication,166,34,-60,920,0,11,0,0,0,0,0,0,0,0
9012,2026-06-26T09:53:53.850914000Z,Authentication,166,34,-22,920,0,11,0,0,1,0,0,0,720,0
9013,2026-06-26T09:53:53.863365000Z,Authentication,166,34,-21,920,0,11,0,0,1,0,0,0,720,0
9014,2026-06-26T09:53:54.088993000Z,Authentication,166,34,-59,920,0,11,0,0,0,0,0,0,0,0
9015,2026-06-26T09:53:54.104713000Z,Authentication,166,34,-26,920,0,11,0,0,0,0,0,0,720,0
9016,2026-06-26T09:53:54.111118000Z,Authentication,166,34,-27,920,0,11,0,0,1,0,0,0,720,0
9017,2026-06-26T09:53:54.117838000Z,Authentication,166,34,-28,920,0,11,0,0,1,0,0,0,720,0
9018,2026-06-26T09:53:54.124246000Z,Authentication,166,34,-27,920,0,11,0,0,1,0,0,0,720,0
9019,2026-06-26T09:53:54.309676000Z,S1G Beacon,61,34,-37,920,3,1,,,,,,,0,0
9020,2026-06-26T09:53:54.351144000Z,Authentication,166,34,-59,920,0,11,0,0,0,0,0,0,0,0
9021,2026-06-26T09:53:54.364938000Z,Authentication,166,34,-36,920,0,11,0,0,0,0,0,0,720,0
9022,2026-06-26T09:53:54.371390000Z,Authentication,166,34,-35,920,0,11,0,0,1,0,0,0,720,0
9023,2026-06-26T09:53:54.377905000Z,Authentication,166,34,-34,920,0,11,0,0,1,0,0,0,720,0
9024,2026-06-26T09:53:54.383222000Z,Authentication,166,34,-34,920,0,11,0,0,1,0,0,0,720,0
9025,2026-06-26T09:53:54.580527000Z,Authentication,166,34,-60,920,0,11,0,0,0,0,0,0,0,0
9026,2026-06-26T09:53:54.808934000Z,Data,287,34,-33,920,2,0,0,0,0,0,0,1,0,0
9027,2026-06-26T09:53:54.842669000Z,Authentication,166,34,-60,920,0,11,0,0,0,0,0,0,0,0
9028,2026-06-26T09:53:55.104819000Z,Authentication,166,34,-61,920,0,11,0,0,0,0,0,0,0,0
9029,2026-06-26T09:53:55.112012000Z,Authentication,166,34,-29,920,0,11,0,0,0,0,0,0,720,0
9030,2026-06-26T09:53:55.118680000Z,Authentication,166,34,-27,920,0,11,0,0,1,0,0,0,720,0
9031,2026-06-26T09:53:55.125186000Z,Authentication,166,34,-27,920,0,11,0,0,1,0,0,0,720,0
9032,2026-06-26T09:53:55.130680000Z,S1G Beacon,129,34,-28,920,3,1,,,,,,,0,0
9033,2026-06-26T09:53:55.135280000Z,Authentication,166,34,-27,920,0,11,0,0,1,0,0,0,720,0
9034,2026-06-26T09:53:55.347528000Z,Authentication,166,34,-59,920,0,11,0,0,0,0,0,0,0,0
9035,2026-06-26T09:53:55.354896000Z,Authentication,166,34,-19,920,0,11,0,0,0,0,0,0,720,0
9036,2026-06-26T09:53:55.368075000Z,Authentication,166,34,-22,920,0,11,0,0,1,0,0,0,720,0
9037,2026-06-26T09:53:55.596352000Z,Authentication,166,34,-59,920,0,11,0,0,0,0,0,0,0,0
9038,2026-06-26T09:53:55.858507000Z,Authentication,166,34,-60,920,0,11,0,0,0,0,0,0,0,0
9039,2026-06-26T09:53:55.881090000Z,Authentication,166,34,-24,920,0,11,0,0,1,0,0,0,720,0
9040,2026-06-26T09:53:55.893955000Z,Authentication,166,34,-25,920,0,11,0,0,1,0,0,0,720,0
9041,2026-06-26T09:53:55.948104000Z,S1G Beacon,61,34,-30,920,3,1,,,,,,,0,0
9043,2026-06-26T09:53:56.120649000Z,Authentication,166,34,-59,920,0,11,0,0,0,0,0,0,0,0
9044,2026-06-26T09:53:56.134752000Z,Authentication,166,34,-35,920,0,11,0,0,0,0,0,0,720,0
9045,2026-06-26T09:53:56.141350000Z,Authentication,166,34,-33,920,0,11,0,0,1,0,0,0,720,0
9046,2026-06-26T09:53:56.147756000Z,Authentication,166,34,-33,920,0,11,0,0,1,0,0,0,720,0
9047,2026-06-26T09:53:56.154167000Z,Authentication,166,34,-32,920,0,11,0,0,1,0,0,0,720,0
9048,2026-06-26T09:53:56.350043000Z,Authentication,166,34,-61,920,0,11,0,0,0,0,0,0,0,0
9049,2026-06-26T09:53:56.370868000Z,Authentication,166,34,-22,920,0,11,0,0,1,0,0,0,720,0
9050,2026-06-26T09:53:56.383151000Z,Authentication,166,34,-23,920,0,11,0,0,1,0,0,0,720,0
9051,2026-06-26T09:53:56.612185000Z,Authentication,166,34,-59,920,0,11,0,0,0,0,0,0,0,0
9052,2026-06-26T09:53:56.621872000Z,Authentication,166,34,-29,920,0,11,0,0,0,0,0,0,720,0
9053,2026-06-26T09:53:56.628326000Z,Authentication,166,34,-28,920,0,11,0,0,1,0,0,0,720,0
9054,2026-06-26T09:53:56.634792000Z,Authentication,166,34,-28,920,0,11,0,0,1,0,0,0,720,0
9055,2026-06-26T09:53:56.641252000Z,Authentication,166,34,-28,920,0,11,0,0,1,0,0,0,720,0
9056,2026-06-26T09:53:56.769137000Z,S1G Beacon,129,34,-22,920,3,1,,,,,,,0,0
9057,2026-06-26T09:53:56.874335000Z,Authentication,166,34,-59,920,0,11,0,0,0,0,0,0,0,0
9058,2026-06-26T09:53:57.113948000Z,Authentication,166,34,-59,920,0,11,0,0,0,0,0,0,0,0
9059,2026-06-26T09:53:57.127919000Z,Authentication,166,34,-20,920,0,11,0,0,1,0,0,0,720,0
9060,2026-06-26T09:53:57.134599000Z,Authentication,166,34,-20,920,0,11,0,0,1,0,0,0,720,0
9061,2026-06-26T09:53:57.141068000Z,Authentication,166,34,-19,920,0,11,0,0,1,0,0,0,720,0
9062,2026-06-26T09:53:57.365878000Z,Authentication,166,34,-59,920,0,11,0,0,0,0,0,0,0,0
9063,2026-06-26T09:53:57.586559000Z,S1G Beacon,61,34,-18,920,3,1,,,,,,,0,0
9064,2026-06-26T09:53:57.628007000Z,Authentication,166,34,-60,920,0,11,0,0,0,0,0,0,0,0
9065,2026-06-26T09:53:57.832963000Z,Data,287,34,-18,920,2,0,0,0,0,0,0,1,0,0
9066,2026-06-26T09:53:57.887083000Z,Authentication,166,34,-62,920,0,11,0,0,0,0,0,0,0,0
9067,2026-06-26T09:53:57.904722000Z,Authentication,166,34,-18,920,0,11,0,0,0,0,0,0,720,0
9068,2026-06-26T09:53:57.910139000Z,Authentication,166,34,-18,920,0,11,0,0,1,0,0,0,720,0
9069,2026-06-26T09:53:57.916751000Z,Authentication,166,34,-18,920,0,11,0,0,1,0,0,0,720,0
9070,2026-06-26T09:53:57.923522000Z,Authentication,166,34,-17,920,0,11,0,0,1,0,0,0,720,0
9071,2026-06-26T09:53:58.119539000Z,Authentication,166,34,-60,920,0,11,0,0,0,0,0,0,0,0
9072,2026-06-26T09:53:58.129328000Z,Authentication,166,34,-16,920,0,11,0,0,0,0,0,0,720,0
9073,2026-06-26T09:53:58.135944000Z,Authentication,166,34,-17,920,0,11,0,0,1,0,0,0,720,0
9074,2026-06-26T09:53:58.142402000Z,Authentication,166,34,-17,920,0,11,0,0,1,0,0,0,720,0
9075,2026-06-26T09:53:58.148807000Z,Authentication,166,34,-17,920,0,11,0,0,1,0,0,0,720,0
9076,2026-06-26T09:53:58.307690000Z,Data,378,34,-16,920,2,0,0,0,0,0,0,1,0,0
9077,2026-06-26T09:53:58.394824000Z,Authentication,166,34,-17,920,0,11,0,0,0,0,0,0,720,0
9078,2026-06-26T09:53:58.401222000Z,Authentication,166,34,-17,920,0,11,0,0,1,0,0,0,720,0
9079,2026-06-26T09:53:58.407576000Z,S1G Beacon,129,34,-16,920,3,1,,,,,,,0,0
9080,2026-06-26T09:53:58.418731000Z,Data,387,34,-17,920,2,0,0,0,0,0,0,1,0,0
9081,2026-06-26T09:53:58.423274000Z,Authentication,166,34,-17,920,0,11,0,0,1,0,0,0,720,0
9082,2026-06-26T09:53:58.429732000Z,Authentication,166,34,-18,920,0,11,0,0,1,0,0,0,720,0
9083,2026-06-26T09:53:58.517327000Z,Data,450,34,-17,920,2,0,0,0,0,0,0,1,0,0
9084,2026-06-26T09:53:58.621225000Z,Data,442,34,-17,920,2,0,0,0,0,0,0,1,0,0
9085,2026-06-26T09:53:58.643837000Z,Authentication,166,34,-59,920,0,11,0,0,0,0,0,0,0,0
9086,2026-06-26T09:53:58.655026000Z,Authentication,166,34,-17,920,0,11,0,0,0,0,0,0,720,0
9087,2026-06-26T09:53:58.661431000Z,Authentication,166,34,-17,920,0,11,0,0,1,0,0,0,720,0
9088,2026-06-26T09:53:58.667891000Z,Authentication,166,34,-16,920,0,11,0,0,1,0,0,0,720,0
9089,2026-06-26T09:53:58.674565000Z,Authentication,166,34,-17,920,0,11,0,0,1,0,0,0,720,0
9090,2026-06-26T09:53:58.723784000Z,Data,387,34,-16,920,2,0,0,0,0,0,0,1,0,0
9091,2026-06-26T09:53:58.743328000Z,QoS Data,148,34,-17,920,2,8,1,0,0,0,0,1,720,0
9094,2026-06-26T09:53:58.751851000Z,QoS Data,131,34,-16,920,2,8,1,0,0,0,0,1,720,0
9097,2026-06-26T09:53:58.788648000Z,QoS Data,128,34,-17,920,2,8,1,0,0,0,0,1,720,0
9100,2026-06-26T09:53:58.828723000Z,Data,426,34,-17,920,2,0,0,0,0,0,0,1,0,0
9101,2026-06-26T09:53:58.883461000Z,Authentication,166,34,-59,920,0,11,0,0,0,0,0,0,0,0
9102,2026-06-26T09:53:58.894809000Z,Authentication,166,34,-16,920,0,11,0,0,0,0,0,0,720,0
9103,2026-06-26T09:53:58.901475000Z,Authentication,166,34,-16,920,0,11,0,0,1,0,0,0,720,0
9104,2026-06-26T09:53:58.908403000Z,Authentication,166,34,-16,920,0,11,0,0,1,0,0,0,720,0
9105,2026-06-26T09:53:58.914810000Z,Authentication,166,34,-17,920,0,11,0,0,1,0,0,0,720,0
9106,2026-06-26T09:53:58.933602000Z,Data,458,34,-16,920,2,0,0,0,0,0,0,1,0,0
9107,2026-06-26T09:53:59.035773000Z,Data,387,34,-18,920,2,0,0,0,0,0,0,1,0,0
9108,2026-06-26T09:53:59.141540000Z,Data,446,34,-16,920,2,0,0,0,0,0,0,1,0,0
9109,2026-06-26T09:53:59.225014000Z,S1G Beacon,61,34,-17,920,3,1,,,,,,,0,0
9110,2026-06-26T09:53:59.245195000Z,Data,440,34,-17,920,2,0,0,0,0,0,0,1,0,0
9111,2026-06-26T09:53:59.347820000Z,Data,387,34,-17,920,2,0,0,0,0,0,0,1,0,0
9112,2026-06-26T09:53:59.397523000Z,Authentication,166,34,-60,920,0,11,0,0,0,0,0,0,0,0
9113,2026-06-26T09:53:59.453182000Z,Data,442,34,-17,920,2,0,0,0,0,0,0,1,0,0
9114,2026-06-26T09:53:59.557545000Z,Data,452,34,-18,920,2,0,0,0,0,0,0,1,0,0
9115,2026-06-26T09:53:59.657614000Z,Authentication,166,34,-60,920,0,11,0,0,0,0,0,0,0,0
9116,2026-06-26T09:53:59.892122000Z,Authentication,166,34,-60,920,0,11,0,0,0,0,0,0,0,0
9117,2026-06-26T09:54:00.046043000Z,S1G Beacon,129,34,-18,920,3,1,,,,,,,0,0
9118,2026-06-26T09:54:00.151192000Z,Authentication,166,34,-61,920,0,11,0,0,0,0,0,0,0,0
9120,2026-06-26T09:54:00.413356000Z,Authentication,166,34,-60,920,0,11,0,0,0,0,0,0,0,0
9121,2026-06-26T09:54:00.657068000Z,Authentication,166,34,-60,920,0,11,0,0,0,0,0,0,0,0
9122,2026-06-26T09:54:00.857110000Z,Data,287,34,-17,920,2,0,0,0,0,0,0,1,0,0
9123,2026-06-26T09:54:00.863454000Z,S1G Beacon,61,34,-16,920,3,1,,,,,,,0,0
9124,2026-06-26T09:54:00.904876000Z,Authentication,166,34,-61,920,0,11,0,0,0,0,0,0,0,0
9125,2026-06-26T09:54:01.167028000Z,Authentication,166,34,-60,920,0,11,0,0,0,0,0,0,0,0
9126,2026-06-26T09:54:01.174838000Z,Authentication,166,34,-16,920,0,11,0,0,0,0,0,0,720,0
9127,2026-06-26T09:54:01.181298000Z,Authentication,166,34,-18,920,0,11,0,0,1,0,0,0,720,0
9128,2026-06-26T09:54:01.186666000Z,Authentication,166,34,-18,920,0,11,0,0,1,0,0,0,720,0
9129,2026-06-26T09:54:01.193176000Z,Authentication,166,34,-18,920,0,11,0,0,1,0,0,0,720,0
9130,2026-06-26T09:54:01.429174000Z,Authentication,166,34,-61,920,0,11,0,0,0,0,0,0,0,0
9131,2026-06-26T09:54:01.658572000Z,Authentication,166,34,-59,920,0,11,0,0,0,0,0,0,0,0
9132,2026-06-26T09:54:01.684495000Z,S1G Beacon,129,34,-17,920,3,1,,,,,,,0,0
9133,2026-06-26T09:54:01.920712000Z,Authentication,166,34,-60,920,0,11,0,0,0,0,0,0,0,0
9134,2026-06-26T09:54:02.182852000Z,Authentication,166,34,-60,920,0,11,0,0,0,0,0,0,0,0
9135,2026-06-26T09:54:02.194881000Z,Authentication,166,34,-18,920,0,11,0,0,0,0,0,0,720,0
9136,2026-06-26T09:54:02.201393000Z,Authentication,166,34,-16,920,0,11,0,0,1,0,0,0,720,0
9137,2026-06-26T09:54:02.208162000Z,Authentication,166,34,-17,920,0,11,0,0,1,0,0,0,720,0
9138,2026-06-26T09:54:02.214415000Z,Authentication,166,34,-17,920,0,11,0,0,1,0,0,0,720,0
9139,2026-06-26T09:54:02.412235000Z,Authentication,166,34,-61,920,0,11,0,0,0,0,0,0,0,0
9140,2026-06-26T09:54:02.501907000Z,S1G Beacon,61,34,-18,920,3,1,,,,,,,0,0
9141,2026-06-26T09:54:02.674382000Z,Authentication,166,34,-60,920,0,11,0,0,0,0,0,0,0,0
9142,2026-06-26T09:54:02.936538000Z,Authentication,166,34,-59,920,0,11,0,0,0,0,0,0,0,0
9143,2026-06-26T09:54:03.180265000Z,Authentication,166,34,-60,920,0,11,0,0,0,0,0,0,0,0
9144,2026-06-26T09:54:03.322934000Z,S1G Beacon,129,34,-29,920,3,1,,,,,,,0,0
9145,2026-06-26T09:54:03.690225000Z,Authentication,166,34,-60,920,0,11,0,0,0,0,0,0,0,0
9146,2026-06-26T09:54:03.704940000Z,Authentication,166,34,-34,920,0,11,0,0,0,0,0,0,720,0
9147,2026-06-26T09:54:03.711554000Z,Authentication,166,34,-36,920,0,11,0,0,1,0,0,0,720,0
9148,2026-06-26T09:54:03.718066000Z,Authentication,166,34,-36,920,0,11,0,0,1,0,0,0,720,0
9149,2026-06-26T09:54:03.724520000Z,Authentication,166,34,-34,920,0,11,0,0,1,0,0,0,720,0
9150,2026-06-26T09:54:03.765834000Z,QoS Data,149,34,-16,920,2,8,1,0,0,0,0,1,720,0
9152,2026-06-26T09:54:03.769475000Z,QoS Data,149,34,-39,920,2,8,0,0,0,0,0,1,720,0
9155,2026-06-26T09:54:03.777533000Z,QoS Data,131,34,-42,920,2,8,0,0,0,0,0,1,720,0
9157,2026-06-26T09:54:03.788757000Z,QoS Data,128,34,-16,920,2,8,1,0,0,0,0,1,720,0
9159,2026-06-26T09:54:03.791533000Z,QoS Data,128,34,-39,920,2,8,0,0,0,0,0,1,720,0
9161,2026-06-26T09:54:03.881171000Z,Data,287,34,-37,920,2,0,0,0,0,0,0,1,0,0
9162,2026-06-26T09:54:03.938017000Z,Authentication,166,34,-59,920,0,11,0,0,0,0,0,0,0,0
9163,2026-06-26T09:54:04.140377000Z,S1G Beacon,61,34,-38,920,3,1,,,,,,,0,0
9164,2026-06-26T09:54:04.181737000Z,Authentication,166,34,-61,920,0,11,0,0,0,0,0,0,0,0
9165,2026-06-26T09:54:04.443889000Z,Authentication,166,34,-61,920,0,11,0,0,0,0,0,0,0,0
9166,2026-06-26T09:54:04.706055000Z,Authentication,166,34,-60,920,0,11,0,0,0,0,0,0,0,0
9167,2026-06-26T09:54:04.714943000Z,Authentication,166,34,-28,920,0,11,0,0,0,0,0,0,720,0
9168,2026-06-26T09:54:04.721660000Z,Authentication,166,34,-27,920,0,11,0,0,1,0,0,0,720,0
9169,2026-06-26T09:54:04.728326000Z,Authentication,166,34,-28,920,0,11,0,0,1,0,0,0,720,0
9170,2026-06-26T09:54:04.734737000Z,Authentication,166,34,-27,920,0,11,0,0,1,0,0,0,720,0
9171,2026-06-26T09:54:04.940553000Z,Authentication,166,34,-60,920,0,11,0,0,0,0,0,0,0,0
9172,2026-06-26T09:54:04.951545000Z,Authentication,166,34,-18,920,0,11,0,0,0,0,0,0,720,0
9173,2026-06-26T09:54:04.961382000Z,S1G Beacon,129,34,-19,920,3,1,,,,,,,0,0
9174,2026-06-26T09:54:04.965976000Z,Authentication,166,34,-17,920,0,11,0,0,1,0,0,0,720,0
9175,2026-06-26T09:54:04.979218000Z,Authentication,166,34,-19,920,0,11,0,0,1,0,0,0,720,0
9176,2026-06-26T09:54:05.197578000Z,Authentication,166,34,-59,920,0,11,0,0,0,0,0,0,0,0
9177,2026-06-26T09:54:05.214953000Z,Authentication,166,34,-17,920,0,11,0,0,0,0,0,0,720,0
9178,2026-06-26T09:54:05.221461000Z,Authentication,166,34,-18,920,0,11,0,0,1,0,0,0,720,0
9179,2026-06-26T09:54:05.227868000Z,Authentication,166,34,-17,920,0,11,0,0,1,0,0,0,720,0
9180,2026-06-26T09:54:05.234540000Z,Authentication,166,34,-17,920,0,11,0,0,1,0,0,0,720,0
9181,2026-06-26T09:54:05.459714000Z,Authentication,166,34,-62,920,0,11,0,0,0,0,0,0,0,0
9182,2026-06-26T09:54:05.475153000Z,Authentication,166,34,-19,920,0,11,0,0,0,0,0,0,720,0
9183,2026-06-26T09:54:05.488122000Z,Authentication,166,34,-21,920,0,11,0,0,1,0,0,0,720,0
9184,2026-06-26T09:54:05.493802000Z,Authentication,166,34,-19,920,0,11,0,0,1,0,0,0,720,0
9185,2026-06-26T09:54:05.696282000Z,Authentication,166,34,-59,920,0,11,0,0,0,0,0,0,0,0
9186,2026-06-26T09:54:05.711484000Z,Authentication,166,34,-23,920,0,11,0,0,1,0,0,0,720,0
9187,2026-06-26T09:54:05.717880000Z,Authentication,166,34,-19,920,0,11,0,0,1,0,0,0,720,0
9188,2026-06-26T09:54:05.965353000Z,Authentication,166,34,-18,920,0,11,0,0,0,0,0,0,720,0
9189,2026-06-26T09:54:05.970469000Z,Authentication,166,34,-17,920,0,11,0,0,1,0,0,0,720,0
9190,2026-06-26T09:54:05.977187000Z,Authentication,166,34,-18,920,0,11,0,0,1,0,0,0,720,0
9191,2026-06-26T09:54:05.983858000Z,Authentication,166,34,-18,920,0,11,0,0,1,0,0,0,720,0
9192,2026-06-26T09:54:06.213418000Z,Authentication,166,34,-60,920,0,11,0,0,0,0,0,0,0,0
9193,2026-06-26T09:54:06.225005000Z,Authentication,166,34,-18,920,0,11,0,0,0,0,0,0,720,0
9194,2026-06-26T09:54:06.231728000Z,Authentication,166,34,-18,920,0,11,0,0,1,0,0,0,720,0
9195,2026-06-26T09:54:06.238229000Z,Authentication,166,34,-18,920,0,11,0,0,1,0,0,0,720,0
9196,2026-06-26T09:54:06.244795000Z,Authentication,166,34,-18,920,0,11,0,0,1,0,0,0,720,0
9197,2026-06-26T09:54:06.475543000Z,Authentication,166,34,-59,920,0,11,0,0,0,0,0,0,0,0
9198,2026-06-26T09:54:06.704923000Z,Authentication,166,34,-59,920,0,11,0,0,0,0,0,0,0,0
9199,2026-06-26T09:54:06.905245000Z,Data,287,34,-22,920,2,0,0,0,0,0,0,1,0,0
9200,2026-06-26T09:54:06.967076000Z,Authentication,166,34,-60,920,0,11,0,0,0,0,0,0,0,0
9201,2026-06-26T09:54:06.985966000Z,Authentication,166,34,-21,920,0,11,0,0,1,0,0,0,720,0
9202,2026-06-26T09:54:06.999089000Z,Authentication,166,34,-21,920,0,11,0,0,1,0,0,0,720,0
9203,2026-06-26T09:54:07.229246000Z,Authentication,166,34,-60,920,0,11,0,0,0,0,0,0,0,0
9204,2026-06-26T09:54:07.417257000Z,S1G Beacon,61,34,-15,920,3,1,,,,,,,0,0
9205,2026-06-26T09:54:07.458606000Z,Authentication,166,34,-59,920,0,11,0,0,0,0,0,0,0,0
9206,2026-06-26T09:54:07.472089000Z,Authentication,166,34,-16,920,0,11,0,0,0,0,0,0,720,0
9207,2026-06-26T09:54:07.477716000Z,Authentication,166,34,-17,920,0,11,0,0,1,0,0,0,720,0
9208,2026-06-26T09:54:07.484383000Z,Authentication,166,34,-16,920,0,11,0,0,1,0,0,0,720,0
9209,2026-06-26T09:54:07.490997000Z,Authentication,166,34,-14,920,0,11,0,0,1,0,0,0,720,0
9210,2026-06-26T09:54:07.720757000Z,Authentication,166,34,-59,920,0,11,0,0,0,0,0,0,0,0
9211,2026-06-26T09:54:07.735527000Z,Authentication,166,34,-16,920,0,11,0,0,0,0,0,0,720,0
9212,2026-06-26T09:54:07.742088000Z,Authentication,166,34,-16,920,0,11,0,0,1,0,0,0,720,0
9213,2026-06-26T09:54:07.748652000Z,Authentication,166,34,-16,920,0,11,0,0,1,0,0,0,720,0
9214,2026-06-26T09:54:07.755399000Z,Authentication,166,34,-17,920,0,11,0,0,1,0,0,0,720,0
9215,2026-06-26T09:54:07.982919000Z,Authentication,166,34,-60,920,0,11,0,0,0,0,0,0,0,0
9216,2026-06-26T09:54:07.995044000Z,Authentication,166,34,-16,920,0,11,0,0,0,0,0,0,720,0
9217,2026-06-26T09:54:08.001498000Z,Authentication,166,34,-17,920,0,11,0,0,1,0,0,0,720,0
9218,2026-06-26T09:54:08.008114000Z,Authentication,166,34,-16,920,0,11,0,0,1,0,0,0,720,0
9219,2026-06-26T09:54:08.014629000Z,Authentication,166,34,-16,920,0,11,0,0,1,0,0,0,720,0
9220,2026-06-26T09:54:08.218429000Z,Authentication,166,34,-59,920,0,11,0,0,0,0,0,0,0,0
9221,2026-06-26T09:54:08.225246000Z,Authentication,166,34,-17,920,0,11,0,0,0,0,0,0,720,0
9222,2026-06-26T09:54:08.231729000Z,Authentication,166,34,-16,920,0,11,0,0,1,0,0,0,720,0
9223,2026-06-26T09:54:08.238285000Z,S1G Beacon,129,34,-17,920,3,1,,,,,,,0,0
9224,2026-06-26T09:54:08.242891000Z,Authentication,166,34,-17,920,0,11,0,0,1,0,0,0,720,0
9225,2026-06-26T09:54:08.249598000Z,Authentication,166,34,-17,920,0,11,0,0,1,0,0,0,720,0
9227,2026-06-26T09:54:08.474429000Z,Authentication,166,34,-59,920,0,11,0,0,0,0,0,0,0,0
9228,2026-06-26T09:54:08.484997000Z,Authentication,166,34,-16,920,0,11,0,0,0,0,0,0,720,0
9229,2026-06-26T09:54:08.491461000Z,Authentication,166,34,-17,920,0,11,0,0,1,0,0,0,720,0
9230,2026-06-26T09:54:08.498125000Z,Authentication,166,34,-17,920,0,11,0,0,1,0,0,0,720,0
9231,2026-06-26T09:54:08.504636000Z,Authentication,166,34,-16,920,0,11,0,0,1,0,0,0,720,0
9232,2026-06-26T09:54:08.736583000Z,Authentication,166,34,-60,920,0,11,0,0,0,0,0,0,0,0
9233,2026-06-26T09:54:08.745021000Z,Authentication,166,34,-16,920,0,11,0,0,0,0,0,0,720,0
9234,2026-06-26T09:54:08.751787000Z,Authentication,166,34,-16,920,0,11,0,0,1,0,0,0,720,0
9235,2026-06-26T09:54:08.758300000Z,Authentication,166,34,-16,920,0,11,0,0,1,0,0,0,720,0
9236,2026-06-26T09:54:08.763564000Z,Authentication,166,34,-16,920,0,11,0,0,1,0,0,0,720,0
9237,2026-06-26T09:54:08.790283000Z,QoS Data,149,34,-18,920,2,8,1,0,0,0,0,1,720,0
9242,2026-06-26T09:54:08.976206000Z,Authentication,166,34,-60,920,0,11,0,0,0,0,0,0,0,0
9243,2026-06-26T09:54:09.041919000Z,QoS Data,128,34,-22,920,2,8,1,0,1,0,0,1,720,0
9245,2026-06-26T09:54:09.044279000Z,QoS Data,128,34,-36,920,2,8,0,0,0,0,0,1,720,0
9247,2026-06-26T09:54:09.055706000Z,S1G Beacon,61,34,-30,920,3,1,,,,,,,0,0
9248,2026-06-26T09:54:09.228115000Z,Authentication,166,34,-61,920,0,11,0,0,0,0,0,0,0,0
9249,2026-06-26T09:54:09.244967000Z,Authentication,166,34,-18,920,0,11,0,0,0,0,0,0,720,0
9250,2026-06-26T09:54:09.251375000Z,Authentication,166,34,-18,920,0,11,0,0,1,0,0,0,720,0
9251,2026-06-26T09:54:09.258090000Z,Authentication,166,34,-18,920,0,11,0,0,1,0,0,0,720,0
9252,2026-06-26T09:54:09.264030000Z,Authentication,166,34,-18,920,0,11,0,0,1,0,0,0,720,0
9253,2026-06-26T09:54:09.490261000Z,Authentication,166,34,-59,920,0,11,0,0,0,0,0,0,0,0
9254,2026-06-26T09:54:09.505047000Z,Authentication,166,34,-17,920,0,11,0,0,0,0,0,0,720,0
9255,2026-06-26T09:54:09.511768000Z,Authentication,166,34,-16,920,0,11,0,0,1,0,0,0,720,0
9256,2026-06-26T09:54:09.517252000Z,Authentication,166,34,-16,920,0,11,0,0,1,0,0,0,720,0
9257,2026-06-26T09:54:09.523180000Z,Authentication,166,34,-16,920,0,11,0,0,1,0,0,0,720,0
9258,2026-06-26T09:54:09.752413000Z,Authentication,166,34,-60,920,0,11,0,0,0,0,0,0,0,0
9259,2026-06-26T09:54:09.876760000Z,S1G Beacon,129,34,-19,920,3,1,,,,,,,0,0
9260,2026-06-26T09:54:09.929339000Z,Data,287,34,-17,920,2,0,0,0,0,0,0,1,0,0
9261,2026-06-26T09:54:09.981789000Z,Authentication,166,34,-60,920,0,11,0,0,0,0,0,0,0,0
9262,2026-06-26T09:54:10.243941000Z,Authentication,166,34,-60,920,0,11,0,0,0,0,0,0,0,0
9263,2026-06-26T09:54:10.506091000Z,Authentication,166,34,-62,920,0,11,0,0,0,0,0,0,0,0
9264,2026-06-26T09:54:10.694165000Z,S1G Beacon,61,34,-20,920,3,1,,,,,,,0,0
9265,2026-06-26T09:54:10.735507000Z,Authentication,166,34,-60,920,0,11,0,0,0,0,0,0,0,0
9266,2026-06-26T09:54:10.997638000Z,Authentication,166,34,-62,920,0,11,0,0,0,0,0,0,0,0
9267,2026-06-26T09:54:11.005081000Z,Authentication,166,34,-18,920,0,11,0,0,0,0,0,0,720,0
9268,2026-06-26T09:54:11.018040000Z,Authentication,166,34,-19,920,0,11,0,0,1,0,0,0,720,0
9269,2026-06-26T09:54:11.024555000Z,Authentication,166,34,-19,920,0,11,0,0,1,0,0,0,720,0
9270,2026-06-26T09:54:11.115910000Z,Disassociation,64,34,-16,920,0,10,0,0,0,0,0,0,720,0
9271,2026-06-26T09:54:11.119591000Z,Disassociation,64,34,-18,920,0,10,0,0,1,0,0,0,720,0
9272,2026-06-26T09:54:11.123588000Z,Disassociation,64,34,-17,920,0,10,0,0,1,0,0,0,720,0
9273,2026-06-26T09:54:11.126752000Z,Disassociation,64,34,-18,920,0,10,0,0,1,0,0,0,720,0
9274,2026-06-26T09:54:11.259811000Z,Authentication,166,34,-59,920,0,11,0,0,0,0,0,0,0,0
9275,2026-06-26T09:54:11.282741000Z,Authentication,166,34,-24,920,0,11,0,0,1,0,0,0,720,0
9276,2026-06-26T09:54:11.295755000Z,Authentication,166,34,-24,920,0,11,0,0,1,0,0,0,720,0
9277,2026-06-26T09:54:11.489161000Z,Authentication,166,34,-60,920,0,11,0,0,0,0,0,0,0,0
9278,2026-06-26T09:54:11.505080000Z,Authentication,166,34,-38,920,0,11,0,0,0,0,0,0,720,0
9279,2026-06-26T09:54:11.515190000Z,S1G Beacon,129,34,-39,920,3,1,,,,,,,0,0
9280,2026-06-26T09:54:11.519780000Z,Authentication,166,34,-39,920,0,11,0,0,1,0,0,0,720,0
9281,2026-06-26T09:54:11.526502000Z,Authentication,166,34,-39,920,0,11,0,0,1,0,0,0,720,0
9282,2026-06-26T09:54:11.532649000Z,Authentication,166,34,-38,920,0,11,0,0,1,0,0,0,720,0
9283,2026-06-26T09:54:11.751298000Z,Authentication,166,34,-60,920,0,11,0,0,0,0,0,0,0,0
9284,2026-06-26T09:54:12.013479000Z,Authentication,166,34,-59,920,0,11,0,0,0,0,0,0,0,0
9285,2026-06-26T09:54:12.022258000Z,Authentication,166,34,-31,920,0,11,0,0,0,0,0,0,720,0
9286,2026-06-26T09:54:12.028868000Z,Authentication,166,34,-29,920,0,11,0,0,1,0,0,0,720,0
9287,2026-06-26T09:54:12.035122000Z,Authentication,166,34,-29,920,0,11,0,0,1,0,0,0,720,0
9288,2026-06-26T09:54:12.041526000Z,Authentication,166,34,-31,920,0,11,0,0,1,0,0,0,720,0
9289,2026-06-26T09:54:12.242835000Z,Authentication,166,34,-60,920,0,11,0,0,0,0,0,0,0,0
9290,2026-06-26T09:54:12.255124000Z,Authentication,166,34,-31,920,0,11,0,0,0,0,0,0,720,0
9291,2026-06-26T09:54:12.261729000Z,Authentication,166,34,-32,920,0,11,0,0,1,0,0,0,720,0
9292,2026-06-26T09:54:12.267108000Z,Authentication,166,34,-32,920,0,11,0,0,1,0,0,0,720,0
9293,2026-06-26T09:54:12.273610000Z,Authentication,166,34,-31,920,0,11,0,0,1,0,0,0,720,0
9294,2026-06-26T09:54:12.332623000Z,S1G Beacon,61,34,-33,920,3,1,,,,,,,0,0
9295,2026-06-26T09:54:12.504984000Z,Authentication,166,34,-60,920,0,11,0,0,0,0,0,0,0,0
9296,2026-06-26T09:54:12.521860000Z,Authentication,166,34,-24,920,0,11,0,0,1,0,0,0,720,0
9297,2026-06-26T09:54:12.535032000Z,Authentication,166,34,-25,920,0,11,0,0,1,0,0,0,720,0
9299,2026-06-26T09:54:12.767128000Z,Authentication,166,34,-60,920,0,11,0,0,0,0,0,0,0,0
9300,2026-06-26T09:54:12.775153000Z,Authentication,166,34,-28,920,0,11,0,0,0,0,0,0,720,0
9301,2026-06-26T09:54:12.781762000Z,Authentication,166,34,-27,920,0,11,0,0,1,0,0,0,720,0
9302,2026-06-26T09:54:12.788176000Z,Authentication,166,34,-27,920,0,11,0,0,1,0,0,0,720,0
9303,2026-06-26T09:54:12.794581000Z,Authentication,166,34,-28,920,0,11,0,0,1,0,0,0,720,0
9304,2026-06-26T09:54:12.953377000Z,Data,287,34,-28,920,2,0,0,0,0,0,0,1,0,0
9305,2026-06-26T09:54:12.998553000Z,Authentication,166,34,-60,920,0,11,0,0,0,0,0,0,0,0
9306,2026-06-26T09:54:13.007368000Z,Authentication,166,34,-28,920,0,11,0,0,0,0,0,0,720,0
9307,2026-06-26T09:54:13.014076000Z,Authentication,166,34,-28,920,0,11,0,0,1,0,0,0,720,0
9308,2026-06-26T09:54:13.020496000Z,Authentication,166,34,-28,920,0,11,0,0,1,0,0,0,720,0
9309,2026-06-26T09:54:13.027100000Z,Authentication,166,34,-29,920,0,11,0,0,1,0,0,0,720,0
9310,2026-06-26T09:54:13.153649000Z,S1G Beacon,129,34,-27,920,3,1,,,,,,,0,0
9311,2026-06-26T09:54:13.258661000Z,Authentication,166,34,-60,920,0,11,0,0,0,0,0,0,0,0
9312,2026-06-26T09:54:13.281551000Z,Authentication,166,34,-24,920,0,11,0,0,1,0,0,0,720,0
9313,2026-06-26T09:54:13.288107000Z,Authentication,166,34,-24,920,0,11,0,0,1,0,0,0,720,0
9314,2026-06-26T09:54:13.294826000Z,Authentication,166,34,-26,920,0,11,0,0,1,0,0,0,720,0
9315,2026-06-26T09:54:13.520820000Z,Authentication,166,34,-59,920,0,11,0,0,0,0,0,0,0,0
9316,2026-06-26T09:54:13.532106000Z,Authentication,166,34,-29,920,0,11,0,0,0,0,0,0,720,0
9317,2026-06-26T09:54:13.538512000Z,Authentication,166,34,-27,920,0,11,0,0,1,0,0,0,720,0
9318,2026-06-26T09:54:13.545125000Z,Authentication,166,34,-27,920,0,11,0,0,1,0,0,0,720,0
9319,2026-06-26T09:54:13.551642000Z,Authentication,166,34,-27,920,0,11,0,0,1,0,0,0,720,0
9320,2026-06-26T09:54:13.759400000Z,Authentication,166,34,-61,920,0,11,0,0,0,0,0,0,0,0
9321,2026-06-26T09:54:13.777027000Z,Authentication,166,34,-26,920,0,11,0,0,1,0,0,0,720,0
9322,2026-06-26T09:54:13.790402000Z,Authentication,166,34,-25,920,0,11,0,0,1,0,0,0,720,0
9323,2026-06-26T09:54:13.813305000Z,QoS Data,149,34,-19,920,2,8,1,0,0,0,0,1,720,0
9325,2026-06-26T09:54:13.816141000Z,QoS Data,149,34,-30,920,2,8,0,0,0,0,0,1,720,0
9327,2026-06-26T09:54:13.821949000Z,QoS Data,131,34,-15,920,2,8,1,0,0,0,0,1,720,0
9329,2026-06-26T09:54:13.823961000Z,QoS Data,131,34,-31,920,2,8,0,0,0,0,0,1,720,0
9331,2026-06-26T09:54:13.971069000Z,S1G Beacon,61,34,-28,920,3,1,,,,,,,0,0
9332,2026-06-26T09:54:14.012369000Z,Authentication,166,34,-59,920,0,11,0,0,0,0,0,0,0,0
9333,2026-06-26T09:54:14.039012000Z,QoS Data,128,34,-19,920,2,8,1,0,0,0,0,1,720,0
9335,2026-06-26T09:54:14.041529000Z,QoS Data,128,34,-32,920,2,8,0,0,0,0,0,1,720,0
9337,2026-06-26T09:54:14.274493000Z,Authentication,166,34,-59,920,0,11,0,0,0,0,0,0,0,0
9338,2026-06-26T09:54:14.285163000Z,Authentication,166,34,-22,920,0,11,0,0,0,0,0,0,720,0
9339,2026-06-26T09:54:14.298648000Z,Authentication,166,34,-22,920,0,11,0,0,1,0,0,0,720,0
9340,2026-06-26T09:54:14.525375000Z,Authentication,166,34,-61,920,0,11,0,0,0,0,0,0,0,0
9341,2026-06-26T09:54:14.535156000Z,Authentication,166,34,-26,920,0,11,0,0,0,0,0,0,720,0
9342,2026-06-26T09:54:14.548648000Z,Authentication,166,34,-25,920,0,11,0,0,1,0,0,0,720,0
9343,2026-06-26T09:54:14.766013000Z,Authentication,166,34,-59,920,0,11,0,0,0,0,0,0,0,0
9344,2026-06-26T09:54:14.775241000Z,Authentication,166,34,-25,920,0,11,0,0,0,0,0,0,720,0
9345,2026-06-26T09:54:14.781961000Z,Authentication,166,34,-25,920,0,11,0,0,1,0,0,0,720,0
9346,2026-06-26T09:54:14.796680000Z,Authentication,166,34,-25,920,0,11,0,0,1,0,0,0,720,0
9347,2026-06-26T09:54:15.028164000Z,Authentication,166,34,-59,920,0,11,0,0,0,0,0,0,0,0
9348,2026-06-26T09:54:15.052143000Z,Authentication,166,34,-22,920,0,11,0,0,1,0,0,0,720,0
9349,2026-06-26T09:54:15.065424000Z,Authentication,166,34,-22,920,0,11,0,0,1,0,0,0,720,0
9350,2026-06-26T09:54:15.290325000Z,Authentication,166,34,-61,920,0,11,0,0,0,0,0,0,0,0
9351,2026-06-26T09:54:15.305147000Z,Authentication,166,34,-21,920,0,11,0,0,0,0,0,0,720,0
9352,2026-06-26T09:54:15.318017000Z,Authentication,166,34,-21,920,0,11,0,0,1,0,0,0,720,0
9353,2026-06-26T09:54:15.324784000Z,Authentication,166,34,-21,920,0,11,0,0,1,0,0,0,720,0
9354,2026-06-26T09:54:15.529939000Z,Authentication,166,34,-59,920,0,11,0,0,0,0,0,0,0,0
9355,2026-06-26T09:54:15.545185000Z,Authentication,166,34,-21,920,0,11,0,0,0,0,0,0,720,0
9356,2026-06-26T09:54:15.558621000Z,Authentication,166,34,-23,920,0,11,0,0,1,0,0,0,720,0
9357,2026-06-26T09:54:15.781846000Z,Authentication,166,34,-59,920,0,11,0,0,0,0,0,0,0,0
9358,2026-06-26T09:54:15.802021000Z,Authentication,166,34,-24,920,0,11,0,0,1,0,0,0,720,0
9359,2026-06-26T09:54:15.815203000Z,Authentication,166,34,-24,920,0,11,0,0,1,0,0,0,720,0
9360,2026-06-26T09:54:15.977473000Z,Data,287,34,-27,920,2,0,0,0,0,0,0,1,0,0
9361,2026-06-26T09:54:16.043995000Z,Authentication,166,34,-59,920,0,11,0,0,0,0,0,0,0,0
9362,2026-06-26T09:54:16.055183000Z,Authentication,166,34,-27,920,0,11,0,0,0,0,0,0,720,0
9363,2026-06-26T09:54:16.061808000Z,Authentication,166,34,-28,920,0,11,0,0,1,0,0,0,720,0
9364,2026-06-26T09:54:16.068461000Z,Authentication,166,34,-28,920,0,11,0,0,1,0,0,0,720,0
9365,2026-06-26T09:54:16.075054000Z,Authentication,166,34,-27,920,0,11,0,0,1,0,0,0,720,0
9366,2026-06-26T09:54:16.290793000Z,Authentication,166,34,-59,920,0,11,0,0,0,0,0,0,0,0
9367,2026-06-26T09:54:16.305204000Z,Authentication,166,34,-33,920,0,11,0,0,0,0,0,0,720,0
9368,2026-06-26T09:54:16.311764000Z,Authentication,166,34,-33,920,0,11,0,0,1,0,0,0,720,0
9369,2026-06-26T09:54:16.318378000Z,Authentication,166,34,-33,920,0,11,0,0,1,0,0,0,720,0
9370,2026-06-26T09:54:16.324787000Z,Authentication,166,34,-32,920,0,11,0,0,1,0,0,0,720,0
9371,2026-06-26T09:54:16.430587000Z,S1G Beacon,129,34,-34,920,3,1,,,,,,,0,0
9373,2026-06-26T09:54:16.535530000Z,Authentication,166,34,-59,920,0,11,0,0,0,0,0,0,0,0
9374,2026-06-26T09:54:16.545206000Z,Authentication,166,34,-44,920,0,11,0,0,0,0,0,0,720,0
9375,2026-06-26T09:54:16.558345000Z,Authentication,166,34,-44,920,0,11,0,0,1,0,0,0,720,0
9376,2026-06-26T09:54:17.059830000Z,Authentication,166,34,-60,920,0,11,0,0,0,0,0,0,0,0
9377,2026-06-26T09:54:17.075225000Z,Authentication,166,34,-36,920,0,11,0,0,0,0,0,0,720,0
9378,2026-06-26T09:54:17.081997000Z,Authentication,166,34,-34,920,0,11,0,0,1,0,0,0,720,0
9379,2026-06-26T09:54:17.088455000Z,Authentication,166,34,-35,920,0,11,0,0,1,0,0,0,720,0
9380,2026-06-26T09:54:17.095173000Z,Authentication,166,34,-34,920,0,11,0,0,1,0,0,0,720,0
9381,2026-06-26T09:54:17.247968000Z,S1G Beacon,61,34,-29,920,3,1,,,,,,,0,0
9382,2026-06-26T09:54:17.299448000Z,Authentication,166,34,-60,920,0,11,0,0,0,0,0,0,0,0
9383,2026-06-26T09:54:17.315369000Z,Authentication,166,34,-30,920,0,11,0,0,0,0,0,0,720,0
9384,2026-06-26T09:54:17.321722000Z,Authentication,166,34,-30,920,0,11,0,0,1,0,0,0,720,0
9385,2026-06-26T09:54:17.328124000Z,Authentication,166,34,-31,920,0,11,0,0,1,0,0,0,720,0
9386,2026-06-26T09:54:17.334846000Z,Authentication,166,34,-31,920,0,11,0,0,1,0,0,0,720,0
9387,2026-06-26T09:54:17.551353000Z,Authentication,166,34,-59,920,0,11,0,0,0,0,0,0,0,0
9388,2026-06-26T09:54:17.565247000Z,Authentication,166,34,-31,920,0,11,0,0,0,0,0,0,720,0
9389,2026-06-26T09:54:17.571862000Z,Authentication,166,34,-30,920,0,11,0,0,1,0,0,0,720,0
9390,2026-06-26T09:54:17.578430000Z,Authentication,166,34,-31,920,0,11,0,0,1,0,0,0,720,0
9391,2026-06-26T09:54:17.584937000Z,Authentication,166,34,-31,920,0,11,0,0,1,0,0,0,720,0
9392,2026-06-26T09:54:17.813510000Z,Authentication,166,34,-59,920,0,11,0,0,0,0,0,0,0,0
9393,2026-06-26T09:54:17.822095000Z,Authentication,166,34,-28,920,0,11,0,0,0,0,0,0,720,0
9394,2026-06-26T09:54:17.828606000Z,Authentication,166,34,-28,920,0,11,0,0,1,0,0,0,720,0
9395,2026-06-26T09:54:17.835064000Z,Authentication,166,34,-28,920,0,11,0,0,1,0,0,0,720,0
9396,2026-06-26T09:54:17.841579000Z,Authentication,166,34,-28,920,0,11,0,0,1,0,0,0,720,0
9397,2026-06-26T09:54:18.068989000Z,S1G Beacon,129,34,-29,920,3,1,,,,,,,0,0
9398,2026-06-26T09:54:18.075655000Z,Authentication,166,34,-60,920,0,11,0,0,0,0,0,0,0,0
9399,2026-06-26T09:54:18.085238000Z,Authentication,166,34,-28,920,0,11,0,0,0,0,0,0,720,0
9400,2026-06-26T09:54:18.091641000Z,Authentication,166,34,-28,920,0,11,0,0,1,0,0,0,720,0
9401,2026-06-26T09:54:18.098052000Z,Authentication,166,34,-28,920,0,11,0,0,1,0,0,0,720,0
9402,2026-06-26T09:54:18.104460000Z,Authentication,166,34,-28,920,0,11,0,0,1,0,0,0,720,0
9403,2026-06-26T09:54:18.305046000Z,Authentication,166,34,-60,920,0,11,0,0,0,0,0,0,0,0
9404,2026-06-26T09:54:18.315252000Z,Authentication,166,34,-29,920,0,11,0,0,0,0,0,0,720,0
9405,2026-06-26T09:54:18.321705000Z,Authentication,166,34,-28,920,0,11,0,0,1,0,0,0,720,0
9406,2026-06-26T09:54:18.328531000Z,Authentication,166,34,-28,920,0,11,0,0,1,0,0,0,720,0
9407,2026-06-26T09:54:18.335050000Z,Authentication,166,34,-27,920,0,11,0,0,1,0,0,0,720,0
9408,2026-06-26T09:54:18.567182000Z,Authentication,166,34,-60,920,0,11,0,0,0,0,0,0,0,0
9409,2026-06-26T09:54:18.585142000Z,Authentication,166,34,-28,920,0,11,0,0,0,0,0,0,720,0
9410,2026-06-26T09:54:18.591603000Z,Authentication,166,34,-27,920,0,11,0,0,1,0,0,0,720,0
9411,2026-06-26T09:54:18.598107000Z,Authentication,166,34,-27,920,0,11,0,0,1,0,0,0,720,0
9412,2026-06-26T09:54:18.604564000Z,Authentication,166,34,-27,920,0,11,0,0,1,0,0,0,720,0
9413,2026-06-26T09:54:18.829329000Z,Authentication,166,34,-59,920,0,11,0,0,0,0,0,0,0,0
9415,2026-06-26T09:54:18.843205000Z,Authentication,166,34,-28,920,0,11,0,0,0,0,0,0,720,0
9416,2026-06-26T09:54:18.849969000Z,Authentication,166,34,-28,920,0,11,0,0,1,0,0,0,720,0
9417,2026-06-26T09:54:18.856482000Z,Authentication,166,34,-30,920,0,11,0,0,1,0,0,0,720,0
9418,2026-06-26T09:54:18.863249000Z,Authentication,166,34,-28,920,0,11,0,0,1,0,0,0,720,0
9419,2026-06-26T09:54:18.874412000Z,QoS Data,150,34,-33,920,2,8,0,0,0,0,0,1,720,0
9421,2026-06-26T09:54:18.880060000Z,QoS Data,131,34,-15,920,2,8,1,0,0,0,0,1,720,0
9423,2026-06-26T09:54:18.886409000Z,S1G Beacon,61,34,-28,920,3,1,,,,,,,0,0
9424,2026-06-26T09:54:18.888399000Z,QoS Data,131,34,-32,920,2,8,0,0,0,0,0,1,720,0
9426,2026-06-26T09:54:19.001677000Z,Data,287,34,-29,920,2,0,0,0,0,0,0,1,0,0
9427,2026-06-26T09:54:19.039445000Z,QoS Data,128,34,-19,920,2,8,1,0,0,0,0,1,720,0
9429,2026-06-26T09:54:19.042184000Z,QoS Data,128,34,-33,920,2,8,0,0,0,0,0,1,720,0
9431,2026-06-26T09:54:19.060761000Z,Authentication,166,34,-59,920,0,11,0,0,0,0,0,0,0,0
9432,2026-06-26T09:54:19.075216000Z,Authentication,166,34,-29,920,0,11,0,0,0,0,0,0,720,0
9433,2026-06-26T09:54:19.081625000Z,Authentication,166,34,-30,920,0,11,0,0,1,0,0,0,720,0
9434,2026-06-26T09:54:19.087615000Z,Authentication,166,34,-30,920,0,11,0,0,1,0,0,0,720,0
9435,2026-06-26T09:54:19.094232000Z,Authentication,166,34,-30,920,0,11,0,0,1,0,0,0,720,0
9436,2026-06-26T09:54:19.308742000Z,Data,378,34,-31,920,2,0,0,0,0,0,0,1,0,0
9437,2026-06-26T09:54:19.320859000Z,Authentication,166,34,-63,920,0,11,0,0,0,0,0,0,0,0
9438,2026-06-26T09:54:19.335473000Z,Authentication,166,34,-30,920,0,11,0,0,0,0,0,0,720,0
9439,2026-06-26T09:54:19.341982000Z,Authentication,166,34,-30,920,0,11,0,0,1,0,0,0,720,0
9440,2026-06-26T09:54:19.348652000Z,Authentication,166,34,-31,920,0,11,0,0,1,0,0,0,720,0
9441,2026-06-26T09:54:19.355173000Z,Authentication,166,34,-30,920,0,11,0,0,1,0,0,0,720,0
9442,2026-06-26T09:54:19.412300000Z,Data,387,34,-31,920,2,0,0,0,0,0,0,1,0,0
9443,2026-06-26T09:54:19.517931000Z,Data,450,34,-28,920,2,0,0,0,0,0,0,1,0,0
9444,2026-06-26T09:54:19.583002000Z,Authentication,166,34,-59,920,0,11,0,0,0,0,0,0,0,0
9445,2026-06-26T09:54:19.595283000Z,Authentication,166,34,-28,920,0,11,0,0,0,0,0,0,720,0
9446,2026-06-26T09:54:19.601997000Z,Authentication,166,34,-28,920,0,11,0,0,1,0,0,0,720,0
9447,2026-06-26T09:54:19.607986000Z,Authentication,166,34,-28,920,0,11,0,0,1,0,0,0,720,0
9448,2026-06-26T09:54:19.614453000Z,Authentication,166,34,-30,920,0,11,0,0,1,0,0,0,720,0
9449,2026-06-26T09:54:19.627802000Z,Data,442,34,-27,920,2,0,0,0,0,0,0,1,0,0
9450,2026-06-26T09:54:19.707444000Z,S1G Beacon,129,34,-28,920,3,1,,,,,,,0,0
9451,2026-06-26T09:54:19.829449000Z,Data,426,34,-28,920,2,0,0,0,0,0,0,1,0,0
9452,2026-06-26T09:54:19.934277000Z,Data,458,34,-29,920,2,0,0,0,0,0,0,1,0,0
9453,2026-06-26T09:54:20.036526000Z,Data,387,34,-29,920,2,0,0,0,0,0,0,1,0,0
9454,2026-06-26T09:54:20.074537000Z,Authentication,166,34,-61,920,0,11,0,0,0,0,0,0,0,0
9455,2026-06-26T09:54:20.085224000Z,Authentication,166,34,-29,920,0,11,0,0,0,0,0,0,720,0
9456,2026-06-26T09:54:20.091634000Z,Authentication,166,34,-29,920,0,11,0,0,1,0,0,0,720,0
9457,2026-06-26T09:54:20.098249000Z,Authentication,166,34,-29,920,0,11,0,0,1,0,0,0,720,0
9458,2026-06-26T09:54:20.104708000Z,Authentication,166,34,-29,920,0,11,0,0,1,0,0,0,720,0
9459,2026-06-26T09:54:20.141930000Z,Data,446,34,-28,920,2,0,0,0,0,0,0,1,0,0
9460,2026-06-26T09:54:20.245809000Z,Data,440,34,-30,920,2,0,0,0,0,0,0,1,0,0
9461,2026-06-26T09:54:20.336702000Z,Authentication,166,34,-62,920,0,11,0,0,0,0,0,0,0,0
9462,2026-06-26T09:54:20.345281000Z,Authentication,166,34,-28,920,0,11,0,0,0,0,0,0,720,0
9463,2026-06-26T09:54:20.358227000Z,Data,387,34,-28,920,2,0,0,0,0,0,0,1,0,0
9464,2026-06-26T09:54:20.362776000Z,Authentication,166,34,-28,920,0,11,0,0,1,0,0,0,720,0
9465,2026-06-26T09:54:20.369440000Z,Authentication,166,34,-29,920,0,11,0,0,1,0,0,0,720,0
9466,2026-06-26T09:54:20.375851000Z,Authentication,166,34,-29,920,0,11,0,0,1,0,0,0,720,0
9467,2026-06-26T09:54:20.453894000Z,Data,442,34,-29,920,2,0,0,0,0,0,0,1,0,0
9468,2026-06-26T09:54:20.525129000Z,S1G Beacon,61,34,-27,920,3,1,,,,,,,0,0
9469,2026-06-26T09:54:20.558352000Z,Data,452,34,-28,920,2,0,0,0,0,0,0,1,0,0
9470,2026-06-26T09:54:20.598837000Z,Authentication,166,34,-59,920,0,11,0,0,0,0,0,0,0,0
9471,2026-06-26T09:54:20.615252000Z,Authentication,166,34,-27,920,0,11,0,0,0,0,0,0,720,0
9472,2026-06-26T09:54:20.621862000Z,Authentication,166,34,-27,920,0,11,0,0,1,0,0,0,720,0
9473,2026-06-26T09:54:20.628373000Z,Authentication,166,34,-27,920,0,11,0,0,1,0,0,0,720,0
9474,2026-06-26T09:54:20.634999000Z,Authentication,166,34,-28,920,0,11,0,0,1,0,0,0,720,0
9476,2026-06-26T09:54:20.838467000Z,Authentication,166,34,-60,920,0,11,0,0,0,0,0,0,0,0
9477,2026-06-26T09:54:20.855272000Z,Authentication,166,34,-28,920,0,11,0,0,0,0,0,0,720,0
9478,2026-06-26T09:54:20.861724000Z,Authentication,166,34,-28,920,0,11,0,0,1,0,0,0,720,0
9479,2026-06-26T09:54:20.868232000Z,Authentication,166,34,-27,920,0,11,0,0,1,0,0,0,720,0
9480,2026-06-26T09:54:20.874903000Z,Authentication,166,34,-28,920,0,11,0,0,1,0,0,0,720,0
9481,2026-06-26T09:54:21.345902000Z,S1G Beacon,129,34,-27,920,3,1,,,,,,,0,0
9482,2026-06-26T09:54:21.352515000Z,Authentication,166,34,-59,920,0,11,0,0,0,0,0,0,0,0
9483,2026-06-26T09:54:21.365742000Z,Authentication,166,34,-26,920,0,11,0,0,0,0,0,0,720,0
9484,2026-06-26T09:54:21.378086000Z,Authentication,166,34,-24,920,0,11,0,0,1,0,0,0,720,0
9485,2026-06-26T09:54:21.384437000Z,Authentication,166,34,-26,920,0,11,0,0,1,0,0,0,720,0
9486,2026-06-26T09:54:21.593159000Z,Authentication,166,34,-61,920,0,11,0,0,0,0,0,0,0,0
9487,2026-06-26T09:54:21.611346000Z,Authentication,166,34,-24,920,0,11,0,0,1,0,0,0,720,0
9488,2026-06-26T09:54:21.617809000Z,Authentication,166,34,-26,920,0,11,0,0,1,0,0,0,720,0
9489,2026-06-26T09:54:21.623333000Z,Authentication,166,34,-26,920,0,11,0,0,1,0,0,0,720,0
9490,2026-06-26T09:54:21.844068000Z,Authentication,166,34,-61,920,0,11,0,0,0,0,0,0,0,0
9491,2026-06-26T09:54:21.855238000Z,Authentication,166,34,-27,920,0,11,0,0,0,0,0,0,720,0
9492,2026-06-26T09:54:21.868265000Z,Authentication,166,34,-24,920,0,11,0,0,1,0,0,0,720,0
9493,2026-06-26T09:54:21.874833000Z,Authentication,166,34,-26,920,0,11,0,0,1,0,0,0,720,0
9494,2026-06-26T09:54:22.106200000Z,Authentication,166,34,-59,920,0,11,0,0,0,0,0,0,0,0
9495,2026-06-26T09:54:22.121922000Z,Authentication,166,34,-23,920,0,11,0,0,1,0,0,0,720,0
9496,2026-06-26T09:54:22.128490000Z,Authentication,166,34,-25,920,0,11,0,0,1,0,0,0,720,0
9497,2026-06-26T09:54:22.355053000Z,Authentication,166,34,-60,920,0,11,0,0,0,0,0,0,0,0
9498,2026-06-26T09:54:22.597734000Z,Authentication,166,34,-61,920,0,11,0,0,0,0,0,0,0,0
9499,2026-06-26T09:54:22.615271000Z,Authentication,166,34,-22,920,0,11,0,0,0,0,0,0,720,0
9500,2026-06-26T09:54:22.627567000Z,Authentication,166,34,-23,920,0,11,0,0,1,0,0,0,720,0
9501,2026-06-26T09:54:22.859881000Z,Authentication,166,34,-60,920,0,11,0,0,0,0,0,0,0,0
9502,2026-06-26T09:54:22.879580000Z,Authentication,166,34,-23,920,0,11,0,0,1,0,0,0,720,0
9503,2026-06-26T09:54:22.892850000Z,Authentication,166,34,-23,920,0,11,0,0,1,0,0,0,720,0
9504,2026-06-26T09:54:23.122023000Z,Authentication,166,34,-63,920,0,11,0,0,0,0,0,0,0,0
9505,2026-06-26T09:54:23.135272000Z,Authentication,166,34,-26,920,0,11,0,0,0,0,0,0,720,0
9506,2026-06-26T09:54:23.147151000Z,Authentication,166,34,-25,920,0,11,0,0,1,0,0,0,720,0
9507,2026-06-26T09:54:23.153614000Z,Authentication,166,34,-48,920,0,11,0,0,1,0,0,0,720,0
9508,2026-06-26T09:54:23.351426000Z,Authentication,166,34,-59,920,0,11,0,0,0,0,0,0,0,0
9509,2026-06-26T09:54:23.365347000Z,Authentication,166,34,-27,920,0,11,0,0,0,0,0,0,720,0
9510,2026-06-26T09:54:23.371799000Z,Authentication,166,34,-26,920,0,11,0,0,1,0,0,0,720,0
9511,2026-06-26T09:54:23.384977000Z,Authentication,166,34,-24,920,0,11,0,0,1,0,0,0,720,0
9512,2026-06-26T09:54:23.613557000Z,Authentication,166,34,-59,920,0,11,0,0,0,0,0,0,0,0
9513,2026-06-26T09:54:23.625575000Z,Authentication,166,34,-27,920,0,11,0,0,0,0,0,0,720,0
9514,2026-06-26T09:54:23.632347000Z,Authentication,166,34,-27,920,0,11,0,0,1,0,0,0,720,0
9515,2026-06-26T09:54:23.638960000Z,Authentication,166,34,-27,920,0,11,0,0,1,0,0,0,720,0
9516,2026-06-26T09:54:23.645578000Z,Authentication,166,34,-26,920,0,11,0,0,1,0,0,0,720,0
9517,2026-06-26T09:54:23.875716000Z,Authentication,166,34,-60,920,0,11,0,0,0,0,0,0,0,0
9518,2026-06-26T09:54:23.900345000Z,QoS Data,149,34,-18,920,2,8,1,0,0,0,0,1,720,0
9520,2026-06-26T09:54:23.908358000Z,QoS Data,131,34,-16,920,2,8,1,0,0,0,0,1,720,0
9522,2026-06-26T09:54:23.910895000Z,QoS Data,131,34,-31,920,2,8,0,0,0,0,0,1,720,0
9524,2026-06-26T09:54:24.039014000Z,QoS Data,128,34,-20,920,2,8,1,0,0,0,0,1,720,0
9526,2026-06-26T09:54:24.119416000Z,Authentication,166,34,-60,920,0,11,0,0,0,0,0,0,0,0
9527,2026-06-26T09:54:24.141961000Z,Authentication,166,34,-23,920,0,11,0,0,1,0,0,0,720,0
9528,2026-06-26T09:54:24.148731000Z,Authentication,166,34,-27,920,0,11,0,0,1,0,0,0,720,0
9529,2026-06-26T09:54:24.367237000Z,Authentication,166,34,-59,920,0,11,0,0,0,0,0,0,0,0
9530,2026-06-26T09:54:24.385296000Z,Authentication,166,34,-22,920,0,11,0,0,0,0,0,0,720,0
9531,2026-06-26T09:54:24.397496000Z,Authentication,166,34,-24,920,0,11,0,0,1,0,0,0,720,0
9532,2026-06-26T09:54:24.645407000Z,Authentication,166,34,-26,920,0,11,0,0,0,0,0,0,720,0
9533,2026-06-26T09:54:24.657939000Z,Authentication,166,34,-24,920,0,11,0,0,1,0,0,0,720,0
9534,2026-06-26T09:54:24.891550000Z,Authentication,166,34,-61,920,0,11,0,0,0,0,0,0,0,0
9535,2026-06-26T09:54:24.911997000Z,Authentication,166,34,-25,920,0,11,0,0,1,0,0,0,720,0
9536,2026-06-26T09:54:24.918508000Z,Authentication,166,34,-26,920,0,11,0,0,1,0,0,0,720,0
9537,2026-06-26T09:54:25.127068000Z,Authentication,166,34,-59,920,0,11,0,0,0,0,0,0,0,0
9538,2026-06-26T09:54:25.141966000Z,Authentication,166,34,-24,920,0,11,0,0,1,0,0,0,720,0
9539,2026-06-26T09:54:25.148517000Z,Authentication,166,34,-26,920,0,11,0,0,1,0,0,0,720,0
9540,2026-06-26T09:54:25.155246000Z,Authentication,166,34,-25,920,0,11,0,0,1,0,0,0,720,0
9541,2026-06-26T09:54:25.383066000Z,Authentication,166,34,-65,920,0,11,0,0,0,0,0,0,0,0
9542,2026-06-26T09:54:25.401819000Z,Authentication,166,34,-23,920,0,11,0,0,1,0,0,0,720,0
9543,2026-06-26T09:54:25.408320000Z,Authentication,166,34,-27,920,0,11,0,0,1,0,0,0,720,0
9544,2026-06-26T09:54:25.414791000Z,Authentication,166,34,-26,920,0,11,0,0,1,0,0,0,720,0
9545,2026-06-26T09:54:25.440237000Z,S1G Beacon,61,34,-25,920,3,1,,,,,,,0,0
9546,2026-06-26T09:54:25.454660000Z,Disassociation,64,34,-25,920,0,10,0,0,1,0,0,0,720,0
9547,2026-06-26T09:54:25.458664000Z,Disassociation,64,34,-27,920,0,10,0,0,1,0,0,0,720,0
9548,2026-06-26T09:54:25.645212000Z,Authentication,166,34,-63,920,0,11,0,0,0,0,0,0,0,0
9549,2026-06-26T09:54:25.660727000Z,Authentication,166,34,-25,920,0,11,0,0,1,0,0,0,720,0
9550,2026-06-26T09:54:25.673854000Z,Authentication,166,34,-25,920,0,11,0,0,1,0,0,0,720,0
9551,2026-06-26T09:54:25.885867000Z,Authentication,166,34,-61,920,0,11,0,0,0,0,0,0,0,0
9552,2026-06-26T09:54:26.136744000Z,Authentication,166,34,-60,920,0,11,0,0,0,0,0,0,0,0
9553,2026-06-26T09:54:26.261244000Z,S1G Beacon,129,34,-28,920,3,1,,,,,,,0,0
9554,2026-06-26T09:54:26.398893000Z,Authentication,166,34,-62,920,0,11,0,0,0,0,0,0,0,0
9555,2026-06-26T09:54:26.661062000Z,Authentication,166,34,-59,920,0,11,0,0,0,0,0,0,0,0
9556,2026-06-26T09:54:26.675417000Z,Authentication,166,34,-26,920,0,11,0,0,0,0,0,0,720,0
9557,2026-06-26T09:54:26.682131000Z,Authentication,166,34,-28,920,0,11,0,0,1,0,0,0,720,0
9558,2026-06-26T09:54:26.688904000Z,Authentication,166,34,-27,920,0,11,0,0,1,0,0,0,720,0
9559,2026-06-26T09:54:26.695311000Z,Authentication,166,34,-27,920,0,11,0,0,1,0,0,0,720,0
9560,2026-06-26T09:54:26.890424000Z,Authentication,166,34,-59,920,0,11,0,0,0,0,0,0,0,0
9561,2026-06-26T09:54:27.078663000Z,S1G Beacon,61,34,-27,920,3,1,,,,,,,0,0
9562,2026-06-26T09:54:27.152569000Z,Authentication,166,34,-62,920,0,11,0,0,0,0,0,0,0,0
9563,2026-06-26T09:54:27.160684000Z,Authentication,166,34,-26,920,0,11,0,0,0,0,0,0,720,0
9564,2026-06-26T09:54:27.167088000Z,Authentication,166,34,-27,920,0,11,0,0,1,0,0,0,720,0
9565,2026-06-26T09:54:27.173651000Z,Authentication,166,34,-27,920,0,11,0,0,1,0,0,0,720,0
9566,2026-06-26T09:54:27.180213000Z,Authentication,166,34,-28,920,0,11,0,0,1,0,0,0,720,0
9567,2026-06-26T09:54:27.414719000Z,Authentication,166,34,-62,920,0,11,0,0,0,0,0,0,0,0
9568,2026-06-26T09:54:27.644104000Z,Authentication,166,34,-60,920,0,11,0,0,0,0,0,0,0,0
9569,2026-06-26T09:54:27.899703000Z,S1G Beacon,129,34,-28,920,3,1,,,,,,,0,0
9570,2026-06-26T09:54:27.906251000Z,Authentication,166,34,-59,920,0,11,0,0,0,0,0,0,0,0
9571,2026-06-26T09:54:27.915692000Z,Authentication,166,34,-27,920,0,11,0,0,0,0,0,0,720,0
9572,2026-06-26T09:54:27.921311000Z,Authentication,166,34,-27,920,0,11,0,0,1,0,0,0,720,0
9573,2026-06-26T09:54:27.927779000Z,Authentication,166,34,-29,920,0,11,0,0,1,0,0,0,720,0
9574,2026-06-26T09:54:27.934180000Z,Authentication,166,34,-28,920,0,11,0,0,1,0,0,0,720,0
9575,2026-06-26T09:54:28.073845000Z,Data,287,34,-28,920,2,0,0,0,0,0,0,1,0,0
9576,2026-06-26T09:54:28.168401000Z,Authentication,166,34,-59,920,0,11,0,0,0,0,0,0,0,0
9577,2026-06-26T09:54:28.185428000Z,Authentication,166,34,-28,920,0,11,0,0,0,0,0,0,720,0
9578,2026-06-26T09:54:28.192188000Z,Authentication,166,34,-29,920,0,11,0,0,1,0,0,0,720,0
9579,2026-06-26T09:54:28.198657000Z,Authentication,166,34,-28,920,0,11,0,0,1,0,0,0,720,0
9580,2026-06-26T09:54:28.205259000Z,Authentication,166,34,-27,920,0,11,0,0,1,0,0,0,720,0
9581,2026-06-26T09:54:28.397784000Z,Authentication,166,34,-59,920,0,11,0,0,0,0,0,0,0,0
9582,2026-06-26T09:54:28.405450000Z,Authentication,166,34,-28,920,0,11,0,0,0,0,0,0,720,0
9583,2026-06-26T09:54:28.411866000Z,Authentication,166,34,-28,920,0,11,0,0,1,0,0,0,720,0
9584,2026-06-26T09:54:28.418472000Z,Authentication,166,34,-27,920,0,11,0,0,1,0,0,0,720,0
9585,2026-06-26T09:54:28.425151000Z,Authentication,166,34,-27,920,0,11,0,0,1,0,0,0,720,0
9586,2026-06-26T09:54:28.659965000Z,Authentication,166,34,-65,920,0,11,0,0,0,0,0,0,0,0
9587,2026-06-26T09:54:28.667688000Z,Authentication,166,34,-28,920,0,11,0,0,0,0,0,0,720,0
9588,2026-06-26T09:54:28.674567000Z,Authentication,166,34,-28,920,0,11,0,0,1,0,0,0,720,0
9589,2026-06-26T09:54:28.680915000Z,Authentication,166,34,-27,920,0,11,0,0,1,0,0,0,720,0
9590,2026-06-26T09:54:28.687584000Z,Authentication,166,34,-28,920,0,11,0,0,1,0,0,0,720,0
9591,2026-06-26T09:54:28.717117000Z,S1G Beacon,61,34,-27,920,3,1,,,,,,,0,0
9592,2026-06-26T09:54:28.922085000Z,Authentication,166,34,-62,920,0,11,0,0,0,0,0,0,0,0
9593,2026-06-26T09:54:28.924136000Z,QoS Data,148,34,-19,920,2,8,1,0,0,0,0,1,720,0
9595,2026-06-26T09:54:28.929498000Z,Authentication,166,34,-28,920,0,11,0,0,0,0,0,0,720,0
9596,2026-06-26T09:54:28.936001000Z,Authentication,166,34,-29,920,0,11,0,0,1,0,0,0,720,0
9597,2026-06-26T09:54:28.939368000Z,QoS Data,148,34,-31,920,2,8,0,0,0,0,0,1,720,0
9599,2026-06-26T09:54:28.944669000Z,Authentication,166,34,-28,920,0,11,0,0,1,0,0,0,720,0
9600,2026-06-26T09:54:28.946834000Z,QoS Data,131,34,-15,920,2,8,1,0,0,0,0,1,720,0
9602,2026-06-26T09:54:28.952212000Z,Authentication,166,34,-27,920,0,11,0,0,1,0,0,0,720,0
9603,2026-06-26T09:54:28.980768000Z,QoS Data,131,34,-33,920,2,8,0,0,0,0,0,1,720,0
9605,2026-06-26T09:54:29.039097000Z,QoS Data,128,34,-19,920,2,8,1,0,0,0,0,1,720,0
9607,2026-06-26T09:54:29.042146000Z,QoS Data,128,34,-31,920,2,8,0,0,0,0,0,1,720,0
9609,2026-06-26T09:54:29.159647000Z,Authentication,166,34,-59,920,0,11,0,0,0,0,0,0,0,0
9610,2026-06-26T09:54:29.170272000Z,Authentication,166,34,-28,920,0,11,0,0,0,0,0,0,720,0
9611,2026-06-26T09:54:29.176939000Z,Authentication,166,34,-28,920,0,11,0,0,1,0,0,0,720,0
9612,2026-06-26T09:54:29.190220000Z,Authentication,166,34,-28,920,0,11,0,0,1,0,0,0,720,0
9613,2026-06-26T09:54:29.413608000Z,Authentication,166,34,-60,920,0,11,0,0,0,0,0,0,0,0
9614,2026-06-26T09:54:29.422478000Z,Authentication,166,34,-33,920,0,11,0,0,0,0,0,0,720,0
9615,2026-06-26T09:54:29.428987000Z,Authentication,166,34,-32,920,0,11,0,0,1,0,0,0,720,0
9616,2026-06-26T09:54:29.435452000Z,Authentication,166,34,-32,920,0,11,0,0,1,0,0,0,720,0
9617,2026-06-26T09:54:29.441963000Z,Authentication,166,34,-31,920,0,11,0,0,1,0,0,0,720,0
9618,2026-06-26T09:54:29.538144000Z,S1G Beacon,129,34,-36,920,3,1,,,,,,,0,0
9619,2026-06-26T09:54:29.675776000Z,Authentication,166,34,-63,920,0,11,0,0,0,0,0,0,0,0
9620,2026-06-26T09:54:29.685787000Z,Authentication,166,34,-40,920,0,11,0,0,0,0,0,0,720,0
9621,2026-06-26T09:54:29.692507000Z,Authentication,166,34,-39,920,0,11,0,0,1,0,0,0,720,0
9622,2026-06-26T09:54:29.699017000Z,Authentication,166,34,-40,920,0,11,0,0,1,0,0,0,720,0
9623,2026-06-26T09:54:29.705524000Z,Authentication,166,34,-37,920,0,11,0,0,1,0,0,0,720,0
9624,2026-06-26T09:54:29.929715000Z,Authentication,166,34,-60,920,0,11,0,0,0,0,0,0,0,0
9625,2026-06-26T09:54:29.945489000Z,Authentication,166,34,-21,920,0,11,0,0,0,0,0,0,720,0
9626,2026-06-26T09:54:29.957783000Z,Authentication,166,34,-21,920,0,11,0,0,1,0,0,0,720,0
9627,2026-06-26T09:54:30.169337000Z,Authentication,166,34,-60,920,0,11,0,0,0,0,0,0,0,0
9628,2026-06-26T09:54:30.185884000Z,Authentication,166,34,-19,920,0,11,0,0,0,0,0,0,720,0
9629,2026-06-26T09:54:30.192292000Z,Authentication,166,34,-18,920,0,11,0,0,1,0,0,0,720,0
9630,2026-06-26T09:54:30.198905000Z,Authentication,166,34,-18,920,0,11,0,0,1,0,0,0,720,0
9631,2026-06-26T09:54:30.205310000Z,Authentication,166,34,-18,920,0,11,0,0,1,0,0,0,720,0
9632,2026-06-26T09:54:30.355569000Z,S1G Beacon,61,34,-21,920,3,1,,,,,,,0,0
9633,2026-06-26T09:54:30.429435000Z,Authentication,166,34,-62,920,0,11,0,0,0,0,0,0,0,0
9634,2026-06-26T09:54:30.445675000Z,Authentication,166,34,-22,920,0,11,0,0,0,0,0,0,720,0
9635,2026-06-26T09:54:30.458904000Z,Authentication,166,34,-24,920,0,11,0,0,1,0,0,0,720,0
9636,2026-06-26T09:54:30.691608000Z,Authentication,166,34,-59,920,0,11,0,0,0,0,0,0,0,0
9637,2026-06-26T09:54:30.705507000Z,Authentication,166,34,-28,920,0,11,0,0,0,0,0,0,720,0
9638,2026-06-26T09:54:30.712279000Z,Authentication,166,34,-27,920,0,11,0,0,1,0,0,0,720,0
9639,2026-06-26T09:54:30.718841000Z,Authentication,166,34,-28,920,0,11,0,0,1,0,0,0,720,0
9640,2026-06-26T09:54:30.725557000Z,Authentication,166,34,-29,920,0,11,0,0,1,0,0,0,720,0
9641,2026-06-26T09:54:30.935305000Z,Authentication,166,34,-60,920,0,11,0,0,0,0,0,0,0,0
9642,2026-06-26T09:54:30.945503000Z,Authentication,166,34,-22,920,0,11,0,0,0,0,0,0,720,0
9643,2026-06-26T09:54:30.958683000Z,Authentication,166,34,-23,920,0,11,0,0,1,0,0,0,720,0
9644,2026-06-26T09:54:30.965196000Z,Authentication,166,34,-23,920,0,11,0,0,1,0,0,0,720,0
9646,2026-06-26T09:54:31.099306000Z,Data,287,34,-22,920,2,0,0,0,0,0,0,1,0,0
9647,2026-06-26T09:54:31.176597000Z,S1G Beacon,129,34,-22,920,3,1,,,,,,,0,0
9648,2026-06-26T09:54:31.183113000Z,Authentication,166,34,-60,920,0,11,0,0,0,0,0,0,0,0
9649,2026-06-26T09:54:31.196866000Z,Authentication,166,34,-22,920,0,11,0,0,1,0,0,0,720,0
9650,2026-06-26T09:54:31.210076000Z,Authentication,166,34,-23,920,0,11,0,0,1,0,0,0,720,0
9651,2026-06-26T09:54:31.445263000Z,Authentication,166,34,-61,920,0,11,0,0,0,0,0,0,0,0
9652,2026-06-26T09:54:31.462039000Z,Authentication,166,34,-25,920,0,11,0,0,1,0,0,0,720,0
9653,2026-06-26T09:54:31.475215000Z,Authentication,166,34,-25,920,0,11,0,0,1,0,0,0,720,0
9654,2026-06-26T09:54:31.707430000Z,Authentication,166,34,-60,920,0,11,0,0,0,0,0,0,0,0
9655,2026-06-26T09:54:31.722522000Z,Authentication,166,34,-26,920,0,11,0,0,0,0,0,0,720,0
9656,2026-06-26T09:54:31.735962000Z,Authentication,166,34,-24,920,0,11,0,0,1,0,0,0,720,0
9657,2026-06-26T09:54:31.936800000Z,Authentication,166,34,-61,920,0,11,0,0,0,0,0,0,0,0
9658,2026-06-26T09:54:31.952052000Z,Authentication,166,34,-23,920,0,11,0,0,1,0,0,0,720,0
9659,2026-06-26T09:54:31.965386000Z,Authentication,166,34,-24,920,0,11,0,0,1,0,0,0,720,0
9660,2026-06-26T09:54:31.994015000Z,S1G Beacon,61,34,-22,920,3,1,,,,,,,0,0
9661,2026-06-26T09:54:32.198971000Z,Authentication,166,34,-60,920,0,11,0,0,0,0,0,0,0,0
9662,2026-06-26T09:54:32.205979000Z,Authentication,166,34,-20,920,0,11,0,0,0,0,0,0,720,0
9663,2026-06-26T09:54:32.219157000Z,Authentication,166,34,-21,920,0,11,0,0,1,0,0,0,720,0
9664,2026-06-26T09:54:32.225612000Z,Authentication,166,34,-20,920,0,11,0,0,1,0,0,0,720,0
9665,2026-06-26T09:54:32.461090000Z,Authentication,166,34,-60,920,0,11,0,0,0,0,0,0,0,0
9666,2026-06-26T09:54:32.482210000Z,Authentication,166,34,-22,920,0,11,0,0,1,0,0,0,720,0
9667,2026-06-26T09:54:32.495336000Z,Authentication,166,34,-23,920,0,11,0,0,1,0,0,0,720,0
9668,2026-06-26T09:54:32.698666000Z,Authentication,166,34,-59,920,0,11,0,0,0,0,0,0,0,0
9669,2026-06-26T09:54:32.722081000Z,Authentication,166,34,-25,920,0,11,0,0,1,0,0,0,720,0
9670,2026-06-26T09:54:32.728681000Z,Authentication,166,34,-28,920,0,11,0,0,1,0,0,0,720,0
9671,2026-06-26T09:54:32.735246000Z,Authentication,166,34,-27,920,0,11,0,0,1,0,0,0,720,0
9672,2026-06-26T09:54:32.815047000Z,S1G Beacon,129,34,-23,920,3,1,,,,,,,0,0
9673,2026-06-26T09:54:32.952628000Z,Authentication,166,34,-59,920,0,11,0,0,0,0,0,0,0,0
9674,2026-06-26T09:54:32.965581000Z,Authentication,166,34,-21,920,0,11,0,0,0,0,0,0,720,0
9675,2026-06-26T09:54:32.977718000Z,Authentication,166,34,-22,920,0,11,0,0,1,0,0,0,720,0
9676,2026-06-26T09:54:33.214795000Z,Authentication,166,34,-61,920,0,11,0,0,0,0,0,0,0,0
9677,2026-06-26T09:54:33.222589000Z,Authentication,166,34,-19,920,0,11,0,0,0,0,0,0,720,0
9678,2026-06-26T09:54:33.229153000Z,Authentication,166,34,-18,920,0,11,0,0,1,0,0,0,720,0
9679,2026-06-26T09:54:33.235662000Z,Authentication,166,34,-19,920,0,11,0,0,1,0,0,0,720,0
9680,2026-06-26T09:54:33.242171000Z,Authentication,166,34,-18,920,0,11,0,0,1,0,0,0,720,0
9681,2026-06-26T09:54:33.465654000Z,Authentication,166,34,-60,920,0,11,0,0,0,0,0,0,0,0
9682,2026-06-26T09:54:33.475577000Z,Authentication,166,34,-19,920,0,11,0,0,0,0,0,0,720,0
9683,2026-06-26T09:54:33.481985000Z,Authentication,166,34,-18,920,0,11,0,0,1,0,0,0,720,0
9684,2026-06-26T09:54:33.488756000Z,Authentication,166,34,-19,920,0,11,0,0,1,0,0,0,720,0
9685,2026-06-26T09:54:33.495215000Z,Authentication,166,34,-17,920,0,11,0,0,1,0,0,0,720,0
9686,2026-06-26T09:54:33.632467000Z,S1G Beacon,61,34,-17,920,3,1,,,,,,,0,0
9687,2026-06-26T09:54:33.706301000Z,Authentication,166,34,-61,920,0,11,0,0,0,0,0,0,0,0
9688,2026-06-26T09:54:33.968455000Z,Authentication,166,34,-60,920,0,11,0,0,0,0,0,0,0,0
9689,2026-06-26T09:54:33.993548000Z,QoS Data,149,34,-19,920,2,8,1,0,0,0,0,1,720,0
9692,2026-06-26T09:54:34.001353000Z,QoS Data,131,34,-14,920,2,8,1,0,0,0,0,1,720,0
9695,2026-06-26T09:54:34.039134000Z,QoS Data,128,34,-20,920,2,8,1,0,0,0,0,1,720,0
9698,2026-06-26T09:54:34.122076000Z,Data,287,34,-18,920,2,0,0,0,0,0,0,1,0,0
9699,2026-06-26T09:54:34.230614000Z,Authentication,166,34,-59,920,0,11,0,0,0,0,0,0,0,0
9700,2026-06-26T09:54:34.453493000Z,S1G Beacon,129,34,-17,920,3,1,,,,,,,0,0
9701,2026-06-26T09:54:34.459980000Z,Authentication,166,34,-59,920,0,11,0,0,0,0,0,0,0,0
9702,2026-06-26T09:54:34.475598000Z,Authentication,166,34,-18,920,0,11,0,0,0,0,0,0,720,0
9703,2026-06-26T09:54:34.482106000Z,Authentication,166,34,-18,920,0,11,0,0,1,0,0,0,720,0
9704,2026-06-26T09:54:34.487839000Z,Authentication,166,34,-18,920,0,11,0,0,1,0,0,0,720,0
9705,2026-06-26T09:54:34.494248000Z,Authentication,166,34,-19,920,0,11,0,0,1,0,0,0,720,0
9706,2026-06-26T09:54:34.984315000Z,Authentication,166,34,-60,920,0,11,0,0,0,0,0,0,0,0
9707,2026-06-26T09:54:34.995576000Z,Authentication,166,34,-18,920,0,11,0,0,0,0,0,0,720,0
9708,2026-06-26T09:54:35.001830000Z,Authentication,166,34,-18,920,0,11,0,0,1,0,0,0,720,0
9709,2026-06-26T09:54:35.008339000Z,Authentication,166,34,-18,920,0,11,0,0,1,0,0,0,720,0
9710,2026-06-26T09:54:35.015007000Z,Authentication,166,34,-18,920,0,11,0,0,1,0,0,0,720,0
9711,2026-06-26T09:54:35.226976000Z,Authentication,166,34,-62,920,0,11,0,0,0,0,0,0,0,0
9712,2026-06-26T09:54:35.235959000Z,Authentication,166,34,-30,920,0,11,0,0,0,0,0,0,720,0
9713,2026-06-26T09:54:35.242419000Z,Authentication,166,34,-29,920,0,11,0,0,1,0,0,0,720,0
9714,2026-06-26T09:54:35.248564000Z,Authentication,166,34,-30,920,0,11,0,0,1,0,0,0,720,0
9715,2026-06-26T09:54:35.255026000Z,Authentication,166,34,-31,920,0,11,0,0,1,0,0,0,720,0
9716,2026-06-26T09:54:35.270922000Z,S1G Beacon,61,34,-31,920,3,1,,,,,,,0,0
9717,2026-06-26T09:54:35.737960000Z,Authentication,166,34,-60,920,0,11,0,0,0,0,0,0,0,0
9718,2026-06-26T09:54:35.755546000Z,Authentication,166,34,-29,920,0,11,0,0,0,0,0,0,720,0
9719,2026-06-26T09:54:35.762000000Z,Authentication,166,34,-29,920,0,11,0,0,1,0,0,0,720,0
9720,2026-06-26T09:54:35.768716000Z,Authentication,166,34,-28,920,0,11,0,0,1,0,0,0,720,0
9721,2026-06-26T09:54:35.775128000Z,Authentication,166,34,-30,920,0,11,0,0,1,0,0,0,720,0
9722,2026-06-26T09:54:35.987826000Z,Authentication,166,34,-61,920,0,11,0,0,0,0,0,0,0,0
9723,2026-06-26T09:54:36.005567000Z,Authentication,166,34,-21,920,0,11,0,0,0,0,0,0,720,0
9724,2026-06-26T09:54:36.017960000Z,Authentication,166,34,-23,920,0,11,0,0,1,0,0,0,720,0
9725,2026-06-26T09:54:36.091936000Z,S1G Beacon,129,34,-19,920,3,1,,,,,,,0,0
9726,2026-06-26T09:54:36.229487000Z,Authentication,166,34,-60,920,0,11,0,0,0,0,0,0,0,0
9727,2026-06-26T09:54:36.245979000Z,Authentication,166,34,-19,920,0,11,0,0,0,0,0,0,720,0
9728,2026-06-26T09:54:36.252537000Z,Authentication,166,34,-18,920,0,11,0,0,1,0,0,0,720,0
9729,2026-06-26T09:54:36.258221000Z,Authentication,166,34,-16,920,0,11,0,0,1,0,0,0,720,0
9730,2026-06-26T09:54:36.263428000Z,Authentication,166,34,-18,920,0,11,0,0,1,0,0,0,720,0
9731,2026-06-26T09:54:36.491638000Z,Authentication,166,34,-60,920,0,11,0,0,0,0,0,0,0,0
9732,2026-06-26T09:54:36.505641000Z,Authentication,166,34,-18,920,0,11,0,0,0,0,0,0,720,0
9733,2026-06-26T09:54:36.512307000Z,Authentication,166,34,-17,920,0,11,0,0,1,0,0,0,720,0
9734,2026-06-26T09:54:36.518974000Z,Authentication,166,34,-17,920,0,11,0,0,1,0,0,0,720,0
9735,2026-06-26T09:54:36.525435000Z,Authentication,166,34,-16,920,0,11,0,0,1,0,0,0,720,0
9736,2026-06-26T09:54:36.753783000Z,Authentication,166,34,-60,920,0,11,0,0,0,0,0,0,0,0
9737,2026-06-26T09:54:36.765631000Z,Authentication,166,34,-15,920,0,11,0,0,0,0,0,0,720,0
9738,2026-06-26T09:54:36.772141000Z,Authentication,166,34,-16,920,0,11,0,0,1,0,0,0,720,0
9739,2026-06-26T09:54:36.778652000Z,Authentication,166,34,-13,920,0,11,0,0,1,0,0,0,720,0
9740,2026-06-26T09:54:36.785322000Z,Authentication,166,34,-14,920,0,11,0,0,1,0,0,0,720,0
9741,2026-06-26T09:54:36.909401000Z,S1G Beacon,61,34,-16,920,3,1,,,,,,,0,0
9742,2026-06-26T09:54:36.992391000Z,Authentication,166,34,-60,920,0,11,0,0,0,0,0,0,0,0
9743,2026-06-26T09:54:37.005608000Z,Authentication,166,34,-16,920,0,11,0,0,0,0,0,0,720,0
9744,2026-06-26T09:54:37.012172000Z,Authentication,166,34,-15,920,0,11,0,0,1,0,0,0,720,0
9745,2026-06-26T09:54:37.018941000Z,Authentication,166,34,-16,920,0,11,0,0,1,0,0,0,720,0
9746,2026-06-26T09:54:37.025451000Z,Authentication,166,34,-15,920,0,11,0,0,1,0,0,0,720,0
9747,2026-06-26T09:54:37.146706000Z,Data,287,34,-15,920,2,0,0,0,0,0,0,1,0,0
9748,2026-06-26T09:54:37.245317000Z,Authentication,166,34,-60,920,0,11,0,0,0,0,0,0,0,0
9749,2026-06-26T09:54:37.507472000Z,Authentication,166,34,-60,920,0,11,0,0,0,0,0,0,0,0
9750,2026-06-26T09:54:37.730393000Z,S1G Beacon,129,34,-16,920,3,1,,,,,,,0,0
9751,2026-06-26T09:54:37.747078000Z,Authentication,166,34,-60,920,0,11,0,0,0,0,0,0,0,0
9752,2026-06-26T09:54:37.999017000Z,Authentication,166,34,-63,920,0,11,0,0,0,0,0,0,0,0
9753,2026-06-26T09:54:38.015599000Z,Authentication,166,34,-15,920,0,11,0,0,0,0,0,0,720,0
9754,2026-06-26T09:54:38.022372000Z,Authentication,166,34,-15,920,0,11,0,0,1,0,0,0,720,0
9755,2026-06-26T09:54:38.029092000Z,Authentication,166,34,-16,920,0,11,0,0,1,0,0,0,720,0
9756,2026-06-26T09:54:38.035604000Z,Authentication,166,34,-16,920,0,11,0,0,1,0,0,0,720,0
9757,2026-06-26T09:54:38.261148000Z,Authentication,166,34,-62,920,0,11,0,0,0,0,0,0,0,0
9758,2026-06-26T09:54:38.275736000Z,Authentication,166,34,-14,920,0,11,0,0,0,0,0,0,720,0
9759,2026-06-26T09:54:38.282147000Z,Authentication,166,34,-15,920,0,11,0,0,1,0,0,0,720,0
9760,2026-06-26T09:54:38.288763000Z,Authentication,166,34,-14,920,0,11,0,0,1,0,0,0,720,0
9761,2026-06-26T09:54:38.295272000Z,Authentication,166,34,-14,920,0,11,0,0,1,0,0,0,720,0
9762,2026-06-26T09:54:38.523303000Z,Authentication,166,34,-61,920,0,11,0,0,0,0,0,0,0,0
9763,2026-06-26T09:54:38.535740000Z,Authentication,166,34,-16,920,0,11,0,0,0,0,0,0,720,0
9764,2026-06-26T09:54:38.542455000Z,Authentication,166,34,-15,920,0,11,0,0,1,0,0,0,720,0
9765,2026-06-26T09:54:38.547815000Z,S1G Beacon,61,34,-16,920,3,1,,,,,,,0,0
9766,2026-06-26T09:54:38.552414000Z,Authentication,166,34,-15,920,0,11,0,0,1,0,0,0,720,0
9767,2026-06-26T09:54:38.558822000Z,Authentication,166,34,-16,920,0,11,0,0,1,0,0,0,720,0
9768,2026-06-26T09:54:38.752675000Z,Authentication,166,34,-60,920,0,11,0,0,0,0,0,0,0,0
9769,2026-06-26T09:54:38.765689000Z,Authentication,166,34,-16,920,0,11,0,0,0,0,0,0,720,0
9770,2026-06-26T09:54:38.772148000Z,Authentication,166,34,-15,920,0,11,0,0,1,0,0,0,720,0
9771,2026-06-26T09:54:38.778554000Z,Authentication,166,34,-15,920,0,11,0,0,1,0,0,0,720,0
9772,2026-06-26T09:54:38.785062000Z,Authentication,166,34,-15,920,0,11,0,0,1,0,0,0,720,0
9773,2026-06-26T09:54:39.014851000Z,Authentication,166,34,-62,920,0,11,0,0,0,0,0,0,0,0
9774,2026-06-26T09:54:39.016335000Z,QoS Data,116,34,-16,920,2,8,1,0,0,0,0,1,720,0
9776,2026-06-26T09:54:39.021801000Z,QoS Data,149,34,-19,920,2,8,1,0,1,0,0,1,720,0
9778,2026-06-26T09:54:39.024608000Z,QoS Data,116,34,-19,920,2,8,0,0,1,0,0,1,720,0
9779,2026-06-26T09:54:39.031000000Z,QoS Data,116,34,-19,920,2,8,0,0,1,0,0,1,720,0
9781,2026-06-26T09:54:39.033108000Z,QoS Data,149,34,-19,920,2,8,0,0,0,0,0,1,720,0
9783,2026-06-26T09:54:39.036284000Z,QoS Data,149,34,-18,920,2,8,0,0,1,0,0,1,720,0
9785,2026-06-26T09:54:39.038533000Z,QoS Data,149,34,-19,920,2,8,0,0,1,0,0,1,720,0
9786,2026-06-26T09:54:39.040408000Z,QoS Data,116,34,-14,920,2,8,1,0,0,0,0,1,720,0
9788,2026-06-26T09:54:39.042531000Z,QoS Data,131,34,-16,920,2,8,1,0,0,0,0,1,720,0
9790,2026-06-26T09:54:39.050346000Z,QoS Data,149,34,-19,920,2,8,0,0,1,0,0,1,720,0
9792,2026-06-26T09:54:39.052502000Z,QoS Data,124,42,-19,920,2,8,0,0,0,0,0,1,720,0
9793,2026-06-26T09:54:39.052652000Z,QoS Data,139,42,-19,920,2,8,0,0,0,0,0,1,720,0
9795,2026-06-26T09:54:39.276982000Z,Authentication,166,34,-60,920,0,11,0,0,0,0,0,0,0,0
9796,2026-06-26T09:54:39.285667000Z,Authentication,166,34,-15,920,0,11,0,0,0,0,0,0,720,0
9797,2026-06-26T09:54:39.292131000Z,Authentication,166,34,-16,920,0,11,0,0,1,0,0,0,720,0
9798,2026-06-26T09:54:39.294139000Z,QoS Data,128,34,-17,920,2,8,1,0,0,0,0,1,720,0
9800,2026-06-26T09:54:39.299658000Z,Authentication,166,34,-15,920,0,11,0,0,1,0,0,0,720,0
9801,2026-06-26T09:54:39.306223000Z,Authentication,166,34,-16,920,0,11,0,0,1,0,0,0,720,0
9802,2026-06-26T09:54:39.350544000Z,QoS Data,128,34,-19,920,2,8,0,0,0,0,0,1,720,0
9804,2026-06-26T09:54:39.368839000Z,S1G Beacon,129,34,-16,920,3,1,,,,,,,0,0
9805,2026-06-26T09:54:39.506368000Z,Authentication,166,34,-60,920,0,11,0,0,0,0,0,0,0,0
9806,2026-06-26T09:54:39.515716000Z,Authentication,166,34,-15,920,0,11,0,0,0,0,0,0,720,0
9807,2026-06-26T09:54:39.522285000Z,Authentication,166,34,-16,920,0,11,0,0,1,0,0,0,720,0
9808,2026-06-26T09:54:39.528740000Z,Authentication,166,34,-15,920,0,11,0,0,1,0,0,0,720,0
9809,2026-06-26T09:54:39.535411000Z,Authentication,166,34,-16,920,0,11,0,0,1,0,0,0,720,0
9810,2026-06-26T09:54:39.768499000Z,Authentication,166,34,-62,920,0,11,0,0,0,0,0,0,0,0
9811,2026-06-26T09:54:39.785623000Z,Authentication,166,34,-16,920,0,11,0,0,0,0,0,0,720,0
9812,2026-06-26T09:54:39.791048000Z,Authentication,166,34,-15,920,0,11,0,0,1,0,0,0,720,0
9813,2026-06-26T09:54:39.797818000Z,Authentication,166,34,-17,920,0,11,0,0,1,0,0,0,720,0
9814,2026-06-26T09:54:39.804592000Z,Authentication,166,34,-15,920,0,11,0,0,1,0,0,0,720,0
9815,2026-06-26T09:54:40.030680000Z,Authentication,166,34,-62,920,0,11,0,0,0,0,0,0,0,0
9816,2026-06-26T09:54:40.170247000Z,Data,287,34,-17,920,2,0,0,0,0,0,0,1,0,0
9817,2026-06-26T09:54:40.186266000Z,S1G Beacon,61,34,-16,920,3,1,,,,,,,0,0
9818,2026-06-26T09:54:40.309115000Z,Data,378,34,-15,920,2,0,0,0,0,0,0,1,0,0
9819,2026-06-26T09:54:40.412931000Z,Data,387,34,-16,920,2,0,0,0,0,0,0,1,0,0
9820,2026-06-26T09:54:40.518631000Z,Data,450,34,-16,920,2,0,0,0,0,0,0,1,0,0
9821,2026-06-26T09:54:40.622701000Z,Data,442,34,-17,920,2,0,0,0,0,0,0,1,0,0
9822,2026-06-26T09:54:40.725059000Z,Data,387,34,-15,920,2,0,0,0,0,0,0,1,0,0
9823,2026-06-26T09:54:40.784339000Z,Authentication,166,34,-61,920,0,11,0,0,0,0,0,0,0,0
9824,2026-06-26T09:54:40.830156000Z,Data,426,34,-16,920,2,0,0,0,0,0,0,1,0,0
9825,2026-06-26T09:54:40.934867000Z,Data,458,34,-18,920,2,0,0,0,0,0,0,1,0,0
9826,2026-06-26T09:54:41.007407000Z,S1G Beacon,129,34,-15,920,3,1,,,,,,,0,0
9827,2026-06-26T09:54:41.037065000Z,Data,387,34,-16,920,2,0,0,0,0,0,0,1,0,0
9828,2026-06-26T09:54:41.142992000Z,Data,446,34,-16,920,2,0,0,0,0,0,0,1,0,0
9829,2026-06-26T09:54:41.246550000Z,Data,440,34,-16,920,2,0,0,0,0,0,0,1,0,0
9830,2026-06-26T09:54:41.275898000Z,Authentication,166,34,-61,920,0,11,0,0,0,0,0,0,0,0
9831,2026-06-26T09:54:41.349050000Z,Data,387,34,-16,920,2,0,0,0,0,0,0,1,0,0
9832,2026-06-26T09:54:41.454432000Z,Data,442,34,-15,920,2,0,0,0,0,0,0,1,0,0
9833,2026-06-26T09:54:41.538023000Z,Authentication,166,34,-60,920,0,11,0,0,0,0,0,0,0,0
9834,2026-06-26T09:54:41.558757000Z,Data,452,34,-16,920,2,0,0,0,0,0,0,1,0,0
9835,2026-06-26T09:54:41.800161000Z,Authentication,166,34,-60,920,0,11,0,0,0,0,0,0,0,0
9836,2026-06-26T09:54:41.824719000Z,S1G Beacon,61,34,-15,920,3,1,,,,,,,0,0
9837,2026-06-26T09:54:42.029551000Z,Authentication,166,34,-60,920,0,11,0,0,0,0,0,0,0,0
9838,2026-06-26T09:54:42.291713000Z,Authentication,166,34,-61,920,0,11,0,0,0,0,0,0,0,0
9839,2026-06-26T09:54:42.553848000Z,Authentication,166,34,-60,920,0,11,0,0,0,0,0,0,0,0
9840,2026-06-26T09:54:42.645756000Z,S1G Beacon,129,34,-15,920,3,1,,,,,,,0,0
9841,2026-06-26T09:54:42.798581000Z,Authentication,166,34,-60,920,0,11,0,0,0,0,0,0,0,0
9842,2026-06-26T09:54:43.045379000Z,Authentication,166,34,-61,920,0,11,0,0,0,0,0,0,0,0
9843,2026-06-26T09:54:43.194267000Z,Data,287,34,-14,920,2,0,0,0,0,0,0,1,0,0
9844,2026-06-26T09:54:43.307526000Z,Authentication,166,34,-60,920,0,11,0,0,0,0,0,0,0,0
9845,2026-06-26T09:54:43.316064000Z,Authentication,166,34,-14,920,0,11,0,0,0,0,0,0,720,0
9846,2026-06-26T09:54:43.322671000Z,Authentication,166,34,-15,920,0,11,0,0,1,0,0,0,720,0
9847,2026-06-26T09:54:43.329390000Z,Authentication,166,34,-15,920,0,11,0,0,1,0,0,0,720,0
9848,2026-06-26T09:54:43.335749000Z,Authentication,166,34,-13,920,0,11,0,0,1,0,0,0,720,0
9849,2026-06-26T09:54:43.463168000Z,S1G Beacon,61,34,-14,920,3,1,,,,,,,0,0
9850,2026-06-26T09:54:43.569675000Z,Authentication,166,34,-60,920,0,11,0,0,0,0,0,0,0,0
9851,2026-06-26T09:54:43.799055000Z,Authentication,166,34,-59,920,0,11,0,0,0,0,0,0,0,0
9852,2026-06-26T09:54:43.815703000Z,Authentication,166,34,-13,920,0,11,0,0,0,0,0,0,720,0
9853,2026-06-26T09:54:43.822319000Z,Authentication,166,34,-13,920,0,11,0,0,1,0,0,0,720,0
9854,2026-06-26T09:54:43.828829000Z,Authentication,166,34,-13,920,0,11,0,0,1,0,0,0,720,0
9855,2026-06-26T09:54:43.834143000Z,Authentication,166,34,-12,920,0,11,0,0,1,0,0,0,720,0
9856,2026-06-26T09:54:44.061197000Z,Authentication,166,34,-59,920,0,11,0,0,0,0,0,0,0,0
9858,2026-06-26T09:54:44.070986000Z,Authentication,166,34,-15,920,0,11,0,0,0,0,0,0,720,0
9859,2026-06-26T09:54:44.077567000Z,Authentication,166,34,-15,920,0,11,0,0,1,0,0,0,720,0
9860,2026-06-26T09:54:44.083978000Z,Authentication,166,34,-15,920,0,11,0,0,1,0,0,0,720,0
9861,2026-06-26T09:54:44.087364000Z,QoS Data,150,34,-19,920,2,8,0,0,0,0,0,1,720,0
9863,2026-06-26T09:54:44.092672000Z,Authentication,166,34,-15,920,0,11,0,0,1,0,0,0,720,0
9864,2026-06-26T09:54:44.094890000Z,QoS Data,131,34,-16,920,2,8,1,0,0,0,0,1,720,0
9866,2026-06-26T09:54:44.097271000Z,QoS Data,131,34,-19,920,2,8,0,0,0,0,0,1,720,0
9868,2026-06-26T09:54:44.284211000Z,S1G Beacon,129,34,-16,920,3,1,,,,,,,0,0
9869,2026-06-26T09:54:44.289157000Z,QoS Data,128,34,-26,920,2,8,1,0,0,0,0,1,720,0
9871,2026-06-26T09:54:44.291420000Z,QoS Data,128,34,-19,920,2,8,0,0,0,0,0,1,720,0
9872,2026-06-26T09:54:44.299698000Z,QoS Data,128,34,-21,920,2,8,0,0,1,0,0,1,720,0
9874,2026-06-26T09:54:44.323356000Z,Authentication,166,34,-58,920,0,11,0,0,0,0,0,0,0,0
9875,2026-06-26T09:54:44.335796000Z,Authentication,166,34,-17,920,0,11,0,0,0,0,0,0,720,0
9876,2026-06-26T09:54:44.342461000Z,Authentication,166,34,-16,920,0,11,0,0,1,0,0,0,720,0
9877,2026-06-26T09:54:44.348915000Z,Authentication,166,34,-17,920,0,11,0,0,1,0,0,0,720,0
9878,2026-06-26T09:54:44.355378000Z,Authentication,166,34,-16,920,0,11,0,0,1,0,0,0,720,0
9879,2026-06-26T09:54:44.558873000Z,Authentication,166,34,-60,920,0,11,0,0,0,0,0,0,0,0
9880,2026-06-26T09:54:44.575734000Z,Authentication,166,34,-16,920,0,11,0,0,0,0,0,0,720,0
9881,2026-06-26T09:54:44.581566000Z,Authentication,166,34,-15,920,0,11,0,0,1,0,0,0,720,0
9882,2026-06-26T09:54:44.588130000Z,Authentication,166,34,-16,920,0,11,0,0,1,0,0,0,720,0
9883,2026-06-26T09:54:44.593969000Z,Authentication,166,34,-16,920,0,11,0,0,1,0,0,0,720,0
9884,2026-06-26T09:54:44.814880000Z,Authentication,166,34,-61,920,0,11,0,0,0,0,0,0,0,0
9885,2026-06-26T09:54:44.822896000Z,Authentication,166,34,-14,920,0,11,0,0,0,0,0,0,720,0
9886,2026-06-26T09:54:44.829356000Z,Authentication,166,34,-13,920,0,11,0,0,1,0,0,0,720,0
9887,2026-06-26T09:54:44.834672000Z,Authentication,166,34,-14,920,0,11,0,0,1,0,0,0,720,0
9888,2026-06-26T09:54:44.841237000Z,Authentication,166,34,-14,920,0,11,0,0,1,0,0,0,720,0
9889,2026-06-26T09:54:45.077026000Z,Authentication,166,34,-61,920,0,11,0,0,0,0,0,0,0,0
9890,2026-06-26T09:54:45.085816000Z,Authentication,166,34,-12,920,0,11,0,0,0,0,0,0,720,0
9891,2026-06-26T09:54:45.092436000Z,Authentication,166,34,-11,920,0,11,0,0,1,0,0,0,720,0
9892,2026-06-26T09:54:45.102396000Z,S1G Beacon,61,34,-12,920,3,1,,,,,,,0,0
9893,2026-06-26T09:54:45.107256000Z,Authentication,166,34,-12,920,0,11,0,0,1,0,0,0,720,0
9895,2026-06-26T09:54:45.339192000Z,Authentication,166,34,-61,920,0,11,0,0,0,0,0,0,0,0
9896,2026-06-26T09:54:45.355798000Z,Authentication,166,34,-13,920,0,11,0,0,0,0,0,0,720,0
9897,2026-06-26T09:54:45.362457000Z,Authentication,166,34,-13,920,0,11,0,0,1,0,0,0,720,0
9898,2026-06-26T09:54:45.369123000Z,Authentication,166,34,-12,920,0,11,0,0,1,0,0,0,720,0
9899,2026-06-26T09:54:45.375744000Z,Authentication,166,34,-14,920,0,11,0,0,1,0,0,0,720,0
9900,2026-06-26T09:54:45.443254000Z,Disassociation,64,34,-14,920,0,10,0,0,0,0,0,0,720,0
9901,2026-06-26T09:54:45.446627000Z,Disassociation,64,34,-13,920,0,10,0,0,1,0,0,0,720,0
9902,2026-06-26T09:54:45.450731000Z,Disassociation,64,34,-13,920,0,10,0,0,1,0,0,0,720,0
9903,2026-06-26T09:54:45.454521000Z,Disassociation,64,34,-13,920,0,10,0,0,1,0,0,0,720,0
9904,2026-06-26T09:54:45.568554000Z,Authentication,166,34,-59,920,0,11,0,0,0,0,0,0,0,0
9905,2026-06-26T09:54:45.830720000Z,Authentication,166,34,-60,920,0,11,0,0,0,0,0,0,0,0
9906,2026-06-26T09:54:45.846058000Z,Authentication,166,34,-14,920,0,11,0,0,0,0,0,0,720,0
9907,2026-06-26T09:54:45.852728000Z,Authentication,166,34,-15,920,0,11,0,0,1,0,0,0,720,0
9908,2026-06-26T09:54:45.859238000Z,Authentication,166,34,-15,920,0,11,0,0,1,0,0,0,720,0
9909,2026-06-26T09:54:45.865126000Z,Authentication,166,34,-38,920,0,11,0,0,1,0,0,0,720,0
9910,2026-06-26T09:54:45.922648000Z,S1G Beacon,129,34,-15,920,3,1,,,,,,,0,0
9911,2026-06-26T09:54:46.092853000Z,Authentication,166,34,-60,920,0,11,0,0,0,0,0,0,0,0
9912,2026-06-26T09:54:46.100359000Z,Authentication,166,34,-16,920,0,11,0,0,0,0,0,0,720,0
9913,2026-06-26T09:54:46.105617000Z,Authentication,166,34,-16,920,0,11,0,0,1,0,0,0,720,0
9914,2026-06-26T09:54:46.112135000Z,Authentication,166,34,-15,920,0,11,0,0,1,0,0,0,720,0
9915,2026-06-26T09:54:46.118751000Z,Authentication,166,34,-16,920,0,11,0,0,1,0,0,0,720,0
9916,2026-06-26T09:54:46.218497000Z,Data,287,34,-16,920,2,0,0,0,0,0,0,1,0,0
9917,2026-06-26T09:54:46.338626000Z,Authentication,166,34,-59,920,0,11,0,0,0,0,0,0,0,0
9918,2026-06-26T09:54:46.355792000Z,Authentication,166,34,-17,920,0,11,0,0,0,0,0,0,720,0
9919,2026-06-26T09:54:46.362248000Z,Authentication,166,34,-17,920,0,11,0,0,1,0,0,0,720,0
9920,2026-06-26T09:54:46.368915000Z,Authentication,166,34,-17,920,0,11,0,0,1,0,0,0,720,0
9921,2026-06-26T09:54:46.375427000Z,Authentication,166,34,-17,920,0,11,0,0,1,0,0,0,720,0
9922,2026-06-26T09:54:46.584391000Z,Authentication,166,34,-61,920,0,11,0,0,0,0,0,0,0,0
9923,2026-06-26T09:54:46.595839000Z,Authentication,166,34,-19,920,0,11,0,0,0,0,0,0,720,0
9924,2026-06-26T09:54:46.602247000Z,Authentication,166,34,-19,920,0,11,0,0,1,0,0,0,720,0
9925,2026-06-26T09:54:46.608705000Z,Authentication,166,34,-20,920,0,11,0,0,1,0,0,0,720,0
9926,2026-06-26T09:54:46.615423000Z,Authentication,166,34,-18,920,0,11,0,0,1,0,0,0,720,0
9927,2026-06-26T09:54:46.740069000Z,S1G Beacon,61,34,-19,920,3,1,,,,,,,0,0
9928,2026-06-26T09:54:46.846543000Z,Authentication,166,34,-61,920,0,11,0,0,0,0,0,0,0,0
9929,2026-06-26T09:54:46.855842000Z,Authentication,166,34,-19,920,0,11,0,0,0,0,0,0,720,0
9930,2026-06-26T09:54:46.862508000Z,Authentication,166,34,-19,920,0,11,0,0,1,0,0,0,720,0
9931,2026-06-26T09:54:46.869226000Z,Authentication,166,34,-19,920,0,11,0,0,1,0,0,0,720,0
9932,2026-06-26T09:54:46.875736000Z,Authentication,166,34,-19,920,0,11,0,0,1,0,0,0,720,0
9933,2026-06-26T09:54:47.108680000Z,Authentication,166,34,-61,920,0,11,0,0,0,0,0,0,0,0
9935,2026-06-26T09:54:47.143172000Z,Authentication,166,34,-19,920,0,11,0,0,0,0,0,0,720,0
9936,2026-06-26T09:54:47.149109000Z,Authentication,166,34,-18,920,0,11,0,0,1,0,0,0,720,0
9937,2026-06-26T09:54:47.155621000Z,Authentication,166,34,-16,920,0,11,0,0,1,0,0,0,720,0
9938,2026-06-26T09:54:47.162132000Z,Authentication,166,34,-17,920,0,11,0,0,1,0,0,0,720,0
9939,2026-06-26T09:54:47.346281000Z,Authentication,166,34,-59,920,0,11,0,0,0,0,0,0,0,0
9940,2026-06-26T09:54:47.355895000Z,Authentication,166,34,-18,920,0,11,0,0,0,0,0,0,720,0
9941,2026-06-26T09:54:47.361676000Z,Authentication,166,34,-18,920,0,11,0,0,1,0,0,0,720,0
9942,2026-06-26T09:54:47.368342000Z,Authentication,166,34,-17,920,0,11,0,0,1,0,0,0,720,0
9943,2026-06-26T09:54:47.374854000Z,Authentication,166,34,-18,920,0,11,0,0,1,0,0,0,720,0
9944,2026-06-26T09:54:47.561094000Z,S1G Beacon,129,34,-18,920,3,1,,,,,,,0,0
9945,2026-06-26T09:54:47.862371000Z,Authentication,166,34,-60,920,0,11,0,0,0,0,0,0,0,0
9946,2026-06-26T09:54:47.875859000Z,Authentication,166,34,-20,920,0,11,0,0,0,0,0,0,720,0
9947,2026-06-26T09:54:47.882370000Z,Authentication,166,34,-19,920,0,11,0,0,1,0,0,0,720,0
9948,2026-06-26T09:54:47.888931000Z,Authentication,166,34,-18,920,0,11,0,0,1,0,0,0,720,0
9949,2026-06-26T09:54:47.895546000Z,Authentication,166,34,-19,920,0,11,0,0,1,0,0,0,720,0
9950,2026-06-26T09:54:48.119390000Z,Authentication,166,34,-62,920,0,11,0,0,0,0,0,0,0,0
9951,2026-06-26T09:54:48.135866000Z,Authentication,166,34,-18,920,0,11,0,0,0,0,0,0,720,0
9952,2026-06-26T09:54:48.142639000Z,Authentication,166,34,-18,920,0,11,0,0,1,0,0,0,720,0
9953,2026-06-26T09:54:48.149046000Z,Authentication,166,34,-18,920,0,11,0,0,1,0,0,0,720,0
9954,2026-06-26T09:54:48.155718000Z,Authentication,166,34,-18,920,0,11,0,0,1,0,0,0,720,0
9955,2026-06-26T09:54:48.353902000Z,Authentication,166,34,-59,920,0,11,0,0,0,0,0,0,0,0
9956,2026-06-26T09:54:48.365818000Z,Authentication,166,34,-16,920,0,11,0,0,0,0,0,0,720,0
9957,2026-06-26T09:54:48.372485000Z,Authentication,166,34,-15,920,0,11,0,0,1,0,0,0,720,0
9958,2026-06-26T09:54:48.378521000Z,S1G Beacon,61,34,-15,920,3,1,,,,,,,0,0
9959,2026-06-26T09:54:48.389576000Z,Authentication,166,34,-16,920,0,11,0,0,1,0,0,0,720,0
9960,2026-06-26T09:54:48.616049000Z,Authentication,166,34,-65,920,0,11,0,0,0,0,0,0,0,0
9961,2026-06-26T09:54:48.623024000Z,Authentication,166,34,-15,920,0,11,0,0,0,0,0,0,720,0
9962,2026-06-26T09:54:48.630004000Z,Authentication,166,34,-15,920,0,11,0,0,1,0,0,0,720,0
9963,2026-06-26T09:54:48.636406000Z,Authentication,166,34,-16,920,0,11,0,0,1,0,0,0,720,0
9964,2026-06-26T09:54:48.642921000Z,Authentication,166,34,-15,920,0,11,0,0,1,0,0,0,720,0
9965,2026-06-26T09:54:48.878194000Z,Authentication,166,34,-62,920,0,11,0,0,0,0,0,0,0,0
9967,2026-06-26T09:54:49.113131000Z,QoS Data,149,34,-19,920,2,8,0,0,0,0,0,1,720,0
9969,2026-06-26T09:54:49.120369000Z,Authentication,166,34,-60,920,0,11,0,0,0,0,0,0,0,0
9970,2026-06-26T09:54:49.121664000Z,QoS Data,131,34,-12,920,2,8,1,0,0,0,0,1,720,0
9972,2026-06-26T09:54:49.123782000Z,QoS Data,131,34,-19,920,2,8,0,0,0,0,0,1,720,0
9974,2026-06-26T09:54:49.199549000Z,S1G Beacon,129,34,-16,920,3,1,,,,,,,0,0
9975,2026-06-26T09:54:49.242486000Z,Data,287,34,-16,920,2,0,0,0,0,0,0,1,0,0
9976,2026-06-26T09:54:49.289080000Z,QoS Data,128,34,-21,920,2,8,1,0,0,0,0,1,720,0
9978,2026-06-26T09:54:49.291332000Z,QoS Data,128,34,-19,920,2,8,0,0,0,0,0,1,720,0
9980,2026-06-26T09:54:49.369741000Z,Authentication,166,34,-59,920,0,11,0,0,0,0,0,0,0,0
9981,2026-06-26T09:54:49.385887000Z,Authentication,166,34,-16,920,0,11,0,0,0,0,0,0,720,0
9982,2026-06-26T09:54:49.392398000Z,Authentication,166,34,-15,920,0,11,0,0,1,0,0,0,720,0
9983,2026-06-26T09:54:49.398801000Z,Authentication,166,34,-15,920,0,11,0,0,1,0,0,0,720,0
9984,2026-06-26T09:54:49.405314000Z,Authentication,166,34,-14,920,0,11,0,0,1,0,0,0,720,0
9985,2026-06-26T09:54:49.631871000Z,Authentication,166,34,-60,920,0,11,0,0,0,0,0,0,0,0
9986,2026-06-26T09:54:49.645872000Z,Authentication,166,34,-15,920,0,11,0,0,0,0,0,0,720,0
9987,2026-06-26T09:54:49.652071000Z,Authentication,166,34,-16,920,0,11,0,0,1,0,0,0,720,0
9988,2026-06-26T09:54:49.658843000Z,Authentication,166,34,-15,920,0,11,0,0,1,0,0,0,720,0
9989,2026-06-26T09:54:49.665248000Z,Authentication,166,34,-16,920,0,11,0,0,1,0,0,0,720,0
9990,2026-06-26T09:54:49.894051000Z,Authentication,166,34,-59,920,0,11,0,0,0,0,0,0,0,0
9991,2026-06-26T09:54:49.905958000Z,Authentication,166,34,-16,920,0,11,0,0,0,0,0,0,720,0
9992,2026-06-26T09:54:49.911367000Z,Authentication,166,34,-16,920,0,11,0,0,1,0,0,0,720,0
9993,2026-06-26T09:54:49.917828000Z,Authentication,166,34,-16,920,0,11,0,0,1,0,0,0,720,0
9994,2026-06-26T09:54:49.924331000Z,Authentication,166,34,-17,920,0,11,0,0,1,0,0,0,720,0
9995,2026-06-26T09:54:50.016968000Z,S1G Beacon,61,34,-17,920,3,1,,,,,,,0,0
9996,2026-06-26T09:54:50.131591000Z,Authentication,166,34,-60,920,0,11,0,0,0,0,0,0,0,0
9997,2026-06-26T09:54:50.145929000Z,Authentication,166,34,-16,920,0,11,0,0,0,0,0,0,720,0
9998,2026-06-26T09:54:50.152703000Z,Authentication,166,34,-16,920,0,11,0,0,1,0,0,0,720,0
9999,2026-06-26T09:54:50.158328000Z,Authentication,166,34,-16,920,0,11,0,0,1,0,0,0,720,0
10000,2026-06-26T09:54:50.165100000Z,Authentication,166,34,-17,920,0,11,0,0,1,0,0,0,720,0
10001,2026-06-26T09:54:50.385545000Z,Authentication,166,34,-60,920,0,11,0,0,0,0,0,0,0,0
10002,2026-06-26T09:54:50.402642000Z,Authentication,166,34,-21,920,0,11,0,0,1,0,0,0,720,0
10003,2026-06-26T09:54:50.409149000Z,Authentication,166,34,-19,920,0,11,0,0,1,0,0,0,720,0
10004,2026-06-26T09:54:50.647704000Z,Authentication,166,34,-60,920,0,11,0,0,0,0,0,0,0,0
10005,2026-06-26T09:54:50.665864000Z,Authentication,166,34,-18,920,0,11,0,0,0,0,0,0,720,0
10006,2026-06-26T09:54:50.672478000Z,Authentication,166,34,-17,920,0,11,0,0,1,0,0,0,720,0
10007,2026-06-26T09:54:50.678207000Z,Authentication,166,34,-18,920,0,11,0,0,1,0,0,0,720,0
10008,2026-06-26T09:54:50.684822000Z,Authentication,166,34,-18,920,0,11,0,0,1,0,0,0,720,0
10009,2026-06-26T09:54:50.838003000Z,S1G Beacon,129,34,-19,920,3,1,,,,,,,0,0
10010,2026-06-26T09:54:50.892444000Z,Authentication,166,34,-59,920,0,11,0,0,0,0,0,0,0,0
10011,2026-06-26T09:54:50.906185000Z,Authentication,166,34,-18,920,0,11,0,0,0,0,0,0,720,0
10012,2026-06-26T09:54:50.911393000Z,Authentication,166,34,-18,920,0,11,0,0,1,0,0,0,720,0
10013,2026-06-26T09:54:50.918006000Z,Authentication,166,34,-19,920,0,11,0,0,1,0,0,0,720,0
10014,2026-06-26T09:54:50.924208000Z,Authentication,166,34,-18,920,0,11,0,0,1,0,0,0,720,0
10015,2026-06-26T09:54:51.139230000Z,Authentication,166,34,-61,920,0,11,0,0,0,0,0,0,0,0
10016,2026-06-26T09:54:51.155882000Z,Authentication,166,34,-17,920,0,11,0,0,0,0,0,0,720,0
10017,2026-06-26T09:54:51.161295000Z,Authentication,166,34,-18,920,0,11,0,0,1,0,0,0,720,0
10018,2026-06-26T09:54:51.166818000Z,Authentication,166,34,-17,920,0,11,0,0,1,0,0,0,720,0
10019,2026-06-26T09:54:51.173282000Z,Authentication,166,34,-17,920,0,11,0,0,1,0,0,0,720,0
10020,2026-06-26T09:54:51.401385000Z,Authentication,166,34,-60,920,0,11,0,0,0,0,0,0,0,0
10021,2026-06-26T09:54:51.415951000Z,Authentication,166,34,-17,920,0,11,0,0,0,0,0,0,720,0
10022,2026-06-26T09:54:51.422355000Z,Authentication,166,34,-16,920,0,11,0,0,1,0,0,0,720,0
10023,2026-06-26T09:54:51.429022000Z,Authentication,166,34,-15,920,0,11,0,0,1,0,0,0,720,0
10024,2026-06-26T09:54:51.435613000Z,Authentication,166,34,-15,920,0,11,0,0,1,0,0,0,720,0
10025,2026-06-26T09:54:51.655433000Z,S1G Beacon,61,34,-16,920,3,1,,,,,,,0,0
10026,2026-06-26T09:54:51.663524000Z,Authentication,166,34,-60,920,0,11,0,0,0,0,0,0,0,0
10027,2026-06-26T09:54:51.676179000Z,Authentication,166,34,-16,920,0,11,0,0,0,0,0,0,720,0
10028,2026-06-26T09:54:51.682692000Z,Authentication,166,34,-16,920,0,11,0,0,1,0,0,0,720,0
10029,2026-06-26T09:54:51.688213000Z,Authentication,166,34,-17,920,0,11,0,0,1,0,0,0,720,0
10030,2026-06-26T09:54:51.694780000Z,Authentication,166,34,-16,920,0,11,0,0,1,0,0,0,720,0
10031,2026-06-26T09:54:51.892912000Z,Authentication,166,34,-59,920,0,11,0,0,0,0,0,0,0,0
10032,2026-06-26T09:54:51.905962000Z,Authentication,166,34,-16,920,0,11,0,0,0,0,0,0,720,0
10033,2026-06-26T09:54:51.912494000Z,Authentication,166,34,-16,920,0,11,0,0,1,0,0,0,720,0
10034,2026-06-26T09:54:51.918255000Z,Authentication,166,34,-16,920,0,11,0,0,1,0,0,0,720,0
10035,2026-06-26T09:54:51.923368000Z,Authentication,166,34,-16,920,0,11,0,0,1,0,0,0,720,0
10036,2026-06-26T09:54:52.155055000Z,Authentication,166,34,-59,920,0,11,0,0,0,0,0,0,0,0
10037,2026-06-26T09:54:52.167356000Z,Authentication,166,34,-16,920,0,11,0,0,0,0,0,0,720,0
10038,2026-06-26T09:54:52.173756000Z,Authentication,166,34,-15,920,0,11,0,0,1,0,0,0,720,0
10039,2026-06-26T09:54:52.180326000Z,Authentication,166,34,-15,920,0,11,0,0,1,0,0,0,720,0
10040,2026-06-26T09:54:52.186777000Z,Authentication,166,34,-15,920,0,11,0,0,1,0,0,0,720,0
10041,2026-06-26T09:54:52.266614000Z,Data,287,34,-15,920,2,0,0,0,0,0,0,1,0,0
10042,2026-06-26T09:54:52.417209000Z,Authentication,166,34,-61,920,0,11,0,0,0,0,0,0,0,0
10043,2026-06-26T09:54:52.426006000Z,Authentication,166,34,-16,920,0,11,0,0,0,0,0,0,720,0
10044,2026-06-26T09:54:52.432622000Z,Authentication,166,34,-16,920,0,11,0,0,1,0,0,0,720,0
10045,2026-06-26T09:54:52.437833000Z,Authentication,166,34,-18,920,0,11,0,0,1,0,0,0,720,0
10046,2026-06-26T09:54:52.444555000Z,Authentication,166,34,-16,920,0,11,0,0,1,0,0,0,720,0
10047,2026-06-26T09:54:52.476469000Z,S1G Beacon,129,34,-17,920,3,1,,,,,,,0,0
10048,2026-06-26T09:54:52.646593000Z,Authentication,166,34,-60,920,0,11,0,0,0,0,0,0,0,0
10049,2026-06-26T09:54:52.655961000Z,Authentication,166,34,-21,920,0,11,0,0,0,0,0,0,720,0
10050,2026-06-26T09:54:52.662416000Z,Authentication,166,34,-20,920,0,11,0,0,1,0,0,0,720,0
10051,2026-06-26T09:54:52.675700000Z,Authentication,166,34,-21,920,0,11,0,0,1,0,0,0,720,0
10052,2026-06-26T09:54:52.908746000Z,Authentication,166,34,-60,920,0,11,0,0,0,0,0,0,0,0
10053,2026-06-26T09:54:52.925937000Z,Authentication,166,34,-27,920,0,11,0,0,0,0,0,0,720,0
10054,2026-06-26T09:54:52.932397000Z,Authentication,166,34,-27,920,0,11,0,0,1,0,0,0,720,0
10055,2026-06-26T09:54:52.938909000Z,Authentication,166,34,-27,920,0,11,0,0,1,0,0,0,720,0
10056,2026-06-26T09:54:52.945627000Z,Authentication,166,34,-27,920,0,11,0,0,1,0,0,0,720,0
10057,2026-06-26T09:54:53.164998000Z,Authentication,166,34,-60,920,0,11,0,0,0,0,0,0,0,0
10058,2026-06-26T09:54:53.175980000Z,Authentication,166,34,-25,920,0,11,0,0,0,0,0,0,720,0
10059,2026-06-26T09:54:53.189105000Z,Authentication,166,34,-24,920,0,11,0,0,1,0,0,0,720,0
10060,2026-06-26T09:54:53.400267000Z,Authentication,166,34,-60,920,0,11,0,0,0,0,0,0,0,0
10061,2026-06-26T09:54:53.422650000Z,Authentication,166,34,-22,920,0,11,0,0,1,0,0,0,720,0
10062,2026-06-26T09:54:53.435888000Z,Authentication,166,34,-23,920,0,11,0,0,1,0,0,0,720,0
10063,2026-06-26T09:54:53.662431000Z,Authentication,166,34,-60,920,0,11,0,0,0,0,0,0,0,0
10064,2026-06-26T09:54:53.682890000Z,Authentication,166,34,-24,920,0,11,0,0,1,0,0,0,720,0
10065,2026-06-26T09:54:53.696057000Z,Authentication,166,34,-23,920,0,11,0,0,1,0,0,0,720,0
10066,2026-06-26T09:54:53.924567000Z,Authentication,166,34,-60,920,0,11,0,0,0,0,0,0,0,0
10067,2026-06-26T09:54:53.942515000Z,Authentication,166,34,-23,920,0,11,0,0,1,0,0,0,720,0
10068,2026-06-26T09:54:53.955120000Z,Authentication,166,34,-23,920,0,11,0,0,1,0,0,0,720,0
10069,2026-06-26T09:54:54.114907000Z,S1G Beacon,129,34,-20,920,3,1,,,,,,,0,0
10070,2026-06-26T09:54:54.136022000Z,QoS Data,149,34,-19,920,2,8,1,0,0,0,0,1,720,0
10073,2026-06-26T09:54:54.143955000Z,QoS Data,131,34,-11,920,2,8,1,0,0,0,0,1,720,0
10075,2026-06-26T09:54:54.146644000Z,QoS Data,131,34,-27,920,2,8,0,0,0,0,0,1,720,0
10079,2026-06-26T09:54:54.416094000Z,Authentication,166,34,-60,920,0,11,0,0,0,0,0,0,0,0
10080,2026-06-26T09:54:54.426197000Z,Authentication,166,34,-19,920,0,11,0,0,0,0,0,0,720,0
10081,2026-06-26T09:54:54.432710000Z,Authentication,166,34,-19,920,0,11,0,0,1,0,0,0,720,0
10082,2026-06-26T09:54:54.446214000Z,Authentication,166,34,-20,920,0,11,0,0,1,0,0,0,720,0
10083,2026-06-26T09:54:54.678246000Z,Authentication,166,34,-59,920,0,11,0,0,0,0,0,0,0,0
10084,2026-06-26T09:54:54.692414000Z,Authentication,166,34,-20,920,0,11,0,0,1,0,0,0,720,0
10085,2026-06-26T09:54:54.698819000Z,Authentication,166,34,-20,920,0,11,0,0,1,0,0,0,720,0
10086,2026-06-26T09:54:54.705539000Z,Authentication,166,34,-19,920,0,11,0,0,1,0,0,0,720,0
10087,2026-06-26T09:54:54.929131000Z,Authentication,166,34,-61,920,0,11,0,0,0,0,0,0,0,0
10088,2026-06-26T09:54:54.938686000Z,Authentication,166,34,-25,920,0,11,0,0,0,0,0,0,720,0
10089,2026-06-26T09:54:54.945404000Z,Authentication,166,34,-20,920,0,11,0,0,1,0,0,0,720,0
10090,2026-06-26T09:54:54.952129000Z,Authentication,166,34,-20,920,0,11,0,0,1,0,0,0,720,0
10091,2026-06-26T09:54:55.169773000Z,Authentication,166,34,-61,920,0,11,0,0,0,0,0,0,0,0
10092,2026-06-26T09:54:55.185958000Z,Authentication,166,34,-21,920,0,11,0,0,0,0,0,0,720,0
10093,2026-06-26T09:54:55.198773000Z,Authentication,166,34,-23,920,0,11,0,0,1,0,0,0,720,0
10094,2026-06-26T09:54:55.290650000Z,Data,287,34,-20,920,2,0,0,0,0,0,0,1,0,0
10095,2026-06-26T09:54:55.431922000Z,Authentication,166,34,-59,920,0,11,0,0,0,0,0,0,0,0
10096,2026-06-26T09:54:55.446072000Z,Authentication,166,34,-18,920,0,11,0,0,0,0,0,0,720,0
10097,2026-06-26T09:54:55.452527000Z,Authentication,166,34,-17,920,0,11,0,0,1,0,0,0,720,0
10098,2026-06-26T09:54:55.458729000Z,Authentication,166,34,-18,920,0,11,0,0,1,0,0,0,720,0
10099,2026-06-26T09:54:55.465239000Z,Authentication,166,34,-19,920,0,11,0,0,1,0,0,0,720,0
10100,2026-06-26T09:54:55.694095000Z,Authentication,166,34,-60,920,0,11,0,0,0,0,0,0,0,0
10101,2026-06-26T09:54:55.753351000Z,S1G Beacon,129,34,-18,920,3,1,,,,,,,0,0
10102,2026-06-26T09:54:55.936938000Z,Authentication,166,34,-60,920,0,11,0,0,0,0,0,0,0,0
10103,2026-06-26T09:54:55.946284000Z,Authentication,166,34,-19,920,0,11,0,0,0,0,0,0,720,0
10104,2026-06-26T09:54:55.959357000Z,Authentication,166,34,-21,920,0,11,0,0,1,0,0,0,720,0
10106,2026-06-26T09:54:56.185611000Z,Authentication,166,34,-60,920,0,11,0,0,0,0,0,0,0,0
10107,2026-06-26T09:54:56.201795000Z,Authentication,166,34,-24,920,0,11,0,0,1,0,0,0,720,0
10108,2026-06-26T09:54:56.214868000Z,Authentication,166,34,-22,920,0,11,0,0,1,0,0,0,720,0
10109,2026-06-26T09:54:56.447754000Z,Authentication,166,34,-59,920,0,11,0,0,0,0,0,0,0,0
10110,2026-06-26T09:54:56.462753000Z,Authentication,166,34,-20,920,0,11,0,0,1,0,0,0,720,0
10111,2026-06-26T09:54:56.475725000Z,Authentication,166,34,-21,920,0,11,0,0,1,0,0,0,720,0
10112,2026-06-26T09:54:56.570774000Z,S1G Beacon,61,34,-19,920,3,1,,,,,,,0,0
10113,2026-06-26T09:54:56.703761000Z,Authentication,166,34,-61,920,0,11,0,0,0,0,0,0,0,0
10114,2026-06-26T09:54:56.716060000Z,Authentication,166,34,-19,920,0,11,0,0,0,0,0,0,720,0
10115,2026-06-26T09:54:56.728391000Z,Authentication,166,34,-21,920,0,11,0,0,1,0,0,0,720,0
10116,2026-06-26T09:54:56.734957000Z,Authentication,166,34,-19,920,0,11,0,0,1,0,0,0,720,0
10117,2026-06-26T09:54:56.939285000Z,Authentication,166,34,-59,920,0,11,0,0,0,0,0,0,0,0
10118,2026-06-26T09:54:56.962812000Z,Authentication,166,34,-23,920,0,11,0,0,1,0,0,0,720,0
10119,2026-06-26T09:54:56.974637000Z,Authentication,166,34,-24,920,0,11,0,0,1,0,0,0,720,0
10120,2026-06-26T09:54:57.201443000Z,Authentication,166,34,-60,920,0,11,0,0,0,0,0,0,0,0
10121,2026-06-26T09:54:57.216986000Z,Authentication,166,34,-25,920,0,11,0,0,1,0,0,0,720,0
10122,2026-06-26T09:54:57.230101000Z,Authentication,166,34,-26,920,0,11,0,0,1,0,0,0,720,0
10123,2026-06-26T09:54:57.450269000Z,Authentication,166,34,-59,920,0,11,0,0,0,0,0,0,0,0
10124,2026-06-26T09:54:57.472805000Z,Authentication,166,34,-24,920,0,11,0,0,1,0,0,0,720,0
10125,2026-06-26T09:54:57.479421000Z,Authentication,166,34,-26,920,0,11,0,0,1,0,0,0,720,0
10126,2026-06-26T09:54:57.692981000Z,Authentication,166,34,-62,920,0,11,0,0,0,0,0,0,0,0
10127,2026-06-26T09:54:57.712615000Z,Authentication,166,34,-25,920,0,11,0,0,1,0,0,0,720,0
10128,2026-06-26T09:54:57.719072000Z,Authentication,166,34,-26,920,0,11,0,0,1,0,0,0,720,0
10129,2026-06-26T09:54:57.955116000Z,Authentication,166,34,-60,920,0,11,0,0,0,0,0,0,0,0
10131,2026-06-26T09:54:57.972654000Z,Authentication,166,34,-23,920,0,11,0,0,1,0,0,0,720,0
10132,2026-06-26T09:54:57.985728000Z,Authentication,166,34,-22,920,0,11,0,0,1,0,0,0,720,0
10133,2026-06-26T09:54:58.209255000Z,S1G Beacon,61,34,-22,920,3,1,,,,,,,0,0
10134,2026-06-26T09:54:58.217260000Z,Authentication,166,34,-60,920,0,11,0,0,0,0,0,0,0,0
10135,2026-06-26T09:54:58.231744000Z,Authentication,166,34,-25,920,0,11,0,0,1,0,0,0,720,0
10136,2026-06-26T09:54:58.238356000Z,Authentication,166,34,-25,920,0,11,0,0,1,0,0,0,720,0
10137,2026-06-26T09:54:58.314764000Z,Data,287,34,-27,920,2,0,0,0,0,0,0,1,0,0
10138,2026-06-26T09:54:58.452784000Z,Authentication,166,34,-60,920,0,11,0,0,0,0,0,0,0,0
10139,2026-06-26T09:54:58.466159000Z,Authentication,166,34,-27,920,0,11,0,0,0,0,0,0,720,0
10140,2026-06-26T09:54:58.472618000Z,Authentication,166,34,-27,920,0,11,0,0,1,0,0,0,720,0
10141,2026-06-26T09:54:58.486159000Z,Authentication,166,34,-24,920,0,11,0,0,1,0,0,0,720,0
10142,2026-06-26T09:54:58.708786000Z,Authentication,166,34,-60,920,0,11,0,0,0,0,0,0,0,0
10143,2026-06-26T09:54:58.723278000Z,Authentication,166,34,-24,920,0,11,0,0,1,0,0,0,720,0
10144,2026-06-26T09:54:58.729885000Z,Authentication,166,34,-27,920,0,11,0,0,1,0,0,0,720,0
10145,2026-06-26T09:54:58.736662000Z,Authentication,166,34,-26,920,0,11,0,0,1,0,0,0,720,0
10146,2026-06-26T09:54:58.970941000Z,Authentication,166,34,-63,920,0,11,0,0,0,0,0,0,0,0
10147,2026-06-26T09:54:58.985678000Z,Authentication,166,34,-23,920,0,11,0,0,1,0,0,0,720,0
10148,2026-06-26T09:54:58.999114000Z,Authentication,166,34,-24,920,0,11,0,0,1,0,0,0,720,0
10149,2026-06-26T09:54:59.030263000Z,S1G Beacon,129,34,-22,920,3,1,,,,,,,0,0
10150,2026-06-26T09:54:59.159140000Z,QoS Data,149,34,-17,920,2,8,1,0,0,0,0,1,720,0
10151,2026-06-26T09:54:59.162313000Z,QoS Data,149,34,-27,920,2,8,0,0,0,0,0,1,720,0
10153,2026-06-26T09:54:59.164963000Z,QoS Data,149,34,-28,920,2,8,0,0,1,0,0,1,720,0
10155,2026-06-26T09:54:59.169206000Z,QoS Data,131,34,-8,920,2,8,1,0,0,0,0,1,720,0
10156,2026-06-26T09:54:59.171535000Z,QoS Data,131,34,-26,920,2,8,0,0,0,0,0,1,720,0
10157,2026-06-26T09:54:59.176105000Z,QoS Data,131,34,-28,920,2,8,0,0,1,0,0,1,720,0
10159,2026-06-26T09:54:59.212614000Z,Authentication,166,34,-62,920,0,11,0,0,0,0,0,0,0,0
10160,2026-06-26T09:54:59.226542000Z,Authentication,166,34,-19,920,0,11,0,0,0,0,0,0,720,0
10161,2026-06-26T09:54:59.240087000Z,Authentication,166,34,-21,920,0,11,0,0,1,0,0,0,720,0
10162,2026-06-26T09:54:59.246544000Z,Authentication,166,34,-20,920,0,11,0,0,1,0,0,0,720,0
10163,2026-06-26T09:54:59.288702000Z,QoS Data,128,34,-17,920,2,8,1,0,0,0,0,1,720,0
10164,2026-06-26T09:54:59.290962000Z,QoS Data,128,34,-24,920,2,8,0,0,0,0,0,1,720,0
10166,2026-06-26T09:54:59.462466000Z,Authentication,166,34,-60,920,0,11,0,0,0,0,0,0,0,0
10167,2026-06-26T09:54:59.476131000Z,Authentication,166,34,-19,920,0,11,0,0,0,0,0,0,720,0
10168,2026-06-26T09:54:59.482692000Z,Authentication,166,34,-19,920,0,11,0,0,1,0,0,0,720,0
10169,2026-06-26T09:54:59.489153000Z,Authentication,166,34,-20,920,0,11,0,0,1,0,0,0,720,0
10170,2026-06-26T09:54:59.494838000Z,Authentication,166,34,-19,920,0,11,0,0,1,0,0,0,720,0
10171,2026-06-26T09:54:59.567028000Z,Disassociation,64,34,-20,920,0,10,0,0,0,0,0,0,720,0
10172,2026-06-26T09:54:59.570821000Z,Disassociation,64,34,-19,920,0,10,0,0,1,0,0,0,720,0
10173,2026-06-26T09:54:59.578558000Z,Disassociation,64,34,-20,920,0,10,0,0,1,0,0,0,720,0
10174,2026-06-26T09:54:59.724623000Z,Authentication,166,34,-60,920,0,11,0,0,0,0,0,0,0,0
10175,2026-06-26T09:54:59.736143000Z,Authentication,166,34,-19,920,0,11,0,0,0,0,0,0,720,0
10176,2026-06-26T09:54:59.749418000Z,Authentication,166,34,-22,920,0,11,0,0,1,0,0,0,720,0
10177,2026-06-26T09:54:59.756171000Z,Authentication,166,34,-19,920,0,11,0,0,1,0,0,0,720,0
10178,2026-06-26T09:54:59.847679000Z,S1G Beacon,61,34,-20,920,3,1,,,,,,,0,0
10179,2026-06-26T09:54:59.980629000Z,Authentication,166,34,-62,920,0,11,0,0,0,0,0,0,0,0
10180,2026-06-26T09:54:59.996109000Z,Authentication,166,34,-21,920,0,11,0,0,0,0,0,0,720,0
10181,2026-06-26T09:55:00.002617000Z,Authentication,166,34,-20,920,0,11,0,0,1,0,0,0,720,0
10182,2026-06-26T09:55:00.009336000Z,Authentication,166,34,-19,920,0,11,0,0,1,0,0,0,720,0
10183,2026-06-26T09:55:00.015744000Z,Authentication,166,34,-22,920,0,11,0,0,1,0,0,0,720,0
10184,2026-06-26T09:55:00.216150000Z,Authentication,166,34,-59,920,0,11,0,0,0,0,0,0,0,0
10185,2026-06-26T09:55:00.232529000Z,Authentication,166,34,-24,920,0,11,0,0,1,0,0,0,720,0
10187,2026-06-26T09:55:00.245697000Z,Authentication,166,34,-24,920,0,11,0,0,1,0,0,0,720,0
10188,2026-06-26T09:55:00.478299000Z,Authentication,166,34,-59,920,0,11,0,0,0,0,0,0,0,0
10189,2026-06-26T09:55:00.491685000Z,Authentication,166,34,-23,920,0,11,0,0,1,0,0,0,720,0
10190,2026-06-26T09:55:00.504709000Z,Authentication,166,34,-22,920,0,11,0,0,1,0,0,0,720,0
10191,2026-06-26T09:55:00.668700000Z,S1G Beacon,129,34,-21,920,3,1,,,,,,,0,0
10192,2026-06-26T09:55:00.740445000Z,Authentication,166,34,-62,920,0,11,0,0,0,0,0,0,0,0
10193,2026-06-26T09:55:00.756179000Z,Authentication,166,34,-21,920,0,11,0,0,0,0,0,0,720,0
10194,2026-06-26T09:55:00.769305000Z,Authentication,166,34,-24,920,0,11,0,0,1,0,0,0,720,0
10195,2026-06-26T09:55:00.775872000Z,Authentication,166,34,-20,920,0,11,0,0,1,0,0,0,720,0
10196,2026-06-26T09:55:00.978023000Z,Authentication,166,34,-60,920,0,11,0,0,0,0,0,0,0,0
10197,2026-06-26T09:55:00.996127000Z,Authentication,166,34,-21,920,0,11,0,0,0,0,0,0,720,0
10198,2026-06-26T09:55:01.002896000Z,Authentication,166,34,-21,920,0,11,0,0,1,0,0,0,720,0
10199,2026-06-26T09:55:01.015920000Z,Authentication,166,34,-22,920,0,11,0,0,1,0,0,0,720,0
10200,2026-06-26T09:55:01.231981000Z,Authentication,166,34,-64,920,0,11,0,0,0,0,0,0,0,0
10201,2026-06-26T09:55:01.253009000Z,Authentication,166,34,-23,920,0,11,0,0,1,0,0,0,720,0
10202,2026-06-26T09:55:01.264625000Z,Authentication,166,34,-22,920,0,11,0,0,1,0,0,0,720,0
10203,2026-06-26T09:55:01.309596000Z,Data,378,34,-22,920,2,0,0,0,0,0,0,1,0,0
10204,2026-06-26T09:55:01.413519000Z,Data,387,34,-21,920,2,0,0,0,0,0,0,1,0,0
10205,2026-06-26T09:55:01.486127000Z,S1G Beacon,61,34,-21,920,3,1,,,,,,,0,0
10206,2026-06-26T09:55:01.494124000Z,Authentication,166,34,-59,920,0,11,0,0,0,0,0,0,0,0
10207,2026-06-26T09:55:01.623357000Z,Data,442,34,-21,920,2,0,0,0,0,0,0,1,0,0
10208,2026-06-26T09:55:01.725612000Z,Data,387,34,-22,920,2,0,0,0,0,0,0,1,0,0
10209,2026-06-26T09:55:01.742959000Z,Authentication,166,34,-62,920,0,11,0,0,0,0,0,0,0,0
10210,2026-06-26T09:55:01.762042000Z,Authentication,166,34,-23,920,0,11,0,0,1,0,0,0,720,0
10211,2026-06-26T09:55:01.775215000Z,Authentication,166,34,-22,920,0,11,0,0,1,0,0,0,720,0
10212,2026-06-26T09:55:01.830797000Z,Data,426,34,-23,920,2,0,0,0,0,0,0,1,0,0
10213,2026-06-26T09:55:01.935680000Z,Data,458,34,-20,920,2,0,0,0,0,0,0,1,0,0
10214,2026-06-26T09:55:01.985653000Z,Authentication,166,34,-60,920,0,11,0,0,0,0,0,0,0,0
10215,2026-06-26T09:55:01.996196000Z,Authentication,166,34,-21,920,0,11,0,0,0,0,0,0,720,0
10216,2026-06-26T09:55:02.009318000Z,Authentication,166,34,-23,920,0,11,0,0,1,0,0,0,720,0
10217,2026-06-26T09:55:02.037719000Z,Data,387,34,-22,920,2,0,0,0,0,0,0,1,0,0
10218,2026-06-26T09:55:02.143148000Z,Data,446,34,-22,920,2,0,0,0,0,0,0,1,0,0
10219,2026-06-26T09:55:02.307156000Z,S1G Beacon,129,34,-22,920,3,1,,,,,,,0,0
10220,2026-06-26T09:55:02.349654000Z,Data,387,34,-22,920,2,0,0,0,0,0,0,1,0,0
10221,2026-06-26T09:55:02.509953000Z,Authentication,166,34,-60,920,0,11,0,0,0,0,0,0,0,0
10222,2026-06-26T09:55:02.523488000Z,Authentication,166,34,-22,920,0,11,0,0,0,0,0,0,720,0
10223,2026-06-26T09:55:02.536897000Z,Authentication,166,34,-22,920,0,11,0,0,1,0,0,0,720,0
10224,2026-06-26T09:55:02.559357000Z,Data,452,34,-23,920,2,0,0,0,0,0,0,1,0,0
10225,2026-06-26T09:55:02.739332000Z,Authentication,166,34,-61,920,0,11,0,0,0,0,0,0,0,0
10226,2026-06-26T09:55:03.001495000Z,Authentication,166,34,-59,920,0,11,0,0,0,0,0,0,0,0
10227,2026-06-26T09:55:03.022673000Z,Authentication,166,34,-22,920,0,11,0,0,1,0,0,0,720,0
10228,2026-06-26T09:55:03.029233000Z,Authentication,166,34,-19,920,0,11,0,0,1,0,0,0,720,0
10229,2026-06-26T09:55:03.124575000Z,S1G Beacon,61,34,-27,920,3,1,,,,,,,0,0
10230,2026-06-26T09:55:03.263629000Z,Authentication,166,34,-59,920,0,11,0,0,0,0,0,0,0,0
10231,2026-06-26T09:55:03.282951000Z,Authentication,166,34,-25,920,0,11,0,0,1,0,0,0,720,0
10232,2026-06-26T09:55:03.294565000Z,Authentication,166,34,-25,920,0,11,0,0,1,0,0,0,720,0
10233,2026-06-26T09:55:03.493020000Z,Authentication,166,34,-61,920,0,11,0,0,0,0,0,0,0,0
10234,2026-06-26T09:55:03.506235000Z,Authentication,166,34,-28,920,0,11,0,0,0,0,0,0,720,0
10235,2026-06-26T09:55:03.519414000Z,Authentication,166,34,-26,920,0,11,0,0,1,0,0,0,720,0
10236,2026-06-26T09:55:03.526182000Z,Authentication,166,34,-27,920,0,11,0,0,1,0,0,0,720,0
10237,2026-06-26T09:55:03.755161000Z,Authentication,166,34,-63,920,0,11,0,0,0,0,0,0,0,0
10238,2026-06-26T09:55:03.766198000Z,Authentication,166,34,-28,920,0,11,0,0,0,0,0,0,720,0
10239,2026-06-26T09:55:03.771515000Z,Authentication,166,34,-27,920,0,11,0,0,1,0,0,0,720,0
10240,2026-06-26T09:55:03.777970000Z,Authentication,166,34,-27,920,0,11,0,0,1,0,0,0,720,0
10241,2026-06-26T09:55:03.784435000Z,Authentication,166,34,-28,920,0,11,0,0,1,0,0,0,720,0
10242,2026-06-26T09:55:03.945627000Z,S1G Beacon,129,34,-28,920,3,1,,,,,,,0,0
10243,2026-06-26T09:55:04.017317000Z,Authentication,166,34,-62,920,0,11,0,0,0,0,0,0,0,0
10244,2026-06-26T09:55:04.187712000Z,QoS Data,148,34,-17,920,2,8,1,0,0,0,0,1,720,0
10246,2026-06-26T09:55:04.189840000Z,QoS Data,148,34,-37,920,2,8,0,0,0,0,0,1,720,0
10248,2026-06-26T09:55:04.195293000Z,QoS Data,131,34,-10,920,2,8,1,0,0,0,0,1,720,0
10250,2026-06-26T09:55:04.198097000Z,QoS Data,131,34,-36,920,2,8,0,0,0,0,0,1,720,0
10252,2026-06-26T09:55:04.248742000Z,Authentication,166,34,-63,920,0,11,0,0,0,0,0,0,0,0
10253,2026-06-26T09:55:04.260044000Z,Authentication,166,34,-30,920,0,11,0,0,0,0,0,0,720,0
10254,2026-06-26T09:55:04.266549000Z,Authentication,166,34,-29,920,0,11,0,0,1,0,0,0,720,0
10255,2026-06-26T09:55:04.273165000Z,Authentication,166,34,-30,920,0,11,0,0,1,0,0,0,720,0
10256,2026-06-26T09:55:04.279884000Z,Authentication,166,34,-29,920,0,11,0,0,1,0,0,0,720,0
10257,2026-06-26T09:55:04.288807000Z,QoS Data,128,34,-18,920,2,8,1,0,0,0,0,1,720,0
10259,2026-06-26T09:55:04.292037000Z,QoS Data,128,34,-32,920,2,8,0,0,0,0,0,1,720,0
10261,2026-06-26T09:55:04.363053000Z,Data,287,34,-27,920,2,0,0,0,0,0,0,1,0,0
10262,2026-06-26T09:55:04.508849000Z,Authentication,166,34,-62,920,0,11,0,0,0,0,0,0,0,0
10263,2026-06-26T09:55:04.529980000Z,Authentication,166,34,-24,920,0,11,0,0,1,0,0,0,720,0
10264,2026-06-26T09:55:04.535398000Z,Authentication,166,34,-26,920,0,11,0,0,1,0,0,0,720,0
10265,2026-06-26T09:55:04.763021000Z,S1G Beacon,61,34,-28,920,3,1,,,,,,,0,0
10266,2026-06-26T09:55:04.770992000Z,Authentication,166,34,-60,920,0,11,0,0,0,0,0,0,0,0
10267,2026-06-26T09:55:04.786239000Z,Authentication,166,34,-27,920,0,11,0,0,0,0,0,0,720,0
10268,2026-06-26T09:55:04.792711000Z,Authentication,166,34,-27,920,0,11,0,0,1,0,0,0,720,0
10269,2026-06-26T09:55:04.799479000Z,Authentication,166,34,-27,920,0,11,0,0,1,0,0,0,720,0
10270,2026-06-26T09:55:04.806141000Z,Authentication,166,34,-29,920,0,11,0,0,1,0,0,0,720,0
10271,2026-06-26T09:55:05.010635000Z,Authentication,166,34,-61,920,0,11,0,0,0,0,0,0,0,0
10272,2026-06-26T09:55:05.026258000Z,Authentication,166,34,-30,920,0,11,0,0,0,0,0,0,720,0
10273,2026-06-26T09:55:05.032710000Z,Authentication,166,34,-30,920,0,11,0,0,1,0,0,0,720,0
10274,2026-06-26T09:55:05.039543000Z,Authentication,166,34,-28,920,0,11,0,0,1,0,0,0,720,0
10275,2026-06-26T09:55:05.046253000Z,Authentication,166,34,-30,920,0,11,0,0,1,0,0,0,720,0
10276,2026-06-26T09:55:05.262533000Z,Authentication,166,34,-60,920,0,11,0,0,0,0,0,0,0,0
10277,2026-06-26T09:55:05.282670000Z,Authentication,166,34,-23,920,0,11,0,0,1,0,0,0,720,0
10278,2026-06-26T09:55:05.295697000Z,Authentication,166,34,-26,920,0,11,0,0,1,0,0,0,720,0
10279,2026-06-26T09:55:05.524685000Z,Authentication,166,34,-59,920,0,11,0,0,0,0,0,0,0,0
10280,2026-06-26T09:55:05.536539000Z,Authentication,166,34,-28,920,0,11,0,0,0,0,0,0,720,0
10281,2026-06-26T09:55:05.543210000Z,Authentication,166,34,-27,920,0,11,0,0,1,0,0,0,720,0
10282,2026-06-26T09:55:05.549718000Z,Authentication,166,34,-26,920,0,11,0,0,1,0,0,0,720,0
10283,2026-06-26T09:55:05.556387000Z,Authentication,166,34,-28,920,0,11,0,0,1,0,0,0,720,0
10284,2026-06-26T09:55:05.584050000Z,S1G Beacon,129,34,-27,920,3,1,,,,,,,0,0
10285,2026-06-26T09:55:05.786818000Z,Authentication,166,34,-60,920,0,11,0,0,0,0,0,0,0,0
10286,2026-06-26T09:55:05.796281000Z,Authentication,166,34,-28,920,0,11,0,0,0,0,0,0,720,0
10287,2026-06-26T09:55:05.802800000Z,Authentication,166,34,-30,920,0,11,0,0,1,0,0,0,720,0
10288,2026-06-26T09:55:05.808633000Z,Authentication,166,34,-26,920,0,11,0,0,1,0,0,0,720,0
10289,2026-06-26T09:55:05.815406000Z,Authentication,166,34,-30,920,0,11,0,0,1,0,0,0,720,0
10291,2026-06-26T09:55:06.016227000Z,Authentication,166,34,-60,920,0,11,0,0,0,0,0,0,0,0
10292,2026-06-26T09:55:06.023609000Z,Authentication,166,34,-29,920,0,11,0,0,0,0,0,0,720,0
10293,2026-06-26T09:55:06.030007000Z,Authentication,166,34,-29,920,0,11,0,0,1,0,0,0,720,0
10294,2026-06-26T09:55:06.036786000Z,Authentication,166,34,-30,920,0,11,0,0,1,0,0,0,720,0
10295,2026-06-26T09:55:06.043809000Z,Authentication,166,34,-29,920,0,11,0,0,1,0,0,0,720,0
10296,2026-06-26T09:55:06.278363000Z,Authentication,166,34,-59,920,0,11,0,0,0,0,0,0,0,0
10297,2026-06-26T09:55:06.295422000Z,Authentication,166,34,-28,920,0,11,0,0,0,0,0,0,720,0
10298,2026-06-26T09:55:06.301942000Z,Authentication,166,34,-27,920,0,11,0,0,1,0,0,0,720,0
10299,2026-06-26T09:55:06.308856000Z,Authentication,166,34,-27,920,0,11,0,0,1,0,0,0,720,0
10300,2026-06-26T09:55:06.315431000Z,Authentication,166,34,-28,920,0,11,0,0,1,0,0,0,720,0
10301,2026-06-26T09:55:06.401479000Z,S1G Beacon,61,34,-28,920,3,1,,,,,,,0,0
10302,2026-06-26T09:55:06.540515000Z,Authentication,166,34,-60,920,0,11,0,0,0,0,0,0,0,0
10303,2026-06-26T09:55:06.556265000Z,Authentication,166,34,-28,920,0,11,0,0,0,0,0,0,720,0
10304,2026-06-26T09:55:06.562732000Z,Authentication,166,34,-28,920,0,11,0,0,1,0,0,0,720,0
10305,2026-06-26T09:55:06.569179000Z,Authentication,166,34,-27,920,0,11,0,0,1,0,0,0,720,0
10306,2026-06-26T09:55:06.575707000Z,Authentication,166,34,-28,920,0,11,0,0,1,0,0,0,720,0
10307,2026-06-26T09:55:06.771929000Z,Authentication,166,34,-59,920,0,11,0,0,0,0,0,0,0,0
10308,2026-06-26T09:55:06.786282000Z,Authentication,166,34,-21,920,0,11,0,0,0,0,0,0,720,0
10309,2026-06-26T09:55:06.791803000Z,Authentication,166,34,-20,920,0,11,0,0,1,0,0,0,720,0
10310,2026-06-26T09:55:06.798477000Z,Authentication,166,34,-19,920,0,11,0,0,1,0,0,0,720,0
10311,2026-06-26T09:55:06.804925000Z,Authentication,166,34,-20,920,0,11,0,0,1,0,0,0,720,0
10312,2026-06-26T09:55:07.032062000Z,Authentication,166,34,-59,920,0,11,0,0,0,0,0,0,0,0
10313,2026-06-26T09:55:07.052853000Z,Authentication,166,34,-23,920,0,11,0,0,1,0,0,0,720,0
10314,2026-06-26T09:55:07.065676000Z,Authentication,166,34,-24,920,0,11,0,0,1,0,0,0,720,0
10315,2026-06-26T09:55:07.222501000Z,S1G Beacon,129,34,-29,920,3,1,,,,,,,0,0
10316,2026-06-26T09:55:07.294189000Z,Authentication,166,34,-60,920,0,11,0,0,0,0,0,0,0,0
10317,2026-06-26T09:55:07.306261000Z,Authentication,166,34,-33,920,0,11,0,0,0,0,0,0,720,0
10318,2026-06-26T09:55:07.312678000Z,Authentication,166,34,-31,920,0,11,0,0,1,0,0,0,720,0
10319,2026-06-26T09:55:07.319386000Z,Authentication,166,34,-30,920,0,11,0,0,1,0,0,0,720,0
10320,2026-06-26T09:55:07.325798000Z,Authentication,166,34,-31,920,0,11,0,0,1,0,0,0,720,0
10321,2026-06-26T09:55:07.387033000Z,Data,287,34,-31,920,2,0,0,0,0,0,0,1,0,0
10322,2026-06-26T09:55:07.785713000Z,Authentication,166,34,-60,920,0,11,0,0,0,0,0,0,0,0
10323,2026-06-26T09:55:07.796291000Z,Authentication,166,34,-28,920,0,11,0,0,0,0,0,0,720,0
10324,2026-06-26T09:55:07.803001000Z,Authentication,166,34,-28,920,0,11,0,0,1,0,0,0,720,0
10325,2026-06-26T09:55:07.809563000Z,Authentication,166,34,-28,920,0,11,0,0,1,0,0,0,720,0
10326,2026-06-26T09:55:07.815970000Z,Authentication,166,34,-28,920,0,11,0,0,1,0,0,0,720,0
10327,2026-06-26T09:55:08.039932000Z,S1G Beacon,61,34,-29,920,3,1,,,,,,,0,0
10328,2026-06-26T09:55:08.047857000Z,Authentication,166,34,-61,920,0,11,0,0,0,0,0,0,0,0
10329,2026-06-26T09:55:08.056347000Z,Authentication,166,34,-29,920,0,11,0,0,0,0,0,0,720,0
10330,2026-06-26T09:55:08.062804000Z,Authentication,166,34,-28,920,0,11,0,0,1,0,0,0,720,0
10331,2026-06-26T09:55:08.069468000Z,Authentication,166,34,-28,920,0,11,0,0,1,0,0,0,720,0
10332,2026-06-26T09:55:08.076010000Z,Authentication,166,34,-29,920,0,11,0,0,1,0,0,0,720,0
10334,2026-06-26T09:55:08.297715000Z,Authentication,166,34,-63,920,0,11,0,0,0,0,0,0,0,0
10335,2026-06-26T09:55:08.306309000Z,Authentication,166,34,-28,920,0,11,0,0,0,0,0,0,720,0
10336,2026-06-26T09:55:08.312827000Z,Authentication,166,34,-30,920,0,11,0,0,1,0,0,0,720,0
10337,2026-06-26T09:55:08.319494000Z,Authentication,166,34,-28,920,0,11,0,0,1,0,0,0,720,0
10338,2026-06-26T09:55:08.326262000Z,Authentication,166,34,-28,920,0,11,0,0,1,0,0,0,720,0
10339,2026-06-26T09:55:08.539395000Z,Authentication,166,34,-59,920,0,11,0,0,0,0,0,0,0,0
10340,2026-06-26T09:55:08.555137000Z,Authentication,166,34,-28,920,0,11,0,0,0,0,0,0,720,0
10341,2026-06-26T09:55:08.561745000Z,Authentication,166,34,-28,920,0,11,0,0,1,0,0,0,720,0
10342,2026-06-26T09:55:08.568199000Z,Authentication,166,34,-28,920,0,11,0,0,1,0,0,0,720,0
10343,2026-06-26T09:55:08.574771000Z,Authentication,166,34,-29,920,0,11,0,0,1,0,0,0,720,0
10344,2026-06-26T09:55:08.801540000Z,Authentication,166,34,-61,920,0,11,0,0,0,0,0,0,0,0
10345,2026-06-26T09:55:08.816326000Z,Authentication,166,34,-28,920,0,11,0,0,0,0,0,0,720,0
10346,2026-06-26T09:55:08.822731000Z,Authentication,166,34,-28,920,0,11,0,0,1,0,0,0,720,0
10347,2026-06-26T09:55:08.829189000Z,Authentication,166,34,-27,920,0,11,0,0,1,0,0,0,720,0
10348,2026-06-26T09:55:08.835651000Z,Authentication,166,34,-29,920,0,11,0,0,1,0,0,0,720,0
10349,2026-06-26T09:55:08.861219000Z,S1G Beacon,129,34,-27,920,3,1,,,,,,,0,0
10350,2026-06-26T09:55:09.063691000Z,Authentication,166,34,-63,920,0,11,0,0,0,0,0,0,0,0
10351,2026-06-26T09:55:09.072648000Z,Authentication,166,34,-28,920,0,11,0,0,0,0,0,0,720,0
10352,2026-06-26T09:55:09.078326000Z,Authentication,166,34,-29,920,0,11,0,0,1,0,0,0,720,0
10353,2026-06-26T09:55:09.084735000Z,Authentication,166,34,-29,920,0,11,0,0,1,0,0,0,720,0
10354,2026-06-26T09:55:09.091291000Z,Authentication,166,34,-29,920,0,11,0,0,1,0,0,0,720,0
10355,2026-06-26T09:55:09.212021000Z,QoS Data,149,34,-16,920,2,8,1,0,0,0,0,1,720,0
10357,2026-06-26T09:55:09.214517000Z,QoS Data,149,34,-35,920,2,8,0,0,0,0,0,1,720,0
10359,2026-06-26T09:55:09.219701000Z,QoS Data,131,34,-10,920,2,8,1,0,0,0,0,1,720,0
10361,2026-06-26T09:55:09.222497000Z,QoS Data,131,34,-34,920,2,8,0,0,0,0,0,1,720,0
10363,2026-06-26T09:55:09.289107000Z,QoS Data,128,34,-16,920,2,8,1,0,0,0,0,1,720,0
10364,2026-06-26T09:55:09.291465000Z,QoS Data,128,34,-34,920,2,8,0,0,0,0,0,1,720,0
10366,2026-06-26T09:55:09.555222000Z,Authentication,166,34,-61,920,0,11,0,0,0,0,0,0,0,0
10367,2026-06-26T09:55:09.566310000Z,Authentication,166,34,-30,920,0,11,0,0,0,0,0,0,720,0
10368,2026-06-26T09:55:09.572821000Z,Authentication,166,34,-28,920,0,11,0,0,1,0,0,0,720,0
10369,2026-06-26T09:55:09.578031000Z,Authentication,166,34,-28,920,0,11,0,0,1,0,0,0,720,0
10370,2026-06-26T09:55:09.584436000Z,Authentication,166,34,-30,920,0,11,0,0,1,0,0,0,720,0
10371,2026-06-26T09:55:09.678380000Z,S1G Beacon,61,34,-28,920,3,1,,,,,,,0,0
10372,2026-06-26T09:55:09.817370000Z,Authentication,166,34,-60,920,0,11,0,0,0,0,0,0,0,0
10373,2026-06-26T09:55:09.826590000Z,Authentication,166,34,-28,920,0,11,0,0,0,0,0,0,720,0
10374,2026-06-26T09:55:09.833254000Z,Authentication,166,34,-28,920,0,11,0,0,1,0,0,0,720,0
10375,2026-06-26T09:55:09.839715000Z,Authentication,166,34,-29,920,0,11,0,0,1,0,0,0,720,0
10376,2026-06-26T09:55:09.846487000Z,Authentication,166,34,-29,920,0,11,0,0,1,0,0,0,720,0
10377,2026-06-26T09:55:10.054941000Z,Authentication,166,34,-62,920,0,11,0,0,0,0,0,0,0,0
10378,2026-06-26T09:55:10.066343000Z,Authentication,166,34,-32,920,0,11,0,0,0,0,0,0,720,0
10379,2026-06-26T09:55:10.072856000Z,Authentication,166,34,-33,920,0,11,0,0,1,0,0,0,720,0
10380,2026-06-26T09:55:10.078583000Z,Authentication,166,34,-31,920,0,11,0,0,1,0,0,0,720,0
10381,2026-06-26T09:55:10.083895000Z,Authentication,166,34,-33,920,0,11,0,0,1,0,0,0,720,0
10382,2026-06-26T09:55:10.308935000Z,Authentication,166,34,-60,920,0,11,0,0,0,0,0,0,0,0
10383,2026-06-26T09:55:10.316356000Z,Authentication,166,34,-37,920,0,11,0,0,0,0,0,0,720,0
10384,2026-06-26T09:55:10.322910000Z,Authentication,166,34,-36,920,0,11,0,0,1,0,0,0,720,0
10385,2026-06-26T09:55:10.329468000Z,Authentication,166,34,-38,920,0,11,0,0,1,0,0,0,720,0
10386,2026-06-26T09:55:10.335932000Z,Authentication,166,34,-37,920,0,11,0,0,1,0,0,0,720,0
10387,2026-06-26T09:55:10.411277000Z,Data,287,34,-37,920,2,0,0,0,0,0,0,1,0,0
10388,2026-06-26T09:55:10.499401000Z,S1G Beacon,129,34,-42,920,3,1,,,,,,,0,0
10389,2026-06-26T09:55:10.571047000Z,Authentication,166,34,-60,920,0,11,0,0,0,0,0,0,0,0
10390,2026-06-26T09:55:10.579439000Z,Authentication,166,34,-44,920,0,11,0,0,0,0,0,0,720,0
10391,2026-06-26T09:55:10.586160000Z,Authentication,166,34,-42,920,0,11,0,0,1,0,0,0,720,0
10393,2026-06-26T09:55:10.599437000Z,Authentication,166,34,-44,920,0,11,0,0,1,0,0,0,720,0
10394,2026-06-26T09:55:10.818868000Z,Authentication,166,34,-59,920,0,11,0,0,0,0,0,0,0,0
10395,2026-06-26T09:55:10.836356000Z,Authentication,166,34,-39,920,0,11,0,0,0,0,0,0,720,0
10396,2026-06-26T09:55:10.842759000Z,Authentication,166,34,-37,920,0,11,0,0,1,0,0,0,720,0
10397,2026-06-26T09:55:10.849377000Z,Authentication,166,34,-37,920,0,11,0,0,1,0,0,0,720,0
10398,2026-06-26T09:55:10.855262000Z,Authentication,166,34,-37,920,0,11,0,0,1,0,0,0,720,0
10399,2026-06-26T09:55:11.062574000Z,Authentication,166,34,-61,920,0,11,0,0,0,0,0,0,0,0
10400,2026-06-26T09:55:11.076362000Z,Authentication,166,34,-40,920,0,11,0,0,0,0,0,0,720,0
10401,2026-06-26T09:55:11.082929000Z,Authentication,166,34,-40,920,0,11,0,0,1,0,0,0,720,0
10402,2026-06-26T09:55:11.089701000Z,Authentication,166,34,-39,920,0,11,0,0,1,0,0,0,720,0
10403,2026-06-26T09:55:11.096110000Z,Authentication,166,34,-39,920,0,11,0,0,1,0,0,0,720,0
10404,2026-06-26T09:55:11.317075000Z,S1G Beacon,61,34,-34,920,3,1,,,,,,,0,0
10405,2026-06-26T09:55:11.324722000Z,Authentication,166,34,-60,920,0,11,0,0,0,0,0,0,0,0
10406,2026-06-26T09:55:11.336326000Z,Authentication,166,34,-33,920,0,11,0,0,0,0,0,0,720,0
10407,2026-06-26T09:55:11.343045000Z,Authentication,166,34,-34,920,0,11,0,0,1,0,0,0,720,0
10408,2026-06-26T09:55:11.349559000Z,Authentication,166,34,-33,920,0,11,0,0,1,0,0,0,720,0
10409,2026-06-26T09:55:11.355983000Z,Authentication,166,34,-33,920,0,11,0,0,1,0,0,0,720,0
10410,2026-06-26T09:55:11.586870000Z,Authentication,166,34,-63,920,0,11,0,0,0,0,0,0,0,0
10411,2026-06-26T09:55:11.596357000Z,Authentication,166,34,-32,920,0,11,0,0,0,0,0,0,720,0
10412,2026-06-26T09:55:11.602289000Z,Authentication,166,34,-29,920,0,11,0,0,1,0,0,0,720,0
10413,2026-06-26T09:55:11.608124000Z,Authentication,166,34,-30,920,0,11,0,0,1,0,0,0,720,0
10414,2026-06-26T09:55:11.614850000Z,Authentication,166,34,-30,920,0,11,0,0,1,0,0,0,720,0
10415,2026-06-26T09:55:11.816254000Z,Authentication,166,34,-60,920,0,11,0,0,0,0,0,0,0,0
10416,2026-06-26T09:55:11.823756000Z,Authentication,166,34,-29,920,0,11,0,0,0,0,0,0,720,0
10417,2026-06-26T09:55:11.830166000Z,Authentication,166,34,-28,920,0,11,0,0,1,0,0,0,720,0
10418,2026-06-26T09:55:11.837148000Z,Authentication,166,34,-29,920,0,11,0,0,1,0,0,0,720,0
10419,2026-06-26T09:55:11.843602000Z,Authentication,166,34,-28,920,0,11,0,0,1,0,0,0,720,0
10420,2026-06-26T09:55:12.078402000Z,Authentication,166,34,-60,920,0,11,0,0,0,0,0,0,0,0
10421,2026-06-26T09:55:12.086955000Z,Authentication,166,34,-27,920,0,11,0,0,0,0,0,0,720,0
10422,2026-06-26T09:55:12.093468000Z,Authentication,166,34,-28,920,0,11,0,0,1,0,0,0,720,0
10423,2026-06-26T09:55:12.100241000Z,Authentication,166,34,-27,920,0,11,0,0,1,0,0,0,720,0
10424,2026-06-26T09:55:12.106805000Z,Authentication,166,34,-29,920,0,11,0,0,1,0,0,0,720,0
10425,2026-06-26T09:55:12.138323000Z,S1G Beacon,129,34,-29,920,3,1,,,,,,,0,0
10426,2026-06-26T09:55:12.340586000Z,Authentication,166,34,-59,920,0,11,0,0,0,0,0,0,0,0
10427,2026-06-26T09:55:12.569939000Z,Authentication,166,34,-59,920,0,11,0,0,0,0,0,0,0,0
10428,2026-06-26T09:55:12.576656000Z,Authentication,166,34,-36,920,0,11,0,0,0,0,0,0,720,0
10429,2026-06-26T09:55:12.583063000Z,Authentication,166,34,-36,920,0,11,0,0,1,0,0,0,720,0
10430,2026-06-26T09:55:12.589569000Z,Authentication,166,34,-40,920,0,11,0,0,1,0,0,0,720,0
10431,2026-06-26T09:55:12.596187000Z,Authentication,166,34,-39,920,0,11,0,0,1,0,0,0,720,0
10432,2026-06-26T09:55:12.832094000Z,Authentication,166,34,-59,920,0,11,0,0,0,0,0,0,0,0
10433,2026-06-26T09:55:12.955276000Z,S1G Beacon,61,34,-18,920,3,1,,,,,,,0,0
10434,2026-06-26T09:55:13.094232000Z,Authentication,166,34,-60,920,0,11,0,0,0,0,0,0,0,0
10435,2026-06-26T09:55:13.106411000Z,Authentication,166,34,-18,920,0,11,0,0,0,0,0,0,720,0
10436,2026-06-26T09:55:13.113086000Z,Authentication,166,34,-18,920,0,11,0,0,1,0,0,0,720,0
10437,2026-06-26T09:55:13.119543000Z,Authentication,166,34,-18,920,0,11,0,0,1,0,0,0,720,0
10438,2026-06-26T09:55:13.125175000Z,Authentication,166,34,-16,920,0,11,0,0,1,0,0,0,720,0
10439,2026-06-26T09:55:13.323626000Z,Authentication,166,34,-60,920,0,11,0,0,0,0,0,0,0,0
10440,2026-06-26T09:55:13.336428000Z,Authentication,166,34,-19,920,0,11,0,0,0,0,0,0,720,0
10441,2026-06-26T09:55:13.342823000Z,Authentication,166,34,-19,920,0,11,0,0,1,0,0,0,720,0
10442,2026-06-26T09:55:13.349597000Z,Authentication,166,34,-19,920,0,11,0,0,1,0,0,0,720,0
10443,2026-06-26T09:55:13.356105000Z,Authentication,166,34,-19,920,0,11,0,0,1,0,0,0,720,0
10444,2026-06-26T09:55:13.435270000Z,Data,287,34,-20,920,2,0,0,0,0,0,0,1,0,0
10445,2026-06-26T09:55:13.585756000Z,Authentication,166,34,-59,920,0,11,0,0,0,0,0,0,0,0
10446,2026-06-26T09:55:13.593468000Z,Authentication,166,34,-17,920,0,11,0,0,0,0,0,0,720,0
10447,2026-06-26T09:55:13.599981000Z,Authentication,166,34,-17,920,0,11,0,0,1,0,0,0,720,0
10448,2026-06-26T09:55:13.605243000Z,Authentication,166,34,-18,920,0,11,0,0,1,0,0,0,720,0
10449,2026-06-26T09:55:13.611809000Z,Authentication,166,34,-19,920,0,11,0,0,1,0,0,0,720,0
10450,2026-06-26T09:55:13.776322000Z,S1G Beacon,129,34,-20,920,3,1,,,,,,,0,0
10451,2026-06-26T09:55:13.847911000Z,Authentication,166,34,-60,920,0,11,0,0,0,0,0,0,0,0
10452,2026-06-26T09:55:13.863186000Z,Authentication,166,34,-21,920,0,11,0,0,1,0,0,0,720,0
10453,2026-06-26T09:55:13.876663000Z,Authentication,166,34,-21,920,0,11,0,0,1,0,0,0,720,0
10454,2026-06-26T09:55:14.081390000Z,Authentication,166,34,-60,920,0,11,0,0,0,0,0,0,0,0
10455,2026-06-26T09:55:14.102379000Z,Authentication,166,34,-23,920,0,11,0,0,1,0,0,0,720,0
10456,2026-06-26T09:55:14.115720000Z,Authentication,166,34,-22,920,0,11,0,0,1,0,0,0,720,0
10457,2026-06-26T09:55:14.143795000Z,Disassociation,64,34,-20,920,0,10,0,0,0,0,0,0,720,0
10458,2026-06-26T09:55:14.150132000Z,Disassociation,64,34,-22,920,0,10,0,0,1,0,0,0,720,0
10461,2026-06-26T09:55:14.242373000Z,QoS Data,131,34,-11,920,2,8,1,0,0,0,0,1,720,0
10462,2026-06-26T09:55:14.248334000Z,QoS Data,131,34,-30,920,2,8,0,0,1,0,0,1,720,0
10464,2026-06-26T09:55:14.288777000Z,QoS Data,128,34,-20,920,2,8,1,0,0,0,0,1,720,0
10466,2026-06-26T09:55:14.293197000Z,QoS Data,128,34,-30,920,2,8,0,0,1,0,0,1,720,0
10468,2026-06-26T09:55:14.339476000Z,Authentication,166,34,-59,920,0,11,0,0,0,0,0,0,0,0
10469,2026-06-26T09:55:14.356975000Z,Authentication,166,34,-23,920,0,11,0,0,0,0,0,0,720,0
10470,2026-06-26T09:55:14.370044000Z,Authentication,166,34,-22,920,0,11,0,0,1,0,0,0,720,0
10471,2026-06-26T09:55:14.376444000Z,Authentication,166,34,-21,920,0,11,0,0,1,0,0,0,720,0
10472,2026-06-26T09:55:14.616444000Z,Authentication,166,34,-22,920,0,11,0,0,0,0,0,0,720,0
10473,2026-06-26T09:55:14.629617000Z,Authentication,166,34,-22,920,0,11,0,0,1,0,0,0,720,0
10474,2026-06-26T09:55:14.846338000Z,Authentication,166,34,-62,920,0,11,0,0,0,0,0,0,0,0
10475,2026-06-26T09:55:14.863061000Z,Authentication,166,34,-20,920,0,11,0,0,1,0,0,0,720,0
10476,2026-06-26T09:55:14.876085000Z,Authentication,166,34,-21,920,0,11,0,0,1,0,0,0,720,0
10477,2026-06-26T09:55:15.093118000Z,Authentication,166,34,-60,920,0,11,0,0,0,0,0,0,0,0
10478,2026-06-26T09:55:15.100259000Z,Authentication,166,34,-17,920,0,11,0,0,0,0,0,0,720,0
10479,2026-06-26T09:55:15.106974000Z,Authentication,166,34,-18,920,0,11,0,0,1,0,0,0,720,0
10480,2026-06-26T09:55:15.113432000Z,Authentication,166,34,-19,920,0,11,0,0,1,0,0,0,720,0
10481,2026-06-26T09:55:15.119941000Z,Authentication,166,34,-19,920,0,11,0,0,1,0,0,0,720,0
10482,2026-06-26T09:55:15.355280000Z,Authentication,166,34,-60,920,0,11,0,0,0,0,0,0,0,0
10483,2026-06-26T09:55:15.366457000Z,Authentication,166,34,-18,920,0,11,0,0,0,0,0,0,720,0
10484,2026-06-26T09:55:15.372868000Z,Authentication,166,34,-16,920,0,11,0,0,1,0,0,0,720,0
10485,2026-06-26T09:55:15.379328000Z,Authentication,166,34,-19,920,0,11,0,0,1,0,0,0,720,0
10486,2026-06-26T09:55:15.385787000Z,Authentication,166,34,-17,920,0,11,0,0,1,0,0,0,720,0
10487,2026-06-26T09:55:15.414752000Z,S1G Beacon,129,34,-18,920,3,1,,,,,,,0,0
10488,2026-06-26T09:55:15.617418000Z,Authentication,166,34,-58,920,0,11,0,0,0,0,0,0,0,0
10489,2026-06-26T09:55:15.626445000Z,Authentication,166,34,-17,920,0,11,0,0,0,0,0,0,720,0
10490,2026-06-26T09:55:15.633218000Z,Authentication,166,34,-17,920,0,11,0,0,1,0,0,0,720,0
10491,2026-06-26T09:55:15.639987000Z,Authentication,166,34,-16,920,0,11,0,0,1,0,0,0,720,0
10492,2026-06-26T09:55:15.646655000Z,Authentication,166,34,-18,920,0,11,0,0,1,0,0,0,720,0
10493,2026-06-26T09:55:15.846808000Z,Authentication,166,34,-60,920,0,11,0,0,0,0,0,0,0,0
10494,2026-06-26T09:55:15.856483000Z,Authentication,166,34,-17,920,0,11,0,0,0,0,0,0,720,0
10495,2026-06-26T09:55:15.862998000Z,Authentication,166,34,-18,920,0,11,0,0,1,0,0,0,720,0
10496,2026-06-26T09:55:15.869506000Z,Authentication,166,34,-16,920,0,11,0,0,1,0,0,0,720,0
10497,2026-06-26T09:55:15.876121000Z,Authentication,166,34,-16,920,0,11,0,0,1,0,0,0,720,0
10498,2026-06-26T09:55:16.108947000Z,Authentication,166,34,-60,920,0,11,0,0,0,0,0,0,0,0
10499,2026-06-26T09:55:16.123866000Z,Authentication,166,34,-19,920,0,11,0,0,0,0,0,0,720,0
10500,2026-06-26T09:55:16.130578000Z,Authentication,166,34,-16,920,0,11,0,0,1,0,0,0,720,0
10501,2026-06-26T09:55:16.137609000Z,Authentication,166,34,-17,920,0,11,0,0,1,0,0,0,720,0
10502,2026-06-26T09:55:16.144178000Z,Authentication,166,34,-18,920,0,11,0,0,1,0,0,0,720,0
10503,2026-06-26T09:55:16.232177000Z,S1G Beacon,61,34,-16,920,3,1,,,,,,,0,0
10504,2026-06-26T09:55:16.371097000Z,Authentication,166,34,-61,920,0,11,0,0,0,0,0,0,0,0
10505,2026-06-26T09:55:16.386599000Z,Authentication,166,34,-19,920,0,11,0,0,0,0,0,0,720,0
10506,2026-06-26T09:55:16.392480000Z,Authentication,166,34,-16,920,0,11,0,0,1,0,0,0,720,0
10507,2026-06-26T09:55:16.399063000Z,Authentication,166,34,-16,920,0,11,0,0,1,0,0,0,720,0
10508,2026-06-26T09:55:16.405824000Z,Authentication,166,34,-17,920,0,11,0,0,1,0,0,0,720,0
10509,2026-06-26T09:55:16.460364000Z,Data,287,34,-16,920,2,0,0,0,0,0,0,1,0,0
10510,2026-06-26T09:55:16.600491000Z,Authentication,166,34,-60,920,0,11,0,0,0,0,0,0,0,0
10511,2026-06-26T09:55:16.616923000Z,Authentication,166,34,-17,920,0,11,0,0,0,0,0,0,720,0
10512,2026-06-26T09:55:16.623490000Z,Authentication,166,34,-16,920,0,11,0,0,1,0,0,0,720,0
10513,2026-06-26T09:55:16.630207000Z,Authentication,166,34,-16,920,0,11,0,0,1,0,0,0,720,0
10514,2026-06-26T09:55:16.636768000Z,Authentication,166,34,-16,920,0,11,0,0,1,0,0,0,720,0
10515,2026-06-26T09:55:16.862636000Z,Authentication,166,34,-62,920,0,11,0,0,0,0,0,0,0,0
10516,2026-06-26T09:55:16.876484000Z,Authentication,166,34,-17,920,0,11,0,0,0,0,0,0,720,0
10517,2026-06-26T09:55:16.883136000Z,Authentication,166,34,-17,920,0,11,0,0,1,0,0,0,720,0
10518,2026-06-26T09:55:16.889906000Z,Authentication,166,34,-17,920,0,11,0,0,1,0,0,0,720,0
10519,2026-06-26T09:55:16.896575000Z,Authentication,166,34,-17,920,0,11,0,0,1,0,0,0,720,0
10520,2026-06-26T09:55:17.053204000Z,S1G Beacon,129,34,-18,920,3,1,,,,,,,0,0
10521,2026-06-26T09:55:17.124770000Z,Authentication,166,34,-60,920,0,11,0,0,0,0,0,0,0,0
10522,2026-06-26T09:55:17.354155000Z,Authentication,166,34,-60,920,0,11,0,0,0,0,0,0,0,0
10523,2026-06-26T09:55:17.366519000Z,Authentication,166,34,-16,920,0,11,0,0,0,0,0,0,720,0
10524,2026-06-26T09:55:17.373030000Z,Authentication,166,34,-15,920,0,11,0,0,1,0,0,0,720,0
10525,2026-06-26T09:55:17.379491000Z,Authentication,166,34,-15,920,0,11,0,0,1,0,0,0,720,0
10526,2026-06-26T09:55:17.385900000Z,Authentication,166,34,-15,920,0,11,0,0,1,0,0,0,720,0
10527,2026-06-26T09:55:17.616321000Z,Authentication,166,34,-61,920,0,11,0,0,0,0,0,0,0,0
10528,2026-06-26T09:55:17.623913000Z,Authentication,166,34,-16,920,0,11,0,0,0,0,0,0,720,0
10529,2026-06-26T09:55:17.630093000Z,Authentication,166,34,-15,920,0,11,0,0,1,0,0,0,720,0
10530,2026-06-26T09:55:17.636862000Z,Authentication,166,34,-16,920,0,11,0,0,1,0,0,0,720,0
10531,2026-06-26T09:55:17.643426000Z,Authentication,166,34,-15,920,0,11,0,0,1,0,0,0,720,0
10532,2026-06-26T09:55:17.870632000Z,S1G Beacon,61,34,-16,920,3,1,,,,,,,0,0
10533,2026-06-26T09:55:17.878463000Z,Authentication,166,34,-60,920,0,11,0,0,0,0,0,0,0,0
10534,2026-06-26T09:55:17.886780000Z,Authentication,166,34,-16,920,0,11,0,0,0,0,0,0,720,0
10535,2026-06-26T09:55:17.893343000Z,Authentication,166,34,-16,920,0,11,0,0,1,0,0,0,720,0
10536,2026-06-26T09:55:17.906676000Z,Authentication,166,34,-17,920,0,11,0,0,1,0,0,0,720,0
10537,2026-06-26T09:55:18.117555000Z,Authentication,166,34,-59,920,0,11,0,0,0,0,0,0,0,0
10538,2026-06-26T09:55:18.126965000Z,Authentication,166,34,-15,920,0,11,0,0,0,0,0,0,720,0
10539,2026-06-26T09:55:18.133686000Z,Authentication,166,34,-17,920,0,11,0,0,1,0,0,0,720,0
10540,2026-06-26T09:55:18.140455000Z,Authentication,166,34,-16,920,0,11,0,0,1,0,0,0,720,0
10541,2026-06-26T09:55:18.147072000Z,Authentication,166,34,-16,920,0,11,0,0,1,0,0,0,720,0
10542,2026-06-26T09:55:18.369984000Z,Authentication,166,34,-60,920,0,11,0,0,0,0,0,0,0,0
10543,2026-06-26T09:55:18.386484000Z,Authentication,166,34,-17,920,0,11,0,0,0,0,0,0,720,0
10544,2026-06-26T09:55:18.391753000Z,Authentication,166,34,-16,920,0,11,0,0,1,0,0,0,720,0
10545,2026-06-26T09:55:18.398151000Z,Authentication,166,34,-16,920,0,11,0,0,1,0,0,0,720,0
10546,2026-06-26T09:55:18.404610000Z,Authentication,166,34,-17,920,0,11,0,0,1,0,0,0,720,0
10547,2026-06-26T09:55:18.632169000Z,Authentication,166,34,-62,920,0,11,0,0,0,0,0,0,0,0
10548,2026-06-26T09:55:18.691659000Z,S1G Beacon,129,34,-19,920,3,1,,,,,,,0,0
10549,2026-06-26T09:55:18.866634000Z,Authentication,166,34,-60,920,0,11,0,0,0,0,0,0,0,0
10550,2026-06-26T09:55:18.876594000Z,Authentication,166,34,-19,920,0,11,0,0,0,0,0,0,720,0
10551,2026-06-26T09:55:18.883296000Z,Authentication,166,34,-18,920,0,11,0,0,1,0,0,0,720,0
10552,2026-06-26T09:55:18.889804000Z,Authentication,166,34,-17,920,0,11,0,0,1,0,0,0,720,0
10553,2026-06-26T09:55:18.896215000Z,Authentication,166,34,-19,920,0,11,0,0,1,0,0,0,720,0
10554,2026-06-26T09:55:19.123672000Z,Authentication,166,34,-59,920,0,11,0,0,0,0,0,0,0,0
10555,2026-06-26T09:55:19.131997000Z,Authentication,166,34,-15,920,0,11,0,0,0,0,0,0,720,0
10556,2026-06-26T09:55:19.138614000Z,Authentication,166,34,-16,920,0,11,0,0,1,0,0,0,720,0
10557,2026-06-26T09:55:19.144348000Z,Authentication,166,34,-15,920,0,11,0,0,1,0,0,0,720,0
10558,2026-06-26T09:55:19.150806000Z,Authentication,166,34,-17,920,0,11,0,0,1,0,0,0,720,0
10559,2026-06-26T09:55:19.262476000Z,QoS Data,149,34,-21,920,2,8,1,0,0,0,0,1,720,0
10562,2026-06-26T09:55:19.270611000Z,QoS Data,131,34,-10,920,2,8,1,0,0,0,0,1,720,0
10564,2026-06-26T09:55:19.272880000Z,QoS Data,131,34,-18,920,2,8,0,0,0,0,0,1,720,0
10566,2026-06-26T09:55:19.289248000Z,QoS Data,128,34,-21,920,2,8,1,0,0,0,0,1,720,0
10568,2026-06-26T09:55:19.292077000Z,QoS Data,128,34,-20,920,2,8,0,0,0,0,0,1,720,0
10570,2026-06-26T09:55:19.385812000Z,Authentication,166,34,-61,920,0,11,0,0,0,0,0,0,0,0
10571,2026-06-26T09:55:19.396796000Z,Authentication,166,34,-15,920,0,11,0,0,0,0,0,0,720,0
10572,2026-06-26T09:55:19.403257000Z,Authentication,166,34,-14,920,0,11,0,0,1,0,0,0,720,0
10573,2026-06-26T09:55:19.409656000Z,Authentication,166,34,-14,920,0,11,0,0,1,0,0,0,720,0
10574,2026-06-26T09:55:19.416325000Z,Authentication,166,34,-14,920,0,11,0,0,1,0,0,0,720,0
10575,2026-06-26T09:55:19.483410000Z,Data,287,34,-13,920,2,0,0,0,0,0,0,1,0,0
10576,2026-06-26T09:55:19.509070000Z,S1G Beacon,61,34,-15,920,3,1,,,,,,,0,0
10577,2026-06-26T09:55:19.634653000Z,Authentication,166,34,-60,920,0,11,0,0,0,0,0,0,0,0
10578,2026-06-26T09:55:19.646582000Z,Authentication,166,34,-15,920,0,11,0,0,0,0,0,0,720,0
10579,2026-06-26T09:55:19.652934000Z,Authentication,166,34,-14,920,0,11,0,0,1,0,0,0,720,0
10580,2026-06-26T09:55:19.659391000Z,Authentication,166,34,-16,920,0,11,0,0,1,0,0,0,720,0
10581,2026-06-26T09:55:19.666065000Z,Authentication,166,34,-16,920,0,11,0,0,1,0,0,0,720,0
10582,2026-06-26T09:55:19.877347000Z,Authentication,166,34,-60,920,0,11,0,0,0,0,0,0,0,0
10583,2026-06-26T09:55:19.886615000Z,Authentication,166,34,-16,920,0,11,0,0,0,0,0,0,720,0
10584,2026-06-26T09:55:19.893386000Z,Authentication,166,34,-16,920,0,11,0,0,1,0,0,0,720,0
10585,2026-06-26T09:55:19.900153000Z,Authentication,166,34,-16,920,0,11,0,0,1,0,0,0,720,0
10586,2026-06-26T09:55:19.906663000Z,Authentication,166,34,-16,920,0,11,0,0,1,0,0,0,720,0
10587,2026-06-26T09:55:20.139493000Z,Authentication,166,34,-59,920,0,11,0,0,0,0,0,0,0,0
10588,2026-06-26T09:55:20.156506000Z,Authentication,166,34,-15,920,0,11,0,0,0,0,0,0,720,0
10589,2026-06-26T09:55:20.163117000Z,Authentication,166,34,-17,920,0,11,0,0,1,0,0,0,720,0
10590,2026-06-26T09:55:20.169732000Z,Authentication,166,34,-17,920,0,11,0,0,1,0,0,0,720,0
10591,2026-06-26T09:55:20.176349000Z,Authentication,166,34,-15,920,0,11,0,0,1,0,0,0,720,0
10592,2026-06-26T09:55:20.330104000Z,S1G Beacon,129,34,-15,920,3,1,,,,,,,0,0
10593,2026-06-26T09:55:20.396515000Z,Authentication,166,34,-61,920,0,11,0,0,0,0,0,0,0,0
10594,2026-06-26T09:55:20.406570000Z,Authentication,166,34,-15,920,0,11,0,0,0,0,0,0,720,0
10595,2026-06-26T09:55:20.412611000Z,Authentication,166,34,-16,920,0,11,0,0,1,0,0,0,720,0
10596,2026-06-26T09:55:20.419223000Z,Authentication,166,34,-16,920,0,11,0,0,1,0,0,0,720,0
10597,2026-06-26T09:55:20.425729000Z,Authentication,166,34,-16,920,0,11,0,0,1,0,0,0,720,0
10598,2026-06-26T09:55:20.893216000Z,Authentication,166,34,-62,920,0,11,0,0,0,0,0,0,0,0
10599,2026-06-26T09:55:20.906652000Z,Authentication,166,34,-17,920,0,11,0,0,0,0,0,0,720,0
10600,2026-06-26T09:55:20.912061000Z,Authentication,166,34,-17,920,0,11,0,0,1,0,0,0,720,0
10601,2026-06-26T09:55:20.918723000Z,Authentication,166,34,-17,920,0,11,0,0,1,0,0,0,720,0
10602,2026-06-26T09:55:20.924509000Z,Authentication,166,34,-17,920,0,11,0,0,1,0,0,0,720,0
10603,2026-06-26T09:55:21.147539000Z,S1G Beacon,61,34,-18,920,3,1,,,,,,,0,0
10604,2026-06-26T09:55:21.155321000Z,Authentication,166,34,-59,920,0,11,0,0,0,0,0,0,0,0
10605,2026-06-26T09:55:21.166591000Z,Authentication,166,34,-17,920,0,11,0,0,0,0,0,0,720,0
10606,2026-06-26T09:55:21.173104000Z,Authentication,166,34,-16,920,0,11,0,0,1,0,0,0,720,0
10607,2026-06-26T09:55:21.186437000Z,Authentication,166,34,-17,920,0,11,0,0,1,0,0,0,720,0
10608,2026-06-26T09:55:21.394941000Z,Authentication,166,34,-60,920,0,11,0,0,0,0,0,0,0,0
10609,2026-06-26T09:55:21.406613000Z,Authentication,166,34,-16,920,0,11,0,0,0,0,0,0,720,0
10610,2026-06-26T09:55:21.413262000Z,Authentication,166,34,-16,920,0,11,0,0,1,0,0,0,720,0
10611,2026-06-26T09:55:21.419719000Z,Authentication,166,34,-16,920,0,11,0,0,1,0,0,0,720,0
10612,2026-06-26T09:55:21.426282000Z,Authentication,166,34,-15,920,0,11,0,0,1,0,0,0,720,0
10613,2026-06-26T09:55:21.646853000Z,Authentication,166,34,-61,920,0,11,0,0,0,0,0,0,0,0
10614,2026-06-26T09:55:21.656587000Z,Authentication,166,34,-16,920,0,11,0,0,0,0,0,0,720,0
10615,2026-06-26T09:55:21.663253000Z,Authentication,166,34,-16,920,0,11,0,0,1,0,0,0,720,0
10616,2026-06-26T09:55:21.669869000Z,Authentication,166,34,-15,920,0,11,0,0,1,0,0,0,720,0
10617,2026-06-26T09:55:21.676434000Z,Authentication,166,34,-15,920,0,11,0,0,1,0,0,0,720,0
10618,2026-06-26T09:55:21.909003000Z,Authentication,166,34,-60,920,0,11,0,0,0,0,0,0,0,0
10619,2026-06-26T09:55:21.923753000Z,Authentication,166,34,-15,920,0,11,0,0,0,0,0,0,720,0
10620,2026-06-26T09:55:21.930264000Z,Authentication,166,34,-16,920,0,11,0,0,1,0,0,0,720,0
10621,2026-06-26T09:55:21.936928000Z,Authentication,166,34,-16,920,0,11,0,0,1,0,0,0,720,0
10622,2026-06-26T09:55:21.943389000Z,Authentication,166,34,-15,920,0,11,0,0,1,0,0,0,720,0
10623,2026-06-26T09:55:21.968549000Z,S1G Beacon,129,34,-15,920,3,1,,,,,,,0,0
10624,2026-06-26T09:55:22.146595000Z,Authentication,166,34,-60,920,0,11,0,0,0,0,0,0,0,0
10625,2026-06-26T09:55:22.156676000Z,Authentication,166,34,-15,920,0,11,0,0,0,0,0,0,720,0
10626,2026-06-26T09:55:22.163235000Z,Authentication,166,34,-16,920,0,11,0,0,1,0,0,0,720,0
10627,2026-06-26T09:55:22.169851000Z,Authentication,166,34,-16,920,0,11,0,0,1,0,0,0,720,0
10628,2026-06-26T09:55:22.176517000Z,Authentication,166,34,-16,920,0,11,0,0,1,0,0,0,720,0
10629,2026-06-26T09:55:22.310310000Z,Data,378,34,-17,920,2,0,0,0,0,0,0,1,0,0
10630,2026-06-26T09:55:22.400522000Z,Authentication,166,34,-60,920,0,11,0,0,0,0,0,0,0,0
10631,2026-06-26T09:55:22.416610000Z,Authentication,166,34,-17,920,0,11,0,0,0,0,0,0,720,0
10632,2026-06-26T09:55:22.429555000Z,Data,387,34,-15,920,2,0,0,0,0,0,0,1,0,0
10633,2026-06-26T09:55:22.434317000Z,Authentication,166,34,-16,920,0,11,0,0,1,0,0,0,720,0
10634,2026-06-26T09:55:22.440777000Z,Authentication,166,34,-46,920,0,11,0,0,1,0,0,0,720,0
10635,2026-06-26T09:55:22.447185000Z,Authentication,166,34,-16,920,0,11,0,0,1,0,0,0,720,0
10636,2026-06-26T09:55:22.507487000Z,Data,287,34,-16,920,2,0,0,0,0,0,0,1,0,0
10637,2026-06-26T09:55:22.520280000Z,Data,450,34,-17,920,2,0,0,0,0,0,0,1,0,0
10638,2026-06-26T09:55:22.623744000Z,Data,442,34,-17,920,2,0,0,0,0,0,0,1,0,0
10639,2026-06-26T09:55:22.662718000Z,Authentication,166,34,-60,920,0,11,0,0,0,0,0,0,0,0
10640,2026-06-26T09:55:22.676605000Z,Authentication,166,34,-17,920,0,11,0,0,0,0,0,0,720,0
10641,2026-06-26T09:55:22.683318000Z,Authentication,166,34,-17,920,0,11,0,0,1,0,0,0,720,0
10642,2026-06-26T09:55:22.689831000Z,Authentication,166,34,-17,920,0,11,0,0,1,0,0,0,720,0
10643,2026-06-26T09:55:22.696343000Z,Authentication,166,34,-17,920,0,11,0,0,1,0,0,0,720,0
10644,2026-06-26T09:55:22.726500000Z,Data,387,34,-18,920,2,0,0,0,0,0,0,1,0,0
10645,2026-06-26T09:55:22.785983000Z,S1G Beacon,61,34,-18,920,3,1,,,,,,,0,0
10646,2026-06-26T09:55:22.832584000Z,Data,426,34,-17,920,2,0,0,0,0,0,0,1,0,0
10647,2026-06-26T09:55:22.911525000Z,Authentication,166,34,-60,920,0,11,0,0,0,0,0,0,0,0
10648,2026-06-26T09:55:22.924878000Z,Authentication,166,34,-18,920,0,11,0,0,0,0,0,0,720,0
10649,2026-06-26T09:55:22.939714000Z,Data,458,34,-19,920,2,0,0,0,0,0,0,1,0,0
10650,2026-06-26T09:55:22.944257000Z,Authentication,166,34,-17,920,0,11,0,0,1,0,0,0,720,0
10651,2026-06-26T09:55:22.950817000Z,Authentication,166,34,-18,920,0,11,0,0,1,0,0,0,720,0
10652,2026-06-26T09:55:22.957533000Z,Authentication,166,34,-18,920,0,11,0,0,1,0,0,0,720,0
10653,2026-06-26T09:55:23.038302000Z,Data,387,34,-19,920,2,0,0,0,0,0,0,1,0,0
10654,2026-06-26T09:55:23.143753000Z,Data,446,34,-18,920,2,0,0,0,0,0,0,1,0,0
10655,2026-06-26T09:55:23.154213000Z,Authentication,166,34,-60,920,0,11,0,0,0,0,0,0,0,0
10656,2026-06-26T09:55:23.166649000Z,Authentication,166,34,-18,920,0,11,0,0,0,0,0,0,720,0
10657,2026-06-26T09:55:23.172844000Z,Authentication,166,34,-19,920,0,11,0,0,1,0,0,0,720,0
10658,2026-06-26T09:55:23.179248000Z,Authentication,166,34,-18,920,0,11,0,0,1,0,0,0,720,0
10659,2026-06-26T09:55:23.185821000Z,Authentication,166,34,-19,920,0,11,0,0,1,0,0,0,720,0
10660,2026-06-26T09:55:23.247675000Z,Data,440,34,-18,920,2,0,0,0,0,0,0,1,0,0
10661,2026-06-26T09:55:23.350341000Z,Data,387,34,-19,920,2,0,0,0,0,0,0,1,0,0
10662,2026-06-26T09:55:23.416359000Z,Authentication,166,34,-64,920,0,11,0,0,0,0,0,0,0,0
10663,2026-06-26T09:55:23.426669000Z,Authentication,166,34,-19,920,0,11,0,0,0,0,0,0,720,0
10664,2026-06-26T09:55:23.433128000Z,Authentication,166,34,-18,920,0,11,0,0,1,0,0,0,720,0
10665,2026-06-26T09:55:23.439792000Z,Authentication,166,34,-18,920,0,11,0,0,1,0,0,0,720,0
10666,2026-06-26T09:55:23.446509000Z,Authentication,166,34,-18,920,0,11,0,0,1,0,0,0,720,0
10667,2026-06-26T09:55:23.460955000Z,Data,442,34,-19,920,2,0,0,0,0,0,0,1,0,0
10668,2026-06-26T09:55:23.561419000Z,Data,452,34,-18,920,2,0,0,0,0,0,0,1,0,0
10669,2026-06-26T09:55:23.607014000Z,S1G Beacon,129,34,-19,920,3,1,,,,,,,0,0
10670,2026-06-26T09:55:23.678528000Z,Authentication,166,34,-60,920,0,11,0,0,0,0,0,0,0,0
10671,2026-06-26T09:55:23.686889000Z,Authentication,166,34,-17,920,0,11,0,0,0,0,0,0,720,0
10672,2026-06-26T09:55:23.693404000Z,Authentication,166,34,-19,920,0,11,0,0,1,0,0,0,720,0
10673,2026-06-26T09:55:23.700171000Z,Authentication,166,34,-17,920,0,11,0,0,1,0,0,0,720,0
10674,2026-06-26T09:55:23.706787000Z,Authentication,166,34,-19,920,0,11,0,0,1,0,0,0,720,0
10675,2026-06-26T09:55:23.907903000Z,Authentication,166,34,-61,920,0,11,0,0,0,0,0,0,0,0
10676,2026-06-26T09:55:23.916637000Z,Authentication,166,34,-17,920,0,11,0,0,0,0,0,0,720,0
10677,2026-06-26T09:55:23.923204000Z,Authentication,166,34,-18,920,0,11,0,0,1,0,0,0,720,0
10678,2026-06-26T09:55:23.929711000Z,Authentication,166,34,-17,920,0,11,0,0,1,0,0,0,720,0
10679,2026-06-26T09:55:23.936118000Z,Authentication,166,34,-18,920,0,11,0,0,1,0,0,0,720,0
10680,2026-06-26T09:55:24.170049000Z,Authentication,166,34,-60,920,0,11,0,0,0,0,0,0,0,0
10681,2026-06-26T09:55:24.186587000Z,Authentication,166,34,-17,920,0,11,0,0,0,0,0,0,720,0
10682,2026-06-26T09:55:24.193309000Z,Authentication,166,34,-18,920,0,11,0,0,1,0,0,0,720,0
10683,2026-06-26T09:55:24.198883000Z,Authentication,166,34,-16,920,0,11,0,0,1,0,0,0,720,0
10684,2026-06-26T09:55:24.205346000Z,Authentication,166,34,-18,920,0,11,0,0,1,0,0,0,720,0
10685,2026-06-26T09:55:24.285446000Z,QoS Data,149,34,-17,920,2,8,1,0,0,0,0,1,720,0
10688,2026-06-26T09:55:24.292788000Z,QoS Data,131,34,-9,920,2,8,1,0,0,0,0,1,720,0
10691,2026-06-26T09:55:24.424424000Z,S1G Beacon,61,34,-19,920,3,1,,,,,,,0,0
10692,2026-06-26T09:55:24.432184000Z,Authentication,166,34,-59,920,0,11,0,0,0,0,0,0,0,0
10693,2026-06-26T09:55:24.446656000Z,Authentication,166,34,-19,920,0,11,0,0,0,0,0,0,720,0
10694,2026-06-26T09:55:24.453170000Z,Authentication,166,34,-18,920,0,11,0,0,1,0,0,0,720,0
10695,2026-06-26T09:55:24.459837000Z,Authentication,166,34,-18,920,0,11,0,0,1,0,0,0,720,0
10696,2026-06-26T09:55:24.466346000Z,Authentication,166,34,-19,920,0,11,0,0,1,0,0,0,720,0
10697,2026-06-26T09:55:24.539835000Z,QoS Data,128,34,-17,920,2,8,1,0,0,0,0,1,720,0
10699,2026-06-26T09:55:24.542519000Z,QoS Data,128,34,-28,920,2,8,0,0,0,0,0,1,720,0
10701,2026-06-26T09:55:24.664644000Z,Authentication,166,34,-60,920,0,11,0,0,0,0,0,0,0,0
10702,2026-06-26T09:55:24.923751000Z,Authentication,166,34,-60,920,0,11,0,0,0,0,0,0,0,0
10703,2026-06-26T09:55:24.943088000Z,Authentication,166,34,-23,920,0,11,0,0,1,0,0,0,720,0
10704,2026-06-26T09:55:24.956565000Z,Authentication,166,34,-22,920,0,11,0,0,1,0,0,0,720,0
10705,2026-06-26T09:55:25.185877000Z,Authentication,166,34,-62,920,0,11,0,0,0,0,0,0,0,0
10706,2026-06-26T09:55:25.203576000Z,Authentication,166,34,-22,920,0,11,0,0,1,0,0,0,720,0
10707,2026-06-26T09:55:25.216597000Z,Authentication,166,34,-22,920,0,11,0,0,1,0,0,0,720,0
10708,2026-06-26T09:55:25.245453000Z,S1G Beacon,129,34,-20,920,3,1,,,,,,,0,0
10709,2026-06-26T09:55:25.428556000Z,Authentication,166,34,-59,920,0,11,0,0,0,0,0,0,0,0
10710,2026-06-26T09:55:25.441986000Z,Authentication,166,34,-19,920,0,11,0,0,0,0,0,0,720,0
10711,2026-06-26T09:55:25.448755000Z,Authentication,166,34,-20,920,0,11,0,0,1,0,0,0,720,0
10712,2026-06-26T09:55:25.455372000Z,Authentication,166,34,-19,920,0,11,0,0,1,0,0,0,720,0
10713,2026-06-26T09:55:25.461830000Z,Authentication,166,34,-19,920,0,11,0,0,1,0,0,0,720,0
10714,2026-06-26T09:55:25.531562000Z,Data,287,34,-19,920,2,0,0,0,0,0,0,1,0,0
10715,2026-06-26T09:55:25.677398000Z,Authentication,166,34,-59,920,0,11,0,0,0,0,0,0,0,0
10716,2026-06-26T09:55:25.686612000Z,Authentication,166,34,-20,920,0,11,0,0,0,0,0,0,720,0
10717,2026-06-26T09:55:25.693018000Z,Authentication,166,34,-20,920,0,11,0,0,1,0,0,0,720,0
10718,2026-06-26T09:55:25.706143000Z,Authentication,166,34,-21,920,0,11,0,0,1,0,0,0,720,0
10719,2026-06-26T09:55:25.939560000Z,Authentication,166,34,-60,920,0,11,0,0,0,0,0,0,0,0
10720,2026-06-26T09:55:25.954017000Z,Authentication,166,34,-30,920,0,11,0,0,0,0,0,0,720,0
10721,2026-06-26T09:55:25.960739000Z,Authentication,166,34,-31,920,0,11,0,0,1,0,0,0,720,0
10722,2026-06-26T09:55:25.967406000Z,Authentication,166,34,-31,920,0,11,0,0,1,0,0,0,720,0
10723,2026-06-26T09:55:25.974021000Z,Authentication,166,34,-29,920,0,11,0,0,1,0,0,0,720,0
10724,2026-06-26T09:55:26.063136000Z,S1G Beacon,61,34,-31,920,3,1,,,,,,,0,0
10725,2026-06-26T09:55:26.201698000Z,Authentication,166,34,-60,920,0,11,0,0,0,0,0,0,0,0
10726,2026-06-26T09:55:26.216913000Z,Authentication,166,34,-40,920,0,11,0,0,0,0,0,0,720,0
10727,2026-06-26T09:55:26.223416000Z,Authentication,166,34,-43,920,0,11,0,0,1,0,0,0,720,0
10728,2026-06-26T09:55:26.229875000Z,Authentication,166,34,-42,920,0,11,0,0,1,0,0,0,720,0
10729,2026-06-26T09:55:26.236604000Z,Authentication,166,34,-44,920,0,11,0,0,1,0,0,0,720,0
10730,2026-06-26T09:55:26.431077000Z,Authentication,166,34,-59,920,0,11,0,0,0,0,0,0,0,0
10731,2026-06-26T09:55:26.446895000Z,Authentication,166,34,-36,920,0,11,0,0,0,0,0,0,720,0
10732,2026-06-26T09:55:26.453405000Z,Authentication,166,34,-35,920,0,11,0,0,1,0,0,0,720,0
10733,2026-06-26T09:55:26.459867000Z,Authentication,166,34,-37,920,0,11,0,0,1,0,0,0,720,0
10734,2026-06-26T09:55:26.466319000Z,Authentication,166,34,-37,920,0,11,0,0,1,0,0,0,720,0
10735,2026-06-26T09:55:26.693228000Z,Authentication,166,34,-60,920,0,11,0,0,0,0,0,0,0,0
10736,2026-06-26T09:55:26.706717000Z,Authentication,166,34,-45,920,0,11,0,0,0,0,0,0,720,0
10737,2026-06-26T09:55:26.713290000Z,Authentication,166,34,-44,920,0,11,0,0,1,0,0,0,720,0
10738,2026-06-26T09:55:26.719689000Z,Authentication,166,34,-46,920,0,11,0,0,1,0,0,0,720,0
10739,2026-06-26T09:55:26.724893000Z,Authentication,166,34,-45,920,0,11,0,0,1,0,0,0,720,0
10740,2026-06-26T09:55:26.883938000Z,S1G Beacon,129,34,-40,920,3,1,,,,,,,0,0
10741,2026-06-26T09:55:26.955387000Z,Authentication,166,34,-59,920,0,11,0,0,0,0,0,0,0,0
10742,2026-06-26T09:55:26.967105000Z,Authentication,166,34,-41,920,0,11,0,0,0,0,0,0,720,0
10743,2026-06-26T09:55:26.973548000Z,Authentication,166,34,-40,920,0,11,0,0,1,0,0,0,720,0
10744,2026-06-26T09:55:26.980004000Z,Authentication,166,34,-43,920,0,11,0,0,1,0,0,0,720,0
10745,2026-06-26T09:55:26.986567000Z,Authentication,166,34,-44,920,0,11,0,0,1,0,0,0,720,0
10746,2026-06-26T09:55:27.197047000Z,Authentication,166,34,-60,920,0,11,0,0,0,0,0,0,0,0
10747,2026-06-26T09:55:27.206738000Z,Authentication,166,34,-40,920,0,11,0,0,0,0,0,0,720,0
10748,2026-06-26T09:55:27.213240000Z,Authentication,166,34,-42,920,0,11,0,0,1,0,0,0,720,0
10749,2026-06-26T09:55:27.219958000Z,Authentication,166,34,-40,920,0,11,0,0,1,0,0,0,720,0
10750,2026-06-26T09:55:27.226678000Z,Authentication,166,34,-40,920,0,11,0,0,1,0,0,0,720,0
10751,2026-06-26T09:55:27.446910000Z,Authentication,166,34,-60,920,0,11,0,0,0,0,0,0,0,0
10752,2026-06-26T09:55:27.456744000Z,Authentication,166,34,-39,920,0,11,0,0,0,0,0,0,720,0
10753,2026-06-26T09:55:27.463251000Z,Authentication,166,34,-39,920,0,11,0,0,1,0,0,0,720,0
10754,2026-06-26T09:55:27.469656000Z,Authentication,166,34,-39,920,0,11,0,0,1,0,0,0,720,0
10755,2026-06-26T09:55:27.476437000Z,Authentication,166,34,-38,920,0,11,0,0,1,0,0,0,720,0
10756,2026-06-26T09:55:27.701327000Z,S1G Beacon,61,34,-32,920,3,1,,,,,,,0,0
10757,2026-06-26T09:55:27.709048000Z,Authentication,166,34,-59,920,0,11,0,0,0,0,0,0,0,0
10758,2026-06-26T09:55:27.716761000Z,Authentication,166,34,-32,920,0,11,0,0,0,0,0,0,720,0
10759,2026-06-26T09:55:27.723166000Z,Authentication,166,34,-31,920,0,11,0,0,1,0,0,0,720,0
10760,2026-06-26T09:55:27.729731000Z,Authentication,166,34,-31,920,0,11,0,0,1,0,0,0,720,0
10761,2026-06-26T09:55:27.736450000Z,Authentication,166,34,-33,920,0,11,0,0,1,0,0,0,720,0
10762,2026-06-26T09:55:27.785899000Z,Disassociation,64,34,-33,920,0,10,0,0,0,0,0,0,720,0
10763,2026-06-26T09:55:27.789633000Z,Disassociation,64,34,-32,920,0,10,0,0,1,0,0,0,720,0
10764,2026-06-26T09:55:27.793314000Z,Disassociation,64,34,-32,920,0,10,0,0,1,0,0,0,720,0
10765,2026-06-26T09:55:27.797052000Z,Disassociation,64,34,-32,920,0,10,0,0,1,0,0,0,720,0
10766,2026-06-26T09:55:27.971205000Z,Authentication,166,34,-60,920,0,11,0,0,0,0,0,0,0,0
10767,2026-06-26T09:55:27.981407000Z,Authentication,166,34,-30,920,0,11,0,0,0,0,0,0,720,0
10768,2026-06-26T09:55:27.987914000Z,Authentication,166,34,-31,920,0,11,0,0,1,0,0,0,720,0
10769,2026-06-26T09:55:27.994388000Z,Authentication,166,34,-30,920,0,11,0,0,1,0,0,0,720,0
10770,2026-06-26T09:55:28.000887000Z,Authentication,166,34,-30,920,0,11,0,0,1,0,0,0,720,0
10771,2026-06-26T09:55:28.200589000Z,Authentication,166,34,-59,920,0,11,0,0,0,0,0,0,0,0
10772,2026-06-26T09:55:28.223797000Z,Authentication,166,34,-27,920,0,11,0,0,1,0,0,0,720,0
10773,2026-06-26T09:55:28.237137000Z,Authentication,166,34,-24,920,0,11,0,0,1,0,0,0,720,0
10774,2026-06-26T09:55:28.462748000Z,Authentication,166,34,-61,920,0,11,0,0,0,0,0,0,0,0
10775,2026-06-26T09:55:28.480187000Z,Authentication,166,34,-22,920,0,11,0,0,1,0,0,0,720,0
10776,2026-06-26T09:55:28.486635000Z,Authentication,166,34,-21,920,0,11,0,0,1,0,0,0,720,0
10777,2026-06-26T09:55:28.522355000Z,S1G Beacon,129,34,-22,920,3,1,,,,,,,0,0
10778,2026-06-26T09:55:28.555652000Z,Data,287,34,-22,920,2,0,0,0,0,0,0,1,0,0
10779,2026-06-26T09:55:28.724880000Z,Authentication,166,34,-59,920,0,11,0,0,0,0,0,0,0,0
10780,2026-06-26T09:55:28.736745000Z,Authentication,166,34,-21,920,0,11,0,0,0,0,0,0,720,0
10781,2026-06-26T09:55:28.743355000Z,Authentication,166,34,-20,920,0,11,0,0,1,0,0,0,720,0
10782,2026-06-26T09:55:28.755804000Z,Authentication,166,34,-24,920,0,11,0,0,1,0,0,0,720,0
10783,2026-06-26T09:55:28.954303000Z,Authentication,166,34,-59,920,0,11,0,0,0,0,0,0,0,0
10784,2026-06-26T09:55:28.973226000Z,Authentication,166,34,-24,920,0,11,0,0,1,0,0,0,720,0
10785,2026-06-26T09:55:28.979733000Z,Authentication,166,34,-27,920,0,11,0,0,1,0,0,0,720,0
10786,2026-06-26T09:55:29.216416000Z,Authentication,166,34,-60,920,0,11,0,0,0,0,0,0,0,0
10787,2026-06-26T09:55:29.226837000Z,Authentication,166,34,-26,920,0,11,0,0,0,0,0,0,720,0
10788,2026-06-26T09:55:29.233403000Z,Authentication,166,34,-26,920,0,11,0,0,1,0,0,0,720,0
10789,2026-06-26T09:55:29.240071000Z,Authentication,166,34,-26,920,0,11,0,0,1,0,0,0,720,0
10790,2026-06-26T09:55:29.308543000Z,QoS Data,149,34,-17,920,2,8,1,0,0,0,0,1,720,0
10792,2026-06-26T09:55:29.310901000Z,QoS Data,149,34,-30,920,2,8,0,0,0,0,0,1,720,0
10794,2026-06-26T09:55:29.316656000Z,QoS Data,131,34,-10,920,2,8,1,0,0,0,0,1,720,0
10796,2026-06-26T09:55:29.319422000Z,QoS Data,131,34,-31,920,2,8,0,0,0,0,0,1,720,0
10798,2026-06-26T09:55:29.339775000Z,S1G Beacon,61,34,-27,920,3,1,,,,,,,0,0
10799,2026-06-26T09:55:29.478566000Z,Authentication,166,34,-60,920,0,11,0,0,0,0,0,0,0,0
10800,2026-06-26T09:55:29.496727000Z,Authentication,166,34,-22,920,0,11,0,0,0,0,0,0,720,0
10801,2026-06-26T09:55:29.509958000Z,Authentication,166,34,-24,920,0,11,0,0,1,0,0,0,720,0
10802,2026-06-26T09:55:29.516422000Z,Authentication,166,34,-22,920,0,11,0,0,1,0,0,0,720,0
10803,2026-06-26T09:55:29.539233000Z,QoS Data,128,34,-17,920,2,8,1,0,0,0,0,1,720,0
10805,2026-06-26T09:55:29.541817000Z,QoS Data,128,34,-30,920,2,8,0,0,0,0,0,1,720,0
10807,2026-06-26T09:55:29.720227000Z,Authentication,166,34,-60,920,0,11,0,0,0,0,0,0,0,0
10808,2026-06-26T09:55:29.970104000Z,Authentication,166,34,-62,920,0,11,0,0,0,0,0,0,0,0
10809,2026-06-26T09:55:29.983427000Z,Authentication,166,34,-21,920,0,11,0,0,1,0,0,0,720,0
10810,2026-06-26T09:55:29.990198000Z,Authentication,166,34,-20,920,0,11,0,0,1,0,0,0,720,0
10811,2026-06-26T09:55:29.996653000Z,Authentication,166,34,-20,920,0,11,0,0,1,0,0,0,720,0
10812,2026-06-26T09:55:30.160818000Z,S1G Beacon,129,34,-21,920,3,1,,,,,,,0,0
10813,2026-06-26T09:55:30.232239000Z,Authentication,166,34,-60,920,0,11,0,0,0,0,0,0,0,0
10814,2026-06-26T09:55:30.246812000Z,Authentication,166,34,-23,920,0,11,0,0,0,0,0,0,720,0
10815,2026-06-26T09:55:30.260040000Z,Authentication,166,34,-22,920,0,11,0,0,1,0,0,0,720,0
10816,2026-06-26T09:55:30.482117000Z,Authentication,166,34,-60,920,0,11,0,0,0,0,0,0,0,0
10817,2026-06-26T09:55:30.503353000Z,Authentication,166,34,-24,920,0,11,0,0,1,0,0,0,720,0
10818,2026-06-26T09:55:30.516170000Z,Authentication,166,34,-22,920,0,11,0,0,1,0,0,0,720,0
10819,2026-06-26T09:55:30.723768000Z,Authentication,166,34,-60,920,0,11,0,0,0,0,0,0,0,0
10820,2026-06-26T09:55:30.736783000Z,Authentication,166,34,-23,920,0,11,0,0,0,0,0,0,720,0
10821,2026-06-26T09:55:30.743555000Z,Authentication,166,34,-24,920,0,11,0,0,1,0,0,0,720,0
10822,2026-06-26T09:55:30.756781000Z,Authentication,166,34,-24,920,0,11,0,0,1,0,0,0,720,0
10823,2026-06-26T09:55:30.978245000Z,S1G Beacon,61,34,-21,920,3,1,,,,,,,0,0
10824,2026-06-26T09:55:30.985912000Z,Authentication,166,34,-60,920,0,11,0,0,0,0,0,0,0,0
10825,2026-06-26T09:55:31.003260000Z,Authentication,166,34,-23,920,0,11,0,0,1,0,0,0,720,0
10826,2026-06-26T09:55:31.009770000Z,Authentication,166,34,-20,920,0,11,0,0,1,0,0,0,720,0
10827,2026-06-26T09:55:31.016441000Z,Authentication,166,34,-21,920,0,11,0,0,1,0,0,0,720,0
10828,2026-06-26T09:55:31.242948000Z,Authentication,166,34,-60,920,0,11,0,0,0,0,0,0,0,0
10829,2026-06-26T09:55:31.256816000Z,Authentication,166,34,-21,920,0,11,0,0,0,0,0,0,720,0
10830,2026-06-26T09:55:31.269683000Z,Authentication,166,34,-22,920,0,11,0,0,1,0,0,0,720,0
10831,2026-06-26T09:55:31.477455000Z,Authentication,166,34,-62,920,0,11,0,0,0,0,0,0,0,0
10832,2026-06-26T09:55:31.486817000Z,Authentication,166,34,-20,920,0,11,0,0,0,0,0,0,720,0
10833,2026-06-26T09:55:31.500206000Z,Authentication,166,34,-21,920,0,11,0,0,1,0,0,0,720,0
10834,2026-06-26T09:55:31.506873000Z,Authentication,166,34,-20,920,0,11,0,0,1,0,0,0,720,0
10835,2026-06-26T09:55:31.579787000Z,Data,287,34,-21,920,2,0,0,0,0,0,0,1,0,0
10836,2026-06-26T09:55:31.799267000Z,S1G Beacon,129,34,-21,920,3,1,,,,,,,0,0
10837,2026-06-26T09:55:32.001762000Z,Authentication,166,34,-61,920,0,11,0,0,0,0,0,0,0,0
10838,2026-06-26T09:55:32.016789000Z,Authentication,166,34,-20,920,0,11,0,0,0,0,0,0,720,0
10839,2026-06-26T09:55:32.023562000Z,Authentication,166,34,-19,920,0,11,0,0,1,0,0,0,720,0
10840,2026-06-26T09:55:32.030282000Z,Authentication,166,34,-19,920,0,11,0,0,1,0,0,0,720,0
10841,2026-06-26T09:55:32.036842000Z,Authentication,166,34,-20,920,0,11,0,0,1,0,0,0,720,0
10842,2026-06-26T09:55:32.231130000Z,Authentication,166,34,-61,920,0,11,0,0,0,0,0,0,0,0
10843,2026-06-26T09:55:32.246846000Z,Authentication,166,34,-21,920,0,11,0,0,0,0,0,0,720,0
10844,2026-06-26T09:55:32.260187000Z,Authentication,166,34,-19,920,0,11,0,0,1,0,0,0,720,0
10845,2026-06-26T09:55:32.493285000Z,Authentication,166,34,-59,920,0,11,0,0,0,0,0,0,0,0
10846,2026-06-26T09:55:32.507023000Z,Authentication,166,34,-19,920,0,11,0,0,0,0,0,0,720,0
10847,2026-06-26T09:55:32.513799000Z,Authentication,166,34,-19,920,0,11,0,0,1,0,0,0,720,0
10848,2026-06-26T09:55:32.525777000Z,Authentication,166,34,-21,920,0,11,0,0,1,0,0,0,720,0
10849,2026-06-26T09:55:32.616685000Z,S1G Beacon,61,34,-20,920,3,1,,,,,,,0,0
10850,2026-06-26T09:55:32.755423000Z,Authentication,166,34,-60,920,0,11,0,0,0,0,0,0,0,0
10851,2026-06-26T09:55:32.766824000Z,Authentication,166,34,-18,920,0,11,0,0,0,0,0,0,720,0
10852,2026-06-26T09:55:32.773595000Z,Authentication,166,34,-18,920,0,11,0,0,1,0,0,0,720,0
10853,2026-06-26T09:55:32.780320000Z,Authentication,166,34,-19,920,0,11,0,0,1,0,0,0,720,0
10854,2026-06-26T09:55:32.786302000Z,Authentication,166,34,-48,920,0,11,0,0,1,0,0,0,720,0
10855,2026-06-26T09:55:32.992997000Z,Authentication,166,34,-61,920,0,11,0,0,0,0,0,0,0,0
10856,2026-06-26T09:55:33.246988000Z,Authentication,166,34,-60,920,0,11,0,0,0,0,0,0,0,0
10857,2026-06-26T09:55:33.257108000Z,Authentication,166,34,-20,920,0,11,0,0,0,0,0,0,720,0
10858,2026-06-26T09:55:33.263515000Z,Authentication,166,34,-19,920,0,11,0,0,1,0,0,0,720,0
10859,2026-06-26T09:55:33.268776000Z,Authentication,166,34,-18,920,0,11,0,0,1,0,0,0,720,0
10860,2026-06-26T09:55:33.275497000Z,Authentication,166,34,-18,920,0,11,0,0,1,0,0,0,720,0
10861,2026-06-26T09:55:33.437718000Z,S1G Beacon,129,34,-21,920,3,1,,,,,,,0,0
10862,2026-06-26T09:55:33.509102000Z,Authentication,166,34,-60,920,0,11,0,0,0,0,0,0,0,0
10863,2026-06-26T09:55:33.524408000Z,Authentication,166,34,-21,920,0,11,0,0,0,0,0,0,720,0
10864,2026-06-26T09:55:33.537724000Z,Authentication,166,34,-19,920,0,11,0,0,1,0,0,0,720,0
10865,2026-06-26T09:55:33.544199000Z,Authentication,166,34,-18,920,0,11,0,0,1,0,0,0,720,0
10866,2026-06-26T09:55:33.771252000Z,Authentication,166,34,-60,920,0,11,0,0,0,0,0,0,0,0
10867,2026-06-26T09:55:33.786864000Z,Authentication,166,34,-19,920,0,11,0,0,0,0,0,0,720,0
10868,2026-06-26T09:55:33.793534000Z,Authentication,166,34,-18,920,0,11,0,0,1,0,0,0,720,0
10869,2026-06-26T09:55:33.800617000Z,Authentication,166,34,-18,920,0,11,0,0,1,0,0,0,720,0
10870,2026-06-26T09:55:33.807235000Z,Authentication,166,34,-19,920,0,11,0,0,1,0,0,0,720,0
10871,2026-06-26T09:55:34.000642000Z,Authentication,166,34,-60,920,0,11,0,0,0,0,0,0,0,0
10872,2026-06-26T09:55:34.016923000Z,Authentication,166,34,-19,920,0,11,0,0,0,0,0,0,720,0
10873,2026-06-26T09:55:34.023433000Z,Authentication,166,34,-19,920,0,11,0,0,1,0,0,0,720,0
10874,2026-06-26T09:55:34.029942000Z,Authentication,166,34,-18,920,0,11,0,0,1,0,0,0,720,0
10875,2026-06-26T09:55:34.035359000Z,Authentication,166,34,-19,920,0,11,0,0,1,0,0,0,720,0
10876,2026-06-26T09:55:34.255150000Z,S1G Beacon,61,34,-18,920,3,1,,,,,,,0,0
10877,2026-06-26T09:55:34.262794000Z,Authentication,166,34,-59,920,0,11,0,0,0,0,0,0,0,0
10878,2026-06-26T09:55:34.277451000Z,Authentication,166,34,-17,920,0,11,0,0,0,0,0,0,720,0
10879,2026-06-26T09:55:34.284074000Z,Authentication,166,34,-16,920,0,11,0,0,1,0,0,0,720,0
10880,2026-06-26T09:55:34.290572000Z,Authentication,166,34,-16,920,0,11,0,0,1,0,0,0,720,0
10881,2026-06-26T09:55:34.297078000Z,Authentication,166,34,-17,920,0,11,0,0,1,0,0,0,720,0
10882,2026-06-26T09:55:34.332512000Z,QoS Data,149,34,-18,920,2,8,1,0,0,0,0,1,720,0
10885,2026-06-26T09:55:34.341259000Z,QoS Data,131,34,-10,920,2,8,1,0,0,0,0,1,720,0
10887,2026-06-26T09:55:34.344053000Z,QoS Data,131,34,-20,920,2,8,0,0,0,0,0,1,720,0
10889,2026-06-26T09:55:34.524943000Z,Authentication,166,34,-62,920,0,11,0,0,0,0,0,0,0,0
10890,2026-06-26T09:55:34.539224000Z,QoS Data,128,34,-18,920,2,8,1,0,0,0,0,1,720,0
10892,2026-06-26T09:55:34.541393000Z,QoS Data,128,34,-19,920,2,8,0,0,0,0,0,1,720,0
10894,2026-06-26T09:55:34.603830000Z,Data,287,34,-15,920,2,0,0,0,0,0,0,1,0,0
10895,2026-06-26T09:55:34.776842000Z,Authentication,166,34,-59,920,0,11,0,0,0,0,0,0,0,0
10896,2026-06-26T09:55:34.786887000Z,Authentication,166,34,-16,920,0,11,0,0,0,0,0,0,720,0
10897,2026-06-26T09:55:34.793289000Z,Authentication,166,34,-17,920,0,11,0,0,1,0,0,0,720,0
10898,2026-06-26T09:55:34.799801000Z,Authentication,166,34,-18,920,0,11,0,0,1,0,0,0,720,0
10899,2026-06-26T09:55:34.806577000Z,Authentication,166,34,-18,920,0,11,0,0,1,0,0,0,720,0
10900,2026-06-26T09:55:35.016464000Z,Authentication,166,34,-59,920,0,11,0,0,0,0,0,0,0,0
10901,2026-06-26T09:55:35.026891000Z,Authentication,166,34,-27,920,0,11,0,0,0,0,0,0,720,0
10902,2026-06-26T09:55:35.033547000Z,Authentication,166,34,-29,920,0,11,0,0,1,0,0,0,720,0
10903,2026-06-26T09:55:35.040055000Z,Authentication,166,34,-28,920,0,11,0,0,1,0,0,0,720,0
10904,2026-06-26T09:55:35.046671000Z,Authentication,166,34,-28,920,0,11,0,0,1,0,0,0,720,0
10905,2026-06-26T09:55:35.076153000Z,S1G Beacon,129,34,-31,920,3,1,,,,,,,0,0
10906,2026-06-26T09:55:35.278636000Z,Authentication,166,34,-60,920,0,11,0,0,0,0,0,0,0,0
10907,2026-06-26T09:55:35.286903000Z,Authentication,166,34,-32,920,0,11,0,0,0,0,0,0,720,0
10908,2026-06-26T09:55:35.293460000Z,Authentication,166,34,-32,920,0,11,0,0,1,0,0,0,720,0
10909,2026-06-26T09:55:35.300134000Z,Authentication,166,34,-32,920,0,11,0,0,1,0,0,0,720,0
10910,2026-06-26T09:55:35.306741000Z,Authentication,166,34,-32,920,0,11,0,0,1,0,0,0,720,0
10911,2026-06-26T09:55:35.540774000Z,Authentication,166,34,-60,920,0,11,0,0,0,0,0,0,0,0
10912,2026-06-26T09:55:35.557067000Z,Authentication,166,34,-36,920,0,11,0,0,0,0,0,0,720,0
10913,2026-06-26T09:55:35.563728000Z,Authentication,166,34,-36,920,0,11,0,0,1,0,0,0,720,0
10914,2026-06-26T09:55:35.570142000Z,Authentication,166,34,-35,920,0,11,0,0,1,0,0,0,720,0
10915,2026-06-26T09:55:35.575609000Z,Authentication,166,34,-34,920,0,11,0,0,1,0,0,0,720,0
10916,2026-06-26T09:55:35.770147000Z,Authentication,166,34,-63,920,0,11,0,0,0,0,0,0,0,0
10917,2026-06-26T09:55:35.786836000Z,Authentication,166,34,-34,920,0,11,0,0,0,0,0,0,720,0
10918,2026-06-26T09:55:35.793607000Z,Authentication,166,34,-32,920,0,11,0,0,1,0,0,0,720,0
10919,2026-06-26T09:55:35.800128000Z,Authentication,166,34,-33,920,0,11,0,0,1,0,0,0,720,0
10920,2026-06-26T09:55:35.806528000Z,Authentication,166,34,-32,920,0,11,0,0,1,0,0,0,720,0
10921,2026-06-26T09:55:35.893579000Z,S1G Beacon,61,34,-30,920,3,1,,,,,,,0,0
10922,2026-06-26T09:55:36.032291000Z,Authentication,166,34,-58,920,0,11,0,0,0,0,0,0,0,0
10923,2026-06-26T09:55:36.047019000Z,Authentication,166,34,-29,920,0,11,0,0,0,0,0,0,720,0
10924,2026-06-26T09:55:36.053792000Z,Authentication,166,34,-29,920,0,11,0,0,1,0,0,0,720,0
10925,2026-06-26T09:55:36.060299000Z,Authentication,166,34,-28,920,0,11,0,0,1,0,0,0,720,0
10926,2026-06-26T09:55:36.066707000Z,Authentication,166,34,-29,920,0,11,0,0,1,0,0,0,720,0
10927,2026-06-26T09:55:36.294458000Z,Authentication,166,34,-60,920,0,11,0,0,0,0,0,0,0,0
10928,2026-06-26T09:55:36.306924000Z,Authentication,166,34,-30,920,0,11,0,0,0,0,0,0,720,0
10929,2026-06-26T09:55:36.313494000Z,Authentication,166,34,-31,920,0,11,0,0,1,0,0,0,720,0
10930,2026-06-26T09:55:36.320050000Z,Authentication,166,34,-30,920,0,11,0,0,1,0,0,0,720,0
10931,2026-06-26T09:55:36.326623000Z,Authentication,166,34,-32,920,0,11,0,0,1,0,0,0,720,0
10932,2026-06-26T09:55:36.532010000Z,Authentication,166,34,-59,920,0,11,0,0,0,0,0,0,0,0
10933,2026-06-26T09:55:36.546957000Z,Authentication,166,34,-35,920,0,11,0,0,0,0,0,0,720,0
10934,2026-06-26T09:55:36.553671000Z,Authentication,166,34,-34,920,0,11,0,0,1,0,0,0,720,0
10935,2026-06-26T09:55:36.560397000Z,Authentication,166,34,-34,920,0,11,0,0,1,0,0,0,720,0
10936,2026-06-26T09:55:36.566960000Z,Authentication,166,34,-36,920,0,11,0,0,1,0,0,0,720,0
10937,2026-06-26T09:55:36.714608000Z,S1G Beacon,129,34,-36,920,3,1,,,,,,,0,0
10938,2026-06-26T09:55:36.785969000Z,Authentication,166,34,-60,920,0,11,0,0,0,0,0,0,0,0
10939,2026-06-26T09:55:36.797159000Z,Authentication,166,34,-39,920,0,11,0,0,0,0,0,0,720,0
10940,2026-06-26T09:55:36.803777000Z,Authentication,166,34,-37,920,0,11,0,0,1,0,0,0,720,0
10941,2026-06-26T09:55:36.810232000Z,Authentication,166,34,-38,920,0,11,0,0,1,0,0,0,720,0
10942,2026-06-26T09:55:36.815542000Z,Authentication,166,34,-37,920,0,11,0,0,1,0,0,0,720,0
10943,2026-06-26T09:55:37.048120000Z,Authentication,166,34,-59,920,0,11,0,0,0,0,0,0,0,0
10944,2026-06-26T09:55:37.056920000Z,Authentication,166,34,-34,920,0,11,0,0,0,0,0,0,720,0
10945,2026-06-26T09:55:37.063329000Z,Authentication,166,34,-33,920,0,11,0,0,1,0,0,0,720,0
10946,2026-06-26T09:55:37.069886000Z,Authentication,166,34,-31,920,0,11,0,0,1,0,0,0,720,0
10947,2026-06-26T09:55:37.076558000Z,Authentication,166,34,-32,920,0,11,0,0,1,0,0,0,720,0
10948,2026-06-26T09:55:37.310285000Z,Authentication,166,34,-60,920,0,11,0,0,0,0,0,0,0,0
10949,2026-06-26T09:55:37.324541000Z,Authentication,166,34,-22,920,0,11,0,0,0,0,0,0,720,0
10950,2026-06-26T09:55:37.330990000Z,Authentication,166,34,-22,920,0,11,0,0,1,0,0,0,720,0
10951,2026-06-26T09:55:37.344270000Z,Authentication,166,34,-22,920,0,11,0,0,1,0,0,0,720,0
10952,2026-06-26T09:55:37.532038000Z,S1G Beacon,61,34,-26,920,3,1,,,,,,,0,0
10953,2026-06-26T09:55:37.545795000Z,Authentication,166,34,-59,920,0,11,0,0,0,0,0,0,0,0
10954,2026-06-26T09:55:37.628637000Z,Data,287,34,-28,920,2,0,0,0,0,0,0,1,0,0
10955,2026-06-26T09:55:37.801808000Z,Authentication,166,34,-61,920,0,11,0,0,0,0,0,0,0,0
10956,2026-06-26T09:55:38.063947000Z,Authentication,166,34,-60,920,0,11,0,0,0,0,0,0,0,0
10957,2026-06-26T09:55:38.076908000Z,Authentication,166,34,-29,920,0,11,0,0,0,0,0,0,720,0
10958,2026-06-26T09:55:38.083473000Z,Authentication,166,34,-29,920,0,11,0,0,1,0,0,0,720,0
10959,2026-06-26T09:55:38.090251000Z,Authentication,166,34,-30,920,0,11,0,0,1,0,0,0,720,0
10960,2026-06-26T09:55:38.096965000Z,Authentication,166,34,-29,920,0,11,0,0,1,0,0,0,720,0
10961,2026-06-26T09:55:38.305129000Z,Authentication,166,34,-59,920,0,11,0,0,0,0,0,0,0,0
10962,2026-06-26T09:55:38.316925000Z,Authentication,166,34,-36,920,0,11,0,0,0,0,0,0,720,0
10963,2026-06-26T09:55:38.323487000Z,Authentication,166,34,-36,920,0,11,0,0,1,0,0,0,720,0
10964,2026-06-26T09:55:38.329891000Z,Authentication,166,34,-37,920,0,11,0,0,1,0,0,0,720,0
10965,2026-06-26T09:55:38.336401000Z,Authentication,166,34,-34,920,0,11,0,0,1,0,0,0,720,0
10966,2026-06-26T09:55:38.353051000Z,S1G Beacon,129,34,-36,920,3,1,,,,,,,0,0
10967,2026-06-26T09:55:38.555477000Z,Authentication,166,34,-59,920,0,11,0,0,0,0,0,0,0,0
10968,2026-06-26T09:55:38.566931000Z,Authentication,166,34,-31,920,0,11,0,0,0,0,0,0,720,0
10969,2026-06-26T09:55:38.573594000Z,Authentication,166,34,-34,920,0,11,0,0,1,0,0,0,720,0
10970,2026-06-26T09:55:38.585163000Z,Authentication,166,34,-33,920,0,11,0,0,1,0,0,0,720,0
10971,2026-06-26T09:55:38.817630000Z,Authentication,166,34,-58,920,0,11,0,0,0,0,0,0,0,0
10972,2026-06-26T09:55:38.824608000Z,Authentication,166,34,-36,920,0,11,0,0,0,0,0,0,720,0
10973,2026-06-26T09:55:38.831277000Z,Authentication,166,34,-36,920,0,11,0,0,1,0,0,0,720,0
10974,2026-06-26T09:55:38.837372000Z,Authentication,166,34,-36,920,0,11,0,0,1,0,0,0,720,0
10975,2026-06-26T09:55:38.843780000Z,Authentication,166,34,-36,920,0,11,0,0,1,0,0,0,720,0
10976,2026-06-26T09:55:39.079778000Z,Authentication,166,34,-59,920,0,11,0,0,0,0,0,0,0,0
10977,2026-06-26T09:55:39.096913000Z,Authentication,166,34,-33,920,0,11,0,0,0,0,0,0,720,0
10978,2026-06-26T09:55:39.103471000Z,Authentication,166,34,-34,920,0,11,0,0,1,0,0,0,720,0
10979,2026-06-26T09:55:39.109982000Z,Authentication,166,34,-36,920,0,11,0,0,1,0,0,0,720,0
10980,2026-06-26T09:55:39.116400000Z,Authentication,166,34,-34,920,0,11,0,0,1,0,0,0,720,0
10981,2026-06-26T09:55:39.170478000Z,S1G Beacon,61,34,-34,920,3,1,,,,,,,0,0
10982,2026-06-26T09:55:39.313279000Z,Authentication,166,34,-59,920,0,11,0,0,0,0,0,0,0,0
10983,2026-06-26T09:55:39.323058000Z,Authentication,166,34,-32,920,0,11,0,0,0,0,0,0,720,0
10984,2026-06-26T09:55:39.329770000Z,Authentication,166,34,-33,920,0,11,0,0,1,0,0,0,720,0
10985,2026-06-26T09:55:39.336487000Z,Authentication,166,34,-32,920,0,11,0,0,1,0,0,0,720,0
10986,2026-06-26T09:55:39.343201000Z,Authentication,166,34,-32,920,0,11,0,0,1,0,0,0,720,0
10988,2026-06-26T09:55:39.359995000Z,QoS Data,149,34,-38,920,2,8,0,0,0,0,0,1,720,0
10990,2026-06-26T09:55:39.365594000Z,QoS Data,131,34,-10,920,2,8,1,0,0,0,0,1,720,0
10992,2026-06-26T09:55:39.368027000Z,QoS Data,131,34,-37,920,2,8,0,0,0,0,0,1,720,0
10994,2026-06-26T09:55:39.539151000Z,QoS Data,128,34,-20,920,2,8,1,0,0,0,0,1,720,0
10996,2026-06-26T09:55:39.541470000Z,QoS Data,128,34,-37,920,2,8,0,0,0,0,0,1,720,0
10997,2026-06-26T09:55:39.545677000Z,QoS Data,128,34,-36,920,2,8,0,0,1,0,0,1,720,0
10999,2026-06-26T09:55:39.587041000Z,Authentication,166,34,-31,920,0,11,0,0,0,0,0,0,720,0
11000,2026-06-26T09:55:39.593708000Z,Authentication,166,34,-31,920,0,11,0,0,1,0,0,0,720,0
11001,2026-06-26T09:55:39.600271000Z,Authentication,166,34,-33,920,0,11,0,0,1,0,0,0,720,0
11002,2026-06-26T09:55:39.607045000Z,Authentication,166,34,-30,920,0,11,0,0,1,0,0,0,720,0
11003,2026-06-26T09:55:39.833475000Z,Authentication,166,34,-58,920,0,11,0,0,0,0,0,0,0,0
11004,2026-06-26T09:55:39.846988000Z,Authentication,166,34,-32,920,0,11,0,0,0,0,0,0,720,0
11005,2026-06-26T09:55:39.853656000Z,Authentication,166,34,-31,920,0,11,0,0,1,0,0,0,720,0
11006,2026-06-26T09:55:39.860063000Z,Authentication,166,34,-32,920,0,11,0,0,1,0,0,0,720,0
11007,2026-06-26T09:55:39.866522000Z,Authentication,166,34,-31,920,0,11,0,0,1,0,0,0,720,0
11008,2026-06-26T09:55:39.991507000Z,S1G Beacon,129,34,-33,920,3,1,,,,,,,0,0
11009,2026-06-26T09:55:40.081266000Z,Authentication,166,34,-59,920,0,11,0,0,0,0,0,0,0,0
11010,2026-06-26T09:55:40.097256000Z,Authentication,166,34,-33,920,0,11,0,0,0,0,0,0,720,0
11011,2026-06-26T09:55:40.103714000Z,Authentication,166,34,-34,920,0,11,0,0,1,0,0,0,720,0
11012,2026-06-26T09:55:40.110429000Z,Authentication,166,34,-33,920,0,11,0,0,1,0,0,0,720,0
11013,2026-06-26T09:55:40.116828000Z,Authentication,166,34,-32,920,0,11,0,0,1,0,0,0,720,0
11014,2026-06-26T09:55:40.325021000Z,Authentication,166,34,-59,920,0,11,0,0,0,0,0,0,0,0
11015,2026-06-26T09:55:40.334252000Z,Authentication,166,34,-34,920,0,11,0,0,0,0,0,0,720,0
11016,2026-06-26T09:55:40.340925000Z,Authentication,166,34,-34,920,0,11,0,0,1,0,0,0,720,0
11017,2026-06-26T09:55:40.347329000Z,Authentication,166,34,-34,920,0,11,0,0,1,0,0,0,720,0
11018,2026-06-26T09:55:40.353945000Z,Authentication,166,34,-35,920,0,11,0,0,1,0,0,0,720,0
11019,2026-06-26T09:55:40.587137000Z,Authentication,166,34,-60,920,0,11,0,0,0,0,0,0,0,0
11020,2026-06-26T09:55:40.597011000Z,Authentication,166,34,-34,920,0,11,0,0,0,0,0,0,720,0
11021,2026-06-26T09:55:40.603311000Z,Authentication,166,34,-35,920,0,11,0,0,1,0,0,0,720,0
11022,2026-06-26T09:55:40.609718000Z,Authentication,166,34,-35,920,0,11,0,0,1,0,0,0,720,0
11023,2026-06-26T09:55:40.616489000Z,Authentication,166,34,-35,920,0,11,0,0,1,0,0,0,720,0
11024,2026-06-26T09:55:40.652039000Z,Data,287,34,-36,920,2,0,0,0,0,0,0,1,0,0
11025,2026-06-26T09:55:40.809014000Z,S1G Beacon,61,34,-38,920,3,1,,,,,,,0,0
11026,2026-06-26T09:55:40.849291000Z,Authentication,166,34,-61,920,0,11,0,0,0,0,0,0,0,0
11027,2026-06-26T09:55:40.856994000Z,Authentication,166,34,-35,920,0,11,0,0,0,0,0,0,720,0
11028,2026-06-26T09:55:40.862879000Z,Authentication,166,34,-36,920,0,11,0,0,1,0,0,0,720,0
11029,2026-06-26T09:55:40.869594000Z,Authentication,166,34,-36,920,0,11,0,0,1,0,0,0,720,0
11030,2026-06-26T09:55:40.876370000Z,Authentication,166,34,-36,920,0,11,0,0,1,0,0,0,720,0
11031,2026-06-26T09:55:41.078665000Z,Authentication,166,34,-59,920,0,11,0,0,0,0,0,0,0,0
11032,2026-06-26T09:55:41.087255000Z,Authentication,166,34,-32,920,0,11,0,0,0,0,0,0,720,0
11033,2026-06-26T09:55:41.093764000Z,Authentication,166,34,-32,920,0,11,0,0,1,0,0,0,720,0
11034,2026-06-26T09:55:41.100171000Z,Authentication,166,34,-31,920,0,11,0,0,1,0,0,0,720,0
11035,2026-06-26T09:55:41.106940000Z,Authentication,166,34,-32,920,0,11,0,0,1,0,0,0,720,0
11036,2026-06-26T09:55:41.340833000Z,Authentication,166,34,-59,920,0,11,0,0,0,0,0,0,0,0
11037,2026-06-26T09:55:41.357089000Z,Authentication,166,34,-30,920,0,11,0,0,0,0,0,0,720,0
11038,2026-06-26T09:55:41.363607000Z,Authentication,166,34,-30,920,0,11,0,0,1,0,0,0,720,0
11039,2026-06-26T09:55:41.370336000Z,Authentication,166,34,-31,920,0,11,0,0,1,0,0,0,720,0
11040,2026-06-26T09:55:41.375697000Z,Authentication,166,34,-31,920,0,11,0,0,1,0,0,0,720,0
11041,2026-06-26T09:55:41.629968000Z,S1G Beacon,129,34,-31,920,3,1,,,,,,,0,0
11042,2026-06-26T09:55:41.844645000Z,Authentication,166,34,-58,920,0,11,0,0,0,0,0,0,0,0
11043,2026-06-26T09:55:42.094497000Z,Authentication,166,34,-58,920,0,11,0,0,0,0,0,0,0,0
11044,2026-06-26T09:55:42.106676000Z,Authentication,166,34,-31,920,0,11,0,0,0,0,0,0,720,0
11045,2026-06-26T09:55:42.113087000Z,Authentication,166,34,-31,920,0,11,0,0,1,0,0,0,720,0
11046,2026-06-26T09:55:42.119753000Z,Authentication,166,34,-31,920,0,11,0,0,1,0,0,0,720,0
11047,2026-06-26T09:55:42.126472000Z,Authentication,166,34,-30,920,0,11,0,0,1,0,0,0,720,0
11048,2026-06-26T09:55:42.447410000Z,S1G Beacon,61,34,-33,920,3,1,,,,,,,0,0
11049,2026-06-26T09:55:42.599345000Z,Authentication,166,34,-58,920,0,11,0,0,0,0,0,0,0,0
11050,2026-06-26T09:55:42.609750000Z,Authentication,166,34,-31,920,0,11,0,0,0,0,0,0,720,0
11051,2026-06-26T09:55:42.622926000Z,Authentication,166,34,-34,920,0,11,0,0,1,0,0,0,720,0
11052,2026-06-26T09:55:42.629436000Z,Authentication,166,34,-31,920,0,11,0,0,1,0,0,0,720,0
11053,2026-06-26T09:55:42.676122000Z,Disassociation,64,34,-31,920,0,10,0,0,0,0,0,0,720,0
11054,2026-06-26T09:55:42.679965000Z,Disassociation,64,34,-32,920,0,10,0,0,1,0,0,0,720,0
11055,2026-06-26T09:55:42.683755000Z,Disassociation,64,34,-31,920,0,10,0,0,1,0,0,0,720,0
11056,2026-06-26T09:55:42.687493000Z,Disassociation,64,34,-31,920,0,10,0,0,1,0,0,0,720,0
11057,2026-06-26T09:55:42.848177000Z,Authentication,166,34,-60,920,0,11,0,0,0,0,0,0,0,0
11058,2026-06-26T09:55:42.857091000Z,Authentication,166,34,-31,920,0,11,0,0,0,0,0,0,720,0
11059,2026-06-26T09:55:42.863910000Z,Authentication,166,34,-31,920,0,11,0,0,1,0,0,0,720,0
11060,2026-06-26T09:55:42.870340000Z,Authentication,166,34,-30,920,0,11,0,0,1,0,0,0,720,0
11061,2026-06-26T09:55:42.876898000Z,Authentication,166,34,-32,920,0,11,0,0,1,0,0,0,720,0
11062,2026-06-26T09:55:43.110323000Z,Authentication,166,34,-59,920,0,11,0,0,0,0,0,0,0,0
11063,2026-06-26T09:55:43.124705000Z,Authentication,166,34,-29,920,0,11,0,0,0,0,0,0,720,0
11064,2026-06-26T09:55:43.131014000Z,Authentication,166,34,-30,920,0,11,0,0,1,0,0,0,720,0
11065,2026-06-26T09:55:43.137468000Z,Authentication,166,34,-30,920,0,11,0,0,1,0,0,0,720,0
11066,2026-06-26T09:55:43.144029000Z,Authentication,166,34,-29,920,0,11,0,0,1,0,0,0,720,0
11067,2026-06-26T09:55:43.268408000Z,S1G Beacon,129,34,-27,920,3,1,,,,,,,0,0
11068,2026-06-26T09:55:43.310751000Z,Data,378,34,-28,920,2,0,0,0,0,0,0,1,0,0
11069,2026-06-26T09:55:43.372472000Z,Authentication,166,34,-59,920,0,11,0,0,0,0,0,0,0,0
11070,2026-06-26T09:55:43.387102000Z,Authentication,166,34,-28,920,0,11,0,0,0,0,0,0,720,0
11071,2026-06-26T09:55:43.393769000Z,Authentication,166,34,-28,920,0,11,0,0,1,0,0,0,720,0
11072,2026-06-26T09:55:43.399761000Z,Authentication,166,34,-27,920,0,11,0,0,1,0,0,0,720,0
11073,2026-06-26T09:55:43.406480000Z,Authentication,166,34,-26,920,0,11,0,0,1,0,0,0,720,0
11074,2026-06-26T09:55:43.419424000Z,Data,387,34,-27,920,2,0,0,0,0,0,0,1,0,0
11075,2026-06-26T09:55:43.520583000Z,Data,450,34,-27,920,2,0,0,0,0,0,0,1,0,0
11076,2026-06-26T09:55:43.610052000Z,Authentication,166,34,-60,920,0,11,0,0,0,0,0,0,0,0
11077,2026-06-26T09:55:43.617256000Z,Authentication,166,34,-27,920,0,11,0,0,0,0,0,0,720,0
11078,2026-06-26T09:55:43.631223000Z,Data,442,34,-28,920,2,0,0,0,0,0,0,1,0,0
11079,2026-06-26T09:55:43.635766000Z,Authentication,166,34,-27,920,0,11,0,0,1,0,0,0,720,0
11080,2026-06-26T09:55:43.642335000Z,Authentication,166,34,-27,920,0,11,0,0,1,0,0,0,720,0
11081,2026-06-26T09:55:43.648739000Z,Authentication,166,34,-27,920,0,11,0,0,1,0,0,0,720,0
11082,2026-06-26T09:55:43.676348000Z,Data,287,34,-29,920,2,0,0,0,0,0,0,1,0,0
11083,2026-06-26T09:55:43.726869000Z,Data,387,34,-26,920,2,0,0,0,0,0,0,1,0,0
11084,2026-06-26T09:55:43.831842000Z,Data,426,34,-28,920,2,0,0,0,0,0,0,1,0,0
11085,2026-06-26T09:55:43.864004000Z,Authentication,166,34,-60,920,0,11,0,0,0,0,0,0,0,0
11086,2026-06-26T09:55:43.877082000Z,Authentication,166,34,-28,920,0,11,0,0,0,0,0,0,720,0
11087,2026-06-26T09:55:43.883647000Z,Authentication,166,34,-30,920,0,11,0,0,1,0,0,0,720,0
11088,2026-06-26T09:55:43.896772000Z,Authentication,166,34,-27,920,0,11,0,0,1,0,0,0,720,0
11089,2026-06-26T09:55:43.937112000Z,Data,458,34,-30,920,2,0,0,0,0,0,0,1,0,0
11090,2026-06-26T09:55:44.038898000Z,Data,387,34,-28,920,2,0,0,0,0,0,0,1,0,0
11091,2026-06-26T09:55:44.085837000Z,S1G Beacon,61,34,-30,920,3,1,,,,,,,0,0
11092,2026-06-26T09:55:44.126150000Z,Authentication,166,34,-59,920,0,11,0,0,0,0,0,0,0,0
11093,2026-06-26T09:55:44.137105000Z,Authentication,166,34,-30,920,0,11,0,0,0,0,0,0,720,0
11094,2026-06-26T09:55:44.151622000Z,Data,446,34,-31,920,2,0,0,0,0,0,0,1,0,0
11095,2026-06-26T09:55:44.156166000Z,Authentication,166,34,-29,920,0,11,0,0,1,0,0,0,720,0
11096,2026-06-26T09:55:44.162782000Z,Authentication,166,34,-29,920,0,11,0,0,1,0,0,0,720,0
11097,2026-06-26T09:55:44.169294000Z,Authentication,166,34,-30,920,0,11,0,0,1,0,0,0,720,0
11098,2026-06-26T09:55:44.350901000Z,Data,387,34,-31,920,2,0,0,0,0,0,0,1,0,0
11099,2026-06-26T09:55:44.371917000Z,Authentication,166,34,-59,920,0,11,0,0,0,0,0,0,0,0
11100,2026-06-26T09:55:44.380528000Z,QoS Data,149,34,-19,920,2,8,1,0,0,0,0,1,720,0
11102,2026-06-26T09:55:44.385986000Z,Authentication,166,34,-34,920,0,11,0,0,0,0,0,0,720,0
11103,2026-06-26T09:55:44.392454000Z,Authentication,166,34,-33,920,0,11,0,0,1,0,0,0,720,0
11104,2026-06-26T09:55:44.399001000Z,Authentication,166,34,-33,920,0,11,0,0,1,0,0,0,720,0
11105,2026-06-26T09:55:44.404633000Z,Authentication,166,34,-33,920,0,11,0,0,1,0,0,0,720,0
11106,2026-06-26T09:55:44.408365000Z,QoS Data,149,34,-37,920,2,8,0,0,0,0,0,1,720,0
11108,2026-06-26T09:55:44.414027000Z,QoS Data,131,34,-9,920,2,8,1,0,0,0,0,1,720,0
11110,2026-06-26T09:55:44.416819000Z,QoS Data,131,34,-37,920,2,8,0,0,0,0,0,1,720,0
11112,2026-06-26T09:55:44.456284000Z,Data,442,34,-34,920,2,0,0,0,0,0,0,1,0,0
11113,2026-06-26T09:55:44.539204000Z,QoS Data,128,34,-18,920,2,8,1,0,0,0,0,1,720,0
11115,2026-06-26T09:55:44.542184000Z,QoS Data,128,34,-40,920,2,8,0,0,0,0,0,1,720,0
11116,2026-06-26T09:55:44.560723000Z,Data,452,34,-38,920,2,0,0,0,0,0,0,1,0,0
11117,2026-06-26T09:55:44.617682000Z,Authentication,166,34,-59,920,0,11,0,0,0,0,0,0,0,0
11118,2026-06-26T09:55:44.627105000Z,Authentication,166,34,-40,920,0,11,0,0,0,0,0,0,720,0
11119,2026-06-26T09:55:44.633733000Z,Authentication,166,34,-40,920,0,11,0,0,1,0,0,0,720,0
11120,2026-06-26T09:55:44.640281000Z,Authentication,166,34,-37,920,0,11,0,0,1,0,0,0,720,0
11121,2026-06-26T09:55:44.646896000Z,Authentication,166,34,-38,920,0,11,0,0,1,0,0,0,720,0
11122,2026-06-26T09:55:44.879840000Z,Authentication,166,34,-60,920,0,11,0,0,0,0,0,0,0,0
11123,2026-06-26T09:55:44.897058000Z,Authentication,166,34,-36,920,0,11,0,0,0,0,0,0,720,0
11124,2026-06-26T09:55:44.906860000Z,S1G Beacon,129,34,-34,920,3,1,,,,,,,0,0
11125,2026-06-26T09:55:44.911460000Z,Authentication,166,34,-34,920,0,11,0,0,1,0,0,0,720,0
11126,2026-06-26T09:55:44.918180000Z,Authentication,166,34,-33,920,0,11,0,0,1,0,0,0,720,0
11127,2026-06-26T09:55:44.924688000Z,Authentication,166,34,-32,920,0,11,0,0,1,0,0,0,720,0
11128,2026-06-26T09:55:45.141983000Z,Authentication,166,34,-60,920,0,11,0,0,0,0,0,0,0,0
11129,2026-06-26T09:55:45.150003000Z,Authentication,166,34,-18,920,0,11,0,0,0,0,0,0,720,0
11130,2026-06-26T09:55:45.156565000Z,Authentication,166,34,-19,920,0,11,0,0,1,0,0,0,720,0
11131,2026-06-26T09:55:45.162973000Z,Authentication,166,34,-19,920,0,11,0,0,1,0,0,0,720,0
11132,2026-06-26T09:55:45.169590000Z,Authentication,166,34,-18,920,0,11,0,0,1,0,0,0,720,0
11133,2026-06-26T09:55:45.371363000Z,Authentication,166,34,-61,920,0,11,0,0,0,0,0,0,0,0
11134,2026-06-26T09:55:45.633517000Z,Authentication,166,34,-59,920,0,11,0,0,0,0,0,0,0,0
11135,2026-06-26T09:55:45.646424000Z,Authentication,166,34,-18,920,0,11,0,0,0,0,0,0,720,0
11136,2026-06-26T09:55:45.653042000Z,Authentication,166,34,-18,920,0,11,0,0,1,0,0,0,720,0
11137,2026-06-26T09:55:45.666217000Z,Authentication,166,34,-19,920,0,11,0,0,1,0,0,0,720,0
11138,2026-06-26T09:55:45.724293000Z,S1G Beacon,61,34,-19,920,3,1,,,,,,,0,0
11139,2026-06-26T09:55:45.895662000Z,Authentication,166,34,-59,920,0,11,0,0,0,0,0,0,0,0
11140,2026-06-26T09:55:45.907214000Z,Authentication,166,34,-18,920,0,11,0,0,0,0,0,0,720,0
11141,2026-06-26T09:55:45.913993000Z,Authentication,166,34,-18,920,0,11,0,0,1,0,0,0,720,0
11142,2026-06-26T09:55:45.920549000Z,Authentication,166,34,-19,920,0,11,0,0,1,0,0,0,720,0
11143,2026-06-26T09:55:45.927211000Z,Authentication,166,34,-17,920,0,11,0,0,1,0,0,0,720,0
11144,2026-06-26T09:55:46.125048000Z,Authentication,166,34,-60,920,0,11,0,0,0,0,0,0,0,0
11145,2026-06-26T09:55:46.137121000Z,Authentication,166,34,-17,920,0,11,0,0,0,0,0,0,720,0
11146,2026-06-26T09:55:46.143685000Z,Authentication,166,34,-18,920,0,11,0,0,1,0,0,0,720,0
11147,2026-06-26T09:55:46.150449000Z,Authentication,166,34,-18,920,0,11,0,0,1,0,0,0,720,0
11148,2026-06-26T09:55:46.156963000Z,Authentication,166,34,-19,920,0,11,0,0,1,0,0,0,720,0
11149,2026-06-26T09:55:46.387190000Z,Authentication,166,34,-60,920,0,11,0,0,0,0,0,0,0,0
11150,2026-06-26T09:55:46.397109000Z,Authentication,166,34,-19,920,0,11,0,0,0,0,0,0,720,0
11151,2026-06-26T09:55:46.403518000Z,Authentication,166,34,-18,920,0,11,0,0,1,0,0,0,720,0
11152,2026-06-26T09:55:46.409092000Z,Authentication,166,34,-18,920,0,11,0,0,1,0,0,0,720,0
11153,2026-06-26T09:55:46.415655000Z,Authentication,166,34,-17,920,0,11,0,0,1,0,0,0,720,0
11154,2026-06-26T09:55:46.545314000Z,S1G Beacon,129,34,-18,920,3,1,,,,,,,0,0
11155,2026-06-26T09:55:46.649357000Z,Authentication,166,34,-59,920,0,11,0,0,0,0,0,0,0,0
11156,2026-06-26T09:55:46.657572000Z,Authentication,166,34,-18,920,0,11,0,0,0,0,0,0,720,0
11157,2026-06-26T09:55:46.664133000Z,Authentication,166,34,-17,920,0,11,0,0,1,0,0,0,720,0
11158,2026-06-26T09:55:46.670490000Z,Authentication,166,34,-17,920,0,11,0,0,1,0,0,0,720,0
11159,2026-06-26T09:55:46.677156000Z,Authentication,166,34,-19,920,0,11,0,0,1,0,0,0,720,0
11160,2026-06-26T09:55:46.700557000Z,Data,287,34,-18,920,2,0,0,0,0,0,0,1,0,0
11161,2026-06-26T09:55:46.891014000Z,Authentication,166,34,-60,920,0,11,0,0,0,0,0,0,0,0
11162,2026-06-26T09:55:46.907247000Z,Authentication,166,34,-18,920,0,11,0,0,0,0,0,0,720,0
11163,2026-06-26T09:55:46.913760000Z,Authentication,166,34,-17,920,0,11,0,0,1,0,0,0,720,0
11164,2026-06-26T09:55:46.919804000Z,Authentication,166,34,-17,920,0,11,0,0,1,0,0,0,720,0
11165,2026-06-26T09:55:46.926368000Z,Authentication,166,34,-16,920,0,11,0,0,1,0,0,0,720,0
11167,2026-06-26T09:55:47.157162000Z,Authentication,166,34,-17,920,0,11,0,0,0,0,0,0,720,0
11168,2026-06-26T09:55:47.163666000Z,Authentication,166,34,-17,920,0,11,0,0,1,0,0,0,720,0
11169,2026-06-26T09:55:47.170133000Z,Authentication,166,34,-17,920,0,11,0,0,1,0,0,0,720,0
11170,2026-06-26T09:55:47.176795000Z,Authentication,166,34,-17,920,0,11,0,0,1,0,0,0,720,0
11171,2026-06-26T09:55:47.362732000Z,S1G Beacon,61,34,-17,920,3,1,,,,,,,0,0
11172,2026-06-26T09:55:47.403018000Z,Authentication,166,34,-59,920,0,11,0,0,0,0,0,0,0,0
11173,2026-06-26T09:55:47.417176000Z,Authentication,166,34,-16,920,0,11,0,0,0,0,0,0,720,0
11174,2026-06-26T09:55:47.423845000Z,Authentication,166,34,-18,920,0,11,0,0,1,0,0,0,720,0
11175,2026-06-26T09:55:47.429313000Z,Authentication,166,34,-17,920,0,11,0,0,1,0,0,0,720,0
11176,2026-06-26T09:55:47.435928000Z,Authentication,166,34,-16,920,0,11,0,0,1,0,0,0,720,0
11177,2026-06-26T09:55:47.662611000Z,Authentication,166,34,-59,920,0,11,0,0,0,0,0,0,0,0
11178,2026-06-26T09:55:47.677160000Z,Authentication,166,34,-17,920,0,11,0,0,0,0,0,0,720,0
11179,2026-06-26T09:55:47.682577000Z,Authentication,166,34,-17,920,0,11,0,0,1,0,0,0,720,0
11180,2026-06-26T09:55:47.689661000Z,Authentication,166,34,-16,920,0,11,0,0,1,0,0,0,720,0
11181,2026-06-26T09:55:47.696125000Z,Authentication,166,34,-17,920,0,11,0,0,1,0,0,0,720,0
11182,2026-06-26T09:55:47.904796000Z,Authentication,166,34,-60,920,0,11,0,0,0,0,0,0,0,0
11183,2026-06-26T09:55:47.917176000Z,Authentication,166,34,-17,920,0,11,0,0,0,0,0,0,720,0
11184,2026-06-26T09:55:47.923896000Z,Authentication,166,34,-18,920,0,11,0,0,1,0,0,0,720,0
11185,2026-06-26T09:55:47.930564000Z,Authentication,166,34,-18,920,0,11,0,0,1,0,0,0,720,0
11186,2026-06-26T09:55:47.937022000Z,Authentication,166,34,-17,920,0,11,0,0,1,0,0,0,720,0
11188,2026-06-26T09:55:48.156710000Z,Authentication,166,34,-60,920,0,11,0,0,0,0,0,0,0,0
11189,2026-06-26T09:55:48.165603000Z,Authentication,166,34,-16,920,0,11,0,0,0,0,0,0,720,0
11190,2026-06-26T09:55:48.172217000Z,Authentication,166,34,-16,920,0,11,0,0,1,0,0,0,720,0
11191,2026-06-26T09:55:48.178623000Z,Authentication,166,34,-16,920,0,11,0,0,1,0,0,0,720,0
11192,2026-06-26T09:55:48.183864000Z,S1G Beacon,129,34,-17,920,3,1,,,,,,,0,0
11193,2026-06-26T09:55:48.188717000Z,Authentication,166,34,-16,920,0,11,0,0,1,0,0,0,720,0
11194,2026-06-26T09:55:48.418845000Z,Authentication,166,34,-59,920,0,11,0,0,0,0,0,0,0,0
11195,2026-06-26T09:55:48.427180000Z,Authentication,166,34,-16,920,0,11,0,0,0,0,0,0,720,0
11196,2026-06-26T09:55:48.433796000Z,Authentication,166,34,-16,920,0,11,0,0,1,0,0,0,720,0
11197,2026-06-26T09:55:48.440305000Z,Authentication,166,34,-16,920,0,11,0,0,1,0,0,0,720,0
11198,2026-06-26T09:55:48.446763000Z,Authentication,166,34,-16,920,0,11,0,0,1,0,0,0,720,0
11199,2026-06-26T09:55:48.681017000Z,Authentication,166,34,-60,920,0,11,0,0,0,0,0,0,0,0
11200,2026-06-26T09:55:48.697169000Z,Authentication,166,34,-16,920,0,11,0,0,0,0,0,0,720,0
11201,2026-06-26T09:55:48.703362000Z,Authentication,166,34,-16,920,0,11,0,0,1,0,0,0,720,0
11202,2026-06-26T09:55:48.709815000Z,Authentication,166,34,-16,920,0,11,0,0,1,0,0,0,720,0
11203,2026-06-26T09:55:48.716328000Z,Authentication,166,34,-18,920,0,11,0,0,1,0,0,0,720,0
11204,2026-06-26T09:55:48.925734000Z,Authentication,166,34,-60,920,0,11,0,0,0,0,0,0,0,0
11205,2026-06-26T09:55:48.937190000Z,Authentication,166,34,-16,920,0,11,0,0,0,0,0,0,720,0
11206,2026-06-26T09:55:48.943755000Z,Authentication,166,34,-16,920,0,11,0,0,1,0,0,0,720,0
11207,2026-06-26T09:55:48.950268000Z,Authentication,166,34,-16,920,0,11,0,0,1,0,0,0,720,0
11208,2026-06-26T09:55:48.957040000Z,Authentication,166,34,-16,920,0,11,0,0,1,0,0,0,720,0
11209,2026-06-26T09:55:49.001181000Z,S1G Beacon,61,34,-16,920,3,1,,,,,,,0,0
11210,2026-06-26T09:55:49.092202000Z,Data,132,34,-17,920,2,0,0,0,0,0,0,1,0,0
11211,2026-06-26T09:55:49.172540000Z,Authentication,166,34,-59,920,0,11,0,0,0,0,0,0,0,0
11212,2026-06-26T09:55:49.187202000Z,Authentication,166,34,-16,920,0,11,0,0,0,0,0,0,720,0
11213,2026-06-26T09:55:49.193664000Z,Authentication,166,34,-16,920,0,11,0,0,1,0,0,0,720,0
11214,2026-06-26T09:55:49.200431000Z,Authentication,166,34,-15,920,0,11,0,0,1,0,0,0,720,0
11215,2026-06-26T09:55:49.206995000Z,Authentication,166,34,-16,920,0,11,0,0,1,0,0,0,720,0
11216,2026-06-26T09:55:49.429636000Z,QoS Data,150,34,-16,920,2,8,1,0,0,0,0,1,720,0
11218,2026-06-26T09:55:49.434672000Z,Authentication,166,34,-60,920,0,11,0,0,0,0,0,0,0,0
11220,2026-06-26T09:55:49.442459000Z,QoS Data,131,34,-8,920,2,8,1,0,0,0,0,1,720,0
11223,2026-06-26T09:55:49.539573000Z,QoS Data,128,34,-17,920,2,8,1,0,0,0,0,1,720,0
11225,2026-06-26T09:55:49.542068000Z,QoS Data,128,34,-20,920,2,8,0,0,0,0,0,1,720,0
11227,2026-06-26T09:55:49.696837000Z,Authentication,166,34,-59,920,0,11,0,0,0,0,0,0,0,0
11228,2026-06-26T09:55:49.707233000Z,Authentication,166,34,-18,920,0,11,0,0,0,0,0,0,720,0
11229,2026-06-26T09:55:49.713952000Z,Authentication,166,34,-16,920,0,11,0,0,1,0,0,0,720,0
11230,2026-06-26T09:55:49.719738000Z,Authentication,166,34,-18,920,0,11,0,0,1,0,0,0,720,0
11231,2026-06-26T09:55:49.729985000Z,Data,287,34,-16,920,2,0,0,0,0,0,0,1,0,0
11232,2026-06-26T09:55:49.734556000Z,Authentication,166,34,-17,920,0,11,0,0,1,0,0,0,720,0
11233,2026-06-26T09:55:49.822227000Z,S1G Beacon,129,34,-16,920,3,1,,,,,,,0,0
11234,2026-06-26T09:55:49.926211000Z,Authentication,166,34,-59,920,0,11,0,0,0,0,0,0,0,0
11235,2026-06-26T09:55:49.937207000Z,Authentication,166,34,-19,920,0,11,0,0,0,0,0,0,720,0
11236,2026-06-26T09:55:49.943819000Z,Authentication,166,34,-18,920,0,11,0,0,1,0,0,0,720,0
11237,2026-06-26T09:55:49.950183000Z,Authentication,166,34,-20,920,0,11,0,0,1,0,0,0,720,0
11238,2026-06-26T09:55:49.956632000Z,Authentication,166,34,-19,920,0,11,0,0,1,0,0,0,720,0
11239,2026-06-26T09:55:50.188383000Z,Authentication,166,34,-60,920,0,11,0,0,0,0,0,0,0,0
11240,2026-06-26T09:55:50.197213000Z,Authentication,166,34,-19,920,0,11,0,0,0,0,0,0,720,0
11241,2026-06-26T09:55:50.202218000Z,Authentication,166,34,-20,920,0,11,0,0,1,0,0,0,720,0
11242,2026-06-26T09:55:50.208622000Z,Authentication,166,34,-19,920,0,11,0,0,1,0,0,0,720,0
11243,2026-06-26T09:55:50.214456000Z,Authentication,166,34,-19,920,0,11,0,0,1,0,0,0,720,0
11244,2026-06-26T09:55:50.450503000Z,Authentication,166,34,-59,920,0,11,0,0,0,0,0,0,0,0
11245,2026-06-26T09:55:50.467206000Z,Authentication,166,34,-22,920,0,11,0,0,0,0,0,0,720,0
11246,2026-06-26T09:55:50.479557000Z,Authentication,166,34,-22,920,0,11,0,0,1,0,0,0,720,0
11247,2026-06-26T09:55:50.639635000Z,S1G Beacon,61,34,-33,920,3,1,,,,,,,0,0
11248,2026-06-26T09:55:50.679884000Z,Authentication,166,34,-62,920,0,11,0,0,0,0,0,0,0,0
11249,2026-06-26T09:55:50.687229000Z,Authentication,166,34,-39,920,0,11,0,0,0,0,0,0,720,0
11250,2026-06-26T09:55:50.693637000Z,Authentication,166,34,-40,920,0,11,0,0,1,0,0,0,720,0
11251,2026-06-26T09:55:50.700203000Z,Authentication,166,34,-43,920,0,11,0,0,1,0,0,0,720,0
11252,2026-06-26T09:55:50.942040000Z,Authentication,166,34,-59,920,0,11,0,0,0,0,0,0,0,0
11253,2026-06-26T09:55:50.953798000Z,Authentication,166,34,-33,920,0,11,0,0,0,0,0,0,720,0
11254,2026-06-26T09:55:50.960360000Z,Authentication,166,34,-35,920,0,11,0,0,1,0,0,0,720,0
11255,2026-06-26T09:55:50.966973000Z,Authentication,166,34,-34,920,0,11,0,0,1,0,0,0,720,0
11256,2026-06-26T09:55:50.973643000Z,Authentication,166,34,-34,920,0,11,0,0,1,0,0,0,720,0
11257,2026-06-26T09:55:51.204190000Z,Authentication,166,34,-63,920,0,11,0,0,0,0,0,0,0,0
11258,2026-06-26T09:55:51.217269000Z,Authentication,166,34,-32,920,0,11,0,0,0,0,0,0,720,0
11259,2026-06-26T09:55:51.223985000Z,Authentication,166,34,-32,920,0,11,0,0,1,0,0,0,720,0
11260,2026-06-26T09:55:51.230759000Z,Authentication,166,34,-31,920,0,11,0,0,1,0,0,0,720,0
11261,2026-06-26T09:55:51.237422000Z,Authentication,166,34,-33,920,0,11,0,0,1,0,0,0,720,0
11262,2026-06-26T09:55:51.396151000Z,QoS Data,88,34,-11,920,2,8,1,0,0,0,0,1,720,0
11264,2026-06-26T09:55:51.445850000Z,Authentication,166,34,-62,920,0,11,0,0,0,0,0,0,0,0
11265,2026-06-26T09:55:51.460665000Z,S1G Beacon,129,34,-30,920,3,1,,,,,,,0,0
11266,2026-06-26T09:55:51.465573000Z,Authentication,166,34,-31,920,0,11,0,0,0,0,0,0,720,0
11267,2026-06-26T09:55:51.472341000Z,Authentication,166,34,-31,920,0,11,0,0,1,0,0,0,720,0
11268,2026-06-26T09:55:51.479010000Z,Authentication,166,34,-30,920,0,11,0,0,1,0,0,0,720,0
11269,2026-06-26T09:55:51.485624000Z,Authentication,166,34,-30,920,0,11,0,0,1,0,0,0,720,0
11270,2026-06-26T09:55:51.695719000Z,Authentication,166,34,-59,920,0,11,0,0,0,0,0,0,0,0
11271,2026-06-26T09:55:51.707271000Z,Authentication,166,34,-32,920,0,11,0,0,0,0,0,0,720,0
11272,2026-06-26T09:55:51.713890000Z,Authentication,166,34,-32,920,0,11,0,0,1,0,0,0,720,0
11273,2026-06-26T09:55:51.720347000Z,Authentication,166,34,-32,920,0,11,0,0,1,0,0,0,720,0
11274,2026-06-26T09:55:51.726758000Z,Authentication,166,34,-32,920,0,11,0,0,1,0,0,0,720,0
11275,2026-06-26T09:55:51.957871000Z,Authentication,166,34,-62,920,0,11,0,0,0,0,0,0,0,0
11276,2026-06-26T09:55:51.967282000Z,Authentication,166,34,-31,920,0,11,0,0,0,0,0,0,720,0
11277,2026-06-26T09:55:51.973794000Z,Authentication,166,34,-31,920,0,11,0,0,1,0,0,0,720,0
11278,2026-06-26T09:55:51.980409000Z,Authentication,166,34,-30,920,0,11,0,0,1,0,0,0,720,0
11279,2026-06-26T09:55:51.985828000Z,Authentication,166,34,-29,920,0,11,0,0,1,0,0,0,720,0
11280,2026-06-26T09:55:52.220038000Z,Authentication,166,34,-59,920,0,11,0,0,0,0,0,0,0,0
11281,2026-06-26T09:55:52.237268000Z,Authentication,166,34,-29,920,0,11,0,0,0,0,0,0,720,0
11282,2026-06-26T09:55:52.243755000Z,Authentication,166,34,-29,920,0,11,0,0,1,0,0,0,720,0
11283,2026-06-26T09:55:52.256991000Z,Authentication,166,34,-27,920,0,11,0,0,1,0,0,0,720,0
11284,2026-06-26T09:55:52.278087000Z,S1G Beacon,61,34,-30,920,3,1,,,,,,,0,0
11285,2026-06-26T09:55:52.449387000Z,Authentication,166,34,-61,920,0,11,0,0,0,0,0,0,0,0
11286,2026-06-26T09:55:52.473763000Z,Authentication,166,34,-23,920,0,11,0,0,1,0,0,0,720,0
11287,2026-06-26T09:55:52.486628000Z,Authentication,166,34,-22,920,0,11,0,0,1,0,0,0,720,0
11289,2026-06-26T09:55:52.711541000Z,Authentication,166,34,-60,920,0,11,0,0,0,0,0,0,0,0
11290,2026-06-26T09:55:52.725027000Z,Authentication,166,34,-19,920,0,11,0,0,0,0,0,0,720,0
11291,2026-06-26T09:55:52.738166000Z,Authentication,166,34,-21,920,0,11,0,0,1,0,0,0,720,0
11292,2026-06-26T09:55:52.755125000Z,Data,287,34,-21,920,2,0,0,0,0,0,0,1,0,0
11293,2026-06-26T09:55:52.973719000Z,Authentication,166,34,-58,920,0,11,0,0,0,0,0,0,0,0
11294,2026-06-26T09:55:52.994724000Z,Authentication,166,34,-22,920,0,11,0,0,1,0,0,0,720,0
11295,2026-06-26T09:55:53.005304000Z,Authentication,166,34,-22,920,0,11,0,0,1,0,0,0,720,0
11296,2026-06-26T09:55:53.215361000Z,Authentication,166,34,-60,920,0,11,0,0,0,0,0,0,0,0
11297,2026-06-26T09:55:53.225044000Z,Authentication,166,34,-26,920,0,11,0,0,0,0,0,0,720,0
11298,2026-06-26T09:55:53.231555000Z,Authentication,166,34,-28,920,0,11,0,0,1,0,0,0,720,0
11299,2026-06-26T09:55:53.238066000Z,Authentication,166,34,-27,920,0,11,0,0,1,0,0,0,720,0
11300,2026-06-26T09:55:53.244574000Z,Authentication,166,34,-26,920,0,11,0,0,1,0,0,0,720,0
11301,2026-06-26T09:55:53.465221000Z,Authentication,166,34,-59,920,0,11,0,0,0,0,0,0,0,0
11302,2026-06-26T09:55:53.477299000Z,Authentication,166,34,-27,920,0,11,0,0,0,0,0,0,720,0
11303,2026-06-26T09:55:53.483860000Z,Authentication,166,34,-28,920,0,11,0,0,1,0,0,0,720,0
11304,2026-06-26T09:55:53.490476000Z,Authentication,166,34,-27,920,0,11,0,0,1,0,0,0,720,0
11305,2026-06-26T09:55:53.496988000Z,Authentication,166,34,-26,920,0,11,0,0,1,0,0,0,720,0
11306,2026-06-26T09:55:53.727371000Z,Authentication,166,34,-61,920,0,11,0,0,0,0,0,0,0,0
11307,2026-06-26T09:55:53.916541000Z,S1G Beacon,61,34,-28,920,3,1,,,,,,,0,0
11308,2026-06-26T09:55:53.982344000Z,Authentication,166,34,-61,920,0,11,0,0,0,0,0,0,0,0
11309,2026-06-26T09:55:53.993728000Z,Authentication,166,34,-27,920,0,11,0,0,0,0,0,0,720,0
11310,2026-06-26T09:55:54.000341000Z,Authentication,166,34,-28,920,0,11,0,0,1,0,0,0,720,0
11311,2026-06-26T09:55:54.007109000Z,Authentication,166,34,-28,920,0,11,0,0,1,0,0,0,720,0
11312,2026-06-26T09:55:54.013728000Z,Authentication,166,34,-30,920,0,11,0,0,1,0,0,0,720,0
11313,2026-06-26T09:55:54.218898000Z,Authentication,166,34,-60,920,0,11,0,0,0,0,0,0,0,0
11314,2026-06-26T09:55:54.227337000Z,Authentication,166,34,-32,920,0,11,0,0,0,0,0,0,720,0
11315,2026-06-26T09:55:54.234060000Z,Authentication,166,34,-32,920,0,11,0,0,1,0,0,0,720,0
11316,2026-06-26T09:55:54.240619000Z,Authentication,166,34,-31,920,0,11,0,0,1,0,0,0,720,0
11317,2026-06-26T09:55:54.247229000Z,Authentication,166,34,-32,920,0,11,0,0,1,0,0,0,720,0
11318,2026-06-26T09:55:54.458373000Z,QoS Data,149,34,-16,920,2,8,1,0,0,0,0,1,720,0
11320,2026-06-26T09:55:54.460804000Z,QoS Data,149,34,-35,920,2,8,0,0,0,0,0,1,720,0
11321,2026-06-26T09:55:54.465444000Z,QoS Data,149,34,-32,920,2,8,0,0,1,0,0,1,720,0
11323,2026-06-26T09:55:54.471252000Z,QoS Data,131,34,-10,920,2,8,1,0,0,0,0,1,720,0
11325,2026-06-26T09:55:54.473989000Z,QoS Data,131,34,-33,920,2,8,0,0,0,0,0,1,720,0
11327,2026-06-26T09:55:54.481050000Z,Authentication,166,34,-61,920,0,11,0,0,0,0,0,0,0,0
11328,2026-06-26T09:55:54.494439000Z,Authentication,166,34,-29,920,0,11,0,0,0,0,0,0,720,0
11329,2026-06-26T09:55:54.500949000Z,Authentication,166,34,-28,920,0,11,0,0,1,0,0,0,720,0
11330,2026-06-26T09:55:54.506318000Z,Authentication,166,34,-29,920,0,11,0,0,1,0,0,0,720,0
11331,2026-06-26T09:55:54.512881000Z,Authentication,166,34,-28,920,0,11,0,0,1,0,0,0,720,0
11332,2026-06-26T09:55:54.539176000Z,QoS Data,128,34,-17,920,2,8,1,0,0,0,0,1,720,0
11334,2026-06-26T09:55:54.541486000Z,QoS Data,128,34,-31,920,2,8,0,0,0,0,0,1,720,0
11336,2026-06-26T09:55:54.737567000Z,S1G Beacon,129,34,-28,920,3,1,,,,,,,0,0
11337,2026-06-26T09:55:54.743197000Z,Authentication,166,34,-60,920,0,11,0,0,0,0,0,0,0,0
11338,2026-06-26T09:55:54.757331000Z,Authentication,166,34,-28,920,0,11,0,0,0,0,0,0,720,0
11339,2026-06-26T09:55:54.763846000Z,Authentication,166,34,-27,920,0,11,0,0,1,0,0,0,720,0
11340,2026-06-26T09:55:54.769474000Z,Authentication,166,34,-26,920,0,11,0,0,1,0,0,0,720,0
11341,2026-06-26T09:55:54.776246000Z,Authentication,166,34,-27,920,0,11,0,0,1,0,0,0,720,0
11342,2026-06-26T09:55:54.897973000Z,Data,132,34,-28,920,2,0,0,0,0,0,0,1,0,0
11343,2026-06-26T09:55:54.975659000Z,Authentication,166,34,-60,920,0,11,0,0,0,0,0,0,0,0
11344,2026-06-26T09:55:54.993936000Z,Authentication,166,34,-23,920,0,11,0,0,1,0,0,0,720,0
11345,2026-06-26T09:55:55.006909000Z,Authentication,166,34,-23,920,0,11,0,0,1,0,0,0,720,0
11346,2026-06-26T09:55:55.226285000Z,Data,118,34,-20,920,2,0,0,0,0,0,0,1,0,0
11347,2026-06-26T09:55:55.247310000Z,Authentication,166,34,-20,920,0,11,0,0,0,0,0,0,720,0
11348,2026-06-26T09:55:55.253719000Z,Authentication,166,34,-20,920,0,11,0,0,1,0,0,0,720,0
11349,2026-06-26T09:55:55.266011000Z,Authentication,166,34,-21,920,0,11,0,0,1,0,0,0,720,0
11350,2026-06-26T09:55:55.496879000Z,Authentication,166,34,-60,920,0,11,0,0,0,0,0,0,0,0
11351,2026-06-26T09:55:55.507343000Z,Authentication,166,34,-20,920,0,11,0,0,0,0,0,0,720,0
11352,2026-06-26T09:55:55.519167000Z,Authentication,166,34,-21,920,0,11,0,0,1,0,0,0,720,0
11353,2026-06-26T09:55:55.525625000Z,Authentication,166,34,-21,920,0,11,0,0,1,0,0,0,720,0
11354,2026-06-26T09:55:55.554987000Z,S1G Beacon,61,34,-20,920,3,1,,,,,,,0,0
11355,2026-06-26T09:55:55.732401000Z,Authentication,166,34,-59,920,0,11,0,0,0,0,0,0,0,0
11356,2026-06-26T09:55:55.747340000Z,Authentication,166,34,-26,920,0,11,0,0,0,0,0,0,720,0
11357,2026-06-26T09:55:55.753744000Z,Authentication,166,34,-27,920,0,11,0,0,1,0,0,0,720,0
11358,2026-06-26T09:55:55.760359000Z,Authentication,166,34,-26,920,0,11,0,0,1,0,0,0,720,0
11359,2026-06-26T09:55:55.766815000Z,Authentication,166,34,-27,920,0,11,0,0,1,0,0,0,720,0
11360,2026-06-26T09:55:55.778229000Z,Data,287,34,-28,920,2,0,0,0,0,0,0,1,0,0
11361,2026-06-26T09:55:55.988422000Z,Authentication,166,34,-60,920,0,11,0,0,0,0,0,0,0,0
11362,2026-06-26T09:55:55.997369000Z,Authentication,166,34,-28,920,0,11,0,0,0,0,0,0,720,0
11364,2026-06-26T09:55:56.010647000Z,Authentication,166,34,-28,920,0,11,0,0,1,0,0,0,720,0
11365,2026-06-26T09:55:56.017418000Z,Authentication,166,34,-30,920,0,11,0,0,1,0,0,0,720,0
11366,2026-06-26T09:55:56.065373000Z,Disassociation,64,34,-29,920,0,10,0,0,0,0,0,0,720,0
11367,2026-06-26T09:55:56.069167000Z,Disassociation,64,34,-28,920,0,10,0,0,1,0,0,0,720,0
11368,2026-06-26T09:55:56.072961000Z,Disassociation,64,34,-30,920,0,10,0,0,1,0,0,0,720,0
11369,2026-06-26T09:55:56.075655000Z,Disassociation,64,34,-28,920,0,10,0,0,1,0,0,0,720,0
11370,2026-06-26T09:55:56.250558000Z,Authentication,166,34,-60,920,0,11,0,0,0,0,0,0,0,0
11371,2026-06-26T09:55:56.267610000Z,Authentication,166,34,-27,920,0,11,0,0,0,0,0,0,720,0
11372,2026-06-26T09:55:56.274122000Z,Authentication,166,34,-28,920,0,11,0,0,1,0,0,0,720,0
11373,2026-06-26T09:55:56.280531000Z,Authentication,166,34,-28,920,0,11,0,0,1,0,0,0,720,0
11374,2026-06-26T09:55:56.286003000Z,Authentication,166,34,-27,920,0,11,0,0,1,0,0,0,720,0
11375,2026-06-26T09:55:56.376016000Z,S1G Beacon,129,34,-27,920,3,1,,,,,,,0,0
11376,2026-06-26T09:55:56.503494000Z,Authentication,166,34,-59,920,0,11,0,0,0,0,0,0,0,0
11377,2026-06-26T09:55:56.515359000Z,Authentication,166,34,-28,920,0,11,0,0,0,0,0,0,720,0
11378,2026-06-26T09:55:56.528226000Z,Authentication,166,34,-25,920,0,11,0,0,1,0,0,0,720,0
11379,2026-06-26T09:55:56.534896000Z,Authentication,166,34,-28,920,0,11,0,0,1,0,0,0,720,0
11380,2026-06-26T09:55:56.742086000Z,Authentication,166,34,-61,920,0,11,0,0,0,0,0,0,0,0
11381,2026-06-26T09:55:56.757287000Z,Authentication,166,34,-28,920,0,11,0,0,0,0,0,0,720,0
11382,2026-06-26T09:55:56.764010000Z,Authentication,166,34,-27,920,0,11,0,0,1,0,0,0,720,0
11383,2026-06-26T09:55:56.770469000Z,Authentication,166,34,-28,920,0,11,0,0,1,0,0,0,720,0
11384,2026-06-26T09:55:56.777235000Z,Authentication,166,34,-27,920,0,11,0,0,1,0,0,0,720,0
11385,2026-06-26T09:55:56.898160000Z,Data,132,34,-27,920,2,0,0,0,0,0,0,1,0,0
11386,2026-06-26T09:55:57.004246000Z,Authentication,166,34,-62,920,0,11,0,0,0,0,0,0,0,0
11387,2026-06-26T09:55:57.017399000Z,Authentication,166,34,-27,920,0,11,0,0,0,0,0,0,720,0
11388,2026-06-26T09:55:57.023788000Z,Authentication,166,34,-26,920,0,11,0,0,1,0,0,0,720,0
11389,2026-06-26T09:55:57.030564000Z,Authentication,166,34,-27,920,0,11,0,0,1,0,0,0,720,0
11390,2026-06-26T09:55:57.036969000Z,Authentication,166,34,-26,920,0,11,0,0,1,0,0,0,720,0
11391,2026-06-26T09:55:57.266389000Z,Authentication,166,34,-61,920,0,11,0,0,0,0,0,0,0,0
11392,2026-06-26T09:55:57.284006000Z,Authentication,166,34,-24,920,0,11,0,0,1,0,0,0,720,0
11393,2026-06-26T09:55:57.296144000Z,Authentication,166,34,-24,920,0,11,0,0,1,0,0,0,720,0
11394,2026-06-26T09:55:57.495767000Z,Authentication,166,34,-60,920,0,11,0,0,0,0,0,0,0,0
11395,2026-06-26T09:55:57.514115000Z,Authentication,166,34,-21,920,0,11,0,0,1,0,0,0,720,0
11396,2026-06-26T09:55:57.527389000Z,Authentication,166,34,-21,920,0,11,0,0,1,0,0,0,720,0
11397,2026-06-26T09:55:57.757918000Z,Authentication,166,34,-60,920,0,11,0,0,0,0,0,0,0,0
11398,2026-06-26T09:55:57.774231000Z,Authentication,166,34,-21,920,0,11,0,0,1,0,0,0,720,0
11399,2026-06-26T09:55:57.787719000Z,Authentication,166,34,-22,920,0,11,0,0,1,0,0,0,720,0
11400,2026-06-26T09:55:58.014474000Z,S1G Beacon,129,34,-19,920,3,1,,,,,,,0,0
11401,2026-06-26T09:55:58.020072000Z,Authentication,166,34,-59,920,0,11,0,0,0,0,0,0,0,0
11402,2026-06-26T09:55:58.027614000Z,Authentication,166,34,-19,920,0,11,0,0,0,0,0,0,720,0
11403,2026-06-26T09:55:58.033869000Z,Authentication,166,34,-20,920,0,11,0,0,1,0,0,0,720,0
11404,2026-06-26T09:55:58.046211000Z,Authentication,166,34,-21,920,0,11,0,0,1,0,0,0,720,0
11405,2026-06-26T09:55:58.249456000Z,Authentication,166,34,-61,920,0,11,0,0,0,0,0,0,0,0
11406,2026-06-26T09:55:58.273860000Z,Authentication,166,34,-22,920,0,11,0,0,1,0,0,0,720,0
11407,2026-06-26T09:55:58.280581000Z,Authentication,166,34,-19,920,0,11,0,0,1,0,0,0,720,0
11408,2026-06-26T09:55:58.511602000Z,Authentication,166,34,-60,920,0,11,0,0,0,0,0,0,0,0
11409,2026-06-26T09:55:58.533889000Z,Authentication,166,34,-23,920,0,11,0,0,1,0,0,0,720,0
11410,2026-06-26T09:55:58.547327000Z,Authentication,166,34,-24,920,0,11,0,0,1,0,0,0,720,0
11411,2026-06-26T09:55:58.773746000Z,Authentication,166,34,-62,920,0,11,0,0,0,0,0,0,0,0
11412,2026-06-26T09:55:58.797577000Z,Data,287,34,-23,920,2,0,0,0,0,0,0,1,0,0
11413,2026-06-26T09:55:58.808766000Z,Authentication,166,34,-22,920,0,11,0,0,1,0,0,0,720,0
11414,2026-06-26T09:55:58.831892000Z,S1G Beacon,61,34,-21,920,3,1,,,,,,,0,0
11415,2026-06-26T09:55:59.016443000Z,Authentication,166,34,-59,920,0,11,0,0,0,0,0,0,0,0
11416,2026-06-26T09:55:59.031985000Z,Authentication,166,34,-22,920,0,11,0,0,1,0,0,0,720,0
11417,2026-06-26T09:55:59.045264000Z,Authentication,166,34,-23,920,0,11,0,0,1,0,0,0,720,0
11418,2026-06-26T09:55:59.265274000Z,Authentication,166,34,-60,920,0,11,0,0,0,0,0,0,0,0
11419,2026-06-26T09:55:59.284372000Z,Authentication,166,34,-22,920,0,11,0,0,1,0,0,0,720,0
11420,2026-06-26T09:55:59.297236000Z,Authentication,166,34,-22,920,0,11,0,0,1,0,0,0,720,0
11421,2026-06-26T09:55:59.486019000Z,QoS Data,148,34,-16,920,2,8,1,0,0,0,0,1,720,0
11422,2026-06-26T09:55:59.488729000Z,QoS Data,148,34,-28,920,2,8,0,0,0,0,0,1,720,0
11424,2026-06-26T09:55:59.494436000Z,QoS Data,131,34,-10,920,2,8,1,0,0,0,0,1,720,0
11426,2026-06-26T09:55:59.527433000Z,Authentication,166,34,-59,920,0,11,0,0,0,0,0,0,0,0
11427,2026-06-26T09:55:59.539690000Z,QoS Data,128,34,-19,920,2,8,1,0,0,0,0,1,720,0
11428,2026-06-26T09:55:59.545057000Z,Authentication,166,34,-25,920,0,11,0,0,1,0,0,0,720,0
11429,2026-06-26T09:55:59.557770000Z,Authentication,166,34,-23,920,0,11,0,0,1,0,0,0,720,0
11430,2026-06-26T09:55:59.561317000Z,QoS Data,128,34,-28,920,2,8,0,0,0,0,0,1,720,0
11432,2026-06-26T09:55:59.782398000Z,Authentication,166,34,-59,920,0,11,0,0,0,0,0,0,0,0
11433,2026-06-26T09:55:59.804045000Z,Authentication,166,34,-25,920,0,11,0,0,1,0,0,0,720,0
11434,2026-06-26T09:55:59.817273000Z,Authentication,166,34,-24,920,0,11,0,0,1,0,0,0,720,0
11435,2026-06-26T09:56:00.018957000Z,Authentication,166,34,-60,920,0,11,0,0,0,0,0,0,0,0
11436,2026-06-26T09:56:00.027444000Z,Authentication,166,34,-27,920,0,11,0,0,0,0,0,0,720,0
11437,2026-06-26T09:56:00.034105000Z,Authentication,166,34,-26,920,0,11,0,0,1,0,0,0,720,0
11438,2026-06-26T09:56:00.047391000Z,Authentication,166,34,-25,920,0,11,0,0,1,0,0,0,720,0
11439,2026-06-26T09:56:00.281106000Z,Authentication,166,34,-59,920,0,11,0,0,0,0,0,0,0,0
11440,2026-06-26T09:56:00.297370000Z,Authentication,166,34,-27,920,0,11,0,0,0,0,0,0,720,0
11441,2026-06-26T09:56:00.304454000Z,Authentication,166,34,-29,920,0,11,0,0,1,0,0,0,720,0
11442,2026-06-26T09:56:00.310965000Z,Authentication,166,34,-27,920,0,11,0,0,1,0,0,0,720,0
11443,2026-06-26T09:56:00.317374000Z,Authentication,166,34,-28,920,0,11,0,0,1,0,0,0,720,0
11444,2026-06-26T09:56:00.470357000Z,S1G Beacon,61,34,-28,920,3,1,,,,,,,0,0
11445,2026-06-26T09:56:00.543258000Z,Authentication,166,34,-60,920,0,11,0,0,0,0,0,0,0,0
11446,2026-06-26T09:56:00.557686000Z,Authentication,166,34,-26,920,0,11,0,0,0,0,0,0,720,0
11447,2026-06-26T09:56:00.564240000Z,Authentication,166,34,-28,920,0,11,0,0,1,0,0,0,720,0
11448,2026-06-26T09:56:00.571015000Z,Authentication,166,34,-27,920,0,11,0,0,1,0,0,0,720,0
11449,2026-06-26T09:56:00.577575000Z,Authentication,166,34,-26,920,0,11,0,0,1,0,0,0,720,0
11450,2026-06-26T09:56:00.710359000Z,QoS Data,88,34,-18,920,2,8,1,0,0,0,0,1,720,0
11451,2026-06-26T09:56:00.782868000Z,Authentication,166,34,-59,920,0,11,0,0,0,0,0,0,0,0
11452,2026-06-26T09:56:00.804054000Z,Authentication,166,34,-22,920,0,11,0,0,1,0,0,0,720,0
11453,2026-06-26T09:56:00.815680000Z,Authentication,166,34,-21,920,0,11,0,0,1,0,0,0,720,0
11454,2026-06-26T09:56:01.034788000Z,Authentication,166,34,-62,920,0,11,0,0,0,0,0,0,0,0
11455,2026-06-26T09:56:01.047431000Z,Authentication,166,34,-20,920,0,11,0,0,0,0,0,0,720,0
11456,2026-06-26T09:56:01.054050000Z,Authentication,166,34,-20,920,0,11,0,0,1,0,0,0,720,0
11457,2026-06-26T09:56:01.060552000Z,Authentication,166,34,-19,920,0,11,0,0,1,0,0,0,720,0
11458,2026-06-26T09:56:01.065970000Z,Authentication,166,34,-18,920,0,11,0,0,1,0,0,0,720,0
11459,2026-06-26T09:56:01.291377000Z,S1G Beacon,129,34,-19,920,3,1,,,,,,,0,0
11460,2026-06-26T09:56:01.313904000Z,Authentication,166,34,-20,920,0,11,0,0,1,0,0,0,720,0
11461,2026-06-26T09:56:01.320624000Z,Authentication,166,34,-19,920,0,11,0,0,1,0,0,0,720,0
11462,2026-06-26T09:56:01.327240000Z,Authentication,166,34,-19,920,0,11,0,0,1,0,0,0,720,0
11463,2026-06-26T09:56:01.536550000Z,Authentication,166,34,-60,920,0,11,0,0,0,0,0,0,0,0
11464,2026-06-26T09:56:01.788459000Z,Authentication,166,34,-59,920,0,11,0,0,0,0,0,0,0,0
11465,2026-06-26T09:56:01.803977000Z,Authentication,166,34,-24,920,0,11,0,0,1,0,0,0,720,0
11466,2026-06-26T09:56:01.817218000Z,Authentication,166,34,-23,920,0,11,0,0,1,0,0,0,720,0
11467,2026-06-26T09:56:02.050608000Z,Authentication,166,34,-60,920,0,11,0,0,0,0,0,0,0,0
11468,2026-06-26T09:56:02.074139000Z,Authentication,166,34,-23,920,0,11,0,0,1,0,0,0,720,0
11469,2026-06-26T09:56:02.080643000Z,Authentication,166,34,-25,920,0,11,0,0,1,0,0,0,720,0
11470,2026-06-26T09:56:02.108787000Z,S1G Beacon,61,34,-22,920,3,1,,,,,,,0,0
11471,2026-06-26T09:56:02.312761000Z,Authentication,166,34,-59,920,0,11,0,0,0,0,0,0,0,0
11472,2026-06-26T09:56:02.331035000Z,Authentication,166,34,-25,920,0,11,0,0,1,0,0,0,720,0
11473,2026-06-26T09:56:02.344159000Z,Authentication,166,34,-24,920,0,11,0,0,1,0,0,0,720,0
11474,2026-06-26T09:56:02.542136000Z,Authentication,166,34,-60,920,0,11,0,0,0,0,0,0,0,0
11475,2026-06-26T09:56:02.562696000Z,Authentication,166,34,-25,920,0,11,0,0,1,0,0,0,720,0
11476,2026-06-26T09:56:02.575928000Z,Authentication,166,34,-24,920,0,11,0,0,1,0,0,0,720,0
11477,2026-06-26T09:56:02.804293000Z,Authentication,166,34,-65,920,0,11,0,0,0,0,0,0,0,0
11478,2026-06-26T09:56:02.823870000Z,Authentication,166,34,-23,920,0,11,0,0,1,0,0,0,720,0
11479,2026-06-26T09:56:02.836836000Z,Authentication,166,34,-24,920,0,11,0,0,1,0,0,0,720,0
11480,2026-06-26T09:56:03.066435000Z,Authentication,166,34,-60,920,0,11,0,0,0,0,0,0,0,0
11481,2026-06-26T09:56:03.082684000Z,Authentication,166,34,-23,920,0,11,0,0,1,0,0,0,720,0
11482,2026-06-26T09:56:03.096019000Z,Authentication,166,34,-24,920,0,11,0,0,1,0,0,0,720,0
11483,2026-06-26T09:56:03.310168000Z,Authentication,166,34,-60,920,0,11,0,0,0,0,0,0,0,0
11484,2026-06-26T09:56:03.327447000Z,Authentication,166,34,-22,920,0,11,0,0,0,0,0,0,720,0
11485,2026-06-26T09:56:03.339423000Z,Authentication,166,34,-24,920,0,11,0,0,1,0,0,0,720,0
11486,2026-06-26T09:56:03.557964000Z,Authentication,166,34,-60,920,0,11,0,0,0,0,0,0,0,0
11487,2026-06-26T09:56:03.573916000Z,Authentication,166,34,-24,920,0,11,0,0,1,0,0,0,720,0
11488,2026-06-26T09:56:03.586936000Z,Authentication,166,34,-24,920,0,11,0,0,1,0,0,0,720,0
11489,2026-06-26T09:56:03.747241000Z,S1G Beacon,61,34,-23,920,3,1,,,,,,,0,0
11490,2026-06-26T09:56:03.820124000Z,Authentication,166,34,-60,920,0,11,0,0,0,0,0,0,0,0
11491,2026-06-26T09:56:03.844015000Z,Authentication,166,34,-24,920,0,11,0,0,1,0,0,0,720,0
11492,2026-06-26T09:56:03.857248000Z,Authentication,166,34,-24,920,0,11,0,0,1,0,0,0,720,0
11493,2026-06-26T09:56:04.082264000Z,Authentication,166,34,-62,920,0,11,0,0,0,0,0,0,0,0
11494,2026-06-26T09:56:04.104408000Z,Authentication,166,34,-24,920,0,11,0,0,1,0,0,0,720,0
11495,2026-06-26T09:56:04.117171000Z,Authentication,166,34,-23,920,0,11,0,0,1,0,0,0,720,0
11496,2026-06-26T09:56:04.311450000Z,Data,378,34,-25,920,2,0,0,0,0,0,0,1,0,0
11497,2026-06-26T09:56:04.508666000Z,QoS Data,148,34,-17,920,2,8,1,0,0,0,0,1,720,0
11498,2026-06-26T09:56:04.522755000Z,Data,450,34,-25,920,2,0,0,0,0,0,0,1,0,0
11499,2026-06-26T09:56:04.524076000Z,QoS Data,148,34,-30,920,2,8,0,0,0,0,0,1,720,0
11501,2026-06-26T09:56:04.530146000Z,QoS Data,131,34,-10,920,2,8,1,0,0,0,0,1,720,0
11502,2026-06-26T09:56:04.536834000Z,QoS Data,131,34,-31,920,2,8,0,0,1,0,0,1,720,0
11503,2026-06-26T09:56:04.587651000Z,Authentication,166,34,-26,920,0,11,0,0,0,0,0,0,720,0
11504,2026-06-26T09:56:04.592912000Z,Authentication,166,34,-28,920,0,11,0,0,1,0,0,0,720,0
11505,2026-06-26T09:56:04.599579000Z,Authentication,166,34,-26,920,0,11,0,0,1,0,0,0,720,0
11506,2026-06-26T09:56:04.624980000Z,Data,442,34,-25,920,2,0,0,0,0,0,0,1,0,0
11507,2026-06-26T09:56:04.727525000Z,Data,387,34,-26,920,2,0,0,0,0,0,0,1,0,0
11508,2026-06-26T09:56:04.788781000Z,QoS Data,128,34,-17,920,2,8,1,0,0,0,0,1,720,0
11510,2026-06-26T09:56:04.791299000Z,QoS Data,128,34,-30,920,2,8,0,0,0,0,0,1,720,0
11512,2026-06-26T09:56:04.832595000Z,Data,426,34,-26,920,2,0,0,0,0,0,0,1,0,0
11513,2026-06-26T09:56:04.845256000Z,Data,287,34,-28,920,2,0,0,0,0,0,0,1,0,0
11514,2026-06-26T09:56:05.067374000Z,Authentication,166,34,-60,920,0,11,0,0,0,0,0,0,0,0
11515,2026-06-26T09:56:05.083253000Z,Authentication,166,34,-23,920,0,11,0,0,1,0,0,0,720,0
11516,2026-06-26T09:56:05.096637000Z,Authentication,166,34,-24,920,0,11,0,0,1,0,0,0,720,0
11517,2026-06-26T09:56:05.327485000Z,Authentication,166,34,-60,920,0,11,0,0,0,0,0,0,0,0
11518,2026-06-26T09:56:05.344293000Z,Authentication,166,34,-22,920,0,11,0,0,1,0,0,0,720,0
11519,2026-06-26T09:56:05.362050000Z,Authentication,166,34,-22,920,0,11,0,0,1,0,0,0,720,0
11520,2026-06-26T09:56:05.456957000Z,Data,442,34,-19,920,2,0,0,0,0,0,0,1,0,0
11521,2026-06-26T09:56:05.561231000Z,Data,452,34,-19,920,2,0,0,0,0,0,0,1,0,0
11522,2026-06-26T09:56:05.589619000Z,Authentication,166,34,-63,920,0,11,0,0,0,0,0,0,0,0
11523,2026-06-26T09:56:05.613950000Z,Authentication,166,34,-22,920,0,11,0,0,1,0,0,0,720,0
11524,2026-06-26T09:56:05.620722000Z,Authentication,166,34,-19,920,0,11,0,0,1,0,0,0,720,0
11525,2026-06-26T09:56:05.842560000Z,Authentication,166,34,-60,920,0,11,0,0,0,0,0,0,0,0
11526,2026-06-26T09:56:06.081147000Z,Authentication,166,34,-60,920,0,11,0,0,0,0,0,0,0,0
11527,2026-06-26T09:56:06.097528000Z,Authentication,166,34,-19,920,0,11,0,0,0,0,0,0,720,0
11528,2026-06-26T09:56:06.110395000Z,Authentication,166,34,-22,920,0,11,0,0,1,0,0,0,720,0
11530,2026-06-26T09:56:06.343307000Z,Authentication,166,34,-59,920,0,11,0,0,0,0,0,0,0,0
11531,2026-06-26T09:56:06.364233000Z,Authentication,166,34,-23,920,0,11,0,0,1,0,0,0,720,0
11532,2026-06-26T09:56:06.377672000Z,Authentication,166,34,-25,920,0,11,0,0,1,0,0,0,720,0
11533,2026-06-26T09:56:06.605451000Z,Authentication,166,34,-59,920,0,11,0,0,0,0,0,0,0,0
11534,2026-06-26T09:56:06.624191000Z,Authentication,166,34,-22,920,0,11,0,0,1,0,0,0,720,0
11535,2026-06-26T09:56:06.630960000Z,Authentication,166,34,-20,920,0,11,0,0,1,0,0,0,720,0
11536,2026-06-26T09:56:06.834845000Z,Authentication,166,34,-64,920,0,11,0,0,0,0,0,0,0,0
11537,2026-06-26T09:56:06.847587000Z,Authentication,166,34,-18,920,0,11,0,0,0,0,0,0,720,0
11538,2026-06-26T09:56:06.854353000Z,Authentication,166,34,-18,920,0,11,0,0,1,0,0,0,720,0
11539,2026-06-26T09:56:06.860972000Z,Authentication,166,34,-19,920,0,11,0,0,1,0,0,0,720,0
11540,2026-06-26T09:56:06.867481000Z,Authentication,166,34,-18,920,0,11,0,0,1,0,0,0,720,0
11541,2026-06-26T09:56:07.024138000Z,S1G Beacon,61,34,-18,920,3,1,,,,,,,0,0
11542,2026-06-26T09:56:07.096977000Z,Authentication,166,34,-61,920,0,11,0,0,0,0,0,0,0,0
11543,2026-06-26T09:56:07.107600000Z,Authentication,166,34,-18,920,0,11,0,0,0,0,0,0,720,0
11544,2026-06-26T09:56:07.114370000Z,Authentication,166,34,-18,920,0,11,0,0,1,0,0,0,720,0
11545,2026-06-26T09:56:07.121038000Z,Authentication,166,34,-19,920,0,11,0,0,1,0,0,0,720,0
11546,2026-06-26T09:56:07.127759000Z,Authentication,166,34,-18,920,0,11,0,0,1,0,0,0,720,0
11547,2026-06-26T09:56:07.359147000Z,Authentication,166,34,-59,920,0,11,0,0,0,0,0,0,0,0
11548,2026-06-26T09:56:07.384273000Z,Authentication,166,34,-20,920,0,11,0,0,1,0,0,0,720,0
11549,2026-06-26T09:56:07.390681000Z,Authentication,166,34,-19,920,0,11,0,0,1,0,0,0,720,0
11550,2026-06-26T09:56:07.588509000Z,Authentication,166,34,-60,920,0,11,0,0,0,0,0,0,0,0
11551,2026-06-26T09:56:07.597830000Z,Authentication,166,34,-20,920,0,11,0,0,0,0,0,0,720,0
11552,2026-06-26T09:56:07.604601000Z,Authentication,166,34,-20,920,0,11,0,0,1,0,0,0,720,0
11553,2026-06-26T09:56:07.611268000Z,Authentication,166,34,-18,920,0,11,0,0,1,0,0,0,720,0
11554,2026-06-26T09:56:07.617830000Z,Authentication,166,34,-19,920,0,11,0,0,1,0,0,0,720,0
11555,2026-06-26T09:56:07.845166000Z,S1G Beacon,129,34,-20,920,3,1,,,,,,,0,0
11556,2026-06-26T09:56:07.850665000Z,Authentication,166,34,-59,920,0,11,0,0,0,0,0,0,0,0
11557,2026-06-26T09:56:07.877823000Z,Data,287,34,-20,920,2,0,0,0,0,0,0,1,0,0
11558,2026-06-26T09:56:07.882388000Z,Authentication,166,34,-20,920,0,11,0,0,1,0,0,0,720,0
11559,2026-06-26T09:56:07.888852000Z,Authentication,166,34,-18,920,0,11,0,0,1,0,0,0,720,0
11560,2026-06-26T09:56:08.112807000Z,Authentication,166,34,-59,920,0,11,0,0,0,0,0,0,0,0
11561,2026-06-26T09:56:08.125458000Z,Authentication,166,34,-19,920,0,11,0,0,0,0,0,0,720,0
11562,2026-06-26T09:56:08.136400000Z,Authentication,166,34,-20,920,0,11,0,0,1,0,0,0,720,0
11563,2026-06-26T09:56:08.143019000Z,Authentication,166,34,-19,920,0,11,0,0,1,0,0,0,720,0
11565,2026-06-26T09:56:08.353459000Z,Authentication,166,34,-59,920,0,11,0,0,0,0,0,0,0,0
11566,2026-06-26T09:56:08.604345000Z,Authentication,166,34,-63,920,0,11,0,0,0,0,0,0,0,0
11567,2026-06-26T09:56:08.617598000Z,Authentication,166,34,-20,920,0,11,0,0,0,0,0,0,720,0
11568,2026-06-26T09:56:08.624003000Z,Authentication,166,34,-20,920,0,11,0,0,1,0,0,0,720,0
11569,2026-06-26T09:56:08.630465000Z,Authentication,166,34,-19,920,0,11,0,0,1,0,0,0,720,0
11570,2026-06-26T09:56:08.636923000Z,Authentication,166,34,-19,920,0,11,0,0,1,0,0,0,720,0
11571,2026-06-26T09:56:08.662586000Z,S1G Beacon,61,34,-19,920,3,1,,,,,,,0,0
11572,2026-06-26T09:56:08.866489000Z,Authentication,166,34,-59,920,0,11,0,0,0,0,0,0,0,0
11573,2026-06-26T09:56:08.877639000Z,Authentication,166,34,-20,920,0,11,0,0,0,0,0,0,720,0
11574,2026-06-26T09:56:08.884085000Z,Authentication,166,34,-19,920,0,11,0,0,1,0,0,0,720,0
11575,2026-06-26T09:56:08.890546000Z,Authentication,166,34,-18,920,0,11,0,0,1,0,0,0,720,0
11576,2026-06-26T09:56:08.896847000Z,Authentication,166,34,-19,920,0,11,0,0,1,0,0,0,720,0
11577,2026-06-26T09:56:09.128639000Z,Authentication,166,34,-60,920,0,11,0,0,0,0,0,0,0,0
11578,2026-06-26T09:56:09.358023000Z,Authentication,166,34,-60,920,0,11,0,0,0,0,0,0,0,0
11579,2026-06-26T09:56:09.367810000Z,Authentication,166,34,-18,920,0,11,0,0,0,0,0,0,720,0
11580,2026-06-26T09:56:09.374476000Z,Authentication,166,34,-18,920,0,11,0,0,1,0,0,0,720,0
11581,2026-06-26T09:56:09.380934000Z,Authentication,166,34,-18,920,0,11,0,0,1,0,0,0,720,0
11582,2026-06-26T09:56:09.387385000Z,Authentication,166,34,-18,920,0,11,0,0,1,0,0,0,720,0
11583,2026-06-26T09:56:09.483618000Z,S1G Beacon,129,34,-19,920,3,1,,,,,,,0,0
11584,2026-06-26T09:56:09.548649000Z,QoS Data,148,34,-16,920,2,8,1,0,0,0,0,1,720,0
11586,2026-06-26T09:56:09.550946000Z,QoS Data,148,34,-26,920,2,8,0,0,0,0,0,1,720,0
11588,2026-06-26T09:56:09.556543000Z,QoS Data,131,34,-8,920,2,8,1,0,0,0,0,1,720,0
11591,2026-06-26T09:56:09.620172000Z,Authentication,166,34,-59,920,0,11,0,0,0,0,0,0,0,0
11592,2026-06-26T09:56:09.788853000Z,QoS Data,128,34,-15,920,2,8,1,0,0,0,0,1,720,0
11594,2026-06-26T09:56:09.882318000Z,Authentication,166,34,-60,920,0,11,0,0,0,0,0,0,0,0
11595,2026-06-26T09:56:10.118867000Z,Authentication,166,34,-59,920,0,11,0,0,0,0,0,0,0,0
11596,2026-06-26T09:56:10.127903000Z,Authentication,166,34,-18,920,0,11,0,0,0,0,0,0,720,0
11597,2026-06-26T09:56:10.134674000Z,Authentication,166,34,-17,920,0,11,0,0,1,0,0,0,720,0
11598,2026-06-26T09:56:10.141078000Z,Authentication,166,34,-17,920,0,11,0,0,1,0,0,0,720,0
11599,2026-06-26T09:56:10.147797000Z,Authentication,166,34,-19,920,0,11,0,0,1,0,0,0,720,0
11600,2026-06-26T09:56:10.301042000Z,S1G Beacon,61,34,-18,920,3,1,,,,,,,0,0
11601,2026-06-26T09:56:10.373846000Z,Authentication,166,34,-59,920,0,11,0,0,0,0,0,0,0,0
11602,2026-06-26T09:56:10.387649000Z,Authentication,166,34,-18,920,0,11,0,0,0,0,0,0,720,0
11603,2026-06-26T09:56:10.394218000Z,Authentication,166,34,-18,920,0,11,0,0,1,0,0,0,720,0
11604,2026-06-26T09:56:10.400827000Z,Authentication,166,34,-18,920,0,11,0,0,1,0,0,0,720,0
11605,2026-06-26T09:56:10.407405000Z,Authentication,166,34,-19,920,0,11,0,0,1,0,0,0,720,0
11606,2026-06-26T09:56:10.635999000Z,Authentication,166,34,-60,920,0,11,0,0,0,0,0,0,0,0
11607,2026-06-26T09:56:10.647712000Z,Authentication,166,34,-18,920,0,11,0,0,0,0,0,0,720,0
11608,2026-06-26T09:56:10.653546000Z,Authentication,166,34,-19,920,0,11,0,0,1,0,0,0,720,0
11609,2026-06-26T09:56:10.660057000Z,Authentication,166,34,-17,920,0,11,0,0,1,0,0,0,720,0
11610,2026-06-26T09:56:10.666514000Z,Authentication,166,34,-19,920,0,11,0,0,1,0,0,0,720,0
11611,2026-06-26T09:56:10.771573000Z,Disassociation,64,34,-17,920,0,10,0,0,0,0,0,0,720,0
11612,2026-06-26T09:56:10.775308000Z,Disassociation,64,34,-17,920,0,10,0,0,1,0,0,0,720,0
11613,2026-06-26T09:56:10.779253000Z,Disassociation,64,34,-17,920,0,10,0,0,1,0,0,0,720,0
11614,2026-06-26T09:56:10.782940000Z,Disassociation,64,34,-17,920,0,10,0,0,1,0,0,0,720,0
11615,2026-06-26T09:56:10.887919000Z,Authentication,166,34,-60,920,0,11,0,0,0,0,0,0,0,0
11616,2026-06-26T09:56:10.896331000Z,Data,287,34,-18,920,2,0,0,0,0,0,0,1,0,0
11617,2026-06-26T09:56:11.122072000Z,S1G Beacon,129,34,-18,920,3,1,,,,,,,0,0
11618,2026-06-26T09:56:11.127522000Z,Authentication,166,34,-60,920,0,11,0,0,0,0,0,0,0,0
11619,2026-06-26T09:56:11.137679000Z,Authentication,166,34,-18,920,0,11,0,0,0,0,0,0,720,0
11620,2026-06-26T09:56:11.144238000Z,Authentication,166,34,-19,920,0,11,0,0,1,0,0,0,720,0
11621,2026-06-26T09:56:11.150650000Z,Authentication,166,34,-18,920,0,11,0,0,1,0,0,0,720,0
11622,2026-06-26T09:56:11.157366000Z,Authentication,166,34,-17,920,0,11,0,0,1,0,0,0,720,0
11623,2026-06-26T09:56:11.389731000Z,Authentication,166,34,-61,920,0,11,0,0,0,0,0,0,0,0
11624,2026-06-26T09:56:11.407600000Z,Authentication,166,34,-18,920,0,11,0,0,0,0,0,0,720,0
11625,2026-06-26T09:56:11.414054000Z,Authentication,166,34,-19,920,0,11,0,0,1,0,0,0,720,0
11626,2026-06-26T09:56:11.420772000Z,Authentication,166,34,-18,920,0,11,0,0,1,0,0,0,720,0
11627,2026-06-26T09:56:11.427279000Z,Authentication,166,34,-18,920,0,11,0,0,1,0,0,0,720,0
11628,2026-06-26T09:56:11.881242000Z,Authentication,166,34,-59,920,0,11,0,0,0,0,0,0,0,0
11629,2026-06-26T09:56:11.887930000Z,Authentication,166,34,-17,920,0,11,0,0,0,0,0,0,720,0
11630,2026-06-26T09:56:11.894546000Z,Authentication,166,34,-18,920,0,11,0,0,1,0,0,0,720,0
11631,2026-06-26T09:56:11.900955000Z,Authentication,166,34,-17,920,0,11,0,0,1,0,0,0,720,0
11632,2026-06-26T09:56:11.907675000Z,Authentication,166,34,-18,920,0,11,0,0,1,0,0,0,720,0
11633,2026-06-26T09:56:11.939491000Z,S1G Beacon,61,34,-19,920,3,1,,,,,,,0,0
11634,2026-06-26T09:56:12.143361000Z,Authentication,166,34,-60,920,0,11,0,0,0,0,0,0,0,0
11635,2026-06-26T09:56:12.405506000Z,Authentication,166,34,-59,920,0,11,0,0,0,0,0,0,0,0
11636,2026-06-26T09:56:12.424448000Z,Authentication,166,34,-21,920,0,11,0,0,1,0,0,0,720,0
11637,2026-06-26T09:56:12.437627000Z,Authentication,166,34,-22,920,0,11,0,0,1,0,0,0,720,0
11638,2026-06-26T09:56:12.642062000Z,Authentication,166,34,-59,920,0,11,0,0,0,0,0,0,0,0
11639,2026-06-26T09:56:12.657929000Z,Authentication,166,34,-19,920,0,11,0,0,0,0,0,0,720,0
11640,2026-06-26T09:56:12.663606000Z,Authentication,166,34,-19,920,0,11,0,0,1,0,0,0,720,0
11641,2026-06-26T09:56:12.676835000Z,Authentication,166,34,-20,920,0,11,0,0,1,0,0,0,720,0
11642,2026-06-26T09:56:12.897037000Z,Authentication,166,34,-59,920,0,11,0,0,0,0,0,0,0,0
11643,2026-06-26T09:56:12.914202000Z,Authentication,166,34,-24,920,0,11,0,0,1,0,0,0,720,0
11644,2026-06-26T09:56:12.927072000Z,Authentication,166,34,-24,920,0,11,0,0,1,0,0,0,720,0
11645,2026-06-26T09:56:13.159194000Z,Authentication,166,34,-59,920,0,11,0,0,0,0,0,0,0,0
11646,2026-06-26T09:56:13.167725000Z,Authentication,166,34,-29,920,0,11,0,0,0,0,0,0,720,0
11647,2026-06-26T09:56:13.174496000Z,Authentication,166,34,-30,920,0,11,0,0,1,0,0,0,720,0
11648,2026-06-26T09:56:13.180958000Z,Authentication,166,34,-31,920,0,11,0,0,1,0,0,0,720,0
11649,2026-06-26T09:56:13.187571000Z,Authentication,166,34,-30,920,0,11,0,0,1,0,0,0,720,0
11650,2026-06-26T09:56:13.577952000Z,S1G Beacon,61,34,-26,920,3,1,,,,,,,0,0
11651,2026-06-26T09:56:13.650734000Z,Authentication,166,34,-59,920,0,11,0,0,0,0,0,0,0,0
11652,2026-06-26T09:56:13.667640000Z,Authentication,166,34,-28,920,0,11,0,0,0,0,0,0,720,0
11653,2026-06-26T09:56:13.672847000Z,Authentication,166,34,-27,920,0,11,0,0,1,0,0,0,720,0
11654,2026-06-26T09:56:13.679354000Z,Authentication,166,34,-26,920,0,11,0,0,1,0,0,0,720,0
11655,2026-06-26T09:56:13.685771000Z,Authentication,166,34,-26,920,0,11,0,0,1,0,0,0,720,0
11656,2026-06-26T09:56:13.912882000Z,Authentication,166,34,-59,920,0,11,0,0,0,0,0,0,0,0
11657,2026-06-26T09:56:13.921297000Z,Data,287,34,-33,920,2,0,0,0,0,0,0,1,0,0
11658,2026-06-26T09:56:13.925863000Z,Authentication,166,34,-33,920,0,11,0,0,0,0,0,0,720,0
11659,2026-06-26T09:56:13.932534000Z,Authentication,166,34,-34,920,0,11,0,0,1,0,0,0,720,0
11660,2026-06-26T09:56:13.938991000Z,Authentication,166,34,-34,920,0,11,0,0,1,0,0,0,720,0
11661,2026-06-26T09:56:13.945554000Z,Authentication,166,34,-34,920,0,11,0,0,1,0,0,0,720,0
11662,2026-06-26T09:56:14.175017000Z,Authentication,166,34,-59,920,0,11,0,0,0,0,0,0,0,0
11663,2026-06-26T09:56:14.184750000Z,Authentication,166,34,-27,920,0,11,0,0,0,0,0,0,720,0
11664,2026-06-26T09:56:14.191365000Z,Authentication,166,34,-27,920,0,11,0,0,1,0,0,0,720,0
11665,2026-06-26T09:56:14.197825000Z,Authentication,166,34,-50,920,0,11,0,0,1,0,0,0,720,0
11666,2026-06-26T09:56:14.204233000Z,Authentication,166,34,-27,920,0,11,0,0,1,0,0,0,720,0
11667,2026-06-26T09:56:14.425894000Z,Authentication,166,34,-60,920,0,11,0,0,0,0,0,0,0,0
11668,2026-06-26T09:56:14.444166000Z,Authentication,166,34,-24,920,0,11,0,0,1,0,0,0,720,0
11669,2026-06-26T09:56:14.455945000Z,Authentication,166,34,-24,920,0,11,0,0,1,0,0,0,720,0
11670,2026-06-26T09:56:14.571316000Z,QoS Data,149,34,-22,920,2,8,1,0,0,0,0,1,720,0
11672,2026-06-26T09:56:14.574087000Z,QoS Data,149,34,-35,920,2,8,0,0,0,0,0,1,720,0
11673,2026-06-26T09:56:14.577376000Z,QoS Data,149,34,-35,920,2,8,0,0,1,0,0,1,720,0
11675,2026-06-26T09:56:14.583180000Z,QoS Data,131,34,-11,920,2,8,1,0,0,0,0,1,720,0
11677,2026-06-26T09:56:14.585846000Z,QoS Data,131,34,-36,920,2,8,0,0,0,0,0,1,720,0
11679,2026-06-26T09:56:14.666559000Z,Authentication,166,34,-60,920,0,11,0,0,0,0,0,0,0,0
11680,2026-06-26T09:56:14.677740000Z,Authentication,166,34,-38,920,0,11,0,0,0,0,0,0,720,0
11681,2026-06-26T09:56:14.684351000Z,Authentication,166,34,-38,920,0,11,0,0,1,0,0,0,720,0
11682,2026-06-26T09:56:14.690965000Z,Authentication,166,34,-38,920,0,11,0,0,1,0,0,0,720,0
11683,2026-06-26T09:56:14.697374000Z,Authentication,166,34,-38,920,0,11,0,0,1,0,0,0,720,0
11685,2026-06-26T09:56:14.791658000Z,QoS Data,128,34,-37,920,2,8,0,0,0,0,0,1,720,0
11687,2026-06-26T09:56:14.928693000Z,Authentication,166,34,-59,920,0,11,0,0,0,0,0,0,0,0
11688,2026-06-26T09:56:14.937752000Z,Authentication,166,34,-27,920,0,11,0,0,0,0,0,0,720,0
11689,2026-06-26T09:56:14.944210000Z,Authentication,166,34,-29,920,0,11,0,0,1,0,0,0,720,0
11690,2026-06-26T09:56:14.949818000Z,Authentication,166,34,-28,920,0,11,0,0,1,0,0,0,720,0
11691,2026-06-26T09:56:14.956196000Z,Authentication,166,34,-28,920,0,11,0,0,1,0,0,0,720,0
11692,2026-06-26T09:56:15.190863000Z,Authentication,166,34,-62,920,0,11,0,0,0,0,0,0,0,0
11693,2026-06-26T09:56:15.207702000Z,Authentication,166,34,-31,920,0,11,0,0,0,0,0,0,720,0
11694,2026-06-26T09:56:15.214052000Z,Authentication,166,34,-32,920,0,11,0,0,1,0,0,0,720,0
11695,2026-06-26T09:56:15.217531000Z,S1G Beacon,61,34,-31,920,3,1,,,,,,,0,0
11696,2026-06-26T09:56:15.222237000Z,Authentication,166,34,-31,920,0,11,0,0,1,0,0,0,720,0
11697,2026-06-26T09:56:15.228643000Z,Authentication,166,34,-31,920,0,11,0,0,1,0,0,0,720,0
11698,2026-06-26T09:56:15.426365000Z,Authentication,166,34,-60,920,0,11,0,0,0,0,0,0,0,0
11699,2026-06-26T09:56:15.437733000Z,Authentication,166,34,-31,920,0,11,0,0,0,0,0,0,720,0
11700,2026-06-26T09:56:15.444247000Z,Authentication,166,34,-31,920,0,11,0,0,1,0,0,0,720,0
11701,2026-06-26T09:56:15.450811000Z,Authentication,166,34,-32,920,0,11,0,0,1,0,0,0,720,0
11702,2026-06-26T09:56:15.457529000Z,Authentication,166,34,-30,920,0,11,0,0,1,0,0,0,720,0
11703,2026-06-26T09:56:15.682402000Z,Authentication,166,34,-59,920,0,11,0,0,0,0,0,0,0,0
11704,2026-06-26T09:56:15.692004000Z,Authentication,166,34,-28,920,0,11,0,0,0,0,0,0,720,0
11705,2026-06-26T09:56:15.698517000Z,Authentication,166,34,-28,920,0,11,0,0,1,0,0,0,720,0
11706,2026-06-26T09:56:15.705238000Z,Authentication,166,34,-28,920,0,11,0,0,1,0,0,0,720,0
11707,2026-06-26T09:56:15.711748000Z,Authentication,166,34,-29,920,0,11,0,0,1,0,0,0,720,0
11708,2026-06-26T09:56:15.944528000Z,Authentication,166,34,-60,920,0,11,0,0,0,0,0,0,0,0
11709,2026-06-26T09:56:15.957980000Z,Authentication,166,34,-28,920,0,11,0,0,0,0,0,0,720,0
11710,2026-06-26T09:56:15.964591000Z,Authentication,166,34,-29,920,0,11,0,0,1,0,0,0,720,0
11711,2026-06-26T09:56:15.971309000Z,Authentication,166,34,-27,920,0,11,0,0,1,0,0,0,720,0
11712,2026-06-26T09:56:15.977715000Z,Authentication,166,34,-27,920,0,11,0,0,1,0,0,0,720,0
11713,2026-06-26T09:56:16.199519000Z,Authentication,166,34,-61,920,0,11,0,0,0,0,0,0,0,0
11714,2026-06-26T09:56:16.222988000Z,Authentication,166,34,-21,920,0,11,0,0,1,0,0,0,720,0
11715,2026-06-26T09:56:16.236268000Z,Authentication,166,34,-22,920,0,11,0,0,1,0,0,0,720,0
11716,2026-06-26T09:56:16.447769000Z,Authentication,166,34,-35,920,0,11,0,0,0,0,0,0,720,0
11717,2026-06-26T09:56:16.454434000Z,Authentication,166,34,-33,920,0,11,0,0,1,0,0,0,720,0
11718,2026-06-26T09:56:16.461203000Z,Authentication,166,34,-33,920,0,11,0,0,1,0,0,0,720,0
11719,2026-06-26T09:56:16.467766000Z,Authentication,166,34,-34,920,0,11,0,0,1,0,0,0,720,0
11720,2026-06-26T09:56:16.698206000Z,Authentication,166,34,-58,920,0,11,0,0,0,0,0,0,0,0
11721,2026-06-26T09:56:16.707779000Z,Authentication,166,34,-21,920,0,11,0,0,0,0,0,0,720,0
11722,2026-06-26T09:56:16.721023000Z,Authentication,166,34,-21,920,0,11,0,0,1,0,0,0,720,0
11723,2026-06-26T09:56:16.854843000Z,S1G Beacon,61,34,-31,920,3,1,,,,,,,0,0
11724,2026-06-26T09:56:16.941178000Z,Data,287,34,-31,920,2,0,0,0,0,0,0,1,0,0
11725,2026-06-26T09:56:16.960346000Z,Authentication,166,34,-58,920,0,11,0,0,0,0,0,0,0,0
11726,2026-06-26T09:56:17.189729000Z,Authentication,166,34,-58,920,0,11,0,0,0,0,0,0,0,0
11727,2026-06-26T09:56:17.451888000Z,Authentication,166,34,-60,920,0,11,0,0,0,0,0,0,0,0
11728,2026-06-26T09:56:17.467810000Z,Authentication,166,34,-28,920,0,11,0,0,0,0,0,0,720,0
11729,2026-06-26T09:56:17.474668000Z,Authentication,166,34,-29,920,0,11,0,0,1,0,0,0,720,0
11730,2026-06-26T09:56:17.481178000Z,Authentication,166,34,-30,920,0,11,0,0,1,0,0,0,720,0
11731,2026-06-26T09:56:17.487583000Z,Authentication,166,34,-30,920,0,11,0,0,1,0,0,0,720,0
11732,2026-06-26T09:56:17.675873000Z,S1G Beacon,129,34,-29,920,3,1,,,,,,,0,0
11733,2026-06-26T09:56:17.714026000Z,Authentication,166,34,-60,920,0,11,0,0,0,0,0,0,0,0
11734,2026-06-26T09:56:17.957765000Z,Authentication,166,34,-60,920,0,11,0,0,0,0,0,0,0,0
11735,2026-06-26T09:56:17.974430000Z,Authentication,166,34,-21,920,0,11,0,0,1,0,0,0,720,0
11736,2026-06-26T09:56:17.987656000Z,Authentication,166,34,-21,920,0,11,0,0,1,0,0,0,720,0
11737,2026-06-26T09:56:18.205556000Z,Authentication,166,34,-60,920,0,11,0,0,0,0,0,0,0,0
11738,2026-06-26T09:56:18.467704000Z,Authentication,166,34,-62,920,0,11,0,0,0,0,0,0,0,0
11739,2026-06-26T09:56:18.493288000Z,S1G Beacon,61,34,-32,920,3,1,,,,,,,0,0
11740,2026-06-26T09:56:18.720638000Z,Authentication,166,34,-59,920,0,11,0,0,0,0,0,0,0,0
11741,2026-06-26T09:56:18.737788000Z,Authentication,166,34,-28,920,0,11,0,0,0,0,0,0,720,0
11742,2026-06-26T09:56:18.744612000Z,Authentication,166,34,-28,920,0,11,0,0,1,0,0,0,720,0
11743,2026-06-26T09:56:18.751383000Z,Authentication,166,34,-28,920,0,11,0,0,1,0,0,0,720,0
11744,2026-06-26T09:56:18.757847000Z,Authentication,166,34,-30,920,0,11,0,0,1,0,0,0,720,0
11745,2026-06-26T09:56:18.959242000Z,Authentication,166,34,-60,920,0,11,0,0,0,0,0,0,0,0
11746,2026-06-26T09:56:18.974267000Z,Authentication,166,34,-21,920,0,11,0,0,1,0,0,0,720,0
11747,2026-06-26T09:56:18.987444000Z,Authentication,166,34,-22,920,0,11,0,0,1,0,0,0,720,0
11748,2026-06-26T09:56:19.221387000Z,Authentication,166,34,-60,920,0,11,0,0,0,0,0,0,0,0
11749,2026-06-26T09:56:19.244484000Z,Authentication,166,34,-25,920,0,11,0,0,1,0,0,0,720,0
11750,2026-06-26T09:56:19.250943000Z,Authentication,166,34,-27,920,0,11,0,0,1,0,0,0,720,0
11751,2026-06-26T09:56:19.257852000Z,Authentication,166,34,-27,920,0,11,0,0,1,0,0,0,720,0
11752,2026-06-26T09:56:19.314321000Z,S1G Beacon,129,34,-30,920,3,1,,,,,,,0,0
11753,2026-06-26T09:56:19.483535000Z,Authentication,166,34,-62,920,0,11,0,0,0,0,0,0,0,0
11754,2026-06-26T09:56:19.497829000Z,Authentication,166,34,-28,920,0,11,0,0,0,0,0,0,720,0
11755,2026-06-26T09:56:19.504388000Z,Authentication,166,34,-27,920,0,11,0,0,1,0,0,0,720,0
11756,2026-06-26T09:56:19.509752000Z,Authentication,166,34,-28,920,0,11,0,0,1,0,0,0,720,0
11757,2026-06-26T09:56:19.516164000Z,Authentication,166,34,-28,920,0,11,0,0,1,0,0,0,720,0
11758,2026-06-26T09:56:19.597932000Z,QoS Data,149,34,-16,920,2,8,1,0,0,0,0,1,720,0
11760,2026-06-26T09:56:19.600453000Z,QoS Data,149,34,-28,920,2,8,0,0,0,0,0,1,720,0
11762,2026-06-26T09:56:19.606260000Z,QoS Data,131,34,-9,920,2,8,1,0,0,0,0,1,720,0
11764,2026-06-26T09:56:19.723149000Z,Authentication,166,34,-61,920,0,11,0,0,0,0,0,0,0,0
11765,2026-06-26T09:56:19.788881000Z,QoS Data,128,34,-15,920,2,8,1,0,0,0,0,1,720,0
11767,2026-06-26T09:56:19.791655000Z,QoS Data,128,34,-25,920,2,8,0,0,0,0,0,1,720,0
11769,2026-06-26T09:56:19.965229000Z,Data,287,34,-18,920,2,0,0,0,0,0,0,1,0,0
11770,2026-06-26T09:56:19.975071000Z,Authentication,166,34,-59,920,0,11,0,0,0,0,0,0,0,0
11771,2026-06-26T09:56:19.984384000Z,Authentication,166,34,-18,920,0,11,0,0,0,0,0,0,720,0
11772,2026-06-26T09:56:19.990952000Z,Authentication,166,34,-17,920,0,11,0,0,1,0,0,0,720,0
11773,2026-06-26T09:56:19.997670000Z,Authentication,166,34,-17,920,0,11,0,0,1,0,0,0,720,0
11774,2026-06-26T09:56:20.004384000Z,Authentication,166,34,-17,920,0,11,0,0,1,0,0,0,720,0
11775,2026-06-26T09:56:20.131741000Z,S1G Beacon,61,34,-17,920,3,1,,,,,,,0,0
11776,2026-06-26T09:56:20.237215000Z,Authentication,166,34,-59,920,0,11,0,0,0,0,0,0,0,0
11777,2026-06-26T09:56:20.248199000Z,Authentication,166,34,-19,920,0,11,0,0,0,0,0,0,720,0
11778,2026-06-26T09:56:20.254969000Z,Authentication,166,34,-20,920,0,11,0,0,1,0,0,0,720,0
11779,2026-06-26T09:56:20.261480000Z,Authentication,166,34,-19,920,0,11,0,0,1,0,0,0,720,0
11780,2026-06-26T09:56:20.267888000Z,Authentication,166,34,-19,920,0,11,0,0,1,0,0,0,720,0
11781,2026-06-26T09:56:20.499363000Z,Authentication,166,34,-59,920,0,11,0,0,0,0,0,0,0,0
11782,2026-06-26T09:56:20.512923000Z,Authentication,166,34,-25,920,0,11,0,0,1,0,0,0,720,0
11783,2026-06-26T09:56:20.525997000Z,Authentication,166,34,-21,920,0,11,0,0,1,0,0,0,720,0
11784,2026-06-26T09:56:20.728743000Z,Authentication,166,34,-60,920,0,11,0,0,0,0,0,0,0,0
11785,2026-06-26T09:56:20.737870000Z,Authentication,166,34,-20,920,0,11,0,0,0,0,0,0,720,0
11786,2026-06-26T09:56:20.744484000Z,Authentication,166,34,-19,920,0,11,0,0,1,0,0,0,720,0
11787,2026-06-26T09:56:20.757715000Z,Authentication,166,34,-22,920,0,11,0,0,1,0,0,0,720,0
11788,2026-06-26T09:56:20.952781000Z,S1G Beacon,129,34,-37,920,3,1,,,,,,,0,0
11789,2026-06-26T09:56:20.990895000Z,Authentication,166,34,-62,920,0,11,0,0,0,0,0,0,0,0
11790,2026-06-26T09:56:21.007809000Z,Authentication,166,34,-35,920,0,11,0,0,0,0,0,0,720,0
11791,2026-06-26T09:56:21.014426000Z,Authentication,166,34,-35,920,0,11,0,0,1,0,0,0,720,0
11792,2026-06-26T09:56:21.020052000Z,Authentication,166,34,-35,920,0,11,0,0,1,0,0,0,720,0
11793,2026-06-26T09:56:21.025575000Z,Authentication,166,34,-35,920,0,11,0,0,1,0,0,0,720,0
11794,2026-06-26T09:56:21.253046000Z,Authentication,166,34,-60,920,0,11,0,0,0,0,0,0,0,0
11795,2026-06-26T09:56:21.263869000Z,Authentication,166,34,-27,920,0,11,0,0,0,0,0,0,720,0
11796,2026-06-26T09:56:21.270745000Z,Authentication,166,34,-28,920,0,11,0,0,1,0,0,0,720,0
11797,2026-06-26T09:56:21.277300000Z,Authentication,166,34,-27,920,0,11,0,0,1,0,0,0,720,0
11798,2026-06-26T09:56:21.284022000Z,Authentication,166,34,-22,920,0,11,0,0,1,0,0,0,720,0
11799,2026-06-26T09:56:21.491643000Z,Authentication,166,34,-60,920,0,11,0,0,0,0,0,0,0,0
11800,2026-06-26T09:56:21.507978000Z,Authentication,166,34,-20,920,0,11,0,0,0,0,0,0,720,0
11801,2026-06-26T09:56:21.514388000Z,Authentication,166,34,-19,920,0,11,0,0,1,0,0,0,720,0
11802,2026-06-26T09:56:21.521109000Z,Authentication,166,34,-21,920,0,11,0,0,1,0,0,0,720,0
11803,2026-06-26T09:56:21.527617000Z,Authentication,166,34,-21,920,0,11,0,0,1,0,0,0,720,0
11804,2026-06-26T09:56:21.744567000Z,Authentication,166,34,-63,920,0,11,0,0,0,0,0,0,0,0
11805,2026-06-26T09:56:21.762957000Z,Authentication,166,34,-24,920,0,11,0,0,1,0,0,0,720,0
11806,2026-06-26T09:56:21.770187000Z,S1G Beacon,61,34,-23,920,3,1,,,,,,,0,0
11807,2026-06-26T09:56:21.774785000Z,Authentication,166,34,-25,920,0,11,0,0,1,0,0,0,720,0
11808,2026-06-26T09:56:22.006761000Z,Authentication,166,34,-62,920,0,11,0,0,0,0,0,0,0,0
11809,2026-06-26T09:56:22.024325000Z,Authentication,166,34,-21,920,0,11,0,0,1,0,0,0,720,0
11810,2026-06-26T09:56:22.036354000Z,Authentication,166,34,-21,920,0,11,0,0,1,0,0,0,720,0
11811,2026-06-26T09:56:22.255055000Z,Authentication,166,34,-61,920,0,11,0,0,0,0,0,0,0,0
11812,2026-06-26T09:56:22.267902000Z,Authentication,166,34,-19,920,0,11,0,0,0,0,0,0,720,0
11813,2026-06-26T09:56:22.274466000Z,Authentication,166,34,-17,920,0,11,0,0,1,0,0,0,720,0
11815,2026-06-26T09:56:22.287953000Z,Authentication,166,34,-19,920,0,11,0,0,1,0,0,0,720,0
11816,2026-06-26T09:56:22.498253000Z,Authentication,166,34,-59,920,0,11,0,0,0,0,0,0,0,0
11817,2026-06-26T09:56:22.507886000Z,Authentication,166,34,-18,920,0,11,0,0,0,0,0,0,720,0
11818,2026-06-26T09:56:22.514579000Z,Authentication,166,34,-16,920,0,11,0,0,1,0,0,0,720,0
11819,2026-06-26T09:56:22.520983000Z,Authentication,166,34,-18,920,0,11,0,0,1,0,0,0,720,0
11820,2026-06-26T09:56:22.527493000Z,Authentication,166,34,-17,920,0,11,0,0,1,0,0,0,720,0
11821,2026-06-26T09:56:22.591218000Z,S1G Beacon,129,34,-20,920,3,1,,,,,,,0,0
11822,2026-06-26T09:56:22.760398000Z,Authentication,166,34,-60,920,0,11,0,0,0,0,0,0,0,0
11823,2026-06-26T09:56:22.774569000Z,Authentication,166,34,-24,920,0,11,0,0,1,0,0,0,720,0
11824,2026-06-26T09:56:22.788048000Z,Authentication,166,34,-24,920,0,11,0,0,1,0,0,0,720,0
11825,2026-06-26T09:56:22.989340000Z,Data,287,34,-23,920,2,0,0,0,0,0,0,1,0,0
11826,2026-06-26T09:56:23.020497000Z,Authentication,166,34,-59,920,0,11,0,0,0,0,0,0,0,0
11827,2026-06-26T09:56:23.251932000Z,Authentication,166,34,-61,920,0,11,0,0,0,0,0,0,0,0
11828,2026-06-26T09:56:23.408649000Z,S1G Beacon,61,34,-19,920,3,1,,,,,,,0,0
11829,2026-06-26T09:56:23.514086000Z,Authentication,166,34,-60,920,0,11,0,0,0,0,0,0,0,0
11830,2026-06-26T09:56:23.776230000Z,Authentication,166,34,-61,920,0,11,0,0,0,0,0,0,0,0
11831,2026-06-26T09:56:24.023052000Z,Authentication,166,34,-59,920,0,11,0,0,0,0,0,0,0,0
11832,2026-06-26T09:56:24.229695000Z,S1G Beacon,129,34,-27,920,3,1,,,,,,,0,0
11833,2026-06-26T09:56:24.267778000Z,Authentication,166,34,-60,920,0,11,0,0,0,0,0,0,0,0
11834,2026-06-26T09:56:24.277915000Z,Authentication,166,34,-27,920,0,11,0,0,0,0,0,0,720,0
11835,2026-06-26T09:56:24.284635000Z,Authentication,166,34,-27,920,0,11,0,0,1,0,0,0,720,0
11836,2026-06-26T09:56:24.291199000Z,Authentication,166,34,-27,920,0,11,0,0,1,0,0,0,720,0
11837,2026-06-26T09:56:24.297603000Z,Authentication,166,34,-28,920,0,11,0,0,1,0,0,0,720,0
11838,2026-06-26T09:56:24.529912000Z,Authentication,166,34,-59,920,0,11,0,0,0,0,0,0,0,0
11839,2026-06-26T09:56:24.538187000Z,Authentication,166,34,-28,920,0,11,0,0,0,0,0,0,720,0
11840,2026-06-26T09:56:24.544959000Z,Authentication,166,34,-27,920,0,11,0,0,1,0,0,0,720,0
11841,2026-06-26T09:56:24.551522000Z,Authentication,166,34,-27,920,0,11,0,0,1,0,0,0,720,0
11842,2026-06-26T09:56:24.558082000Z,Authentication,166,34,-27,920,0,11,0,0,1,0,0,0,720,0
11843,2026-06-26T09:56:24.623973000Z,QoS Data,148,34,-24,920,2,8,1,0,1,0,0,1,720,0
11845,2026-06-26T09:56:24.626750000Z,QoS Data,148,34,-31,920,2,8,0,0,0,0,0,1,720,0
11846,2026-06-26T09:56:24.630091000Z,QoS Data,148,34,-32,920,2,8,0,0,1,0,0,1,720,0
11848,2026-06-26T09:56:24.635688000Z,QoS Data,131,34,-13,920,2,8,1,0,0,0,0,1,720,0
11850,2026-06-26T09:56:24.638487000Z,QoS Data,131,34,-31,920,2,8,0,0,0,0,0,1,720,0
11851,2026-06-26T09:56:24.792056000Z,Authentication,166,34,-60,920,0,11,0,0,0,0,0,0,0,0
11853,2026-06-26T09:56:24.807940000Z,Authentication,166,34,-27,920,0,11,0,0,0,0,0,0,720,0
11854,2026-06-26T09:56:24.814397000Z,Authentication,166,34,-27,920,0,11,0,0,1,0,0,0,720,0
11855,2026-06-26T09:56:24.821119000Z,Authentication,166,34,-28,920,0,11,0,0,1,0,0,0,720,0
11856,2026-06-26T09:56:24.827631000Z,Authentication,166,34,-27,920,0,11,0,0,1,0,0,0,720,0
11857,2026-06-26T09:56:24.831171000Z,QoS Data,128,34,-32,920,2,8,0,0,0,0,0,1,720,0
11859,2026-06-26T09:56:25.021442000Z,Authentication,166,34,-59,920,0,11,0,0,0,0,0,0,0,0
11860,2026-06-26T09:56:25.283600000Z,Authentication,166,34,-59,920,0,11,0,0,0,0,0,0,0,0
11861,2026-06-26T09:56:25.304622000Z,Authentication,166,34,-23,920,0,11,0,0,1,0,0,0,720,0
11862,2026-06-26T09:56:25.321880000Z,Authentication,166,34,-24,920,0,11,0,0,1,0,0,0,720,0
11863,2026-06-26T09:56:25.545743000Z,Authentication,166,34,-59,920,0,11,0,0,0,0,0,0,0,0
11864,2026-06-26T09:56:25.564439000Z,Authentication,166,34,-22,920,0,11,0,0,1,0,0,0,720,0
11865,2026-06-26T09:56:25.577774000Z,Authentication,166,34,-21,920,0,11,0,0,1,0,0,0,720,0
11866,2026-06-26T09:56:25.779209000Z,Authentication,166,34,-60,920,0,11,0,0,0,0,0,0,0,0
11867,2026-06-26T09:56:25.794541000Z,Authentication,166,34,-24,920,0,11,0,0,1,0,0,0,720,0
11868,2026-06-26T09:56:25.807615000Z,Authentication,166,34,-24,920,0,11,0,0,1,0,0,0,720,0
11869,2026-06-26T09:56:26.013409000Z,Data,287,34,-25,920,2,0,0,0,0,0,0,1,0,0
11870,2026-06-26T09:56:26.040114000Z,Data,387,34,-26,920,2,0,0,0,0,0,0,1,0,0
11871,2026-06-26T09:56:26.299440000Z,Authentication,166,34,-59,920,0,11,0,0,0,0,0,0,0,0
11872,2026-06-26T09:56:26.314727000Z,Authentication,166,34,-23,920,0,11,0,0,1,0,0,0,720,0
11873,2026-06-26T09:56:26.327852000Z,Authentication,166,34,-21,920,0,11,0,0,1,0,0,0,720,0
11874,2026-06-26T09:56:26.457918000Z,Data,442,34,-19,920,2,0,0,0,0,0,0,1,0,0
11875,2026-06-26T09:56:26.539052000Z,Authentication,166,34,-60,920,0,11,0,0,0,0,0,0,0,0
11876,2026-06-26T09:56:26.562672000Z,Data,452,34,-22,920,2,0,0,0,0,0,0,1,0,0
11877,2026-06-26T09:56:26.573673000Z,Authentication,166,34,-21,920,0,11,0,0,1,0,0,0,720,0
11878,2026-06-26T09:56:26.790945000Z,Authentication,166,34,-60,920,0,11,0,0,0,0,0,0,0,0
11879,2026-06-26T09:56:26.805622000Z,Authentication,166,34,-19,920,0,11,0,0,0,0,0,0,720,0
11880,2026-06-26T09:56:26.812601000Z,Authentication,166,34,-20,920,0,11,0,0,1,0,0,0,720,0
11881,2026-06-26T09:56:26.819269000Z,Authentication,166,34,-20,920,0,11,0,0,1,0,0,0,720,0
11882,2026-06-26T09:56:26.825728000Z,Authentication,166,34,-19,920,0,11,0,0,1,0,0,0,720,0
11883,2026-06-26T09:56:27.053097000Z,Authentication,166,34,-59,920,0,11,0,0,0,0,0,0,0,0
11884,2026-06-26T09:56:27.068242000Z,Authentication,166,34,-20,920,0,11,0,0,0,0,0,0,720,0
11885,2026-06-26T09:56:27.074694000Z,Authentication,166,34,-18,920,0,11,0,0,1,0,0,0,720,0
11886,2026-06-26T09:56:27.081312000Z,Authentication,166,34,-18,920,0,11,0,0,1,0,0,0,720,0
11887,2026-06-26T09:56:27.087721000Z,Authentication,166,34,-19,920,0,11,0,0,1,0,0,0,720,0
11888,2026-06-26T09:56:27.294784000Z,Authentication,166,34,-60,920,0,11,0,0,0,0,0,0,0,0
11889,2026-06-26T09:56:27.314142000Z,Authentication,166,34,-21,920,0,11,0,0,1,0,0,0,720,0
11890,2026-06-26T09:56:27.320541000Z,Authentication,166,34,-19,920,0,11,0,0,1,0,0,0,720,0
11891,2026-06-26T09:56:27.326999000Z,Authentication,166,34,-19,920,0,11,0,0,1,0,0,0,720,0
11892,2026-06-26T09:56:27.544638000Z,Authentication,166,34,-60,920,0,11,0,0,0,0,0,0,0,0
11893,2026-06-26T09:56:27.806779000Z,Authentication,166,34,-63,920,0,11,0,0,0,0,0,0,0,0
11894,2026-06-26T09:56:28.068937000Z,Authentication,166,34,-59,920,0,11,0,0,0,0,0,0,0,0
11895,2026-06-26T09:56:28.298354000Z,Authentication,166,34,-60,920,0,11,0,0,0,0,0,0,0,0
11897,2026-06-26T09:56:28.560475000Z,Authentication,166,34,-62,920,0,11,0,0,0,0,0,0,0,0
11898,2026-06-26T09:56:28.822616000Z,Authentication,166,34,-59,920,0,11,0,0,0,0,0,0,0,0
11899,2026-06-26T09:56:29.037550000Z,Data,287,34,-19,920,2,0,0,0,0,0,0,1,0,0
11900,2026-06-26T09:56:29.051984000Z,Authentication,166,34,-61,920,0,11,0,0,0,0,0,0,0,0
11901,2026-06-26T09:56:29.068096000Z,Authentication,166,34,-20,920,0,11,0,0,0,0,0,0,720,0
11902,2026-06-26T09:56:29.073774000Z,Authentication,166,34,-19,920,0,11,0,0,1,0,0,0,720,0
11903,2026-06-26T09:56:29.080445000Z,Authentication,166,34,-19,920,0,11,0,0,1,0,0,0,720,0
11904,2026-06-26T09:56:29.087113000Z,Authentication,166,34,-19,920,0,11,0,0,1,0,0,0,720,0
11905,2026-06-26T09:56:29.120128000Z,Disassociation,64,34,-20,920,0,10,0,0,0,0,0,0,720,0
11906,2026-06-26T09:56:29.124072000Z,Disassociation,64,34,-19,920,0,10,0,0,1,0,0,0,720,0
11907,2026-06-26T09:56:29.131808000Z,Disassociation,64,34,-21,920,0,10,0,0,1,0,0,0,720,0
11908,2026-06-26T09:56:29.192206000Z,S1G Beacon,129,34,-19,920,3,1,,,,,,,0,0
11909,2026-06-26T09:56:29.314143000Z,Authentication,166,34,-59,920,0,11,0,0,0,0,0,0,0,0
11911,2026-06-26T09:56:29.653188000Z,QoS Data,150,34,-27,920,2,8,0,0,0,0,0,1,720,0
11913,2026-06-26T09:56:29.658839000Z,QoS Data,131,34,-12,920,2,8,1,0,0,0,0,1,720,0
11916,2026-06-26T09:56:29.791777000Z,QoS Data,128,34,-29,920,2,8,0,0,0,0,0,1,720,0
11918,2026-06-26T09:56:30.783513000Z,S1G Beacon,129,34,-19,920,3,1,,,,,,,0,0
11919,2026-06-26T09:56:31.600896000Z,S1G Beacon,61,34,-20,920,3,1,,,,,,,0,0
11920,2026-06-26T09:56:32.061831000Z,Data,287,34,-19,920,2,0,0,0,0,0,0,1,0,0
11921,2026-06-26T09:56:32.421954000Z,S1G Beacon,129,34,-19,920,3,1,,,,,,,0,0
11922,2026-06-26T09:56:33.239519000Z,S1G Beacon,61,34,-19,920,3,1,,,,,,,0,0
11923,2026-06-26T09:56:34.060384000Z,S1G Beacon,129,34,-17,920,3,1,,,,,,,0,0
11925,2026-06-26T09:56:34.676971000Z,QoS Data,148,34,-17,920,2,8,0,0,0,0,0,1,720,0
11927,2026-06-26T09:56:34.682560000Z,QoS Data,131,34,-11,920,2,8,1,0,0,0,0,1,720,0
11929,2026-06-26T09:56:34.685254000Z,QoS Data,131,34,-18,920,2,8,0,0,0,0,0,1,720,0
11932,2026-06-26T09:56:34.791927000Z,QoS Data,128,34,-19,920,2,8,0,0,0,0,0,1,720,0
11934,2026-06-26T09:56:34.877805000Z,S1G Beacon,61,34,-14,920,3,1,,,,,,,0,0
11935,2026-06-26T09:56:35.085942000Z,Data,287,34,-13,920,2,0,0,0,0,0,0,1,0,0
11936,2026-06-26T09:56:35.698836000Z,S1G Beacon,129,34,-14,920,3,1,,,,,,,0,0
11938,2026-06-26T09:56:36.516257000Z,S1G Beacon,61,34,-17,920,3,1,,,,,,,0,0
11940,2026-06-26T09:56:37.337272000Z,S1G Beacon,129,34,-16,920,3,1,,,,,,,0,0
11941,2026-06-26T09:56:38.109754000Z,Data,287,34,-15,920,2,0,0,0,0,0,0,1,0,0
11942,2026-06-26T09:56:38.154689000Z,S1G Beacon,61,34,-16,920,3,1,,,,,,,0,0
11943,2026-06-26T09:56:38.975743000Z,S1G Beacon,129,34,-16,920,3,1,,,,,,,0,0
11944,2026-06-26T09:56:39.698460000Z,QoS Data,149,34,-21,920,2,8,1,0,0,0,0,1,720,0
11947,2026-06-26T09:56:39.706805000Z,QoS Data,131,34,-20,920,2,8,1,0,0,0,0,1,720,0
11950,2026-06-26T09:56:39.789376000Z,QoS Data,128,34,-22,920,2,8,1,0,0,0,0,1,720,0
11952,2026-06-26T09:56:39.793145000Z,S1G Beacon,61,34,-16,920,3,1,,,,,,,0,0
11954,2026-06-26T09:56:41.133798000Z,Data,287,34,-18,920,2,0,0,0,0,0,0,1,0,0
11955,2026-06-26T09:56:41.431618000Z,S1G Beacon,61,34,-14,920,3,1,,,,,,,0,0
11956,2026-06-26T09:56:42.252638000Z,S1G Beacon,129,34,-13,920,3,1,,,,,,,0,0
11957,2026-06-26T09:56:43.070066000Z,S1G Beacon,61,34,-14,920,3,1,,,,,,,0,0
11958,2026-06-26T09:56:43.891093000Z,S1G Beacon,129,34,-18,920,3,1,,,,,,,0,0
11959,2026-06-26T09:56:44.157914000Z,Data,287,34,-19,920,2,0,0,0,0,0,0,1,0,0
11960,2026-06-26T09:56:44.708506000Z,S1G Beacon,61,34,-20,920,3,1,,,,,,,0,0
11962,2026-06-26T09:56:44.725855000Z,QoS Data,149,34,-30,920,2,8,0,0,0,0,0,1,720,0
11964,2026-06-26T09:56:44.733621000Z,QoS Data,131,34,-27,920,2,8,0,0,0,0,0,1,720,0
11965,2026-06-26T09:56:44.738226000Z,QoS Data,131,34,-28,920,2,8,0,0,1,0,0,1,720,0
11966,2026-06-26T09:56:44.743114000Z,QoS Data,131,34,-27,920,2,8,0,0,1,0,0,1,720,0
11968,2026-06-26T09:56:44.789348000Z,QoS Data,128,34,-19,920,2,8,1,0,0,0,0,1,720,0
11970,2026-06-26T09:56:44.791815000Z,QoS Data,128,34,-28,920,2,8,0,0,0,0,0,1,720,0
11972,2026-06-26T09:56:45.529535000Z,S1G Beacon,129,34,-28,920,3,1,,,,,,,0,0
11973,2026-06-26T09:56:46.312741000Z,Data,378,34,-27,920,2,0,0,0,0,0,0,1,0,0
11974,2026-06-26T09:56:46.346944000Z,S1G Beacon,61,34,-27,920,3,1,,,,,,,0,0
11975,2026-06-26T09:56:46.416889000Z,Data,387,34,-22,920,2,0,0,0,0,0,0,1,0,0
11976,2026-06-26T09:56:46.522359000Z,Data,450,34,-28,920,2,0,0,0,0,0,0,1,0,0
11977,2026-06-26T09:56:46.626242000Z,Data,442,34,-27,920,2,0,0,0,0,0,0,1,0,0
11978,2026-06-26T09:56:46.728830000Z,Data,387,34,-27,920,2,0,0,0,0,0,0,1,0,0
11979,2026-06-26T09:56:46.833945000Z,Data,426,34,-28,920,2,0,0,0,0,0,0,1,0,0
11980,2026-06-26T09:56:46.938706000Z,Data,458,34,-27,920,2,0,0,0,0,0,0,1,0,0
11981,2026-06-26T09:56:47.040884000Z,Data,387,34,-27,920,2,0,0,0,0,0,0,1,0,0
11983,2026-06-26T09:56:47.167971000Z,S1G Beacon,129,34,-26,920,3,1,,,,,,,0,0
11984,2026-06-26T09:56:47.180674000Z,Data,446,34,-27,920,2,0,0,0,0,0,0,1,0,0
11985,2026-06-26T09:56:47.189058000Z,Data,287,34,-27,920,2,0,0,0,0,0,0,1,0,0
11986,2026-06-26T09:56:47.250199000Z,Data,440,34,-26,920,2,0,0,0,0,0,0,1,0,0
11987,2026-06-26T09:56:47.352821000Z,Data,387,34,-26,920,2,0,0,0,0,0,0,1,0,0
11988,2026-06-26T09:56:47.458198000Z,Data,442,34,-24,920,2,0,0,0,0,0,0,1,0,0
11989,2026-06-26T09:56:47.562481000Z,Data,452,34,-25,920,2,0,0,0,0,0,0,1,0,0
11990,2026-06-26T09:56:47.985402000Z,S1G Beacon,61,34,-27,920,3,1,,,,,,,0,0
11991,2026-06-26T09:56:48.806431000Z,S1G Beacon,129,34,-23,920,3,1,,,,,,,0,0
11992,2026-06-26T09:56:49.623880000Z,S1G Beacon,61,34,-22,920,3,1,,,,,,,0,0
11993,2026-06-26T09:56:49.755738000Z,QoS Data,150,34,-19,920,2,8,1,0,0,0,0,1,720,0
11995,2026-06-26T09:56:49.758044000Z,QoS Data,150,34,-30,920,2,8,0,0,0,0,0,1,720,0
11997,2026-06-26T09:56:49.766198000Z,QoS Data,131,34,-30,920,2,8,0,0,0,0,0,1,720,0
11999,2026-06-26T09:56:49.769469000Z,QoS Data,131,34,-29,920,2,8,0,0,1,0,0,1,720,0
12001,2026-06-26T09:56:49.789346000Z,QoS Data,128,34,-19,920,2,8,1,0,0,0,0,1,720,0
12002,2026-06-26T09:56:50.206115000Z,Data,287,34,-23,920,2,0,0,0,0,0,0,1,0,0
12003,2026-06-26T09:56:50.444875000Z,S1G Beacon,129,34,-26,920,3,1,,,,,,,0,0
12004,2026-06-26T09:56:51.262323000Z,S1G Beacon,61,34,-28,920,3,1,,,,,,,0,0
12005,2026-06-26T09:56:52.083342000Z,S1G Beacon,129,34,-27,920,3,1,,,,,,,0,0
12006,2026-06-26T09:56:52.900781000Z,S1G Beacon,61,34,-28,920,3,1,,,,,,,0,0
12007,2026-06-26T09:56:53.230404000Z,Data,287,34,-26,920,2,0,0,0,0,0,0,1,0,0
12008,2026-06-26T09:56:53.721788000Z,S1G Beacon,129,34,-27,920,3,1,,,,,,,0,0
12009,2026-06-26T09:56:54.539214000Z,S1G Beacon,61,34,-28,920,3,1,,,,,,,0,0
12011,2026-06-26T09:56:54.781569000Z,QoS Data,148,34,-32,920,2,8,0,0,0,0,0,1,720,0
12013,2026-06-26T09:56:54.786853000Z,QoS Data,131,34,-28,920,2,8,1,0,0,0,0,1,720,0
12015,2026-06-26T09:56:54.789025000Z,QoS Data,131,34,-33,920,2,8,0,0,0,0,0,1,720,0
12016,2026-06-26T09:56:54.792612000Z,QoS Data,131,34,-32,920,2,8,0,0,1,0,0,1,720,0
12019,2026-06-26T09:56:55.041733000Z,QoS Data,128,34,-33,920,2,8,0,0,0,0,0,1,720,0
12020,2026-06-26T09:56:55.044954000Z,QoS Data,128,34,-32,920,2,8,0,0,1,0,0,1,720,0
12022,2026-06-26T09:56:55.360266000Z,S1G Beacon,129,34,-28,920,3,1,,,,,,,0,0
12024,2026-06-26T09:56:56.177652000Z,S1G Beacon,61,34,-28,920,3,1,,,,,,,0,0
12025,2026-06-26T09:56:56.254336000Z,Data,287,34,-27,920,2,0,0,0,0,0,0,1,0,0
12026,2026-06-26T09:56:56.998690000Z,S1G Beacon,129,34,-27,920,3,1,,,,,,,0,0
12027,2026-06-26T09:56:57.816130000Z,S1G Beacon,61,34,-27,920,3,1,,,,,,,0,0
12028,2026-06-26T09:56:58.637136000Z,S1G Beacon,129,34,-28,920,3,1,,,,,,,0,0
12029,2026-06-26T09:56:59.126051000Z,Deauthentication,64,34,-30,920,0,12,0,0,0,0,0,0,720,0
12030,2026-06-26T09:56:59.130039000Z,Deauthentication,64,34,-30,920,0,12,0,0,1,0,0,0,720,0
12031,2026-06-26T09:56:59.133714000Z,Deauthentication,64,34,-30,920,0,12,0,0,1,0,0,0,720,0
12032,2026-06-26T09:56:59.137508000Z,Deauthentication,64,34,-30,920,0,12,0,0,1,0,0,0,720,0
12033,2026-06-26T09:56:59.278415000Z,Data,287,34,-30,920,2,0,0,0,0,0,0,1,0,0
12034,2026-06-26T09:56:59.454567000Z,S1G Beacon,61,34,-33,920,3,1,,,,,,,0,0
12035,2026-06-26T09:56:59.805476000Z,QoS Data,149,34,-20,920,2,8,1,0,0,0,0,1,720,0
12037,2026-06-26T09:56:59.807828000Z,QoS Data,149,34,-34,920,2,8,0,0,0,0,0,1,720,0
12039,2026-06-26T09:56:59.813065000Z,QoS Data,131,34,-28,920,2,8,1,0,0,0,0,1,720,0
12041,2026-06-26T09:56:59.815220000Z,QoS Data,131,34,-35,920,2,8,0,0,0,0,0,1,720,0
12043,2026-06-26T09:57:00.039267000Z,QoS Data,128,34,-19,920,2,8,1,0,0,0,0,1,720,0
12045,2026-06-26T09:57:00.043939000Z,QoS Data,128,34,-36,920,2,8,0,0,0,0,0,1,720,0
12047,2026-06-26T09:57:00.275578000Z,S1G Beacon,129,34,-29,920,3,1,,,,,,,0,0
12048,2026-06-26T09:57:01.093012000Z,S1G Beacon,61,34,-28,920,3,1,,,,,,,0,0
12049,2026-06-26T09:57:01.914085000Z,S1G Beacon,129,34,-28,920,3,1,,,,,,,0,0
12050,2026-06-26T09:57:02.302470000Z,Data,287,34,-28,920,2,0,0,0,0,0,0,1,0,0
12051,2026-06-26T09:57:02.731457000Z,S1G Beacon,61,34,-16,920,3,1,,,,,,,0,0
12052,2026-06-26T09:57:03.552506000Z,S1G Beacon,129,34,-18,920,3,1,,,,,,,0,0
12053,2026-06-26T09:57:04.369918000Z,S1G Beacon,61,34,-28,920,3,1,,,,,,,0,0
12054,2026-06-26T09:57:04.828457000Z,QoS Data,149,34,-29,920,2,8,1,0,0,0,0,1,720,0
12056,2026-06-26T09:57:04.830865000Z,QoS Data,149,34,-35,920,2,8,0,0,0,0,0,1,720,0
12059,2026-06-26T09:57:04.838754000Z,QoS Data,131,34,-33,920,2,8,0,0,0,0,0,1,720,0
12060,2026-06-26T09:57:04.842589000Z,QoS Data,131,34,-34,920,2,8,0,0,1,0,0,1,720,0
12061,2026-06-26T09:57:05.040416000Z,QoS Data,128,34,-31,920,2,8,1,0,0,0,0,1,720,0
12063,2026-06-26T09:57:05.190932000Z,S1G Beacon,129,34,-20,920,3,1,,,,,,,0,0
12064,2026-06-26T09:57:05.326535000Z,Data,287,34,-19,920,2,0,0,0,0,0,0,1,0,0
12065,2026-06-26T09:57:06.008393000Z,S1G Beacon,61,34,-20,920,3,1,,,,,,,0,0
12066,2026-06-26T09:57:06.829396000Z,S1G Beacon,129,34,-23,920,3,1,,,,,,,0,0
12067,2026-06-26T09:57:07.313331000Z,Data,378,34,-19,920,2,0,0,0,0,0,0,1,0,0
12068,2026-06-26T09:57:07.417293000Z,Data,387,34,-20,920,2,0,0,0,0,0,0,1,0,0
12069,2026-06-26T09:57:07.522998000Z,Data,450,34,-19,920,2,0,0,0,0,0,0,1,0,0
12070,2026-06-26T09:57:07.939469000Z,Data,458,34,-19,920,2,0,0,0,0,0,0,1,0,0
12071,2026-06-26T09:57:08.250798000Z,Data,440,34,-19,920,2,0,0,0,0,0,0,1,0,0
12073,2026-06-26T09:57:08.362020000Z,Data,287,34,-21,920,2,0,0,0,0,0,0,1,0,0
12074,2026-06-26T09:57:08.458803000Z,Data,442,34,-19,920,2,0,0,0,0,0,0,1,0,0
12075,2026-06-26T09:57:08.467836000Z,S1G Beacon,129,34,-19,920,3,1,,,,,,,0,0
12076,2026-06-26T09:57:08.563162000Z,Data,452,34,-19,920,2,0,0,0,0,0,0,1,0,0
12077,2026-06-26T09:57:09.285287000Z,S1G Beacon,61,34,-20,920,3,1,,,,,,,0,0
12078,2026-06-26T09:57:09.854499000Z,QoS Data,149,34,-34,920,2,8,1,0,0,0,0,1,720,0
12080,2026-06-26T09:57:09.862344000Z,QoS Data,131,34,-34,920,2,8,1,0,0,0,0,1,720,0
12082,2026-06-26T09:57:10.038878000Z,QoS Data,128,34,-31,920,2,8,1,0,0,0,0,1,720,0
12084,2026-06-26T09:57:10.923715000Z,S1G Beacon,61,34,-29,920,3,1,,,,,,,0,0
12085,2026-06-26T09:57:11.374822000Z,Data,287,34,-29,920,2,0,0,0,0,0,0,1,0,0
12086,2026-06-26T09:57:11.744752000Z,S1G Beacon,129,34,-22,920,3,1,,,,,,,0,0
12087,2026-06-26T09:57:12.562192000Z,S1G Beacon,61,34,-31,920,3,1,,,,,,,0,0
12088,2026-06-26T09:57:13.383196000Z,S1G Beacon,129,34,-30,920,3,1,,,,,,,0,0
12089,2026-06-26T09:57:14.200642000Z,S1G Beacon,61,34,-35,920,3,1,,,,,,,0,0
12090,2026-06-26T09:57:14.399157000Z,Data,287,34,-31,920,2,0,0,0,0,0,0,1,0,0
12091,2026-06-26T09:57:14.876755000Z,QoS Data,148,34,-19,920,2,8,1,0,0,0,0,1,720,0
12093,2026-06-26T09:57:14.878907000Z,QoS Data,148,34,-34,920,2,8,0,0,0,0,0,1,720,0
12095,2026-06-26T09:57:14.884043000Z,QoS Data,131,34,-29,920,2,8,1,0,0,0,0,1,720,0
12097,2026-06-26T09:57:14.886632000Z,QoS Data,131,34,-34,920,2,8,0,0,0,0,0,1,720,0
12099,2026-06-26T09:57:15.021650000Z,S1G Beacon,129,34,-31,920,3,1,,,,,,,0,0
12100,2026-06-26T09:57:15.038868000Z,QoS Data,128,34,-18,920,2,8,1,0,0,0,0,1,720,0
12102,2026-06-26T09:57:15.040933000Z,QoS Data,128,34,-35,920,2,8,0,0,0,0,0,1,720,0
12104,2026-06-26T09:57:15.839060000Z,S1G Beacon,61,34,-19,920,3,1,,,,,,,0,0
12105,2026-06-26T09:57:16.660149000Z,S1G Beacon,129,34,-16,920,3,1,,,,,,,0,0
12106,2026-06-26T09:57:17.422961000Z,Data,287,34,-33,920,2,0,0,0,0,0,0,1,0,0
12107,2026-06-26T09:57:17.478032000Z,S1G Beacon,61,34,-31,920,3,1,,,,,,,0,0
12109,2026-06-26T09:57:19.903287000Z,QoS Data,148,34,-26,920,2,8,0,0,0,0,0,1,720,0
12111,2026-06-26T09:57:19.908451000Z,QoS Data,131,34,-28,920,2,8,1,0,0,0,0,1,720,0
12112,2026-06-26T09:57:19.910587000Z,QoS Data,131,34,-25,920,2,8,0,0,0,0,0,1,720,0
12114,2026-06-26T09:57:19.936982000Z,S1G Beacon,129,34,-19,920,3,1,,,,,,,0,0
12116,2026-06-26T09:57:20.041680000Z,QoS Data,128,34,-30,920,2,8,0,0,0,0,0,1,720,0
12118,2026-06-26T09:57:22.392868000Z,S1G Beacon,61,34,-26,920,3,1,,,,,,,0,0
12119,2026-06-26T09:57:23.471126000Z,Data,287,34,-26,920,2,0,0,0,0,0,0,1,0,0
12120,2026-06-26T09:57:24.032663000Z,S1G Beacon,61,34,-26,920,3,1,,,,,,,0,0
12121,2026-06-26T09:57:24.852360000Z,S1G Beacon,129,34,-27,920,3,1,,,,,,,0,0
12123,2026-06-26T09:57:24.924184000Z,QoS Data,148,34,-29,920,2,8,0,0,0,0,0,1,720,0
12125,2026-06-26T09:57:24.929315000Z,QoS Data,131,34,-27,920,2,8,1,0,0,0,0,1,720,0
12127,2026-06-26T09:57:24.931697000Z,QoS Data,131,34,-31,920,2,8,0,0,0,0,0,1,720,0
12130,2026-06-26T09:57:25.041361000Z,QoS Data,128,34,-29,920,2,8,0,0,0,0,0,1,720,0
12132,2026-06-26T09:57:25.669766000Z,S1G Beacon,61,34,-26,920,3,1,,,,,,,0,0
12133,2026-06-26T09:57:26.490826000Z,S1G Beacon,129,34,-22,920,3,1,,,,,,,0,0
12134,2026-06-26T09:57:27.308235000Z,S1G Beacon,61,34,-27,920,3,1,,,,,,,0,0
12135,2026-06-26T09:57:28.129240000Z,S1G Beacon,129,34,-27,920,3,1,,,,,,,0,0
12136,2026-06-26T09:57:28.313919000Z,Data,378,34,-28,920,2,0,0,0,0,0,0,1,0,0
12137,2026-06-26T09:57:28.418035000Z,Data,387,34,-26,920,2,0,0,0,0,0,0,1,0,0
12138,2026-06-26T09:57:28.523587000Z,Data,450,34,-27,920,2,0,0,0,0,0,0,1,0,0
12139,2026-06-26T09:57:28.627466000Z,Data,442,34,-27,920,2,0,0,0,0,0,0,1,0,0
12140,2026-06-26T09:57:28.729965000Z,Data,387,34,-28,920,2,0,0,0,0,0,0,1,0,0
12141,2026-06-26T09:57:28.835326000Z,Data,426,34,-28,920,2,0,0,0,0,0,0,1,0,0
12142,2026-06-26T09:57:28.939871000Z,Data,458,34,-28,920,2,0,0,0,0,0,0,1,0,0
12143,2026-06-26T09:57:28.946651000Z,S1G Beacon,61,34,-29,920,3,1,,,,,,,0,0
12144,2026-06-26T09:57:29.042103000Z,Data,387,34,-28,920,2,0,0,0,0,0,0,1,0,0
12145,2026-06-26T09:57:29.147540000Z,Data,446,34,-28,920,2,0,0,0,0,0,0,1,0,0
12146,2026-06-26T09:57:29.251451000Z,Data,440,34,-27,920,2,0,0,0,0,0,0,1,0,0
12147,2026-06-26T09:57:29.354089000Z,Data,387,34,-27,920,2,0,0,0,0,0,0,1,0,0
12148,2026-06-26T09:57:29.459422000Z,Data,442,34,-22,920,2,0,0,0,0,0,0,1,0,0
12149,2026-06-26T09:57:29.563793000Z,Data,452,34,-22,920,2,0,0,0,0,0,0,1,0,0
12150,2026-06-26T09:57:29.944150000Z,QoS Data,149,34,-21,920,2,8,1,0,0,0,0,1,720,0
12152,2026-06-26T09:57:29.954641000Z,QoS Data,131,34,-29,920,2,8,0,0,0,0,0,1,720,0
12155,2026-06-26T09:57:30.043090000Z,QoS Data,128,34,-31,920,2,8,0,0,0,0,0,1,720,0
12157,2026-06-26T09:57:30.585135000Z,S1G Beacon,61,34,-22,920,3,1,,,,,,,0,0
12158,2026-06-26T09:57:31.406168000Z,S1G Beacon,129,34,-28,920,3,1,,,,,,,0,0
12159,2026-06-26T09:57:32.223568000Z,S1G Beacon,61,34,-29,920,3,1,,,,,,,0,0
12160,2026-06-26T09:57:32.543330000Z,Data,287,34,-29,920,2,0,0,0,0,0,0,1,0,0
12161,2026-06-26T09:57:33.044608000Z,S1G Beacon,129,34,-28,920,3,1,,,,,,,0,0
12162,2026-06-26T09:57:33.862028000Z,S1G Beacon,61,34,-29,920,3,1,,,,,,,0,0
12163,2026-06-26T09:57:34.683056000Z,S1G Beacon,129,34,-29,920,3,1,,,,,,,0,0
12165,2026-06-26T09:57:34.968591000Z,QoS Data,148,34,-32,920,2,8,0,0,0,0,0,1,720,0
12168,2026-06-26T09:57:34.976050000Z,QoS Data,131,34,-31,920,2,8,0,0,0,0,0,1,720,0
12170,2026-06-26T09:57:35.039337000Z,QoS Data,128,34,-22,920,2,8,1,0,0,0,0,1,720,0
12172,2026-06-26T09:57:35.041712000Z,QoS Data,128,34,-31,920,2,8,0,0,0,0,0,1,720,0
12174,2026-06-26T09:57:35.500467000Z,S1G Beacon,61,34,-28,920,3,1,,,,,,,0,0
12175,2026-06-26T09:57:35.567446000Z,Data,287,34,-29,920,2,0,0,0,0,0,0,1,0,0
12176,2026-06-26T09:57:36.321499000Z,S1G Beacon,129,34,-28,920,3,1,,,,,,,0,0
12177,2026-06-26T09:57:37.138925000Z,S1G Beacon,61,34,-28,920,3,1,,,,,,,0,0
12178,2026-06-26T09:57:37.959962000Z,S1G Beacon,129,34,-31,920,3,1,,,,,,,0,0
12179,2026-06-26T09:57:38.591544000Z,Data,287,34,-29,920,2,0,0,0,0,0,0,1,0,0
12180,2026-06-26T09:57:38.777357000Z,S1G Beacon,61,34,-28,920,3,1,,,,,,,0,0
12181,2026-06-26T09:57:39.598408000Z,S1G Beacon,129,34,-28,920,3,1,,,,,,,0,0
12182,2026-06-26T09:57:39.988540000Z,QoS Data,148,34,-22,920,2,8,1,0,0,0,0,1,720,0
12185,2026-06-26T09:57:39.994700000Z,QoS Data,148,34,-36,920,2,8,0,0,1,0,0,1,720,0
12188,2026-06-26T09:57:39.999820000Z,QoS Data,131,34,-36,920,2,8,0,0,0,0,0,1,720,0
12191,2026-06-26T09:57:40.041627000Z,QoS Data,128,34,-34,920,2,8,0,0,0,0,0,1,720,0
12193,2026-06-26T09:57:40.415826000Z,S1G Beacon,61,34,-30,920,3,1,,,,,,,0,0
12194,2026-06-26T09:57:41.236937000Z,S1G Beacon,129,34,-29,920,3,1,,,,,,,0,0
12195,2026-06-26T09:57:41.615713000Z,Data,287,34,-28,920,2,0,0,0,0,0,0,1,0,0
12196,2026-06-26T09:57:42.054290000Z,S1G Beacon,61,34,-27,920,3,1,,,,,,,0,0
12197,2026-06-26T09:57:42.875298000Z,S1G Beacon,129,34,-27,920,3,1,,,,,,,0,0
12198,2026-06-26T09:57:43.692723000Z,S1G Beacon,61,34,-26,920,3,1,,,,,,,0,0
12199,2026-06-26T09:57:44.513747000Z,S1G Beacon,129,34,-29,920,3,1,,,,,,,0,0
12200,2026-06-26T09:57:44.639867000Z,Data,287,34,-28,920,2,0,0,0,0,0,0,1,0,0
12202,2026-06-26T09:57:45.016311000Z,QoS Data,149,34,-32,920,2,8,0,0,0,0,0,1,720,0
12205,2026-06-26T09:57:45.024707000Z,QoS Data,131,34,-31,920,2,8,0,0,0,0,0,1,720,0
12208,2026-06-26T09:57:45.041813000Z,QoS Data,128,34,-32,920,2,8,0,0,0,0,0,1,720,0
12210,2026-06-26T09:57:45.331184000Z,S1G Beacon,61,34,-28,920,3,1,,,,,,,0,0
12211,2026-06-26T09:57:46.152278000Z,S1G Beacon,129,34,-28,920,3,1,,,,,,,0,0
12212,2026-06-26T09:57:46.969623000Z,S1G Beacon,61,34,-27,920,3,1,,,,,,,0,0
12214,2026-06-26T09:57:47.663834000Z,Data,287,34,-27,920,2,0,0,0,0,0,0,1,0,0
12215,2026-06-26T09:57:47.790642000Z,S1G Beacon,129,34,-27,920,3,1,,,,,,,0,0
12216,2026-06-26T09:57:48.608064000Z,S1G Beacon,61,34,-27,920,3,1,,,,,,,0,0
12217,2026-06-26T09:57:49.314814000Z,Data,378,34,-37,920,2,0,0,0,0,0,0,1,0,0
12218,2026-06-26T09:57:49.418889000Z,Data,387,34,-45,920,2,0,0,0,0,0,0,1,0,0
12219,2026-06-26T09:57:49.429088000Z,S1G Beacon,129,34,-43,920,3,1,,,,,,,0,0
12220,2026-06-26T09:57:49.524228000Z,Data,450,34,-39,920,2,0,0,0,0,0,0,1,0,0
12221,2026-06-26T09:57:49.628065000Z,Data,442,34,-39,920,2,0,0,0,0,0,0,1,0,0
12222,2026-06-26T09:57:49.730660000Z,Data,387,34,-42,920,2,0,0,0,0,0,0,1,0,0
12223,2026-06-26T09:57:49.835619000Z,Data,426,34,-40,920,2,0,0,0,0,0,0,1,0,0
12224,2026-06-26T09:57:49.940523000Z,Data,458,34,-36,920,2,0,0,0,0,0,0,1,0,0
12225,2026-06-26T09:57:50.042840000Z,Data,387,34,-33,920,2,0,0,0,0,0,0,1,0,0
12226,2026-06-26T09:57:50.044367000Z,QoS Data,148,34,-37,920,2,8,1,0,0,0,0,1,720,0
12228,2026-06-26T09:57:50.047646000Z,QoS Data,148,34,-38,920,2,8,0,0,0,0,0,1,720,0
12230,2026-06-26T09:57:50.053254000Z,QoS Data,131,34,-16,920,2,8,1,0,0,0,0,1,720,0
12232,2026-06-26T09:57:50.055318000Z,QoS Data,131,34,-37,920,2,8,0,0,0,0,0,1,720,0
12235,2026-06-26T09:57:50.148152000Z,Data,446,34,-35,920,2,0,0,0,0,0,0,1,0,0
12236,2026-06-26T09:57:50.246521000Z,S1G Beacon,61,34,-41,920,3,1,,,,,,,0,0
12237,2026-06-26T09:57:50.259060000Z,Data,440,34,-39,920,2,0,0,0,0,0,0,1,0,0
12238,2026-06-26T09:57:50.289344000Z,QoS Data,128,34,-33,920,2,8,1,0,0,0,0,1,720,0
12241,2026-06-26T09:57:50.354784000Z,Data,387,34,-39,920,2,0,0,0,0,0,0,1,0,0
12242,2026-06-26T09:57:50.460006000Z,Data,442,34,-37,920,2,0,0,0,0,0,0,1,0,0
12243,2026-06-26T09:57:50.564346000Z,Data,452,34,-41,920,2,0,0,0,0,0,0,1,0,0
12244,2026-06-26T09:57:50.688671000Z,Data,287,34,-40,920,2,0,0,0,0,0,0,1,0,0
12245,2026-06-26T09:57:51.067546000Z,S1G Beacon,129,34,-39,920,3,1,,,,,,,0,0
12246,2026-06-26T09:57:51.884993000Z,S1G Beacon,61,34,-30,920,3,1,,,,,,,0,0
12247,2026-06-26T09:57:52.706024000Z,S1G Beacon,129,34,-31,920,3,1,,,,,,,0,0
12248,2026-06-26T09:57:53.523426000Z,S1G Beacon,61,34,-33,920,3,1,,,,,,,0,0
12249,2026-06-26T09:57:53.712102000Z,Data,287,34,-32,920,2,0,0,0,0,0,0,1,0,0
12251,2026-06-26T09:57:54.095760000Z,Data,132,34,-33,920,2,0,0,0,0,0,0,1,0,0
12252,2026-06-26T09:57:54.344440000Z,S1G Beacon,129,34,-32,920,3,1,,,,,,,0,0
12253,2026-06-26T09:57:54.400948000Z,Data,132,34,-34,920,2,0,0,0,0,0,0,1,0,0
12254,2026-06-26T09:57:55.066796000Z,QoS Data,149,34,-49,920,2,8,1,0,0,0,0,1,720,0
12256,2026-06-26T09:57:55.069148000Z,QoS Data,149,34,-41,920,2,8,0,0,0,0,0,1,720,0
12258,2026-06-26T09:57:55.075062000Z,QoS Data,131,34,-14,920,2,8,1,0,0,0,0,1,720,0
12260,2026-06-26T09:57:55.077079000Z,QoS Data,131,34,-41,920,2,8,0,0,0,0,0,1,720,0
12262,2026-06-26T09:57:55.161859000Z,S1G Beacon,61,34,-34,920,3,1,,,,,,,0,0
12263,2026-06-26T09:57:55.289394000Z,QoS Data,128,34,-30,920,2,8,1,0,0,0,0,1,720,0
12265,2026-06-26T09:57:55.292664000Z,QoS Data,128,34,-35,920,2,8,0,0,0,0,0,1,720,0
12267,2026-06-26T09:57:55.982904000Z,S1G Beacon,129,34,-33,920,3,1,,,,,,,0,0
12269,2026-06-26T09:57:56.736088000Z,Data,287,34,-32,920,2,0,0,0,0,0,0,1,0,0
12270,2026-06-26T09:57:56.800317000Z,S1G Beacon,61,34,-33,920,3,1,,,,,,,0,0
12271,2026-06-26T09:57:57.621378000Z,S1G Beacon,129,34,-39,920,3,1,,,,,,,0,0
12272,2026-06-26T09:57:58.438793000Z,S1G Beacon,61,34,-30,920,3,1,,,,,,,0,0
12273,2026-06-26T09:57:59.259802000Z,S1G Beacon,129,34,-28,920,3,1,,,,,,,0,0
12274,2026-06-26T09:57:59.760174000Z,Data,287,34,-28,920,2,0,0,0,0,0,0,1,0,0
12275,2026-06-26T09:58:00.077217000Z,S1G Beacon,61,34,-31,920,3,1,,,,,,,0,0
12278,2026-06-26T09:58:00.099074000Z,QoS Data,131,34,-11,920,2,8,1,0,0,0,0,1,720,0
12280,2026-06-26T09:58:00.101560000Z,QoS Data,131,34,-36,920,2,8,0,0,0,0,0,1,720,0
12283,2026-06-26T09:58:00.292201000Z,QoS Data,128,34,-35,920,2,8,0,0,0,0,0,1,720,0
12285,2026-06-26T09:58:00.401031000Z,Data,132,34,-31,920,2,0,0,0,0,0,0,1,0,0
12286,2026-06-26T09:58:00.898269000Z,S1G Beacon,129,34,-32,920,3,1,,,,,,,0,0
12287,2026-06-26T09:58:01.715677000Z,S1G Beacon,61,34,-33,920,3,1,,,,,,,0,0
12289,2026-06-26T09:58:02.536704000Z,S1G Beacon,129,34,-31,920,3,1,,,,,,,0,0
12290,2026-06-26T09:58:02.784750000Z,Data,287,34,-31,920,2,0,0,0,0,0,0,1,0,0
12291,2026-06-26T09:58:02.901213000Z,Data,132,34,-33,920,2,0,0,0,0,0,0,1,0,0
12292,2026-06-26T09:58:03.354114000Z,S1G Beacon,61,34,-35,920,3,1,,,,,,,0,0
12294,2026-06-26T09:58:04.175140000Z,S1G Beacon,129,34,-35,920,3,1,,,,,,,0,0
12296,2026-06-26T09:58:04.992580000Z,S1G Beacon,61,34,-34,920,3,1,,,,,,,0,0
12298,2026-06-26T09:58:05.116983000Z,QoS Data,149,34,-39,920,2,8,0,0,0,0,0,1,720,0
12300,2026-06-26T09:58:05.123729000Z,QoS Data,131,34,-10,920,2,8,1,0,0,0,0,1,720,0
12302,2026-06-26T09:58:05.125847000Z,QoS Data,131,34,-40,920,2,8,0,0,0,0,0,1,720,0
12303,2026-06-26T09:58:05.129118000Z,QoS Data,131,34,-39,920,2,8,0,0,1,0,0,1,720,0
12304,2026-06-26T09:58:05.135246000Z,QoS Data,131,34,-38,920,2,8,0,0,1,0,0,1,720,0
12307,2026-06-26T09:58:05.291552000Z,QoS Data,128,34,-39,920,2,8,0,0,0,0,0,1,720,0
12309,2026-06-26T09:58:05.813595000Z,S1G Beacon,129,34,-30,920,3,1,,,,,,,0,0
12310,2026-06-26T09:58:05.822029000Z,Data,287,34,-30,920,2,0,0,0,0,0,0,1,0,0
12311,2026-06-26T09:58:06.631033000Z,S1G Beacon,61,34,-40,920,3,1,,,,,,,0,0
12312,2026-06-26T09:58:07.452051000Z,S1G Beacon,129,34,-36,920,3,1,,,,,,,0,0
12313,2026-06-26T09:58:08.269487000Z,S1G Beacon,61,34,-38,920,3,1,,,,,,,0,0
12315,2026-06-26T09:58:08.832584000Z,Data,287,34,-30,920,2,0,0,0,0,0,0,1,0,0
12316,2026-06-26T09:58:09.090506000Z,S1G Beacon,129,34,-31,920,3,1,,,,,,,0,0
12317,2026-06-26T09:58:09.907920000Z,S1G Beacon,61,34,-33,920,3,1,,,,,,,0,0
12319,2026-06-26T09:58:10.149989000Z,QoS Data,148,34,-37,920,2,8,0,0,0,0,0,1,720,0
12321,2026-06-26T09:58:10.155790000Z,QoS Data,131,34,-11,920,2,8,1,0,0,0,0,1,720,0
12323,2026-06-26T09:58:10.158031000Z,QoS Data,131,34,-37,920,2,8,0,0,0,0,0,1,720,0
12326,2026-06-26T09:58:10.293287000Z,QoS Data,128,34,-37,920,2,8,0,0,0,0,0,1,720,0
12328,2026-06-26T09:58:10.315189000Z,Data,378,34,-33,920,2,0,0,0,0,0,0,1,0,0
12329,2026-06-26T09:58:10.419156000Z,Data,387,34,-35,920,2,0,0,0,0,0,0,1,0,0
12330,2026-06-26T09:58:10.524875000Z,Data,450,34,-34,920,2,0,0,0,0,0,0,1,0,0
12331,2026-06-26T09:58:10.628768000Z,Data,442,34,-38,920,2,0,0,0,0,0,0,1,0,0
12332,2026-06-26T09:58:10.728939000Z,S1G Beacon,129,34,-33,920,3,1,,,,,,,0,0
12333,2026-06-26T09:58:10.740077000Z,Data,387,34,-33,920,2,0,0,0,0,0,0,1,0,0
12334,2026-06-26T09:58:10.836390000Z,Data,426,34,-29,920,2,0,0,0,0,0,0,1,0,0
12335,2026-06-26T09:58:10.941156000Z,Data,458,34,-30,920,2,0,0,0,0,0,0,1,0,0
12336,2026-06-26T09:58:11.043283000Z,Data,387,34,-29,920,2,0,0,0,0,0,0,1,0,0
12337,2026-06-26T09:58:11.148787000Z,Data,446,34,-30,920,2,0,0,0,0,0,0,1,0,0
12338,2026-06-26T09:58:11.253021000Z,Data,440,34,-30,920,2,0,0,0,0,0,0,1,0,0
12339,2026-06-26T09:58:11.355317000Z,Data,387,34,-30,920,2,0,0,0,0,0,0,1,0,0
12340,2026-06-26T09:58:11.460676000Z,Data,442,34,-29,920,2,0,0,0,0,0,0,1,0,0
12341,2026-06-26T09:58:11.546388000Z,S1G Beacon,61,34,-29,920,3,1,,,,,,,0,0
12342,2026-06-26T09:58:11.565017000Z,Data,452,34,-28,920,2,0,0,0,0,0,0,1,0,0
12343,2026-06-26T09:58:11.856564000Z,Data,287,34,-28,920,2,0,0,0,0,0,0,1,0,0
12344,2026-06-26T09:58:12.367415000Z,S1G Beacon,129,34,-27,920,3,1,,,,,,,0,0
12345,2026-06-26T09:58:13.184829000Z,S1G Beacon,61,34,-27,920,3,1,,,,,,,0,0
12348,2026-06-26T09:58:15.180516000Z,QoS Data,131,34,-18,920,2,8,1,0,0,0,0,1,720,0
12351,2026-06-26T09:58:15.291606000Z,QoS Data,128,34,-30,920,2,8,0,0,0,0,0,1,720,0
12353,2026-06-26T09:58:15.644296000Z,S1G Beacon,129,34,-34,920,3,1,,,,,,,0,0
12354,2026-06-26T09:58:16.461760000Z,S1G Beacon,61,34,-28,920,3,1,,,,,,,0,0
12355,2026-06-26T09:58:17.282782000Z,S1G Beacon,129,34,-36,920,3,1,,,,,,,0,0
12356,2026-06-26T09:58:17.904872000Z,Data,287,34,-33,920,2,0,0,0,0,0,0,1,0,0
12357,2026-06-26T09:58:18.100173000Z,S1G Beacon,61,34,-37,920,3,1,,,,,,,0,0
12358,2026-06-26T09:58:18.921229000Z,S1G Beacon,129,34,-31,920,3,1,,,,,,,0,0
12360,2026-06-26T09:58:19.738985000Z,S1G Beacon,61,34,-28,920,3,1,,,,,,,0,0
12362,2026-06-26T09:58:20.199229000Z,QoS Data,149,34,-30,920,2,8,0,0,0,0,0,1,720,0
12364,2026-06-26T09:58:20.206081000Z,QoS Data,131,34,-10,920,2,8,1,0,0,0,0,1,720,0
12366,2026-06-26T09:58:20.208266000Z,QoS Data,131,34,-29,920,2,8,0,0,0,0,0,1,720,0
12369,2026-06-26T09:58:20.291286000Z,QoS Data,128,34,-31,920,2,8,0,0,0,0,0,1,720,0
12370,2026-06-26T09:58:20.294659000Z,QoS Data,128,34,-31,920,2,8,0,0,1,0,0,1,720,0
12372,2026-06-26T09:58:20.559685000Z,S1G Beacon,129,34,-29,920,3,1,,,,,,,0,0
12373,2026-06-26T09:58:20.928829000Z,Data,287,34,-27,920,2,0,0,0,0,0,0,1,0,0
12374,2026-06-26T09:58:21.377074000Z,S1G Beacon,61,34,-28,920,3,1,,,,,,,0,0
12376,2026-06-26T09:58:22.198097000Z,S1G Beacon,129,34,-30,920,3,1,,,,,,,0,0
12377,2026-06-26T09:58:23.015550000Z,S1G Beacon,61,34,-30,920,3,1,,,,,,,0,0
12378,2026-06-26T09:58:23.836555000Z,S1G Beacon,129,34,-31,920,3,1,,,,,,,0,0
12379,2026-06-26T09:58:23.952916000Z,Data,287,34,-31,920,2,0,0,0,0,0,0,1,0,0
12380,2026-06-26T09:58:24.653982000Z,S1G Beacon,61,34,-31,920,3,1,,,,,,,0,0
12381,2026-06-26T09:58:25.220463000Z,QoS Data,149,34,-18,920,2,8,1,0,0,0,0,1,720,0
12383,2026-06-26T09:58:25.222795000Z,QoS Data,149,34,-38,920,2,8,0,0,0,0,0,1,720,0
12385,2026-06-26T09:58:25.228502000Z,QoS Data,131,34,-11,920,2,8,1,0,0,0,0,1,720,0
12387,2026-06-26T09:58:25.230607000Z,QoS Data,131,34,-37,920,2,8,0,0,0,0,0,1,720,0
12388,2026-06-26T09:58:25.235196000Z,QoS Data,131,34,-37,920,2,8,0,0,1,0,0,1,720,0
12389,2026-06-26T09:58:25.290200000Z,QoS Data,128,34,-19,920,2,8,1,0,0,0,0,1,720,0
12391,2026-06-26T09:58:25.292267000Z,QoS Data,128,34,-39,920,2,8,0,0,0,0,0,1,720,0
12393,2026-06-26T09:58:25.474995000Z,S1G Beacon,129,34,-33,920,3,1,,,,,,,0,0
12394,2026-06-26T09:58:26.292442000Z,S1G Beacon,61,34,-33,920,3,1,,,,,,,0,0
12395,2026-06-26T09:58:26.977025000Z,Data,287,34,-34,920,2,0,0,0,0,0,0,1,0,0
12396,2026-06-26T09:58:27.113449000Z,S1G Beacon,129,34,-34,920,3,1,,,,,,,0,0
12397,2026-06-26T09:58:27.930889000Z,S1G Beacon,61,34,-37,920,3,1,,,,,,,0,0
12398,2026-06-26T09:58:28.751909000Z,S1G Beacon,129,34,-28,920,3,1,,,,,,,0,0
12399,2026-06-26T09:58:29.569335000Z,S1G Beacon,61,34,-32,920,3,1,,,,,,,0,0
12400,2026-06-26T09:58:30.002105000Z,Data,287,34,-33,920,2,0,0,0,0,0,0,1,0,0
12401,2026-06-26T09:58:30.247795000Z,QoS Data,150,34,-30,920,2,8,1,0,0,0,0,1,720,0
12403,2026-06-26T09:58:30.250517000Z,QoS Data,150,34,-32,920,2,8,0,0,0,0,0,1,720,0
12404,2026-06-26T09:58:30.256275000Z,QoS Data,131,34,-15,920,2,8,1,0,0,0,0,1,720,0
12406,2026-06-26T09:58:30.258932000Z,QoS Data,131,34,-31,920,2,8,0,0,0,0,0,1,720,0
12408,2026-06-26T09:58:30.291988000Z,QoS Data,128,34,-25,920,2,8,1,0,1,0,0,1,720,0
12411,2026-06-26T09:58:30.390358000Z,S1G Beacon,129,34,-27,920,3,1,,,,,,,0,0
12412,2026-06-26T09:58:31.207790000Z,S1G Beacon,61,34,-30,920,3,1,,,,,,,0,0
12413,2026-06-26T09:58:31.316212000Z,Data,378,34,-29,920,2,0,0,0,0,0,0,1,0,0
12414,2026-06-26T09:58:31.420386000Z,Data,387,34,-31,920,2,0,0,0,0,0,0,1,0,0
12415,2026-06-26T09:58:31.525461000Z,Data,450,34,-36,920,2,0,0,0,0,0,0,1,0,0
12416,2026-06-26T09:58:31.629344000Z,Data,442,34,-41,920,2,0,0,0,0,0,0,1,0,0
12417,2026-06-26T09:58:31.732104000Z,Data,387,34,-39,920,2,0,0,0,0,0,0,1,0,0
12418,2026-06-26T09:58:31.836930000Z,Data,426,34,-33,920,2,0,0,0,0,0,0,1,0,0
12419,2026-06-26T09:58:31.941755000Z,Data,458,34,-29,920,2,0,0,0,0,0,0,1,0,0
12420,2026-06-26T09:58:32.028796000Z,S1G Beacon,129,34,-32,920,3,1,,,,,,,0,0
12421,2026-06-26T09:58:32.043886000Z,Data,387,34,-31,920,2,0,0,0,0,0,0,1,0,0
12422,2026-06-26T09:58:32.149345000Z,Data,446,34,-37,920,2,0,0,0,0,0,0,1,0,0
12423,2026-06-26T09:58:32.253666000Z,Data,440,34,-30,920,2,0,0,0,0,0,0,1,0,0
12424,2026-06-26T09:58:32.355954000Z,Data,387,34,-30,920,2,0,0,0,0,0,0,1,0,0
12425,2026-06-26T09:58:32.461309000Z,Data,442,34,-30,920,2,0,0,0,0,0,0,1,0,0
12426,2026-06-26T09:58:32.565608000Z,Data,452,34,-28,920,2,0,0,0,0,0,0,1,0,0
12427,2026-06-26T09:58:32.846220000Z,S1G Beacon,61,34,-27,920,3,1,,,,,,,0,0
12428,2026-06-26T09:58:33.667275000Z,S1G Beacon,129,34,-28,920,3,1,,,,,,,0,0
12429,2026-06-26T09:58:34.484701000Z,S1G Beacon,61,34,-20,920,3,1,,,,,,,0,0
12431,2026-06-26T09:58:35.282450000Z,QoS Data,131,34,-15,920,2,8,1,0,1,0,0,1,720,0
12432,2026-06-26T09:58:35.285065000Z,QoS Data,131,34,-28,920,2,8,0,0,0,0,0,1,720,0
12435,2026-06-26T09:58:35.541238000Z,QoS Data,128,34,-30,920,2,8,0,0,0,0,0,1,720,0
12437,2026-06-26T09:58:36.123147000Z,S1G Beacon,61,34,-21,920,3,1,,,,,,,0,0
12438,2026-06-26T09:58:36.944167000Z,S1G Beacon,129,34,-20,920,3,1,,,,,,,0,0
12439,2026-06-26T09:58:37.761593000Z,S1G Beacon,61,34,-20,920,3,1,,,,,,,0,0
12440,2026-06-26T09:58:38.582613000Z,S1G Beacon,129,34,-22,920,3,1,,,,,,,0,0
12441,2026-06-26T09:58:39.073380000Z,Data,287,34,-24,920,2,0,0,0,0,0,0,1,0,0
12442,2026-06-26T09:58:39.400042000Z,S1G Beacon,61,34,-20,920,3,1,,,,,,,0,0
12443,2026-06-26T09:58:40.221059000Z,S1G Beacon,129,34,-21,920,3,1,,,,,,,0,0
12444,2026-06-26T09:58:40.298158000Z,QoS Data,148,34,-28,920,2,8,1,0,0,0,0,1,720,0
12446,2026-06-26T09:58:40.308018000Z,QoS Data,131,34,-16,920,2,8,1,0,0,0,0,1,720,0
12447,2026-06-26T09:58:40.310428000Z,QoS Data,131,34,-27,920,2,8,0,0,0,0,0,1,720,0
12449,2026-06-26T09:58:40.539020000Z,QoS Data,128,34,-28,920,2,8,1,0,0,0,0,1,720,0
12451,2026-06-26T09:58:41.859517000Z,S1G Beacon,129,34,-31,920,3,1,,,,,,,0,0
12452,2026-06-26T09:58:42.097548000Z,Data,287,34,-32,920,2,0,0,0,0,0,0,1,0,0
12453,2026-06-26T09:58:42.676947000Z,S1G Beacon,61,34,-36,920,3,1,,,,,,,0,0
12454,2026-06-26T09:58:43.497975000Z,S1G Beacon,129,34,-35,920,3,1,,,,,,,0,0
12455,2026-06-26T09:58:44.315381000Z,S1G Beacon,61,34,-35,920,3,1,,,,,,,0,0
12456,2026-06-26T09:58:45.121565000Z,Data,287,34,-35,920,2,0,0,0,0,0,0,1,0,0
12457,2026-06-26T09:58:45.136402000Z,S1G Beacon,129,34,-37,920,3,1,,,,,,,0,0
12458,2026-06-26T09:58:45.322246000Z,QoS Data,148,34,-22,920,2,8,1,0,0,0,0,1,720,0
12460,2026-06-26T09:58:45.325334000Z,QoS Data,148,34,-40,920,2,8,0,0,0,0,0,1,720,0
12462,2026-06-26T09:58:45.331040000Z,QoS Data,131,34,-16,920,2,8,1,0,0,0,0,1,720,0
12464,2026-06-26T09:58:45.333639000Z,QoS Data,131,34,-40,920,2,8,0,0,0,0,0,1,720,0
12467,2026-06-26T09:58:45.541895000Z,QoS Data,128,34,-41,920,2,8,0,0,0,0,0,1,720,0
12469,2026-06-26T09:58:45.953850000Z,S1G Beacon,61,34,-38,920,3,1,,,,,,,0,0
12470,2026-06-26T09:58:46.774879000Z,S1G Beacon,129,34,-33,920,3,1,,,,,,,0,0
12472,2026-06-26T09:58:47.592298000Z,S1G Beacon,61,34,-27,920,3,1,,,,,,,0,0
12473,2026-06-26T09:58:48.145619000Z,Data,287,34,-31,920,2,0,0,0,0,0,0,1,0,0
12474,2026-06-26T09:58:48.413309000Z,S1G Beacon,129,34,-31,920,3,1,,,,,,,0,0
12475,2026-06-26T09:58:49.230761000Z,S1G Beacon,61,34,-30,920,3,1,,,,,,,0,0
12476,2026-06-26T09:58:50.051793000Z,S1G Beacon,129,34,-29,920,3,1,,,,,,,0,0
12478,2026-06-26T09:58:50.347976000Z,QoS Data,148,34,-36,920,2,8,0,0,0,0,0,1,720,0
12480,2026-06-26T09:58:50.353720000Z,QoS Data,131,34,-16,920,2,8,1,0,0,0,0,1,720,0
12482,2026-06-26T09:58:50.355975000Z,QoS Data,131,34,-35,920,2,8,0,0,0,0,0,1,720,0
12485,2026-06-26T09:58:50.543202000Z,QoS Data,128,34,-35,920,2,8,0,0,0,0,0,1,720,0
12487,2026-06-26T09:58:50.545225000Z,QoS Data,128,34,-35,920,2,8,0,0,1,0,0,1,720,0
12489,2026-06-26T09:58:50.869198000Z,S1G Beacon,61,34,-31,920,3,1,,,,,,,0,0
12490,2026-06-26T09:58:51.169727000Z,Data,287,34,-29,920,2,0,0,0,0,0,0,1,0,0
12491,2026-06-26T09:58:51.690233000Z,S1G Beacon,129,34,-31,920,3,1,,,,,,,0,0
12492,2026-06-26T09:58:52.316485000Z,Data,378,34,-29,920,2,0,0,0,0,0,0,1,0,0
12493,2026-06-26T09:58:52.420415000Z,Data,387,34,-29,920,2,0,0,0,0,0,0,1,0,0
12494,2026-06-26T09:58:52.507624000Z,S1G Beacon,61,34,-30,920,3,1,,,,,,,0,0
12495,2026-06-26T09:58:52.527052000Z,Data,450,34,-30,920,2,0,0,0,0,0,0,1,0,0
12496,2026-06-26T09:58:52.629984000Z,Data,442,34,-29,920,2,0,0,0,0,0,0,1,0,0
12497,2026-06-26T09:58:52.837483000Z,Data,426,34,-19,920,2,0,0,0,0,0,0,1,0,0
12498,2026-06-26T09:58:53.149962000Z,Data,446,34,-21,920,2,0,0,0,0,0,0,1,0,0
12499,2026-06-26T09:58:53.253881000Z,Data,440,34,-20,920,2,0,0,0,0,0,0,1,0,0
12500,2026-06-26T09:58:53.328651000Z,S1G Beacon,129,34,-20,920,3,1,,,,,,,0,0
12501,2026-06-26T09:58:53.356512000Z,Data,387,34,-19,920,2,0,0,0,0,0,0,1,0,0
12502,2026-06-26T09:58:53.461915000Z,Data,442,34,-19,920,2,0,0,0,0,0,0,1,0,0
12503,2026-06-26T09:58:53.566274000Z,Data,452,34,-19,920,2,0,0,0,0,0,0,1,0,0
12504,2026-06-26T09:58:54.146080000Z,S1G Beacon,61,34,-20,920,3,1,,,,,,,0,0
12505,2026-06-26T09:58:54.193797000Z,Data,287,34,-20,920,2,0,0,0,0,0,0,1,0,0
12507,2026-06-26T09:58:55.368650000Z,QoS Data,148,34,-22,920,2,8,1,0,0,0,0,1,720,0
12509,2026-06-26T09:58:55.370755000Z,QoS Data,148,34,-31,920,2,8,0,0,0,0,0,1,720,0
12511,2026-06-26T09:58:55.376405000Z,QoS Data,131,34,-17,920,2,8,1,0,0,0,0,1,720,0
12513,2026-06-26T09:58:55.378597000Z,QoS Data,131,34,-31,920,2,8,0,0,0,0,0,1,720,0
12515,2026-06-26T09:58:55.540459000Z,QoS Data,128,34,-20,920,2,8,1,0,0,0,0,1,720,0
12517,2026-06-26T09:58:55.543151000Z,QoS Data,128,34,-37,920,2,8,0,0,0,0,0,1,720,0
12519,2026-06-26T09:58:55.784530000Z,S1G Beacon,61,34,-37,920,3,1,,,,,,,0,0
12521,2026-06-26T09:58:56.605558000Z,S1G Beacon,129,34,-39,920,3,1,,,,,,,0,0
12522,2026-06-26T09:58:57.217956000Z,Data,287,34,-46,920,2,0,0,0,0,0,0,1,0,0
12523,2026-06-26T09:58:57.422992000Z,S1G Beacon,61,34,-45,920,3,1,,,,,,,0,0
12524,2026-06-26T09:58:58.244026000Z,S1G Beacon,129,34,-38,920,3,1,,,,,,,0,0
12525,2026-06-26T09:58:59.061449000Z,S1G Beacon,61,34,-36,920,3,1,,,,,,,0,0
12526,2026-06-26T09:58:59.882484000Z,S1G Beacon,129,34,-31,920,3,1,,,,,,,0,0
12527,2026-06-26T09:59:00.242025000Z,Data,287,34,-33,920,2,0,0,0,0,0,0,1,0,0
12528,2026-06-26T09:59:00.391637000Z,QoS Data,148,34,-19,920,2,8,1,0,0,0,0,1,720,0
12530,2026-06-26T09:59:00.393946000Z,QoS Data,148,34,-37,920,2,8,0,0,0,0,0,1,720,0
12532,2026-06-26T09:59:00.399547000Z,QoS Data,131,34,-16,920,2,8,1,0,0,0,0,1,720,0
12534,2026-06-26T09:59:00.402355000Z,QoS Data,131,34,-38,920,2,8,0,0,0,0,0,1,720,0
12536,2026-06-26T09:59:00.540466000Z,QoS Data,128,34,-21,920,2,8,1,0,0,0,0,1,720,0
12537,2026-06-26T09:59:00.543046000Z,QoS Data,128,34,-38,920,2,8,0,0,0,0,0,1,720,0
12539,2026-06-26T09:59:00.699874000Z,S1G Beacon,61,34,-31,920,3,1,,,,,,,0,0
12540,2026-06-26T09:59:01.520938000Z,S1G Beacon,129,34,-20,920,3,1,,,,,,,0,0
12541,2026-06-26T09:59:02.338594000Z,S1G Beacon,61,34,-27,920,3,1,,,,,,,0,0
12542,2026-06-26T09:59:03.159375000Z,S1G Beacon,129,34,-23,920,3,1,,,,,,,0,0
12543,2026-06-26T09:59:03.976783000Z,S1G Beacon,61,34,-27,920,3,1,,,,,,,0,0
12544,2026-06-26T09:59:04.797823000Z,S1G Beacon,129,34,-21,920,3,1,,,,,,,0,0
12545,2026-06-26T09:59:05.415783000Z,QoS Data,148,34,-28,920,2,8,1,0,0,0,0,1,720,0
12547,2026-06-26T09:59:05.418610000Z,QoS Data,148,34,-27,920,2,8,0,0,0,0,0,1,720,0
12549,2026-06-26T09:59:05.425405000Z,QoS Data,131,34,-17,920,2,8,1,0,0,0,0,1,720,0
12551,2026-06-26T09:59:05.427955000Z,QoS Data,131,34,-26,920,2,8,0,0,0,0,0,1,720,0
12553,2026-06-26T09:59:05.540477000Z,QoS Data,128,34,-28,920,2,8,1,0,0,0,0,1,720,0
12554,2026-06-26T09:59:05.542872000Z,QoS Data,128,34,-25,920,2,8,0,0,0,0,0,1,720,0
12556,2026-06-26T09:59:05.615236000Z,S1G Beacon,61,34,-21,920,3,1,,,,,,,0,0
12557,2026-06-26T09:59:06.290374000Z,Data,287,34,-21,920,2,0,0,0,0,0,0,1,0,0
12558,2026-06-26T09:59:07.253693000Z,S1G Beacon,61,34,-24,920,3,1,,,,,,,0,0
12559,2026-06-26T09:59:08.074747000Z,S1G Beacon,129,34,-30,920,3,1,,,,,,,0,0
12561,2026-06-26T09:59:08.892144000Z,S1G Beacon,61,34,-33,920,3,1,,,,,,,0,0
12562,2026-06-26T09:59:09.315049000Z,Data,287,34,-33,920,2,0,0,0,0,0,0,1,0,0
12563,2026-06-26T09:59:09.713166000Z,S1G Beacon,129,34,-34,920,3,1,,,,,,,0,0
12564,2026-06-26T09:59:10.440931000Z,QoS Data,116,34,-22,920,2,8,1,0,0,0,0,1,720,0
12567,2026-06-26T09:59:10.445615000Z,QoS Data,124,42,-36,920,2,8,0,0,0,0,0,1,720,0
12568,2026-06-26T09:59:10.445780000Z,QoS Data,157,42,-36,920,2,8,0,0,0,0,0,1,720,0
12569,2026-06-26T09:59:10.450338000Z,QoS Data,124,42,-38,920,2,8,0,0,1,0,0,1,720,0
12570,2026-06-26T09:59:10.450481000Z,QoS Data,157,42,-38,920,2,8,0,0,1,0,0,1,720,0
12572,2026-06-26T09:59:10.453012000Z,QoS Data,149,34,-38,920,2,8,0,0,1,0,0,1,720,0
12574,2026-06-26T09:59:10.455656000Z,QoS Data,116,34,-17,920,2,8,1,0,0,0,0,1,720,0
12577,2026-06-26T09:59:10.460519000Z,QoS Data,131,34,-16,920,2,8,1,0,0,0,0,1,720,0
12579,2026-06-26T09:59:10.463660000Z,QoS Data,131,34,-37,920,2,8,0,0,0,0,0,1,720,0
12581,2026-06-26T09:59:10.530576000Z,S1G Beacon,61,34,-32,920,3,1,,,,,,,0,0
12583,2026-06-26T09:59:10.542576000Z,QoS Data,128,34,-37,920,2,8,0,0,0,0,0,1,720,0
12585,2026-06-26T09:59:11.351628000Z,S1G Beacon,129,34,-33,920,3,1,,,,,,,0,0
12586,2026-06-26T09:59:12.169062000Z,S1G Beacon,61,34,-33,920,3,1,,,,,,,0,0
12587,2026-06-26T09:59:12.338326000Z,Data,287,34,-35,920,2,0,0,0,0,0,0,1,0,0
12588,2026-06-26T09:59:12.990071000Z,S1G Beacon,129,34,-30,920,3,1,,,,,,,0,0
12589,2026-06-26T09:59:13.317192000Z,Data,378,34,-31,920,2,0,0,0,0,0,0,1,0,0
12590,2026-06-26T09:59:13.421076000Z,Data,387,34,-29,920,2,0,0,0,0,0,0,1,0,0
12591,2026-06-26T09:59:13.527338000Z,Data,450,34,-31,920,2,0,0,0,0,0,0,1,0,0
12592,2026-06-26T09:59:13.630588000Z,Data,442,34,-31,920,2,0,0,0,0,0,0,1,0,0
12593,2026-06-26T09:59:13.733168000Z,Data,387,34,-31,920,2,0,0,0,0,0,0,1,0,0
12594,2026-06-26T09:59:13.807480000Z,S1G Beacon,61,34,-31,920,3,1,,,,,,,0,0
12595,2026-06-26T09:59:13.838074000Z,Data,426,34,-30,920,2,0,0,0,0,0,0,1,0,0
12596,2026-06-26T09:59:13.943002000Z,Data,458,34,-30,920,2,0,0,0,0,0,0,1,0,0
12597,2026-06-26T09:59:14.045183000Z,Data,387,34,-29,920,2,0,0,0,0,0,0,1,0,0
12598,2026-06-26T09:59:14.150641000Z,Data,446,34,-28,920,2,0,0,0,0,0,0,1,0,0
12599,2026-06-26T09:59:14.254503000Z,Data,440,34,-31,920,2,0,0,0,0,0,0,1,0,0
12600,2026-06-26T09:59:14.357207000Z,Data,387,34,-36,920,2,0,0,0,0,0,0,1,0,0
12601,2026-06-26T09:59:14.462653000Z,Data,442,34,-38,920,2,0,0,0,0,0,0,1,0,0
12602,2026-06-26T09:59:14.566924000Z,Data,452,34,-38,920,2,0,0,0,0,0,0,1,0,0
12603,2026-06-26T09:59:14.628511000Z,S1G Beacon,129,34,-37,920,3,1,,,,,,,0,0
12604,2026-06-26T09:59:15.362452000Z,Data,287,34,-34,920,2,0,0,0,0,0,0,1,0,0
12605,2026-06-26T09:59:15.445931000Z,S1G Beacon,61,34,-37,920,3,1,,,,,,,0,0
12607,2026-06-26T09:59:15.478341000Z,QoS Data,149,34,-40,920,2,8,0,0,0,0,0,1,720,0
12608,2026-06-26T09:59:15.483470000Z,QoS Data,131,34,-19,920,2,8,1,0,0,0,0,1,720,0
12610,2026-06-26T09:59:15.486300000Z,QoS Data,131,34,-41,920,2,8,0,0,0,0,0,1,720,0
12613,2026-06-26T09:59:15.543600000Z,QoS Data,128,34,-42,920,2,8,0,0,0,0,0,1,720,0
12615,2026-06-26T09:59:16.266993000Z,S1G Beacon,129,34,-37,920,3,1,,,,,,,0,0
12616,2026-06-26T09:59:17.084390000Z,S1G Beacon,61,34,-42,920,3,1,,,,,,,0,0
12617,2026-06-26T09:59:17.905426000Z,S1G Beacon,129,34,-43,920,3,1,,,,,,,0,0
12618,2026-06-26T09:59:18.386559000Z,Data,287,34,-44,920,2,0,0,0,0,0,0,1,0,0
12619,2026-06-26T09:59:18.722861000Z,S1G Beacon,61,34,-45,920,3,1,,,,,,,0,0
12620,2026-06-26T09:59:19.543993000Z,S1G Beacon,129,34,-39,920,3,1,,,,,,,0,0
12621,2026-06-26T09:59:20.361314000Z,S1G Beacon,61,34,-38,920,3,1,,,,,,,0,0
12622,2026-06-26T09:59:20.498663000Z,QoS Data,148,34,-28,920,2,8,1,0,0,0,0,1,720,0
12624,2026-06-26T09:59:20.500818000Z,QoS Data,148,34,-43,920,2,8,0,0,0,0,0,1,720,0
12626,2026-06-26T09:59:20.506047000Z,QoS Data,131,34,-18,920,2,8,1,0,0,0,0,1,720,0
12628,2026-06-26T09:59:20.508669000Z,QoS Data,131,34,-43,920,2,8,0,0,0,0,0,1,720,0
12631,2026-06-26T09:59:20.542814000Z,QoS Data,128,34,-43,920,2,8,0,0,0,0,0,1,720,0
12633,2026-06-26T09:59:21.182324000Z,S1G Beacon,129,34,-36,920,3,1,,,,,,,0,0
12634,2026-06-26T09:59:21.410603000Z,Data,287,34,-39,920,2,0,0,0,0,0,0,1,0,0
12635,2026-06-26T09:59:21.999745000Z,S1G Beacon,61,34,-36,920,3,1,,,,,,,0,0
12636,2026-06-26T09:59:22.820786000Z,S1G Beacon,129,34,-31,920,3,1,,,,,,,0,0
12637,2026-06-26T09:59:23.638189000Z,S1G Beacon,61,34,-35,920,3,1,,,,,,,0,0
12638,2026-06-26T09:59:24.434975000Z,Data,287,34,-37,920,2,0,0,0,0,0,0,1,0,0
12639,2026-06-26T09:59:24.459209000Z,S1G Beacon,129,34,-38,920,3,1,,,,,,,0,0
12640,2026-06-26T09:59:25.276636000Z,S1G Beacon,61,34,-35,920,3,1,,,,,,,0,0
12642,2026-06-26T09:59:25.523124000Z,QoS Data,148,34,-40,920,2,8,0,0,0,0,0,1,720,0
12644,2026-06-26T09:59:25.528463000Z,QoS Data,131,34,-17,920,2,8,1,0,0,0,0,1,720,0
12646,2026-06-26T09:59:25.530663000Z,QoS Data,131,34,-40,920,2,8,0,0,0,0,0,1,720,0
12649,2026-06-26T09:59:25.543068000Z,QoS Data,128,34,-42,920,2,8,0,0,0,0,0,1,720,0
12651,2026-06-26T09:59:26.097668000Z,S1G Beacon,129,34,-37,920,3,1,,,,,,,0,0
12652,2026-06-26T09:59:26.915102000Z,S1G Beacon,61,34,-36,920,3,1,,,,,,,0,0
12653,2026-06-26T09:59:27.459230000Z,Data,287,34,-29,920,2,0,0,0,0,0,0,1,0,0
12654,2026-06-26T09:59:27.736632000Z,S1G Beacon,129,34,-35,920,3,1,,,,,,,0,0
12655,2026-06-26T09:59:28.553562000Z,S1G Beacon,61,34,-31,920,3,1,,,,,,,0,0
12656,2026-06-26T09:59:29.374573000Z,S1G Beacon,129,34,-34,920,3,1,,,,,,,0,0
12657,2026-06-26T09:59:30.192010000Z,S1G Beacon,61,34,-28,920,3,1,,,,,,,0,0
12658,2026-06-26T09:59:30.482940000Z,Data,287,34,-28,920,2,0,0,0,0,0,0,1,0,0
12659,2026-06-26T09:59:30.543581000Z,QoS Data,149,34,-18,920,2,8,1,0,0,0,0,1,720,0
12662,2026-06-26T09:59:30.552591000Z,QoS Data,131,34,-16,920,2,8,1,0,0,0,0,1,720,0
12664,2026-06-26T09:59:30.554886000Z,QoS Data,131,34,-31,920,2,8,0,0,0,0,0,1,720,0
12666,2026-06-26T09:59:30.790481000Z,QoS Data,128,34,-18,920,2,8,1,0,0,0,0,1,720,0
12668,2026-06-26T09:59:30.793215000Z,QoS Data,128,34,-30,920,2,8,0,0,0,0,0,1,720,0
12670,2026-06-26T09:59:31.013020000Z,S1G Beacon,129,34,-29,920,3,1,,,,,,,0,0
12671,2026-06-26T09:59:31.830446000Z,S1G Beacon,61,34,-33,920,3,1,,,,,,,0,0
12672,2026-06-26T09:59:32.651485000Z,S1G Beacon,129,34,-28,920,3,1,,,,,,,0,0
12673,2026-06-26T09:59:33.468913000Z,S1G Beacon,61,34,-32,920,3,1,,,,,,,0,0
12674,2026-06-26T09:59:33.507019000Z,Data,287,34,-32,920,2,0,0,0,0,0,0,1,0,0
12675,2026-06-26T09:59:34.289920000Z,S1G Beacon,129,34,-30,920,3,1,,,,,,,0,0
12676,2026-06-26T09:59:34.317832000Z,Data,378,34,-30,920,2,0,0,0,0,0,0,1,0,0
12677,2026-06-26T09:59:34.421639000Z,Data,387,34,-31,920,2,0,0,0,0,0,0,1,0,0
12678,2026-06-26T09:59:34.527334000Z,Data,450,34,-30,920,2,0,0,0,0,0,0,1,0,0
12679,2026-06-26T09:59:34.631492000Z,Data,442,34,-30,920,2,0,0,0,0,0,0,1,0,0
12680,2026-06-26T09:59:34.734184000Z,Data,387,34,-30,920,2,0,0,0,0,0,0,1,0,0
12681,2026-06-26T09:59:34.838679000Z,Data,426,34,-31,920,2,0,0,0,0,0,0,1,0,0
12682,2026-06-26T09:59:34.943638000Z,Data,458,34,-28,920,2,0,0,0,0,0,0,1,0,0
12683,2026-06-26T09:59:35.045920000Z,Data,387,34,-28,920,2,0,0,0,0,0,0,1,0,0
12684,2026-06-26T09:59:35.107339000Z,S1G Beacon,61,34,-28,920,3,1,,,,,,,0,0
12685,2026-06-26T09:59:35.151358000Z,Data,446,34,-28,920,2,0,0,0,0,0,0,1,0,0
12686,2026-06-26T09:59:35.255180000Z,Data,440,34,-28,920,2,0,0,0,0,0,0,1,0,0
12687,2026-06-26T09:59:35.357906000Z,Data,387,34,-29,920,2,0,0,0,0,0,0,1,0,0
12688,2026-06-26T09:59:35.463258000Z,Data,442,34,-29,920,2,0,0,0,0,0,0,1,0,0
12689,2026-06-26T09:59:35.567590000Z,Data,452,34,-28,920,2,0,0,0,0,0,0,1,0,0
12691,2026-06-26T09:59:35.572066000Z,QoS Data,148,34,-33,920,2,8,0,0,0,0,0,1,720,0
12693,2026-06-26T09:59:35.577140000Z,QoS Data,128,34,-15,920,2,8,1,0,0,0,0,1,720,0
12695,2026-06-26T09:59:35.579778000Z,QoS Data,131,34,-15,920,2,8,1,0,0,0,0,1,720,0
12698,2026-06-26T09:59:35.790157000Z,QoS Data,128,34,-21,920,2,8,1,0,0,0,0,1,720,0
12700,2026-06-26T09:59:35.792417000Z,QoS Data,128,34,-33,920,2,8,0,0,0,0,0,1,720,0
12702,2026-06-26T09:59:35.928373000Z,S1G Beacon,129,34,-30,920,3,1,,,,,,,0,0
12703,2026-06-26T09:59:36.531077000Z,Data,287,34,-26,920,2,0,0,0,0,0,0,1,0,0
12704,2026-06-26T09:59:36.745784000Z,S1G Beacon,61,34,-27,920,3,1,,,,,,,0,0
12705,2026-06-26T09:59:37.566830000Z,S1G Beacon,129,34,-27,920,3,1,,,,,,,0,0
12706,2026-06-26T09:59:38.384243000Z,S1G Beacon,61,34,-27,920,3,1,,,,,,,0,0
12707,2026-06-26T09:59:39.205293000Z,S1G Beacon,129,34,-29,920,3,1,,,,,,,0,0
12708,2026-06-26T09:59:39.555181000Z,Data,287,34,-30,920,2,0,0,0,0,0,0,1,0,0
12709,2026-06-26T09:59:40.022699000Z,S1G Beacon,61,34,-31,920,3,1,,,,,,,0,0
12710,2026-06-26T09:59:40.594616000Z,QoS Data,149,34,-21,920,2,8,1,0,0,0,0,1,720,0
12712,2026-06-26T09:59:40.597061000Z,QoS Data,149,34,-32,920,2,8,0,0,0,0,0,1,720,0
12714,2026-06-26T09:59:40.602402000Z,QoS Data,131,34,-16,920,2,8,1,0,0,0,0,1,720,0
12718,2026-06-26T09:59:40.796044000Z,QoS Data,128,34,-33,920,2,8,0,0,0,0,0,1,720,0
12720,2026-06-26T09:59:40.843726000Z,S1G Beacon,129,34,-27,920,3,1,,,,,,,0,0
12721,2026-06-26T09:59:41.661203000Z,S1G Beacon,61,34,-27,920,3,1,,,,,,,0,0
12722,2026-06-26T09:59:42.482181000Z,S1G Beacon,129,34,-27,920,3,1,,,,,,,0,0
12723,2026-06-26T09:59:42.579284000Z,Data,287,34,-27,920,2,0,0,0,0,0,0,1,0,0
12724,2026-06-26T09:59:43.299601000Z,S1G Beacon,61,34,-28,920,3,1,,,,,,,0,0
12725,2026-06-26T09:59:44.120628000Z,S1G Beacon,129,34,-27,920,3,1,,,,,,,0,0
12726,2026-06-26T09:59:44.938043000Z,S1G Beacon,61,34,-27,920,3,1,,,,,,,0,0
12727,2026-06-26T09:59:45.603346000Z,Data,287,34,-27,920,2,0,0,0,0,0,0,1,0,0
12728,2026-06-26T09:59:45.620240000Z,RTS,54,34,-16,920,1,11,,,,0,0,0,2452,0
12731,2026-06-26T09:59:45.624541000Z,QoS Data,148,34,-32,920,2,8,0,0,0,0,0,1,720,0
12733,2026-06-26T09:59:45.629671000Z,QoS Data,131,34,-16,920,2,8,1,0,0,0,0,1,720,0
12735,2026-06-26T09:59:45.632505000Z,QoS Data,131,34,-31,920,2,8,0,0,0,0,0,1,720,0
12737,2026-06-26T09:59:45.759097000Z,S1G Beacon,129,34,-28,920,3,1,,,,,,,0,0
12738,2026-06-26T09:59:45.790118000Z,QoS Data,128,34,-22,920,2,8,1,0,0,0,0,1,720,0
12740,2026-06-26T09:59:45.792903000Z,QoS Data,128,34,-31,920,2,8,0,0,0,0,0,1,720,0
12742,2026-06-26T09:59:46.576497000Z,S1G Beacon,61,34,-28,920,3,1,,,,,,,0,0
12743,2026-06-26T09:59:46.994289000Z,Data,390,34,-27,920,2,0,0,0,0,0,0,1,0,0
12744,2026-06-26T09:59:47.005428000Z,Data,390,34,-27,920,2,0,0,0,0,0,0,1,0,0
12745,2026-06-26T09:59:47.016852000Z,Data,399,34,-27,920,2,0,0,0,0,0,0,1,0,0
12746,2026-06-26T09:59:47.028259000Z,Data,399,34,-27,920,2,0,0,0,0,0,0,1,0,0
12747,2026-06-26T09:59:47.041158000Z,Data,454,34,-27,920,2,0,0,0,0,0,0,1,0,0
12748,2026-06-26T09:59:47.054048000Z,Data,454,34,-28,920,2,0,0,0,0,0,0,1,0,0
12749,2026-06-26T09:59:47.067185000Z,Data,464,34,-27,920,2,0,0,0,0,0,0,1,0,0
12750,2026-06-26T09:59:47.080308000Z,Data,464,34,-27,920,2,0,0,0,0,0,0,1,0,0
12752,2026-06-26T09:59:47.397528000Z,S1G Beacon,129,34,-28,920,3,1,,,,,,,0,0
12753,2026-06-26T09:59:48.214965000Z,S1G Beacon,61,34,-28,920,3,1,,,,,,,0,0
12754,2026-06-26T09:59:48.627499000Z,Data,287,34,-28,920,2,0,0,0,0,0,0,1,0,0
12755,2026-06-26T09:59:49.035974000Z,S1G Beacon,129,34,-29,920,3,1,,,,,,,0,0
12756,2026-06-26T09:59:49.853398000Z,S1G Beacon,61,34,-27,920,3,1,,,,,,,0,0
12757,2026-06-26T09:59:50.644557000Z,QoS Data,149,34,-22,920,2,8,1,0,0,0,0,1,720,0
12759,2026-06-26T09:59:50.646839000Z,QoS Data,149,34,-31,920,2,8,0,0,0,0,0,1,720,0
12761,2026-06-26T09:59:50.652176000Z,QoS Data,131,34,-16,920,2,8,1,0,0,0,0,1,720,0
12763,2026-06-26T09:59:50.654486000Z,QoS Data,131,34,-31,920,2,8,0,0,0,0,0,1,720,0
12765,2026-06-26T09:59:50.674419000Z,S1G Beacon,129,34,-28,920,3,1,,,,,,,0,0
12766,2026-06-26T09:59:50.790137000Z,QoS Data,128,34,-21,920,2,8,1,0,0,0,0,1,720,0
12768,2026-06-26T09:59:50.792549000Z,QoS Data,128,34,-31,920,2,8,0,0,0,0,0,1,720,0
12770,2026-06-26T09:59:51.491853000Z,S1G Beacon,61,34,-27,920,3,1,,,,,,,0,0
12771,2026-06-26T09:59:51.651537000Z,Data,287,34,-29,920,2,0,0,0,0,0,0,1,0,0
12772,2026-06-26T09:59:52.312906000Z,S1G Beacon,129,34,-28,920,3,1,,,,,,,0,0
12773,2026-06-26T09:59:53.130311000Z,S1G Beacon,61,34,-30,920,3,1,,,,,,,0,0
12774,2026-06-26T09:59:53.951329000Z,S1G Beacon,129,34,-28,920,3,1,,,,,,,0,0
12775,2026-06-26T09:59:54.675824000Z,Data,287,34,-27,920,2,0,0,0,0,0,0,1,0,0
12776,2026-06-26T09:59:54.768744000Z,S1G Beacon,61,34,-27,920,3,1,,,,,,,0,0
12777,2026-06-26T09:59:55.318338000Z,Data,378,34,-28,920,2,0,0,0,0,0,0,1,0,0
12778,2026-06-26T09:59:55.422250000Z,Data,387,34,-28,920,2,0,0,0,0,0,0,1,0,0
12779,2026-06-26T09:59:55.527976000Z,Data,450,34,-29,920,2,0,0,0,0,0,0,1,0,0
12780,2026-06-26T09:59:55.589765000Z,S1G Beacon,129,34,-29,920,3,1,,,,,,,0,0
12781,2026-06-26T09:59:55.631867000Z,Data,442,34,-28,920,2,0,0,0,0,0,0,1,0,0
12782,2026-06-26T09:59:55.666786000Z,QoS Data,148,34,-22,920,2,8,1,0,0,0,0,1,720,0
12784,2026-06-26T09:59:55.672047000Z,QoS Data,148,34,-33,920,2,8,0,0,0,0,0,1,720,0
12786,2026-06-26T09:59:55.678788000Z,QoS Data,131,34,-16,920,2,8,1,0,0,0,0,1,720,0
12788,2026-06-26T09:59:55.681537000Z,QoS Data,131,34,-34,920,2,8,0,0,0,0,0,1,720,0
12789,2026-06-26T09:59:55.685102000Z,QoS Data,131,34,-32,920,2,8,0,0,1,0,0,1,720,0
12791,2026-06-26T09:59:55.734829000Z,Data,387,34,-30,920,2,0,0,0,0,0,0,1,0,0
12792,2026-06-26T09:59:55.790636000Z,QoS Data,128,34,-19,920,2,8,1,0,0,0,0,1,720,0
12795,2026-06-26T09:59:55.797847000Z,QoS Data,128,34,-33,920,2,8,0,0,0,0,0,1,720,0
12797,2026-06-26T09:59:55.839592000Z,Data,426,34,-29,920,2,0,0,0,0,0,0,1,0,0
12798,2026-06-26T09:59:55.944276000Z,Data,458,34,-31,920,2,0,0,0,0,0,0,1,0,0
12800,2026-06-26T09:59:56.065957000Z,Data,387,34,-32,920,2,0,0,0,0,0,0,1,0,0
12801,2026-06-26T09:59:56.151922000Z,Data,446,34,-31,920,2,0,0,0,0,0,0,1,0,0
12802,2026-06-26T09:59:56.255789000Z,Data,440,34,-30,920,2,0,0,0,0,0,0,1,0,0
12803,2026-06-26T09:59:56.358462000Z,Data,387,34,-30,920,2,0,0,0,0,0,0,1,0,0
12804,2026-06-26T09:59:56.407186000Z,S1G Beacon,61,34,-30,920,3,1,,,,,,,0,0
12805,2026-06-26T09:59:56.463807000Z,Data,442,34,-29,920,2,0,0,0,0,0,0,1,0,0
12806,2026-06-26T09:59:56.568147000Z,Data,452,34,-29,920,2,0,0,0,0,0,0,1,0,0
12807,2026-06-26T09:59:57.228239000Z,S1G Beacon,129,34,-27,920,3,1,,,,,,,0,0
12808,2026-06-26T09:59:57.699708000Z,Data,287,34,-18,920,2,0,0,0,0,0,0,1,0,0
12809,2026-06-26T09:59:59.684106000Z,S1G Beacon,61,34,-27,920,3,1,,,,,,,0,0
12810,2026-06-26T10:00:00.505139000Z,S1G Beacon,129,34,-21,920,3,1,,,,,,,0,0
12811,2026-06-26T10:00:00.698051000Z,QoS Data,149,34,-20,920,2,8,1,0,0,0,0,1,720,0
12812,2026-06-26T10:00:00.704396000Z,QoS Data,149,34,-28,920,2,8,0,0,1,0,0,1,720,0
12813,2026-06-26T10:00:00.708739000Z,QoS Data,149,34,-28,920,2,8,0,0,1,0,0,1,720,0
12815,2026-06-26T10:00:00.714454000Z,QoS Data,131,34,-16,920,2,8,1,0,0,0,0,1,720,0
12816,2026-06-26T10:00:00.716554000Z,QoS Data,131,34,-26,920,2,8,0,0,0,0,0,1,720,0
12818,2026-06-26T10:00:00.725701000Z,Data,287,34,-20,920,2,0,0,0,0,0,0,1,0,0
12819,2026-06-26T10:00:00.790578000Z,QoS Data,128,34,-19,920,2,8,1,0,0,0,0,1,720,0
12821,2026-06-26T10:00:00.792686000Z,QoS Data,128,34,-27,920,2,8,0,0,0,0,0,1,720,0
12823,2026-06-26T10:00:02.143599000Z,S1G Beacon,129,34,-27,920,3,1,,,,,,,0,0
12824,2026-06-26T10:00:02.961004000Z,S1G Beacon,61,34,-28,920,3,1,,,,,,,0,0
12825,2026-06-26T10:00:03.403853000Z,Data,132,34,-29,920,2,0,0,0,0,0,0,1,0,0
12826,2026-06-26T10:00:03.747996000Z,Data,287,34,-29,920,2,0,0,0,0,0,0,1,0,0
12827,2026-06-26T10:00:03.782743000Z,S1G Beacon,129,34,-28,920,3,1,,,,,,,0,0
12828,2026-06-26T10:00:04.599471000Z,S1G Beacon,61,34,-28,920,3,1,,,,,,,0,0
12829,2026-06-26T10:00:05.420485000Z,S1G Beacon,129,34,-29,920,3,1,,,,,,,0,0
12831,2026-06-26T10:00:05.731494000Z,QoS Data,150,34,-29,920,2,8,0,0,0,0,0,1,720,0
12833,2026-06-26T10:00:05.737143000Z,QoS Data,131,34,-17,920,2,8,1,0,0,0,0,1,720,0
12836,2026-06-26T10:00:05.793292000Z,QoS Data,128,34,-30,920,2,8,0,0,0,0,0,1,720,0
12837,2026-06-26T10:00:06.237950000Z,S1G Beacon,61,34,-34,920,3,1,,,,,,,0,0
12838,2026-06-26T10:00:06.403391000Z,Data,132,34,-28,920,2,0,0,0,0,0,0,1,0,0
12839,2026-06-26T10:00:06.772009000Z,Data,287,34,-28,920,2,0,0,0,0,0,0,1,0,0
12840,2026-06-26T10:00:07.058943000Z,S1G Beacon,129,34,-29,920,3,1,,,,,,,0,0
12841,2026-06-26T10:00:07.876345000Z,S1G Beacon,61,34,-19,920,3,1,,,,,,,0,0
12843,2026-06-26T10:00:08.697383000Z,S1G Beacon,129,34,-21,920,3,1,,,,,,,0,0
12844,2026-06-26T10:00:09.514812000Z,S1G Beacon,61,34,-17,920,3,1,,,,,,,0,0
12845,2026-06-26T10:00:09.796095000Z,Data,287,34,-27,920,2,0,0,0,0,0,0,1,0,0
12846,2026-06-26T10:00:10.335853000Z,S1G Beacon,129,34,-23,920,3,1,,,,,,,0,0
12847,2026-06-26T10:00:10.753320000Z,QoS Data,150,34,-30,920,2,8,1,0,0,0,0,1,720,0
12850,2026-06-26T10:00:10.763423000Z,QoS Data,131,34,-28,920,2,8,0,0,0,0,0,1,720,0
12851,2026-06-26T10:00:10.790659000Z,QoS Data,128,34,-29,920,2,8,1,0,0,0,0,1,720,0
12852,2026-06-26T10:00:10.793018000Z,QoS Data,128,34,-27,920,2,8,0,0,0,0,0,1,720,0
12854,2026-06-26T10:00:11.153265000Z,S1G Beacon,61,34,-22,920,3,1,,,,,,,0,0
12855,2026-06-26T10:00:11.974319000Z,S1G Beacon,129,34,-19,920,3,1,,,,,,,0,0
12856,2026-06-26T10:00:14.430156000Z,S1G Beacon,61,34,-21,920,3,1,,,,,,,0,0
12857,2026-06-26T10:00:15.251198000Z,S1G Beacon,129,34,-21,920,3,1,,,,,,,0,0
12859,2026-06-26T10:00:15.778558000Z,QoS Data,149,34,-29,920,2,8,0,0,0,0,0,1,720,0
12861,2026-06-26T10:00:15.784262000Z,QoS Data,131,34,-18,920,2,8,1,0,0,0,0,1,720,0
12863,2026-06-26T10:00:16.040524000Z,QoS Data,128,34,-23,920,2,8,1,0,0,0,0,1,720,0
12865,2026-06-26T10:00:16.068587000Z,S1G Beacon,61,34,-22,920,3,1,,,,,,,0,0
12866,2026-06-26T10:00:16.319114000Z,Data,378,34,-22,920,2,0,0,0,0,0,0,1,0,0
12867,2026-06-26T10:00:16.423513000Z,Data,387,34,-21,920,2,0,0,0,0,0,0,1,0,0
12868,2026-06-26T10:00:16.632467000Z,Data,442,34,-20,920,2,0,0,0,0,0,0,1,0,0
12869,2026-06-26T10:00:16.735019000Z,Data,387,34,-24,920,2,0,0,0,0,0,0,1,0,0
12870,2026-06-26T10:00:16.839980000Z,Data,426,34,-22,920,2,0,0,0,0,0,0,1,0,0
12871,2026-06-26T10:00:16.889623000Z,S1G Beacon,129,34,-22,920,3,1,,,,,,,0,0
12872,2026-06-26T10:00:16.944869000Z,Data,458,34,-22,920,2,0,0,0,0,0,0,1,0,0
12873,2026-06-26T10:00:17.047034000Z,Data,387,34,-22,920,2,0,0,0,0,0,0,1,0,0
12874,2026-06-26T10:00:17.152508000Z,Data,446,34,-23,920,2,0,0,0,0,0,0,1,0,0
12875,2026-06-26T10:00:17.256417000Z,Data,440,34,-22,920,2,0,0,0,0,0,0,1,0,0
12877,2026-06-26T10:00:17.464414000Z,Data,442,34,-22,920,2,0,0,0,0,0,0,1,0,0
12878,2026-06-26T10:00:17.707044000Z,S1G Beacon,61,34,-22,920,3,1,,,,,,,0,0
12879,2026-06-26T10:00:18.528087000Z,S1G Beacon,129,34,-22,920,3,1,,,,,,,0,0
12880,2026-06-26T10:00:18.868484000Z,Data,287,34,-26,920,2,0,0,0,0,0,0,1,0,0
12881,2026-06-26T10:00:19.345538000Z,S1G Beacon,61,34,-24,920,3,1,,,,,,,0,0
12882,2026-06-26T10:00:20.166544000Z,S1G Beacon,129,34,-27,920,3,1,,,,,,,0,0
12883,2026-06-26T10:00:20.798752000Z,QoS Data,148,34,-19,920,2,8,1,0,0,0,0,1,720,0
12884,2026-06-26T10:00:20.801610000Z,QoS Data,148,34,-27,920,2,8,0,0,0,0,0,1,720,0
12886,2026-06-26T10:00:20.808454000Z,QoS Data,131,34,-16,920,2,8,1,0,0,0,0,1,720,0
12887,2026-06-26T10:00:20.810974000Z,QoS Data,131,34,-27,920,2,8,0,0,0,0,0,1,720,0
12889,2026-06-26T10:00:21.040994000Z,QoS Data,128,34,-18,920,2,8,1,0,0,0,0,1,720,0
12891,2026-06-26T10:00:21.043191000Z,QoS Data,128,34,-37,920,2,8,0,0,0,0,0,1,720,0
12893,2026-06-26T10:00:21.804979000Z,S1G Beacon,129,34,-20,920,3,1,,,,,,,0,0
12894,2026-06-26T10:00:23.443440000Z,S1G Beacon,129,34,-31,920,3,1,,,,,,,0,0
12895,2026-06-26T10:00:24.260855000Z,S1G Beacon,61,34,-28,920,3,1,,,,,,,0,0
12896,2026-06-26T10:00:25.081877000Z,S1G Beacon,129,34,-20,920,3,1,,,,,,,0,0
12897,2026-06-26T10:00:25.823851000Z,QoS Data,148,34,-22,920,2,8,1,0,0,0,0,1,720,0
12900,2026-06-26T10:00:25.831971000Z,QoS Data,131,34,-16,920,2,8,1,0,0,0,0,1,720,0
12903,2026-06-26T10:00:25.899295000Z,S1G Beacon,61,34,-16,920,3,1,,,,,,,0,0
12905,2026-06-26T10:00:26.043575000Z,QoS Data,128,34,-21,920,2,8,0,0,0,0,0,1,720,0
12909,2026-06-26T10:00:26.720336000Z,S1G Beacon,129,34,-19,920,3,1,,,,,,,0,0
12910,2026-06-26T10:00:27.537782000Z,S1G Beacon,61,34,-22,920,3,1,,,,,,,0,0
12911,2026-06-26T10:00:27.940819000Z,Data,287,34,-28,920,2,0,0,0,0,0,0,1,0,0
12912,2026-06-26T10:00:28.358783000Z,S1G Beacon,129,34,-28,920,3,1,,,,,,,0,0
12917,2026-06-26T10:00:30.849113000Z,QoS Data,148,34,-31,920,2,8,0,0,0,0,0,1,720,0
12919,2026-06-26T10:00:30.854766000Z,QoS Data,131,34,-17,920,2,8,1,0,0,0,0,1,720,0
12922,2026-06-26T10:00:31.042853000Z,QoS Data,128,34,-31,920,2,8,0,0,0,0,0,1,720,0
12924,2026-06-26T10:00:34.912587000Z,S1G Beacon,129,34,-21,920,3,1,,,,,,,0,0
12925,2026-06-26T10:00:35.730037000Z,S1G Beacon,61,34,-19,920,3,1,,,,,,,0,0
12926,2026-06-26T10:00:35.869991000Z,QoS Data,148,34,-19,920,2,8,1,0,0,0,0,1,720,0
12929,2026-06-26T10:00:35.878702000Z,QoS Data,131,34,-17,920,2,8,1,0,0,0,0,1,720,0
12931,2026-06-26T10:00:35.884559000Z,QoS Data,131,34,-23,920,2,8,0,0,1,0,0,1,720,0
12933,2026-06-26T10:00:36.040595000Z,QoS Data,128,34,-19,920,2,8,1,0,0,0,0,1,720,0
12935,2026-06-26T10:00:36.047984000Z,QoS Data,128,34,-25,920,2,8,0,0,1,0,0,1,720,0
12937,2026-06-26T10:00:36.551022000Z,S1G Beacon,129,34,-18,920,3,1,,,,,,,0,0
12939,2026-06-26T10:00:37.012876000Z,Data,287,34,-19,920,2,0,0,0,0,0,0,1,0,0
12940,2026-06-26T10:00:37.319640000Z,Data,378,34,-18,920,2,0,0,0,0,0,0,1,0,0
12941,2026-06-26T10:00:37.368444000Z,S1G Beacon,61,34,-17,920,3,1,,,,,,,0,0
12942,2026-06-26T10:00:37.423643000Z,Data,387,34,-19,920,2,0,0,0,0,0,0,1,0,0
12943,2026-06-26T10:00:37.529192000Z,Data,450,34,-19,920,2,0,0,0,0,0,0,1,0,0
12944,2026-06-26T10:00:37.633137000Z,Data,442,34,-18,920,2,0,0,0,0,0,0,1,0,0
12945,2026-06-26T10:00:37.735692000Z,Data,387,34,-18,920,2,0,0,0,0,0,0,1,0,0
12946,2026-06-26T10:00:37.840626000Z,Data,426,34,-18,920,2,0,0,0,0,0,0,1,0,0
12947,2026-06-26T10:00:37.945527000Z,Data,458,34,-19,920,2,0,0,0,0,0,0,1,0,0
12948,2026-06-26T10:00:38.047659000Z,Data,387,34,-20,920,2,0,0,0,0,0,0,1,0,0
12949,2026-06-26T10:00:38.153084000Z,Data,446,34,-19,920,2,0,0,0,0,0,0,1,0,0
12950,2026-06-26T10:00:38.189482000Z,S1G Beacon,129,34,-20,920,3,1,,,,,,,0,0
12951,2026-06-26T10:00:38.257043000Z,Data,440,34,-19,920,2,0,0,0,0,0,0,1,0,0
12952,2026-06-26T10:00:38.359772000Z,Data,387,34,-18,920,2,0,0,0,0,0,0,1,0,0
12953,2026-06-26T10:00:38.465122000Z,Data,442,34,-19,920,2,0,0,0,0,0,0,1,0,0
12954,2026-06-26T10:00:38.569393000Z,Data,452,34,-17,920,2,0,0,0,0,0,0,1,0,0
12955,2026-06-26T10:00:39.006907000Z,S1G Beacon,61,34,-19,920,3,1,,,,,,,0,0
12956,2026-06-26T10:00:39.827925000Z,S1G Beacon,129,34,-18,920,3,1,,,,,,,0,0
12957,2026-06-26T10:00:40.037023000Z,Data,287,34,-18,920,2,0,0,0,0,0,0,1,0,0
12958,2026-06-26T10:00:40.645378000Z,S1G Beacon,61,34,-19,920,3,1,,,,,,,0,0
12959,2026-06-26T10:00:40.900736000Z,QoS Data,149,34,-20,920,2,8,1,0,0,0,0,1,720,0
12962,2026-06-26T10:00:40.909191000Z,QoS Data,131,34,-18,920,2,8,1,0,0,0,0,1,720,0
12964,2026-06-26T10:00:40.912006000Z,QoS Data,131,34,-21,920,2,8,0,0,0,0,0,1,720,0
12967,2026-06-26T10:00:41.042283000Z,QoS Data,128,34,-28,920,2,8,0,0,0,0,0,1,720,0
12969,2026-06-26T10:00:41.466401000Z,S1G Beacon,129,34,-19,920,3,1,,,,,,,0,0
12971,2026-06-26T10:00:42.283827000Z,S1G Beacon,61,34,-18,920,3,1,,,,,,,0,0
12972,2026-06-26T10:00:43.061094000Z,Data,287,34,-18,920,2,0,0,0,0,0,0,1,0,0
12973,2026-06-26T10:00:43.104826000Z,S1G Beacon,129,34,-18,920,3,1,,,,,,,0,0
12974,2026-06-26T10:00:45.560713000Z,S1G Beacon,61,34,-19,920,3,1,,,,,,,0,0
12977,2026-06-26T10:00:45.934302000Z,QoS Data,131,34,-16,920,2,8,1,0,0,0,0,1,720,0
12980,2026-06-26T10:00:46.043785000Z,RTS,54,34,-14,920,1,11,,,,0,0,0,2416,0
12982,2026-06-26T10:00:46.045475000Z,QoS Data,128,34,-19,920,2,8,1,0,1,0,0,1,720,0
12985,2026-06-26T10:00:46.085155000Z,Data,287,34,-19,920,2,0,0,0,0,0,0,1,0,0
12986,2026-06-26T10:00:46.381745000Z,S1G Beacon,129,34,-18,920,3,1,,,,,,,0,0
12988,2026-06-26T10:00:47.199152000Z,S1G Beacon,61,34,-18,920,3,1,,,,,,,0,0
12989,2026-06-26T10:00:48.020184000Z,S1G Beacon,129,34,-20,920,3,1,,,,,,,0,0
12990,2026-06-26T10:00:49.109225000Z,Data,287,34,-20,920,2,0,0,0,0,0,0,1,0,0
12991,2026-06-26T10:00:49.658639000Z,S1G Beacon,129,34,-18,920,3,1,,,,,,,0,0
12992,2026-06-26T10:00:50.303084000Z,QoS Data,88,34,-19,920,2,8,1,0,0,0,0,1,720,0
12994,2026-06-26T10:00:50.476055000Z,S1G Beacon,61,34,-18,920,3,1,,,,,,,0,0
12995,2026-06-26T10:00:50.949722000Z,QoS Data,149,34,-17,920,2,8,1,0,0,0,0,1,720,0
12996,2026-06-26T10:00:50.952325000Z,QoS Data,149,34,-27,920,2,8,0,0,0,0,0,1,720,0
12998,2026-06-26T10:00:50.958237000Z,QoS Data,131,34,-16,920,2,8,1,0,0,0,0,1,720,0
12999,2026-06-26T10:00:50.960630000Z,QoS Data,131,34,-27,920,2,8,0,0,0,0,0,1,720,0
13001,2026-06-26T10:00:51.040233000Z,QoS Data,128,34,-17,920,2,8,1,0,0,0,0,1,720,0
13002,2026-06-26T10:00:51.042438000Z,QoS Data,128,34,-27,920,2,8,0,0,0,0,0,1,720,0
13004,2026-06-26T10:00:52.133402000Z,Data,287,34,-20,920,2,0,0,0,0,0,0,1,0,0
13005,2026-06-26T10:00:53.752955000Z,S1G Beacon,61,34,-19,920,3,1,,,,,,,0,0
13006,2026-06-26T10:00:54.573994000Z,S1G Beacon,129,34,-30,920,3,1,,,,,,,0,0
13007,2026-06-26T10:00:55.157472000Z,Data,287,34,-31,920,2,0,0,0,0,0,0,1,0,0
13008,2026-06-26T10:00:55.391396000Z,S1G Beacon,61,34,-33,920,3,1,,,,,,,0,0
13010,2026-06-26T10:00:55.975910000Z,QoS Data,149,34,-33,920,2,8,0,0,0,0,0,1,720,0
13012,2026-06-26T10:00:55.981719000Z,QoS Data,131,34,-16,920,2,8,1,0,0,0,0,1,720,0
13014,2026-06-26T10:00:55.984578000Z,QoS Data,131,34,-34,920,2,8,0,0,0,0,0,1,720,0
13016,2026-06-26T10:00:56.040181000Z,QoS Data,128,34,-19,920,2,8,1,0,0,0,0,1,720,0
13018,2026-06-26T10:00:56.042636000Z,QoS Data,128,34,-32,920,2,8,0,0,0,0,0,1,720,0
13021,2026-06-26T10:00:56.212424000Z,S1G Beacon,129,34,-28,920,3,1,,,,,,,0,0
13022,2026-06-26T10:00:57.850884000Z,S1G Beacon,129,34,-34,920,3,1,,,,,,,0,0
13023,2026-06-26T10:00:58.181494000Z,Data,287,34,-36,920,2,0,0,0,0,0,0,1,0,0
13024,2026-06-26T10:00:58.320251000Z,Data,378,34,-34,920,2,0,0,0,0,0,0,1,0,0
13025,2026-06-26T10:00:58.424172000Z,Data,387,34,-32,920,2,0,0,0,0,0,0,1,0,0
13026,2026-06-26T10:00:58.529830000Z,Data,450,34,-36,920,2,0,0,0,0,0,0,1,0,0
13027,2026-06-26T10:00:58.633796000Z,Data,442,34,-32,920,2,0,0,0,0,0,0,1,0,0
13028,2026-06-26T10:00:58.668299000Z,S1G Beacon,61,34,-32,920,3,1,,,,,,,0,0
13029,2026-06-26T10:00:58.736316000Z,Data,387,34,-32,920,2,0,0,0,0,0,0,1,0,0
13030,2026-06-26T10:00:58.841236000Z,Data,426,34,-31,920,2,0,0,0,0,0,0,1,0,0
13031,2026-06-26T10:00:58.946112000Z,Data,458,34,-31,920,2,0,0,0,0,0,0,1,0,0
13032,2026-06-26T10:00:59.048370000Z,Data,387,34,-32,920,2,0,0,0,0,0,0,1,0,0
13033,2026-06-26T10:00:59.257737000Z,Data,440,34,-32,920,2,0,0,0,0,0,0,1,0,0
13034,2026-06-26T10:00:59.360298000Z,Data,387,34,-33,920,2,0,0,0,0,0,0,1,0,0
13035,2026-06-26T10:00:59.465638000Z,Data,442,34,-33,920,2,0,0,0,0,0,0,1,0,0
13036,2026-06-26T10:00:59.489321000Z,S1G Beacon,129,34,-34,920,3,1,,,,,,,0,0
13038,2026-06-26T10:01:00.306756000Z,S1G Beacon,61,34,-29,920,3,1,,,,,,,0,0
13039,2026-06-26T10:01:00.996897000Z,QoS Data,149,34,-20,920,2,8,1,0,0,0,0,1,720,0
13041,2026-06-26T10:01:00.999431000Z,QoS Data,149,34,-31,920,2,8,0,0,0,0,0,1,720,0
13043,2026-06-26T10:01:01.005131000Z,QoS Data,131,34,-16,920,2,8,1,0,0,0,0,1,720,0
13045,2026-06-26T10:01:01.007239000Z,QoS Data,131,34,-32,920,2,8,0,0,0,0,0,1,720,0
13046,2026-06-26T10:01:01.011351000Z,QoS Data,131,34,-30,920,2,8,0,0,1,0,0,1,720,0
13048,2026-06-26T10:01:01.040727000Z,QoS Data,128,34,-19,920,2,8,1,0,0,0,0,1,720,0
13050,2026-06-26T10:01:01.043452000Z,QoS Data,128,34,-30,920,2,8,0,0,0,0,0,1,720,0
13052,2026-06-26T10:01:01.127773000Z,S1G Beacon,129,34,-28,920,3,1,,,,,,,0,0
13053,2026-06-26T10:01:01.205585000Z,Data,287,34,-30,920,2,0,0,0,0,0,0,1,0,0
13054,2026-06-26T10:01:01.945207000Z,S1G Beacon,61,34,-30,920,3,1,,,,,,,0,0
13055,2026-06-26T10:01:02.766250000Z,S1G Beacon,129,34,-32,920,3,1,,,,,,,0,0
13056,2026-06-26T10:01:03.583655000Z,S1G Beacon,61,34,-34,920,3,1,,,,,,,0,0
13057,2026-06-26T10:01:04.229678000Z,Data,287,34,-33,920,2,0,0,0,0,0,0,1,0,0
13058,2026-06-26T10:01:04.404687000Z,S1G Beacon,129,34,-40,920,3,1,,,,,,,0,0
13059,2026-06-26T10:01:05.222138000Z,S1G Beacon,61,34,-28,920,3,1,,,,,,,0,0
13061,2026-06-26T10:01:06.027108000Z,QoS Data,149,34,-31,920,2,8,0,0,0,0,0,1,720,0
13063,2026-06-26T10:01:06.034004000Z,QoS Data,131,34,-18,920,2,8,1,0,0,0,0,1,720,0
13065,2026-06-26T10:01:06.043124000Z,S1G Beacon,129,34,-23,920,3,1,,,,,,,0,0
13066,2026-06-26T10:01:06.044707000Z,QoS Data,131,34,-31,920,2,8,0,0,0,0,0,1,720,0
13069,2026-06-26T10:01:06.293101000Z,QoS Data,128,34,-30,920,2,8,0,0,0,0,0,1,720,0
13071,2026-06-26T10:01:06.860548000Z,S1G Beacon,61,34,-32,920,3,1,,,,,,,0,0
13072,2026-06-26T10:01:07.253822000Z,Data,287,34,-34,920,2,0,0,0,0,0,0,1,0,0
13073,2026-06-26T10:01:07.681586000Z,S1G Beacon,129,34,-33,920,3,1,,,,,,,0,0
13075,2026-06-26T10:01:08.499001000Z,S1G Beacon,61,34,-35,920,3,1,,,,,,,0,0
13076,2026-06-26T10:01:09.320059000Z,S1G Beacon,129,34,-34,920,3,1,,,,,,,0,0
13077,2026-06-26T10:01:10.137464000Z,S1G Beacon,61,34,-34,920,3,1,,,,,,,0,0
13078,2026-06-26T10:01:10.277874000Z,Data,287,34,-34,920,2,0,0,0,0,0,0,1,0,0
