packet_number,timestamp,frame_name,frame_len,length,dbm_antsignal,channel_freq,type,subtype,ds,frag,retry,pwrmgt,moredata,protected,duration,label
1,2026-07-07T11:45:40.376317000Z,S1G Beacon,129,34,-17,920,3,1,,,,,,,0,0
2,2026-07-07T11:45:40.860699000Z,Data,287,34,-15,920,2,0,0,0,0,0,0,1,0,0
3,2026-07-07T11:45:41.193730000Z,S1G Beacon,61,34,-16,920,3,1,,,,,,,0,0
6,2026-07-07T11:45:42.014691000Z,S1G Beacon,129,34,-15,920,3,1,,,,,,,0,0
9,2026-07-07T11:45:42.684504000Z,QoS Data,131,34,-18,920,2,8,1,0,0,0,0,1,720,0
12,2026-07-07T11:45:42.708526000Z,Authentication,166,34,-16,920,0,11,0,0,0,0,0,0,720,0
13,2026-07-07T11:45:42.714317000Z,Authentication,166,34,-16,920,0,11,0,0,1,0,0,0,720,0
14,2026-07-07T11:45:42.719994000Z,Authentication,166,34,-16,920,0,11,0,0,1,0,0,0,720,0
15,2026-07-07T11:45:42.725778000Z,Authentication,166,34,-16,920,0,11,0,0,1,0,0,0,720,0
18,2026-07-07T11:45:42.832109000Z,S1G Beacon,61,34,-16,920,3,1,,,,,,,0,0
19,2026-07-07T11:45:42.962721000Z,Authentication,166,34,-18,920,0,11,0,0,0,0,0,0,720,0
20,2026-07-07T11:45:42.968556000Z,Authentication,166,34,-17,920,0,11,0,0,1,0,0,0,720,0
21,2026-07-07T11:45:42.974599000Z,Authentication,166,34,-16,920,0,11,0,0,1,0,0,0,720,0
22,2026-07-07T11:45:42.980325000Z,Authentication,166,34,-18,920,0,11,0,0,1,0,0,0,720,0
24,2026-07-07T11:45:43.329858000Z,Authentication,166,34,-16,920,0,11,0,0,0,0,0,0,720,0
25,2026-07-07T11:45:43.335542000Z,Authentication,166,34,-16,920,0,11,0,0,1,0,0,0,720,0
26,2026-07-07T11:45:43.341373000Z,Authentication,166,34,-16,920,0,11,0,0,1,0,0,0,720,0
27,2026-07-07T11:45:43.347467000Z,Authentication,166,34,-16,920,0,11,0,0,1,0,0,0,720,0
28,2026-07-07T11:45:43.441568000Z,Authentication,166,34,-72,920,0,11,0,0,0,0,0,0,0,0
29,2026-07-07T11:45:43.548225000Z,Authentication,166,34,-16,920,0,11,0,0,0,0,0,0,720,0
30,2026-07-07T11:45:43.554218000Z,Authentication,166,34,-16,920,0,11,0,0,1,0,0,0,720,0
31,2026-07-07T11:45:43.559947000Z,Authentication,166,34,-16,920,0,11,0,0,1,0,0,0,720,0
32,2026-07-07T11:45:43.565676000Z,Authentication,166,34,-17,920,0,11,0,0,1,0,0,0,720,0
33,2026-07-07T11:45:43.572642000Z,Authentication,166,34,-70,920,0,11,0,0,0,0,0,0,0,0
34,2026-07-07T11:45:43.653141000Z,S1G Beacon,129,34,-16,920,3,1,,,,,,,0,0
35,2026-07-07T11:45:43.750842000Z,Authentication,166,34,-16,920,0,11,0,0,0,0,0,0,720,0
36,2026-07-07T11:45:43.756364000Z,Authentication,166,34,-17,920,0,11,0,0,1,0,0,0,720,0
37,2026-07-07T11:45:43.762363000Z,Authentication,166,34,-17,920,0,11,0,0,1,0,0,0,720,0
38,2026-07-07T11:45:43.768194000Z,Authentication,166,34,-16,920,0,11,0,0,1,0,0,0,720,0
39,2026-07-07T11:45:43.824414000Z,Authentication,102,34,-17,920,0,11,0,0,0,0,0,0,720,0
40,2026-07-07T11:45:43.828419000Z,Authentication,102,34,-16,920,0,11,0,0,1,0,0,0,720,0
41,2026-07-07T11:45:43.832484000Z,Authentication,102,34,-17,920,0,11,0,0,1,0,0,0,720,0
42,2026-07-07T11:45:43.836440000Z,Authentication,102,34,-16,920,0,11,0,0,1,0,0,0,720,0
43,2026-07-07T11:45:43.884817000Z,Data,287,34,-17,920,2,0,0,0,0,0,0,1,0,0
44,2026-07-07T11:45:43.887653000Z,Authentication,102,34,-15,920,0,11,0,0,0,0,0,0,720,0
45,2026-07-07T11:45:43.891827000Z,Authentication,102,34,-16,920,0,11,0,0,1,0,0,0,720,0
46,2026-07-07T11:45:43.896041000Z,Authentication,102,34,-16,920,0,11,0,0,1,0,0,0,720,0
47,2026-07-07T11:45:43.900004000Z,Authentication,102,34,-16,920,0,11,0,0,1,0,0,0,720,0
48,2026-07-07T11:45:43.936570000Z,Authentication,102,34,-15,920,0,11,0,0,0,0,0,0,720,0
49,2026-07-07T11:45:43.940633000Z,Authentication,102,34,-16,920,0,11,0,0,1,0,0,0,720,0
50,2026-07-07T11:45:43.944954000Z,Authentication,102,34,-15,920,0,11,0,0,1,0,0,0,720,0
51,2026-07-07T11:45:43.949282000Z,Authentication,102,34,-15,920,0,11,0,0,1,0,0,0,720,0
52,2026-07-07T11:45:43.972257000Z,Authentication,102,34,-16,920,0,11,0,0,0,0,0,0,720,0
53,2026-07-07T11:45:43.976220000Z,Authentication,102,34,-18,920,0,11,0,0,1,0,0,0,720,0
54,2026-07-07T11:45:43.980384000Z,Authentication,102,34,-15,920,0,11,0,0,1,0,0,0,720,0
55,2026-07-07T11:45:43.984501000Z,Authentication,102,34,-17,920,0,11,0,0,1,0,0,0,720,0
56,2026-07-07T11:45:44.096944000Z,Authentication,166,34,-71,920,0,11,0,0,0,0,0,0,0,0
57,2026-07-07T11:45:44.106008000Z,Authentication,166,34,-18,920,0,11,0,0,0,0,0,0,720,0
58,2026-07-07T11:45:44.112049000Z,Authentication,166,34,-17,920,0,11,0,0,1,0,0,0,720,0
59,2026-07-07T11:45:44.118041000Z,Authentication,166,34,-19,920,0,11,0,0,1,0,0,0,720,0
60,2026-07-07T11:45:44.123713000Z,Authentication,166,34,-18,920,0,11,0,0,1,0,0,0,720,0
61,2026-07-07T11:45:44.228019000Z,Authentication,166,34,-69,920,0,11,0,0,0,0,0,0,0,0
62,2026-07-07T11:45:44.234219000Z,Authentication,166,34,-18,920,0,11,0,0,0,0,0,0,720,0
63,2026-07-07T11:45:44.240108000Z,Authentication,166,34,-18,920,0,11,0,0,1,0,0,0,720,0
64,2026-07-07T11:45:44.245529000Z,Authentication,166,34,-18,920,0,11,0,0,1,0,0,0,720,0
65,2026-07-07T11:45:44.251317000Z,Authentication,166,34,-18,920,0,11,0,0,1,0,0,0,720,0
66,2026-07-07T11:45:44.344391000Z,Data,378,34,-18,920,2,0,0,0,0,0,0,1,0,0
67,2026-07-07T11:45:44.447464000Z,Data,387,34,-19,920,2,0,0,0,0,0,0,1,0,0
68,2026-07-07T11:45:44.458238000Z,Authentication,198,34,-72,920,0,11,0,0,0,0,0,0,0,0
69,2026-07-07T11:45:44.473318000Z,S1G Beacon,61,34,-19,920,3,1,,,,,,,0,0
70,2026-07-07T11:45:44.523772000Z,Authentication,198,34,-70,920,0,11,0,0,0,0,0,0,0,0
71,2026-07-07T11:45:44.553296000Z,Data,450,34,-19,920,2,0,0,0,0,0,0,1,0,0
72,2026-07-07T11:45:44.627498000Z,Authentication,166,34,-18,920,0,11,0,0,0,0,0,0,720,0
73,2026-07-07T11:45:44.633445000Z,Authentication,166,34,-17,920,0,11,0,0,1,0,0,0,720,0
74,2026-07-07T11:45:44.639168000Z,Authentication,166,34,-18,920,0,11,0,0,1,0,0,0,720,0
75,2026-07-07T11:45:44.645115000Z,Authentication,166,34,-18,920,0,11,0,0,1,0,0,0,720,0
76,2026-07-07T11:45:44.658877000Z,Data,442,34,-17,920,2,0,0,0,0,0,0,1,0,0
77,2026-07-07T11:45:44.759634000Z,Data,387,34,-18,920,2,0,0,0,0,0,0,1,0,0
78,2026-07-07T11:45:44.844085000Z,Authentication,166,34,-16,920,0,11,0,0,0,0,0,0,720,0
79,2026-07-07T11:45:44.849510000Z,Authentication,166,34,-16,920,0,11,0,0,1,0,0,0,720,0
80,2026-07-07T11:45:44.855239000Z,Authentication,166,34,-16,920,0,11,0,0,1,0,0,0,720,0
81,2026-07-07T11:45:44.868498000Z,Data,426,34,-16,920,2,0,0,0,0,0,0,1,0,0
82,2026-07-07T11:45:44.873045000Z,Authentication,166,34,-16,920,0,11,0,0,1,0,0,0,720,0
83,2026-07-07T11:45:44.969481000Z,Data,458,34,-16,920,2,0,0,0,0,0,0,1,0,0
84,2026-07-07T11:45:45.054818000Z,Authentication,166,34,-18,920,0,11,0,0,0,0,0,0,720,0
85,2026-07-07T11:45:45.060760000Z,Authentication,166,34,-16,920,0,11,0,0,1,0,0,0,720,0
86,2026-07-07T11:45:45.072974000Z,Data,387,34,-15,920,2,0,0,0,0,0,0,1,0,0
87,2026-07-07T11:45:45.077529000Z,Authentication,166,34,-17,920,0,11,0,0,1,0,0,0,720,0
88,2026-07-07T11:45:45.083365000Z,Authentication,166,34,-16,920,0,11,0,0,1,0,0,0,720,0
89,2026-07-07T11:45:45.177104000Z,Data,446,34,-15,920,2,0,0,0,0,0,0,1,0,0
90,2026-07-07T11:45:45.280977000Z,Data,440,34,-17,920,2,0,0,0,0,0,0,1,0,0
91,2026-07-07T11:45:45.285520000Z,Authentication,166,34,-16,920,0,11,0,0,0,0,0,0,720,0
92,2026-07-07T11:45:45.291594000Z,S1G Beacon,129,34,-16,920,3,1,,,,,,,0,0
93,2026-07-07T11:45:45.296184000Z,Authentication,166,34,-17,920,0,11,0,0,1,0,0,0,720,0
94,2026-07-07T11:45:45.302125000Z,Authentication,166,34,-16,920,0,11,0,0,1,0,0,0,720,0
95,2026-07-07T11:45:45.307810000Z,Authentication,166,34,-16,920,0,11,0,0,1,0,0,0,720,0
96,2026-07-07T11:45:45.352173000Z,Authentication,166,34,-16,920,0,11,0,0,0,0,0,0,720,0
97,2026-07-07T11:45:45.358266000Z,Authentication,166,34,-17,920,0,11,0,0,1,0,0,0,720,0
98,2026-07-07T11:45:45.364052000Z,Authentication,166,34,-16,920,0,11,0,0,1,0,0,0,720,0
99,2026-07-07T11:45:45.369734000Z,Authentication,166,34,-16,920,0,11,0,0,1,0,0,0,720,0
100,2026-07-07T11:45:45.383606000Z,Data,387,34,-17,920,2,0,0,0,0,0,0,1,0,0
101,2026-07-07T11:45:45.410480000Z,Authentication,102,34,-16,920,0,11,0,0,0,0,0,0,720,0
102,2026-07-07T11:45:45.414804000Z,Authentication,102,34,-15,920,0,11,0,0,1,0,0,0,720,0
103,2026-07-07T11:45:45.419081000Z,Authentication,102,34,-16,920,0,11,0,0,1,0,0,0,720,0
104,2026-07-07T11:45:45.423195000Z,Authentication,102,34,-16,920,0,11,0,0,1,0,0,0,720,0
105,2026-07-07T11:45:45.478127000Z,Authentication,166,34,-15,920,0,11,0,0,0,0,0,0,720,0
106,2026-07-07T11:45:45.491828000Z,Data,442,34,-16,920,2,0,0,0,0,0,0,1,0,0
107,2026-07-07T11:45:45.496377000Z,Authentication,166,34,-15,920,0,11,0,0,1,0,0,0,720,0
108,2026-07-07T11:45:45.507895000Z,Authentication,166,34,-17,920,0,11,0,0,1,0,0,0,720,0
109,2026-07-07T11:45:45.593345000Z,Data,452,34,-15,920,2,0,0,0,0,0,0,1,0,0
110,2026-07-07T11:45:45.596150000Z,Authentication,102,34,-15,920,0,11,0,0,0,0,0,0,720,0
111,2026-07-07T11:45:45.600377000Z,Authentication,102,34,-16,920,0,11,0,0,1,0,0,0,720,0
112,2026-07-07T11:45:45.604906000Z,Authentication,102,34,-15,920,0,11,0,0,1,0,0,0,720,0
113,2026-07-07T11:45:45.609179000Z,Authentication,102,34,-16,920,0,11,0,0,1,0,0,0,720,0
114,2026-07-07T11:45:45.653404000Z,Authentication,166,34,-16,920,0,11,0,0,0,0,0,0,720,0
115,2026-07-07T11:45:45.659191000Z,Authentication,166,34,-16,920,0,11,0,0,1,0,0,0,720,0
116,2026-07-07T11:45:45.664604000Z,Authentication,166,34,-15,920,0,11,0,0,1,0,0,0,720,0
117,2026-07-07T11:45:45.670653000Z,Authentication,166,34,-14,920,0,11,0,0,1,0,0,0,720,0
118,2026-07-07T11:45:45.746048000Z,Authentication,166,34,-15,920,0,11,0,0,0,0,0,0,720,0
119,2026-07-07T11:45:45.752143000Z,Authentication,166,34,-14,920,0,11,0,0,1,0,0,0,720,0
120,2026-07-07T11:45:45.757973000Z,Authentication,166,34,-14,920,0,11,0,0,1,0,0,0,720,0
121,2026-07-07T11:45:45.763659000Z,Authentication,166,34,-14,920,0,11,0,0,1,0,0,0,720,0
122,2026-07-07T11:45:45.872952000Z,Authentication,102,34,-16,920,0,11,0,0,0,0,0,0,720,0
123,2026-07-07T11:45:45.877272000Z,Authentication,102,34,-14,920,0,11,0,0,1,0,0,0,720,0
124,2026-07-07T11:45:45.881547000Z,Authentication,102,34,-14,920,0,11,0,0,1,0,0,0,720,0
125,2026-07-07T11:45:45.885765000Z,Authentication,102,34,-13,920,0,11,0,0,1,0,0,0,720,0
126,2026-07-07T11:45:46.006066000Z,Authentication,166,34,-15,920,0,11,0,0,0,0,0,0,720,0
127,2026-07-07T11:45:46.012004000Z,Authentication,166,34,-14,920,0,11,0,0,1,0,0,0,720,0
128,2026-07-07T11:45:46.017738000Z,Authentication,166,34,-16,920,0,11,0,0,1,0,0,0,720,0
129,2026-07-07T11:45:46.023572000Z,Authentication,166,34,-14,920,0,11,0,0,1,0,0,0,720,0
130,2026-07-07T11:45:46.109011000Z,S1G Beacon,61,34,-14,920,3,1,,,,,,,0,0
131,2026-07-07T11:45:46.128594000Z,Authentication,166,34,-75,920,0,11,0,0,0,0,0,0,0,0
132,2026-07-07T11:45:46.215970000Z,Authentication,166,34,-15,920,0,11,0,0,0,0,0,0,720,0
133,2026-07-07T11:45:46.221755000Z,Authentication,166,34,-16,920,0,11,0,0,1,0,0,0,720,0
134,2026-07-07T11:45:46.235204000Z,Authentication,166,34,-16,920,0,11,0,0,1,0,0,0,720,0
135,2026-07-07T11:45:46.247391000Z,Authentication,166,34,-15,920,0,11,0,0,1,0,0,0,720,0
136,2026-07-07T11:45:46.290359000Z,Authentication,102,34,-15,920,0,11,0,0,0,0,0,0,720,0
137,2026-07-07T11:45:46.294523000Z,Authentication,102,34,-15,920,0,11,0,0,1,0,0,0,720,0
138,2026-07-07T11:45:46.298641000Z,Authentication,102,34,-15,920,0,11,0,0,1,0,0,0,720,0
139,2026-07-07T11:45:46.302958000Z,Authentication,102,34,-15,920,0,11,0,0,1,0,0,0,720,0
140,2026-07-07T11:45:46.486528000Z,Authentication,166,34,-16,920,0,11,0,0,0,0,0,0,720,0
141,2026-07-07T11:45:46.502188000Z,Authentication,166,34,-16,920,0,11,0,0,1,0,0,0,720,0
142,2026-07-07T11:45:46.508176000Z,Authentication,166,34,-16,920,0,11,0,0,1,0,0,0,720,0
143,2026-07-07T11:45:46.519115000Z,Authentication,166,34,-16,920,0,11,0,0,1,0,0,0,720,0
144,2026-07-07T11:45:46.583742000Z,Authentication,102,34,-16,920,0,11,0,0,0,0,0,0,720,0
145,2026-07-07T11:45:46.587805000Z,Authentication,102,34,-16,920,0,11,0,0,1,0,0,0,720,0
146,2026-07-07T11:45:46.596453000Z,Authentication,102,34,-17,920,0,11,0,0,1,0,0,0,720,0
147,2026-07-07T11:45:46.624770000Z,Authentication,166,34,-16,920,0,11,0,0,0,0,0,0,720,0
148,2026-07-07T11:45:46.630238000Z,Authentication,166,34,-17,920,0,11,0,0,1,0,0,0,720,0
149,2026-07-07T11:45:46.636181000Z,Authentication,166,34,-18,920,0,11,0,0,1,0,0,0,720,0
150,2026-07-07T11:45:46.642124000Z,Authentication,166,34,-17,920,0,11,0,0,1,0,0,0,720,0
151,2026-07-07T11:45:46.677288000Z,Authentication,102,34,-19,920,0,11,0,0,0,0,0,0,720,0
152,2026-07-07T11:45:46.681253000Z,Authentication,102,34,-17,920,0,11,0,0,1,0,0,0,720,0
153,2026-07-07T11:45:46.685367000Z,Authentication,102,34,-17,920,0,11,0,0,1,0,0,0,720,0
154,2026-07-07T11:45:46.688957000Z,Authentication,102,34,-18,920,0,11,0,0,1,0,0,0,720,0
155,2026-07-07T11:45:46.751200000Z,Authentication,166,34,-70,920,0,11,0,0,0,0,0,0,0,0
156,2026-07-07T11:45:46.909163000Z,Data,287,34,-16,920,2,0,0,0,0,0,0,1,0,0
157,2026-07-07T11:45:46.930044000Z,S1G Beacon,129,34,-16,920,3,1,,,,,,,0,0
158,2026-07-07T11:45:46.987277000Z,Authentication,166,34,-17,920,0,11,0,0,0,0,0,0,720,0
159,2026-07-07T11:45:46.992963000Z,Authentication,166,34,-18,920,0,11,0,0,1,0,0,0,720,0
160,2026-07-07T11:45:46.998748000Z,Authentication,166,34,-17,920,0,11,0,0,1,0,0,0,720,0
161,2026-07-07T11:45:47.004582000Z,Authentication,166,34,-17,920,0,11,0,0,1,0,0,0,720,0
162,2026-07-07T11:45:47.078576000Z,Authentication,166,34,-18,920,0,11,0,0,0,0,0,0,720,0
163,2026-07-07T11:45:47.084357000Z,Authentication,166,34,-17,920,0,11,0,0,1,0,0,0,720,0
164,2026-07-07T11:45:47.090044000Z,Authentication,166,34,-17,920,0,11,0,0,1,0,0,0,720,0
165,2026-07-07T11:45:47.095985000Z,Authentication,166,34,-18,920,0,11,0,0,1,0,0,0,720,0
166,2026-07-07T11:45:47.137341000Z,Authentication,166,34,-18,920,0,11,0,0,0,0,0,0,720,0
167,2026-07-07T11:45:47.143124000Z,Authentication,166,34,-17,920,0,11,0,0,1,0,0,0,720,0
168,2026-07-07T11:45:47.148960000Z,Authentication,166,34,-18,920,0,11,0,0,1,0,0,0,720,0
169,2026-07-07T11:45:47.154691000Z,Authentication,166,34,-18,920,0,11,0,0,1,0,0,0,720,0
170,2026-07-07T11:45:47.215494000Z,Authentication,166,34,-18,920,0,11,0,0,0,0,0,0,720,0
171,2026-07-07T11:45:47.225761000Z,Authentication,166,34,-18,920,0,11,0,0,1,0,0,0,720,0
172,2026-07-07T11:45:47.231443000Z,Authentication,166,34,-17,920,0,11,0,0,1,0,0,0,720,0
173,2026-07-07T11:45:47.237429000Z,Authentication,166,34,-19,920,0,11,0,0,1,0,0,0,720,0
174,2026-07-07T11:45:47.275494000Z,Authentication,166,34,-70,920,0,11,0,0,0,0,0,0,0,0
175,2026-07-07T11:45:47.381995000Z,Authentication,166,34,-71,920,0,11,0,0,0,0,0,0,0,0
176,2026-07-07T11:45:47.447899000Z,Authentication,166,34,-17,920,0,11,0,0,0,0,0,0,720,0
177,2026-07-07T11:45:47.459674000Z,Authentication,166,34,-22,920,0,11,0,0,1,0,0,0,720,0
178,2026-07-07T11:45:47.465712000Z,Authentication,166,34,-17,920,0,11,0,0,1,0,0,0,720,0
179,2026-07-07T11:45:47.506926000Z,Authentication,166,34,-73,920,0,11,0,0,0,0,0,0,0,0
180,2026-07-07T11:45:47.523268000Z,Authentication,166,34,-16,920,0,11,0,0,0,0,0,0,720,0
181,2026-07-07T11:45:47.529261000Z,Authentication,166,34,-17,920,0,11,0,0,1,0,0,0,720,0
182,2026-07-07T11:45:47.534989000Z,Authentication,166,34,-16,920,0,11,0,0,1,0,0,0,720,0
183,2026-07-07T11:45:47.540774000Z,Authentication,166,34,-17,920,0,11,0,0,1,0,0,0,720,0
184,2026-07-07T11:45:47.635951000Z,Authentication,166,34,-70,920,0,11,0,0,0,0,0,0,0,0
187,2026-07-07T11:45:47.705448000Z,QoS Data,131,34,-16,920,2,8,1,0,0,0,0,1,720,0
192,2026-07-07T11:45:47.747457000Z,S1G Beacon,61,34,-19,920,3,1,,,,,,,0,0
193,2026-07-07T11:45:47.752163000Z,Authentication,166,34,-18,920,0,11,0,0,0,0,0,0,720,0
194,2026-07-07T11:45:47.758216000Z,Authentication,166,34,-17,920,0,11,0,0,1,0,0,0,720,0
195,2026-07-07T11:45:47.763896000Z,Authentication,166,34,-18,920,0,11,0,0,1,0,0,0,720,0
196,2026-07-07T11:45:47.771611000Z,Authentication,166,34,-18,920,0,11,0,0,1,0,0,0,720,0
197,2026-07-07T11:45:47.804689000Z,Authentication,166,34,-17,920,0,11,0,0,0,0,0,0,720,0
198,2026-07-07T11:45:47.810474000Z,Authentication,166,34,-18,920,0,11,0,0,1,0,0,0,720,0
199,2026-07-07T11:45:47.815896000Z,Authentication,166,34,-17,920,0,11,0,0,1,0,0,0,720,0
200,2026-07-07T11:45:47.821577000Z,Authentication,166,34,-17,920,0,11,0,0,1,0,0,0,720,0
201,2026-07-07T11:45:47.898098000Z,Authentication,166,34,-72,920,0,11,0,0,0,0,0,0,0,0
202,2026-07-07T11:45:48.023343000Z,Authentication,166,34,-16,920,0,11,0,0,0,0,0,0,720,0
203,2026-07-07T11:45:48.029074000Z,Authentication,166,34,-17,920,0,11,0,0,1,0,0,0,720,0
204,2026-07-07T11:45:48.034810000Z,Authentication,166,34,-18,920,0,11,0,0,1,0,0,0,720,0
205,2026-07-07T11:45:48.040697000Z,Authentication,166,34,-19,920,0,11,0,0,1,0,0,0,720,0
207,2026-07-07T11:45:48.156618000Z,Authentication,102,34,-17,920,0,11,0,0,0,0,0,0,720,0
208,2026-07-07T11:45:48.160846000Z,Authentication,102,34,-19,920,0,11,0,0,1,0,0,0,720,0
209,2026-07-07T11:45:48.164858000Z,Authentication,102,34,-18,920,0,11,0,0,1,0,0,0,720,0
210,2026-07-07T11:45:48.169022000Z,Authentication,102,34,-17,920,0,11,0,0,1,0,0,0,720,0
211,2026-07-07T11:45:48.215201000Z,Authentication,102,34,-18,920,0,11,0,0,0,0,0,0,720,0
212,2026-07-07T11:45:48.219476000Z,Authentication,102,34,-18,920,0,11,0,0,1,0,0,0,720,0
213,2026-07-07T11:45:48.222755000Z,Authentication,102,34,-18,920,0,11,0,0,1,0,0,0,720,0
214,2026-07-07T11:45:48.227078000Z,Authentication,102,34,-18,920,0,11,0,0,1,0,0,0,720,0
215,2026-07-07T11:45:48.291324000Z,Authentication,166,34,-74,920,0,11,0,0,0,0,0,0,0,0
216,2026-07-07T11:45:48.295916000Z,Authentication,166,34,-17,920,0,11,0,0,0,0,0,0,720,0
217,2026-07-07T11:45:48.307328000Z,Authentication,166,34,-18,920,0,11,0,0,1,0,0,0,720,0
218,2026-07-07T11:45:48.313318000Z,Authentication,166,34,-19,920,0,11,0,0,1,0,0,0,720,0
219,2026-07-07T11:45:48.370848000Z,Authentication,166,34,-18,920,0,11,0,0,0,0,0,0,720,0
220,2026-07-07T11:45:48.376679000Z,Authentication,166,34,-18,920,0,11,0,0,1,0,0,0,720,0
221,2026-07-07T11:45:48.382568000Z,Authentication,166,34,-17,920,0,11,0,0,1,0,0,0,720,0
222,2026-07-07T11:45:48.388247000Z,Authentication,166,34,-19,920,0,11,0,0,1,0,0,0,720,0
223,2026-07-07T11:45:48.403964000Z,Authentication,166,34,-74,920,0,11,0,0,0,0,0,0,0,0
224,2026-07-07T11:45:48.408656000Z,Authentication,166,34,-17,920,0,11,0,0,0,0,0,0,720,0
225,2026-07-07T11:45:48.414598000Z,Authentication,166,34,-18,920,0,11,0,0,1,0,0,0,720,0
226,2026-07-07T11:45:48.420379000Z,Authentication,166,34,-18,920,0,11,0,0,1,0,0,0,720,0
227,2026-07-07T11:45:48.426115000Z,Authentication,166,34,-17,920,0,11,0,0,1,0,0,0,720,0
228,2026-07-07T11:45:48.445786000Z,Authentication,166,34,-17,920,0,11,0,0,0,0,0,0,720,0
229,2026-07-07T11:45:48.451566000Z,Authentication,166,34,-17,920,0,11,0,0,1,0,0,0,720,0
230,2026-07-07T11:45:48.457450000Z,Authentication,166,34,-18,920,0,11,0,0,1,0,0,0,720,0
231,2026-07-07T11:45:48.463188000Z,Authentication,166,34,-17,920,0,11,0,0,1,0,0,0,720,0
232,2026-07-07T11:45:48.546307000Z,Authentication,166,34,-17,920,0,11,0,0,0,0,0,0,720,0
233,2026-07-07T11:45:48.552298000Z,Authentication,166,34,-17,920,0,11,0,0,1,0,0,0,720,0
234,2026-07-07T11:45:48.558292000Z,Authentication,166,34,-16,920,0,11,0,0,1,0,0,0,720,0
235,2026-07-07T11:45:48.563918000Z,Authentication,166,34,-17,920,0,11,0,0,1,0,0,0,720,0
236,2026-07-07T11:45:48.568485000Z,S1G Beacon,129,34,-18,920,3,1,,,,,,,0,0
237,2026-07-07T11:45:48.657446000Z,Authentication,102,34,-17,920,0,11,0,0,0,0,0,0,720,0
238,2026-07-07T11:45:48.661407000Z,Authentication,102,34,-17,920,0,11,0,0,1,0,0,0,720,0
239,2026-07-07T11:45:48.665266000Z,Authentication,102,34,-17,920,0,11,0,0,1,0,0,0,720,0
240,2026-07-07T11:45:48.669219000Z,Authentication,102,34,-17,920,0,11,0,0,1,0,0,0,720,0
241,2026-07-07T11:45:48.935206000Z,Authentication,166,34,-18,920,0,11,0,0,0,0,0,0,720,0
242,2026-07-07T11:45:48.941240000Z,Authentication,166,34,-18,920,0,11,0,0,1,0,0,0,720,0
243,2026-07-07T11:45:48.947285000Z,Authentication,166,34,-18,920,0,11,0,0,1,0,0,0,720,0
244,2026-07-07T11:45:48.952980000Z,Authentication,166,34,-17,920,0,11,0,0,1,0,0,0,720,0
245,2026-07-07T11:45:49.000965000Z,Authentication,102,34,-17,920,0,11,0,0,0,0,0,0,720,0
246,2026-07-07T11:45:49.005088000Z,Authentication,102,34,-17,920,0,11,0,0,1,0,0,0,720,0
247,2026-07-07T11:45:49.009042000Z,Authentication,102,34,-17,920,0,11,0,0,1,0,0,0,720,0
248,2026-07-07T11:45:49.013157000Z,Authentication,102,34,-18,920,0,11,0,0,1,0,0,0,720,0
249,2026-07-07T11:45:49.160427000Z,Authentication,166,34,-18,920,0,11,0,0,0,0,0,0,720,0
250,2026-07-07T11:45:49.166210000Z,Authentication,166,34,-17,920,0,11,0,0,1,0,0,0,720,0
251,2026-07-07T11:45:49.172049000Z,Authentication,166,34,-17,920,0,11,0,0,1,0,0,0,720,0
252,2026-07-07T11:45:49.180627000Z,Authentication,166,34,-17,920,0,11,0,0,1,0,0,0,720,0
253,2026-07-07T11:45:49.221724000Z,Authentication,166,34,-17,920,0,11,0,0,0,0,0,0,720,0
254,2026-07-07T11:45:49.227506000Z,Authentication,166,34,-17,920,0,11,0,0,1,0,0,0,720,0
255,2026-07-07T11:45:49.233295000Z,Authentication,166,34,-18,920,0,11,0,0,1,0,0,0,720,0
256,2026-07-07T11:45:49.239183000Z,Authentication,166,34,-17,920,0,11,0,0,1,0,0,0,720,0
257,2026-07-07T11:45:49.295833000Z,Authentication,102,34,-18,920,0,11,0,0,0,0,0,0,720,0
258,2026-07-07T11:45:49.299636000Z,Authentication,102,34,-18,920,0,11,0,0,1,0,0,0,720,0
259,2026-07-07T11:45:49.303597000Z,Authentication,102,34,-18,920,0,11,0,0,1,0,0,0,720,0
260,2026-07-07T11:45:49.310002000Z,Authentication,102,34,-19,920,0,11,0,0,1,0,0,0,720,0
261,2026-07-07T11:45:49.385908000Z,S1G Beacon,61,34,-17,920,3,1,,,,,,,0,0
262,2026-07-07T11:45:49.446138000Z,Authentication,166,34,-17,920,0,11,0,0,0,0,0,0,720,0
263,2026-07-07T11:45:49.452187000Z,Authentication,166,34,-18,920,0,11,0,0,1,0,0,0,720,0
264,2026-07-07T11:45:49.458021000Z,Authentication,166,34,-18,920,0,11,0,0,1,0,0,0,720,0
265,2026-07-07T11:45:49.463808000Z,Authentication,166,34,-18,920,0,11,0,0,1,0,0,0,720,0
266,2026-07-07T11:45:49.566143000Z,Authentication,166,34,-18,920,0,11,0,0,0,0,0,0,720,0
267,2026-07-07T11:45:49.571866000Z,Authentication,166,34,-17,920,0,11,0,0,1,0,0,0,720,0
268,2026-07-07T11:45:49.577543000Z,Authentication,166,34,-17,920,0,11,0,0,1,0,0,0,720,0
269,2026-07-07T11:45:49.583487000Z,Authentication,166,34,-16,920,0,11,0,0,1,0,0,0,720,0
270,2026-07-07T11:45:49.674279000Z,Authentication,166,34,-18,920,0,11,0,0,0,0,0,0,720,0
271,2026-07-07T11:45:49.680168000Z,Authentication,166,34,-17,920,0,11,0,0,1,0,0,0,720,0
272,2026-07-07T11:45:49.686157000Z,Authentication,166,34,-19,920,0,11,0,0,1,0,0,0,720,0
273,2026-07-07T11:45:49.692153000Z,Authentication,166,34,-17,920,0,11,0,0,1,0,0,0,720,0
274,2026-07-07T11:45:49.816061000Z,Authentication,166,34,-17,920,0,11,0,0,0,0,0,0,720,0
275,2026-07-07T11:45:49.821742000Z,Authentication,166,34,-17,920,0,11,0,0,1,0,0,0,720,0
276,2026-07-07T11:45:49.827576000Z,Authentication,166,34,-17,920,0,11,0,0,1,0,0,0,720,0
277,2026-07-07T11:45:49.833465000Z,Authentication,166,34,-19,920,0,11,0,0,1,0,0,0,720,0
278,2026-07-07T11:45:49.932925000Z,Data,287,34,-17,920,2,0,0,0,0,0,0,1,0,0
279,2026-07-07T11:45:50.091424000Z,Authentication,166,34,-19,920,0,11,0,0,0,0,0,0,720,0
281,2026-07-07T11:45:50.117615000Z,Authentication,166,34,-17,920,0,11,0,0,1,0,0,0,720,0
282,2026-07-07T11:45:50.123345000Z,Authentication,166,34,-17,920,0,11,0,0,1,0,0,0,720,0
283,2026-07-07T11:45:50.129231000Z,Authentication,166,34,-17,920,0,11,0,0,1,0,0,0,720,0
284,2026-07-07T11:45:50.165129000Z,Authentication,102,34,-17,920,0,11,0,0,0,0,0,0,720,0
285,2026-07-07T11:45:50.169136000Z,Authentication,102,34,-19,920,0,11,0,0,1,0,0,0,720,0
286,2026-07-07T11:45:50.173460000Z,Authentication,102,34,-16,920,0,11,0,0,1,0,0,0,720,0
287,2026-07-07T11:45:50.177473000Z,Authentication,102,34,-18,920,0,11,0,0,1,0,0,0,720,0
288,2026-07-07T11:45:50.206936000Z,S1G Beacon,129,34,-17,920,3,1,,,,,,,0,0
289,2026-07-07T11:45:50.211793000Z,Authentication,166,34,-17,920,0,11,0,0,0,0,0,0,720,0
290,2026-07-07T11:45:50.217738000Z,Authentication,166,34,-18,920,0,11,0,0,1,0,0,0,720,0
291,2026-07-07T11:45:50.223470000Z,Authentication,166,34,-18,920,0,11,0,0,1,0,0,0,720,0
292,2026-07-07T11:45:50.229203000Z,Authentication,166,34,-17,920,0,11,0,0,1,0,0,0,720,0
293,2026-07-07T11:45:50.328342000Z,Authentication,102,34,-17,920,0,11,0,0,0,0,0,0,720,0
294,2026-07-07T11:45:50.332665000Z,Authentication,102,34,-16,920,0,11,0,0,1,0,0,0,720,0
295,2026-07-07T11:45:50.336257000Z,Authentication,102,34,-18,920,0,11,0,0,1,0,0,0,720,0
296,2026-07-07T11:45:50.340583000Z,Authentication,102,34,-17,920,0,11,0,0,1,0,0,0,720,0
298,2026-07-07T11:45:50.466758000Z,Authentication,166,34,-18,920,0,11,0,0,0,0,0,0,720,0
299,2026-07-07T11:45:50.472597000Z,Authentication,166,34,-17,920,0,11,0,0,1,0,0,0,720,0
300,2026-07-07T11:45:50.478322000Z,Authentication,166,34,-18,920,0,11,0,0,1,0,0,0,720,0
301,2026-07-07T11:45:50.484002000Z,Authentication,166,34,-17,920,0,11,0,0,1,0,0,0,720,0
302,2026-07-07T11:45:50.593726000Z,Authentication,166,34,-17,920,0,11,0,0,0,0,0,0,720,0
303,2026-07-07T11:45:50.599511000Z,Authentication,166,34,-18,920,0,11,0,0,1,0,0,0,720,0
304,2026-07-07T11:45:50.605244000Z,Authentication,166,34,-17,920,0,11,0,0,1,0,0,0,720,0
305,2026-07-07T11:45:50.611182000Z,Authentication,166,34,-18,920,0,11,0,0,1,0,0,0,720,0
306,2026-07-07T11:45:50.737345000Z,Authentication,166,34,-17,920,0,11,0,0,0,0,0,0,720,0
307,2026-07-07T11:45:50.743186000Z,Authentication,166,34,-18,920,0,11,0,0,1,0,0,0,720,0
308,2026-07-07T11:45:50.749070000Z,Authentication,166,34,-18,920,0,11,0,0,1,0,0,0,720,0
309,2026-07-07T11:45:50.754855000Z,Authentication,166,34,-18,920,0,11,0,0,1,0,0,0,720,0
310,2026-07-07T11:45:50.974443000Z,Authentication,166,34,-17,920,0,11,0,0,0,0,0,0,720,0
311,2026-07-07T11:45:50.979548000Z,Authentication,166,34,-18,920,0,11,0,0,1,0,0,0,720,0
312,2026-07-07T11:45:50.985540000Z,Authentication,166,34,-17,920,0,11,0,0,1,0,0,0,720,0
313,2026-07-07T11:45:50.991325000Z,Authentication,166,34,-18,920,0,11,0,0,1,0,0,0,720,0
314,2026-07-07T11:45:51.024363000Z,S1G Beacon,61,34,-16,920,3,1,,,,,,,0,0
315,2026-07-07T11:45:51.039411000Z,Authentication,166,34,-17,920,0,11,0,0,0,0,0,0,720,0
316,2026-07-07T11:45:51.045197000Z,Authentication,166,34,-18,920,0,11,0,0,1,0,0,0,720,0
317,2026-07-07T11:45:51.051134000Z,Authentication,166,34,-17,920,0,11,0,0,1,0,0,0,720,0
318,2026-07-07T11:45:51.057124000Z,Authentication,166,34,-18,920,0,11,0,0,1,0,0,0,720,0
319,2026-07-07T11:45:51.298445000Z,Authentication,166,34,-18,920,0,11,0,0,0,0,0,0,720,0
320,2026-07-07T11:45:51.304486000Z,Authentication,166,34,-18,920,0,11,0,0,1,0,0,0,720,0
321,2026-07-07T11:45:51.310376000Z,Authentication,166,34,-17,920,0,11,0,0,1,0,0,0,720,0
322,2026-07-07T11:45:51.316111000Z,Authentication,166,34,-18,920,0,11,0,0,1,0,0,0,720,0
323,2026-07-07T11:45:51.364328000Z,Authentication,166,34,-18,920,0,11,0,0,0,0,0,0,720,0
324,2026-07-07T11:45:51.370112000Z,Authentication,166,34,-17,920,0,11,0,0,1,0,0,0,720,0
325,2026-07-07T11:45:51.375115000Z,Authentication,166,34,-18,920,0,11,0,0,1,0,0,0,720,0
326,2026-07-07T11:45:51.437764000Z,Authentication,166,34,-17,920,0,11,0,0,0,0,0,0,720,0
327,2026-07-07T11:45:51.443651000Z,Authentication,166,34,-17,920,0,11,0,0,1,0,0,0,720,0
328,2026-07-07T11:45:51.449332000Z,Authentication,166,34,-17,920,0,11,0,0,1,0,0,0,720,0
329,2026-07-07T11:45:51.455276000Z,Authentication,166,34,-16,920,0,11,0,0,1,0,0,0,720,0
330,2026-07-07T11:45:51.498169000Z,Authentication,102,34,-17,920,0,11,0,0,0,0,0,0,720,0
331,2026-07-07T11:45:51.502284000Z,Authentication,102,34,-17,920,0,11,0,0,1,0,0,0,720,0
332,2026-07-07T11:45:51.506240000Z,Authentication,102,34,-17,920,0,11,0,0,1,0,0,0,720,0
333,2026-07-07T11:45:51.510208000Z,Authentication,102,34,-17,920,0,11,0,0,1,0,0,0,720,0
334,2026-07-07T11:45:51.571729000Z,Authentication,102,34,-17,920,0,11,0,0,0,0,0,0,720,0
335,2026-07-07T11:45:51.575787000Z,Authentication,102,34,-18,920,0,11,0,0,1,0,0,0,720,0
336,2026-07-07T11:45:51.579953000Z,Authentication,102,34,-17,920,0,11,0,0,1,0,0,0,720,0
337,2026-07-07T11:45:51.584071000Z,Authentication,102,34,-18,920,0,11,0,0,1,0,0,0,720,0
338,2026-07-07T11:45:51.605611000Z,Authentication,166,34,-17,920,0,11,0,0,0,0,0,0,720,0
339,2026-07-07T11:45:51.611548000Z,Authentication,166,34,-18,920,0,11,0,0,1,0,0,0,720,0
340,2026-07-07T11:45:51.617383000Z,Authentication,166,34,-17,920,0,11,0,0,1,0,0,0,720,0
341,2026-07-07T11:45:51.623431000Z,Authentication,166,34,-17,920,0,11,0,0,1,0,0,0,720,0
342,2026-07-07T11:45:51.735053000Z,Authentication,102,34,-16,920,0,11,0,0,0,0,0,0,720,0
343,2026-07-07T11:45:51.739324000Z,Authentication,102,34,-17,920,0,11,0,0,1,0,0,0,720,0
344,2026-07-07T11:45:51.743537000Z,Authentication,102,34,-17,920,0,11,0,0,1,0,0,0,720,0
345,2026-07-07T11:45:51.747651000Z,Authentication,102,34,-17,920,0,11,0,0,1,0,0,0,720,0
346,2026-07-07T11:45:51.771518000Z,Authentication,166,34,-17,920,0,11,0,0,0,0,0,0,720,0
347,2026-07-07T11:45:51.777508000Z,Authentication,166,34,-17,920,0,11,0,0,1,0,0,0,720,0
348,2026-07-07T11:45:51.783390000Z,Authentication,166,34,-17,920,0,11,0,0,1,0,0,0,720,0
349,2026-07-07T11:45:51.789181000Z,Authentication,166,34,-18,920,0,11,0,0,1,0,0,0,720,0
350,2026-07-07T11:45:51.845396000Z,S1G Beacon,129,34,-17,920,3,1,,,,,,,0,0
351,2026-07-07T11:45:51.876277000Z,Authentication,166,34,-18,920,0,11,0,0,0,0,0,0,720,0
352,2026-07-07T11:45:51.882165000Z,Authentication,166,34,-17,920,0,11,0,0,1,0,0,0,720,0
353,2026-07-07T11:45:51.888212000Z,Authentication,166,34,-18,920,0,11,0,0,1,0,0,0,720,0
354,2026-07-07T11:45:51.894202000Z,Authentication,166,34,-17,920,0,11,0,0,1,0,0,0,720,0
355,2026-07-07T11:45:52.038938000Z,Authentication,166,34,-17,920,0,11,0,0,0,0,0,0,720,0
356,2026-07-07T11:45:52.044512000Z,Authentication,166,34,-17,920,0,11,0,0,1,0,0,0,720,0
357,2026-07-07T11:45:52.056358000Z,Authentication,166,34,-22,920,0,11,0,0,1,0,0,0,720,0
358,2026-07-07T11:45:52.127582000Z,Authentication,166,34,-17,920,0,11,0,0,0,0,0,0,720,0
359,2026-07-07T11:45:52.134410000Z,Authentication,166,34,-18,920,0,11,0,0,1,0,0,0,720,0
360,2026-07-07T11:45:52.140349000Z,Authentication,166,34,-17,920,0,11,0,0,1,0,0,0,720,0
361,2026-07-07T11:45:52.146076000Z,Authentication,166,34,-17,920,0,11,0,0,1,0,0,0,720,0
362,2026-07-07T11:45:52.348987000Z,Authentication,166,34,-18,920,0,11,0,0,0,0,0,0,720,0
363,2026-07-07T11:45:52.354671000Z,Authentication,166,34,-18,920,0,11,0,0,1,0,0,0,720,0
364,2026-07-07T11:45:52.365435000Z,Authentication,166,34,-17,920,0,11,0,0,1,0,0,0,720,0
365,2026-07-07T11:45:52.375448000Z,Authentication,166,34,-18,920,0,11,0,0,1,0,0,0,720,0
366,2026-07-07T11:45:52.413162000Z,Authentication,166,34,-17,920,0,11,0,0,0,0,0,0,720,0
367,2026-07-07T11:45:52.419049000Z,Authentication,166,34,-19,920,0,11,0,0,1,0,0,0,720,0
368,2026-07-07T11:45:52.424986000Z,Authentication,166,34,-18,920,0,11,0,0,1,0,0,0,720,0
369,2026-07-07T11:45:52.430663000Z,Authentication,166,34,-17,920,0,11,0,0,1,0,0,0,720,0
370,2026-07-07T11:45:52.632303000Z,Authentication,166,34,-17,920,0,11,0,0,0,0,0,0,720,0
371,2026-07-07T11:45:52.638183000Z,Authentication,166,34,-17,920,0,11,0,0,1,0,0,0,720,0
372,2026-07-07T11:45:52.649855000Z,Authentication,166,34,-18,920,0,11,0,0,1,0,0,0,720,0
373,2026-07-07T11:45:52.674047000Z,S1G Beacon,61,34,-17,920,3,1,,,,,,,0,0
374,2026-07-07T11:45:52.691733000Z,Authentication,102,34,-17,920,0,11,0,0,0,0,0,0,720,0
375,2026-07-07T11:45:52.695748000Z,Authentication,102,34,-17,920,0,11,0,0,1,0,0,0,720,0
376,2026-07-07T11:45:52.699809000Z,Authentication,102,34,-18,920,0,11,0,0,1,0,0,0,720,0
377,2026-07-07T11:45:52.703766000Z,Authentication,102,34,-17,920,0,11,0,0,1,0,0,0,720,0
378,2026-07-07T11:45:52.718260000Z,Authentication,102,34,-19,920,0,11,0,0,0,0,0,0,720,0
379,2026-07-07T11:45:52.722277000Z,Authentication,102,34,-18,920,0,11,0,0,1,0,0,0,720,0
380,2026-07-07T11:45:52.728095000Z,Authentication,102,34,-18,920,0,11,0,0,1,0,0,0,720,0
381,2026-07-07T11:45:52.731450000Z,Authentication,102,34,-18,920,0,11,0,0,1,0,0,0,720,0
385,2026-07-07T11:45:52.749761000Z,QoS Data,131,34,-19,920,2,8,1,0,0,0,0,1,720,0
387,2026-07-07T11:45:52.755075000Z,Authentication,166,34,-18,920,0,11,0,0,0,0,0,0,720,0
388,2026-07-07T11:45:52.760757000Z,Authentication,166,34,-19,920,0,11,0,0,1,0,0,0,720,0
389,2026-07-07T11:45:52.766443000Z,Authentication,166,34,-18,920,0,11,0,0,1,0,0,0,720,0
390,2026-07-07T11:45:52.771754000Z,Authentication,166,34,-17,920,0,11,0,0,1,0,0,0,720,0
391,2026-07-07T11:45:52.891840000Z,Authentication,166,34,-19,920,0,11,0,0,1,0,0,0,720,0
392,2026-07-07T11:45:52.903721000Z,Authentication,166,34,-19,920,0,11,0,0,1,0,0,0,720,0
393,2026-07-07T11:45:52.957112000Z,Data,287,34,-19,920,2,0,0,0,0,0,0,1,0,0
396,2026-07-07T11:45:53.026454000Z,Authentication,166,34,-17,920,0,11,0,0,0,0,0,0,720,0
397,2026-07-07T11:45:53.032289000Z,Authentication,166,34,-17,920,0,11,0,0,1,0,0,0,720,0
398,2026-07-07T11:45:53.038121000Z,Authentication,166,34,-18,920,0,11,0,0,1,0,0,0,720,0
399,2026-07-07T11:45:53.043859000Z,Authentication,166,34,-18,920,0,11,0,0,1,0,0,0,720,0
400,2026-07-07T11:45:53.156179000Z,Authentication,166,34,-18,920,0,11,0,0,0,0,0,0,720,0
401,2026-07-07T11:45:53.162278000Z,Authentication,166,34,-18,920,0,11,0,0,1,0,0,0,720,0
402,2026-07-07T11:45:53.167960000Z,Authentication,166,34,-17,920,0,11,0,0,1,0,0,0,720,0
403,2026-07-07T11:45:53.173849000Z,Authentication,166,34,-18,920,0,11,0,0,1,0,0,0,720,0
404,2026-07-07T11:45:53.292719000Z,Authentication,166,34,-16,920,0,11,0,0,0,0,0,0,720,0
405,2026-07-07T11:45:53.298399000Z,Authentication,166,34,-18,920,0,11,0,0,1,0,0,0,720,0
406,2026-07-07T11:45:53.304183000Z,Authentication,166,34,-16,920,0,11,0,0,1,0,0,0,720,0
407,2026-07-07T11:45:53.310170000Z,Authentication,166,34,-18,920,0,11,0,0,1,0,0,0,720,0
408,2026-07-07T11:45:53.483835000Z,S1G Beacon,129,34,-18,920,3,1,,,,,,,0,0
409,2026-07-07T11:45:53.531016000Z,Authentication,166,34,-17,920,0,11,0,0,0,0,0,0,720,0
410,2026-07-07T11:45:53.536383000Z,Authentication,166,34,-18,920,0,11,0,0,1,0,0,0,720,0
411,2026-07-07T11:45:53.542120000Z,Authentication,166,34,-17,920,0,11,0,0,1,0,0,0,720,0
412,2026-07-07T11:45:53.547952000Z,Authentication,166,34,-18,920,0,11,0,0,1,0,0,0,720,0
413,2026-07-07T11:45:53.746346000Z,Authentication,166,34,-17,920,0,11,0,0,0,0,0,0,720,0
414,2026-07-07T11:45:53.752021000Z,Authentication,166,34,-18,920,0,11,0,0,1,0,0,0,720,0
415,2026-07-07T11:45:53.758058000Z,Authentication,166,34,-18,920,0,11,0,0,1,0,0,0,720,0
416,2026-07-07T11:45:53.764105000Z,Authentication,166,34,-18,920,0,11,0,0,1,0,0,0,720,0
417,2026-07-07T11:45:53.796461000Z,Authentication,166,34,-75,920,0,11,0,0,0,0,0,0,0,0
418,2026-07-07T11:45:53.840673000Z,Authentication,166,34,-19,920,0,11,0,0,0,0,0,0,720,0
419,2026-07-07T11:45:53.846096000Z,Authentication,166,34,-19,920,0,11,0,0,1,0,0,0,720,0
420,2026-07-07T11:45:53.851829000Z,Authentication,166,34,-17,920,0,11,0,0,1,0,0,0,720,0
421,2026-07-07T11:45:53.857814000Z,Authentication,166,34,-18,920,0,11,0,0,1,0,0,0,720,0
422,2026-07-07T11:45:53.936977000Z,Authentication,166,34,-18,920,0,11,0,0,0,0,0,0,720,0
423,2026-07-07T11:45:53.942867000Z,Authentication,166,34,-18,920,0,11,0,0,1,0,0,0,720,0
424,2026-07-07T11:45:53.948801000Z,Authentication,166,34,-18,920,0,11,0,0,1,0,0,0,720,0
425,2026-07-07T11:45:53.954742000Z,Authentication,166,34,-18,920,0,11,0,0,1,0,0,0,720,0
426,2026-07-07T11:45:54.026515000Z,Authentication,166,34,-18,920,0,11,0,0,0,0,0,0,720,0
427,2026-07-07T11:45:54.032347000Z,Authentication,166,34,-18,920,0,11,0,0,1,0,0,0,720,0
428,2026-07-07T11:45:54.038548000Z,Authentication,166,34,-18,920,0,11,0,0,1,0,0,0,720,0
429,2026-07-07T11:45:54.044437000Z,Authentication,166,34,-18,920,0,11,0,0,1,0,0,0,720,0
430,2026-07-07T11:45:54.106900000Z,Authentication,102,34,-18,920,0,11,0,0,0,0,0,0,720,0
431,2026-07-07T11:45:54.111033000Z,Authentication,102,34,-17,920,0,11,0,0,1,0,0,0,720,0
432,2026-07-07T11:45:54.115398000Z,Authentication,102,34,-18,920,0,11,0,0,1,0,0,0,720,0
433,2026-07-07T11:45:54.119249000Z,Authentication,102,34,-17,920,0,11,0,0,1,0,0,0,720,0
434,2026-07-07T11:45:54.163553000Z,Authentication,166,34,-18,920,0,11,0,0,0,0,0,0,720,0
435,2026-07-07T11:45:54.169337000Z,Authentication,166,34,-18,920,0,11,0,0,1,0,0,0,720,0
436,2026-07-07T11:45:54.174493000Z,Authentication,166,34,-17,920,0,11,0,0,1,0,0,0,720,0
437,2026-07-07T11:45:54.180484000Z,Authentication,166,34,-18,920,0,11,0,0,1,0,0,0,720,0
438,2026-07-07T11:45:54.195520000Z,Authentication,166,34,-16,920,0,11,0,0,0,0,0,0,720,0
439,2026-07-07T11:45:54.201251000Z,Authentication,166,34,-18,920,0,11,0,0,1,0,0,0,720,0
440,2026-07-07T11:45:54.207299000Z,Authentication,166,34,-17,920,0,11,0,0,1,0,0,0,720,0
441,2026-07-07T11:45:54.213081000Z,Authentication,166,34,-16,920,0,11,0,0,1,0,0,0,720,0
442,2026-07-07T11:45:54.287989000Z,Authentication,166,34,-71,920,0,11,0,0,0,0,0,0,0,0
443,2026-07-07T11:45:54.295495000Z,Authentication,166,34,-16,920,0,11,0,0,0,0,0,0,720,0
444,2026-07-07T11:45:54.305866000Z,Authentication,166,34,-18,920,0,11,0,0,1,0,0,0,720,0
445,2026-07-07T11:45:54.317225000Z,Authentication,166,34,-18,920,0,11,0,0,1,0,0,0,720,0
446,2026-07-07T11:45:54.419057000Z,Authentication,166,34,-69,920,0,11,0,0,0,0,0,0,0,0
447,2026-07-07T11:45:54.425365000Z,Authentication,166,34,-15,920,0,11,0,0,0,0,0,0,720,0
448,2026-07-07T11:45:54.431409000Z,Authentication,166,34,-15,920,0,11,0,0,1,0,0,0,720,0
449,2026-07-07T11:45:54.437138000Z,Authentication,166,34,-15,920,0,11,0,0,1,0,0,0,720,0
450,2026-07-07T11:45:54.442821000Z,Authentication,166,34,-16,920,0,11,0,0,1,0,0,0,720,0
451,2026-07-07T11:45:54.550135000Z,Authentication,166,34,-69,920,0,11,0,0,0,0,0,0,0,0
452,2026-07-07T11:45:54.567111000Z,Authentication,166,34,-15,920,0,11,0,0,0,0,0,0,720,0
453,2026-07-07T11:45:54.572951000Z,Authentication,166,34,-16,920,0,11,0,0,1,0,0,0,720,0
454,2026-07-07T11:45:54.578943000Z,Authentication,166,34,-17,920,0,11,0,0,1,0,0,0,720,0
455,2026-07-07T11:45:54.584828000Z,Authentication,166,34,-16,920,0,11,0,0,1,0,0,0,720,0
456,2026-07-07T11:45:54.688817000Z,Authentication,166,34,-15,920,0,11,0,0,0,0,0,0,720,0
457,2026-07-07T11:45:54.694498000Z,Authentication,166,34,-15,920,0,11,0,0,1,0,0,0,720,0
458,2026-07-07T11:45:54.700279000Z,Authentication,166,34,-16,920,0,11,0,0,1,0,0,0,720,0
459,2026-07-07T11:45:54.706275000Z,Authentication,166,34,-16,920,0,11,0,0,1,0,0,0,720,0
460,2026-07-07T11:45:54.733259000Z,Authentication,198,34,-67,920,0,11,0,0,0,0,0,0,0,0
461,2026-07-07T11:45:54.740418000Z,Authentication,198,34,-68,920,0,11,0,0,0,0,0,0,0,0
462,2026-07-07T11:45:54.747590000Z,Authentication,198,34,-69,920,0,11,0,0,0,0,0,0,0,0
463,2026-07-07T11:45:54.812282000Z,Authentication,166,34,-69,920,0,11,0,0,0,0,0,0,0,0
464,2026-07-07T11:45:54.892385000Z,Authentication,166,34,-16,920,0,11,0,0,0,0,0,0,720,0
465,2026-07-07T11:45:54.898167000Z,Authentication,166,34,-15,920,0,11,0,0,1,0,0,0,720,0
466,2026-07-07T11:45:54.904008000Z,Authentication,166,34,-16,920,0,11,0,0,1,0,0,0,720,0
467,2026-07-07T11:45:54.909735000Z,Authentication,166,34,-16,920,0,11,0,0,1,0,0,0,720,0
468,2026-07-07T11:45:54.943358000Z,Authentication,166,34,-70,920,0,11,0,0,0,0,0,0,0,0
469,2026-07-07T11:45:54.970236000Z,Authentication,166,34,-16,920,0,11,0,0,0,0,0,0,720,0
470,2026-07-07T11:45:54.976279000Z,Authentication,166,34,-15,920,0,11,0,0,1,0,0,0,720,0
471,2026-07-07T11:45:54.981907000Z,Authentication,166,34,-15,920,0,11,0,0,1,0,0,0,720,0
472,2026-07-07T11:45:54.987580000Z,Authentication,166,34,-14,920,0,11,0,0,1,0,0,0,720,0
473,2026-07-07T11:45:55.029600000Z,Authentication,166,34,-16,920,0,11,0,0,0,0,0,0,720,0
474,2026-07-07T11:45:55.035383000Z,Authentication,166,34,-15,920,0,11,0,0,1,0,0,0,720,0
475,2026-07-07T11:45:55.041177000Z,Authentication,166,34,-15,920,0,11,0,0,1,0,0,0,720,0
476,2026-07-07T11:45:55.046950000Z,Authentication,166,34,-15,920,0,11,0,0,1,0,0,0,720,0
477,2026-07-07T11:45:55.074433000Z,Authentication,166,34,-71,920,0,11,0,0,0,0,0,0,0,0
478,2026-07-07T11:45:55.103115000Z,Authentication,102,34,-15,920,0,11,0,0,0,0,0,0,720,0
479,2026-07-07T11:45:55.107440000Z,Authentication,102,34,-15,920,0,11,0,0,1,0,0,0,720,0
480,2026-07-07T11:45:55.111406000Z,Authentication,102,34,-16,920,0,11,0,0,1,0,0,0,720,0
481,2026-07-07T11:45:55.115518000Z,Authentication,102,34,-16,920,0,11,0,0,1,0,0,0,720,0
482,2026-07-07T11:45:55.161500000Z,S1G Beacon,129,34,-16,920,3,1,,,,,,,0,0
483,2026-07-07T11:45:55.203451000Z,Authentication,166,34,-72,920,0,11,0,0,0,0,0,0,0,0
484,2026-07-07T11:45:55.216240000Z,Authentication,166,34,-15,920,0,11,0,0,0,0,0,0,720,0
485,2026-07-07T11:45:55.222028000Z,Authentication,166,34,-16,920,0,11,0,0,1,0,0,0,720,0
486,2026-07-07T11:45:55.227706000Z,Authentication,166,34,-15,920,0,11,0,0,1,0,0,0,720,0
487,2026-07-07T11:45:55.233750000Z,Authentication,166,34,-16,920,0,11,0,0,1,0,0,0,720,0
488,2026-07-07T11:45:55.346169000Z,Authentication,166,34,-16,920,0,11,0,0,0,0,0,0,720,0
489,2026-07-07T11:45:55.352116000Z,Authentication,166,34,-15,920,0,11,0,0,1,0,0,0,720,0
490,2026-07-07T11:45:55.357892000Z,Authentication,166,34,-16,920,0,11,0,0,1,0,0,0,720,0
491,2026-07-07T11:45:55.466267000Z,Authentication,166,34,-17,920,0,11,0,0,0,0,0,0,720,0
492,2026-07-07T11:45:55.471996000Z,Authentication,166,34,-16,920,0,11,0,0,1,0,0,0,720,0
493,2026-07-07T11:45:55.477832000Z,Authentication,166,34,-18,920,0,11,0,0,1,0,0,0,720,0
494,2026-07-07T11:45:55.483766000Z,Authentication,166,34,-16,920,0,11,0,0,1,0,0,0,720,0
495,2026-07-07T11:45:55.586467000Z,Authentication,166,34,-17,920,0,11,0,0,0,0,0,0,720,0
496,2026-07-07T11:45:55.592253000Z,Authentication,166,34,-17,920,0,11,0,0,1,0,0,0,720,0
497,2026-07-07T11:45:55.598033000Z,Authentication,166,34,-17,920,0,11,0,0,1,0,0,0,720,0
498,2026-07-07T11:45:55.603764000Z,Authentication,166,34,-18,920,0,11,0,0,1,0,0,0,720,0
499,2026-07-07T11:45:55.713420000Z,Authentication,166,34,-67,920,0,11,0,0,0,0,0,0,0,0
500,2026-07-07T11:45:55.726329000Z,Authentication,166,34,-17,920,0,11,0,0,0,0,0,0,720,0
501,2026-07-07T11:45:55.735650000Z,Authentication,198,34,-70,920,0,11,0,0,0,0,0,0,0,0
502,2026-07-07T11:45:55.742364000Z,Authentication,166,34,-18,920,0,11,0,0,1,0,0,0,720,0
503,2026-07-07T11:45:55.750178000Z,Authentication,166,34,-17,920,0,11,0,0,1,0,0,0,720,0
504,2026-07-07T11:45:55.756133000Z,Authentication,166,34,-17,920,0,11,0,0,1,0,0,0,720,0
505,2026-07-07T11:45:55.844491000Z,Authentication,166,34,-75,920,0,11,0,0,0,0,0,0,0,0
506,2026-07-07T11:45:55.939712000Z,S1G Beacon,61,34,-17,920,3,1,,,,,,,0,0
507,2026-07-07T11:45:55.981288000Z,Data,287,34,-18,920,2,0,0,0,0,0,0,1,0,0
508,2026-07-07T11:45:56.014567000Z,Authentication,166,34,-17,920,0,11,0,0,0,0,0,0,720,0
509,2026-07-07T11:45:56.020301000Z,Authentication,166,34,-17,920,0,11,0,0,1,0,0,0,720,0
510,2026-07-07T11:45:56.025981000Z,Authentication,166,34,-17,920,0,11,0,0,1,0,0,0,720,0
511,2026-07-07T11:45:56.031713000Z,Authentication,166,34,-17,920,0,11,0,0,1,0,0,0,720,0
512,2026-07-07T11:45:56.087850000Z,Authentication,166,34,-18,920,0,11,0,0,0,0,0,0,720,0
513,2026-07-07T11:45:56.096955000Z,Authentication,166,34,-17,920,0,11,0,0,1,0,0,0,720,0
514,2026-07-07T11:45:56.102640000Z,Authentication,166,34,-16,920,0,11,0,0,1,0,0,0,720,0
515,2026-07-07T11:45:56.108627000Z,Authentication,166,34,-18,920,0,11,0,0,1,0,0,0,720,0
516,2026-07-07T11:45:56.147365000Z,Authentication,166,34,-17,920,0,11,0,0,0,0,0,0,720,0
517,2026-07-07T11:45:56.153200000Z,Authentication,166,34,-16,920,0,11,0,0,1,0,0,0,720,0
518,2026-07-07T11:45:56.158935000Z,Authentication,166,34,-16,920,0,11,0,0,1,0,0,0,720,0
519,2026-07-07T11:45:56.164874000Z,Authentication,166,34,-18,920,0,11,0,0,1,0,0,0,720,0
520,2026-07-07T11:45:56.221233000Z,Authentication,166,34,-16,920,0,11,0,0,0,0,0,0,720,0
521,2026-07-07T11:45:56.227276000Z,Authentication,166,34,-18,920,0,11,0,0,1,0,0,0,720,0
522,2026-07-07T11:45:56.232592000Z,Authentication,166,34,-18,920,0,11,0,0,1,0,0,0,720,0
523,2026-07-07T11:45:56.238480000Z,Authentication,166,34,-18,920,0,11,0,0,1,0,0,0,720,0
524,2026-07-07T11:45:56.366256000Z,Authentication,166,34,-17,920,0,11,0,0,0,0,0,0,720,0
525,2026-07-07T11:45:56.372096000Z,Authentication,166,34,-17,920,0,11,0,0,1,0,0,0,720,0
526,2026-07-07T11:45:56.378143000Z,Authentication,166,34,-17,920,0,11,0,0,1,0,0,0,720,0
527,2026-07-07T11:45:56.384034000Z,Authentication,166,34,-17,920,0,11,0,0,1,0,0,0,720,0
528,2026-07-07T11:45:56.496289000Z,Authentication,166,34,-17,920,0,11,0,0,0,0,0,0,720,0
529,2026-07-07T11:45:56.508012000Z,Authentication,166,34,-18,920,0,11,0,0,1,0,0,0,720,0
530,2026-07-07T11:45:56.513850000Z,Authentication,166,34,-17,920,0,11,0,0,1,0,0,0,720,0
531,2026-07-07T11:45:56.620814000Z,Authentication,166,34,-18,920,0,11,0,0,0,0,0,0,720,0
532,2026-07-07T11:45:56.626493000Z,Authentication,166,34,-18,920,0,11,0,0,1,0,0,0,720,0
533,2026-07-07T11:45:56.632178000Z,Authentication,166,34,-18,920,0,11,0,0,1,0,0,0,720,0
534,2026-07-07T11:45:56.638166000Z,Authentication,166,34,-19,920,0,11,0,0,1,0,0,0,720,0
535,2026-07-07T11:45:56.760743000Z,S1G Beacon,129,34,-18,920,3,1,,,,,,,0,0
536,2026-07-07T11:45:56.765551000Z,Authentication,166,34,-18,920,0,11,0,0,0,0,0,0,720,0
537,2026-07-07T11:45:56.771277000Z,Authentication,166,34,-19,920,0,11,0,0,1,0,0,0,720,0
538,2026-07-07T11:45:56.777218000Z,Authentication,166,34,-18,920,0,11,0,0,1,0,0,0,720,0
539,2026-07-07T11:45:56.783056000Z,Authentication,166,34,-18,920,0,11,0,0,1,0,0,0,720,0
540,2026-07-07T11:45:56.886360000Z,Authentication,166,34,-18,920,0,11,0,0,0,0,0,0,720,0
541,2026-07-07T11:45:56.892355000Z,Authentication,166,34,-19,920,0,11,0,0,1,0,0,0,720,0
542,2026-07-07T11:45:56.898188000Z,Authentication,166,34,-18,920,0,11,0,0,1,0,0,0,720,0
543,2026-07-07T11:45:56.903923000Z,Authentication,166,34,-18,920,0,11,0,0,1,0,0,0,720,0
544,2026-07-07T11:45:57.027228000Z,Authentication,166,34,-22,920,0,11,0,0,1,0,0,0,720,0
545,2026-07-07T11:45:57.038797000Z,Authentication,166,34,-22,920,0,11,0,0,1,0,0,0,720,0
546,2026-07-07T11:45:57.171594000Z,Authentication,166,34,-16,920,0,11,0,0,0,0,0,0,720,0
547,2026-07-07T11:45:57.177637000Z,Authentication,166,34,-17,920,0,11,0,0,1,0,0,0,720,0
548,2026-07-07T11:45:57.183475000Z,Authentication,166,34,-17,920,0,11,0,0,1,0,0,0,720,0
549,2026-07-07T11:45:57.189464000Z,Authentication,166,34,-18,920,0,11,0,0,1,0,0,0,720,0
550,2026-07-07T11:45:57.250474000Z,Authentication,166,34,-67,920,0,11,0,0,0,0,0,0,0,0
551,2026-07-07T11:45:57.256779000Z,Authentication,166,34,-17,920,0,11,0,0,0,0,0,0,720,0
552,2026-07-07T11:45:57.262198000Z,Authentication,166,34,-16,920,0,11,0,0,1,0,0,0,720,0
553,2026-07-07T11:45:57.268087000Z,Authentication,166,34,-17,920,0,11,0,0,1,0,0,0,720,0
554,2026-07-07T11:45:57.273822000Z,Authentication,166,34,-18,920,0,11,0,0,1,0,0,0,720,0
555,2026-07-07T11:45:57.386288000Z,Authentication,166,34,-16,920,0,11,0,0,0,0,0,0,720,0
556,2026-07-07T11:45:57.392076000Z,Authentication,166,34,-18,920,0,11,0,0,1,0,0,0,720,0
557,2026-07-07T11:45:57.398065000Z,Authentication,166,34,-17,920,0,11,0,0,1,0,0,0,720,0
558,2026-07-07T11:45:57.403746000Z,Authentication,166,34,-18,920,0,11,0,0,1,0,0,0,720,0
559,2026-07-07T11:45:57.512625000Z,Authentication,166,34,-68,920,0,11,0,0,0,0,0,0,0,0
560,2026-07-07T11:45:57.526312000Z,Authentication,166,34,-18,920,0,11,0,0,0,0,0,0,720,0
561,2026-07-07T11:45:57.532306000Z,Authentication,166,34,-19,920,0,11,0,0,1,0,0,0,720,0
562,2026-07-07T11:45:57.544234000Z,Authentication,166,34,-19,920,0,11,0,0,1,0,0,0,720,0
563,2026-07-07T11:45:57.578166000Z,S1G Beacon,61,34,-19,920,3,1,,,,,,,0,0
564,2026-07-07T11:45:57.643696000Z,Authentication,166,34,-70,920,0,11,0,0,0,0,0,0,0,0
565,2026-07-07T11:45:57.650002000Z,Authentication,166,34,-20,920,0,11,0,0,0,0,0,0,720,0
566,2026-07-07T11:45:57.655992000Z,Authentication,166,34,-20,920,0,11,0,0,1,0,0,0,720,0
567,2026-07-07T11:45:57.667774000Z,Authentication,166,34,-21,920,0,11,0,0,1,0,0,0,720,0
568,2026-07-07T11:45:57.775792000Z,Authentication,166,34,-69,920,0,11,0,0,0,0,0,0,0,0
569,2026-07-07T11:45:57.787934000Z,Authentication,166,34,-21,920,0,11,0,0,1,0,0,0,720,0
570,2026-07-07T11:45:57.793930000Z,Authentication,166,34,-20,920,0,11,0,0,1,0,0,0,720,0
571,2026-07-07T11:45:57.885666000Z,QoS Data,149,34,-15,920,2,8,1,0,0,0,0,1,720,0
573,2026-07-07T11:45:57.888127000Z,QoS Data,149,34,-27,920,2,8,0,0,0,0,0,1,720,0
576,2026-07-07T11:45:57.897912000Z,QoS Data,131,34,-27,920,2,8,0,0,0,0,0,1,720,0
578,2026-07-07T11:45:57.910963000Z,Authentication,166,34,-71,920,0,11,0,0,0,0,0,0,0,0
579,2026-07-07T11:45:57.917329000Z,Authentication,166,34,-19,920,0,11,0,0,0,0,0,0,720,0
580,2026-07-07T11:45:57.923327000Z,Authentication,166,34,-19,920,0,11,0,0,1,0,0,0,720,0
581,2026-07-07T11:45:57.929053000Z,Authentication,166,34,-19,920,0,11,0,0,1,0,0,0,720,0
582,2026-07-07T11:45:57.934732000Z,Authentication,166,34,-19,920,0,11,0,0,1,0,0,0,720,0
583,2026-07-07T11:45:57.977890000Z,QoS Data,128,34,-14,920,2,8,1,0,0,0,0,1,720,0
584,2026-07-07T11:45:57.980355000Z,QoS Data,128,34,-25,920,2,8,0,0,0,0,0,1,720,0
586,2026-07-07T11:45:58.036918000Z,Authentication,166,34,-69,920,0,11,0,0,0,0,0,0,0,0
587,2026-07-07T11:45:58.043175000Z,Authentication,166,34,-17,920,0,11,0,0,0,0,0,0,720,0
588,2026-07-07T11:45:58.048961000Z,Authentication,166,34,-17,920,0,11,0,0,1,0,0,0,720,0
589,2026-07-07T11:45:58.054795000Z,Authentication,166,34,-18,920,0,11,0,0,1,0,0,0,720,0
590,2026-07-07T11:45:58.060472000Z,Authentication,166,34,-18,920,0,11,0,0,1,0,0,0,720,0
591,2026-07-07T11:45:58.164925000Z,Authentication,166,34,-71,920,0,11,0,0,0,0,0,0,0,0
592,2026-07-07T11:45:58.172686000Z,Authentication,166,34,-16,920,0,11,0,0,0,0,0,0,720,0
593,2026-07-07T11:45:58.184512000Z,Authentication,166,34,-16,920,0,11,0,0,1,0,0,0,720,0
594,2026-07-07T11:45:58.190454000Z,Authentication,166,34,-18,920,0,11,0,0,1,0,0,0,720,0
595,2026-07-07T11:45:58.295997000Z,Authentication,166,34,-73,920,0,11,0,0,0,0,0,0,0,0
596,2026-07-07T11:45:58.304698000Z,Authentication,166,34,-16,920,0,11,0,0,0,0,0,0,720,0
597,2026-07-07T11:45:58.310485000Z,Authentication,166,34,-17,920,0,11,0,0,1,0,0,0,720,0
598,2026-07-07T11:45:58.316215000Z,Authentication,166,34,-18,920,0,11,0,0,1,0,0,0,720,0
599,2026-07-07T11:45:58.322263000Z,Authentication,166,34,-17,920,0,11,0,0,1,0,0,0,720,0
600,2026-07-07T11:45:58.399186000Z,S1G Beacon,129,34,-18,920,3,1,,,,,,,0,0
601,2026-07-07T11:45:58.416830000Z,Authentication,166,34,-70,920,0,11,0,0,0,0,0,0,0,0
602,2026-07-07T11:45:58.455083000Z,Authentication,166,34,-17,920,0,11,0,0,0,0,0,0,720,0
603,2026-07-07T11:45:58.460921000Z,Authentication,166,34,-16,920,0,11,0,0,1,0,0,0,720,0
604,2026-07-07T11:45:58.466912000Z,Authentication,166,34,-16,920,0,11,0,0,1,0,0,0,720,0
605,2026-07-07T11:45:58.472852000Z,Authentication,166,34,-17,920,0,11,0,0,1,0,0,0,720,0
606,2026-07-07T11:45:58.547910000Z,Authentication,166,34,-68,920,0,11,0,0,0,0,0,0,0,0
607,2026-07-07T11:45:58.556557000Z,Authentication,166,34,-17,920,0,11,0,0,0,0,0,0,720,0
608,2026-07-07T11:45:58.562345000Z,Authentication,166,34,-16,920,0,11,0,0,1,0,0,0,720,0
609,2026-07-07T11:45:58.568226000Z,Authentication,166,34,-16,920,0,11,0,0,1,0,0,0,720,0
610,2026-07-07T11:45:58.574014000Z,Authentication,166,34,-16,920,0,11,0,0,1,0,0,0,720,0
611,2026-07-07T11:45:58.678983000Z,Authentication,166,34,-69,920,0,11,0,0,0,0,0,0,0,0
612,2026-07-07T11:45:58.688875000Z,Authentication,166,34,-15,920,0,11,0,0,0,0,0,0,720,0
613,2026-07-07T11:45:58.694871000Z,Authentication,166,34,-14,920,0,11,0,0,1,0,0,0,720,0
614,2026-07-07T11:45:58.700757000Z,Authentication,166,34,-15,920,0,11,0,0,1,0,0,0,720,0
615,2026-07-07T11:45:58.706750000Z,Authentication,166,34,-15,920,0,11,0,0,1,0,0,0,720,0
616,2026-07-07T11:45:58.956347000Z,Authentication,166,34,-16,920,0,11,0,0,0,0,0,0,720,0
617,2026-07-07T11:45:58.962382000Z,Authentication,166,34,-17,920,0,11,0,0,1,0,0,0,720,0
618,2026-07-07T11:45:58.968106000Z,Authentication,166,34,-16,920,0,11,0,0,1,0,0,0,720,0
619,2026-07-07T11:45:58.973991000Z,Authentication,166,34,-16,920,0,11,0,0,1,0,0,0,720,0
620,2026-07-07T11:45:59.005270000Z,Data,287,34,-17,920,2,0,0,0,0,0,0,1,0,0
621,2026-07-07T11:45:59.072205000Z,Authentication,166,34,-69,920,0,11,0,0,0,0,0,0,0,0
622,2026-07-07T11:45:59.078460000Z,Authentication,166,34,-16,920,0,11,0,0,0,0,0,0,720,0
623,2026-07-07T11:45:59.084185000Z,Authentication,166,34,-17,920,0,11,0,0,1,0,0,0,720,0
624,2026-07-07T11:45:59.090126000Z,Authentication,166,34,-16,920,0,11,0,0,1,0,0,0,720,0
625,2026-07-07T11:45:59.095968000Z,Authentication,166,34,-17,920,0,11,0,0,1,0,0,0,720,0
626,2026-07-07T11:45:59.124950000Z,Data,132,34,-16,920,2,0,0,0,0,0,0,1,0,0
627,2026-07-07T11:45:59.203277000Z,Authentication,166,34,-69,920,0,11,0,0,0,0,0,0,0,0
628,2026-07-07T11:45:59.216609000Z,S1G Beacon,61,34,-17,920,3,1,,,,,,,0,0
629,2026-07-07T11:45:59.221313000Z,Authentication,166,34,-17,920,0,11,0,0,0,0,0,0,720,0
630,2026-07-07T11:45:59.227100000Z,Authentication,166,34,-16,920,0,11,0,0,1,0,0,0,720,0
631,2026-07-07T11:45:59.233042000Z,Authentication,166,34,-16,920,0,11,0,0,1,0,0,0,720,0
632,2026-07-07T11:45:59.238722000Z,Authentication,166,34,-17,920,0,11,0,0,1,0,0,0,720,0
633,2026-07-07T11:45:59.321049000Z,Authentication,166,34,-70,920,0,11,0,0,0,0,0,0,0,0
634,2026-07-07T11:45:59.327611000Z,Authentication,166,34,-17,920,0,11,0,0,0,0,0,0,720,0
635,2026-07-07T11:45:59.333444000Z,Authentication,166,34,-17,920,0,11,0,0,1,0,0,0,720,0
636,2026-07-07T11:45:59.339337000Z,Authentication,166,34,-18,920,0,11,0,0,1,0,0,0,720,0
637,2026-07-07T11:45:59.344807000Z,Authentication,166,34,-18,920,0,11,0,0,1,0,0,0,720,0
638,2026-07-07T11:45:59.449045000Z,Authentication,166,34,-71,920,0,11,0,0,0,0,0,0,0,0
639,2026-07-07T11:45:59.456287000Z,Authentication,166,34,-18,920,0,11,0,0,0,0,0,0,720,0
640,2026-07-07T11:45:59.462179000Z,Authentication,166,34,-17,920,0,11,0,0,1,0,0,0,720,0
641,2026-07-07T11:45:59.467495000Z,Authentication,166,34,-17,920,0,11,0,0,1,0,0,0,720,0
642,2026-07-07T11:45:59.473175000Z,Authentication,166,34,-18,920,0,11,0,0,1,0,0,0,720,0
643,2026-07-07T11:45:59.580116000Z,Authentication,166,34,-71,920,0,11,0,0,0,0,0,0,0,0
644,2026-07-07T11:45:59.586478000Z,Authentication,166,34,-17,920,0,11,0,0,0,0,0,0,720,0
645,2026-07-07T11:45:59.592523000Z,Authentication,166,34,-17,920,0,11,0,0,1,0,0,0,720,0
646,2026-07-07T11:45:59.598253000Z,Authentication,166,34,-18,920,0,11,0,0,1,0,0,0,720,0
647,2026-07-07T11:45:59.603984000Z,Authentication,166,34,-19,920,0,11,0,0,1,0,0,0,720,0
648,2026-07-07T11:45:59.736668000Z,Authentication,166,34,-17,920,0,11,0,0,0,0,0,0,720,0
649,2026-07-07T11:45:59.742555000Z,Authentication,166,34,-17,920,0,11,0,0,1,0,0,0,720,0
650,2026-07-07T11:45:59.748440000Z,Authentication,166,34,-17,920,0,11,0,0,1,0,0,0,720,0
651,2026-07-07T11:45:59.754278000Z,Authentication,166,34,-17,920,0,11,0,0,1,0,0,0,720,0
652,2026-07-07T11:45:59.825886000Z,Authentication,166,34,-69,920,0,11,0,0,0,0,0,0,0,0
653,2026-07-07T11:45:59.836349000Z,Authentication,166,34,-17,920,0,11,0,0,0,0,0,0,720,0
654,2026-07-07T11:45:59.842243000Z,Authentication,166,34,-17,920,0,11,0,0,1,0,0,0,720,0
655,2026-07-07T11:45:59.848075000Z,Authentication,166,34,-17,920,0,11,0,0,1,0,0,0,720,0
656,2026-07-07T11:45:59.854068000Z,Authentication,166,34,-18,920,0,11,0,0,1,0,0,0,720,0
657,2026-07-07T11:45:59.956968000Z,Authentication,166,34,-69,920,0,11,0,0,0,0,0,0,0,0
658,2026-07-07T11:45:59.966335000Z,Authentication,166,34,-18,920,0,11,0,0,0,0,0,0,720,0
659,2026-07-07T11:45:59.972331000Z,Authentication,166,34,-17,920,0,11,0,0,1,0,0,0,720,0
660,2026-07-07T11:45:59.978010000Z,Authentication,166,34,-18,920,0,11,0,0,1,0,0,0,720,0
661,2026-07-07T11:45:59.983946000Z,Authentication,166,34,-19,920,0,11,0,0,1,0,0,0,720,0
662,2026-07-07T11:46:00.037640000Z,S1G Beacon,129,34,-18,920,3,1,,,,,,,0,0
663,2026-07-07T11:46:00.088029000Z,Authentication,166,34,-72,920,0,11,0,0,0,0,0,0,0,0
664,2026-07-07T11:46:00.096596000Z,Authentication,166,34,-18,920,0,11,0,0,0,0,0,0,720,0
665,2026-07-07T11:46:00.102380000Z,Authentication,166,34,-17,920,0,11,0,0,1,0,0,0,720,0
666,2026-07-07T11:46:00.108218000Z,Authentication,166,34,-17,920,0,11,0,0,1,0,0,0,720,0
667,2026-07-07T11:46:00.114158000Z,Authentication,166,34,-19,920,0,11,0,0,1,0,0,0,720,0
668,2026-07-07T11:46:00.225420000Z,Authentication,166,34,-17,920,0,11,0,0,0,0,0,0,720,0
669,2026-07-07T11:46:00.231198000Z,Authentication,166,34,-17,920,0,11,0,0,1,0,0,0,720,0
670,2026-07-07T11:46:00.237240000Z,Authentication,166,34,-18,920,0,11,0,0,1,0,0,0,720,0
671,2026-07-07T11:46:00.243131000Z,Authentication,166,34,-18,920,0,11,0,0,1,0,0,0,720,0
672,2026-07-07T11:46:00.350184000Z,Authentication,166,34,-69,920,0,11,0,0,0,0,0,0,0,0
673,2026-07-07T11:46:00.356541000Z,Authentication,166,34,-17,920,0,11,0,0,0,0,0,0,720,0
674,2026-07-07T11:46:00.362223000Z,Authentication,166,34,-18,920,0,11,0,0,1,0,0,0,720,0
675,2026-07-07T11:46:00.368266000Z,Authentication,166,34,-19,920,0,11,0,0,1,0,0,0,720,0
676,2026-07-07T11:46:00.374311000Z,Authentication,166,34,-18,920,0,11,0,0,1,0,0,0,720,0
677,2026-07-07T11:46:00.481256000Z,Authentication,166,34,-71,920,0,11,0,0,0,0,0,0,0,0
678,2026-07-07T11:46:00.487614000Z,Authentication,166,34,-17,920,0,11,0,0,0,0,0,0,720,0
679,2026-07-07T11:46:00.493609000Z,Authentication,166,34,-19,920,0,11,0,0,1,0,0,0,720,0
680,2026-07-07T11:46:00.505233000Z,Authentication,166,34,-20,920,0,11,0,0,1,0,0,0,720,0
681,2026-07-07T11:46:00.612335000Z,Authentication,166,34,-71,920,0,11,0,0,0,0,0,0,0,0
682,2026-07-07T11:46:00.618543000Z,Authentication,166,34,-18,920,0,11,0,0,0,0,0,0,720,0
683,2026-07-07T11:46:00.630268000Z,Authentication,166,34,-18,920,0,11,0,0,1,0,0,0,720,0
684,2026-07-07T11:46:00.636053000Z,Authentication,166,34,-18,920,0,11,0,0,1,0,0,0,720,0
685,2026-07-07T11:46:00.737256000Z,Authentication,166,34,-71,920,0,11,0,0,0,0,0,0,0,0
686,2026-07-07T11:46:00.746371000Z,Authentication,166,34,-19,920,0,11,0,0,0,0,0,0,720,0
687,2026-07-07T11:46:00.752212000Z,Authentication,166,34,-18,920,0,11,0,0,1,0,0,0,720,0
688,2026-07-07T11:46:00.763936000Z,Authentication,166,34,-19,920,0,11,0,0,1,0,0,0,720,0
689,2026-07-07T11:46:00.855060000Z,S1G Beacon,61,34,-19,920,3,1,,,,,,,0,0
690,2026-07-07T11:46:00.861174000Z,Authentication,166,34,-68,920,0,11,0,0,0,0,0,0,0,0
691,2026-07-07T11:46:00.877199000Z,Authentication,166,34,-18,920,0,11,0,0,0,0,0,0,720,0
692,2026-07-07T11:46:00.882884000Z,Authentication,166,34,-19,920,0,11,0,0,1,0,0,0,720,0
693,2026-07-07T11:46:00.888721000Z,Authentication,166,34,-18,920,0,11,0,0,1,0,0,0,720,0
694,2026-07-07T11:46:00.894774000Z,Authentication,166,34,-18,920,0,11,0,0,1,0,0,0,720,0
695,2026-07-07T11:46:00.988156000Z,Authentication,166,34,-70,920,0,11,0,0,0,0,0,0,0,0
696,2026-07-07T11:46:01.020720000Z,Authentication,166,34,-17,920,0,11,0,0,0,0,0,0,720,0
697,2026-07-07T11:46:01.026564000Z,Authentication,166,34,-18,920,0,11,0,0,1,0,0,0,720,0
698,2026-07-07T11:46:01.032548000Z,Authentication,166,34,-18,920,0,11,0,0,1,0,0,0,720,0
699,2026-07-07T11:46:01.038331000Z,Authentication,166,34,-18,920,0,11,0,0,1,0,0,0,720,0
700,2026-07-07T11:46:01.126389000Z,Authentication,166,34,-69,920,0,11,0,0,0,0,0,0,0,0
701,2026-07-07T11:46:01.132662000Z,Authentication,166,34,-18,920,0,11,0,0,0,0,0,0,720,0
702,2026-07-07T11:46:01.138551000Z,Authentication,166,34,-17,920,0,11,0,0,1,0,0,0,720,0
703,2026-07-07T11:46:01.144489000Z,Authentication,166,34,-19,920,0,11,0,0,1,0,0,0,720,0
704,2026-07-07T11:46:01.150324000Z,Authentication,166,34,-17,920,0,11,0,0,1,0,0,0,720,0
705,2026-07-07T11:46:01.249273000Z,Authentication,166,34,-67,920,0,11,0,0,0,0,0,0,0,0
706,2026-07-07T11:46:01.255528000Z,Authentication,166,34,-19,920,0,11,0,0,0,0,0,0,720,0
707,2026-07-07T11:46:01.261418000Z,Authentication,166,34,-18,920,0,11,0,0,1,0,0,0,720,0
708,2026-07-07T11:46:01.267150000Z,Authentication,166,34,-17,920,0,11,0,0,1,0,0,0,720,0
709,2026-07-07T11:46:01.272935000Z,Authentication,166,34,-17,920,0,11,0,0,1,0,0,0,720,0
710,2026-07-07T11:46:01.376253000Z,Authentication,166,34,-71,920,0,11,0,0,0,0,0,0,0,0
711,2026-07-07T11:46:01.386356000Z,Authentication,166,34,-17,920,0,11,0,0,0,0,0,0,720,0
712,2026-07-07T11:46:01.392135000Z,Authentication,166,34,-19,920,0,11,0,0,1,0,0,0,720,0
713,2026-07-07T11:46:01.397810000Z,Authentication,166,34,-17,920,0,11,0,0,1,0,0,0,720,0
714,2026-07-07T11:46:01.403599000Z,Authentication,166,34,-18,920,0,11,0,0,1,0,0,0,720,0
715,2026-07-07T11:46:01.497132000Z,Authentication,166,34,-69,920,0,11,0,0,0,0,0,0,0,0
716,2026-07-07T11:46:01.511740000Z,Authentication,166,34,-18,920,0,11,0,0,1,0,0,0,720,0
717,2026-07-07T11:46:01.517619000Z,Authentication,166,34,-18,920,0,11,0,0,1,0,0,0,720,0
718,2026-07-07T11:46:01.522832000Z,Authentication,166,34,-18,920,0,11,0,0,1,0,0,0,720,0
719,2026-07-07T11:46:01.628172000Z,Authentication,166,34,-69,920,0,11,0,0,0,0,0,0,0,0
720,2026-07-07T11:46:01.636609000Z,Authentication,166,34,-19,920,0,11,0,0,0,0,0,0,720,0
721,2026-07-07T11:46:01.642497000Z,Authentication,166,34,-18,920,0,11,0,0,1,0,0,0,720,0
722,2026-07-07T11:46:01.648177000Z,Authentication,166,34,-18,920,0,11,0,0,1,0,0,0,720,0
723,2026-07-07T11:46:01.654165000Z,Authentication,166,34,-18,920,0,11,0,0,1,0,0,0,720,0
724,2026-07-07T11:46:01.759243000Z,Authentication,166,34,-71,920,0,11,0,0,0,0,0,0,0,0
725,2026-07-07T11:46:01.765547000Z,Authentication,166,34,-18,920,0,11,0,0,0,0,0,0,720,0
726,2026-07-07T11:46:01.770967000Z,Authentication,166,34,-19,920,0,11,0,0,1,0,0,0,720,0
727,2026-07-07T11:46:01.776852000Z,Authentication,166,34,-18,920,0,11,0,0,1,0,0,0,720,0
728,2026-07-07T11:46:01.890310000Z,Authentication,166,34,-68,920,0,11,0,0,0,0,0,0,0,0
729,2026-07-07T11:46:01.906394000Z,Authentication,166,34,-18,920,0,11,0,0,0,0,0,0,720,0
730,2026-07-07T11:46:01.912075000Z,Authentication,166,34,-18,920,0,11,0,0,1,0,0,0,720,0
731,2026-07-07T11:46:01.917859000Z,Authentication,166,34,-19,920,0,11,0,0,1,0,0,0,720,0
732,2026-07-07T11:46:01.923749000Z,Authentication,166,34,-19,920,0,11,0,0,1,0,0,0,720,0
733,2026-07-07T11:46:01.972179000Z,Data,132,34,-18,920,2,0,0,0,0,0,0,1,0,0
734,2026-07-07T11:46:02.021407000Z,Authentication,166,34,-71,920,0,11,0,0,0,0,0,0,0,0
735,2026-07-07T11:46:02.029822000Z,Data,287,34,-18,920,2,0,0,0,0,0,0,1,0,0
736,2026-07-07T11:46:02.034441000Z,Authentication,166,34,-18,920,0,11,0,0,0,0,0,0,720,0
737,2026-07-07T11:46:02.040332000Z,Authentication,166,34,-19,920,0,11,0,0,1,0,0,0,720,0
738,2026-07-07T11:46:02.046117000Z,Authentication,166,34,-18,920,0,11,0,0,1,0,0,0,720,0
739,2026-07-07T11:46:02.051955000Z,Authentication,166,34,-18,920,0,11,0,0,1,0,0,0,720,0
740,2026-07-07T11:46:02.152463000Z,Authentication,166,34,-70,920,0,11,0,0,0,0,0,0,0,0
741,2026-07-07T11:46:02.159688000Z,Authentication,166,34,-19,920,0,11,0,0,0,0,0,0,720,0
742,2026-07-07T11:46:02.165681000Z,Authentication,166,34,-18,920,0,11,0,0,1,0,0,0,720,0
743,2026-07-07T11:46:02.171725000Z,Authentication,166,34,-19,920,0,11,0,0,1,0,0,0,720,0
744,2026-07-07T11:46:02.177559000Z,Authentication,166,34,-18,920,0,11,0,0,1,0,0,0,720,0
745,2026-07-07T11:46:02.283535000Z,Authentication,166,34,-71,920,0,11,0,0,0,0,0,0,0,0
746,2026-07-07T11:46:02.303934000Z,Authentication,166,34,-19,920,0,11,0,0,0,0,0,0,720,0
747,2026-07-07T11:46:02.309980000Z,Authentication,166,34,-19,920,0,11,0,0,1,0,0,0,720,0
748,2026-07-07T11:46:02.315868000Z,Authentication,166,34,-18,920,0,11,0,0,1,0,0,0,720,0
749,2026-07-07T11:46:02.321598000Z,Authentication,166,34,-19,920,0,11,0,0,1,0,0,0,720,0
750,2026-07-07T11:46:02.426384000Z,Authentication,166,34,-19,920,0,11,0,0,0,0,0,0,720,0
751,2026-07-07T11:46:02.432428000Z,Authentication,166,34,-18,920,0,11,0,0,1,0,0,0,720,0
752,2026-07-07T11:46:02.437689000Z,Authentication,166,34,-18,920,0,11,0,0,1,0,0,0,720,0
753,2026-07-07T11:46:02.443475000Z,Authentication,166,34,-18,920,0,11,0,0,1,0,0,0,720,0
754,2026-07-07T11:46:02.493510000Z,S1G Beacon,61,34,-18,920,3,1,,,,,,,0,0
755,2026-07-07T11:46:02.556415000Z,Authentication,166,34,-18,920,0,11,0,0,0,0,0,0,720,0
756,2026-07-07T11:46:02.562146000Z,Authentication,166,34,-18,920,0,11,0,0,1,0,0,0,720,0
757,2026-07-07T11:46:02.567981000Z,Authentication,166,34,-18,920,0,11,0,0,1,0,0,0,720,0
758,2026-07-07T11:46:02.573923000Z,Authentication,166,34,-18,920,0,11,0,0,1,0,0,0,720,0
759,2026-07-07T11:46:02.657307000Z,Authentication,166,34,-71,920,0,11,0,0,0,0,0,0,0,0
760,2026-07-07T11:46:02.663606000Z,Authentication,166,34,-19,920,0,11,0,0,0,0,0,0,720,0
761,2026-07-07T11:46:02.669756000Z,Authentication,166,34,-19,920,0,11,0,0,1,0,0,0,720,0
762,2026-07-07T11:46:02.675806000Z,Authentication,166,34,-18,920,0,11,0,0,1,0,0,0,720,0
763,2026-07-07T11:46:02.681590000Z,Authentication,166,34,-18,920,0,11,0,0,1,0,0,0,720,0
764,2026-07-07T11:46:02.920416000Z,QoS Data,149,34,-37,920,2,8,1,0,0,0,0,1,720,0
769,2026-07-07T11:46:02.977929000Z,QoS Data,128,34,-35,920,2,8,1,0,0,0,0,1,720,0
772,2026-07-07T11:46:03.059746000Z,Authentication,166,34,-69,920,0,11,0,0,0,0,0,0,0,0
773,2026-07-07T11:46:03.069327000Z,Authentication,166,34,-19,920,0,11,0,0,0,0,0,0,720,0
774,2026-07-07T11:46:03.075166000Z,Authentication,166,34,-18,920,0,11,0,0,1,0,0,0,720,0
775,2026-07-07T11:46:03.081114000Z,Authentication,166,34,-19,920,0,11,0,0,1,0,0,0,720,0
776,2026-07-07T11:46:03.087099000Z,Authentication,166,34,-19,920,0,11,0,0,1,0,0,0,720,0
777,2026-07-07T11:46:03.191323000Z,Authentication,166,34,-70,920,0,11,0,0,0,0,0,0,0,0
778,2026-07-07T11:46:03.197635000Z,Authentication,166,34,-18,920,0,11,0,0,0,0,0,0,720,0
779,2026-07-07T11:46:03.203526000Z,Authentication,166,34,-18,920,0,11,0,0,1,0,0,0,720,0
780,2026-07-07T11:46:03.209465000Z,Authentication,166,34,-18,920,0,11,0,0,1,0,0,0,720,0
781,2026-07-07T11:46:03.215511000Z,Authentication,166,34,-18,920,0,11,0,0,1,0,0,0,720,0
782,2026-07-07T11:46:03.313698000Z,Authentication,166,34,-69,920,0,11,0,0,0,0,0,0,0,0
783,2026-07-07T11:46:03.317307000Z,S1G Beacon,129,34,-18,920,3,1,,,,,,,0,0
784,2026-07-07T11:46:03.322258000Z,Authentication,166,34,-18,920,0,11,0,0,0,0,0,0,720,0
785,2026-07-07T11:46:03.328251000Z,Authentication,166,34,-19,920,0,11,0,0,1,0,0,0,720,0
786,2026-07-07T11:46:03.334189000Z,Authentication,166,34,-19,920,0,11,0,0,1,0,0,0,720,0
787,2026-07-07T11:46:03.430440000Z,Authentication,166,34,-68,920,0,11,0,0,0,0,0,0,0,0
788,2026-07-07T11:46:03.449643000Z,Authentication,166,34,-19,920,0,11,0,0,0,0,0,0,720,0
789,2026-07-07T11:46:03.455533000Z,Authentication,166,34,-18,920,0,11,0,0,1,0,0,0,720,0
790,2026-07-07T11:46:03.461419000Z,Authentication,166,34,-18,920,0,11,0,0,1,0,0,0,720,0
791,2026-07-07T11:46:03.467098000Z,Authentication,166,34,-18,920,0,11,0,0,1,0,0,0,720,0
792,2026-07-07T11:46:03.561513000Z,Authentication,166,34,-69,920,0,11,0,0,0,0,0,0,0,0
793,2026-07-07T11:46:03.587265000Z,Authentication,166,34,-18,920,0,11,0,0,0,0,0,0,720,0
794,2026-07-07T11:46:03.592995000Z,Authentication,166,34,-18,920,0,11,0,0,1,0,0,0,720,0
795,2026-07-07T11:46:03.598675000Z,Authentication,166,34,-19,920,0,11,0,0,1,0,0,0,720,0
796,2026-07-07T11:46:03.604514000Z,Authentication,166,34,-19,920,0,11,0,0,1,0,0,0,720,0
797,2026-07-07T11:46:03.692586000Z,Authentication,166,34,-70,920,0,11,0,0,0,0,0,0,0,0
798,2026-07-07T11:46:03.698792000Z,Authentication,166,34,-19,920,0,11,0,0,0,0,0,0,720,0
799,2026-07-07T11:46:03.704579000Z,Authentication,166,34,-19,920,0,11,0,0,1,0,0,0,720,0
800,2026-07-07T11:46:03.710048000Z,Authentication,166,34,-19,920,0,11,0,0,1,0,0,0,720,0
801,2026-07-07T11:46:03.716041000Z,Authentication,166,34,-19,920,0,11,0,0,1,0,0,0,720,0
802,2026-07-07T11:46:03.823673000Z,Authentication,166,34,-69,920,0,11,0,0,0,0,0,0,0,0
803,2026-07-07T11:46:03.829873000Z,Authentication,166,34,-18,920,0,11,0,0,0,0,0,0,720,0
804,2026-07-07T11:46:03.835551000Z,Authentication,166,34,-18,920,0,11,0,0,1,0,0,0,720,0
805,2026-07-07T11:46:03.840556000Z,Authentication,166,34,-18,920,0,11,0,0,1,0,0,0,720,0
806,2026-07-07T11:46:03.846605000Z,Authentication,166,34,-19,920,0,11,0,0,1,0,0,0,720,0
807,2026-07-07T11:46:03.954744000Z,Authentication,166,34,-70,920,0,11,0,0,0,0,0,0,0,0
808,2026-07-07T11:46:03.961047000Z,Authentication,166,34,-18,920,0,11,0,0,0,0,0,0,720,0
809,2026-07-07T11:46:03.966883000Z,Authentication,166,34,-18,920,0,11,0,0,1,0,0,0,720,0
810,2026-07-07T11:46:03.972876000Z,Authentication,166,34,-19,920,0,11,0,0,1,0,0,0,720,0
811,2026-07-07T11:46:03.978707000Z,Authentication,166,34,-19,920,0,11,0,0,1,0,0,0,720,0
812,2026-07-07T11:46:04.085832000Z,Authentication,166,34,-69,920,0,11,0,0,0,0,0,0,0,0
813,2026-07-07T11:46:04.092016000Z,Authentication,166,34,-18,920,0,11,0,0,0,0,0,0,720,0
814,2026-07-07T11:46:04.098010000Z,Authentication,166,34,-18,920,0,11,0,0,1,0,0,0,720,0
815,2026-07-07T11:46:04.103848000Z,Authentication,166,34,-18,920,0,11,0,0,1,0,0,0,720,0
816,2026-07-07T11:46:04.109680000Z,Authentication,166,34,-20,920,0,11,0,0,1,0,0,0,720,0
817,2026-07-07T11:46:04.131970000Z,S1G Beacon,61,34,-19,920,3,1,,,,,,,0,0
818,2026-07-07T11:46:04.216889000Z,Authentication,166,34,-69,920,0,11,0,0,0,0,0,0,0,0
819,2026-07-07T11:46:04.223195000Z,Authentication,166,34,-18,920,0,11,0,0,0,0,0,0,720,0
820,2026-07-07T11:46:04.228926000Z,Authentication,166,34,-19,920,0,11,0,0,1,0,0,0,720,0
821,2026-07-07T11:46:04.234920000Z,Authentication,166,34,-18,920,0,11,0,0,1,0,0,0,720,0
822,2026-07-07T11:46:04.240909000Z,Authentication,166,34,-18,920,0,11,0,0,1,0,0,0,720,0
823,2026-07-07T11:46:04.343866000Z,Authentication,166,34,-67,920,0,11,0,0,0,0,0,0,0,0
824,2026-07-07T11:46:04.350532000Z,Authentication,166,34,-19,920,0,11,0,0,0,0,0,0,720,0
825,2026-07-07T11:46:04.356424000Z,Authentication,166,34,-18,920,0,11,0,0,1,0,0,0,720,0
826,2026-07-07T11:46:04.362156000Z,Authentication,166,34,-18,920,0,11,0,0,1,0,0,0,720,0
827,2026-07-07T11:46:04.367935000Z,Authentication,166,34,-19,920,0,11,0,0,1,0,0,0,720,0
828,2026-07-07T11:46:04.469814000Z,Authentication,166,34,-69,920,0,11,0,0,0,0,0,0,0,0
829,2026-07-07T11:46:04.476119000Z,Authentication,166,34,-19,920,0,11,0,0,0,0,0,0,720,0
830,2026-07-07T11:46:04.481904000Z,Authentication,166,34,-18,920,0,11,0,0,1,0,0,0,720,0
831,2026-07-07T11:46:04.487484000Z,Authentication,166,34,-19,920,0,11,0,0,1,0,0,0,720,0
832,2026-07-07T11:46:04.493475000Z,Authentication,166,34,-19,920,0,11,0,0,1,0,0,0,720,0
833,2026-07-07T11:46:04.593720000Z,Authentication,166,34,-70,920,0,11,0,0,0,0,0,0,0,0
834,2026-07-07T11:46:04.606686000Z,Authentication,166,34,-20,920,0,11,0,0,0,0,0,0,720,0
835,2026-07-07T11:46:04.612629000Z,Authentication,166,34,-19,920,0,11,0,0,1,0,0,0,720,0
836,2026-07-07T11:46:04.618464000Z,Authentication,166,34,-19,920,0,11,0,0,1,0,0,0,720,0
837,2026-07-07T11:46:04.624196000Z,Authentication,166,34,-18,920,0,11,0,0,1,0,0,0,720,0
839,2026-07-07T11:46:04.719676000Z,Authentication,166,34,-68,920,0,11,0,0,0,0,0,0,0,0
840,2026-07-07T11:46:04.730405000Z,Authentication,166,34,-19,920,0,11,0,0,0,0,0,0,720,0
841,2026-07-07T11:46:04.736037000Z,Authentication,166,34,-20,920,0,11,0,0,1,0,0,0,720,0
842,2026-07-07T11:46:04.742085000Z,Authentication,166,34,-19,920,0,11,0,0,1,0,0,0,720,0
843,2026-07-07T11:46:04.747919000Z,Authentication,166,34,-18,920,0,11,0,0,1,0,0,0,720,0
844,2026-07-07T11:46:04.847685000Z,Authentication,166,34,-69,920,0,11,0,0,0,0,0,0,0,0
845,2026-07-07T11:46:04.860026000Z,Authentication,166,34,-18,920,0,11,0,0,0,0,0,0,720,0
846,2026-07-07T11:46:04.865703000Z,Authentication,166,34,-19,920,0,11,0,0,1,0,0,0,720,0
847,2026-07-07T11:46:04.871746000Z,Authentication,166,34,-18,920,0,11,0,0,1,0,0,0,720,0
848,2026-07-07T11:46:04.877530000Z,Authentication,166,34,-18,920,0,11,0,0,1,0,0,0,720,0
849,2026-07-07T11:46:04.952990000Z,S1G Beacon,129,34,-19,920,3,1,,,,,,,0,0
850,2026-07-07T11:46:05.053484000Z,Data,287,34,-18,920,2,0,0,0,0,0,0,1,0,0
851,2026-07-07T11:46:05.103682000Z,Authentication,166,34,-71,920,0,11,0,0,0,0,0,0,0,0
852,2026-07-07T11:46:05.116453000Z,Authentication,166,34,-19,920,0,11,0,0,0,0,0,0,720,0
853,2026-07-07T11:46:05.122179000Z,Authentication,166,34,-19,920,0,11,0,0,1,0,0,0,720,0
854,2026-07-07T11:46:05.127961000Z,Authentication,166,34,-19,920,0,11,0,0,1,0,0,0,720,0
855,2026-07-07T11:46:05.133998000Z,Authentication,166,34,-19,920,0,11,0,0,1,0,0,0,720,0
856,2026-07-07T11:46:05.232717000Z,Authentication,166,34,-69,920,0,11,0,0,0,0,0,0,0,0
857,2026-07-07T11:46:05.252549000Z,Authentication,166,34,-20,920,0,11,0,0,1,0,0,0,720,0
858,2026-07-07T11:46:05.258338000Z,Authentication,166,34,-20,920,0,11,0,0,1,0,0,0,720,0
859,2026-07-07T11:46:05.264383000Z,Authentication,166,34,-20,920,0,11,0,0,1,0,0,0,720,0
860,2026-07-07T11:46:05.344143000Z,Data,378,34,-20,920,2,0,0,0,0,0,0,1,0,0
861,2026-07-07T11:46:05.363792000Z,Authentication,166,34,-70,920,0,11,0,0,0,0,0,0,0,0
862,2026-07-07T11:46:05.370046000Z,Authentication,166,34,-19,920,0,11,0,0,0,0,0,0,720,0
863,2026-07-07T11:46:05.376090000Z,Authentication,166,34,-19,920,0,11,0,0,1,0,0,0,720,0
864,2026-07-07T11:46:05.381957000Z,Authentication,166,34,-19,920,0,11,0,0,1,0,0,0,720,0
865,2026-07-07T11:46:05.387238000Z,Authentication,166,34,-19,920,0,11,0,0,1,0,0,0,720,0
866,2026-07-07T11:46:05.448129000Z,Data,387,34,-19,920,2,0,0,0,0,0,0,1,0,0
867,2026-07-07T11:46:05.472604000Z,Data,132,34,-19,920,2,0,0,0,0,0,0,1,0,0
868,2026-07-07T11:46:05.494862000Z,Authentication,166,34,-69,920,0,11,0,0,0,0,0,0,0,0
869,2026-07-07T11:46:05.501014000Z,Authentication,166,34,-19,920,0,11,0,0,0,0,0,0,720,0
870,2026-07-07T11:46:05.506955000Z,Authentication,166,34,-19,920,0,11,0,0,1,0,0,0,720,0
871,2026-07-07T11:46:05.512999000Z,Authentication,166,34,-19,920,0,11,0,0,1,0,0,0,720,0
872,2026-07-07T11:46:05.518780000Z,Authentication,166,34,-19,920,0,11,0,0,1,0,0,0,720,0
873,2026-07-07T11:46:05.553890000Z,Data,450,34,-19,920,2,0,0,0,0,0,0,1,0,0
874,2026-07-07T11:46:05.625934000Z,Authentication,166,34,-70,920,0,11,0,0,0,0,0,0,0,0
875,2026-07-07T11:46:05.632194000Z,Authentication,166,34,-19,920,0,11,0,0,0,0,0,0,720,0
876,2026-07-07T11:46:05.638185000Z,Authentication,166,34,-21,920,0,11,0,0,1,0,0,0,720,0
877,2026-07-07T11:46:05.643867000Z,Authentication,166,34,-19,920,0,11,0,0,1,0,0,0,720,0
878,2026-07-07T11:46:05.649701000Z,Authentication,166,34,-19,920,0,11,0,0,1,0,0,0,720,0
879,2026-07-07T11:46:05.663404000Z,Data,442,34,-19,920,2,0,0,0,0,0,0,1,0,0
880,2026-07-07T11:46:05.760251000Z,Data,387,34,-19,920,2,0,0,0,0,0,0,1,0,0
881,2026-07-07T11:46:05.770426000Z,S1G Beacon,61,34,-19,920,3,1,,,,,,,0,0
882,2026-07-07T11:46:05.865935000Z,Data,426,34,-19,920,2,0,0,0,0,0,0,1,0,0
883,2026-07-07T11:46:05.885010000Z,Authentication,166,34,-71,920,0,11,0,0,0,0,0,0,0,0
884,2026-07-07T11:46:05.896516000Z,Authentication,166,34,-20,920,0,11,0,0,0,0,0,0,720,0
885,2026-07-07T11:46:05.902299000Z,Authentication,166,34,-18,920,0,11,0,0,1,0,0,0,720,0
886,2026-07-07T11:46:05.908133000Z,Authentication,166,34,-18,920,0,11,0,0,1,0,0,0,720,0
887,2026-07-07T11:46:05.914077000Z,Authentication,166,34,-19,920,0,11,0,0,1,0,0,0,720,0
888,2026-07-07T11:46:05.970114000Z,Data,458,34,-19,920,2,0,0,0,0,0,0,1,0,0
889,2026-07-07T11:46:06.008926000Z,Authentication,166,34,-71,920,0,11,0,0,0,0,0,0,0,0
890,2026-07-07T11:46:06.042263000Z,Authentication,166,34,-19,920,0,11,0,0,0,0,0,0,720,0
891,2026-07-07T11:46:06.047999000Z,Authentication,166,34,-18,920,0,11,0,0,1,0,0,0,720,0
892,2026-07-07T11:46:06.053108000Z,Authentication,166,34,-19,920,0,11,0,0,1,0,0,0,720,0
893,2026-07-07T11:46:06.059047000Z,Authentication,166,34,-18,920,0,11,0,0,1,0,0,0,720,0
894,2026-07-07T11:46:06.072302000Z,Data,387,34,-19,920,2,0,0,0,0,0,0,1,0,0
895,2026-07-07T11:46:06.140111000Z,Authentication,166,34,-18,920,0,11,0,0,0,0,0,0,720,0
896,2026-07-07T11:46:06.145904000Z,Authentication,166,34,-17,920,0,11,0,0,1,0,0,0,720,0
897,2026-07-07T11:46:06.151851000Z,Authentication,166,34,-17,920,0,11,0,0,1,0,0,0,720,0
898,2026-07-07T11:46:06.157624000Z,Authentication,166,34,-18,920,0,11,0,0,1,0,0,0,720,0
899,2026-07-07T11:46:06.177699000Z,Data,446,34,-17,920,2,0,0,0,0,0,0,1,0,0
900,2026-07-07T11:46:06.265960000Z,Authentication,166,34,-70,920,0,11,0,0,0,0,0,0,0,0
901,2026-07-07T11:46:06.272631000Z,Authentication,166,34,-19,920,0,11,0,0,0,0,0,0,720,0
902,2026-07-07T11:46:06.286261000Z,Data,440,34,-18,920,2,0,0,0,0,0,0,1,0,0
903,2026-07-07T11:46:06.296693000Z,Authentication,166,34,-20,920,0,11,0,0,1,0,0,0,720,0
904,2026-07-07T11:46:06.302483000Z,Authentication,166,34,-18,920,0,11,0,0,1,0,0,0,720,0
905,2026-07-07T11:46:06.384227000Z,Data,387,34,-18,920,2,0,0,0,0,0,0,1,0,0
906,2026-07-07T11:46:06.398119000Z,Authentication,166,34,-18,920,0,11,0,0,0,0,0,0,720,0
907,2026-07-07T11:46:06.404006000Z,Authentication,166,34,-19,920,0,11,0,0,1,0,0,0,720,0
908,2026-07-07T11:46:06.410048000Z,Authentication,166,34,-19,920,0,11,0,0,1,0,0,0,720,0
909,2026-07-07T11:46:06.415884000Z,Authentication,166,34,-19,920,0,11,0,0,1,0,0,0,720,0
910,2026-07-07T11:46:06.489596000Z,Data,442,34,-19,920,2,0,0,0,0,0,0,1,0,0
911,2026-07-07T11:46:06.527082000Z,Authentication,166,34,-70,920,0,11,0,0,0,0,0,0,0,0
912,2026-07-07T11:46:06.533288000Z,Authentication,166,34,-19,920,0,11,0,0,0,0,0,0,720,0
913,2026-07-07T11:46:06.539178000Z,Authentication,166,34,-19,920,0,11,0,0,1,0,0,0,720,0
914,2026-07-07T11:46:06.545013000Z,Authentication,166,34,-19,920,0,11,0,0,1,0,0,0,720,0
915,2026-07-07T11:46:06.550691000Z,Authentication,166,34,-18,920,0,11,0,0,1,0,0,0,720,0
916,2026-07-07T11:46:06.591458000Z,S1G Beacon,129,34,-19,920,3,1,,,,,,,0,0
917,2026-07-07T11:46:06.604318000Z,Data,452,34,-18,920,2,0,0,0,0,0,0,1,0,0
918,2026-07-07T11:46:06.643823000Z,Authentication,166,34,-73,920,0,11,0,0,0,0,0,0,0,0
919,2026-07-07T11:46:06.649972000Z,Authentication,166,34,-18,920,0,11,0,0,0,0,0,0,720,0
920,2026-07-07T11:46:06.655755000Z,Authentication,166,34,-19,920,0,11,0,0,1,0,0,0,720,0
921,2026-07-07T11:46:06.661547000Z,Authentication,166,34,-18,920,0,11,0,0,1,0,0,0,720,0
922,2026-07-07T11:46:06.667436000Z,Authentication,166,34,-18,920,0,11,0,0,1,0,0,0,720,0
923,2026-07-07T11:46:06.772852000Z,Authentication,166,34,-73,920,0,11,0,0,0,0,0,0,0,0
924,2026-07-07T11:46:06.786482000Z,Authentication,166,34,-19,920,0,11,0,0,0,0,0,0,720,0
925,2026-07-07T11:46:06.792223000Z,Authentication,166,34,-20,920,0,11,0,0,1,0,0,0,720,0
926,2026-07-07T11:46:06.798008000Z,Authentication,166,34,-18,920,0,11,0,0,1,0,0,0,720,0
927,2026-07-07T11:46:06.804052000Z,Authentication,166,34,-19,920,0,11,0,0,1,0,0,0,720,0
928,2026-07-07T11:46:06.916740000Z,Authentication,166,34,-18,920,0,11,0,0,0,0,0,0,720,0
929,2026-07-07T11:46:06.922416000Z,Authentication,166,34,-18,920,0,11,0,0,1,0,0,0,720,0
930,2026-07-07T11:46:06.928249000Z,Authentication,166,34,-18,920,0,11,0,0,1,0,0,0,720,0
931,2026-07-07T11:46:06.934142000Z,Authentication,166,34,-18,920,0,11,0,0,1,0,0,0,720,0
932,2026-07-07T11:46:06.973262000Z,Data,132,34,-19,920,2,0,0,0,0,0,0,1,0,0
933,2026-07-07T11:46:07.041308000Z,Authentication,166,34,-18,920,0,11,0,0,0,0,0,0,720,0
934,2026-07-07T11:46:07.047092000Z,Authentication,166,34,-19,920,0,11,0,0,1,0,0,0,720,0
935,2026-07-07T11:46:07.052772000Z,Authentication,166,34,-19,920,0,11,0,0,1,0,0,0,720,0
936,2026-07-07T11:46:07.058761000Z,Authentication,166,34,-19,920,0,11,0,0,1,0,0,0,720,0
937,2026-07-07T11:46:07.166073000Z,Authentication,166,34,-73,920,0,11,0,0,0,0,0,0,0,0
938,2026-07-07T11:46:07.176491000Z,Authentication,166,34,-19,920,0,11,0,0,0,0,0,0,720,0
939,2026-07-07T11:46:07.182272000Z,Authentication,166,34,-19,920,0,11,0,0,1,0,0,0,720,0
940,2026-07-07T11:46:07.188004000Z,Authentication,166,34,-18,920,0,11,0,0,1,0,0,0,720,0
941,2026-07-07T11:46:07.193849000Z,Authentication,166,34,-19,920,0,11,0,0,1,0,0,0,720,0
942,2026-07-07T11:46:07.297151000Z,Authentication,166,34,-70,920,0,11,0,0,0,0,0,0,0,0
943,2026-07-07T11:46:07.318225000Z,Authentication,166,34,-19,920,0,11,0,0,0,0,0,0,720,0
944,2026-07-07T11:46:07.324062000Z,Authentication,166,34,-18,920,0,11,0,0,1,0,0,0,720,0
945,2026-07-07T11:46:07.329742000Z,Authentication,166,34,-19,920,0,11,0,0,1,0,0,0,720,0
946,2026-07-07T11:46:07.408877000Z,S1G Beacon,61,34,-18,920,3,1,,,,,,,0,0
947,2026-07-07T11:46:07.428225000Z,Authentication,166,34,-72,920,0,11,0,0,0,0,0,0,0,0
948,2026-07-07T11:46:07.434375000Z,Authentication,166,34,-19,920,0,11,0,0,0,0,0,0,720,0
949,2026-07-07T11:46:07.440421000Z,Authentication,166,34,-18,920,0,11,0,0,1,0,0,0,720,0
950,2026-07-07T11:46:07.445941000Z,Authentication,166,34,-18,920,0,11,0,0,1,0,0,0,720,0
951,2026-07-07T11:46:07.451830000Z,Authentication,166,34,-19,920,0,11,0,0,1,0,0,0,720,0
952,2026-07-07T11:46:07.559293000Z,Authentication,166,34,-71,920,0,11,0,0,0,0,0,0,0,0
953,2026-07-07T11:46:07.582467000Z,Authentication,166,34,-19,920,0,11,0,0,1,0,0,0,720,0
954,2026-07-07T11:46:07.588147000Z,Authentication,166,34,-19,920,0,11,0,0,1,0,0,0,720,0
955,2026-07-07T11:46:07.594088000Z,Authentication,166,34,-18,920,0,11,0,0,1,0,0,0,720,0
956,2026-07-07T11:46:07.696585000Z,Authentication,166,34,-19,920,0,11,0,0,0,0,0,0,720,0
957,2026-07-07T11:46:07.702475000Z,Authentication,166,34,-18,920,0,11,0,0,1,0,0,0,720,0
958,2026-07-07T11:46:07.708203000Z,Authentication,166,34,-18,920,0,11,0,0,1,0,0,0,720,0
959,2026-07-07T11:46:07.714249000Z,Authentication,166,34,-18,920,0,11,0,0,1,0,0,0,720,0
960,2026-07-07T11:46:07.809219000Z,Authentication,166,34,-18,920,0,11,0,0,0,0,0,0,720,0
961,2026-07-07T11:46:07.815001000Z,Authentication,166,34,-18,920,0,11,0,0,1,0,0,0,720,0
962,2026-07-07T11:46:07.820681000Z,Authentication,166,34,-18,920,0,11,0,0,1,0,0,0,720,0
963,2026-07-07T11:46:07.826099000Z,Authentication,166,34,-18,920,0,11,0,0,1,0,0,0,720,0
964,2026-07-07T11:46:07.921802000Z,Authentication,166,34,-71,920,0,11,0,0,0,0,0,0,0,0
965,2026-07-07T11:46:07.936535000Z,Authentication,166,34,-19,920,0,11,0,0,0,0,0,0,720,0
966,2026-07-07T11:46:07.942380000Z,Authentication,166,34,-19,920,0,11,0,0,1,0,0,0,720,0
967,2026-07-07T11:46:07.950038000Z,QoS Data,116,34,-22,920,2,8,1,0,1,0,0,1,720,0
969,2026-07-07T11:46:07.956843000Z,RTS,54,34,-22,920,1,11,,,,0,0,0,3100,0
970,2026-07-07T11:46:07.959225000Z,QoS Data,149,34,-21,920,2,8,1,0,1,0,0,1,720,0
972,2026-07-07T11:46:07.961808000Z,QoS Data,124,42,-26,920,2,8,0,0,0,0,0,1,720,0
973,2026-07-07T11:46:07.961966000Z,QoS Data,157,42,-26,920,2,8,0,0,0,0,0,1,720,0
975,2026-07-07T11:46:07.968085000Z,QoS Data,116,34,-18,920,2,8,1,0,0,0,0,1,720,0
977,2026-07-07T11:46:07.970272000Z,QoS Data,116,34,-27,920,2,8,0,0,0,0,0,1,720,0
978,2026-07-07T11:46:07.972953000Z,QoS Data,131,34,-20,920,2,8,1,0,0,0,0,1,720,0
980,2026-07-07T11:46:08.059477000Z,Authentication,166,34,-18,920,0,11,0,0,0,0,0,0,720,0
981,2026-07-07T11:46:08.065267000Z,Authentication,166,34,-18,920,0,11,0,0,1,0,0,0,720,0
982,2026-07-07T11:46:08.071152000Z,Authentication,166,34,-18,920,0,11,0,0,1,0,0,0,720,0
983,2026-07-07T11:46:08.080669000Z,Data,287,34,-18,920,2,0,0,0,0,0,0,1,0,0
984,2026-07-07T11:46:08.085235000Z,Authentication,166,34,-18,920,0,11,0,0,1,0,0,0,720,0
985,2026-07-07T11:46:08.189527000Z,Authentication,166,34,-19,920,0,11,0,0,0,0,0,0,720,0
986,2026-07-07T11:46:08.195365000Z,Authentication,166,34,-18,920,0,11,0,0,1,0,0,0,720,0
987,2026-07-07T11:46:08.201304000Z,Authentication,166,34,-18,920,0,11,0,0,1,0,0,0,720,0
988,2026-07-07T11:46:08.207089000Z,Authentication,166,34,-18,920,0,11,0,0,1,0,0,0,720,0
989,2026-07-07T11:46:08.229906000Z,S1G Beacon,129,34,-18,920,3,1,,,,,,,0,0
990,2026-07-07T11:46:08.231748000Z,QoS Data,128,34,-28,920,2,8,1,0,0,0,0,1,720,0
993,2026-07-07T11:46:08.312982000Z,Authentication,166,34,-71,920,0,11,0,0,0,0,0,0,0,0
994,2026-07-07T11:46:08.324960000Z,Authentication,166,34,-20,920,0,11,0,0,1,0,0,0,720,0
995,2026-07-07T11:46:08.331122000Z,Authentication,166,34,-19,920,0,11,0,0,1,0,0,0,720,0
996,2026-07-07T11:46:08.336847000Z,Authentication,166,34,-19,920,0,11,0,0,1,0,0,0,720,0
997,2026-07-07T11:46:08.444046000Z,Authentication,166,34,-72,920,0,11,0,0,0,0,0,0,0,0
998,2026-07-07T11:46:08.456806000Z,Authentication,166,34,-19,920,0,11,0,0,0,0,0,0,720,0
999,2026-07-07T11:46:08.462737000Z,Authentication,166,34,-19,920,0,11,0,0,1,0,0,0,720,0
1000,2026-07-07T11:46:08.468533000Z,Authentication,166,34,-20,920,0,11,0,0,1,0,0,0,720,0
1001,2026-07-07T11:46:08.474361000Z,Authentication,166,34,-19,920,0,11,0,0,1,0,0,0,720,0
1002,2026-07-07T11:46:08.575128000Z,Authentication,166,34,-71,920,0,11,0,0,0,0,0,0,0,0
1003,2026-07-07T11:46:08.596555000Z,Authentication,166,34,-18,920,0,11,0,0,0,0,0,0,720,0
1004,2026-07-07T11:46:08.602249000Z,Authentication,166,34,-18,920,0,11,0,0,1,0,0,0,720,0
1005,2026-07-07T11:46:08.607973000Z,Authentication,166,34,-19,920,0,11,0,0,1,0,0,0,720,0
1006,2026-07-07T11:46:08.613764000Z,Authentication,166,34,-19,920,0,11,0,0,1,0,0,0,720,0
1007,2026-07-07T11:46:08.706194000Z,Authentication,166,34,-70,920,0,11,0,0,0,0,0,0,0,0
1008,2026-07-07T11:46:08.712397000Z,Authentication,166,34,-18,920,0,11,0,0,0,0,0,0,720,0
1009,2026-07-07T11:46:08.718140000Z,Authentication,166,34,-19,920,0,11,0,0,1,0,0,0,720,0
1010,2026-07-07T11:46:08.724178000Z,Authentication,166,34,-18,920,0,11,0,0,1,0,0,0,720,0
1011,2026-07-07T11:46:08.729861000Z,Authentication,166,34,-18,920,0,11,0,0,1,0,0,0,720,0
1012,2026-07-07T11:46:08.837266000Z,Authentication,166,34,-69,920,0,11,0,0,0,0,0,0,0,0
1013,2026-07-07T11:46:08.846537000Z,Authentication,166,34,-18,920,0,11,0,0,0,0,0,0,720,0
1014,2026-07-07T11:46:08.852439000Z,Authentication,166,34,-18,920,0,11,0,0,1,0,0,0,720,0
1015,2026-07-07T11:46:08.858264000Z,Authentication,166,34,-18,920,0,11,0,0,1,0,0,0,720,0
1016,2026-07-07T11:46:08.864005000Z,Authentication,166,34,-18,920,0,11,0,0,1,0,0,0,720,0
1017,2026-07-07T11:46:08.963218000Z,Authentication,166,34,-69,920,0,11,0,0,0,0,0,0,0,0
1018,2026-07-07T11:46:08.976528000Z,Authentication,166,34,-17,920,0,11,0,0,0,0,0,0,720,0
1019,2026-07-07T11:46:08.982530000Z,Authentication,166,34,-18,920,0,11,0,0,1,0,0,0,720,0
1020,2026-07-07T11:46:08.988323000Z,Authentication,166,34,-17,920,0,11,0,0,1,0,0,0,720,0
1021,2026-07-07T11:46:08.994380000Z,Authentication,166,34,-17,920,0,11,0,0,1,0,0,0,720,0
1022,2026-07-07T11:46:09.047321000Z,S1G Beacon,61,34,-18,920,3,1,,,,,,,0,0
1023,2026-07-07T11:46:09.090195000Z,Authentication,166,34,-71,920,0,11,0,0,0,0,0,0,0,0
1024,2026-07-07T11:46:09.106488000Z,Authentication,166,34,-17,920,0,11,0,0,0,0,0,0,720,0
1025,2026-07-07T11:46:09.112392000Z,Authentication,166,34,-18,920,0,11,0,0,1,0,0,0,720,0
1026,2026-07-07T11:46:09.118060000Z,Authentication,166,34,-18,920,0,11,0,0,1,0,0,0,720,0
1027,2026-07-07T11:46:09.123905000Z,Authentication,166,34,-17,920,0,11,0,0,1,0,0,0,720,0
1028,2026-07-07T11:46:09.215124000Z,Authentication,166,34,-70,920,0,11,0,0,0,0,0,0,0,0
1029,2026-07-07T11:46:09.221438000Z,Authentication,166,34,-17,920,0,11,0,0,0,0,0,0,720,0
1030,2026-07-07T11:46:09.227131000Z,Authentication,166,34,-17,920,0,11,0,0,1,0,0,0,720,0
1031,2026-07-07T11:46:09.233633000Z,Authentication,166,34,-18,920,0,11,0,0,1,0,0,0,720,0
1032,2026-07-07T11:46:09.239528000Z,Authentication,166,34,-17,920,0,11,0,0,1,0,0,0,720,0
1033,2026-07-07T11:46:09.359523000Z,Authentication,166,34,-70,920,0,11,0,0,0,0,0,0,0,0
1034,2026-07-07T11:46:09.366247000Z,Authentication,166,34,-19,920,0,11,0,0,0,0,0,0,720,0
1035,2026-07-07T11:46:09.371969000Z,Authentication,166,34,-17,920,0,11,0,0,1,0,0,0,720,0
1036,2026-07-07T11:46:09.377760000Z,Authentication,166,34,-17,920,0,11,0,0,1,0,0,0,720,0
1037,2026-07-07T11:46:09.383430000Z,Authentication,166,34,-17,920,0,11,0,0,1,0,0,0,720,0
1038,2026-07-07T11:46:09.481378000Z,Authentication,166,34,-69,920,0,11,0,0,0,0,0,0,0,0
1039,2026-07-07T11:46:09.487675000Z,Authentication,166,34,-17,920,0,11,0,0,0,0,0,0,720,0
1040,2026-07-07T11:46:09.493528000Z,Authentication,166,34,-17,920,0,11,0,0,1,0,0,0,720,0
1041,2026-07-07T11:46:09.499357000Z,Authentication,166,34,-17,920,0,11,0,0,1,0,0,0,720,0
1042,2026-07-07T11:46:09.505046000Z,Authentication,166,34,-19,920,0,11,0,0,1,0,0,0,720,0
1043,2026-07-07T11:46:09.605278000Z,Authentication,166,34,-68,920,0,11,0,0,0,0,0,0,0,0
1044,2026-07-07T11:46:09.611590000Z,Authentication,166,34,-18,920,0,11,0,0,0,0,0,0,720,0
1045,2026-07-07T11:46:09.617268000Z,Authentication,166,34,-18,920,0,11,0,0,1,0,0,0,720,0
1046,2026-07-07T11:46:09.623106000Z,Authentication,166,34,-17,920,0,11,0,0,1,0,0,0,720,0
1047,2026-07-07T11:46:09.628849000Z,Authentication,166,34,-17,920,0,11,0,0,1,0,0,0,720,0
1048,2026-07-07T11:46:09.728167000Z,Authentication,166,34,-71,920,0,11,0,0,0,0,0,0,0,0
1049,2026-07-07T11:46:09.744311000Z,Authentication,166,34,-19,920,0,11,0,0,0,0,0,0,720,0
1050,2026-07-07T11:46:09.749424000Z,Authentication,166,34,-18,920,0,11,0,0,1,0,0,0,720,0
1051,2026-07-07T11:46:09.754642000Z,Authentication,166,34,-17,920,0,11,0,0,1,0,0,0,720,0
1052,2026-07-07T11:46:09.760675000Z,Authentication,166,34,-18,920,0,11,0,0,1,0,0,0,720,0
1053,2026-07-07T11:46:09.855156000Z,Authentication,166,34,-70,920,0,11,0,0,0,0,0,0,0,0
1054,2026-07-07T11:46:09.868339000Z,S1G Beacon,129,34,-19,920,3,1,,,,,,,0,0
1055,2026-07-07T11:46:09.895929000Z,Authentication,166,34,-17,920,0,11,0,0,0,0,0,0,720,0
1056,2026-07-07T11:46:09.901976000Z,Authentication,166,34,-18,920,0,11,0,0,1,0,0,0,720,0
1057,2026-07-07T11:46:09.908020000Z,Authentication,166,34,-18,920,0,11,0,0,1,0,0,0,720,0
1058,2026-07-07T11:46:09.913655000Z,Authentication,166,34,-17,920,0,11,0,0,1,0,0,0,720,0
1059,2026-07-07T11:46:09.984169000Z,Authentication,166,34,-71,920,0,11,0,0,0,0,0,0,0,0
1060,2026-07-07T11:46:09.996743000Z,Authentication,166,34,-18,920,0,11,0,0,0,0,0,0,720,0
1061,2026-07-07T11:46:10.002428000Z,Authentication,166,34,-17,920,0,11,0,0,1,0,0,0,720,0
1062,2026-07-07T11:46:10.008267000Z,Authentication,166,34,-18,920,0,11,0,0,1,0,0,0,720,0
1063,2026-07-07T11:46:10.014099000Z,Authentication,166,34,-17,920,0,11,0,0,1,0,0,0,720,0
1064,2026-07-07T11:46:10.126571000Z,Authentication,166,34,-17,920,0,11,0,0,0,0,0,0,720,0
1065,2026-07-07T11:46:10.132500000Z,Authentication,166,34,-18,920,0,11,0,0,1,0,0,0,720,0
1066,2026-07-07T11:46:10.138294000Z,Authentication,166,34,-17,920,0,11,0,0,1,0,0,0,720,0
1067,2026-07-07T11:46:10.144122000Z,Authentication,166,34,-17,920,0,11,0,0,1,0,0,0,720,0
1068,2026-07-07T11:46:10.246326000Z,Authentication,166,34,-71,920,0,11,0,0,0,0,0,0,0,0
1069,2026-07-07T11:46:10.256524000Z,Authentication,166,34,-17,920,0,11,0,0,0,0,0,0,720,0
1070,2026-07-07T11:46:10.262371000Z,Authentication,166,34,-17,920,0,11,0,0,1,0,0,0,720,0
1071,2026-07-07T11:46:10.268041000Z,Authentication,166,34,-19,920,0,11,0,0,1,0,0,0,720,0
1072,2026-07-07T11:46:10.273988000Z,Authentication,166,34,-17,920,0,11,0,0,1,0,0,0,720,0
1073,2026-07-07T11:46:10.377408000Z,Authentication,166,34,-69,920,0,11,0,0,0,0,0,0,0,0
1074,2026-07-07T11:46:10.386572000Z,Authentication,166,34,-18,920,0,11,0,0,0,0,0,0,720,0
1075,2026-07-07T11:46:10.392400000Z,Authentication,166,34,-19,920,0,11,0,0,1,0,0,0,720,0
1076,2026-07-07T11:46:10.397775000Z,Authentication,166,34,-18,920,0,11,0,0,1,0,0,0,720,0
1077,2026-07-07T11:46:10.403550000Z,Authentication,166,34,-18,920,0,11,0,0,1,0,0,0,720,0
1078,2026-07-07T11:46:10.508469000Z,Authentication,166,34,-70,920,0,11,0,0,0,0,0,0,0,0
1079,2026-07-07T11:46:10.514672000Z,Authentication,166,34,-19,920,0,11,0,0,0,0,0,0,720,0
1080,2026-07-07T11:46:10.520345000Z,Authentication,166,34,-19,920,0,11,0,0,1,0,0,0,720,0
1081,2026-07-07T11:46:10.526229000Z,Authentication,166,34,-19,920,0,11,0,0,1,0,0,0,720,0
1082,2026-07-07T11:46:10.532170000Z,Authentication,166,34,-20,920,0,11,0,0,1,0,0,0,720,0
1083,2026-07-07T11:46:10.639539000Z,Authentication,166,34,-69,920,0,11,0,0,0,0,0,0,0,0
1084,2026-07-07T11:46:10.645810000Z,Authentication,166,34,-19,920,0,11,0,0,0,0,0,0,720,0
1085,2026-07-07T11:46:10.651858000Z,Authentication,166,34,-19,920,0,11,0,0,1,0,0,0,720,0
1086,2026-07-07T11:46:10.657846000Z,Authentication,166,34,-20,920,0,11,0,0,1,0,0,0,720,0
1087,2026-07-07T11:46:10.663841000Z,Authentication,166,34,-19,920,0,11,0,0,1,0,0,0,720,0
1088,2026-07-07T11:46:10.685762000Z,S1G Beacon,61,34,-20,920,3,1,,,,,,,0,0
1089,2026-07-07T11:46:10.770611000Z,Authentication,166,34,-69,920,0,11,0,0,0,0,0,0,0,0
1090,2026-07-07T11:46:10.776919000Z,Authentication,166,34,-19,920,0,11,0,0,0,0,0,0,720,0
1091,2026-07-07T11:46:10.788124000Z,Authentication,166,34,-20,920,0,11,0,0,1,0,0,0,720,0
1092,2026-07-07T11:46:10.794116000Z,Authentication,166,34,-19,920,0,11,0,0,1,0,0,0,720,0
1093,2026-07-07T11:46:10.889394000Z,Authentication,166,34,-70,920,0,11,0,0,0,0,0,0,0,0
1094,2026-07-07T11:46:10.897163000Z,Authentication,166,34,-18,920,0,11,0,0,0,0,0,0,720,0
1095,2026-07-07T11:46:10.902894000Z,Authentication,166,34,-19,920,0,11,0,0,1,0,0,0,720,0
1096,2026-07-07T11:46:10.908831000Z,Authentication,166,34,-18,920,0,11,0,0,1,0,0,0,720,0
1097,2026-07-07T11:46:10.914566000Z,Authentication,166,34,-18,920,0,11,0,0,1,0,0,0,720,0
1098,2026-07-07T11:46:11.019445000Z,Authentication,166,34,-69,920,0,11,0,0,0,0,0,0,0,0
1099,2026-07-07T11:46:11.027941000Z,Authentication,166,34,-19,920,0,11,0,0,0,0,0,0,720,0
1100,2026-07-07T11:46:11.033989000Z,Authentication,166,34,-18,920,0,11,0,0,1,0,0,0,720,0
1101,2026-07-07T11:46:11.040162000Z,Authentication,166,34,-18,920,0,11,0,0,1,0,0,0,720,0
1102,2026-07-07T11:46:11.046051000Z,Authentication,166,34,-18,920,0,11,0,0,1,0,0,0,720,0
1103,2026-07-07T11:46:11.101589000Z,Data,287,34,-19,920,2,0,0,0,0,0,0,1,0,0
1104,2026-07-07T11:46:11.141306000Z,Authentication,166,34,-71,920,0,11,0,0,0,0,0,0,0,0
1105,2026-07-07T11:46:11.177839000Z,Authentication,166,34,-19,920,0,11,0,0,0,0,0,0,720,0
1106,2026-07-07T11:46:11.183570000Z,Authentication,166,34,-19,920,0,11,0,0,1,0,0,0,720,0
1107,2026-07-07T11:46:11.189314000Z,Authentication,166,34,-19,920,0,11,0,0,1,0,0,0,720,0
1108,2026-07-07T11:46:11.195203000Z,Authentication,166,34,-19,920,0,11,0,0,1,0,0,0,720,0
1109,2026-07-07T11:46:11.270332000Z,Authentication,166,34,-69,920,0,11,0,0,0,0,0,0,0,0
1110,2026-07-07T11:46:11.286629000Z,Authentication,166,34,-19,920,0,11,0,0,0,0,0,0,720,0
1111,2026-07-07T11:46:11.292623000Z,Authentication,166,34,-19,920,0,11,0,0,1,0,0,0,720,0
1112,2026-07-07T11:46:11.298455000Z,Authentication,166,34,-18,920,0,11,0,0,1,0,0,0,720,0
1113,2026-07-07T11:46:11.304449000Z,Authentication,166,34,-18,920,0,11,0,0,1,0,0,0,720,0
1114,2026-07-07T11:46:11.393227000Z,Authentication,166,34,-69,920,0,11,0,0,0,0,0,0,0,0
1115,2026-07-07T11:46:11.406596000Z,Authentication,166,34,-19,920,0,11,0,0,0,0,0,0,720,0
1116,2026-07-07T11:46:11.418324000Z,Authentication,166,34,-20,920,0,11,0,0,1,0,0,0,720,0
1117,2026-07-07T11:46:11.424061000Z,Authentication,166,34,-19,920,0,11,0,0,1,0,0,0,720,0
1118,2026-07-07T11:46:11.506797000Z,S1G Beacon,129,34,-19,920,3,1,,,,,,,0,0
1119,2026-07-07T11:46:11.524290000Z,Authentication,166,34,-69,920,0,11,0,0,0,0,0,0,0,0
1120,2026-07-07T11:46:11.536822000Z,Authentication,166,34,-19,920,0,11,0,0,0,0,0,0,720,0
1121,2026-07-07T11:46:11.542767000Z,Authentication,166,34,-19,920,0,11,0,0,1,0,0,0,720,0
1122,2026-07-07T11:46:11.548551000Z,Authentication,166,34,-19,920,0,11,0,0,1,0,0,0,720,0
1123,2026-07-07T11:46:11.554536000Z,Authentication,166,34,-19,920,0,11,0,0,1,0,0,0,720,0
1124,2026-07-07T11:46:11.655366000Z,Authentication,166,34,-71,920,0,11,0,0,0,0,0,0,0,0
1125,2026-07-07T11:46:11.666619000Z,Authentication,166,34,-19,920,0,11,0,0,0,0,0,0,720,0
1126,2026-07-07T11:46:11.672667000Z,Authentication,166,34,-18,920,0,11,0,0,1,0,0,0,720,0
1127,2026-07-07T11:46:11.678711000Z,Authentication,166,34,-20,920,0,11,0,0,1,0,0,0,720,0
1128,2026-07-07T11:46:11.684382000Z,Authentication,166,34,-20,920,0,11,0,0,1,0,0,0,720,0
1129,2026-07-07T11:46:11.796602000Z,Authentication,166,34,-18,920,0,11,0,0,0,0,0,0,720,0
1130,2026-07-07T11:46:11.802335000Z,Authentication,166,34,-17,920,0,11,0,0,1,0,0,0,720,0
1131,2026-07-07T11:46:11.808216000Z,Authentication,166,34,-18,920,0,11,0,0,1,0,0,0,720,0
1132,2026-07-07T11:46:11.813955000Z,Authentication,166,34,-19,920,0,11,0,0,1,0,0,0,720,0
1133,2026-07-07T11:46:11.926576000Z,Authentication,166,34,-18,920,0,11,0,0,0,0,0,0,720,0
1134,2026-07-07T11:46:11.932522000Z,Authentication,166,34,-17,920,0,11,0,0,1,0,0,0,720,0
1135,2026-07-07T11:46:11.938564000Z,Authentication,166,34,-17,920,0,11,0,0,1,0,0,0,720,0
1136,2026-07-07T11:46:12.054904000Z,Authentication,166,34,-17,920,0,11,0,0,0,0,0,0,720,0
1137,2026-07-07T11:46:12.060684000Z,Authentication,166,34,-17,920,0,11,0,0,1,0,0,0,720,0
1138,2026-07-07T11:46:12.066518000Z,Authentication,166,34,-18,920,0,11,0,0,1,0,0,0,720,0
1139,2026-07-07T11:46:12.072246000Z,Authentication,166,34,-17,920,0,11,0,0,1,0,0,0,720,0
1140,2026-07-07T11:46:12.179659000Z,Authentication,166,34,-71,920,0,11,0,0,0,0,0,0,0,0
1141,2026-07-07T11:46:12.185920000Z,Authentication,166,34,-18,920,0,11,0,0,0,0,0,0,720,0
1142,2026-07-07T11:46:12.191710000Z,Authentication,166,34,-18,920,0,11,0,0,1,0,0,0,720,0
1143,2026-07-07T11:46:12.197599000Z,Authentication,166,34,-18,920,0,11,0,0,1,0,0,0,720,0
1144,2026-07-07T11:46:12.324214000Z,S1G Beacon,61,34,-19,920,3,1,,,,,,,0,0
1145,2026-07-07T11:46:12.328865000Z,Authentication,166,34,-17,920,0,11,0,0,0,0,0,0,720,0
1146,2026-07-07T11:46:12.334550000Z,Authentication,166,34,-18,920,0,11,0,0,1,0,0,0,720,0
1147,2026-07-07T11:46:12.340492000Z,Authentication,166,34,-19,920,0,11,0,0,1,0,0,0,720,0
1148,2026-07-07T11:46:12.346168000Z,Authentication,166,34,-18,920,0,11,0,0,1,0,0,0,720,0
1149,2026-07-07T11:46:12.429538000Z,Authentication,166,34,-69,920,0,11,0,0,0,0,0,0,0,0
1150,2026-07-07T11:46:12.463503000Z,Authentication,166,34,-17,920,0,11,0,0,0,0,0,0,720,0
1151,2026-07-07T11:46:12.469340000Z,Authentication,166,34,-17,920,0,11,0,0,1,0,0,0,720,0
1152,2026-07-07T11:46:12.475079000Z,Authentication,166,34,-17,920,0,11,0,0,1,0,0,0,720,0
1153,2026-07-07T11:46:12.480807000Z,Authentication,166,34,-17,920,0,11,0,0,1,0,0,0,720,0
1154,2026-07-07T11:46:12.572896000Z,Authentication,166,34,-69,920,0,11,0,0,0,0,0,0,0,0
1155,2026-07-07T11:46:12.579143000Z,Authentication,166,34,-17,920,0,11,0,0,0,0,0,0,720,0
1156,2026-07-07T11:46:12.584928000Z,Authentication,166,34,-18,920,0,11,0,0,1,0,0,0,720,0
1157,2026-07-07T11:46:12.590709000Z,Authentication,166,34,-16,920,0,11,0,0,1,0,0,0,720,0
1158,2026-07-07T11:46:12.596440000Z,Authentication,166,34,-17,920,0,11,0,0,1,0,0,0,720,0
1159,2026-07-07T11:46:12.679386000Z,Authentication,166,34,-72,920,0,11,0,0,0,0,0,0,0,0
1160,2026-07-07T11:46:12.689335000Z,Authentication,166,34,-16,920,0,11,0,0,0,0,0,0,720,0
1161,2026-07-07T11:46:12.695069000Z,Authentication,166,34,-16,920,0,11,0,0,1,0,0,0,720,0
1162,2026-07-07T11:46:12.701114000Z,Authentication,166,34,-17,920,0,11,0,0,1,0,0,0,720,0
1163,2026-07-07T11:46:12.811482000Z,Authentication,166,34,-69,920,0,11,0,0,0,0,0,0,0,0
1164,2026-07-07T11:46:12.826634000Z,Authentication,166,34,-16,920,0,11,0,0,0,0,0,0,720,0
1165,2026-07-07T11:46:12.832569000Z,Authentication,166,34,-16,920,0,11,0,0,1,0,0,0,720,0
1166,2026-07-07T11:46:12.838458000Z,Authentication,166,34,-16,920,0,11,0,0,1,0,0,0,720,0
1167,2026-07-07T11:46:12.844352000Z,Authentication,166,34,-16,920,0,11,0,0,1,0,0,0,720,0
1168,2026-07-07T11:46:12.952801000Z,Authentication,166,34,-70,920,0,11,0,0,0,0,0,0,0,0
1171,2026-07-07T11:46:12.996116000Z,QoS Data,128,34,-15,920,2,8,1,0,0,0,0,1,720,0
1174,2026-07-07T11:46:13.004336000Z,QoS Data,131,34,-16,920,2,8,1,0,1,0,0,1,720,0
1177,2026-07-07T11:46:13.094107000Z,Authentication,166,34,-69,920,0,11,0,0,0,0,0,0,0,0
1178,2026-07-07T11:46:13.106658000Z,Authentication,166,34,-16,920,0,11,0,0,0,0,0,0,720,0
1179,2026-07-07T11:46:13.111871000Z,Authentication,166,34,-16,920,0,11,0,0,1,0,0,0,720,0
1180,2026-07-07T11:46:13.117551000Z,Authentication,166,34,-17,920,0,11,0,0,1,0,0,0,720,0
1181,2026-07-07T11:46:13.123385000Z,Authentication,166,34,-17,920,0,11,0,0,1,0,0,0,720,0
1182,2026-07-07T11:46:13.145244000Z,S1G Beacon,129,34,-17,920,3,1,,,,,,,0,0
1183,2026-07-07T11:46:13.212991000Z,Authentication,166,34,-17,920,0,11,0,0,0,0,0,0,720,0
1184,2026-07-07T11:46:13.218987000Z,Authentication,166,34,-18,920,0,11,0,0,1,0,0,0,720,0
1185,2026-07-07T11:46:13.224817000Z,Authentication,166,34,-17,920,0,11,0,0,1,0,0,0,720,0
1186,2026-07-07T11:46:13.230755000Z,Authentication,166,34,-16,920,0,11,0,0,1,0,0,0,720,0
1187,2026-07-07T11:46:13.238118000Z,RTS,54,34,-28,920,1,11,,,,0,0,0,3316,0
1189,2026-07-07T11:46:13.240706000Z,QoS Data,128,34,-28,920,2,8,1,0,1,0,0,1,720,0
1192,2026-07-07T11:46:13.349088000Z,Authentication,166,34,-69,920,0,11,0,0,0,0,0,0,0,0
1193,2026-07-07T11:46:13.355350000Z,Authentication,166,34,-16,920,0,11,0,0,0,0,0,0,720,0
1194,2026-07-07T11:46:13.361086000Z,Authentication,166,34,-16,920,0,11,0,0,1,0,0,0,720,0
1195,2026-07-07T11:46:13.366814000Z,Authentication,166,34,-18,920,0,11,0,0,1,0,0,0,720,0
1196,2026-07-07T11:46:13.372754000Z,Authentication,166,34,-17,920,0,11,0,0,1,0,0,0,720,0
1197,2026-07-07T11:46:13.464835000Z,Authentication,166,34,-69,920,0,11,0,0,0,0,0,0,0,0
1198,2026-07-07T11:46:13.471068000Z,Authentication,166,34,-16,920,0,11,0,0,0,0,0,0,720,0
1199,2026-07-07T11:46:13.476964000Z,Authentication,166,34,-16,920,0,11,0,0,1,0,0,0,720,0
1200,2026-07-07T11:46:13.488809000Z,Authentication,166,34,-17,920,0,11,0,0,1,0,0,0,720,0
1201,2026-07-07T11:46:13.590776000Z,Authentication,166,34,-69,920,0,11,0,0,0,0,0,0,0,0
1202,2026-07-07T11:46:13.606575000Z,Authentication,166,34,-17,920,0,11,0,0,0,0,0,0,720,0
1203,2026-07-07T11:46:13.612105000Z,Authentication,166,34,-16,920,0,11,0,0,1,0,0,0,720,0
1204,2026-07-07T11:46:13.617883000Z,Authentication,166,34,-16,920,0,11,0,0,1,0,0,0,720,0
1205,2026-07-07T11:46:13.623571000Z,Authentication,166,34,-16,920,0,11,0,0,1,0,0,0,720,0
1206,2026-07-07T11:46:13.719788000Z,Authentication,166,34,-71,920,0,11,0,0,0,0,0,0,0,0
1207,2026-07-07T11:46:13.744793000Z,Authentication,166,34,-17,920,0,11,0,0,0,0,0,0,720,0
1208,2026-07-07T11:46:13.750627000Z,Authentication,166,34,-16,920,0,11,0,0,1,0,0,0,720,0
1209,2026-07-07T11:46:13.756554000Z,Authentication,166,34,-16,920,0,11,0,0,1,0,0,0,720,0
1210,2026-07-07T11:46:13.762336000Z,Authentication,166,34,-16,920,0,11,0,0,1,0,0,0,720,0
1211,2026-07-07T11:46:13.850862000Z,Authentication,166,34,-69,920,0,11,0,0,0,0,0,0,0,0
1212,2026-07-07T11:46:13.857171000Z,Authentication,166,34,-16,920,0,11,0,0,0,0,0,0,720,0
1213,2026-07-07T11:46:13.862854000Z,Authentication,166,34,-17,920,0,11,0,0,1,0,0,0,720,0
1214,2026-07-07T11:46:13.868532000Z,Authentication,166,34,-16,920,0,11,0,0,1,0,0,0,720,0
1215,2026-07-07T11:46:13.962666000Z,S1G Beacon,61,34,-17,920,3,1,,,,,,,0,0
1216,2026-07-07T11:46:13.982069000Z,Authentication,166,34,-71,920,0,11,0,0,0,0,0,0,0,0
1217,2026-07-07T11:46:13.988400000Z,Authentication,166,34,-18,920,0,11,0,0,0,0,0,0,720,0
1218,2026-07-07T11:46:13.994343000Z,Authentication,166,34,-16,920,0,11,0,0,1,0,0,0,720,0
1219,2026-07-07T11:46:14.000176000Z,Authentication,166,34,-17,920,0,11,0,0,1,0,0,0,720,0
1220,2026-07-07T11:46:14.005909000Z,Authentication,166,34,-16,920,0,11,0,0,1,0,0,0,720,0
1221,2026-07-07T11:46:14.113016000Z,Authentication,166,34,-70,920,0,11,0,0,0,0,0,0,0,0
1222,2026-07-07T11:46:14.119269000Z,Authentication,166,34,-17,920,0,11,0,0,0,0,0,0,720,0
1223,2026-07-07T11:46:14.128794000Z,Data,287,34,-16,920,2,0,0,0,0,0,0,1,0,0
1224,2026-07-07T11:46:14.133364000Z,Authentication,166,34,-16,920,0,11,0,0,1,0,0,0,720,0
1225,2026-07-07T11:46:14.139103000Z,Authentication,166,34,-16,920,0,11,0,0,1,0,0,0,720,0
1226,2026-07-07T11:46:14.145091000Z,Authentication,166,34,-16,920,0,11,0,0,1,0,0,0,720,0
1227,2026-07-07T11:46:14.244086000Z,Authentication,166,34,-70,920,0,11,0,0,0,0,0,0,0,0
1228,2026-07-07T11:46:14.250342000Z,Authentication,166,34,-16,920,0,11,0,0,0,0,0,0,720,0
1229,2026-07-07T11:46:14.256178000Z,Authentication,166,34,-16,920,0,11,0,0,1,0,0,0,720,0
1230,2026-07-07T11:46:14.262065000Z,Authentication,166,34,-17,920,0,11,0,0,1,0,0,0,720,0
1231,2026-07-07T11:46:14.267904000Z,Authentication,166,34,-16,920,0,11,0,0,1,0,0,0,720,0
1232,2026-07-07T11:46:14.375160000Z,Authentication,166,34,-69,920,0,11,0,0,0,0,0,0,0,0
1233,2026-07-07T11:46:14.381413000Z,Authentication,166,34,-16,920,0,11,0,0,0,0,0,0,720,0
1234,2026-07-07T11:46:14.387297000Z,Authentication,166,34,-16,920,0,11,0,0,1,0,0,0,720,0
1235,2026-07-07T11:46:14.393340000Z,Authentication,166,34,-16,920,0,11,0,0,1,0,0,0,720,0
1236,2026-07-07T11:46:14.399074000Z,Authentication,166,34,-16,920,0,11,0,0,1,0,0,0,720,0
1237,2026-07-07T11:46:14.506251000Z,Authentication,166,34,-71,920,0,11,0,0,0,0,0,0,0,0
1238,2026-07-07T11:46:14.512442000Z,Authentication,166,34,-16,920,0,11,0,0,0,0,0,0,720,0
1239,2026-07-07T11:46:14.518331000Z,Authentication,166,34,-17,920,0,11,0,0,1,0,0,0,720,0
1240,2026-07-07T11:46:14.524277000Z,Authentication,166,34,-16,920,0,11,0,0,1,0,0,0,720,0
1241,2026-07-07T11:46:14.530263000Z,Authentication,166,34,-16,920,0,11,0,0,1,0,0,0,720,0
1242,2026-07-07T11:46:14.631678000Z,Authentication,166,34,-69,920,0,11,0,0,0,0,0,0,0,0
1243,2026-07-07T11:46:14.637981000Z,Authentication,166,34,-16,920,0,11,0,0,0,0,0,0,720,0
1244,2026-07-07T11:46:14.643769000Z,Authentication,166,34,-16,920,0,11,0,0,1,0,0,0,720,0
1245,2026-07-07T11:46:14.649874000Z,Authentication,166,34,-18,920,0,11,0,0,1,0,0,0,720,0
1246,2026-07-07T11:46:14.655558000Z,Authentication,166,34,-16,920,0,11,0,0,1,0,0,0,720,0
1247,2026-07-07T11:46:14.739717000Z,Authentication,166,34,-71,920,0,11,0,0,0,0,0,0,0,0
1248,2026-07-07T11:46:14.745972000Z,Authentication,166,34,-17,920,0,11,0,0,0,0,0,0,720,0
1249,2026-07-07T11:46:14.751757000Z,Authentication,166,34,-18,920,0,11,0,0,1,0,0,0,720,0
1250,2026-07-07T11:46:14.757591000Z,Authentication,166,34,-18,920,0,11,0,0,1,0,0,0,720,0
1251,2026-07-07T11:46:14.763326000Z,Authentication,166,34,-16,920,0,11,0,0,1,0,0,0,720,0
1252,2026-07-07T11:46:14.783689000Z,S1G Beacon,129,34,-17,920,3,1,,,,,,,0,0
1253,2026-07-07T11:46:14.866691000Z,Authentication,166,34,-68,920,0,11,0,0,0,0,0,0,0,0
1254,2026-07-07T11:46:14.876691000Z,Authentication,166,34,-16,920,0,11,0,0,0,0,0,0,720,0
1255,2026-07-07T11:46:14.882529000Z,Authentication,166,34,-17,920,0,11,0,0,1,0,0,0,720,0
1256,2026-07-07T11:46:14.888319000Z,Authentication,166,34,-18,920,0,11,0,0,1,0,0,0,720,0
1257,2026-07-07T11:46:14.894046000Z,Authentication,166,34,-17,920,0,11,0,0,1,0,0,0,720,0
1258,2026-07-07T11:46:14.997769000Z,Authentication,166,34,-73,920,0,11,0,0,0,0,0,0,0,0
1259,2026-07-07T11:46:15.017544000Z,Authentication,166,34,-17,920,0,11,0,0,0,0,0,0,720,0
1260,2026-07-07T11:46:15.023393000Z,Authentication,166,34,-17,920,0,11,0,0,1,0,0,0,720,0
1261,2026-07-07T11:46:15.029318000Z,Authentication,166,34,-17,920,0,11,0,0,1,0,0,0,720,0
1262,2026-07-07T11:46:15.035166000Z,Authentication,166,34,-16,920,0,11,0,0,1,0,0,0,720,0
1263,2026-07-07T11:46:15.128839000Z,Authentication,166,34,-71,920,0,11,0,0,0,0,0,0,0,0
1264,2026-07-07T11:46:15.146591000Z,Authentication,166,34,-17,920,0,11,0,0,0,0,0,0,720,0
1265,2026-07-07T11:46:15.152325000Z,Authentication,166,34,-16,920,0,11,0,0,1,0,0,0,720,0
1266,2026-07-07T11:46:15.158056000Z,Authentication,166,34,-16,920,0,11,0,0,1,0,0,0,720,0
1267,2026-07-07T11:46:15.164000000Z,Authentication,166,34,-16,920,0,11,0,0,1,0,0,0,720,0
1268,2026-07-07T11:46:15.259912000Z,Authentication,166,34,-71,920,0,11,0,0,0,0,0,0,0,0
1269,2026-07-07T11:46:15.276830000Z,Authentication,166,34,-17,920,0,11,0,0,0,0,0,0,720,0
1270,2026-07-07T11:46:15.282669000Z,Authentication,166,34,-16,920,0,11,0,0,1,0,0,0,720,0
1271,2026-07-07T11:46:15.288451000Z,Authentication,166,34,-16,920,0,11,0,0,1,0,0,0,720,0
1272,2026-07-07T11:46:15.294236000Z,Authentication,166,34,-16,920,0,11,0,0,1,0,0,0,720,0
1273,2026-07-07T11:46:15.406659000Z,Authentication,166,34,-17,920,0,11,0,0,0,0,0,0,720,0
1274,2026-07-07T11:46:15.412497000Z,Authentication,166,34,-16,920,0,11,0,0,1,0,0,0,720,0
1275,2026-07-07T11:46:15.418279000Z,Authentication,166,34,-17,920,0,11,0,0,1,0,0,0,720,0
1276,2026-07-07T11:46:15.424223000Z,Authentication,166,34,-17,920,0,11,0,0,1,0,0,0,720,0
1277,2026-07-07T11:46:15.522075000Z,Authentication,166,34,-70,920,0,11,0,0,0,0,0,0,0,0
1278,2026-07-07T11:46:15.528334000Z,Authentication,166,34,-17,920,0,11,0,0,0,0,0,0,720,0
1279,2026-07-07T11:46:15.534015000Z,Authentication,166,34,-17,920,0,11,0,0,1,0,0,0,720,0
1280,2026-07-07T11:46:15.540065000Z,Authentication,166,34,-17,920,0,11,0,0,1,0,0,0,720,0
1281,2026-07-07T11:46:15.545798000Z,Authentication,166,34,-17,920,0,11,0,0,1,0,0,0,720,0
1282,2026-07-07T11:46:15.601117000Z,S1G Beacon,61,34,-17,920,3,1,,,,,,,0,0
1283,2026-07-07T11:46:15.659345000Z,Authentication,166,34,-17,920,0,11,0,0,0,0,0,0,720,0
1284,2026-07-07T11:46:15.665288000Z,Authentication,166,34,-18,920,0,11,0,0,1,0,0,0,720,0
1285,2026-07-07T11:46:15.671276000Z,Authentication,166,34,-17,920,0,11,0,0,1,0,0,0,720,0
1286,2026-07-07T11:46:15.677316000Z,Authentication,166,34,-17,920,0,11,0,0,1,0,0,0,720,0
1287,2026-07-07T11:46:15.784212000Z,Authentication,166,34,-68,920,0,11,0,0,0,0,0,0,0,0
1288,2026-07-07T11:46:15.790676000Z,Authentication,166,34,-17,920,0,11,0,0,0,0,0,0,720,0
1289,2026-07-07T11:46:15.797230000Z,Authentication,166,34,-16,920,0,11,0,0,1,0,0,0,720,0
1290,2026-07-07T11:46:15.802974000Z,Authentication,166,34,-18,920,0,11,0,0,1,0,0,0,720,0
1291,2026-07-07T11:46:15.808173000Z,Authentication,166,34,-16,920,0,11,0,0,1,0,0,0,720,0
1292,2026-07-07T11:46:15.909276000Z,Authentication,166,34,-17,920,0,11,0,0,0,0,0,0,720,0
1293,2026-07-07T11:46:15.915251000Z,Authentication,166,34,-17,920,0,11,0,0,1,0,0,0,720,0
1294,2026-07-07T11:46:15.921139000Z,Authentication,166,34,-17,920,0,11,0,0,1,0,0,0,720,0
1295,2026-07-07T11:46:15.927181000Z,Authentication,166,34,-18,920,0,11,0,0,1,0,0,0,720,0
1296,2026-07-07T11:46:16.031001000Z,Authentication,166,34,-71,920,0,11,0,0,0,0,0,0,0,0
1297,2026-07-07T11:46:16.046935000Z,Authentication,166,34,-17,920,0,11,0,0,0,0,0,0,720,0
1298,2026-07-07T11:46:16.052767000Z,Authentication,166,34,-16,920,0,11,0,0,1,0,0,0,720,0
1299,2026-07-07T11:46:16.058652000Z,Authentication,166,34,-16,920,0,11,0,0,1,0,0,0,720,0
1300,2026-07-07T11:46:16.064593000Z,Authentication,166,34,-16,920,0,11,0,0,1,0,0,0,720,0
1301,2026-07-07T11:46:16.165150000Z,Authentication,166,34,-71,920,0,11,0,0,0,0,0,0,0,0
1302,2026-07-07T11:46:16.175979000Z,Authentication,166,34,-17,920,0,11,0,0,0,0,0,0,720,0
1303,2026-07-07T11:46:16.181770000Z,Authentication,166,34,-18,920,0,11,0,0,1,0,0,0,720,0
1304,2026-07-07T11:46:16.187757000Z,Authentication,166,34,-17,920,0,11,0,0,1,0,0,0,720,0
1305,2026-07-07T11:46:16.193543000Z,Authentication,166,34,-16,920,0,11,0,0,1,0,0,0,720,0
1306,2026-07-07T11:46:16.278819000Z,Authentication,166,34,-71,920,0,11,0,0,0,0,0,0,0,0
1307,2026-07-07T11:46:16.406816000Z,Authentication,166,34,-72,920,0,11,0,0,0,0,0,0,0,0
1308,2026-07-07T11:46:16.422143000Z,S1G Beacon,129,34,-16,920,3,1,,,,,,,0,0
1309,2026-07-07T11:46:16.429751000Z,Authentication,166,34,-16,920,0,11,0,0,0,0,0,0,720,0
1310,2026-07-07T11:46:16.435592000Z,Authentication,166,34,-16,920,0,11,0,0,1,0,0,0,720,0
1311,2026-07-07T11:46:16.441372000Z,Authentication,166,34,-17,920,0,11,0,0,1,0,0,0,720,0
1312,2026-07-07T11:46:16.447108000Z,Authentication,166,34,-16,920,0,11,0,0,1,0,0,0,720,0
1313,2026-07-07T11:46:16.512200000Z,Authentication,166,34,-18,920,0,11,0,0,0,0,0,0,720,0
1314,2026-07-07T11:46:16.517984000Z,Authentication,166,34,-16,920,0,11,0,0,1,0,0,0,720,0
1315,2026-07-07T11:46:16.523982000Z,Authentication,166,34,-16,920,0,11,0,0,1,0,0,0,720,0
1316,2026-07-07T11:46:16.529761000Z,Authentication,166,34,-18,920,0,11,0,0,1,0,0,0,720,0
1317,2026-07-07T11:46:16.668982000Z,Authentication,166,34,-69,920,0,11,0,0,0,0,0,0,0,0
1318,2026-07-07T11:46:16.676680000Z,Authentication,166,34,-17,920,0,11,0,0,0,0,0,0,720,0
1319,2026-07-07T11:46:16.682570000Z,Authentication,166,34,-17,920,0,11,0,0,1,0,0,0,720,0
1320,2026-07-07T11:46:16.688561000Z,Authentication,166,34,-16,920,0,11,0,0,1,0,0,0,720,0
1321,2026-07-07T11:46:16.694448000Z,Authentication,166,34,-17,920,0,11,0,0,1,0,0,0,720,0
1322,2026-07-07T11:46:16.800040000Z,Authentication,166,34,-69,920,0,11,0,0,0,0,0,0,0,0
1323,2026-07-07T11:46:16.816853000Z,Authentication,166,34,-16,920,0,11,0,0,0,0,0,0,720,0
1324,2026-07-07T11:46:16.822849000Z,Authentication,166,34,-17,920,0,11,0,0,1,0,0,0,720,0
1325,2026-07-07T11:46:16.834572000Z,Authentication,166,34,-17,920,0,11,0,0,1,0,0,0,720,0
1326,2026-07-07T11:46:16.931120000Z,Authentication,166,34,-70,920,0,11,0,0,0,0,0,0,0,0
1327,2026-07-07T11:46:16.946733000Z,Authentication,166,34,-15,920,0,11,0,0,0,0,0,0,720,0
1328,2026-07-07T11:46:16.952107000Z,Authentication,166,34,-16,920,0,11,0,0,1,0,0,0,720,0
1329,2026-07-07T11:46:16.958093000Z,Authentication,166,34,-15,920,0,11,0,0,1,0,0,0,720,0
1330,2026-07-07T11:46:16.963826000Z,Authentication,166,34,-16,920,0,11,0,0,1,0,0,0,720,0
1331,2026-07-07T11:46:17.062198000Z,Authentication,166,34,-69,920,0,11,0,0,0,0,0,0,0,0
1332,2026-07-07T11:46:17.076715000Z,Authentication,166,34,-15,920,0,11,0,0,0,0,0,0,720,0
1333,2026-07-07T11:46:17.088289000Z,Authentication,166,34,-16,920,0,11,0,0,1,0,0,0,720,0
1334,2026-07-07T11:46:17.094228000Z,Authentication,166,34,-16,920,0,11,0,0,1,0,0,0,720,0
1335,2026-07-07T11:46:17.150027000Z,Data,287,34,-16,920,2,0,0,0,0,0,0,1,0,0
1336,2026-07-07T11:46:17.204982000Z,Authentication,166,34,-16,920,0,11,0,0,0,0,0,0,720,0
1337,2026-07-07T11:46:17.210818000Z,Authentication,166,34,-16,920,0,11,0,0,1,0,0,0,720,0
1338,2026-07-07T11:46:17.216499000Z,Authentication,166,34,-17,920,0,11,0,0,1,0,0,0,720,0
1339,2026-07-07T11:46:17.222387000Z,Authentication,166,34,-16,920,0,11,0,0,1,0,0,0,720,0
1340,2026-07-07T11:46:17.239562000Z,S1G Beacon,61,34,-16,920,3,1,,,,,,,0,0
1341,2026-07-07T11:46:17.324338000Z,Authentication,166,34,-70,920,0,11,0,0,0,0,0,0,0,0
1342,2026-07-07T11:46:17.336681000Z,Authentication,166,34,-17,920,0,11,0,0,0,0,0,0,720,0
1343,2026-07-07T11:46:17.341792000Z,Authentication,166,34,-16,920,0,11,0,0,1,0,0,0,720,0
1344,2026-07-07T11:46:17.347469000Z,Authentication,166,34,-16,920,0,11,0,0,1,0,0,0,720,0
1345,2026-07-07T11:46:17.353358000Z,Authentication,166,34,-16,920,0,11,0,0,1,0,0,0,720,0
1346,2026-07-07T11:46:17.444148000Z,Authentication,166,34,-69,920,0,11,0,0,0,0,0,0,0,0
1347,2026-07-07T11:46:17.457166000Z,Authentication,166,34,-16,920,0,11,0,0,0,0,0,0,720,0
1348,2026-07-07T11:46:17.463000000Z,Authentication,166,34,-16,920,0,11,0,0,1,0,0,0,720,0
1349,2026-07-07T11:46:17.468893000Z,Authentication,166,34,-16,920,0,11,0,0,1,0,0,0,720,0
1350,2026-07-07T11:46:17.474671000Z,Authentication,166,34,-16,920,0,11,0,0,1,0,0,0,720,0
1351,2026-07-07T11:46:17.585458000Z,Authentication,166,34,-71,920,0,11,0,0,0,0,0,0,0,0
1352,2026-07-07T11:46:17.596720000Z,Authentication,166,34,-16,920,0,11,0,0,0,0,0,0,720,0
1353,2026-07-07T11:46:17.602392000Z,Authentication,166,34,-16,920,0,11,0,0,1,0,0,0,720,0
1354,2026-07-07T11:46:17.608222000Z,Authentication,166,34,-15,920,0,11,0,0,1,0,0,0,720,0
1355,2026-07-07T11:46:17.613279000Z,Authentication,166,34,-16,920,0,11,0,0,1,0,0,0,720,0
1356,2026-07-07T11:46:17.713978000Z,Authentication,166,34,-70,920,0,11,0,0,0,0,0,0,0,0
1357,2026-07-07T11:46:17.720283000Z,Authentication,166,34,-16,920,0,11,0,0,0,0,0,0,720,0
1358,2026-07-07T11:46:17.726331000Z,Authentication,166,34,-15,920,0,11,0,0,1,0,0,0,720,0
1359,2026-07-07T11:46:17.732134000Z,Authentication,166,34,-16,920,0,11,0,0,1,0,0,0,720,0
1360,2026-07-07T11:46:17.737794000Z,Authentication,166,34,-17,920,0,11,0,0,1,0,0,0,720,0
1361,2026-07-07T11:46:17.835327000Z,Authentication,166,34,-69,920,0,11,0,0,0,0,0,0,0,0
1362,2026-07-07T11:46:17.841719000Z,Authentication,166,34,-16,920,0,11,0,0,0,0,0,0,720,0
1363,2026-07-07T11:46:17.847553000Z,Authentication,166,34,-17,920,0,11,0,0,1,0,0,0,720,0
1364,2026-07-07T11:46:17.853541000Z,Authentication,166,34,-16,920,0,11,0,0,1,0,0,0,720,0
1365,2026-07-07T11:46:17.859427000Z,Authentication,166,34,-16,920,0,11,0,0,1,0,0,0,720,0
1366,2026-07-07T11:46:17.965377000Z,Authentication,166,34,-70,920,0,11,0,0,0,0,0,0,0,0
1367,2026-07-07T11:46:17.976729000Z,Authentication,166,34,-16,920,0,11,0,0,0,0,0,0,720,0
1368,2026-07-07T11:46:17.982575000Z,Authentication,166,34,-16,920,0,11,0,0,1,0,0,0,720,0
1369,2026-07-07T11:46:17.988365000Z,Authentication,166,34,-16,920,0,11,0,0,1,0,0,0,720,0
1370,2026-07-07T11:46:17.994048000Z,Authentication,166,34,-16,920,0,11,0,0,1,0,0,0,720,0
1371,2026-07-07T11:46:18.015501000Z,QoS Data,148,34,-30,920,2,8,1,0,0,0,0,1,720,0
1374,2026-07-07T11:46:18.027964000Z,QoS Data,131,34,-16,920,2,8,1,0,1,0,0,1,720,0
1376,2026-07-07T11:46:18.030604000Z,QoS Data,131,34,-19,920,2,8,0,0,0,0,0,1,720,0
1378,2026-07-07T11:46:18.060597000Z,S1G Beacon,129,34,-16,920,3,1,,,,,,,0,0
1379,2026-07-07T11:46:18.101567000Z,Authentication,166,34,-73,920,0,11,0,0,0,0,0,0,0,0
1380,2026-07-07T11:46:18.107821000Z,Authentication,166,34,-16,920,0,11,0,0,0,0,0,0,720,0
1381,2026-07-07T11:46:18.113760000Z,Authentication,166,34,-16,920,0,11,0,0,1,0,0,0,720,0
1382,2026-07-07T11:46:18.119750000Z,Authentication,166,34,-15,920,0,11,0,0,1,0,0,0,720,0
1383,2026-07-07T11:46:18.125590000Z,Authentication,166,34,-16,920,0,11,0,0,1,0,0,0,720,0
1384,2026-07-07T11:46:18.229734000Z,Authentication,166,34,-16,920,0,11,0,0,0,0,0,0,720,0
1385,2026-07-07T11:46:18.235102000Z,Authentication,166,34,-16,920,0,11,0,0,1,0,0,0,720,0
1386,2026-07-07T11:46:18.237816000Z,QoS Data,128,34,-28,920,2,8,1,0,0,0,0,1,720,0
1388,2026-07-07T11:46:18.243445000Z,Authentication,166,34,-16,920,0,11,0,0,1,0,0,0,720,0
1389,2026-07-07T11:46:18.249371000Z,Authentication,166,34,-16,920,0,11,0,0,1,0,0,0,720,0
1391,2026-07-07T11:46:18.354502000Z,Authentication,166,34,-71,920,0,11,0,0,0,0,0,0,0,0
1392,2026-07-07T11:46:18.360922000Z,Authentication,166,34,-16,920,0,11,0,0,0,0,0,0,720,0
1393,2026-07-07T11:46:18.366862000Z,Authentication,166,34,-17,920,0,11,0,0,1,0,0,0,720,0
1394,2026-07-07T11:46:18.372749000Z,Authentication,166,34,-16,920,0,11,0,0,1,0,0,0,720,0
1395,2026-07-07T11:46:18.378584000Z,Authentication,166,34,-15,920,0,11,0,0,1,0,0,0,720,0
1396,2026-07-07T11:46:18.471243000Z,Authentication,166,34,-70,920,0,11,0,0,0,0,0,0,0,0
1397,2026-07-07T11:46:18.477480000Z,Authentication,166,34,-16,920,0,11,0,0,0,0,0,0,720,0
1398,2026-07-07T11:46:18.483167000Z,Authentication,166,34,-15,920,0,11,0,0,1,0,0,0,720,0
1399,2026-07-07T11:46:18.489163000Z,Authentication,166,34,-16,920,0,11,0,0,1,0,0,0,720,0
1400,2026-07-07T11:46:18.495049000Z,Authentication,166,34,-16,920,0,11,0,0,1,0,0,0,720,0
1401,2026-07-07T11:46:18.602316000Z,Authentication,166,34,-69,920,0,11,0,0,0,0,0,0,0,0
1402,2026-07-07T11:46:18.612123000Z,Authentication,166,34,-16,920,0,11,0,0,0,0,0,0,720,0
1403,2026-07-07T11:46:18.617910000Z,Authentication,166,34,-16,920,0,11,0,0,1,0,0,0,720,0
1404,2026-07-07T11:46:18.623584000Z,Authentication,166,34,-16,920,0,11,0,0,1,0,0,0,720,0
1405,2026-07-07T11:46:18.629314000Z,Authentication,166,34,-16,920,0,11,0,0,1,0,0,0,720,0
1406,2026-07-07T11:46:18.733401000Z,Authentication,166,34,-69,920,0,11,0,0,0,0,0,0,0,0
1407,2026-07-07T11:46:18.746772000Z,Authentication,166,34,-17,920,0,11,0,0,0,0,0,0,720,0
1408,2026-07-07T11:46:18.752818000Z,Authentication,166,34,-16,920,0,11,0,0,1,0,0,0,720,0
1409,2026-07-07T11:46:18.758758000Z,Authentication,166,34,-16,920,0,11,0,0,1,0,0,0,720,0
1410,2026-07-07T11:46:18.764490000Z,Authentication,166,34,-17,920,0,11,0,0,1,0,0,0,720,0
1411,2026-07-07T11:46:18.864469000Z,Authentication,166,34,-71,920,0,11,0,0,0,0,0,0,0,0
1412,2026-07-07T11:46:18.878013000Z,S1G Beacon,61,34,-16,920,3,1,,,,,,,0,0
1413,2026-07-07T11:46:18.882822000Z,Authentication,166,34,-17,920,0,11,0,0,0,0,0,0,720,0
1414,2026-07-07T11:46:18.888506000Z,Authentication,166,34,-17,920,0,11,0,0,1,0,0,0,720,0
1415,2026-07-07T11:46:18.894182000Z,Authentication,166,34,-16,920,0,11,0,0,1,0,0,0,720,0
1416,2026-07-07T11:46:18.899859000Z,Authentication,166,34,-16,920,0,11,0,0,1,0,0,0,720,0
1417,2026-07-07T11:46:18.995545000Z,Authentication,166,34,-71,920,0,11,0,0,0,0,0,0,0,0
1418,2026-07-07T11:46:19.001796000Z,Authentication,166,34,-16,920,0,11,0,0,0,0,0,0,720,0
1419,2026-07-07T11:46:19.007844000Z,Authentication,166,34,-16,920,0,11,0,0,1,0,0,0,720,0
1420,2026-07-07T11:46:19.013576000Z,Authentication,166,34,-17,920,0,11,0,0,1,0,0,0,720,0
1421,2026-07-07T11:46:19.019362000Z,Authentication,166,34,-17,920,0,11,0,0,1,0,0,0,720,0
1422,2026-07-07T11:46:19.132873000Z,Authentication,166,34,-17,920,0,11,0,0,0,0,0,0,720,0
1423,2026-07-07T11:46:19.138707000Z,Authentication,166,34,-17,920,0,11,0,0,1,0,0,0,720,0
1424,2026-07-07T11:46:19.144492000Z,Authentication,166,34,-16,920,0,11,0,0,1,0,0,0,720,0
1425,2026-07-07T11:46:19.150170000Z,Authentication,166,34,-16,920,0,11,0,0,1,0,0,0,720,0
1426,2026-07-07T11:46:19.257695000Z,Authentication,166,34,-71,920,0,11,0,0,0,0,0,0,0,0
1427,2026-07-07T11:46:19.263946000Z,Authentication,166,34,-16,920,0,11,0,0,0,0,0,0,720,0
1428,2026-07-07T11:46:19.269836000Z,Authentication,166,34,-16,920,0,11,0,0,1,0,0,0,720,0
1429,2026-07-07T11:46:19.275674000Z,Authentication,166,34,-17,920,0,11,0,0,1,0,0,0,720,0
1430,2026-07-07T11:46:19.281408000Z,Authentication,166,34,-17,920,0,11,0,0,1,0,0,0,720,0
1431,2026-07-07T11:46:19.388761000Z,Authentication,166,34,-70,920,0,11,0,0,0,0,0,0,0,0
1432,2026-07-07T11:46:19.394967000Z,Authentication,166,34,-17,920,0,11,0,0,0,0,0,0,720,0
1433,2026-07-07T11:46:19.400858000Z,Authentication,166,34,-16,920,0,11,0,0,1,0,0,0,720,0
1434,2026-07-07T11:46:19.406797000Z,Authentication,166,34,-16,920,0,11,0,0,1,0,0,0,720,0
1435,2026-07-07T11:46:19.412271000Z,Authentication,166,34,-16,920,0,11,0,0,1,0,0,0,720,0
1436,2026-07-07T11:46:19.517448000Z,Authentication,166,34,-16,920,0,11,0,0,0,0,0,0,720,0
1437,2026-07-07T11:46:19.523286000Z,Authentication,166,34,-17,920,0,11,0,0,1,0,0,0,720,0
1438,2026-07-07T11:46:19.529014000Z,Authentication,166,34,-16,920,0,11,0,0,1,0,0,0,720,0
1439,2026-07-07T11:46:19.534855000Z,Authentication,166,34,-17,920,0,11,0,0,1,0,0,0,720,0
1441,2026-07-07T11:46:19.630429000Z,Authentication,166,34,-71,920,0,11,0,0,0,0,0,0,0,0
1442,2026-07-07T11:46:19.636758000Z,Authentication,166,34,-17,920,0,11,0,0,0,0,0,0,720,0
1443,2026-07-07T11:46:19.642653000Z,Authentication,166,34,-16,920,0,11,0,0,1,0,0,0,720,0
1444,2026-07-07T11:46:19.648482000Z,Authentication,166,34,-17,920,0,11,0,0,1,0,0,0,720,0
1445,2026-07-07T11:46:19.654320000Z,Authentication,166,34,-16,920,0,11,0,0,1,0,0,0,720,0
1446,2026-07-07T11:46:19.699052000Z,S1G Beacon,129,34,-16,920,3,1,,,,,,,0,0
1447,2026-07-07T11:46:19.766707000Z,Authentication,166,34,-17,920,0,11,0,0,0,0,0,0,720,0
1448,2026-07-07T11:46:19.772442000Z,Authentication,166,34,-16,920,0,11,0,0,1,0,0,0,720,0
1449,2026-07-07T11:46:19.778323000Z,Authentication,166,34,-17,920,0,11,0,0,1,0,0,0,720,0
1450,2026-07-07T11:46:19.784366000Z,Authentication,166,34,-16,920,0,11,0,0,1,0,0,0,720,0
1451,2026-07-07T11:46:19.889571000Z,Authentication,166,34,-16,920,0,11,0,0,0,0,0,0,720,0
1452,2026-07-07T11:46:19.895356000Z,Authentication,166,34,-16,920,0,11,0,0,1,0,0,0,720,0
1453,2026-07-07T11:46:19.901404000Z,Authentication,166,34,-18,920,0,11,0,0,1,0,0,0,720,0
1454,2026-07-07T11:46:19.907182000Z,Authentication,166,34,-17,920,0,11,0,0,1,0,0,0,720,0
1455,2026-07-07T11:46:20.018771000Z,Authentication,166,34,-16,920,0,11,0,0,0,0,0,0,720,0
1456,2026-07-07T11:46:20.024603000Z,Authentication,166,34,-16,920,0,11,0,0,1,0,0,0,720,0
1457,2026-07-07T11:46:20.030439000Z,Authentication,166,34,-16,920,0,11,0,0,1,0,0,0,720,0
1458,2026-07-07T11:46:20.036270000Z,Authentication,166,34,-17,920,0,11,0,0,1,0,0,0,720,0
1459,2026-07-07T11:46:20.173804000Z,Data,287,34,-16,920,2,0,0,0,0,0,0,1,0,0
1460,2026-07-07T11:46:20.286744000Z,Authentication,166,34,-16,920,0,11,0,0,0,0,0,0,720,0
1461,2026-07-07T11:46:20.292692000Z,Authentication,166,34,-16,920,0,11,0,0,1,0,0,0,720,0
1462,2026-07-07T11:46:20.298364000Z,Authentication,166,34,-16,920,0,11,0,0,1,0,0,0,720,0
1463,2026-07-07T11:46:20.304202000Z,Authentication,166,34,-16,920,0,11,0,0,1,0,0,0,720,0
1464,2026-07-07T11:46:20.410754000Z,Authentication,166,34,-18,920,0,11,0,0,0,0,0,0,720,0
1465,2026-07-07T11:46:20.416583000Z,Authentication,166,34,-17,920,0,11,0,0,1,0,0,0,720,0
1466,2026-07-07T11:46:20.422316000Z,Authentication,166,34,-16,920,0,11,0,0,1,0,0,0,720,0
1467,2026-07-07T11:46:20.428354000Z,Authentication,166,34,-17,920,0,11,0,0,1,0,0,0,720,0
1468,2026-07-07T11:46:20.516463000Z,S1G Beacon,61,34,-16,920,3,1,,,,,,,0,0
1469,2026-07-07T11:46:20.535661000Z,Authentication,166,34,-70,920,0,11,0,0,0,0,0,0,0,0
1470,2026-07-07T11:46:20.541822000Z,Authentication,166,34,-16,920,0,11,0,0,0,0,0,0,720,0
1471,2026-07-07T11:46:20.547551000Z,Authentication,166,34,-17,920,0,11,0,0,1,0,0,0,720,0
1472,2026-07-07T11:46:20.553236000Z,Authentication,166,34,-17,920,0,11,0,0,1,0,0,0,720,0
1473,2026-07-07T11:46:20.559225000Z,Authentication,166,34,-18,920,0,11,0,0,1,0,0,0,720,0
1474,2026-07-07T11:46:20.668905000Z,Authentication,166,34,-18,920,0,11,0,0,0,0,0,0,720,0
1475,2026-07-07T11:46:20.674575000Z,Authentication,166,34,-17,920,0,11,0,0,1,0,0,0,720,0
1476,2026-07-07T11:46:20.680256000Z,Authentication,166,34,-17,920,0,11,0,0,1,0,0,0,720,0
1477,2026-07-07T11:46:20.686193000Z,Authentication,166,34,-16,920,0,11,0,0,1,0,0,0,720,0
1478,2026-07-07T11:46:20.797836000Z,Authentication,166,34,-71,920,0,11,0,0,0,0,0,0,0,0
1479,2026-07-07T11:46:20.803969000Z,Authentication,166,34,-18,920,0,11,0,0,0,0,0,0,720,0
1480,2026-07-07T11:46:20.809756000Z,Authentication,166,34,-16,920,0,11,0,0,1,0,0,0,720,0
1481,2026-07-07T11:46:20.815591000Z,Authentication,166,34,-16,920,0,11,0,0,1,0,0,0,720,0
1482,2026-07-07T11:46:20.821531000Z,Authentication,166,34,-16,920,0,11,0,0,1,0,0,0,720,0
1483,2026-07-07T11:46:20.921835000Z,Authentication,166,34,-17,920,0,11,0,0,0,0,0,0,720,0
1484,2026-07-07T11:46:20.927612000Z,Authentication,166,34,-16,920,0,11,0,0,1,0,0,0,720,0
1485,2026-07-07T11:46:20.933452000Z,Authentication,166,34,-16,920,0,11,0,0,1,0,0,0,720,0
1486,2026-07-07T11:46:20.939282000Z,Authentication,166,34,-16,920,0,11,0,0,1,0,0,0,720,0
1487,2026-07-07T11:46:21.046844000Z,Authentication,166,34,-16,920,0,11,0,0,0,0,0,0,720,0
1488,2026-07-07T11:46:21.052620000Z,Authentication,166,34,-17,920,0,11,0,0,1,0,0,0,720,0
1489,2026-07-07T11:46:21.058308000Z,Authentication,166,34,-18,920,0,11,0,0,1,0,0,0,720,0
1490,2026-07-07T11:46:21.063978000Z,Authentication,166,34,-16,920,0,11,0,0,1,0,0,0,720,0
1491,2026-07-07T11:46:21.169897000Z,Authentication,166,34,-18,920,0,11,0,0,0,0,0,0,720,0
1492,2026-07-07T11:46:21.175672000Z,Authentication,166,34,-16,920,0,11,0,0,1,0,0,0,720,0
1493,2026-07-07T11:46:21.181670000Z,Authentication,166,34,-16,920,0,11,0,0,1,0,0,0,720,0
1494,2026-07-07T11:46:21.187445000Z,Authentication,166,34,-18,920,0,11,0,0,1,0,0,0,720,0
1495,2026-07-07T11:46:21.289349000Z,Authentication,166,34,-72,920,0,11,0,0,0,0,0,0,0,0
1496,2026-07-07T11:46:21.298567000Z,Authentication,166,34,-17,920,0,11,0,0,0,0,0,0,720,0
1497,2026-07-07T11:46:21.304405000Z,Authentication,166,34,-16,920,0,11,0,0,1,0,0,0,720,0
1498,2026-07-07T11:46:21.310341000Z,Authentication,166,34,-16,920,0,11,0,0,1,0,0,0,720,0
1499,2026-07-07T11:46:21.316281000Z,Authentication,166,34,-16,920,0,11,0,0,1,0,0,0,720,0
1500,2026-07-07T11:46:21.337494000Z,S1G Beacon,129,34,-16,920,3,1,,,,,,,0,0
1502,2026-07-07T11:46:21.420415000Z,Authentication,166,34,-72,920,0,11,0,0,0,0,0,0,0,0
1503,2026-07-07T11:46:21.490771000Z,Authentication,166,34,-17,920,0,11,0,0,0,0,0,0,720,0
1504,2026-07-07T11:46:21.496768000Z,Authentication,166,34,-16,920,0,11,0,0,1,0,0,0,720,0
1505,2026-07-07T11:46:21.502453000Z,Authentication,166,34,-16,920,0,11,0,0,1,0,0,0,720,0
1506,2026-07-07T11:46:21.508336000Z,Authentication,166,34,-16,920,0,11,0,0,1,0,0,0,720,0
1507,2026-07-07T11:46:21.551501000Z,Authentication,166,34,-70,920,0,11,0,0,0,0,0,0,0,0
1508,2026-07-07T11:46:21.568618000Z,Authentication,166,34,-16,920,0,11,0,0,0,0,0,0,720,0
1509,2026-07-07T11:46:21.574507000Z,Authentication,166,34,-16,920,0,11,0,0,1,0,0,0,720,0
1510,2026-07-07T11:46:21.580397000Z,Authentication,166,34,-16,920,0,11,0,0,1,0,0,0,720,0
1511,2026-07-07T11:46:21.586178000Z,Authentication,166,34,-17,920,0,11,0,0,1,0,0,0,720,0
1512,2026-07-07T11:46:21.689724000Z,Authentication,166,34,-18,920,0,11,0,0,0,0,0,0,720,0
1513,2026-07-07T11:46:21.695453000Z,Authentication,166,34,-17,920,0,11,0,0,1,0,0,0,720,0
1514,2026-07-07T11:46:21.701186000Z,Authentication,166,34,-18,920,0,11,0,0,1,0,0,0,720,0
1515,2026-07-07T11:46:21.707072000Z,Authentication,166,34,-17,920,0,11,0,0,1,0,0,0,720,0
1516,2026-07-07T11:46:21.813661000Z,Authentication,166,34,-69,920,0,11,0,0,0,0,0,0,0,0
1517,2026-07-07T11:46:21.827093000Z,Authentication,166,34,-18,920,0,11,0,0,0,0,0,0,720,0
1518,2026-07-07T11:46:21.832933000Z,Authentication,166,34,-16,920,0,11,0,0,1,0,0,0,720,0
1519,2026-07-07T11:46:21.838872000Z,Authentication,166,34,-16,920,0,11,0,0,1,0,0,0,720,0
1520,2026-07-07T11:46:21.844860000Z,Authentication,166,34,-16,920,0,11,0,0,1,0,0,0,720,0
1521,2026-07-07T11:46:21.944730000Z,Authentication,166,34,-70,920,0,11,0,0,0,0,0,0,0,0
1522,2026-07-07T11:46:21.956799000Z,Authentication,166,34,-17,920,0,11,0,0,0,0,0,0,720,0
1523,2026-07-07T11:46:21.962796000Z,Authentication,166,34,-16,920,0,11,0,0,1,0,0,0,720,0
1524,2026-07-07T11:46:21.968525000Z,Authentication,166,34,-16,920,0,11,0,0,1,0,0,0,720,0
1525,2026-07-07T11:46:21.974259000Z,Authentication,166,34,-16,920,0,11,0,0,1,0,0,0,720,0
1526,2026-07-07T11:46:22.070676000Z,Authentication,166,34,-71,920,0,11,0,0,0,0,0,0,0,0
1527,2026-07-07T11:46:22.086806000Z,Authentication,166,34,-16,920,0,11,0,0,0,0,0,0,720,0
1528,2026-07-07T11:46:22.093470000Z,Authentication,166,34,-16,920,0,11,0,0,1,0,0,0,720,0
1529,2026-07-07T11:46:22.099465000Z,Authentication,166,34,-17,920,0,11,0,0,1,0,0,0,720,0
1530,2026-07-07T11:46:22.104675000Z,Authentication,166,34,-16,920,0,11,0,0,1,0,0,0,720,0
1531,2026-07-07T11:46:22.154918000Z,S1G Beacon,61,34,-16,920,3,1,,,,,,,0,0
1532,2026-07-07T11:46:22.200718000Z,Authentication,166,34,-72,920,0,11,0,0,0,0,0,0,0,0
1533,2026-07-07T11:46:22.210563000Z,Authentication,166,34,-17,920,0,11,0,0,0,0,0,0,720,0
1534,2026-07-07T11:46:22.216452000Z,Authentication,166,34,-16,920,0,11,0,0,1,0,0,0,720,0
1535,2026-07-07T11:46:22.222131000Z,Authentication,166,34,-17,920,0,11,0,0,1,0,0,0,720,0
1536,2026-07-07T11:46:22.227860000Z,Authentication,166,34,-16,920,0,11,0,0,1,0,0,0,720,0
1538,2026-07-07T11:46:22.320532000Z,Authentication,166,34,-70,920,0,11,0,0,0,0,0,0,0,0
1539,2026-07-07T11:46:22.326840000Z,Authentication,166,34,-17,920,0,11,0,0,0,0,0,0,720,0
1540,2026-07-07T11:46:22.332782000Z,Authentication,166,34,-17,920,0,11,0,0,1,0,0,0,720,0
1541,2026-07-07T11:46:22.338517000Z,Authentication,166,34,-17,920,0,11,0,0,1,0,0,0,720,0
1542,2026-07-07T11:46:22.344351000Z,Authentication,166,34,-17,920,0,11,0,0,1,0,0,0,720,0
1543,2026-07-07T11:46:22.462771000Z,Authentication,166,34,-18,920,0,11,0,0,1,0,0,0,720,0
1544,2026-07-07T11:46:22.468500000Z,Authentication,166,34,-17,920,0,11,0,0,1,0,0,0,720,0
1545,2026-07-07T11:46:22.474184000Z,Authentication,166,34,-16,920,0,11,0,0,1,0,0,0,720,0
1546,2026-07-07T11:46:22.581659000Z,Authentication,166,34,-70,920,0,11,0,0,0,0,0,0,0,0
1547,2026-07-07T11:46:22.589623000Z,Authentication,166,34,-16,920,0,11,0,0,0,0,0,0,720,0
1548,2026-07-07T11:46:22.595484000Z,Authentication,166,34,-16,920,0,11,0,0,1,0,0,0,720,0
1549,2026-07-07T11:46:22.601409000Z,Authentication,166,34,-18,920,0,11,0,0,1,0,0,0,720,0
1550,2026-07-07T11:46:22.607349000Z,Authentication,166,34,-17,920,0,11,0,0,1,0,0,0,720,0
1551,2026-07-07T11:46:22.731866000Z,Authentication,166,34,-16,920,0,11,0,0,0,0,0,0,720,0
1552,2026-07-07T11:46:22.737856000Z,Authentication,166,34,-16,920,0,11,0,0,1,0,0,0,720,0
1553,2026-07-07T11:46:22.743590000Z,Authentication,166,34,-16,920,0,11,0,0,1,0,0,0,720,0
1554,2026-07-07T11:46:22.749320000Z,Authentication,166,34,-16,920,0,11,0,0,1,0,0,0,720,0
1555,2026-07-07T11:46:22.848076000Z,Authentication,166,34,-17,920,0,11,0,0,0,0,0,0,720,0
1556,2026-07-07T11:46:22.853852000Z,Authentication,166,34,-17,920,0,11,0,0,1,0,0,0,720,0
1557,2026-07-07T11:46:22.859690000Z,Authentication,166,34,-17,920,0,11,0,0,1,0,0,0,720,0
1558,2026-07-07T11:46:22.865419000Z,Authentication,166,34,-17,920,0,11,0,0,1,0,0,0,720,0
1559,2026-07-07T11:46:22.971815000Z,Authentication,166,34,-72,920,0,11,0,0,0,0,0,0,0,0
1560,2026-07-07T11:46:22.975939000Z,S1G Beacon,129,34,-16,920,3,1,,,,,,,0,0
1561,2026-07-07T11:46:22.980851000Z,Authentication,166,34,-17,920,0,11,0,0,0,0,0,0,720,0
1562,2026-07-07T11:46:22.986641000Z,Authentication,166,34,-16,920,0,11,0,0,1,0,0,0,720,0
1563,2026-07-07T11:46:22.992371000Z,Authentication,166,34,-16,920,0,11,0,0,1,0,0,0,720,0
1564,2026-07-07T11:46:22.998050000Z,Authentication,166,34,-16,920,0,11,0,0,1,0,0,0,720,0
1567,2026-07-07T11:46:23.055757000Z,QoS Data,131,34,-18,920,2,8,1,0,0,0,0,1,720,0
1570,2026-07-07T11:46:23.091620000Z,Authentication,166,34,-70,920,0,11,0,0,0,0,0,0,0,0
1571,2026-07-07T11:46:23.097824000Z,Authentication,166,34,-17,920,0,11,0,0,0,0,0,0,720,0
1572,2026-07-07T11:46:23.103617000Z,Authentication,166,34,-18,920,0,11,0,0,1,0,0,0,720,0
1573,2026-07-07T11:46:23.108981000Z,Authentication,166,34,-17,920,0,11,0,0,1,0,0,0,720,0
1574,2026-07-07T11:46:23.114869000Z,Authentication,166,34,-16,920,0,11,0,0,1,0,0,0,720,0
1575,2026-07-07T11:46:23.197935000Z,Data,287,34,-16,920,2,0,0,0,0,0,0,1,0,0
1576,2026-07-07T11:46:23.222698000Z,Authentication,166,34,-70,920,0,11,0,0,0,0,0,0,0,0
1578,2026-07-07T11:46:23.233308000Z,Authentication,166,34,-16,920,0,11,0,0,0,0,0,0,720,0
1579,2026-07-07T11:46:23.239303000Z,Authentication,166,34,-16,920,0,11,0,0,1,0,0,0,720,0
1580,2026-07-07T11:46:23.244979000Z,Authentication,166,34,-16,920,0,11,0,0,1,0,0,0,720,0
1581,2026-07-07T11:46:23.250814000Z,Authentication,166,34,-17,920,0,11,0,0,1,0,0,0,720,0
1583,2026-07-07T11:46:23.353770000Z,Authentication,166,34,-70,920,0,11,0,0,0,0,0,0,0,0
1584,2026-07-07T11:46:23.359974000Z,Authentication,166,34,-17,920,0,11,0,0,0,0,0,0,720,0
1585,2026-07-07T11:46:23.365657000Z,Authentication,166,34,-16,920,0,11,0,0,1,0,0,0,720,0
1586,2026-07-07T11:46:23.371545000Z,Authentication,166,34,-16,920,0,11,0,0,1,0,0,0,720,0
1587,2026-07-07T11:46:23.377586000Z,Authentication,166,34,-17,920,0,11,0,0,1,0,0,0,720,0
1588,2026-07-07T11:46:23.484846000Z,Authentication,166,34,-72,920,0,11,0,0,0,0,0,0,0,0
1589,2026-07-07T11:46:23.491265000Z,Authentication,166,34,-16,920,0,11,0,0,0,0,0,0,720,0
1590,2026-07-07T11:46:23.497108000Z,Authentication,166,34,-17,920,0,11,0,0,1,0,0,0,720,0
1591,2026-07-07T11:46:23.502939000Z,Authentication,166,34,-17,920,0,11,0,0,1,0,0,0,720,0
1592,2026-07-07T11:46:23.508931000Z,Authentication,166,34,-16,920,0,11,0,0,1,0,0,0,720,0
1593,2026-07-07T11:46:23.622121000Z,Authentication,166,34,-17,920,0,11,0,0,0,0,0,0,720,0
1594,2026-07-07T11:46:23.627906000Z,Authentication,166,34,-17,920,0,11,0,0,1,0,0,0,720,0
1595,2026-07-07T11:46:23.633689000Z,Authentication,166,34,-17,920,0,11,0,0,1,0,0,0,720,0
1596,2026-07-07T11:46:23.639575000Z,Authentication,166,34,-17,920,0,11,0,0,1,0,0,0,720,0
1597,2026-07-07T11:46:23.747000000Z,Authentication,166,34,-72,920,0,11,0,0,0,0,0,0,0,0
1598,2026-07-07T11:46:23.756889000Z,Authentication,166,34,-17,920,0,11,0,0,0,0,0,0,720,0
1599,2026-07-07T11:46:23.762692000Z,Authentication,166,34,-17,920,0,11,0,0,1,0,0,0,720,0
1600,2026-07-07T11:46:23.768629000Z,Authentication,166,34,-17,920,0,11,0,0,1,0,0,0,720,0
1601,2026-07-07T11:46:23.774417000Z,Authentication,166,34,-16,920,0,11,0,0,1,0,0,0,720,0
1602,2026-07-07T11:46:23.793366000Z,S1G Beacon,61,34,-16,920,3,1,,,,,,,0,0
1603,2026-07-07T11:46:23.884387000Z,Authentication,166,34,-16,920,0,11,0,0,0,0,0,0,720,0
1604,2026-07-07T11:46:23.890421000Z,Authentication,166,34,-16,920,0,11,0,0,1,0,0,0,720,0
1605,2026-07-07T11:46:23.896408000Z,Authentication,166,34,-17,920,0,11,0,0,1,0,0,0,720,0
1606,2026-07-07T11:46:23.902249000Z,Authentication,166,34,-16,920,0,11,0,0,1,0,0,0,720,0
1607,2026-07-07T11:46:24.009148000Z,Authentication,166,34,-72,920,0,11,0,0,0,0,0,0,0,0
1608,2026-07-07T11:46:24.015451000Z,Authentication,166,34,-17,920,0,11,0,0,0,0,0,0,720,0
1609,2026-07-07T11:46:24.021392000Z,Authentication,166,34,-16,920,0,11,0,0,1,0,0,0,720,0
1610,2026-07-07T11:46:24.027073000Z,Authentication,166,34,-16,920,0,11,0,0,1,0,0,0,720,0
1611,2026-07-07T11:46:24.032750000Z,Authentication,166,34,-16,920,0,11,0,0,1,0,0,0,720,0
1612,2026-07-07T11:46:24.156775000Z,Authentication,166,34,-17,920,0,11,0,0,0,0,0,0,720,0
1613,2026-07-07T11:46:24.162658000Z,Authentication,166,34,-17,920,0,11,0,0,1,0,0,0,720,0
1614,2026-07-07T11:46:24.168334000Z,Authentication,166,34,-17,920,0,11,0,0,1,0,0,0,720,0
1615,2026-07-07T11:46:24.277650000Z,Authentication,166,34,-17,920,0,11,0,0,0,0,0,0,720,0
1616,2026-07-07T11:46:24.283537000Z,Authentication,166,34,-16,920,0,11,0,0,1,0,0,0,720,0
1617,2026-07-07T11:46:24.289531000Z,Authentication,166,34,-16,920,0,11,0,0,1,0,0,0,720,0
1618,2026-07-07T11:46:24.295422000Z,Authentication,166,34,-16,920,0,11,0,0,1,0,0,0,720,0
1619,2026-07-07T11:46:24.395569000Z,Authentication,166,34,-17,920,0,11,0,0,0,0,0,0,720,0
1620,2026-07-07T11:46:24.401351000Z,Authentication,166,34,-16,920,0,11,0,0,1,0,0,0,720,0
1621,2026-07-07T11:46:24.407134000Z,Authentication,166,34,-16,920,0,11,0,0,1,0,0,0,720,0
1622,2026-07-07T11:46:24.412915000Z,Authentication,166,34,-16,920,0,11,0,0,1,0,0,0,720,0
1623,2026-07-07T11:46:24.536895000Z,Authentication,166,34,-16,920,0,11,0,0,0,0,0,0,720,0
1624,2026-07-07T11:46:24.542888000Z,Authentication,166,34,-17,920,0,11,0,0,1,0,0,0,720,0
1625,2026-07-07T11:46:24.548830000Z,Authentication,166,34,-16,920,0,11,0,0,1,0,0,0,720,0
1626,2026-07-07T11:46:24.554509000Z,Authentication,166,34,-16,920,0,11,0,0,1,0,0,0,720,0
1627,2026-07-07T11:46:24.614396000Z,S1G Beacon,129,34,-16,920,3,1,,,,,,,0,0
1628,2026-07-07T11:46:24.659507000Z,Authentication,166,34,-17,920,0,11,0,0,0,0,0,0,720,0
1629,2026-07-07T11:46:24.665341000Z,Authentication,166,34,-17,920,0,11,0,0,1,0,0,0,720,0
1630,2026-07-07T11:46:24.671386000Z,Authentication,166,34,-16,920,0,11,0,0,1,0,0,0,720,0
1631,2026-07-07T11:46:24.677113000Z,Authentication,166,34,-16,920,0,11,0,0,1,0,0,0,720,0
1632,2026-07-07T11:46:24.779205000Z,Authentication,166,34,-69,920,0,11,0,0,0,0,0,0,0,0
1633,2026-07-07T11:46:24.785513000Z,Authentication,166,34,-16,920,0,11,0,0,0,0,0,0,720,0
1634,2026-07-07T11:46:24.791460000Z,Authentication,166,34,-17,920,0,11,0,0,1,0,0,0,720,0
1635,2026-07-07T11:46:24.797132000Z,Authentication,166,34,-17,920,0,11,0,0,1,0,0,0,720,0
1636,2026-07-07T11:46:24.802300000Z,Authentication,166,34,-17,920,0,11,0,0,1,0,0,0,720,0
1637,2026-07-07T11:46:24.910346000Z,Authentication,166,34,-16,920,0,11,0,0,0,0,0,0,720,0
1638,2026-07-07T11:46:24.916127000Z,Authentication,166,34,-16,920,0,11,0,0,1,0,0,0,720,0
1639,2026-07-07T11:46:24.921493000Z,Authentication,166,34,-17,920,0,11,0,0,1,0,0,0,720,0
1640,2026-07-07T11:46:24.927387000Z,Authentication,166,34,-16,920,0,11,0,0,1,0,0,0,720,0
1641,2026-07-07T11:46:25.056851000Z,Authentication,166,34,-17,920,0,11,0,0,0,0,0,0,720,0
1642,2026-07-07T11:46:25.062743000Z,Authentication,166,34,-17,920,0,11,0,0,1,0,0,0,720,0
1643,2026-07-07T11:46:25.068522000Z,Authentication,166,34,-18,920,0,11,0,0,1,0,0,0,720,0
1644,2026-07-07T11:46:25.074415000Z,Authentication,166,34,-16,920,0,11,0,0,1,0,0,0,720,0
1645,2026-07-07T11:46:25.156049000Z,Authentication,166,34,-71,920,0,11,0,0,0,0,0,0,0,0
1646,2026-07-07T11:46:25.195438000Z,Authentication,166,34,-16,920,0,11,0,0,0,0,0,0,720,0
1647,2026-07-07T11:46:25.201174000Z,Authentication,166,34,-16,920,0,11,0,0,1,0,0,0,720,0
1648,2026-07-07T11:46:25.207112000Z,Authentication,166,34,-16,920,0,11,0,0,1,0,0,0,720,0
1649,2026-07-07T11:46:25.213104000Z,Authentication,166,34,-16,920,0,11,0,0,1,0,0,0,720,0
1651,2026-07-07T11:46:25.293325000Z,Authentication,166,34,-17,920,0,11,0,0,0,0,0,0,720,0
1652,2026-07-07T11:46:25.299161000Z,Authentication,166,34,-18,920,0,11,0,0,1,0,0,0,720,0
1653,2026-07-07T11:46:25.304947000Z,Authentication,166,34,-18,920,0,11,0,0,1,0,0,0,720,0
1654,2026-07-07T11:46:25.310624000Z,Authentication,166,34,-17,920,0,11,0,0,1,0,0,0,720,0
1655,2026-07-07T11:46:25.426897000Z,Authentication,166,34,-16,920,0,11,0,0,0,0,0,0,720,0
1656,2026-07-07T11:46:25.431815000Z,S1G Beacon,61,34,-17,920,3,1,,,,,,,0,0
1657,2026-07-07T11:46:25.436414000Z,Authentication,166,34,-17,920,0,11,0,0,1,0,0,0,720,0
1658,2026-07-07T11:46:25.442411000Z,Authentication,166,34,-16,920,0,11,0,0,1,0,0,0,720,0
1659,2026-07-07T11:46:25.448452000Z,Authentication,166,34,-17,920,0,11,0,0,1,0,0,0,720,0
1660,2026-07-07T11:46:25.549273000Z,Authentication,166,34,-70,920,0,11,0,0,0,0,0,0,0,0
1661,2026-07-07T11:46:25.566809000Z,Authentication,166,34,-17,920,0,11,0,0,0,0,0,0,720,0
1662,2026-07-07T11:46:25.572597000Z,Authentication,166,34,-18,920,0,11,0,0,1,0,0,0,720,0
1663,2026-07-07T11:46:25.578635000Z,Authentication,166,34,-17,920,0,11,0,0,1,0,0,0,720,0
1664,2026-07-07T11:46:25.584416000Z,Authentication,166,34,-18,920,0,11,0,0,1,0,0,0,720,0
1665,2026-07-07T11:46:25.680347000Z,Authentication,166,34,-70,920,0,11,0,0,0,0,0,0,0,0
1666,2026-07-07T11:46:25.686597000Z,Authentication,166,34,-17,920,0,11,0,0,0,0,0,0,720,0
1667,2026-07-07T11:46:25.692337000Z,Authentication,166,34,-17,920,0,11,0,0,1,0,0,0,720,0
1668,2026-07-07T11:46:25.698116000Z,Authentication,166,34,-17,920,0,11,0,0,1,0,0,0,720,0
1669,2026-07-07T11:46:25.703897000Z,Authentication,166,34,-17,920,0,11,0,0,1,0,0,0,720,0
1670,2026-07-07T11:46:25.811431000Z,Authentication,166,34,-70,920,0,11,0,0,0,0,0,0,0,0
1671,2026-07-07T11:46:25.817619000Z,Authentication,166,34,-17,920,0,11,0,0,0,0,0,0,720,0
1672,2026-07-07T11:46:25.823358000Z,Authentication,166,34,-17,920,0,11,0,0,1,0,0,0,720,0
1673,2026-07-07T11:46:25.828619000Z,Authentication,166,34,-18,920,0,11,0,0,1,0,0,0,720,0
1674,2026-07-07T11:46:25.834754000Z,Authentication,166,34,-17,920,0,11,0,0,1,0,0,0,720,0
1675,2026-07-07T11:46:25.942503000Z,Authentication,166,34,-72,920,0,11,0,0,0,0,0,0,0,0
1676,2026-07-07T11:46:25.948724000Z,Authentication,166,34,-17,920,0,11,0,0,0,0,0,0,720,0
1677,2026-07-07T11:46:25.954616000Z,Authentication,166,34,-17,920,0,11,0,0,1,0,0,0,720,0
1678,2026-07-07T11:46:25.960299000Z,Authentication,166,34,-17,920,0,11,0,0,1,0,0,0,720,0
1679,2026-07-07T11:46:25.965972000Z,Authentication,166,34,-17,920,0,11,0,0,1,0,0,0,720,0
1681,2026-07-07T11:46:26.073566000Z,Authentication,166,34,-68,920,0,11,0,0,0,0,0,0,0,0
1682,2026-07-07T11:46:26.079822000Z,Authentication,166,34,-18,920,0,11,0,0,0,0,0,0,720,0
1683,2026-07-07T11:46:26.085821000Z,Authentication,166,34,-17,920,0,11,0,0,1,0,0,0,720,0
1684,2026-07-07T11:46:26.091656000Z,Authentication,166,34,-18,920,0,11,0,0,1,0,0,0,720,0
1685,2026-07-07T11:46:26.097486000Z,Authentication,166,34,-19,920,0,11,0,0,1,0,0,0,720,0
1686,2026-07-07T11:46:26.199526000Z,Authentication,166,34,-69,920,0,11,0,0,0,0,0,0,0,0
1687,2026-07-07T11:46:26.206918000Z,Authentication,166,34,-18,920,0,11,0,0,0,0,0,0,720,0
1688,2026-07-07T11:46:26.212599000Z,Authentication,166,34,-17,920,0,11,0,0,1,0,0,0,720,0
1689,2026-07-07T11:46:26.218379000Z,Authentication,166,34,-17,920,0,11,0,0,1,0,0,0,720,0
1690,2026-07-07T11:46:26.227896000Z,Data,287,34,-17,920,2,0,0,0,0,0,0,1,0,0
1691,2026-07-07T11:46:26.232469000Z,Authentication,166,34,-17,920,0,11,0,0,1,0,0,0,720,0
1692,2026-07-07T11:46:26.252845000Z,S1G Beacon,129,34,-19,920,3,1,,,,,,,0,0
1693,2026-07-07T11:46:26.323937000Z,Authentication,166,34,-73,920,0,11,0,0,0,0,0,0,0,0
1694,2026-07-07T11:46:26.337735000Z,Authentication,166,34,-19,920,0,11,0,0,0,0,0,0,720,0
1695,2026-07-07T11:46:26.349717000Z,Data,378,34,-19,920,2,0,0,0,0,0,0,1,0,0
1696,2026-07-07T11:46:26.354270000Z,Authentication,166,34,-19,920,0,11,0,0,1,0,0,0,720,0
1697,2026-07-07T11:46:26.360055000Z,Authentication,166,34,-19,920,0,11,0,0,1,0,0,0,720,0
1698,2026-07-07T11:46:26.366098000Z,Authentication,166,34,-18,920,0,11,0,0,1,0,0,0,720,0
1700,2026-07-07T11:46:26.554442000Z,Data,450,34,-20,920,2,0,0,0,0,0,0,1,0,0
1701,2026-07-07T11:46:26.586914000Z,Authentication,166,34,-18,920,0,11,0,0,0,0,0,0,720,0
1702,2026-07-07T11:46:26.592966000Z,Authentication,166,34,-19,920,0,11,0,0,1,0,0,0,720,0
1703,2026-07-07T11:46:26.598695000Z,Authentication,166,34,-19,920,0,11,0,0,1,0,0,0,720,0
1704,2026-07-07T11:46:26.604685000Z,Authentication,166,34,-18,920,0,11,0,0,1,0,0,0,720,0
1705,2026-07-07T11:46:26.658858000Z,Data,442,34,-20,920,2,0,0,0,0,0,0,1,0,0
1706,2026-07-07T11:46:26.726928000Z,Authentication,166,34,-19,920,0,11,0,0,0,0,0,0,720,0
1707,2026-07-07T11:46:26.732977000Z,Authentication,166,34,-19,920,0,11,0,0,1,0,0,0,720,0
1708,2026-07-07T11:46:26.738812000Z,Authentication,166,34,-19,920,0,11,0,0,1,0,0,0,720,0
1709,2026-07-07T11:46:26.744546000Z,Authentication,166,34,-19,920,0,11,0,0,1,0,0,0,720,0
1710,2026-07-07T11:46:26.760817000Z,Data,387,34,-19,920,2,0,0,0,0,0,0,1,0,0
1711,2026-07-07T11:46:26.845740000Z,Authentication,166,34,-19,920,0,11,0,0,0,0,0,0,720,0
1712,2026-07-07T11:46:26.850847000Z,Authentication,166,34,-19,920,0,11,0,0,1,0,0,0,720,0
1713,2026-07-07T11:46:26.856892000Z,Authentication,166,34,-19,920,0,11,0,0,1,0,0,0,720,0
1714,2026-07-07T11:46:26.870148000Z,Data,426,34,-20,920,2,0,0,0,0,0,0,1,0,0
1715,2026-07-07T11:46:26.874697000Z,Authentication,166,34,-19,920,0,11,0,0,1,0,0,0,720,0
1716,2026-07-07T11:46:26.970672000Z,Data,458,34,-19,920,2,0,0,0,0,0,0,1,0,0
1717,2026-07-07T11:46:27.070269000Z,S1G Beacon,61,34,-20,920,3,1,,,,,,,0,0
1718,2026-07-07T11:46:27.081404000Z,Data,387,34,-19,920,2,0,0,0,0,0,0,1,0,0
1719,2026-07-07T11:46:27.089396000Z,Authentication,166,34,-71,920,0,11,0,0,0,0,0,0,0,0
1720,2026-07-07T11:46:27.106887000Z,Authentication,166,34,-19,920,0,11,0,0,0,0,0,0,720,0
1721,2026-07-07T11:46:27.112726000Z,Authentication,166,34,-19,920,0,11,0,0,1,0,0,0,720,0
1722,2026-07-07T11:46:27.118398000Z,Authentication,166,34,-20,920,0,11,0,0,1,0,0,0,720,0
1723,2026-07-07T11:46:27.124185000Z,Authentication,166,34,-19,920,0,11,0,0,1,0,0,0,720,0
1724,2026-07-07T11:46:27.178270000Z,Data,446,34,-19,920,2,0,0,0,0,0,0,1,0,0
1725,2026-07-07T11:46:27.226726000Z,Authentication,166,34,-19,920,0,11,0,0,0,0,0,0,720,0
1726,2026-07-07T11:46:27.232433000Z,Authentication,166,34,-19,920,0,11,0,0,1,0,0,0,720,0
1727,2026-07-07T11:46:27.238451000Z,Authentication,166,34,-19,920,0,11,0,0,1,0,0,0,720,0
1728,2026-07-07T11:46:27.244389000Z,Authentication,166,34,-19,920,0,11,0,0,1,0,0,0,720,0
1729,2026-07-07T11:46:27.282225000Z,Data,440,34,-20,920,2,0,0,0,0,0,0,1,0,0
1730,2026-07-07T11:46:27.357906000Z,Authentication,166,34,-20,920,0,11,0,0,0,0,0,0,720,0
1731,2026-07-07T11:46:27.369477000Z,Authentication,166,34,-22,920,0,11,0,0,1,0,0,0,720,0
1732,2026-07-07T11:46:27.375215000Z,Authentication,166,34,-20,920,0,11,0,0,1,0,0,0,720,0
1733,2026-07-07T11:46:27.387431000Z,Data,387,34,-19,920,2,0,0,0,0,0,0,1,0,0
1734,2026-07-07T11:46:27.495233000Z,Data,442,34,-19,920,2,0,0,0,0,0,0,1,0,0
1735,2026-07-07T11:46:27.506036000Z,Authentication,166,34,-21,920,0,11,0,0,1,0,0,0,720,0
1736,2026-07-07T11:46:27.511711000Z,Authentication,166,34,-19,920,0,11,0,0,1,0,0,0,720,0
1737,2026-07-07T11:46:27.613701000Z,Authentication,166,34,-73,920,0,11,0,0,0,0,0,0,0,0
1738,2026-07-07T11:46:27.620885000Z,Authentication,166,34,-20,920,0,11,0,0,0,0,0,0,720,0
1739,2026-07-07T11:46:27.632359000Z,Authentication,166,34,-21,920,0,11,0,0,1,0,0,0,720,0
1740,2026-07-07T11:46:27.638182000Z,Authentication,166,34,-20,920,0,11,0,0,1,0,0,0,720,0
1741,2026-07-07T11:46:27.744767000Z,Authentication,166,34,-71,920,0,11,0,0,0,0,0,0,0,0
1742,2026-07-07T11:46:27.767107000Z,Authentication,166,34,-21,920,0,11,0,0,1,0,0,0,720,0
1743,2026-07-07T11:46:27.778679000Z,Authentication,166,34,-21,920,0,11,0,0,1,0,0,0,720,0
1744,2026-07-07T11:46:27.875847000Z,Authentication,166,34,-71,920,0,11,0,0,0,0,0,0,0,0
1745,2026-07-07T11:46:27.891501000Z,S1G Beacon,129,34,-20,920,3,1,,,,,,,0,0
1746,2026-07-07T11:46:27.901932000Z,Authentication,166,34,-20,920,0,11,0,0,1,0,0,0,720,0
1747,2026-07-07T11:46:27.907821000Z,Authentication,166,34,-20,920,0,11,0,0,1,0,0,0,720,0
1748,2026-07-07T11:46:28.016976000Z,Authentication,166,34,-19,920,0,11,0,0,0,0,0,0,720,0
1749,2026-07-07T11:46:28.022802000Z,Authentication,166,34,-19,920,0,11,0,0,1,0,0,0,720,0
1750,2026-07-07T11:46:28.028635000Z,Authentication,166,34,-20,920,0,11,0,0,1,0,0,0,720,0
1752,2026-07-07T11:46:28.067657000Z,QoS Data,149,34,-26,920,2,8,0,0,0,0,0,1,720,0
1754,2026-07-07T11:46:28.075412000Z,QoS Data,131,34,-19,920,2,8,1,0,0,0,0,1,720,0
1755,2026-07-07T11:46:28.078448000Z,RTS,54,34,-16,920,1,11,,,,0,0,0,2560,0
1756,2026-07-07T11:46:28.080288000Z,QoS Data,131,34,-19,920,2,8,1,0,1,0,0,1,720,0
1759,2026-07-07T11:46:28.133891000Z,Authentication,166,34,-70,920,0,11,0,0,0,0,0,0,0,0
1760,2026-07-07T11:46:28.140101000Z,Authentication,166,34,-19,920,0,11,0,0,0,0,0,0,720,0
1761,2026-07-07T11:46:28.145781000Z,Authentication,166,34,-20,920,0,11,0,0,1,0,0,0,720,0
1762,2026-07-07T11:46:28.151461000Z,Authentication,166,34,-19,920,0,11,0,0,1,0,0,0,720,0
1763,2026-07-07T11:46:28.157139000Z,Authentication,166,34,-19,920,0,11,0,0,1,0,0,0,720,0
1764,2026-07-07T11:46:28.230193000Z,QoS Data,128,34,-24,920,2,8,0,0,0,0,0,1,720,0
1766,2026-07-07T11:46:28.233455000Z,QoS Data,128,34,-27,920,2,8,0,0,1,0,0,1,720,0
1768,2026-07-07T11:46:28.269066000Z,Authentication,166,34,-71,920,0,11,0,0,0,0,0,0,0,0
1769,2026-07-07T11:46:28.281391000Z,Authentication,166,34,-19,920,0,11,0,0,1,0,0,0,720,0
1770,2026-07-07T11:46:28.287437000Z,Authentication,166,34,-19,920,0,11,0,0,1,0,0,0,720,0
1771,2026-07-07T11:46:28.293431000Z,Authentication,166,34,-18,920,0,11,0,0,1,0,0,0,720,0
1773,2026-07-07T11:46:28.406397000Z,Authentication,166,34,-18,920,0,11,0,0,0,0,0,0,720,0
1774,2026-07-07T11:46:28.412345000Z,Authentication,166,34,-18,920,0,11,0,0,1,0,0,0,720,0
1775,2026-07-07T11:46:28.418077000Z,Authentication,166,34,-17,920,0,11,0,0,1,0,0,0,720,0
1776,2026-07-07T11:46:28.531216000Z,Authentication,166,34,-70,920,0,11,0,0,0,0,0,0,0,0
1777,2026-07-07T11:46:28.537525000Z,Authentication,166,34,-18,920,0,11,0,0,0,0,0,0,720,0
1778,2026-07-07T11:46:28.543213000Z,Authentication,166,34,-18,920,0,11,0,0,1,0,0,0,720,0
1779,2026-07-07T11:46:28.549146000Z,Authentication,166,34,-18,920,0,11,0,0,1,0,0,0,720,0
1780,2026-07-07T11:46:28.554932000Z,Authentication,166,34,-17,920,0,11,0,0,1,0,0,0,720,0
1781,2026-07-07T11:46:28.662294000Z,Authentication,166,34,-71,920,0,11,0,0,0,0,0,0,0,0
1782,2026-07-07T11:46:28.668545000Z,Authentication,166,34,-18,920,0,11,0,0,0,0,0,0,720,0
1783,2026-07-07T11:46:28.680062000Z,Authentication,166,34,-17,920,0,11,0,0,1,0,0,0,720,0
1784,2026-07-07T11:46:28.686103000Z,Authentication,166,34,-17,920,0,11,0,0,1,0,0,0,720,0
1785,2026-07-07T11:46:28.708719000Z,S1G Beacon,61,34,-17,920,3,1,,,,,,,0,0
1786,2026-07-07T11:46:28.788235000Z,Authentication,166,34,-71,920,0,11,0,0,0,0,0,0,0,0
1787,2026-07-07T11:46:28.796942000Z,Authentication,166,34,-17,920,0,11,0,0,0,0,0,0,720,0
1788,2026-07-07T11:46:28.802577000Z,Authentication,166,34,-17,920,0,11,0,0,1,0,0,0,720,0
1789,2026-07-07T11:46:28.808408000Z,Authentication,166,34,-18,920,0,11,0,0,1,0,0,0,720,0
1790,2026-07-07T11:46:28.814451000Z,Authentication,166,34,-17,920,0,11,0,0,1,0,0,0,720,0
1791,2026-07-07T11:46:28.909075000Z,Authentication,166,34,-71,920,0,11,0,0,0,0,0,0,0,0
1792,2026-07-07T11:46:28.932856000Z,Authentication,166,34,-17,920,0,11,0,0,0,0,0,0,720,0
1793,2026-07-07T11:46:28.938707000Z,Authentication,166,34,-19,920,0,11,0,0,1,0,0,0,720,0
1794,2026-07-07T11:46:28.944428000Z,Authentication,166,34,-17,920,0,11,0,0,1,0,0,0,720,0
1795,2026-07-07T11:46:28.950418000Z,Authentication,166,34,-18,920,0,11,0,0,1,0,0,0,720,0
1796,2026-07-07T11:46:29.030955000Z,Authentication,166,34,-69,920,0,11,0,0,0,0,0,0,0,0
1797,2026-07-07T11:46:29.041670000Z,Authentication,166,34,-19,920,0,11,0,0,0,0,0,0,720,0
1798,2026-07-07T11:46:29.047603000Z,Authentication,166,34,-18,920,0,11,0,0,1,0,0,0,720,0
1799,2026-07-07T11:46:29.053542000Z,Authentication,166,34,-18,920,0,11,0,0,1,0,0,0,720,0
1801,2026-07-07T11:46:29.162008000Z,Authentication,166,34,-72,920,0,11,0,0,0,0,0,0,0,0
1802,2026-07-07T11:46:29.182721000Z,Authentication,166,34,-19,920,0,11,0,0,1,0,0,0,720,0
1803,2026-07-07T11:46:29.188659000Z,Authentication,166,34,-18,920,0,11,0,0,1,0,0,0,720,0
1804,2026-07-07T11:46:29.194547000Z,Authentication,166,34,-20,920,0,11,0,0,1,0,0,0,720,0
1805,2026-07-07T11:46:29.246142000Z,Data,287,34,-19,920,2,0,0,0,0,0,0,1,0,0
1806,2026-07-07T11:46:29.284900000Z,Authentication,166,34,-69,920,0,11,0,0,0,0,0,0,0,0
1807,2026-07-07T11:46:29.297069000Z,Authentication,166,34,-19,920,0,11,0,0,0,0,0,0,720,0
1808,2026-07-07T11:46:29.302857000Z,Authentication,166,34,-20,920,0,11,0,0,1,0,0,0,720,0
1809,2026-07-07T11:46:29.308742000Z,Authentication,166,34,-19,920,0,11,0,0,1,0,0,0,720,0
1810,2026-07-07T11:46:29.314473000Z,Authentication,166,34,-19,920,0,11,0,0,1,0,0,0,720,0
1811,2026-07-07T11:46:29.426963000Z,Authentication,166,34,-18,920,0,11,0,0,0,0,0,0,720,0
1812,2026-07-07T11:46:29.433295000Z,Authentication,166,34,-18,920,0,11,0,0,1,0,0,0,720,0
1813,2026-07-07T11:46:29.439128000Z,Authentication,166,34,-18,920,0,11,0,0,1,0,0,0,720,0
1814,2026-07-07T11:46:29.445125000Z,Authentication,166,34,-20,920,0,11,0,0,1,0,0,0,720,0
1815,2026-07-07T11:46:29.529747000Z,S1G Beacon,129,34,-19,920,3,1,,,,,,,0,0
1816,2026-07-07T11:46:29.547048000Z,Authentication,166,34,-70,920,0,11,0,0,0,0,0,0,0,0
1817,2026-07-07T11:46:29.553195000Z,Authentication,166,34,-18,920,0,11,0,0,0,0,0,0,720,0
1818,2026-07-07T11:46:29.559191000Z,Authentication,166,34,-19,920,0,11,0,0,1,0,0,0,720,0
1819,2026-07-07T11:46:29.565234000Z,Authentication,166,34,-18,920,0,11,0,0,1,0,0,0,720,0
1820,2026-07-07T11:46:29.570874000Z,Authentication,166,34,-18,920,0,11,0,0,1,0,0,0,720,0
1821,2026-07-07T11:46:29.678117000Z,Authentication,166,34,-70,920,0,11,0,0,0,0,0,0,0,0
1822,2026-07-07T11:46:29.684382000Z,Authentication,166,34,-18,920,0,11,0,0,0,0,0,0,720,0
1823,2026-07-07T11:46:29.690319000Z,Authentication,166,34,-19,920,0,11,0,0,1,0,0,0,720,0
1824,2026-07-07T11:46:29.696263000Z,Authentication,166,34,-17,920,0,11,0,0,1,0,0,0,720,0
1825,2026-07-07T11:46:29.809189000Z,Authentication,166,34,-70,920,0,11,0,0,0,0,0,0,0,0
1826,2026-07-07T11:46:29.815400000Z,Authentication,166,34,-16,920,0,11,0,0,0,0,0,0,720,0
1827,2026-07-07T11:46:29.821180000Z,Authentication,166,34,-16,920,0,11,0,0,1,0,0,0,720,0
1828,2026-07-07T11:46:29.826969000Z,Authentication,166,34,-18,920,0,11,0,0,1,0,0,0,720,0
1829,2026-07-07T11:46:29.832281000Z,Authentication,166,34,-17,920,0,11,0,0,1,0,0,0,720,0
1830,2026-07-07T11:46:29.940269000Z,Authentication,166,34,-70,920,0,11,0,0,0,0,0,0,0,0
1831,2026-07-07T11:46:29.952256000Z,Authentication,166,34,-19,920,0,11,0,0,1,0,0,0,720,0
1832,2026-07-07T11:46:29.958306000Z,Authentication,166,34,-17,920,0,11,0,0,1,0,0,0,720,0
1833,2026-07-07T11:46:29.964237000Z,Authentication,166,34,-18,920,0,11,0,0,1,0,0,0,720,0
1834,2026-07-07T11:46:30.061648000Z,Authentication,166,34,-70,920,0,11,0,0,0,0,0,0,0,0
1835,2026-07-07T11:46:30.082737000Z,Authentication,166,34,-21,920,0,11,0,0,1,0,0,0,720,0
1836,2026-07-07T11:46:30.094169000Z,Authentication,166,34,-21,920,0,11,0,0,1,0,0,0,720,0
1837,2026-07-07T11:46:30.209820000Z,Authentication,166,34,-17,920,0,11,0,0,0,0,0,0,720,0
1838,2026-07-07T11:46:30.215857000Z,Authentication,166,34,-18,920,0,11,0,0,1,0,0,0,720,0
1839,2026-07-07T11:46:30.221850000Z,Authentication,166,34,-18,920,0,11,0,0,1,0,0,0,720,0
1840,2026-07-07T11:46:30.228154000Z,Authentication,166,34,-17,920,0,11,0,0,1,0,0,0,720,0
1841,2026-07-07T11:46:30.324338000Z,Authentication,166,34,-16,920,0,11,0,0,0,0,0,0,720,0
1842,2026-07-07T11:46:30.330217000Z,Authentication,166,34,-16,920,0,11,0,0,1,0,0,0,720,0
1843,2026-07-07T11:46:30.336211000Z,Authentication,166,34,-17,920,0,11,0,0,1,0,0,0,720,0
1844,2026-07-07T11:46:30.342101000Z,Authentication,166,34,-16,920,0,11,0,0,1,0,0,0,720,0
1845,2026-07-07T11:46:30.348729000Z,S1G Beacon,61,34,-16,920,3,1,,,,,,,0,0
1846,2026-07-07T11:46:30.449318000Z,Authentication,166,34,-18,920,0,11,0,0,0,0,0,0,720,0
1847,2026-07-07T11:46:30.455106000Z,Authentication,166,34,-18,920,0,11,0,0,1,0,0,0,720,0
1848,2026-07-07T11:46:30.461102000Z,Authentication,166,34,-16,920,0,11,0,0,1,0,0,0,720,0
1849,2026-07-07T11:46:30.466778000Z,Authentication,166,34,-18,920,0,11,0,0,1,0,0,0,720,0
1850,2026-07-07T11:46:30.586419000Z,Authentication,166,34,-73,920,0,11,0,0,0,0,0,0,0,0
1851,2026-07-07T11:46:30.592626000Z,Authentication,166,34,-16,920,0,11,0,0,0,0,0,0,720,0
1852,2026-07-07T11:46:30.598418000Z,Authentication,166,34,-16,920,0,11,0,0,1,0,0,0,720,0
1853,2026-07-07T11:46:30.604094000Z,Authentication,166,34,-16,920,0,11,0,0,1,0,0,0,720,0
1854,2026-07-07T11:46:30.609984000Z,Authentication,166,34,-16,920,0,11,0,0,1,0,0,0,720,0
1855,2026-07-07T11:46:30.704188000Z,Authentication,166,34,-70,920,0,11,0,0,0,0,0,0,0,0
1856,2026-07-07T11:46:30.710395000Z,Authentication,166,34,-17,920,0,11,0,0,0,0,0,0,720,0
1857,2026-07-07T11:46:30.716343000Z,Authentication,166,34,-17,920,0,11,0,0,1,0,0,0,720,0
1858,2026-07-07T11:46:30.722604000Z,Authentication,166,34,-17,920,0,11,0,0,1,0,0,0,720,0
1859,2026-07-07T11:46:30.728443000Z,Authentication,166,34,-16,920,0,11,0,0,1,0,0,0,720,0
1860,2026-07-07T11:46:30.829126000Z,Authentication,166,34,-72,920,0,11,0,0,0,0,0,0,0,0
1861,2026-07-07T11:46:30.835322000Z,Authentication,166,34,-16,920,0,11,0,0,0,0,0,0,720,0
1862,2026-07-07T11:46:30.841210000Z,Authentication,166,34,-16,920,0,11,0,0,1,0,0,0,720,0
1863,2026-07-07T11:46:30.847200000Z,Authentication,166,34,-17,920,0,11,0,0,1,0,0,0,720,0
1864,2026-07-07T11:46:30.852932000Z,Authentication,166,34,-16,920,0,11,0,0,1,0,0,0,720,0
1865,2026-07-07T11:46:30.956115000Z,Authentication,166,34,-72,920,0,11,0,0,0,0,0,0,0,0
1866,2026-07-07T11:46:30.966982000Z,Authentication,166,34,-16,920,0,11,0,0,0,0,0,0,720,0
1867,2026-07-07T11:46:30.972712000Z,Authentication,166,34,-17,920,0,11,0,0,1,0,0,0,720,0
1868,2026-07-07T11:46:30.978389000Z,Authentication,166,34,-16,920,0,11,0,0,1,0,0,0,720,0
1869,2026-07-07T11:46:30.984324000Z,Authentication,166,34,-16,920,0,11,0,0,1,0,0,0,720,0
1870,2026-07-07T11:46:31.087173000Z,Authentication,166,34,-70,920,0,11,0,0,0,0,0,0,0,0
1871,2026-07-07T11:46:31.093370000Z,Authentication,166,34,-17,920,0,11,0,0,0,0,0,0,720,0
1872,2026-07-07T11:46:31.099314000Z,Authentication,166,34,-18,920,0,11,0,0,1,0,0,0,720,0
1873,2026-07-07T11:46:31.104993000Z,Authentication,166,34,-18,920,0,11,0,0,1,0,0,0,720,0
1874,2026-07-07T11:46:31.110726000Z,Authentication,166,34,-18,920,0,11,0,0,1,0,0,0,720,0
1875,2026-07-07T11:46:31.168203000Z,S1G Beacon,129,34,-18,920,3,1,,,,,,,0,0
1876,2026-07-07T11:46:31.218242000Z,Authentication,166,34,-69,920,0,11,0,0,0,0,0,0,0,0
1877,2026-07-07T11:46:31.224498000Z,Authentication,166,34,-19,920,0,11,0,0,0,0,0,0,720,0
1878,2026-07-07T11:46:31.230337000Z,Authentication,166,34,-19,920,0,11,0,0,1,0,0,0,720,0
1879,2026-07-07T11:46:31.236483000Z,Authentication,166,34,-19,920,0,11,0,0,1,0,0,0,720,0
1880,2026-07-07T11:46:31.242165000Z,Authentication,166,34,-17,920,0,11,0,0,1,0,0,0,720,0
1881,2026-07-07T11:46:31.349370000Z,Authentication,166,34,-69,920,0,11,0,0,0,0,0,0,0,0
1882,2026-07-07T11:46:31.357066000Z,Authentication,166,34,-18,920,0,11,0,0,0,0,0,0,720,0
1883,2026-07-07T11:46:31.362941000Z,Authentication,166,34,-17,920,0,11,0,0,1,0,0,0,720,0
1884,2026-07-07T11:46:31.368818000Z,Authentication,166,34,-19,920,0,11,0,0,1,0,0,0,720,0
1885,2026-07-07T11:46:31.374604000Z,Authentication,166,34,-18,920,0,11,0,0,1,0,0,0,720,0
1886,2026-07-07T11:46:31.480416000Z,Authentication,166,34,-72,920,0,11,0,0,0,0,0,0,0,0
1887,2026-07-07T11:46:31.523924000Z,Authentication,166,34,-22,920,0,11,0,0,1,0,0,0,720,0
1888,2026-07-07T11:46:31.535335000Z,Authentication,166,34,-22,920,0,11,0,0,1,0,0,0,720,0
1889,2026-07-07T11:46:31.611475000Z,Authentication,166,34,-72,920,0,11,0,0,0,0,0,0,0,0
1890,2026-07-07T11:46:31.624277000Z,Authentication,166,34,-19,920,0,11,0,0,0,0,0,0,720,0
1891,2026-07-07T11:46:31.635740000Z,Authentication,166,34,-20,920,0,11,0,0,1,0,0,0,720,0
1892,2026-07-07T11:46:31.641674000Z,Authentication,166,34,-19,920,0,11,0,0,1,0,0,0,720,0
1893,2026-07-07T11:46:31.757010000Z,Authentication,166,34,-16,920,0,11,0,0,0,0,0,0,720,0
1894,2026-07-07T11:46:31.762330000Z,Authentication,166,34,-16,920,0,11,0,0,1,0,0,0,720,0
1895,2026-07-07T11:46:31.768271000Z,Authentication,166,34,-16,920,0,11,0,0,1,0,0,0,720,0
1896,2026-07-07T11:46:31.774317000Z,Authentication,166,34,-18,920,0,11,0,0,1,0,0,0,720,0
1897,2026-07-07T11:46:31.887252000Z,Authentication,166,34,-18,920,0,11,0,0,0,0,0,0,720,0
1898,2026-07-07T11:46:31.892990000Z,Authentication,166,34,-18,920,0,11,0,0,1,0,0,0,720,0
1899,2026-07-07T11:46:31.898880000Z,Authentication,166,34,-19,920,0,11,0,0,1,0,0,0,720,0
1900,2026-07-07T11:46:31.904613000Z,Authentication,166,34,-18,920,0,11,0,0,1,0,0,0,720,0
1901,2026-07-07T11:46:31.985616000Z,S1G Beacon,61,34,-17,920,3,1,,,,,,,0,0
1902,2026-07-07T11:46:31.990353000Z,Authentication,166,34,-70,920,0,11,0,0,0,0,0,0,0,0
1903,2026-07-07T11:46:31.996455000Z,Authentication,166,34,-17,920,0,11,0,0,0,0,0,0,720,0
1904,2026-07-07T11:46:32.002504000Z,Authentication,166,34,-16,920,0,11,0,0,1,0,0,0,720,0
1905,2026-07-07T11:46:32.008441000Z,Authentication,166,34,-18,920,0,11,0,0,1,0,0,0,720,0
1906,2026-07-07T11:46:32.014432000Z,Authentication,166,34,-16,920,0,11,0,0,1,0,0,0,720,0
1907,2026-07-07T11:46:32.135767000Z,Authentication,166,34,-66,920,0,11,0,0,0,0,0,0,0,0
1908,2026-07-07T11:46:32.147016000Z,Authentication,166,34,-16,920,0,11,0,0,0,0,0,0,720,0
1909,2026-07-07T11:46:32.152257000Z,Authentication,166,34,-18,920,0,11,0,0,1,0,0,0,720,0
1910,2026-07-07T11:46:32.157914000Z,Authentication,166,34,-17,920,0,11,0,0,1,0,0,0,720,0
1911,2026-07-07T11:46:32.163587000Z,Authentication,166,34,-18,920,0,11,0,0,1,0,0,0,720,0
1912,2026-07-07T11:46:32.254553000Z,Authentication,166,34,-69,920,0,11,0,0,0,0,0,0,0,0
1913,2026-07-07T11:46:32.260752000Z,Authentication,166,34,-16,920,0,11,0,0,0,0,0,0,720,0
1914,2026-07-07T11:46:32.266488000Z,Authentication,166,34,-16,920,0,11,0,0,1,0,0,0,720,0
1915,2026-07-07T11:46:32.276002000Z,Data,287,34,-16,920,2,0,0,0,0,0,0,1,0,0
1916,2026-07-07T11:46:32.280574000Z,Authentication,166,34,-16,920,0,11,0,0,1,0,0,0,720,0
1917,2026-07-07T11:46:32.286359000Z,Authentication,166,34,-16,920,0,11,0,0,1,0,0,0,720,0
1918,2026-07-07T11:46:32.389723000Z,Authentication,166,34,-70,920,0,11,0,0,0,0,0,0,0,0
1919,2026-07-07T11:46:32.395925000Z,Authentication,166,34,-17,920,0,11,0,0,0,0,0,0,720,0
1920,2026-07-07T11:46:32.401710000Z,Authentication,166,34,-16,920,0,11,0,0,1,0,0,0,720,0
1921,2026-07-07T11:46:32.407390000Z,Authentication,166,34,-16,920,0,11,0,0,1,0,0,0,720,0
1922,2026-07-07T11:46:32.413069000Z,Authentication,166,34,-16,920,0,11,0,0,1,0,0,0,720,0
1923,2026-07-07T11:46:32.515682000Z,Authentication,166,34,-68,920,0,11,0,0,0,0,0,0,0,0
1924,2026-07-07T11:46:32.521871000Z,Authentication,166,34,-15,920,0,11,0,0,0,0,0,0,720,0
1925,2026-07-07T11:46:32.533651000Z,Authentication,166,34,-16,920,0,11,0,0,1,0,0,0,720,0
1926,2026-07-07T11:46:32.539384000Z,Authentication,166,34,-16,920,0,11,0,0,1,0,0,0,720,0
1927,2026-07-07T11:46:32.654944000Z,Authentication,166,34,-67,920,0,11,0,0,0,0,0,0,0,0
1928,2026-07-07T11:46:32.667072000Z,Authentication,166,34,-14,920,0,11,0,0,0,0,0,0,720,0
1929,2026-07-07T11:46:32.672861000Z,Authentication,166,34,-15,920,0,11,0,0,1,0,0,0,720,0
1930,2026-07-07T11:46:32.678797000Z,Authentication,166,34,-14,920,0,11,0,0,1,0,0,0,720,0
1931,2026-07-07T11:46:32.684737000Z,Authentication,166,34,-15,920,0,11,0,0,1,0,0,0,720,0
1932,2026-07-07T11:46:32.771683000Z,Authentication,166,34,-67,920,0,11,0,0,0,0,0,0,0,0
1933,2026-07-07T11:46:32.811503000Z,Authentication,166,34,-16,920,0,11,0,0,0,0,0,0,720,0
1934,2026-07-07T11:46:32.817287000Z,Authentication,166,34,-15,920,0,11,0,0,1,0,0,0,720,0
1935,2026-07-07T11:46:32.823175000Z,Authentication,166,34,-15,920,0,11,0,0,1,0,0,0,720,0
1936,2026-07-07T11:46:32.829064000Z,Authentication,166,34,-15,920,0,11,0,0,1,0,0,0,720,0
1937,2026-07-07T11:46:32.903783000Z,Authentication,166,34,-68,920,0,11,0,0,0,0,0,0,0,0
1938,2026-07-07T11:46:32.909980000Z,Authentication,166,34,-16,920,0,11,0,0,0,0,0,0,720,0
1939,2026-07-07T11:46:32.915668000Z,Authentication,166,34,-16,920,0,11,0,0,1,0,0,0,720,0
1940,2026-07-07T11:46:32.921610000Z,Authentication,166,34,-15,920,0,11,0,0,1,0,0,0,720,0
1941,2026-07-07T11:46:33.038953000Z,Authentication,166,34,-70,920,0,11,0,0,0,0,0,0,0,0
1942,2026-07-07T11:46:33.056986000Z,Authentication,166,34,-17,920,0,11,0,0,0,0,0,0,720,0
1943,2026-07-07T11:46:33.062775000Z,Authentication,166,34,-16,920,0,11,0,0,1,0,0,0,720,0
1944,2026-07-07T11:46:33.068613000Z,Authentication,166,34,-17,920,0,11,0,0,1,0,0,0,720,0
1945,2026-07-07T11:46:33.074598000Z,Authentication,166,34,-17,920,0,11,0,0,1,0,0,0,720,0
1946,2026-07-07T11:46:33.095115000Z,QoS Data,148,34,-15,920,2,8,1,0,0,0,0,1,720,0
1949,2026-07-07T11:46:33.105512000Z,QoS Data,131,34,-13,920,2,8,1,0,0,0,0,1,720,0
1952,2026-07-07T11:46:33.156715000Z,Authentication,166,34,-67,920,0,11,0,0,0,0,0,0,0,0
1953,2026-07-07T11:46:33.167081000Z,Authentication,166,34,-18,920,0,11,0,0,0,0,0,0,720,0
1954,2026-07-07T11:46:33.172920000Z,Authentication,166,34,-17,920,0,11,0,0,1,0,0,0,720,0
1955,2026-07-07T11:46:33.178755000Z,Authentication,166,34,-18,920,0,11,0,0,1,0,0,0,720,0
1956,2026-07-07T11:46:33.184588000Z,Authentication,166,34,-17,920,0,11,0,0,1,0,0,0,720,0
1959,2026-07-07T11:46:33.291878000Z,Authentication,166,34,-67,920,0,11,0,0,0,0,0,0,0,0
1960,2026-07-07T11:46:33.307053000Z,Authentication,166,34,-18,920,0,11,0,0,0,0,0,0,720,0
1961,2026-07-07T11:46:33.312271000Z,Authentication,166,34,-17,920,0,11,0,0,1,0,0,0,720,0
1962,2026-07-07T11:46:33.318002000Z,Authentication,166,34,-18,920,0,11,0,0,1,0,0,0,720,0
1963,2026-07-07T11:46:33.323734000Z,Authentication,166,34,-18,920,0,11,0,0,1,0,0,0,720,0
1964,2026-07-07T11:46:33.421936000Z,Authentication,166,34,-68,920,0,11,0,0,0,0,0,0,0,0
1965,2026-07-07T11:46:33.428400000Z,Authentication,166,34,-20,920,0,11,0,0,0,0,0,0,720,0
1966,2026-07-07T11:46:33.434239000Z,Authentication,166,34,-20,920,0,11,0,0,1,0,0,0,720,0
1967,2026-07-07T11:46:33.446116000Z,Authentication,166,34,-21,920,0,11,0,0,1,0,0,0,720,0
1968,2026-07-07T11:46:33.544819000Z,Authentication,166,34,-68,920,0,11,0,0,0,0,0,0,0,0
1969,2026-07-07T11:46:33.557087000Z,Authentication,166,34,-22,920,0,11,0,0,1,0,0,0,720,0
1970,2026-07-07T11:46:33.568869000Z,Authentication,166,34,-22,920,0,11,0,0,1,0,0,0,720,0
1971,2026-07-07T11:46:33.687830000Z,Authentication,166,34,-24,920,0,11,0,0,1,0,0,0,720,0
1972,2026-07-07T11:46:33.699398000Z,Authentication,166,34,-24,920,0,11,0,0,1,0,0,0,720,0
1973,2026-07-07T11:46:33.822860000Z,Authentication,166,34,-23,920,0,11,0,0,1,0,0,0,720,0
1975,2026-07-07T11:46:33.834370000Z,Authentication,166,34,-23,920,0,11,0,0,1,0,0,0,720,0
1976,2026-07-07T11:46:33.938056000Z,Authentication,166,34,-71,920,0,11,0,0,0,0,0,0,0,0
1977,2026-07-07T11:46:33.952940000Z,Authentication,166,34,-24,920,0,11,0,0,1,0,0,0,720,0
1978,2026-07-07T11:46:33.964510000Z,Authentication,166,34,-22,920,0,11,0,0,1,0,0,0,720,0
1979,2026-07-07T11:46:34.019068000Z,RTS,54,34,-18,920,1,11,,,,0,0,0,2632,0
1980,2026-07-07T11:46:34.020982000Z,QoS Data,88,34,-18,920,2,8,1,0,1,0,0,1,720,0
1981,2026-07-07T11:46:34.069112000Z,Authentication,166,34,-67,920,0,11,0,0,0,0,0,0,0,0
1982,2026-07-07T11:46:34.086305000Z,Authentication,166,34,-21,920,0,11,0,0,1,0,0,0,720,0
1983,2026-07-07T11:46:34.098242000Z,Authentication,166,34,-22,920,0,11,0,0,1,0,0,0,720,0
1984,2026-07-07T11:46:34.200192000Z,Authentication,166,34,-66,920,0,11,0,0,0,0,0,0,0,0
1985,2026-07-07T11:46:34.217509000Z,Authentication,166,34,-22,920,0,11,0,0,1,0,0,0,720,0
1986,2026-07-07T11:46:34.228725000Z,Authentication,166,34,-21,920,0,11,0,0,1,0,0,0,720,0
1987,2026-07-07T11:46:34.331270000Z,Authentication,166,34,-69,920,0,11,0,0,0,0,0,0,0,0
1988,2026-07-07T11:46:34.353038000Z,Authentication,166,34,-21,920,0,11,0,0,1,0,0,0,720,0
1990,2026-07-07T11:46:34.364658000Z,Authentication,166,34,-23,920,0,11,0,0,1,0,0,0,720,0
1991,2026-07-07T11:46:34.462354000Z,Authentication,166,34,-65,920,0,11,0,0,0,0,0,0,0,0
1992,2026-07-07T11:46:34.474454000Z,Authentication,166,34,-22,920,0,11,0,0,1,0,0,0,720,0
1993,2026-07-07T11:46:34.486391000Z,Authentication,166,34,-21,920,0,11,0,0,1,0,0,0,720,0
1994,2026-07-07T11:46:34.593415000Z,Authentication,166,34,-66,920,0,11,0,0,0,0,0,0,0,0
1995,2026-07-07T11:46:34.605450000Z,Authentication,166,34,-23,920,0,11,0,0,1,0,0,0,720,0
1996,2026-07-07T11:46:34.616915000Z,Authentication,166,34,-23,920,0,11,0,0,1,0,0,0,720,0
1997,2026-07-07T11:46:34.724485000Z,Authentication,166,34,-69,920,0,11,0,0,0,0,0,0,0,0
1998,2026-07-07T11:46:34.736448000Z,Authentication,166,34,-23,920,0,11,0,0,1,0,0,0,720,0
1999,2026-07-07T11:46:34.748126000Z,Authentication,166,34,-25,920,0,11,0,0,1,0,0,0,720,0
2000,2026-07-07T11:46:34.850443000Z,Authentication,166,34,-68,920,0,11,0,0,0,0,0,0,0,0
2001,2026-07-07T11:46:34.862528000Z,Authentication,166,34,-22,920,0,11,0,0,1,0,0,0,720,0
2002,2026-07-07T11:46:34.874204000Z,Authentication,166,34,-21,920,0,11,0,0,1,0,0,0,720,0
2003,2026-07-07T11:46:34.986638000Z,Authentication,166,34,-70,920,0,11,0,0,0,0,0,0,0,0
2004,2026-07-07T11:46:34.992862000Z,Authentication,166,34,-18,920,0,11,0,0,0,0,0,0,720,0
2005,2026-07-07T11:46:34.998808000Z,Authentication,166,34,-18,920,0,11,0,0,1,0,0,0,720,0
2006,2026-07-07T11:46:35.003967000Z,Authentication,166,34,-19,920,0,11,0,0,1,0,0,0,720,0
2007,2026-07-07T11:46:35.009025000Z,Authentication,166,34,-18,920,0,11,0,0,1,0,0,0,720,0
2008,2026-07-07T11:46:35.127133000Z,Authentication,166,34,-17,920,0,11,0,0,0,0,0,0,720,0
2009,2026-07-07T11:46:35.132916000Z,Authentication,166,34,-18,920,0,11,0,0,1,0,0,0,720,0
2010,2026-07-07T11:46:35.138490000Z,Authentication,166,34,-18,920,0,11,0,0,1,0,0,0,720,0
2011,2026-07-07T11:46:35.144379000Z,Authentication,166,34,-18,920,0,11,0,0,1,0,0,0,720,0
2012,2026-07-07T11:46:35.229329000Z,Authentication,166,34,-68,920,0,11,0,0,0,0,0,0,0,0
2013,2026-07-07T11:46:35.262509000Z,S1G Beacon,61,34,-16,920,3,1,,,,,,,0,0
2014,2026-07-07T11:46:35.267213000Z,Authentication,166,34,-16,920,0,11,0,0,0,0,0,0,720,0
2015,2026-07-07T11:46:35.273025000Z,Authentication,166,34,-17,920,0,11,0,0,1,0,0,0,720,0
2016,2026-07-07T11:46:35.278750000Z,Authentication,166,34,-16,920,0,11,0,0,1,0,0,0,720,0
2017,2026-07-07T11:46:35.284469000Z,Authentication,166,34,-18,920,0,11,0,0,1,0,0,0,720,0
2018,2026-07-07T11:46:35.294990000Z,Data,287,34,-16,920,2,0,0,0,0,0,0,1,0,0
2019,2026-07-07T11:46:35.365018000Z,Authentication,166,34,-66,920,0,11,0,0,0,0,0,0,0,0
2020,2026-07-07T11:46:35.371220000Z,Authentication,166,34,-16,920,0,11,0,0,0,0,0,0,720,0
2021,2026-07-07T11:46:35.376956000Z,Authentication,166,34,-16,920,0,11,0,0,1,0,0,0,720,0
2022,2026-07-07T11:46:35.382749000Z,Authentication,166,34,-16,920,0,11,0,0,1,0,0,0,720,0
2023,2026-07-07T11:46:35.388366000Z,Authentication,166,34,-15,920,0,11,0,0,1,0,0,0,720,0
2024,2026-07-07T11:46:35.486360000Z,Authentication,166,34,-66,920,0,11,0,0,0,0,0,0,0,0
2025,2026-07-07T11:46:35.497551000Z,Authentication,166,34,-16,920,0,11,0,0,0,0,0,0,720,0
2026,2026-07-07T11:46:35.503390000Z,Authentication,166,34,-16,920,0,11,0,0,1,0,0,0,720,0
2027,2026-07-07T11:46:35.509225000Z,Authentication,166,34,-18,920,0,11,0,0,1,0,0,0,720,0
2028,2026-07-07T11:46:35.515223000Z,Authentication,166,34,-17,920,0,11,0,0,1,0,0,0,720,0
2029,2026-07-07T11:46:35.621529000Z,Authentication,166,34,-66,920,0,11,0,0,0,0,0,0,0,0
2030,2026-07-07T11:46:35.637352000Z,Authentication,166,34,-18,920,0,11,0,0,0,0,0,0,720,0
2031,2026-07-07T11:46:35.643349000Z,Authentication,166,34,-17,920,0,11,0,0,1,0,0,0,720,0
2032,2026-07-07T11:46:35.649338000Z,Authentication,166,34,-18,920,0,11,0,0,1,0,0,0,720,0
2033,2026-07-07T11:46:35.655385000Z,Authentication,166,34,-16,920,0,11,0,0,1,0,0,0,720,0
2034,2026-07-07T11:46:35.740318000Z,Authentication,166,34,-67,920,0,11,0,0,0,0,0,0,0,0
2035,2026-07-07T11:46:35.746573000Z,Authentication,166,34,-16,920,0,11,0,0,0,0,0,0,720,0
2036,2026-07-07T11:46:35.752619000Z,Authentication,166,34,-17,920,0,11,0,0,1,0,0,0,720,0
2037,2026-07-07T11:46:35.758397000Z,Authentication,166,34,-16,920,0,11,0,0,1,0,0,0,720,0
2038,2026-07-07T11:46:35.764341000Z,Authentication,166,34,-16,920,0,11,0,0,1,0,0,0,720,0
2039,2026-07-07T11:46:35.871392000Z,Authentication,166,34,-69,920,0,11,0,0,0,0,0,0,0,0
2040,2026-07-07T11:46:35.887109000Z,Authentication,166,34,-18,920,0,11,0,0,0,0,0,0,720,0
2041,2026-07-07T11:46:35.893056000Z,Authentication,166,34,-17,920,0,11,0,0,1,0,0,0,720,0
2042,2026-07-07T11:46:35.899096000Z,Authentication,166,34,-18,920,0,11,0,0,1,0,0,0,720,0
2043,2026-07-07T11:46:35.904880000Z,Authentication,166,34,-17,920,0,11,0,0,1,0,0,0,720,0
2044,2026-07-07T11:46:36.002461000Z,Authentication,166,34,-68,920,0,11,0,0,0,0,0,0,0,0
2045,2026-07-07T11:46:36.008715000Z,Authentication,166,34,-18,920,0,11,0,0,0,0,0,0,720,0
2046,2026-07-07T11:46:36.014094000Z,Authentication,166,34,-17,920,0,11,0,0,1,0,0,0,720,0
2047,2026-07-07T11:46:36.019981000Z,Authentication,166,34,-17,920,0,11,0,0,1,0,0,0,720,0
2048,2026-07-07T11:46:36.025765000Z,Authentication,166,34,-18,920,0,11,0,0,1,0,0,0,720,0
2049,2026-07-07T11:46:36.083543000Z,S1G Beacon,129,34,-18,920,3,1,,,,,,,0,0
2050,2026-07-07T11:46:36.133540000Z,Authentication,166,34,-68,920,0,11,0,0,0,0,0,0,0,0
2051,2026-07-07T11:46:36.139795000Z,Authentication,166,34,-18,920,0,11,0,0,0,0,0,0,720,0
2052,2026-07-07T11:46:36.145739000Z,Authentication,166,34,-18,920,0,11,0,0,1,0,0,0,720,0
2053,2026-07-07T11:46:36.151463000Z,Authentication,166,34,-19,920,0,11,0,0,1,0,0,0,720,0
2054,2026-07-07T11:46:36.156831000Z,Authentication,166,34,-18,920,0,11,0,0,1,0,0,0,720,0
2055,2026-07-07T11:46:36.264695000Z,Authentication,166,34,-66,920,0,11,0,0,0,0,0,0,0,0
2056,2026-07-07T11:46:36.270950000Z,Authentication,166,34,-18,920,0,11,0,0,0,0,0,0,720,0
2057,2026-07-07T11:46:36.276806000Z,Authentication,166,34,-18,920,0,11,0,0,1,0,0,0,720,0
2058,2026-07-07T11:46:36.282762000Z,Authentication,166,34,-19,920,0,11,0,0,1,0,0,0,720,0
2059,2026-07-07T11:46:36.288486000Z,Authentication,166,34,-18,920,0,11,0,0,1,0,0,0,720,0
2060,2026-07-07T11:46:36.395729000Z,Authentication,166,34,-68,920,0,11,0,0,0,0,0,0,0,0
2061,2026-07-07T11:46:36.413613000Z,Authentication,166,34,-19,920,0,11,0,0,1,0,0,0,720,0
2062,2026-07-07T11:46:36.419405000Z,Authentication,166,34,-18,920,0,11,0,0,1,0,0,0,720,0
2063,2026-07-07T11:46:36.425188000Z,Authentication,166,34,-18,920,0,11,0,0,1,0,0,0,720,0
2064,2026-07-07T11:46:36.526781000Z,Authentication,166,34,-68,920,0,11,0,0,0,0,0,0,0,0
2065,2026-07-07T11:46:36.547656000Z,Authentication,166,34,-18,920,0,11,0,0,0,0,0,0,720,0
2066,2026-07-07T11:46:36.553389000Z,Authentication,166,34,-18,920,0,11,0,0,1,0,0,0,720,0
2067,2026-07-07T11:46:36.559224000Z,Authentication,166,34,-18,920,0,11,0,0,1,0,0,0,720,0
2068,2026-07-07T11:46:36.564905000Z,Authentication,166,34,-19,920,0,11,0,0,1,0,0,0,720,0
2069,2026-07-07T11:46:36.657854000Z,Authentication,166,34,-66,920,0,11,0,0,0,0,0,0,0,0
2070,2026-07-07T11:46:36.670048000Z,Authentication,166,34,-19,920,0,11,0,0,1,0,0,0,720,0
2071,2026-07-07T11:46:36.675938000Z,Authentication,166,34,-19,920,0,11,0,0,1,0,0,0,720,0
2072,2026-07-07T11:46:36.681621000Z,Authentication,166,34,-18,920,0,11,0,0,1,0,0,0,720,0
2073,2026-07-07T11:46:36.788923000Z,Authentication,166,34,-66,920,0,11,0,0,0,0,0,0,0,0
2074,2026-07-07T11:46:36.807096000Z,Authentication,166,34,-19,920,0,11,0,0,0,0,0,0,720,0
2075,2026-07-07T11:46:36.813036000Z,Authentication,166,34,-19,920,0,11,0,0,1,0,0,0,720,0
2076,2026-07-07T11:46:36.818868000Z,Authentication,166,34,-18,920,0,11,0,0,1,0,0,0,720,0
2077,2026-07-07T11:46:36.824658000Z,Authentication,166,34,-18,920,0,11,0,0,1,0,0,0,720,0
2078,2026-07-07T11:46:36.900984000Z,S1G Beacon,61,34,-18,920,3,1,,,,,,,0,0
2079,2026-07-07T11:46:36.907709000Z,Authentication,166,34,-68,920,0,11,0,0,0,0,0,0,0,0
2080,2026-07-07T11:46:36.917165000Z,Authentication,166,34,-19,920,0,11,0,0,0,0,0,0,720,0
2081,2026-07-07T11:46:36.922219000Z,Authentication,166,34,-19,920,0,11,0,0,1,0,0,0,720,0
2082,2026-07-07T11:46:36.928206000Z,Authentication,166,34,-18,920,0,11,0,0,1,0,0,0,720,0
2083,2026-07-07T11:46:36.933995000Z,Authentication,166,34,-19,920,0,11,0,0,1,0,0,0,720,0
2084,2026-07-07T11:46:37.038784000Z,Authentication,166,34,-67,920,0,11,0,0,0,0,0,0,0,0
2085,2026-07-07T11:46:37.045096000Z,Authentication,166,34,-18,920,0,11,0,0,0,0,0,0,720,0
2086,2026-07-07T11:46:37.051090000Z,Authentication,166,34,-18,920,0,11,0,0,1,0,0,0,720,0
2087,2026-07-07T11:46:37.056925000Z,Authentication,166,34,-19,920,0,11,0,0,1,0,0,0,720,0
2088,2026-07-07T11:46:37.169973000Z,Authentication,166,34,-18,920,0,11,0,0,0,0,0,0,720,0
2089,2026-07-07T11:46:37.175759000Z,Authentication,166,34,-18,920,0,11,0,0,1,0,0,0,720,0
2090,2026-07-07T11:46:37.181596000Z,Authentication,166,34,-18,920,0,11,0,0,1,0,0,0,720,0
2091,2026-07-07T11:46:37.292744000Z,Authentication,166,34,-66,920,0,11,0,0,0,0,0,0,0,0
2092,2026-07-07T11:46:37.299000000Z,Authentication,166,34,-16,920,0,11,0,0,0,0,0,0,720,0
2093,2026-07-07T11:46:37.310568000Z,Authentication,166,34,-19,920,0,11,0,0,1,0,0,0,720,0
2094,2026-07-07T11:46:37.316558000Z,Authentication,166,34,-17,920,0,11,0,0,1,0,0,0,720,0
2095,2026-07-07T11:46:37.411544000Z,Authentication,166,34,-65,920,0,11,0,0,0,0,0,0,0,0
2096,2026-07-07T11:46:37.417946000Z,Authentication,166,34,-18,920,0,11,0,0,0,0,0,0,720,0
2097,2026-07-07T11:46:37.423317000Z,Authentication,166,34,-17,920,0,11,0,0,1,0,0,0,720,0
2098,2026-07-07T11:46:37.428995000Z,Authentication,166,34,-18,920,0,11,0,0,1,0,0,0,720,0
2099,2026-07-07T11:46:37.434729000Z,Authentication,166,34,-17,920,0,11,0,0,1,0,0,0,720,0
2100,2026-07-07T11:46:37.542609000Z,Authentication,166,34,-66,920,0,11,0,0,0,0,0,0,0,0
2101,2026-07-07T11:46:37.560651000Z,Authentication,166,34,-19,920,0,11,0,0,1,0,0,0,720,0
2102,2026-07-07T11:46:37.566696000Z,Authentication,166,34,-18,920,0,11,0,0,1,0,0,0,720,0
2103,2026-07-07T11:46:37.572637000Z,Authentication,166,34,-17,920,0,11,0,0,1,0,0,0,720,0
2104,2026-07-07T11:46:37.673683000Z,Authentication,166,34,-68,920,0,11,0,0,0,0,0,0,0,0
2105,2026-07-07T11:46:37.681130000Z,Authentication,166,34,-20,920,0,11,0,0,0,0,0,0,720,0
2106,2026-07-07T11:46:37.687175000Z,Authentication,166,34,-18,920,0,11,0,0,1,0,0,0,720,0
2107,2026-07-07T11:46:37.693107000Z,Authentication,166,34,-19,920,0,11,0,0,1,0,0,0,720,0
2108,2026-07-07T11:46:37.698890000Z,Authentication,166,34,-19,920,0,11,0,0,1,0,0,0,720,0
2109,2026-07-07T11:46:37.722006000Z,S1G Beacon,129,34,-20,920,3,1,,,,,,,0,0
2110,2026-07-07T11:46:37.804753000Z,Authentication,166,34,-67,920,0,11,0,0,0,0,0,0,0,0
2111,2026-07-07T11:46:37.838116000Z,Authentication,166,34,-22,920,0,11,0,0,1,0,0,0,720,0
2112,2026-07-07T11:46:37.850458000Z,Authentication,166,34,-21,920,0,11,0,0,1,0,0,0,720,0
2113,2026-07-07T11:46:37.935829000Z,Authentication,166,34,-66,920,0,11,0,0,0,0,0,0,0,0
2114,2026-07-07T11:46:37.942135000Z,Authentication,166,34,-18,920,0,11,0,0,0,0,0,0,720,0
2115,2026-07-07T11:46:37.947919000Z,Authentication,166,34,-19,920,0,11,0,0,1,0,0,0,720,0
2116,2026-07-07T11:46:37.953599000Z,Authentication,166,34,-20,920,0,11,0,0,1,0,0,0,720,0
2117,2026-07-07T11:46:37.959384000Z,Authentication,166,34,-18,920,0,11,0,0,1,0,0,0,720,0
2118,2026-07-07T11:46:38.061776000Z,Authentication,166,34,-65,920,0,11,0,0,0,0,0,0,0,0
2119,2026-07-07T11:46:38.077447000Z,Authentication,166,34,-17,920,0,11,0,0,0,0,0,0,720,0
2120,2026-07-07T11:46:38.083124000Z,Authentication,166,34,-19,920,0,11,0,0,1,0,0,0,720,0
2121,2026-07-07T11:46:38.088853000Z,Authentication,166,34,-18,920,0,11,0,0,1,0,0,0,720,0
2122,2026-07-07T11:46:38.094642000Z,Authentication,166,34,-19,920,0,11,0,0,1,0,0,0,720,0
2123,2026-07-07T11:46:38.115014000Z,QoS Data,148,34,-19,920,2,8,1,0,0,0,0,1,720,0
2126,2026-07-07T11:46:38.125000000Z,QoS Data,131,34,-16,920,2,8,1,0,0,0,0,1,720,0
2129,2026-07-07T11:46:38.197974000Z,Authentication,166,34,-67,920,0,11,0,0,0,0,0,0,0,0
2130,2026-07-07T11:46:38.207195000Z,Authentication,166,34,-18,920,0,11,0,0,0,0,0,0,720,0
2131,2026-07-07T11:46:38.212880000Z,Authentication,166,34,-17,920,0,11,0,0,1,0,0,0,720,0
2132,2026-07-07T11:46:38.224552000Z,Authentication,166,34,-18,920,0,11,0,0,1,0,0,0,720,0
2133,2026-07-07T11:46:38.227610000Z,QoS Data,128,34,-19,920,2,8,1,0,0,0,0,1,720,0
2136,2026-07-07T11:46:38.318338000Z,Data,287,34,-17,920,2,0,0,0,0,0,0,1,0,0
2137,2026-07-07T11:46:38.324949000Z,Authentication,166,34,-66,920,0,11,0,0,0,0,0,0,0,0
2138,2026-07-07T11:46:38.331153000Z,Authentication,166,34,-18,920,0,11,0,0,0,0,0,0,720,0
2139,2026-07-07T11:46:38.336886000Z,Authentication,166,34,-17,920,0,11,0,0,1,0,0,0,720,0
2140,2026-07-07T11:46:38.342567000Z,Authentication,166,34,-18,920,0,11,0,0,1,0,0,0,720,0
2141,2026-07-07T11:46:38.348455000Z,Authentication,166,34,-19,920,0,11,0,0,1,0,0,0,720,0
2142,2026-07-07T11:46:38.456041000Z,Authentication,166,34,-66,920,0,11,0,0,0,0,0,0,0,0
2143,2026-07-07T11:46:38.462280000Z,Authentication,166,34,-17,920,0,11,0,0,0,0,0,0,720,0
2144,2026-07-07T11:46:38.467488000Z,Authentication,166,34,-17,920,0,11,0,0,1,0,0,0,720,0
2145,2026-07-07T11:46:38.473174000Z,Authentication,166,34,-18,920,0,11,0,0,1,0,0,0,720,0
2146,2026-07-07T11:46:38.479214000Z,Authentication,166,34,-18,920,0,11,0,0,1,0,0,0,720,0
2147,2026-07-07T11:46:38.539431000Z,S1G Beacon,61,34,-17,920,3,1,,,,,,,0,0
2148,2026-07-07T11:46:38.591201000Z,Authentication,166,34,-66,920,0,11,0,0,0,0,0,0,0,0
2149,2026-07-07T11:46:38.597402000Z,Authentication,166,34,-18,920,0,11,0,0,0,0,0,0,720,0
2150,2026-07-07T11:46:38.603399000Z,Authentication,166,34,-17,920,0,11,0,0,1,0,0,0,720,0
2151,2026-07-07T11:46:38.609077000Z,Authentication,166,34,-17,920,0,11,0,0,1,0,0,0,720,0
2152,2026-07-07T11:46:38.614861000Z,Authentication,166,34,-18,920,0,11,0,0,1,0,0,0,720,0
2153,2026-07-07T11:46:38.714084000Z,Authentication,166,34,-65,920,0,11,0,0,0,0,0,0,0,0
2154,2026-07-07T11:46:38.720756000Z,Authentication,166,34,-17,920,0,11,0,0,0,0,0,0,720,0
2155,2026-07-07T11:46:38.726430000Z,Authentication,166,34,-18,920,0,11,0,0,1,0,0,0,720,0
2156,2026-07-07T11:46:38.732265000Z,Authentication,166,34,-18,920,0,11,0,0,1,0,0,0,720,0
2157,2026-07-07T11:46:38.737945000Z,Authentication,166,34,-18,920,0,11,0,0,1,0,0,0,720,0
2158,2026-07-07T11:46:38.834916000Z,Authentication,166,34,-66,920,0,11,0,0,0,0,0,0,0,0
2159,2026-07-07T11:46:38.847150000Z,Authentication,166,34,-18,920,0,11,0,0,0,0,0,0,720,0
2160,2026-07-07T11:46:38.853197000Z,Authentication,166,34,-18,920,0,11,0,0,1,0,0,0,720,0
2161,2026-07-07T11:46:38.858875000Z,Authentication,166,34,-17,920,0,11,0,0,1,0,0,0,720,0
2162,2026-07-07T11:46:38.864765000Z,Authentication,166,34,-18,920,0,11,0,0,1,0,0,0,720,0
2163,2026-07-07T11:46:38.970086000Z,Authentication,166,34,-66,920,0,11,0,0,0,0,0,0,0,0
2164,2026-07-07T11:46:38.987260000Z,Authentication,166,34,-19,920,0,11,0,0,0,0,0,0,720,0
2165,2026-07-07T11:46:38.993255000Z,Authentication,166,34,-18,920,0,11,0,0,1,0,0,0,720,0
2166,2026-07-07T11:46:38.999195000Z,Authentication,166,34,-18,920,0,11,0,0,1,0,0,0,720,0
2167,2026-07-07T11:46:39.005188000Z,Authentication,166,34,-18,920,0,11,0,0,1,0,0,0,720,0
2168,2026-07-07T11:46:39.086825000Z,Authentication,166,34,-66,920,0,11,0,0,0,0,0,0,0,0
2169,2026-07-07T11:46:39.115733000Z,Authentication,166,34,-19,920,0,11,0,0,0,0,0,0,720,0
2170,2026-07-07T11:46:39.121570000Z,Authentication,166,34,-18,920,0,11,0,0,1,0,0,0,720,0
2171,2026-07-07T11:46:39.127610000Z,Authentication,166,34,-19,920,0,11,0,0,1,0,0,0,720,0
2172,2026-07-07T11:46:39.132872000Z,Authentication,166,34,-18,920,0,11,0,0,1,0,0,0,720,0
2173,2026-07-07T11:46:39.213806000Z,Authentication,166,34,-66,920,0,11,0,0,0,0,0,0,0,0
2174,2026-07-07T11:46:39.222144000Z,Authentication,166,34,-18,920,0,11,0,0,0,0,0,0,720,0
2175,2026-07-07T11:46:39.228136000Z,Authentication,166,34,-19,920,0,11,0,0,1,0,0,0,720,0
2176,2026-07-07T11:46:39.233865000Z,Authentication,166,34,-19,920,0,11,0,0,1,0,0,0,720,0
2177,2026-07-07T11:46:39.239854000Z,Authentication,166,34,-19,920,0,11,0,0,1,0,0,0,720,0
2178,2026-07-07T11:46:39.344879000Z,Authentication,166,34,-65,920,0,11,0,0,0,0,0,0,0,0
2179,2026-07-07T11:46:39.360461000Z,S1G Beacon,129,34,-18,920,3,1,,,,,,,0,0
2180,2026-07-07T11:46:39.365055000Z,Authentication,166,34,-18,920,0,11,0,0,0,0,0,0,720,0
2181,2026-07-07T11:46:39.371098000Z,Authentication,166,34,-18,920,0,11,0,0,1,0,0,0,720,0
2182,2026-07-07T11:46:39.377037000Z,Authentication,166,34,-18,920,0,11,0,0,1,0,0,0,720,0
2183,2026-07-07T11:46:39.382860000Z,Authentication,166,34,-18,920,0,11,0,0,1,0,0,0,720,0
2184,2026-07-07T11:46:39.475966000Z,Authentication,166,34,-66,920,0,11,0,0,0,0,0,0,0,0
2185,2026-07-07T11:46:39.487416000Z,Authentication,166,34,-18,920,0,11,0,0,0,0,0,0,720,0
2186,2026-07-07T11:46:39.493150000Z,Authentication,166,34,-19,920,0,11,0,0,1,0,0,0,720,0
2187,2026-07-07T11:46:39.499191000Z,Authentication,166,34,-18,920,0,11,0,0,1,0,0,0,720,0
2188,2026-07-07T11:46:39.504975000Z,Authentication,166,34,-19,920,0,11,0,0,1,0,0,0,720,0
2189,2026-07-07T11:46:39.607027000Z,Authentication,166,34,-66,920,0,11,0,0,0,0,0,0,0,0
2190,2026-07-07T11:46:39.613232000Z,Authentication,166,34,-19,920,0,11,0,0,0,0,0,0,720,0
2191,2026-07-07T11:46:39.619277000Z,Authentication,166,34,-19,920,0,11,0,0,1,0,0,0,720,0
2192,2026-07-07T11:46:39.625165000Z,Authentication,166,34,-19,920,0,11,0,0,1,0,0,0,720,0
2193,2026-07-07T11:46:39.631053000Z,Authentication,166,34,-20,920,0,11,0,0,1,0,0,0,720,0
2194,2026-07-07T11:46:39.738105000Z,Authentication,166,34,-67,920,0,11,0,0,0,0,0,0,0,0
2195,2026-07-07T11:46:39.750090000Z,Authentication,166,34,-19,920,0,11,0,0,1,0,0,0,720,0
2196,2026-07-07T11:46:39.755929000Z,Authentication,166,34,-18,920,0,11,0,0,1,0,0,0,720,0
2197,2026-07-07T11:46:39.761765000Z,Authentication,166,34,-19,920,0,11,0,0,1,0,0,0,720,0
2198,2026-07-07T11:46:39.869187000Z,Authentication,166,34,-68,920,0,11,0,0,0,0,0,0,0,0
2199,2026-07-07T11:46:39.875435000Z,Authentication,166,34,-18,920,0,11,0,0,0,0,0,0,720,0
2200,2026-07-07T11:46:39.881482000Z,Authentication,166,34,-20,920,0,11,0,0,1,0,0,0,720,0
2201,2026-07-07T11:46:39.887473000Z,Authentication,166,34,-19,920,0,11,0,0,1,0,0,0,720,0
2202,2026-07-07T11:46:39.893412000Z,Authentication,166,34,-20,920,0,11,0,0,1,0,0,0,720,0
2203,2026-07-07T11:46:40.000261000Z,Authentication,166,34,-69,920,0,11,0,0,0,0,0,0,0,0
2204,2026-07-07T11:46:40.006404000Z,Authentication,166,34,-19,920,0,11,0,0,0,0,0,0,720,0
2205,2026-07-07T11:46:40.012193000Z,Authentication,166,34,-19,920,0,11,0,0,1,0,0,0,720,0
2206,2026-07-07T11:46:40.018079000Z,Authentication,166,34,-19,920,0,11,0,0,1,0,0,0,720,0
2207,2026-07-07T11:46:40.023859000Z,Authentication,166,34,-19,920,0,11,0,0,1,0,0,0,720,0
2208,2026-07-07T11:46:40.131324000Z,Authentication,166,34,-68,920,0,11,0,0,0,0,0,0,0,0
2209,2026-07-07T11:46:40.147459000Z,Authentication,166,34,-21,920,0,11,0,0,0,0,0,0,720,0
2210,2026-07-07T11:46:40.153244000Z,Authentication,166,34,-19,920,0,11,0,0,1,0,0,0,720,0
2211,2026-07-07T11:46:40.159185000Z,Authentication,166,34,-19,920,0,11,0,0,1,0,0,0,720,0
2212,2026-07-07T11:46:40.165073000Z,Authentication,166,34,-19,920,0,11,0,0,1,0,0,0,720,0
2213,2026-07-07T11:46:40.177882000Z,S1G Beacon,61,34,-19,920,3,1,,,,,,,0,0
2214,2026-07-07T11:46:40.255234000Z,Authentication,166,34,-66,920,0,11,0,0,0,0,0,0,0,0
2215,2026-07-07T11:46:40.275153000Z,Authentication,166,34,-19,920,0,11,0,0,0,0,0,0,720,0
2216,2026-07-07T11:46:40.280944000Z,Authentication,166,34,-19,920,0,11,0,0,1,0,0,0,720,0
2217,2026-07-07T11:46:40.286771000Z,Authentication,166,34,-19,920,0,11,0,0,1,0,0,0,720,0
2218,2026-07-07T11:46:40.292766000Z,Authentication,166,34,-18,920,0,11,0,0,1,0,0,0,720,0
2219,2026-07-07T11:46:40.513292000Z,Authentication,166,34,-66,920,0,11,0,0,0,0,0,0,0,0
2220,2026-07-07T11:46:40.527240000Z,Authentication,166,34,-18,920,0,11,0,0,0,0,0,0,720,0
2221,2026-07-07T11:46:40.533234000Z,Authentication,166,34,-19,920,0,11,0,0,1,0,0,0,720,0
2222,2026-07-07T11:46:40.539327000Z,Authentication,166,34,-19,920,0,11,0,0,1,0,0,0,720,0
2223,2026-07-07T11:46:40.545056000Z,Authentication,166,34,-19,920,0,11,0,0,1,0,0,0,720,0
2224,2026-07-07T11:46:40.650504000Z,Authentication,166,34,-67,920,0,11,0,0,0,0,0,0,0,0
2225,2026-07-07T11:46:40.656809000Z,Authentication,166,34,-18,920,0,11,0,0,0,0,0,0,720,0
2226,2026-07-07T11:46:40.662644000Z,Authentication,166,34,-19,920,0,11,0,0,1,0,0,0,720,0
2227,2026-07-07T11:46:40.668685000Z,Authentication,166,34,-18,920,0,11,0,0,1,0,0,0,720,0
2228,2026-07-07T11:46:40.674525000Z,Authentication,166,34,-18,920,0,11,0,0,1,0,0,0,720,0
2229,2026-07-07T11:46:40.767248000Z,Authentication,166,34,-66,920,0,11,0,0,0,0,0,0,0,0
2230,2026-07-07T11:46:40.773441000Z,Authentication,166,34,-19,920,0,11,0,0,0,0,0,0,720,0
2231,2026-07-07T11:46:40.779488000Z,Authentication,166,34,-18,920,0,11,0,0,1,0,0,0,720,0
2232,2026-07-07T11:46:40.785219000Z,Authentication,166,34,-19,920,0,11,0,0,1,0,0,0,720,0
2233,2026-07-07T11:46:40.791161000Z,Authentication,166,34,-19,920,0,11,0,0,1,0,0,0,720,0
2234,2026-07-07T11:46:40.905484000Z,Authentication,166,34,-65,920,0,11,0,0,0,0,0,0,0,0
2235,2026-07-07T11:46:40.917460000Z,Authentication,166,34,-19,920,0,11,0,0,0,0,0,0,720,0
2236,2026-07-07T11:46:40.923194000Z,Authentication,166,34,-20,920,0,11,0,0,1,0,0,0,720,0
2237,2026-07-07T11:46:40.928874000Z,Authentication,166,34,-20,920,0,11,0,0,1,0,0,0,720,0
2238,2026-07-07T11:46:40.934818000Z,Authentication,166,34,-19,920,0,11,0,0,1,0,0,0,720,0
2239,2026-07-07T11:46:40.998905000Z,S1G Beacon,129,34,-19,920,3,1,,,,,,,0,0
2240,2026-07-07T11:46:41.031439000Z,Authentication,166,34,-67,920,0,11,0,0,0,0,0,0,0,0
2241,2026-07-07T11:46:41.043578000Z,Authentication,166,34,-21,920,0,11,0,0,1,0,0,0,720,0
2242,2026-07-07T11:46:41.055303000Z,Authentication,166,34,-21,920,0,11,0,0,1,0,0,0,720,0
2243,2026-07-07T11:46:41.159439000Z,Authentication,166,34,-66,920,0,11,0,0,0,0,0,0,0,0
2244,2026-07-07T11:46:41.167203000Z,Authentication,166,34,-20,920,0,11,0,0,0,0,0,0,720,0
2245,2026-07-07T11:46:41.178828000Z,Authentication,166,34,-21,920,0,11,0,0,1,0,0,0,720,0
2246,2026-07-07T11:46:41.278234000Z,Authentication,166,34,-70,920,0,11,0,0,0,0,0,0,0,0
2247,2026-07-07T11:46:41.284487000Z,Authentication,166,34,-19,920,0,11,0,0,0,0,0,0,720,0
2248,2026-07-07T11:46:41.296365000Z,Authentication,166,34,-22,920,0,11,0,0,1,0,0,0,720,0
2249,2026-07-07T11:46:41.409305000Z,Authentication,166,34,-66,920,0,11,0,0,0,0,0,0,0,0
2250,2026-07-07T11:46:41.423217000Z,Authentication,166,34,-21,920,0,11,0,0,1,0,0,0,720,0
2251,2026-07-07T11:46:41.434784000Z,Authentication,166,34,-22,920,0,11,0,0,1,0,0,0,720,0
2252,2026-07-07T11:46:41.540387000Z,Authentication,166,34,-65,920,0,11,0,0,0,0,0,0,0,0
2253,2026-07-07T11:46:41.558128000Z,Authentication,166,34,-19,920,0,11,0,0,0,0,0,0,720,0
2254,2026-07-07T11:46:41.563910000Z,Authentication,166,34,-20,920,0,11,0,0,1,0,0,0,720,0
2255,2026-07-07T11:46:41.575376000Z,Authentication,166,34,-20,920,0,11,0,0,1,0,0,0,720,0
2256,2026-07-07T11:46:41.671458000Z,Authentication,166,34,-65,920,0,11,0,0,0,0,0,0,0,0
2257,2026-07-07T11:46:41.680986000Z,Authentication,166,34,-19,920,0,11,0,0,0,0,0,0,720,0
2258,2026-07-07T11:46:41.686766000Z,Authentication,166,34,-20,920,0,11,0,0,1,0,0,0,720,0
2259,2026-07-07T11:46:41.692447000Z,Authentication,166,34,-20,920,0,11,0,0,1,0,0,0,720,0
2260,2026-07-07T11:46:41.698492000Z,Authentication,166,34,-19,920,0,11,0,0,1,0,0,0,720,0
2261,2026-07-07T11:46:41.802528000Z,Authentication,166,34,-65,920,0,11,0,0,0,0,0,0,0,0
2262,2026-07-07T11:46:41.816328000Z,S1G Beacon,61,34,-19,920,3,1,,,,,,,0,0
2263,2026-07-07T11:46:41.820939000Z,Authentication,166,34,-19,920,0,11,0,0,0,0,0,0,720,0
2264,2026-07-07T11:46:41.826615000Z,Authentication,166,34,-19,920,0,11,0,0,1,0,0,0,720,0
2265,2026-07-07T11:46:41.832502000Z,Authentication,166,34,-20,920,0,11,0,0,1,0,0,0,720,0
2266,2026-07-07T11:46:41.933603000Z,Authentication,166,34,-65,920,0,11,0,0,0,0,0,0,0,0
2267,2026-07-07T11:46:41.947267000Z,Authentication,166,34,-19,920,0,11,0,0,0,0,0,0,720,0
2268,2026-07-07T11:46:41.952928000Z,Authentication,166,34,-20,920,0,11,0,0,1,0,0,0,720,0
2269,2026-07-07T11:46:41.958956000Z,Authentication,166,34,-20,920,0,11,0,0,1,0,0,0,720,0
2270,2026-07-07T11:46:41.964895000Z,Authentication,166,34,-20,920,0,11,0,0,1,0,0,0,720,0
2271,2026-07-07T11:46:42.060592000Z,Authentication,166,34,-65,920,0,11,0,0,0,0,0,0,0,0
2272,2026-07-07T11:46:42.066835000Z,Authentication,166,34,-19,920,0,11,0,0,0,0,0,0,720,0
2273,2026-07-07T11:46:42.072663000Z,Authentication,166,34,-19,920,0,11,0,0,1,0,0,0,720,0
2274,2026-07-07T11:46:42.078445000Z,Authentication,166,34,-18,920,0,11,0,0,1,0,0,0,720,0
2275,2026-07-07T11:46:42.084434000Z,Authentication,166,34,-19,920,0,11,0,0,1,0,0,0,720,0
2276,2026-07-07T11:46:42.185501000Z,Authentication,166,34,-67,920,0,11,0,0,0,0,0,0,0,0
2277,2026-07-07T11:46:42.192229000Z,Authentication,166,34,-19,920,0,11,0,0,0,0,0,0,720,0
2278,2026-07-07T11:46:42.198272000Z,Authentication,166,34,-19,920,0,11,0,0,1,0,0,0,720,0
2279,2026-07-07T11:46:42.204156000Z,Authentication,166,34,-19,920,0,11,0,0,1,0,0,0,720,0
2280,2026-07-07T11:46:42.210094000Z,Authentication,166,34,-19,920,0,11,0,0,1,0,0,0,720,0
2281,2026-07-07T11:46:42.313510000Z,Authentication,166,34,-65,920,0,11,0,0,0,0,0,0,0,0
2282,2026-07-07T11:46:42.319757000Z,Authentication,166,34,-18,920,0,11,0,0,0,0,0,0,720,0
2283,2026-07-07T11:46:42.331741000Z,Authentication,166,34,-19,920,0,11,0,0,1,0,0,0,720,0
2284,2026-07-07T11:46:42.337578000Z,Authentication,166,34,-18,920,0,11,0,0,1,0,0,0,720,0
2285,2026-07-07T11:46:42.441514000Z,Authentication,166,34,-66,920,0,11,0,0,0,0,0,0,0,0
2286,2026-07-07T11:46:42.447821000Z,Authentication,166,34,-18,920,0,11,0,0,0,0,0,0,720,0
2287,2026-07-07T11:46:42.453810000Z,Authentication,166,34,-19,920,0,11,0,0,1,0,0,0,720,0
2288,2026-07-07T11:46:42.459698000Z,Authentication,166,34,-18,920,0,11,0,0,1,0,0,0,720,0
2289,2026-07-07T11:46:42.465532000Z,Authentication,166,34,-18,920,0,11,0,0,1,0,0,0,720,0
