packet_number,tsf,frame_name,frame_len,length,dbm_antsignal,channel_freq,type,subtype,ds,frag,retry,pwrmgt,moredata,protected,duration,label
1,4890578989,S1G Beacon,61,34,-23,920,3,1,,,,,,,0,0
2,4891398190,S1G Beacon,129,34,-23,920,3,1,,,,,,,0,0
3,4892217395,S1G Beacon,61,34,-22,920,3,1,,,,,,,0,0
4,4892880417,Data,287,34,-22,920,2,0,0,0,0,0,0,1,0,0
5,4893036597,S1G Beacon,129,34,-24,920,3,1,,,,,,,0,0
6,4893105757,Authentication,166,34,-55,920,0,11,0,0,0,0,0,0,0,0
7,4893186524,Authentication,166,34,-25,920,0,11,0,0,0,0,0,0,720,0
8,4893192257,Authentication,166,34,-22,920,0,11,0,0,1,0,0,0,720,0
9,4893198040,Authentication,166,34,-22,920,0,11,0,0,1,0,0,0,720,0
10,4893204030,Authentication,166,34,-23,920,0,11,0,0,1,0,0,0,720,0
11,4893367899,Authentication,166,34,-55,920,0,11,0,0,0,0,0,0,0,0
12,4893377166,Authentication,166,34,-22,920,0,11,0,0,0,0,0,0,720,0
13,4893383158,Authentication,166,34,-23,920,0,11,0,0,1,0,0,0,720,0
14,4893388888,Authentication,166,34,-23,920,0,11,0,0,1,0,0,0,720,0
15,4893394725,Authentication,166,34,-22,920,0,11,0,0,1,0,0,0,720,0
16,4893431804,QoS Data,149,34,-32,920,2,8,1,0,0,0,0,1,720,0
18,4893433961,QoS Data,149,34,-31,920,2,8,0,0,0,0,0,1,720,0
20,4893442307,QoS Data,131,34,-21,920,2,8,1,0,0,0,0,1,720,0
22,4893445050,QoS Data,131,34,-30,920,2,8,0,0,0,0,0,1,720,0
24,4893608536,Authentication,166,34,-54,920,0,11,0,0,0,0,0,0,0,0
25,4893617178,Authentication,166,34,-23,920,0,11,0,0,0,0,0,0,720,0
26,4893623116,Authentication,166,34,-22,920,0,11,0,0,1,0,0,0,720,0
27,4893629056,Authentication,166,34,-22,920,0,11,0,0,1,0,0,0,720,0
28,4893635046,Authentication,166,34,-23,920,0,11,0,0,1,0,0,0,720,0
29,4893644147,QoS Data,128,34,-31,920,2,8,1,0,0,0,0,1,720,0
31,4893646423,QoS Data,128,34,-29,920,2,8,0,0,0,0,0,1,720,0
33,4893855799,S1G Beacon,61,34,-24,920,3,1,,,,,,,0,0
34,4893859416,Authentication,166,34,-56,920,0,11,0,0,0,0,0,0,0,0
35,4893867122,Authentication,166,34,-22,920,0,11,0,0,0,0,0,0,720,0
36,4893872905,Authentication,166,34,-22,920,0,11,0,0,1,0,0,0,720,0
37,4893878583,Authentication,166,34,-24,920,0,11,0,0,1,0,0,0,720,0
38,4893884573,Authentication,166,34,-24,920,0,11,0,0,1,0,0,0,720,0
39,4894121558,Authentication,166,34,-55,920,0,11,0,0,0,0,0,0,0,0
40,4894137168,Authentication,166,34,-24,920,0,11,0,0,0,0,0,0,720,0
41,4894143108,Authentication,166,34,-22,920,0,11,0,0,1,0,0,0,720,0
42,4894148891,Authentication,166,34,-23,920,0,11,0,0,1,0,0,0,720,0
43,4894154933,Authentication,166,34,-23,920,0,11,0,0,1,0,0,0,720,0
44,4894367314,Authentication,166,34,-55,920,0,11,0,0,0,0,0,0,0,0
45,4894377360,Authentication,166,34,-24,920,0,11,0,0,0,0,0,0,720,0
46,4894383404,Authentication,166,34,-23,920,0,11,0,0,1,0,0,0,720,0
47,4894389293,Authentication,166,34,-23,920,0,11,0,0,1,0,0,0,720,0
48,4894395131,Authentication,166,34,-22,920,0,11,0,0,1,0,0,0,720,0
49,4894613074,Authentication,166,34,-55,920,0,11,0,0,0,0,0,0,0,0
50,4894627123,Authentication,166,34,-23,920,0,11,0,0,0,0,0,0,720,0
51,4894633012,Authentication,166,34,-22,920,0,11,0,0,1,0,0,0,720,0
52,4894638795,Authentication,166,34,-24,920,0,11,0,0,1,0,0,0,720,0
53,4894644631,Authentication,166,34,-24,920,0,11,0,0,1,0,0,0,720,0
54,4894675006,S1G Beacon,129,34,-22,920,3,1,,,,,,,0,0
55,4894875216,Authentication,166,34,-54,920,0,11,0,0,0,0,0,0,0,0
56,4894887137,Authentication,166,34,-24,920,0,11,0,0,0,0,0,0,720,0
57,4894893126,Authentication,166,34,-22,920,0,11,0,0,1,0,0,0,720,0
58,4894898808,Authentication,166,34,-22,920,0,11,0,0,1,0,0,0,720,0
59,4894904748,Authentication,166,34,-22,920,0,11,0,0,1,0,0,0,720,0
60,4895135307,Authentication,166,34,-56,920,0,11,0,0,0,0,0,0,0,0
61,4895146550,Authentication,166,34,-23,920,0,11,0,0,0,0,0,0,720,0
62,4895152281,Authentication,166,34,-23,920,0,11,0,0,1,0,0,0,720,0
63,4895158014,Authentication,166,34,-22,920,0,11,0,0,1,0,0,0,720,0
64,4895164057,Authentication,166,34,-23,920,0,11,0,0,1,0,0,0,720,0
65,4895366734,Authentication,166,34,-54,920,0,11,0,0,0,0,0,0,0,0
66,4895494208,S1G Beacon,61,34,-24,920,3,1,,,,,,,0,0
67,4895628876,Authentication,166,34,-54,920,0,11,0,0,0,0,0,0,0,0
68,4895891018,Authentication,166,34,-55,920,0,11,0,0,0,0,0,0,0,0
69,4895900492,Authentication,166,34,-22,920,0,11,0,0,0,0,0,0,720,0
70,4895906798,Data,287,34,-22,920,2,0,0,0,0,0,0,1,0,0
71,4895914585,Authentication,166,34,-23,920,0,11,0,0,1,0,0,0,720,0
72,4895920423,Authentication,166,34,-23,920,0,11,0,0,1,0,0,0,720,0
73,4895926414,Authentication,166,34,-23,920,0,11,0,0,1,0,0,0,720,0
74,4896132678,Authentication,166,34,-54,920,0,11,0,0,0,0,0,0,0,0
75,4896313411,S1G Beacon,129,34,-23,920,3,1,,,,,,,0,0
76,4896382535,Authentication,166,34,-54,920,0,11,0,0,0,0,0,0,0,0
77,4896397157,Authentication,166,34,-23,920,0,11,0,0,0,0,0,0,720,0
78,4896402939,Authentication,166,34,-25,920,0,11,0,0,1,0,0,0,720,0
79,4896408877,Authentication,166,34,-23,920,0,11,0,0,1,0,0,0,720,0
80,4896414714,Authentication,166,34,-24,920,0,11,0,0,1,0,0,0,720,0
81,4896644677,Authentication,166,34,-54,920,0,11,0,0,0,0,0,0,0,0
82,4896653268,Authentication,166,34,-24,920,0,11,0,0,0,0,0,0,720,0
83,4896658949,Authentication,166,34,-23,920,0,11,0,0,1,0,0,0,720,0
84,4896664783,Authentication,166,34,-24,920,0,11,0,0,1,0,0,0,720,0
85,4896670461,Authentication,166,34,-23,920,0,11,0,0,1,0,0,0,720,0
86,4896906819,Authentication,166,34,-56,920,0,11,0,0,0,0,0,0,0,0
87,4896917126,Authentication,166,34,-23,920,0,11,0,0,0,0,0,0,720,0
88,4896923065,Authentication,166,34,-22,920,0,11,0,0,1,0,0,0,720,0
89,4896928899,Authentication,166,34,-23,920,0,11,0,0,1,0,0,0,720,0
90,4896934838,Authentication,166,34,-23,920,0,11,0,0,1,0,0,0,720,0
91,4897132614,S1G Beacon,61,34,-25,920,3,1,,,,,,,0,0
92,4897139265,Authentication,166,34,-55,920,0,11,0,0,0,0,0,0,0,0
93,4897147181,Authentication,166,34,-22,920,0,11,0,0,0,0,0,0,720,0
94,4897152859,Authentication,166,34,-22,920,0,11,0,0,1,0,0,0,720,0
95,4897158642,Authentication,166,34,-24,920,0,11,0,0,1,0,0,0,720,0
96,4897164374,Authentication,166,34,-22,920,0,11,0,0,1,0,0,0,720,0
97,4897398335,Authentication,166,34,-54,920,0,11,0,0,0,0,0,0,0,0
98,4897407134,Authentication,166,34,-22,920,0,11,0,0,0,0,0,0,720,0
99,4897413073,Authentication,166,34,-22,920,0,11,0,0,1,0,0,0,720,0
100,4897419013,Authentication,166,34,-23,920,0,11,0,0,1,0,0,0,720,0
101,4897424746,Authentication,166,34,-23,920,0,11,0,0,1,0,0,0,720,0
102,4897660478,Authentication,166,34,-54,920,0,11,0,0,0,0,0,0,0,0
103,4897677282,Authentication,166,34,-23,920,0,11,0,0,0,0,0,0,720,0
104,4897683274,Authentication,166,34,-23,920,0,11,0,0,1,0,0,0,720,0
105,4897689060,Authentication,166,34,-22,920,0,11,0,0,1,0,0,0,720,0
106,4897694790,Authentication,166,34,-24,920,0,11,0,0,1,0,0,0,720,0
107,4897917497,Authentication,166,34,-55,920,0,11,0,0,0,0,0,0,0,0
108,4897927125,Authentication,166,34,-24,920,0,11,0,0,0,0,0,0,720,0
109,4897933014,Authentication,166,34,-24,920,0,11,0,0,1,0,0,0,720,0
110,4897939057,Authentication,166,34,-24,920,0,11,0,0,1,0,0,0,720,0
111,4897945101,Authentication,166,34,-22,920,0,11,0,0,1,0,0,0,720,0
112,4898151994,Authentication,166,34,-55,920,0,11,0,0,0,0,0,0,0,0
113,4898414136,Authentication,166,34,-54,920,0,11,0,0,0,0,0,0,0,0
114,4898455206,QoS Data,149,34,-34,920,2,8,1,0,1,0,0,1,720,0
116,4898457882,QoS Data,149,34,-29,920,2,8,0,0,0,0,0,1,720,0
118,4898464666,QoS Data,131,34,-20,920,2,8,1,0,0,0,0,1,720,0
120,4898467410,QoS Data,131,34,-29,920,2,8,0,0,0,0,0,1,720,0
122,4898647159,QoS Data,128,34,-33,920,2,8,1,0,1,0,0,1,720,0
124,4898649228,QoS Data,128,34,-30,920,2,8,0,0,0,0,0,1,720,0
126,4898676279,Authentication,166,34,-54,920,0,11,0,0,0,0,0,0,0,0
127,4898687107,Authentication,166,34,-23,920,0,11,0,0,0,0,0,0,720,0
128,4898692890,Authentication,166,34,-23,920,0,11,0,0,1,0,0,0,720,0
129,4898698778,Authentication,166,34,-23,920,0,11,0,0,1,0,0,0,720,0
130,4898704717,Authentication,166,34,-23,920,0,11,0,0,1,0,0,0,720,0
131,4898771022,S1G Beacon,61,34,-24,920,3,1,,,,,,,0,0
132,4898911796,Authentication,166,34,-55,920,0,11,0,0,0,0,0,0,0,0
133,4898928395,Data,287,34,-23,920,2,0,0,0,0,0,0,1,0,0
134,4899167795,Authentication,166,34,-55,920,0,11,0,0,0,0,0,0,0,0
135,4899177114,Authentication,166,34,-24,920,0,11,0,0,0,0,0,0,720,0
136,4899183002,Authentication,166,34,-22,920,0,11,0,0,1,0,0,0,720,0
137,4899188734,Authentication,166,34,-23,920,0,11,0,0,1,0,0,0,720,0
138,4899194622,Authentication,166,34,-23,920,0,11,0,0,1,0,0,0,720,0
139,4899429937,Authentication,166,34,-55,920,0,11,0,0,0,0,0,0,0,0
140,4899590222,S1G Beacon,129,34,-23,920,3,1,,,,,,,0,0
141,4899673646,Authentication,166,34,-54,920,0,11,0,0,0,0,0,0,0,0
142,4899687123,Authentication,166,34,-23,920,0,11,0,0,0,0,0,0,720,0
143,4899693167,Authentication,166,34,-23,920,0,11,0,0,1,0,0,0,720,0
144,4899699001,Authentication,166,34,-24,920,0,11,0,0,1,0,0,0,720,0
145,4899704834,Authentication,166,34,-22,920,0,11,0,0,1,0,0,0,720,0
146,4899933740,Authentication,166,34,-55,920,0,11,0,0,0,0,0,0,0,0
147,4899947063,Authentication,166,34,-31,920,0,11,0,0,0,0,0,0,720,0
148,4899953004,Authentication,166,34,-31,920,0,11,0,0,1,0,0,0,720,0
149,4899958840,Authentication,166,34,-32,920,0,11,0,0,1,0,0,0,720,0
150,4899964626,Authentication,166,34,-30,920,0,11,0,0,1,0,0,0,720,0
151,4900188715,Authentication,166,34,-55,920,0,11,0,0,0,0,0,0,0,0
152,4900197098,Authentication,166,34,-29,920,0,11,0,0,0,0,0,0,720,0
153,4900203091,Authentication,166,34,-28,920,0,11,0,0,1,0,0,0,720,0
154,4900208873,Authentication,166,34,-29,920,0,11,0,0,1,0,0,0,720,0
155,4900214553,Authentication,166,34,-28,920,0,11,0,0,1,0,0,0,720,0
156,4900409428,S1G Beacon,61,34,-28,920,3,1,,,,,,,0,0
157,4900445738,Authentication,166,34,-55,920,0,11,0,0,0,0,0,0,0,0
158,4900457136,Authentication,166,34,-28,920,0,11,0,0,0,0,0,0,720,0
159,4900463130,Authentication,166,34,-28,920,0,11,0,0,1,0,0,0,720,0
160,4900468912,Authentication,166,34,-28,920,0,11,0,0,1,0,0,0,720,0
161,4900474902,Authentication,166,34,-28,920,0,11,0,0,1,0,0,0,720,0
162,4900707880,Authentication,166,34,-54,920,0,11,0,0,0,0,0,0,0,0
163,4900717094,Authentication,166,34,-30,920,0,11,0,0,0,0,0,0,720,0
164,4900722826,Authentication,166,34,-30,920,0,11,0,0,1,0,0,0,720,0
165,4900728817,Authentication,166,34,-27,920,0,11,0,0,1,0,0,0,720,0
166,4900734548,Authentication,166,34,-28,920,0,11,0,0,1,0,0,0,720,0
167,4900959779,Authentication,166,34,-55,920,0,11,0,0,0,0,0,0,0,0
168,4901211684,Authentication,166,34,-54,920,0,11,0,0,0,0,0,0,0,0
169,4901228631,S1G Beacon,129,34,-30,920,3,1,,,,,,,0,0
170,4901232218,Authentication,166,34,-28,920,0,11,0,0,0,0,0,0,720,0
171,4901238054,Authentication,166,34,-30,920,0,11,0,0,1,0,0,0,720,0
172,4901244096,Authentication,166,34,-30,920,0,11,0,0,1,0,0,0,720,0
173,4901249934,Authentication,166,34,-29,920,0,11,0,0,1,0,0,0,720,0
174,4901461539,Authentication,166,34,-54,920,0,11,0,0,0,0,0,0,0,0
175,4901473301,Authentication,166,34,-30,920,0,11,0,0,0,0,0,0,720,0
176,4901479292,Authentication,166,34,-28,920,0,11,0,0,1,0,0,0,720,0
177,4901485129,Authentication,166,34,-29,920,0,11,0,0,1,0,0,0,720,0
178,4901491015,Authentication,166,34,-30,920,0,11,0,0,1,0,0,0,720,0
179,4901723682,Authentication,166,34,-54,920,0,11,0,0,0,0,0,0,0,0
180,4901737107,Authentication,166,34,-29,920,0,11,0,0,0,0,0,0,720,0
181,4901743048,Authentication,166,34,-29,920,0,11,0,0,1,0,0,0,720,0
182,4901748884,Authentication,166,34,-30,920,0,11,0,0,1,0,0,0,720,0
183,4901754667,Authentication,166,34,-29,920,0,11,0,0,1,0,0,0,720,0
184,4901952642,Data,287,34,-28,920,2,0,0,0,0,0,0,1,0,0
185,4901985824,Authentication,166,34,-55,920,0,11,0,0,0,0,0,0,0,0
186,4901997115,Authentication,166,34,-28,920,0,11,0,0,0,0,0,0,720,0
187,4902002898,Authentication,166,34,-28,920,0,11,0,0,1,0,0,0,720,0
188,4902008891,Authentication,166,34,-29,920,0,11,0,0,1,0,0,0,720,0
189,4902014569,Authentication,166,34,-29,920,0,11,0,0,1,0,0,0,720,0
190,4902047836,S1G Beacon,61,34,-29,920,3,1,,,,,,,0,0
191,4902236700,Authentication,166,34,-54,920,0,11,0,0,0,0,0,0,0,0
192,4902247110,Authentication,166,34,-29,920,0,11,0,0,0,0,0,0,720,0
193,4902253104,Authentication,166,34,-29,920,0,11,0,0,1,0,0,0,720,0
194,4902259096,Authentication,166,34,-28,920,0,11,0,0,1,0,0,0,720,0
195,4902264931,Authentication,166,34,-27,920,0,11,0,0,1,0,0,0,720,0
196,4902484507,Authentication,166,34,-54,920,0,11,0,0,0,0,0,0,0,0
197,4902497102,Authentication,166,34,-29,920,0,11,0,0,0,0,0,0,720,0
198,4902503095,Authentication,166,34,-29,920,0,11,0,0,1,0,0,0,720,0
199,4902508928,Authentication,166,34,-30,920,0,11,0,0,1,0,0,0,720,0
200,4902514869,Authentication,166,34,-28,920,0,11,0,0,1,0,0,0,720,0
201,4902739483,Authentication,166,34,-54,920,0,11,0,0,0,0,0,0,0,0
202,4902867035,S1G Beacon,129,34,-31,920,3,1,,,,,,,0,0
203,4903001624,Authentication,166,34,-55,920,0,11,0,0,0,0,0,0,0,0
204,4903017077,Authentication,166,34,-30,920,0,11,0,0,0,0,0,0,720,0
205,4903022809,Authentication,166,34,-29,920,0,11,0,0,1,0,0,0,720,0
206,4903028801,Authentication,166,34,-29,920,0,11,0,0,1,0,0,0,720,0
207,4903034795,Authentication,166,34,-28,920,0,11,0,0,1,0,0,0,720,0
208,4903256596,Authentication,166,34,-54,920,0,11,0,0,0,0,0,0,0,0
209,4903267108,Authentication,166,34,-29,920,0,11,0,0,0,0,0,0,720,0
210,4903272942,Authentication,166,34,-30,920,0,11,0,0,1,0,0,0,720,0
211,4903278621,Authentication,166,34,-28,920,0,11,0,0,1,0,0,0,720,0
212,4903284560,Authentication,166,34,-30,920,0,11,0,0,1,0,0,0,720,0
213,4903481210,QoS Data,148,34,-30,920,2,8,1,0,0,0,0,1,720,0
215,4903483729,QoS Data,148,34,-33,920,2,8,0,0,0,0,0,1,720,0
217,4903490667,QoS Data,131,34,-19,920,2,8,1,0,0,0,0,1,720,0
219,4903496218,QoS Data,131,34,-33,920,2,8,0,0,1,0,0,1,720,0
221,4903647330,RTS,54,34,-22,920,1,11,,,,0,0,0,2416,0
224,4903651497,QoS Data,128,34,-33,920,2,8,0,0,0,0,0,1,720,0
226,4903686240,S1G Beacon,61,34,-30,920,3,1,,,,,,,0,0
227,4903752714,Data,378,34,-29,920,2,0,0,0,0,0,0,1,0,0
228,4903856386,Data,387,34,-29,920,2,0,0,0,0,0,0,1,0,0
229,4903960350,Data,450,34,-29,920,2,0,0,0,0,0,0,1,0,0
230,4904017426,Authentication,166,34,-55,920,0,11,0,0,0,0,0,0,0,0
231,4904027106,Authentication,166,34,-29,920,0,11,0,0,0,0,0,0,720,0
232,4904032889,Authentication,166,34,-28,920,0,11,0,0,1,0,0,0,720,0
233,4904038620,Authentication,166,34,-29,920,0,11,0,0,1,0,0,0,720,0
234,4904044457,Authentication,166,34,-28,920,0,11,0,0,1,0,0,0,720,0
235,4904064489,Data,442,34,-30,920,2,0,0,0,0,0,0,1,0,0
236,4904168684,Data,387,34,-28,920,2,0,0,0,0,0,0,1,0,0
237,4904261135,Authentication,166,34,-54,920,0,11,0,0,0,0,0,0,0,0
238,4904277318,Authentication,166,34,-29,920,0,11,0,0,0,0,0,0,720,0
239,4904283623,Data,426,34,-29,920,2,0,0,0,0,0,0,1,0,0
240,4904295129,Authentication,166,34,-28,920,0,11,0,0,1,0,0,0,720,0
241,4904300967,Authentication,166,34,-28,920,0,11,0,0,1,0,0,0,720,0
242,4904306646,Authentication,166,34,-29,920,0,11,0,0,1,0,0,0,720,0
243,4904376547,Data,458,34,-30,920,2,0,0,0,0,0,0,1,0,0
244,4904480519,Data,387,34,-29,920,2,0,0,0,0,0,0,1,0,0
245,4904505441,S1G Beacon,129,34,-28,920,3,1,,,,,,,0,0
246,4904516108,Authentication,166,34,-54,920,0,11,0,0,0,0,0,0,0,0
247,4904527090,Authentication,166,34,-29,920,0,11,0,0,0,0,0,0,720,0
248,4904533081,Authentication,166,34,-29,920,0,11,0,0,1,0,0,0,720,0
249,4904538967,Authentication,166,34,-30,920,0,11,0,0,1,0,0,0,720,0
250,4904544804,Authentication,166,34,-28,920,0,11,0,0,1,0,0,0,720,0
251,4904584438,Data,446,34,-28,920,2,0,0,0,0,0,0,1,0,0
252,4904689340,Data,440,34,-30,920,2,0,0,0,0,0,0,1,0,0
253,4904771084,Authentication,166,34,-54,920,0,11,0,0,0,0,0,0,0,0
254,4904792573,Data,387,34,-30,920,2,0,0,0,0,0,0,1,0,0
255,4904896380,Data,442,34,-28,920,2,0,0,0,0,0,0,1,0,0
256,4904976450,Data,287,34,-30,920,2,0,0,0,0,0,0,1,0,0
257,4905000463,Data,452,34,-30,920,2,0,0,0,0,0,0,1,0,0
258,4905033227,Authentication,166,34,-54,920,0,11,0,0,0,0,0,0,0,0
259,4905280007,Authentication,166,34,-55,920,0,11,0,0,0,0,0,0,0,0
260,4905324648,S1G Beacon,61,34,-29,920,3,1,,,,,,,0,0
261,4905529863,Authentication,166,34,-54,920,0,11,0,0,0,0,0,0,0,0
262,4905547033,Authentication,166,34,-29,920,0,11,0,0,0,0,0,0,720,0
263,4905552973,Authentication,166,34,-28,920,0,11,0,0,1,0,0,0,720,0
264,4905558810,Authentication,166,34,-28,920,0,11,0,0,1,0,0,0,720,0
265,4905564540,Authentication,166,34,-29,920,0,11,0,0,1,0,0,0,720,0
266,4905786885,Authentication,166,34,-54,920,0,11,0,0,0,0,0,0,0,0
267,4905795993,Authentication,166,34,-28,920,0,11,0,0,0,0,0,0,720,0
268,4905801671,Authentication,166,34,-28,920,0,11,0,0,1,0,0,0,720,0
269,4905807453,Authentication,166,34,-30,920,0,11,0,0,1,0,0,0,720,0
270,4905813342,Authentication,166,34,-28,920,0,11,0,0,1,0,0,0,720,0
271,4906049027,Authentication,166,34,-54,920,0,11,0,0,0,0,0,0,0,0
272,4906067029,Authentication,166,34,-28,920,0,11,0,0,0,0,0,0,720,0
273,4906072969,Authentication,166,34,-29,920,0,11,0,0,1,0,0,0,720,0
274,4906078959,Authentication,166,34,-30,920,0,11,0,0,1,0,0,0,720,0
275,4906084744,Authentication,166,34,-29,920,0,11,0,0,1,0,0,0,720,0
276,4906143849,S1G Beacon,129,34,-28,920,3,1,,,,,,,0,0
277,4906295808,Authentication,166,34,-54,920,0,11,0,0,0,0,0,0,0,0
278,4906307152,Authentication,166,34,-29,920,0,11,0,0,0,0,0,0,720,0
279,4906312986,Authentication,166,34,-29,920,0,11,0,0,1,0,0,0,720,0
280,4906318718,Authentication,166,34,-28,920,0,11,0,0,1,0,0,0,720,0
281,4906324658,Authentication,166,34,-30,920,0,11,0,0,1,0,0,0,720,0
282,4906549759,Authentication,166,34,-54,920,0,11,0,0,0,0,0,0,0,0
283,4906567031,Authentication,166,34,-30,920,0,11,0,0,0,0,0,0,720,0
284,4906573074,Authentication,166,34,-28,920,0,11,0,0,1,0,0,0,720,0
285,4906579015,Authentication,166,34,-28,920,0,11,0,0,1,0,0,0,720,0
286,4906584693,Authentication,166,34,-30,920,0,11,0,0,1,0,0,0,720,0
287,4906802686,Authentication,166,34,-55,920,0,11,0,0,0,0,0,0,0,0
288,4906817098,Authentication,166,34,-29,920,0,11,0,0,0,0,0,0,720,0
289,4906823091,Authentication,166,34,-30,920,0,11,0,0,1,0,0,0,720,0
290,4906829032,Authentication,166,34,-29,920,0,11,0,0,1,0,0,0,720,0
291,4906834920,Authentication,166,34,-30,920,0,11,0,0,1,0,0,0,720,0
292,4906963052,S1G Beacon,61,34,-29,920,3,1,,,,,,,0,0
293,4907064829,Authentication,166,34,-54,920,0,11,0,0,0,0,0,0,0,0
294,4907074043,Authentication,166,34,-28,920,0,11,0,0,0,0,0,0,720,0
295,4907080086,Authentication,166,34,-28,920,0,11,0,0,1,0,0,0,720,0
296,4907086025,Authentication,166,34,-28,920,0,11,0,0,1,0,0,0,720,0
297,4907091706,Authentication,166,34,-28,920,0,11,0,0,1,0,0,0,720,0
298,4907326971,Authentication,166,34,-55,920,0,11,0,0,0,0,0,0,0,0
299,4907560441,Authentication,166,34,-54,920,0,11,0,0,0,0,0,0,0,0
300,4907577247,Authentication,166,34,-29,920,0,11,0,0,0,0,0,0,720,0
301,4907583082,Authentication,166,34,-29,920,0,11,0,0,1,0,0,0,720,0
302,4907588972,Authentication,166,34,-28,920,0,11,0,0,1,0,0,0,720,0
303,4907594962,Authentication,166,34,-28,920,0,11,0,0,1,0,0,0,720,0
304,4907782255,S1G Beacon,129,34,-28,920,3,1,,,,,,,0,0
305,4907818487,Authentication,166,34,-54,920,0,11,0,0,0,0,0,0,0,0
306,4907827078,Authentication,166,34,-28,920,0,11,0,0,0,0,0,0,720,0
307,4907832967,Authentication,166,34,-28,920,0,11,0,0,1,0,0,0,720,0
308,4907838750,Authentication,166,34,-30,920,0,11,0,0,1,0,0,0,720,0
309,4907844586,Authentication,166,34,-28,920,0,11,0,0,1,0,0,0,720,0
310,4908000494,Data,287,34,-29,920,2,0,0,0,0,0,0,1,0,0
311,4908080630,Authentication,166,34,-54,920,0,11,0,0,0,0,0,0,0,0
312,4908327410,Authentication,166,34,-55,920,0,11,0,0,0,0,0,0,0,0
313,4908337041,Authentication,166,34,-29,920,0,11,0,0,0,0,0,0,720,0
314,4908343085,Authentication,166,34,-29,920,0,11,0,0,1,0,0,0,720,0
315,4908348867,Authentication,166,34,-29,920,0,11,0,0,1,0,0,0,720,0
316,4908354808,Authentication,166,34,-28,920,0,11,0,0,1,0,0,0,720,0
317,4908504928,RTS,54,34,-23,920,1,11,,,,0,0,0,2452,0
319,4908506558,QoS Data,148,34,-30,920,2,8,1,0,1,0,0,1,720,0
321,4908509389,QoS Data,148,34,-32,920,2,8,0,0,0,0,0,1,720,0
323,4908516224,QoS Data,131,34,-20,920,2,8,1,0,0,0,0,1,720,0
325,4908518810,QoS Data,131,34,-31,920,2,8,0,0,0,0,0,1,720,0
327,4908575218,Authentication,166,34,-55,920,0,11,0,0,0,0,0,0,0,0
328,4908587085,Authentication,166,34,-28,920,0,11,0,0,0,0,0,0,720,0
329,4908592817,Authentication,166,34,-28,920,0,11,0,0,1,0,0,0,720,0
330,4908601462,S1G Beacon,61,34,-28,920,3,1,,,,,,,0,0
331,4908603248,Authentication,166,34,-29,920,0,11,0,0,1,0,0,0,720,0
332,4908609293,Authentication,166,34,-30,920,0,11,0,0,1,0,0,0,720,0
333,4908643771,QoS Data,128,34,-29,920,2,8,1,0,0,0,0,1,720,0
335,4908646098,QoS Data,128,34,-33,920,2,8,0,0,0,0,0,1,720,0
337,4908834288,Authentication,166,34,-54,920,0,11,0,0,0,0,0,0,0,0
338,4908847089,Authentication,166,34,-28,920,0,11,0,0,0,0,0,0,720,0
339,4908853131,Authentication,166,34,-28,920,0,11,0,0,1,0,0,0,720,0
340,4908858914,Authentication,166,34,-28,920,0,11,0,0,1,0,0,0,720,0
341,4908864907,Authentication,166,34,-30,920,0,11,0,0,1,0,0,0,720,0
342,4909096431,Authentication,166,34,-54,920,0,11,0,0,0,0,0,0,0,0
343,4909107099,Authentication,166,34,-30,920,0,11,0,0,0,0,0,0,720,0
344,4909113038,Authentication,166,34,-30,920,0,11,0,0,1,0,0,0,720,0
345,4909119082,Authentication,166,34,-28,920,0,11,0,0,1,0,0,0,720,0
346,4909124866,Authentication,166,34,-29,920,0,11,0,0,1,0,0,0,720,0
347,4909333996,Authentication,166,34,-55,920,0,11,0,0,0,0,0,0,0,0
348,4909347059,Authentication,166,34,-29,920,0,11,0,0,0,0,0,0,720,0
349,4909353104,Authentication,166,34,-29,920,0,11,0,0,1,0,0,0,720,0
350,4909358939,Authentication,166,34,-29,920,0,11,0,0,1,0,0,0,720,0
351,4909364617,Authentication,166,34,-28,920,0,11,0,0,1,0,0,0,720,0
352,4909420663,S1G Beacon,129,34,-30,920,3,1,,,,,,,0,0
353,4909587947,Authentication,166,34,-55,920,0,11,0,0,0,0,0,0,0,0
354,4909597058,Authentication,166,34,-29,920,0,11,0,0,0,0,0,0,720,0
355,4909602995,Authentication,166,34,-29,920,0,11,0,0,1,0,0,0,720,0
356,4909608884,Authentication,166,34,-29,920,0,11,0,0,1,0,0,0,720,0
357,4909614563,Authentication,166,34,-29,920,0,11,0,0,1,0,0,0,720,0
358,4909667719,Disassociation,64,34,-28,920,0,10,0,0,0,0,0,0,720,0
359,4909670836,Disassociation,64,34,-30,920,0,10,0,0,1,0,0,0,720,0
360,4909673793,Disassociation,64,34,-29,920,0,10,0,0,1,0,0,0,720,0
361,4909676911,Disassociation,64,34,-30,920,0,10,0,0,1,0,0,0,720,0
362,4909850089,Authentication,166,34,-54,920,0,11,0,0,0,0,0,0,0,0
363,4909859875,Authentication,166,34,-29,920,0,11,0,0,0,0,0,0,720,0
364,4909865813,Authentication,166,34,-29,920,0,11,0,0,1,0,0,0,720,0
365,4909871703,Authentication,166,34,-28,920,0,11,0,0,1,0,0,0,720,0
366,4909877693,Authentication,166,34,-29,920,0,11,0,0,1,0,0,0,720,0
367,4910112231,Authentication,166,34,-54,920,0,11,0,0,0,0,0,0,0,0
368,4910127114,Authentication,166,34,-29,920,0,11,0,0,0,0,0,0,720,0
369,4910132895,Authentication,166,34,-29,920,0,11,0,0,1,0,0,0,720,0
370,4910138938,Authentication,166,34,-30,920,0,11,0,0,1,0,0,0,720,0
371,4910144980,Authentication,166,34,-29,920,0,11,0,0,1,0,0,0,720,0
372,4910239867,S1G Beacon,61,34,-30,920,3,1,,,,,,,0,0
373,4910353892,Authentication,166,34,-54,920,0,11,0,0,0,0,0,0,0,0
374,4910363156,Authentication,166,34,-28,920,0,11,0,0,0,0,0,0,720,0
375,4910369043,Authentication,166,34,-30,920,0,11,0,0,1,0,0,0,720,0
376,4910374877,Authentication,166,34,-29,920,0,11,0,0,1,0,0,0,720,0
377,4910380611,Authentication,166,34,-29,920,0,11,0,0,1,0,0,0,720,0
378,4910603748,Authentication,166,34,-54,920,0,11,0,0,0,0,0,0,0,0
379,4910617070,Authentication,166,34,-29,920,0,11,0,0,0,0,0,0,720,0
380,4910623111,Authentication,166,34,-29,920,0,11,0,0,1,0,0,0,720,0
381,4910628999,Authentication,166,34,-29,920,0,11,0,0,1,0,0,0,720,0
382,4910634782,Authentication,166,34,-30,920,0,11,0,0,1,0,0,0,720,0
383,4910865891,Authentication,166,34,-53,920,0,11,0,0,0,0,0,0,0,0
384,4910875782,Authentication,166,34,-30,920,0,11,0,0,0,0,0,0,720,0
385,4910881667,Authentication,166,34,-30,920,0,11,0,0,1,0,0,0,720,0
386,4910887556,Authentication,166,34,-30,920,0,11,0,0,1,0,0,0,720,0
387,4910893237,Authentication,166,34,-29,920,0,11,0,0,1,0,0,0,720,0
388,4911024496,Data,287,34,-31,920,2,0,0,0,0,0,0,1,0,0
389,4911059071,S1G Beacon,129,34,-31,920,3,1,,,,,,,0,0
390,4911128033,Authentication,166,34,-53,920,0,11,0,0,0,0,0,0,0,0
391,4911137039,Authentication,166,34,-30,920,0,11,0,0,0,0,0,0,720,0
392,4911143084,Authentication,166,34,-29,920,0,11,0,0,1,0,0,0,720,0
393,4911149077,Authentication,166,34,-30,920,0,11,0,0,1,0,0,0,720,0
394,4911155120,Authentication,166,34,-29,920,0,11,0,0,1,0,0,0,720,0
395,4911365598,Authentication,166,34,-53,920,0,11,0,0,0,0,0,0,0,0
396,4911377046,Authentication,166,34,-30,920,0,11,0,0,0,0,0,0,720,0
397,4911382986,Authentication,166,34,-29,920,0,11,0,0,1,0,0,0,720,0
398,4911388821,Authentication,166,34,-29,920,0,11,0,0,1,0,0,0,720,0
399,4911394865,Authentication,166,34,-29,920,0,11,0,0,1,0,0,0,720,0
400,4911619549,Authentication,166,34,-53,920,0,11,0,0,0,0,0,0,0,0
401,4911636978,Authentication,166,34,-30,920,0,11,0,0,0,0,0,0,720,0
402,4911642918,Authentication,166,34,-30,920,0,11,0,0,1,0,0,0,720,0
403,4911648962,Authentication,166,34,-28,920,0,11,0,0,1,0,0,0,720,0
404,4911654746,Authentication,166,34,-29,920,0,11,0,0,1,0,0,0,720,0
405,4911878275,S1G Beacon,61,34,-31,920,3,1,,,,,,,0,0
406,4911881691,Authentication,166,34,-54,920,0,11,0,0,0,0,0,0,0,0
407,4911897039,Authentication,166,34,-30,920,0,11,0,0,0,0,0,0,720,0
408,4911902877,Authentication,166,34,-32,920,0,11,0,0,1,0,0,0,720,0
409,4911908608,Authentication,166,34,-30,920,0,11,0,0,1,0,0,0,720,0
410,4911914392,Authentication,166,34,-30,920,0,11,0,0,1,0,0,0,720,0
411,4912143834,Authentication,166,34,-53,920,0,11,0,0,0,0,0,0,0,0
412,4912157053,Authentication,166,34,-30,920,0,11,0,0,0,0,0,0,720,0
413,4912162940,Authentication,166,34,-29,920,0,11,0,0,1,0,0,0,720,0
414,4912168775,Authentication,166,34,-31,920,0,11,0,0,1,0,0,0,720,0
415,4912174820,Authentication,166,34,-31,920,0,11,0,0,1,0,0,0,720,0
416,4912383446,Authentication,166,34,-53,920,0,11,0,0,0,0,0,0,0,0
417,4912397081,Authentication,166,34,-29,920,0,11,0,0,0,0,0,0,720,0
418,4912402762,Authentication,166,34,-28,920,0,11,0,0,1,0,0,0,720,0
419,4912408496,Authentication,166,34,-31,920,0,11,0,0,1,0,0,0,720,0
420,4912414540,Authentication,166,34,-29,920,0,11,0,0,1,0,0,0,720,0
421,4912635350,Authentication,166,34,-54,920,0,11,0,0,0,0,0,0,0,0
422,4912647059,Authentication,166,34,-30,920,0,11,0,0,0,0,0,0,720,0
423,4912653050,Authentication,166,34,-30,920,0,11,0,0,1,0,0,0,720,0
424,4912659041,Authentication,166,34,-30,920,0,11,0,0,1,0,0,0,720,0
425,4912664719,Authentication,166,34,-30,920,0,11,0,0,1,0,0,0,720,0
426,4912697476,S1G Beacon,129,34,-29,920,3,1,,,,,,,0,0
427,4912897492,Authentication,166,34,-55,920,0,11,0,0,0,0,0,0,0,0
428,4912907071,Authentication,166,34,-30,920,0,11,0,0,0,0,0,0,720,0
429,4912912907,Authentication,166,34,-30,920,0,11,0,0,1,0,0,0,720,0
430,4912918690,Authentication,166,34,-30,920,0,11,0,0,1,0,0,0,720,0
431,4912924631,Authentication,166,34,-30,920,0,11,0,0,1,0,0,0,720,0
432,4913141713,Authentication,166,34,-53,920,0,11,0,0,0,0,0,0,0,0
433,4913157062,Authentication,166,34,-29,920,0,11,0,0,0,0,0,0,720,0
434,4913162846,Authentication,166,34,-29,920,0,11,0,0,1,0,0,0,720,0
435,4913168627,Authentication,166,34,-30,920,0,11,0,0,1,0,0,0,720,0
436,4913174360,Authentication,166,34,-29,920,0,11,0,0,1,0,0,0,720,0
437,4913395152,Authentication,166,34,-54,920,0,11,0,0,0,0,0,0,0,0
438,4913407278,Authentication,166,34,-29,920,0,11,0,0,0,0,0,0,720,0
439,4913413164,Authentication,166,34,-29,920,0,11,0,0,1,0,0,0,720,0
440,4913418948,Authentication,166,34,-29,920,0,11,0,0,1,0,0,0,720,0
441,4913424837,Authentication,166,34,-28,920,0,11,0,0,1,0,0,0,720,0
442,4913516680,S1G Beacon,61,34,-31,920,3,1,,,,,,,0,0
443,4913531205,QoS Data,149,34,-30,920,2,8,1,0,0,0,0,1,720,0
445,4913533724,QoS Data,149,34,-35,920,2,8,0,0,0,0,0,1,720,0
447,4913541025,QoS Data,131,34,-21,920,2,8,1,0,0,0,0,1,720,0
449,4913543716,QoS Data,131,34,-33,920,2,8,0,0,0,0,0,1,720,0
451,4913643660,QoS Data,128,34,-30,920,2,8,1,0,0,0,0,1,720,0
453,4913645935,QoS Data,128,34,-33,920,2,8,0,0,0,0,0,1,720,0
455,4913651151,Authentication,166,34,-55,920,0,11,0,0,0,0,0,0,0,0
456,4913667022,Authentication,166,34,-29,920,0,11,0,0,0,0,0,0,720,0
457,4913672858,Authentication,166,34,-29,920,0,11,0,0,1,0,0,0,720,0
458,4913678695,Authentication,166,34,-29,920,0,11,0,0,1,0,0,0,720,0
459,4913684633,Authentication,166,34,-31,920,0,11,0,0,1,0,0,0,720,0
460,4913913294,Authentication,166,34,-53,920,0,11,0,0,0,0,0,0,0,0
461,4913928434,Authentication,166,34,-28,920,0,11,0,0,0,0,0,0,720,0
462,4913934426,Authentication,166,34,-29,920,0,11,0,0,1,0,0,0,720,0
463,4913940417,Authentication,166,34,-29,920,0,11,0,0,1,0,0,0,720,0
464,4913946408,Authentication,166,34,-28,920,0,11,0,0,1,0,0,0,720,0
465,4914048496,Data,287,34,-29,920,2,0,0,0,0,0,0,1,0,0
466,4914175435,Authentication,166,34,-53,920,0,11,0,0,0,0,0,0,0,0
467,4914187040,Authentication,166,34,-29,920,0,11,0,0,0,0,0,0,720,0
468,4914192824,Authentication,166,34,-29,920,0,11,0,0,1,0,0,0,720,0
469,4914198764,Authentication,166,34,-29,920,0,11,0,0,1,0,0,0,720,0
470,4914204495,Authentication,166,34,-30,920,0,11,0,0,1,0,0,0,720,0
471,4914335882,S1G Beacon,129,34,-29,920,3,1,,,,,,,0,0
472,4914413001,Authentication,166,34,-53,920,0,11,0,0,0,0,0,0,0,0
473,4914427049,Authentication,166,34,-28,920,0,11,0,0,0,0,0,0,720,0
474,4914432782,Authentication,166,34,-29,920,0,11,0,0,1,0,0,0,720,0
475,4914438669,Authentication,166,34,-28,920,0,11,0,0,1,0,0,0,720,0
476,4914444452,Authentication,166,34,-29,920,0,11,0,0,1,0,0,0,720,0
477,4914666952,Authentication,166,34,-53,920,0,11,0,0,0,0,0,0,0,0
478,4914676998,Authentication,166,34,-31,920,0,11,0,0,0,0,0,0,720,0
479,4914682779,Authentication,166,34,-29,920,0,11,0,0,1,0,0,0,720,0
480,4914688773,Authentication,166,34,-29,920,0,11,0,0,1,0,0,0,720,0
481,4914694452,Authentication,166,34,-29,920,0,11,0,0,1,0,0,0,720,0
482,4914929094,Authentication,166,34,-54,920,0,11,0,0,0,0,0,0,0,0
483,4914938101,Authentication,166,34,-30,920,0,11,0,0,0,0,0,0,720,0
484,4914943989,Authentication,166,34,-30,920,0,11,0,0,1,0,0,0,720,0
485,4914949772,Authentication,166,34,-29,920,0,11,0,0,1,0,0,0,720,0
486,4914955605,Authentication,166,34,-30,920,0,11,0,0,1,0,0,0,720,0
487,4915155086,S1G Beacon,61,34,-29,920,3,1,,,,,,,0,0
488,4915182017,Authentication,166,34,-54,920,0,11,0,0,0,0,0,0,0,0
489,4915197004,Authentication,166,34,-29,920,0,11,0,0,0,0,0,0,720,0
490,4915202994,Authentication,166,34,-30,920,0,11,0,0,1,0,0,0,720,0
491,4915208984,Authentication,166,34,-28,920,0,11,0,0,1,0,0,0,720,0
492,4915214766,Authentication,166,34,-30,920,0,11,0,0,1,0,0,0,720,0
493,4915432897,Authentication,166,34,-53,920,0,11,0,0,0,0,0,0,0,0
494,4915440500,Authentication,166,34,-30,920,0,11,0,0,0,0,0,0,720,0
495,4915446282,Authentication,166,34,-29,920,0,11,0,0,1,0,0,0,720,0
496,4915452066,Authentication,166,34,-29,920,0,11,0,0,1,0,0,0,720,0
497,4915457799,Authentication,166,34,-28,920,0,11,0,0,1,0,0,0,720,0
498,4915682753,Authentication,166,34,-55,920,0,11,0,0,0,0,0,0,0,0
499,4915697010,Authentication,166,34,-29,920,0,11,0,0,0,0,0,0,720,0
500,4915702688,Authentication,166,34,-30,920,0,11,0,0,1,0,0,0,720,0
501,4915708523,Authentication,166,34,-30,920,0,11,0,0,1,0,0,0,720,0
502,4915714462,Authentication,166,34,-29,920,0,11,0,0,1,0,0,0,720,0
503,4915944895,Authentication,166,34,-54,920,0,11,0,0,0,0,0,0,0,0
504,4915957020,Authentication,166,34,-30,920,0,11,0,0,0,0,0,0,720,0
505,4915962753,Authentication,166,34,-33,920,0,11,0,0,1,0,0,0,720,0
506,4915968538,Authentication,166,34,-29,920,0,11,0,0,1,0,0,0,720,0
507,4915974288,S1G Beacon,129,34,-30,920,3,1,,,,,,,0,0
508,4915978032,Authentication,166,34,-28,920,0,11,0,0,1,0,0,0,720,0
509,4916206521,Authentication,166,34,-54,920,0,11,0,0,0,0,0,0,0,0
510,4916217297,Authentication,166,34,-30,920,0,11,0,0,0,0,0,0,720,0
511,4916223082,Authentication,166,34,-30,920,0,11,0,0,1,0,0,0,720,0
512,4916228763,Authentication,166,34,-30,920,0,11,0,0,1,0,0,0,720,0
513,4916234600,Authentication,166,34,-29,920,0,11,0,0,1,0,0,0,720,0
514,4916440507,Authentication,166,34,-53,920,0,11,0,0,0,0,0,0,0,0
515,4916793493,S1G Beacon,61,34,-30,920,3,1,,,,,,,0,0
516,4916960695,Authentication,166,34,-54,920,0,11,0,0,0,0,0,0,0,0
517,4916976982,Authentication,166,34,-29,920,0,11,0,0,0,0,0,0,720,0
518,4916982920,Authentication,166,34,-29,920,0,11,0,0,1,0,0,0,720,0
519,4916988651,Authentication,166,34,-30,920,0,11,0,0,1,0,0,0,720,0
520,4916994489,Authentication,166,34,-30,920,0,11,0,0,1,0,0,0,720,0
521,4917074319,Data,287,34,-29,920,2,0,0,0,0,0,0,1,0,0
522,4917204404,Authentication,166,34,-54,920,0,11,0,0,0,0,0,0,0,0
523,4917217049,Authentication,166,34,-30,920,0,11,0,0,0,0,0,0,720,0
524,4917222936,Authentication,166,34,-30,920,0,11,0,0,1,0,0,0,720,0
525,4917228720,Authentication,166,34,-28,920,0,11,0,0,1,0,0,0,720,0
526,4917234554,Authentication,166,34,-29,920,0,11,0,0,1,0,0,0,720,0
527,4917452213,Authentication,166,34,-53,920,0,11,0,0,0,0,0,0,0,0
528,4917467041,Authentication,166,34,-30,920,0,11,0,0,0,0,0,0,720,0
529,4917473083,Authentication,166,34,-30,920,0,11,0,0,1,0,0,0,720,0
530,4917478816,Authentication,166,34,-29,920,0,11,0,0,1,0,0,0,720,0
531,4917484496,Authentication,166,34,-30,920,0,11,0,0,1,0,0,0,720,0
532,4917612697,S1G Beacon,129,34,-29,920,3,1,,,,,,,0,0
533,4917714355,Authentication,166,34,-54,920,0,11,0,0,0,0,0,0,0,0
534,4917727001,Authentication,166,34,-28,920,0,11,0,0,0,0,0,0,720,0
535,4917732784,Authentication,166,34,-28,920,0,11,0,0,1,0,0,0,720,0
536,4917738774,Authentication,166,34,-28,920,0,11,0,0,1,0,0,0,720,0
537,4917744505,Authentication,166,34,-29,920,0,11,0,0,1,0,0,0,720,0
538,4917976497,Authentication,166,34,-55,920,0,11,0,0,0,0,0,0,0,0
539,4917987011,Authentication,166,34,-31,920,0,11,0,0,0,0,0,0,720,0
540,4917992949,Authentication,166,34,-30,920,0,11,0,0,1,0,0,0,720,0
541,4917998627,Authentication,166,34,-28,920,0,11,0,0,1,0,0,0,720,0
542,4918004463,Authentication,166,34,-29,920,0,11,0,0,1,0,0,0,720,0
543,4918220205,Authentication,166,34,-54,920,0,11,0,0,0,0,0,0,0,0
544,4918236960,Authentication,166,34,-28,920,0,11,0,0,0,0,0,0,720,0
545,4918242898,Authentication,166,34,-31,920,0,11,0,0,1,0,0,0,720,0
546,4918248838,Authentication,166,34,-30,920,0,11,0,0,1,0,0,0,720,0
547,4918254622,Authentication,166,34,-29,920,0,11,0,0,1,0,0,0,720,0
548,4918431898,S1G Beacon,61,34,-31,920,3,1,,,,,,,0,0
549,4918468014,Authentication,166,34,-54,920,0,11,0,0,0,0,0,0,0,0
550,4918477022,Authentication,166,34,-30,920,0,11,0,0,0,0,0,0,720,0
551,4918483013,Authentication,166,34,-30,920,0,11,0,0,1,0,0,0,720,0
552,4918488900,Authentication,166,34,-30,920,0,11,0,0,1,0,0,0,720,0
553,4918494632,Authentication,166,34,-29,920,0,11,0,0,1,0,0,0,720,0
554,4918550428,QoS Data,148,34,-31,920,2,8,1,0,0,0,0,1,720,0
556,4918553208,QoS Data,148,34,-33,920,2,8,0,0,0,0,0,1,720,0
558,4918559886,QoS Data,131,34,-19,920,2,8,1,0,0,0,0,1,720,0
560,4918562266,QoS Data,131,34,-34,920,2,8,0,0,0,0,0,1,720,0
563,4918646764,QoS Data,128,34,-34,920,2,8,0,0,0,0,0,1,720,0
565,4918730155,Authentication,166,34,-55,920,0,11,0,0,0,0,0,0,0,0
566,4918746963,Authentication,166,34,-29,920,0,11,0,0,0,0,0,0,720,0
567,4918752643,Authentication,166,34,-28,920,0,11,0,0,1,0,0,0,720,0
568,4918758428,Authentication,166,34,-29,920,0,11,0,0,1,0,0,0,720,0
569,4918764418,Authentication,166,34,-30,920,0,11,0,0,1,0,0,0,720,0
570,4918992298,Authentication,166,34,-55,920,0,11,0,0,0,0,0,0,0,0
571,4919000628,Authentication,166,34,-29,920,0,11,0,0,0,0,0,0,720,0
572,4919006360,Authentication,166,34,-30,920,0,11,0,0,1,0,0,0,720,0
573,4919012196,Authentication,166,34,-29,920,0,11,0,0,1,0,0,0,720,0
574,4919017876,Authentication,166,34,-28,920,0,11,0,0,1,0,0,0,720,0
575,4919233960,Authentication,166,34,-53,920,0,11,0,0,0,0,0,0,0,0
576,4919251101,S1G Beacon,129,34,-28,920,3,1,,,,,,,0,0
577,4919254688,Authentication,166,34,-28,920,0,11,0,0,0,0,0,0,720,0
578,4919260526,Authentication,166,34,-30,920,0,11,0,0,1,0,0,0,720,0
579,4919266571,Authentication,166,34,-30,920,0,11,0,0,1,0,0,0,720,0
580,4919272251,Authentication,166,34,-29,920,0,11,0,0,1,0,0,0,720,0
581,4919483814,Authentication,166,34,-54,920,0,11,0,0,0,0,0,0,0,0
582,4919493183,Authentication,166,34,-29,920,0,11,0,0,0,0,0,0,720,0
583,4919498862,Authentication,166,34,-30,920,0,11,0,0,1,0,0,0,720,0
584,4919504543,Authentication,166,34,-30,920,0,11,0,0,1,0,0,0,720,0
585,4919510483,Authentication,166,34,-28,920,0,11,0,0,1,0,0,0,720,0
586,4919745957,Authentication,166,34,-55,920,0,11,0,0,0,0,0,0,0,0
587,4919757094,Authentication,166,34,-30,920,0,11,0,0,0,0,0,0,720,0
588,4919763136,Authentication,166,34,-29,920,0,11,0,0,1,0,0,0,720,0
589,4919768868,Authentication,166,34,-29,920,0,11,0,0,1,0,0,0,720,0
590,4919774912,Authentication,166,34,-30,920,0,11,0,0,1,0,0,0,720,0
591,4920008099,Authentication,166,34,-55,920,0,11,0,0,0,0,0,0,0,0
592,4920017000,Authentication,166,34,-30,920,0,11,0,0,0,0,0,0,720,0
593,4920022681,Authentication,166,34,-31,920,0,11,0,0,1,0,0,0,720,0
594,4920028518,Authentication,166,34,-30,920,0,11,0,0,1,0,0,0,720,0
595,4920034407,Authentication,166,34,-28,920,0,11,0,0,1,0,0,0,720,0
596,4920070306,S1G Beacon,61,34,-29,920,3,1,,,,,,,0,0
597,4920096535,Data,287,34,-30,920,2,0,0,0,0,0,0,1,0,0
598,4920264093,Authentication,166,34,-54,920,0,11,0,0,0,0,0,0,0,0
599,4920277002,Authentication,166,34,-28,920,0,11,0,0,0,0,0,0,720,0
600,4920282835,Authentication,166,34,-30,920,0,11,0,0,1,0,0,0,720,0
601,4920288619,Authentication,166,34,-30,920,0,11,0,0,1,0,0,0,720,0
602,4920294350,Authentication,166,34,-30,920,0,11,0,0,1,0,0,0,720,0
603,4920511903,Authentication,166,34,-53,920,0,11,0,0,0,0,0,0,0,0
604,4920761758,Authentication,166,34,-54,920,0,11,0,0,0,0,0,0,0,0
605,4920777264,Authentication,166,34,-29,920,0,11,0,0,0,0,0,0,720,0
606,4920782995,Authentication,166,34,-30,920,0,11,0,0,1,0,0,0,720,0
607,4920788728,Authentication,166,34,-29,920,0,11,0,0,1,0,0,0,720,0
608,4920794407,Authentication,166,34,-28,920,0,11,0,0,1,0,0,0,720,0
609,4920889510,S1G Beacon,129,34,-28,920,3,1,,,,,,,0,0
610,4921023900,Authentication,166,34,-54,920,0,11,0,0,0,0,0,0,0,0
611,4921280918,Authentication,166,34,-55,920,0,11,0,0,0,0,0,0,0,0
612,4921297100,Authentication,166,34,-29,920,0,11,0,0,0,0,0,0,720,0
613,4921302833,Authentication,166,34,-30,920,0,11,0,0,1,0,0,0,720,0
614,4921308670,Authentication,166,34,-29,920,0,11,0,0,1,0,0,0,720,0
615,4921314661,Authentication,166,34,-28,920,0,11,0,0,1,0,0,0,720,0
616,4921528727,Authentication,166,34,-54,920,0,11,0,0,0,0,0,0,0,0
617,4921537004,Authentication,166,34,-28,920,0,11,0,0,0,0,0,0,720,0
618,4921543047,Authentication,166,34,-28,920,0,11,0,0,1,0,0,0,720,0
619,4921549037,Authentication,166,34,-28,920,0,11,0,0,1,0,0,0,720,0
620,4921555029,Authentication,166,34,-29,920,0,11,0,0,1,0,0,0,720,0
621,4921708711,S1G Beacon,61,34,-28,920,3,1,,,,,,,0,0
622,4921777559,Authentication,166,34,-54,920,0,11,0,0,0,0,0,0,0,0
623,4921787034,Authentication,166,34,-30,920,0,11,0,0,0,0,0,0,720,0
624,4921792767,Authentication,166,34,-28,920,0,11,0,0,1,0,0,0,720,0
625,4921798603,Authentication,166,34,-29,920,0,11,0,0,1,0,0,0,720,0
626,4921804283,Authentication,166,34,-29,920,0,11,0,0,1,0,0,0,720,0
627,4922039701,Authentication,166,34,-55,920,0,11,0,0,0,0,0,0,0,0
628,4922056924,Authentication,166,34,-28,920,0,11,0,0,0,0,0,0,720,0
629,4922062605,Authentication,166,34,-28,920,0,11,0,0,1,0,0,0,720,0
630,4922068544,Authentication,166,34,-30,920,0,11,0,0,1,0,0,0,720,0
631,4922074225,Authentication,166,34,-29,920,0,11,0,0,1,0,0,0,720,0
632,4922290577,Authentication,166,34,-54,920,0,11,0,0,0,0,0,0,0,0
633,4922527916,S1G Beacon,129,34,-28,920,3,1,,,,,,,0,0
634,4922542480,Authentication,166,34,-54,920,0,11,0,0,0,0,0,0,0,0
635,4922557000,Authentication,166,34,-29,920,0,11,0,0,0,0,0,0,720,0
636,4922562940,Authentication,166,34,-30,920,0,11,0,0,1,0,0,0,720,0
637,4922568673,Authentication,166,34,-28,920,0,11,0,0,1,0,0,0,720,0
638,4922574350,Authentication,166,34,-29,920,0,11,0,0,1,0,0,0,720,0
639,4922793360,Authentication,166,34,-54,920,0,11,0,0,0,0,0,0,0,0
640,4922800596,Authentication,166,34,-28,920,0,11,0,0,0,0,0,0,720,0
641,4922806484,Authentication,166,34,-28,920,0,11,0,0,1,0,0,0,720,0
642,4922812424,Authentication,166,34,-28,920,0,11,0,0,1,0,0,0,720,0
643,4922818157,Authentication,166,34,-29,920,0,11,0,0,1,0,0,0,720,0
644,4923067002,Authentication,166,34,-27,920,0,11,0,0,0,0,0,0,720,0
645,4923073044,Authentication,166,34,-28,920,0,11,0,0,1,0,0,0,720,0
646,4923078726,Authentication,166,34,-28,920,0,11,0,0,1,0,0,0,720,0
647,4923084665,Authentication,166,34,-27,920,0,11,0,0,1,0,0,0,720,0
648,4923120554,Data,287,34,-28,920,2,0,0,0,0,0,0,1,0,0
649,4923317644,Authentication,166,34,-55,920,0,11,0,0,0,0,0,0,0,0
650,4923326961,Authentication,166,34,-29,920,0,11,0,0,0,0,0,0,720,0
651,4923332795,Authentication,166,34,-29,920,0,11,0,0,1,0,0,0,720,0
652,4923338629,Authentication,166,34,-28,920,0,11,0,0,1,0,0,0,720,0
653,4923347117,S1G Beacon,61,34,-28,920,3,1,,,,,,,0,0
654,4923348904,Authentication,166,34,-28,920,0,11,0,0,1,0,0,0,720,0
655,4923549067,Authentication,166,34,-54,920,0,11,0,0,0,0,0,0,0,0
656,4923566912,Authentication,166,34,-28,920,0,11,0,0,0,0,0,0,720,0
657,4923572696,Authentication,166,34,-28,920,0,11,0,0,1,0,0,0,720,0
658,4923578261,QoS Data,148,34,-32,920,2,8,1,0,0,0,0,1,720,0
660,4923580258,Authentication,166,34,-28,920,0,11,0,0,1,0,0,0,720,0
661,4923585990,Authentication,166,34,-27,920,0,11,0,0,1,0,0,0,720,0
662,4923629317,Disassociation,64,34,-29,920,0,10,0,0,0,0,0,0,720,0
663,4923632326,QoS Data,148,34,-34,920,2,8,0,0,0,0,0,1,720,0
664,4923634323,Disassociation,64,34,-26,920,0,10,0,0,1,0,0,0,720,0
665,4923637284,Disassociation,64,34,-28,920,0,10,0,0,1,0,0,0,720,0
666,4923644026,QoS Data,131,34,-20,920,2,8,1,0,1,0,0,1,720,0
668,4923646406,QoS Data,131,34,-32,920,2,8,0,0,0,0,0,1,720,0
670,4923809161,Authentication,166,34,-54,920,0,11,0,0,0,0,0,0,0,0
671,4923820974,Authentication,166,34,-28,920,0,11,0,0,0,0,0,0,720,0
672,4923826758,Authentication,166,34,-27,920,0,11,0,0,1,0,0,0,720,0
673,4923832646,Authentication,166,34,-28,920,0,11,0,0,1,0,0,0,720,0
674,4923838378,Authentication,166,34,-27,920,0,11,0,0,1,0,0,0,720,0
675,4923901345,RTS,54,34,-25,920,1,11,,,,0,0,0,2452,0
677,4923902975,QoS Data,128,34,-30,920,2,8,1,0,1,0,0,1,720,0
679,4923905704,QoS Data,128,34,-32,920,2,8,0,0,0,0,0,1,720,0
681,4924071303,Authentication,166,34,-55,920,0,11,0,0,0,0,0,0,0,0
682,4924080880,Authentication,166,34,-28,920,0,11,0,0,0,0,0,0,720,0
683,4924086925,Authentication,166,34,-28,920,0,11,0,0,1,0,0,0,720,0
684,4924092707,Authentication,166,34,-28,920,0,11,0,0,1,0,0,0,720,0
685,4924098647,Authentication,166,34,-28,920,0,11,0,0,1,0,0,0,720,0
686,4924166320,S1G Beacon,129,34,-28,920,3,1,,,,,,,0,0
687,4924324226,Authentication,166,34,-54,920,0,11,0,0,0,0,0,0,0,0
688,4924562820,Authentication,166,34,-54,920,0,11,0,0,0,0,0,0,0,0
689,4924752777,Data,378,34,-27,920,2,0,0,0,0,0,0,1,0,0
690,4924824962,Authentication,166,34,-55,920,0,11,0,0,0,0,0,0,0,0
691,4924836983,Authentication,166,34,-29,920,0,11,0,0,0,0,0,0,720,0
692,4924842664,Authentication,166,34,-28,920,0,11,0,0,1,0,0,0,720,0
693,4924848396,Authentication,166,34,-29,920,0,11,0,0,1,0,0,0,720,0
694,4924854230,Authentication,166,34,-28,920,0,11,0,0,1,0,0,0,720,0
695,4924860533,Data,387,34,-28,920,2,0,0,0,0,0,0,1,0,0
696,4924960439,Data,450,34,-27,920,2,0,0,0,0,0,0,1,0,0
697,4924985524,S1G Beacon,61,34,-30,920,3,1,,,,,,,0,0
698,4925064585,Data,442,34,-28,920,2,0,0,0,0,0,0,1,0,0
699,4925087104,Authentication,166,34,-54,920,0,11,0,0,0,0,0,0,0,0
700,4925096996,Authentication,166,34,-28,920,0,11,0,0,0,0,0,0,720,0
701,4925102728,Authentication,166,34,-30,920,0,11,0,0,1,0,0,0,720,0
702,4925108565,Authentication,166,34,-28,920,0,11,0,0,1,0,0,0,720,0
703,4925114297,Authentication,166,34,-28,920,0,11,0,0,1,0,0,0,720,0
704,4925168598,Data,387,34,-28,920,2,0,0,0,0,0,0,1,0,0
705,4925272612,Data,426,34,-28,920,2,0,0,0,0,0,0,1,0,0
706,4925325693,Authentication,166,34,-54,920,0,11,0,0,0,0,0,0,0,0
707,4925336987,Authentication,166,34,-28,920,0,11,0,0,0,0,0,0,720,0
708,4925342770,Authentication,166,34,-28,920,0,11,0,0,1,0,0,0,720,0
709,4925348452,Authentication,166,34,-28,920,0,11,0,0,1,0,0,0,720,0
710,4925354130,Authentication,166,34,-29,920,0,11,0,0,1,0,0,0,720,0
711,4925376553,Data,458,34,-28,920,2,0,0,0,0,0,0,1,0,0
712,4925480575,Data,387,34,-43,920,2,0,0,0,0,0,0,1,0,0
713,4925578620,Authentication,166,34,-55,920,0,11,0,0,0,0,0,0,0,0
714,4925587418,Authentication,166,34,-27,920,0,11,0,0,0,0,0,0,720,0
715,4925593721,Data,446,34,-29,920,2,0,0,0,0,0,0,1,0,0
716,4925606103,Authentication,166,34,-28,920,0,11,0,0,1,0,0,0,720,0
717,4925611887,Authentication,166,34,-29,920,0,11,0,0,1,0,0,0,720,0
718,4925617618,Authentication,166,34,-28,920,0,11,0,0,1,0,0,0,720,0
719,4925688767,Data,440,34,-28,920,2,0,0,0,0,0,0,1,0,0
720,4925792621,Data,387,34,-29,920,2,0,0,0,0,0,0,1,0,0
721,4925804728,S1G Beacon,129,34,-29,920,3,1,,,,,,,0,0
722,4925840762,Authentication,166,34,-53,920,0,11,0,0,0,0,0,0,0,0
723,4925856943,Authentication,166,34,-30,920,0,11,0,0,0,0,0,0,720,0
724,4925862778,Authentication,166,34,-30,920,0,11,0,0,1,0,0,0,720,0
725,4925868455,Authentication,166,34,-30,920,0,11,0,0,1,0,0,0,720,0
726,4925874187,Authentication,166,34,-28,920,0,11,0,0,1,0,0,0,720,0
727,4925896508,Data,442,34,-30,920,2,0,0,0,0,0,0,1,0,0
728,4926000601,Data,452,34,-29,920,2,0,0,0,0,0,0,1,0,0
729,4926144468,Data,287,34,-28,920,2,0,0,0,0,0,0,1,0,0
730,4926365047,Authentication,166,34,-55,920,0,11,0,0,0,0,0,0,0,0
731,4926376965,Authentication,166,34,-27,920,0,11,0,0,0,0,0,0,720,0
732,4926382905,Authentication,166,34,-29,920,0,11,0,0,1,0,0,0,720,0
733,4926388689,Authentication,166,34,-27,920,0,11,0,0,1,0,0,0,720,0
734,4926394680,Authentication,166,34,-28,920,0,11,0,0,1,0,0,0,720,0
735,4926623931,S1G Beacon,61,34,-28,920,3,1,,,,,,,0,0
736,4926626161,Authentication,166,34,-55,920,0,11,0,0,0,0,0,0,0,0
737,4926636988,Authentication,166,34,-28,920,0,11,0,0,0,0,0,0,720,0
738,4926642978,Authentication,166,34,-28,920,0,11,0,0,1,0,0,0,720,0
739,4926648866,Authentication,166,34,-30,920,0,11,0,0,1,0,0,0,720,0
740,4926654546,Authentication,166,34,-27,920,0,11,0,0,1,0,0,0,720,0
741,4926865778,Authentication,166,34,-54,920,0,11,0,0,0,0,0,0,0,0
742,4927118706,Authentication,166,34,-53,920,0,11,0,0,0,0,0,0,0,0
743,4927380848,Authentication,166,34,-54,920,0,11,0,0,0,0,0,0,0,0
744,4927443136,S1G Beacon,129,34,-22,920,3,1,,,,,,,0,0
745,4927633771,Authentication,166,34,-55,920,0,11,0,0,0,0,0,0,0,0
746,4927646990,Authentication,166,34,-22,920,0,11,0,0,0,0,0,0,720,0
747,4927652772,Authentication,166,34,-22,920,0,11,0,0,1,0,0,0,720,0
748,4927658454,Authentication,166,34,-21,920,0,11,0,0,1,0,0,0,720,0
749,4927664239,Authentication,166,34,-21,920,0,11,0,0,1,0,0,0,720,0
750,4927879532,Authentication,166,34,-54,920,0,11,0,0,0,0,0,0,0,0
751,4927896911,Authentication,166,34,-30,920,0,11,0,0,0,0,0,0,720,0
752,4927902904,Authentication,166,34,-30,920,0,11,0,0,1,0,0,0,720,0
753,4927908636,Authentication,166,34,-31,920,0,11,0,0,1,0,0,0,720,0
754,4927914470,Authentication,166,34,-30,920,0,11,0,0,1,0,0,0,720,0
755,4928134507,Authentication,166,34,-55,920,0,11,0,0,0,0,0,0,0,0
756,4928262337,S1G Beacon,61,34,-27,920,3,1,,,,,,,0,0
757,4928396649,Authentication,166,34,-58,920,0,11,0,0,0,0,0,0,0,0
758,4928406955,Authentication,166,34,-28,920,0,11,0,0,0,0,0,0,720,0
759,4928412789,Authentication,166,34,-27,920,0,11,0,0,1,0,0,0,720,0
760,4928418523,Authentication,166,34,-27,920,0,11,0,0,1,0,0,0,720,0
761,4928424412,Authentication,166,34,-27,920,0,11,0,0,1,0,0,0,720,0
762,4928659601,RTS,54,34,-23,920,1,11,,,,0,0,0,2524,0
764,4928665226,RTS,54,34,-23,920,1,11,,,,0,0,0,2524,0
766,4928670756,RTS,54,34,-23,920,1,11,,,,0,0,0,2632,0
768,4928675040,RTS,54,34,-23,920,1,11,,,,0,0,0,2632,0
770,4928680264,RTS,54,34,-24,920,1,11,,,,0,0,0,2884,0
772,4928685476,RTS,54,34,-22,920,1,11,,,,0,0,0,2884,0
774,4928801868,QoS Null,64,34,-21,920,2,12,1,0,0,0,0,0,720,0
776,4928898404,Authentication,166,34,-57,920,0,11,0,0,0,0,0,0,0,0
777,4928906943,Authentication,166,34,-22,920,0,11,0,0,0,0,0,0,720,0
778,4928912829,Authentication,166,34,-21,920,0,11,0,0,1,0,0,0,720,0
779,4928918664,Authentication,166,34,-21,920,0,11,0,0,1,0,0,0,720,0
780,4928924447,Authentication,166,34,-23,920,0,11,0,0,1,0,0,0,720,0
781,4929081543,S1G Beacon,129,34,-29,920,3,1,,,,,,,0,0
782,4929150308,Authentication,166,34,-55,920,0,11,0,0,0,0,0,0,0,0
783,4929167010,Authentication,166,34,-23,920,0,11,0,0,0,0,0,0,720,0
784,4929173315,Data,287,34,-24,920,2,0,0,0,0,0,0,1,0,0
785,4929181102,Authentication,166,34,-24,920,0,11,0,0,1,0,0,0,720,0
786,4929186990,Authentication,166,34,-24,920,0,11,0,0,1,0,0,0,720,0
787,4929192982,Authentication,166,34,-24,920,0,11,0,0,1,0,0,0,720,0
788,4929412450,Authentication,166,34,-54,920,0,11,0,0,0,0,0,0,0,0
789,4929426966,Authentication,166,34,-22,920,0,11,0,0,0,0,0,0,720,0
790,4929432905,Authentication,166,34,-23,920,0,11,0,0,1,0,0,0,720,0
791,4929438635,Authentication,166,34,-22,920,0,11,0,0,1,0,0,0,720,0
792,4929444317,Authentication,166,34,-22,920,0,11,0,0,1,0,0,0,720,0
793,4929665373,Authentication,166,34,-55,920,0,11,0,0,0,0,0,0,0,0
794,4929900745,S1G Beacon,61,34,-22,920,3,1,,,,,,,0,0
795,4929903967,Authentication,166,34,-56,920,0,11,0,0,0,0,0,0,0,0
796,4929916977,Authentication,166,34,-22,920,0,11,0,0,0,0,0,0,720,0
797,4929922707,Authentication,166,34,-24,920,0,11,0,0,1,0,0,0,720,0
798,4929928697,Authentication,166,34,-23,920,0,11,0,0,1,0,0,0,720,0
799,4929934584,Authentication,166,34,-22,920,0,11,0,0,1,0,0,0,720,0
800,4930166109,Authentication,166,34,-56,920,0,11,0,0,0,0,0,0,0,0
801,4930176984,Authentication,166,34,-23,920,0,11,0,0,0,0,0,0,720,0
802,4930182717,Authentication,166,34,-24,920,0,11,0,0,1,0,0,0,720,0
803,4930188500,Authentication,166,34,-23,920,0,11,0,0,1,0,0,0,720,0
804,4930194181,Authentication,166,34,-21,920,0,11,0,0,1,0,0,0,720,0
805,4930428250,Authentication,166,34,-55,920,0,11,0,0,0,0,0,0,0,0
806,4930436999,Authentication,166,34,-22,920,0,11,0,0,0,0,0,0,720,0
807,4930443040,Authentication,166,34,-22,920,0,11,0,0,1,0,0,0,720,0
808,4930449031,Authentication,166,34,-22,920,0,11,0,0,1,0,0,0,720,0
809,4930454865,Authentication,166,34,-22,920,0,11,0,0,1,0,0,0,720,0
810,4930719947,S1G Beacon,129,34,-26,920,3,1,,,,,,,0,0
811,4930919767,Authentication,166,34,-58,920,0,11,0,0,0,0,0,0,0,0
812,4930936886,Authentication,166,34,-23,920,0,11,0,0,0,0,0,0,720,0
813,4930942618,Authentication,166,34,-23,920,0,11,0,0,1,0,0,0,720,0
814,4930948455,Authentication,166,34,-22,920,0,11,0,0,1,0,0,0,720,0
815,4930954394,Authentication,166,34,-23,920,0,11,0,0,1,0,0,0,720,0
816,4931142795,QoS Data,148,34,-43,920,2,8,1,0,0,0,0,1,720,0
818,4931181910,Authentication,166,34,-58,920,0,11,0,0,0,0,0,0,0,0
819,4931196949,Authentication,166,34,-22,920,0,11,0,0,0,0,0,0,720,0
820,4931202991,Authentication,166,34,-24,920,0,11,0,0,1,0,0,0,720,0
821,4931208828,Authentication,166,34,-24,920,0,11,0,0,1,0,0,0,720,0
822,4931214613,Authentication,166,34,-22,920,0,11,0,0,1,0,0,0,720,0
823,4931257056,QoS Data,148,34,-30,920,2,8,0,0,0,0,0,1,720,0
825,4931263995,QoS Data,131,34,-23,920,2,8,1,0,0,0,0,1,720,0
827,4931266216,QoS Data,131,34,-30,920,2,8,0,0,0,0,0,1,720,0
829,4931400766,RTS,54,34,-37,920,1,11,,,,0,0,0,2452,0
831,4931406424,RTS,54,34,-38,920,1,11,,,,0,0,0,2452,0
833,4931411409,RTS,54,34,-37,920,1,11,,,,0,0,0,2452,0
835,4931416236,RTS,54,34,-36,920,1,11,,,,0,0,0,2452,0
837,4931420593,RTS,54,34,-36,920,1,11,,,,0,0,0,2560,0
840,4931425000,QoS Data,128,34,-28,920,2,8,0,0,0,0,0,1,720,0
842,4931440977,Authentication,166,34,-56,920,0,11,0,0,0,0,0,0,0,0
843,4931457160,Authentication,166,34,-22,920,0,11,0,0,0,0,0,0,720,0
844,4931462994,Authentication,166,34,-22,920,0,11,0,0,1,0,0,0,720,0
845,4931468984,Authentication,166,34,-22,920,0,11,0,0,1,0,0,0,720,0
846,4931475026,Authentication,166,34,-22,920,0,11,0,0,1,0,0,0,720,0
847,4931539151,S1G Beacon,61,34,-23,920,3,1,,,,,,,0,0
848,4931686225,Authentication,166,34,-59,920,0,11,0,0,0,0,0,0,0,0
849,4931697001,Authentication,166,34,-23,920,0,11,0,0,0,0,0,0,720,0
850,4931702733,Authentication,166,34,-23,920,0,11,0,0,1,0,0,0,720,0
851,4931708673,Authentication,166,34,-22,920,0,11,0,0,1,0,0,0,720,0
852,4931714507,Authentication,166,34,-23,920,0,11,0,0,1,0,0,0,720,0
853,4931935568,Authentication,166,34,-60,920,0,11,0,0,0,0,0,0,0,0
854,4931946968,Authentication,166,34,-22,920,0,11,0,0,0,0,0,0,720,0
855,4931953010,Authentication,166,34,-22,920,0,11,0,0,1,0,0,0,720,0
856,4931958843,Authentication,166,34,-23,920,0,11,0,0,1,0,0,0,720,0
857,4931964576,Authentication,166,34,-22,920,0,11,0,0,1,0,0,0,720,0
858,4932192527,Data,287,34,-22,920,2,0,0,0,0,0,0,1,0,0
859,4932358354,S1G Beacon,129,34,-24,920,3,1,,,,,,,0,0
860,4932459853,Authentication,166,34,-59,920,0,11,0,0,0,0,0,0,0,0
861,4932469794,Authentication,166,34,-24,920,0,11,0,0,0,0,0,0,720,0
862,4932475473,Authentication,166,34,-22,920,0,11,0,0,1,0,0,0,720,0
863,4932481361,Authentication,166,34,-23,920,0,11,0,0,1,0,0,0,720,0
864,4932487039,Authentication,166,34,-22,920,0,11,0,0,1,0,0,0,720,0
865,4932700490,Authentication,166,34,-57,920,0,11,0,0,0,0,0,0,0,0
866,4932716830,Authentication,166,34,-23,920,0,11,0,0,0,0,0,0,720,0
867,4932722770,Authentication,166,34,-23,920,0,11,0,0,1,0,0,0,720,0
868,4932728502,Authentication,166,34,-23,920,0,11,0,0,1,0,0,0,720,0
869,4932734439,Authentication,166,34,-23,920,0,11,0,0,1,0,0,0,720,0
870,4932951369,Authentication,166,34,-56,920,0,11,0,0,0,0,0,0,0,0
871,4932966929,Authentication,166,34,-23,920,0,11,0,0,0,0,0,0,720,0
872,4932972660,Authentication,166,34,-23,920,0,11,0,0,1,0,0,0,720,0
873,4932978496,Authentication,166,34,-23,920,0,11,0,0,1,0,0,0,720,0
874,4932984385,Authentication,166,34,-23,920,0,11,0,0,1,0,0,0,720,0
875,4933177559,S1G Beacon,61,34,-23,920,3,1,,,,,,,0,0
876,4933213512,Authentication,166,34,-57,920,0,11,0,0,0,0,0,0,0,0
877,4933222256,Authentication,166,34,-22,920,0,11,0,0,0,0,0,0,720,0
878,4933228093,Authentication,166,34,-23,920,0,11,0,0,1,0,0,0,720,0
879,4933233930,Authentication,166,34,-24,920,0,11,0,0,1,0,0,0,720,0
880,4933239764,Authentication,166,34,-23,920,0,11,0,0,1,0,0,0,720,0
881,4933475654,Authentication,166,34,-57,920,0,11,0,0,0,0,0,0,0,0
882,4933486946,Authentication,166,34,-25,920,0,11,0,0,0,0,0,0,720,0
883,4933492678,Authentication,166,34,-23,920,0,11,0,0,1,0,0,0,720,0
884,4933498566,Authentication,166,34,-24,920,0,11,0,0,1,0,0,0,720,0
885,4933504403,Authentication,166,34,-24,920,0,11,0,0,1,0,0,0,720,0
887,4933726530,Authentication,166,34,-56,920,0,11,0,0,0,0,0,0,0,0
888,4933736939,Authentication,166,34,-22,920,0,11,0,0,0,0,0,0,720,0
889,4933742878,Authentication,166,34,-22,920,0,11,0,0,1,0,0,0,720,0
890,4933748663,Authentication,166,34,-22,920,0,11,0,0,1,0,0,0,720,0
891,4933754601,Authentication,166,34,-22,920,0,11,0,0,1,0,0,0,720,0
892,4933967171,Authentication,166,34,-55,920,0,11,0,0,0,0,0,0,0,0
893,4933976959,Authentication,166,34,-22,920,0,11,0,0,0,0,0,0,720,0
894,4933982795,Authentication,166,34,-23,920,0,11,0,0,1,0,0,0,720,0
895,4933988579,Authentication,166,34,-24,920,0,11,0,0,1,0,0,0,720,0
896,4933996762,S1G Beacon,129,34,-23,920,3,1,,,,,,,0,0
897,4934000350,Authentication,166,34,-24,920,0,11,0,0,1,0,0,0,720,0
898,4934229312,Authentication,166,34,-56,920,0,11,0,0,0,0,0,0,0,0
899,4934246899,Authentication,166,34,-24,920,0,11,0,0,0,0,0,0,720,0
900,4934252578,Authentication,166,34,-24,920,0,11,0,0,1,0,0,0,720,0
901,4934258257,Authentication,166,34,-22,920,0,11,0,0,1,0,0,0,720,0
902,4934264039,Authentication,166,34,-23,920,0,11,0,0,1,0,0,0,720,0
903,4934491454,Authentication,166,34,-56,920,0,11,0,0,0,0,0,0,0,0
904,4934500669,Authentication,166,34,-23,920,0,11,0,0,0,0,0,0,720,0
905,4934506555,Authentication,166,34,-23,920,0,11,0,0,1,0,0,0,720,0
906,4934512287,Authentication,166,34,-24,920,0,11,0,0,1,0,0,0,720,0
907,4934518071,Authentication,166,34,-22,920,0,11,0,0,1,0,0,0,720,0
908,4934753597,Authentication,166,34,-55,920,0,11,0,0,0,0,0,0,0,0
909,4934766918,Authentication,166,34,-22,920,0,11,0,0,0,0,0,0,720,0
910,4934772650,Authentication,166,34,-22,920,0,11,0,0,1,0,0,0,720,0
911,4934778488,Authentication,166,34,-22,920,0,11,0,0,1,0,0,0,720,0
912,4934784271,Authentication,166,34,-22,920,0,11,0,0,1,0,0,0,720,0
913,4934815964,S1G Beacon,61,34,-22,920,3,1,,,,,,,0,0
914,4934989115,Authentication,166,34,-55,920,0,11,0,0,0,0,0,0,0,0
915,4935000667,Authentication,166,34,-22,920,0,11,0,0,0,0,0,0,720,0
916,4935006501,Authentication,166,34,-23,920,0,11,0,0,1,0,0,0,720,0
917,4935012440,Authentication,166,34,-22,920,0,11,0,0,1,0,0,0,720,0
918,4935018274,Authentication,166,34,-22,920,0,11,0,0,1,0,0,0,720,0
919,4935216510,Data,287,34,-22,920,2,0,0,0,0,0,0,1,0,0
920,4935245113,Authentication,166,34,-55,920,0,11,0,0,0,0,0,0,0,0
921,4935257031,Authentication,166,34,-21,920,0,11,0,0,0,0,0,0,720,0
922,4935262869,Authentication,166,34,-25,920,0,11,0,0,1,0,0,0,720,0
923,4935268600,Authentication,166,34,-22,920,0,11,0,0,1,0,0,0,720,0
924,4935274437,Authentication,166,34,-22,920,0,11,0,0,1,0,0,0,720,0
925,4935507255,Authentication,166,34,-55,920,0,11,0,0,0,0,0,0,0,0
926,4935516939,Authentication,166,34,-22,920,0,11,0,0,0,0,0,0,720,0
927,4935522879,Authentication,166,34,-21,920,0,11,0,0,1,0,0,0,720,0
928,4935528819,Authentication,166,34,-22,920,0,11,0,0,1,0,0,0,720,0
929,4935534759,Authentication,166,34,-22,920,0,11,0,0,1,0,0,0,720,0
930,4935635170,S1G Beacon,129,34,-21,920,3,1,,,,,,,0,0
931,4935754036,Authentication,166,34,-54,920,0,11,0,0,0,0,0,0,0,0
932,4935766942,Authentication,166,34,-26,920,0,11,0,0,0,0,0,0,720,0
933,4935772932,Authentication,166,34,-23,920,0,11,0,0,1,0,0,0,720,0
934,4935778717,Authentication,166,34,-24,920,0,11,0,0,1,0,0,0,720,0
935,4935784656,Authentication,166,34,-27,920,0,11,0,0,1,0,0,0,720,0
936,4936013106,Authentication,166,34,-54,920,0,11,0,0,0,0,0,0,0,0
937,4936026950,Authentication,166,34,-25,920,0,11,0,0,0,0,0,0,720,0
938,4936032993,Authentication,166,34,-23,920,0,11,0,0,1,0,0,0,720,0
939,4936038672,Authentication,166,34,-25,920,0,11,0,0,1,0,0,0,720,0
940,4936044349,Authentication,166,34,-27,920,0,11,0,0,1,0,0,0,720,0
941,4936260915,Authentication,166,34,-54,920,0,11,0,0,0,0,0,0,0,0
942,4936272603,QoS Data,148,34,-38,920,2,8,1,0,1,0,0,1,720,0
944,4936274916,QoS Data,148,34,-30,920,2,8,0,0,0,0,0,1,720,0
946,4936281749,QoS Data,131,34,-22,920,2,8,1,0,0,0,0,1,720,0
948,4936284231,QoS Data,131,34,-31,920,2,8,0,0,0,0,0,1,720,0
950,4936392638,QoS Data,128,34,-39,920,2,8,1,0,0,0,0,1,720,0
952,4936395122,QoS Data,128,34,-30,920,2,8,0,0,0,0,0,1,720,0
954,4936454371,S1G Beacon,61,34,-26,920,3,1,,,,,,,0,0
955,4936523057,Authentication,166,34,-56,920,0,11,0,0,0,0,0,0,0,0
956,4936537212,Authentication,166,34,-26,920,0,11,0,0,0,0,0,0,720,0
957,4936543151,Authentication,166,34,-26,920,0,11,0,0,1,0,0,0,720,0
958,4936549039,Authentication,166,34,-26,920,0,11,0,0,1,0,0,0,720,0
959,4936554980,Authentication,166,34,-27,920,0,11,0,0,1,0,0,0,720,0
960,4936780075,Authentication,166,34,-55,920,0,11,0,0,0,0,0,0,0,0
961,4936796881,Authentication,166,34,-28,920,0,11,0,0,0,0,0,0,720,0
962,4936802871,Authentication,166,34,-27,920,0,11,0,0,1,0,0,0,720,0
963,4936808549,Authentication,166,34,-27,920,0,11,0,0,1,0,0,0,720,0
964,4936814227,Authentication,166,34,-26,920,0,11,0,0,1,0,0,0,720,0
965,4937024812,Authentication,166,34,-54,920,0,11,0,0,0,0,0,0,0,0
966,4937042932,Authentication,166,34,-27,920,0,11,0,0,1,0,0,0,720,0
967,4937048613,Authentication,166,34,-28,920,0,11,0,0,1,0,0,0,720,0
968,4937054603,Authentication,166,34,-28,920,0,11,0,0,1,0,0,0,720,0
969,4937273574,S1G Beacon,129,34,-28,920,3,1,,,,,,,0,0
970,4937276716,Authentication,166,34,-53,920,0,11,0,0,0,0,0,0,0,0
971,4937538858,Authentication,166,34,-54,920,0,11,0,0,0,0,0,0,0,0
972,4937546927,Authentication,166,34,-29,920,0,11,0,0,0,0,0,0,720,0
973,4937552607,Authentication,166,34,-28,920,0,11,0,0,1,0,0,0,720,0
974,4937558285,Authentication,166,34,-27,920,0,11,0,0,1,0,0,0,720,0
975,4937564329,Authentication,166,34,-27,920,0,11,0,0,1,0,0,0,720,0
976,4937794341,Authentication,166,34,-54,920,0,11,0,0,0,0,0,0,0,0
977,4937806934,Authentication,166,34,-31,920,0,11,0,0,0,0,0,0,720,0
978,4937812769,Authentication,166,34,-29,920,0,11,0,0,1,0,0,0,720,0
979,4937818761,Authentication,166,34,-27,920,0,11,0,0,1,0,0,0,720,0
980,4937824805,Authentication,166,34,-27,920,0,11,0,0,1,0,0,0,720,0
981,4938030374,Authentication,166,34,-55,920,0,11,0,0,0,0,0,0,0,0
982,4938044111,Authentication,166,34,-28,920,0,11,0,0,0,0,0,0,720,0
983,4938050065,Authentication,166,34,-28,920,0,11,0,0,1,0,0,0,720,0
984,4938055902,Authentication,166,34,-27,920,0,11,0,0,1,0,0,0,720,0
985,4938061634,Authentication,166,34,-29,920,0,11,0,0,1,0,0,0,720,0
986,4938092778,S1G Beacon,61,34,-28,920,3,1,,,,,,,0,0
987,4938240530,Data,287,34,-29,920,2,0,0,0,0,0,0,1,0,0
988,4938292517,Authentication,166,34,-54,920,0,11,0,0,0,0,0,0,0,0
989,4938300692,Authentication,166,34,-27,920,0,11,0,0,0,0,0,0,720,0
990,4938306529,Authentication,166,34,-28,920,0,11,0,0,1,0,0,0,720,0
991,4938312366,Authentication,166,34,-28,920,0,11,0,0,1,0,0,0,720,0
992,4938318046,Authentication,166,34,-28,920,0,11,0,0,1,0,0,0,720,0
993,4938554659,Authentication,166,34,-53,920,0,11,0,0,0,0,0,0,0,0
994,4938566940,Authentication,166,34,-27,920,0,11,0,0,0,0,0,0,720,0
995,4938572829,Authentication,166,34,-28,920,0,11,0,0,1,0,0,0,720,0
996,4938578611,Authentication,166,34,-28,920,0,11,0,0,1,0,0,0,720,0
997,4938584448,Authentication,166,34,-27,920,0,11,0,0,1,0,0,0,720,0
998,4938813214,Authentication,166,34,-54,920,0,11,0,0,0,0,0,0,0,0
999,4938827939,Authentication,166,34,-27,920,0,11,0,0,0,0,0,0,720,0
1000,4938833878,Authentication,166,34,-27,920,0,11,0,0,1,0,0,0,720,0
1001,4938839559,Authentication,166,34,-28,920,0,11,0,0,1,0,0,0,720,0
1002,4938845394,Authentication,166,34,-28,920,0,11,0,0,1,0,0,0,720,0
1003,4938911981,S1G Beacon,129,34,-28,920,3,1,,,,,,,0,0
1004,4939046176,Authentication,166,34,-54,920,0,11,0,0,0,0,0,0,0,0
1005,4939056897,Authentication,166,34,-27,920,0,11,0,0,0,0,0,0,720,0
1006,4939062681,Authentication,166,34,-28,920,0,11,0,0,1,0,0,0,720,0
1007,4939068620,Authentication,166,34,-27,920,0,11,0,0,1,0,0,0,720,0
1008,4939074665,Authentication,166,34,-27,920,0,11,0,0,1,0,0,0,720,0
1009,4939308317,Authentication,166,34,-56,920,0,11,0,0,0,0,0,0,0,0
1010,4939316907,Authentication,166,34,-28,920,0,11,0,0,0,0,0,0,720,0
1011,4939322588,Authentication,166,34,-27,920,0,11,0,0,1,0,0,0,720,0
1012,4939328579,Authentication,166,34,-29,920,0,11,0,0,1,0,0,0,720,0
1013,4939334623,Authentication,166,34,-28,920,0,11,0,0,1,0,0,0,720,0
1014,4939570460,Authentication,166,34,-57,920,0,11,0,0,0,0,0,0,0,0
1015,4939586850,Authentication,166,34,-28,920,0,11,0,0,0,0,0,0,720,0
1016,4939592530,Authentication,166,34,-28,920,0,11,0,0,1,0,0,0,720,0
1017,4939598470,Authentication,166,34,-28,920,0,11,0,0,1,0,0,0,720,0
1018,4939604254,Authentication,166,34,-28,920,0,11,0,0,1,0,0,0,720,0
1019,4939636402,Disassociation,64,34,-27,920,0,10,0,0,0,0,0,0,720,0
1020,4939639725,Disassociation,64,34,-27,920,0,10,0,0,1,0,0,0,720,0
1021,4939642996,Disassociation,64,34,-27,920,0,10,0,0,1,0,0,0,720,0
1022,4939646265,Disassociation,64,34,-27,920,0,10,0,0,1,0,0,0,720,0
1023,4939731187,S1G Beacon,61,34,-27,920,3,1,,,,,,,0,0
1024,4939816728,Authentication,166,34,-55,920,0,11,0,0,0,0,0,0,0,0
1025,4939826931,Authentication,166,34,-28,920,0,11,0,0,0,0,0,0,720,0
1026,4939832764,Authentication,166,34,-27,920,0,11,0,0,1,0,0,0,720,0
1027,4939838546,Authentication,166,34,-28,920,0,11,0,0,1,0,0,0,720,0
1028,4939844279,Authentication,166,34,-26,920,0,11,0,0,1,0,0,0,720,0
1030,4940061976,Authentication,166,34,-54,920,0,11,0,0,0,0,0,0,0,0
1031,4940073481,Authentication,166,34,-28,920,0,11,0,0,0,0,0,0,720,0
1032,4940079522,Authentication,166,34,-27,920,0,11,0,0,1,0,0,0,720,0
1033,4940085254,Authentication,166,34,-27,920,0,11,0,0,1,0,0,0,720,0
1034,4940090983,Authentication,166,34,-28,920,0,11,0,0,1,0,0,0,720,0
1035,4940324119,Authentication,166,34,-54,920,0,11,0,0,0,0,0,0,0,0
1036,4940336922,Authentication,166,34,-27,920,0,11,0,0,0,0,0,0,720,0
1037,4940342705,Authentication,166,34,-28,920,0,11,0,0,1,0,0,0,720,0
1038,4940348540,Authentication,166,34,-27,920,0,11,0,0,1,0,0,0,720,0
1039,4940354428,Authentication,166,34,-27,920,0,11,0,0,1,0,0,0,720,0
1040,4940550387,S1G Beacon,129,34,-27,920,3,1,,,,,,,0,0
1041,4940572946,Authentication,166,34,-54,920,0,11,0,0,0,0,0,0,0,0
1042,4940587102,Authentication,166,34,-28,920,0,11,0,0,0,0,0,0,720,0
1043,4940592782,Authentication,166,34,-27,920,0,11,0,0,1,0,0,0,720,0
1044,4940598513,Authentication,166,34,-27,920,0,11,0,0,1,0,0,0,720,0
1045,4940604453,Authentication,166,34,-27,920,0,11,0,0,1,0,0,0,720,0
1046,4940823826,Authentication,166,34,-55,920,0,11,0,0,0,0,0,0,0,0
1047,4940836887,Authentication,166,34,-28,920,0,11,0,0,0,0,0,0,720,0
1048,4940842566,Authentication,166,34,-26,920,0,11,0,0,1,0,0,0,720,0
1049,4940848506,Authentication,166,34,-27,920,0,11,0,0,1,0,0,0,720,0
1050,4940854238,Authentication,166,34,-27,920,0,11,0,0,1,0,0,0,720,0
1051,4941077777,Authentication,166,34,-54,920,0,11,0,0,0,0,0,0,0,0
1052,4941086939,Authentication,166,34,-27,920,0,11,0,0,0,0,0,0,720,0
1053,4941092879,Authentication,166,34,-26,920,0,11,0,0,1,0,0,0,720,0
1054,4941098868,Authentication,166,34,-28,920,0,11,0,0,1,0,0,0,720,0
1055,4941104756,Authentication,166,34,-27,920,0,11,0,0,1,0,0,0,720,0
1056,4941264669,Data,287,34,-27,920,2,0,0,0,0,0,0,1,0,0
1057,4941290501,QoS Data,148,34,-41,920,2,8,1,0,0,0,0,1,720,0
1059,4941293281,QoS Data,148,34,-31,920,2,8,0,0,0,0,0,1,720,0
1061,4941300429,QoS Data,131,34,-23,920,2,8,1,0,0,0,0,1,720,0
1063,4941303223,QoS Data,131,34,-31,920,2,8,0,0,0,0,0,1,720,0
1065,4941339919,Authentication,166,34,-54,920,0,11,0,0,0,0,0,0,0,0
1066,4941357091,Authentication,166,34,-27,920,0,11,0,0,0,0,0,0,720,0
1067,4941363134,Authentication,166,34,-28,920,0,11,0,0,1,0,0,0,720,0
1068,4941369589,S1G Beacon,61,34,-27,920,3,1,,,,,,,0,0
1069,4941371376,Authentication,166,34,-27,920,0,11,0,0,1,0,0,0,720,0
1070,4941377316,Authentication,166,34,-27,920,0,11,0,0,1,0,0,0,720,0
1071,4941392969,QoS Data,128,34,-43,920,2,8,1,0,0,0,0,1,720,0
1073,4941396259,QoS Data,128,34,-31,920,2,8,0,0,0,0,0,1,720,0
1075,4941595915,Authentication,166,34,-53,920,0,11,0,0,0,0,0,0,0,0
1076,4941606895,Authentication,166,34,-28,920,0,11,0,0,0,0,0,0,720,0
1077,4941612577,Authentication,166,34,-27,920,0,11,0,0,1,0,0,0,720,0
1078,4941618257,Authentication,166,34,-28,920,0,11,0,0,1,0,0,0,720,0
1079,4941623989,Authentication,166,34,-27,920,0,11,0,0,1,0,0,0,720,0
1080,4941831436,Authentication,166,34,-54,920,0,11,0,0,0,0,0,0,0,0
1081,4941846941,Authentication,166,34,-26,920,0,11,0,0,0,0,0,0,720,0
1082,4941852934,Authentication,166,34,-26,920,0,11,0,0,1,0,0,0,720,0
1083,4941858979,Authentication,166,34,-27,920,0,11,0,0,1,0,0,0,720,0
1084,4941865025,Authentication,166,34,-28,920,0,11,0,0,1,0,0,0,720,0
1085,4942093578,Authentication,166,34,-54,920,0,11,0,0,0,0,0,0,0,0
1086,4942100714,Authentication,166,34,-28,920,0,11,0,0,0,0,0,0,720,0
1087,4942106599,Authentication,166,34,-28,920,0,11,0,0,1,0,0,0,720,0
1088,4942112434,Authentication,166,34,-27,920,0,11,0,0,1,0,0,0,720,0
1089,4942118166,Authentication,166,34,-27,920,0,11,0,0,1,0,0,0,720,0
1090,4942188796,S1G Beacon,129,34,-28,920,3,1,,,,,,,0,0
1091,4942355720,Authentication,166,34,-54,920,0,11,0,0,0,0,0,0,0,0
1092,4942364779,Authentication,166,34,-26,920,0,11,0,0,0,0,0,0,720,0
1093,4942370459,Authentication,166,34,-26,920,0,11,0,0,1,0,0,0,720,0
1094,4942376451,Authentication,166,34,-26,920,0,11,0,0,1,0,0,0,720,0
1095,4942382440,Authentication,166,34,-24,920,0,11,0,0,1,0,0,0,720,0
1096,4942601476,Authentication,166,34,-56,920,0,11,0,0,0,0,0,0,0,0
1097,4942616878,Authentication,166,34,-26,920,0,11,0,0,0,0,0,0,720,0
1098,4942622556,Authentication,166,34,-25,920,0,11,0,0,1,0,0,0,720,0
1099,4942628338,Authentication,166,34,-24,920,0,11,0,0,1,0,0,0,720,0
1100,4942634071,Authentication,166,34,-27,920,0,11,0,0,1,0,0,0,720,0
1101,4942847237,Authentication,166,34,-55,920,0,11,0,0,0,0,0,0,0,0
1102,4942856869,Authentication,166,34,-24,920,0,11,0,0,0,0,0,0,720,0
1103,4942862913,Authentication,166,34,-28,920,0,11,0,0,1,0,0,0,720,0
1104,4942868644,Authentication,166,34,-27,920,0,11,0,0,1,0,0,0,720,0
1105,4942874634,Authentication,166,34,-27,920,0,11,0,0,1,0,0,0,720,0
1106,4943007999,S1G Beacon,61,34,-26,920,3,1,,,,,,,0,0
1107,4943109379,Authentication,166,34,-54,920,0,11,0,0,0,0,0,0,0,0
1108,4943117138,Authentication,166,34,-27,920,0,11,0,0,0,0,0,0,720,0
1109,4943122816,Authentication,166,34,-27,920,0,11,0,0,1,0,0,0,720,0
1110,4943128857,Authentication,166,34,-27,920,0,11,0,0,1,0,0,0,720,0
1111,4943134692,Authentication,166,34,-27,920,0,11,0,0,1,0,0,0,720,0
1112,4943371522,Authentication,166,34,-54,920,0,11,0,0,0,0,0,0,0,0
1113,4943379852,Authentication,166,34,-28,920,0,11,0,0,0,0,0,0,720,0
1114,4943385791,Authentication,166,34,-26,920,0,11,0,0,1,0,0,0,720,0
1115,4943391679,Authentication,166,34,-27,920,0,11,0,0,1,0,0,0,720,0
1116,4943397517,Authentication,166,34,-23,920,0,11,0,0,1,0,0,0,720,0
1117,4943612159,Authentication,166,34,-56,920,0,11,0,0,0,0,0,0,0,0
1118,4943626882,Authentication,166,34,-27,920,0,11,0,0,0,0,0,0,720,0
1119,4943632771,Authentication,166,34,-28,920,0,11,0,0,1,0,0,0,720,0
1120,4943638762,Authentication,166,34,-27,920,0,11,0,0,1,0,0,0,720,0
1121,4943644650,Authentication,166,34,-27,920,0,11,0,0,1,0,0,0,720,0
1122,4943827201,S1G Beacon,129,34,-27,920,3,1,,,,,,,0,0
1123,4943863038,Authentication,166,34,-54,920,0,11,0,0,0,0,0,0,0,0
1124,4943871629,Authentication,166,34,-26,920,0,11,0,0,0,0,0,0,720,0
1125,4943877674,Authentication,166,34,-26,920,0,11,0,0,1,0,0,0,720,0
1126,4943883354,Authentication,166,34,-27,920,0,11,0,0,1,0,0,0,720,0
1127,4943889137,Authentication,166,34,-28,920,0,11,0,0,1,0,0,0,720,0
1128,4944125180,Authentication,166,34,-54,920,0,11,0,0,0,0,0,0,0,0
1129,4944136891,Authentication,166,34,-23,920,0,11,0,0,0,0,0,0,720,0
1130,4944142933,Authentication,166,34,-27,920,0,11,0,0,1,0,0,0,720,0
1131,4944148613,Authentication,166,34,-24,920,0,11,0,0,1,0,0,0,720,0
1132,4944154658,Authentication,166,34,-27,920,0,11,0,0,1,0,0,0,720,0
1133,4944288570,Data,287,34,-29,920,2,0,0,0,0,0,0,1,0,0
1134,4944367865,Authentication,166,34,-54,920,0,11,0,0,0,0,0,0,0,0
1135,4944377338,Authentication,166,34,-23,920,0,11,0,0,0,0,0,0,720,0
1136,4944383120,Authentication,166,34,-24,920,0,11,0,0,1,0,0,0,720,0
1137,4944388854,Authentication,166,34,-24,920,0,11,0,0,1,0,0,0,720,0
1138,4944394792,Authentication,166,34,-25,920,0,11,0,0,1,0,0,0,720,0
1139,4944616697,Authentication,166,34,-55,920,0,11,0,0,0,0,0,0,0,0
1140,4944626585,Authentication,166,34,-21,920,0,11,0,0,0,0,0,0,720,0
1141,4944632473,Authentication,166,34,-22,920,0,11,0,0,1,0,0,0,720,0
1142,4944638308,Authentication,166,34,-22,920,0,11,0,0,1,0,0,0,720,0
1143,4944646404,S1G Beacon,61,34,-21,920,3,1,,,,,,,0,0
1144,4944648192,Authentication,166,34,-23,920,0,11,0,0,1,0,0,0,720,0
1145,4944878839,Authentication,166,34,-57,920,0,11,0,0,0,0,0,0,0,0
1146,4944896790,Authentication,166,34,-22,920,0,11,0,0,0,0,0,0,720,0
1147,4944902624,Authentication,166,34,-22,920,0,11,0,0,1,0,0,0,720,0
1148,4944908563,Authentication,166,34,-23,920,0,11,0,0,1,0,0,0,720,0
1149,4944914397,Authentication,166,34,-22,920,0,11,0,0,1,0,0,0,720,0
1150,4945140981,Authentication,166,34,-61,920,0,11,0,0,0,0,0,0,0,0
1151,4945152432,Authentication,166,34,-22,920,0,11,0,0,0,0,0,0,720,0
1152,4945158112,Authentication,166,34,-22,920,0,11,0,0,1,0,0,0,720,0
1153,4945163842,Authentication,166,34,-22,920,0,11,0,0,1,0,0,0,720,0
1154,4945169628,Authentication,166,34,-22,920,0,11,0,0,1,0,0,0,720,0
1155,4945380595,Authentication,166,34,-58,920,0,11,0,0,0,0,0,0,0,0
1156,4945396724,Authentication,166,34,-24,920,0,11,0,0,0,0,0,0,720,0
1157,4945402769,Authentication,166,34,-25,920,0,11,0,0,1,0,0,0,720,0
1158,4945408605,Authentication,166,34,-23,920,0,11,0,0,1,0,0,0,720,0
1159,4945414648,Authentication,166,34,-26,920,0,11,0,0,1,0,0,0,720,0
1160,4945465608,S1G Beacon,129,34,-24,920,3,1,,,,,,,0,0
1161,4945643761,Authentication,166,34,-54,920,0,11,0,0,0,0,0,0,0,0
1162,4945656927,Authentication,166,34,-38,920,0,11,0,0,0,0,0,0,720,0
1163,4945662607,Authentication,166,34,-37,920,0,11,0,0,1,0,0,0,720,0
1164,4945668285,Authentication,166,34,-39,920,0,11,0,0,1,0,0,0,720,0
1165,4945674327,Authentication,166,34,-40,920,0,11,0,0,1,0,0,0,720,0
1166,4945752806,Data,378,34,-39,920,2,0,0,0,0,0,0,1,0,0
1167,4945856895,Data,387,34,-33,920,2,0,0,0,0,0,0,1,0,0
1168,4945894640,Authentication,166,34,-58,920,0,11,0,0,0,0,0,0,0,0
1169,4945906975,Authentication,166,34,-32,920,0,11,0,0,0,0,0,0,720,0
1170,4945912966,Authentication,166,34,-31,920,0,11,0,0,1,0,0,0,720,0
1171,4945919011,Authentication,166,34,-31,920,0,11,0,0,1,0,0,0,720,0
1172,4945924898,Authentication,166,34,-31,920,0,11,0,0,1,0,0,0,720,0
1173,4945960634,Data,450,34,-33,920,2,0,0,0,0,0,0,1,0,0
1174,4946064560,Data,442,34,-35,920,2,0,0,0,0,0,0,1,0,0
1175,4946168650,Data,387,34,-36,920,2,0,0,0,0,0,0,1,0,0
1176,4946272507,Data,426,34,-36,920,2,0,0,0,0,0,0,1,0,0
1177,4946284810,S1G Beacon,61,34,-37,920,3,1,,,,,,,0,0
1178,4946310099,QoS Data,148,34,-37,920,2,8,1,0,0,0,0,1,720,0
1180,4946312282,QoS Data,148,34,-41,920,2,8,0,0,0,0,0,1,720,0
1182,4946319376,QoS Data,131,34,-28,920,2,8,1,0,0,0,0,1,720,0
1184,4946321597,QoS Data,131,34,-40,920,2,8,0,0,0,0,0,1,720,0
1186,4946376705,Data,458,34,-37,920,2,0,0,0,0,0,0,1,0,0
1187,4946396035,QoS Data,128,34,-38,920,2,8,1,0,1,0,0,1,720,0
1189,4946398074,QoS Data,128,34,-40,920,2,8,0,0,0,0,0,1,720,0
1191,4946405611,Authentication,166,34,-53,920,0,11,0,0,0,0,0,0,0,0
1192,4946417112,Authentication,166,34,-37,920,0,11,0,0,0,0,0,0,720,0
1193,4946422949,Authentication,166,34,-36,920,0,11,0,0,1,0,0,0,720,0
1194,4946428627,Authentication,166,34,-35,920,0,11,0,0,1,0,0,0,720,0
1195,4946434305,Authentication,166,34,-37,920,0,11,0,0,1,0,0,0,720,0
1196,4946480648,Data,387,34,-34,920,2,0,0,0,0,0,0,1,0,0
1197,4946584457,Data,446,34,-28,920,2,0,0,0,0,0,0,1,0,0
1198,4946661609,Authentication,166,34,-57,920,0,11,0,0,0,0,0,0,0,0
1199,4946676906,Authentication,166,34,-22,920,0,11,0,0,0,0,0,0,720,0
1200,4946682897,Authentication,166,34,-21,920,0,11,0,0,1,0,0,0,720,0
1201,4946688629,Authentication,166,34,-23,920,0,11,0,0,1,0,0,0,720,0
1202,4946694932,Data,440,34,-22,920,2,0,0,0,0,0,0,1,0,0
1203,4946706801,Authentication,166,34,-21,920,0,11,0,0,1,0,0,0,720,0
1204,4946792666,Data,387,34,-22,920,2,0,0,0,0,0,0,1,0,0
1205,4946896527,Data,442,34,-22,920,2,0,0,0,0,0,0,1,0,0
1206,4946919656,Authentication,166,34,-55,920,0,11,0,0,0,0,0,0,0,0
1207,4946936826,Authentication,166,34,-24,920,0,11,0,0,0,0,0,0,720,0
1208,4946942556,Authentication,166,34,-23,920,0,11,0,0,1,0,0,0,720,0
1209,4946948495,Authentication,166,34,-26,920,0,11,0,0,1,0,0,0,720,0
1210,4946954174,Authentication,166,34,-26,920,0,11,0,0,1,0,0,0,720,0
1211,4947000674,Data,452,34,-28,920,2,0,0,0,0,0,0,1,0,0
1212,4947104014,S1G Beacon,129,34,-29,920,3,1,,,,,,,0,0
1213,4947172583,Authentication,166,34,-55,920,0,11,0,0,0,0,0,0,0,0
1214,4947312575,Data,287,34,-22,920,2,0,0,0,0,0,0,1,0,0
1215,4947434725,Authentication,166,34,-57,920,0,11,0,0,0,0,0,0,0,0
1216,4947446903,Authentication,166,34,-25,920,0,11,0,0,0,0,0,0,720,0
1217,4947452584,Authentication,166,34,-23,920,0,11,0,0,1,0,0,0,720,0
1218,4947458524,Authentication,166,34,-24,920,0,11,0,0,1,0,0,0,720,0
1219,4947464256,Authentication,166,34,-24,920,0,11,0,0,1,0,0,0,720,0
1220,4947696868,Authentication,166,34,-54,920,0,11,0,0,0,0,0,0,0,0
1221,4947706862,Authentication,166,34,-23,920,0,11,0,0,0,0,0,0,720,0
1222,4947712801,Authentication,166,34,-24,920,0,11,0,0,1,0,0,0,720,0
1223,4947718584,Authentication,166,34,-23,920,0,11,0,0,1,0,0,0,720,0
1224,4947724368,Authentication,166,34,-24,920,0,11,0,0,1,0,0,0,720,0
1225,4947923219,S1G Beacon,61,34,-23,920,3,1,,,,,,,0,0
1226,4947939553,Authentication,166,34,-58,920,0,11,0,0,0,0,0,0,0,0
1227,4947946896,Authentication,166,34,-24,920,0,11,0,0,0,0,0,0,720,0
1228,4947952835,Authentication,166,34,-23,920,0,11,0,0,1,0,0,0,720,0
1229,4947958565,Authentication,166,34,-25,920,0,11,0,0,1,0,0,0,720,0
1230,4947964453,Authentication,166,34,-25,920,0,11,0,0,1,0,0,0,720,0
1231,4948188384,Authentication,166,34,-54,920,0,11,0,0,0,0,0,0,0,0
1232,4948197337,Authentication,166,34,-24,920,0,11,0,0,0,0,0,0,720,0
1233,4948203070,Authentication,166,34,-23,920,0,11,0,0,1,0,0,0,720,0
1234,4948208852,Authentication,166,34,-25,920,0,11,0,0,1,0,0,0,720,0
1235,4948214897,Authentication,166,34,-23,920,0,11,0,0,1,0,0,0,720,0
1236,4948450526,Authentication,166,34,-59,920,0,11,0,0,0,0,0,0,0,0
1237,4948468216,Authentication,166,34,-23,920,0,11,0,0,0,0,0,0,720,0
1238,4948473999,Authentication,166,34,-22,920,0,11,0,0,1,0,0,0,720,0
1239,4948480042,Authentication,166,34,-23,920,0,11,0,0,1,0,0,0,720,0
1240,4948485984,Authentication,166,34,-24,920,0,11,0,0,1,0,0,0,720,0
1241,4948712668,Authentication,166,34,-59,920,0,11,0,0,0,0,0,0,0,0
1242,4948727136,Authentication,166,34,-22,920,0,11,0,0,0,0,0,0,720,0
1243,4948733024,Authentication,166,34,-22,920,0,11,0,0,1,0,0,0,720,0
1244,4948742424,S1G Beacon,129,34,-22,920,3,1,,,,,,,0,0
1245,4948746010,Authentication,166,34,-23,920,0,11,0,0,1,0,0,0,720,0
1246,4948752053,Authentication,166,34,-22,920,0,11,0,0,1,0,0,0,720,0
1247,4949209305,Authentication,166,34,-61,920,0,11,0,0,0,0,0,0,0,0
1248,4949226788,Authentication,166,34,-22,920,0,11,0,0,0,0,0,0,720,0
1249,4949232779,Authentication,166,34,-23,920,0,11,0,0,1,0,0,0,720,0
1250,4949238824,Authentication,166,34,-22,920,0,11,0,0,1,0,0,0,720,0
1251,4949244555,Authentication,166,34,-22,920,0,11,0,0,1,0,0,0,720,0
1252,4949466328,Authentication,166,34,-58,920,0,11,0,0,0,0,0,0,0,0
1253,4949476893,Authentication,166,34,-24,920,0,11,0,0,0,0,0,0,720,0
1254,4949482939,Authentication,166,34,-24,920,0,11,0,0,1,0,0,0,720,0
1255,4949488671,Authentication,166,34,-24,920,0,11,0,0,1,0,0,0,720,0
1256,4949494404,Authentication,166,34,-24,920,0,11,0,0,1,0,0,0,720,0
1257,4949561625,S1G Beacon,61,34,-23,920,3,1,,,,,,,0,0
1258,4949728469,Authentication,166,34,-60,920,0,11,0,0,0,0,0,0,0,0
1259,4949736852,Authentication,166,34,-24,920,0,11,0,0,0,0,0,0,720,0
1260,4949742741,Authentication,166,34,-25,920,0,11,0,0,1,0,0,0,720,0
1261,4949748628,Authentication,166,34,-24,920,0,11,0,0,1,0,0,0,720,0
1262,4949754670,Authentication,166,34,-25,920,0,11,0,0,1,0,0,0,720,0
1263,4949977298,Authentication,166,34,-58,920,0,11,0,0,0,0,0,0,0,0
1264,4949986827,Authentication,166,34,-27,920,0,11,0,0,0,0,0,0,720,0
1265,4949992661,Authentication,166,34,-26,920,0,11,0,0,1,0,0,0,720,0
1266,4949998496,Authentication,166,34,-27,920,0,11,0,0,1,0,0,0,720,0
1267,4950004228,Authentication,166,34,-26,920,0,11,0,0,1,0,0,0,720,0
1269,4950222034,Authentication,166,34,-59,920,0,11,0,0,0,0,0,0,0,0
1270,4950236864,Authentication,166,34,-24,920,0,11,0,0,0,0,0,0,720,0
1271,4950242805,Authentication,166,34,-24,920,0,11,0,0,1,0,0,0,720,0
1272,4950248794,Authentication,166,34,-24,920,0,11,0,0,1,0,0,0,720,0
1273,4950254840,Authentication,166,34,-22,920,0,11,0,0,1,0,0,0,720,0
1274,4950336593,Data,287,34,-25,920,2,0,0,0,0,0,0,1,0,0
1275,4950380829,S1G Beacon,129,34,-23,920,3,1,,,,,,,0,0
1276,4950482128,Authentication,166,34,-59,920,0,11,0,0,0,0,0,0,0,0
1277,4950496854,Authentication,166,34,-24,920,0,11,0,0,0,0,0,0,720,0
1278,4950502636,Authentication,166,34,-25,920,0,11,0,0,1,0,0,0,720,0
1279,4950508472,Authentication,166,34,-23,920,0,11,0,0,1,0,0,0,720,0
1280,4950514462,Authentication,166,34,-23,920,0,11,0,0,1,0,0,0,720,0
1281,4950744270,Authentication,166,34,-54,920,0,11,0,0,0,0,0,0,0,0
1282,4950756864,Authentication,166,34,-22,920,0,11,0,0,0,0,0,0,720,0
1283,4950762907,Authentication,166,34,-23,920,0,11,0,0,1,0,0,0,720,0
1284,4950768742,Authentication,166,34,-23,920,0,11,0,0,1,0,0,0,720,0
1285,4950774681,Authentication,166,34,-22,920,0,11,0,0,1,0,0,0,720,0
1286,4950996170,Authentication,166,34,-58,920,0,11,0,0,0,0,0,0,0,0
1287,4951006840,Authentication,166,34,-22,920,0,11,0,0,0,0,0,0,720,0
1288,4951012572,Authentication,166,34,-22,920,0,11,0,0,1,0,0,0,720,0
1289,4951018305,Authentication,166,34,-21,920,0,11,0,0,1,0,0,0,720,0
1290,4951023982,Authentication,166,34,-22,920,0,11,0,0,1,0,0,0,720,0
1291,4951200031,S1G Beacon,61,34,-21,920,3,1,,,,,,,0,0
1292,4951241930,Authentication,166,34,-54,920,0,11,0,0,0,0,0,0,0,0
1293,4951257071,Authentication,166,34,-22,920,0,11,0,0,0,0,0,0,720,0
1294,4951263062,Authentication,166,34,-22,920,0,11,0,0,1,0,0,0,720,0
1295,4951268740,Authentication,166,34,-23,920,0,11,0,0,1,0,0,0,720,0
1296,4951274526,Authentication,166,34,-22,920,0,11,0,0,1,0,0,0,720,0
1298,4951332976,QoS Data,149,34,-28,920,2,8,0,0,0,0,0,1,720,0
1300,4951340436,QoS Data,131,34,-23,920,2,8,1,0,0,0,0,1,720,0
1302,4951342659,QoS Data,131,34,-29,920,2,8,0,0,0,0,0,1,720,0
1304,4951392617,QoS Data,128,34,-40,920,2,8,1,0,0,0,0,1,720,0
1306,4951394917,QoS Data,128,34,-29,920,2,8,0,0,0,0,0,1,720,0
1308,4951497930,Authentication,166,34,-56,920,0,11,0,0,0,0,0,0,0,0
1309,4951506832,Authentication,166,34,-23,920,0,11,0,0,0,0,0,0,720,0
1310,4951512877,Authentication,166,34,-22,920,0,11,0,0,1,0,0,0,720,0
1311,4951518557,Authentication,166,34,-22,920,0,11,0,0,1,0,0,0,720,0
1312,4951524548,Authentication,166,34,-23,920,0,11,0,0,1,0,0,0,720,0
1313,4951760072,Authentication,166,34,-54,920,0,11,0,0,0,0,0,0,0,0
1314,4951776828,Authentication,166,34,-23,920,0,11,0,0,0,0,0,0,720,0
1315,4951782560,Authentication,166,34,-23,920,0,11,0,0,1,0,0,0,720,0
1316,4951788342,Authentication,166,34,-24,920,0,11,0,0,1,0,0,0,720,0
1317,4951794125,Authentication,166,34,-23,920,0,11,0,0,1,0,0,0,720,0
1318,4952010948,Authentication,166,34,-54,920,0,11,0,0,0,0,0,0,0,0
1319,4952019235,S1G Beacon,129,34,-23,920,3,1,,,,,,,0,0
1320,4952255684,Authentication,166,34,-54,920,0,11,0,0,0,0,0,0,0,0
1321,4952266824,Authentication,166,34,-22,920,0,11,0,0,0,0,0,0,720,0
1322,4952272762,Authentication,166,34,-23,920,0,11,0,0,1,0,0,0,720,0
1323,4952278544,Authentication,166,34,-24,920,0,11,0,0,1,0,0,0,720,0
1324,4952284275,Authentication,166,34,-23,920,0,11,0,0,1,0,0,0,720,0
1325,4952513730,Authentication,166,34,-53,920,0,11,0,0,0,0,0,0,0,0
1326,4952526844,Authentication,166,34,-23,920,0,11,0,0,0,0,0,0,720,0
1327,4952532522,Authentication,166,34,-22,920,0,11,0,0,1,0,0,0,720,0
1328,4952538203,Authentication,166,34,-23,920,0,11,0,0,1,0,0,0,720,0
1329,4952544038,Authentication,166,34,-22,920,0,11,0,0,1,0,0,0,720,0
1330,4952775872,Authentication,166,34,-57,920,0,11,0,0,0,0,0,0,0,0
1331,4952786856,Authentication,166,34,-24,920,0,11,0,0,0,0,0,0,720,0
1332,4952792689,Authentication,166,34,-26,920,0,11,0,0,1,0,0,0,720,0
1333,4952798422,Authentication,166,34,-26,920,0,11,0,0,1,0,0,0,720,0
1334,4952804100,Authentication,166,34,-26,920,0,11,0,0,1,0,0,0,720,0
1335,4952838439,S1G Beacon,61,34,-23,920,3,1,,,,,,,0,0
1336,4953034939,Authentication,166,34,-53,920,0,11,0,0,0,0,0,0,0,0
1337,4953046858,Authentication,166,34,-22,920,0,11,0,0,0,0,0,0,720,0
1338,4953052537,Authentication,166,34,-22,920,0,11,0,0,1,0,0,0,720,0
1339,4953058321,Authentication,166,34,-23,920,0,11,0,0,1,0,0,0,720,0
1340,4953064311,Authentication,166,34,-23,920,0,11,0,0,1,0,0,0,720,0
1341,4953278652,Authentication,166,34,-58,920,0,11,0,0,0,0,0,0,0,0
1342,4953296811,Authentication,166,34,-22,920,0,11,0,0,0,0,0,0,720,0
1343,4953302543,Authentication,166,34,-23,920,0,11,0,0,1,0,0,0,720,0
1344,4953308535,Authentication,166,34,-23,920,0,11,0,0,1,0,0,0,720,0
1345,4953314267,Authentication,166,34,-22,920,0,11,0,0,1,0,0,0,720,0
1346,4953358064,Disassociation,64,34,-23,920,0,10,0,0,0,0,0,0,720,0
1347,4953361649,Data,287,34,-23,920,2,0,0,0,0,0,0,1,0,0
1348,4953369437,Disassociation,64,34,-22,920,0,10,0,0,1,0,0,0,720,0
1349,4953372604,Disassociation,64,34,-22,920,0,10,0,0,1,0,0,0,720,0
1350,4953375616,Disassociation,64,34,-22,920,0,10,0,0,1,0,0,0,720,0
1351,4953529532,Authentication,166,34,-54,920,0,11,0,0,0,0,0,0,0,0
1352,4953546805,Authentication,166,34,-22,920,0,11,0,0,0,0,0,0,720,0
1353,4953552693,Authentication,166,34,-22,920,0,11,0,0,1,0,0,0,720,0
1354,4953558475,Authentication,166,34,-23,920,0,11,0,0,1,0,0,0,720,0
1355,4953564259,Authentication,166,34,-24,920,0,11,0,0,1,0,0,0,720,0
1356,4953657642,S1G Beacon,129,34,-22,920,3,1,,,,,,,0,0
1357,4953791674,Authentication,166,34,-53,920,0,11,0,0,0,0,0,0,0,0
1358,4954044597,Authentication,166,34,-53,920,0,11,0,0,0,0,0,0,0,0
1359,4954056827,Authentication,166,34,-19,920,0,11,0,0,0,0,0,0,720,0
1360,4954062507,Authentication,166,34,-21,920,0,11,0,0,1,0,0,0,720,0
1361,4954068447,Authentication,166,34,-20,920,0,11,0,0,1,0,0,0,720,0
1362,4954074178,Authentication,166,34,-20,920,0,11,0,0,1,0,0,0,720,0
1363,4954295478,Authentication,166,34,-54,920,0,11,0,0,0,0,0,0,0,0
1364,4954307033,Authentication,166,34,-20,920,0,11,0,0,0,0,0,0,720,0
1365,4954312763,Authentication,166,34,-21,920,0,11,0,0,1,0,0,0,720,0
1366,4954318494,Authentication,166,34,-22,920,0,11,0,0,1,0,0,0,720,0
1367,4954324280,Authentication,166,34,-20,920,0,11,0,0,1,0,0,0,720,0
1368,4954476843,S1G Beacon,61,34,-22,920,3,1,,,,,,,0,0
1369,4954545333,Authentication,166,34,-54,920,0,11,0,0,0,0,0,0,0,0
1370,4954557043,Authentication,166,34,-21,920,0,11,0,0,0,0,0,0,720,0
1371,4954562929,Authentication,166,34,-22,920,0,11,0,0,1,0,0,0,720,0
1372,4954568765,Authentication,166,34,-23,920,0,11,0,0,1,0,0,0,720,0
1373,4954574498,Authentication,166,34,-23,920,0,11,0,0,1,0,0,0,720,0
1374,4954807474,Authentication,166,34,-58,920,0,11,0,0,0,0,0,0,0,0
1375,4954816845,Authentication,166,34,-21,920,0,11,0,0,0,0,0,0,720,0
1376,4954822731,Authentication,166,34,-21,920,0,11,0,0,1,0,0,0,720,0
1377,4954828669,Authentication,166,34,-23,920,0,11,0,0,1,0,0,0,720,0
1378,4954834452,Authentication,166,34,-22,920,0,11,0,0,1,0,0,0,720,0
1379,4955069617,Authentication,166,34,-58,920,0,11,0,0,0,0,0,0,0,0
1380,4955086785,Authentication,166,34,-20,920,0,11,0,0,0,0,0,0,720,0
1381,4955092723,Authentication,166,34,-20,920,0,11,0,0,1,0,0,0,720,0
1382,4955098609,Authentication,166,34,-22,920,0,11,0,0,1,0,0,0,720,0
1383,4955104287,Authentication,166,34,-21,920,0,11,0,0,1,0,0,0,720,0
1384,4955296046,S1G Beacon,129,34,-21,920,3,1,,,,,,,0,0
1385,4955317421,Authentication,166,34,-58,920,0,11,0,0,0,0,0,0,0,0
1386,4955327053,Authentication,166,34,-22,920,0,11,0,0,0,0,0,0,720,0
1387,4955332835,Authentication,166,34,-21,920,0,11,0,0,1,0,0,0,720,0
1388,4955338514,Authentication,166,34,-22,920,0,11,0,0,1,0,0,0,720,0
1389,4955344298,Authentication,166,34,-21,920,0,11,0,0,1,0,0,0,720,0
1390,4955567276,Authentication,166,34,-59,920,0,11,0,0,0,0,0,0,0,0
1391,4955576803,Authentication,166,34,-21,920,0,11,0,0,0,0,0,0,720,0
1392,4955582482,Authentication,166,34,-21,920,0,11,0,0,1,0,0,0,720,0
1393,4955588265,Authentication,166,34,-22,920,0,11,0,0,1,0,0,0,720,0
1394,4955593995,Authentication,166,34,-21,920,0,11,0,0,1,0,0,0,720,0
1395,4955823275,Authentication,166,34,-54,920,0,11,0,0,0,0,0,0,0,0
1396,4955831865,Authentication,166,34,-22,920,0,11,0,0,0,0,0,0,720,0
1397,4955837804,Authentication,166,34,-22,920,0,11,0,0,1,0,0,0,720,0
1398,4955843692,Authentication,166,34,-22,920,0,11,0,0,1,0,0,0,720,0
1399,4955849476,Authentication,166,34,-21,920,0,11,0,0,1,0,0,0,720,0
1400,4956085418,Authentication,166,34,-58,920,0,11,0,0,0,0,0,0,0,0
1401,4956097022,Authentication,166,34,-21,920,0,11,0,0,0,0,0,0,720,0
1402,4956102703,Authentication,166,34,-21,920,0,11,0,0,1,0,0,0,720,0
1403,4956108747,Authentication,166,34,-23,920,0,11,0,0,1,0,0,0,720,0
1404,4956115252,S1G Beacon,61,34,-21,920,3,1,,,,,,,0,0
1405,4956117038,Authentication,166,34,-21,920,0,11,0,0,1,0,0,0,720,0
1406,4956331175,Authentication,166,34,-54,920,0,11,0,0,0,0,0,0,0,0
1407,4956346837,Authentication,166,34,-24,920,0,11,0,0,0,0,0,0,720,0
1408,4956352619,Authentication,166,34,-27,920,0,11,0,0,1,0,0,0,720,0
1409,4956357977,QoS Data,149,34,-40,920,2,8,1,0,0,0,0,1,720,0
1411,4956360031,Authentication,166,34,-24,920,0,11,0,0,1,0,0,0,720,0
1412,4956365813,Authentication,166,34,-25,920,0,11,0,0,1,0,0,0,720,0
1413,4956384596,Data,287,34,-23,920,2,0,0,0,0,0,0,1,0,0
1414,4956392435,QoS Data,149,34,-29,920,2,8,0,0,0,0,0,1,720,0
1416,4956400363,QoS Data,131,34,-22,920,2,8,1,0,0,0,0,1,720,0
1418,4956587174,Authentication,166,34,-54,920,0,11,0,0,0,0,0,0,0,0
1419,4956597687,Authentication,166,34,-22,920,0,11,0,0,0,0,0,0,720,0
1420,4956603368,Authentication,166,34,-23,920,0,11,0,0,1,0,0,0,720,0
1421,4956609307,Authentication,166,34,-22,920,0,11,0,0,1,0,0,0,720,0
1422,4956615144,Authentication,166,34,-23,920,0,11,0,0,1,0,0,0,720,0
1423,4956645924,QoS Data,128,34,-38,920,2,8,1,0,1,0,0,1,720,0
1425,4956648201,QoS Data,128,34,-29,920,2,8,0,0,0,0,0,1,720,0
1427,4956839076,Authentication,166,34,-54,920,0,11,0,0,0,0,0,0,0,0
1428,4956856766,Authentication,166,34,-22,920,0,11,0,0,0,0,0,0,720,0
1429,4956862443,Authentication,166,34,-22,920,0,11,0,0,1,0,0,0,720,0
1430,4956868382,Authentication,166,34,-23,920,0,11,0,0,1,0,0,0,720,0
1431,4956874165,Authentication,166,34,-22,920,0,11,0,0,1,0,0,0,720,0
1432,4956934456,S1G Beacon,129,34,-24,920,3,1,,,,,,,0,0
1433,4957101218,Authentication,166,34,-54,920,0,11,0,0,0,0,0,0,0,0
1434,4957116828,Authentication,166,34,-22,920,0,11,0,0,0,0,0,0,720,0
1435,4957122872,Authentication,166,34,-22,920,0,11,0,0,1,0,0,0,720,0
1437,4957134593,Authentication,166,34,-23,920,0,11,0,0,1,0,0,0,720,0
1438,4957360285,Authentication,166,34,-55,920,0,11,0,0,0,0,0,0,0,0
1439,4957376780,Authentication,166,34,-21,920,0,11,0,0,0,0,0,0,720,0
1440,4957382824,Authentication,166,34,-22,920,0,11,0,0,1,0,0,0,720,0
1441,4957388556,Authentication,166,34,-22,920,0,11,0,0,1,0,0,0,720,0
1442,4957394494,Authentication,166,34,-22,920,0,11,0,0,1,0,0,0,720,0
1443,4957603998,Authentication,166,34,-56,920,0,11,0,0,0,0,0,0,0,0
1444,4957616907,Authentication,166,34,-22,920,0,11,0,0,0,0,0,0,720,0
1445,4957622636,Authentication,166,34,-23,920,0,11,0,0,1,0,0,0,720,0
1446,4957628681,Authentication,166,34,-22,920,0,11,0,0,1,0,0,0,720,0
1447,4957634672,Authentication,166,34,-23,920,0,11,0,0,1,0,0,0,720,0
1448,4957753656,S1G Beacon,61,34,-22,920,3,1,,,,,,,0,0
1449,4957854877,Authentication,166,34,-57,920,0,11,0,0,0,0,0,0,0,0
1450,4957866849,Authentication,166,34,-22,920,0,11,0,0,0,0,0,0,720,0
1451,4957872582,Authentication,166,34,-22,920,0,11,0,0,1,0,0,0,720,0
1452,4957878367,Authentication,166,34,-22,920,0,11,0,0,1,0,0,0,720,0
1453,4957884360,Authentication,166,34,-22,920,0,11,0,0,1,0,0,0,720,0
1454,4958117020,Authentication,166,34,-54,920,0,11,0,0,0,0,0,0,0,0
1455,4958126806,Authentication,166,34,-22,920,0,11,0,0,0,0,0,0,720,0
1456,4958132746,Authentication,166,34,-23,920,0,11,0,0,1,0,0,0,720,0
1457,4958138529,Authentication,166,34,-23,920,0,11,0,0,1,0,0,0,720,0
1458,4958144207,Authentication,166,34,-22,920,0,11,0,0,1,0,0,0,720,0
1459,4958376087,Authentication,166,34,-54,920,0,11,0,0,0,0,0,0,0,0
1460,4958386809,Authentication,166,34,-22,920,0,11,0,0,0,0,0,0,720,0
1461,4958392694,Authentication,166,34,-23,920,0,11,0,0,1,0,0,0,720,0
1462,4958398372,Authentication,166,34,-24,920,0,11,0,0,1,0,0,0,720,0
1463,4958404053,Authentication,166,34,-23,920,0,11,0,0,1,0,0,0,720,0
1464,4958572859,S1G Beacon,129,34,-22,920,3,1,,,,,,,0,0
1465,4958619800,Authentication,166,34,-54,920,0,11,0,0,0,0,0,0,0,0
1466,4958627036,Authentication,166,34,-22,920,0,11,0,0,0,0,0,0,720,0
1467,4958633027,Authentication,166,34,-22,920,0,11,0,0,1,0,0,0,720,0
1468,4958638812,Authentication,166,34,-23,920,0,11,0,0,1,0,0,0,720,0
1469,4958644649,Authentication,166,34,-22,920,0,11,0,0,1,0,0,0,720,0
1470,4958872726,Authentication,166,34,-53,920,0,11,0,0,0,0,0,0,0,0
1471,4958886776,Authentication,166,34,-23,920,0,11,0,0,0,0,0,0,720,0
1472,4958892714,Authentication,166,34,-22,920,0,11,0,0,1,0,0,0,720,0
1473,4958898706,Authentication,166,34,-22,920,0,11,0,0,1,0,0,0,720,0
1474,4958904383,Authentication,166,34,-22,920,0,11,0,0,1,0,0,0,720,0
1475,4959132821,Authentication,166,34,-53,920,0,11,0,0,0,0,0,0,0,0
1476,4959146818,Authentication,166,34,-21,920,0,11,0,0,0,0,0,0,720,0
1477,4959152550,Authentication,166,34,-23,920,0,11,0,0,1,0,0,0,720,0
1478,4959158282,Authentication,166,34,-23,920,0,11,0,0,1,0,0,0,720,0
1479,4959164272,Authentication,166,34,-22,920,0,11,0,0,1,0,0,0,720,0
1480,4959392063,S1G Beacon,61,34,-22,920,3,1,,,,,,,0,0
1481,4959408571,Data,287,34,-22,920,2,0,0,0,0,0,0,1,0,0
1482,4959638672,Authentication,166,34,-55,920,0,11,0,0,0,0,0,0,0,0
1483,4959649912,Authentication,166,34,-23,920,0,11,0,0,0,0,0,0,720,0
1484,4959655903,Authentication,166,34,-22,920,0,11,0,0,1,0,0,0,720,0
1485,4959661633,Authentication,166,34,-22,920,0,11,0,0,1,0,0,0,720,0
1486,4959667572,Authentication,166,34,-22,920,0,11,0,0,1,0,0,0,720,0
1487,4959886479,Authentication,166,34,-54,920,0,11,0,0,0,0,0,0,0,0
1488,4959896837,Authentication,166,34,-22,920,0,11,0,0,0,0,0,0,720,0
1489,4959902672,Authentication,166,34,-22,920,0,11,0,0,1,0,0,0,720,0
1490,4959908612,Authentication,166,34,-21,920,0,11,0,0,1,0,0,0,720,0
1491,4959914603,Authentication,166,34,-22,920,0,11,0,0,1,0,0,0,720,0
1492,4960148622,Authentication,166,34,-53,920,0,11,0,0,0,0,0,0,0,0
1493,4960156794,Authentication,166,34,-21,920,0,11,0,0,0,0,0,0,720,0
1494,4960162628,Authentication,166,34,-23,920,0,11,0,0,1,0,0,0,720,0
1495,4960168309,Authentication,166,34,-22,920,0,11,0,0,1,0,0,0,720,0
1496,4960174093,Authentication,166,34,-22,920,0,11,0,0,1,0,0,0,720,0
1497,4960211266,S1G Beacon,129,34,-22,920,3,1,,,,,,,0,0
1498,4960409735,Authentication,166,34,-57,920,0,11,0,0,0,0,0,0,0,0
1499,4960426750,Authentication,166,34,-21,920,0,11,0,0,0,0,0,0,720,0
1500,4960432481,Authentication,166,34,-22,920,0,11,0,0,1,0,0,0,720,0
1501,4960438213,Authentication,166,34,-22,920,0,11,0,0,1,0,0,0,720,0
1502,4960444257,Authentication,166,34,-22,920,0,11,0,0,1,0,0,0,720,0
1503,4960646281,Authentication,166,34,-56,920,0,11,0,0,0,0,0,0,0,0
1504,4960654506,Authentication,166,34,-23,920,0,11,0,0,0,0,0,0,720,0
1505,4960660446,Authentication,166,34,-23,920,0,11,0,0,1,0,0,0,720,0
1506,4960666437,Authentication,166,34,-23,920,0,11,0,0,1,0,0,0,720,0
1507,4960672219,Authentication,166,34,-22,920,0,11,0,0,1,0,0,0,720,0
1508,4960902281,Authentication,166,34,-54,920,0,11,0,0,0,0,0,0,0,0
1509,4960916799,Authentication,166,34,-22,920,0,11,0,0,0,0,0,0,720,0
1510,4960922737,Authentication,166,34,-23,920,0,11,0,0,1,0,0,0,720,0
1511,4960928729,Authentication,166,34,-23,920,0,11,0,0,1,0,0,0,720,0
1512,4960934459,Authentication,166,34,-22,920,0,11,0,0,1,0,0,0,720,0
1513,4961030472,S1G Beacon,61,34,-23,920,3,1,,,,,,,0,0
1514,4961164423,Authentication,166,34,-58,920,0,11,0,0,0,0,0,0,0,0
1515,4961176807,Authentication,166,34,-22,920,0,11,0,0,0,0,0,0,720,0
1516,4961182851,Authentication,166,34,-22,920,0,11,0,0,1,0,0,0,720,0
1517,4961188635,Authentication,166,34,-22,920,0,11,0,0,1,0,0,0,720,0
1518,4961194367,Authentication,166,34,-22,920,0,11,0,0,1,0,0,0,720,0
1519,4961413251,Authentication,166,34,-54,920,0,11,0,0,0,0,0,0,0,0
1520,4961418044,QoS Data,149,34,-53,920,2,8,1,0,1,0,0,1,720,0
1522,4961426802,Authentication,166,34,-24,920,0,11,0,0,0,0,0,0,720,0
1523,4961432533,Authentication,166,34,-21,920,0,11,0,0,1,0,0,0,720,0
1524,4961438579,Authentication,166,34,-22,920,0,11,0,0,1,0,0,0,720,0
1525,4961444309,Authentication,166,34,-23,920,0,11,0,0,1,0,0,0,720,0
1526,4961660036,Authentication,166,34,-53,920,0,11,0,0,0,0,0,0,0,0
1527,4961664673,QoS Data,149,34,-29,920,2,8,0,0,0,0,0,1,720,0
1529,4961666930,Authentication,166,34,-22,920,0,11,0,0,0,0,0,0,720,0
1531,4961674614,Authentication,166,34,-22,920,0,11,0,0,1,0,0,0,720,0
1532,4961680554,Authentication,166,34,-22,920,0,11,0,0,1,0,0,0,720,0
1533,4961686235,Authentication,166,34,-22,920,0,11,0,0,1,0,0,0,720,0
1534,4961839333,QoS Data,131,34,-29,920,2,8,0,0,0,0,0,1,720,0
1536,4961849675,S1G Beacon,129,34,-23,920,3,1,,,,,,,0,0
1537,4961892368,QoS Data,128,34,-43,920,2,8,1,0,0,0,0,1,720,0
1539,4961894539,QoS Data,128,34,-31,920,2,8,0,0,0,0,0,1,720,0
1541,4961918082,Authentication,166,34,-53,920,0,11,0,0,0,0,0,0,0,0
1542,4961927035,Authentication,166,34,-24,920,0,11,0,0,0,0,0,0,720,0
1543,4961932869,Authentication,166,34,-23,920,0,11,0,0,1,0,0,0,720,0
1544,4961938808,Authentication,166,34,-23,920,0,11,0,0,1,0,0,0,720,0
1545,4961944798,Authentication,166,34,-25,920,0,11,0,0,1,0,0,0,720,0
1546,4962180224,Authentication,166,34,-53,920,0,11,0,0,0,0,0,0,0,0
1547,4962196770,Authentication,166,34,-23,920,0,11,0,0,0,0,0,0,720,0
1548,4962202500,Authentication,166,34,-24,920,0,11,0,0,1,0,0,0,720,0
1549,4962208387,Authentication,166,34,-25,920,0,11,0,0,1,0,0,0,720,0
1550,4962214430,Authentication,166,34,-24,920,0,11,0,0,1,0,0,0,720,0
1551,4962433240,Data,287,34,-23,920,2,0,0,0,0,0,0,1,0,0
1552,4962668878,S1G Beacon,61,34,-22,920,3,1,,,,,,,0,0
1553,4962671741,Authentication,166,34,-57,920,0,11,0,0,0,0,0,0,0,0
1554,4962683920,Authentication,166,34,-22,920,0,11,0,0,0,0,0,0,720,0
1555,4962689705,Authentication,166,34,-22,920,0,11,0,0,1,0,0,0,720,0
1556,4962695436,Authentication,166,34,-23,920,0,11,0,0,1,0,0,0,720,0
1557,4962701269,Authentication,166,34,-23,920,0,11,0,0,1,0,0,0,720,0
1558,4962933883,Authentication,166,34,-53,920,0,11,0,0,0,0,0,0,0,0
1559,4962946791,Authentication,166,34,-23,920,0,11,0,0,0,0,0,0,720,0
1560,4962952523,Authentication,166,34,-22,920,0,11,0,0,1,0,0,0,720,0
1561,4962958359,Authentication,166,34,-24,920,0,11,0,0,1,0,0,0,720,0
1562,4962964143,Authentication,166,34,-24,920,0,11,0,0,1,0,0,0,720,0
1563,4963196025,Authentication,166,34,-53,920,0,11,0,0,0,0,0,0,0,0
1564,4963207214,Authentication,166,34,-22,920,0,11,0,0,0,0,0,0,720,0
1565,4963213099,Authentication,166,34,-23,920,0,11,0,0,1,0,0,0,720,0
1566,4963218881,Authentication,166,34,-23,920,0,11,0,0,1,0,0,0,720,0
1567,4963224718,Authentication,166,34,-24,920,0,11,0,0,1,0,0,0,720,0
1568,4963450997,Authentication,166,34,-54,920,0,11,0,0,0,0,0,0,0,0
1569,4963467283,Authentication,166,34,-22,920,0,11,0,0,0,0,0,0,720,0
1570,4963472960,Authentication,166,34,-24,920,0,11,0,0,1,0,0,0,720,0
1571,4963478898,Authentication,166,34,-22,920,0,11,0,0,1,0,0,0,720,0
1572,4963488082,S1G Beacon,129,34,-22,920,3,1,,,,,,,0,0
1573,4963491669,Authentication,166,34,-23,920,0,11,0,0,1,0,0,0,720,0
1574,4963695732,Authentication,166,34,-54,920,0,11,0,0,0,0,0,0,0,0
1575,4963949684,Authentication,166,34,-57,920,0,11,0,0,0,0,0,0,0,0
1576,4963966751,Authentication,166,34,-22,920,0,11,0,0,0,0,0,0,720,0
1577,4963972533,Authentication,166,34,-23,920,0,11,0,0,1,0,0,0,720,0
1578,4963978264,Authentication,166,34,-23,920,0,11,0,0,1,0,0,0,720,0
1579,4963984202,Authentication,166,34,-23,920,0,11,0,0,1,0,0,0,720,0
1580,4964211826,Authentication,166,34,-58,920,0,11,0,0,0,0,0,0,0,0
1581,4964226812,Authentication,166,34,-24,920,0,11,0,0,0,0,0,0,720,0
1582,4964232856,Authentication,166,34,-23,920,0,11,0,0,1,0,0,0,720,0
1583,4964238742,Authentication,166,34,-24,920,0,11,0,0,1,0,0,0,720,0
1584,4964244683,Authentication,166,34,-24,920,0,11,0,0,1,0,0,0,720,0
1585,4964307283,S1G Beacon,61,34,-23,920,3,1,,,,,,,0,0
1586,4964471915,Authentication,166,34,-54,920,0,11,0,0,0,0,0,0,0,0
1587,4964486797,Authentication,166,34,-23,920,0,11,0,0,0,0,0,0,720,0
1588,4964492632,Authentication,166,34,-25,920,0,11,0,0,1,0,0,0,720,0
1589,4964498520,Authentication,166,34,-23,920,0,11,0,0,1,0,0,0,720,0
1590,4964504304,Authentication,166,34,-24,920,0,11,0,0,1,0,0,0,720,0
1591,4964714605,Authentication,166,34,-54,920,0,11,0,0,0,0,0,0,0,0
1592,4964726783,Authentication,166,34,-23,920,0,11,0,0,0,0,0,0,720,0
1593,4964732671,Authentication,166,34,-23,920,0,11,0,0,1,0,0,0,720,0
1594,4964738558,Authentication,166,34,-23,920,0,11,0,0,1,0,0,0,720,0
1595,4964744396,Authentication,166,34,-25,920,0,11,0,0,1,0,0,0,720,0
1596,4964965485,Authentication,166,34,-55,920,0,11,0,0,0,0,0,0,0,0
1597,4964973920,Authentication,166,34,-23,920,0,11,0,0,0,0,0,0,720,0
1598,4964979652,Authentication,166,34,-24,920,0,11,0,0,1,0,0,0,720,0
1599,4964985434,Authentication,166,34,-24,920,0,11,0,0,1,0,0,0,720,0
1600,4964991426,Authentication,166,34,-23,920,0,11,0,0,1,0,0,0,720,0
1601,4965126485,S1G Beacon,129,34,-23,920,3,1,,,,,,,0,0
1602,4965227627,Authentication,166,34,-54,920,0,11,0,0,0,0,0,0,0,0
1603,4965236787,Authentication,166,34,-21,920,0,11,0,0,0,0,0,0,720,0
1604,4965247783,Authentication,166,34,-24,920,0,11,0,0,1,0,0,0,720,0
1605,4965253723,Authentication,166,34,-22,920,0,11,0,0,1,0,0,0,720,0
1606,4965456644,Data,287,34,-23,920,2,0,0,0,0,0,0,1,0,0
1607,4965485670,Authentication,166,34,-54,920,0,11,0,0,0,0,0,0,0,0
1608,4965495454,Authentication,166,34,-24,920,0,11,0,0,0,0,0,0,720,0
1609,4965501395,Authentication,166,34,-23,920,0,11,0,0,1,0,0,0,720,0
1610,4965507337,Authentication,166,34,-23,920,0,11,0,0,1,0,0,0,720,0
1611,4965513223,Authentication,166,34,-26,920,0,11,0,0,1,0,0,0,720,0
1612,4965726311,Authentication,166,34,-54,920,0,11,0,0,0,0,0,0,0,0
1613,4965736774,Authentication,166,34,-24,920,0,11,0,0,0,0,0,0,720,0
1614,4965742506,Authentication,166,34,-24,920,0,11,0,0,1,0,0,0,720,0
1615,4965748499,Authentication,166,34,-23,920,0,11,0,0,1,0,0,0,720,0
1616,4965754175,Authentication,166,34,-24,920,0,11,0,0,1,0,0,0,720,0
1617,4965945691,S1G Beacon,61,34,-24,920,3,1,,,,,,,0,0
1618,4965981286,Authentication,166,34,-58,920,0,11,0,0,0,0,0,0,0,0
1619,4965997106,Authentication,166,34,-27,920,0,11,0,0,0,0,0,0,720,0
1620,4966003147,Authentication,166,34,-25,920,0,11,0,0,1,0,0,0,720,0
1621,4966008930,Authentication,166,34,-27,920,0,11,0,0,1,0,0,0,720,0
1622,4966014715,Authentication,166,34,-24,920,0,11,0,0,1,0,0,0,720,0
1623,4966243428,Authentication,166,34,-59,920,0,11,0,0,0,0,0,0,0,0
1624,4966256856,Authentication,166,34,-26,920,0,11,0,0,0,0,0,0,720,0
1625,4966262848,Authentication,166,34,-24,920,0,11,0,0,1,0,0,0,720,0
1626,4966268683,Authentication,166,34,-23,920,0,11,0,0,1,0,0,0,720,0
1627,4966274675,Authentication,166,34,-24,920,0,11,0,0,1,0,0,0,720,0
1628,4966494304,Authentication,166,34,-55,920,0,11,0,0,0,0,0,0,0,0
1629,4966506796,Authentication,166,34,-23,920,0,11,0,0,0,0,0,0,720,0
1630,4966512736,Authentication,166,34,-24,920,0,11,0,0,1,0,0,0,720,0
1631,4966518468,Authentication,166,34,-24,920,0,11,0,0,1,0,0,0,720,0
1632,4966524253,Authentication,166,34,-24,920,0,11,0,0,1,0,0,0,720,0
1633,4966734945,Authentication,166,34,-57,920,0,11,0,0,0,0,0,0,0,0
1634,4966746758,Authentication,166,34,-24,920,0,11,0,0,0,0,0,0,720,0
1635,4966752436,Authentication,166,34,-24,920,0,11,0,0,1,0,0,0,720,0
1636,4966764894,S1G Beacon,129,34,-24,920,3,1,,,,,,,0,0
1637,4966769107,Data,378,34,-25,920,2,0,0,0,0,0,0,1,0,0
1638,4966779334,Authentication,166,34,-24,920,0,11,0,0,1,0,0,0,720,0
1639,4966785063,Authentication,166,34,-24,920,0,11,0,0,1,0,0,0,720,0
1640,4966849856,QoS Data,149,34,-42,920,2,8,1,0,0,0,0,1,720,0
1642,4966852429,QoS Data,149,34,-30,920,2,8,0,0,0,0,0,1,720,0
1644,4966856558,Data,387,34,-24,920,2,0,0,0,0,0,0,1,0,0
1645,4966867077,QoS Data,131,34,-22,920,2,8,1,0,0,0,0,1,720,0
1647,4966869455,QoS Data,131,34,-29,920,2,8,0,0,0,0,0,1,720,0
1649,4966893415,QoS Data,128,34,-41,920,2,8,1,0,0,0,0,1,720,0
1651,4966895431,QoS Data,128,34,-30,920,2,8,0,0,0,0,0,1,720,0
1653,4966960570,Data,450,34,-23,920,2,0,0,0,0,0,0,1,0,0
1654,4966997087,Authentication,166,34,-59,920,0,11,0,0,0,0,0,0,0,0
1655,4967007028,Authentication,166,34,-23,920,0,11,0,0,0,0,0,0,720,0
1656,4967012967,Authentication,166,34,-24,920,0,11,0,0,1,0,0,0,720,0
1657,4967018748,Authentication,166,34,-23,920,0,11,0,0,1,0,0,0,720,0
1658,4967024429,Authentication,166,34,-22,920,0,11,0,0,1,0,0,0,720,0
1659,4967064635,Data,442,34,-23,920,2,0,0,0,0,0,0,1,0,0
1660,4967087086,Disassociation,64,34,-23,920,0,10,0,0,0,0,0,0,720,0
1661,4967090253,Disassociation,64,34,-23,920,0,10,0,0,1,0,0,0,720,0
1662,4967093265,Disassociation,64,34,-25,920,0,10,0,0,1,0,0,0,720,0
1663,4967096225,Disassociation,64,34,-24,920,0,10,0,0,1,0,0,0,720,0
1664,4967168710,Data,387,34,-23,920,2,0,0,0,0,0,0,1,0,0
1665,4967259229,Authentication,166,34,-56,920,0,11,0,0,0,0,0,0,0,0
1666,4967276764,Authentication,166,34,-23,920,0,11,0,0,0,0,0,0,720,0
1667,4967283067,Data,426,34,-23,920,2,0,0,0,0,0,0,1,0,0
1668,4967294574,Authentication,166,34,-24,920,0,11,0,0,1,0,0,0,720,0
1669,4967300460,Authentication,166,34,-23,920,0,11,0,0,1,0,0,0,720,0
1670,4967306349,Authentication,166,34,-24,920,0,11,0,0,1,0,0,0,720,0
1671,4967376822,Data,458,34,-24,920,2,0,0,0,0,0,0,1,0,0
1672,4967480690,Data,387,34,-22,920,2,0,0,0,0,0,0,1,0,0
1673,4967504986,Authentication,166,34,-57,920,0,11,0,0,0,0,0,0,0,0
1674,4967516802,Authentication,166,34,-23,920,0,11,0,0,0,0,0,0,720,0
1675,4967522638,Authentication,166,34,-23,920,0,11,0,0,1,0,0,0,720,0
1676,4967528628,Authentication,166,34,-22,920,0,11,0,0,1,0,0,0,720,0
1677,4967534412,Authentication,166,34,-23,920,0,11,0,0,1,0,0,0,720,0
1678,4967584099,S1G Beacon,61,34,-24,920,3,1,,,,,,,0,0
1679,4967586511,Data,446,34,-22,920,2,0,0,0,0,0,0,1,0,0
1680,4967688654,Data,440,34,-23,920,2,0,0,0,0,0,0,1,0,0
1681,4967754841,Authentication,166,34,-54,920,0,11,0,0,0,0,0,0,0,0
1682,4967766759,Authentication,166,34,-24,920,0,11,0,0,0,0,0,0,720,0
1683,4967772440,Authentication,166,34,-23,920,0,11,0,0,1,0,0,0,720,0
1684,4967778222,Authentication,166,34,-24,920,0,11,0,0,1,0,0,0,720,0
1685,4967783954,Authentication,166,34,-23,920,0,11,0,0,1,0,0,0,720,0
1686,4967792752,Data,387,34,-22,920,2,0,0,0,0,0,0,1,0,0
1687,4967896666,Data,442,34,-23,920,2,0,0,0,0,0,0,1,0,0
1688,4968000654,Data,452,34,-23,920,2,0,0,0,0,0,0,1,0,0
1689,4968012888,Authentication,166,34,-59,920,0,11,0,0,0,0,0,0,0,0
1690,4968026729,Authentication,166,34,-22,920,0,11,0,0,0,0,0,0,720,0
1691,4968032617,Authentication,166,34,-22,920,0,11,0,0,1,0,0,0,720,0
1692,4968038554,Authentication,166,34,-24,920,0,11,0,0,1,0,0,0,720,0
1693,4968044388,Authentication,166,34,-22,920,0,11,0,0,1,0,0,0,720,0
1694,4968275030,Authentication,166,34,-59,920,0,11,0,0,0,0,0,0,0,0
1695,4968286793,Authentication,166,34,-24,920,0,11,0,0,0,0,0,0,720,0
1696,4968292681,Authentication,166,34,-25,920,0,11,0,0,1,0,0,0,720,0
1697,4968298465,Authentication,166,34,-24,920,0,11,0,0,1,0,0,0,720,0
1698,4968304458,Authentication,166,34,-26,920,0,11,0,0,1,0,0,0,720,0
1699,4968403300,S1G Beacon,129,34,-24,920,3,1,,,,,,,0,0
1700,4968480676,Data,287,34,-23,920,2,0,0,0,0,0,0,1,0,0
1701,4968523858,Authentication,166,34,-58,920,0,11,0,0,0,0,0,0,0,0
1702,4968536765,Authentication,166,34,-27,920,0,11,0,0,0,0,0,0,720,0
1703,4968542445,Authentication,166,34,-25,920,0,11,0,0,1,0,0,0,720,0
1704,4968548125,Authentication,166,34,-26,920,0,11,0,0,1,0,0,0,720,0
1705,4968553857,Authentication,166,34,-26,920,0,11,0,0,1,0,0,0,720,0
1706,4968766547,Authentication,166,34,-58,920,0,11,0,0,0,0,0,0,0,0
1707,4968776747,Authentication,166,34,-25,920,0,11,0,0,0,0,0,0,720,0
1708,4968782738,Authentication,166,34,-26,920,0,11,0,0,1,0,0,0,720,0
1709,4968788469,Authentication,166,34,-26,920,0,11,0,0,1,0,0,0,720,0
1710,4968794200,Authentication,166,34,-26,920,0,11,0,0,1,0,0,0,720,0
1711,4969028689,Authentication,166,34,-59,920,0,11,0,0,0,0,0,0,0,0
1712,4969038161,Authentication,166,34,-25,920,0,11,0,0,0,0,0,0,720,0
1713,4969043947,Authentication,166,34,-27,920,0,11,0,0,1,0,0,0,720,0
1714,4969049888,Authentication,166,34,-23,920,0,11,0,0,1,0,0,0,720,0
1715,4969055567,Authentication,166,34,-26,920,0,11,0,0,1,0,0,0,720,0
1716,4969222504,S1G Beacon,61,34,-24,920,3,1,,,,,,,0,0
1717,4969290831,Authentication,166,34,-60,920,0,11,0,0,0,0,0,0,0,0
1718,4969300981,Authentication,166,34,-23,920,0,11,0,0,0,0,0,0,720,0
1719,4969306815,Authentication,166,34,-27,920,0,11,0,0,1,0,0,0,720,0
1720,4969312755,Authentication,166,34,-28,920,0,11,0,0,1,0,0,0,720,0
1721,4969318695,Authentication,166,34,-27,920,0,11,0,0,1,0,0,0,720,0
1722,4969528396,Authentication,166,34,-58,920,0,11,0,0,0,0,0,0,0,0
1723,4969536780,Authentication,166,34,-27,920,0,11,0,0,0,0,0,0,720,0
1724,4969542562,Authentication,166,34,-28,920,0,11,0,0,1,0,0,0,720,0
1725,4969548399,Authentication,166,34,-29,920,0,11,0,0,1,0,0,0,720,0
1726,4969554337,Authentication,166,34,-28,920,0,11,0,0,1,0,0,0,720,0
1727,4969782348,Authentication,166,34,-58,920,0,11,0,0,0,0,0,0,0,0
1728,4969795982,Authentication,166,34,-28,920,0,11,0,0,0,0,0,0,720,0
1729,4969801871,Authentication,166,34,-27,920,0,11,0,0,1,0,0,0,720,0
1730,4969807550,Authentication,166,34,-27,920,0,11,0,0,1,0,0,0,720,0
1731,4969813333,Authentication,166,34,-27,920,0,11,0,0,1,0,0,0,720,0
1732,4970041706,S1G Beacon,129,34,-27,920,3,1,,,,,,,0,0
1733,4970306632,Authentication,166,34,-59,920,0,11,0,0,0,0,0,0,0,0
1734,4970316782,Authentication,166,34,-26,920,0,11,0,0,0,0,0,0,720,0
1735,4970322826,Authentication,166,34,-26,920,0,11,0,0,1,0,0,0,720,0
1736,4970328661,Authentication,166,34,-25,920,0,11,0,0,1,0,0,0,720,0
1737,4970334599,Authentication,166,34,-24,920,0,11,0,0,1,0,0,0,720,0
1738,4970550332,Authentication,166,34,-58,920,0,11,0,0,0,0,0,0,0,0
1739,4970566671,Authentication,166,34,-23,920,0,11,0,0,0,0,0,0,720,0
1740,4970572403,Authentication,166,34,-24,920,0,11,0,0,1,0,0,0,720,0
1741,4970578187,Authentication,166,34,-24,920,0,11,0,0,1,0,0,0,720,0
1742,4970584126,Authentication,166,34,-23,920,0,11,0,0,1,0,0,0,720,0
1743,4970805315,Authentication,166,34,-58,920,0,11,0,0,0,0,0,0,0,0
1744,4970816765,Authentication,166,34,-24,920,0,11,0,0,0,0,0,0,720,0
1745,4970822602,Authentication,166,34,-24,920,0,11,0,0,1,0,0,0,720,0
1746,4970828543,Authentication,166,34,-24,920,0,11,0,0,1,0,0,0,720,0
1747,4970834221,Authentication,166,34,-24,920,0,11,0,0,1,0,0,0,720,0
1748,4970860911,S1G Beacon,61,34,-22,920,3,1,,,,,,,0,0
1749,4971060291,Authentication,166,34,-56,920,0,11,0,0,0,0,0,0,0,0
1750,4971076681,Authentication,166,34,-22,920,0,11,0,0,0,0,0,0,720,0
1751,4971082464,Authentication,166,34,-23,920,0,11,0,0,1,0,0,0,720,0
1752,4971088194,Authentication,166,34,-23,920,0,11,0,0,1,0,0,0,720,0
1753,4971094084,Authentication,166,34,-23,920,0,11,0,0,1,0,0,0,720,0
1754,4971322433,Authentication,166,34,-59,920,0,11,0,0,0,0,0,0,0,0
1755,4971336744,Authentication,166,34,-23,920,0,11,0,0,0,0,0,0,720,0
1756,4971342788,Authentication,166,34,-23,920,0,11,0,0,1,0,0,0,720,0
1757,4971348469,Authentication,166,34,-23,920,0,11,0,0,1,0,0,0,720,0
1758,4971354409,Authentication,166,34,-24,920,0,11,0,0,1,0,0,0,720,0
1759,4971504650,Data,287,34,-23,920,2,0,0,0,0,0,0,1,0,0
1760,4971567166,Authentication,166,34,-57,920,0,11,0,0,0,0,0,0,0,0
1761,4971576743,Authentication,166,34,-23,920,0,11,0,0,0,0,0,0,720,0
1762,4971582732,Authentication,166,34,-24,920,0,11,0,0,1,0,0,0,720,0
1763,4971588465,Authentication,166,34,-23,920,0,11,0,0,1,0,0,0,720,0
1764,4971594248,Authentication,166,34,-24,920,0,11,0,0,1,0,0,0,720,0
1765,4971680114,S1G Beacon,129,34,-24,920,3,1,,,,,,,0,0
1766,4971813950,Authentication,166,34,-56,920,0,11,0,0,0,0,0,0,0,0
1767,4971826960,Authentication,166,34,-24,920,0,11,0,0,0,0,0,0,720,0
1768,4971833005,Authentication,166,34,-24,920,0,11,0,0,1,0,0,0,720,0
1769,4971839048,Authentication,166,34,-26,920,0,11,0,0,1,0,0,0,720,0
1770,4971844729,Authentication,166,34,-26,920,0,11,0,0,1,0,0,0,720,0
1771,4971879466,QoS Data,148,34,-36,920,2,8,1,0,0,0,0,1,720,0
1773,4971881725,QoS Data,148,34,-31,920,2,8,0,0,0,0,0,1,720,0
1775,4971888872,QoS Data,131,34,-23,920,2,8,1,0,0,0,0,1,720,0
1777,4971891510,QoS Data,131,34,-30,920,2,8,0,0,0,0,0,1,720,0
1779,4972076092,Authentication,166,34,-58,920,0,11,0,0,0,0,0,0,0,0
1780,4972086761,Authentication,166,34,-25,920,0,11,0,0,0,0,0,0,720,0
1781,4972092599,Authentication,166,34,-25,920,0,11,0,0,1,0,0,0,720,0
1782,4972098381,Authentication,166,34,-24,920,0,11,0,0,1,0,0,0,720,0
1783,4972104424,Authentication,166,34,-24,920,0,11,0,0,1,0,0,0,720,0
1784,4972145448,QoS Data,128,34,-37,920,2,8,1,0,1,0,0,1,720,0
1786,4972148137,QoS Data,128,34,-31,920,2,8,0,0,0,0,0,1,720,0
1788,4972150732,QoS Data,128,34,-30,920,2,8,0,0,1,0,0,1,720,0
1790,4972338234,Authentication,166,34,-57,920,0,11,0,0,0,0,0,0,0,0
1791,4972346773,Authentication,166,34,-21,920,0,11,0,0,0,0,0,0,720,0
1792,4972352556,Authentication,166,34,-21,920,0,11,0,0,1,0,0,0,720,0
1793,4972358341,Authentication,166,34,-22,920,0,11,0,0,1,0,0,0,720,0
1794,4972364279,Authentication,166,34,-24,920,0,11,0,0,1,0,0,0,720,0
1795,4972499317,S1G Beacon,61,34,-23,920,3,1,,,,,,,0,0
1796,4972577848,Authentication,166,34,-56,920,0,11,0,0,0,0,0,0,0,0
1797,4972586749,Authentication,166,34,-22,920,0,11,0,0,0,0,0,0,720,0
1798,4972592430,Authentication,166,34,-23,920,0,11,0,0,1,0,0,0,720,0
1799,4972598267,Authentication,166,34,-25,920,0,11,0,0,1,0,0,0,720,0
1800,4972603945,Authentication,166,34,-23,920,0,11,0,0,1,0,0,0,720,0
1801,4972829751,Authentication,166,34,-54,920,0,11,0,0,0,0,0,0,0,0
1802,4972844320,Authentication,166,34,-24,920,0,11,0,0,0,0,0,0,720,0
1803,4972850101,Authentication,166,34,-24,920,0,11,0,0,1,0,0,0,720,0
1804,4972855938,Authentication,166,34,-24,920,0,11,0,0,1,0,0,0,720,0
1805,4972861932,Authentication,166,34,-23,920,0,11,0,0,1,0,0,0,720,0
1806,4973091893,Authentication,166,34,-57,920,0,11,0,0,0,0,0,0,0,0
1807,4973100794,Authentication,166,34,-23,920,0,11,0,0,0,0,0,0,720,0
1808,4973106525,Authentication,166,34,-23,920,0,11,0,0,1,0,0,0,720,0
1809,4973112413,Authentication,166,34,-25,920,0,11,0,0,1,0,0,0,720,0
1810,4973118195,Authentication,166,34,-26,920,0,11,0,0,1,0,0,0,720,0
1811,4973318521,S1G Beacon,129,34,-26,920,3,1,,,,,,,0,0
1812,4973354035,Authentication,166,34,-53,920,0,11,0,0,0,0,0,0,0,0
1813,4973367046,Authentication,166,34,-25,920,0,11,0,0,0,0,0,0,720,0
1814,4973372726,Authentication,166,34,-27,920,0,11,0,0,1,0,0,0,720,0
1815,4973378664,Authentication,166,34,-27,920,0,11,0,0,1,0,0,0,720,0
1816,4973384709,Authentication,166,34,-27,920,0,11,0,0,1,0,0,0,720,0
1817,4973591601,Authentication,166,34,-53,920,0,11,0,0,0,0,0,0,0,0
1818,4973600814,Authentication,166,34,-26,920,0,11,0,0,0,0,0,0,720,0
1819,4973606492,Authentication,166,34,-25,920,0,11,0,0,1,0,0,0,720,0
1820,4973612432,Authentication,166,34,-26,920,0,11,0,0,1,0,0,0,720,0
1821,4973618267,Authentication,166,34,-24,920,0,11,0,0,1,0,0,0,720,0
1822,4973847600,Authentication,166,34,-57,920,0,11,0,0,0,0,0,0,0,0
1823,4973856761,Authentication,166,34,-23,920,0,11,0,0,0,0,0,0,720,0
1824,4973862594,Authentication,166,34,-23,920,0,11,0,0,1,0,0,0,720,0
1825,4973868377,Authentication,166,34,-24,920,0,11,0,0,1,0,0,0,720,0
1826,4973874055,Authentication,166,34,-24,920,0,11,0,0,1,0,0,0,720,0
1827,4974107694,Authentication,166,34,-55,920,0,11,0,0,0,0,0,0,0,0
1828,4974115505,Authentication,166,34,-23,920,0,11,0,0,0,0,0,0,720,0
1829,4974121341,Authentication,166,34,-24,920,0,11,0,0,1,0,0,0,720,0
1830,4974127020,Authentication,166,34,-23,920,0,11,0,0,1,0,0,0,720,0
1831,4974132752,Authentication,166,34,-22,920,0,11,0,0,1,0,0,0,720,0
1832,4974138349,S1G Beacon,61,34,-23,920,3,1,,,,,,,0,0
1833,4974369837,Authentication,166,34,-54,920,0,11,0,0,0,0,0,0,0,0
1834,4974386696,Authentication,166,34,-24,920,0,11,0,0,0,0,0,0,720,0
1835,4974392427,Authentication,166,34,-22,920,0,11,0,0,1,0,0,0,720,0
1836,4974398317,Authentication,166,34,-23,920,0,11,0,0,1,0,0,0,720,0
1837,4974404361,Authentication,166,34,-23,920,0,11,0,0,1,0,0,0,720,0
1838,4974528705,Data,287,34,-23,920,2,0,0,0,0,0,0,1,0,0
1839,4974629927,Authentication,166,34,-54,920,0,11,0,0,0,0,0,0,0,0
1840,4974646680,Authentication,166,34,-23,920,0,11,0,0,0,0,0,0,720,0
1841,4974652513,Authentication,166,34,-23,920,0,11,0,0,1,0,0,0,720,0
1842,4974658504,Authentication,166,34,-23,920,0,11,0,0,1,0,0,0,720,0
1843,4974664183,Authentication,166,34,-24,920,0,11,0,0,1,0,0,0,720,0
1844,4974863401,Authentication,166,34,-54,920,0,11,0,0,0,0,0,0,0,0
1845,4974876723,Authentication,166,34,-26,920,0,11,0,0,0,0,0,0,720,0
1846,4974882712,Authentication,166,34,-26,920,0,11,0,0,1,0,0,0,720,0
1847,4974888651,Authentication,166,34,-26,920,0,11,0,0,1,0,0,0,720,0
1848,4974894590,Authentication,166,34,-24,920,0,11,0,0,1,0,0,0,720,0
1849,4974956927,S1G Beacon,129,34,-22,920,3,1,,,,,,,0,0
1850,4975123495,Authentication,166,34,-57,920,0,11,0,0,0,0,0,0,0,0
1851,4975136715,Authentication,166,34,-23,920,0,11,0,0,0,0,0,0,720,0
1852,4975142654,Authentication,166,34,-23,920,0,11,0,0,1,0,0,0,720,0
1853,4975148437,Authentication,166,34,-24,920,0,11,0,0,1,0,0,0,720,0
1854,4975154117,Authentication,166,34,-25,920,0,11,0,0,1,0,0,0,720,0
1855,4975385637,Authentication,166,34,-57,920,0,11,0,0,0,0,0,0,0,0
1856,4975396722,Authentication,166,34,-23,920,0,11,0,0,0,0,0,0,720,0
1857,4975408600,Authentication,166,34,-24,920,0,11,0,0,1,0,0,0,720,0
1858,4975414330,Authentication,166,34,-23,920,0,11,0,0,1,0,0,0,720,0
1859,4975636513,Authentication,166,34,-53,920,0,11,0,0,0,0,0,0,0,0
1860,4975646766,Authentication,166,34,-25,920,0,11,0,0,0,0,0,0,720,0
1861,4975652600,Authentication,166,34,-24,920,0,11,0,0,1,0,0,0,720,0
1862,4975658279,Authentication,166,34,-24,920,0,11,0,0,1,0,0,0,720,0
1863,4975664323,Authentication,166,34,-23,920,0,11,0,0,1,0,0,0,720,0
1864,4975776132,S1G Beacon,61,34,-24,920,3,1,,,,,,,0,0
1865,4975884321,Authentication,166,34,-54,920,0,11,0,0,0,0,0,0,0,0
1866,4975896916,Authentication,166,34,-28,920,0,11,0,0,0,0,0,0,720,0
1867,4975902906,Authentication,166,34,-27,920,0,11,0,0,1,0,0,0,720,0
1868,4975908690,Authentication,166,34,-27,920,0,11,0,0,1,0,0,0,720,0
1869,4975914682,Authentication,166,34,-27,920,0,11,0,0,1,0,0,0,720,0
1870,4976139297,Authentication,166,34,-53,920,0,11,0,0,0,0,0,0,0,0
1871,4976156677,Authentication,166,34,-23,920,0,11,0,0,0,0,0,0,720,0
1872,4976162513,Authentication,166,34,-22,920,0,11,0,0,1,0,0,0,720,0
1873,4976168192,Authentication,166,34,-22,920,0,11,0,0,1,0,0,0,720,0
1874,4976174130,Authentication,166,34,-22,920,0,11,0,0,1,0,0,0,720,0
1875,4976401438,Authentication,166,34,-53,920,0,11,0,0,0,0,0,0,0,0
1876,4976416738,Authentication,166,34,-21,920,0,11,0,0,0,0,0,0,720,0
1877,4976422418,Authentication,166,34,-22,920,0,11,0,0,1,0,0,0,720,0
1878,4976428305,Authentication,166,34,-22,920,0,11,0,0,1,0,0,0,720,0
1879,4976434192,Authentication,166,34,-22,920,0,11,0,0,1,0,0,0,720,0
1880,4976595334,S1G Beacon,129,34,-22,920,3,1,,,,,,,0,0
1881,4976654362,Authentication,166,34,-54,920,0,11,0,0,0,0,0,0,0,0
1882,4976666954,Authentication,166,34,-21,920,0,11,0,0,0,0,0,0,720,0
1883,4976672739,Authentication,166,34,-22,920,0,11,0,0,1,0,0,0,720,0
1884,4976678782,Authentication,166,34,-22,920,0,11,0,0,1,0,0,0,720,0
1885,4976684566,Authentication,166,34,-23,920,0,11,0,0,1,0,0,0,720,0
1886,4976893979,Authentication,166,34,-57,920,0,11,0,0,0,0,0,0,0,0
1887,4976899345,QoS Data,148,34,-41,920,2,8,1,0,0,0,0,1,720,0
1889,4976901344,Authentication,166,34,-22,920,0,11,0,0,0,0,0,0,720,0
1890,4976907177,QoS Data,148,34,-28,920,2,8,0,0,0,0,0,1,720,0
1892,4976909384,Authentication,166,34,-21,920,0,11,0,0,1,0,0,0,720,0
1893,4976915219,Authentication,166,34,-21,920,0,11,0,0,1,0,0,0,720,0
1894,4976920785,QoS Data,131,34,-22,920,2,8,1,0,0,0,0,1,720,0
1896,4976922851,Authentication,166,34,-21,920,0,11,0,0,1,0,0,0,720,0
1897,4976928736,QoS Data,131,34,-29,920,2,8,0,0,0,0,0,1,720,0
1899,4977144786,QoS Data,128,34,-38,920,2,8,1,0,1,0,0,1,720,0
1901,4977146905,QoS Data,128,34,-29,920,2,8,0,0,0,0,0,1,720,0
1903,4977155098,Authentication,166,34,-56,920,0,11,0,0,0,0,0,0,0,0
1904,4977166701,Authentication,166,34,-21,920,0,11,0,0,0,0,0,0,720,0
1905,4977172590,Authentication,166,34,-22,920,0,11,0,0,1,0,0,0,720,0
1906,4977178476,Authentication,166,34,-22,920,0,11,0,0,1,0,0,0,720,0
1907,4977184208,Authentication,166,34,-20,920,0,11,0,0,1,0,0,0,720,0
1908,4977414538,S1G Beacon,61,34,-21,920,3,1,,,,,,,0,0
1909,4977417240,Authentication,166,34,-56,920,0,11,0,0,0,0,0,0,0,0
1910,4977426714,Authentication,166,34,-22,920,0,11,0,0,0,0,0,0,720,0
1911,4977432758,Authentication,166,34,-22,920,0,11,0,0,1,0,0,0,720,0
1912,4977438748,Authentication,166,34,-21,920,0,11,0,0,1,0,0,0,720,0
1913,4977444637,Authentication,166,34,-21,920,0,11,0,0,1,0,0,0,720,0
1914,4977552652,Data,287,34,-22,920,2,0,0,0,0,0,0,1,0,0
1915,4977661973,Authentication,166,34,-53,920,0,11,0,0,0,0,0,0,0,0
1916,4977676698,Authentication,166,34,-22,920,0,11,0,0,0,0,0,0,720,0
1917,4977682535,Authentication,166,34,-21,920,0,11,0,0,1,0,0,0,720,0
1918,4977688372,Authentication,166,34,-21,920,0,11,0,0,1,0,0,0,720,0
1919,4977694208,Authentication,166,34,-21,920,0,11,0,0,1,0,0,0,720,0
1920,4977908757,Authentication,166,34,-53,920,0,11,0,0,0,0,0,0,0,0
1921,4977926655,Authentication,166,34,-21,920,0,11,0,0,0,0,0,0,720,0
1922,4977932334,Authentication,166,34,-21,920,0,11,0,0,1,0,0,0,720,0
1923,4977938379,Authentication,166,34,-23,920,0,11,0,0,1,0,0,0,720,0
1924,4977944164,Authentication,166,34,-23,920,0,11,0,0,1,0,0,0,720,0
1925,4978170898,Authentication,166,34,-57,920,0,11,0,0,0,0,0,0,0,0
1926,4978184325,Authentication,166,34,-22,920,0,11,0,0,0,0,0,0,720,0
1927,4978190161,Authentication,166,34,-24,920,0,11,0,0,1,0,0,0,720,0
1928,4978195894,Authentication,166,34,-22,920,0,11,0,0,1,0,0,0,720,0
1929,4978201625,Authentication,166,34,-23,920,0,11,0,0,1,0,0,0,720,0
1930,4978233740,S1G Beacon,129,34,-22,920,3,1,,,,,,,0,0
1931,4978433041,Authentication,166,34,-53,920,0,11,0,0,0,0,0,0,0,0
1932,4978444594,Authentication,166,34,-22,920,0,11,0,0,0,0,0,0,720,0
1933,4978450379,Authentication,166,34,-24,920,0,11,0,0,1,0,0,0,720,0
1934,4978456162,Authentication,166,34,-22,920,0,11,0,0,1,0,0,0,720,0
1935,4978462048,Authentication,166,34,-22,920,0,11,0,0,1,0,0,0,720,0
1936,4978676750,Authentication,166,34,-54,920,0,11,0,0,0,0,0,0,0,0
1937,4978686693,Authentication,166,34,-22,920,0,11,0,0,0,0,0,0,720,0
1938,4978692631,Authentication,166,34,-22,920,0,11,0,0,1,0,0,0,720,0
1939,4978698676,Authentication,166,34,-21,920,0,11,0,0,1,0,0,0,720,0
1940,4978704458,Authentication,166,34,-22,920,0,11,0,0,1,0,0,0,720,0
1941,4978924557,Authentication,166,34,-58,920,0,11,0,0,0,0,0,0,0,0
1942,4978934397,Authentication,166,34,-26,920,0,11,0,0,0,0,0,0,720,0
1943,4978940282,Authentication,166,34,-24,920,0,11,0,0,1,0,0,0,720,0
1944,4978946065,Authentication,166,34,-27,920,0,11,0,0,1,0,0,0,720,0
1945,4978951847,Authentication,166,34,-27,920,0,11,0,0,1,0,0,0,720,0
1946,4979052946,S1G Beacon,61,34,-28,920,3,1,,,,,,,0,0
1947,4979448841,Authentication,166,34,-54,920,0,11,0,0,0,0,0,0,0,0
1948,4979689479,Authentication,166,34,-54,920,0,11,0,0,0,0,0,0,0,0
1949,4979872147,S1G Beacon,129,34,-21,920,3,1,,,,,,,0,0
1950,4979940359,Authentication,166,34,-54,920,0,11,0,0,0,0,0,0,0,0
1951,4979956646,Authentication,166,34,-22,920,0,11,0,0,0,0,0,0,720,0
1952,4979962479,Authentication,166,34,-22,920,0,11,0,0,1,0,0,0,720,0
1953,4979968418,Authentication,166,34,-22,920,0,11,0,0,1,0,0,0,720,0
1954,4979974253,Authentication,166,34,-22,920,0,11,0,0,1,0,0,0,720,0
1955,4980202501,Authentication,166,34,-55,920,0,11,0,0,0,0,0,0,0,0
1956,4980216707,Authentication,166,34,-22,920,0,11,0,0,0,0,0,0,720,0
1957,4980222647,Authentication,166,34,-23,920,0,11,0,0,1,0,0,0,720,0
1958,4980228430,Authentication,166,34,-22,920,0,11,0,0,1,0,0,0,720,0
1959,4980234421,Authentication,166,34,-23,920,0,11,0,0,1,0,0,0,720,0
1960,4980464642,Authentication,166,34,-57,920,0,11,0,0,0,0,0,0,0,0
1961,4980474012,Authentication,166,34,-23,920,0,11,0,0,0,0,0,0,720,0
1962,4980479949,Authentication,166,34,-22,920,0,11,0,0,1,0,0,0,720,0
1963,4980485995,Authentication,166,34,-22,920,0,11,0,0,1,0,0,0,720,0
1964,4980491832,Authentication,166,34,-22,920,0,11,0,0,1,0,0,0,720,0
1965,4980576863,Data,287,34,-22,920,2,0,0,0,0,0,0,1,0,0
1966,4980691352,S1G Beacon,61,34,-21,920,3,1,,,,,,,0,0
1967,4980709375,Authentication,166,34,-58,920,0,11,0,0,0,0,0,0,0,0
1968,4980716718,Authentication,166,34,-23,920,0,11,0,0,0,0,0,0,720,0
1969,4980722552,Authentication,166,34,-23,920,0,11,0,0,1,0,0,0,720,0
1970,4980728544,Authentication,166,34,-22,920,0,11,0,0,1,0,0,0,720,0
1971,4980734484,Authentication,166,34,-22,920,0,11,0,0,1,0,0,0,720,0
1972,4980788470,Disassociation,64,34,-22,920,0,10,0,0,0,0,0,0,720,0
1973,4980791587,Disassociation,64,34,-22,920,0,10,0,0,1,0,0,0,720,0
1974,4980794548,Disassociation,64,34,-22,920,0,10,0,0,1,0,0,0,720,0
1975,4980797664,Disassociation,64,34,-22,920,0,10,0,0,1,0,0,0,720,0
1976,4980968446,Authentication,166,34,-54,920,0,11,0,0,0,0,0,0,0,0
1977,4980979429,Authentication,166,34,-22,920,0,11,0,0,0,0,0,0,720,0
1978,4980985369,Authentication,166,34,-22,920,0,11,0,0,1,0,0,0,720,0
1979,4980991257,Authentication,166,34,-21,920,0,11,0,0,1,0,0,0,720,0
1980,4980997247,Authentication,166,34,-21,920,0,11,0,0,1,0,0,0,720,0
1981,4981480444,Authentication,166,34,-56,920,0,11,0,0,0,0,0,0,0,0
1982,4981496676,Authentication,166,34,-21,920,0,11,0,0,0,0,0,0,720,0
1983,4981502354,Authentication,166,34,-22,920,0,11,0,0,1,0,0,0,720,0
1984,4981510553,S1G Beacon,129,34,-22,920,3,1,,,,,,,0,0
1985,4981514139,Authentication,166,34,-23,920,0,11,0,0,1,0,0,0,720,0
1986,4981519819,Authentication,166,34,-23,920,0,11,0,0,1,0,0,0,720,0
1987,4981727224,Authentication,166,34,-54,920,0,11,0,0,0,0,0,0,0,0
1988,4981736700,Authentication,166,34,-22,920,0,11,0,0,0,0,0,0,720,0
1989,4981742742,Authentication,166,34,-23,920,0,11,0,0,1,0,0,0,720,0
1990,4981748527,Authentication,166,34,-23,920,0,11,0,0,1,0,0,0,720,0
1991,4981754259,Authentication,166,34,-22,920,0,11,0,0,1,0,0,0,720,0
1992,4981939225,QoS Data,148,34,-34,920,2,8,1,0,0,0,0,1,720,0
1994,4981941848,QoS Data,148,34,-30,920,2,8,0,0,0,0,0,1,720,0
1996,4981949412,QoS Data,131,34,-20,920,2,8,1,0,0,0,0,1,720,0
1998,4981951999,QoS Data,131,34,-28,920,2,8,0,0,0,0,0,1,720,0
2000,4981976056,Authentication,166,34,-53,920,0,11,0,0,0,0,0,0,0,0
2001,4981986674,Authentication,166,34,-22,920,0,11,0,0,0,0,0,0,720,0
2002,4981992613,Authentication,166,34,-21,920,0,11,0,0,1,0,0,0,720,0
2003,4981998446,Authentication,166,34,-22,920,0,11,0,0,1,0,0,0,720,0
2004,4982004489,Authentication,166,34,-22,920,0,11,0,0,1,0,0,0,720,0
2005,4982141876,QoS Data,128,34,-33,920,2,8,1,0,0,0,0,1,720,0
2007,4982144464,QoS Data,128,34,-28,920,2,8,0,0,0,0,0,1,720,0
2009,4982234103,Authentication,166,34,-57,920,0,11,0,0,0,0,0,0,0,0
2010,4982246698,Authentication,166,34,-22,920,0,11,0,0,0,0,0,0,720,0
2011,4982252430,Authentication,166,34,-22,920,0,11,0,0,1,0,0,0,720,0
2012,4982258474,Authentication,166,34,-22,920,0,11,0,0,1,0,0,0,720,0
2013,4982264203,Authentication,166,34,-22,920,0,11,0,0,1,0,0,0,720,0
2014,4982329759,S1G Beacon,61,34,-23,920,3,1,,,,,,,0,0
2015,4982496245,Authentication,166,34,-55,920,0,11,0,0,0,0,0,0,0,0
2016,4982506656,Authentication,166,34,-23,920,0,11,0,0,0,0,0,0,720,0
2017,4982512439,Authentication,166,34,-22,920,0,11,0,0,1,0,0,0,720,0
2018,4982518327,Authentication,166,34,-22,920,0,11,0,0,1,0,0,0,720,0
2019,4982524112,Authentication,166,34,-22,920,0,11,0,0,1,0,0,0,720,0
2020,4982747120,Authentication,166,34,-54,920,0,11,0,0,0,0,0,0,0,0
2021,4982755555,Authentication,166,34,-22,920,0,11,0,0,0,0,0,0,720,0
2022,4982761339,Authentication,166,34,-22,920,0,11,0,0,1,0,0,0,720,0
2023,4982767070,Authentication,166,34,-22,920,0,11,0,0,1,0,0,0,720,0
2024,4982772958,Authentication,166,34,-23,920,0,11,0,0,1,0,0,0,720,0
2025,4982987761,Authentication,166,34,-57,920,0,11,0,0,0,0,0,0,0,0
2026,4982996719,Authentication,166,34,-22,920,0,11,0,0,0,0,0,0,720,0
2027,4983002606,Authentication,166,34,-22,920,0,11,0,0,1,0,0,0,720,0
2028,4983008339,Authentication,166,34,-22,920,0,11,0,0,1,0,0,0,720,0
2029,4983014332,Authentication,166,34,-22,920,0,11,0,0,1,0,0,0,720,0
2030,4983148962,S1G Beacon,129,34,-22,920,3,1,,,,,,,0,0
2031,4983249904,Authentication,166,34,-54,920,0,11,0,0,0,0,0,0,0,0
2032,4983258131,Authentication,166,34,-22,920,0,11,0,0,0,0,0,0,720,0
2033,4983263915,Authentication,166,34,-21,920,0,11,0,0,1,0,0,0,720,0
2034,4983269804,Authentication,166,34,-21,920,0,11,0,0,1,0,0,0,720,0
2035,4983275534,Authentication,166,34,-23,920,0,11,0,0,1,0,0,0,720,0
2036,4983512047,Authentication,166,34,-54,920,0,11,0,0,0,0,0,0,0,0
2037,4983526668,Authentication,166,34,-21,920,0,11,0,0,0,0,0,0,720,0
2038,4983532502,Authentication,166,34,-24,920,0,11,0,0,1,0,0,0,720,0
2039,4983538391,Authentication,166,34,-21,920,0,11,0,0,1,0,0,0,720,0
2040,4983544172,Authentication,166,34,-21,920,0,11,0,0,1,0,0,0,720,0
2041,4983600656,Data,287,34,-22,920,2,0,0,0,0,0,0,1,0,0
2042,4983749611,Authentication,166,34,-58,920,0,11,0,0,0,0,0,0,0,0
2043,4983760334,Authentication,166,34,-21,920,0,11,0,0,0,0,0,0,720,0
2044,4983766376,Authentication,166,34,-22,920,0,11,0,0,1,0,0,0,720,0
2045,4983772106,Authentication,166,34,-21,920,0,11,0,0,1,0,0,0,720,0
2046,4983777786,Authentication,166,34,-21,920,0,11,0,0,1,0,0,0,720,0
2047,4983968163,S1G Beacon,61,34,-23,920,3,1,,,,,,,0,0
2048,4984003563,Authentication,166,34,-57,920,0,11,0,0,0,0,0,0,0,0
2049,4984016730,Authentication,166,34,-21,920,0,11,0,0,0,0,0,0,720,0
2050,4984022722,Authentication,166,34,-23,920,0,11,0,0,1,0,0,0,720,0
2051,4984028452,Authentication,166,34,-21,920,0,11,0,0,1,0,0,0,720,0
2052,4984034289,Authentication,166,34,-22,920,0,11,0,0,1,0,0,0,720,0
2053,4984265705,Authentication,166,34,-57,920,0,11,0,0,0,0,0,0,0,0
2054,4984276685,Authentication,166,34,-23,920,0,11,0,0,0,0,0,0,720,0
2055,4984282468,Authentication,166,34,-21,920,0,11,0,0,1,0,0,0,720,0
2056,4984288512,Authentication,166,34,-22,920,0,11,0,0,1,0,0,0,720,0
2057,4984294243,Authentication,166,34,-22,920,0,11,0,0,1,0,0,0,720,0
2058,4984522724,Authentication,166,34,-58,920,0,11,0,0,0,0,0,0,0,0
2059,4984536669,Authentication,166,34,-22,920,0,11,0,0,0,0,0,0,720,0
2060,4984542609,Authentication,166,34,-21,920,0,11,0,0,1,0,0,0,720,0
2061,4984548287,Authentication,166,34,-22,920,0,11,0,0,1,0,0,0,720,0
2062,4984554277,Authentication,166,34,-22,920,0,11,0,0,1,0,0,0,720,0
2063,4984773603,Authentication,166,34,-58,920,0,11,0,0,0,0,0,0,0,0
2064,4984787368,S1G Beacon,129,34,-22,920,3,1,,,,,,,0,0
2065,4984791111,Authentication,166,34,-23,920,0,11,0,0,0,0,0,0,720,0
2066,4984797000,Authentication,166,34,-21,920,0,11,0,0,1,0,0,0,720,0
2067,4984802834,Authentication,166,34,-22,920,0,11,0,0,1,0,0,0,720,0
2068,4984808514,Authentication,166,34,-22,920,0,11,0,0,1,0,0,0,720,0
2069,4985026531,Authentication,166,34,-54,920,0,11,0,0,0,0,0,0,0,0
2070,4985036708,Authentication,166,34,-23,920,0,11,0,0,0,0,0,0,720,0
2071,4985042598,Authentication,166,34,-21,920,0,11,0,0,1,0,0,0,720,0
2072,4985048535,Authentication,166,34,-22,920,0,11,0,0,1,0,0,0,720,0
2073,4985054215,Authentication,166,34,-21,920,0,11,0,0,1,0,0,0,720,0
2074,4985281506,Authentication,166,34,-54,920,0,11,0,0,0,0,0,0,0,0
2075,4985296753,Authentication,166,34,-23,920,0,11,0,0,0,0,0,0,720,0
2076,4985302695,Authentication,166,34,-21,920,0,11,0,0,1,0,0,0,720,0
2077,4985308688,Authentication,166,34,-23,920,0,11,0,0,1,0,0,0,720,0
2078,4985314626,Authentication,166,34,-22,920,0,11,0,0,1,0,0,0,720,0
2079,4985543648,Authentication,166,34,-55,920,0,11,0,0,0,0,0,0,0,0
2080,4985606572,S1G Beacon,61,34,-21,920,3,1,,,,,,,0,0
2081,4985805790,Authentication,166,34,-54,920,0,11,0,0,0,0,0,0,0,0
2082,4986042331,Authentication,166,34,-54,920,0,11,0,0,0,0,0,0,0,0
2083,4986056702,Authentication,166,34,-21,920,0,11,0,0,0,0,0,0,720,0
2084,4986062379,Authentication,166,34,-20,920,0,11,0,0,1,0,0,0,720,0
2085,4986068112,Authentication,166,34,-20,920,0,11,0,0,1,0,0,0,720,0
2086,4986073845,Authentication,166,34,-21,920,0,11,0,0,1,0,0,0,720,0
2087,4986297307,Authentication,166,34,-54,920,0,11,0,0,0,0,0,0,0,0
2088,4986306675,Authentication,166,34,-22,920,0,11,0,0,0,0,0,0,720,0
2089,4986312410,Authentication,166,34,-20,920,0,11,0,0,1,0,0,0,720,0
2090,4986318087,Authentication,166,34,-21,920,0,11,0,0,1,0,0,0,720,0
2091,4986323870,Authentication,166,34,-20,920,0,11,0,0,1,0,0,0,720,0
2092,4986425774,S1G Beacon,129,34,-21,920,3,1,,,,,,,0,0
2093,4986559449,Authentication,166,34,-55,920,0,11,0,0,0,0,0,0,0,0
2094,4986566896,Authentication,166,34,-20,920,0,11,0,0,0,0,0,0,720,0
2095,4986572682,Authentication,166,34,-20,920,0,11,0,0,1,0,0,0,720,0
2096,4986578517,Authentication,166,34,-21,920,0,11,0,0,1,0,0,0,720,0
2097,4986584562,Authentication,166,34,-20,920,0,11,0,0,1,0,0,0,720,0
2098,4986624874,Data,287,34,-21,920,2,0,0,0,0,0,0,1,0,0
2099,4986805718,Authentication,166,34,-57,920,0,11,0,0,0,0,0,0,0,0
2100,4986816647,Authentication,166,34,-22,920,0,11,0,0,0,0,0,0,720,0
2101,4986822326,Authentication,166,34,-19,920,0,11,0,0,1,0,0,0,720,0
2102,4986828213,Authentication,166,34,-19,920,0,11,0,0,1,0,0,0,720,0
2103,4986834154,Authentication,166,34,-21,920,0,11,0,0,1,0,0,0,720,0
2104,4986958661,QoS Data,148,34,-38,920,2,8,1,0,0,0,0,1,720,0
2106,4986961026,QoS Data,148,34,-28,920,2,8,0,0,0,0,0,1,720,0
2108,4986968330,QoS Data,131,34,-21,920,2,8,1,0,0,0,0,1,720,0
2110,4986970448,QoS Data,131,34,-28,920,2,8,0,0,0,0,0,1,720,0
2112,4987050966,Authentication,166,34,-55,920,0,11,0,0,0,0,0,0,0,0
2113,4987060648,Authentication,166,34,-22,920,0,11,0,0,0,0,0,0,720,0
2114,4987066639,Authentication,166,34,-22,920,0,11,0,0,1,0,0,0,720,0
2115,4987072631,Authentication,166,34,-20,920,0,11,0,0,1,0,0,0,720,0
2117,4987143402,QoS Data,128,34,-28,920,2,8,0,0,0,0,0,1,720,0
2119,4987244978,S1G Beacon,61,34,-21,920,3,1,,,,,,,0,0
2120,4987313107,Authentication,166,34,-55,920,0,11,0,0,0,0,0,0,0,0
2121,4987326690,Authentication,166,34,-22,920,0,11,0,0,0,0,0,0,720,0
2122,4987332526,Authentication,166,34,-20,920,0,11,0,0,1,0,0,0,720,0
2123,4987338308,Authentication,166,34,-21,920,0,11,0,0,1,0,0,0,720,0
2124,4987343985,Authentication,166,34,-22,920,0,11,0,0,1,0,0,0,720,0
2125,4987575251,Authentication,166,34,-55,920,0,11,0,0,0,0,0,0,0,0
2126,4987586636,Authentication,166,34,-22,920,0,11,0,0,0,0,0,0,720,0
2127,4987592367,Authentication,166,34,-22,920,0,11,0,0,1,0,0,0,720,0
2128,4987598253,Authentication,166,34,-21,920,0,11,0,0,1,0,0,0,720,0
2129,4987604141,Authentication,166,34,-20,920,0,11,0,0,1,0,0,0,720,0
2130,4987753238,Data,378,34,-22,920,2,0,0,0,0,0,0,1,0,0
2131,4987826124,Authentication,166,34,-55,920,0,11,0,0,0,0,0,0,0,0
2132,4987836640,Authentication,166,34,-22,920,0,11,0,0,0,0,0,0,720,0
2133,4987842529,Authentication,166,34,-21,920,0,11,0,0,1,0,0,0,720,0
2134,4987848365,Authentication,166,34,-21,920,0,11,0,0,1,0,0,0,720,0
2135,4987854147,Authentication,166,34,-21,920,0,11,0,0,1,0,0,0,720,0
2136,4987860453,Data,387,34,-21,920,2,0,0,0,0,0,0,1,0,0
2137,4987960612,Data,450,34,-23,920,2,0,0,0,0,0,0,1,0,0
2138,4988064182,S1G Beacon,129,34,-20,920,3,1,,,,,,,0,0
2139,4988068392,Data,442,34,-22,920,2,0,0,0,0,0,0,1,0,0
2140,4988168793,Data,387,34,-21,920,2,0,0,0,0,0,0,1,0,0
2141,4988272998,Data,426,34,-22,920,2,0,0,0,0,0,0,1,0,0
2142,4988328909,Authentication,166,34,-55,920,0,11,0,0,0,0,0,0,0,0
2143,4988336668,Authentication,166,34,-22,920,0,11,0,0,0,0,0,0,720,0
2144,4988342712,Authentication,166,34,-22,920,0,11,0,0,1,0,0,0,720,0
2145,4988348391,Authentication,166,34,-21,920,0,11,0,0,1,0,0,0,720,0
2146,4988354121,Authentication,166,34,-42,920,0,11,0,0,1,0,0,0,720,0
2147,4988376857,Data,458,34,-23,920,2,0,0,0,0,0,0,1,0,0
2148,4988480779,Data,387,34,-20,920,2,0,0,0,0,0,0,1,0,0
2149,4988584692,Data,446,34,-21,920,2,0,0,0,0,0,0,1,0,0
2150,4988688955,Data,440,34,-22,920,2,0,0,0,0,0,0,1,0,0
2151,4988792863,Data,387,34,-22,920,2,0,0,0,0,0,0,1,0,0
2152,4988835784,Authentication,166,34,-57,920,0,11,0,0,0,0,0,0,0,0
2153,4988847753,Authentication,166,34,-23,920,0,11,0,0,0,0,0,0,720,0
2154,4988853379,Authentication,166,34,-20,920,0,11,0,0,1,0,0,0,720,0
2155,4988859422,Authentication,166,34,-22,920,0,11,0,0,1,0,0,0,720,0
2156,4988865362,Authentication,166,34,-23,920,0,11,0,0,1,0,0,0,720,0
2157,4988883384,S1G Beacon,61,34,-22,920,3,1,,,,,,,0,0
2158,4988896734,Data,442,34,-22,920,2,0,0,0,0,0,0,1,0,0
2159,4989001106,Data,452,34,-21,920,2,0,0,0,0,0,0,1,0,0
2160,4989082568,Authentication,166,34,-56,920,0,11,0,0,0,0,0,0,0,0
2161,4989096877,Authentication,166,34,-22,920,0,11,0,0,0,0,0,0,720,0
2162,4989102818,Authentication,166,34,-22,920,0,11,0,0,1,0,0,0,720,0
2163,4989108862,Authentication,166,34,-22,920,0,11,0,0,1,0,0,0,720,0
2164,4989114906,Authentication,166,34,-23,920,0,11,0,0,1,0,0,0,720,0
2165,4989344710,Authentication,166,34,-55,920,0,11,0,0,0,0,0,0,0,0
2166,4989356682,Authentication,166,34,-21,920,0,11,0,0,0,0,0,0,720,0
2167,4989362518,Authentication,166,34,-21,920,0,11,0,0,1,0,0,0,720,0
2168,4989368510,Authentication,166,34,-22,920,0,11,0,0,1,0,0,0,720,0
2169,4989374398,Authentication,166,34,-21,920,0,11,0,0,1,0,0,0,720,0
2170,4989597634,Authentication,166,34,-56,920,0,11,0,0,0,0,0,0,0,0
2171,4989606642,Authentication,166,34,-21,920,0,11,0,0,0,0,0,0,720,0
2172,4989612373,Authentication,166,34,-21,920,0,11,0,0,1,0,0,0,720,0
2173,4989618260,Authentication,166,34,-21,920,0,11,0,0,1,0,0,0,720,0
2174,4989623938,Authentication,166,34,-21,920,0,11,0,0,1,0,0,0,720,0
2175,4989649118,Data,287,34,-22,920,2,0,0,0,0,0,0,1,0,0
2176,4989702589,S1G Beacon,129,34,-22,920,3,1,,,,,,,0,0
2177,4989848514,Authentication,166,34,-56,920,0,11,0,0,0,0,0,0,0,0
2178,4989861003,Authentication,166,34,-22,920,0,11,0,0,0,0,0,0,720,0
2179,4989866890,Authentication,166,34,-21,920,0,11,0,0,1,0,0,0,720,0
2180,4989872619,Authentication,166,34,-22,920,0,11,0,0,1,0,0,0,720,0
2181,4989878505,Authentication,166,34,-21,920,0,11,0,0,1,0,0,0,720,0
2182,4990100417,Authentication,166,34,-59,920,0,11,0,0,0,0,0,0,0,0
2183,4990116600,Authentication,166,34,-22,920,0,11,0,0,0,0,0,0,720,0
2184,4990122487,Authentication,166,34,-21,920,0,11,0,0,1,0,0,0,720,0
2185,4990128166,Authentication,166,34,-21,920,0,11,0,0,1,0,0,0,720,0
2186,4990134106,Authentication,166,34,-22,920,0,11,0,0,1,0,0,0,720,0
2187,4990360511,Authentication,166,34,-59,920,0,11,0,0,0,0,0,0,0,0
2188,4990376643,Authentication,166,34,-21,920,0,11,0,0,0,0,0,0,720,0
2189,4990382321,Authentication,166,34,-21,920,0,11,0,0,1,0,0,0,720,0
2190,4990388104,Authentication,166,34,-22,920,0,11,0,0,1,0,0,0,720,0
2191,4990393887,Authentication,166,34,-21,920,0,11,0,0,1,0,0,0,720,0
2192,4990521792,S1G Beacon,61,34,-22,920,3,1,,,,,,,0,0
2193,4990622653,Authentication,166,34,-59,920,0,11,0,0,0,0,0,0,0,0
2194,4990636858,Authentication,166,34,-21,920,0,11,0,0,0,0,0,0,720,0
2195,4990642641,Authentication,166,34,-22,920,0,11,0,0,1,0,0,0,720,0
2196,4990648528,Authentication,166,34,-21,920,0,11,0,0,1,0,0,0,720,0
2197,4990654572,Authentication,166,34,-21,920,0,11,0,0,1,0,0,0,720,0
2198,4990867385,Authentication,166,34,-59,920,0,11,0,0,0,0,0,0,0,0
2199,4990876652,Authentication,166,34,-21,920,0,11,0,0,0,0,0,0,720,0
2200,4990882593,Authentication,166,34,-23,920,0,11,0,0,1,0,0,0,720,0
2201,4990888325,Authentication,166,34,-21,920,0,11,0,0,1,0,0,0,720,0
2202,4990894111,Authentication,166,34,-22,920,0,11,0,0,1,0,0,0,720,0
2203,4991114170,Authentication,166,34,-59,920,0,11,0,0,0,0,0,0,0,0
2204,4991126661,Authentication,166,34,-21,920,0,11,0,0,0,0,0,0,720,0
2205,4991132496,Authentication,166,34,-22,920,0,11,0,0,1,0,0,0,720,0
2206,4991138226,Authentication,166,34,-22,920,0,11,0,0,1,0,0,0,720,0
2207,4991143958,Authentication,166,34,-22,920,0,11,0,0,1,0,0,0,720,0
2208,4991340995,S1G Beacon,129,34,-22,920,3,1,,,,,,,0,0
2209,4991376312,Authentication,166,34,-56,920,0,11,0,0,0,0,0,0,0,0
2210,4991385216,Authentication,166,34,-21,920,0,11,0,0,0,0,0,0,720,0
2211,4991391206,Authentication,166,34,-23,920,0,11,0,0,1,0,0,0,720,0
2212,4991396887,Authentication,166,34,-21,920,0,11,0,0,1,0,0,0,720,0
2213,4991402669,Authentication,166,34,-21,920,0,11,0,0,1,0,0,0,720,0
2214,4991638454,Authentication,166,34,-59,920,0,11,0,0,0,0,0,0,0,0
2215,4991656561,Authentication,166,34,-23,920,0,11,0,0,0,0,0,0,720,0
2216,4991662498,Authentication,166,34,-21,920,0,11,0,0,1,0,0,0,720,0
2217,4991668282,Authentication,166,34,-21,920,0,11,0,0,1,0,0,0,720,0
2218,4991674012,Authentication,166,34,-21,920,0,11,0,0,1,0,0,0,720,0
2219,4991886259,Authentication,166,34,-57,920,0,11,0,0,0,0,0,0,0,0
2220,4991896670,Authentication,166,34,-22,920,0,11,0,0,0,0,0,0,720,0
2221,4991902559,Authentication,166,34,-22,920,0,11,0,0,1,0,0,0,720,0
2222,4991908290,Authentication,166,34,-22,920,0,11,0,0,1,0,0,0,720,0
2223,4991914177,Authentication,166,34,-21,920,0,11,0,0,1,0,0,0,720,0
2224,4991978516,QoS Data,148,34,-37,920,2,8,1,0,0,0,0,1,720,0
2226,4991981087,QoS Data,148,34,-30,920,2,8,0,0,0,0,0,1,720,0
2229,4991990824,QoS Data,131,34,-29,920,2,8,0,0,0,0,0,1,720,0
2231,4992129971,Authentication,166,34,-60,920,0,11,0,0,0,0,0,0,0,0
2232,4992142776,QoS Data,128,34,-38,920,2,8,1,0,0,0,0,1,720,0
2234,4992144791,Authentication,166,34,-21,920,0,11,0,0,0,0,0,0,720,0
2235,4992150574,QoS Data,128,34,-28,920,2,8,0,0,0,0,0,1,720,0
2237,4992152640,Authentication,166,34,-22,920,0,11,0,0,1,0,0,0,720,0
2238,4992160199,S1G Beacon,61,34,-22,920,3,1,,,,,,,0,0
2239,4992161985,Authentication,166,34,-21,920,0,11,0,0,1,0,0,0,720,0
2240,4992167819,Authentication,166,34,-21,920,0,11,0,0,1,0,0,0,720,0
2241,4992178066,QoS Data,88,34,-21,920,2,8,1,0,0,0,0,1,720,0
2243,4992392113,Authentication,166,34,-59,920,0,11,0,0,0,0,0,0,0,0
2244,4992399611,Authentication,166,34,-21,920,0,11,0,0,0,0,0,0,720,0
2245,4992405344,Authentication,166,34,-22,920,0,11,0,0,1,0,0,0,720,0
2246,4992411335,Authentication,166,34,-21,920,0,11,0,0,1,0,0,0,720,0
2247,4992417274,Authentication,166,34,-22,920,0,11,0,0,1,0,0,0,720,0
2248,4992654255,Authentication,166,34,-58,920,0,11,0,0,0,0,0,0,0,0
2249,4992666642,Authentication,166,34,-22,920,0,11,0,0,0,0,0,0,720,0
2250,4992672373,Authentication,166,34,-22,920,0,11,0,0,1,0,0,0,720,0
2251,4992678676,Data,287,34,-22,920,2,0,0,0,0,0,0,1,0,0
2252,4992686463,Authentication,166,34,-21,920,0,11,0,0,1,0,0,0,720,0
2253,4992692453,Authentication,166,34,-22,920,0,11,0,0,1,0,0,0,720,0
2254,4992895917,Authentication,166,34,-59,920,0,11,0,0,0,0,0,0,0,0
2255,4992907159,Authentication,166,34,-22,920,0,11,0,0,0,0,0,0,720,0
2256,4992912891,Authentication,166,34,-22,920,0,11,0,0,1,0,0,0,720,0
2257,4992918937,Authentication,166,34,-21,920,0,11,0,0,1,0,0,0,720,0
2258,4992924929,Authentication,166,34,-20,920,0,11,0,0,1,0,0,0,720,0
2259,4992979400,S1G Beacon,129,34,-23,920,3,1,,,,,,,0,0
2260,4993145772,Authentication,166,34,-59,920,0,11,0,0,0,0,0,0,0,0
2261,4993156646,Authentication,166,34,-23,920,0,11,0,0,0,0,0,0,720,0
2262,4993162479,Authentication,166,34,-21,920,0,11,0,0,1,0,0,0,720,0
2263,4993168317,Authentication,166,34,-22,920,0,11,0,0,1,0,0,0,720,0
2264,4993174047,Authentication,166,34,-21,920,0,11,0,0,1,0,0,0,720,0
2265,4993407914,Authentication,166,34,-60,920,0,11,0,0,0,0,0,0,0,0
2266,4993416608,Authentication,166,34,-22,920,0,11,0,0,0,0,0,0,720,0
2267,4993422652,Authentication,166,34,-22,920,0,11,0,0,1,0,0,0,720,0
2268,4993428437,Authentication,166,34,-22,920,0,11,0,0,1,0,0,0,720,0
2269,4993434274,Authentication,166,34,-21,920,0,11,0,0,1,0,0,0,720,0
2271,4993670057,Authentication,166,34,-59,920,0,11,0,0,0,0,0,0,0,0
2272,4993686708,Authentication,166,34,-22,920,0,11,0,0,0,0,0,0,720,0
2273,4993692544,Authentication,166,34,-22,920,0,11,0,0,1,0,0,0,720,0
2274,4993698276,Authentication,166,34,-23,920,0,11,0,0,1,0,0,0,720,0
2275,4993704266,Authentication,166,34,-22,920,0,11,0,0,1,0,0,0,720,0
2276,4993798604,S1G Beacon,61,34,-22,920,3,1,,,,,,,0,0
2277,4993912742,Authentication,166,34,-56,920,0,11,0,0,0,0,0,0,0,0
2278,4993926634,Authentication,166,34,-22,920,0,11,0,0,0,0,0,0,720,0
2279,4993932575,Authentication,166,34,-22,920,0,11,0,0,1,0,0,0,720,0
2280,4993938514,Authentication,166,34,-22,920,0,11,0,0,1,0,0,0,720,0
2281,4993944348,Authentication,166,34,-23,920,0,11,0,0,1,0,0,0,720,0
2282,4994161573,Authentication,166,34,-60,920,0,11,0,0,0,0,0,0,0,0
2283,4994178069,Authentication,166,34,-22,920,0,11,0,0,0,0,0,0,720,0
2284,4994183800,Authentication,166,34,-22,920,0,11,0,0,1,0,0,0,720,0
2285,4994189531,Authentication,166,34,-22,920,0,11,0,0,1,0,0,0,720,0
2286,4994195263,Authentication,166,34,-22,920,0,11,0,0,1,0,0,0,720,0
2287,4994423716,Authentication,166,34,-59,920,0,11,0,0,0,0,0,0,0,0
2288,4994436622,Authentication,166,34,-22,920,0,11,0,0,0,0,0,0,720,0
2289,4994442405,Authentication,166,34,-22,920,0,11,0,0,1,0,0,0,720,0
2290,4994448137,Authentication,166,34,-22,920,0,11,0,0,1,0,0,0,720,0
2291,4994453814,Authentication,166,34,-21,920,0,11,0,0,1,0,0,0,720,0
2292,4994617807,S1G Beacon,129,34,-23,920,3,1,,,,,,,0,0
2293,4994675614,Authentication,166,34,-60,920,0,11,0,0,0,0,0,0,0,0
2294,4994686647,Authentication,166,34,-22,920,0,11,0,0,0,0,0,0,720,0
2295,4994692378,Authentication,166,34,-22,920,0,11,0,0,1,0,0,0,720,0
2296,4994698161,Authentication,166,34,-22,920,0,11,0,0,1,0,0,0,720,0
2297,4994703840,Authentication,166,34,-21,920,0,11,0,0,1,0,0,0,720,0
2298,4994746962,Disassociation,64,34,-22,920,0,10,0,0,0,0,0,0,720,0
2299,4994750180,Disassociation,64,34,-22,920,0,10,0,0,1,0,0,0,720,0
2300,4994753453,Disassociation,64,34,-22,920,0,10,0,0,1,0,0,0,720,0
2301,4994756413,Disassociation,64,34,-22,920,0,10,0,0,1,0,0,0,720,0
2302,4994922399,Authentication,166,34,-59,920,0,11,0,0,0,0,0,0,0,0
2303,4994936656,Authentication,166,34,-22,920,0,11,0,0,0,0,0,0,720,0
2304,4994942700,Authentication,166,34,-22,920,0,11,0,0,1,0,0,0,720,0
2305,4994948742,Authentication,166,34,-21,920,0,11,0,0,1,0,0,0,720,0
2306,4994954629,Authentication,166,34,-22,920,0,11,0,0,1,0,0,0,720,0
2307,4995177375,Authentication,166,34,-57,920,0,11,0,0,0,0,0,0,0,0
2308,4995186640,Authentication,166,34,-22,920,0,11,0,0,0,0,0,0,720,0
2309,4995192424,Authentication,166,34,-21,920,0,11,0,0,1,0,0,0,720,0
2310,4995198104,Authentication,166,34,-21,920,0,11,0,0,1,0,0,0,720,0
2311,4995203835,Authentication,166,34,-21,920,0,11,0,0,1,0,0,0,720,0
2312,4995437010,S1G Beacon,61,34,-21,920,3,1,,,,,,,0,0
2313,4995439517,Authentication,166,34,-56,920,0,11,0,0,0,0,0,0,0,0
2314,4995456581,Authentication,166,34,-21,920,0,11,0,0,0,0,0,0,720,0
2315,4995462625,Authentication,166,34,-21,920,0,11,0,0,1,0,0,0,720,0
2316,4995468511,Authentication,166,34,-22,920,0,11,0,0,1,0,0,0,720,0
2317,4995474295,Authentication,166,34,-21,920,0,11,0,0,1,0,0,0,720,0
2318,4995696970,Data,287,34,-23,920,2,0,0,0,0,0,0,1,0,0
2319,4995938200,Authentication,166,34,-59,920,0,11,0,0,0,0,0,0,0,0
2320,4995946633,Authentication,166,34,-21,920,0,11,0,0,0,0,0,0,720,0
2321,4995952415,Authentication,166,34,-21,920,0,11,0,0,1,0,0,0,720,0
2322,4995958250,Authentication,166,34,-21,920,0,11,0,0,1,0,0,0,720,0
2323,4995964190,Authentication,166,34,-22,920,0,11,0,0,1,0,0,0,720,0
2324,4996193175,Authentication,166,34,-59,920,0,11,0,0,0,0,0,0,0,0
2325,4996206653,Authentication,166,34,-22,920,0,11,0,0,0,0,0,0,720,0
2326,4996212540,Authentication,166,34,-21,920,0,11,0,0,1,0,0,0,720,0
2327,4996218481,Authentication,166,34,-22,920,0,11,0,0,1,0,0,0,720,0
2328,4996224474,Authentication,166,34,-23,920,0,11,0,0,1,0,0,0,720,0
2329,4996256217,S1G Beacon,129,34,-23,920,3,1,,,,,,,0,0
2330,4996455317,Authentication,166,34,-57,920,0,11,0,0,0,0,0,0,0,0
2331,4996466869,Authentication,166,34,-22,920,0,11,0,0,0,0,0,0,720,0
2332,4996472651,Authentication,166,34,-24,920,0,11,0,0,1,0,0,0,720,0
2333,4996478485,Authentication,166,34,-23,920,0,11,0,0,1,0,0,0,720,0
2334,4996484527,Authentication,166,34,-24,920,0,11,0,0,1,0,0,0,720,0
2335,4996694931,Authentication,166,34,-57,920,0,11,0,0,0,0,0,0,0,0
2336,4996706692,Authentication,166,34,-23,920,0,11,0,0,0,0,0,0,720,0
2337,4996712476,Authentication,166,34,-22,920,0,11,0,0,1,0,0,0,720,0
2338,4996718466,Authentication,166,34,-23,920,0,11,0,0,1,0,0,0,720,0
2339,4996724145,Authentication,166,34,-24,920,0,11,0,0,1,0,0,0,720,0
2340,4996946834,Authentication,166,34,-55,920,0,11,0,0,0,0,0,0,0,0
2341,4996956619,Authentication,166,34,-23,920,0,11,0,0,0,0,0,0,720,0
2342,4996962403,Authentication,166,34,-21,920,0,11,0,0,1,0,0,0,720,0
2343,4996968448,Authentication,166,34,-22,920,0,11,0,0,1,0,0,0,720,0
2344,4996974491,Authentication,166,34,-22,920,0,11,0,0,1,0,0,0,720,0
2345,4996998516,QoS Data,148,34,-46,920,2,8,1,0,0,0,0,1,720,0
2347,4997001087,QoS Data,148,34,-30,920,2,8,0,0,0,0,0,1,720,0
2349,4997008289,QoS Data,131,34,-22,920,2,8,1,0,0,0,0,1,720,0
2351,4997010615,QoS Data,131,34,-29,920,2,8,0,0,0,0,0,1,720,0
2353,4997075420,S1G Beacon,61,34,-22,920,3,1,,,,,,,0,0
2355,4997143595,QoS Data,128,34,-29,920,2,8,0,0,0,0,0,1,720,0
2357,4997208976,Authentication,166,34,-55,920,0,11,0,0,0,0,0,0,0,0
2358,4997216629,Authentication,166,34,-22,920,0,11,0,0,0,0,0,0,720,0
2359,4997222307,Authentication,166,34,-22,920,0,11,0,0,1,0,0,0,720,0
2360,4997227989,Authentication,166,34,-23,920,0,11,0,0,1,0,0,0,720,0
2361,4997233823,Authentication,166,34,-22,920,0,11,0,0,1,0,0,0,720,0
2362,4997461900,Authentication,166,34,-55,920,0,11,0,0,0,0,0,0,0,0
2363,4997476625,Authentication,166,34,-23,920,0,11,0,0,0,0,0,0,720,0
2364,4997482669,Authentication,166,34,-23,920,0,11,0,0,1,0,0,0,720,0
2365,4997488661,Authentication,166,34,-24,920,0,11,0,0,1,0,0,0,720,0
2366,4997494341,Authentication,166,34,-23,920,0,11,0,0,1,0,0,0,720,0
2367,4997710733,Authentication,166,34,-53,920,0,11,0,0,0,0,0,0,0,0
2368,4997726603,Authentication,166,34,-23,920,0,11,0,0,0,0,0,0,720,0
2369,4997732384,Authentication,166,34,-26,920,0,11,0,0,1,0,0,0,720,0
2370,4997738426,Authentication,166,34,-27,920,0,11,0,0,1,0,0,0,720,0
2371,4997744107,Authentication,166,34,-26,920,0,11,0,0,1,0,0,0,720,0
2372,4997894621,S1G Beacon,129,34,-25,920,3,1,,,,,,,0,0
2373,4997962635,Authentication,166,34,-57,920,0,11,0,0,0,0,0,0,0,0
2374,4997976633,Authentication,166,34,-23,920,0,11,0,0,0,0,0,0,720,0
2375,4997982313,Authentication,166,34,-25,920,0,11,0,0,1,0,0,0,720,0
2376,4997988097,Authentication,166,34,-27,920,0,11,0,0,1,0,0,0,720,0
2377,4997993984,Authentication,166,34,-27,920,0,11,0,0,1,0,0,0,720,0
2378,4998224777,Authentication,166,34,-54,920,0,11,0,0,0,0,0,0,0,0
2379,4998236541,Authentication,166,34,-27,920,0,11,0,0,0,0,0,0,720,0
2380,4998242221,Authentication,166,34,-25,920,0,11,0,0,1,0,0,0,720,0
2381,4998248006,Authentication,166,34,-26,920,0,11,0,0,1,0,0,0,720,0
2382,4998254051,Authentication,166,34,-27,920,0,11,0,0,1,0,0,0,720,0
2383,4998486920,Authentication,166,34,-54,920,0,11,0,0,0,0,0,0,0,0
2384,4998496603,Authentication,166,34,-23,920,0,11,0,0,0,0,0,0,720,0
2385,4998502592,Authentication,166,34,-25,920,0,11,0,0,1,0,0,0,720,0
2386,4998508325,Authentication,166,34,-24,920,0,11,0,0,1,0,0,0,720,0
2387,4998514107,Authentication,166,34,-26,920,0,11,0,0,1,0,0,0,720,0
2388,4998603434,QoS Data,88,34,-43,920,2,8,1,0,1,0,0,1,720,0
2390,4998713825,S1G Beacon,61,34,-25,920,3,1,,,,,,,0,0
2391,4998720707,Data,287,34,-28,920,2,0,0,0,0,0,0,1,0,0
2392,4998728580,Authentication,166,34,-53,920,0,11,0,0,0,0,0,0,0,0
2393,4998736597,Authentication,166,34,-24,920,0,11,0,0,0,0,0,0,720,0
2394,4998742379,Authentication,166,34,-25,920,0,11,0,0,1,0,0,0,720,0
2395,4998748421,Authentication,166,34,-25,920,0,11,0,0,1,0,0,0,720,0
2396,4998754463,Authentication,166,34,-24,920,0,11,0,0,1,0,0,0,720,0
2397,4999240579,Authentication,166,34,-55,920,0,11,0,0,0,0,0,0,0,0
2398,4999256606,Authentication,166,34,-27,920,0,11,0,0,0,0,0,0,720,0
2399,4999262338,Authentication,166,34,-26,920,0,11,0,0,1,0,0,0,720,0
2400,4999268175,Authentication,166,34,-24,920,0,11,0,0,1,0,0,0,720,0
2401,4999274115,Authentication,166,34,-24,920,0,11,0,0,1,0,0,0,720,0
2402,4999502721,Authentication,166,34,-55,920,0,11,0,0,0,0,0,0,0,0
2403,4999516616,Authentication,166,34,-27,920,0,11,0,0,0,0,0,0,720,0
2404,4999522296,Authentication,166,34,-24,920,0,11,0,0,1,0,0,0,720,0
2405,4999533029,S1G Beacon,129,34,-24,920,3,1,,,,,,,0,0
2406,4999536617,Authentication,166,34,-23,920,0,11,0,0,1,0,0,0,720,0
2407,4999542660,Authentication,166,34,-25,920,0,11,0,0,1,0,0,0,720,0
2408,4999742335,Authentication,166,34,-53,920,0,11,0,0,0,0,0,0,0,0
2409,4999756592,Authentication,166,34,-22,920,0,11,0,0,0,0,0,0,720,0
2410,4999762270,Authentication,166,34,-22,920,0,11,0,0,1,0,0,0,720,0
2411,4999773523,Authentication,166,34,-23,920,0,11,0,0,1,0,0,0,720,0
2413,4999996286,Authentication,166,34,-54,920,0,11,0,0,0,0,0,0,0,0
2414,5000006592,Authentication,166,34,-23,920,0,11,0,0,0,0,0,0,720,0
2415,5000012532,Authentication,166,34,-22,920,0,11,0,0,1,0,0,0,720,0
2416,5000018573,Authentication,166,34,-23,920,0,11,0,0,1,0,0,0,720,0
2417,5000024407,Authentication,166,34,-24,920,0,11,0,0,1,0,0,0,720,0
2418,5000266582,Authentication,166,34,-23,920,0,11,0,0,0,0,0,0,720,0
2419,5000272313,Authentication,166,34,-23,920,0,11,0,0,1,0,0,0,720,0
2420,5000278044,Authentication,166,34,-25,920,0,11,0,0,1,0,0,0,720,0
2421,5000283878,Authentication,166,34,-23,920,0,11,0,0,1,0,0,0,720,0
2422,5000352232,S1G Beacon,61,34,-22,920,3,1,,,,,,,0,0
2423,5000518522,Authentication,166,34,-57,920,0,11,0,0,0,0,0,0,0,0
2424,5000526590,Authentication,166,34,-23,920,0,11,0,0,0,0,0,0,720,0
2425,5000532529,Authentication,166,34,-23,920,0,11,0,0,1,0,0,0,720,0
2426,5000538467,Authentication,166,34,-25,920,0,11,0,0,1,0,0,0,720,0
2427,5000544303,Authentication,166,34,-25,920,0,11,0,0,1,0,0,0,720,0
2428,5000758136,Authentication,166,34,-57,920,0,11,0,0,0,0,0,0,0,0
2429,5000766623,Authentication,166,34,-24,920,0,11,0,0,0,0,0,0,720,0
2430,5000772666,Authentication,166,34,-23,920,0,11,0,0,1,0,0,0,720,0
2431,5000778709,Authentication,166,34,-23,920,0,11,0,0,1,0,0,0,720,0
2432,5000784702,Authentication,166,34,-23,920,0,11,0,0,1,0,0,0,720,0
2433,5001010039,Authentication,166,34,-54,920,0,11,0,0,0,0,0,0,0,0
2434,5001026534,Authentication,166,34,-23,920,0,11,0,0,0,0,0,0,720,0
2435,5001032524,Authentication,166,34,-23,920,0,11,0,0,1,0,0,0,720,0
2436,5001038307,Authentication,166,34,-23,920,0,11,0,0,1,0,0,0,720,0
2437,5001044195,Authentication,166,34,-23,920,0,11,0,0,1,0,0,0,720,0
2438,5001171435,S1G Beacon,129,34,-22,920,3,1,,,,,,,0,0
2439,5001272180,Authentication,166,34,-55,920,0,11,0,0,0,0,0,0,0,0
2440,5001286647,Authentication,166,34,-22,920,0,11,0,0,0,0,0,0,720,0
2441,5001292324,Authentication,166,34,-22,920,0,11,0,0,1,0,0,0,720,0
2442,5001298265,Authentication,166,34,-24,920,0,11,0,0,1,0,0,0,720,0
2443,5001304099,Authentication,166,34,-23,920,0,11,0,0,1,0,0,0,720,0
2444,5001531760,Authentication,166,34,-57,920,0,11,0,0,0,0,0,0,0,0
2445,5001546592,Authentication,166,34,-21,920,0,11,0,0,0,0,0,0,720,0
2446,5001552425,Authentication,166,34,-22,920,0,11,0,0,1,0,0,0,720,0
2447,5001558313,Authentication,166,34,-22,920,0,11,0,0,1,0,0,0,720,0
2448,5001563992,Authentication,166,34,-22,920,0,11,0,0,1,0,0,0,720,0
2449,5001744703,Data,287,34,-21,920,2,0,0,0,0,0,0,1,0,0
2450,5001772912,Authentication,166,34,-58,920,0,11,0,0,0,0,0,0,0,0
2451,5001786597,Authentication,166,34,-21,920,0,11,0,0,0,0,0,0,720,0
2452,5001792378,Authentication,166,34,-21,920,0,11,0,0,1,0,0,0,720,0
2453,5001798267,Authentication,166,34,-21,920,0,11,0,0,1,0,0,0,720,0
2454,5001804258,Authentication,166,34,-21,920,0,11,0,0,1,0,0,0,720,0
2455,5001990637,S1G Beacon,61,34,-23,920,3,1,,,,,,,0,0
2456,5002018267,QoS Data,148,34,-38,920,2,8,1,0,0,0,0,1,720,0
2458,5002020996,QoS Data,148,34,-29,920,2,8,0,0,0,0,0,1,720,0
2460,5002025840,Authentication,166,34,-55,920,0,11,0,0,0,0,0,0,0,0
2461,5002031102,QoS Data,131,34,-21,920,2,8,1,0,0,0,0,1,720,0
2463,5002033169,Authentication,166,34,-22,920,0,11,0,0,0,0,0,0,720,0
2464,5002039004,Authentication,166,34,-22,920,0,11,0,0,1,0,0,0,720,0
2465,5002044736,Authentication,166,34,-22,920,0,11,0,0,1,0,0,0,720,0
2466,5002050780,Authentication,166,34,-22,920,0,11,0,0,1,0,0,0,720,0
2467,5002287982,Authentication,166,34,-55,920,0,11,0,0,0,0,0,0,0,0
2468,5002292618,QoS Data,131,34,-28,920,2,8,0,0,0,0,0,1,720,0
2470,5002294837,Authentication,166,34,-22,920,0,11,0,0,0,0,0,0,720,0
2471,5002300829,Authentication,166,34,-22,920,0,11,0,0,1,0,0,0,720,0
2472,5002306873,Authentication,166,34,-22,920,0,11,0,0,1,0,0,0,720,0
2473,5002312605,Authentication,166,34,-23,920,0,11,0,0,1,0,0,0,720,0
2474,5002391179,QoS Data,128,34,-40,920,2,8,1,0,0,0,0,1,720,0
2476,5002393768,QoS Data,128,34,-28,920,2,8,0,0,0,0,0,1,720,0
2478,5002396105,QoS Data,128,34,-28,920,2,8,0,0,1,0,0,1,720,0
2480,5002549096,Authentication,166,34,-54,920,0,11,0,0,0,0,0,0,0,0
2481,5002566528,Authentication,166,34,-20,920,0,11,0,0,0,0,0,0,720,0
2482,5002572467,Authentication,166,34,-22,920,0,11,0,0,1,0,0,0,720,0
2483,5002578406,Authentication,166,34,-21,920,0,11,0,0,1,0,0,0,720,0
2484,5002584137,Authentication,166,34,-21,920,0,11,0,0,1,0,0,0,720,0
2485,5002786666,Authentication,166,34,-55,920,0,11,0,0,0,0,0,0,0,0
2486,5002796554,Authentication,166,34,-21,920,0,11,0,0,0,0,0,0,720,0
2487,5002802286,Authentication,166,34,-22,920,0,11,0,0,1,0,0,0,720,0
2488,5002809842,S1G Beacon,129,34,-21,920,3,1,,,,,,,0,0
2489,5002813430,Authentication,166,34,-22,920,0,11,0,0,1,0,0,0,720,0
2490,5002819161,Authentication,166,34,-21,920,0,11,0,0,1,0,0,0,720,0
2491,5003043688,Authentication,166,34,-56,920,0,11,0,0,0,0,0,0,0,0
2492,5003054724,Authentication,166,34,-21,920,0,11,0,0,0,0,0,0,720,0
2493,5003060611,Authentication,166,34,-22,920,0,11,0,0,1,0,0,0,720,0
2494,5003066549,Authentication,166,34,-21,920,0,11,0,0,1,0,0,0,720,0
2495,5003072331,Authentication,166,34,-22,920,0,11,0,0,1,0,0,0,720,0
2496,5003303783,Authentication,166,34,-54,920,0,11,0,0,0,0,0,0,0,0
2497,5003315077,Authentication,166,34,-22,920,0,11,0,0,0,0,0,0,720,0
2498,5003320913,Authentication,166,34,-22,920,0,11,0,0,1,0,0,0,720,0
2499,5003326593,Authentication,166,34,-22,920,0,11,0,0,1,0,0,0,720,0
2500,5003332431,Authentication,166,34,-22,920,0,11,0,0,1,0,0,0,720,0
2501,5003565924,Authentication,166,34,-55,920,0,11,0,0,0,0,0,0,0,0
2502,5003576595,Authentication,166,34,-24,920,0,11,0,0,0,0,0,0,720,0
2503,5003582275,Authentication,166,34,-23,920,0,11,0,0,1,0,0,0,720,0
2504,5003587956,Authentication,166,34,-22,920,0,11,0,0,1,0,0,0,720,0
2505,5003593947,Authentication,166,34,-22,920,0,11,0,0,1,0,0,0,720,0
2506,5003629045,S1G Beacon,61,34,-23,920,3,1,,,,,,,0,0
2507,5003822944,Authentication,166,34,-56,920,0,11,0,0,0,0,0,0,0,0
2508,5003836786,Authentication,166,34,-22,920,0,11,0,0,0,0,0,0,720,0
2509,5003842776,Authentication,166,34,-23,920,0,11,0,0,1,0,0,0,720,0
2510,5003848716,Authentication,166,34,-22,920,0,11,0,0,1,0,0,0,720,0
2511,5003854707,Authentication,166,34,-23,920,0,11,0,0,1,0,0,0,720,0
2512,5004069729,Authentication,166,34,-55,920,0,11,0,0,0,0,0,0,0,0
2513,5004086535,Authentication,166,34,-24,920,0,11,0,0,0,0,0,0,720,0
2514,5004092527,Authentication,166,34,-24,920,0,11,0,0,1,0,0,0,720,0
2515,5004098521,Authentication,166,34,-23,920,0,11,0,0,1,0,0,0,720,0
2516,5004104356,Authentication,166,34,-24,920,0,11,0,0,1,0,0,0,720,0
2517,5004319584,Authentication,166,34,-54,920,0,11,0,0,0,0,0,0,0,0
2518,5004326615,Authentication,166,34,-24,920,0,11,0,0,0,0,0,0,720,0
2519,5004332345,Authentication,166,34,-24,920,0,11,0,0,1,0,0,0,720,0
2520,5004338337,Authentication,166,34,-27,920,0,11,0,0,1,0,0,0,720,0
2521,5004344018,Authentication,166,34,-25,920,0,11,0,0,1,0,0,0,720,0
2522,5004448250,S1G Beacon,129,34,-25,920,3,1,,,,,,,0,0
2523,5004581726,Authentication,166,34,-56,920,0,11,0,0,0,0,0,0,0,0
2524,5004589172,Authentication,166,34,-26,920,0,11,0,0,0,0,0,0,720,0
2525,5004594902,Authentication,166,34,-27,920,0,11,0,0,1,0,0,0,720,0
2526,5004600634,Authentication,166,34,-27,920,0,11,0,0,1,0,0,0,720,0
2527,5004606521,Authentication,166,34,-25,920,0,11,0,0,1,0,0,0,720,0
2528,5004768825,Data,287,34,-23,920,2,0,0,0,0,0,0,1,0,0
2529,5004825434,Authentication,166,34,-56,920,0,11,0,0,0,0,0,0,0,0
2530,5004836572,Authentication,166,34,-26,920,0,11,0,0,0,0,0,0,720,0
2531,5004842460,Authentication,166,34,-26,920,0,11,0,0,1,0,0,0,720,0
2532,5004848348,Authentication,166,34,-23,920,0,11,0,0,1,0,0,0,720,0
2533,5004854130,Authentication,166,34,-25,920,0,11,0,0,1,0,0,0,720,0
2534,5005075291,Authentication,166,34,-56,920,0,11,0,0,0,0,0,0,0,0
2535,5005086584,Authentication,166,34,-23,920,0,11,0,0,0,0,0,0,720,0
2536,5005098199,Authentication,166,34,-25,920,0,11,0,0,1,0,0,0,720,0
2537,5005103983,Authentication,166,34,-24,920,0,11,0,0,1,0,0,0,720,0
2538,5005267451,S1G Beacon,61,34,-22,920,3,1,,,,,,,0,0
2539,5005335385,Authentication,166,34,-57,920,0,11,0,0,0,0,0,0,0,0
2540,5005346574,Authentication,166,34,-22,920,0,11,0,0,0,0,0,0,720,0
2541,5005352564,Authentication,166,34,-22,920,0,11,0,0,1,0,0,0,720,0
2542,5005358450,Authentication,166,34,-22,920,0,11,0,0,1,0,0,0,720,0
2543,5005364441,Authentication,166,34,-22,920,0,11,0,0,1,0,0,0,720,0
2544,5005597527,Authentication,166,34,-56,920,0,11,0,0,0,0,0,0,0,0
2545,5005606586,Authentication,166,34,-26,920,0,11,0,0,0,0,0,0,720,0
2546,5005612526,Authentication,166,34,-27,920,0,11,0,0,1,0,0,0,720,0
2547,5005618207,Authentication,166,34,-26,920,0,11,0,0,1,0,0,0,720,0
2548,5005624043,Authentication,166,34,-28,920,0,11,0,0,1,0,0,0,720,0
2549,5005843283,Authentication,166,34,-59,920,0,11,0,0,0,0,0,0,0,0
2550,5005856556,Authentication,166,34,-24,920,0,11,0,0,0,0,0,0,720,0
2551,5005862340,Authentication,166,34,-24,920,0,11,0,0,1,0,0,0,720,0
2552,5005868229,Authentication,166,34,-24,920,0,11,0,0,1,0,0,0,720,0
2553,5005874014,Authentication,166,34,-24,920,0,11,0,0,1,0,0,0,720,0
2554,5006086656,S1G Beacon,129,34,-22,920,3,1,,,,,,,0,0
2555,5006351186,Authentication,166,34,-56,920,0,11,0,0,0,0,0,0,0,0
2556,5006366796,Authentication,166,34,-22,920,0,11,0,0,0,0,0,0,720,0
2557,5006372683,Authentication,166,34,-23,920,0,11,0,0,1,0,0,0,720,0
2558,5006378620,Authentication,166,34,-24,920,0,11,0,0,1,0,0,0,720,0
2559,5006384405,Authentication,166,34,-23,920,0,11,0,0,1,0,0,0,720,0
2560,5006613328,Authentication,166,34,-56,920,0,11,0,0,0,0,0,0,0,0
2561,5006626600,Authentication,166,34,-23,920,0,11,0,0,0,0,0,0,720,0
2562,5006632333,Authentication,166,34,-21,920,0,11,0,0,1,0,0,0,720,0
2563,5006638013,Authentication,166,34,-23,920,0,11,0,0,1,0,0,0,720,0
2564,5006643745,Authentication,166,34,-23,920,0,11,0,0,1,0,0,0,720,0
2565,5006864203,Authentication,166,34,-59,920,0,11,0,0,0,0,0,0,0,0
2566,5006872741,Authentication,166,34,-21,920,0,11,0,0,0,0,0,0,720,0
2567,5006878731,Authentication,166,34,-21,920,0,11,0,0,1,0,0,0,720,0
2568,5006884616,Authentication,166,34,-23,920,0,11,0,0,1,0,0,0,720,0
2569,5006890658,Authentication,166,34,-22,920,0,11,0,0,1,0,0,0,720,0
2570,5006905860,S1G Beacon,61,34,-23,920,3,1,,,,,,,0,0
2571,5007120204,Authentication,166,34,-56,920,0,11,0,0,0,0,0,0,0,0
2572,5007136698,Authentication,166,34,-22,920,0,11,0,0,0,0,0,0,720,0
2573,5007142481,Authentication,166,34,-21,920,0,11,0,0,1,0,0,0,720,0
2574,5007148420,Authentication,166,34,-22,920,0,11,0,0,1,0,0,0,720,0
2575,5007154256,Authentication,166,34,-22,920,0,11,0,0,1,0,0,0,720,0
2576,5007298246,QoS Data,148,34,-39,920,2,8,1,0,0,0,0,1,720,0
2578,5007301181,QoS Data,148,34,-28,920,2,8,0,0,0,0,0,1,720,0
2580,5007308365,QoS Data,131,34,-22,920,2,8,1,0,0,0,0,1,720,0
2582,5007311110,QoS Data,131,34,-30,920,2,8,0,0,0,0,0,1,720,0
2584,5007366987,Authentication,166,34,-56,920,0,11,0,0,0,0,0,0,0,0
2585,5007375108,Authentication,166,34,-22,920,0,11,0,0,0,0,0,0,720,0
2586,5007380840,Authentication,166,34,-21,920,0,11,0,0,1,0,0,0,720,0
2587,5007386833,Authentication,166,34,-21,920,0,11,0,0,1,0,0,0,720,0
2588,5007392566,Authentication,166,34,-22,920,0,11,0,0,1,0,0,0,720,0
2589,5007398131,QoS Data,128,34,-41,920,2,8,1,0,0,0,0,1,720,0
2591,5007400928,QoS Data,128,34,-27,920,2,8,0,0,0,0,0,1,720,0
2593,5007629129,Authentication,166,34,-58,920,0,11,0,0,0,0,0,0,0,0
2594,5007636576,Authentication,166,34,-22,920,0,11,0,0,0,0,0,0,720,0
2595,5007642255,Authentication,166,34,-21,920,0,11,0,0,1,0,0,0,720,0
2596,5007647932,Authentication,166,34,-22,920,0,11,0,0,1,0,0,0,720,0
2597,5007653923,Authentication,166,34,-21,920,0,11,0,0,1,0,0,0,720,0
2598,5007725061,S1G Beacon,129,34,-22,920,3,1,,,,,,,0,0
2599,5007792763,Data,287,34,-21,920,2,0,0,0,0,0,0,1,0,0
2600,5007884101,Authentication,166,34,-58,920,0,11,0,0,0,0,0,0,0,0
2601,5007896589,Authentication,166,34,-19,920,0,11,0,0,0,0,0,0,720,0
2602,5007902580,Authentication,166,34,-21,920,0,11,0,0,1,0,0,0,720,0
2603,5007908522,Authentication,166,34,-22,920,0,11,0,0,1,0,0,0,720,0
2604,5007914201,Authentication,166,34,-21,920,0,11,0,0,1,0,0,0,720,0
2605,5008122694,Authentication,166,34,-56,920,0,11,0,0,0,0,0,0,0,0
2606,5008136587,Authentication,166,34,-22,920,0,11,0,0,0,0,0,0,720,0
2607,5008142267,Authentication,166,34,-21,920,0,11,0,0,1,0,0,0,720,0
2608,5008148104,Authentication,166,34,-22,920,0,11,0,0,1,0,0,0,720,0
2609,5008154045,Authentication,166,34,-21,920,0,11,0,0,1,0,0,0,720,0
2610,5008187075,Disassociation,64,34,-21,920,0,10,0,0,0,0,0,0,720,0
2611,5008190398,Disassociation,64,34,-22,920,0,10,0,0,1,0,0,0,720,0
2612,5008193462,Disassociation,64,34,-21,920,0,10,0,0,1,0,0,0,720,0
2613,5008196421,Disassociation,64,34,-22,920,0,10,0,0,1,0,0,0,720,0
2614,5008382788,Authentication,166,34,-56,920,0,11,0,0,0,0,0,0,0,0
2615,5008396577,Authentication,166,34,-23,920,0,11,0,0,0,0,0,0,720,0
2616,5008402569,Authentication,166,34,-22,920,0,11,0,0,1,0,0,0,720,0
2617,5008408353,Authentication,166,34,-22,920,0,11,0,0,1,0,0,0,720,0
2618,5008414294,Authentication,166,34,-23,920,0,11,0,0,1,0,0,0,720,0
2619,5008544267,S1G Beacon,61,34,-23,920,3,1,,,,,,,0,0
2620,5008644930,Authentication,166,34,-55,920,0,11,0,0,0,0,0,0,0,0
2621,5008656639,Authentication,166,34,-22,920,0,11,0,0,0,0,0,0,720,0
2622,5008662318,Authentication,166,34,-21,920,0,11,0,0,1,0,0,0,720,0
2623,5008668052,Authentication,166,34,-22,920,0,11,0,0,1,0,0,0,720,0
2624,5008673938,Authentication,166,34,-24,920,0,11,0,0,1,0,0,0,720,0
2625,5008856712,Data,387,34,-24,920,2,0,0,0,0,0,0,1,0,0
2626,5008883519,Authentication,166,34,-54,920,0,11,0,0,0,0,0,0,0,0
2627,5008896792,Authentication,166,34,-23,920,0,11,0,0,0,0,0,0,720,0
2628,5008907576,Authentication,166,34,-25,920,0,11,0,0,1,0,0,0,720,0
2629,5008913463,Authentication,166,34,-25,920,0,11,0,0,1,0,0,0,720,0
2630,5008960712,Data,450,34,-26,920,2,0,0,0,0,0,0,1,0,0
2631,5009064821,Data,442,34,-27,920,2,0,0,0,0,0,0,1,0,0
2632,5009136447,Authentication,166,34,-55,920,0,11,0,0,0,0,0,0,0,0
2633,5009146545,Authentication,166,34,-26,920,0,11,0,0,0,0,0,0,720,0
2634,5009152328,Authentication,166,34,-27,920,0,11,0,0,1,0,0,0,720,0
2635,5009158372,Authentication,166,34,-26,920,0,11,0,0,1,0,0,0,720,0
2636,5009164418,Authentication,166,34,-27,920,0,11,0,0,1,0,0,0,720,0
2637,5009170722,Data,387,34,-28,920,2,0,0,0,0,0,0,1,0,0
2638,5009272709,Data,426,34,-23,920,2,0,0,0,0,0,0,1,0,0
2639,5009363468,S1G Beacon,129,34,-22,920,3,1,,,,,,,0,0
2640,5009376729,Data,458,34,-21,920,2,0,0,0,0,0,0,1,0,0
2641,5009398589,Authentication,166,34,-56,920,0,11,0,0,0,0,0,0,0,0
2642,5009406554,Authentication,166,34,-22,920,0,11,0,0,0,0,0,0,720,0
2643,5009412284,Authentication,166,34,-23,920,0,11,0,0,1,0,0,0,720,0
2644,5009418276,Authentication,166,34,-23,920,0,11,0,0,1,0,0,0,720,0
2645,5009423958,Authentication,166,34,-22,920,0,11,0,0,1,0,0,0,720,0
2646,5009480856,Data,387,34,-22,920,2,0,0,0,0,0,0,1,0,0
2647,5009585132,Data,446,34,-21,920,2,0,0,0,0,0,0,1,0,0
2648,5009660731,Authentication,166,34,-56,920,0,11,0,0,0,0,0,0,0,0
2649,5009676863,Authentication,166,34,-21,920,0,11,0,0,0,0,0,0,720,0
2650,5009682594,Authentication,166,34,-21,920,0,11,0,0,1,0,0,0,720,0
2651,5009688326,Authentication,166,34,-24,920,0,11,0,0,1,0,0,0,720,0
2652,5009694631,Data,440,34,-21,920,2,0,0,0,0,0,0,1,0,0
2653,5009706496,Authentication,166,34,-21,920,0,11,0,0,1,0,0,0,720,0
2654,5009792933,Data,387,34,-22,920,2,0,0,0,0,0,0,1,0,0
2655,5009896949,Data,442,34,-22,920,2,0,0,0,0,0,0,1,0,0
2656,5010000779,Data,452,34,-24,920,2,0,0,0,0,0,0,1,0,0
2657,5010152248,Authentication,166,34,-56,920,0,11,0,0,0,0,0,0,0,0
2658,5010166612,Authentication,166,34,-23,920,0,11,0,0,0,0,0,0,720,0
2659,5010172497,Authentication,166,34,-24,920,0,11,0,0,1,0,0,0,720,0
2660,5010182671,S1G Beacon,61,34,-21,920,3,1,,,,,,,0,0
2661,5010184458,Authentication,166,34,-23,920,0,11,0,0,1,0,0,0,720,0
2662,5010190296,Authentication,166,34,-22,920,0,11,0,0,1,0,0,0,720,0
2664,5010414390,Authentication,166,34,-56,920,0,11,0,0,0,0,0,0,0,0
2665,5010426569,Authentication,166,34,-23,920,0,11,0,0,0,0,0,0,720,0
2666,5010432351,Authentication,166,34,-23,920,0,11,0,0,1,0,0,0,720,0
2667,5010438291,Authentication,166,34,-22,920,0,11,0,0,1,0,0,0,720,0
2668,5010444228,Authentication,166,34,-22,920,0,11,0,0,1,0,0,0,720,0
2669,5010663218,Authentication,166,34,-57,920,0,11,0,0,0,0,0,0,0,0
2670,5010676540,Authentication,166,34,-22,920,0,11,0,0,0,0,0,0,720,0
2671,5010682325,Authentication,166,34,-21,920,0,11,0,0,1,0,0,0,720,0
2672,5010688210,Authentication,166,34,-21,920,0,11,0,0,1,0,0,0,720,0
2673,5010693993,Authentication,166,34,-23,920,0,11,0,0,1,0,0,0,720,0
2674,5010816724,Data,287,34,-24,920,2,0,0,0,0,0,0,1,0,0
2675,5010907955,Authentication,166,34,-57,920,0,11,0,0,0,0,0,0,0,0
2676,5010916596,Authentication,166,34,-21,920,0,11,0,0,0,0,0,0,720,0
2677,5010922483,Authentication,166,34,-22,920,0,11,0,0,1,0,0,0,720,0
2678,5010928424,Authentication,166,34,-21,920,0,11,0,0,1,0,0,0,720,0
2679,5011001876,S1G Beacon,129,34,-22,920,3,1,,,,,,,0,0
2680,5011168049,Authentication,166,34,-56,920,0,11,0,0,0,0,0,0,0,0
2681,5011176587,Authentication,166,34,-22,920,0,11,0,0,0,0,0,0,720,0
2682,5011188049,Authentication,166,34,-22,920,0,11,0,0,1,0,0,0,720,0
2683,5011193831,Authentication,166,34,-32,920,0,11,0,0,1,0,0,0,720,0
2684,5011430191,Authentication,166,34,-55,920,0,11,0,0,0,0,0,0,0,0
2685,5011446790,Authentication,166,34,-22,920,0,11,0,0,0,0,0,0,720,0
2686,5011452520,Authentication,166,34,-22,920,0,11,0,0,1,0,0,0,720,0
2687,5011458459,Authentication,166,34,-21,920,0,11,0,0,1,0,0,0,720,0
2688,5011464137,Authentication,166,34,-22,920,0,11,0,0,1,0,0,0,720,0
2689,5011540838,Data,132,34,-22,920,2,0,0,0,0,0,0,1,0,0
2690,5011569780,Data,132,34,-23,920,2,0,0,0,0,0,0,1,0,0
2691,5011674924,Authentication,166,34,-55,920,0,11,0,0,0,0,0,0,0,0
2692,5011686530,Authentication,166,34,-22,920,0,11,0,0,0,0,0,0,720,0
2693,5011692417,Authentication,166,34,-21,920,0,11,0,0,1,0,0,0,720,0
2694,5011698146,Authentication,166,34,-21,920,0,11,0,0,1,0,0,0,720,0
2695,5011703929,Authentication,166,34,-21,920,0,11,0,0,1,0,0,0,720,0
2696,5011821079,S1G Beacon,61,34,-21,920,3,1,,,,,,,0,0
2697,5011933994,Authentication,166,34,-59,920,0,11,0,0,0,0,0,0,0,0
2698,5011946536,Authentication,166,34,-22,920,0,11,0,0,0,0,0,0,720,0
2699,5011952477,Authentication,166,34,-23,920,0,11,0,0,1,0,0,0,720,0
2700,5011958261,Authentication,166,34,-22,920,0,11,0,0,1,0,0,0,720,0
2701,5011964149,Authentication,166,34,-22,920,0,11,0,0,1,0,0,0,720,0
2702,5012183850,Authentication,166,34,-56,920,0,11,0,0,0,0,0,0,0,0
2703,5012196548,Authentication,166,34,-22,920,0,11,0,0,0,0,0,0,720,0
2704,5012202592,Authentication,166,34,-22,920,0,11,0,0,1,0,0,0,720,0
2705,5012208533,Authentication,166,34,-22,920,0,11,0,0,1,0,0,0,720,0
2706,5012214212,Authentication,166,34,-21,920,0,11,0,0,1,0,0,0,720,0
2707,5012324882,RTS,54,34,-34,920,1,11,,,,0,0,0,2488,0
2709,5012330165,RTS,54,34,-33,920,1,11,,,,0,0,0,2488,0
2712,5012334560,QoS Data,149,34,-29,920,2,8,0,0,0,0,0,1,720,0
2714,5012341759,QoS Data,131,34,-20,920,2,8,1,0,0,0,0,1,720,0
2716,5012344088,QoS Data,131,34,-29,920,2,8,0,0,0,0,0,1,720,0
2718,5012394818,QoS Data,128,34,-39,920,2,8,1,0,1,0,0,1,720,0
2720,5012397355,QoS Data,128,34,-28,920,2,8,0,0,0,0,0,1,720,0
2722,5012445992,Authentication,166,34,-60,920,0,11,0,0,0,0,0,0,0,0
2723,5012456505,Authentication,166,34,-22,920,0,11,0,0,0,0,0,0,720,0
2724,5012462183,Authentication,166,34,-22,920,0,11,0,0,1,0,0,0,720,0
2725,5012468071,Authentication,166,34,-22,920,0,11,0,0,1,0,0,0,720,0
2726,5012474062,Authentication,166,34,-22,920,0,11,0,0,1,0,0,0,720,0
2727,5012640281,S1G Beacon,129,34,-22,920,3,1,,,,,,,0,0
2728,5012707107,Authentication,166,34,-59,920,0,11,0,0,0,0,0,0,0,0
2729,5012716996,Authentication,166,34,-22,920,0,11,0,0,0,0,0,0,720,0
2730,5012722987,Authentication,166,34,-23,920,0,11,0,0,1,0,0,0,720,0
2731,5012728666,Authentication,166,34,-21,920,0,11,0,0,1,0,0,0,720,0
2732,5012734396,Authentication,166,34,-23,920,0,11,0,0,1,0,0,0,720,0
2733,5012950820,Authentication,166,34,-56,920,0,11,0,0,0,0,0,0,0,0
2734,5012962892,Authentication,166,34,-22,920,0,11,0,0,0,0,0,0,720,0
2735,5012968936,Authentication,166,34,-22,920,0,11,0,0,1,0,0,0,720,0
2736,5012974667,Authentication,166,34,-22,920,0,11,0,0,1,0,0,0,720,0
2737,5012980502,Authentication,166,34,-22,920,0,11,0,0,1,0,0,0,720,0
2738,5013199651,Authentication,166,34,-60,920,0,11,0,0,0,0,0,0,0,0
2739,5013206784,Authentication,166,34,-24,920,0,11,0,0,0,0,0,0,720,0
2740,5013212670,Authentication,166,34,-22,920,0,11,0,0,1,0,0,0,720,0
2741,5013218506,Authentication,166,34,-23,920,0,11,0,0,1,0,0,0,720,0
2742,5013224342,Authentication,166,34,-23,920,0,11,0,0,1,0,0,0,720,0
2743,5013459485,S1G Beacon,61,34,-22,920,3,1,,,,,,,0,0
2744,5013723935,Authentication,166,34,-55,920,0,11,0,0,0,0,0,0,0,0
2745,5013736529,Authentication,166,34,-22,920,0,11,0,0,0,0,0,0,720,0
2746,5013742419,Authentication,166,34,-22,920,0,11,0,0,1,0,0,0,720,0
2747,5013748204,Authentication,166,34,-22,920,0,11,0,0,1,0,0,0,720,0
2748,5013754196,Authentication,166,34,-22,920,0,11,0,0,1,0,0,0,720,0
2749,5013841189,Data,287,34,-24,920,2,0,0,0,0,0,0,1,0,0
2750,5013969692,Authentication,166,34,-56,920,0,11,0,0,0,0,0,0,0,0
2751,5013976775,Authentication,166,34,-21,920,0,11,0,0,0,0,0,0,720,0
2752,5013982819,Authentication,166,34,-21,920,0,11,0,0,1,0,0,0,720,0
2753,5013988498,Authentication,166,34,-22,920,0,11,0,0,1,0,0,0,720,0
2754,5013994349,Authentication,166,34,-22,920,0,11,0,0,1,0,0,0,720,0
2755,5014215452,Authentication,166,34,-56,920,0,11,0,0,0,0,0,0,0,0
2756,5014226536,Authentication,166,34,-24,920,0,11,0,0,0,0,0,0,720,0
2757,5014232580,Authentication,166,34,-21,920,0,11,0,0,1,0,0,0,720,0
2758,5014238466,Authentication,166,34,-23,920,0,11,0,0,1,0,0,0,720,0
2759,5014244404,Authentication,166,34,-22,920,0,11,0,0,1,0,0,0,720,0
2760,5014278690,S1G Beacon,129,34,-24,920,3,1,,,,,,,0,0
2761,5014477594,Authentication,166,34,-59,920,0,11,0,0,0,0,0,0,0,0
2762,5014486547,Authentication,166,34,-23,920,0,11,0,0,0,0,0,0,720,0
2763,5014492331,Authentication,166,34,-22,920,0,11,0,0,1,0,0,0,720,0
2764,5014498115,Authentication,166,34,-22,920,0,11,0,0,1,0,0,0,720,0
2765,5014503845,Authentication,166,34,-22,920,0,11,0,0,1,0,0,0,720,0
2766,5014721302,Authentication,166,34,-59,920,0,11,0,0,0,0,0,0,0,0
2767,5014736548,Authentication,166,34,-22,920,0,11,0,0,0,0,0,0,720,0
2768,5014742385,Authentication,166,34,-22,920,0,11,0,0,1,0,0,0,720,0
2769,5014748428,Authentication,166,34,-22,920,0,11,0,0,1,0,0,0,720,0
2770,5014754211,Authentication,166,34,-22,920,0,11,0,0,1,0,0,0,720,0
2771,5014979350,Authentication,166,34,-59,920,0,11,0,0,0,0,0,0,0,0
2772,5014996469,Authentication,166,34,-22,920,0,11,0,0,0,0,0,0,720,0
2773,5015002357,Authentication,166,34,-22,920,0,11,0,0,1,0,0,0,720,0
2774,5015008089,Authentication,166,34,-22,920,0,11,0,0,1,0,0,0,720,0
2775,5015013766,Authentication,166,34,-22,920,0,11,0,0,1,0,0,0,720,0
2776,5015097892,S1G Beacon,61,34,-22,920,3,1,,,,,,,0,0
2777,5015231253,Authentication,166,34,-60,920,0,11,0,0,0,0,0,0,0,0
2778,5015246549,Authentication,166,34,-22,920,0,11,0,0,0,0,0,0,720,0
2779,5015252230,Authentication,166,34,-23,920,0,11,0,0,1,0,0,0,720,0
2780,5015258014,Authentication,166,34,-22,920,0,11,0,0,1,0,0,0,720,0
2781,5015263796,Authentication,166,34,-22,920,0,11,0,0,1,0,0,0,720,0
2782,5015493395,Authentication,166,34,-60,920,0,11,0,0,0,0,0,0,0,0
2783,5015506509,Authentication,166,34,-21,920,0,11,0,0,0,0,0,0,720,0
2784,5015512552,Authentication,166,34,-24,920,0,11,0,0,1,0,0,0,720,0
2785,5015518439,Authentication,166,34,-22,920,0,11,0,0,1,0,0,0,720,0
2786,5015524326,Authentication,166,34,-22,920,0,11,0,0,1,0,0,0,720,0
2787,5015733009,Authentication,166,34,-57,920,0,11,0,0,0,0,0,0,0,0
2788,5015746537,Authentication,166,34,-23,920,0,11,0,0,0,0,0,0,720,0
2789,5015752373,Authentication,166,34,-23,920,0,11,0,0,1,0,0,0,720,0
2790,5015758053,Authentication,166,34,-22,920,0,11,0,0,1,0,0,0,720,0
2791,5015763784,Authentication,166,34,-22,920,0,11,0,0,1,0,0,0,720,0
2792,5015917094,S1G Beacon,129,34,-22,920,3,1,,,,,,,0,0
2793,5015996175,Authentication,166,34,-56,920,0,11,0,0,0,0,0,0,0,0
2794,5016006587,Authentication,166,34,-22,920,0,11,0,0,0,0,0,0,720,0
2795,5016012369,Authentication,166,34,-21,920,0,11,0,0,1,0,0,0,720,0
2796,5016018411,Authentication,166,34,-22,920,0,11,0,0,1,0,0,0,720,0
2797,5016024193,Authentication,166,34,-22,920,0,11,0,0,1,0,0,0,720,0
2798,5016247054,Authentication,166,34,-60,920,0,11,0,0,0,0,0,0,0,0
2799,5016256529,Authentication,166,34,-22,920,0,11,0,0,0,0,0,0,720,0
2800,5016262313,Authentication,166,34,-23,920,0,11,0,0,1,0,0,0,720,0
2801,5016268043,Authentication,166,34,-21,920,0,11,0,0,1,0,0,0,720,0
2802,5016273824,Authentication,166,34,-23,920,0,11,0,0,1,0,0,0,720,0
2803,5016509196,Authentication,166,34,-55,920,0,11,0,0,0,0,0,0,0,0
2804,5016517735,Authentication,166,34,-22,920,0,11,0,0,0,0,0,0,720,0
2805,5016523779,Authentication,166,34,-21,920,0,11,0,0,1,0,0,0,720,0
2806,5016529718,Authentication,166,34,-23,920,0,11,0,0,1,0,0,0,720,0
2807,5016535658,Authentication,166,34,-22,920,0,11,0,0,1,0,0,0,720,0
2808,5016736299,S1G Beacon,61,34,-23,920,3,1,,,,,,,0,0
2809,5016754952,Authentication,166,34,-56,920,0,11,0,0,0,0,0,0,0,0
2810,5016766456,Authentication,166,34,-22,920,0,11,0,0,0,0,0,0,720,0
2811,5016772238,Authentication,166,34,-22,920,0,11,0,0,1,0,0,0,720,0
2812,5016777293,Authentication,166,34,-21,920,0,11,0,0,1,0,0,0,720,0
2813,5016783335,Authentication,166,34,-21,920,0,11,0,0,1,0,0,0,720,0
2814,5016864779,Data,287,34,-21,920,2,0,0,0,0,0,0,1,0,0
2815,5017002761,Authentication,166,34,-56,920,0,11,0,0,0,0,0,0,0,0
2816,5017016500,Authentication,166,34,-22,920,0,11,0,0,0,0,0,0,720,0
2817,5017022178,Authentication,166,34,-22,920,0,11,0,0,1,0,0,0,720,0
2818,5017028171,Authentication,166,34,-21,920,0,11,0,0,1,0,0,0,720,0
2819,5017034006,Authentication,166,34,-22,920,0,11,0,0,1,0,0,0,720,0
2820,5017069743,Data,132,34,-21,920,2,0,0,0,0,0,0,1,0,0
2821,5017262855,Authentication,166,34,-56,920,0,11,0,0,0,0,0,0,0,0
2822,5017276793,Authentication,166,34,-22,920,0,11,0,0,0,0,0,0,720,0
2823,5017282523,Authentication,166,34,-21,920,0,11,0,0,1,0,0,0,720,0
2824,5017288306,Authentication,166,34,-22,920,0,11,0,0,1,0,0,0,720,0
2825,5017293986,Authentication,166,34,-22,920,0,11,0,0,1,0,0,0,720,0
2826,5017361084,RTS,54,34,-34,920,1,11,,,,0,0,0,2452,0
2828,5017362708,QoS Data,149,34,-40,920,2,8,1,0,1,0,0,1,720,0
2830,5017364915,QoS Data,149,34,-28,920,2,8,0,0,0,0,0,1,720,0
2832,5017372114,QoS Data,131,34,-23,920,2,8,1,0,0,0,0,1,720,0
2834,5017374131,QoS Data,131,34,-29,920,2,8,0,0,0,0,0,1,720,0
2836,5017390965,QoS Data,128,34,-39,920,2,8,1,0,0,0,0,1,720,0
2838,5017393082,QoS Data,128,34,-28,920,2,8,0,0,0,0,0,1,720,0
2840,5017516803,Authentication,166,34,-55,920,0,11,0,0,0,0,0,0,0,0
2841,5017526538,Authentication,166,34,-22,920,0,11,0,0,0,0,0,0,720,0
2842,5017532217,Authentication,166,34,-21,920,0,11,0,0,1,0,0,0,720,0
2843,5017537895,Authentication,166,34,-21,920,0,11,0,0,1,0,0,0,720,0
2844,5017543782,Authentication,166,34,-21,920,0,11,0,0,1,0,0,0,720,0
2845,5017569334,S1G Beacon,129,34,-21,920,3,1,,,,,,,0,0
2846,5017573544,Data,132,34,-21,920,2,0,0,0,0,0,0,1,0,0
2847,5017775873,Authentication,166,34,-59,920,0,11,0,0,0,0,0,0,0,0
2848,5017786491,Authentication,166,34,-21,920,0,11,0,0,0,0,0,0,720,0
2849,5017792222,Authentication,166,34,-22,920,0,11,0,0,1,0,0,0,720,0
2850,5017798161,Authentication,166,34,-22,920,0,11,0,0,1,0,0,0,720,0
2851,5017803998,Authentication,166,34,-21,920,0,11,0,0,1,0,0,0,720,0
2852,5018016514,Authentication,166,34,-60,920,0,11,0,0,0,0,0,0,0,0
2853,5018024479,Authentication,166,34,-24,920,0,11,0,0,0,0,0,0,720,0
2854,5018030314,Authentication,166,34,-23,920,0,11,0,0,1,0,0,0,720,0
2855,5018036359,Authentication,166,34,-21,920,0,11,0,0,1,0,0,0,720,0
2856,5018042404,Authentication,166,34,-22,920,0,11,0,0,1,0,0,0,720,0
2857,5018278656,Authentication,166,34,-60,920,0,11,0,0,0,0,0,0,0,0
2858,5018296450,Authentication,166,34,-22,920,0,11,0,0,0,0,0,0,720,0
2859,5018302181,Authentication,166,34,-24,920,0,11,0,0,1,0,0,0,720,0
2860,5018308019,Authentication,166,34,-22,920,0,11,0,0,1,0,0,0,720,0
2861,5018313907,Authentication,166,34,-22,920,0,11,0,0,1,0,0,0,720,0
2862,5018374704,S1G Beacon,61,34,-22,920,3,1,,,,,,,0,0
2863,5018540798,Authentication,166,34,-60,920,0,11,0,0,0,0,0,0,0,0
2864,5018556565,Authentication,166,34,-22,920,0,11,0,0,0,0,0,0,720,0
2865,5018562504,Authentication,166,34,-22,920,0,11,0,0,1,0,0,0,720,0
2866,5018567505,Authentication,166,34,-21,920,0,11,0,0,1,0,0,0,720,0
2867,5018573287,Authentication,166,34,-22,920,0,11,0,0,1,0,0,0,720,0
2868,5018785531,Authentication,166,34,-59,920,0,11,0,0,0,0,0,0,0,0
2869,5018796514,Authentication,166,34,-23,920,0,11,0,0,0,0,0,0,720,0
2870,5018802558,Authentication,166,34,-23,920,0,11,0,0,1,0,0,0,720,0
2871,5018808600,Authentication,166,34,-22,920,0,11,0,0,1,0,0,0,720,0
2872,5018814435,Authentication,166,34,-24,920,0,11,0,0,1,0,0,0,720,0
2873,5019193909,S1G Beacon,129,34,-23,920,3,1,,,,,,,0,0
2874,5019294457,Authentication,166,34,-55,920,0,11,0,0,0,0,0,0,0,0
2875,5019306375,Authentication,166,34,-21,920,0,11,0,0,0,0,0,0,720,0
2876,5019312418,Authentication,166,34,-23,920,0,11,0,0,1,0,0,0,720,0
2877,5019318307,Authentication,166,34,-22,920,0,11,0,0,1,0,0,0,720,0
2878,5019323987,Authentication,166,34,-22,920,0,11,0,0,1,0,0,0,720,0
2879,5019556599,Authentication,166,34,-59,920,0,11,0,0,0,0,0,0,0,0
2880,5019566543,Authentication,166,34,-22,920,0,11,0,0,0,0,0,0,720,0
2881,5019572377,Authentication,166,34,-22,920,0,11,0,0,1,0,0,0,720,0
2882,5019578211,Authentication,166,34,-21,920,0,11,0,0,1,0,0,0,720,0
2883,5019583942,Authentication,166,34,-22,920,0,11,0,0,1,0,0,0,720,0
2884,5019813619,Authentication,166,34,-58,920,0,11,0,0,0,0,0,0,0,0
2885,5019826526,Authentication,166,34,-23,920,0,11,0,0,0,0,0,0,720,0
2886,5019832570,Authentication,166,34,-22,920,0,11,0,0,1,0,0,0,720,0
2887,5019838405,Authentication,166,34,-22,920,0,11,0,0,1,0,0,0,720,0
2888,5019844188,Authentication,166,34,-23,920,0,11,0,0,1,0,0,0,720,0
2889,5019888919,Data,287,34,-23,920,2,0,0,0,0,0,0,1,0,0
2890,5020013114,S1G Beacon,61,34,-22,920,3,1,,,,,,,0,0
2891,5020069618,Authentication,166,34,-56,920,0,11,0,0,0,0,0,0,0,0
2892,5020086476,Authentication,166,34,-22,920,0,11,0,0,0,0,0,0,720,0
2893,5020092312,Authentication,166,34,-22,920,0,11,0,0,1,0,0,0,720,0
2894,5020098095,Authentication,166,34,-22,920,0,11,0,0,1,0,0,0,720,0
2895,5020104087,Authentication,166,34,-22,920,0,11,0,0,1,0,0,0,720,0
2896,5020312306,Authentication,166,34,-60,920,0,11,0,0,0,0,0,0,0,0
2897,5020326512,Authentication,166,34,-22,920,0,11,0,0,0,0,0,0,720,0
2898,5020332554,Authentication,166,34,-22,920,0,11,0,0,1,0,0,0,720,0
2899,5020338443,Authentication,166,34,-23,920,0,11,0,0,1,0,0,0,720,0
2900,5020344486,Authentication,166,34,-22,920,0,11,0,0,1,0,0,0,720,0
2901,5020572400,Authentication,166,34,-59,920,0,11,0,0,0,0,0,0,0,0
2902,5020586501,Authentication,166,34,-23,920,0,11,0,0,0,0,0,0,720,0
2903,5020592442,Authentication,166,34,-22,920,0,11,0,0,1,0,0,0,720,0
2904,5020598225,Authentication,166,34,-22,920,0,11,0,0,1,0,0,0,720,0
2905,5020604008,Authentication,166,34,-22,920,0,11,0,0,1,0,0,0,720,0
2906,5020832316,S1G Beacon,129,34,-23,920,3,1,,,,,,,0,0
2907,5021084395,Authentication,166,34,-55,920,0,11,0,0,0,0,0,0,0,0
2908,5021096468,Authentication,166,34,-22,920,0,11,0,0,0,0,0,0,720,0
2909,5021102461,Authentication,166,34,-22,920,0,11,0,0,1,0,0,0,720,0
2910,5021108504,Authentication,166,34,-22,920,0,11,0,0,1,0,0,0,720,0
2911,5021114236,Authentication,166,34,-24,920,0,11,0,0,1,0,0,0,720,0
2912,5021338346,Authentication,166,34,-56,920,0,11,0,0,0,0,0,0,0,0
2913,5021346779,Authentication,166,34,-27,920,0,11,0,0,0,0,0,0,720,0
2914,5021352719,Authentication,166,34,-27,920,0,11,0,0,1,0,0,0,720,0
2915,5021364494,Authentication,166,34,-25,920,0,11,0,0,1,0,0,0,720,0
2916,5021588202,Authentication,166,34,-57,920,0,11,0,0,0,0,0,0,0,0
2917,5021601003,Authentication,166,34,-23,920,0,11,0,0,0,0,0,0,720,0
2918,5021606894,Authentication,166,34,-22,920,0,11,0,0,1,0,0,0,720,0
2919,5021618562,Authentication,166,34,-25,920,0,11,0,0,1,0,0,0,720,0
2920,5021651518,S1G Beacon,61,34,-23,920,3,1,,,,,,,0,0
2921,5021850344,Authentication,166,34,-56,920,0,11,0,0,0,0,0,0,0,0
2922,5021864808,Authentication,166,34,-22,920,0,11,0,0,0,0,0,0,720,0
2923,5021870747,Authentication,166,34,-23,920,0,11,0,0,1,0,0,0,720,0
2924,5021876688,Authentication,166,34,-23,920,0,11,0,0,1,0,0,0,720,0
2925,5021882421,Authentication,166,34,-23,920,0,11,0,0,1,0,0,0,720,0
2926,5021929493,Disassociation,64,34,-22,920,0,10,0,0,0,0,0,0,720,0
2927,5021932557,Disassociation,64,34,-23,920,0,10,0,0,1,0,0,0,720,0
2928,5021935725,Disassociation,64,34,-22,920,0,10,0,0,1,0,0,0,720,0
2929,5021938787,Disassociation,64,34,-23,920,0,10,0,0,1,0,0,0,720,0
2930,5022102245,Authentication,166,34,-58,920,0,11,0,0,0,0,0,0,0,0
2931,5022116814,Authentication,166,34,-23,920,0,11,0,0,0,0,0,0,720,0
2932,5022122492,Authentication,166,34,-23,920,0,11,0,0,1,0,0,0,720,0
2933,5022128223,Authentication,166,34,-23,920,0,11,0,0,1,0,0,0,720,0
2934,5022134056,Authentication,166,34,-23,920,0,11,0,0,1,0,0,0,720,0
2935,5022344932,Authentication,166,34,-59,920,0,11,0,0,0,0,0,0,0,0
2936,5022356487,Authentication,166,34,-24,920,0,11,0,0,0,0,0,0,720,0
2937,5022362425,Authentication,166,34,-22,920,0,11,0,0,1,0,0,0,720,0
2938,5022368259,Authentication,166,34,-22,920,0,11,0,0,1,0,0,0,720,0
2939,5022373936,Authentication,166,34,-22,920,0,11,0,0,1,0,0,0,720,0
2940,5022388239,QoS Data,148,34,-41,920,2,8,1,0,0,0,0,1,720,0
2942,5022390865,QoS Data,148,34,-28,920,2,8,0,0,0,0,0,1,720,0
2944,5022398063,QoS Data,131,34,-21,920,2,8,1,0,0,0,0,1,720,0
2946,5022400754,QoS Data,131,34,-30,920,2,8,0,0,0,0,0,1,720,0
2948,5022470723,S1G Beacon,129,34,-23,920,3,1,,,,,,,0,0
2949,5022604003,Authentication,166,34,-54,920,0,11,0,0,0,0,0,0,0,0
2950,5022616494,Authentication,166,34,-24,920,0,11,0,0,0,0,0,0,720,0
2951,5022622278,Authentication,166,34,-27,920,0,11,0,0,1,0,0,0,720,0
2952,5022627956,Authentication,166,34,-23,920,0,11,0,0,1,0,0,0,720,0
2953,5022633738,Authentication,166,34,-24,920,0,11,0,0,1,0,0,0,720,0
2954,5022643669,QoS Data,128,34,-41,920,2,8,1,0,1,0,0,1,720,0
2956,5022645945,QoS Data,128,34,-30,920,2,8,0,0,0,0,0,1,720,0
2958,5022861534,Authentication,166,34,-55,920,0,11,0,0,0,0,0,0,0,0
2959,5022871789,Authentication,166,34,-22,920,0,11,0,0,0,0,0,0,720,0
2960,5022883304,Authentication,166,34,-24,920,0,11,0,0,1,0,0,0,720,0
2961,5023099615,Authentication,166,34,-55,920,0,11,0,0,0,0,0,0,0,0
2962,5023106697,Authentication,166,34,-21,920,0,11,0,0,0,0,0,0,720,0
2963,5023118364,Authentication,166,34,-24,920,0,11,0,0,1,0,0,0,720,0
2965,5023289924,S1G Beacon,61,34,-25,920,3,1,,,,,,,0,0
2966,5023357662,Authentication,166,34,-54,920,0,11,0,0,0,0,0,0,0,0
2967,5023366461,Authentication,166,34,-25,920,0,11,0,0,0,0,0,0,720,0
2968,5023372140,Authentication,166,34,-23,920,0,11,0,0,1,0,0,0,720,0
2969,5023378077,Authentication,166,34,-26,920,0,11,0,0,1,0,0,0,720,0
2970,5023619803,Authentication,166,34,-54,920,0,11,0,0,0,0,0,0,0,0
2971,5023636402,Authentication,166,34,-23,920,0,11,0,0,0,0,0,0,720,0
2972,5023642133,Authentication,166,34,-24,920,0,11,0,0,1,0,0,0,720,0
2973,5023648021,Authentication,166,34,-23,920,0,11,0,0,1,0,0,0,720,0
2974,5023653858,Authentication,166,34,-24,920,0,11,0,0,1,0,0,0,720,0
2975,5023881946,Authentication,166,34,-54,920,0,11,0,0,0,0,0,0,0,0
2976,5023895215,Authentication,166,34,-22,920,0,11,0,0,0,0,0,0,720,0
2977,5023901256,Authentication,166,34,-23,920,0,11,0,0,1,0,0,0,720,0
2978,5023906988,Authentication,166,34,-22,920,0,11,0,0,1,0,0,0,720,0
2979,5023912875,Authentication,166,34,-22,920,0,11,0,0,1,0,0,0,720,0
2980,5024109129,S1G Beacon,129,34,-22,920,3,1,,,,,,,0,0
2981,5024121559,Authentication,166,34,-60,920,0,11,0,0,0,0,0,0,0,0
2982,5024136494,Authentication,166,34,-22,920,0,11,0,0,0,0,0,0,720,0
2983,5024142484,Authentication,166,34,-23,920,0,11,0,0,1,0,0,0,720,0
2984,5024148217,Authentication,166,34,-22,920,0,11,0,0,1,0,0,0,720,0
2985,5024153949,Authentication,166,34,-22,920,0,11,0,0,1,0,0,0,720,0
2986,5024375511,Authentication,166,34,-56,920,0,11,0,0,0,0,0,0,0,0
2987,5024386493,Authentication,166,34,-22,920,0,11,0,0,0,0,0,0,720,0
2988,5024392433,Authentication,166,34,-21,920,0,11,0,0,1,0,0,0,720,0
2989,5024398268,Authentication,166,34,-21,920,0,11,0,0,1,0,0,0,720,0
2990,5024404104,Authentication,166,34,-21,920,0,11,0,0,1,0,0,0,720,0
2991,5024635604,Authentication,166,34,-58,920,0,11,0,0,0,0,0,0,0,0
2992,5024646690,Authentication,166,34,-21,920,0,11,0,0,0,0,0,0,720,0
2993,5024652475,Authentication,166,34,-20,920,0,11,0,0,1,0,0,0,720,0
2994,5024658415,Authentication,166,34,-22,920,0,11,0,0,1,0,0,0,720,0
2995,5024664458,Authentication,166,34,-22,920,0,11,0,0,1,0,0,0,720,0
2996,5024897747,Authentication,166,34,-54,920,0,11,0,0,0,0,0,0,0,0
2997,5024906491,Authentication,166,34,-22,920,0,11,0,0,0,0,0,0,720,0
2998,5024912482,Authentication,166,34,-21,920,0,11,0,0,1,0,0,0,720,0
2999,5024918162,Authentication,166,34,-21,920,0,11,0,0,1,0,0,0,720,0
3000,5024928331,S1G Beacon,61,34,-21,920,3,1,,,,,,,0,0
3001,5024930118,Authentication,166,34,-21,920,0,11,0,0,1,0,0,0,720,0
3002,5025144527,Authentication,166,34,-59,920,0,11,0,0,0,0,0,0,0,0
3003,5025156859,Authentication,166,34,-21,920,0,11,0,0,0,0,0,0,720,0
3004,5025162642,Authentication,166,34,-22,920,0,11,0,0,1,0,0,0,720,0
3005,5025168635,Authentication,166,34,-21,920,0,11,0,0,1,0,0,0,720,0
3006,5025174417,Authentication,166,34,-21,920,0,11,0,0,1,0,0,0,720,0
3007,5025402574,Authentication,166,34,-58,920,0,11,0,0,0,0,0,0,0,0
3008,5025416728,Authentication,166,34,-21,920,0,11,0,0,0,0,0,0,720,0
3009,5025422459,Authentication,166,34,-21,920,0,11,0,0,1,0,0,0,720,0
3010,5025428138,Authentication,166,34,-21,920,0,11,0,0,1,0,0,0,720,0
3011,5025434026,Authentication,166,34,-21,920,0,11,0,0,1,0,0,0,720,0
3012,5025747536,S1G Beacon,129,34,-21,920,3,1,,,,,,,0,0
3013,5025913549,Authentication,166,34,-54,920,0,11,0,0,0,0,0,0,0,0
3014,5025926403,Authentication,166,34,-22,920,0,11,0,0,0,0,0,0,720,0
3015,5025932238,Authentication,166,34,-21,920,0,11,0,0,1,0,0,0,720,0
3016,5025938542,Data,287,34,-22,920,2,0,0,0,0,0,0,1,0,0
3017,5025946330,Authentication,166,34,-22,920,0,11,0,0,1,0,0,0,720,0
3018,5025952323,Authentication,166,34,-21,920,0,11,0,0,1,0,0,0,720,0
3019,5026175691,Authentication,166,34,-55,920,0,11,0,0,0,0,0,0,0,0
3020,5026186724,Authentication,166,34,-23,920,0,11,0,0,0,0,0,0,720,0
3021,5026192611,Authentication,166,34,-23,920,0,11,0,0,1,0,0,0,720,0
3022,5026198654,Authentication,166,34,-22,920,0,11,0,0,1,0,0,0,720,0
3023,5026204610,Authentication,166,34,-22,920,0,11,0,0,1,0,0,0,720,0
3024,5026417350,Authentication,166,34,-59,920,0,11,0,0,0,0,0,0,0,0
3025,5026426462,Authentication,166,34,-23,920,0,11,0,0,0,0,0,0,720,0
3026,5026432451,Authentication,166,34,-25,920,0,11,0,0,1,0,0,0,720,0
3027,5026443340,Authentication,166,34,-24,920,0,11,0,0,1,0,0,0,720,0
3028,5026566741,S1G Beacon,61,34,-24,920,3,1,,,,,,,0,0
3029,5026667207,Authentication,166,34,-56,920,0,11,0,0,0,0,0,0,0,0
3030,5026676473,Authentication,166,34,-27,920,0,11,0,0,0,0,0,0,720,0
3031,5026688198,Authentication,166,34,-25,920,0,11,0,0,1,0,0,0,720,0
3032,5026693877,Authentication,166,34,-26,920,0,11,0,0,1,0,0,0,720,0
3033,5026929349,Authentication,166,34,-56,920,0,11,0,0,0,0,0,0,0,0
3034,5026946364,Authentication,166,34,-27,920,0,11,0,0,0,0,0,0,720,0
3035,5026952200,Authentication,166,34,-26,920,0,11,0,0,1,0,0,0,720,0
3036,5026957981,Authentication,166,34,-27,920,0,11,0,0,1,0,0,0,720,0
3037,5026963972,Authentication,166,34,-28,920,0,11,0,0,1,0,0,0,720,0
3038,5027185343,Authentication,166,34,-56,920,0,11,0,0,0,0,0,0,0,0
3039,5027196480,Authentication,166,34,-27,920,0,11,0,0,0,0,0,0,720,0
3040,5027202470,Authentication,166,34,-28,920,0,11,0,0,1,0,0,0,720,0
3041,5027208408,Authentication,166,34,-26,920,0,11,0,0,1,0,0,0,720,0
3042,5027214087,Authentication,166,34,-26,920,0,11,0,0,1,0,0,0,720,0
3043,5027385943,S1G Beacon,129,34,-27,920,3,1,,,,,,,0,0
3044,5027408147,QoS Data,148,34,-36,920,2,8,1,0,0,0,0,1,720,0
3046,5027410561,QoS Data,148,34,-33,920,2,8,0,0,0,0,0,1,720,0
3048,5027417553,QoS Data,131,34,-20,920,2,8,1,0,0,0,0,1,720,0
3050,5027420037,QoS Data,131,34,-31,920,2,8,0,0,0,0,0,1,720,0
3052,5027429057,Authentication,166,34,-55,920,0,11,0,0,0,0,0,0,0,0
3053,5027446383,Authentication,166,34,-27,920,0,11,0,0,0,0,0,0,720,0
3054,5027452113,Authentication,166,34,-26,920,0,11,0,0,1,0,0,0,720,0
3055,5027457844,Authentication,166,34,-28,920,0,11,0,0,1,0,0,0,720,0
3056,5027463522,Authentication,166,34,-27,920,0,11,0,0,1,0,0,0,720,0
3057,5027640742,QoS Data,128,34,-37,920,2,8,1,0,0,0,0,1,720,0
3059,5027644214,QoS Data,128,34,-31,920,2,8,0,0,0,0,0,1,720,0
3061,5027647225,QoS Data,128,34,-31,920,2,8,0,0,1,0,0,1,720,0
3063,5027683007,Authentication,166,34,-54,920,0,11,0,0,0,0,0,0,0,0
3064,5027696434,Authentication,166,34,-25,920,0,11,0,0,0,0,0,0,720,0
3065,5027702165,Authentication,166,34,-26,920,0,11,0,0,1,0,0,0,720,0
3066,5027707895,Authentication,166,34,-27,920,0,11,0,0,1,0,0,0,720,0
3067,5027713833,Authentication,166,34,-50,920,0,11,0,0,1,0,0,0,720,0
3068,5027945150,Authentication,166,34,-55,920,0,11,0,0,0,0,0,0,0,0
3069,5027963124,Authentication,166,34,-23,920,0,11,0,0,1,0,0,0,720,0
3070,5027969013,Authentication,166,34,-22,920,0,11,0,0,1,0,0,0,720,0
3071,5027974901,Authentication,166,34,-24,920,0,11,0,0,1,0,0,0,720,0
3072,5028205144,S1G Beacon,61,34,-23,920,3,1,,,,,,,0,0
3073,5028439739,Authentication,166,34,-55,920,0,11,0,0,0,0,0,0,0,0
3074,5028453530,Authentication,166,34,-22,920,0,11,0,0,0,0,0,0,720,0
3075,5028459313,Authentication,166,34,-22,920,0,11,0,0,1,0,0,0,720,0
3076,5028464527,Authentication,166,34,-22,920,0,11,0,0,1,0,0,0,720,0
3077,5028470312,Authentication,166,34,-21,920,0,11,0,0,1,0,0,0,720,0
3078,5028698809,Authentication,166,34,-55,920,0,11,0,0,0,0,0,0,0,0
3079,5028706464,Authentication,166,34,-22,920,0,11,0,0,0,0,0,0,720,0
3080,5028712456,Authentication,166,34,-22,920,0,11,0,0,1,0,0,0,720,0
3081,5028718344,Authentication,166,34,-22,920,0,11,0,0,1,0,0,0,720,0
3082,5028724022,Authentication,166,34,-22,920,0,11,0,0,1,0,0,0,720,0
3083,5028960845,Data,287,34,-22,920,2,0,0,0,0,0,0,1,0,0
3084,5029024350,S1G Beacon,129,34,-21,920,3,1,,,,,,,0,0
3085,5029215922,Authentication,166,34,-57,920,0,11,0,0,0,0,0,0,0,0
3086,5029226593,Authentication,166,34,-22,920,0,11,0,0,0,0,0,0,720,0
3087,5029232585,Authentication,166,34,-22,920,0,11,0,0,1,0,0,0,720,0
3088,5029238368,Authentication,166,34,-21,920,0,11,0,0,1,0,0,0,720,0
3089,5029244205,Authentication,166,34,-22,920,0,11,0,0,1,0,0,0,720,0
3090,5029454516,Authentication,166,34,-59,920,0,11,0,0,0,0,0,0,0,0
3091,5029466435,Authentication,166,34,-21,920,0,11,0,0,0,0,0,0,720,0
3092,5029472374,Authentication,166,34,-22,920,0,11,0,0,1,0,0,0,720,0
3093,5029478105,Authentication,166,34,-21,920,0,11,0,0,1,0,0,0,720,0
3094,5029483993,Authentication,166,34,-23,920,0,11,0,0,1,0,0,0,720,0
3095,5029714610,Authentication,166,34,-58,920,0,11,0,0,0,0,0,0,0,0
3096,5029726529,Authentication,166,34,-24,920,0,11,0,0,0,0,0,0,720,0
3097,5029732363,Authentication,166,34,-23,920,0,11,0,0,1,0,0,0,720,0
3098,5029738250,Authentication,166,34,-24,920,0,11,0,0,1,0,0,0,720,0
3099,5029744189,Authentication,166,34,-22,920,0,11,0,0,1,0,0,0,720,0
3100,5029753040,Data,378,34,-22,920,2,0,0,0,0,0,0,1,0,0
3101,5029843552,S1G Beacon,61,34,-23,920,3,1,,,,,,,0,0
3102,5029856780,Data,387,34,-22,920,2,0,0,0,0,0,0,1,0,0
3103,5029960794,Data,450,34,-22,920,2,0,0,0,0,0,0,1,0,0
3104,5029976752,Authentication,166,34,-60,920,0,11,0,0,0,0,0,0,0,0
3105,5029986435,Authentication,166,34,-22,920,0,11,0,0,0,0,0,0,720,0
3106,5029992479,Authentication,166,34,-22,920,0,11,0,0,1,0,0,0,720,0
3107,5029998367,Authentication,166,34,-22,920,0,11,0,0,1,0,0,0,720,0
3108,5030004308,Authentication,166,34,-22,920,0,11,0,0,1,0,0,0,720,0
3109,5030064848,Data,442,34,-22,920,2,0,0,0,0,0,0,1,0,0
3110,5030168835,Data,387,34,-22,920,2,0,0,0,0,0,0,1,0,0
3111,5030220461,Authentication,166,34,-58,920,0,11,0,0,0,0,0,0,0,0
3112,5030236434,Authentication,166,34,-22,920,0,11,0,0,0,0,0,0,720,0
3113,5030242425,Authentication,166,34,-23,920,0,11,0,0,1,0,0,0,720,0
3114,5030248211,Authentication,166,34,-22,920,0,11,0,0,1,0,0,0,720,0
3115,5030253891,Authentication,166,34,-24,920,0,11,0,0,1,0,0,0,720,0
3116,5030272727,Data,426,34,-23,920,2,0,0,0,0,0,0,1,0,0
3117,5030376898,Data,458,34,-22,920,2,0,0,0,0,0,0,1,0,0
3118,5030468269,Authentication,166,34,-56,920,0,11,0,0,0,0,0,0,0,0
3119,5030476701,Authentication,166,34,-22,920,0,11,0,0,0,0,0,0,720,0
3120,5030483004,Data,387,34,-24,920,2,0,0,0,0,0,0,1,0,0
3121,5030493470,Authentication,166,34,-23,920,0,11,0,0,1,0,0,0,720,0
3122,5030499408,Authentication,166,34,-23,920,0,11,0,0,1,0,0,0,720,0
3123,5030505141,Authentication,166,34,-22,920,0,11,0,0,1,0,0,0,720,0
3124,5030584971,Data,446,34,-23,920,2,0,0,0,0,0,0,1,0,0
3125,5030662757,S1G Beacon,129,34,-23,920,3,1,,,,,,,0,0
3126,5030688863,Data,440,34,-21,920,2,0,0,0,0,0,0,1,0,0
3127,5030792875,Data,387,34,-22,920,2,0,0,0,0,0,0,1,0,0
3128,5030896787,Data,442,34,-22,920,2,0,0,0,0,0,0,1,0,0
3129,5030992553,Authentication,166,34,-57,920,0,11,0,0,0,0,0,0,0,0
3130,5031001041,Authentication,166,34,-24,920,0,11,0,0,0,0,0,0,720,0
3131,5031007343,Data,452,34,-23,920,2,0,0,0,0,0,0,1,0,0
3132,5031019531,Authentication,166,34,-23,920,0,11,0,0,1,0,0,0,720,0
3133,5031025420,Authentication,166,34,-22,920,0,11,0,0,1,0,0,0,720,0
3134,5031031099,Authentication,166,34,-23,920,0,11,0,0,1,0,0,0,720,0
3135,5031239845,Authentication,166,34,-59,920,0,11,0,0,0,0,0,0,0,0
3136,5031246668,Authentication,166,34,-22,920,0,11,0,0,0,0,0,0,720,0
3137,5031252660,Authentication,166,34,-23,920,0,11,0,0,1,0,0,0,720,0
3138,5031258494,Authentication,166,34,-23,920,0,11,0,0,1,0,0,0,720,0
3139,5031264381,Authentication,166,34,-23,920,0,11,0,0,1,0,0,0,720,0
3140,5031481959,S1G Beacon,61,34,-22,920,3,1,,,,,,,0,0
3141,5031484070,Authentication,166,34,-59,920,0,11,0,0,0,0,0,0,0,0
3142,5031496456,Authentication,166,34,-22,920,0,11,0,0,0,0,0,0,720,0
3143,5031502134,Authentication,166,34,-23,920,0,11,0,0,1,0,0,0,720,0
3144,5031508126,Authentication,166,34,-24,920,0,11,0,0,1,0,0,0,720,0
3145,5031513857,Authentication,166,34,-22,920,0,11,0,0,1,0,0,0,720,0
3146,5031746212,Authentication,166,34,-60,920,0,11,0,0,0,0,0,0,0,0
3147,5031984820,Data,287,34,-22,920,2,0,0,0,0,0,0,1,0,0
3148,5032008355,Authentication,166,34,-55,920,0,11,0,0,0,0,0,0,0,0
3149,5032016632,Authentication,166,34,-22,920,0,11,0,0,0,0,0,0,720,0
3150,5032022310,Authentication,166,34,-23,920,0,11,0,0,1,0,0,0,720,0
3151,5032028042,Authentication,166,34,-22,920,0,11,0,0,1,0,0,0,720,0
3152,5032033982,Authentication,166,34,-23,920,0,11,0,0,1,0,0,0,720,0
3153,5032241824,Authentication,166,34,-55,920,0,11,0,0,0,0,0,0,0,0
3154,5032256445,Authentication,166,34,-22,920,0,11,0,0,0,0,0,0,720,0
3155,5032262488,Authentication,166,34,-22,920,0,11,0,0,1,0,0,0,720,0
3156,5032268220,Authentication,166,34,-23,920,0,11,0,0,1,0,0,0,720,0
3157,5032274264,Authentication,166,34,-22,920,0,11,0,0,1,0,0,0,720,0
3158,5032301162,S1G Beacon,129,34,-24,920,3,1,,,,,,,0,0
3159,5032444837,QoS Data,148,34,-36,920,2,8,1,0,0,0,0,1,720,0
3161,5032447252,QoS Data,148,34,-28,920,2,8,0,0,0,0,0,1,720,0
3164,5032456314,QoS Data,131,34,-29,920,2,8,0,0,0,0,0,1,720,0
3166,5032499871,Authentication,166,34,-59,920,0,11,0,0,0,0,0,0,0,0
3167,5032516313,Authentication,166,34,-24,920,0,11,0,0,0,0,0,0,720,0
3168,5032522252,Authentication,166,34,-23,920,0,11,0,0,1,0,0,0,720,0
3169,5032528192,Authentication,166,34,-23,920,0,11,0,0,1,0,0,0,720,0
3170,5032534029,Authentication,166,34,-24,920,0,11,0,0,1,0,0,0,720,0
3171,5032640685,QoS Data,128,34,-34,920,2,8,1,0,0,0,0,1,720,0
3173,5032642911,QoS Data,128,34,-28,920,2,8,0,0,0,0,0,1,720,0
3175,5032762013,Authentication,166,34,-57,920,0,11,0,0,0,0,0,0,0,0
3176,5032776427,Authentication,166,34,-23,920,0,11,0,0,0,0,0,0,720,0
3177,5032782365,Authentication,166,34,-24,920,0,11,0,0,1,0,0,0,720,0
3178,5032788407,Authentication,166,34,-22,920,0,11,0,0,1,0,0,0,720,0
3179,5032794088,Authentication,166,34,-23,920,0,11,0,0,1,0,0,0,720,0
3180,5033024155,Authentication,166,34,-57,920,0,11,0,0,0,0,0,0,0,0
3181,5033036436,Authentication,166,34,-24,920,0,11,0,0,0,0,0,0,720,0
3182,5033042272,Authentication,166,34,-22,920,0,11,0,0,1,0,0,0,720,0
3183,5033048261,Authentication,166,34,-24,920,0,11,0,0,1,0,0,0,720,0
3184,5033054201,Authentication,166,34,-24,920,0,11,0,0,1,0,0,0,720,0
3185,5033120364,S1G Beacon,61,34,-24,920,3,1,,,,,,,0,0
3186,5033281173,Authentication,166,34,-55,920,0,11,0,0,0,0,0,0,0,0
3187,5033293561,Authentication,166,34,-22,920,0,11,0,0,0,0,0,0,720,0
3188,5033299553,Authentication,166,34,-22,920,0,11,0,0,1,0,0,0,720,0
3189,5033305334,Authentication,166,34,-22,920,0,11,0,0,1,0,0,0,720,0
3190,5033311118,Authentication,166,34,-22,920,0,11,0,0,1,0,0,0,720,0
3191,5033515672,Authentication,166,34,-59,920,0,11,0,0,0,0,0,0,0,0
3192,5033526446,Authentication,166,34,-22,920,0,11,0,0,0,0,0,0,720,0
3193,5033532490,Authentication,166,34,-22,920,0,11,0,0,1,0,0,0,720,0
3194,5033538221,Authentication,166,34,-22,920,0,11,0,0,1,0,0,0,720,0
3195,5033544159,Authentication,166,34,-22,920,0,11,0,0,1,0,0,0,720,0
3196,5033777814,Authentication,166,34,-55,920,0,11,0,0,0,0,0,0,0,0
3197,5033786407,Authentication,166,34,-21,920,0,11,0,0,0,0,0,0,720,0
3198,5033792084,Authentication,166,34,-22,920,0,11,0,0,1,0,0,0,720,0
3199,5033797921,Authentication,166,34,-22,920,0,11,0,0,1,0,0,0,720,0
3200,5033803964,Authentication,166,34,-22,920,0,11,0,0,1,0,0,0,720,0
3201,5033939571,S1G Beacon,129,34,-22,920,3,1,,,,,,,0,0
3202,5034039956,Authentication,166,34,-59,920,0,11,0,0,0,0,0,0,0,0
3203,5034056397,Authentication,166,34,-24,920,0,11,0,0,0,0,0,0,720,0
3204,5034062076,Authentication,166,34,-23,920,0,11,0,0,1,0,0,0,720,0
3205,5034067806,Authentication,166,34,-22,920,0,11,0,0,1,0,0,0,720,0
3206,5034073538,Authentication,166,34,-22,920,0,11,0,0,1,0,0,0,720,0
3207,5034293903,Authentication,166,34,-60,920,0,11,0,0,0,0,0,0,0,0
3208,5034301088,Authentication,166,34,-22,920,0,11,0,0,0,0,0,0,720,0
3209,5034306769,Authentication,166,34,-22,920,0,11,0,0,1,0,0,0,720,0
3210,5034312501,Authentication,166,34,-22,920,0,11,0,0,1,0,0,0,720,0
3211,5034318338,Authentication,166,34,-22,920,0,11,0,0,1,0,0,0,720,0
3212,5034535569,Authentication,166,34,-56,920,0,11,0,0,0,0,0,0,0,0
3213,5034546655,Authentication,166,34,-23,920,0,11,0,0,0,0,0,0,720,0
3214,5034552646,Authentication,166,34,-22,920,0,11,0,0,1,0,0,0,720,0
3215,5034558482,Authentication,166,34,-21,920,0,11,0,0,1,0,0,0,720,0
3216,5034564266,Authentication,166,34,-22,920,0,11,0,0,1,0,0,0,720,0
3217,5034758772,S1G Beacon,61,34,-23,920,3,1,,,,,,,0,0
3218,5034793615,Authentication,166,34,-61,920,0,11,0,0,0,0,0,0,0,0
3219,5034800644,Authentication,166,34,-23,920,0,11,0,0,0,0,0,0,720,0
3220,5034806583,Authentication,166,34,-22,920,0,11,0,0,1,0,0,0,720,0
3221,5034812576,Authentication,166,34,-22,920,0,11,0,0,1,0,0,0,720,0
3222,5034818308,Authentication,166,34,-24,920,0,11,0,0,1,0,0,0,720,0
3223,5035008796,Data,287,34,-23,920,2,0,0,0,0,0,0,1,0,0
3224,5035055757,Authentication,166,34,-55,920,0,11,0,0,0,0,0,0,0,0
3225,5035066429,Authentication,166,34,-22,920,0,11,0,0,0,0,0,0,720,0
3226,5035072421,Authentication,166,34,-22,920,0,11,0,0,1,0,0,0,720,0
3227,5035078100,Authentication,166,34,-23,920,0,11,0,0,1,0,0,0,720,0
3228,5035083936,Authentication,166,34,-22,920,0,11,0,0,1,0,0,0,720,0
3229,5035313799,Authentication,166,34,-59,920,0,11,0,0,0,0,0,0,0,0
3230,5035326394,Authentication,166,34,-22,920,0,11,0,0,0,0,0,0,720,0
3231,5035332437,Authentication,166,34,-22,920,0,11,0,0,1,0,0,0,720,0
3232,5035338377,Authentication,166,34,-21,920,0,11,0,0,1,0,0,0,720,0
3233,5035344420,Authentication,166,34,-22,920,0,11,0,0,1,0,0,0,720,0
3234,5035549322,Authentication,166,34,-59,920,0,11,0,0,0,0,0,0,0,0
3235,5035566389,Authentication,166,34,-23,920,0,11,0,0,0,0,0,0,720,0
3236,5035572119,Authentication,166,34,-21,920,0,11,0,0,1,0,0,0,720,0
3237,5035577977,S1G Beacon,129,34,-22,920,3,1,,,,,,,0,0
3238,5035581565,Authentication,166,34,-22,920,0,11,0,0,1,0,0,0,720,0
3239,5035587348,Authentication,166,34,-24,920,0,11,0,0,1,0,0,0,720,0
3240,5035809416,Authentication,166,34,-60,920,0,11,0,0,0,0,0,0,0,0
3241,5035826378,Authentication,166,34,-22,920,0,11,0,0,0,0,0,0,720,0
3242,5035832319,Authentication,166,34,-21,920,0,11,0,0,1,0,0,0,720,0
3243,5035838261,Authentication,166,34,-22,920,0,11,0,0,1,0,0,0,720,0
3244,5035844041,Authentication,166,34,-21,920,0,11,0,0,1,0,0,0,720,0
3245,5035888461,Disassociation,64,34,-23,920,0,10,0,0,0,0,0,0,720,0
3246,5035891786,Disassociation,64,34,-22,920,0,10,0,0,1,0,0,0,720,0
3247,5035894953,Disassociation,64,34,-22,920,0,10,0,0,1,0,0,0,720,0
3248,5035898225,Disassociation,64,34,-22,920,0,10,0,0,1,0,0,0,720,0
3249,5036071558,Authentication,166,34,-55,920,0,11,0,0,0,0,0,0,0,0
3250,5036086649,Authentication,166,34,-22,920,0,11,0,0,0,0,0,0,720,0
3251,5036092537,Authentication,166,34,-22,920,0,11,0,0,1,0,0,0,720,0
3252,5036098476,Authentication,166,34,-23,920,0,11,0,0,1,0,0,0,720,0
3253,5036104154,Authentication,166,34,-22,920,0,11,0,0,1,0,0,0,720,0
3254,5036316291,Authentication,166,34,-58,920,0,11,0,0,0,0,0,0,0,0
3255,5036326492,Authentication,166,34,-22,920,0,11,0,0,0,0,0,0,720,0
3256,5036332432,Authentication,166,34,-24,920,0,11,0,0,1,0,0,0,720,0
3257,5036338476,Authentication,166,34,-22,920,0,11,0,0,1,0,0,0,720,0
3258,5036344466,Authentication,166,34,-23,920,0,11,0,0,1,0,0,0,720,0
3259,5036397180,S1G Beacon,61,34,-22,920,3,1,,,,,,,0,0
3260,5036563075,Authentication,166,34,-55,920,0,11,0,0,0,0,0,0,0,0
3261,5036576397,Authentication,166,34,-24,920,0,11,0,0,0,0,0,0,720,0
3262,5036582232,Authentication,166,34,-22,920,0,11,0,0,1,0,0,0,720,0
3263,5036588069,Authentication,166,34,-22,920,0,11,0,0,1,0,0,0,720,0
3264,5036594008,Authentication,166,34,-22,920,0,11,0,0,1,0,0,0,720,0
3265,5036825217,Authentication,166,34,-60,920,0,11,0,0,0,0,0,0,0,0
3266,5036836407,Authentication,166,34,-22,920,0,11,0,0,0,0,0,0,720,0
3267,5036842189,Authentication,166,34,-22,920,0,11,0,0,1,0,0,0,720,0
3268,5036847920,Authentication,166,34,-24,920,0,11,0,0,1,0,0,0,720,0
3269,5036853600,Authentication,166,34,-22,920,0,11,0,0,1,0,0,0,720,0
3270,5037085308,Authentication,166,34,-58,920,0,11,0,0,0,0,0,0,0,0
3271,5037096500,Authentication,166,34,-22,920,0,11,0,0,0,0,0,0,720,0
3272,5037102282,Authentication,166,34,-22,920,0,11,0,0,1,0,0,0,720,0
3273,5037108118,Authentication,166,34,-23,920,0,11,0,0,1,0,0,0,720,0
3274,5037114006,Authentication,166,34,-22,920,0,11,0,0,1,0,0,0,720,0
3275,5037216381,S1G Beacon,129,34,-22,920,3,1,,,,,,,0,0
3276,5037320830,Authentication,166,34,-58,920,0,11,0,0,0,0,0,0,0,0
3277,5037336438,Authentication,166,34,-24,920,0,11,0,0,0,0,0,0,720,0
3278,5037342274,Authentication,166,34,-22,920,0,11,0,0,1,0,0,0,720,0
3279,5037348319,Authentication,166,34,-22,920,0,11,0,0,1,0,0,0,720,0
3280,5037354157,Authentication,166,34,-22,920,0,11,0,0,1,0,0,0,720,0
3281,5037467832,QoS Data,149,34,-36,920,2,8,1,0,0,0,0,1,720,0
3282,5037471503,QoS Data,149,34,-36,920,2,8,1,0,1,0,0,1,720,0
3284,5037473762,QoS Data,149,34,-28,920,2,8,0,0,0,0,0,1,720,0
3286,5037480491,QoS Data,131,34,-21,920,2,8,1,0,0,0,0,1,720,0
3288,5037482817,QoS Data,131,34,-28,920,2,8,0,0,0,0,0,1,720,0
3290,5037485722,QoS Data,131,34,-28,920,2,8,0,0,1,0,0,1,720,0
3292,5037578876,Authentication,166,34,-59,920,0,11,0,0,0,0,0,0,0,0
3293,5037586427,Authentication,166,34,-22,920,0,11,0,0,0,0,0,0,720,0
3294,5037592210,Authentication,166,34,-21,920,0,11,0,0,1,0,0,0,720,0
3295,5037598045,Authentication,166,34,-23,920,0,11,0,0,1,0,0,0,720,0
3296,5037603933,Authentication,166,34,-22,920,0,11,0,0,1,0,0,0,720,0
3297,5037643345,QoS Data,128,34,-37,920,2,8,1,0,1,0,0,1,720,0
3299,5037645725,QoS Data,128,34,-29,920,2,8,0,0,0,0,0,1,720,0
3301,5038035584,S1G Beacon,61,34,-23,920,3,1,,,,,,,0,0
3302,5038037997,Data,287,34,-22,920,2,0,0,0,0,0,0,1,0,0
3303,5038088822,Authentication,166,34,-59,920,0,11,0,0,0,0,0,0,0,0
3304,5038096426,Authentication,166,34,-24,920,0,11,0,0,0,0,0,0,720,0
3305,5038102468,Authentication,166,34,-23,920,0,11,0,0,1,0,0,0,720,0
3306,5038108356,Authentication,166,34,-22,920,0,11,0,0,1,0,0,0,720,0
3307,5038114036,Authentication,166,34,-22,920,0,11,0,0,1,0,0,0,720,0
3308,5038332535,Authentication,166,34,-55,920,0,11,0,0,0,0,0,0,0,0
3309,5038346377,Authentication,166,34,-22,920,0,11,0,0,0,0,0,0,720,0
3310,5038352213,Authentication,166,34,-22,920,0,11,0,0,1,0,0,0,720,0
3311,5038357997,Authentication,166,34,-23,920,0,11,0,0,1,0,0,0,720,0
3312,5038363780,Authentication,166,34,-22,920,0,11,0,0,1,0,0,0,720,0
3313,5038594677,Authentication,166,34,-56,920,0,11,0,0,0,0,0,0,0,0
3314,5038606439,Authentication,166,34,-22,920,0,11,0,0,0,0,0,0,720,0
3315,5038612118,Authentication,166,34,-22,920,0,11,0,0,1,0,0,0,720,0
3316,5038617901,Authentication,166,34,-22,920,0,11,0,0,1,0,0,0,720,0
3317,5038623582,Authentication,166,34,-23,920,0,11,0,0,1,0,0,0,720,0
3318,5038848625,Authentication,166,34,-55,920,0,11,0,0,0,0,0,0,0,0
3319,5038854790,S1G Beacon,129,34,-23,920,3,1,,,,,,,0,0
3320,5038858429,Authentication,166,34,-22,920,0,11,0,0,0,0,0,0,720,0
3321,5038864421,Authentication,166,34,-22,920,0,11,0,0,1,0,0,0,720,0
3322,5038870307,Authentication,166,34,-23,920,0,11,0,0,1,0,0,0,720,0
3323,5038876143,Authentication,166,34,-24,920,0,11,0,0,1,0,0,0,720,0
3324,5039095409,Authentication,166,34,-56,920,0,11,0,0,0,0,0,0,0,0
3325,5039106391,Authentication,166,34,-23,920,0,11,0,0,0,0,0,0,720,0
3326,5039112173,Authentication,166,34,-23,920,0,11,0,0,1,0,0,0,720,0
3327,5039118113,Authentication,166,34,-22,920,0,11,0,0,1,0,0,0,720,0
3328,5039123894,Authentication,166,34,-22,920,0,11,0,0,1,0,0,0,720,0
3329,5039348336,Authentication,166,34,-59,920,0,11,0,0,0,0,0,0,0,0
3330,5039366337,Authentication,166,34,-23,920,0,11,0,0,0,0,0,0,720,0
3331,5039372171,Authentication,166,34,-24,920,0,11,0,0,1,0,0,0,720,0
3332,5039377954,Authentication,166,34,-22,920,0,11,0,0,1,0,0,0,720,0
3333,5039383945,Authentication,166,34,-23,920,0,11,0,0,1,0,0,0,720,0
3334,5039610478,Authentication,166,34,-59,920,0,11,0,0,0,0,0,0,0,0
3335,5039622188,Authentication,166,34,-24,920,0,11,0,0,0,0,0,0,720,0
3336,5039627971,Authentication,166,34,-23,920,0,11,0,0,1,0,0,0,720,0
3337,5039633701,Authentication,166,34,-24,920,0,11,0,0,1,0,0,0,720,0
3338,5039639587,Authentication,166,34,-24,920,0,11,0,0,1,0,0,0,720,0
3339,5039673993,S1G Beacon,61,34,-22,920,3,1,,,,,,,0,0
3340,5039872621,Authentication,166,34,-55,920,0,11,0,0,0,0,0,0,0,0
3341,5039886409,Authentication,166,34,-22,920,0,11,0,0,0,0,0,0,720,0
3342,5039892244,Authentication,166,34,-23,920,0,11,0,0,1,0,0,0,720,0
3343,5039898287,Authentication,166,34,-24,920,0,11,0,0,1,0,0,0,720,0
3344,5039904124,Authentication,166,34,-24,920,0,11,0,0,1,0,0,0,720,0
3345,5040364137,Authentication,166,34,-60,920,0,11,0,0,0,0,0,0,0,0
3346,5040376628,Authentication,166,34,-22,920,0,11,0,0,0,0,0,0,720,0
3347,5040382515,Authentication,166,34,-23,920,0,11,0,0,1,0,0,0,720,0
3348,5040388297,Authentication,166,34,-22,920,0,11,0,0,1,0,0,0,720,0
3349,5040394030,Authentication,166,34,-22,920,0,11,0,0,1,0,0,0,720,0
3350,5040493197,S1G Beacon,129,34,-23,920,3,1,,,,,,,0,0
3351,5040626279,Authentication,166,34,-55,920,0,11,0,0,0,0,0,0,0,0
3352,5040636350,Authentication,166,34,-23,920,0,11,0,0,0,0,0,0,720,0
3353,5040642238,Authentication,166,34,-23,920,0,11,0,0,1,0,0,0,720,0
3354,5040648074,Authentication,166,34,-23,920,0,11,0,0,1,0,0,0,720,0
3355,5040654116,Authentication,166,34,-22,920,0,11,0,0,1,0,0,0,720,0
3356,5040885857,Authentication,166,34,-57,920,0,11,0,0,0,0,0,0,0,0
3357,5040896424,Authentication,166,34,-22,920,0,11,0,0,0,0,0,0,720,0
3358,5040902468,Authentication,166,34,-22,920,0,11,0,0,1,0,0,0,720,0
3359,5040908250,Authentication,166,34,-22,920,0,11,0,0,1,0,0,0,720,0
3360,5040913982,Authentication,166,34,-23,920,0,11,0,0,1,0,0,0,720,0
3361,5041057983,Data,287,34,-23,920,2,0,0,0,0,0,0,1,0,0
3362,5041125987,Authentication,166,34,-58,920,0,11,0,0,0,0,0,0,0,0
3363,5041136502,Authentication,166,34,-22,920,0,11,0,0,0,0,0,0,720,0
3364,5041142285,Authentication,166,34,-22,920,0,11,0,0,1,0,0,0,720,0
3365,5041148119,Authentication,166,34,-24,920,0,11,0,0,1,0,0,0,720,0
3366,5041153798,Authentication,166,34,-24,920,0,11,0,0,1,0,0,0,720,0
3367,5041312401,S1G Beacon,61,34,-24,920,3,1,,,,,,,0,0
3368,5041379938,Authentication,166,34,-60,920,0,11,0,0,0,0,0,0,0,0
3369,5041393261,Authentication,166,34,-23,920,0,11,0,0,0,0,0,0,720,0
3370,5041399306,Authentication,166,34,-22,920,0,11,0,0,1,0,0,0,720,0
3371,5041404985,Authentication,166,34,-23,920,0,11,0,0,1,0,0,0,720,0
3372,5041410977,Authentication,166,34,-22,920,0,11,0,0,1,0,0,0,720,0
3373,5041642080,Authentication,166,34,-57,920,0,11,0,0,0,0,0,0,0,0
3374,5041656756,Authentication,166,34,-22,920,0,11,0,0,0,0,0,0,720,0
3375,5041662696,Authentication,166,34,-21,920,0,11,0,0,1,0,0,0,720,0
3376,5041668480,Authentication,166,34,-22,920,0,11,0,0,1,0,0,0,720,0
3377,5041674266,Authentication,166,34,-22,920,0,11,0,0,1,0,0,0,720,0
3378,5041886813,Authentication,166,34,-56,920,0,11,0,0,0,0,0,0,0,0
3379,5041896388,Authentication,166,34,-23,920,0,11,0,0,0,0,0,0,720,0
3380,5041902119,Authentication,166,34,-23,920,0,11,0,0,1,0,0,0,720,0
3381,5041908006,Authentication,166,34,-22,920,0,11,0,0,1,0,0,0,720,0
3382,5041913686,Authentication,166,34,-22,920,0,11,0,0,1,0,0,0,720,0
3383,5042131603,S1G Beacon,129,34,-22,920,3,1,,,,,,,0,0
3384,5042395740,Authentication,166,34,-55,920,0,11,0,0,0,0,0,0,0,0
3385,5042412089,Authentication,166,34,-24,920,0,11,0,0,1,0,0,0,720,0
3386,5042417820,Authentication,166,34,-27,920,0,11,0,0,1,0,0,0,720,0
3387,5042487671,QoS Data,149,34,-45,920,2,8,1,0,0,0,0,1,720,0
3389,5042489877,QoS Data,149,34,-30,920,2,8,0,0,0,0,0,1,720,0
3391,5042496642,QoS Data,131,34,-23,920,2,8,1,0,0,0,0,1,720,0
3393,5042640576,QoS Data,128,34,-43,920,2,8,1,0,0,0,0,1,720,0
3395,5042642980,QoS Data,128,34,-29,920,2,8,0,0,0,0,0,1,720,0
3397,5042657882,Authentication,166,34,-54,920,0,11,0,0,0,0,0,0,0,0
3398,5042666366,Authentication,166,34,-22,920,0,11,0,0,0,0,0,0,720,0
3399,5042672411,Authentication,166,34,-22,920,0,11,0,0,1,0,0,0,720,0
3400,5042678247,Authentication,166,34,-22,920,0,11,0,0,1,0,0,0,720,0
3401,5042684187,Authentication,166,34,-24,920,0,11,0,0,1,0,0,0,720,0
3402,5042901589,Authentication,166,34,-55,920,0,11,0,0,0,0,0,0,0,0
3403,5042913922,Authentication,166,34,-20,920,0,11,0,0,0,0,0,0,720,0
3404,5042919705,Authentication,166,34,-21,920,0,11,0,0,1,0,0,0,720,0
3405,5042925699,Authentication,166,34,-21,920,0,11,0,0,1,0,0,0,720,0
3406,5042931585,Authentication,166,34,-20,920,0,11,0,0,1,0,0,0,720,0
3407,5042950808,S1G Beacon,61,34,-21,920,3,1,,,,,,,0,0
3408,5043153494,Authentication,166,34,-55,920,0,11,0,0,0,0,0,0,0,0
3409,5043166399,Authentication,166,34,-20,920,0,11,0,0,0,0,0,0,720,0
3410,5043172184,Authentication,166,34,-19,920,0,11,0,0,1,0,0,0,720,0
3411,5043177967,Authentication,166,34,-21,920,0,11,0,0,1,0,0,0,720,0
3412,5043183801,Authentication,166,34,-21,920,0,11,0,0,1,0,0,0,720,0
3413,5043411541,Authentication,166,34,-55,920,0,11,0,0,0,0,0,0,0,0
3414,5043420911,Authentication,166,34,-21,920,0,11,0,0,0,0,0,0,720,0
3415,5043426694,Authentication,166,34,-22,920,0,11,0,0,1,0,0,0,720,0
3416,5043432688,Authentication,166,34,-21,920,0,11,0,0,1,0,0,0,720,0
3417,5043438576,Authentication,166,34,-21,920,0,11,0,0,1,0,0,0,720,0
3418,5043673682,Authentication,166,34,-59,920,0,11,0,0,0,0,0,0,0,0
3419,5043686380,Authentication,166,34,-22,920,0,11,0,0,0,0,0,0,720,0
3420,5043692111,Authentication,166,34,-21,920,0,11,0,0,1,0,0,0,720,0
3421,5043697999,Authentication,166,34,-21,920,0,11,0,0,1,0,0,0,720,0
3422,5043703732,Authentication,166,34,-20,920,0,11,0,0,1,0,0,0,720,0
3423,5043770011,S1G Beacon,129,34,-21,920,3,1,,,,,,,0,0
3424,5044080910,Data,287,34,-23,920,2,0,0,0,0,0,0,1,0,0
3425,5044165199,Authentication,166,34,-60,920,0,11,0,0,0,0,0,0,0,0
3426,5044176441,Authentication,166,34,-24,920,0,11,0,0,0,0,0,0,720,0
3427,5044182434,Authentication,166,34,-22,920,0,11,0,0,1,0,0,0,720,0
3428,5044188425,Authentication,166,34,-23,920,0,11,0,0,1,0,0,0,720,0
3429,5044194104,Authentication,166,34,-23,920,0,11,0,0,1,0,0,0,720,0
3430,5044427341,Authentication,166,34,-60,920,0,11,0,0,0,0,0,0,0,0
3431,5044436452,Authentication,166,34,-22,920,0,11,0,0,0,0,0,0,720,0
3432,5044442289,Authentication,166,34,-21,920,0,11,0,0,1,0,0,0,720,0
3433,5044448073,Authentication,166,34,-22,920,0,11,0,0,1,0,0,0,720,0
3434,5044453858,Authentication,166,34,-21,920,0,11,0,0,1,0,0,0,720,0
3435,5044589212,S1G Beacon,61,34,-21,920,3,1,,,,,,,0,0
3436,5044687432,Authentication,166,34,-58,920,0,11,0,0,0,0,0,0,0,0
3437,5044696439,Authentication,166,34,-22,920,0,11,0,0,0,0,0,0,720,0
3438,5044702224,Authentication,166,34,-20,920,0,11,0,0,1,0,0,0,720,0
3439,5044708008,Authentication,166,34,-21,920,0,11,0,0,1,0,0,0,720,0
3440,5044713842,Authentication,166,34,-21,920,0,11,0,0,1,0,0,0,720,0
3441,5044934216,Authentication,166,34,-59,920,0,11,0,0,0,0,0,0,0,0
3442,5044946394,Authentication,166,34,-22,920,0,11,0,0,0,0,0,0,720,0
3443,5044952232,Authentication,166,34,-21,920,0,11,0,0,1,0,0,0,720,0
3444,5044958275,Authentication,166,34,-21,920,0,11,0,0,1,0,0,0,720,0
3445,5044964057,Authentication,166,34,-21,920,0,11,0,0,1,0,0,0,720,0
3446,5045181000,Authentication,166,34,-61,920,0,11,0,0,0,0,0,0,0,0
3447,5045194583,Authentication,166,34,-21,920,0,11,0,0,0,0,0,0,720,0
3448,5045200315,Authentication,166,34,-21,920,0,11,0,0,1,0,0,0,720,0
3449,5045206359,Authentication,166,34,-21,920,0,11,0,0,1,0,0,0,720,0
3450,5045212403,Authentication,166,34,-22,920,0,11,0,0,1,0,0,0,720,0
3451,5045408416,S1G Beacon,129,34,-21,920,3,1,,,,,,,0,0
3452,5045443142,Authentication,166,34,-60,920,0,11,0,0,0,0,0,0,0,0
3453,5045450277,Authentication,166,34,-20,920,0,11,0,0,0,0,0,0,720,0
3454,5045456269,Authentication,166,34,-21,920,0,11,0,0,1,0,0,0,720,0
3455,5045462313,Authentication,166,34,-21,920,0,11,0,0,1,0,0,0,720,0
3456,5045468150,Authentication,166,34,-22,920,0,11,0,0,1,0,0,0,720,0
3457,5045944898,Authentication,166,34,-59,920,0,11,0,0,0,0,0,0,0,0
3458,5045952499,Authentication,166,34,-22,920,0,11,0,0,0,0,0,0,720,0
3459,5045958490,Authentication,166,34,-21,920,0,11,0,0,1,0,0,0,720,0
3460,5045964274,Authentication,166,34,-22,920,0,11,0,0,1,0,0,0,720,0
3461,5045970003,Authentication,166,34,-22,920,0,11,0,0,1,0,0,0,720,0
3462,5046196801,Authentication,166,34,-60,920,0,11,0,0,0,0,0,0,0,0
3463,5046206586,Authentication,166,34,-23,920,0,11,0,0,0,0,0,0,720,0
3464,5046212319,Authentication,166,34,-23,920,0,11,0,0,1,0,0,0,720,0
3465,5046218206,Authentication,166,34,-23,920,0,11,0,0,1,0,0,0,720,0
3466,5046227618,S1G Beacon,61,34,-22,920,3,1,,,,,,,0,0
3467,5046229407,Authentication,166,34,-22,920,0,11,0,0,1,0,0,0,720,0
3468,5046458943,Authentication,166,34,-60,920,0,11,0,0,0,0,0,0,0,0
3469,5046476271,Authentication,166,34,-21,920,0,11,0,0,0,0,0,0,720,0
3470,5046482001,Authentication,166,34,-22,920,0,11,0,0,1,0,0,0,720,0
3471,5046487681,Authentication,166,34,-22,920,0,11,0,0,1,0,0,0,720,0
3472,5046493621,Authentication,166,34,-22,920,0,11,0,0,1,0,0,0,720,0
3473,5046721086,Authentication,166,34,-58,920,0,11,0,0,0,0,0,0,0,0
3474,5046736386,Authentication,166,34,-22,920,0,11,0,0,0,0,0,0,720,0
3475,5046742428,Authentication,166,34,-22,920,0,11,0,0,1,0,0,0,720,0
3476,5046748159,Authentication,166,34,-21,920,0,11,0,0,1,0,0,0,720,0
3477,5046754151,Authentication,166,34,-22,920,0,11,0,0,1,0,0,0,720,0
3478,5046965818,Authentication,166,34,-58,920,0,11,0,0,0,0,0,0,0,0
3479,5046976592,Authentication,166,34,-21,920,0,11,0,0,0,0,0,0,720,0
3480,5046982530,Authentication,166,34,-23,920,0,11,0,0,1,0,0,0,720,0
3481,5046988313,Authentication,166,34,-23,920,0,11,0,0,1,0,0,0,720,0
3482,5046993994,Authentication,166,34,-22,920,0,11,0,0,1,0,0,0,720,0
3483,5047046823,S1G Beacon,129,34,-21,920,3,1,,,,,,,0,0
3484,5047104908,Data,287,34,-21,920,2,0,0,0,0,0,0,1,0,0
3485,5047212602,Authentication,166,34,-55,920,0,11,0,0,0,0,0,0,0,0
3486,5047226446,Authentication,166,34,-22,920,0,11,0,0,0,0,0,0,720,0
3487,5047232177,Authentication,166,34,-22,920,0,11,0,0,1,0,0,0,720,0
3488,5047238065,Authentication,166,34,-21,920,0,11,0,0,1,0,0,0,720,0
3489,5047244109,Authentication,166,34,-22,920,0,11,0,0,1,0,0,0,720,0
3490,5047474744,Authentication,166,34,-55,920,0,11,0,0,0,0,0,0,0,0
3491,5047486353,Authentication,166,34,-23,920,0,11,0,0,0,0,0,0,720,0
3492,5047492084,Authentication,166,34,-24,920,0,11,0,0,1,0,0,0,720,0
3493,5047497762,Authentication,166,34,-24,920,0,11,0,0,1,0,0,0,720,0
3494,5047503441,Authentication,166,34,-23,920,0,11,0,0,1,0,0,0,720,0
3496,5047511297,QoS Data,149,34,-29,920,2,8,0,0,0,0,0,1,720,0
3498,5047518079,QoS Data,131,34,-20,920,2,8,1,0,0,0,0,1,720,0
3500,5047521031,QoS Data,131,34,-29,920,2,8,0,0,0,0,0,1,720,0
3502,5047649027,RTS,54,34,-28,920,1,11,,,,0,0,0,2480,0
3504,5047653481,RTS,54,34,-28,920,1,11,,,,0,0,0,2480,0
3506,5047659079,RTS,54,34,-30,920,1,11,,,,0,0,0,2480,0
3508,5047663534,RTS,54,34,-29,920,1,11,,,,0,0,0,2480,0
3510,5047668561,RTS,54,34,-29,920,1,11,,,,0,0,0,2600,0
3513,5047672607,QoS Data,128,34,-29,920,2,8,0,0,0,0,0,1,720,0
3515,5047736887,Authentication,166,34,-54,920,0,11,0,0,0,0,0,0,0,0
3516,5047746568,Authentication,166,34,-23,920,0,11,0,0,0,0,0,0,720,0
3517,5047752246,Authentication,166,34,-22,920,0,11,0,0,1,0,0,0,720,0
3518,5047758080,Authentication,166,34,-23,920,0,11,0,0,1,0,0,0,720,0
3519,5047763863,Authentication,166,34,-22,920,0,11,0,0,1,0,0,0,720,0
3520,5047866025,S1G Beacon,61,34,-22,920,3,1,,,,,,,0,0
3521,5047973428,Authentication,166,34,-53,920,0,11,0,0,0,0,0,0,0,0
3522,5047986387,Authentication,166,34,-21,920,0,11,0,0,0,0,0,0,720,0
3523,5047992326,Authentication,166,34,-22,920,0,11,0,0,1,0,0,0,720,0
3524,5047998370,Authentication,166,34,-21,920,0,11,0,0,1,0,0,0,720,0
3525,5048004205,Authentication,166,34,-22,920,0,11,0,0,1,0,0,0,720,0
3526,5048228403,Authentication,166,34,-53,920,0,11,0,0,0,0,0,0,0,0
3527,5048236370,Authentication,166,34,-22,920,0,11,0,0,0,0,0,0,720,0
3528,5048242101,Authentication,166,34,-22,920,0,11,0,0,1,0,0,0,720,0
3529,5048247989,Authentication,166,34,-22,920,0,11,0,0,1,0,0,0,720,0
3530,5048253980,Authentication,166,34,-21,920,0,11,0,0,1,0,0,0,720,0
3531,5048490546,Authentication,166,34,-53,920,0,11,0,0,0,0,0,0,0,0
3532,5048501112,Authentication,166,34,-22,920,0,11,0,0,0,0,0,0,720,0
3533,5048507052,Authentication,166,34,-21,920,0,11,0,0,1,0,0,0,720,0
3534,5048512744,Authentication,166,34,-21,920,0,11,0,0,1,0,0,0,720,0
3535,5048518786,Authentication,166,34,-21,920,0,11,0,0,1,0,0,0,720,0
3536,5048685230,S1G Beacon,129,34,-22,920,3,1,,,,,,,0,0
3537,5048752688,Authentication,166,34,-53,920,0,11,0,0,0,0,0,0,0,0
3538,5048765491,Authentication,166,34,-21,920,0,11,0,0,0,0,0,0,720,0
3539,5048771483,Authentication,166,34,-21,920,0,11,0,0,1,0,0,0,720,0
3540,5048777526,Authentication,166,34,-21,920,0,11,0,0,1,0,0,0,720,0
3541,5048783519,Authentication,166,34,-21,920,0,11,0,0,1,0,0,0,720,0
3542,5049000492,Authentication,166,34,-54,920,0,11,0,0,0,0,0,0,0,0
3543,5049016361,Authentication,166,34,-22,920,0,11,0,0,0,0,0,0,720,0
3544,5049022147,Authentication,166,34,-22,920,0,11,0,0,1,0,0,0,720,0
3545,5049028136,Authentication,166,34,-21,920,0,11,0,0,1,0,0,0,720,0
3546,5049033871,Authentication,166,34,-21,920,0,11,0,0,1,0,0,0,720,0
3547,5049244204,Authentication,166,34,-52,920,0,11,0,0,0,0,0,0,0,0
3548,5049256330,Authentication,166,34,-22,920,0,11,0,0,0,0,0,0,720,0
3549,5049262009,Authentication,166,34,-22,920,0,11,0,0,1,0,0,0,720,0
3550,5049267948,Authentication,166,34,-21,920,0,11,0,0,1,0,0,0,720,0
3551,5049273057,Authentication,166,34,-21,920,0,11,0,0,1,0,0,0,720,0
3552,5049504434,S1G Beacon,61,34,-21,920,3,1,,,,,,,0,0
3553,5049506347,Authentication,166,34,-52,920,0,11,0,0,0,0,0,0,0,0
3554,5049516391,Authentication,166,34,-21,920,0,11,0,0,0,0,0,0,720,0
3555,5049522278,Authentication,166,34,-21,920,0,11,0,0,1,0,0,0,720,0
3556,5049528270,Authentication,166,34,-21,920,0,11,0,0,1,0,0,0,720,0
3557,5049534314,Authentication,166,34,-21,920,0,11,0,0,1,0,0,0,720,0
3558,5049767460,Authentication,166,34,-54,920,0,11,0,0,0,0,0,0,0,0
3559,5049776361,Authentication,166,34,-22,920,0,11,0,0,0,0,0,0,720,0
3560,5049782405,Authentication,166,34,-22,920,0,11,0,0,1,0,0,0,720,0
3561,5049788447,Authentication,166,34,-20,920,0,11,0,0,1,0,0,0,720,0
3562,5049794232,Authentication,166,34,-22,920,0,11,0,0,1,0,0,0,720,0
3563,5049846356,Disassociation,64,34,-22,920,0,10,0,0,0,0,0,0,720,0
3564,5049849369,Disassociation,64,34,-21,920,0,10,0,0,1,0,0,0,720,0
3565,5049852328,Disassociation,64,34,-21,920,0,10,0,0,1,0,0,0,720,0
3566,5049855340,Disassociation,64,34,-22,920,0,10,0,0,1,0,0,0,720,0
3567,5050012197,Authentication,166,34,-54,920,0,11,0,0,0,0,0,0,0,0
3568,5050024843,Authentication,166,34,-22,920,0,11,0,0,0,0,0,0,720,0
3569,5050030628,Authentication,166,34,-22,920,0,11,0,0,1,0,0,0,720,0
3570,5050036307,Authentication,166,34,-21,920,0,11,0,0,1,0,0,0,720,0
3571,5050042092,Authentication,166,34,-21,920,0,11,0,0,1,0,0,0,720,0
3572,5050128864,Data,287,34,-22,920,2,0,0,0,0,0,0,1,0,0
3573,5050260006,Authentication,166,34,-52,920,0,11,0,0,0,0,0,0,0,0
3574,5050278383,Authentication,166,34,-23,920,0,11,0,0,1,0,0,0,720,0
3575,5050284218,Authentication,166,34,-21,920,0,11,0,0,1,0,0,0,720,0
3576,5050290209,Authentication,166,34,-22,920,0,11,0,0,1,0,0,0,720,0
3577,5050323638,S1G Beacon,129,34,-23,920,3,1,,,,,,,0,0
3578,5050522147,Authentication,166,34,-52,920,0,11,0,0,0,0,0,0,0,0
3579,5050536406,Authentication,166,34,-23,920,0,11,0,0,0,0,0,0,720,0
3580,5050548230,Authentication,166,34,-24,920,0,11,0,0,1,0,0,0,720,0
3581,5050553718,Authentication,166,34,-22,920,0,11,0,0,1,0,0,0,720,0
3582,5050753177,Data,378,34,-23,920,2,0,0,0,0,0,0,1,0,0
3583,5050784290,Authentication,166,34,-54,920,0,11,0,0,0,0,0,0,0,0
3584,5050803063,Authentication,166,34,-24,920,0,11,0,0,1,0,0,0,720,0
3585,5050808796,Authentication,166,34,-27,920,0,11,0,0,1,0,0,0,720,0
3586,5050814477,Authentication,166,34,-24,920,0,11,0,0,1,0,0,0,720,0
3587,5050856961,Data,387,34,-24,920,2,0,0,0,0,0,0,1,0,0
3588,5050960832,Data,450,34,-23,920,2,0,0,0,0,0,0,1,0,0
3589,5051023903,Authentication,166,34,-54,920,0,11,0,0,0,0,0,0,0,0
3590,5051036340,Authentication,166,34,-23,920,0,11,0,0,0,0,0,0,720,0
3591,5051048165,Authentication,166,34,-24,920,0,11,0,0,1,0,0,0,720,0
3592,5051053895,Authentication,166,34,-26,920,0,11,0,0,1,0,0,0,720,0
3593,5051064930,Data,442,34,-26,920,2,0,0,0,0,0,0,1,0,0
3594,5051142840,S1G Beacon,61,34,-24,920,3,1,,,,,,,0,0
3595,5051168912,Data,387,34,-27,920,2,0,0,0,0,0,0,1,0,0
3596,5051272832,Data,426,34,-26,920,2,0,0,0,0,0,0,1,0,0
3597,5051377366,Data,458,34,-22,920,2,0,0,0,0,0,0,1,0,0
3598,5051480964,Data,387,34,-22,920,2,0,0,0,0,0,0,1,0,0
3599,5051537949,Authentication,166,34,-53,920,0,11,0,0,0,0,0,0,0,0
3600,5051552344,Authentication,166,34,-24,920,0,11,0,0,1,0,0,0,720,0
3601,5051558230,Authentication,166,34,-23,920,0,11,0,0,1,0,0,0,720,0
3602,5051564012,Authentication,166,34,-23,920,0,11,0,0,1,0,0,0,720,0
3603,5051584823,Data,446,34,-23,920,2,0,0,0,0,0,0,1,0,0
3604,5051688943,Data,440,34,-23,920,2,0,0,0,0,0,0,1,0,0
3605,5051788824,Authentication,166,34,-54,920,0,11,0,0,0,0,0,0,0,0
3606,5051804552,Authentication,166,34,-24,920,0,11,0,0,0,0,0,0,720,0
3607,5051816120,Authentication,166,34,-23,920,0,11,0,0,1,0,0,0,720,0
3608,5051962042,S1G Beacon,129,34,-23,920,3,1,,,,,,,0,0
3609,5052000971,Data,452,34,-23,920,2,0,0,0,0,0,0,1,0,0
3610,5052041752,Authentication,166,34,-54,920,0,11,0,0,0,0,0,0,0,0
3611,5052062723,Authentication,166,34,-24,920,0,11,0,0,1,0,0,0,720,0
3612,5052068509,Authentication,166,34,-25,920,0,11,0,0,1,0,0,0,720,0
3613,5052073822,Authentication,166,34,-27,920,0,11,0,0,1,0,0,0,720,0
3614,5052291608,Authentication,166,34,-53,920,0,11,0,0,0,0,0,0,0,0
3615,5052301131,Authentication,166,34,-27,920,0,11,0,0,0,0,0,0,720,0
3616,5052306915,Authentication,166,34,-24,920,0,11,0,0,1,0,0,0,720,0
3617,5052312957,Authentication,166,34,-27,920,0,11,0,0,1,0,0,0,720,0
3618,5052318689,Authentication,166,34,-24,920,0,11,0,0,1,0,0,0,720,0
3619,5052527470,QoS Data,116,34,-40,920,2,8,1,0,0,0,0,1,720,0
3621,5052529708,QoS Data,149,34,-39,920,2,8,1,0,0,0,0,1,720,0
3623,5052532074,QoS Data,124,42,-30,920,2,8,0,0,0,0,0,1,720,0
3624,5052532074,QoS Data,157,42,-30,920,2,8,0,0,0,0,0,1,720,0
3626,5052539125,QoS Data,116,34,-23,920,2,8,1,0,0,0,0,1,720,0
3627,5052541735,RTS,54,34,-17,920,1,11,,,,0,0,0,2380,0
3629,5052543358,QoS Data,116,34,-21,920,2,8,1,0,1,0,0,1,720,0
3631,5052548815,QoS Data,131,34,-24,920,2,8,1,0,1,0,0,1,720,0
3633,5052551454,QoS Data,124,42,-32,920,2,8,0,0,1,0,0,1,720,0
3634,5052551454,QoS Data,139,42,-32,920,2,8,0,0,0,0,0,1,720,0
3636,5052553750,Authentication,166,34,-53,920,0,11,0,0,0,0,0,0,0,0
3637,5052560365,QoS Data,128,34,-38,920,2,8,1,0,0,0,0,1,720,0
3639,5052562487,Authentication,166,34,-26,920,0,11,0,0,0,0,0,0,720,0
3640,5052568166,Authentication,166,34,-25,920,0,11,0,0,1,0,0,0,720,0
3641,5052574209,Authentication,166,34,-27,920,0,11,0,0,1,0,0,0,720,0
3642,5052580044,Authentication,166,34,-25,920,0,11,0,0,1,0,0,0,720,0
3643,5052592923,QoS Data,128,34,-32,920,2,8,0,0,0,0,0,1,720,0
3645,5052781248,S1G Beacon,61,34,-28,920,3,1,,,,,,,0,0
3646,5052806674,Authentication,166,34,-52,920,0,11,0,0,0,0,0,0,0,0
3647,5052816356,Authentication,166,34,-24,920,0,11,0,0,0,0,0,0,720,0
3648,5052822297,Authentication,166,34,-26,920,0,11,0,0,1,0,0,0,720,0
3649,5052833965,Authentication,166,34,-24,920,0,11,0,0,1,0,0,0,720,0
3650,5053047314,Authentication,166,34,-53,920,0,11,0,0,0,0,0,0,0,0
3651,5053056371,Authentication,166,34,-27,920,0,11,0,0,0,0,0,0,720,0
3652,5053068147,Authentication,166,34,-25,920,0,11,0,0,1,0,0,0,720,0
3653,5053073827,Authentication,166,34,-27,920,0,11,0,0,1,0,0,0,720,0
3654,5053307409,Authentication,166,34,-53,920,0,11,0,0,0,0,0,0,0,0
3655,5053316362,Authentication,166,34,-23,920,0,11,0,0,0,0,0,0,720,0
3656,5053322404,Authentication,166,34,-27,920,0,11,0,0,1,0,0,0,720,0
3657,5053328446,Authentication,166,34,-28,920,0,11,0,0,1,0,0,0,720,0
3658,5053334228,Authentication,166,34,-25,920,0,11,0,0,1,0,0,0,720,0
3660,5053600448,S1G Beacon,129,34,-23,920,3,1,,,,,,,0,0
3661,5053811211,Authentication,166,34,-54,920,0,11,0,0,0,0,0,0,0,0
3662,5053826300,Authentication,166,34,-23,920,0,11,0,0,0,0,0,0,720,0
3663,5053832085,Authentication,166,34,-24,920,0,11,0,0,1,0,0,0,720,0
3664,5053838128,Authentication,166,34,-24,920,0,11,0,0,1,0,0,0,720,0
3665,5053843965,Authentication,166,34,-23,920,0,11,0,0,1,0,0,0,720,0
3666,5054061067,Authentication,166,34,-57,920,0,11,0,0,0,0,0,0,0,0
3667,5054070748,Authentication,166,34,-27,920,0,11,0,0,0,0,0,0,720,0
3668,5054076688,Authentication,166,34,-24,920,0,11,0,0,1,0,0,0,720,0
3669,5054082420,Authentication,166,34,-24,920,0,11,0,0,1,0,0,0,720,0
3670,5054088099,Authentication,166,34,-25,920,0,11,0,0,1,0,0,0,720,0
3671,5054323209,Authentication,166,34,-54,920,0,11,0,0,0,0,0,0,0,0
3672,5054336375,Authentication,166,34,-24,920,0,11,0,0,0,0,0,0,720,0
3673,5054342419,Authentication,166,34,-24,920,0,11,0,0,1,0,0,0,720,0
3674,5054348463,Authentication,166,34,-24,920,0,11,0,0,1,0,0,0,720,0
3675,5054354194,Authentication,166,34,-26,920,0,11,0,0,1,0,0,0,720,0
3676,5054419655,S1G Beacon,61,34,-24,920,3,1,,,,,,,0,0
3677,5054578181,Authentication,166,34,-53,920,0,11,0,0,0,0,0,0,0,0
3678,5054586302,Authentication,166,34,-26,920,0,11,0,0,0,0,0,0,720,0
3679,5054592138,Authentication,166,34,-27,920,0,11,0,0,1,0,0,0,720,0
3680,5054597869,Authentication,166,34,-25,920,0,11,0,0,1,0,0,0,720,0
3681,5054603598,Authentication,166,34,-27,920,0,11,0,0,1,0,0,0,720,0
3682,5054824965,Authentication,166,34,-53,920,0,11,0,0,0,0,0,0,0,0
3683,5054836314,Authentication,166,34,-24,920,0,11,0,0,0,0,0,0,720,0
3684,5054841523,Authentication,166,34,-27,920,0,11,0,0,1,0,0,0,720,0
3685,5054847356,Authentication,166,34,-23,920,0,11,0,0,1,0,0,0,720,0
3686,5054853244,Authentication,166,34,-26,920,0,11,0,0,1,0,0,0,720,0
3687,5055076869,Authentication,166,34,-53,920,0,11,0,0,0,0,0,0,0,0
3688,5055086291,Authentication,166,34,-24,920,0,11,0,0,0,0,0,0,720,0
3689,5055092231,Authentication,166,34,-26,920,0,11,0,0,1,0,0,0,720,0
3690,5055098120,Authentication,166,34,-25,920,0,11,0,0,1,0,0,0,720,0
3691,5055104162,Authentication,166,34,-26,920,0,11,0,0,1,0,0,0,720,0
3692,5055238856,S1G Beacon,129,34,-23,920,3,1,,,,,,,0,0
3693,5055339011,Authentication,166,34,-56,920,0,11,0,0,0,0,0,0,0,0
3694,5055356287,Authentication,166,34,-24,920,0,11,0,0,0,0,0,0,720,0
3695,5055362174,Authentication,166,34,-24,920,0,11,0,0,1,0,0,0,720,0
3696,5055368216,Authentication,166,34,-24,920,0,11,0,0,1,0,0,0,720,0
3697,5055374052,Authentication,166,34,-23,920,0,11,0,0,1,0,0,0,720,0
3698,5055838718,Authentication,166,34,-58,920,0,11,0,0,0,0,0,0,0,0
3699,5055856253,Authentication,166,34,-26,920,0,11,0,0,0,0,0,0,720,0
3700,5055861932,Authentication,166,34,-23,920,0,11,0,0,1,0,0,0,720,0
3701,5055867923,Authentication,166,34,-23,920,0,11,0,0,1,0,0,0,720,0
3702,5055873811,Authentication,166,34,-24,920,0,11,0,0,1,0,0,0,720,0
3703,5056058061,S1G Beacon,61,34,-24,920,3,1,,,,,,,0,0
3704,5056092669,Authentication,166,34,-56,920,0,11,0,0,0,0,0,0,0,0
3705,5056101625,Authentication,166,34,-22,920,0,11,0,0,0,0,0,0,720,0
3706,5056107357,Authentication,166,34,-22,920,0,11,0,0,1,0,0,0,720,0
3707,5056113035,Authentication,166,34,-22,920,0,11,0,0,1,0,0,0,720,0
3708,5056119080,Authentication,166,34,-24,920,0,11,0,0,1,0,0,0,720,0
3709,5056176865,Data,287,34,-23,920,2,0,0,0,0,0,0,1,0,0
3710,5056354812,Authentication,166,34,-56,920,0,11,0,0,0,0,0,0,0,0
3711,5056366315,Authentication,166,34,-24,920,0,11,0,0,0,0,0,0,720,0
3712,5056372307,Authentication,166,34,-23,920,0,11,0,0,1,0,0,0,720,0
3713,5056378194,Authentication,166,34,-25,920,0,11,0,0,1,0,0,0,720,0
3714,5056383872,Authentication,166,34,-24,920,0,11,0,0,1,0,0,0,720,0
3715,5056616954,Authentication,166,34,-56,920,0,11,0,0,0,0,0,0,0,0
3716,5056626325,Authentication,166,34,-23,920,0,11,0,0,0,0,0,0,720,0
3717,5056632107,Authentication,166,34,-24,920,0,11,0,0,1,0,0,0,720,0
3718,5056637891,Authentication,166,34,-24,920,0,11,0,0,1,0,0,0,720,0
3719,5056643725,Authentication,166,34,-25,920,0,11,0,0,1,0,0,0,720,0
3720,5056864758,Authentication,166,34,-55,920,0,11,0,0,0,0,0,0,0,0
3721,5056877264,S1G Beacon,129,34,-26,920,3,1,,,,,,,0,0
3722,5056881061,Authentication,166,34,-23,920,0,11,0,0,0,0,0,0,720,0
3723,5056886894,Authentication,166,34,-24,920,0,11,0,0,1,0,0,0,720,0
3724,5056892626,Authentication,166,34,-23,920,0,11,0,0,1,0,0,0,720,0
3725,5056898515,Authentication,166,34,-25,920,0,11,0,0,1,0,0,0,720,0
3726,5057108470,Authentication,166,34,-53,920,0,11,0,0,0,0,0,0,0,0
3727,5057116282,Authentication,166,34,-23,920,0,11,0,0,0,0,0,0,720,0
3728,5057122119,Authentication,166,34,-23,920,0,11,0,0,1,0,0,0,720,0
3729,5057127852,Authentication,166,34,-23,920,0,11,0,0,1,0,0,0,720,0
3730,5057133841,Authentication,166,34,-23,920,0,11,0,0,1,0,0,0,720,0
3731,5057370612,Authentication,166,34,-56,920,0,11,0,0,0,0,0,0,0,0
3732,5057386326,Authentication,166,34,-27,920,0,11,0,0,0,0,0,0,720,0
3733,5057392007,Authentication,166,34,-26,920,0,11,0,0,1,0,0,0,720,0
3734,5057397896,Authentication,166,34,-23,920,0,11,0,0,1,0,0,0,720,0
3735,5057403734,Authentication,166,34,-23,920,0,11,0,0,1,0,0,0,720,0
3737,5057559859,QoS Data,148,34,-30,920,2,8,0,0,0,0,0,1,720,0
3739,5057566541,QoS Data,131,34,-24,920,2,8,1,0,0,0,0,1,720,0
3741,5057568868,QoS Data,131,34,-29,920,2,8,0,0,0,0,0,1,720,0
3743,5057632755,Authentication,166,34,-54,920,0,11,0,0,0,0,0,0,0,0
3744,5057639941,QoS Data,128,34,-35,920,2,8,1,0,0,0,0,1,720,0
3746,5057642059,Authentication,166,34,-23,920,0,11,0,0,0,0,0,0,720,0
3747,5057647996,Authentication,166,34,-24,920,0,11,0,0,1,0,0,0,720,0
3748,5057653780,Authentication,166,34,-24,920,0,11,0,0,1,0,0,0,720,0
3749,5057659512,Authentication,166,34,-25,920,0,11,0,0,1,0,0,0,720,0
3750,5057685734,QoS Data,128,34,-31,920,2,8,0,0,0,0,0,1,720,0
3752,5057696466,S1G Beacon,61,34,-24,920,3,1,,,,,,,0,0
3753,5057869296,Authentication,166,34,-53,920,0,11,0,0,0,0,0,0,0,0
3754,5057886258,Authentication,166,34,-24,920,0,11,0,0,0,0,0,0,720,0
3755,5057891987,Authentication,166,34,-24,920,0,11,0,0,1,0,0,0,720,0
3756,5057897771,Authentication,166,34,-26,920,0,11,0,0,1,0,0,0,720,0
3757,5057903763,Authentication,166,34,-24,920,0,11,0,0,1,0,0,0,720,0
3758,5058124271,Authentication,166,34,-53,920,0,11,0,0,0,0,0,0,0,0
3759,5058142131,Authentication,166,34,-24,920,0,11,0,0,1,0,0,0,720,0
3760,5058153697,Authentication,166,34,-24,920,0,11,0,0,1,0,0,0,720,0
3761,5058386414,Authentication,166,34,-54,920,0,11,0,0,0,0,0,0,0,0
3762,5058396305,Authentication,166,34,-26,920,0,11,0,0,0,0,0,0,720,0
3763,5058402140,Authentication,166,34,-24,920,0,11,0,0,1,0,0,0,720,0
3764,5058407924,Authentication,166,34,-23,920,0,11,0,0,1,0,0,0,720,0
3765,5058413654,Authentication,166,34,-24,920,0,11,0,0,1,0,0,0,720,0
3766,5058515670,S1G Beacon,129,34,-23,920,3,1,,,,,,,0,0
3767,5058648556,Authentication,166,34,-56,920,0,11,0,0,0,0,0,0,0,0
3768,5058666245,Authentication,166,34,-24,920,0,11,0,0,0,0,0,0,720,0
3769,5058672184,Authentication,166,34,-24,920,0,11,0,0,1,0,0,0,720,0
3770,5058678074,Authentication,166,34,-25,920,0,11,0,0,1,0,0,0,720,0
3771,5058683911,Authentication,166,34,-23,920,0,11,0,0,1,0,0,0,720,0
3772,5058894312,Authentication,166,34,-58,920,0,11,0,0,0,0,0,0,0,0
3773,5058906335,Authentication,166,34,-24,920,0,11,0,0,0,0,0,0,720,0
3774,5058912069,Authentication,166,34,-23,920,0,11,0,0,1,0,0,0,720,0
3775,5058917851,Authentication,166,34,-25,920,0,11,0,0,1,0,0,0,720,0
3776,5058923688,Authentication,166,34,-24,920,0,11,0,0,1,0,0,0,720,0
3777,5059140073,Authentication,166,34,-55,920,0,11,0,0,0,0,0,0,0,0
3778,5059156307,Authentication,166,34,-23,920,0,11,0,0,0,0,0,0,720,0
3779,5059162247,Authentication,166,34,-24,920,0,11,0,0,1,0,0,0,720,0
3780,5059167926,Authentication,166,34,-22,920,0,11,0,0,1,0,0,0,720,0
3781,5059173606,Authentication,166,34,-23,920,0,11,0,0,1,0,0,0,720,0
3782,5059201076,Data,287,34,-24,920,2,0,0,0,0,0,0,1,0,0
3783,5059334872,S1G Beacon,61,34,-23,920,3,1,,,,,,,0,0
3784,5059402215,Authentication,166,34,-54,920,0,11,0,0,0,0,0,0,0,0
3785,5059416318,Authentication,166,34,-24,920,0,11,0,0,0,0,0,0,720,0
3786,5059422207,Authentication,166,34,-22,920,0,11,0,0,1,0,0,0,720,0
3787,5059428041,Authentication,166,34,-24,920,0,11,0,0,1,0,0,0,720,0
3788,5059433772,Authentication,166,34,-23,920,0,11,0,0,1,0,0,0,720,0
3789,5059664357,Authentication,166,34,-58,920,0,11,0,0,0,0,0,0,0,0
3790,5059676691,Authentication,166,34,-27,920,0,11,0,0,0,0,0,0,720,0
3791,5059682423,Authentication,166,34,-28,920,0,11,0,0,1,0,0,0,720,0
3792,5059688207,Authentication,166,34,-28,920,0,11,0,0,1,0,0,0,720,0
3793,5059694197,Authentication,166,34,-29,920,0,11,0,0,1,0,0,0,720,0
3795,5059920352,Authentication,166,34,-57,920,0,11,0,0,0,0,0,0,0,0
3796,5059930938,Authentication,166,34,-25,920,0,11,0,0,0,0,0,0,720,0
3797,5059936825,Authentication,166,34,-23,920,0,11,0,0,1,0,0,0,720,0
3798,5059942506,Authentication,166,34,-26,920,0,11,0,0,1,0,0,0,720,0
3799,5059948550,Authentication,166,34,-26,920,0,11,0,0,1,0,0,0,720,0
3800,5060154075,S1G Beacon,129,34,-25,920,3,1,,,,,,,0,0
3801,5060168161,Authentication,166,34,-56,920,0,11,0,0,0,0,0,0,0,0
3802,5060176594,Authentication,166,34,-25,920,0,11,0,0,0,0,0,0,720,0
3803,5060182378,Authentication,166,34,-27,920,0,11,0,0,1,0,0,0,720,0
3804,5060188213,Authentication,166,34,-24,920,0,11,0,0,1,0,0,0,720,0
3805,5060194256,Authentication,166,34,-25,920,0,11,0,0,1,0,0,0,720,0
3806,5060418016,Authentication,166,34,-57,920,0,11,0,0,0,0,0,0,0,0
3807,5060427388,Authentication,166,34,-23,920,0,11,0,0,0,0,0,0,720,0
3808,5060433222,Authentication,166,34,-24,920,0,11,0,0,1,0,0,0,720,0
3809,5060438953,Authentication,166,34,-23,920,0,11,0,0,1,0,0,0,720,0
3810,5060444788,Authentication,166,34,-23,920,0,11,0,0,1,0,0,0,720,0
3811,5060680158,Authentication,166,34,-57,920,0,11,0,0,0,0,0,0,0,0
3812,5060696287,Authentication,166,34,-26,920,0,11,0,0,0,0,0,0,720,0
3813,5060702175,Authentication,166,34,-23,920,0,11,0,0,1,0,0,0,720,0
3814,5060707908,Authentication,166,34,-24,920,0,11,0,0,1,0,0,0,720,0
3815,5060713692,Authentication,166,34,-25,920,0,11,0,0,1,0,0,0,720,0
3816,5060942300,Authentication,166,34,-54,920,0,11,0,0,0,0,0,0,0,0
3817,5060956300,Authentication,166,34,-27,920,0,11,0,0,0,0,0,0,720,0
3818,5060962082,Authentication,166,34,-27,920,0,11,0,0,1,0,0,0,720,0
3819,5060967917,Authentication,166,34,-26,920,0,11,0,0,1,0,0,0,720,0
3820,5060973436,S1G Beacon,61,34,-27,920,3,1,,,,,,,0,0
3821,5060975327,Authentication,166,34,-27,920,0,11,0,0,1,0,0,0,720,0
3822,5061193176,Authentication,166,34,-54,920,0,11,0,0,0,0,0,0,0,0
3823,5061201194,Authentication,166,34,-27,920,0,11,0,0,0,0,0,0,720,0
3824,5061207133,Authentication,166,34,-23,920,0,11,0,0,1,0,0,0,720,0
3825,5061213073,Authentication,166,34,-26,920,0,11,0,0,1,0,0,0,720,0
3826,5061218908,Authentication,166,34,-24,920,0,11,0,0,1,0,0,0,720,0
3827,5061433817,Authentication,166,34,-54,920,0,11,0,0,0,0,0,0,0,0
3828,5061446305,Authentication,166,34,-24,920,0,11,0,0,0,0,0,0,720,0
3829,5061452192,Authentication,166,34,-27,920,0,11,0,0,1,0,0,0,720,0
3830,5061463811,Authentication,166,34,-24,920,0,11,0,0,1,0,0,0,720,0
3831,5061695959,Authentication,166,34,-54,920,0,11,0,0,0,0,0,0,0,0
3832,5061712363,Authentication,166,34,-24,920,0,11,0,0,1,0,0,0,720,0
3833,5061723824,Authentication,166,34,-25,920,0,11,0,0,1,0,0,0,720,0
3834,5061792483,S1G Beacon,129,34,-24,920,3,1,,,,,,,0,0
3835,5061958102,Authentication,166,34,-53,920,0,11,0,0,0,0,0,0,0,0
3836,5061976233,Authentication,166,34,-24,920,0,11,0,0,0,0,0,0,720,0
3837,5061987905,Authentication,166,34,-23,920,0,11,0,0,1,0,0,0,720,0
3838,5062204882,Authentication,166,34,-53,920,0,11,0,0,0,0,0,0,0,0
3839,5062216278,Authentication,166,34,-22,920,0,11,0,0,0,0,0,0,720,0
3840,5062222165,Authentication,166,34,-25,920,0,11,0,0,1,0,0,0,720,0
3841,5062228468,Data,287,34,-27,920,2,0,0,0,0,0,0,1,0,0
3842,5062241933,Authentication,166,34,-23,920,0,11,0,0,1,0,0,0,720,0
3843,5062451666,Authentication,166,34,-54,920,0,11,0,0,0,0,0,0,0,0
3844,5062466288,Authentication,166,34,-24,920,0,11,0,0,0,0,0,0,720,0
3845,5062477909,Authentication,166,34,-24,920,0,11,0,0,1,0,0,0,720,0
3846,5062583802,RTS,54,34,-35,920,1,11,,,,0,0,0,2488,0
3848,5062588355,RTS,54,34,-35,920,1,11,,,,0,0,0,2488,0
3851,5062599644,QoS Data,131,34,-19,920,2,8,1,0,0,0,0,1,720,0
3854,5062639460,QoS Data,128,34,-39,920,2,8,1,0,0,0,0,1,720,0
3856,5062711760,Authentication,166,34,-54,920,0,11,0,0,0,0,0,0,0,0
3857,5062726383,Authentication,166,34,-22,920,0,11,0,0,0,0,0,0,720,0
3858,5062738260,Authentication,166,34,-23,920,0,11,0,0,1,0,0,0,720,0
3859,5062973903,Authentication,166,34,-52,920,0,11,0,0,0,0,0,0,0,0
3860,5062986287,Authentication,166,34,-22,920,0,11,0,0,0,0,0,0,720,0
3861,5062992071,Authentication,166,34,-21,920,0,11,0,0,1,0,0,0,720,0
3862,5062997388,Authentication,166,34,-22,920,0,11,0,0,1,0,0,0,720,0
3863,5063003016,Authentication,166,34,-23,920,0,11,0,0,1,0,0,0,720,0
3864,5063225801,Authentication,166,34,-57,920,0,11,0,0,0,0,0,0,0,0
3865,5063234133,Authentication,166,34,-23,920,0,11,0,0,0,0,0,0,720,0
3866,5063239915,Authentication,166,34,-22,920,0,11,0,0,1,0,0,0,720,0
3867,5063245596,Authentication,166,34,-23,920,0,11,0,0,1,0,0,0,720,0
3868,5063251484,Authentication,166,34,-22,920,0,11,0,0,1,0,0,0,720,0
3869,5063305264,Disassociation,64,34,-23,920,0,10,0,0,0,0,0,0,720,0
3870,5063308226,Disassociation,64,34,-23,920,0,10,0,0,1,0,0,0,720,0
3871,5063311183,Disassociation,64,34,-24,920,0,10,0,0,1,0,0,0,720,0
3872,5063314401,Disassociation,64,34,-23,920,0,10,0,0,1,0,0,0,720,0
3873,5063430891,S1G Beacon,129,34,-22,920,3,1,,,,,,,0,0
3874,5063478729,Authentication,166,34,-55,920,0,11,0,0,0,0,0,0,0,0
3875,5063486279,Authentication,166,34,-23,920,0,11,0,0,0,0,0,0,720,0
3876,5063492009,Authentication,166,34,-24,920,0,11,0,0,1,0,0,0,720,0
3877,5063497689,Authentication,166,34,-25,920,0,11,0,0,1,0,0,0,720,0
3878,5063503735,Authentication,166,34,-23,920,0,11,0,0,1,0,0,0,720,0
3879,5063727562,Authentication,166,34,-54,920,0,11,0,0,0,0,0,0,0,0
3880,5063736463,Authentication,166,34,-23,920,0,11,0,0,0,0,0,0,720,0
3881,5063742194,Authentication,166,34,-24,920,0,11,0,0,1,0,0,0,720,0
3882,5063748081,Authentication,166,34,-24,920,0,11,0,0,1,0,0,0,720,0
3883,5063754073,Authentication,166,34,-24,920,0,11,0,0,1,0,0,0,720,0
3884,5063989704,Authentication,166,34,-53,920,0,11,0,0,0,0,0,0,0,0
3885,5064001207,Authentication,166,34,-24,920,0,11,0,0,0,0,0,0,720,0
3886,5064007198,Authentication,166,34,-24,920,0,11,0,0,1,0,0,0,720,0
3887,5064013243,Authentication,166,34,-23,920,0,11,0,0,1,0,0,0,720,0
3888,5064019078,Authentication,166,34,-23,920,0,11,0,0,1,0,0,0,720,0
3889,5064250095,S1G Beacon,61,34,-23,920,3,1,,,,,,,0,0
3890,5064251846,Authentication,166,34,-56,920,0,11,0,0,0,0,0,0,0,0
3891,5064266310,Authentication,166,34,-22,920,0,11,0,0,0,0,0,0,720,0
3892,5064272197,Authentication,166,34,-23,920,0,11,0,0,1,0,0,0,720,0
3893,5064278240,Authentication,166,34,-22,920,0,11,0,0,1,0,0,0,720,0
3894,5064284076,Authentication,166,34,-22,920,0,11,0,0,1,0,0,0,720,0
3895,5064483268,Authentication,166,34,-54,920,0,11,0,0,0,0,0,0,0,0
3896,5064496280,Authentication,166,34,-22,920,0,11,0,0,0,0,0,0,720,0
3897,5064501960,Authentication,166,34,-24,920,0,11,0,0,1,0,0,0,720,0
3898,5064507899,Authentication,166,34,-24,920,0,11,0,0,1,0,0,0,720,0
3899,5064513786,Authentication,166,34,-24,920,0,11,0,0,1,0,0,0,720,0
3900,5064743362,Authentication,166,34,-54,920,0,11,0,0,0,0,0,0,0,0
3901,5064756270,Authentication,166,34,-24,920,0,11,0,0,0,0,0,0,720,0
3902,5064762311,Authentication,166,34,-24,920,0,11,0,0,1,0,0,0,720,0
3903,5064768147,Authentication,166,34,-23,920,0,11,0,0,1,0,0,0,720,0
3904,5064773877,Authentication,166,34,-23,920,0,11,0,0,1,0,0,0,720,0
3905,5065005505,Authentication,166,34,-54,920,0,11,0,0,0,0,0,0,0,0
3906,5065069296,S1G Beacon,129,34,-23,920,3,1,,,,,,,0,0
3907,5065248906,Data,287,34,-23,920,2,0,0,0,0,0,0,1,0,0
3908,5065497022,Authentication,166,34,-53,920,0,11,0,0,0,0,0,0,0,0
3909,5065506340,Authentication,166,34,-26,920,0,11,0,0,0,0,0,0,720,0
3910,5065512123,Authentication,166,34,-24,920,0,11,0,0,1,0,0,0,720,0
3911,5065518012,Authentication,166,34,-25,920,0,11,0,0,1,0,0,0,720,0
3912,5065523690,Authentication,166,34,-24,920,0,11,0,0,1,0,0,0,720,0
3913,5065759163,Authentication,166,34,-58,920,0,11,0,0,0,0,0,0,0,0
3914,5065776231,Authentication,166,34,-24,920,0,11,0,0,0,0,0,0,720,0
3915,5065782067,Authentication,166,34,-27,920,0,11,0,0,1,0,0,0,720,0
3916,5065788006,Authentication,166,34,-26,920,0,11,0,0,1,0,0,0,720,0
3917,5065793998,Authentication,166,34,-25,920,0,11,0,0,1,0,0,0,720,0
3918,5065888502,S1G Beacon,61,34,-25,920,3,1,,,,,,,0,0
3919,5066020278,Authentication,166,34,-56,920,0,11,0,0,0,0,0,0,0,0
3920,5066036250,Authentication,166,34,-23,920,0,11,0,0,0,0,0,0,720,0
3921,5066042243,Authentication,166,34,-25,920,0,11,0,0,1,0,0,0,720,0
3922,5066047974,Authentication,166,34,-24,920,0,11,0,0,1,0,0,0,720,0
3923,5066053654,Authentication,166,34,-23,920,0,11,0,0,1,0,0,0,720,0
3924,5066262967,Authentication,166,34,-54,920,0,11,0,0,0,0,0,0,0,0
3925,5066276288,Authentication,166,34,-23,920,0,11,0,0,0,0,0,0,720,0
3926,5066282280,Authentication,166,34,-23,920,0,11,0,0,1,0,0,0,720,0
3927,5066288270,Authentication,166,34,-22,920,0,11,0,0,1,0,0,0,720,0
3928,5066294157,Authentication,166,34,-22,920,0,11,0,0,1,0,0,0,720,0
3929,5066512822,Authentication,166,34,-55,920,0,11,0,0,0,0,0,0,0,0
3930,5066526248,Authentication,166,34,-21,920,0,11,0,0,0,0,0,0,720,0
3931,5066532030,Authentication,166,34,-22,920,0,11,0,0,1,0,0,0,720,0
3932,5066537813,Authentication,166,34,-22,920,0,11,0,0,1,0,0,0,720,0
3933,5066543649,Authentication,166,34,-22,920,0,11,0,0,1,0,0,0,720,0
3934,5066707703,S1G Beacon,129,34,-23,920,3,1,,,,,,,0,0
3935,5066774964,Authentication,166,34,-54,920,0,11,0,0,0,0,0,0,0,0
3936,5066786259,Authentication,166,34,-24,920,0,11,0,0,0,0,0,0,720,0
3937,5066791989,Authentication,166,34,-23,920,0,11,0,0,1,0,0,0,720,0
3938,5066797823,Authentication,166,34,-22,920,0,11,0,0,1,0,0,0,720,0
3939,5066803556,Authentication,166,34,-22,920,0,11,0,0,1,0,0,0,720,0
3940,5067037107,Authentication,166,34,-53,920,0,11,0,0,0,0,0,0,0,0
3941,5067046269,Authentication,166,34,-23,920,0,11,0,0,0,0,0,0,720,0
3942,5067052259,Authentication,166,34,-22,920,0,11,0,0,1,0,0,0,720,0
3943,5067058043,Authentication,166,34,-21,920,0,11,0,0,1,0,0,0,720,0
3944,5067063775,Authentication,166,34,-22,920,0,11,0,0,1,0,0,0,720,0
3945,5067272625,Authentication,166,34,-53,920,0,11,0,0,0,0,0,0,0,0
3946,5067286259,Authentication,166,34,-22,920,0,11,0,0,0,0,0,0,720,0
3947,5067292095,Authentication,166,34,-22,920,0,11,0,0,1,0,0,0,720,0
3948,5067298088,Authentication,166,34,-24,920,0,11,0,0,1,0,0,0,720,0
3949,5067303922,Authentication,166,34,-22,920,0,11,0,0,1,0,0,0,720,0
3950,5067526907,S1G Beacon,61,34,-22,920,3,1,,,,,,,0,0
3951,5067528623,Authentication,166,34,-55,920,0,11,0,0,0,0,0,0,0,0
3952,5067536276,Authentication,166,34,-22,920,0,11,0,0,0,0,0,0,720,0
3953,5067542110,Authentication,166,34,-21,920,0,11,0,0,1,0,0,0,720,0
3954,5067548050,Authentication,166,34,-22,920,0,11,0,0,1,0,0,0,720,0
3955,5067553780,Authentication,166,34,-23,920,0,11,0,0,1,0,0,0,720,0
3956,5067626585,QoS Data,148,34,-32,920,2,8,1,0,0,0,0,1,720,0
3958,5067628844,QoS Data,148,34,-29,920,2,8,0,0,0,0,0,1,720,0
3960,5067636512,QoS Data,131,34,-19,920,2,8,1,0,0,0,0,1,720,0
3962,5067639217,QoS Data,131,34,-28,920,2,8,0,0,0,0,0,1,720,0
3964,5067790765,Authentication,166,34,-56,920,0,11,0,0,0,0,0,0,0,0
3965,5067801227,Authentication,166,34,-23,920,0,11,0,0,0,0,0,0,720,0
3966,5067807218,Authentication,166,34,-21,920,0,11,0,0,1,0,0,0,720,0
3967,5067813260,Authentication,166,34,-22,920,0,11,0,0,1,0,0,0,720,0
3968,5067819043,Authentication,166,34,-24,920,0,11,0,0,1,0,0,0,720,0
3969,5067893048,RTS,54,34,-25,920,1,11,,,,0,0,0,2416,0
3971,5067897685,RTS,54,34,-27,920,1,11,,,,0,0,0,2416,0
3973,5067899309,QoS Data,128,34,-32,920,2,8,1,0,1,0,0,1,720,0
3975,5067901792,QoS Data,128,34,-29,920,2,8,0,0,0,0,0,1,720,0
3977,5068046759,Authentication,166,34,-56,920,0,11,0,0,0,0,0,0,0,0
3978,5068056235,Authentication,166,34,-22,920,0,11,0,0,0,0,0,0,720,0
3979,5068062020,Authentication,166,34,-23,920,0,11,0,0,1,0,0,0,720,0
3980,5068067700,Authentication,166,34,-22,920,0,11,0,0,1,0,0,0,720,0
3981,5068073537,Authentication,166,34,-22,920,0,11,0,0,1,0,0,0,720,0
3982,5068272916,Data,287,34,-23,920,2,0,0,0,0,0,0,1,0,0
3983,5068288425,Authentication,166,34,-58,920,0,11,0,0,0,0,0,0,0,0
3984,5068301227,Authentication,166,34,-22,920,0,11,0,0,0,0,0,0,720,0
3985,5068307064,Authentication,166,34,-22,920,0,11,0,0,1,0,0,0,720,0
3986,5068312796,Authentication,166,34,-22,920,0,11,0,0,1,0,0,0,720,0
3987,5068318633,Authentication,166,34,-24,920,0,11,0,0,1,0,0,0,720,0
3988,5068346112,S1G Beacon,129,34,-23,920,3,1,,,,,,,0,0
3989,5068544425,Authentication,166,34,-55,920,0,11,0,0,0,0,0,0,0,0
3990,5068556345,Authentication,166,34,-22,920,0,11,0,0,0,0,0,0,720,0
3991,5068562335,Authentication,166,34,-22,920,0,11,0,0,1,0,0,0,720,0
3992,5068568224,Authentication,166,34,-22,920,0,11,0,0,1,0,0,0,720,0
3993,5068574164,Authentication,166,34,-23,920,0,11,0,0,1,0,0,0,720,0
3994,5068806566,Authentication,166,34,-56,920,0,11,0,0,0,0,0,0,0,0
3995,5068816250,Authentication,166,34,-24,920,0,11,0,0,0,0,0,0,720,0
3996,5068821928,Authentication,166,34,-22,920,0,11,0,0,1,0,0,0,720,0
3997,5068827607,Authentication,166,34,-24,920,0,11,0,0,1,0,0,0,720,0
3998,5068833337,Authentication,166,34,-23,920,0,11,0,0,1,0,0,0,720,0
3999,5069064610,Authentication,166,34,-53,920,0,11,0,0,0,0,0,0,0,0
4000,5069076268,Authentication,166,34,-22,920,0,11,0,0,0,0,0,0,720,0
4001,5069082157,Authentication,166,34,-24,920,0,11,0,0,1,0,0,0,720,0
4002,5069087993,Authentication,166,34,-22,920,0,11,0,0,1,0,0,0,720,0
4003,5069093725,Authentication,166,34,-22,920,0,11,0,0,1,0,0,0,720,0
4004,5069165313,S1G Beacon,61,34,-22,920,3,1,,,,,,,0,0
4005,5069303203,Authentication,166,34,-53,920,0,11,0,0,0,0,0,0,0,0
4006,5069316265,Authentication,166,34,-22,920,0,11,0,0,0,0,0,0,720,0
4007,5069322048,Authentication,166,34,-22,920,0,11,0,0,1,0,0,0,720,0
4008,5069328093,Authentication,166,34,-22,920,0,11,0,0,1,0,0,0,720,0
4009,5069333980,Authentication,166,34,-22,920,0,11,0,0,1,0,0,0,720,0
4010,5069560225,Authentication,166,34,-56,920,0,11,0,0,0,0,0,0,0,0
4011,5069576251,Authentication,166,34,-23,920,0,11,0,0,0,0,0,0,720,0
4012,5069582242,Authentication,166,34,-23,920,0,11,0,0,1,0,0,0,720,0
4013,5069588028,Authentication,166,34,-23,920,0,11,0,0,1,0,0,0,720,0
4014,5069593916,Authentication,166,34,-23,920,0,11,0,0,1,0,0,0,720,0
4015,5069822367,Authentication,166,34,-56,920,0,11,0,0,0,0,0,0,0,0
4016,5069836260,Authentication,166,34,-23,920,0,11,0,0,0,0,0,0,720,0
4017,5069841940,Authentication,166,34,-23,920,0,11,0,0,1,0,0,0,720,0
4018,5069847880,Authentication,166,34,-22,920,0,11,0,0,1,0,0,0,720,0
4019,5069853870,Authentication,166,34,-22,920,0,11,0,0,1,0,0,0,720,0
4020,5069984516,S1G Beacon,129,34,-22,920,3,1,,,,,,,0,0
4021,5070072220,Authentication,166,34,-56,920,0,11,0,0,0,0,0,0,0,0
4022,5070086270,Authentication,166,34,-22,920,0,11,0,0,0,0,0,0,720,0
4023,5070092053,Authentication,166,34,-22,920,0,11,0,0,1,0,0,0,720,0
4024,5070098047,Authentication,166,34,-22,920,0,11,0,0,1,0,0,0,720,0
4025,5070103829,Authentication,166,34,-22,920,0,11,0,0,1,0,0,0,720,0
4027,5070313884,Authentication,166,34,-53,920,0,11,0,0,0,0,0,0,0,0
4028,5070326273,Authentication,166,34,-22,920,0,11,0,0,0,0,0,0,720,0
4029,5070332157,Authentication,166,34,-22,920,0,11,0,0,1,0,0,0,720,0
4030,5070337993,Authentication,166,34,-22,920,0,11,0,0,1,0,0,0,720,0
4031,5070343881,Authentication,166,34,-22,920,0,11,0,0,1,0,0,0,720,0
4032,5070576026,Authentication,166,34,-53,920,0,11,0,0,0,0,0,0,0,0
4033,5070803723,S1G Beacon,61,34,-22,920,3,1,,,,,,,0,0
4034,5070834069,Authentication,166,34,-54,920,0,11,0,0,0,0,0,0,0,0
4035,5070846558,Authentication,166,34,-22,920,0,11,0,0,0,0,0,0,720,0
4036,5070852289,Authentication,166,34,-22,920,0,11,0,0,1,0,0,0,720,0
4037,5070857969,Authentication,166,34,-22,920,0,11,0,0,1,0,0,0,720,0
4038,5070863753,Authentication,166,34,-22,920,0,11,0,0,1,0,0,0,720,0
4039,5071081877,Authentication,166,34,-54,920,0,11,0,0,0,0,0,0,0,0
4040,5071096240,Authentication,166,34,-23,920,0,11,0,0,0,0,0,0,720,0
4041,5071102230,Authentication,166,34,-21,920,0,11,0,0,1,0,0,0,720,0
4042,5071108117,Authentication,166,34,-22,920,0,11,0,0,1,0,0,0,720,0
4043,5071113849,Authentication,166,34,-22,920,0,11,0,0,1,0,0,0,720,0
4044,5071296901,Data,287,34,-26,920,2,0,0,0,0,0,0,1,0,0
4045,5071329685,Authentication,166,34,-54,920,0,11,0,0,0,0,0,0,0,0
4046,5071346177,Authentication,166,34,-24,920,0,11,0,0,0,0,0,0,720,0
4047,5071351962,Authentication,166,34,-23,920,0,11,0,0,1,0,0,0,720,0
4048,5071357796,Authentication,166,34,-23,920,0,11,0,0,1,0,0,0,720,0
4049,5071363631,Authentication,166,34,-25,920,0,11,0,0,1,0,0,0,720,0
4050,5071591828,Authentication,166,34,-55,920,0,11,0,0,0,0,0,0,0,0
4051,5071601247,Authentication,166,34,-24,920,0,11,0,0,0,0,0,0,720,0
4052,5071607188,Authentication,166,34,-22,920,0,11,0,0,1,0,0,0,720,0
4053,5071612868,Authentication,166,34,-23,920,0,11,0,0,1,0,0,0,720,0
4054,5071622924,S1G Beacon,129,34,-22,920,3,1,,,,,,,0,0
4055,5071626511,Authentication,166,34,-23,920,0,11,0,0,1,0,0,0,720,0
4056,5071753259,Data,378,34,-24,920,2,0,0,0,0,0,0,1,0,0
4057,5071848845,Authentication,166,34,-52,920,0,11,0,0,0,0,0,0,0,0
4058,5071861752,Authentication,166,34,-24,920,0,11,0,0,0,0,0,0,720,0
4059,5071878523,Authentication,166,34,-24,920,0,11,0,0,1,0,0,0,720,0
4060,5071884253,Authentication,166,34,-22,920,0,11,0,0,1,0,0,0,720,0
4061,5071890242,Authentication,166,34,-23,920,0,11,0,0,1,0,0,0,720,0
4062,5071960869,Data,450,34,-23,920,2,0,0,0,0,0,0,1,0,0
4063,5072064921,Data,442,34,-23,920,2,0,0,0,0,0,0,1,0,0
4064,5072089487,Authentication,166,34,-54,920,0,11,0,0,0,0,0,0,0,0
4065,5072098969,Authentication,166,34,-23,920,0,11,0,0,0,0,0,0,720,0
4066,5072104907,Authentication,166,34,-23,920,0,11,0,0,1,0,0,0,720,0
4067,5072116367,Authentication,166,34,-23,920,0,11,0,0,1,0,0,0,720,0
4068,5072169056,Data,387,34,-24,920,2,0,0,0,0,0,0,1,0,0
4069,5072273123,Data,426,34,-24,920,2,0,0,0,0,0,0,1,0,0
4070,5072345486,Authentication,166,34,-54,920,0,11,0,0,0,0,0,0,0,0
4071,5072356261,Authentication,166,34,-24,920,0,11,0,0,0,0,0,0,720,0
4072,5072367984,Authentication,166,34,-25,920,0,11,0,0,1,0,0,0,720,0
4073,5072380333,Data,458,34,-23,920,2,0,0,0,0,0,0,1,0,0
4074,5072442126,S1G Beacon,61,34,-24,920,3,1,,,,,,,0,0
4075,5072481022,Data,387,34,-23,920,2,0,0,0,0,0,0,1,0,0
4076,5072584923,Data,446,34,-24,920,2,0,0,0,0,0,0,1,0,0
4077,5072607629,Authentication,166,34,-54,920,0,11,0,0,0,0,0,0,0,0
4078,5072616219,Authentication,166,34,-25,920,0,11,0,0,0,0,0,0,720,0
4079,5072622001,Authentication,166,34,-23,920,0,11,0,0,1,0,0,0,720,0
4080,5072627785,Authentication,166,34,-22,920,0,11,0,0,1,0,0,0,720,0
4081,5072633829,Authentication,166,34,-25,920,0,11,0,0,1,0,0,0,720,0
4082,5072646624,QoS Data,148,34,-40,920,2,8,1,0,0,0,0,1,720,0
4084,5072651461,QoS Data,148,34,-30,920,2,8,0,0,0,0,0,1,720,0
4086,5072658555,QoS Data,131,34,-19,920,2,8,1,0,0,0,0,1,720,0
4088,5072661155,QoS Data,131,34,-29,920,2,8,0,0,0,0,0,1,720,0
4090,5072688987,Data,440,34,-23,920,2,0,0,0,0,0,0,1,0,0
4091,5072793001,Data,387,34,-22,920,2,0,0,0,0,0,0,1,0,0
4092,5072856457,Authentication,166,34,-54,920,0,11,0,0,0,0,0,0,0,0
4093,5072866242,Authentication,166,34,-22,920,0,11,0,0,0,0,0,0,720,0
4094,5072872128,Authentication,166,34,-22,920,0,11,0,0,1,0,0,0,720,0
4095,5072884110,Authentication,166,34,-23,920,0,11,0,0,1,0,0,0,720,0
4096,5072892166,QoS Data,128,34,-40,920,2,8,1,0,1,0,0,1,720,0
4098,5072894961,QoS Data,128,34,-30,920,2,8,0,0,0,0,0,1,720,0
4100,5072897545,Data,442,34,-22,920,2,0,0,0,0,0,0,1,0,0
4101,5073001029,Data,452,34,-24,920,2,0,0,0,0,0,0,1,0,0
4102,5073099145,Authentication,166,34,-53,920,0,11,0,0,0,0,0,0,0,0
4103,5073116161,Authentication,166,34,-23,920,0,11,0,0,0,0,0,0,720,0
4104,5073121841,Authentication,166,34,-23,920,0,11,0,0,1,0,0,0,720,0
4105,5073128094,Authentication,166,34,-22,920,0,11,0,0,1,0,0,0,720,0
4106,5073133825,Authentication,166,34,-23,920,0,11,0,0,1,0,0,0,720,0
4107,5073261331,S1G Beacon,129,34,-24,920,3,1,,,,,,,0,0
4108,5073361288,Authentication,166,34,-53,920,0,11,0,0,0,0,0,0,0,0
4109,5073372323,Authentication,166,34,-22,920,0,11,0,0,0,0,0,0,720,0
4110,5073378003,Authentication,166,34,-23,920,0,11,0,0,1,0,0,0,720,0
4111,5073383943,Authentication,166,34,-23,920,0,11,0,0,1,0,0,0,720,0
4112,5073389882,Authentication,166,34,-24,920,0,11,0,0,1,0,0,0,720,0
4113,5073615235,Authentication,166,34,-57,920,0,11,0,0,0,0,0,0,0,0
4114,5073626216,Authentication,166,34,-22,920,0,11,0,0,0,0,0,0,720,0
4115,5073631894,Authentication,166,34,-23,920,0,11,0,0,1,0,0,0,720,0
4116,5073637628,Authentication,166,34,-22,920,0,11,0,0,1,0,0,0,720,0
4117,5073643361,Authentication,166,34,-23,920,0,11,0,0,1,0,0,0,720,0
4118,5073857924,Authentication,166,34,-54,920,0,11,0,0,0,0,0,0,0,0
4119,5073866255,Authentication,166,34,-24,920,0,11,0,0,0,0,0,0,720,0
4120,5073872141,Authentication,166,34,-24,920,0,11,0,0,1,0,0,0,720,0
4121,5073878184,Authentication,166,34,-24,920,0,11,0,0,1,0,0,0,720,0
4122,5073883917,Authentication,166,34,-23,920,0,11,0,0,1,0,0,0,720,0
4123,5074080534,S1G Beacon,61,34,-24,920,3,1,,,,,,,0,0
4124,5074114946,Authentication,166,34,-57,920,0,11,0,0,0,0,0,0,0,0
4125,5074126241,Authentication,166,34,-22,920,0,11,0,0,0,0,0,0,720,0
4126,5074132075,Authentication,166,34,-24,920,0,11,0,0,1,0,0,0,720,0
4127,5074138064,Authentication,166,34,-22,920,0,11,0,0,1,0,0,0,720,0
4128,5074143796,Authentication,166,34,-22,920,0,11,0,0,1,0,0,0,720,0
4129,5074320920,Data,287,34,-22,920,2,0,0,0,0,0,0,1,0,0
4130,5074377089,Authentication,166,34,-53,920,0,11,0,0,0,0,0,0,0,0
4131,5074386668,Authentication,166,34,-24,920,0,11,0,0,0,0,0,0,720,0
4132,5074392400,Authentication,166,34,-22,920,0,11,0,0,1,0,0,0,720,0
4133,5074398131,Authentication,166,34,-24,920,0,11,0,0,1,0,0,0,720,0
4134,5074404123,Authentication,166,34,-24,920,0,11,0,0,1,0,0,0,720,0
4135,5074630011,Authentication,166,34,-52,920,0,11,0,0,0,0,0,0,0,0
4136,5074641931,Authentication,166,34,-23,920,0,11,0,0,0,0,0,0,720,0
4137,5074647766,Authentication,166,34,-23,920,0,11,0,0,1,0,0,0,720,0
4138,5074653758,Authentication,166,34,-22,920,0,11,0,0,1,0,0,0,720,0
4139,5074659749,Authentication,166,34,-22,920,0,11,0,0,1,0,0,0,720,0
4140,5074868606,Authentication,166,34,-53,920,0,11,0,0,0,0,0,0,0,0
4141,5074886142,Authentication,166,34,-22,920,0,11,0,0,0,0,0,0,720,0
4142,5074891874,Authentication,166,34,-23,920,0,11,0,0,1,0,0,0,720,0
4143,5074899737,S1G Beacon,129,34,-23,920,3,1,,,,,,,0,0
4144,5074903326,Authentication,166,34,-23,920,0,11,0,0,1,0,0,0,720,0
4145,5074909006,Authentication,166,34,-25,920,0,11,0,0,1,0,0,0,720,0
4146,5075130747,Authentication,166,34,-53,920,0,11,0,0,0,0,0,0,0,0
4147,5075146409,Authentication,166,34,-26,920,0,11,0,0,0,0,0,0,720,0
4148,5075152086,Authentication,166,34,-24,920,0,11,0,0,1,0,0,0,720,0
4149,5075157869,Authentication,166,34,-25,920,0,11,0,0,1,0,0,0,720,0
4150,5075163652,Authentication,166,34,-27,920,0,11,0,0,1,0,0,0,720,0
4151,5075392889,Authentication,166,34,-53,920,0,11,0,0,0,0,0,0,0,0
4152,5075401221,Authentication,166,34,-24,920,0,11,0,0,0,0,0,0,720,0
4153,5075406951,Authentication,166,34,-26,920,0,11,0,0,1,0,0,0,720,0
4154,5075412735,Authentication,166,34,-27,920,0,11,0,0,1,0,0,0,720,0
4155,5075418675,Authentication,166,34,-26,920,0,11,0,0,1,0,0,0,720,0
4156,5075632503,Authentication,166,34,-56,920,0,11,0,0,0,0,0,0,0,0
4157,5075646190,Authentication,166,34,-23,920,0,11,0,0,0,0,0,0,720,0
4158,5075652234,Authentication,166,34,-27,920,0,11,0,0,1,0,0,0,720,0
4159,5075658172,Authentication,166,34,-24,920,0,11,0,0,1,0,0,0,720,0
4160,5075663906,Authentication,166,34,-24,920,0,11,0,0,1,0,0,0,720,0
4161,5075718939,S1G Beacon,61,34,-24,920,3,1,,,,,,,0,0
4162,5075884407,Authentication,166,34,-52,920,0,11,0,0,0,0,0,0,0,0
4163,5075894139,Authentication,166,34,-24,920,0,11,0,0,0,0,0,0,720,0
4164,5075900027,Authentication,166,34,-24,920,0,11,0,0,1,0,0,0,720,0
4165,5075906016,Authentication,166,34,-26,920,0,11,0,0,1,0,0,0,720,0
4166,5075911800,Authentication,166,34,-25,920,0,11,0,0,1,0,0,0,720,0
4167,5076146548,Authentication,166,34,-53,920,0,11,0,0,0,0,0,0,0,0
4168,5076156179,Authentication,166,34,-24,920,0,11,0,0,0,0,0,0,720,0
4169,5076162223,Authentication,166,34,-24,920,0,11,0,0,1,0,0,0,720,0
4170,5076168007,Authentication,166,34,-23,920,0,11,0,0,1,0,0,0,720,0
4171,5076174048,Authentication,166,34,-23,920,0,11,0,0,1,0,0,0,720,0
4172,5076408690,Authentication,166,34,-53,920,0,11,0,0,0,0,0,0,0,0
4173,5076416239,Authentication,166,34,-23,920,0,11,0,0,0,0,0,0,720,0
4174,5076421970,Authentication,166,34,-24,920,0,11,0,0,1,0,0,0,720,0
4175,5076427964,Authentication,166,34,-23,920,0,11,0,0,1,0,0,0,720,0
4176,5076433748,Authentication,166,34,-24,920,0,11,0,0,1,0,0,0,720,0
4177,5076538145,S1G Beacon,129,34,-23,920,3,1,,,,,,,0,0
4178,5076645232,Authentication,166,34,-53,920,0,11,0,0,0,0,0,0,0,0
4179,5076656215,Authentication,166,34,-23,920,0,11,0,0,0,0,0,0,720,0
4180,5076661997,Authentication,166,34,-24,920,0,11,0,0,1,0,0,0,720,0
4181,5076667729,Authentication,166,34,-24,920,0,11,0,0,1,0,0,0,720,0
4182,5076673567,Authentication,166,34,-23,920,0,11,0,0,1,0,0,0,720,0
4183,5076724902,Disassociation,64,34,-23,920,0,10,0,0,0,0,0,0,720,0
4184,5076727914,Disassociation,64,34,-23,920,0,10,0,0,1,0,0,0,720,0
4185,5076731029,Disassociation,64,34,-24,920,0,10,0,0,1,0,0,0,720,0
4186,5076734300,Disassociation,64,34,-24,920,0,10,0,0,1,0,0,0,720,0
4187,5076900207,Authentication,166,34,-53,920,0,11,0,0,0,0,0,0,0,0
4188,5076916491,Authentication,166,34,-24,920,0,11,0,0,0,0,0,0,720,0
4189,5076922534,Authentication,166,34,-22,920,0,11,0,0,1,0,0,0,720,0
4190,5076928317,Authentication,166,34,-24,920,0,11,0,0,1,0,0,0,720,0
4191,5076934151,Authentication,166,34,-24,920,0,11,0,0,1,0,0,0,720,0
4192,5077162349,Authentication,166,34,-58,920,0,11,0,0,0,0,0,0,0,0
4193,5077172086,Authentication,166,34,-23,920,0,11,0,0,0,0,0,0,720,0
4194,5077177974,Authentication,166,34,-23,920,0,11,0,0,1,0,0,0,720,0
4195,5077183758,Authentication,166,34,-24,920,0,11,0,0,1,0,0,0,720,0
4196,5077189489,Authentication,166,34,-22,920,0,11,0,0,1,0,0,0,720,0
4197,5077344930,Data,287,34,-22,920,2,0,0,0,0,0,0,1,0,0
4198,5077357348,S1G Beacon,61,34,-23,920,3,1,,,,,,,0,0
4199,5077424492,Authentication,166,34,-53,920,0,11,0,0,0,0,0,0,0,0
4200,5077436200,Authentication,166,34,-21,920,0,11,0,0,0,0,0,0,720,0
4201,5077441879,Authentication,166,34,-22,920,0,11,0,0,1,0,0,0,720,0
4202,5077447870,Authentication,166,34,-22,920,0,11,0,0,1,0,0,0,720,0
4203,5077453550,Authentication,166,34,-22,920,0,11,0,0,1,0,0,0,720,0
4204,5077662057,Authentication,166,34,-54,920,0,11,0,0,0,0,0,0,0,0
4205,5077670781,QoS Data,148,34,-42,920,2,8,1,0,1,0,0,1,720,0
4207,5077672780,Authentication,166,34,-21,920,0,11,0,0,0,0,0,0,720,0
4208,5077678822,Authentication,166,34,-22,920,0,11,0,0,1,0,0,0,720,0
4209,5077684605,Authentication,166,34,-22,920,0,11,0,0,1,0,0,0,720,0
4210,5077690337,Authentication,166,34,-22,920,0,11,0,0,1,0,0,0,720,0
4211,5077920645,QoS Data,148,34,-28,920,2,8,0,0,0,0,0,1,720,0
4213,5077927897,QoS Data,131,34,-20,920,2,8,1,0,0,0,0,1,720,0
4215,5077930549,QoS Data,131,34,-28,920,2,8,0,0,0,0,0,1,720,0
4217,5078139525,QoS Data,128,34,-40,920,2,8,1,0,0,0,0,1,720,0
4219,5078142008,QoS Data,128,34,-29,920,2,8,0,0,0,0,0,1,720,0
4221,5078176552,S1G Beacon,129,34,-21,920,3,1,,,,,,,0,0
4222,5078430049,Authentication,166,34,-53,920,0,11,0,0,0,0,0,0,0,0
4223,5078446180,Authentication,166,34,-21,920,0,11,0,0,0,0,0,0,720,0
4224,5078451913,Authentication,166,34,-21,920,0,11,0,0,1,0,0,0,720,0
4225,5078457697,Authentication,166,34,-20,920,0,11,0,0,1,0,0,0,720,0
4226,5078463429,Authentication,166,34,-20,920,0,11,0,0,1,0,0,0,720,0
4227,5078671716,Authentication,166,34,-53,920,0,11,0,0,0,0,0,0,0,0
4228,5078686234,Authentication,166,34,-21,920,0,11,0,0,0,0,0,0,720,0
4229,5078691912,Authentication,166,34,-22,920,0,11,0,0,1,0,0,0,720,0
4230,5078697643,Authentication,166,34,-21,920,0,11,0,0,1,0,0,0,720,0
4231,5078703686,Authentication,166,34,-21,920,0,11,0,0,1,0,0,0,720,0
4232,5078931810,Authentication,166,34,-53,920,0,11,0,0,0,0,0,0,0,0
4233,5078946172,Authentication,166,34,-22,920,0,11,0,0,0,0,0,0,720,0
4234,5078952111,Authentication,166,34,-21,920,0,11,0,0,1,0,0,0,720,0
4235,5078957897,Authentication,166,34,-21,920,0,11,0,0,1,0,0,0,720,0
4236,5078963731,Authentication,166,34,-21,920,0,11,0,0,1,0,0,0,720,0
4237,5078995756,S1G Beacon,61,34,-21,920,3,1,,,,,,,0,0
4238,5079193951,Authentication,166,34,-53,920,0,11,0,0,0,0,0,0,0,0
4239,5079201243,Authentication,166,34,-23,920,0,11,0,0,0,0,0,0,720,0
4240,5079206924,Authentication,166,34,-21,920,0,11,0,0,1,0,0,0,720,0
4241,5079212707,Authentication,166,34,-21,920,0,11,0,0,1,0,0,0,720,0
4242,5079218544,Authentication,166,34,-21,920,0,11,0,0,1,0,0,0,720,0
4243,5079443802,Authentication,166,34,-53,920,0,11,0,0,0,0,0,0,0,0
4244,5079456187,Authentication,166,34,-21,920,0,11,0,0,0,0,0,0,720,0
4245,5079461919,Authentication,166,34,-21,920,0,11,0,0,1,0,0,0,720,0
4246,5079467600,Authentication,166,34,-22,920,0,11,0,0,1,0,0,0,720,0
4247,5079473332,Authentication,166,34,-21,920,0,11,0,0,1,0,0,0,720,0
4248,5079714137,Authentication,166,34,-56,920,0,11,0,0,0,0,0,0,0,0
4249,5079726211,Authentication,166,34,-21,920,0,11,0,0,0,0,0,0,720,0
4250,5079732254,Authentication,166,34,-21,920,0,11,0,0,1,0,0,0,720,0
4251,5079737934,Authentication,166,34,-23,920,0,11,0,0,1,0,0,0,720,0
4252,5079743769,Authentication,166,34,-23,920,0,11,0,0,1,0,0,0,720,0
4253,5079814959,S1G Beacon,129,34,-21,920,3,1,,,,,,,0,0
4254,5079953754,Authentication,166,34,-53,920,0,11,0,0,0,0,0,0,0,0
4255,5079966295,Authentication,166,34,-22,920,0,11,0,0,0,0,0,0,720,0
4256,5079972233,Authentication,166,34,-24,920,0,11,0,0,1,0,0,0,720,0
4257,5079977965,Authentication,166,34,-23,920,0,11,0,0,1,0,0,0,720,0
4258,5079983642,Authentication,166,34,-23,920,0,11,0,0,1,0,0,0,720,0
4259,5080226135,Authentication,166,34,-52,920,0,11,0,0,0,0,0,0,0,0
4260,5080242466,Authentication,166,34,-24,920,0,11,0,0,1,0,0,0,720,0
4261,5080247623,Authentication,166,34,-27,920,0,11,0,0,1,0,0,0,720,0
4262,5080368982,Data,287,34,-27,920,2,0,0,0,0,0,0,1,0,0
4263,5080471895,Authentication,166,34,-52,920,0,11,0,0,0,0,0,0,0,0
4264,5080483138,Authentication,166,34,-28,920,0,11,0,0,0,0,0,0,720,0
4265,5080488920,Authentication,166,34,-28,920,0,11,0,0,1,0,0,0,720,0
4266,5080494651,Authentication,166,34,-27,920,0,11,0,0,1,0,0,0,720,0
4267,5080500539,Authentication,166,34,-28,920,0,11,0,0,1,0,0,0,720,0
4268,5080634160,S1G Beacon,61,34,-25,920,3,1,,,,,,,0,0
4269,5080734037,Authentication,166,34,-55,920,0,11,0,0,0,0,0,0,0,0
4270,5080746216,Authentication,166,34,-27,920,0,11,0,0,0,0,0,0,720,0
4271,5080751322,Authentication,166,34,-26,920,0,11,0,0,1,0,0,0,720,0
4272,5080756483,Authentication,166,34,-27,920,0,11,0,0,1,0,0,0,720,0
4273,5080761954,Authentication,166,34,-28,920,0,11,0,0,1,0,0,0,720,0
4274,5080987984,Authentication,166,34,-52,920,0,11,0,0,0,0,0,0,0,0
4275,5081001253,Authentication,166,34,-24,920,0,11,0,0,0,0,0,0,720,0
4276,5081012976,Authentication,166,34,-23,920,0,11,0,0,1,0,0,0,720,0
4277,5081018915,Authentication,166,34,-24,920,0,11,0,0,1,0,0,0,720,0
4278,5081238864,Authentication,166,34,-53,920,0,11,0,0,0,0,0,0,0,0
4279,5081256094,Authentication,166,34,-23,920,0,11,0,0,0,0,0,0,720,0
4280,5081262085,Authentication,166,34,-22,920,0,11,0,0,1,0,0,0,720,0
4281,5081267765,Authentication,166,34,-22,920,0,11,0,0,1,0,0,0,720,0
4282,5081273494,Authentication,166,34,-23,920,0,11,0,0,1,0,0,0,720,0
4283,5081453364,S1G Beacon,129,34,-49,920,3,1,,,,,,,0,0
4284,5081487696,Authentication,166,34,-54,920,0,11,0,0,0,0,0,0,0,0
4285,5081496183,Authentication,166,34,-22,920,0,11,0,0,0,0,0,0,720,0
4286,5081507694,Authentication,166,34,-23,920,0,11,0,0,1,0,0,0,720,0
4287,5081749838,Authentication,166,34,-53,920,0,11,0,0,0,0,0,0,0,0
4288,5081766383,Authentication,166,34,-23,920,0,11,0,0,0,0,0,0,720,0
4289,5081771698,Authentication,166,34,-22,920,0,11,0,0,1,0,0,0,720,0
4290,5081783521,Authentication,166,34,-23,920,0,11,0,0,1,0,0,0,720,0
4291,5082011980,Authentication,166,34,-53,920,0,11,0,0,0,0,0,0,0,0
4292,5082023169,Authentication,166,34,-22,920,0,11,0,0,0,0,0,0,720,0
4293,5082028899,Authentication,166,34,-22,920,0,11,0,0,1,0,0,0,720,0
4294,5082040102,Authentication,166,34,-24,920,0,11,0,0,1,0,0,0,720,0
4295,5082257737,Authentication,166,34,-52,920,0,11,0,0,0,0,0,0,0,0
4296,5082272569,S1G Beacon,61,34,-26,920,3,1,,,,,,,0,0
4297,5082274720,Authentication,166,34,-28,920,0,11,0,0,0,0,0,0,720,0
4298,5082280501,Authentication,166,34,-27,920,0,11,0,0,1,0,0,0,720,0
4299,5082286284,Authentication,166,34,-26,920,0,11,0,0,1,0,0,0,720,0
4300,5082292118,Authentication,166,34,-27,920,0,11,0,0,1,0,0,0,720,0
4301,5082503496,Authentication,166,34,-53,920,0,11,0,0,0,0,0,0,0,0
4302,5082516209,Authentication,166,34,-23,920,0,11,0,0,0,0,0,0,720,0
4303,5082522149,Authentication,166,34,-22,920,0,11,0,0,1,0,0,0,720,0
4304,5082527570,Authentication,166,34,-22,920,0,11,0,0,1,0,0,0,720,0
4305,5082533406,Authentication,166,34,-22,920,0,11,0,0,1,0,0,0,720,0
4306,5082765639,Authentication,166,34,-53,920,0,11,0,0,0,0,0,0,0,0
4307,5082782093,Authentication,166,34,-23,920,0,11,0,0,1,0,0,0,720,0
4308,5082793501,Authentication,166,34,-23,920,0,11,0,0,1,0,0,0,720,0
4309,5082941192,RTS,54,34,-35,920,1,11,,,,0,0,0,2452,0
4311,5082942816,QoS Data,149,34,-40,920,2,8,1,0,1,0,0,1,720,0
4313,5082945334,QoS Data,149,34,-29,920,2,8,0,0,0,0,0,1,720,0
4315,5082952533,QoS Data,131,34,-21,920,2,8,1,0,0,0,0,1,720,0
4317,5082955081,QoS Data,131,34,-30,920,2,8,0,0,0,0,0,1,720,0
4319,5083017539,Authentication,166,34,-53,920,0,11,0,0,0,0,0,0,0,0
4320,5083026149,Authentication,166,34,-22,920,0,11,0,0,0,0,0,0,720,0
4321,5083032193,Authentication,166,34,-22,920,0,11,0,0,1,0,0,0,720,0
4322,5083038082,Authentication,166,34,-22,920,0,11,0,0,1,0,0,0,720,0
4323,5083043918,Authentication,166,34,-22,920,0,11,0,0,1,0,0,0,720,0
4324,5083091770,S1G Beacon,129,34,-23,920,3,1,,,,,,,0,0
4325,5083142310,QoS Data,128,34,-40,920,2,8,1,0,1,0,0,1,720,0
4327,5083144584,QoS Data,128,34,-31,920,2,8,0,0,0,0,0,1,720,0
4329,5083267395,Authentication,166,34,-53,920,0,11,0,0,0,0,0,0,0,0
4330,5083276191,Authentication,166,34,-22,920,0,11,0,0,0,0,0,0,720,0
4331,5083282237,Authentication,166,34,-23,920,0,11,0,0,1,0,0,0,720,0
4332,5083288022,Authentication,166,34,-23,920,0,11,0,0,1,0,0,0,720,0
4333,5083293753,Authentication,166,34,-23,920,0,11,0,0,1,0,0,0,720,0
4334,5083392979,Data,287,34,-23,920,2,0,0,0,0,0,0,1,0,0
4335,5083526430,Authentication,166,34,-22,920,0,11,0,0,0,0,0,0,720,0
4336,5083532420,Authentication,166,34,-23,920,0,11,0,0,1,0,0,0,720,0
4337,5083538203,Authentication,166,34,-24,920,0,11,0,0,1,0,0,0,720,0
4338,5083543987,Authentication,166,34,-23,920,0,11,0,0,1,0,0,0,720,0
4339,5083781440,Authentication,166,34,-54,920,0,11,0,0,0,0,0,0,0,0
4340,5083796167,Authentication,166,34,-22,920,0,11,0,0,0,0,0,0,720,0
4341,5083802105,Authentication,166,34,-24,920,0,11,0,0,1,0,0,0,720,0
4342,5083808148,Authentication,166,34,-23,920,0,11,0,0,1,0,0,0,720,0
4343,5083814141,Authentication,166,34,-24,920,0,11,0,0,1,0,0,0,720,0
4344,5083910975,S1G Beacon,61,34,-23,920,3,1,,,,,,,0,0
4345,5084032316,Authentication,166,34,-53,920,0,11,0,0,0,0,0,0,0,0
4346,5084046157,Authentication,166,34,-23,920,0,11,0,0,0,0,0,0,720,0
4347,5084051887,Authentication,166,34,-22,920,0,11,0,0,1,0,0,0,720,0
4348,5084057670,Authentication,166,34,-24,920,0,11,0,0,1,0,0,0,720,0
4349,5084063399,Authentication,166,34,-24,920,0,11,0,0,1,0,0,0,720,0
4350,5084272957,Authentication,166,34,-57,920,0,11,0,0,0,0,0,0,0,0
4351,5084286176,Authentication,166,34,-23,920,0,11,0,0,0,0,0,0,720,0
4352,5084291909,Authentication,166,34,-23,920,0,11,0,0,1,0,0,0,720,0
4353,5084297953,Authentication,166,34,-24,920,0,11,0,0,1,0,0,0,720,0
4354,5084303685,Authentication,166,34,-23,920,0,11,0,0,1,0,0,0,720,0
4355,5084535099,Authentication,166,34,-56,920,0,11,0,0,0,0,0,0,0,0
4356,5084546184,Authentication,166,34,-22,920,0,11,0,0,0,0,0,0,720,0
4357,5084551916,Authentication,166,34,-22,920,0,11,0,0,1,0,0,0,720,0
4358,5084557905,Authentication,166,34,-22,920,0,11,0,0,1,0,0,0,720,0
4359,5084563638,Authentication,166,34,-24,920,0,11,0,0,1,0,0,0,720,0
4360,5084730177,S1G Beacon,129,34,-24,920,3,1,,,,,,,0,0
4361,5084797242,Authentication,166,34,-53,920,0,11,0,0,0,0,0,0,0,0
4362,5084806195,Authentication,166,34,-23,920,0,11,0,0,0,0,0,0,720,0
4363,5084812135,Authentication,166,34,-24,920,0,11,0,0,1,0,0,0,720,0
4364,5084818125,Authentication,166,34,-22,920,0,11,0,0,1,0,0,0,720,0
4365,5084823856,Authentication,166,34,-23,920,0,11,0,0,1,0,0,0,720,0
4366,5085038902,Authentication,166,34,-57,920,0,11,0,0,0,0,0,0,0,0
4367,5085048896,Authentication,166,34,-22,920,0,11,0,0,0,0,0,0,720,0
4368,5085054577,Authentication,166,34,-22,920,0,11,0,0,1,0,0,0,720,0
4369,5085060361,Authentication,166,34,-23,920,0,11,0,0,1,0,0,0,720,0
4370,5085066197,Authentication,166,34,-24,920,0,11,0,0,1,0,0,0,720,0
4371,5085288758,Authentication,166,34,-55,920,0,11,0,0,0,0,0,0,0,0
4372,5085296204,Authentication,166,34,-22,920,0,11,0,0,0,0,0,0,720,0
4373,5085302093,Authentication,166,34,-22,920,0,11,0,0,1,0,0,0,720,0
4374,5085307928,Authentication,166,34,-22,920,0,11,0,0,1,0,0,0,720,0
4375,5085313971,Authentication,166,34,-23,920,0,11,0,0,1,0,0,0,720,0
4376,5085549381,S1G Beacon,61,34,-24,920,3,1,,,,,,,0,0
4377,5085550900,Authentication,166,34,-54,920,0,11,0,0,0,0,0,0,0,0
4378,5085566145,Authentication,166,34,-24,920,0,11,0,0,0,0,0,0,720,0
4379,5085572137,Authentication,166,34,-22,920,0,11,0,0,1,0,0,0,720,0
4380,5085577971,Authentication,166,34,-22,920,0,11,0,0,1,0,0,0,720,0
4381,5085583861,Authentication,166,34,-24,920,0,11,0,0,1,0,0,0,720,0
4382,5085813042,Authentication,166,34,-54,920,0,11,0,0,0,0,0,0,0,0
4383,5085826208,Authentication,166,34,-24,920,0,11,0,0,0,0,0,0,720,0
4384,5085831992,Authentication,166,34,-22,920,0,11,0,0,1,0,0,0,720,0
4385,5085837827,Authentication,166,34,-22,920,0,11,0,0,1,0,0,0,720,0
4386,5085843714,Authentication,166,34,-23,920,0,11,0,0,1,0,0,0,720,0
4387,5086061870,Authentication,166,34,-57,920,0,11,0,0,0,0,0,0,0,0
4388,5086076233,Authentication,166,34,-23,920,0,11,0,0,0,0,0,0,720,0
4389,5086081965,Authentication,166,34,-22,920,0,11,0,0,1,0,0,0,720,0
4390,5086087905,Authentication,166,34,-22,920,0,11,0,0,1,0,0,0,720,0
4391,5086093688,Authentication,166,34,-22,920,0,11,0,0,1,0,0,0,720,0
4392,5086304559,Authentication,166,34,-57,920,0,11,0,0,0,0,0,0,0,0
4393,5086316113,Authentication,166,34,-21,920,0,11,0,0,0,0,0,0,720,0
4394,5086322155,Authentication,166,34,-21,920,0,11,0,0,1,0,0,0,720,0
4395,5086328095,Authentication,166,34,-21,920,0,11,0,0,1,0,0,0,720,0
4396,5086334140,Authentication,166,34,-21,920,0,11,0,0,1,0,0,0,720,0
4397,5086368585,S1G Beacon,129,34,-23,920,3,1,,,,,,,0,0
4398,5086418348,Data,287,34,-34,920,2,0,0,0,0,0,0,1,0,0
4399,5086566701,Authentication,166,34,-58,920,0,11,0,0,0,0,0,0,0,0
4400,5086576226,Authentication,166,34,-21,920,0,11,0,0,0,0,0,0,720,0
4401,5086582165,Authentication,166,34,-22,920,0,11,0,0,1,0,0,0,720,0
4402,5086588207,Authentication,166,34,-22,920,0,11,0,0,1,0,0,0,720,0
4403,5086593991,Authentication,166,34,-22,920,0,11,0,0,1,0,0,0,720,0
4404,5086827815,Authentication,166,34,-58,920,0,11,0,0,0,0,0,0,0,0
4405,5086836199,Authentication,166,34,-21,920,0,11,0,0,0,0,0,0,720,0
4406,5086841931,Authentication,166,34,-21,920,0,11,0,0,1,0,0,0,720,0
4407,5086847769,Authentication,166,34,-22,920,0,11,0,0,1,0,0,0,720,0
4408,5086853605,Authentication,166,34,-21,920,0,11,0,0,1,0,0,0,720,0
4409,5087073575,Authentication,166,34,-54,920,0,11,0,0,0,0,0,0,0,0
4410,5087086169,Authentication,166,34,-21,920,0,11,0,0,0,0,0,0,720,0
4411,5087092058,Authentication,166,34,-20,920,0,11,0,0,1,0,0,0,720,0
4412,5087097893,Authentication,166,34,-21,920,0,11,0,0,1,0,0,0,720,0
4413,5087103781,Authentication,166,34,-22,920,0,11,0,0,1,0,0,0,720,0
4414,5087187787,S1G Beacon,61,34,-21,920,3,1,,,,,,,0,0
4415,5087320360,Authentication,166,34,-57,920,0,11,0,0,0,0,0,0,0,0
4416,5087336128,Authentication,166,34,-21,920,0,11,0,0,0,0,0,0,720,0
4417,5087342066,Authentication,166,34,-21,920,0,11,0,0,1,0,0,0,720,0
4418,5087347851,Authentication,166,34,-21,920,0,11,0,0,1,0,0,0,720,0
4419,5087353844,Authentication,166,34,-22,920,0,11,0,0,1,0,0,0,720,0
4420,5087582502,Authentication,166,34,-58,920,0,11,0,0,0,0,0,0,0,0
4421,5087596447,Authentication,166,34,-22,920,0,11,0,0,0,0,0,0,720,0
4422,5087602180,Authentication,166,34,-22,920,0,11,0,0,1,0,0,0,720,0
4423,5087607913,Authentication,166,34,-21,920,0,11,0,0,1,0,0,0,720,0
4424,5087613852,Authentication,166,34,-22,920,0,11,0,0,1,0,0,0,720,0
4425,5087844644,Authentication,166,34,-56,920,0,11,0,0,0,0,0,0,0,0
4426,5087856147,Authentication,166,34,-21,920,0,11,0,0,0,0,0,0,720,0
4427,5087862136,Authentication,166,34,-21,920,0,11,0,0,1,0,0,0,720,0
4428,5087868025,Authentication,166,34,-22,920,0,11,0,0,1,0,0,0,720,0
4429,5087873913,Authentication,166,34,-21,920,0,11,0,0,1,0,0,0,720,0
4430,5087966703,QoS Data,149,34,-33,920,2,8,1,0,0,0,0,1,720,0
4432,5087968964,QoS Data,149,34,-28,920,2,8,0,0,0,0,0,1,720,0
4434,5087976267,QoS Data,131,34,-19,920,2,8,1,0,0,0,0,1,720,0
4436,5087978476,QoS Data,131,34,-28,920,2,8,0,0,0,0,0,1,720,0
4438,5088006993,S1G Beacon,129,34,-21,920,3,1,,,,,,,0,0
4439,5088086305,Authentication,166,34,-55,920,0,11,0,0,0,0,0,0,0,0
4440,5088096141,Authentication,166,34,-21,920,0,11,0,0,0,0,0,0,720,0
4441,5088101822,Authentication,166,34,-21,920,0,11,0,0,1,0,0,0,720,0
4442,5088107501,Authentication,166,34,-22,920,0,11,0,0,1,0,0,0,720,0
4443,5088113286,Authentication,166,34,-21,920,0,11,0,0,1,0,0,0,720,0
4444,5088139186,QoS Data,128,34,-31,920,2,8,1,0,0,0,0,1,720,0
4446,5088141982,QoS Data,128,34,-28,920,2,8,0,0,0,0,0,1,720,0
4448,5088336161,Authentication,166,34,-57,920,0,11,0,0,0,0,0,0,0,0
4449,5088346155,Authentication,166,34,-21,920,0,11,0,0,0,0,0,0,720,0
4450,5088352199,Authentication,166,34,-21,920,0,11,0,0,1,0,0,0,720,0
4451,5088357878,Authentication,166,34,-21,920,0,11,0,0,1,0,0,0,720,0
4452,5088363712,Authentication,166,34,-21,920,0,11,0,0,1,0,0,0,720,0
4453,5088598303,Authentication,166,34,-58,920,0,11,0,0,0,0,0,0,0,0
4454,5088616097,Authentication,166,34,-22,920,0,11,0,0,0,0,0,0,720,0
4455,5088621879,Authentication,166,34,-21,920,0,11,0,0,1,0,0,0,720,0
4456,5088627611,Authentication,166,34,-21,920,0,11,0,0,1,0,0,0,720,0
4457,5088633604,Authentication,166,34,-21,920,0,11,0,0,1,0,0,0,720,0
4458,5088826196,S1G Beacon,61,34,-21,920,3,1,,,,,,,0,0
4459,5088860445,Authentication,166,34,-58,920,0,11,0,0,0,0,0,0,0,0
4460,5088875950,Authentication,166,34,-21,920,0,11,0,0,0,0,0,0,720,0
4461,5088881630,Authentication,166,34,-22,920,0,11,0,0,1,0,0,0,720,0
4462,5088887309,Authentication,166,34,-22,920,0,11,0,0,1,0,0,0,720,0
4463,5088892987,Authentication,166,34,-22,920,0,11,0,0,1,0,0,0,720,0
4464,5089113368,Authentication,166,34,-57,920,0,11,0,0,0,0,0,0,0,0
4465,5089126172,Authentication,166,34,-20,920,0,11,0,0,0,0,0,0,720,0
4466,5089132058,Authentication,166,34,-21,920,0,11,0,0,1,0,0,0,720,0
4467,5089138100,Authentication,166,34,-21,920,0,11,0,0,1,0,0,0,720,0
4468,5089143886,Authentication,166,34,-22,920,0,11,0,0,1,0,0,0,720,0
4469,5089351962,Authentication,166,34,-54,920,0,11,0,0,0,0,0,0,0,0
4470,5089366167,Authentication,166,34,-22,920,0,11,0,0,0,0,0,0,720,0
4471,5089371898,Authentication,166,34,-22,920,0,11,0,0,1,0,0,0,720,0
4472,5089377631,Authentication,166,34,-21,920,0,11,0,0,1,0,0,0,720,0
4473,5089383519,Authentication,166,34,-21,920,0,11,0,0,1,0,0,0,720,0
4474,5089440990,Data,287,34,-21,920,2,0,0,0,0,0,0,1,0,0
4475,5089614104,Authentication,166,34,-57,920,0,11,0,0,0,0,0,0,0,0
4476,5089626179,Authentication,166,34,-22,920,0,11,0,0,0,0,0,0,720,0
4477,5089631860,Authentication,166,34,-21,920,0,11,0,0,1,0,0,0,720,0
4478,5089637850,Authentication,166,34,-23,920,0,11,0,0,1,0,0,0,720,0
4479,5089645398,S1G Beacon,129,34,-21,920,3,1,,,,,,,0,0
4480,5089648985,Authentication,166,34,-22,920,0,11,0,0,1,0,0,0,720,0
4481,5089873170,Authentication,166,34,-54,920,0,11,0,0,0,0,0,0,0,0
4482,5089886181,Authentication,166,34,-21,920,0,11,0,0,0,0,0,0,720,0
4483,5089891964,Authentication,166,34,-21,920,0,11,0,0,1,0,0,0,720,0
4484,5089897695,Authentication,166,34,-22,920,0,11,0,0,1,0,0,0,720,0
4485,5089903374,Authentication,166,34,-22,920,0,11,0,0,1,0,0,0,720,0
4486,5089948575,Disassociation,64,34,-22,920,0,10,0,0,0,0,0,0,720,0
4487,5089951792,Disassociation,64,34,-22,920,0,10,0,0,1,0,0,0,720,0
4488,5089955063,Disassociation,64,34,-22,920,0,10,0,0,1,0,0,0,720,0
4489,5089958125,Disassociation,64,34,-21,920,0,10,0,0,1,0,0,0,720,0
4490,5090114836,Authentication,166,34,-56,920,0,11,0,0,0,0,0,0,0,0
4491,5090126390,Authentication,166,34,-22,920,0,11,0,0,0,0,0,0,720,0
4492,5090132432,Authentication,166,34,-21,920,0,11,0,0,1,0,0,0,720,0
4493,5090138475,Authentication,166,34,-21,920,0,11,0,0,1,0,0,0,720,0
4494,5090144466,Authentication,166,34,-23,920,0,11,0,0,1,0,0,0,720,0
4495,5090367764,Authentication,166,34,-54,920,0,11,0,0,0,0,0,0,0,0
4496,5090376146,Authentication,166,34,-22,920,0,11,0,0,0,0,0,0,720,0
4497,5090382084,Authentication,166,34,-21,920,0,11,0,0,1,0,0,0,720,0
4498,5090387867,Authentication,166,34,-21,920,0,11,0,0,1,0,0,0,720,0
4499,5090393755,Authentication,166,34,-21,920,0,11,0,0,1,0,0,0,720,0
4500,5090464601,S1G Beacon,61,34,-21,920,3,1,,,,,,,0,0
4501,5090629905,Authentication,166,34,-54,920,0,11,0,0,0,0,0,0,0,0
4502,5090646243,Authentication,166,34,-22,920,0,11,0,0,0,0,0,0,720,0
4503,5090651923,Authentication,166,34,-22,920,0,11,0,0,1,0,0,0,720,0
4504,5090657861,Authentication,166,34,-21,920,0,11,0,0,1,0,0,0,720,0
4505,5090663749,Authentication,166,34,-21,920,0,11,0,0,1,0,0,0,720,0
4506,5090884876,Authentication,166,34,-53,920,0,11,0,0,0,0,0,0,0,0
4507,5090896429,Authentication,166,34,-21,920,0,11,0,0,0,0,0,0,720,0
4508,5090902158,Authentication,166,34,-22,920,0,11,0,0,1,0,0,0,720,0
4509,5090908097,Authentication,166,34,-22,920,0,11,0,0,1,0,0,0,720,0
4510,5090913985,Authentication,166,34,-24,920,0,11,0,0,1,0,0,0,720,0
4511,5091125518,Authentication,166,34,-54,920,0,11,0,0,0,0,0,0,0,0
4512,5091136189,Authentication,166,34,-22,920,0,11,0,0,0,0,0,0,720,0
4513,5091141921,Authentication,166,34,-22,920,0,11,0,0,1,0,0,0,720,0
4514,5091147810,Authentication,166,34,-24,920,0,11,0,0,1,0,0,0,720,0
4515,5091153488,Authentication,166,34,-23,920,0,11,0,0,1,0,0,0,720,0
4516,5091283804,S1G Beacon,129,34,-23,920,3,1,,,,,,,0,0
4517,5091383565,Authentication,166,34,-54,920,0,11,0,0,0,0,0,0,0,0
4518,5091396157,Authentication,166,34,-23,920,0,11,0,0,0,0,0,0,720,0
4519,5091401837,Authentication,166,34,-22,920,0,11,0,0,1,0,0,0,720,0
4520,5091407778,Authentication,166,34,-23,920,0,11,0,0,1,0,0,0,720,0
4521,5091413508,Authentication,166,34,-22,920,0,11,0,0,1,0,0,0,720,0
4522,5091645706,Authentication,166,34,-54,920,0,11,0,0,0,0,0,0,0,0
4523,5091656116,Authentication,166,34,-22,920,0,11,0,0,0,0,0,0,720,0
4524,5091662160,Authentication,166,34,-22,920,0,11,0,0,1,0,0,0,720,0
4525,5091668205,Authentication,166,34,-22,920,0,11,0,0,1,0,0,0,720,0
4526,5091673886,Authentication,166,34,-24,920,0,11,0,0,1,0,0,0,720,0
4527,5091887368,Authentication,166,34,-57,920,0,11,0,0,0,0,0,0,0,0
4528,5091896166,Authentication,166,34,-22,920,0,11,0,0,0,0,0,0,720,0
4529,5091901847,Authentication,166,34,-23,920,0,11,0,0,1,0,0,0,720,0
4530,5091907788,Authentication,166,34,-23,920,0,11,0,0,1,0,0,0,720,0
4531,5091913676,Authentication,166,34,-23,920,0,11,0,0,1,0,0,0,720,0
4532,5092103007,S1G Beacon,61,34,-23,920,3,1,,,,,,,0,0
4533,5092137223,Authentication,166,34,-54,920,0,11,0,0,0,0,0,0,0,0
4534,5092145345,Authentication,166,34,-22,920,0,11,0,0,0,0,0,0,720,0
4535,5092151233,Authentication,166,34,-22,920,0,11,0,0,1,0,0,0,720,0
4536,5092157067,Authentication,166,34,-24,920,0,11,0,0,1,0,0,0,720,0
4537,5092162798,Authentication,166,34,-23,920,0,11,0,0,1,0,0,0,720,0
4538,5092399365,Authentication,166,34,-58,920,0,11,0,0,0,0,0,0,0,0
4539,5092416066,Authentication,166,34,-22,920,0,11,0,0,0,0,0,0,720,0
4540,5092422004,Authentication,166,34,-23,920,0,11,0,0,1,0,0,0,720,0
4541,5092427684,Authentication,166,34,-22,920,0,11,0,0,1,0,0,0,720,0
4542,5092433417,Authentication,166,34,-23,920,0,11,0,0,1,0,0,0,720,0
4543,5092465046,Data,287,34,-23,920,2,0,0,0,0,0,0,1,0,0
4544,5092655360,Authentication,166,34,-54,920,0,11,0,0,0,0,0,0,0,0
4545,5092666132,Authentication,166,34,-23,920,0,11,0,0,0,0,0,0,720,0
4546,5092671809,Authentication,166,34,-22,920,0,11,0,0,1,0,0,0,720,0
4547,5092677801,Authentication,166,34,-24,920,0,11,0,0,1,0,0,0,720,0
4548,5092683636,Authentication,166,34,-22,920,0,11,0,0,1,0,0,0,720,0
4549,5092753239,Data,378,34,-22,920,2,0,0,0,0,0,0,1,0,0
4550,5092856963,Data,387,34,-23,920,2,0,0,0,0,0,0,1,0,0
4551,5092900097,Authentication,166,34,-54,920,0,11,0,0,0,0,0,0,0,0
4552,5092912119,Authentication,166,34,-22,920,0,11,0,0,0,0,0,0,720,0
4553,5092922211,S1G Beacon,129,34,-23,920,3,1,,,,,,,0,0
4554,5092931688,Authentication,166,34,-23,920,0,11,0,0,1,0,0,0,720,0
4555,5092937626,Authentication,166,34,-22,920,0,11,0,0,1,0,0,0,720,0
4556,5092960935,Data,450,34,-21,920,2,0,0,0,0,0,0,1,0,0
4557,5092986651,QoS Data,149,34,-44,920,2,8,1,0,0,0,0,1,720,0
4558,5092989231,QoS Data,149,34,-43,920,2,8,1,0,1,0,0,1,720,0
4560,5092993354,QoS Data,149,34,-29,920,2,8,0,0,0,0,0,1,720,0
4562,5093000502,QoS Data,131,34,-21,920,2,8,1,0,0,0,0,1,720,0
4564,5093065021,Data,442,34,-24,920,2,0,0,0,0,0,0,1,0,0
4565,5093143122,RTS,54,34,-40,920,1,11,,,,0,0,0,2416,0
4567,5093144745,QoS Data,128,34,-42,920,2,8,1,0,1,0,0,1,720,0
4569,5093147174,QoS Data,128,34,-30,920,2,8,0,0,0,0,0,1,720,0
4571,5093153024,Authentication,166,34,-53,920,0,11,0,0,0,0,0,0,0,0
4572,5093162393,Authentication,166,34,-23,920,0,11,0,0,0,0,0,0,720,0
4573,5093168126,Authentication,166,34,-24,920,0,11,0,0,1,0,0,0,720,0
4574,5093174430,Data,387,34,-23,920,2,0,0,0,0,0,0,1,0,0
4575,5093190888,Authentication,166,34,-24,920,0,11,0,0,1,0,0,0,720,0
4576,5093273527,Data,426,34,-23,920,2,0,0,0,0,0,0,1,0,0
4577,5093377008,Data,458,34,-23,920,2,0,0,0,0,0,0,1,0,0
4578,5093415166,Authentication,166,34,-55,920,0,11,0,0,0,0,0,0,0,0
4579,5093426356,Authentication,166,34,-23,920,0,11,0,0,0,0,0,0,720,0
4580,5093432034,Authentication,166,34,-23,920,0,11,0,0,1,0,0,0,720,0
4581,5093437868,Authentication,166,34,-24,920,0,11,0,0,1,0,0,0,720,0
4582,5093443547,Authentication,166,34,-22,920,0,11,0,0,1,0,0,0,720,0
4583,5093481102,Data,387,34,-23,920,2,0,0,0,0,0,0,1,0,0
4584,5093584962,Data,446,34,-24,920,2,0,0,0,0,0,0,1,0,0
4585,5093668090,Authentication,166,34,-54,920,0,11,0,0,0,0,0,0,0,0
4586,5093675484,Authentication,166,34,-23,920,0,11,0,0,0,0,0,0,720,0
4587,5093681371,Authentication,166,34,-23,920,0,11,0,0,1,0,0,0,720,0
4588,5093687412,Authentication,166,34,-24,920,0,11,0,0,1,0,0,0,720,0
4589,5093693715,Data,440,34,-23,920,2,0,0,0,0,0,0,1,0,0
4590,5093705581,Authentication,166,34,-24,920,0,11,0,0,1,0,0,0,720,0
4591,5093741416,S1G Beacon,61,34,-25,920,3,1,,,,,,,0,0
4592,5093793175,Data,387,34,-24,920,2,0,0,0,0,0,0,1,0,0
4593,5093896932,Data,442,34,-24,920,2,0,0,0,0,0,0,1,0,0
4594,5093914874,Authentication,166,34,-55,920,0,11,0,0,0,0,0,0,0,0
4595,5093926271,Authentication,166,34,-24,920,0,11,0,0,0,0,0,0,720,0
4596,5093932315,Authentication,166,34,-22,920,0,11,0,0,1,0,0,0,720,0
4597,5093937993,Authentication,166,34,-23,920,0,11,0,0,1,0,0,0,720,0
4598,5093943983,Authentication,166,34,-23,920,0,11,0,0,1,0,0,0,720,0
4599,5094001090,Data,452,34,-25,920,2,0,0,0,0,0,0,1,0,0
4600,5094168825,Authentication,166,34,-57,920,0,11,0,0,0,0,0,0,0,0
4601,5094177729,Authentication,166,34,-24,920,0,11,0,0,0,0,0,0,720,0
4602,5094183409,Authentication,166,34,-23,920,0,11,0,0,1,0,0,0,720,0
4603,5094189297,Authentication,166,34,-24,920,0,11,0,0,1,0,0,0,720,0
4604,5094194977,Authentication,166,34,-24,920,0,11,0,0,1,0,0,0,720,0
4605,5094430968,Authentication,166,34,-54,920,0,11,0,0,0,0,0,0,0,0
4606,5094446163,Authentication,166,34,-24,920,0,11,0,0,0,0,0,0,720,0
4607,5094451894,Authentication,166,34,-23,920,0,11,0,0,1,0,0,0,720,0
4608,5094457780,Authentication,166,34,-23,920,0,11,0,0,1,0,0,0,720,0
4609,5094463720,Authentication,166,34,-24,920,0,11,0,0,1,0,0,0,720,0
4610,5094560619,S1G Beacon,129,34,-24,920,3,1,,,,,,,0,0
4611,5094686961,Authentication,166,34,-55,920,0,11,0,0,0,0,0,0,0,0
4612,5094696124,Authentication,166,34,-22,920,0,11,0,0,0,0,0,0,720,0
4613,5094701907,Authentication,166,34,-23,920,0,11,0,0,1,0,0,0,720,0
4614,5094707637,Authentication,166,34,-23,920,0,11,0,0,1,0,0,0,720,0
4615,5094713526,Authentication,166,34,-22,920,0,11,0,0,1,0,0,0,720,0
4616,5094926580,Authentication,166,34,-54,920,0,11,0,0,0,0,0,0,0,0
4617,5094936316,Authentication,166,34,-21,920,0,11,0,0,0,0,0,0,720,0
4618,5094941993,Authentication,166,34,-23,920,0,11,0,0,1,0,0,0,720,0
4619,5094947880,Authentication,166,34,-22,920,0,11,0,0,1,0,0,0,720,0
4620,5094953613,Authentication,166,34,-22,920,0,11,0,0,1,0,0,0,720,0
4621,5095184626,Authentication,166,34,-54,920,0,11,0,0,0,0,0,0,0,0
4622,5095196129,Authentication,166,34,-26,920,0,11,0,0,0,0,0,0,720,0
4623,5095201858,Authentication,166,34,-28,920,0,11,0,0,1,0,0,0,720,0
4624,5095207691,Authentication,166,34,-24,920,0,11,0,0,1,0,0,0,720,0
4625,5095213423,Authentication,166,34,-25,920,0,11,0,0,1,0,0,0,720,0
4626,5095379821,S1G Beacon,61,34,-26,920,3,1,,,,,,,0,0
4627,5095446768,Authentication,166,34,-53,920,0,11,0,0,0,0,0,0,0,0
4628,5095456139,Authentication,166,34,-28,920,0,11,0,0,0,0,0,0,720,0
4629,5095461974,Authentication,166,34,-25,920,0,11,0,0,1,0,0,0,720,0
4630,5095467912,Authentication,166,34,-27,920,0,11,0,0,1,0,0,0,720,0
4631,5095473593,Authentication,166,34,-26,920,0,11,0,0,1,0,0,0,720,0
4632,5095488994,Data,287,34,-24,920,2,0,0,0,0,0,0,1,0,0
4633,5095692525,Authentication,166,34,-53,920,0,11,0,0,0,0,0,0,0,0
4634,5095706108,Authentication,166,34,-26,920,0,11,0,0,0,0,0,0,720,0
4635,5095711942,Authentication,166,34,-27,920,0,11,0,0,1,0,0,0,720,0
4636,5095717620,Authentication,166,34,-24,920,0,11,0,0,1,0,0,0,720,0
4637,5095723560,Authentication,166,34,-23,920,0,11,0,0,1,0,0,0,720,0
4638,5095938285,Authentication,166,34,-57,920,0,11,0,0,0,0,0,0,0,0
4639,5095956288,Authentication,166,34,-25,920,0,11,0,0,0,0,0,0,720,0
4640,5095962020,Authentication,166,34,-27,920,0,11,0,0,1,0,0,0,720,0
4641,5095967855,Authentication,166,34,-23,920,0,11,0,0,1,0,0,0,720,0
4642,5095973900,Authentication,166,34,-24,920,0,11,0,0,1,0,0,0,720,0
4643,5096199025,S1G Beacon,129,34,-27,920,3,1,,,,,,,0,0
4644,5096462570,Authentication,166,34,-52,920,0,11,0,0,0,0,0,0,0,0
4645,5096476098,Authentication,166,34,-26,920,0,11,0,0,0,0,0,0,720,0
4646,5096481727,Authentication,166,34,-27,920,0,11,0,0,1,0,0,0,720,0
4647,5096488134,Authentication,166,34,-25,920,0,11,0,0,1,0,0,0,720,0
4648,5096493451,Authentication,166,34,-26,920,0,11,0,0,1,0,0,0,720,0
4649,5096702183,Authentication,166,34,-55,920,0,11,0,0,0,0,0,0,0,0
4650,5096716076,Authentication,166,34,-25,920,0,11,0,0,0,0,0,0,720,0
4651,5096727747,Authentication,166,34,-24,920,0,11,0,0,1,0,0,0,720,0
4652,5096733479,Authentication,166,34,-27,920,0,11,0,0,1,0,0,0,720,0
4653,5096954086,Authentication,166,34,-53,920,0,11,0,0,0,0,0,0,0,0
4654,5096966107,Authentication,166,34,-24,920,0,11,0,0,0,0,0,0,720,0
4655,5096971996,Authentication,166,34,-23,920,0,11,0,0,1,0,0,0,720,0
4656,5096977675,Authentication,166,34,-23,920,0,11,0,0,1,0,0,0,720,0
4657,5096983616,Authentication,166,34,-24,920,0,11,0,0,1,0,0,0,720,0
4658,5097018230,S1G Beacon,61,34,-23,920,3,1,,,,,,,0,0
4659,5097216228,Authentication,166,34,-53,920,0,11,0,0,0,0,0,0,0,0
4660,5097226168,Authentication,166,34,-23,920,0,11,0,0,0,0,0,0,720,0
4661,5097232055,Authentication,166,34,-24,920,0,11,0,0,1,0,0,0,720,0
4662,5097237837,Authentication,166,34,-24,920,0,11,0,0,1,0,0,0,720,0
4663,5097243568,Authentication,166,34,-24,920,0,11,0,0,1,0,0,0,720,0
4664,5097478370,Authentication,166,34,-56,920,0,11,0,0,0,0,0,0,0,0
4665,5097492575,Authentication,166,34,-22,920,0,11,0,0,0,0,0,0,720,0
4666,5097498463,Authentication,166,34,-24,920,0,11,0,0,1,0,0,0,720,0
4667,5097504350,Authentication,166,34,-24,920,0,11,0,0,1,0,0,0,720,0
4668,5097510289,Authentication,166,34,-25,920,0,11,0,0,1,0,0,0,720,0
4669,5097719007,Authentication,166,34,-54,920,0,11,0,0,0,0,0,0,0,0
4670,5097736073,Authentication,166,34,-23,920,0,11,0,0,0,0,0,0,720,0
4671,5097741753,Authentication,166,34,-23,920,0,11,0,0,1,0,0,0,720,0
4672,5097747591,Authentication,166,34,-22,920,0,11,0,0,1,0,0,0,720,0
4673,5097753531,Authentication,166,34,-23,920,0,11,0,0,1,0,0,0,720,0
4674,5097837431,S1G Beacon,129,34,-24,920,3,1,,,,,,,0,0
4675,5097969887,Authentication,166,34,-54,920,0,11,0,0,0,0,0,0,0,0
4676,5097986068,Authentication,166,34,-24,920,0,11,0,0,0,0,0,0,720,0
4677,5097992058,Authentication,166,34,-24,920,0,11,0,0,1,0,0,0,720,0
4678,5097998048,Authentication,166,34,-24,920,0,11,0,0,1,0,0,0,720,0
4679,5098004092,Authentication,166,34,-22,920,0,11,0,0,1,0,0,0,720,0
4680,5098016314,QoS Data,148,34,-37,920,2,8,1,0,0,0,0,1,720,0
4682,5098025875,QoS Data,131,34,-19,920,2,8,1,0,0,0,0,1,720,0
4683,5098029888,QoS Data,131,34,-18,920,2,8,1,0,1,0,0,1,720,0
4685,5098032226,QoS Data,131,34,-29,920,2,8,0,0,0,0,0,1,720,0
4687,5098138894,QoS Data,128,34,-38,920,2,8,1,0,0,0,0,1,720,0
4689,5098140960,QoS Data,128,34,-30,920,2,8,0,0,0,0,0,1,720,0
4691,5098232029,Authentication,166,34,-54,920,0,11,0,0,0,0,0,0,0,0
4692,5098246131,Authentication,166,34,-24,920,0,11,0,0,0,0,0,0,720,0
4693,5098251811,Authentication,166,34,-23,920,0,11,0,0,1,0,0,0,720,0
4694,5098257489,Authentication,166,34,-24,920,0,11,0,0,1,0,0,0,720,0
4695,5098263377,Authentication,166,34,-24,920,0,11,0,0,1,0,0,0,720,0
4696,5098494172,Authentication,166,34,-54,920,0,11,0,0,0,0,0,0,0,0
4697,5098501359,Authentication,166,34,-25,920,0,11,0,0,0,0,0,0,720,0
4698,5098507298,Authentication,166,34,-23,920,0,11,0,0,1,0,0,0,720,0
4699,5098512976,Authentication,166,34,-24,920,0,11,0,0,1,0,0,0,720,0
4700,5098519281,Data,287,34,-24,920,2,0,0,0,0,0,0,1,0,0
4701,5098527069,Authentication,166,34,-24,920,0,11,0,0,1,0,0,0,720,0
4702,5098656634,S1G Beacon,61,34,-25,920,3,1,,,,,,,0,0
4703,5098723546,Authentication,166,34,-53,920,0,11,0,0,0,0,0,0,0,0
4704,5098736142,Authentication,166,34,-25,920,0,11,0,0,0,0,0,0,720,0
4705,5098742132,Authentication,166,34,-24,920,0,11,0,0,1,0,0,0,720,0
4706,5098747967,Authentication,166,34,-24,920,0,11,0,0,1,0,0,0,720,0
4707,5098753958,Authentication,166,34,-23,920,0,11,0,0,1,0,0,0,720,0
4708,5098985688,Authentication,166,34,-54,920,0,11,0,0,0,0,0,0,0,0
4709,5098996100,Authentication,166,34,-24,920,0,11,0,0,0,0,0,0,720,0
4710,5099001883,Authentication,166,34,-25,920,0,11,0,0,1,0,0,0,720,0
4711,5099007665,Authentication,166,34,-27,920,0,11,0,0,1,0,0,0,720,0
4712,5099013397,Authentication,166,34,-23,920,0,11,0,0,1,0,0,0,720,0
4713,5099247831,Authentication,166,34,-54,920,0,11,0,0,0,0,0,0,0,0
4714,5099256314,Authentication,166,34,-24,920,0,11,0,0,0,0,0,0,720,0
4715,5099262306,Authentication,166,34,-27,920,0,11,0,0,1,0,0,0,720,0
4716,5099268351,Authentication,166,34,-23,920,0,11,0,0,1,0,0,0,720,0
4717,5099274291,Authentication,166,34,-24,920,0,11,0,0,1,0,0,0,720,0
4718,5099475838,S1G Beacon,129,34,-27,920,3,1,,,,,,,0,0
4719,5099491539,Authentication,166,34,-54,920,0,11,0,0,0,0,0,0,0,0
4720,5099502105,Authentication,166,34,-25,920,0,11,0,0,0,0,0,0,720,0
4721,5099507994,Authentication,166,34,-23,920,0,11,0,0,1,0,0,0,720,0
4722,5099513725,Authentication,166,34,-24,920,0,11,0,0,1,0,0,0,720,0
4723,5099519509,Authentication,166,34,-27,920,0,11,0,0,1,0,0,0,720,0
4724,5099739347,Authentication,166,34,-55,920,0,11,0,0,0,0,0,0,0,0
4725,5099756049,Authentication,166,34,-22,920,0,11,0,0,0,0,0,0,720,0
4726,5099761884,Authentication,166,34,-22,920,0,11,0,0,1,0,0,0,720,0
4727,5099767615,Authentication,166,34,-22,920,0,11,0,0,1,0,0,0,720,0
4728,5099773294,Authentication,166,34,-22,920,0,11,0,0,1,0,0,0,720,0
4729,5100001489,Authentication,166,34,-54,920,0,11,0,0,0,0,0,0,0,0
4730,5100016061,Authentication,166,34,-22,920,0,11,0,0,0,0,0,0,720,0
4731,5100021844,Authentication,166,34,-22,920,0,11,0,0,1,0,0,0,720,0
4732,5100027782,Authentication,166,34,-22,920,0,11,0,0,1,0,0,0,720,0
4733,5100033514,Authentication,166,34,-22,920,0,11,0,0,1,0,0,0,720,0
4734,5100263631,Authentication,166,34,-54,920,0,11,0,0,0,0,0,0,0,0
4735,5100276122,Authentication,166,34,-22,920,0,11,0,0,0,0,0,0,720,0
4736,5100281905,Authentication,166,34,-21,920,0,11,0,0,1,0,0,0,720,0
4737,5100287582,Authentication,166,34,-23,920,0,11,0,0,1,0,0,0,720,0
4738,5100295042,S1G Beacon,61,34,-21,920,3,1,,,,,,,0,0
4739,5100296828,Authentication,166,34,-22,920,0,11,0,0,1,0,0,0,720,0
4740,5100504269,Authentication,166,34,-54,920,0,11,0,0,0,0,0,0,0,0
4741,5100516082,Authentication,166,34,-23,920,0,11,0,0,0,0,0,0,720,0
4742,5100522021,Authentication,166,34,-21,920,0,11,0,0,1,0,0,0,720,0
4743,5100527907,Authentication,166,34,-21,920,0,11,0,0,1,0,0,0,720,0
4744,5100533639,Authentication,166,34,-21,920,0,11,0,0,1,0,0,0,720,0
4745,5100755148,Authentication,166,34,-54,920,0,11,0,0,0,0,0,0,0,0
4746,5100765454,Authentication,166,34,-21,920,0,11,0,0,0,0,0,0,720,0
4747,5100771342,Authentication,166,34,-22,920,0,11,0,0,1,0,0,0,720,0
4748,5100777125,Authentication,166,34,-21,920,0,11,0,0,1,0,0,0,720,0
4749,5100782908,Authentication,166,34,-22,920,0,11,0,0,1,0,0,0,720,0
4750,5101017290,Authentication,166,34,-53,920,0,11,0,0,0,0,0,0,0,0
4751,5101026089,Authentication,166,34,-21,920,0,11,0,0,0,0,0,0,720,0
4752,5101031925,Authentication,166,34,-22,920,0,11,0,0,1,0,0,0,720,0
4753,5101037658,Authentication,166,34,-22,920,0,11,0,0,1,0,0,0,720,0
4754,5101043598,Authentication,166,34,-22,920,0,11,0,0,1,0,0,0,720,0
4755,5101114246,S1G Beacon,129,34,-21,920,3,1,,,,,,,0,0
4756,5101267142,Authentication,166,34,-53,920,0,11,0,0,0,0,0,0,0,0
4757,5101276147,Authentication,166,34,-22,920,0,11,0,0,0,0,0,0,720,0
4758,5101281928,Authentication,166,34,-22,920,0,11,0,0,1,0,0,0,720,0
4759,5101287036,Authentication,166,34,-22,920,0,11,0,0,1,0,0,0,720,0
4760,5101292767,Authentication,166,34,-22,920,0,11,0,0,1,0,0,0,720,0
4761,5101510855,Authentication,166,34,-53,920,0,11,0,0,0,0,0,0,0,0
4762,5101526099,Authentication,166,34,-22,920,0,11,0,0,0,0,0,0,720,0
4763,5101532089,Authentication,166,34,-21,920,0,11,0,0,1,0,0,0,720,0
4764,5101538391,Data,287,34,-24,920,2,0,0,0,0,0,0,1,0,0
4765,5101546181,Authentication,166,34,-22,920,0,11,0,0,1,0,0,0,720,0
4766,5101552121,Authentication,166,34,-23,920,0,11,0,0,1,0,0,0,720,0
4767,5101770949,Authentication,166,34,-56,920,0,11,0,0,0,0,0,0,0,0
4768,5101786299,Authentication,166,34,-22,920,0,11,0,0,0,0,0,0,720,0
4769,5101792031,Authentication,166,34,-21,920,0,11,0,0,1,0,0,0,720,0
4770,5101797813,Authentication,166,34,-22,920,0,11,0,0,1,0,0,0,720,0
4771,5101803805,Authentication,166,34,-22,920,0,11,0,0,1,0,0,0,720,0
4772,5101933449,S1G Beacon,61,34,-22,920,3,1,,,,,,,0,0
4773,5102033091,Authentication,166,34,-53,920,0,11,0,0,0,0,0,0,0,0
4774,5102044124,Authentication,166,34,-22,920,0,11,0,0,0,0,0,0,720,0
4775,5102049906,Authentication,166,34,-22,920,0,11,0,0,1,0,0,0,720,0
4776,5102055793,Authentication,166,34,-22,920,0,11,0,0,1,0,0,0,720,0
4777,5102061629,Authentication,166,34,-21,920,0,11,0,0,1,0,0,0,720,0
4778,5102276799,Authentication,166,34,-56,920,0,11,0,0,0,0,0,0,0,0
4779,5102286067,Authentication,166,34,-22,920,0,11,0,0,0,0,0,0,720,0
4780,5102291745,Authentication,166,34,-23,920,0,11,0,0,1,0,0,0,720,0
4781,5102297529,Authentication,166,34,-22,920,0,11,0,0,1,0,0,0,720,0
4782,5102303365,Authentication,166,34,-23,920,0,11,0,0,1,0,0,0,720,0
4783,5102524608,Authentication,166,34,-53,920,0,11,0,0,0,0,0,0,0,0
4784,5102536057,Authentication,166,34,-22,920,0,11,0,0,0,0,0,0,720,0
4785,5102541944,Authentication,166,34,-23,920,0,11,0,0,1,0,0,0,720,0
4786,5102547622,Authentication,166,34,-22,920,0,11,0,0,1,0,0,0,720,0
4787,5102553354,Authentication,166,34,-21,920,0,11,0,0,1,0,0,0,720,0
4788,5102752654,S1G Beacon,129,34,-22,920,3,1,,,,,,,0,0
4789,5102786750,Authentication,166,34,-53,920,0,11,0,0,0,0,0,0,0,0
4790,5102796119,Authentication,166,34,-22,920,0,11,0,0,0,0,0,0,720,0
4791,5102802164,Authentication,166,34,-24,920,0,11,0,0,1,0,0,0,720,0
4792,5102807845,Authentication,166,34,-22,920,0,11,0,0,1,0,0,0,720,0
4793,5102813784,Authentication,166,34,-22,920,0,11,0,0,1,0,0,0,720,0
4794,5102865794,Disassociation,64,34,-23,920,0,10,0,0,0,0,0,0,720,0
4795,5102869119,Disassociation,64,34,-22,920,0,10,0,0,1,0,0,0,720,0
4796,5102872131,Disassociation,64,34,-23,920,0,10,0,0,1,0,0,0,720,0
4797,5102875088,Disassociation,64,34,-22,920,0,10,0,0,1,0,0,0,720,0
4798,5103046363,QoS Data,149,34,-40,920,2,8,1,0,0,0,0,1,720,0
4800,5103055623,QoS Data,131,34,-20,920,2,8,1,0,0,0,0,1,720,0
4802,5103058067,QoS Data,131,34,-29,920,2,8,0,0,0,0,0,1,720,0
4804,5103138863,QoS Data,128,34,-38,920,2,8,1,0,0,0,0,1,720,0
4805,5103142758,QoS Data,128,34,-38,920,2,8,1,0,1,0,0,1,720,0
4807,5103144981,QoS Data,128,34,-29,920,2,8,0,0,0,0,0,1,720,0
4809,5103292601,Authentication,166,34,-53,920,0,11,0,0,0,0,0,0,0,0
4810,5103301345,Authentication,166,34,-22,920,0,11,0,0,0,0,0,0,720,0
4811,5103307181,Authentication,166,34,-22,920,0,11,0,0,1,0,0,0,720,0
4812,5103312863,Authentication,166,34,-22,920,0,11,0,0,1,0,0,0,720,0
4813,5103318852,Authentication,166,34,-23,920,0,11,0,0,1,0,0,0,720,0
4814,5103540409,Authentication,166,34,-52,920,0,11,0,0,0,0,0,0,0,0
4815,5103556278,Authentication,166,34,-23,920,0,11,0,0,0,0,0,0,720,0
4816,5103561959,Authentication,166,34,-22,920,0,11,0,0,1,0,0,0,720,0
4817,5103571856,S1G Beacon,61,34,-22,920,3,1,,,,,,,0,0
4818,5103573644,Authentication,166,34,-22,920,0,11,0,0,1,0,0,0,720,0
4819,5103579480,Authentication,166,34,-22,920,0,11,0,0,1,0,0,0,720,0
4820,5103802551,Authentication,166,34,-53,920,0,11,0,0,0,0,0,0,0,0
4821,5103816082,Authentication,166,34,-23,920,0,11,0,0,0,0,0,0,720,0
4822,5103822125,Authentication,166,34,-22,920,0,11,0,0,1,0,0,0,720,0
4823,5103828169,Authentication,166,34,-21,920,0,11,0,0,1,0,0,0,720,0
4824,5103834160,Authentication,166,34,-22,920,0,11,0,0,1,0,0,0,720,0
4825,5104064693,Authentication,166,34,-53,920,0,11,0,0,0,0,0,0,0,0
4826,5104076094,Authentication,166,34,-21,920,0,11,0,0,0,0,0,0,720,0
4827,5104082085,Authentication,166,34,-22,920,0,11,0,0,1,0,0,0,720,0
4828,5104087767,Authentication,166,34,-22,920,0,11,0,0,1,0,0,0,720,0
4829,5104093704,Authentication,166,34,-23,920,0,11,0,0,1,0,0,0,720,0
4830,5104303282,Authentication,166,34,-52,920,0,11,0,0,0,0,0,0,0,0
4831,5104316138,Authentication,166,34,-24,920,0,11,0,0,0,0,0,0,720,0
4832,5104321819,Authentication,166,34,-23,920,0,11,0,0,1,0,0,0,720,0
4833,5104327759,Authentication,166,34,-23,920,0,11,0,0,1,0,0,0,720,0
4834,5104333490,Authentication,166,34,-22,920,0,11,0,0,1,0,0,0,720,0
4835,5104391057,S1G Beacon,129,34,-22,920,3,1,,,,,,,0,0
4836,5104556210,Authentication,166,34,-53,920,0,11,0,0,0,0,0,0,0,0
4837,5104566099,Data,287,34,-22,920,2,0,0,0,0,0,0,1,0,0
4838,5104574147,Authentication,166,34,-22,920,0,11,0,0,0,0,0,0,720,0
4839,5104580136,Authentication,166,34,-22,920,0,11,0,0,1,0,0,0,720,0
4840,5104586130,Authentication,166,34,-23,920,0,11,0,0,1,0,0,0,720,0
4841,5104591811,Authentication,166,34,-24,920,0,11,0,0,1,0,0,0,720,0
4842,5104818352,Authentication,166,34,-54,920,0,11,0,0,0,0,0,0,0,0
4843,5104829073,Authentication,166,34,-23,920,0,11,0,0,0,0,0,0,720,0
4844,5104834908,Authentication,166,34,-22,920,0,11,0,0,1,0,0,0,720,0
4845,5104840586,Authentication,166,34,-24,920,0,11,0,0,1,0,0,0,720,0
4846,5104846525,Authentication,166,34,-22,920,0,11,0,0,1,0,0,0,720,0
4847,5105080495,Authentication,166,34,-52,920,0,11,0,0,0,0,0,0,0,0
4848,5105096261,Authentication,166,34,-22,920,0,11,0,0,0,0,0,0,720,0
4849,5105102303,Authentication,166,34,-21,920,0,11,0,0,1,0,0,0,720,0
4850,5105108191,Authentication,166,34,-24,920,0,11,0,0,1,0,0,0,720,0
4851,5105114028,Authentication,166,34,-22,920,0,11,0,0,1,0,0,0,720,0
4852,5105210261,S1G Beacon,61,34,-23,920,3,1,,,,,,,0,0
4853,5105321131,Authentication,166,34,-51,920,0,11,0,0,0,0,0,0,0,0
4854,5105572011,Authentication,166,34,-54,920,0,11,0,0,0,0,0,0,0,0
4855,5105586115,Authentication,166,34,-22,920,0,11,0,0,0,0,0,0,720,0
4856,5105591950,Authentication,166,34,-23,920,0,11,0,0,1,0,0,0,720,0
4857,5105597735,Authentication,166,34,-25,920,0,11,0,0,1,0,0,0,720,0
4858,5105603725,Authentication,166,34,-25,920,0,11,0,0,1,0,0,0,720,0
4859,5105834153,Authentication,166,34,-57,920,0,11,0,0,0,0,0,0,0,0
4860,5105846073,Authentication,166,34,-26,920,0,11,0,0,0,0,0,0,720,0
4861,5105851960,Authentication,166,34,-27,920,0,11,0,0,1,0,0,0,720,0
4862,5105857794,Authentication,166,34,-28,920,0,11,0,0,1,0,0,0,720,0
4863,5105863631,Authentication,166,34,-27,920,0,11,0,0,1,0,0,0,720,0
4864,5106029465,S1G Beacon,129,34,-29,920,3,1,,,,,,,0,0
4865,5106096296,Authentication,166,34,-52,920,0,11,0,0,0,0,0,0,0,0
4866,5106106081,Authentication,166,34,-27,920,0,11,0,0,0,0,0,0,720,0
4867,5106111811,Authentication,166,34,-27,920,0,11,0,0,1,0,0,0,720,0
4868,5106117646,Authentication,166,34,-27,920,0,11,0,0,1,0,0,0,720,0
4869,5106123482,Authentication,166,34,-28,920,0,11,0,0,1,0,0,0,720,0
4870,5106342052,Authentication,166,34,-53,920,0,11,0,0,0,0,0,0,0,0
4871,5106356049,Authentication,166,34,-29,920,0,11,0,0,0,0,0,0,720,0
4872,5106361726,Authentication,166,34,-29,920,0,11,0,0,1,0,0,0,720,0
4873,5106367510,Authentication,166,34,-27,920,0,11,0,0,1,0,0,0,720,0
4874,5106373293,Authentication,166,34,-28,920,0,11,0,0,1,0,0,0,720,0
4875,5106600098,Authentication,166,34,-54,920,0,11,0,0,0,0,0,0,0,0
4876,5106616073,Authentication,166,34,-28,920,0,11,0,0,0,0,0,0,720,0
4877,5106622066,Authentication,166,34,-28,920,0,11,0,0,1,0,0,0,720,0
4878,5106627796,Authentication,166,34,-28,920,0,11,0,0,1,0,0,0,720,0
4879,5106633788,Authentication,166,34,-28,920,0,11,0,0,1,0,0,0,720,0
4880,5106848669,S1G Beacon,61,34,-27,920,3,1,,,,,,,0,0
4881,5107112096,Authentication,166,34,-54,920,0,11,0,0,0,0,0,0,0,0
4882,5107126041,Authentication,166,34,-26,920,0,11,0,0,0,0,0,0,720,0
4883,5107131980,Authentication,166,34,-28,920,0,11,0,0,1,0,0,0,720,0
4884,5107137762,Authentication,166,34,-26,920,0,11,0,0,1,0,0,0,720,0
4885,5107143753,Authentication,166,34,-27,920,0,11,0,0,1,0,0,0,720,0
4886,5107361948,Authentication,166,34,-55,920,0,11,0,0,0,0,0,0,0,0
4887,5107376056,Authentication,166,34,-27,920,0,11,0,0,0,0,0,0,720,0
4888,5107381841,Authentication,166,34,-28,920,0,11,0,0,1,0,0,0,720,0
4889,5107387728,Authentication,166,34,-27,920,0,11,0,0,1,0,0,0,720,0
4890,5107393511,Authentication,166,34,-28,920,0,11,0,0,1,0,0,0,720,0
4891,5107585041,Data,287,34,-27,920,2,0,0,0,0,0,0,1,0,0
4892,5107615900,Authentication,166,34,-58,920,0,11,0,0,0,0,0,0,0,0
4893,5107626257,Authentication,166,34,-26,920,0,11,0,0,0,0,0,0,720,0
4894,5107632039,Authentication,166,34,-26,920,0,11,0,0,1,0,0,0,720,0
4895,5107637927,Authentication,166,34,-27,920,0,11,0,0,1,0,0,0,720,0
4896,5107643710,Authentication,166,34,-28,920,0,11,0,0,1,0,0,0,720,0
4897,5107667873,S1G Beacon,129,34,-27,920,3,1,,,,,,,0,0
4898,5107865755,Authentication,166,34,-53,920,0,11,0,0,0,0,0,0,0,0
4899,5107876114,Authentication,166,34,-23,920,0,11,0,0,0,0,0,0,720,0
4900,5107882158,Authentication,166,34,-24,920,0,11,0,0,1,0,0,0,720,0
4901,5107888098,Authentication,166,34,-27,920,0,11,0,0,1,0,0,0,720,0
4902,5107893880,Authentication,166,34,-26,920,0,11,0,0,1,0,0,0,720,0
4903,5108066616,QoS Data,149,34,-38,920,2,8,1,0,0,0,0,1,720,0
4905,5108069394,QoS Data,149,34,-30,920,2,8,0,0,0,0,0,1,720,0
4907,5108076544,QoS Data,131,34,-21,920,2,8,1,0,0,0,0,1,720,0
4909,5108079350,QoS Data,131,34,-30,920,2,8,0,0,0,0,0,1,720,0
4911,5108127898,Authentication,166,34,-53,920,0,11,0,0,0,0,0,0,0,0
4912,5108138621,QoS Data,128,34,-39,920,2,8,1,0,0,0,0,1,720,0
4914,5108140688,Authentication,166,34,-26,920,0,11,0,0,0,0,0,0,720,0
4915,5108146573,Authentication,166,34,-26,920,0,11,0,0,1,0,0,0,720,0
4916,5108152461,Authentication,166,34,-25,920,0,11,0,0,1,0,0,0,720,0
4917,5108158299,QoS Data,128,34,-30,920,2,8,0,0,0,0,0,1,720,0
4919,5108160469,Authentication,166,34,-27,920,0,11,0,0,1,0,0,0,720,0
4920,5108385940,Authentication,166,34,-52,920,0,11,0,0,0,0,0,0,0,0
4921,5108396300,Authentication,166,34,-27,920,0,11,0,0,0,0,0,0,720,0
4922,5108402188,Authentication,166,34,-26,920,0,11,0,0,1,0,0,0,720,0
4923,5108407869,Authentication,166,34,-27,920,0,11,0,0,1,0,0,0,720,0
4924,5108413704,Authentication,166,34,-28,920,0,11,0,0,1,0,0,0,720,0
4925,5108487075,S1G Beacon,61,34,-28,920,3,1,,,,,,,0,0
4926,5108627605,Authentication,166,34,-53,920,0,11,0,0,0,0,0,0,0,0
4927,5108636089,Authentication,166,34,-28,920,0,11,0,0,0,0,0,0,720,0
4928,5108641872,Authentication,166,34,-28,920,0,11,0,0,1,0,0,0,720,0
4929,5108647758,Authentication,166,34,-28,920,0,11,0,0,1,0,0,0,720,0
4930,5108653490,Authentication,166,34,-28,920,0,11,0,0,1,0,0,0,720,0
4931,5108881557,Authentication,166,34,-53,920,0,11,0,0,0,0,0,0,0,0
4932,5108896075,Authentication,166,34,-28,920,0,11,0,0,0,0,0,0,720,0
4933,5108902067,Authentication,166,34,-27,920,0,11,0,0,1,0,0,0,720,0
4934,5108907799,Authentication,166,34,-25,920,0,11,0,0,1,0,0,0,720,0
4935,5108913686,Authentication,166,34,-24,920,0,11,0,0,1,0,0,0,720,0
4936,5109143699,Authentication,166,34,-53,920,0,11,0,0,0,0,0,0,0,0
4937,5109156082,Authentication,166,34,-23,920,0,11,0,0,0,0,0,0,720,0
4938,5109161763,Authentication,166,34,-27,920,0,11,0,0,1,0,0,0,720,0
4939,5109167754,Authentication,166,34,-27,920,0,11,0,0,1,0,0,0,720,0
4940,5109173537,Authentication,166,34,-28,920,0,11,0,0,1,0,0,0,720,0
4941,5109306279,S1G Beacon,129,34,-27,920,3,1,,,,,,,0,0
4942,5109391503,Authentication,166,34,-54,920,0,11,0,0,0,0,0,0,0,0
4943,5109401393,Authentication,166,34,-24,920,0,11,0,0,0,0,0,0,720,0
4944,5109407070,Authentication,166,34,-28,920,0,11,0,0,1,0,0,0,720,0
4945,5109412802,Authentication,166,34,-25,920,0,11,0,0,1,0,0,0,720,0
4946,5109418637,Authentication,166,34,-26,920,0,11,0,0,1,0,0,0,720,0
4947,5109647502,Authentication,166,34,-53,920,0,11,0,0,0,0,0,0,0,0
4948,5109656037,Authentication,166,34,-24,920,0,11,0,0,0,0,0,0,720,0
4949,5109661821,Authentication,166,34,-27,920,0,11,0,0,1,0,0,0,720,0
4950,5109667501,Authentication,166,34,-27,920,0,11,0,0,1,0,0,0,720,0
4951,5109673546,Authentication,166,34,-24,920,0,11,0,0,1,0,0,0,720,0
4952,5109897358,Authentication,166,34,-53,920,0,11,0,0,0,0,0,0,0,0
4953,5109906052,Authentication,166,34,-27,920,0,11,0,0,0,0,0,0,720,0
4954,5109911940,Authentication,166,34,-27,920,0,11,0,0,1,0,0,0,720,0
4955,5109917982,Authentication,166,34,-27,920,0,11,0,0,1,0,0,0,720,0
4956,5109923870,Authentication,166,34,-24,920,0,11,0,0,1,0,0,0,720,0
4957,5110125482,S1G Beacon,61,34,-24,920,3,1,,,,,,,0,0
4958,5110421642,Authentication,166,34,-54,920,0,11,0,0,0,0,0,0,0,0
4959,5110436108,Authentication,166,34,-24,920,0,11,0,0,0,0,0,0,720,0
4960,5110442100,Authentication,166,34,-23,920,0,11,0,0,1,0,0,0,720,0
4961,5110447988,Authentication,166,34,-24,920,0,11,0,0,1,0,0,0,720,0
4962,5110453823,Authentication,166,34,-26,920,0,11,0,0,1,0,0,0,720,0
4963,5110609005,Data,287,34,-25,920,2,0,0,0,0,0,0,1,0,0
4964,5110667398,Authentication,166,34,-54,920,0,11,0,0,0,0,0,0,0,0
4965,5110676042,Authentication,166,34,-25,920,0,11,0,0,0,0,0,0,720,0
4966,5110681981,Authentication,166,34,-25,920,0,11,0,0,1,0,0,0,720,0
4967,5110687712,Authentication,166,34,-23,920,0,11,0,0,1,0,0,0,720,0
4968,5110693755,Authentication,166,34,-23,920,0,11,0,0,1,0,0,0,720,0
4969,5110913158,Authentication,166,34,-53,920,0,11,0,0,0,0,0,0,0,0
4970,5110926272,Authentication,166,34,-24,920,0,11,0,0,0,0,0,0,720,0
4971,5110932263,Authentication,166,34,-24,920,0,11,0,0,1,0,0,0,720,0
4972,5110937996,Authentication,166,34,-24,920,0,11,0,0,1,0,0,0,720,0
4973,5110944685,S1G Beacon,129,34,-23,920,3,1,,,,,,,0,0
4974,5110948274,Authentication,166,34,-39,920,0,11,0,0,1,0,0,0,720,0
4975,5111175301,Authentication,166,34,-53,920,0,11,0,0,0,0,0,0,0,0
4976,5111186074,Authentication,166,34,-22,920,0,11,0,0,0,0,0,0,720,0
4977,5111191859,Authentication,166,34,-26,920,0,11,0,0,1,0,0,0,720,0
4978,5111197798,Authentication,166,34,-24,920,0,11,0,0,1,0,0,0,720,0
4979,5111203841,Authentication,166,34,-23,920,0,11,0,0,1,0,0,0,720,0
4980,5111437443,Authentication,166,34,-55,920,0,11,0,0,0,0,0,0,0,0
4981,5111446034,Authentication,166,34,-24,920,0,11,0,0,0,0,0,0,720,0
4982,5111451870,Authentication,166,34,-23,920,0,11,0,0,1,0,0,0,720,0
4983,5111457865,Authentication,166,34,-27,920,0,11,0,0,1,0,0,0,720,0
4984,5111463600,Authentication,166,34,-23,920,0,11,0,0,1,0,0,0,720,0
4985,5111672960,Authentication,166,34,-54,920,0,11,0,0,0,0,0,0,0,0
4986,5111686022,Authentication,166,34,-23,920,0,11,0,0,0,0,0,0,720,0
4987,5111692014,Authentication,166,34,-26,920,0,11,0,0,1,0,0,0,720,0
4988,5111697693,Authentication,166,34,-26,920,0,11,0,0,1,0,0,0,720,0
4989,5111703372,Authentication,166,34,-26,920,0,11,0,0,1,0,0,0,720,0
4990,5111763889,S1G Beacon,61,34,-25,920,3,1,,,,,,,0,0
4991,5111928960,Authentication,166,34,-53,920,0,11,0,0,0,0,0,0,0,0
4992,5111945974,Authentication,166,34,-24,920,0,11,0,0,0,0,0,0,720,0
4993,5111951913,Authentication,166,34,-27,920,0,11,0,0,1,0,0,0,720,0
4994,5111957644,Authentication,166,34,-27,920,0,11,0,0,1,0,0,0,720,0
4995,5111963385,Authentication,166,34,-27,920,0,11,0,0,1,0,0,0,720,0
4996,5112191102,Authentication,166,34,-54,920,0,11,0,0,0,0,0,0,0,0
4997,5112201407,Authentication,166,34,-25,920,0,11,0,0,0,0,0,0,720,0
4998,5112207449,Authentication,166,34,-24,920,0,11,0,0,1,0,0,0,720,0
4999,5112213283,Authentication,166,34,-24,920,0,11,0,0,1,0,0,0,720,0
5000,5112219067,Authentication,166,34,-25,920,0,11,0,0,1,0,0,0,720,0
5001,5112453243,Authentication,166,34,-54,920,0,11,0,0,0,0,0,0,0,0
5002,5112465004,Authentication,166,34,-24,920,0,11,0,0,0,0,0,0,720,0
5003,5112475893,Authentication,166,34,-24,920,0,11,0,0,1,0,0,0,720,0
5004,5112481622,Authentication,166,34,-23,920,0,11,0,0,1,0,0,0,720,0
5005,5112583092,S1G Beacon,129,34,-26,920,3,1,,,,,,,0,0
5006,5112693881,Authentication,166,34,-53,920,0,11,0,0,0,0,0,0,0,0
5007,5112701432,Authentication,166,34,-27,920,0,11,0,0,0,0,0,0,720,0
5008,5112707320,Authentication,166,34,-27,920,0,11,0,0,1,0,0,0,720,0
5009,5112713050,Authentication,166,34,-25,920,0,11,0,0,1,0,0,0,720,0
5010,5112718885,Authentication,166,34,-26,920,0,11,0,0,1,0,0,0,720,0
5011,5112944760,Authentication,166,34,-58,920,0,11,0,0,0,0,0,0,0,0
5012,5112954545,Authentication,166,34,-23,920,0,11,0,0,0,0,0,0,720,0
5013,5112960225,Authentication,166,34,-26,920,0,11,0,0,1,0,0,0,720,0
5014,5112966215,Authentication,166,34,-25,920,0,11,0,0,1,0,0,0,720,0
5015,5112972153,Authentication,166,34,-23,920,0,11,0,0,1,0,0,0,720,0
5016,5113093746,RTS,54,34,-31,920,1,11,,,,0,0,0,2488,0
5018,5113099603,RTS,54,34,-31,920,1,11,,,,0,0,0,2488,0
5020,5113105045,RTS,54,34,-32,920,1,11,,,,0,0,0,2524,0
5022,5113109793,RTS,54,34,-31,920,1,11,,,,0,0,0,2524,0
5024,5113115269,RTS,54,34,-33,920,1,11,,,,0,0,0,2632,0
5026,5113121058,RTS,54,34,-34,920,1,11,,,,0,0,0,2632,0
5028,5113206903,Authentication,166,34,-54,920,0,11,0,0,0,0,0,0,0,0
5029,5113216014,Authentication,166,34,-23,920,0,11,0,0,0,0,0,0,720,0
5030,5113221695,Authentication,166,34,-27,920,0,11,0,0,1,0,0,0,720,0
5031,5113227531,Authentication,166,34,-24,920,0,11,0,0,1,0,0,0,720,0
5032,5113233573,Authentication,166,34,-23,920,0,11,0,0,1,0,0,0,720,0
5033,5113257598,QoS Null,64,34,-31,920,2,12,1,0,0,0,0,0,720,0
5035,5113402298,S1G Beacon,61,34,-24,920,3,1,,,,,,,0,0
5036,5113469044,Authentication,166,34,-56,920,0,11,0,0,0,0,0,0,0,0
5037,5113485954,Authentication,166,34,-24,920,0,11,0,0,0,0,0,0,720,0
5038,5113491945,Authentication,166,34,-23,920,0,11,0,0,1,0,0,0,720,0
5039,5113497831,Authentication,166,34,-24,920,0,11,0,0,1,0,0,0,720,0
5040,5113503720,Authentication,166,34,-24,920,0,11,0,0,1,0,0,0,720,0
5042,5113633009,Data,287,34,-25,920,2,0,0,0,0,0,0,1,0,0
5043,5113706610,Authentication,166,34,-57,920,0,11,0,0,0,0,0,0,0,0
5044,5113722022,Authentication,166,34,-24,920,0,11,0,0,1,0,0,0,720,0
5045,5113727961,Authentication,166,34,-24,920,0,11,0,0,1,0,0,0,720,0
5046,5113733797,Authentication,166,34,-23,920,0,11,0,0,1,0,0,0,720,0
5047,5113753372,Data,378,34,-23,920,2,0,0,0,0,0,0,1,0,0
5048,5113857042,Data,387,34,-23,920,2,0,0,0,0,0,0,1,0,0
5049,5113960561,Authentication,166,34,-53,920,0,11,0,0,0,0,0,0,0,0
5050,5113965772,Data,450,34,-22,920,2,0,0,0,0,0,0,1,0,0
5051,5113978129,Authentication,166,34,-23,920,0,11,0,0,0,0,0,0,720,0
5052,5113983965,Authentication,166,34,-24,920,0,11,0,0,1,0,0,0,720,0
5053,5113989855,Authentication,166,34,-24,920,0,11,0,0,1,0,0,0,720,0
5054,5113995689,Authentication,166,34,-25,920,0,11,0,0,1,0,0,0,720,0
5055,5114065174,Data,442,34,-25,920,2,0,0,0,0,0,0,1,0,0
5056,5114138480,QoS Data,148,34,-38,920,2,8,1,0,0,0,0,1,720,0
5058,5114169129,Data,387,34,-27,920,2,0,0,0,0,0,0,1,0,0
5059,5114221498,S1G Beacon,129,34,-24,920,3,1,,,,,,,0,0
5060,5114256130,QoS Data,148,34,-30,920,2,8,0,0,0,0,0,1,720,0
5062,5114263747,QoS Data,128,34,-19,920,2,8,1,0,0,0,0,1,720,0
5063,5114266664,QoS Data,136,42,-22,920,2,8,1,0,1,0,0,1,720,0
5064,5114266664,QoS Data,139,42,-22,920,2,8,1,0,0,0,0,1,720,0
5066,5114269583,QoS Data,128,34,-31,920,2,8,0,0,0,0,0,1,720,0
5068,5114271803,QoS Data,131,34,-30,920,2,8,0,0,0,0,0,1,720,0
5070,5114274389,Data,426,34,-24,920,2,0,0,0,0,0,0,1,0,0
5071,5114377104,Data,458,34,-24,920,2,0,0,0,0,0,0,1,0,0
5072,5114390179,QoS Data,128,34,-39,920,2,8,1,0,0,0,0,1,720,0
5074,5114392248,QoS Data,128,34,-31,920,2,8,0,0,0,0,0,1,720,0
5076,5114472556,Authentication,166,34,-57,920,0,11,0,0,0,0,0,0,0,0
5077,5114486190,Authentication,166,34,-23,920,0,11,0,0,0,0,0,0,720,0
5078,5114492492,Data,387,34,-23,920,2,0,0,0,0,0,0,1,0,0
5079,5114502960,Authentication,166,34,-24,920,0,11,0,0,1,0,0,0,720,0
5080,5114508692,Authentication,166,34,-23,920,0,11,0,0,1,0,0,0,720,0
5081,5114514735,Authentication,166,34,-26,920,0,11,0,0,1,0,0,0,720,0
5082,5114585052,Data,446,34,-24,920,2,0,0,0,0,0,0,1,0,0
5083,5114689121,Data,440,34,-28,920,2,0,0,0,0,0,0,1,0,0
5084,5114714220,Authentication,166,34,-57,920,0,11,0,0,0,0,0,0,0,0
5085,5114726035,Authentication,166,34,-28,920,0,11,0,0,0,0,0,0,720,0
5086,5114731766,Authentication,166,34,-25,920,0,11,0,0,1,0,0,0,720,0
5087,5114737604,Authentication,166,34,-27,920,0,11,0,0,1,0,0,0,720,0
5088,5114743438,Authentication,166,34,-26,920,0,11,0,0,1,0,0,0,720,0
5089,5114793214,Data,387,34,-22,920,2,0,0,0,0,0,0,1,0,0
5090,5114897073,Data,442,34,-26,920,2,0,0,0,0,0,0,1,0,0
5091,5114985993,Authentication,166,34,-28,920,0,11,0,0,0,0,0,0,720,0
5092,5114991671,Authentication,166,34,-28,920,0,11,0,0,1,0,0,0,720,0
5093,5114997663,Authentication,166,34,-28,920,0,11,0,0,1,0,0,0,720,0
5094,5115003967,Data,452,34,-28,920,2,0,0,0,0,0,0,1,0,0
5095,5115016155,Authentication,166,34,-28,920,0,11,0,0,1,0,0,0,720,0
5096,5115040702,S1G Beacon,61,34,-28,920,3,1,,,,,,,0,0
5097,5115238504,Authentication,166,34,-53,920,0,11,0,0,0,0,0,0,0,0
5098,5115246004,Authentication,166,34,-26,920,0,11,0,0,0,0,0,0,720,0
5099,5115251837,Authentication,166,34,-28,920,0,11,0,0,1,0,0,0,720,0
5100,5115257517,Authentication,166,34,-27,920,0,11,0,0,1,0,0,0,720,0
5101,5115263406,Authentication,166,34,-27,920,0,11,0,0,1,0,0,0,720,0
5102,5115491940,Authentication,166,34,-53,920,0,11,0,0,0,0,0,0,0,0
5103,5115507498,Authentication,166,34,-26,920,0,11,0,0,0,0,0,0,720,0
5104,5115513231,Authentication,166,34,-25,920,0,11,0,0,1,0,0,0,720,0
5105,5115519221,Authentication,166,34,-25,920,0,11,0,0,1,0,0,0,720,0
5106,5115524952,Authentication,166,34,-28,920,0,11,0,0,1,0,0,0,720,0
5107,5115734118,Authentication,166,34,-53,920,0,11,0,0,0,0,0,0,0,0
5108,5115746037,Authentication,166,34,-26,920,0,11,0,0,0,0,0,0,720,0
5109,5115751818,Authentication,166,34,-25,920,0,11,0,0,1,0,0,0,720,0
5110,5115757497,Authentication,166,34,-23,920,0,11,0,0,1,0,0,0,720,0
5111,5115763385,Authentication,166,34,-23,920,0,11,0,0,1,0,0,0,720,0
5112,5115859907,S1G Beacon,129,34,-24,920,3,1,,,,,,,0,0
5113,5115992164,Authentication,166,34,-53,920,0,11,0,0,0,0,0,0,0,0
5114,5116001379,Authentication,166,34,-24,920,0,11,0,0,0,0,0,0,720,0
5115,5116007424,Authentication,166,34,-23,920,0,11,0,0,1,0,0,0,720,0
5116,5116013261,Authentication,166,34,-24,920,0,11,0,0,1,0,0,0,720,0
5117,5116018938,Authentication,166,34,-25,920,0,11,0,0,1,0,0,0,720,0
5118,5116221538,Authentication,166,34,-53,920,0,11,0,0,0,0,0,0,0,0
5119,5116236003,Authentication,166,34,-23,920,0,11,0,0,0,0,0,0,720,0
5120,5116241940,Authentication,166,34,-23,920,0,11,0,0,1,0,0,0,720,0
5121,5116247778,Authentication,166,34,-23,920,0,11,0,0,1,0,0,0,720,0
5122,5116253663,Authentication,166,34,-24,920,0,11,0,0,1,0,0,0,720,0
5123,5116516448,Authentication,166,34,-52,920,0,11,0,0,0,0,0,0,0,0
5124,5116657065,Data,287,34,-23,920,2,0,0,0,0,0,0,1,0,0
5125,5116679111,S1G Beacon,61,34,-24,920,3,1,,,,,,,0,0
5126,5116745823,Authentication,166,34,-55,920,0,11,0,0,0,0,0,0,0,0
5127,5116756232,Authentication,166,34,-24,920,0,11,0,0,0,0,0,0,720,0
5128,5116761912,Authentication,166,34,-23,920,0,11,0,0,1,0,0,0,720,0
5129,5116767644,Authentication,166,34,-23,920,0,11,0,0,1,0,0,0,720,0
5130,5116773687,Authentication,166,34,-23,920,0,11,0,0,1,0,0,0,720,0
5131,5117007965,Authentication,166,34,-52,920,0,11,0,0,0,0,0,0,0,0
5132,5117025969,Authentication,166,34,-23,920,0,11,0,0,0,0,0,0,720,0
5133,5117031649,Authentication,166,34,-25,920,0,11,0,0,1,0,0,0,720,0
5134,5117037379,Authentication,166,34,-24,920,0,11,0,0,1,0,0,0,720,0
5135,5117043372,Authentication,166,34,-24,920,0,11,0,0,1,0,0,0,720,0
5136,5117071617,Disassociation,64,34,-23,920,0,10,0,0,0,0,0,0,720,0
5137,5117074630,Disassociation,64,34,-23,920,0,10,0,0,1,0,0,0,720,0
5138,5117077639,Disassociation,64,34,-24,920,0,10,0,0,1,0,0,0,720,0
5139,5117080911,Disassociation,64,34,-25,920,0,10,0,0,1,0,0,0,720,0
5140,5117270107,Authentication,166,34,-55,920,0,11,0,0,0,0,0,0,0,0
5141,5117285977,Authentication,166,34,-22,920,0,11,0,0,0,0,0,0,720,0
5142,5117291762,Authentication,166,34,-25,920,0,11,0,0,1,0,0,0,720,0
5143,5117297599,Authentication,166,34,-23,920,0,11,0,0,1,0,0,0,720,0
5144,5117303330,Authentication,166,34,-23,920,0,11,0,0,1,0,0,0,720,0
5145,5117498312,S1G Beacon,129,34,-23,920,3,1,,,,,,,0,0
5146,5117519959,Authentication,166,34,-53,920,0,11,0,0,0,0,0,0,0,0
5147,5117536195,Authentication,166,34,-23,920,0,11,0,0,0,0,0,0,720,0
5148,5117542030,Authentication,166,34,-23,920,0,11,0,0,1,0,0,0,720,0
5149,5117548073,Authentication,166,34,-24,920,0,11,0,0,1,0,0,0,720,0
5150,5117554066,Authentication,166,34,-24,920,0,11,0,0,1,0,0,0,720,0
5151,5117761623,Authentication,166,34,-52,920,0,11,0,0,0,0,0,0,0,0
5152,5117775984,Authentication,166,34,-24,920,0,11,0,0,0,0,0,0,720,0
5153,5117781976,Authentication,166,34,-25,920,0,11,0,0,1,0,0,0,720,0
5154,5117787914,Authentication,166,34,-23,920,0,11,0,0,1,0,0,0,720,0
5155,5117793748,Authentication,166,34,-22,920,0,11,0,0,1,0,0,0,720,0
5156,5118023765,Authentication,166,34,-52,920,0,11,0,0,0,0,0,0,0,0
5157,5118035995,Authentication,166,34,-23,920,0,11,0,0,0,0,0,0,720,0
5158,5118041728,Authentication,166,34,-22,920,0,11,0,0,1,0,0,0,720,0
5159,5118047616,Authentication,166,34,-23,920,0,11,0,0,1,0,0,0,720,0
5160,5118053557,Authentication,166,34,-25,920,0,11,0,0,1,0,0,0,720,0
5161,5118285908,Authentication,166,34,-54,920,0,11,0,0,0,0,0,0,0,0
5162,5118296005,Authentication,166,34,-22,920,0,11,0,0,0,0,0,0,720,0
5163,5118301998,Authentication,166,34,-24,920,0,11,0,0,1,0,0,0,720,0
5164,5118307832,Authentication,166,34,-23,920,0,11,0,0,1,0,0,0,720,0
5165,5118317516,S1G Beacon,61,34,-22,920,3,1,,,,,,,0,0
5166,5118319302,Authentication,166,34,-24,920,0,11,0,0,1,0,0,0,720,0
5167,5118527569,Authentication,166,34,-53,920,0,11,0,0,0,0,0,0,0,0
5168,5118536006,Authentication,166,34,-23,920,0,11,0,0,0,0,0,0,720,0
5169,5118541996,Authentication,166,34,-27,920,0,11,0,0,1,0,0,0,720,0
5170,5118547989,Authentication,166,34,-23,920,0,11,0,0,1,0,0,0,720,0
5171,5118553721,Authentication,166,34,-24,920,0,11,0,0,1,0,0,0,720,0
5172,5118777424,Authentication,166,34,-54,920,0,11,0,0,0,0,0,0,0,0
5173,5118786015,Authentication,166,34,-25,920,0,11,0,0,0,0,0,0,720,0
5174,5118791746,Authentication,166,34,-23,920,0,11,0,0,1,0,0,0,720,0
5175,5118797791,Authentication,166,34,-23,920,0,11,0,0,1,0,0,0,720,0
5176,5118803676,Authentication,166,34,-25,920,0,11,0,0,1,0,0,0,720,0
5177,5119039567,Authentication,166,34,-52,920,0,11,0,0,0,0,0,0,0,0
5178,5119055958,Authentication,166,34,-27,920,0,11,0,0,0,0,0,0,720,0
5179,5119061897,Authentication,166,34,-28,920,0,11,0,0,1,0,0,0,720,0
5180,5119067784,Authentication,166,34,-28,920,0,11,0,0,1,0,0,0,720,0
5181,5119073723,Authentication,166,34,-26,920,0,11,0,0,1,0,0,0,720,0
5182,5119136719,S1G Beacon,129,34,-27,920,3,1,,,,,,,0,0
5183,5119285281,QoS Data,148,34,-39,920,2,8,1,0,0,0,0,1,720,0
5185,5119287696,QoS Data,148,34,-31,920,2,8,0,0,0,0,0,1,720,0
5187,5119294843,QoS Data,131,34,-21,920,2,8,1,0,0,0,0,1,720,0
5188,5119298541,QoS Data,131,34,-22,920,2,8,1,0,1,0,0,1,720,0
5190,5119301194,QoS Data,131,34,-31,920,2,8,0,0,0,0,0,1,720,0
5191,5119305142,QoS Data,131,34,-31,920,2,8,0,0,1,0,0,1,720,0
5193,5119387926,QoS Data,128,34,-39,920,2,8,1,0,0,0,0,1,720,0
5195,5119549513,Authentication,166,34,-54,920,0,11,0,0,0,0,0,0,0,0
5196,5119566007,Authentication,166,34,-24,920,0,11,0,0,0,0,0,0,720,0
5197,5119577780,Authentication,166,34,-24,920,0,11,0,0,1,0,0,0,720,0
5198,5119583460,Authentication,166,34,-24,920,0,11,0,0,1,0,0,0,720,0
5199,5119681025,Data,287,34,-23,920,2,0,0,0,0,0,0,1,0,0
5200,5119793225,Authentication,166,34,-57,920,0,11,0,0,0,0,0,0,0,0
5201,5119801453,Authentication,166,34,-27,920,0,11,0,0,0,0,0,0,720,0
5202,5119807339,Authentication,166,34,-23,920,0,11,0,0,1,0,0,0,720,0
5203,5119813019,Authentication,166,34,-26,920,0,11,0,0,1,0,0,0,720,0
5204,5119818855,Authentication,166,34,-24,920,0,11,0,0,1,0,0,0,720,0
5206,5119955924,S1G Beacon,61,34,-27,920,3,1,,,,,,,0,0
5207,5120055367,Authentication,166,34,-56,920,0,11,0,0,0,0,0,0,0,0
5208,5120067648,Authentication,166,34,-23,920,0,11,0,0,0,0,0,0,720,0
5209,5120073638,Authentication,166,34,-23,920,0,11,0,0,1,0,0,0,720,0
5210,5120079527,Authentication,166,34,-24,920,0,11,0,0,1,0,0,0,720,0
5211,5120085465,Authentication,166,34,-24,920,0,11,0,0,1,0,0,0,720,0
5212,5120317510,Authentication,166,34,-53,920,0,11,0,0,0,0,0,0,0,0
5213,5120325996,Authentication,166,34,-26,920,0,11,0,0,0,0,0,0,720,0
5214,5120331829,Authentication,166,34,-26,920,0,11,0,0,1,0,0,0,720,0
5215,5120337614,Authentication,166,34,-27,920,0,11,0,0,1,0,0,0,720,0
5216,5120343605,Authentication,166,34,-26,920,0,11,0,0,1,0,0,0,720,0
5217,5120568385,Authentication,166,34,-57,920,0,11,0,0,0,0,0,0,0,0
5218,5120585918,Authentication,166,34,-26,920,0,11,0,0,0,0,0,0,720,0
5219,5120591597,Authentication,166,34,-26,920,0,11,0,0,1,0,0,0,720,0
5220,5120597538,Authentication,166,34,-27,920,0,11,0,0,1,0,0,0,720,0
5221,5120603477,Authentication,166,34,-26,920,0,11,0,0,1,0,0,0,720,0
5222,5120775127,S1G Beacon,129,34,-27,920,3,1,,,,,,,0,0
5223,5120815169,Authentication,166,34,-54,920,0,11,0,0,0,0,0,0,0,0
5224,5120825995,Authentication,166,34,-27,920,0,11,0,0,0,0,0,0,720,0
5225,5120831830,Authentication,166,34,-26,920,0,11,0,0,1,0,0,0,720,0
5226,5120837716,Authentication,166,34,-24,920,0,11,0,0,1,0,0,0,720,0
5227,5120843654,Authentication,166,34,-27,920,0,11,0,0,1,0,0,0,720,0
5228,5121071168,Authentication,166,34,-53,920,0,11,0,0,0,0,0,0,0,0
5229,5121085997,Authentication,166,34,-26,920,0,11,0,0,0,0,0,0,720,0
5230,5121091885,Authentication,166,34,-24,920,0,11,0,0,1,0,0,0,720,0
5231,5121097669,Authentication,166,34,-24,920,0,11,0,0,1,0,0,0,720,0
5232,5121103402,Authentication,166,34,-26,920,0,11,0,0,1,0,0,0,720,0
5233,5121333311,Authentication,166,34,-53,920,0,11,0,0,0,0,0,0,0,0
5234,5121345956,Authentication,166,34,-26,920,0,11,0,0,0,0,0,0,720,0
5235,5121351739,Authentication,166,34,-23,920,0,11,0,0,1,0,0,0,720,0
5236,5121357677,Authentication,166,34,-24,920,0,11,0,0,1,0,0,0,720,0
5237,5121363410,Authentication,166,34,-27,920,0,11,0,0,1,0,0,0,720,0
5238,5121585210,Authentication,166,34,-54,920,0,11,0,0,0,0,0,0,0,0
5239,5121594331,S1G Beacon,61,34,-23,920,3,1,,,,,,,0,0
5240,5121596168,Authentication,166,34,-27,920,0,11,0,0,0,0,0,0,720,0
5241,5121601951,Authentication,166,34,-26,920,0,11,0,0,1,0,0,0,720,0
5242,5121607632,Authentication,166,34,-27,920,0,11,0,0,1,0,0,0,720,0
5243,5121613310,Authentication,166,34,-27,920,0,11,0,0,1,0,0,0,720,0
5244,5121828923,Authentication,166,34,-58,920,0,11,0,0,0,0,0,0,0,0
5245,5121845937,Authentication,166,34,-26,920,0,11,0,0,0,0,0,0,720,0
5246,5121851721,Authentication,166,34,-27,920,0,11,0,0,1,0,0,0,720,0
5247,5121857558,Authentication,166,34,-24,920,0,11,0,0,1,0,0,0,720,0
5248,5121863289,Authentication,166,34,-27,920,0,11,0,0,1,0,0,0,720,0
5249,5122086970,Authentication,166,34,-53,920,0,11,0,0,0,0,0,0,0,0
5250,5122095975,Authentication,166,34,-25,920,0,11,0,0,0,0,0,0,720,0
5251,5122102017,Authentication,166,34,-26,920,0,11,0,0,1,0,0,0,720,0
5252,5122107851,Authentication,166,34,-26,920,0,11,0,0,1,0,0,0,720,0
5253,5122113584,Authentication,166,34,-27,920,0,11,0,0,1,0,0,0,720,0
5254,5122349112,Authentication,166,34,-54,920,0,11,0,0,0,0,0,0,0,0
5255,5122366023,Authentication,166,34,-27,920,0,11,0,0,0,0,0,0,720,0
5256,5122371857,Authentication,166,34,-23,920,0,11,0,0,1,0,0,0,720,0
5257,5122377536,Authentication,166,34,-24,920,0,11,0,0,1,0,0,0,720,0
5258,5122383476,Authentication,166,34,-28,920,0,11,0,0,1,0,0,0,720,0
5259,5122413532,S1G Beacon,129,34,-24,920,3,1,,,,,,,0,0
5260,5122591797,Authentication,166,34,-54,920,0,11,0,0,0,0,0,0,0,0
5261,5122606004,Authentication,166,34,-23,920,0,11,0,0,0,0,0,0,720,0
5262,5122611681,Authentication,166,34,-27,920,0,11,0,0,1,0,0,0,720,0
5263,5122617413,Authentication,166,34,-26,920,0,11,0,0,1,0,0,0,720,0
5264,5122623353,Authentication,166,34,-28,920,0,11,0,0,1,0,0,0,720,0
5265,5122705057,Data,287,34,-24,920,2,0,0,0,0,0,0,1,0,0
5266,5122843701,Authentication,166,34,-53,920,0,11,0,0,0,0,0,0,0,0
5267,5122855982,Authentication,166,34,-26,920,0,11,0,0,0,0,0,0,720,0
5268,5122861660,Authentication,166,34,-28,920,0,11,0,0,1,0,0,0,720,0
5269,5122867341,Authentication,166,34,-27,920,0,11,0,0,1,0,0,0,720,0
5270,5122873177,Authentication,166,34,-26,920,0,11,0,0,1,0,0,0,720,0
5271,5123102771,Authentication,166,34,-53,920,0,11,0,0,0,0,0,0,0,0
5272,5123112925,Authentication,166,34,-26,920,0,11,0,0,0,0,0,0,720,0
5273,5123118914,Authentication,166,34,-24,920,0,11,0,0,1,0,0,0,720,0
5274,5123124697,Authentication,166,34,-23,920,0,11,0,0,1,0,0,0,720,0
5275,5123130426,Authentication,166,34,-26,920,0,11,0,0,1,0,0,0,720,0
5276,5123232737,S1G Beacon,61,34,-27,920,3,1,,,,,,,0,0
5277,5123364913,Authentication,166,34,-53,920,0,11,0,0,0,0,0,0,0,0
5278,5123376001,Authentication,166,34,-27,920,0,11,0,0,0,0,0,0,720,0
5279,5123381889,Authentication,166,34,-24,920,0,11,0,0,1,0,0,0,720,0
5280,5123387570,Authentication,166,34,-26,920,0,11,0,0,1,0,0,0,720,0
5281,5123393353,Authentication,166,34,-23,920,0,11,0,0,1,0,0,0,720,0
5282,5123606574,Authentication,166,34,-54,920,0,11,0,0,0,0,0,0,0,0
5283,5123615268,Authentication,166,34,-24,920,0,11,0,0,0,0,0,0,720,0
5284,5123621000,Authentication,166,34,-27,920,0,11,0,0,1,0,0,0,720,0
5285,5123626887,Authentication,166,34,-27,920,0,11,0,0,1,0,0,0,720,0
5286,5123632930,Authentication,166,34,-27,920,0,11,0,0,1,0,0,0,720,0
5287,5123860525,Authentication,166,34,-57,920,0,11,0,0,0,0,0,0,0,0
5288,5123875980,Authentication,166,34,-23,920,0,11,0,0,0,0,0,0,720,0
5289,5123881761,Authentication,166,34,-26,920,0,11,0,0,1,0,0,0,720,0
5290,5123887599,Authentication,166,34,-26,920,0,11,0,0,1,0,0,0,720,0
5291,5123893641,Authentication,166,34,-26,920,0,11,0,0,1,0,0,0,720,0
5292,5124051940,S1G Beacon,129,34,-27,920,3,1,,,,,,,0,0
5293,5124118572,Authentication,166,34,-57,920,0,11,0,0,0,0,0,0,0,0
5294,5124125968,Authentication,166,34,-24,920,0,11,0,0,0,0,0,0,720,0
5295,5124131958,Authentication,166,34,-27,920,0,11,0,0,1,0,0,0,720,0
5296,5124137949,Authentication,166,34,-25,920,0,11,0,0,1,0,0,0,720,0
5297,5124143994,Authentication,166,34,-24,920,0,11,0,0,1,0,0,0,720,0
5298,5124315442,QoS Data,149,34,-37,920,2,8,1,0,0,0,0,1,720,0
5300,5124317963,QoS Data,149,34,-30,920,2,8,0,0,0,0,0,1,720,0
5302,5124327715,QoS Data,131,34,-22,920,2,8,1,0,1,0,0,1,720,0
5304,5124330313,QoS Data,131,34,-29,920,2,8,0,0,0,0,0,1,720,0
5306,5124380714,Authentication,166,34,-57,920,0,11,0,0,0,0,0,0,0,0
5307,5124396001,Authentication,166,34,-22,920,0,11,0,0,0,0,0,0,720,0
5308,5124401681,Authentication,166,34,-24,920,0,11,0,0,1,0,0,0,720,0
5309,5124407401,RTS,54,34,-30,920,1,11,,,,0,0,0,2452,0
5311,5124410469,Authentication,166,34,-25,920,0,11,0,0,1,0,0,0,720,0
5312,5124416035,RTS,54,34,-30,920,1,11,,,,0,0,0,2452,0
5314,5124418947,Authentication,166,34,-24,920,0,11,0,0,1,0,0,0,720,0
5315,5124425501,RTS,54,34,-30,920,1,11,,,,0,0,0,2452,0
5317,5124430700,RTS,54,34,-30,920,1,11,,,,0,0,0,2452,0
5319,5124436104,RTS,54,34,-29,920,1,11,,,,0,0,0,2560,0
5321,5124440682,RTS,54,34,-30,920,1,11,,,,0,0,0,2560,0
5323,5124631590,Authentication,166,34,-58,920,0,11,0,0,0,0,0,0,0,0
5324,5124646006,Authentication,166,34,-22,920,0,11,0,0,0,0,0,0,720,0
5325,5124651894,Authentication,166,34,-24,920,0,11,0,0,1,0,0,0,720,0
5326,5124657883,Authentication,166,34,-24,920,0,11,0,0,1,0,0,0,720,0
5327,5124663561,Authentication,166,34,-23,920,0,11,0,0,1,0,0,0,720,0
5328,5124871141,S1G Beacon,61,34,-27,920,3,1,,,,,,,0,0
5329,5124876327,Authentication,166,34,-57,920,0,11,0,0,0,0,0,0,0,0
5330,5124885955,Authentication,166,34,-26,920,0,11,0,0,0,0,0,0,720,0
5331,5124891948,Authentication,166,34,-26,920,0,11,0,0,1,0,0,0,720,0
5332,5124897629,Authentication,166,34,-24,920,0,11,0,0,1,0,0,0,720,0
5333,5124903517,Authentication,166,34,-26,920,0,11,0,0,1,0,0,0,720,0
5334,5125134373,Authentication,166,34,-54,920,0,11,0,0,0,0,0,0,0,0
5335,5125145978,Authentication,166,34,-27,920,0,11,0,0,0,0,0,0,720,0
5336,5125151918,Authentication,166,34,-28,920,0,11,0,0,1,0,0,0,720,0
5337,5125157754,Authentication,166,34,-27,920,0,11,0,0,1,0,0,0,720,0
5338,5125163485,Authentication,166,34,-29,920,0,11,0,0,1,0,0,0,720,0
5339,5125396515,Authentication,166,34,-58,920,0,11,0,0,0,0,0,0,0,0
5340,5125406040,Authentication,166,34,-25,920,0,11,0,0,0,0,0,0,720,0
5341,5125411770,Authentication,166,34,-24,920,0,11,0,0,1,0,0,0,720,0
5342,5125417605,Authentication,166,34,-24,920,0,11,0,0,1,0,0,0,720,0
5343,5125423646,Authentication,166,34,-27,920,0,11,0,0,1,0,0,0,720,0
5344,5125456879,QoS Null,64,34,-29,920,2,12,1,0,0,0,0,0,720,0
5346,5125650973,Authentication,166,34,-55,920,0,11,0,0,0,0,0,0,0,0
5347,5125665962,Authentication,166,34,-22,920,0,11,0,0,0,0,0,0,720,0
5348,5125671747,Authentication,166,34,-22,920,0,11,0,0,1,0,0,0,720,0
5349,5125677426,Authentication,166,34,-21,920,0,11,0,0,1,0,0,0,720,0
5350,5125682939,QoS Data,131,34,-20,920,2,8,1,0,0,0,0,1,720,0
5351,5125684611,Authentication,166,34,-21,920,0,11,0,0,1,0,0,0,720,0
5352,5125690347,S1G Beacon,129,34,-22,920,3,1,,,,,,,0,0
5353,5125694246,QoS Data,131,34,-19,920,2,8,1,0,1,0,0,1,720,0
5355,5125696635,QoS Data,131,34,-28,920,2,8,0,0,0,0,0,1,720,0
5356,5125699490,QoS Data,131,34,-28,920,2,8,0,0,1,0,0,1,720,0
5358,5125710219,RTS,54,34,-33,920,1,11,,,,0,0,0,2416,0
5361,5125729093,Data,287,34,-22,920,2,0,0,0,0,0,0,1,0,0
5362,5125826216,QoS Data,128,34,-29,920,2,8,0,0,0,0,0,1,720,0
5364,5125896222,Authentication,166,34,-56,920,0,11,0,0,0,0,0,0,0,0
5365,5125906061,Authentication,166,34,-23,920,0,11,0,0,0,0,0,0,720,0
5366,5125911899,Authentication,166,34,-23,920,0,11,0,0,1,0,0,0,720,0
5367,5125917733,Authentication,166,34,-25,920,0,11,0,0,1,0,0,0,720,0
5368,5125923623,Authentication,166,34,-23,920,0,11,0,0,1,0,0,0,720,0
5369,5126150174,Authentication,166,34,-57,920,0,11,0,0,0,0,0,0,0,0
5370,5126165940,Authentication,166,34,-24,920,0,11,0,0,0,0,0,0,720,0
5371,5126171620,Authentication,166,34,-22,920,0,11,0,0,1,0,0,0,720,0
5372,5126177561,Authentication,166,34,-22,920,0,11,0,0,1,0,0,0,720,0
5373,5126183241,Authentication,166,34,-23,920,0,11,0,0,1,0,0,0,720,0
5374,5126412316,Authentication,166,34,-58,920,0,11,0,0,0,0,0,0,0,0
5375,5126425949,Authentication,166,34,-22,920,0,11,0,0,0,0,0,0,720,0
5376,5126431785,Authentication,166,34,-22,920,0,11,0,0,1,0,0,0,720,0
5377,5126437621,Authentication,166,34,-24,920,0,11,0,0,1,0,0,0,720,0
5378,5126443301,Authentication,166,34,-23,920,0,11,0,0,1,0,0,0,720,0
5379,5126509551,S1G Beacon,61,34,-22,920,3,1,,,,,,,0,0
5380,5126674458,Authentication,166,34,-58,920,0,11,0,0,0,0,0,0,0,0
5381,5126685960,Authentication,166,34,-22,920,0,11,0,0,0,0,0,0,720,0
5382,5126691744,Authentication,166,34,-22,920,0,11,0,0,1,0,0,0,720,0
5383,5126697476,Authentication,166,34,-23,920,0,11,0,0,1,0,0,0,720,0
5384,5126703363,Authentication,166,34,-23,920,0,11,0,0,1,0,0,0,720,0
5385,5126924310,Authentication,166,34,-54,920,0,11,0,0,0,0,0,0,0,0
5386,5126936022,Authentication,166,34,-23,920,0,11,0,0,0,0,0,0,720,0
5387,5126941700,Authentication,166,34,-23,920,0,11,0,0,1,0,0,0,720,0
5388,5126947485,Authentication,166,34,-23,920,0,11,0,0,1,0,0,0,720,0
5389,5126953165,Authentication,166,34,-22,920,0,11,0,0,1,0,0,0,720,0
5390,5127168024,Authentication,166,34,-54,920,0,11,0,0,0,0,0,0,0,0
5391,5127175988,Authentication,166,34,-24,920,0,11,0,0,0,0,0,0,720,0
5392,5127181928,Authentication,166,34,-23,920,0,11,0,0,1,0,0,0,720,0
5393,5127187657,Authentication,166,34,-23,920,0,11,0,0,1,0,0,0,720,0
5394,5127193336,Authentication,166,34,-24,920,0,11,0,0,1,0,0,0,720,0
5395,5127328751,S1G Beacon,129,34,-26,920,3,1,,,,,,,0,0
5396,5127428117,Authentication,166,34,-54,920,0,11,0,0,0,0,0,0,0,0
5397,5127436186,Authentication,166,34,-28,920,0,11,0,0,0,0,0,0,720,0
5398,5127442228,Authentication,166,34,-28,920,0,11,0,0,1,0,0,0,720,0
5399,5127448011,Authentication,166,34,-29,920,0,11,0,0,1,0,0,0,720,0
5400,5127453794,Authentication,166,34,-27,920,0,11,0,0,1,0,0,0,720,0
5401,5127690260,Authentication,166,34,-58,920,0,11,0,0,0,0,0,0,0,0
5402,5127701451,Authentication,166,34,-27,920,0,11,0,0,0,0,0,0,720,0
5403,5127707287,Authentication,166,34,-27,920,0,11,0,0,1,0,0,0,720,0
5404,5127713070,Authentication,166,34,-26,920,0,11,0,0,1,0,0,0,720,0
5405,5127718906,Authentication,166,34,-27,920,0,11,0,0,1,0,0,0,720,0
5406,5127943183,Authentication,166,34,-56,920,0,11,0,0,0,0,0,0,0,0
5407,5127955934,Authentication,166,34,-27,920,0,11,0,0,0,0,0,0,720,0
5408,5127961770,Authentication,166,34,-27,920,0,11,0,0,1,0,0,0,720,0
5409,5127967657,Authentication,166,34,-26,920,0,11,0,0,1,0,0,0,720,0
5410,5127973335,Authentication,166,34,-24,920,0,11,0,0,1,0,0,0,720,0
5411,5128147957,S1G Beacon,61,34,-26,920,3,1,,,,,,,0,0
5412,5128181776,Authentication,166,34,-58,920,0,11,0,0,0,0,0,0,0,0
5413,5128195982,Authentication,166,34,-26,920,0,11,0,0,0,0,0,0,720,0
5414,5128201764,Authentication,166,34,-28,920,0,11,0,0,1,0,0,0,720,0
5415,5128207805,Authentication,166,34,-27,920,0,11,0,0,1,0,0,0,720,0
5416,5128213537,Authentication,166,34,-27,920,0,11,0,0,1,0,0,0,720,0
5417,5128443918,Authentication,166,34,-57,920,0,11,0,0,0,0,0,0,0,0
5418,5128454485,Authentication,166,34,-24,920,0,11,0,0,0,0,0,0,720,0
5419,5128460474,Authentication,166,34,-25,920,0,11,0,0,1,0,0,0,720,0
5420,5128466257,Authentication,166,34,-23,920,0,11,0,0,1,0,0,0,720,0
5421,5128472144,Authentication,166,34,-25,920,0,11,0,0,1,0,0,0,720,0
5422,5128706060,Authentication,166,34,-57,920,0,11,0,0,0,0,0,0,0,0
5423,5128715951,Authentication,166,34,-28,920,0,11,0,0,0,0,0,0,720,0
5424,5128721735,Authentication,166,34,-28,920,0,11,0,0,1,0,0,0,720,0
5425,5128727569,Authentication,166,34,-29,920,0,11,0,0,1,0,0,0,720,0
5426,5128733248,Authentication,166,34,-28,920,0,11,0,0,1,0,0,0,720,0
5427,5128753072,Data,287,34,-30,920,2,0,0,0,0,0,0,1,0,0
5428,5128948745,Authentication,166,34,-53,920,0,11,0,0,0,0,0,0,0,0
5429,5128956244,Authentication,166,34,-27,920,0,11,0,0,0,0,0,0,720,0
5430,5128962184,Authentication,166,34,-30,920,0,11,0,0,1,0,0,0,720,0
5431,5128967783,S1G Beacon,129,34,-29,920,3,1,,,,,,,0,0
5432,5128971525,Authentication,166,34,-28,920,0,11,0,0,1,0,0,0,720,0
5433,5128977464,Authentication,166,34,-29,920,0,11,0,0,1,0,0,0,720,0
5434,5129197577,Authentication,166,34,-57,920,0,11,0,0,0,0,0,0,0,0
5435,5129205958,Authentication,166,34,-23,920,0,11,0,0,0,0,0,0,720,0
5436,5129211844,Authentication,166,34,-24,920,0,11,0,0,1,0,0,0,720,0
5437,5129217574,Authentication,166,34,-23,920,0,11,0,0,1,0,0,0,720,0
5438,5129223566,Authentication,166,34,-24,920,0,11,0,0,1,0,0,0,720,0
5439,5129335314,QoS Data,149,34,-40,920,2,8,1,0,0,0,0,1,720,0
5441,5129337730,QoS Data,149,34,-30,920,2,8,0,0,0,0,0,1,720,0
5443,5129344825,QoS Data,131,34,-20,920,2,8,1,0,0,0,0,1,720,0
5445,5129347426,QoS Data,131,34,-29,920,2,8,0,0,0,0,0,1,720,0
5447,5129387655,QoS Data,128,34,-39,920,2,8,1,0,0,0,0,1,720,0
5449,5129390400,QoS Data,128,34,-30,920,2,8,0,0,0,0,0,1,720,0
5451,5129459720,Authentication,166,34,-53,920,0,11,0,0,0,0,0,0,0,0
5452,5129475955,Authentication,166,34,-22,920,0,11,0,0,0,0,0,0,720,0
5453,5129481790,Authentication,166,34,-24,920,0,11,0,0,1,0,0,0,720,0
5454,5129487833,Authentication,166,34,-23,920,0,11,0,0,1,0,0,0,720,0
5455,5129493876,Authentication,166,34,-23,920,0,11,0,0,1,0,0,0,720,0
5456,5129721861,Authentication,166,34,-53,920,0,11,0,0,0,0,0,0,0,0
5457,5129735964,Authentication,166,34,-24,920,0,11,0,0,0,0,0,0,720,0
5458,5129741748,Authentication,166,34,-24,920,0,11,0,0,1,0,0,0,720,0
5459,5129747635,Authentication,166,34,-24,920,0,11,0,0,1,0,0,0,720,0
5460,5129753317,Authentication,166,34,-25,920,0,11,0,0,1,0,0,0,720,0
5461,5129786364,S1G Beacon,61,34,-27,920,3,1,,,,,,,0,0
5462,5129959427,Authentication,166,34,-54,920,0,11,0,0,0,0,0,0,0,0
5463,5129966199,Authentication,166,34,-27,920,0,11,0,0,0,0,0,0,720,0
5464,5129971929,Authentication,166,34,-26,920,0,11,0,0,1,0,0,0,720,0
5465,5129977919,Authentication,166,34,-27,920,0,11,0,0,1,0,0,0,720,0
5466,5129983600,Authentication,166,34,-27,920,0,11,0,0,1,0,0,0,720,0
5467,5130038468,Disassociation,64,34,-27,920,0,10,0,0,0,0,0,0,720,0
5468,5130041585,Disassociation,64,34,-28,920,0,10,0,0,1,0,0,0,720,0
5469,5130044804,Disassociation,64,34,-26,920,0,10,0,0,1,0,0,0,720,0
5470,5130047867,Disassociation,64,34,-27,920,0,10,0,0,1,0,0,0,720,0
5472,5130213378,Authentication,166,34,-53,920,0,11,0,0,0,0,0,0,0,0
5473,5130475520,Authentication,166,34,-53,920,0,11,0,0,0,0,0,0,0,0
5474,5130485933,Authentication,166,34,-28,920,0,11,0,0,0,0,0,0,720,0
5475,5130491766,Authentication,166,34,-28,920,0,11,0,0,1,0,0,0,720,0
5476,5130497444,Authentication,166,34,-27,920,0,11,0,0,1,0,0,0,720,0
5477,5130503228,Authentication,166,34,-26,920,0,11,0,0,1,0,0,0,720,0
5478,5130605565,S1G Beacon,129,34,-27,920,3,1,,,,,,,0,0
5479,5130737662,Authentication,166,34,-54,920,0,11,0,0,0,0,0,0,0,0
5480,5130745942,Authentication,166,34,-26,920,0,11,0,0,0,0,0,0,720,0
5481,5130751778,Authentication,166,34,-27,920,0,11,0,0,1,0,0,0,720,0
5482,5130757614,Authentication,166,34,-28,920,0,11,0,0,1,0,0,0,720,0
5483,5130763604,Authentication,166,34,-26,920,0,11,0,0,1,0,0,0,720,0
5484,5130971133,Authentication,166,34,-53,920,0,11,0,0,0,0,0,0,0,0
5485,5130985963,Authentication,166,34,-29,920,0,11,0,0,0,0,0,0,720,0
5486,5130991852,Authentication,166,34,-28,920,0,11,0,0,1,0,0,0,720,0
5487,5130997582,Authentication,166,34,-28,920,0,11,0,0,1,0,0,0,720,0
5488,5131002635,Authentication,166,34,-28,920,0,11,0,0,1,0,0,0,720,0
5489,5131229179,Authentication,166,34,-53,920,0,11,0,0,0,0,0,0,0,0
5490,5131245879,Authentication,166,34,-27,920,0,11,0,0,0,0,0,0,720,0
5491,5131251768,Authentication,166,34,-27,920,0,11,0,0,1,0,0,0,720,0
5492,5131257812,Authentication,166,34,-26,920,0,11,0,0,1,0,0,0,720,0
5493,5131263545,Authentication,166,34,-27,920,0,11,0,0,1,0,0,0,720,0
5494,5131424769,S1G Beacon,61,34,-28,920,3,1,,,,,,,0,0
5495,5131491321,Authentication,166,34,-53,920,0,11,0,0,0,0,0,0,0,0
5496,5131501548,Authentication,166,34,-27,920,0,11,0,0,0,0,0,0,720,0
5497,5131507332,Authentication,166,34,-26,920,0,11,0,0,1,0,0,0,720,0
5498,5131513378,Authentication,166,34,-37,920,0,11,0,0,1,0,0,0,720,0
5499,5131519108,Authentication,166,34,-28,920,0,11,0,0,1,0,0,0,720,0
5500,5131745269,Authentication,166,34,-54,920,0,11,0,0,0,0,0,0,0,0
5501,5131756480,Authentication,166,34,-27,920,0,11,0,0,0,0,0,0,720,0
5502,5131762367,Authentication,166,34,-27,920,0,11,0,0,1,0,0,0,720,0
5503,5131768253,Authentication,166,34,-28,920,0,11,0,0,1,0,0,0,720,0
5504,5131774191,Authentication,166,34,-28,920,0,11,0,0,1,0,0,0,720,0
5505,5131780493,Data,287,34,-28,920,2,0,0,0,0,0,0,1,0,0
5506,5131988980,Authentication,166,34,-52,920,0,11,0,0,0,0,0,0,0,0
5507,5132001574,Authentication,166,34,-27,920,0,11,0,0,0,0,0,0,720,0
5508,5132007360,Authentication,166,34,-26,920,0,11,0,0,1,0,0,0,720,0
5509,5132013248,Authentication,166,34,-27,920,0,11,0,0,1,0,0,0,720,0
5510,5132019084,Authentication,166,34,-27,920,0,11,0,0,1,0,0,0,720,0
5511,5132243975,S1G Beacon,129,34,-27,920,3,1,,,,,,,0,0
5512,5132507122,Authentication,166,34,-52,920,0,11,0,0,0,0,0,0,0,0
5513,5132515927,Authentication,166,34,-28,920,0,11,0,0,0,0,0,0,720,0
5514,5132521815,Authentication,166,34,-28,920,0,11,0,0,1,0,0,0,720,0
5515,5132527495,Authentication,166,34,-26,920,0,11,0,0,1,0,0,0,720,0
5516,5132533280,Authentication,166,34,-27,920,0,11,0,0,1,0,0,0,720,0
5517,5132749808,Authentication,166,34,-53,920,0,11,0,0,0,0,0,0,0,0
5518,5132760876,Authentication,166,34,-26,920,0,11,0,0,0,0,0,0,720,0
5519,5132766609,Authentication,166,34,-27,920,0,11,0,0,1,0,0,0,720,0
5520,5132772236,Authentication,166,34,-27,920,0,11,0,0,1,0,0,0,720,0
5521,5132778280,Authentication,166,34,-26,920,0,11,0,0,1,0,0,0,720,0
5522,5132998639,Authentication,166,34,-53,920,0,11,0,0,0,0,0,0,0,0
5523,5133005982,Authentication,166,34,-27,920,0,11,0,0,0,0,0,0,720,0
5524,5133011765,Authentication,166,34,-27,920,0,11,0,0,1,0,0,0,720,0
5525,5133017497,Authentication,166,34,-29,920,0,11,0,0,1,0,0,0,720,0
5526,5133023281,Authentication,166,34,-27,920,0,11,0,0,1,0,0,0,720,0
5527,5133063177,S1G Beacon,61,34,-28,920,3,1,,,,,,,0,0
5528,5133260782,Authentication,166,34,-53,920,0,11,0,0,0,0,0,0,0,0
5529,5133275923,Authentication,166,34,-27,920,0,11,0,0,0,0,0,0,720,0
5530,5133281653,Authentication,166,34,-27,920,0,11,0,0,1,0,0,0,720,0
5531,5133287542,Authentication,166,34,-28,920,0,11,0,0,1,0,0,0,720,0
5532,5133293482,Authentication,166,34,-27,920,0,11,0,0,1,0,0,0,720,0
5533,5133522923,Authentication,166,34,-53,920,0,11,0,0,0,0,0,0,0,0
5534,5133535934,Authentication,166,34,-29,920,0,11,0,0,0,0,0,0,720,0
5535,5133541611,Authentication,166,34,-26,920,0,11,0,0,1,0,0,0,720,0
5536,5133547602,Authentication,166,34,-27,920,0,11,0,0,1,0,0,0,720,0
5537,5133553489,Authentication,166,34,-41,920,0,11,0,0,1,0,0,0,720,0
5538,5133762537,Authentication,166,34,-53,920,0,11,0,0,0,0,0,0,0,0
5539,5133775911,Authentication,166,34,-26,920,0,11,0,0,0,0,0,0,720,0
5540,5133781591,Authentication,166,34,-27,920,0,11,0,0,1,0,0,0,720,0
5541,5133787374,Authentication,166,34,-27,920,0,11,0,0,1,0,0,0,720,0
5542,5133793055,Authentication,166,34,-27,920,0,11,0,0,1,0,0,0,720,0
5543,5133882382,S1G Beacon,129,34,-28,920,3,1,,,,,,,0,0
5544,5134014440,Authentication,166,34,-53,920,0,11,0,0,0,0,0,0,0,0
5545,5134024380,Authentication,166,34,-27,920,0,11,0,0,0,0,0,0,720,0
5546,5134030217,Authentication,166,34,-27,920,0,11,0,0,1,0,0,0,720,0
5547,5134035999,Authentication,166,34,-27,920,0,11,0,0,1,0,0,0,720,0
5548,5134041938,Authentication,166,34,-27,920,0,11,0,0,1,0,0,0,720,0
5549,5134276582,Authentication,166,34,-56,920,0,11,0,0,0,0,0,0,0,0
5550,5134285951,Authentication,166,34,-28,920,0,11,0,0,0,0,0,0,720,0
5551,5134291786,Authentication,166,34,-27,920,0,11,0,0,1,0,0,0,720,0
5552,5134297568,Authentication,166,34,-26,920,0,11,0,0,1,0,0,0,720,0
5553,5134303401,Authentication,166,34,-27,920,0,11,0,0,1,0,0,0,720,0
5554,5134355142,QoS Data,149,34,-40,920,2,8,1,0,0,0,0,1,720,0
5556,5134357818,QoS Data,149,34,-30,920,2,8,0,0,0,0,0,1,720,0
5558,5134365071,QoS Data,131,34,-22,920,2,8,1,0,0,0,0,1,720,0
5560,5134367641,QoS Data,131,34,-31,920,2,8,0,0,0,0,0,1,720,0
5562,5134387608,QoS Data,128,34,-42,920,2,8,1,0,0,0,0,1,720,0
5564,5134390093,QoS Data,128,34,-30,920,2,8,0,0,0,0,0,1,720,0
5566,5134534625,Authentication,166,34,-57,920,0,11,0,0,0,0,0,0,0,0
5567,5134546803,Authentication,166,34,-25,920,0,11,0,0,0,0,0,0,720,0
5568,5134552847,Authentication,166,34,-26,920,0,11,0,0,1,0,0,0,720,0
5569,5134558787,Authentication,166,34,-27,920,0,11,0,0,1,0,0,0,720,0
5570,5134564467,Authentication,166,34,-25,920,0,11,0,0,1,0,0,0,720,0
5571,5134701585,S1G Beacon,61,34,-27,920,3,1,,,,,,,0,0
5572,5134753343,Data,378,34,-27,920,2,0,0,0,0,0,0,1,0,0
5573,5134768099,Authentication,166,34,-53,920,0,11,0,0,0,0,0,0,0,0
5574,5134775908,Authentication,166,34,-27,920,0,11,0,0,0,0,0,0,720,0
5575,5134781692,Authentication,166,34,-28,920,0,11,0,0,1,0,0,0,720,0
5576,5134787425,Authentication,166,34,-28,920,0,11,0,0,1,0,0,0,720,0
5577,5134793312,Authentication,166,34,-28,920,0,11,0,0,1,0,0,0,720,0
5578,5134801071,Data,287,34,-27,920,2,0,0,0,0,0,0,1,0,0
5579,5134857063,Data,387,34,-27,920,2,0,0,0,0,0,0,1,0,0
5580,5134961027,Data,450,34,-28,920,2,0,0,0,0,0,0,1,0,0
5581,5135030242,Authentication,166,34,-53,920,0,11,0,0,0,0,0,0,0,0
5582,5135045902,Authentication,166,34,-27,920,0,11,0,0,0,0,0,0,720,0
5583,5135051632,Authentication,166,34,-27,920,0,11,0,0,1,0,0,0,720,0
5584,5135057467,Authentication,166,34,-27,920,0,11,0,0,1,0,0,0,720,0
5585,5135063303,Authentication,166,34,-27,920,0,11,0,0,1,0,0,0,720,0
5586,5135069606,Data,442,34,-27,920,2,0,0,0,0,0,0,1,0,0
5587,5135169172,Data,387,34,-27,920,2,0,0,0,0,0,0,1,0,0
5588,5135273082,Data,426,34,-27,920,2,0,0,0,0,0,0,1,0,0
5589,5135292383,Authentication,166,34,-56,920,0,11,0,0,0,0,0,0,0,0
5590,5135301494,Authentication,166,34,-27,920,0,11,0,0,0,0,0,0,720,0
5591,5135307174,Authentication,166,34,-28,920,0,11,0,0,1,0,0,0,720,0
5592,5135313116,Authentication,166,34,-26,920,0,11,0,0,1,0,0,0,720,0
5593,5135319003,Authentication,166,34,-28,920,0,11,0,0,1,0,0,0,720,0
5594,5135377359,Data,458,34,-27,920,2,0,0,0,0,0,0,1,0,0
5595,5135481384,Data,387,34,-28,920,2,0,0,0,0,0,0,1,0,0
5596,5135520786,S1G Beacon,129,34,-27,920,3,1,,,,,,,0,0
5597,5135546331,Authentication,166,34,-56,920,0,11,0,0,0,0,0,0,0,0
5598,5135555909,Authentication,166,34,-28,920,0,11,0,0,0,0,0,0,720,0
5599,5135561691,Authentication,166,34,-27,920,0,11,0,0,1,0,0,0,720,0
5600,5135567527,Authentication,166,34,-27,920,0,11,0,0,1,0,0,0,720,0
5601,5135573362,Authentication,166,34,-27,920,0,11,0,0,1,0,0,0,720,0
5602,5135585075,Data,446,34,-27,920,2,0,0,0,0,0,0,1,0,0
5603,5135689145,Data,440,34,-27,920,2,0,0,0,0,0,0,1,0,0
5604,5135783900,Authentication,166,34,-58,920,0,11,0,0,0,0,0,0,0,0
5605,5135796130,Authentication,166,34,-27,920,0,11,0,0,0,0,0,0,720,0
5606,5135802434,Data,387,34,-26,920,2,0,0,0,0,0,0,1,0,0
5607,5135812901,Authentication,166,34,-27,920,0,11,0,0,1,0,0,0,720,0
5608,5135818631,Authentication,166,34,-28,920,0,11,0,0,1,0,0,0,720,0
5609,5135824676,Authentication,166,34,-28,920,0,11,0,0,1,0,0,0,720,0
5610,5135897074,Data,442,34,-29,920,2,0,0,0,0,0,0,1,0,0
5611,5136001165,Data,452,34,-28,920,2,0,0,0,0,0,0,1,0,0
5612,5136046042,Authentication,166,34,-53,920,0,11,0,0,0,0,0,0,0,0
5613,5136055931,Authentication,166,34,-27,920,0,11,0,0,0,0,0,0,720,0
5614,5136061817,Authentication,166,34,-27,920,0,11,0,0,1,0,0,0,720,0
5615,5136067861,Authentication,166,34,-28,920,0,11,0,0,1,0,0,0,720,0
5616,5136073645,Authentication,166,34,-28,920,0,11,0,0,1,0,0,0,720,0
5617,5136308185,Authentication,166,34,-52,920,0,11,0,0,0,0,0,0,0,0
5618,5136321768,Authentication,166,34,-28,920,0,11,0,0,0,0,0,0,720,0
5619,5136327604,Authentication,166,34,-28,920,0,11,0,0,1,0,0,0,720,0
5620,5136333492,Authentication,166,34,-28,920,0,11,0,0,1,0,0,0,720,0
5621,5136339989,S1G Beacon,61,34,-27,920,3,1,,,,,,,0,0
5622,5136341783,Authentication,166,34,-27,920,0,11,0,0,1,0,0,0,720,0
5623,5136541111,Data,132,34,-28,920,2,0,0,0,0,0,0,1,0,0
5624,5136545750,Authentication,166,34,-53,920,0,11,0,0,0,0,0,0,0,0
5625,5136555901,Authentication,166,34,-26,920,0,11,0,0,0,0,0,0,720,0
5626,5136561894,Authentication,166,34,-27,920,0,11,0,0,1,0,0,0,720,0
5627,5136567678,Authentication,166,34,-27,920,0,11,0,0,1,0,0,0,720,0
5628,5136573722,Authentication,166,34,-27,920,0,11,0,0,1,0,0,0,720,0
5629,5136799701,Authentication,166,34,-53,920,0,11,0,0,0,0,0,0,0,0
5630,5136815884,Authentication,166,34,-28,920,0,11,0,0,0,0,0,0,720,0
5631,5136821616,Authentication,166,34,-28,920,0,11,0,0,1,0,0,0,720,0
5632,5136827453,Authentication,166,34,-27,920,0,11,0,0,1,0,0,0,720,0
5633,5136833497,Authentication,166,34,-27,920,0,11,0,0,1,0,0,0,720,0
5634,5137061844,Authentication,166,34,-53,920,0,11,0,0,0,0,0,0,0,0
5635,5137075892,Authentication,166,34,-27,920,0,11,0,0,0,0,0,0,720,0
5636,5137081573,Authentication,166,34,-28,920,0,11,0,0,1,0,0,0,720,0
5637,5137087513,Authentication,166,34,-27,920,0,11,0,0,1,0,0,0,720,0
5638,5137093503,Authentication,166,34,-28,920,0,11,0,0,1,0,0,0,720,0
5639,5137159194,S1G Beacon,129,34,-28,920,3,1,,,,,,,0,0
5640,5137319886,Authentication,166,34,-53,920,0,11,0,0,0,0,0,0,0,0
5641,5137336224,Authentication,166,34,-27,920,0,11,0,0,0,0,0,0,720,0
5642,5137342006,Authentication,166,34,-27,920,0,11,0,0,1,0,0,0,720,0
5643,5137347688,Authentication,166,34,-27,920,0,11,0,0,1,0,0,0,720,0
5644,5137353366,Authentication,166,34,-28,920,0,11,0,0,1,0,0,0,720,0
5645,5137562575,Authentication,166,34,-53,920,0,11,0,0,0,0,0,0,0,0
5646,5137575897,Authentication,166,34,-27,920,0,11,0,0,0,0,0,0,720,0
5647,5137581681,Authentication,166,34,-27,920,0,11,0,0,1,0,0,0,720,0
5648,5137587361,Authentication,166,34,-28,920,0,11,0,0,1,0,0,0,720,0
5649,5137593406,Authentication,166,34,-27,920,0,11,0,0,1,0,0,0,720,0
5650,5137815502,Authentication,166,34,-57,920,0,11,0,0,0,0,0,0,0,0
5651,5137825914,Authentication,166,34,-27,920,0,11,0,0,0,0,0,0,720,0
5652,5137832218,Data,287,34,-27,920,2,0,0,0,0,0,0,1,0,0
5653,5137840006,Authentication,166,34,-25,920,0,11,0,0,1,0,0,0,720,0
5654,5137845738,Authentication,166,34,-27,920,0,11,0,0,1,0,0,0,720,0
5655,5137851572,Authentication,166,34,-28,920,0,11,0,0,1,0,0,0,720,0
5656,5137978396,S1G Beacon,61,34,-28,920,3,1,,,,,,,0,0
5657,5138077645,Authentication,166,34,-54,920,0,11,0,0,0,0,0,0,0,0
5658,5138085817,Authentication,166,34,-28,920,0,11,0,0,0,0,0,0,720,0
5659,5138091705,Authentication,166,34,-26,920,0,11,0,0,1,0,0,0,720,0
5660,5138097748,Authentication,166,34,-26,920,0,11,0,0,1,0,0,0,720,0
5661,5138103585,Authentication,166,34,-27,920,0,11,0,0,1,0,0,0,720,0
5662,5138337735,Authentication,166,34,-53,920,0,11,0,0,0,0,0,0,0,0
5663,5138345908,Authentication,166,34,-28,920,0,11,0,0,0,0,0,0,720,0
5664,5138351691,Authentication,166,34,-27,920,0,11,0,0,1,0,0,0,720,0
5665,5138357373,Authentication,166,34,-28,920,0,11,0,0,1,0,0,0,720,0
5666,5138363158,Authentication,166,34,-26,920,0,11,0,0,1,0,0,0,720,0
5667,5138578376,Authentication,166,34,-54,920,0,11,0,0,0,0,0,0,0,0
5668,5138585926,Authentication,166,34,-28,920,0,11,0,0,0,0,0,0,720,0
5669,5138591864,Authentication,166,34,-26,920,0,11,0,0,1,0,0,0,720,0
5670,5138597803,Authentication,166,34,-27,920,0,11,0,0,1,0,0,0,720,0
5671,5138603848,Authentication,166,34,-27,920,0,11,0,0,1,0,0,0,720,0
5672,5138797600,S1G Beacon,129,34,-28,920,3,1,,,,,,,0,0
5673,5138831304,Authentication,166,34,-50,920,0,11,0,0,0,0,0,0,0,0
5674,5138845926,Authentication,166,34,-27,920,0,11,0,0,0,0,0,0,720,0
5675,5138851708,Authentication,166,34,-27,920,0,11,0,0,1,0,0,0,720,0
5676,5138857388,Authentication,166,34,-27,920,0,11,0,0,1,0,0,0,720,0
5677,5138863224,Authentication,166,34,-28,920,0,11,0,0,1,0,0,0,720,0
5678,5139068480,Data,132,34,-28,920,2,0,0,0,0,0,0,1,0,0
5679,5139093446,Authentication,166,34,-54,920,0,11,0,0,0,0,0,0,0,0
5680,5139101517,Authentication,166,34,-27,920,0,11,0,0,0,0,0,0,720,0
5681,5139107562,Authentication,166,34,-28,920,0,11,0,0,1,0,0,0,720,0
5682,5139113499,Authentication,166,34,-27,920,0,11,0,0,1,0,0,0,720,0
5683,5139119439,Authentication,166,34,-28,920,0,11,0,0,1,0,0,0,720,0
5684,5139355588,Authentication,166,34,-54,920,0,11,0,0,0,0,0,0,0,0
5685,5139365894,Authentication,166,34,-27,920,0,11,0,0,0,0,0,0,720,0
5686,5139371626,Authentication,166,34,-25,920,0,11,0,0,1,0,0,0,720,0
5687,5139377410,Authentication,166,34,-27,920,0,11,0,0,1,0,0,0,720,0
5688,5139382922,QoS Data,149,34,-39,920,2,8,1,0,0,0,0,1,720,0
5690,5139385127,Authentication,166,34,-28,920,0,11,0,0,1,0,0,0,720,0
5691,5139390962,QoS Data,149,34,-30,920,2,8,0,0,0,0,0,1,720,0
5693,5139398163,QoS Data,131,34,-22,920,2,8,1,0,0,0,0,1,720,0
5695,5139400293,QoS Data,131,34,-31,920,2,8,0,0,0,0,0,1,720,0
5696,5139404094,QoS Data,131,34,-32,920,2,8,0,0,1,0,0,1,720,0
5698,5139595201,Authentication,166,34,-53,920,0,11,0,0,0,0,0,0,0,0
5699,5139605920,Authentication,166,34,-27,920,0,11,0,0,0,0,0,0,720,0
5700,5139611808,Authentication,166,34,-27,920,0,11,0,0,1,0,0,0,720,0
5701,5139617426,S1G Beacon,61,34,-28,920,3,1,,,,,,,0,0
5702,5139619525,Authentication,166,34,-28,920,0,11,0,0,1,0,0,0,720,0
5703,5139625258,Authentication,166,34,-27,920,0,11,0,0,1,0,0,0,720,0
5704,5139637844,QoS Data,128,34,-40,920,2,8,1,0,0,0,0,1,720,0
5706,5139640015,QoS Data,128,34,-31,920,2,8,0,0,0,0,0,1,720,0
5708,5139847104,Authentication,166,34,-52,920,0,11,0,0,0,0,0,0,0,0
5709,5139855903,Authentication,166,34,-27,920,0,11,0,0,0,0,0,0,720,0
5710,5139861738,Authentication,166,34,-27,920,0,11,0,0,1,0,0,0,720,0
5711,5139867573,Authentication,166,34,-27,920,0,11,0,0,1,0,0,0,720,0
5712,5139873355,Authentication,166,34,-28,920,0,11,0,0,1,0,0,0,720,0
5713,5140109247,Authentication,166,34,-53,920,0,11,0,0,0,0,0,0,0,0
5714,5140125845,Authentication,166,34,-27,920,0,11,0,0,0,0,0,0,720,0
5715,5140131576,Authentication,166,34,-28,920,0,11,0,0,1,0,0,0,720,0
5716,5140137308,Authentication,166,34,-27,920,0,11,0,0,1,0,0,0,720,0
5717,5140143195,Authentication,166,34,-27,920,0,11,0,0,1,0,0,0,720,0
5718,5140369337,Authentication,166,34,-54,920,0,11,0,0,0,0,0,0,0,0
5719,5140385830,Authentication,166,34,-28,920,0,11,0,0,0,0,0,0,720,0
5720,5140391769,Authentication,166,34,-27,920,0,11,0,0,1,0,0,0,720,0
5721,5140397448,Authentication,166,34,-29,920,0,11,0,0,1,0,0,0,720,0
5722,5140403181,Authentication,166,34,-28,920,0,11,0,0,1,0,0,0,720,0
5723,5140436006,S1G Beacon,129,34,-28,920,3,1,,,,,,,0,0
5724,5140606906,Authentication,166,34,-54,920,0,11,0,0,0,0,0,0,0,0
5725,5140615911,Authentication,166,34,-28,920,0,11,0,0,0,0,0,0,720,0
5726,5140621695,Authentication,166,34,-28,920,0,11,0,0,1,0,0,0,720,0
5727,5140627687,Authentication,166,34,-27,920,0,11,0,0,1,0,0,0,720,0
5728,5140633679,Authentication,166,34,-26,920,0,11,0,0,1,0,0,0,720,0
5729,5140849074,Data,287,34,-28,920,2,0,0,0,0,0,0,1,0,0
5730,5140862905,Authentication,166,34,-52,920,0,11,0,0,0,0,0,0,0,0
5731,5140875914,Authentication,166,34,-27,920,0,11,0,0,0,0,0,0,720,0
5732,5140881748,Authentication,166,34,-24,920,0,11,0,0,1,0,0,0,720,0
5733,5140887478,Authentication,166,34,-27,920,0,11,0,0,1,0,0,0,720,0
5734,5140893416,Authentication,166,34,-26,920,0,11,0,0,1,0,0,0,720,0
5735,5141125048,Authentication,166,34,-53,920,0,11,0,0,0,0,0,0,0,0
5736,5141135873,Authentication,166,34,-29,920,0,11,0,0,0,0,0,0,720,0
5737,5141141811,Authentication,166,34,-27,920,0,11,0,0,1,0,0,0,720,0
5738,5141147648,Authentication,166,34,-28,920,0,11,0,0,1,0,0,0,720,0
5739,5141153535,Authentication,166,34,-27,920,0,11,0,0,1,0,0,0,720,0
5740,5141255211,S1G Beacon,61,34,-28,920,3,1,,,,,,,0,0
5741,5141375923,Authentication,166,34,-54,920,0,11,0,0,0,0,0,0,0,0
5742,5141385033,Authentication,166,34,-28,920,0,11,0,0,0,0,0,0,720,0
5743,5141391075,Authentication,166,34,-28,920,0,11,0,0,1,0,0,0,720,0
5744,5141397068,Authentication,166,34,-27,920,0,11,0,0,1,0,0,0,720,0
5745,5141402903,Authentication,166,34,-28,920,0,11,0,0,1,0,0,0,720,0
5746,5141621684,Authentication,166,34,-54,920,0,11,0,0,0,0,0,0,0,0
5747,5141635891,Authentication,166,34,-29,920,0,11,0,0,0,0,0,0,720,0
5748,5141641933,Authentication,166,34,-29,920,0,11,0,0,1,0,0,0,720,0
5749,5141647976,Authentication,166,34,-28,920,0,11,0,0,1,0,0,0,720,0
5750,5141653914,Authentication,166,34,-30,920,0,11,0,0,1,0,0,0,720,0
5751,5141697448,Data,390,34,-29,920,2,0,0,0,0,0,0,1,0,0
5752,5141708618,Data,390,34,-28,920,2,0,0,0,0,0,0,1,0,0
5753,5141719788,Data,399,34,-29,920,2,0,0,0,0,0,0,1,0,0
5754,5141731200,Data,399,34,-28,920,2,0,0,0,0,0,0,1,0,0
5755,5141742613,Data,454,34,-30,920,2,0,0,0,0,0,0,1,0,0
5756,5141755506,Data,454,34,-28,920,2,0,0,0,0,0,0,1,0,0
5757,5141768397,Data,464,34,-29,920,2,0,0,0,0,0,0,1,0,0
5758,5141781528,Data,464,34,-28,920,2,0,0,0,0,0,0,1,0,0
5759,5141878707,Authentication,166,34,-54,920,0,11,0,0,0,0,0,0,0,0
5760,5141895824,Authentication,166,34,-28,920,0,11,0,0,0,0,0,0,720,0
5761,5141901713,Authentication,166,34,-27,920,0,11,0,0,1,0,0,0,720,0
5762,5141907496,Authentication,166,34,-28,920,0,11,0,0,1,0,0,0,720,0
5763,5141913331,Authentication,166,34,-28,920,0,11,0,0,1,0,0,0,720,0
5764,5142074414,S1G Beacon,129,34,-27,920,3,1,,,,,,,0,0
5765,5142140849,Authentication,166,34,-54,920,0,11,0,0,0,0,0,0,0,0
5766,5142154640,Authentication,166,34,-27,920,0,11,0,0,0,0,0,0,720,0
5767,5142160682,Authentication,166,34,-27,920,0,11,0,0,1,0,0,0,720,0
5768,5142166569,Authentication,166,34,-27,920,0,11,0,0,1,0,0,0,720,0
5769,5142172559,Authentication,166,34,-28,920,0,11,0,0,1,0,0,0,720,0
5770,5142567840,Data,132,34,-27,920,2,0,0,0,0,0,0,1,0,0
5771,5142572131,Data,132,34,-27,920,2,0,0,0,0,0,0,1,0,0
5772,5142641580,Authentication,166,34,-55,920,0,11,0,0,0,0,0,0,0,0
5773,5142655892,Authentication,166,34,-27,920,0,11,0,0,0,0,0,0,720,0
5774,5142661624,Authentication,166,34,-27,920,0,11,0,0,1,0,0,0,720,0
5775,5142667357,Authentication,166,34,-27,920,0,11,0,0,1,0,0,0,720,0
5776,5142673246,Authentication,166,34,-28,920,0,11,0,0,1,0,0,0,720,0
5777,5142893616,S1G Beacon,61,34,-26,920,3,1,,,,,,,0,0
5778,5143156649,Authentication,166,34,-58,920,0,11,0,0,0,0,0,0,0,0
5779,5143166122,Authentication,166,34,-22,920,0,11,0,0,0,0,0,0,720,0
5780,5143171804,Authentication,166,34,-22,920,0,11,0,0,1,0,0,0,720,0
5781,5143177693,Authentication,166,34,-22,920,0,11,0,0,1,0,0,0,720,0
5782,5143183424,Authentication,166,34,-23,920,0,11,0,0,1,0,0,0,720,0
5783,5143416741,Authentication,166,34,-54,920,0,11,0,0,0,0,0,0,0,0
5784,5143425904,Authentication,166,34,-24,920,0,11,0,0,0,0,0,0,720,0
5785,5143431689,Authentication,166,34,-23,920,0,11,0,0,1,0,0,0,720,0
5786,5143437473,Authentication,166,34,-25,920,0,11,0,0,1,0,0,0,720,0
5787,5143443362,Authentication,166,34,-24,920,0,11,0,0,1,0,0,0,720,0
5788,5143658406,Authentication,166,34,-54,920,0,11,0,0,0,0,0,0,0,0
5789,5143665852,Authentication,166,34,-24,920,0,11,0,0,0,0,0,0,720,0
5790,5143671637,Authentication,166,34,-22,920,0,11,0,0,1,0,0,0,720,0
5791,5143677679,Authentication,166,34,-22,920,0,11,0,0,1,0,0,0,720,0
5792,5143683359,Authentication,166,34,-22,920,0,11,0,0,1,0,0,0,720,0
5793,5143712820,S1G Beacon,129,34,-22,920,3,1,,,,,,,0,0
5794,5143797265,Disassociation,64,34,-23,920,0,10,0,0,0,0,0,0,720,0
5795,5143800381,Disassociation,64,34,-24,920,0,10,0,0,1,0,0,0,720,0
5796,5143803340,Disassociation,64,34,-22,920,0,10,0,0,1,0,0,0,720,0
5797,5143806353,Disassociation,64,34,-24,920,0,10,0,0,1,0,0,0,720,0
5798,5143873168,Data,287,34,-22,920,2,0,0,0,0,0,0,1,0,0
5799,5143910309,Authentication,166,34,-55,920,0,11,0,0,0,0,0,0,0,0
5800,5143925868,Authentication,166,34,-21,920,0,11,0,0,0,0,0,0,720,0
5801,5143931549,Authentication,166,34,-22,920,0,11,0,0,1,0,0,0,720,0
5802,5143937330,Authentication,166,34,-22,920,0,11,0,0,1,0,0,0,720,0
5803,5143943217,Authentication,166,34,-22,920,0,11,0,0,1,0,0,0,720,0
5804,5144172451,Authentication,166,34,-57,920,0,11,0,0,0,0,0,0,0,0
5805,5144185879,Authentication,166,34,-22,920,0,11,0,0,0,0,0,0,720,0
5806,5144191609,Authentication,166,34,-22,920,0,11,0,0,1,0,0,0,720,0
5807,5144197341,Authentication,166,34,-22,920,0,11,0,0,1,0,0,0,720,0
5808,5144203384,Authentication,166,34,-23,920,0,11,0,0,1,0,0,0,720,0
5809,5144418644,QoS Data,149,34,-36,920,2,8,1,0,1,0,0,1,720,0
5811,5144421216,QoS Data,149,34,-31,920,2,8,0,0,0,0,0,1,720,0
5813,5144428417,QoS Data,131,34,-19,920,2,8,1,0,0,0,0,1,720,0
5815,5144430704,QoS Data,131,34,-32,920,2,8,0,0,0,0,0,1,720,0
5817,5144434593,Authentication,166,34,-54,920,0,11,0,0,0,0,0,0,0,0
5818,5144445885,Authentication,166,34,-27,920,0,11,0,0,0,0,0,0,720,0
5819,5144451616,Authentication,166,34,-27,920,0,11,0,0,1,0,0,0,720,0
5820,5144457401,Authentication,166,34,-26,920,0,11,0,0,1,0,0,0,720,0
5821,5144463183,Authentication,166,34,-26,920,0,11,0,0,1,0,0,0,720,0
5822,5144532023,S1G Beacon,61,34,-27,920,3,1,,,,,,,0,0
5823,5144637757,QoS Data,128,34,-42,920,2,8,1,0,0,0,0,1,720,0
5825,5144640084,QoS Data,128,34,-30,920,2,8,0,0,0,0,0,1,720,0
5827,5144682397,Authentication,166,34,-54,920,0,11,0,0,0,0,0,0,0,0
5828,5144695823,Authentication,166,34,-27,920,0,11,0,0,0,0,0,0,720,0
5829,5144701605,Authentication,166,34,-26,920,0,11,0,0,1,0,0,0,720,0
5830,5144707337,Authentication,166,34,-26,920,0,11,0,0,1,0,0,0,720,0
5831,5144713275,Authentication,166,34,-27,920,0,11,0,0,1,0,0,0,720,0
5832,5144932253,Authentication,166,34,-55,920,0,11,0,0,0,0,0,0,0,0
5833,5144945887,Authentication,166,34,-23,920,0,11,0,0,0,0,0,0,720,0
5834,5144951878,Authentication,166,34,-25,920,0,11,0,0,1,0,0,0,720,0
5835,5144957923,Authentication,166,34,-25,920,0,11,0,0,1,0,0,0,720,0
5836,5144963601,Authentication,166,34,-24,920,0,11,0,0,1,0,0,0,720,0
5837,5145188252,Authentication,166,34,-53,920,0,11,0,0,0,0,0,0,0,0
5838,5145198818,Authentication,166,34,-22,920,0,11,0,0,0,0,0,0,720,0
5839,5145204757,Authentication,166,34,-24,920,0,11,0,0,1,0,0,0,720,0
5840,5145210591,Authentication,166,34,-24,920,0,11,0,0,1,0,0,0,720,0
5841,5145216323,Authentication,166,34,-24,920,0,11,0,0,1,0,0,0,720,0
5842,5145351226,S1G Beacon,129,34,-24,920,3,1,,,,,,,0,0
5843,5145450394,Authentication,166,34,-54,920,0,11,0,0,0,0,0,0,0,0
5844,5145465901,Authentication,166,34,-27,920,0,11,0,0,0,0,0,0,720,0
5845,5145471684,Authentication,166,34,-24,920,0,11,0,0,1,0,0,0,720,0
5846,5145477727,Authentication,166,34,-26,920,0,11,0,0,1,0,0,0,720,0
5847,5145483512,Authentication,166,34,-24,920,0,11,0,0,1,0,0,0,720,0
5848,5145693079,Authentication,166,34,-54,920,0,11,0,0,0,0,0,0,0,0
5849,5145701564,Authentication,166,34,-25,920,0,11,0,0,0,0,0,0,720,0
5850,5145707452,Authentication,166,34,-24,920,0,11,0,0,1,0,0,0,720,0
5851,5145713235,Authentication,166,34,-24,920,0,11,0,0,1,0,0,0,720,0
5852,5145719017,Authentication,166,34,-27,920,0,11,0,0,1,0,0,0,720,0
5853,5145943958,Authentication,166,34,-54,920,0,11,0,0,0,0,0,0,0,0
5854,5145955824,Authentication,166,34,-26,920,0,11,0,0,0,0,0,0,720,0
5855,5145961504,Authentication,166,34,-23,920,0,11,0,0,1,0,0,0,720,0
5856,5145967287,Authentication,166,34,-26,920,0,11,0,0,1,0,0,0,720,0
5857,5145973331,Authentication,166,34,-24,920,0,11,0,0,1,0,0,0,720,0
5858,5146170429,S1G Beacon,61,34,-28,920,3,1,,,,,,,0,0
5859,5146204053,Authentication,166,34,-57,920,0,11,0,0,0,0,0,0,0,0
5860,5146212226,Authentication,166,34,-26,920,0,11,0,0,0,0,0,0,720,0
5861,5146217956,Authentication,166,34,-27,920,0,11,0,0,1,0,0,0,720,0
5862,5146223791,Authentication,166,34,-27,920,0,11,0,0,1,0,0,0,720,0
5863,5146229472,Authentication,166,34,-27,920,0,11,0,0,1,0,0,0,720,0
5864,5146466195,Authentication,166,34,-56,920,0,11,0,0,0,0,0,0,0,0
5865,5146475877,Authentication,166,34,-22,920,0,11,0,0,0,0,0,0,720,0
5866,5146481919,Authentication,166,34,-24,920,0,11,0,0,1,0,0,0,720,0
5867,5146487860,Authentication,166,34,-23,920,0,11,0,0,1,0,0,0,720,0
5868,5146493696,Authentication,166,34,-23,920,0,11,0,0,1,0,0,0,720,0
5869,5146706833,Authentication,166,34,-54,920,0,11,0,0,0,0,0,0,0,0
5870,5146715837,Authentication,166,34,-22,920,0,11,0,0,0,0,0,0,720,0
5871,5146721776,Authentication,166,34,-24,920,0,11,0,0,1,0,0,0,720,0
5872,5146727456,Authentication,166,34,-22,920,0,11,0,0,1,0,0,0,720,0
5873,5146733395,Authentication,166,34,-22,920,0,11,0,0,1,0,0,0,720,0
5874,5146897105,Data,287,34,-23,920,2,0,0,0,0,0,0,1,0,0
5875,5146959760,Authentication,166,34,-54,920,0,11,0,0,0,0,0,0,0,0
5876,5146975838,Authentication,166,34,-23,920,0,11,0,0,0,0,0,0,720,0
5877,5146981570,Authentication,166,34,-23,920,0,11,0,0,1,0,0,0,720,0
5878,5146989632,S1G Beacon,129,34,-22,920,3,1,,,,,,,0,0
5879,5146993222,Authentication,166,34,-23,920,0,11,0,0,1,0,0,0,720,0
5880,5146999056,Authentication,166,34,-23,920,0,11,0,0,1,0,0,0,720,0
5881,5147219854,Authentication,166,34,-54,920,0,11,0,0,0,0,0,0,0,0
5882,5147227404,Authentication,166,34,-24,920,0,11,0,0,0,0,0,0,720,0
5883,5147233136,Authentication,166,34,-25,920,0,11,0,0,1,0,0,0,720,0
5884,5147238919,Authentication,166,34,-24,920,0,11,0,0,1,0,0,0,720,0
5885,5147244598,Authentication,166,34,-23,920,0,11,0,0,1,0,0,0,720,0
5886,5147481996,Authentication,166,34,-54,920,0,11,0,0,0,0,0,0,0,0
5887,5147495837,Authentication,166,34,-23,920,0,11,0,0,0,0,0,0,720,0
5888,5147501826,Authentication,166,34,-22,920,0,11,0,0,1,0,0,0,720,0
5889,5147507608,Authentication,166,34,-24,920,0,11,0,0,1,0,0,0,720,0
5890,5147513495,Authentication,166,34,-25,920,0,11,0,0,1,0,0,0,720,0
5891,5147725704,Authentication,166,34,-54,920,0,11,0,0,0,0,0,0,0,0
5892,5147735854,Authentication,166,34,-24,920,0,11,0,0,0,0,0,0,720,0
5893,5147741843,Authentication,166,34,-23,920,0,11,0,0,1,0,0,0,720,0
5894,5147747678,Authentication,166,34,-23,920,0,11,0,0,1,0,0,0,720,0
5895,5147753462,Authentication,166,34,-23,920,0,11,0,0,1,0,0,0,720,0
5896,5147808838,S1G Beacon,61,34,-25,920,3,1,,,,,,,0,0
5897,5147973512,Authentication,166,34,-54,920,0,11,0,0,0,0,0,0,0,0
5898,5147985846,Authentication,166,34,-24,920,0,11,0,0,0,0,0,0,720,0
5899,5147991577,Authentication,166,34,-25,920,0,11,0,0,1,0,0,0,720,0
5900,5147997311,Authentication,166,34,-24,920,0,11,0,0,1,0,0,0,720,0
5901,5148003147,Authentication,166,34,-23,920,0,11,0,0,1,0,0,0,720,0
5902,5148235655,Authentication,166,34,-54,920,0,11,0,0,0,0,0,0,0,0
5903,5148245856,Authentication,166,34,-26,920,0,11,0,0,0,0,0,0,720,0
5904,5148251587,Authentication,166,34,-25,920,0,11,0,0,1,0,0,0,720,0
5905,5148257578,Authentication,166,34,-25,920,0,11,0,0,1,0,0,0,720,0
5906,5148263464,Authentication,166,34,-23,920,0,11,0,0,1,0,0,0,720,0
5907,5148497797,Authentication,166,34,-54,920,0,11,0,0,0,0,0,0,0,0
5908,5148505866,Authentication,166,34,-23,920,0,11,0,0,0,0,0,0,720,0
5909,5148511754,Authentication,166,34,-26,920,0,11,0,0,1,0,0,0,720,0
5910,5148517643,Authentication,166,34,-25,920,0,11,0,0,1,0,0,0,720,0
5911,5148523531,Authentication,166,34,-23,920,0,11,0,0,1,0,0,0,720,0
5912,5148628040,S1G Beacon,129,34,-23,920,3,1,,,,,,,0,0
5913,5148739458,Authentication,166,34,-54,920,0,11,0,0,0,0,0,0,0,0
5914,5148749503,Authentication,166,34,-22,920,0,11,0,0,0,0,0,0,720,0
5915,5148755546,Authentication,166,34,-23,920,0,11,0,0,1,0,0,0,720,0
5916,5148761435,Authentication,166,34,-23,920,0,11,0,0,1,0,0,0,720,0
5917,5148767218,Authentication,166,34,-22,920,0,11,0,0,1,0,0,0,720,0
5918,5148989314,Authentication,166,34,-56,920,0,11,0,0,0,0,0,0,0,0
5919,5148996083,Authentication,166,34,-22,920,0,11,0,0,0,0,0,0,720,0
5920,5149001814,Authentication,166,34,-22,920,0,11,0,0,1,0,0,0,720,0
5921,5149007597,Authentication,166,34,-23,920,0,11,0,0,1,0,0,0,720,0
5922,5149013381,Authentication,166,34,-22,920,0,11,0,0,1,0,0,0,720,0
5923,5149251456,Authentication,166,34,-54,920,0,11,0,0,0,0,0,0,0,0
5924,5149265818,Authentication,166,34,-22,920,0,11,0,0,0,0,0,0,720,0
5925,5149271601,Authentication,166,34,-21,920,0,11,0,0,1,0,0,0,720,0
5926,5149277382,Authentication,166,34,-21,920,0,11,0,0,1,0,0,0,720,0
5927,5149283116,Authentication,166,34,-22,920,0,11,0,0,1,0,0,0,720,0
5928,5149444903,QoS Data,148,34,-36,920,2,8,1,0,0,0,0,1,720,0
5930,5149447245,S1G Beacon,61,34,-20,920,3,1,,,,,,,0,0
5931,5149449345,QoS Data,148,34,-29,920,2,8,0,0,0,0,0,1,720,0
5933,5149456649,QoS Data,131,34,-21,920,2,8,1,0,0,0,0,1,720,0
5935,5149459299,QoS Data,131,34,-28,920,2,8,0,0,0,0,0,1,720,0
5937,5149513598,Authentication,166,34,-55,920,0,11,0,0,0,0,0,0,0,0
5938,5149525775,Authentication,166,34,-21,920,0,11,0,0,0,0,0,0,720,0
5939,5149531610,Authentication,166,34,-23,920,0,11,0,0,1,0,0,0,720,0
5940,5149537288,Authentication,166,34,-20,920,0,11,0,0,1,0,0,0,720,0
5941,5149543280,Authentication,166,34,-21,920,0,11,0,0,1,0,0,0,720,0
5942,5149638753,QoS Data,128,34,-29,920,2,8,1,0,0,0,0,1,720,0
5944,5149641080,QoS Data,128,34,-29,920,2,8,0,0,0,0,0,1,720,0
5946,5149757306,Authentication,166,34,-58,920,0,11,0,0,0,0,0,0,0,0
5947,5149766051,Authentication,166,34,-21,920,0,11,0,0,0,0,0,0,720,0
5948,5149771782,Authentication,166,34,-21,920,0,11,0,0,1,0,0,0,720,0
5949,5149777616,Authentication,166,34,-21,920,0,11,0,0,1,0,0,0,720,0
5950,5149783296,Authentication,166,34,-21,920,0,11,0,0,1,0,0,0,720,0
5951,5149921315,Data,287,34,-21,920,2,0,0,0,0,0,0,1,0,0
5952,5150010233,Authentication,166,34,-54,920,0,11,0,0,0,0,0,0,0,0
5953,5150023037,Authentication,166,34,-21,920,0,11,0,0,0,0,0,0,720,0
5954,5150028977,Authentication,166,34,-21,920,0,11,0,0,1,0,0,0,720,0
5955,5150035018,Authentication,166,34,-21,920,0,11,0,0,1,0,0,0,720,0
5956,5150040906,Authentication,166,34,-22,920,0,11,0,0,1,0,0,0,720,0
5957,5150266446,S1G Beacon,129,34,-21,920,3,1,,,,,,,0,0
5958,5150529399,Authentication,166,34,-55,920,0,11,0,0,0,0,0,0,0,0
5959,5150536066,Authentication,166,34,-21,920,0,11,0,0,0,0,0,0,720,0
5960,5150541796,Authentication,166,34,-22,920,0,11,0,0,1,0,0,0,720,0
5961,5150547579,Authentication,166,34,-21,920,0,11,0,0,1,0,0,0,720,0
5962,5150553520,Authentication,166,34,-20,920,0,11,0,0,1,0,0,0,720,0
5963,5150775156,Authentication,166,34,-54,920,0,11,0,0,0,0,0,0,0,0
5964,5150785825,Authentication,166,34,-21,920,0,11,0,0,0,0,0,0,720,0
5965,5150791815,Authentication,166,34,-22,920,0,11,0,0,1,0,0,0,720,0
5966,5150797494,Authentication,166,34,-21,920,0,11,0,0,1,0,0,0,720,0
5967,5150803328,Authentication,166,34,-21,920,0,11,0,0,1,0,0,0,720,0
5968,5151020916,Authentication,166,34,-55,920,0,11,0,0,0,0,0,0,0,0
5969,5151035797,Authentication,166,34,-22,920,0,11,0,0,0,0,0,0,720,0
5970,5151041789,Authentication,166,34,-22,920,0,11,0,0,1,0,0,0,720,0
5971,5151047729,Authentication,166,34,-23,920,0,11,0,0,1,0,0,0,720,0
5972,5151053772,Authentication,166,34,-21,920,0,11,0,0,1,0,0,0,720,0
5973,5151085652,S1G Beacon,61,34,-22,920,3,1,,,,,,,0,0
5974,5151283058,Authentication,166,34,-54,920,0,11,0,0,0,0,0,0,0,0
5975,5151295861,Authentication,166,34,-21,920,0,11,0,0,0,0,0,0,720,0
5976,5151301538,Authentication,166,34,-22,920,0,11,0,0,1,0,0,0,720,0
5977,5151307219,Authentication,166,34,-21,920,0,11,0,0,1,0,0,0,720,0
5978,5151312900,Authentication,166,34,-23,920,0,11,0,0,1,0,0,0,720,0
5979,5151545200,Authentication,166,34,-56,920,0,11,0,0,0,0,0,0,0,0
5980,5151555817,Authentication,166,34,-21,920,0,11,0,0,0,0,0,0,720,0
5981,5151561498,Authentication,166,34,-22,920,0,11,0,0,1,0,0,0,720,0
5982,5151567282,Authentication,166,34,-22,920,0,11,0,0,1,0,0,0,720,0
5983,5151573014,Authentication,166,34,-21,920,0,11,0,0,1,0,0,0,720,0
5984,5151782766,Authentication,166,34,-54,920,0,11,0,0,0,0,0,0,0,0
5985,5151795829,Authentication,166,34,-24,920,0,11,0,0,0,0,0,0,720,0
5986,5151801509,Authentication,166,34,-23,920,0,11,0,0,1,0,0,0,720,0
5987,5151807450,Authentication,166,34,-22,920,0,11,0,0,1,0,0,0,720,0
5988,5151813440,Authentication,166,34,-21,920,0,11,0,0,1,0,0,0,720,0
5989,5151904853,S1G Beacon,129,34,-22,920,3,1,,,,,,,0,0
5990,5152036717,Authentication,166,34,-54,920,0,11,0,0,0,0,0,0,0,0
5991,5152045826,Authentication,166,34,-22,920,0,11,0,0,0,0,0,0,720,0
5992,5152051558,Authentication,166,34,-22,920,0,11,0,0,1,0,0,0,720,0
5993,5152057601,Authentication,166,34,-22,920,0,11,0,0,1,0,0,0,720,0
5994,5152063435,Authentication,166,34,-22,920,0,11,0,0,1,0,0,0,720,0
5995,5152298859,Authentication,166,34,-54,920,0,11,0,0,0,0,0,0,0,0
5996,5152315770,Authentication,166,34,-24,920,0,11,0,0,0,0,0,0,720,0
5997,5152321657,Authentication,166,34,-25,920,0,11,0,0,1,0,0,0,720,0
5998,5152327439,Authentication,166,34,-24,920,0,11,0,0,1,0,0,0,720,0
5999,5152333379,Authentication,166,34,-23,920,0,11,0,0,1,0,0,0,720,0
6000,5152561002,Authentication,166,34,-53,920,0,11,0,0,0,0,0,0,0,0
6001,5152575833,Authentication,166,34,-27,920,0,11,0,0,0,0,0,0,720,0
6002,5152581877,Authentication,166,34,-26,920,0,11,0,0,1,0,0,0,720,0
6003,5152587921,Authentication,166,34,-27,920,0,11,0,0,1,0,0,0,720,0
6004,5152593757,Authentication,166,34,-27,920,0,11,0,0,1,0,0,0,720,0
6005,5152724058,S1G Beacon,61,34,-28,920,3,1,,,,,,,0,0
6006,5152794472,Authentication,166,34,-55,920,0,11,0,0,0,0,0,0,0,0
6007,5152805817,Authentication,166,34,-26,920,0,11,0,0,0,0,0,0,720,0
6008,5152811599,Authentication,166,34,-26,920,0,11,0,0,1,0,0,0,720,0
6009,5152817538,Authentication,166,34,-28,920,0,11,0,0,1,0,0,0,720,0
6010,5152823320,Authentication,166,34,-28,920,0,11,0,0,1,0,0,0,720,0
6011,5152945117,Data,287,34,-23,920,2,0,0,0,0,0,0,1,0,0
6012,5153052518,Authentication,166,34,-54,920,0,11,0,0,0,0,0,0,0,0
6013,5153066048,Authentication,166,34,-22,920,0,11,0,0,0,0,0,0,720,0
6014,5153071780,Authentication,166,34,-24,920,0,11,0,0,1,0,0,0,720,0
6015,5153077459,Authentication,166,34,-22,920,0,11,0,0,1,0,0,0,720,0
6016,5153083141,Authentication,166,34,-22,920,0,11,0,0,1,0,0,0,720,0
6017,5153314660,Authentication,166,34,-57,920,0,11,0,0,0,0,0,0,0,0
6018,5153325797,Authentication,166,34,-25,920,0,11,0,0,0,0,0,0,720,0
6019,5153331632,Authentication,166,34,-27,920,0,11,0,0,1,0,0,0,720,0
6020,5153337570,Authentication,166,34,-26,920,0,11,0,0,1,0,0,0,720,0
6021,5153342936,Authentication,166,34,-26,920,0,11,0,0,1,0,0,0,720,0
6022,5153543261,S1G Beacon,129,34,-24,920,3,1,,,,,,,0,0
6023,5153808224,Authentication,166,34,-53,920,0,11,0,0,0,0,0,0,0,0
6024,5153825760,Authentication,166,34,-24,920,0,11,0,0,0,0,0,0,720,0
6025,5153831596,Authentication,166,34,-23,920,0,11,0,0,1,0,0,0,720,0
6026,5153837641,Authentication,166,34,-23,920,0,11,0,0,1,0,0,0,720,0
6027,5153843372,Authentication,166,34,-24,920,0,11,0,0,1,0,0,0,720,0
6028,5154068319,Authentication,166,34,-53,920,0,11,0,0,0,0,0,0,0,0
6029,5154075816,Authentication,166,34,-23,920,0,11,0,0,0,0,0,0,720,0
6030,5154087547,Authentication,166,34,-25,920,0,11,0,0,1,0,0,0,720,0
6031,5154093277,Authentication,166,34,-22,920,0,11,0,0,1,0,0,0,720,0
6032,5154330461,Authentication,166,34,-52,920,0,11,0,0,0,0,0,0,0,0
6033,5154345865,Authentication,166,34,-22,920,0,11,0,0,0,0,0,0,720,0
6034,5154351806,Authentication,166,34,-23,920,0,11,0,0,1,0,0,0,720,0
6035,5154362465,S1G Beacon,61,34,-24,920,3,1,,,,,,,0,0
6036,5154364254,Authentication,166,34,-23,920,0,11,0,0,1,0,0,0,720,0
6037,5154370243,Authentication,166,34,-23,920,0,11,0,0,1,0,0,0,720,0
6038,5154464782,QoS Data,148,34,-42,920,2,8,1,0,0,0,0,1,720,0
6039,5154467515,QoS Data,148,34,-44,920,2,8,1,0,1,0,0,1,720,0
6041,5154469775,QoS Data,148,34,-30,920,2,8,0,0,0,0,0,1,720,0
6043,5154476505,QoS Data,131,34,-22,920,2,8,1,0,0,0,0,1,720,0
6045,5154479312,QoS Data,131,34,-30,920,2,8,0,0,0,0,0,1,720,0
6046,5154482064,QoS Data,131,34,-31,920,2,8,0,0,1,0,0,1,720,0
6048,5154578265,Authentication,166,34,-52,920,0,11,0,0,0,0,0,0,0,0
6049,5154588417,Authentication,166,34,-27,920,0,11,0,0,0,0,0,0,720,0
6050,5154594461,Authentication,166,34,-27,920,0,11,0,0,1,0,0,0,720,0
6051,5154600142,Authentication,166,34,-27,920,0,11,0,0,1,0,0,0,720,0
6052,5154605924,Authentication,166,34,-27,920,0,11,0,0,1,0,0,0,720,0
6053,5154641490,QoS Data,128,34,-38,920,2,8,1,0,1,0,0,1,720,0
6055,5154643819,QoS Data,128,34,-31,920,2,8,0,0,0,0,0,1,720,0
6057,5154827096,Authentication,166,34,-52,920,0,11,0,0,0,0,0,0,0,0
6058,5154835842,Authentication,166,34,-23,920,0,11,0,0,0,0,0,0,720,0
6059,5154841522,Authentication,166,34,-24,920,0,11,0,0,1,0,0,0,720,0
6060,5154847464,Authentication,166,34,-24,920,0,11,0,0,1,0,0,0,720,0
6061,5154853246,Authentication,166,34,-23,920,0,11,0,0,1,0,0,0,720,0
6062,5155084120,Authentication,166,34,-53,920,0,11,0,0,0,0,0,0,0,0
6063,5155095828,Authentication,166,34,-25,920,0,11,0,0,0,0,0,0,720,0
6064,5155101508,Authentication,166,34,-24,920,0,11,0,0,1,0,0,0,720,0
6065,5155107343,Authentication,166,34,-24,920,0,11,0,0,1,0,0,0,720,0
6066,5155113075,Authentication,166,34,-27,920,0,11,0,0,1,0,0,0,720,0
6067,5155181667,S1G Beacon,129,34,-23,920,3,1,,,,,,,0,0
6068,5155346262,Authentication,166,34,-52,920,0,11,0,0,0,0,0,0,0,0
6069,5155355839,Authentication,166,34,-24,920,0,11,0,0,0,0,0,0,720,0
6070,5155367720,Authentication,166,34,-25,920,0,11,0,0,1,0,0,0,720,0
6071,5155373713,Authentication,166,34,-28,920,0,11,0,0,1,0,0,0,720,0
6072,5155600210,Authentication,166,34,-53,920,0,11,0,0,0,0,0,0,0,0
6073,5155615819,Authentication,166,34,-27,920,0,11,0,0,0,0,0,0,720,0
6074,5155627593,Authentication,166,34,-25,920,0,11,0,0,1,0,0,0,720,0
6075,5155633272,Authentication,166,34,-26,920,0,11,0,0,1,0,0,0,720,0
6076,5155753494,Data,378,34,-25,920,2,0,0,0,0,0,0,1,0,0
6078,5155846994,Authentication,166,34,-54,920,0,11,0,0,0,0,0,0,0,0
6079,5155855793,Authentication,166,34,-25,920,0,11,0,0,0,0,0,0,720,0
6080,5155862097,Data,387,34,-27,920,2,0,0,0,0,0,0,1,0,0
6081,5155872563,Authentication,166,34,-26,920,0,11,0,0,1,0,0,0,720,0
6082,5155878450,Authentication,166,34,-28,920,0,11,0,0,1,0,0,0,720,0
6083,5155884494,Authentication,166,34,-24,920,0,11,0,0,1,0,0,0,720,0
6084,5155961136,Data,450,34,-28,920,2,0,0,0,0,0,0,1,0,0
6085,5155973909,Data,287,34,-25,920,2,0,0,0,0,0,0,1,0,0
6086,5156000873,S1G Beacon,61,34,-27,920,3,1,,,,,,,0,0
6087,5156065217,Data,442,34,-25,920,2,0,0,0,0,0,0,1,0,0
6088,5156099921,Authentication,166,34,-53,920,0,11,0,0,0,0,0,0,0,0
6089,5156115790,Authentication,166,34,-24,920,0,11,0,0,0,0,0,0,720,0
6090,5156121469,Authentication,166,34,-27,920,0,11,0,0,1,0,0,0,720,0
6091,5156127250,Authentication,166,34,-28,920,0,11,0,0,1,0,0,0,720,0
6092,5156132983,Authentication,166,34,-26,920,0,11,0,0,1,0,0,0,720,0
6093,5156169288,Data,387,34,-25,920,2,0,0,0,0,0,0,1,0,0
6094,5156273096,Data,426,34,-26,920,2,0,0,0,0,0,0,1,0,0
6095,5156362063,Authentication,166,34,-53,920,0,11,0,0,0,0,0,0,0,0
6096,5156376257,Authentication,166,34,-27,920,0,11,0,0,0,0,0,0,720,0
6097,5156394909,Authentication,166,34,-24,920,0,11,0,0,1,0,0,0,720,0
6098,5156400850,Authentication,166,34,-26,920,0,11,0,0,1,0,0,0,720,0
6099,5156481264,Data,387,34,-24,920,2,0,0,0,0,0,0,1,0,0
6100,5156585163,Data,446,34,-23,920,2,0,0,0,0,0,0,1,0,0
6101,5156624205,Authentication,166,34,-54,920,0,11,0,0,0,0,0,0,0,0
6102,5156634094,Authentication,166,34,-23,920,0,11,0,0,0,0,0,0,720,0
6103,5156640086,Authentication,166,34,-25,920,0,11,0,0,1,0,0,0,720,0
6104,5156646131,Authentication,166,34,-23,920,0,11,0,0,1,0,0,0,720,0
6105,5156651968,Authentication,166,34,-24,920,0,11,0,0,1,0,0,0,720,0
6106,5156689212,Data,440,34,-25,920,2,0,0,0,0,0,0,1,0,0
6107,5156793275,Data,387,34,-24,920,2,0,0,0,0,0,0,1,0,0
6108,5156820076,S1G Beacon,129,34,-23,920,3,1,,,,,,,0,0
6109,5156876105,Authentication,166,34,-56,920,0,11,0,0,0,0,0,0,0,0
6110,5156885788,Authentication,166,34,-25,920,0,11,0,0,0,0,0,0,720,0
6111,5156891569,Authentication,166,34,-23,920,0,11,0,0,1,0,0,0,720,0
6112,5156897250,Authentication,166,34,-26,920,0,11,0,0,1,0,0,0,720,0
6113,5156903555,Data,442,34,-26,920,2,0,0,0,0,0,0,1,0,0
6114,5156915505,Authentication,166,34,-23,920,0,11,0,0,1,0,0,0,720,0
6115,5156969231,Disassociation,64,34,-26,920,0,10,0,0,0,0,0,0,720,0
6116,5156972501,Disassociation,64,34,-24,920,0,10,0,0,1,0,0,0,720,0
6117,5156975513,Disassociation,64,34,-27,920,0,10,0,0,1,0,0,0,720,0
6118,5156978524,Disassociation,64,34,-23,920,0,10,0,0,1,0,0,0,720,0
6119,5157001244,Data,452,34,-27,920,2,0,0,0,0,0,0,1,0,0
6120,5157115722,Authentication,166,34,-57,920,0,11,0,0,0,0,0,0,0,0
6121,5157125820,Authentication,166,34,-24,920,0,11,0,0,0,0,0,0,720,0
6122,5157131604,Authentication,166,34,-24,920,0,11,0,0,1,0,0,0,720,0
6123,5157137335,Authentication,166,34,-24,920,0,11,0,0,1,0,0,0,720,0
6124,5157143221,Authentication,166,34,-24,920,0,11,0,0,1,0,0,0,720,0
6125,5157377864,Authentication,166,34,-54,920,0,11,0,0,0,0,0,0,0,0
6126,5157395761,Authentication,166,34,-24,920,0,11,0,0,0,0,0,0,720,0
6127,5157401494,Authentication,166,34,-24,920,0,11,0,0,1,0,0,0,720,0
6128,5157407278,Authentication,166,34,-25,920,0,11,0,0,1,0,0,0,720,0
6129,5157413061,Authentication,166,34,-26,920,0,11,0,0,1,0,0,0,720,0
6130,5157639279,S1G Beacon,61,34,-23,920,3,1,,,,,,,0,0
6131,5157887811,Authentication,166,34,-56,920,0,11,0,0,0,0,0,0,0,0
6132,5157901550,Authentication,166,34,-25,920,0,11,0,0,0,0,0,0,720,0
6133,5157907436,Authentication,166,34,-25,920,0,11,0,0,1,0,0,0,720,0
6134,5157913376,Authentication,166,34,-23,920,0,11,0,0,1,0,0,0,720,0
6135,5157919209,Authentication,166,34,-27,920,0,11,0,0,1,0,0,0,720,0
6136,5158131523,Authentication,166,34,-56,920,0,11,0,0,0,0,0,0,0,0
6137,5158145834,Authentication,166,34,-26,920,0,11,0,0,0,0,0,0,720,0
6138,5158151773,Authentication,166,34,-28,920,0,11,0,0,1,0,0,0,720,0
6139,5158157661,Authentication,166,34,-26,920,0,11,0,0,1,0,0,0,720,0
6140,5158163497,Authentication,166,34,-26,920,0,11,0,0,1,0,0,0,720,0
6141,5158393665,Authentication,166,34,-54,920,0,11,0,0,0,0,0,0,0,0
6142,5158401579,Authentication,166,34,-24,920,0,11,0,0,0,0,0,0,720,0
6143,5158407309,Authentication,166,34,-24,920,0,11,0,0,1,0,0,0,720,0
6144,5158413146,Authentication,166,34,-26,920,0,11,0,0,1,0,0,0,720,0
6145,5158419035,Authentication,166,34,-26,920,0,11,0,0,1,0,0,0,720,0
6146,5158458482,S1G Beacon,129,34,-23,920,3,1,,,,,,,0,0
6147,5158655807,Authentication,166,34,-57,920,0,11,0,0,0,0,0,0,0,0
6148,5158665803,Authentication,166,34,-27,920,0,11,0,0,0,0,0,0,720,0
6149,5158671795,Authentication,166,34,-23,920,0,11,0,0,1,0,0,0,720,0
6150,5158677475,Authentication,166,34,-23,920,0,11,0,0,1,0,0,0,720,0
6151,5158683520,Authentication,166,34,-27,920,0,11,0,0,1,0,0,0,720,0
6152,5158895420,Authentication,166,34,-56,920,0,11,0,0,0,0,0,0,0,0
6153,5158905830,Authentication,166,34,-24,920,0,11,0,0,0,0,0,0,720,0
6154,5158911872,Authentication,166,34,-23,920,0,11,0,0,1,0,0,0,720,0
6155,5158917864,Authentication,166,34,-25,920,0,11,0,0,1,0,0,0,720,0
6156,5158923646,Authentication,166,34,-27,920,0,11,0,0,1,0,0,0,720,0
6157,5158993181,Data,287,34,-24,920,2,0,0,0,0,0,0,1,0,0
6158,5159277683,S1G Beacon,61,34,-25,920,3,1,,,,,,,0,0
6159,5159409467,Authentication,166,34,-57,920,0,11,0,0,0,0,0,0,0,0
6160,5159425753,Authentication,166,34,-24,920,0,11,0,0,0,0,0,0,720,0
6161,5159431536,Authentication,166,34,-24,920,0,11,0,0,1,0,0,0,720,0
6162,5159437422,Authentication,166,34,-24,920,0,11,0,0,1,0,0,0,720,0
6163,5159443103,Authentication,166,34,-23,920,0,11,0,0,1,0,0,0,720,0
6164,5159494950,QoS Data,149,34,-37,920,2,8,1,0,0,0,0,1,720,0
6166,5159497157,QoS Data,149,34,-29,920,2,8,0,0,0,0,0,1,720,0
6168,5159504253,QoS Data,131,34,-24,920,2,8,1,0,0,0,0,1,720,0
6170,5159506374,QoS Data,131,34,-30,920,2,8,0,0,0,0,0,1,720,0
6172,5159637384,QoS Data,128,34,-37,920,2,8,1,0,0,0,0,1,720,0
6174,5159639711,QoS Data,128,34,-30,920,2,8,0,0,0,0,0,1,720,0
6176,5159671608,Authentication,166,34,-52,920,0,11,0,0,0,0,0,0,0,0
6177,5159911222,Authentication,166,34,-53,920,0,11,0,0,0,0,0,0,0,0
6178,5159925793,Authentication,166,34,-24,920,0,11,0,0,0,0,0,0,720,0
6179,5159931730,Authentication,166,34,-24,920,0,11,0,0,1,0,0,0,720,0
6180,5159937411,Authentication,166,34,-23,920,0,11,0,0,1,0,0,0,720,0
6181,5159943244,Authentication,166,34,-24,920,0,11,0,0,1,0,0,0,720,0
6182,5160096887,S1G Beacon,129,34,-23,920,3,1,,,,,,,0,0
6183,5160163125,Authentication,166,34,-57,920,0,11,0,0,0,0,0,0,0,0
6184,5160175823,Authentication,166,34,-23,920,0,11,0,0,0,0,0,0,720,0
6185,5160181605,Authentication,166,34,-23,920,0,11,0,0,1,0,0,0,720,0
6186,5160187388,Authentication,166,34,-24,920,0,11,0,0,1,0,0,0,720,0
6187,5160193433,Authentication,166,34,-26,920,0,11,0,0,1,0,0,0,720,0
6188,5160425267,Authentication,166,34,-57,920,0,11,0,0,0,0,0,0,0,0
6189,5160435988,Authentication,166,34,-23,920,0,11,0,0,0,0,0,0,720,0
6190,5160442033,Authentication,166,34,-24,920,0,11,0,0,1,0,0,0,720,0
6191,5160447815,Authentication,166,34,-23,920,0,11,0,0,1,0,0,0,720,0
6192,5160453494,Authentication,166,34,-24,920,0,11,0,0,1,0,0,0,720,0
6193,5160681263,Authentication,166,34,-56,920,0,11,0,0,0,0,0,0,0,0
6194,5160695418,Authentication,166,34,-24,920,0,11,0,0,0,0,0,0,720,0
6195,5160701307,Authentication,166,34,-23,920,0,11,0,0,1,0,0,0,720,0
6196,5160707037,Authentication,166,34,-23,920,0,11,0,0,1,0,0,0,720,0
6197,5160712874,Authentication,166,34,-23,920,0,11,0,0,1,0,0,0,720,0
6198,5160916090,S1G Beacon,61,34,-24,920,3,1,,,,,,,0,0
6199,5161178926,Authentication,166,34,-58,920,0,11,0,0,0,0,0,0,0,0
6200,5161195733,Authentication,166,34,-24,920,0,11,0,0,0,0,0,0,720,0
6201,5161201568,Authentication,166,34,-23,920,0,11,0,0,1,0,0,0,720,0
6202,5161207351,Authentication,166,34,-23,920,0,11,0,0,1,0,0,0,720,0
6203,5161213133,Authentication,166,34,-24,920,0,11,0,0,1,0,0,0,720,0
6204,5161441068,Authentication,166,34,-54,920,0,11,0,0,0,0,0,0,0,0
6205,5161457198,Authentication,166,34,-23,920,0,11,0,0,0,0,0,0,720,0
6206,5161463242,Authentication,166,34,-23,920,0,11,0,0,1,0,0,0,720,0
6207,5161469232,Authentication,166,34,-23,920,0,11,0,0,1,0,0,0,720,0
6208,5161475120,Authentication,166,34,-24,920,0,11,0,0,1,0,0,0,720,0
6209,5161735294,S1G Beacon,129,34,-23,920,3,1,,,,,,,0,0
6210,5161938728,Authentication,166,34,-56,920,0,11,0,0,0,0,0,0,0,0
6211,5161951843,Authentication,166,34,-23,920,0,11,0,0,0,0,0,0,720,0
6212,5161957625,Authentication,166,34,-23,920,0,11,0,0,1,0,0,0,720,0
6213,5161963617,Authentication,166,34,-24,920,0,11,0,0,1,0,0,0,720,0
6214,5161969556,Authentication,166,34,-24,920,0,11,0,0,1,0,0,0,720,0
6215,5162017199,Data,287,34,-23,920,2,0,0,0,0,0,0,1,0,0
6216,5162194727,Authentication,166,34,-56,920,0,11,0,0,0,0,0,0,0,0
6217,5162202954,Authentication,166,34,-23,920,0,11,0,0,0,0,0,0,720,0
6218,5162208634,Authentication,166,34,-23,920,0,11,0,0,1,0,0,0,720,0
6219,5162214365,Authentication,166,34,-23,920,0,11,0,0,1,0,0,0,720,0
6220,5162220147,Authentication,166,34,-24,920,0,11,0,0,1,0,0,0,720,0
6221,5162456870,Authentication,166,34,-53,920,0,11,0,0,0,0,0,0,0,0
6222,5162471712,Authentication,166,34,-24,920,0,11,0,0,1,0,0,0,720,0
6223,5162483695,Authentication,166,34,-24,920,0,11,0,0,1,0,0,0,720,0
6224,5162554496,S1G Beacon,61,34,-23,920,3,1,,,,,,,0,0
6225,5162717984,Authentication,166,34,-56,920,0,11,0,0,0,0,0,0,0,0
6226,5162725795,Authentication,166,34,-23,920,0,11,0,0,0,0,0,0,720,0
6227,5162737837,Authentication,166,34,-24,920,0,11,0,0,1,0,0,0,720,0
6228,5162743569,Authentication,166,34,-27,920,0,11,0,0,1,0,0,0,720,0
6229,5162961696,Authentication,166,34,-54,920,0,11,0,0,0,0,0,0,0,0
6230,5162975786,Authentication,166,34,-26,920,0,11,0,0,0,0,0,0,720,0
6231,5162981828,Authentication,166,34,-26,920,0,11,0,0,1,0,0,0,720,0
6232,5162987664,Authentication,166,34,-25,920,0,11,0,0,1,0,0,0,720,0
6233,5162993502,Authentication,166,34,-26,920,0,11,0,0,1,0,0,0,720,0
6234,5163210528,Authentication,166,34,-57,920,0,11,0,0,0,0,0,0,0,0
6235,5163225776,Authentication,166,34,-22,920,0,11,0,0,0,0,0,0,720,0
6236,5163231767,Authentication,166,34,-24,920,0,11,0,0,1,0,0,0,720,0
6237,5163237604,Authentication,166,34,-23,920,0,11,0,0,1,0,0,0,720,0
6238,5163243596,Authentication,166,34,-27,920,0,11,0,0,1,0,0,0,720,0
6239,5163373701,S1G Beacon,129,34,-24,920,3,1,,,,,,,0,0
6240,5163472671,Authentication,166,34,-53,920,0,11,0,0,0,0,0,0,0,0
6241,5163485786,Authentication,166,34,-24,920,0,11,0,0,0,0,0,0,720,0
6242,5163491673,Authentication,166,34,-24,920,0,11,0,0,1,0,0,0,720,0
6243,5163497456,Authentication,166,34,-23,920,0,11,0,0,1,0,0,0,720,0
6244,5163503445,Authentication,166,34,-22,920,0,11,0,0,1,0,0,0,720,0
6245,5163728666,Authentication,166,34,-56,920,0,11,0,0,0,0,0,0,0,0
6246,5163736008,Authentication,166,34,-23,920,0,11,0,0,0,0,0,0,720,0
6247,5163741792,Authentication,166,34,-24,920,0,11,0,0,1,0,0,0,720,0
6248,5163747730,Authentication,166,34,-26,920,0,11,0,0,1,0,0,0,720,0
6249,5163753566,Authentication,166,34,-23,920,0,11,0,0,1,0,0,0,720,0
6250,5163982617,Authentication,166,34,-56,920,0,11,0,0,0,0,0,0,0,0
6251,5163995784,Authentication,166,34,-23,920,0,11,0,0,0,0,0,0,720,0
6252,5164001515,Authentication,166,34,-23,920,0,11,0,0,1,0,0,0,720,0
6253,5164007454,Authentication,166,34,-22,920,0,11,0,0,1,0,0,0,720,0
6254,5164013236,Authentication,166,34,-24,920,0,11,0,0,1,0,0,0,720,0
6255,5164192906,S1G Beacon,61,34,-23,920,3,1,,,,,,,0,0
6256,5164226329,Authentication,166,34,-57,920,0,11,0,0,0,0,0,0,0,0
6257,5164235754,Authentication,166,34,-22,920,0,11,0,0,0,0,0,0,720,0
6258,5164241434,Authentication,166,34,-25,920,0,11,0,0,1,0,0,0,720,0
6259,5164252636,Authentication,166,34,-24,920,0,11,0,0,1,0,0,0,720,0
6260,5164488472,Authentication,166,34,-52,920,0,11,0,0,0,0,0,0,0,0
6261,5164497477,Authentication,166,34,-26,920,0,11,0,0,0,0,0,0,720,0
6262,5164503365,Authentication,166,34,-25,920,0,11,0,0,1,0,0,0,720,0
6263,5164509304,Authentication,166,34,-24,920,0,11,0,0,1,0,0,0,720,0
6264,5164515088,Authentication,166,34,-28,920,0,11,0,0,1,0,0,0,720,0
6265,5164523963,RTS,54,34,-29,920,1,11,,,,0,0,0,2452,0
6267,5164525586,QoS Data,149,34,-35,920,2,8,1,0,1,0,0,1,720,0
6269,5164528105,QoS Data,149,34,-30,920,2,8,0,0,0,0,0,1,720,0
6271,5164535980,QoS Data,131,34,-24,920,2,8,1,0,0,0,0,1,720,0
6273,5164538516,QoS Data,131,34,-31,920,2,8,0,0,0,0,0,1,720,0
6275,5164637222,QoS Data,128,34,-34,920,2,8,1,0,0,0,0,1,720,0
6277,5164640173,QoS Data,128,34,-29,920,2,8,0,0,0,0,0,1,720,0
6279,5164750614,Authentication,166,34,-53,920,0,11,0,0,0,0,0,0,0,0
6280,5164766014,Authentication,166,34,-23,920,0,11,0,0,0,0,0,0,720,0
6281,5164772058,Authentication,166,34,-24,920,0,11,0,0,1,0,0,0,720,0
6282,5164778102,Authentication,166,34,-26,920,0,11,0,0,1,0,0,0,720,0
6283,5164784095,Authentication,166,34,-24,920,0,11,0,0,1,0,0,0,720,0
6284,5164989203,Authentication,166,34,-53,920,0,11,0,0,0,0,0,0,0,0
6285,5165001486,Authentication,166,34,-23,920,0,11,0,0,0,0,0,0,720,0
6286,5165012107,S1G Beacon,129,34,-23,920,3,1,,,,,,,0,0
6287,5165015695,Authentication,166,34,-23,920,0,11,0,0,1,0,0,0,720,0
6288,5165021532,Authentication,166,34,-24,920,0,11,0,0,1,0,0,0,720,0
6289,5165027263,Authentication,166,34,-25,920,0,11,0,0,1,0,0,0,720,0
6290,5165041211,Data,287,34,-23,920,2,0,0,0,0,0,0,1,0,0
6291,5165242131,Authentication,166,34,-52,920,0,11,0,0,0,0,0,0,0,0
6292,5165255765,Authentication,166,34,-22,920,0,11,0,0,0,0,0,0,720,0
6293,5165267485,Authentication,166,34,-24,920,0,11,0,0,1,0,0,0,720,0
6294,5165273165,Authentication,166,34,-27,920,0,11,0,0,1,0,0,0,720,0
6295,5165504273,Authentication,166,34,-53,920,0,11,0,0,0,0,0,0,0,0
6296,5165515776,Authentication,166,34,-25,920,0,11,0,0,0,0,0,0,720,0
6297,5165521611,Authentication,166,34,-27,920,0,11,0,0,1,0,0,0,720,0
6298,5165533229,Authentication,166,34,-24,920,0,11,0,0,1,0,0,0,720,0
6299,5165766415,Authentication,166,34,-54,920,0,11,0,0,0,0,0,0,0,0
6300,5165775783,Authentication,166,34,-23,920,0,11,0,0,0,0,0,0,720,0
6301,5165787609,Authentication,166,34,-27,920,0,11,0,0,1,0,0,0,720,0
6302,5165793653,Authentication,166,34,-23,920,0,11,0,0,1,0,0,0,720,0
6303,5165831313,S1G Beacon,61,34,-24,920,3,1,,,,,,,0,0
6304,5166002956,Authentication,166,34,-52,920,0,11,0,0,0,0,0,0,0,0
6305,5166015758,Authentication,166,34,-23,920,0,11,0,0,0,0,0,0,720,0
6306,5166021751,Authentication,166,34,-28,920,0,11,0,0,1,0,0,0,720,0
6307,5166033836,Authentication,166,34,-25,920,0,11,0,0,1,0,0,0,720,0
6308,5166257932,Authentication,166,34,-53,920,0,11,0,0,0,0,0,0,0,0
6309,5166266000,Authentication,166,34,-23,920,0,11,0,0,0,0,0,0,720,0
6310,5166271836,Authentication,166,34,-23,920,0,11,0,0,1,0,0,0,720,0
6311,5166277202,Authentication,166,34,-27,920,0,11,0,0,1,0,0,0,720,0
6312,5166282879,Authentication,166,34,-26,920,0,11,0,0,1,0,0,0,720,0
6313,5166520074,Authentication,166,34,-52,920,0,11,0,0,0,0,0,0,0,0
6314,5166535735,Authentication,166,34,-22,920,0,11,0,0,0,0,0,0,720,0
6315,5166541413,Authentication,166,34,-22,920,0,11,0,0,1,0,0,0,720,0
6316,5166547095,Authentication,166,34,-22,920,0,11,0,0,1,0,0,0,720,0
6317,5166552825,Authentication,166,34,-22,920,0,11,0,0,1,0,0,0,720,0
6318,5166650516,S1G Beacon,129,34,-23,920,3,1,,,,,,,0,0
6319,5166782216,Authentication,166,34,-52,920,0,11,0,0,0,0,0,0,0,0
6320,5166801479,Authentication,166,34,-23,920,0,11,0,0,1,0,0,0,720,0
6321,5166807210,Authentication,166,34,-23,920,0,11,0,0,1,0,0,0,720,0
6322,5166813254,Authentication,166,34,-22,920,0,11,0,0,1,0,0,0,720,0
6324,5167023877,Authentication,166,34,-51,920,0,11,0,0,0,0,0,0,0,0
6325,5167036002,Authentication,166,34,-24,920,0,11,0,0,0,0,0,0,720,0
6326,5167047310,Authentication,166,34,-24,920,0,11,0,0,1,0,0,0,720,0
6327,5167052988,Authentication,166,34,-23,920,0,11,0,0,1,0,0,0,720,0
6329,5167285807,Authentication,166,34,-27,920,0,11,0,0,0,0,0,0,720,0
6330,5167291541,Authentication,166,34,-27,920,0,11,0,0,1,0,0,0,720,0
6331,5167297065,Authentication,166,34,-26,920,0,11,0,0,1,0,0,0,720,0
6332,5167302952,Authentication,166,34,-26,920,0,11,0,0,1,0,0,0,720,0
6333,5167469718,S1G Beacon,61,34,-27,920,3,1,,,,,,,0,0
6334,5167535875,Authentication,166,34,-54,920,0,11,0,0,0,0,0,0,0,0
6335,5167795965,Authentication,166,34,-52,920,0,11,0,0,0,0,0,0,0,0
6336,5167805958,Authentication,166,34,-28,920,0,11,0,0,0,0,0,0,720,0
6337,5167811897,Authentication,166,34,-27,920,0,11,0,0,1,0,0,0,720,0
6338,5167817834,Authentication,166,34,-28,920,0,11,0,0,1,0,0,0,720,0
6339,5167823513,Authentication,166,34,-27,920,0,11,0,0,1,0,0,0,720,0
6340,5168034559,Authentication,166,34,-51,920,0,11,0,0,0,0,0,0,0,0
6341,5168065223,Data,287,34,-22,920,2,0,0,0,0,0,0,1,0,0
6342,5168288920,S1G Beacon,129,34,-23,920,3,1,,,,,,,0,0
6343,5168551675,Authentication,166,34,-52,920,0,11,0,0,0,0,0,0,0,0
6344,5168565776,Authentication,166,34,-21,920,0,11,0,0,0,0,0,0,720,0
6345,5168571561,Authentication,166,34,-22,920,0,11,0,0,1,0,0,0,720,0
6346,5168577240,Authentication,166,34,-23,920,0,11,0,0,1,0,0,0,720,0
6347,5168583021,Authentication,166,34,-22,920,0,11,0,0,1,0,0,0,720,0
6348,5168806647,Authentication,166,34,-51,920,0,11,0,0,0,0,0,0,0,0
6349,5168815810,Authentication,166,34,-22,920,0,11,0,0,0,0,0,0,720,0
6350,5168821853,Authentication,166,34,-22,920,0,11,0,0,1,0,0,0,720,0
6351,5168827846,Authentication,166,34,-21,920,0,11,0,0,1,0,0,0,720,0
6352,5168833524,Authentication,166,34,-22,920,0,11,0,0,1,0,0,0,720,0
6353,5169048312,Authentication,166,34,-52,920,0,11,0,0,0,0,0,0,0,0
6354,5169065687,Authentication,166,34,-22,920,0,11,0,0,0,0,0,0,720,0
6355,5169071523,Authentication,166,34,-21,920,0,11,0,0,1,0,0,0,720,0
6356,5169077201,Authentication,166,34,-23,920,0,11,0,0,1,0,0,0,720,0
6357,5169082982,Authentication,166,34,-22,920,0,11,0,0,1,0,0,0,720,0
6358,5169108125,S1G Beacon,61,34,-22,920,3,1,,,,,,,0,0
6359,5169305335,Authentication,166,34,-56,920,0,11,0,0,0,0,0,0,0,0
6360,5169315744,Authentication,166,34,-22,920,0,11,0,0,0,0,0,0,720,0
6361,5169321474,Authentication,166,34,-22,920,0,11,0,0,1,0,0,0,720,0
6362,5169327311,Authentication,166,34,-22,920,0,11,0,0,1,0,0,0,720,0
6363,5169332417,Authentication,166,34,-22,920,0,11,0,0,1,0,0,0,720,0
6364,5169548094,QoS Data,148,34,-37,920,2,8,1,0,1,0,0,1,720,0
6366,5169550196,QoS Data,148,34,-29,920,2,8,0,0,0,0,0,1,720,0
6368,5169556977,QoS Data,131,34,-22,920,2,8,1,0,0,0,0,1,720,0
6370,5169559723,QoS Data,131,34,-29,920,2,8,0,0,0,0,0,1,720,0
6372,5169567477,Authentication,166,34,-52,920,0,11,0,0,0,0,0,0,0,0
6373,5169575755,Authentication,166,34,-22,920,0,11,0,0,0,0,0,0,720,0
6374,5169581591,Authentication,166,34,-21,920,0,11,0,0,1,0,0,0,720,0
6375,5169587581,Authentication,166,34,-21,920,0,11,0,0,1,0,0,0,720,0
6376,5169593519,Authentication,166,34,-22,920,0,11,0,0,1,0,0,0,720,0
6377,5169637148,QoS Data,128,34,-37,920,2,8,1,0,0,0,0,1,720,0
6379,5169639578,QoS Data,128,34,-26,920,2,8,0,0,0,0,0,1,720,0
6381,5169816306,Authentication,166,34,-52,920,0,11,0,0,0,0,0,0,0,0
6382,5169825779,Authentication,166,34,-22,920,0,11,0,0,0,0,0,0,720,0
6383,5169837293,Authentication,166,34,-22,920,0,11,0,0,1,0,0,0,720,0
6384,5169843234,Authentication,166,34,-22,920,0,11,0,0,1,0,0,0,720,0
6385,5169927330,S1G Beacon,129,34,-21,920,3,1,,,,,,,0,0
6386,5170058994,Authentication,166,34,-52,920,0,11,0,0,0,0,0,0,0,0
6387,5170075694,Authentication,166,34,-22,920,0,11,0,0,0,0,0,0,720,0
6388,5170081479,Authentication,166,34,-21,920,0,11,0,0,1,0,0,0,720,0
6389,5170093204,Authentication,166,34,-24,920,0,11,0,0,1,0,0,0,720,0
6390,5170321135,Authentication,166,34,-52,920,0,11,0,0,0,0,0,0,0,0
6391,5170335966,Authentication,166,34,-22,920,0,11,0,0,0,0,0,0,720,0
6392,5170341958,Authentication,166,34,-21,920,0,11,0,0,1,0,0,0,720,0
6393,5170347690,Authentication,166,34,-22,920,0,11,0,0,1,0,0,0,720,0
6394,5170353577,Authentication,166,34,-21,920,0,11,0,0,1,0,0,0,720,0
6395,5170583278,Authentication,166,34,-54,920,0,11,0,0,0,0,0,0,0,0
6396,5170595767,Authentication,166,34,-22,920,0,11,0,0,0,0,0,0,720,0
6397,5170601766,Authentication,166,34,-22,920,0,11,0,0,1,0,0,0,720,0
6398,5170613333,Authentication,166,34,-22,920,0,11,0,0,1,0,0,0,720,0
6399,5170746533,S1G Beacon,61,34,-22,920,3,1,,,,,,,0,0
6400,5170835177,Authentication,166,34,-52,920,0,11,0,0,0,0,0,0,0,0
6401,5170843328,Authentication,166,34,-21,920,0,11,0,0,0,0,0,0,720,0
6402,5170849006,Authentication,166,34,-22,920,0,11,0,0,1,0,0,0,720,0
6403,5170854736,Authentication,166,34,-21,920,0,11,0,0,1,0,0,0,720,0
6404,5170860415,Authentication,166,34,-21,920,0,11,0,0,1,0,0,0,720,0
6405,5171084009,Authentication,166,34,-52,920,0,11,0,0,0,0,0,0,0,0
6406,5171095717,Authentication,166,34,-22,920,0,11,0,0,0,0,0,0,720,0
6407,5171102020,Data,287,34,-21,920,2,0,0,0,0,0,0,1,0,0
6408,5171109808,Authentication,166,34,-20,920,0,11,0,0,1,0,0,0,720,0
6409,5171115642,Authentication,166,34,-21,920,0,11,0,0,1,0,0,0,720,0
6410,5171121634,Authentication,166,34,-21,920,0,11,0,0,1,0,0,0,720,0
6411,5171336937,Authentication,166,34,-53,920,0,11,0,0,0,0,0,0,0,0
6412,5171345942,Authentication,166,34,-21,920,0,11,0,0,0,0,0,0,720,0
6413,5171351206,Authentication,166,34,-21,920,0,11,0,0,1,0,0,0,720,0
6414,5171356991,Authentication,166,34,-21,920,0,11,0,0,1,0,0,0,720,0
6415,5171362826,Authentication,166,34,-21,920,0,11,0,0,1,0,0,0,720,0
6416,5171565735,S1G Beacon,129,34,-21,920,3,1,,,,,,,0,0
6417,5171599079,Authentication,166,34,-51,920,0,11,0,0,0,0,0,0,0,0
6418,5171615677,Authentication,166,34,-22,920,0,11,0,0,0,0,0,0,720,0
6419,5171621512,Authentication,166,34,-20,920,0,11,0,0,1,0,0,0,720,0
6420,5171627555,Authentication,166,34,-21,920,0,11,0,0,1,0,0,0,720,0
6421,5171633337,Authentication,166,34,-22,920,0,11,0,0,1,0,0,0,720,0
6422,5171678275,Disassociation,64,34,-22,920,0,10,0,0,0,0,0,0,720,0
6423,5171681287,Disassociation,64,34,-21,920,0,10,0,0,1,0,0,0,720,0
6424,5171684557,Disassociation,64,34,-22,920,0,10,0,0,1,0,0,0,720,0
6425,5171687567,Disassociation,64,34,-22,920,0,10,0,0,1,0,0,0,720,0
6426,5171850978,Authentication,166,34,-52,920,0,11,0,0,0,0,0,0,0,0
6427,5171865756,Authentication,166,34,-23,920,0,11,0,0,0,0,0,0,720,0
6428,5171877163,Authentication,166,34,-24,920,0,11,0,0,1,0,0,0,720,0
6429,5171882999,Authentication,166,34,-27,920,0,11,0,0,1,0,0,0,720,0
6430,5172103907,Authentication,166,34,-51,920,0,11,0,0,0,0,0,0,0,0
6431,5172352738,Authentication,166,34,-56,920,0,11,0,0,0,0,0,0,0,0
6432,5172365749,Authentication,166,34,-28,920,0,11,0,0,0,0,0,0,720,0
6433,5172371636,Authentication,166,34,-26,920,0,11,0,0,1,0,0,0,720,0
6434,5172377677,Authentication,166,34,-27,920,0,11,0,0,1,0,0,0,720,0
6435,5172384937,S1G Beacon,61,34,-29,920,3,1,,,,,,,0,0
6436,5172386723,Authentication,166,34,-28,920,0,11,0,0,1,0,0,0,720,0
6437,5172614880,Authentication,166,34,-52,920,0,11,0,0,0,0,0,0,0,0
6438,5172625705,Authentication,166,34,-23,920,0,11,0,0,0,0,0,0,720,0
6439,5172637427,Authentication,166,34,-24,920,0,11,0,0,1,0,0,0,720,0
6440,5172643368,Authentication,166,34,-25,920,0,11,0,0,1,0,0,0,720,0
6441,5172864731,Authentication,166,34,-58,920,0,11,0,0,0,0,0,0,0,0
6442,5172875817,Authentication,166,34,-23,920,0,11,0,0,0,0,0,0,720,0
6443,5172881601,Authentication,166,34,-23,920,0,11,0,0,1,0,0,0,720,0
6444,5172887385,Authentication,166,34,-24,920,0,11,0,0,1,0,0,0,720,0
6445,5172893221,Authentication,166,34,-23,920,0,11,0,0,1,0,0,0,720,0
6446,5173112539,Authentication,166,34,-54,920,0,11,0,0,0,0,0,0,0,0
6447,5173125705,Authentication,166,34,-22,920,0,11,0,0,0,0,0,0,720,0
6448,5173131542,Authentication,166,34,-21,920,0,11,0,0,1,0,0,0,720,0
6449,5173137223,Authentication,166,34,-22,920,0,11,0,0,1,0,0,0,720,0
6450,5173143164,Authentication,166,34,-22,920,0,11,0,0,1,0,0,0,720,0
6451,5173204141,S1G Beacon,129,34,-22,920,3,1,,,,,,,0,0
6452,5173368539,Authentication,166,34,-54,920,0,11,0,0,0,0,0,0,0,0
6453,5173385762,Authentication,166,34,-24,920,0,11,0,0,0,0,0,0,720,0
6454,5173391130,Authentication,166,34,-24,920,0,11,0,0,1,0,0,0,720,0
6455,5173397174,Authentication,166,34,-23,920,0,11,0,0,1,0,0,0,720,0
6456,5173403008,Authentication,166,34,-23,920,0,11,0,0,1,0,0,0,720,0
6458,5173630681,Authentication,166,34,-53,920,0,11,0,0,0,0,0,0,0,0
6459,5173645720,Authentication,166,34,-23,920,0,11,0,0,0,0,0,0,720,0
6460,5173651397,Authentication,166,34,-24,920,0,11,0,0,1,0,0,0,720,0
6461,5173657127,Authentication,166,34,-25,920,0,11,0,0,1,0,0,0,720,0
6462,5173663119,Authentication,166,34,-23,920,0,11,0,0,1,0,0,0,720,0
6463,5173892824,Authentication,166,34,-53,920,0,11,0,0,0,0,0,0,0,0
6464,5173901723,Authentication,166,34,-23,920,0,11,0,0,0,0,0,0,720,0
6465,5173907714,Authentication,166,34,-26,920,0,11,0,0,1,0,0,0,720,0
6466,5173913758,Authentication,166,34,-26,920,0,11,0,0,1,0,0,0,720,0
6467,5173919540,Authentication,166,34,-27,920,0,11,0,0,1,0,0,0,720,0
6468,5174023346,S1G Beacon,61,34,-24,920,3,1,,,,,,,0,0
6469,5174113221,Data,287,34,-24,920,2,0,0,0,0,0,0,1,0,0
6470,5174135508,Authentication,166,34,-53,920,0,11,0,0,0,0,0,0,0,0
6471,5174145711,Authentication,166,34,-24,920,0,11,0,0,0,0,0,0,720,0
6472,5174151547,Authentication,166,34,-27,920,0,11,0,0,1,0,0,0,720,0
6473,5174157537,Authentication,166,34,-26,920,0,11,0,0,1,0,0,0,720,0
6474,5174163215,Authentication,166,34,-27,920,0,11,0,0,1,0,0,0,720,0
6475,5174386388,Authentication,166,34,-56,920,0,11,0,0,0,0,0,0,0,0
6476,5174395705,Authentication,166,34,-28,920,0,11,0,0,0,0,0,0,720,0
6477,5174401488,Authentication,166,34,-26,920,0,11,0,0,1,0,0,0,720,0
6478,5174407272,Authentication,166,34,-25,920,0,11,0,0,1,0,0,0,720,0
6479,5174413160,Authentication,166,34,-27,920,0,11,0,0,1,0,0,0,720,0
6480,5174574542,QoS Data,149,34,-38,920,2,8,1,0,0,0,0,1,720,0
6482,5174577010,QoS Data,149,34,-30,920,2,8,0,0,0,0,0,1,720,0
6484,5174583894,QoS Data,131,34,-19,920,2,8,1,0,0,0,0,1,720,0
6486,5174586637,QoS Data,131,34,-30,920,2,8,0,0,0,0,0,1,720,0
6488,5174637608,QoS Data,128,34,-38,920,2,8,1,0,0,0,0,1,720,0
6490,5174640404,QoS Data,128,34,-32,920,2,8,0,0,0,0,0,1,720,0
6492,5174842550,S1G Beacon,129,34,-23,920,3,1,,,,,,,0,0
6493,5174908625,Authentication,166,34,-54,920,0,11,0,0,0,0,0,0,0,0
6494,5174925637,Authentication,166,34,-22,920,0,11,0,0,0,0,0,0,720,0
6495,5174931369,Authentication,166,34,-22,920,0,11,0,0,1,0,0,0,720,0
6496,5174937202,Authentication,166,34,-22,920,0,11,0,0,1,0,0,0,720,0
6497,5174943245,Authentication,166,34,-23,920,0,11,0,0,1,0,0,0,720,0
6498,5175157451,Authentication,166,34,-56,920,0,11,0,0,0,0,0,0,0,0
6499,5175166145,Authentication,166,34,-21,920,0,11,0,0,0,0,0,0,720,0
6500,5175171877,Authentication,166,34,-21,920,0,11,0,0,1,0,0,0,720,0
6501,5175177558,Authentication,166,34,-21,920,0,11,0,0,1,0,0,0,720,0
6502,5175183343,Authentication,166,34,-21,920,0,11,0,0,1,0,0,0,720,0
6503,5175400141,Authentication,166,34,-50,920,0,11,0,0,0,0,0,0,0,0
6504,5175415699,Authentication,166,34,-22,920,0,11,0,0,0,0,0,0,720,0
6505,5175421532,Authentication,166,34,-22,920,0,11,0,0,1,0,0,0,720,0
6506,5175427314,Authentication,166,34,-21,920,0,11,0,0,1,0,0,0,720,0
6507,5175433098,Authentication,166,34,-22,920,0,11,0,0,1,0,0,0,720,0
6508,5175661754,S1G Beacon,61,34,-22,920,3,1,,,,,,,0,0
6509,5175924426,Authentication,166,34,-53,920,0,11,0,0,0,0,0,0,0,0
6510,5175935721,Authentication,166,34,-22,920,0,11,0,0,0,0,0,0,720,0
6511,5175941661,Authentication,166,34,-23,920,0,11,0,0,1,0,0,0,720,0
6512,5175947339,Authentication,166,34,-23,920,0,11,0,0,1,0,0,0,720,0
6513,5175953331,Authentication,166,34,-22,920,0,11,0,0,1,0,0,0,720,0
6514,5176174278,Authentication,166,34,-54,920,0,11,0,0,0,0,0,0,0,0
6515,5176185729,Authentication,166,34,-22,920,0,11,0,0,0,0,0,0,720,0
6516,5176191511,Authentication,166,34,-23,920,0,11,0,0,1,0,0,0,720,0
6517,5176197400,Authentication,166,34,-21,920,0,11,0,0,1,0,0,0,720,0
6518,5176203184,Authentication,166,34,-22,920,0,11,0,0,1,0,0,0,720,0
6519,5176428228,Authentication,166,34,-53,920,0,11,0,0,0,0,0,0,0,0
6520,5176445657,Authentication,166,34,-21,920,0,11,0,0,0,0,0,0,720,0
6521,5176451648,Authentication,166,34,-21,920,0,11,0,0,1,0,0,0,720,0
6522,5176457588,Authentication,166,34,-21,920,0,11,0,0,1,0,0,0,720,0
6523,5176463268,Authentication,166,34,-22,920,0,11,0,0,1,0,0,0,720,0
6524,5176480954,S1G Beacon,129,34,-20,920,3,1,,,,,,,0,0
6525,5176678084,Authentication,166,34,-59,920,0,11,0,0,0,0,0,0,0,0
6526,5176692030,Authentication,166,34,-21,920,0,11,0,0,0,0,0,0,720,0
6527,5176697762,Authentication,166,34,-21,920,0,11,0,0,1,0,0,0,720,0
6528,5176703493,Authentication,166,34,-22,920,0,11,0,0,1,0,0,0,720,0
6529,5176709486,Authentication,166,34,-22,920,0,11,0,0,1,0,0,0,720,0
6530,5176753644,Data,378,34,-21,920,2,0,0,0,0,0,0,1,0,0
6531,5176857262,Data,387,34,-22,920,2,0,0,0,0,0,0,1,0,0
6532,5176940226,Authentication,166,34,-58,920,0,11,0,0,0,0,0,0,0,0
6533,5176955733,Authentication,166,34,-22,920,0,11,0,0,0,0,0,0,720,0
6534,5176962036,Data,450,34,-23,920,2,0,0,0,0,0,0,1,0,0
6535,5176974185,Authentication,166,34,-21,920,0,11,0,0,1,0,0,0,720,0
6536,5176979915,Authentication,166,34,-22,920,0,11,0,0,1,0,0,0,720,0
6537,5176985596,Authentication,166,34,-22,920,0,11,0,0,1,0,0,0,720,0
6538,5177065271,Data,442,34,-21,920,2,0,0,0,0,0,0,1,0,0
6539,5177137434,Data,287,34,-21,920,2,0,0,0,0,0,0,1,0,0
6540,5177169298,Data,387,34,-22,920,2,0,0,0,0,0,0,1,0,0
6541,5177198270,Authentication,166,34,-58,920,0,11,0,0,0,0,0,0,0,0
6542,5177205715,Authentication,166,34,-21,920,0,11,0,0,0,0,0,0,720,0
6543,5177211447,Authentication,166,34,-22,920,0,11,0,0,1,0,0,0,720,0
6544,5177217385,Authentication,166,34,-21,920,0,11,0,0,1,0,0,0,720,0
6545,5177223377,Authentication,166,34,-21,920,0,11,0,0,1,0,0,0,720,0
6546,5177273204,Data,426,34,-22,920,2,0,0,0,0,0,0,1,0,0
6547,5177300160,S1G Beacon,61,34,-22,920,3,1,,,,,,,0,0
6548,5177377350,Data,458,34,-21,920,2,0,0,0,0,0,0,1,0,0
6549,5177431743,Authentication,166,34,-54,920,0,11,0,0,0,0,0,0,0,0
6550,5177445691,Authentication,166,34,-23,920,0,11,0,0,0,0,0,0,720,0
6551,5177451473,Authentication,166,34,-21,920,0,11,0,0,1,0,0,0,720,0
6552,5177457203,Authentication,166,34,-22,920,0,11,0,0,1,0,0,0,720,0
6553,5177462987,Authentication,166,34,-23,920,0,11,0,0,1,0,0,0,720,0
6554,5177481353,Data,387,34,-23,920,2,0,0,0,0,0,0,1,0,0
6555,5177585212,Data,446,34,-22,920,2,0,0,0,0,0,0,1,0,0
6556,5177689281,Data,440,34,-21,920,2,0,0,0,0,0,0,1,0,0
6557,5177793293,Data,387,34,-23,920,2,0,0,0,0,0,0,1,0,0
6558,5177897154,Data,442,34,-21,920,2,0,0,0,0,0,0,1,0,0
6559,5177956027,Authentication,166,34,-55,920,0,11,0,0,0,0,0,0,0,0
6560,5177965760,Authentication,166,34,-23,920,0,11,0,0,0,0,0,0,720,0
6561,5177971802,Authentication,166,34,-22,920,0,11,0,0,1,0,0,0,720,0
6562,5177977742,Authentication,166,34,-22,920,0,11,0,0,1,0,0,0,720,0
6563,5177983526,Authentication,166,34,-22,920,0,11,0,0,1,0,0,0,720,0
6564,5178002207,Data,452,34,-22,920,2,0,0,0,0,0,0,1,0,0
6565,5178119361,S1G Beacon,129,34,-23,920,3,1,,,,,,,0,0
6566,5178195641,Authentication,166,34,-56,920,0,11,0,0,0,0,0,0,0,0
6567,5178205687,Authentication,166,34,-21,920,0,11,0,0,0,0,0,0,720,0
6568,5178211678,Authentication,166,34,-22,920,0,11,0,0,1,0,0,0,720,0
6569,5178217411,Authentication,166,34,-22,920,0,11,0,0,1,0,0,0,720,0
6570,5178223143,Authentication,166,34,-23,920,0,11,0,0,1,0,0,0,720,0
6571,5178447544,Authentication,166,34,-56,920,0,11,0,0,0,0,0,0,0,0
6572,5178465648,Authentication,166,34,-23,920,0,11,0,0,0,0,0,0,720,0
6573,5178471588,Authentication,166,34,-23,920,0,11,0,0,1,0,0,0,720,0
6574,5178477580,Authentication,166,34,-23,920,0,11,0,0,1,0,0,0,720,0
6575,5178483311,Authentication,166,34,-23,920,0,11,0,0,1,0,0,0,720,0
6576,5178709686,Authentication,166,34,-55,920,0,11,0,0,0,0,0,0,0,0
6577,5178722020,Authentication,166,34,-24,920,0,11,0,0,0,0,0,0,720,0
6578,5178728064,Authentication,166,34,-22,920,0,11,0,0,1,0,0,0,720,0
6579,5178733900,Authentication,166,34,-22,920,0,11,0,0,1,0,0,0,720,0
6580,5178739838,Authentication,166,34,-23,920,0,11,0,0,1,0,0,0,720,0
6581,5178938567,S1G Beacon,61,34,-22,920,3,1,,,,,,,0,0
6582,5178969777,Authentication,166,34,-54,920,0,11,0,0,0,0,0,0,0,0
6583,5178983878,Authentication,166,34,-22,920,0,11,0,0,0,0,0,0,720,0
6584,5178989766,Authentication,166,34,-22,920,0,11,0,0,1,0,0,0,720,0
6585,5178995549,Authentication,166,34,-21,920,0,11,0,0,1,0,0,0,720,0
6586,5179001229,Authentication,166,34,-21,920,0,11,0,0,1,0,0,0,720,0
6587,5179218609,Authentication,166,34,-54,920,0,11,0,0,0,0,0,0,0,0
6588,5179225691,Authentication,166,34,-21,920,0,11,0,0,0,0,0,0,720,0
6589,5179231528,Authentication,166,34,-22,920,0,11,0,0,1,0,0,0,720,0
6590,5179237520,Authentication,166,34,-21,920,0,11,0,0,1,0,0,0,720,0
6591,5179243508,Authentication,166,34,-21,920,0,11,0,0,1,0,0,0,720,0
6592,5179478703,Authentication,166,34,-57,920,0,11,0,0,0,0,0,0,0,0
6593,5179486251,Authentication,166,34,-21,920,0,11,0,0,0,0,0,0,720,0
6594,5179492034,Authentication,166,34,-22,920,0,11,0,0,1,0,0,0,720,0
6595,5179497712,Authentication,166,34,-21,920,0,11,0,0,1,0,0,0,720,0
6596,5179503390,Authentication,166,34,-23,920,0,11,0,0,1,0,0,0,720,0
6597,5179594443,QoS Data,149,34,-34,920,2,8,1,0,0,0,0,1,720,0
6599,5179596859,QoS Data,149,34,-30,920,2,8,0,0,0,0,0,1,720,0
6601,5179603642,QoS Data,131,34,-21,920,2,8,1,0,0,0,0,1,720,0
6603,5179605658,QoS Data,131,34,-27,920,2,8,0,0,0,0,0,1,720,0
6605,5179636828,QoS Data,128,34,-33,920,2,8,1,0,0,0,0,1,720,0
6607,5179639051,QoS Data,128,34,-28,920,2,8,0,0,0,0,0,1,720,0
6609,5179725487,Authentication,166,34,-53,920,0,11,0,0,0,0,0,0,0,0
6610,5179735638,Authentication,166,34,-22,920,0,11,0,0,0,0,0,0,720,0
6611,5179741627,Authentication,166,34,-22,920,0,11,0,0,1,0,0,0,720,0
6612,5179747671,Authentication,166,34,-23,920,0,11,0,0,1,0,0,0,720,0
6613,5179757768,S1G Beacon,129,34,-21,920,3,1,,,,,,,0,0
6614,5179761355,Authentication,166,34,-22,920,0,11,0,0,1,0,0,0,720,0
6616,5179987629,Authentication,166,34,-54,920,0,11,0,0,0,0,0,0,0,0
6617,5180001679,Authentication,166,34,-22,920,0,11,0,0,0,0,0,0,720,0
6618,5180007619,Authentication,166,34,-23,920,0,11,0,0,1,0,0,0,720,0
6619,5180013506,Authentication,166,34,-22,920,0,11,0,0,1,0,0,0,720,0
6620,5180019183,Authentication,166,34,-22,920,0,11,0,0,1,0,0,0,720,0
6621,5180161934,Data,287,34,-22,920,2,0,0,0,0,0,0,1,0,0
6622,5180241577,Authentication,166,34,-56,920,0,11,0,0,0,0,0,0,0,0
6623,5180255679,Authentication,166,34,-21,920,0,11,0,0,0,0,0,0,720,0
6624,5180261411,Authentication,166,34,-21,920,0,11,0,0,1,0,0,0,720,0
6625,5180267143,Authentication,166,34,-21,920,0,11,0,0,1,0,0,0,720,0
6626,5180272824,Authentication,166,34,-21,920,0,11,0,0,1,0,0,0,720,0
6627,5180489385,Authentication,166,34,-54,920,0,11,0,0,0,0,0,0,0,0
6628,5180501667,Authentication,166,34,-21,920,0,11,0,0,0,0,0,0,720,0
6629,5180507659,Authentication,166,34,-22,920,0,11,0,0,1,0,0,0,720,0
6630,5180513548,Authentication,166,34,-22,920,0,11,0,0,1,0,0,0,720,0
6631,5180519331,Authentication,166,34,-22,920,0,11,0,0,1,0,0,0,720,0
6632,5180576974,S1G Beacon,61,34,-23,920,3,1,,,,,,,0,0
6633,5180741288,Authentication,166,34,-55,920,0,11,0,0,0,0,0,0,0,0
6634,5180755703,Authentication,166,34,-21,920,0,11,0,0,0,0,0,0,720,0
6635,5180761643,Authentication,166,34,-22,920,0,11,0,0,1,0,0,0,720,0
6636,5180767476,Authentication,166,34,-23,920,0,11,0,0,1,0,0,0,720,0
6637,5180773470,Authentication,166,34,-22,920,0,11,0,0,1,0,0,0,720,0
6638,5181003430,Authentication,166,34,-53,920,0,11,0,0,0,0,0,0,0,0
6639,5181015661,Authentication,166,34,-21,920,0,11,0,0,0,0,0,0,720,0
6640,5181021599,Authentication,166,34,-21,920,0,11,0,0,1,0,0,0,720,0
6641,5181027487,Authentication,166,34,-22,920,0,11,0,0,1,0,0,0,720,0
6642,5181033532,Authentication,166,34,-21,920,0,11,0,0,1,0,0,0,720,0
6643,5181265573,Authentication,166,34,-53,920,0,11,0,0,0,0,0,0,0,0
6644,5181275671,Authentication,166,34,-21,920,0,11,0,0,0,0,0,0,720,0
6645,5181281402,Authentication,166,34,-22,920,0,11,0,0,1,0,0,0,720,0
6646,5181287289,Authentication,166,34,-21,920,0,11,0,0,1,0,0,0,720,0
6647,5181293019,Authentication,166,34,-21,920,0,11,0,0,1,0,0,0,720,0
6648,5181396177,S1G Beacon,129,34,-22,920,3,1,,,,,,,0,0
6649,5181508258,Authentication,166,34,-54,920,0,11,0,0,0,0,0,0,0,0
6650,5181523921,Authentication,166,34,-23,920,0,11,0,0,0,0,0,0,720,0
6651,5181529966,Authentication,166,34,-23,920,0,11,0,0,1,0,0,0,720,0
6652,5181536008,Authentication,166,34,-21,920,0,11,0,0,1,0,0,0,720,0
6653,5181541688,Authentication,166,34,-22,920,0,11,0,0,1,0,0,0,720,0
6654,5181757090,Authentication,166,34,-54,920,0,11,0,0,0,0,0,0,0,0
6655,5181765730,Authentication,166,34,-22,920,0,11,0,0,0,0,0,0,720,0
6656,5181771514,Authentication,166,34,-22,920,0,11,0,0,1,0,0,0,720,0
6657,5181777504,Authentication,166,34,-23,920,0,11,0,0,1,0,0,0,720,0
6658,5181783390,Authentication,166,34,-22,920,0,11,0,0,1,0,0,0,720,0
6659,5182019231,Authentication,166,34,-55,920,0,11,0,0,0,0,0,0,0,0
6660,5182035621,Authentication,166,34,-22,920,0,11,0,0,0,0,0,0,720,0
6661,5182041302,Authentication,166,34,-21,920,0,11,0,0,1,0,0,0,720,0
6662,5182047343,Authentication,166,34,-21,920,0,11,0,0,1,0,0,0,720,0
6663,5182053023,Authentication,166,34,-21,920,0,11,0,0,1,0,0,0,720,0
6664,5182215377,S1G Beacon,61,34,-22,920,3,1,,,,,,,0,0
6665,5182281374,Authentication,166,34,-54,920,0,11,0,0,0,0,0,0,0,0
6666,5182295736,Authentication,166,34,-21,920,0,11,0,0,0,0,0,0,720,0
6667,5182301519,Authentication,166,34,-22,920,0,11,0,0,1,0,0,0,720,0
6668,5182307513,Authentication,166,34,-20,920,0,11,0,0,1,0,0,0,720,0
6669,5182516892,Authentication,166,34,-54,920,0,11,0,0,0,0,0,0,0,0
6670,5182525741,Authentication,166,34,-22,920,0,11,0,0,0,0,0,0,720,0
6671,5182531784,Authentication,166,34,-22,920,0,11,0,0,1,0,0,0,720,0
6672,5182537569,Authentication,166,34,-21,920,0,11,0,0,1,0,0,0,720,0
6673,5182543458,Authentication,166,34,-21,920,0,11,0,0,1,0,0,0,720,0
6674,5182772890,Authentication,166,34,-54,920,0,11,0,0,0,0,0,0,0,0
6675,5182785847,Authentication,166,34,-22,920,0,11,0,0,0,0,0,0,720,0
6676,5182791629,Authentication,166,34,-22,920,0,11,0,0,1,0,0,0,720,0
6677,5182797568,Authentication,166,34,-22,920,0,11,0,0,1,0,0,0,720,0
6678,5182803559,Authentication,166,34,-21,920,0,11,0,0,1,0,0,0,720,0
6679,5183034581,S1G Beacon,129,34,-22,920,3,1,,,,,,,0,0
6680,5183185261,Data,287,34,-22,920,2,0,0,0,0,0,0,1,0,0
6681,5183294100,Authentication,166,34,-53,920,0,11,0,0,0,0,0,0,0,0
6682,5183301700,Authentication,166,34,-22,920,0,11,0,0,0,0,0,0,720,0
6683,5183307380,Authentication,166,34,-21,920,0,11,0,0,1,0,0,0,720,0
6684,5183313111,Authentication,166,34,-21,920,0,11,0,0,1,0,0,0,720,0
6685,5183318945,Authentication,166,34,-22,920,0,11,0,0,1,0,0,0,720,0
6686,5183526549,Authentication,166,34,-54,920,0,11,0,0,0,0,0,0,0,0
6687,5183535919,Authentication,166,34,-22,920,0,11,0,0,0,0,0,0,720,0
6688,5183541600,Authentication,166,34,-22,920,0,11,0,0,1,0,0,0,720,0
6689,5183547539,Authentication,166,34,-21,920,0,11,0,0,1,0,0,0,720,0
6690,5183553218,Authentication,166,34,-23,920,0,11,0,0,1,0,0,0,720,0
6691,5183788692,Authentication,166,34,-53,920,0,11,0,0,0,0,0,0,0,0
6692,5183801700,Authentication,166,34,-22,920,0,11,0,0,0,0,0,0,720,0
6693,5183807534,Authentication,166,34,-23,920,0,11,0,0,1,0,0,0,720,0
6694,5183813422,Authentication,166,34,-22,920,0,11,0,0,1,0,0,0,720,0
6695,5183819361,Authentication,166,34,-23,920,0,11,0,0,1,0,0,0,720,0
6696,5183853785,S1G Beacon,61,34,-22,920,3,1,,,,,,,0,0
6697,5184048777,Authentication,166,34,-55,920,0,11,0,0,0,0,0,0,0,0
6698,5184056742,Authentication,166,34,-22,920,0,11,0,0,0,0,0,0,720,0
6699,5184062578,Authentication,166,34,-22,920,0,11,0,0,1,0,0,0,720,0
6700,5184068623,Authentication,166,34,-22,920,0,11,0,0,1,0,0,0,720,0
6701,5184074405,Authentication,166,34,-23,920,0,11,0,0,1,0,0,0,720,0
6702,5184296590,Authentication,166,34,-55,920,0,11,0,0,0,0,0,0,0,0
6703,5184305855,Authentication,166,34,-22,920,0,11,0,0,0,0,0,0,720,0
6704,5184311900,Authentication,166,34,-22,920,0,11,0,0,1,0,0,0,720,0
6705,5184317800,Authentication,166,34,-38,920,0,11,0,0,1,0,0,0,720,0
6706,5184323842,Authentication,166,34,-22,920,0,11,0,0,1,0,0,0,720,0
6707,5184542350,Authentication,166,34,-54,920,0,11,0,0,0,0,0,0,0,0
6708,5184555673,Authentication,166,34,-24,920,0,11,0,0,0,0,0,0,720,0
6709,5184561561,Authentication,166,34,-24,920,0,11,0,0,1,0,0,0,720,0
6710,5184567238,Authentication,166,34,-23,920,0,11,0,0,1,0,0,0,720,0
6711,5184573021,Authentication,166,34,-22,920,0,11,0,0,1,0,0,0,720,0
6712,5184613882,QoS Data,149,34,-39,920,2,8,1,0,0,0,0,1,720,0
6714,5184615987,QoS Data,149,34,-29,920,2,8,0,0,0,0,0,1,720,0
6716,5184623863,QoS Data,131,34,-22,920,2,8,1,0,0,0,0,1,720,0
6718,5184625931,QoS Data,131,34,-29,920,2,8,0,0,0,0,0,1,720,0
6720,5184636368,QoS Data,128,34,-40,920,2,8,1,0,0,0,0,1,720,0
6722,5184672990,S1G Beacon,129,34,-24,920,3,1,,,,,,,0,0
6723,5184804493,Authentication,166,34,-53,920,0,11,0,0,0,0,0,0,0,0
6724,5184815682,Authentication,166,34,-23,920,0,11,0,0,0,0,0,0,720,0
6725,5184821412,Authentication,166,34,-22,920,0,11,0,0,1,0,0,0,720,0
6726,5184827404,Authentication,166,34,-24,920,0,11,0,0,1,0,0,0,720,0
6727,5184832831,Authentication,166,34,-23,920,0,11,0,0,1,0,0,0,720,0
6728,5185066634,Authentication,166,34,-53,920,0,11,0,0,0,0,0,0,0,0
6729,5185075902,Authentication,166,34,-22,920,0,11,0,0,0,0,0,0,720,0
6730,5185081687,Authentication,166,34,-23,920,0,11,0,0,1,0,0,0,720,0
6731,5185087677,Authentication,166,34,-24,920,0,11,0,0,1,0,0,0,720,0
6732,5185093617,Authentication,166,34,-22,920,0,11,0,0,1,0,0,0,720,0
6733,5185310342,Authentication,166,34,-52,920,0,11,0,0,0,0,0,0,0,0
6734,5185323633,Authentication,166,34,-22,920,0,11,0,0,0,0,0,0,720,0
6735,5185329571,Authentication,166,34,-23,920,0,11,0,0,1,0,0,0,720,0
6736,5185335409,Authentication,166,34,-22,920,0,11,0,0,1,0,0,0,720,0
6737,5185341403,Authentication,166,34,-22,920,0,11,0,0,1,0,0,0,720,0
6738,5185492193,S1G Beacon,61,34,-22,920,3,1,,,,,,,0,0
6739,5185558151,Authentication,166,34,-53,920,0,11,0,0,0,0,0,0,0,0
6740,5185565651,Authentication,166,34,-23,920,0,11,0,0,0,0,0,0,720,0
6741,5185571488,Authentication,166,34,-22,920,0,11,0,0,1,0,0,0,720,0
6742,5185577219,Authentication,166,34,-22,920,0,11,0,0,1,0,0,0,720,0
6743,5185583159,Authentication,166,34,-23,920,0,11,0,0,1,0,0,0,720,0
6744,5185637616,Disassociation,64,34,-22,920,0,10,0,0,0,0,0,0,720,0
6745,5185640835,Disassociation,64,34,-22,920,0,10,0,0,1,0,0,0,720,0
6746,5185643847,Disassociation,64,34,-23,920,0,10,0,0,1,0,0,0,720,0
6747,5185646963,Disassociation,64,34,-22,920,0,10,0,0,1,0,0,0,720,0
6748,5185820294,Authentication,166,34,-54,920,0,11,0,0,0,0,0,0,0,0
6749,5185835697,Authentication,166,34,-22,920,0,11,0,0,0,0,0,0,720,0
6750,5185841585,Authentication,166,34,-24,920,0,11,0,0,1,0,0,0,720,0
6751,5185847263,Authentication,166,34,-22,920,0,11,0,0,1,0,0,0,720,0
6752,5185853254,Authentication,166,34,-22,920,0,11,0,0,1,0,0,0,720,0
6753,5186082436,Authentication,166,34,-56,920,0,11,0,0,0,0,0,0,0,0
6754,5186095653,Authentication,166,34,-22,920,0,11,0,0,0,0,0,0,720,0
6755,5186101697,Authentication,166,34,-23,920,0,11,0,0,1,0,0,0,720,0
6756,5186107430,Authentication,166,34,-22,920,0,11,0,0,1,0,0,0,720,0
6757,5186113213,Authentication,166,34,-22,920,0,11,0,0,1,0,0,0,720,0
6758,5186209191,Data,287,34,-22,920,2,0,0,0,0,0,0,1,0,0
6759,5186311394,S1G Beacon,129,34,-22,920,3,1,,,,,,,0,0
6760,5186326144,Authentication,166,34,-54,920,0,11,0,0,0,0,0,0,0,0
6761,5186335671,Authentication,166,34,-22,920,0,11,0,0,0,0,0,0,720,0
6762,5186341612,Authentication,166,34,-24,920,0,11,0,0,1,0,0,0,720,0
6763,5186347500,Authentication,166,34,-23,920,0,11,0,0,1,0,0,0,720,0
6764,5186353440,Authentication,166,34,-22,920,0,11,0,0,1,0,0,0,720,0
6765,5186573953,Authentication,166,34,-53,920,0,11,0,0,0,0,0,0,0,0
6766,5186585663,Authentication,166,34,-24,920,0,11,0,0,0,0,0,0,720,0
6767,5186591393,Authentication,166,34,-23,920,0,11,0,0,1,0,0,0,720,0
6768,5186597227,Authentication,166,34,-24,920,0,11,0,0,1,0,0,0,720,0
6769,5186603064,Authentication,166,34,-24,920,0,11,0,0,1,0,0,0,720,0
6770,5186836094,Authentication,166,34,-53,920,0,11,0,0,0,0,0,0,0,0
6771,5186845673,Authentication,166,34,-22,920,0,11,0,0,0,0,0,0,720,0
6772,5186851717,Authentication,166,34,-23,920,0,11,0,0,1,0,0,0,720,0
6773,5186857450,Authentication,166,34,-23,920,0,11,0,0,1,0,0,0,720,0
6774,5186863284,Authentication,166,34,-23,920,0,11,0,0,1,0,0,0,720,0
6775,5187097208,Authentication,166,34,-54,920,0,11,0,0,0,0,0,0,0,0
6776,5187105643,Authentication,166,34,-24,920,0,11,0,0,0,0,0,0,720,0
6777,5187117310,Authentication,166,34,-24,920,0,11,0,0,1,0,0,0,720,0
6778,5187123252,Authentication,166,34,-22,920,0,11,0,0,1,0,0,0,720,0
6779,5187340921,Authentication,166,34,-53,920,0,11,0,0,0,0,0,0,0,0
6780,5187355750,Authentication,166,34,-23,920,0,11,0,0,0,0,0,0,720,0
6781,5187361794,Authentication,166,34,-22,920,0,11,0,0,1,0,0,0,720,0
6782,5187367837,Authentication,166,34,-24,920,0,11,0,0,1,0,0,0,720,0
6783,5187373674,Authentication,166,34,-23,920,0,11,0,0,1,0,0,0,720,0
6784,5187589754,Authentication,166,34,-53,920,0,11,0,0,0,0,0,0,0,0
6785,5187601775,Authentication,166,34,-24,920,0,11,0,0,0,0,0,0,720,0
6786,5187607453,Authentication,166,34,-23,920,0,11,0,0,1,0,0,0,720,0
6787,5187613133,Authentication,166,34,-22,920,0,11,0,0,1,0,0,0,720,0
6788,5187618918,Authentication,166,34,-23,920,0,11,0,0,1,0,0,0,720,0
6789,5187851896,Authentication,166,34,-53,920,0,11,0,0,0,0,0,0,0,0
6790,5187865633,Authentication,166,34,-24,920,0,11,0,0,0,0,0,0,720,0
6791,5187871572,Authentication,166,34,-21,920,0,11,0,0,1,0,0,0,720,0
6792,5187877407,Authentication,166,34,-22,920,0,11,0,0,1,0,0,0,720,0
6793,5187883137,Authentication,166,34,-21,920,0,11,0,0,1,0,0,0,720,0
6794,5187949802,S1G Beacon,129,34,-22,920,3,1,,,,,,,0,0
6795,5188101748,Authentication,166,34,-53,920,0,11,0,0,0,0,0,0,0,0
6796,5188115644,Authentication,166,34,-22,920,0,11,0,0,0,0,0,0,720,0
6797,5188121686,Authentication,166,34,-22,920,0,11,0,0,1,0,0,0,720,0
6798,5188127625,Authentication,166,34,-23,920,0,11,0,0,1,0,0,0,720,0
6799,5188133619,Authentication,166,34,-23,920,0,11,0,0,1,0,0,0,720,0
6800,5188353651,Authentication,166,34,-53,920,0,11,0,0,0,0,0,0,0,0
6801,5188365672,Authentication,166,34,-22,920,0,11,0,0,0,0,0,0,720,0
6802,5188371508,Authentication,166,34,-22,920,0,11,0,0,1,0,0,0,720,0
6803,5188377447,Authentication,166,34,-23,920,0,11,0,0,1,0,0,0,720,0
6804,5188383178,Authentication,166,34,-22,920,0,11,0,0,1,0,0,0,720,0
6805,5188605554,Authentication,166,34,-53,920,0,11,0,0,0,0,0,0,0,0
6806,5188615653,Authentication,166,34,-22,920,0,11,0,0,0,0,0,0,720,0
6807,5188621697,Authentication,166,34,-22,920,0,11,0,0,1,0,0,0,720,0
6808,5188627744,Authentication,166,34,-22,920,0,11,0,0,1,0,0,0,720,0
6809,5188633736,Authentication,166,34,-22,920,0,11,0,0,1,0,0,0,720,0
6810,5188769007,S1G Beacon,61,34,-23,920,3,1,,,,,,,0,0
6811,5188867697,Authentication,166,34,-53,920,0,11,0,0,0,0,0,0,0,0
6812,5188883411,Authentication,166,34,-23,920,0,11,0,0,0,0,0,0,720,0
6813,5188889090,Authentication,166,34,-23,920,0,11,0,0,1,0,0,0,720,0
6814,5188895134,Authentication,166,34,-22,920,0,11,0,0,1,0,0,0,720,0
6815,5188901022,Authentication,166,34,-22,920,0,11,0,0,1,0,0,0,720,0
6816,5189129839,Authentication,166,34,-54,920,0,11,0,0,0,0,0,0,0,0
6817,5189145866,Authentication,166,34,-22,920,0,11,0,0,0,0,0,0,720,0
6818,5189151756,Authentication,166,34,-24,920,0,11,0,0,1,0,0,0,720,0
6819,5189157696,Authentication,166,34,-24,920,0,11,0,0,1,0,0,0,720,0
6820,5189163479,Authentication,166,34,-22,920,0,11,0,0,1,0,0,0,720,0
6821,5189233277,Data,287,34,-24,920,2,0,0,0,0,0,0,1,0,0
6822,5189371500,Authentication,166,34,-53,920,0,11,0,0,0,0,0,0,0,0
6823,5189385655,Authentication,166,34,-22,920,0,11,0,0,0,0,0,0,720,0
6824,5189391489,Authentication,166,34,-24,920,0,11,0,0,1,0,0,0,720,0
6825,5189397534,Authentication,166,34,-24,920,0,11,0,0,1,0,0,0,720,0
6826,5189403527,Authentication,166,34,-24,920,0,11,0,0,1,0,0,0,720,0
6827,5189588211,S1G Beacon,129,34,-24,920,3,1,,,,,,,0,0
6828,5189621356,Authentication,166,34,-53,920,0,11,0,0,0,0,0,0,0,0
6829,5189632494,Authentication,166,34,-23,920,0,11,0,0,0,0,0,0,720,0
6830,5189638319,QoS Data,149,34,-39,920,2,8,1,0,0,0,0,1,720,0
6832,5189640421,Authentication,166,34,-22,920,0,11,0,0,1,0,0,0,720,0
6833,5189646255,Authentication,166,34,-22,920,0,11,0,0,1,0,0,0,720,0
6834,5189651932,Authentication,166,34,-23,920,0,11,0,0,1,0,0,0,720,0
6835,5189883498,Authentication,166,34,-54,920,0,11,0,0,0,0,0,0,0,0
6836,5189888136,QoS Data,149,34,-30,920,2,8,0,0,0,0,0,1,720,0
6838,5189890445,Authentication,166,34,-21,920,0,11,0,0,0,0,0,0,720,0
6839,5189896176,Authentication,166,34,-23,920,0,11,0,0,1,0,0,0,720,0
6840,5189901536,QoS Data,131,34,-23,920,2,8,1,0,0,0,0,1,720,0
6842,5189903810,Authentication,166,34,-23,920,0,11,0,0,1,0,0,0,720,0
6843,5189909696,Authentication,166,34,-22,920,0,11,0,0,1,0,0,0,720,0
6844,5189915636,QoS Data,131,34,-30,920,2,8,0,0,0,0,0,1,720,0
6846,5190125158,Authentication,166,34,-52,920,0,11,0,0,0,0,0,0,0,0
6847,5190134840,Authentication,166,34,-24,920,0,11,0,0,0,0,0,0,720,0
6848,5190141544,Authentication,166,34,-23,920,0,11,0,0,1,0,0,0,720,0
6849,5190147328,Authentication,166,34,-22,920,0,11,0,0,1,0,0,0,720,0
6850,5190153061,Authentication,166,34,-24,920,0,11,0,0,1,0,0,0,720,0
6851,5190158781,QoS Data,128,34,-37,920,2,8,1,0,1,0,0,1,720,0
6853,5190161576,QoS Data,128,34,-29,920,2,8,0,0,0,0,0,1,720,0
6856,5190375014,Authentication,166,34,-53,920,0,11,0,0,0,0,0,0,0,0
6857,5190385634,Authentication,166,34,-23,920,0,11,0,0,0,0,0,0,720,0
6858,5190391364,Authentication,166,34,-24,920,0,11,0,0,1,0,0,0,720,0
6859,5190397306,Authentication,166,34,-23,920,0,11,0,0,1,0,0,0,720,0
6860,5190407412,S1G Beacon,61,34,-24,920,3,1,,,,,,,0,0
6861,5190409198,Authentication,166,34,-24,920,0,11,0,0,1,0,0,0,720,0
6862,5190637157,Authentication,166,34,-53,920,0,11,0,0,0,0,0,0,0,0
6863,5190645642,Authentication,166,34,-23,920,0,11,0,0,0,0,0,0,720,0
6864,5190651322,Authentication,166,34,-22,920,0,11,0,0,1,0,0,0,720,0
6865,5190657316,Authentication,166,34,-25,920,0,11,0,0,1,0,0,0,720,0
6866,5190663101,Authentication,166,34,-22,920,0,11,0,0,1,0,0,0,720,0
6867,5190899299,Authentication,166,34,-52,920,0,11,0,0,0,0,0,0,0,0
6868,5190915584,Authentication,166,34,-23,920,0,11,0,0,0,0,0,0,720,0
6869,5190921262,Authentication,166,34,-23,920,0,11,0,0,1,0,0,0,720,0
6870,5190926941,Authentication,166,34,-23,920,0,11,0,0,1,0,0,0,720,0
6871,5190932779,Authentication,166,34,-23,920,0,11,0,0,1,0,0,0,720,0
6872,5191134816,Authentication,166,34,-53,920,0,11,0,0,0,0,0,0,0,0
6873,5191145643,Authentication,166,34,-24,920,0,11,0,0,0,0,0,0,720,0
6874,5191151529,Authentication,166,34,-24,920,0,11,0,0,1,0,0,0,720,0
6875,5191157520,Authentication,166,34,-23,920,0,11,0,0,1,0,0,0,720,0
6876,5191163563,Authentication,166,34,-23,920,0,11,0,0,1,0,0,0,720,0
6877,5191226614,S1G Beacon,129,34,-23,920,3,1,,,,,,,0,0
6878,5191390815,Authentication,166,34,-52,920,0,11,0,0,0,0,0,0,0,0
6879,5191405647,Authentication,166,34,-22,920,0,11,0,0,0,0,0,0,720,0
6880,5191411534,Authentication,166,34,-22,920,0,11,0,0,1,0,0,0,720,0
6881,5191417215,Authentication,166,34,-22,920,0,11,0,0,1,0,0,0,720,0
6882,5191422946,Authentication,166,34,-24,920,0,11,0,0,1,0,0,0,720,0
6883,5191652958,Authentication,166,34,-54,920,0,11,0,0,0,0,0,0,0,0
6884,5191665655,Authentication,166,34,-24,920,0,11,0,0,0,0,0,0,720,0
6885,5191671384,Authentication,166,34,-24,920,0,11,0,0,1,0,0,0,720,0
6886,5191677065,Authentication,166,34,-23,920,0,11,0,0,1,0,0,0,720,0
6887,5191683057,Authentication,166,34,-22,920,0,11,0,0,1,0,0,0,720,0
6888,5191912024,Authentication,166,34,-54,920,0,11,0,0,0,0,0,0,0,0
6889,5191925658,Authentication,166,34,-22,920,0,11,0,0,0,0,0,0,720,0
6890,5191931337,Authentication,166,34,-22,920,0,11,0,0,1,0,0,0,720,0
6891,5191937016,Authentication,166,34,-23,920,0,11,0,0,1,0,0,0,720,0
6892,5191942904,Authentication,166,34,-23,920,0,11,0,0,1,0,0,0,720,0
6893,5192045818,S1G Beacon,61,34,-22,920,3,1,,,,,,,0,0
6894,5192151641,Authentication,166,34,-53,920,0,11,0,0,0,0,0,0,0,0
6895,5192165640,Authentication,166,34,-24,920,0,11,0,0,0,0,0,0,720,0
6896,5192171473,Authentication,166,34,-24,920,0,11,0,0,1,0,0,0,720,0
6897,5192177362,Authentication,166,34,-22,920,0,11,0,0,1,0,0,0,720,0
6898,5192183093,Authentication,166,34,-22,920,0,11,0,0,1,0,0,0,720,0
6899,5192257309,Data,287,34,-22,920,2,0,0,0,0,0,0,1,0,0
6900,5192406616,Authentication,166,34,-53,920,0,11,0,0,0,0,0,0,0,0
6901,5192415621,Authentication,166,34,-23,920,0,11,0,0,0,0,0,0,720,0
6902,5192421351,Authentication,166,34,-22,920,0,11,0,0,1,0,0,0,720,0
6903,5192427395,Authentication,166,34,-22,920,0,11,0,0,1,0,0,0,720,0
6904,5192433336,Authentication,166,34,-24,920,0,11,0,0,1,0,0,0,720,0
6905,5192668759,Authentication,166,34,-54,920,0,11,0,0,0,0,0,0,0,0
6906,5192685565,Authentication,166,34,-24,920,0,11,0,0,0,0,0,0,720,0
6907,5192691557,Authentication,166,34,-22,920,0,11,0,0,1,0,0,0,720,0
6908,5192697547,Authentication,166,34,-23,920,0,11,0,0,1,0,0,0,720,0
6909,5192703227,Authentication,166,34,-24,920,0,11,0,0,1,0,0,0,720,0
6910,5192865024,S1G Beacon,129,34,-24,920,3,1,,,,,,,0,0
6911,5192928849,Authentication,166,34,-53,920,0,11,0,0,0,0,0,0,0,0
6912,5192945549,Authentication,166,34,-22,920,0,11,0,0,0,0,0,0,720,0
6913,5192951228,Authentication,166,34,-22,920,0,11,0,0,1,0,0,0,720,0
6914,5192957220,Authentication,166,34,-22,920,0,11,0,0,1,0,0,0,720,0
6915,5192963053,Authentication,166,34,-22,920,0,11,0,0,1,0,0,0,720,0
6916,5193170514,Authentication,166,34,-53,920,0,11,0,0,0,0,0,0,0,0
6917,5193185602,Authentication,166,34,-24,920,0,11,0,0,0,0,0,0,720,0
6918,5193191280,Authentication,166,34,-23,920,0,11,0,0,1,0,0,0,720,0
6919,5193197115,Authentication,166,34,-23,920,0,11,0,0,1,0,0,0,720,0
6920,5193202900,Authentication,166,34,-23,920,0,11,0,0,1,0,0,0,720,0
6921,5193422417,Authentication,166,34,-53,920,0,11,0,0,0,0,0,0,0,0
6922,5193435841,Authentication,166,34,-23,920,0,11,0,0,0,0,0,0,720,0
6923,5193441573,Authentication,166,34,-23,920,0,11,0,0,1,0,0,0,720,0
6924,5193447617,Authentication,166,34,-22,920,0,11,0,0,1,0,0,0,720,0
6925,5193453296,Authentication,166,34,-23,920,0,11,0,0,1,0,0,0,720,0
6926,5193684226,S1G Beacon,61,34,-22,920,3,1,,,,,,,0,0
6927,5193946701,Authentication,166,34,-53,920,0,11,0,0,0,0,0,0,0,0
6928,5193956073,Authentication,166,34,-22,920,0,11,0,0,0,0,0,0,720,0
6929,5193961805,Authentication,166,34,-23,920,0,11,0,0,1,0,0,0,720,0
6930,5193967849,Authentication,166,34,-22,920,0,11,0,0,1,0,0,0,720,0
6931,5193973528,Authentication,166,34,-22,920,0,11,0,0,1,0,0,0,720,0
6932,5194186315,Authentication,166,34,-52,920,0,11,0,0,0,0,0,0,0,0
6933,5194195583,Authentication,166,34,-23,920,0,11,0,0,0,0,0,0,720,0
6934,5194201626,Authentication,166,34,-22,920,0,11,0,0,1,0,0,0,720,0
6935,5194207617,Authentication,166,34,-22,920,0,11,0,0,1,0,0,0,720,0
6936,5194213606,Authentication,166,34,-24,920,0,11,0,0,1,0,0,0,720,0
6937,5194438219,Authentication,166,34,-53,920,0,11,0,0,0,0,0,0,0,0
6938,5194455543,Authentication,166,34,-22,920,0,11,0,0,0,0,0,0,720,0
6939,5194461533,Authentication,166,34,-23,920,0,11,0,0,1,0,0,0,720,0
6940,5194467213,Authentication,166,34,-22,920,0,11,0,0,1,0,0,0,720,0
6941,5194473150,Authentication,166,34,-23,920,0,11,0,0,1,0,0,0,720,0
6942,5194503428,S1G Beacon,129,34,-23,920,3,1,,,,,,,0,0
6943,5194700360,Authentication,166,34,-52,920,0,11,0,0,0,0,0,0,0,0
6944,5194715657,Authentication,166,34,-23,920,0,11,0,0,0,0,0,0,720,0
6945,5194721597,Authentication,166,34,-24,920,0,11,0,0,1,0,0,0,720,0
6946,5194727434,Authentication,166,34,-22,920,0,11,0,0,1,0,0,0,720,0
6947,5194733269,Authentication,166,34,-24,920,0,11,0,0,1,0,0,0,720,0
6948,5194923333,QoS Data,148,34,-38,920,2,8,1,0,0,0,0,1,720,0
6950,5194926111,QoS Data,148,34,-29,920,2,8,0,0,0,0,0,1,720,0
6952,5194932895,QoS Data,131,34,-22,920,2,8,1,0,0,0,0,1,720,0
6954,5194935273,QoS Data,131,34,-29,920,2,8,0,0,0,0,0,1,720,0
6956,5194952260,Authentication,166,34,-52,920,0,11,0,0,0,0,0,0,0,0
6957,5194960746,Authentication,166,34,-23,920,0,11,0,0,0,0,0,0,720,0
6958,5194966687,Authentication,166,34,-24,920,0,11,0,0,1,0,0,0,720,0
6959,5194972679,Authentication,166,34,-23,920,0,11,0,0,1,0,0,0,720,0
6960,5194978516,Authentication,166,34,-23,920,0,11,0,0,1,0,0,0,720,0
6961,5195136027,QoS Data,128,34,-37,920,2,8,1,0,0,0,0,1,720,0
6963,5195138354,QoS Data,128,34,-29,920,2,8,0,0,0,0,0,1,720,0
6965,5195195973,Authentication,166,34,-53,920,0,11,0,0,0,0,0,0,0,0
6966,5195205601,Authentication,166,34,-23,920,0,11,0,0,0,0,0,0,720,0
6967,5195211386,Authentication,166,34,-24,920,0,11,0,0,1,0,0,0,720,0
6968,5195217220,Authentication,166,34,-23,920,0,11,0,0,1,0,0,0,720,0
6969,5195223160,Authentication,166,34,-23,920,0,11,0,0,1,0,0,0,720,0
6970,5195281259,Data,287,34,-23,920,2,0,0,0,0,0,0,1,0,0
6971,5195322633,S1G Beacon,61,34,-23,920,3,1,,,,,,,0,0
6972,5195454020,Authentication,166,34,-53,920,0,11,0,0,0,0,0,0,0,0
6973,5195462974,Authentication,166,34,-22,920,0,11,0,0,0,0,0,0,720,0
6974,5195468912,Authentication,166,34,-22,920,0,11,0,0,1,0,0,0,720,0
6975,5195474955,Authentication,166,34,-24,920,0,11,0,0,1,0,0,0,720,0
6976,5195480895,Authentication,166,34,-22,920,0,11,0,0,1,0,0,0,720,0
6977,5195716161,Authentication,166,34,-52,920,0,11,0,0,0,0,0,0,0,0
6978,5195725634,Authentication,166,34,-23,920,0,11,0,0,0,0,0,0,720,0
6979,5195731416,Authentication,166,34,-22,920,0,11,0,0,1,0,0,0,720,0
6980,5195737461,Authentication,166,34,-22,920,0,11,0,0,1,0,0,0,720,0
6981,5195743399,Authentication,166,34,-24,920,0,11,0,0,1,0,0,0,720,0
6982,5195960894,Authentication,166,34,-53,920,0,11,0,0,0,0,0,0,0,0
6983,5195975620,Authentication,166,34,-23,920,0,11,0,0,0,0,0,0,720,0
6984,5195981612,Authentication,166,34,-23,920,0,11,0,0,1,0,0,0,720,0
6985,5195987501,Authentication,166,34,-23,920,0,11,0,0,1,0,0,0,720,0
6986,5195993389,Authentication,166,34,-23,920,0,11,0,0,1,0,0,0,720,0
6987,5196141837,S1G Beacon,129,34,-41,920,3,1,,,,,,,0,0
6988,5196212797,Authentication,166,34,-53,920,0,11,0,0,0,0,0,0,0,0
6989,5196225601,Authentication,166,34,-23,920,0,11,0,0,0,0,0,0,720,0
6990,5196231435,Authentication,166,34,-22,920,0,11,0,0,1,0,0,0,720,0
6991,5196237429,Authentication,166,34,-22,920,0,11,0,0,1,0,0,0,720,0
6992,5196243422,Authentication,166,34,-22,920,0,11,0,0,1,0,0,0,720,0
6993,5196469820,Authentication,166,34,-56,920,0,11,0,0,0,0,0,0,0,0
6994,5196479762,Authentication,166,34,-23,920,0,11,0,0,0,0,0,0,720,0
6995,5196485598,Authentication,166,34,-22,920,0,11,0,0,1,0,0,0,720,0
6996,5196491280,Authentication,166,34,-22,920,0,11,0,0,1,0,0,0,720,0
6997,5196497062,Authentication,166,34,-22,920,0,11,0,0,1,0,0,0,720,0
6998,5196731963,Authentication,166,34,-52,920,0,11,0,0,0,0,0,0,0,0
6999,5196745648,Authentication,166,34,-24,920,0,11,0,0,0,0,0,0,720,0
7000,5196751329,Authentication,166,34,-24,920,0,11,0,0,1,0,0,0,720,0
7001,5196757218,Authentication,166,34,-23,920,0,11,0,0,1,0,0,0,720,0
7002,5196763053,Authentication,166,34,-23,920,0,11,0,0,1,0,0,0,720,0
7003,5196961040,S1G Beacon,61,34,-24,920,3,1,,,,,,,0,0
7004,5196971576,Authentication,166,34,-53,920,0,11,0,0,0,0,0,0,0,0
7005,5196985627,Authentication,166,34,-24,920,0,11,0,0,0,0,0,0,720,0
7006,5196997037,Authentication,166,34,-24,920,0,11,0,0,1,0,0,0,720,0
7007,5197002144,Authentication,166,34,-26,920,0,11,0,0,1,0,0,0,720,0
7008,5197223479,Authentication,166,34,-53,920,0,11,0,0,0,0,0,0,0,0
7009,5197235605,Authentication,166,34,-24,920,0,11,0,0,0,0,0,0,720,0
7010,5197241282,Authentication,166,34,-22,920,0,11,0,0,1,0,0,0,720,0
7011,5197247169,Authentication,166,34,-23,920,0,11,0,0,1,0,0,0,720,0
7012,5197253109,Authentication,166,34,-22,920,0,11,0,0,1,0,0,0,720,0
7013,5197485621,Authentication,166,34,-52,920,0,11,0,0,0,0,0,0,0,0
7014,5197495615,Authentication,166,34,-22,920,0,11,0,0,0,0,0,0,720,0
7015,5197501450,Authentication,166,34,-23,920,0,11,0,0,1,0,0,0,720,0
7016,5197507443,Authentication,166,34,-23,920,0,11,0,0,1,0,0,0,720,0
7017,5197513486,Authentication,166,34,-22,920,0,11,0,0,1,0,0,0,720,0
7018,5197747763,Authentication,166,34,-53,920,0,11,0,0,0,0,0,0,0,0
7019,5197765557,Authentication,166,34,-22,920,0,11,0,0,0,0,0,0,720,0
7020,5197780244,S1G Beacon,129,34,-23,920,3,1,,,,,,,0,0
7021,5197784457,Data,378,34,-24,920,2,0,0,0,0,0,0,1,0,0
7022,5197794682,Authentication,166,34,-24,920,0,11,0,0,1,0,0,0,720,0
7023,5197800517,Authentication,166,34,-25,920,0,11,0,0,1,0,0,0,720,0
7024,5197806508,Authentication,166,34,-23,920,0,11,0,0,1,0,0,0,720,0
7025,5197857221,Data,387,34,-22,920,2,0,0,0,0,0,0,1,0,0
7026,5197961238,Data,450,34,-22,920,2,0,0,0,0,0,0,1,0,0
7027,5198003759,Authentication,166,34,-52,920,0,11,0,0,0,0,0,0,0,0
7028,5198015624,Authentication,166,34,-23,920,0,11,0,0,0,0,0,0,720,0
7029,5198021563,Authentication,166,34,-23,920,0,11,0,0,1,0,0,0,720,0
7030,5198027400,Authentication,166,34,-23,920,0,11,0,0,1,0,0,0,720,0
7031,5198033184,Authentication,166,34,-22,920,0,11,0,0,1,0,0,0,720,0
7032,5198065436,Data,442,34,-22,920,2,0,0,0,0,0,0,1,0,0
7033,5198169320,Data,387,34,-22,920,2,0,0,0,0,0,0,1,0,0
7034,5198241328,Authentication,166,34,-53,920,0,11,0,0,0,0,0,0,0,0
7035,5198255586,Authentication,166,34,-22,920,0,11,0,0,0,0,0,0,720,0
7036,5198261630,Authentication,166,34,-23,920,0,11,0,0,1,0,0,0,720,0
7037,5198267674,Authentication,166,34,-23,920,0,11,0,0,1,0,0,0,720,0
7038,5198273979,Data,426,34,-22,920,2,0,0,0,0,0,0,1,0,0
7039,5198285488,Authentication,166,34,-23,920,0,11,0,0,1,0,0,0,720,0
7040,5198305417,Data,287,34,-22,920,2,0,0,0,0,0,0,1,0,0
7041,5198377529,Data,458,34,-24,920,2,0,0,0,0,0,0,1,0,0
7042,5198481863,Data,387,34,-24,920,2,0,0,0,0,0,0,1,0,0
7043,5198501423,Authentication,166,34,-56,920,0,11,0,0,0,0,0,0,0,0
7044,5198515576,Authentication,166,34,-23,920,0,11,0,0,0,0,0,0,720,0
7045,5198521254,Authentication,166,34,-22,920,0,11,0,0,1,0,0,0,720,0
7046,5198527296,Authentication,166,34,-23,920,0,11,0,0,1,0,0,0,720,0
7047,5198533339,Authentication,166,34,-23,920,0,11,0,0,1,0,0,0,720,0
7048,5198565124,Disassociation,64,34,-24,920,0,10,0,0,0,0,0,0,720,0
7049,5198568448,Disassociation,64,34,-24,920,0,10,0,0,1,0,0,0,720,0
7050,5198571511,Disassociation,64,34,-23,920,0,10,0,0,1,0,0,0,720,0
7051,5198574782,Disassociation,64,34,-24,920,0,10,0,0,1,0,0,0,720,0
7052,5198585281,Data,446,34,-23,920,2,0,0,0,0,0,0,1,0,0
7053,5198599447,S1G Beacon,61,34,-23,920,3,1,,,,,,,0,0
7054,5198689374,Data,440,34,-23,920,2,0,0,0,0,0,0,1,0,0
7055,5198763565,Authentication,166,34,-56,920,0,11,0,0,0,0,0,0,0,0
7056,5198775588,Authentication,166,34,-27,920,0,11,0,0,0,0,0,0,720,0
7057,5198781422,Authentication,166,34,-22,920,0,11,0,0,1,0,0,0,720,0
7058,5198787257,Authentication,166,34,-25,920,0,11,0,0,1,0,0,0,720,0
7059,5198799394,Data,387,34,-25,920,2,0,0,0,0,0,0,1,0,0
7060,5198897221,Data,442,34,-23,920,2,0,0,0,0,0,0,1,0,0
7061,5199001313,Data,452,34,-24,920,2,0,0,0,0,0,0,1,0,0
7062,5199022632,Authentication,166,34,-51,920,0,11,0,0,0,0,0,0,0,0
7063,5199035588,Authentication,166,34,-24,920,0,11,0,0,0,0,0,0,720,0
7064,5199041371,Authentication,166,34,-24,920,0,11,0,0,1,0,0,0,720,0
7065,5199047259,Authentication,166,34,-24,920,0,11,0,0,1,0,0,0,720,0
7066,5199053095,Authentication,166,34,-23,920,0,11,0,0,1,0,0,0,720,0
7067,5199258153,Authentication,166,34,-53,920,0,11,0,0,0,0,0,0,0,0
7068,5199265810,Authentication,166,34,-22,920,0,11,0,0,0,0,0,0,720,0
7069,5199271540,Authentication,166,34,-50,920,0,11,0,0,1,0,0,0,720,0
7070,5199277324,Authentication,166,34,-23,920,0,11,0,0,1,0,0,0,720,0
7071,5199283262,Authentication,166,34,-22,920,0,11,0,0,1,0,0,0,720,0
7072,5199418650,S1G Beacon,129,34,-22,920,3,1,,,,,,,0,0
7073,5199517224,Authentication,166,34,-52,920,0,11,0,0,0,0,0,0,0,0
7074,5199525607,Authentication,166,34,-21,920,0,11,0,0,0,0,0,0,720,0
7075,5199531546,Authentication,166,34,-21,920,0,11,0,0,1,0,0,0,720,0
7076,5199537380,Authentication,166,34,-22,920,0,11,0,0,1,0,0,0,720,0
7077,5199543424,Authentication,166,34,-22,920,0,11,0,0,1,0,0,0,720,0
7078,5199779366,Authentication,166,34,-52,920,0,11,0,0,0,0,0,0,0,0
7079,5199795521,Authentication,166,34,-22,920,0,11,0,0,0,0,0,0,720,0
7080,5199801460,Authentication,166,34,-21,920,0,11,0,0,1,0,0,0,720,0
7081,5199807450,Authentication,166,34,-22,920,0,11,0,0,1,0,0,0,720,0
7082,5199813234,Authentication,166,34,-24,920,0,11,0,0,1,0,0,0,720,0
7083,5199943498,QoS Data,149,34,-37,920,2,8,1,0,0,0,0,1,720,0
7085,5199945706,QoS Data,149,34,-28,920,2,8,0,0,0,0,0,1,720,0
7087,5199952490,QoS Data,131,34,-20,920,2,8,1,0,0,0,0,1,720,0
7089,5199954974,QoS Data,131,34,-29,920,2,8,0,0,0,0,0,1,720,0
7091,5199957464,QoS Data,131,34,-29,920,2,8,0,0,1,0,0,1,720,0
7093,5200032289,Authentication,166,34,-53,920,0,11,0,0,0,0,0,0,0,0
7094,5200045610,Authentication,166,34,-22,920,0,11,0,0,0,0,0,0,720,0
7095,5200051291,Authentication,166,34,-22,920,0,11,0,0,1,0,0,0,720,0
7096,5200057179,Authentication,166,34,-22,920,0,11,0,0,1,0,0,0,720,0
7097,5200062858,Authentication,166,34,-22,920,0,11,0,0,1,0,0,0,720,0
7098,5200139920,QoS Data,128,34,-40,920,2,8,1,0,1,0,0,1,720,0
7100,5200143009,QoS Data,128,34,-29,920,2,8,0,0,0,0,0,1,720,0
7101,5200146592,QoS Data,128,34,-29,920,2,8,0,0,1,0,0,1,720,0
7103,5200237853,S1G Beacon,61,34,-21,920,3,1,,,,,,,0,0
7104,5200278561,Authentication,166,34,-52,920,0,11,0,0,0,0,0,0,0,0
7105,5200286048,Authentication,166,34,-22,920,0,11,0,0,0,0,0,0,720,0
7106,5200291963,Authentication,166,34,-24,920,0,11,0,0,1,0,0,0,720,0
7107,5200297796,Authentication,166,34,-22,920,0,11,0,0,1,0,0,0,720,0
7108,5200303475,Authentication,166,34,-22,920,0,11,0,0,1,0,0,0,720,0
7109,5200533024,Authentication,166,34,-53,920,0,11,0,0,0,0,0,0,0,0
7110,5200545566,Authentication,166,34,-23,920,0,11,0,0,0,0,0,0,720,0
7111,5200551243,Authentication,166,34,-22,920,0,11,0,0,1,0,0,0,720,0
7112,5200556974,Authentication,166,34,-21,920,0,11,0,0,1,0,0,0,720,0
7113,5200795167,Authentication,166,34,-53,920,0,11,0,0,0,0,0,0,0,0
7114,5200805993,Authentication,166,34,-22,920,0,11,0,0,0,0,0,0,720,0
7115,5200811778,Authentication,166,34,-22,920,0,11,0,0,1,0,0,0,720,0
7116,5200817570,Authentication,166,34,-43,920,0,11,0,0,1,0,0,0,720,0
7117,5200823249,Authentication,166,34,-21,920,0,11,0,0,1,0,0,0,720,0
7118,5201057056,S1G Beacon,129,34,-22,920,3,1,,,,,,,0,0
7119,5201290779,Authentication,166,34,-51,920,0,11,0,0,0,0,0,0,0,0
7120,5201301763,Authentication,166,34,-22,920,0,11,0,0,0,0,0,0,720,0
7121,5201307495,Authentication,166,34,-22,920,0,11,0,0,1,0,0,0,720,0
7122,5201313538,Authentication,166,34,-22,920,0,11,0,0,1,0,0,0,720,0
7123,5201319529,Authentication,166,34,-21,920,0,11,0,0,1,0,0,0,720,0
7124,5201329318,Data,287,34,-23,920,2,0,0,0,0,0,0,1,0,0
7125,5201548826,Authentication,166,34,-52,920,0,11,0,0,0,0,0,0,0,0
7126,5201565527,Authentication,166,34,-24,920,0,11,0,0,0,0,0,0,720,0
7127,5201571311,Authentication,166,34,-22,920,0,11,0,0,1,0,0,0,720,0
7128,5201577354,Authentication,166,34,-22,920,0,11,0,0,1,0,0,0,720,0
7129,5201583293,Authentication,166,34,-24,920,0,11,0,0,1,0,0,0,720,0
7130,5201810968,Authentication,166,34,-54,920,0,11,0,0,0,0,0,0,0,0
7131,5201825590,Authentication,166,34,-23,920,0,11,0,0,0,0,0,0,720,0
7132,5201831323,Authentication,166,34,-22,920,0,11,0,0,1,0,0,0,720,0
7133,5201837106,Authentication,166,34,-22,920,0,11,0,0,1,0,0,0,720,0
7134,5201842783,Authentication,166,34,-23,920,0,11,0,0,1,0,0,0,720,0
7135,5201876261,S1G Beacon,61,34,-24,920,3,1,,,,,,,0,0
7136,5202060819,Authentication,166,34,-52,920,0,11,0,0,0,0,0,0,0,0
7137,5202075647,Authentication,166,34,-23,920,0,11,0,0,0,0,0,0,720,0
7138,5202081690,Authentication,166,34,-23,920,0,11,0,0,1,0,0,0,720,0
7139,5202087631,Authentication,166,34,-26,920,0,11,0,0,1,0,0,0,720,0
7140,5202093571,Authentication,166,34,-27,920,0,11,0,0,1,0,0,0,720,0
7141,5202304532,Authentication,166,34,-52,920,0,11,0,0,0,0,0,0,0,0
7142,5202315565,Authentication,166,34,-24,920,0,11,0,0,0,0,0,0,720,0
7143,5202321451,Authentication,166,34,-23,920,0,11,0,0,1,0,0,0,720,0
7144,5202327132,Authentication,166,34,-24,920,0,11,0,0,1,0,0,0,720,0
7145,5202332811,Authentication,166,34,-23,920,0,11,0,0,1,0,0,0,720,0
7146,5202564626,Authentication,166,34,-52,920,0,11,0,0,0,0,0,0,0,0
7147,5202575610,Authentication,166,34,-23,920,0,11,0,0,0,0,0,0,720,0
7148,5202581290,Authentication,166,34,-23,920,0,11,0,0,1,0,0,0,720,0
7149,5202587335,Authentication,166,34,-22,920,0,11,0,0,1,0,0,0,720,0
7150,5202593172,Authentication,166,34,-21,920,0,11,0,0,1,0,0,0,720,0
7151,5202695462,S1G Beacon,129,34,-22,920,3,1,,,,,,,0,0
7152,5202826768,Authentication,166,34,-52,920,0,11,0,0,0,0,0,0,0,0
7153,5202835566,Authentication,166,34,-21,920,0,11,0,0,0,0,0,0,720,0
7154,5202841401,Authentication,166,34,-21,920,0,11,0,0,1,0,0,0,720,0
7155,5202847184,Authentication,166,34,-21,920,0,11,0,0,1,0,0,0,720,0
7156,5202853072,Authentication,166,34,-22,920,0,11,0,0,1,0,0,0,720,0
7157,5203064334,Authentication,166,34,-57,920,0,11,0,0,0,0,0,0,0,0
7158,5203075577,Authentication,166,34,-22,920,0,11,0,0,0,0,0,0,720,0
7159,5203081619,Authentication,166,34,-22,920,0,11,0,0,1,0,0,0,720,0
7160,5203087662,Authentication,166,34,-23,920,0,11,0,0,1,0,0,0,720,0
7161,5203093706,Authentication,166,34,-22,920,0,11,0,0,1,0,0,0,720,0
7162,5203318286,Authentication,166,34,-52,920,0,11,0,0,0,0,0,0,0,0
7163,5203334156,Authentication,166,34,-24,920,0,11,0,0,0,0,0,0,720,0
7164,5203340042,Authentication,166,34,-23,920,0,11,0,0,1,0,0,0,720,0
7165,5203345825,Authentication,166,34,-23,920,0,11,0,0,1,0,0,0,720,0
7166,5203351712,Authentication,166,34,-22,920,0,11,0,0,1,0,0,0,720,0
7167,5203514665,S1G Beacon,61,34,-25,920,3,1,,,,,,,0,0
7168,5203580428,Authentication,166,34,-52,920,0,11,0,0,0,0,0,0,0,0
7169,5203595571,Authentication,166,34,-27,920,0,11,0,0,0,0,0,0,720,0
7170,5203601251,Authentication,166,34,-27,920,0,11,0,0,1,0,0,0,720,0
7171,5203607137,Authentication,166,34,-28,920,0,11,0,0,1,0,0,0,720,0
7172,5203612921,Authentication,166,34,-27,920,0,11,0,0,1,0,0,0,720,0
7173,5203835398,Authentication,166,34,-52,920,0,11,0,0,0,0,0,0,0,0
7174,5203845551,Authentication,166,34,-23,920,0,11,0,0,0,0,0,0,720,0
7175,5203851231,Authentication,166,34,-21,920,0,11,0,0,1,0,0,0,720,0
7176,5203857224,Authentication,166,34,-21,920,0,11,0,0,1,0,0,0,720,0
7177,5203862956,Authentication,166,34,-22,920,0,11,0,0,1,0,0,0,720,0
7178,5204076040,Authentication,166,34,-52,920,0,11,0,0,0,0,0,0,0,0
7179,5204085568,Authentication,166,34,-20,920,0,11,0,0,0,0,0,0,720,0
7180,5204091249,Authentication,166,34,-19,920,0,11,0,0,1,0,0,0,720,0
7181,5204097031,Authentication,166,34,-19,920,0,11,0,0,1,0,0,0,720,0
7182,5204103024,Authentication,166,34,-21,920,0,11,0,0,1,0,0,0,720,0
7183,5204333868,S1G Beacon,129,34,-21,920,3,1,,,,,,,0,0
7184,5204353369,Data,287,34,-20,920,2,0,0,0,0,0,0,1,0,0
7185,5204596228,Authentication,166,34,-53,920,0,11,0,0,0,0,0,0,0,0
7186,5204605597,Authentication,166,34,-23,920,0,11,0,0,0,0,0,0,720,0
7187,5204611275,Authentication,166,34,-22,920,0,11,0,0,1,0,0,0,720,0
7188,5204616956,Authentication,166,34,-22,920,0,11,0,0,1,0,0,0,720,0
7189,5204622844,Authentication,166,34,-22,920,0,11,0,0,1,0,0,0,720,0
7190,5204841985,Authentication,166,34,-53,920,0,11,0,0,0,0,0,0,0,0
7191,5204853695,Authentication,166,34,-22,920,0,11,0,0,0,0,0,0,720,0
7192,5204859532,Authentication,166,34,-22,920,0,11,0,0,1,0,0,0,720,0
7193,5204865369,Authentication,166,34,-22,920,0,11,0,0,1,0,0,0,720,0
7194,5204871153,Authentication,166,34,-22,920,0,11,0,0,1,0,0,0,720,0
7195,5204966436,RTS,54,34,-29,920,1,11,,,,0,0,0,2452,0
7198,5204970899,QoS Data,149,34,-29,920,2,8,0,0,0,0,0,1,720,0
7200,5204978186,QoS Data,131,34,-20,920,2,8,1,0,0,0,0,1,720,0
7202,5204980357,QoS Data,131,34,-28,920,2,8,0,0,0,0,0,1,720,0
7204,5205093888,Authentication,166,34,-52,920,0,11,0,0,0,0,0,0,0,0
7205,5205101749,Authentication,166,34,-22,920,0,11,0,0,0,0,0,0,720,0
7206,5205107793,Authentication,166,34,-21,920,0,11,0,0,1,0,0,0,720,0
7207,5205113470,Authentication,166,34,-21,920,0,11,0,0,1,0,0,0,720,0
7208,5205119305,Authentication,166,34,-22,920,0,11,0,0,1,0,0,0,720,0
7209,5205135740,QoS Data,128,34,-40,920,2,8,1,0,0,0,0,1,720,0
7211,5205137910,QoS Data,128,34,-29,920,2,8,0,0,0,0,0,1,720,0
7213,5205153072,S1G Beacon,61,34,-21,920,3,1,,,,,,,0,0
7214,5205349887,Authentication,166,34,-52,920,0,11,0,0,0,0,0,0,0,0
7215,5205365551,Authentication,166,34,-25,920,0,11,0,0,0,0,0,0,720,0
7216,5205377065,Authentication,166,34,-24,920,0,11,0,0,1,0,0,0,720,0
7217,5205383057,Authentication,166,34,-45,920,0,11,0,0,1,0,0,0,720,0
7218,5205612030,Authentication,166,34,-55,920,0,11,0,0,0,0,0,0,0,0
7219,5205625561,Authentication,166,34,-27,920,0,11,0,0,0,0,0,0,720,0
7220,5205631502,Authentication,166,34,-29,920,0,11,0,0,1,0,0,0,720,0
7221,5205637287,Authentication,166,34,-27,920,0,11,0,0,1,0,0,0,720,0
7222,5205643018,Authentication,166,34,-27,920,0,11,0,0,1,0,0,0,720,0
7223,5205869048,Authentication,166,34,-53,920,0,11,0,0,0,0,0,0,0,0
7224,5205885498,Authentication,166,34,-18,920,0,11,0,0,0,0,0,0,720,0
7225,5205890814,Authentication,166,34,-17,920,0,11,0,0,1,0,0,0,720,0
7226,5205896753,Authentication,166,34,-19,920,0,11,0,0,1,0,0,0,720,0
7227,5205902691,Authentication,166,34,-18,920,0,11,0,0,1,0,0,0,720,0
7228,5205972278,S1G Beacon,129,34,-19,920,3,1,,,,,,,0,0
7229,5206115833,Authentication,166,34,-53,920,0,11,0,0,0,0,0,0,0,0
7230,5206125538,Authentication,166,34,-22,920,0,11,0,0,0,0,0,0,720,0
7231,5206131269,Authentication,166,34,-22,920,0,11,0,0,1,0,0,0,720,0
7232,5206142834,Authentication,166,34,-24,920,0,11,0,0,1,0,0,0,720,0
7233,5206365688,Authentication,166,34,-52,920,0,11,0,0,0,0,0,0,0,0
7234,5206375555,Authentication,166,34,-22,920,0,11,0,0,0,0,0,0,720,0
7235,5206387224,Authentication,166,34,-23,920,0,11,0,0,1,0,0,0,720,0
7236,5206393061,Authentication,166,34,-23,920,0,11,0,0,1,0,0,0,720,0
7237,5206627831,Authentication,166,34,-54,920,0,11,0,0,0,0,0,0,0,0
7238,5206635795,Authentication,166,34,-22,920,0,11,0,0,0,0,0,0,720,0
7239,5206641531,Authentication,166,34,-50,920,0,11,0,0,1,0,0,0,720,0
7240,5206647368,Authentication,166,34,-21,920,0,11,0,0,1,0,0,0,720,0
7241,5206653049,Authentication,166,34,-20,920,0,11,0,0,1,0,0,0,720,0
7242,5206791478,S1G Beacon,61,34,-20,920,3,1,,,,,,,0,0
7243,5207133681,Authentication,166,34,-54,920,0,11,0,0,0,0,0,0,0,0
7244,5207145547,Authentication,166,34,-22,920,0,11,0,0,0,0,0,0,720,0
7245,5207157578,Authentication,166,34,-21,920,0,11,0,0,1,0,0,0,720,0
7246,5207163570,Authentication,166,34,-20,920,0,11,0,0,1,0,0,0,720,0
7247,5207377269,Data,287,34,-21,920,2,0,0,0,0,0,0,1,0,0
7248,5207390704,Authentication,166,34,-52,920,0,11,0,0,0,0,0,0,0,0
7249,5207408159,Authentication,166,34,-22,920,0,11,0,0,1,0,0,0,720,0
7250,5207413838,Authentication,166,34,-21,920,0,11,0,0,1,0,0,0,720,0
7251,5207419048,Authentication,166,34,-20,920,0,11,0,0,1,0,0,0,720,0
7252,5207610682,S1G Beacon,129,34,-24,920,3,1,,,,,,,0,0
7253,5207643632,Authentication,166,34,-52,920,0,11,0,0,0,0,0,0,0,0
7254,5207655546,Authentication,166,34,-23,920,0,11,0,0,0,0,0,0,720,0
7255,5207667113,Authentication,166,34,-23,920,0,11,0,0,1,0,0,0,720,0
7256,5207673005,Authentication,166,34,-23,920,0,11,0,0,1,0,0,0,720,0
7257,5207905774,Authentication,166,34,-53,920,0,11,0,0,0,0,0,0,0,0
7258,5207915517,Authentication,166,34,-28,920,0,11,0,0,0,0,0,0,720,0
7259,5207921198,Authentication,166,34,-27,920,0,11,0,0,1,0,0,0,720,0
7260,5207927087,Authentication,166,34,-26,920,0,11,0,0,1,0,0,0,720,0
7261,5207933130,Authentication,166,34,-27,920,0,11,0,0,1,0,0,0,720,0
7262,5208159720,Authentication,166,34,-53,920,0,11,0,0,0,0,0,0,0,0
7263,5208175747,Authentication,166,34,-28,920,0,11,0,0,0,0,0,0,720,0
7264,5208181636,Authentication,166,34,-28,920,0,11,0,0,1,0,0,0,720,0
7265,5208193307,Authentication,166,34,-24,920,0,11,0,0,1,0,0,0,720,0
7266,5208403433,Authentication,166,34,-54,920,0,11,0,0,0,0,0,0,0,0
7267,5208415558,Authentication,166,34,-25,920,0,11,0,0,0,0,0,0,720,0
7268,5208421290,Authentication,166,34,-24,920,0,11,0,0,1,0,0,0,720,0
7269,5208429885,S1G Beacon,61,34,-23,920,3,1,,,,,,,0,0
7270,5208431671,Authentication,166,34,-25,920,0,11,0,0,1,0,0,0,720,0
7271,5208437663,Authentication,166,34,-24,920,0,11,0,0,1,0,0,0,720,0
7272,5208659432,Authentication,166,34,-53,920,0,11,0,0,0,0,0,0,0,0
7273,5208675539,Authentication,166,34,-23,920,0,11,0,0,0,0,0,0,720,0
7274,5208681273,Authentication,166,34,-22,920,0,11,0,0,1,0,0,0,720,0
7275,5208686951,Authentication,166,34,-23,920,0,11,0,0,1,0,0,0,720,0
7276,5208921575,Authentication,166,34,-54,920,0,11,0,0,0,0,0,0,0,0
7277,5208932453,Authentication,166,34,-27,920,0,11,0,0,0,0,0,0,720,0
7278,5208938132,Authentication,166,34,-26,920,0,11,0,0,1,0,0,0,720,0
7279,5208943967,Authentication,166,34,-27,920,0,11,0,0,1,0,0,0,720,0
7280,5208949852,Authentication,166,34,-27,920,0,11,0,0,1,0,0,0,720,0
7281,5209183717,Authentication,166,34,-52,920,0,11,0,0,0,0,0,0,0,0
7282,5209201417,Authentication,166,34,-24,920,0,11,0,0,1,0,0,0,720,0
7283,5209207461,Authentication,166,34,-22,920,0,11,0,0,1,0,0,0,720,0
7284,5209213506,Authentication,166,34,-23,920,0,11,0,0,1,0,0,0,720,0
7285,5209249088,S1G Beacon,129,34,-23,920,3,1,,,,,,,0,0
7286,5209419234,Authentication,166,34,-54,920,0,11,0,0,0,0,0,0,0,0
7287,5209435300,Authentication,166,34,-25,920,0,11,0,0,1,0,0,0,720,0
7288,5209446866,Authentication,166,34,-25,920,0,11,0,0,1,0,0,0,720,0
7289,5209675233,Authentication,166,34,-52,920,0,11,0,0,0,0,0,0,0,0
7290,5209685532,Authentication,166,34,-21,920,0,11,0,0,0,0,0,0,720,0
7291,5209691318,Authentication,166,34,-21,920,0,11,0,0,1,0,0,0,720,0
7292,5209697100,Authentication,166,34,-22,920,0,11,0,0,1,0,0,0,720,0
7293,5209703040,Authentication,166,34,-22,920,0,11,0,0,1,0,0,0,720,0
7294,5209937376,Authentication,166,34,-52,920,0,11,0,0,0,0,0,0,0,0
7295,5209996151,QoS Data,148,34,-30,920,2,8,1,0,1,0,0,1,720,0
7297,5209998460,QoS Data,148,34,-30,920,2,8,0,0,0,0,0,1,720,0
7299,5210006804,QoS Data,131,34,-18,920,2,8,1,0,0,0,0,1,720,0
7301,5210009288,QoS Data,131,34,-30,920,2,8,0,0,0,0,0,1,720,0
7303,5210068293,S1G Beacon,61,34,-22,920,3,1,,,,,,,0,0
7304,5210136015,QoS Data,128,34,-29,920,2,8,1,0,0,0,0,1,720,0
7306,5210138552,QoS Data,128,34,-30,920,2,8,0,0,0,0,0,1,720,0
7308,5210197466,Authentication,166,34,-51,920,0,11,0,0,0,0,0,0,0,0
7309,5210401306,Data,287,34,-23,920,2,0,0,0,0,0,0,1,0,0
7310,5210440155,Authentication,166,34,-52,920,0,11,0,0,0,0,0,0,0,0
7311,5210455557,Authentication,166,34,-22,920,0,11,0,0,0,0,0,0,720,0
7312,5210461446,Authentication,166,34,-22,920,0,11,0,0,1,0,0,0,720,0
7313,5210473012,Authentication,166,34,-24,920,0,11,0,0,1,0,0,0,720,0
7314,5210691035,Authentication,166,34,-52,920,0,11,0,0,0,0,0,0,0,0
7315,5210701810,Authentication,166,34,-22,920,0,11,0,0,0,0,0,0,720,0
7316,5210707489,Authentication,166,34,-22,920,0,11,0,0,1,0,0,0,720,0
7317,5210713480,Authentication,166,34,-24,920,0,11,0,0,1,0,0,0,720,0
7318,5210719419,Authentication,166,34,-23,920,0,11,0,0,1,0,0,0,720,0
7319,5210887496,S1G Beacon,129,34,-23,920,3,1,,,,,,,0,0
7320,5210953177,Authentication,166,34,-53,920,0,11,0,0,0,0,0,0,0,0
7321,5210965508,Authentication,166,34,-22,920,0,11,0,0,0,0,0,0,720,0
7322,5210971188,Authentication,166,34,-22,920,0,11,0,0,1,0,0,0,720,0
7323,5210976868,Authentication,166,34,-22,920,0,11,0,0,1,0,0,0,720,0
7324,5210982756,Authentication,166,34,-22,920,0,11,0,0,1,0,0,0,720,0
7325,5211196885,Authentication,166,34,-52,920,0,11,0,0,0,0,0,0,0,0
7326,5211205633,Authentication,166,34,-24,920,0,11,0,0,0,0,0,0,720,0
7327,5211211675,Authentication,166,34,-23,920,0,11,0,0,1,0,0,0,720,0
7328,5211217614,Authentication,166,34,-23,920,0,11,0,0,1,0,0,0,720,0
7329,5211223553,Authentication,166,34,-25,920,0,11,0,0,1,0,0,0,720,0
7330,5211458003,Authentication,166,34,-52,920,0,11,0,0,0,0,0,0,0,0
7331,5211475704,Authentication,166,34,-22,920,0,11,0,0,0,0,0,0,720,0
7332,5211481538,Authentication,166,34,-22,920,0,11,0,0,1,0,0,0,720,0
7333,5211487375,Authentication,166,34,-22,920,0,11,0,0,1,0,0,0,720,0
7334,5211493052,Authentication,166,34,-22,920,0,11,0,0,1,0,0,0,720,0
7335,5211706701,S1G Beacon,61,34,-22,920,3,1,,,,,,,0,0
7336,5211968978,Authentication,166,34,-53,920,0,11,0,0,0,0,0,0,0,0
7337,5211980532,Authentication,166,34,-21,920,0,11,0,0,0,0,0,0,720,0
7338,5211986370,Authentication,166,34,-22,920,0,11,0,0,1,0,0,0,720,0
7339,5211992102,Authentication,166,34,-24,920,0,11,0,0,1,0,0,0,720,0
7340,5211997935,Authentication,166,34,-23,920,0,11,0,0,1,0,0,0,720,0
7341,5212218829,Authentication,166,34,-55,920,0,11,0,0,0,0,0,0,0,0
7342,5212467661,Authentication,166,34,-52,920,0,11,0,0,0,0,0,0,0,0
7343,5212475523,Authentication,166,34,-24,920,0,11,0,0,0,0,0,0,720,0
7344,5212481463,Authentication,166,34,-22,920,0,11,0,0,1,0,0,0,720,0
7345,5212487404,Authentication,166,34,-22,920,0,11,0,0,1,0,0,0,720,0
7346,5212493240,Authentication,166,34,-23,920,0,11,0,0,1,0,0,0,720,0
7347,5212525903,S1G Beacon,129,34,-22,920,3,1,,,,,,,0,0
7348,5212722637,Authentication,166,34,-52,920,0,11,0,0,0,0,0,0,0,0
7349,5212734501,Authentication,166,34,-23,920,0,11,0,0,0,0,0,0,720,0
7350,5212740182,Authentication,166,34,-21,920,0,11,0,0,1,0,0,0,720,0
7351,5212745967,Authentication,166,34,-23,920,0,11,0,0,1,0,0,0,720,0
7352,5212751646,Authentication,166,34,-24,920,0,11,0,0,1,0,0,0,720,0
7353,5212984779,Authentication,166,34,-53,920,0,11,0,0,0,0,0,0,0,0
7354,5213228487,Authentication,166,34,-53,920,0,11,0,0,0,0,0,0,0,0
7355,5213235726,Authentication,166,34,-24,920,0,11,0,0,0,0,0,0,720,0
7356,5213241767,Authentication,166,34,-22,920,0,11,0,0,1,0,0,0,720,0
7357,5213247550,Authentication,166,34,-23,920,0,11,0,0,1,0,0,0,720,0
7358,5213253333,Authentication,166,34,-22,920,0,11,0,0,1,0,0,0,720,0
7359,5213292970,Disassociation,64,34,-22,920,0,10,0,0,0,0,0,0,720,0
7360,5213295931,Disassociation,64,34,-23,920,0,10,0,0,1,0,0,0,720,0
7361,5213299202,Disassociation,64,34,-22,920,0,10,0,0,1,0,0,0,720,0
7362,5213302421,Disassociation,64,34,-24,920,0,10,0,0,1,0,0,0,720,0
7363,5213345106,S1G Beacon,61,34,-23,920,3,1,,,,,,,0,0
7364,5213425363,Data,287,34,-22,920,2,0,0,0,0,0,0,1,0,0
7365,5213480392,Authentication,166,34,-52,920,0,11,0,0,0,0,0,0,0,0
7366,5213495532,Authentication,166,34,-22,920,0,11,0,0,0,0,0,0,720,0
7367,5213501211,Authentication,166,34,-22,920,0,11,0,0,1,0,0,0,720,0
7368,5213507100,Authentication,166,34,-24,920,0,11,0,0,1,0,0,0,720,0
7369,5213513142,Authentication,166,34,-22,920,0,11,0,0,1,0,0,0,720,0
7370,5213738437,Authentication,166,34,-52,920,0,11,0,0,0,0,0,0,0,0
7371,5213749628,Authentication,166,34,-22,920,0,11,0,0,0,0,0,0,720,0
7372,5213755672,Authentication,166,34,-24,920,0,11,0,0,1,0,0,0,720,0
7373,5213761717,Authentication,166,34,-22,920,0,11,0,0,1,0,0,0,720,0
7374,5213767448,Authentication,166,34,-23,920,0,11,0,0,1,0,0,0,720,0
7375,5214000580,Authentication,166,34,-54,920,0,11,0,0,0,0,0,0,0,0
7376,5214164308,S1G Beacon,129,34,-22,920,3,1,,,,,,,0,0
7377,5214249408,Authentication,166,34,-52,920,0,11,0,0,0,0,0,0,0,0
7378,5214265486,Authentication,166,34,-22,920,0,11,0,0,0,0,0,0,720,0
7379,5214271166,Authentication,166,34,-23,920,0,11,0,0,1,0,0,0,720,0
7380,5214276950,Authentication,166,34,-22,920,0,11,0,0,1,0,0,0,720,0
7381,5214282734,Authentication,166,34,-24,920,0,11,0,0,1,0,0,0,720,0
7382,5214492096,Authentication,166,34,-51,920,0,11,0,0,0,0,0,0,0,0
7383,5214501829,Authentication,166,34,-25,920,0,11,0,0,0,0,0,0,720,0
7384,5214507509,Authentication,166,34,-27,920,0,11,0,0,1,0,0,0,720,0
7385,5214513188,Authentication,166,34,-23,920,0,11,0,0,1,0,0,0,720,0
7386,5214519233,Authentication,166,34,-23,920,0,11,0,0,1,0,0,0,720,0
7387,5214754238,Authentication,166,34,-52,920,0,11,0,0,0,0,0,0,0,0
7388,5214765534,Authentication,166,34,-26,920,0,11,0,0,0,0,0,0,720,0
7389,5214771212,Authentication,166,34,-27,920,0,11,0,0,1,0,0,0,720,0
7390,5214776942,Authentication,166,34,-27,920,0,11,0,0,1,0,0,0,720,0
7391,5214782934,Authentication,166,34,-27,920,0,11,0,0,1,0,0,0,720,0
7392,5214983511,S1G Beacon,61,34,-27,920,3,1,,,,,,,0,0
7393,5215016381,Authentication,166,34,-53,920,0,11,0,0,0,0,0,0,0,0
7394,5215025520,Authentication,166,34,-27,920,0,11,0,0,0,0,0,0,720,0
7395,5215031346,QoS Data,148,34,-30,920,2,8,1,0,1,0,0,1,720,0
7397,5215033449,Authentication,166,34,-27,920,0,11,0,0,1,0,0,0,720,0
7398,5215039333,Authentication,166,34,-27,920,0,11,0,0,1,0,0,0,720,0
7399,5215045170,Authentication,166,34,-28,920,0,11,0,0,1,0,0,0,720,0
7400,5215267256,Authentication,166,34,-51,920,0,11,0,0,0,0,0,0,0,0
7401,5215507897,Authentication,166,34,-52,920,0,11,0,0,0,0,0,0,0,0
7402,5215688731,QoS Data,148,34,-29,920,2,8,0,0,0,0,0,1,720,0
7404,5215695930,QoS Data,131,34,-21,920,2,8,1,0,0,0,0,1,720,0
7406,5215698047,QoS Data,131,34,-29,920,2,8,0,0,0,0,0,1,720,0
7408,5215770040,Authentication,166,34,-52,920,0,11,0,0,0,0,0,0,0,0
7409,5215802717,S1G Beacon,129,34,-22,920,3,1,,,,,,,0,0
7410,5215885863,QoS Data,128,34,-27,920,2,8,1,0,0,0,0,1,720,0
7412,5215887913,QoS Data,128,34,-29,920,2,8,0,0,0,0,0,1,720,0
7414,5216032182,Authentication,166,34,-53,920,0,11,0,0,0,0,0,0,0,0
7415,5216042281,Authentication,166,34,-23,920,0,11,0,0,0,0,0,0,720,0
7416,5216048065,Authentication,166,34,-22,920,0,11,0,0,1,0,0,0,720,0
7417,5216053848,Authentication,166,34,-22,920,0,11,0,0,1,0,0,0,720,0
7418,5216059683,Authentication,166,34,-22,920,0,11,0,0,1,0,0,0,720,0
7419,5216275890,Authentication,166,34,-53,920,0,11,0,0,0,0,0,0,0,0
7420,5216285467,Authentication,166,34,-22,920,0,11,0,0,0,0,0,0,720,0
7421,5216291354,Authentication,166,34,-22,920,0,11,0,0,1,0,0,0,720,0
7422,5216297399,Authentication,166,34,-22,920,0,11,0,0,1,0,0,0,720,0
7423,5216303130,Authentication,166,34,-21,920,0,11,0,0,1,0,0,0,720,0
7424,5216449468,Data,287,34,-23,920,2,0,0,0,0,0,0,1,0,0
7425,5216523698,Authentication,166,34,-51,920,0,11,0,0,0,0,0,0,0,0
7426,5216535772,Authentication,166,34,-23,920,0,11,0,0,0,0,0,0,720,0
7427,5216541764,Authentication,166,34,-21,920,0,11,0,0,1,0,0,0,720,0
7428,5216546973,Authentication,166,34,-22,920,0,11,0,0,1,0,0,0,720,0
7429,5216552757,Authentication,166,34,-22,920,0,11,0,0,1,0,0,0,720,0
7430,5216621917,S1G Beacon,61,34,-21,920,3,1,,,,,,,0,0
7431,5216785840,Authentication,166,34,-52,920,0,11,0,0,0,0,0,0,0,0
7432,5217047983,Authentication,166,34,-53,920,0,11,0,0,0,0,0,0,0,0
7433,5217055535,Authentication,166,34,-23,920,0,11,0,0,0,0,0,0,720,0
7434,5217067106,Authentication,166,34,-22,920,0,11,0,0,1,0,0,0,720,0
7435,5217072786,Authentication,166,34,-22,920,0,11,0,0,1,0,0,0,720,0
7436,5217299883,Authentication,166,34,-52,920,0,11,0,0,0,0,0,0,0,0
7437,5217315543,Authentication,166,34,-23,920,0,11,0,0,0,0,0,0,720,0
7438,5217321274,Authentication,166,34,-24,920,0,11,0,0,1,0,0,0,720,0
7439,5217327162,Authentication,166,34,-23,920,0,11,0,0,1,0,0,0,720,0
7440,5217332894,Authentication,166,34,-25,920,0,11,0,0,1,0,0,0,720,0
7441,5217441122,S1G Beacon,129,34,-24,920,3,1,,,,,,,0,0
7442,5217545642,Authentication,166,34,-56,920,0,11,0,0,0,0,0,0,0,0
7443,5217555481,Authentication,166,34,-28,920,0,11,0,0,0,0,0,0,720,0
7444,5217561213,Authentication,166,34,-28,920,0,11,0,0,1,0,0,0,720,0
7445,5217566996,Authentication,166,34,-27,920,0,11,0,0,1,0,0,0,720,0
7446,5217572729,Authentication,166,34,-28,920,0,11,0,0,1,0,0,0,720,0
7447,5217801641,Authentication,166,34,-51,920,0,11,0,0,0,0,0,0,0,0
7448,5217815535,Authentication,166,34,-27,920,0,11,0,0,0,0,0,0,720,0
7449,5217821369,Authentication,166,34,-27,920,0,11,0,0,1,0,0,0,720,0
7450,5217827100,Authentication,166,34,-29,920,0,11,0,0,1,0,0,0,720,0
7451,5217832884,Authentication,166,34,-28,920,0,11,0,0,1,0,0,0,720,0
7452,5218063783,Authentication,166,34,-53,920,0,11,0,0,0,0,0,0,0,0
7453,5218074715,Authentication,166,34,-26,920,0,11,0,0,0,0,0,0,720,0
7454,5218080548,Authentication,166,34,-27,920,0,11,0,0,1,0,0,0,720,0
7455,5218086489,Authentication,166,34,-28,920,0,11,0,0,1,0,0,0,720,0
7456,5218092377,Authentication,166,34,-27,920,0,11,0,0,1,0,0,0,720,0
7457,5218260328,S1G Beacon,61,34,-28,920,3,1,,,,,,,0,0
7458,5218325926,Authentication,166,34,-54,920,0,11,0,0,0,0,0,0,0,0
7459,5218567587,Authentication,166,34,-51,920,0,11,0,0,0,0,0,0,0,0
7460,5218575500,Authentication,166,34,-27,920,0,11,0,0,0,0,0,0,720,0
7461,5218581336,Authentication,166,34,-27,920,0,11,0,0,1,0,0,0,720,0
7462,5218587381,Authentication,166,34,-28,920,0,11,0,0,1,0,0,0,720,0
7463,5218593319,Authentication,166,34,-27,920,0,11,0,0,1,0,0,0,720,0
7464,5218753596,Data,378,34,-27,920,2,0,0,0,0,0,0,1,0,0
7465,5218823585,Authentication,166,34,-52,920,0,11,0,0,0,0,0,0,0,0
7466,5218835554,Authentication,166,34,-27,920,0,11,0,0,0,0,0,0,720,0
7467,5218841338,Authentication,166,34,-27,920,0,11,0,0,1,0,0,0,720,0
7468,5218847380,Authentication,166,34,-28,920,0,11,0,0,1,0,0,0,720,0
7469,5218853061,Authentication,166,34,-27,920,0,11,0,0,1,0,0,0,720,0
7470,5218859366,Data,387,34,-28,920,2,0,0,0,0,0,0,1,0,0
7471,5218961302,Data,450,34,-29,920,2,0,0,0,0,0,0,1,0,0
7472,5219065591,Data,442,34,-27,920,2,0,0,0,0,0,0,1,0,0
7473,5219079529,S1G Beacon,129,34,-27,920,3,1,,,,,,,0,0
7474,5219169438,Data,387,34,-27,920,2,0,0,0,0,0,0,1,0,0
7475,5219273351,Data,426,34,-26,920,2,0,0,0,0,0,0,1,0,0
7476,5219341727,Authentication,166,34,-56,920,0,11,0,0,0,0,0,0,0,0
7477,5219355519,Authentication,166,34,-29,920,0,11,0,0,0,0,0,0,720,0
7478,5219361252,Authentication,166,34,-27,920,0,11,0,0,1,0,0,0,720,0
7479,5219366984,Authentication,166,34,-28,920,0,11,0,0,1,0,0,0,720,0
7480,5219372819,Authentication,166,34,-27,920,0,11,0,0,1,0,0,0,720,0
7481,5219379124,Data,458,34,-27,920,2,0,0,0,0,0,0,1,0,0
7482,5219473373,Data,287,34,-28,920,2,0,0,0,0,0,0,1,0,0
7483,5219481787,Data,387,34,-28,920,2,0,0,0,0,0,0,1,0,0
7484,5219585387,Data,446,34,-27,920,2,0,0,0,0,0,0,1,0,0
7485,5219689506,Data,440,34,-27,920,2,0,0,0,0,0,0,1,0,0
7486,5219793569,Data,387,34,-27,920,2,0,0,0,0,0,0,1,0,0
7487,5219833243,Authentication,166,34,-54,920,0,11,0,0,0,0,0,0,0,0
7488,5219845472,Authentication,166,34,-27,920,0,11,0,0,0,0,0,0,720,0
7489,5219851254,Authentication,166,34,-27,920,0,11,0,0,1,0,0,0,720,0
7490,5219856987,Authentication,166,34,-27,920,0,11,0,0,1,0,0,0,720,0
7491,5219863029,Authentication,166,34,-27,920,0,11,0,0,1,0,0,0,720,0
7492,5219898734,S1G Beacon,61,34,-27,920,3,1,,,,,,,0,0
7493,5219901145,Data,442,34,-26,920,2,0,0,0,0,0,0,1,0,0
7494,5220001389,Data,452,34,-28,920,2,0,0,0,0,0,0,1,0,0
7495,5220095386,Authentication,166,34,-52,920,0,11,0,0,0,0,0,0,0,0
7496,5220357528,Authentication,166,34,-52,920,0,11,0,0,0,0,0,0,0,0
7497,5220599188,Authentication,166,34,-51,920,0,11,0,0,0,0,0,0,0,0
7498,5220615426,Authentication,166,34,-26,920,0,11,0,0,0,0,0,0,720,0
7499,5220621103,Authentication,166,34,-27,920,0,11,0,0,1,0,0,0,720,0
7500,5220626835,Authentication,166,34,-27,920,0,11,0,0,1,0,0,0,720,0
7501,5220632514,Authentication,166,34,-27,920,0,11,0,0,1,0,0,0,720,0
7502,5220703080,QoS Data,148,34,-30,920,2,8,1,0,0,0,0,1,720,0
7504,5220705497,QoS Data,148,34,-30,920,2,8,0,0,0,0,0,1,720,0
7506,5220712696,QoS Data,131,34,-19,920,2,8,1,0,0,0,0,1,720,0
7508,5220715491,QoS Data,131,34,-31,920,2,8,0,0,0,0,0,1,720,0
7509,5220717938,S1G Beacon,129,34,-25,920,3,1,,,,,,,0,0
7510,5220861330,Authentication,166,34,-51,920,0,11,0,0,0,0,0,0,0,0
7511,5220885731,QoS Data,128,34,-29,920,2,8,1,0,0,0,0,1,720,0
7513,5220888733,QoS Data,128,34,-32,920,2,8,0,0,0,0,0,1,720,0
7515,5221111187,Authentication,166,34,-51,920,0,11,0,0,0,0,0,0,0,0
7516,5221373329,Authentication,166,34,-53,920,0,11,0,0,0,0,0,0,0,0
7517,5221384363,Authentication,166,34,-27,920,0,11,0,0,0,0,0,0,720,0
7518,5221390406,Authentication,166,34,-27,920,0,11,0,0,1,0,0,0,720,0
7519,5221396346,Authentication,166,34,-26,920,0,11,0,0,1,0,0,0,720,0
7520,5221402129,Authentication,166,34,-27,920,0,11,0,0,1,0,0,0,720,0
7521,5221537138,S1G Beacon,61,34,-28,920,3,1,,,,,,,0,0
7522,5221635471,Authentication,166,34,-52,920,0,11,0,0,0,0,0,0,0,0
7523,5221873037,Authentication,166,34,-52,920,0,11,0,0,0,0,0,0,0,0
7524,5221884176,Authentication,166,34,-26,920,0,11,0,0,0,0,0,0,720,0
7525,5221889855,Authentication,166,34,-28,920,0,11,0,0,1,0,0,0,720,0
7526,5221895640,Authentication,166,34,-26,920,0,11,0,0,1,0,0,0,720,0
7527,5221901370,Authentication,166,34,-26,920,0,11,0,0,1,0,0,0,720,0
7528,5222126987,Authentication,166,34,-51,920,0,11,0,0,0,0,0,0,0,0
7529,5222135469,Authentication,166,34,-29,920,0,11,0,0,0,0,0,0,720,0
7530,5222141199,Authentication,166,34,-28,920,0,11,0,0,1,0,0,0,720,0
7531,5222147244,Authentication,166,34,-28,920,0,11,0,0,1,0,0,0,720,0
7532,5222153079,Authentication,166,34,-27,920,0,11,0,0,1,0,0,0,720,0
7533,5222356342,S1G Beacon,129,34,-30,920,3,1,,,,,,,0,0
7534,5222389130,Authentication,166,34,-52,920,0,11,0,0,0,0,0,0,0,0
7535,5222497355,Data,287,34,-28,920,2,0,0,0,0,0,0,1,0,0
7536,5222651272,Authentication,166,34,-52,920,0,11,0,0,0,0,0,0,0,0
7537,5222885767,Authentication,166,34,-51,920,0,11,0,0,0,0,0,0,0,0
7538,5222895554,Authentication,166,34,-28,920,0,11,0,0,0,0,0,0,720,0
7539,5222901232,Authentication,166,34,-29,920,0,11,0,0,1,0,0,0,720,0
7540,5222907173,Authentication,166,34,-28,920,0,11,0,0,1,0,0,0,720,0
7541,5222913060,Authentication,166,34,-30,920,0,11,0,0,1,0,0,0,720,0
7542,5223142788,Authentication,166,34,-52,920,0,11,0,0,0,0,0,0,0,0
7543,5223175548,S1G Beacon,61,34,-28,920,3,1,,,,,,,0,0
7544,5223404931,Authentication,166,34,-51,920,0,11,0,0,0,0,0,0,0,0
7545,5223415496,Authentication,166,34,-28,920,0,11,0,0,0,0,0,0,720,0
7546,5223421434,Authentication,166,34,-28,920,0,11,0,0,1,0,0,0,720,0
7547,5223427323,Authentication,166,34,-29,920,0,11,0,0,1,0,0,0,720,0
7548,5223433254,Authentication,166,34,-28,920,0,11,0,0,1,0,0,0,720,0
7549,5223650687,Authentication,166,34,-51,920,0,11,0,0,0,0,0,0,0,0
7550,5223665465,Authentication,166,34,-29,920,0,11,0,0,0,0,0,0,720,0
7551,5223671404,Authentication,166,34,-29,920,0,11,0,0,1,0,0,0,720,0
7552,5223683181,Authentication,166,34,-27,920,0,11,0,0,1,0,0,0,720,0
7553,5223896448,Authentication,166,34,-52,920,0,11,0,0,0,0,0,0,0,0
7554,5223905662,Authentication,166,34,-29,920,0,11,0,0,0,0,0,0,720,0
7555,5223911601,Authentication,166,34,-28,920,0,11,0,0,1,0,0,0,720,0
7556,5223917332,Authentication,166,34,-29,920,0,11,0,0,1,0,0,0,720,0
7557,5223923115,Authentication,166,34,-28,920,0,11,0,0,1,0,0,0,720,0
7558,5223994751,S1G Beacon,129,34,-28,920,3,1,,,,,,,0,0
7559,5224158590,Authentication,166,34,-53,920,0,11,0,0,0,0,0,0,0,0
7560,5224420732,Authentication,166,34,-53,920,0,11,0,0,0,0,0,0,0,0
7561,5224435511,Authentication,166,34,-28,920,0,11,0,0,0,0,0,0,720,0
7562,5224441190,Authentication,166,34,-29,920,0,11,0,0,1,0,0,0,720,0
7563,5224447025,Authentication,166,34,-30,920,0,11,0,0,1,0,0,0,720,0
7564,5224452703,Authentication,166,34,-29,920,0,11,0,0,1,0,0,0,720,0
7565,5224656249,Authentication,166,34,-52,920,0,11,0,0,0,0,0,0,0,0
7566,5224665465,Authentication,166,34,-28,920,0,11,0,0,0,0,0,0,720,0
7567,5224671146,Authentication,166,34,-28,920,0,11,0,0,1,0,0,0,720,0
7568,5224676981,Authentication,166,34,-28,920,0,11,0,0,1,0,0,0,720,0
7569,5224682972,Authentication,166,34,-29,920,0,11,0,0,1,0,0,0,720,0
7570,5224813955,S1G Beacon,61,34,-29,920,3,1,,,,,,,0,0
7571,5224912249,Authentication,166,34,-52,920,0,11,0,0,0,0,0,0,0,0
7572,5224925465,Authentication,166,34,-28,920,0,11,0,0,0,0,0,0,720,0
7573,5224931301,Authentication,166,34,-28,920,0,11,0,0,1,0,0,0,720,0
7574,5224937241,Authentication,166,34,-28,920,0,11,0,0,1,0,0,0,720,0
7575,5224943128,Authentication,166,34,-30,920,0,11,0,0,1,0,0,0,720,0
7576,5225174391,Authentication,166,34,-53,920,0,11,0,0,0,0,0,0,0,0
7577,5225185476,Authentication,166,34,-29,920,0,11,0,0,0,0,0,0,720,0
7578,5225190636,Authentication,166,34,-28,920,0,11,0,0,1,0,0,0,720,0
7579,5225196472,Authentication,166,34,-30,920,0,11,0,0,1,0,0,0,720,0
7580,5225202151,Authentication,166,34,-29,920,0,11,0,0,1,0,0,0,720,0
7581,5225426290,Authentication,166,34,-52,920,0,11,0,0,0,0,0,0,0,0
7582,5225435454,Authentication,166,34,-28,920,0,11,0,0,0,0,0,0,720,0
7583,5225440771,Authentication,166,34,-29,920,0,11,0,0,1,0,0,0,720,0
7584,5225446708,Authentication,166,34,-27,920,0,11,0,0,1,0,0,0,720,0
7585,5225452387,Authentication,166,34,-28,920,0,11,0,0,1,0,0,0,720,0
7586,5225521427,Data,287,34,-28,920,2,0,0,0,0,0,0,1,0,0
7587,5225633158,S1G Beacon,129,34,-27,920,3,1,,,,,,,0,0
7588,5225677170,Authentication,166,34,-52,920,0,11,0,0,0,0,0,0,0,0
7589,5225695414,Authentication,166,34,-28,920,0,11,0,0,0,0,0,0,720,0
7590,5225701355,Authentication,166,34,-27,920,0,11,0,0,1,0,0,0,720,0
7591,5225707397,Authentication,166,34,-27,920,0,11,0,0,1,0,0,0,720,0
7592,5225713440,Authentication,166,34,-27,920,0,11,0,0,1,0,0,0,720,0
7593,5225722961,QoS Data,148,34,-28,920,2,8,1,0,0,0,0,1,720,0
7595,5225725324,QoS Data,148,34,-33,920,2,8,0,0,0,0,0,1,720,0
7597,5225732522,QoS Data,131,34,-19,920,2,8,1,0,0,0,0,1,720,0
7599,5225735317,QoS Data,131,34,-32,920,2,8,0,0,0,0,0,1,720,0
7601,5225885586,QoS Data,128,34,-27,920,2,8,1,0,0,0,0,1,720,0
7603,5225887965,QoS Data,128,34,-31,920,2,8,0,0,0,0,0,1,720,0
7605,5225928049,Authentication,166,34,-51,920,0,11,0,0,0,0,0,0,0,0
7606,5225935441,Authentication,166,34,-27,920,0,11,0,0,0,0,0,0,720,0
7607,5225941122,Authentication,166,34,-28,920,0,11,0,0,1,0,0,0,720,0
7608,5225946852,Authentication,166,34,-27,920,0,11,0,0,1,0,0,0,720,0
7609,5225952843,Authentication,166,34,-27,920,0,11,0,0,1,0,0,0,720,0
7610,5226190192,Authentication,166,34,-53,920,0,11,0,0,0,0,0,0,0,0
7611,5226442091,Authentication,166,34,-51,920,0,11,0,0,0,0,0,0,0,0
7612,5226452359,S1G Beacon,61,34,-28,920,3,1,,,,,,,0,0
7613,5226454457,Authentication,166,34,-27,920,0,11,0,0,0,0,0,0,720,0
7614,5226460187,Authentication,166,34,-27,920,0,11,0,0,1,0,0,0,720,0
7615,5226466128,Authentication,166,34,-27,920,0,11,0,0,1,0,0,0,720,0
7616,5226472121,Authentication,166,34,-28,920,0,11,0,0,1,0,0,0,720,0
7617,5226683756,Authentication,166,34,-53,920,0,11,0,0,0,0,0,0,0,0
7618,5226943851,Authentication,166,34,-53,920,0,11,0,0,0,0,0,0,0,0
7619,5226955508,Authentication,166,34,-28,920,0,11,0,0,0,0,0,0,720,0
7620,5226961238,Authentication,166,34,-28,920,0,11,0,0,1,0,0,0,720,0
7621,5226967283,Authentication,166,34,-28,920,0,11,0,0,1,0,0,0,720,0
7622,5226973016,Authentication,166,34,-28,920,0,11,0,0,1,0,0,0,720,0
7623,5227205993,Authentication,166,34,-52,920,0,11,0,0,0,0,0,0,0,0
7624,5227215465,Authentication,166,34,-28,920,0,11,0,0,0,0,0,0,720,0
7625,5227221354,Authentication,166,34,-28,920,0,11,0,0,1,0,0,0,720,0
7626,5227227033,Authentication,166,34,-28,920,0,11,0,0,1,0,0,0,720,0
7627,5227233023,Authentication,166,34,-28,920,0,11,0,0,1,0,0,0,720,0
7628,5227271564,S1G Beacon,129,34,-29,920,3,1,,,,,,,0,0
7629,5227464035,Authentication,166,34,-51,920,0,11,0,0,0,0,0,0,0,0
7630,5227701604,Authentication,166,34,-53,920,0,11,0,0,0,0,0,0,0,0
7631,5227712795,Authentication,166,34,-29,920,0,11,0,0,0,0,0,0,720,0
7632,5227718840,Authentication,166,34,-30,920,0,11,0,0,1,0,0,0,720,0
7633,5227724521,Authentication,166,34,-28,920,0,11,0,0,1,0,0,0,720,0
7634,5227730303,Authentication,166,34,-28,920,0,11,0,0,1,0,0,0,720,0
7635,5227959652,Authentication,166,34,-52,920,0,11,0,0,0,0,0,0,0,0
7636,5227975678,Authentication,166,34,-28,920,0,11,0,0,0,0,0,0,720,0
7637,5227981616,Authentication,166,34,-28,920,0,11,0,0,1,0,0,0,720,0
7638,5227993183,Authentication,166,34,-27,920,0,11,0,0,1,0,0,0,720,0
7639,5228090768,S1G Beacon,61,34,-28,920,3,1,,,,,,,0,0
7640,5228221794,Authentication,166,34,-56,920,0,11,0,0,0,0,0,0,0,0
7641,5228235426,Authentication,166,34,-28,920,0,11,0,0,0,0,0,0,720,0
7642,5228241108,Authentication,166,34,-28,920,0,11,0,0,1,0,0,0,720,0
7643,5228247048,Authentication,166,34,-28,920,0,11,0,0,1,0,0,0,720,0
7644,5228252727,Authentication,166,34,-28,920,0,11,0,0,1,0,0,0,720,0
7645,5228467550,Authentication,166,34,-51,920,0,11,0,0,0,0,0,0,0,0
7646,5228485396,Authentication,166,34,-28,920,0,11,0,0,0,0,0,0,720,0
7647,5228491334,Authentication,166,34,-30,920,0,11,0,0,1,0,0,0,720,0
7648,5228497169,Authentication,166,34,-28,920,0,11,0,0,1,0,0,0,720,0
7649,5228503162,Authentication,166,34,-28,920,0,11,0,0,1,0,0,0,720,0
7650,5228545398,Data,287,34,-29,920,2,0,0,0,0,0,0,1,0,0
7651,5228713310,Authentication,166,34,-51,920,0,11,0,0,0,0,0,0,0,0
7652,5228725438,Authentication,166,34,-30,920,0,11,0,0,0,0,0,0,720,0
7653,5228731170,Authentication,166,34,-30,920,0,11,0,0,1,0,0,0,720,0
7654,5228737108,Authentication,166,34,-29,920,0,11,0,0,1,0,0,0,720,0
7655,5228743153,Authentication,166,34,-29,920,0,11,0,0,1,0,0,0,720,0
7656,5228909969,S1G Beacon,129,34,-30,920,3,1,,,,,,,0,0
7657,5228975453,Authentication,166,34,-54,920,0,11,0,0,0,0,0,0,0,0
7658,5228985448,Authentication,166,34,-28,920,0,11,0,0,0,0,0,0,720,0
7659,5228991179,Authentication,166,34,-30,920,0,11,0,0,1,0,0,0,720,0
7660,5228997171,Authentication,166,34,-28,920,0,11,0,0,1,0,0,0,720,0
7661,5229002851,Authentication,166,34,-28,920,0,11,0,0,1,0,0,0,720,0
7662,5229236055,Authentication,166,34,-51,920,0,11,0,0,0,0,0,0,0,0
7663,5229245424,Authentication,166,34,-28,920,0,11,0,0,0,0,0,0,720,0
7664,5229251311,Authentication,166,34,-28,920,0,11,0,0,1,0,0,0,720,0
7665,5229257198,Authentication,166,34,-30,920,0,11,0,0,1,0,0,0,720,0
7666,5229263033,Authentication,166,34,-29,920,0,11,0,0,1,0,0,0,720,0
7667,5229473112,Authentication,166,34,-52,920,0,11,0,0,0,0,0,0,0,0
7668,5229991254,Authentication,166,34,-53,920,0,11,0,0,0,0,0,0,0,0
7669,5230001872,Authentication,166,34,-28,920,0,11,0,0,0,0,0,0,720,0
7670,5230007602,Authentication,166,34,-28,920,0,11,0,0,1,0,0,0,720,0
7671,5230013280,Authentication,166,34,-29,920,0,11,0,0,1,0,0,0,720,0
7672,5230019270,Authentication,166,34,-30,920,0,11,0,0,1,0,0,0,720,0
7673,5230234962,Authentication,166,34,-53,920,0,11,0,0,0,0,0,0,0,0
7674,5230482770,Authentication,166,34,-52,920,0,11,0,0,0,0,0,0,0,0
7675,5230548374,S1G Beacon,129,34,-30,920,3,1,,,,,,,0,0
7676,5230744309,QoS Data,148,34,-28,920,2,8,1,0,0,0,0,1,720,0
7678,5230746565,QoS Data,148,34,-31,920,2,8,0,0,0,0,0,1,720,0
7679,5230751308,QoS Data,148,34,-32,920,2,8,0,0,1,0,0,1,720,0
7681,5230758507,QoS Data,131,34,-21,920,2,8,1,0,0,0,0,1,720,0
7683,5230761300,QoS Data,131,34,-33,920,2,8,0,0,0,0,0,1,720,0
7685,5230885514,QoS Data,128,34,-30,920,2,8,1,0,0,0,0,1,720,0
7687,5230887789,QoS Data,128,34,-32,920,2,8,0,0,0,0,0,1,720,0
7689,5231003980,Authentication,166,34,-53,920,0,11,0,0,0,0,0,0,0,0
7690,5231015412,Authentication,166,34,-28,920,0,11,0,0,0,0,0,0,720,0
7691,5231021468,Authentication,166,34,-42,920,0,11,0,0,1,0,0,0,720,0
7692,5231027146,Authentication,166,34,-28,920,0,11,0,0,1,0,0,0,720,0
7693,5231032879,Authentication,166,34,-29,920,0,11,0,0,1,0,0,0,720,0
7694,5231249739,Authentication,166,34,-53,920,0,11,0,0,0,0,0,0,0,0
7695,5231265402,Authentication,166,34,-30,920,0,11,0,0,0,0,0,0,720,0
7696,5231271445,Authentication,166,34,-28,920,0,11,0,0,1,0,0,0,720,0
7697,5231277230,Authentication,166,34,-29,920,0,11,0,0,1,0,0,0,720,0
7698,5231283118,Authentication,166,34,-28,920,0,11,0,0,1,0,0,0,720,0
7699,5231367578,S1G Beacon,61,34,-28,920,3,1,,,,,,,0,0
7700,5231498571,Authentication,166,34,-51,920,0,11,0,0,0,0,0,0,0,0
7701,5231569328,Data,287,34,-29,920,2,0,0,0,0,0,0,1,0,0
7702,5231760713,Authentication,166,34,-52,920,0,11,0,0,0,0,0,0,0,0
7703,5232021828,Authentication,166,34,-56,920,0,11,0,0,0,0,0,0,0,0
7704,5232186782,S1G Beacon,129,34,-28,920,3,1,,,,,,,0,0
7705,5232272707,Authentication,166,34,-53,920,0,11,0,0,0,0,0,0,0,0
7706,5232514372,Authentication,166,34,-53,920,0,11,0,0,0,0,0,0,0,0
7707,5232525460,Authentication,166,34,-31,920,0,11,0,0,0,0,0,0,720,0
7708,5232531399,Authentication,166,34,-30,920,0,11,0,0,1,0,0,0,720,0
7709,5232537130,Authentication,166,34,-30,920,0,11,0,0,1,0,0,0,720,0
7710,5232543175,Authentication,166,34,-29,920,0,11,0,0,1,0,0,0,720,0
7711,5232776515,Authentication,166,34,-52,920,0,11,0,0,0,0,0,0,0,0
7712,5232785415,Authentication,166,34,-29,920,0,11,0,0,0,0,0,0,720,0
7713,5232791457,Authentication,166,34,-28,920,0,11,0,0,1,0,0,0,720,0
7714,5232797500,Authentication,166,34,-29,920,0,11,0,0,1,0,0,0,720,0
7715,5232803182,Authentication,166,34,-28,920,0,11,0,0,1,0,0,0,720,0
7716,5233005984,S1G Beacon,61,34,-29,920,3,1,,,,,,,0,0
7717,5233030462,Authentication,166,34,-51,920,0,11,0,0,0,0,0,0,0,0
7718,5233045865,Authentication,166,34,-30,920,0,11,0,0,0,0,0,0,720,0
7719,5233051542,Authentication,166,34,-30,920,0,11,0,0,1,0,0,0,720,0
7720,5233057275,Authentication,166,34,-29,920,0,11,0,0,1,0,0,0,720,0
7721,5233063318,Authentication,166,34,-29,920,0,11,0,0,1,0,0,0,720,0
7722,5233268031,Authentication,166,34,-51,920,0,11,0,0,0,0,0,0,0,0
7723,5233530173,Authentication,166,34,-52,920,0,11,0,0,0,0,0,0,0,0
7725,5233792316,Authentication,166,34,-53,920,0,11,0,0,0,0,0,0,0,0
7726,5233801999,Authentication,166,34,-30,920,0,11,0,0,0,0,0,0,720,0
7727,5233807731,Authentication,166,34,-30,920,0,11,0,0,1,0,0,0,720,0
7728,5233813460,Authentication,166,34,-29,920,0,11,0,0,1,0,0,0,720,0
7729,5233819139,Authentication,166,34,-30,920,0,11,0,0,1,0,0,0,720,0
7730,5233891749,S1G Beacon,129,34,-30,920,3,1,,,,,,,0,0
7731,5233895336,Disassociation,64,34,-30,920,0,10,0,0,0,0,0,0,720,0
7732,5233898297,Disassociation,64,34,-32,920,0,10,0,0,1,0,0,0,720,0
7733,5233901412,Disassociation,64,34,-31,920,0,10,0,0,1,0,0,0,720,0
7734,5233904474,Disassociation,64,34,-30,920,0,10,0,0,1,0,0,0,720,0
7735,5234054457,Authentication,166,34,-53,920,0,11,0,0,0,0,0,0,0,0
7736,5234065397,Authentication,166,34,-31,920,0,11,0,0,0,0,0,0,720,0
7737,5234071128,Authentication,166,34,-32,920,0,11,0,0,1,0,0,0,720,0
7738,5234082902,Authentication,166,34,-33,920,0,11,0,0,1,0,0,0,720,0
7739,5234288949,Authentication,166,34,-51,920,0,11,0,0,0,0,0,0,0,0
7740,5234301895,Authentication,166,34,-31,920,0,11,0,0,0,0,0,0,720,0
7741,5234307938,Authentication,166,34,-32,920,0,11,0,0,1,0,0,0,720,0
7742,5234313566,Authentication,166,34,-30,920,0,11,0,0,1,0,0,0,720,0
7743,5234319507,Authentication,166,34,-31,920,0,11,0,0,1,0,0,0,720,0
7744,5234545974,Authentication,166,34,-52,920,0,11,0,0,0,0,0,0,0,0
7745,5234553992,Authentication,166,34,-30,920,0,11,0,0,0,0,0,0,720,0
7746,5234559722,Authentication,166,34,-31,920,0,11,0,0,1,0,0,0,720,0
7747,5234565402,Authentication,166,34,-30,920,0,11,0,0,1,0,0,0,720,0
7748,5234571288,Authentication,166,34,-49,920,0,11,0,0,1,0,0,0,720,0
7749,5234593400,Data,287,34,-31,920,2,0,0,0,0,0,0,1,0,0
7750,5234644391,S1G Beacon,61,34,-31,920,3,1,,,,,,,0,0
7752,5234808117,Authentication,166,34,-52,920,0,11,0,0,0,0,0,0,0,0
7753,5234825338,Authentication,166,34,-31,920,0,11,0,0,0,0,0,0,720,0
7754,5234831331,Authentication,166,34,-31,920,0,11,0,0,1,0,0,0,720,0
7755,5234837166,Authentication,166,34,-30,920,0,11,0,0,1,0,0,0,720,0
7756,5234843157,Authentication,166,34,-31,920,0,11,0,0,1,0,0,0,720,0
7757,5235070258,Authentication,166,34,-52,920,0,11,0,0,0,0,0,0,0,0
7758,5235085402,Authentication,166,34,-30,920,0,11,0,0,0,0,0,0,720,0
7759,5235091236,Authentication,166,34,-30,920,0,11,0,0,1,0,0,0,720,0
7760,5235097229,Authentication,166,34,-31,920,0,11,0,0,1,0,0,0,720,0
7761,5235103271,Authentication,166,34,-30,920,0,11,0,0,1,0,0,0,720,0
7762,5235305776,Authentication,166,34,-53,920,0,11,0,0,0,0,0,0,0,0
7763,5235315431,Authentication,166,34,-30,920,0,11,0,0,0,0,0,0,720,0
7764,5235321162,Authentication,166,34,-31,920,0,11,0,0,1,0,0,0,720,0
7765,5235327101,Authentication,166,34,-30,920,0,11,0,0,1,0,0,0,720,0
7766,5235332939,Authentication,166,34,-31,920,0,11,0,0,1,0,0,0,720,0
7767,5235463597,S1G Beacon,129,34,-30,920,3,1,,,,,,,0,0
7768,5235561775,Authentication,166,34,-53,920,0,11,0,0,0,0,0,0,0,0
7769,5235575408,Authentication,166,34,-31,920,0,11,0,0,0,0,0,0,720,0
7770,5235581452,Authentication,166,34,-30,920,0,11,0,0,1,0,0,0,720,0
7771,5235587391,Authentication,166,34,-30,920,0,11,0,0,1,0,0,0,720,0
7772,5235593383,Authentication,166,34,-31,920,0,11,0,0,1,0,0,0,720,0
7773,5235779085,RTS,54,34,-22,920,1,11,,,,0,0,0,2488,0
7775,5235783795,RTS,54,34,-21,920,1,11,,,,0,0,0,2488,0
7777,5235788453,RTS,54,34,-20,920,1,11,,,,0,0,0,2524,0
7779,5235793664,RTS,54,34,-21,920,1,11,,,,0,0,0,2524,0
7781,5235798096,RTS,54,34,-21,920,1,11,,,,0,0,0,2632,0
7783,5235802795,RTS,54,34,-24,920,1,11,,,,0,0,0,2632,0
7786,5235806654,QoS Data,149,34,-35,920,2,8,0,0,0,0,0,1,720,0
7788,5235815015,QoS Data,131,34,-21,920,2,8,1,0,0,0,0,1,720,0
7790,5235817758,QoS Data,131,34,-34,920,2,8,0,0,0,0,0,1,720,0
7792,5235823917,Authentication,166,34,-52,920,0,11,0,0,0,0,0,0,0,0
7793,5235835422,Authentication,166,34,-30,920,0,11,0,0,0,0,0,0,720,0
7794,5235841154,Authentication,166,34,-29,920,0,11,0,0,1,0,0,0,720,0
7795,5235847040,Authentication,166,34,-31,920,0,11,0,0,1,0,0,0,720,0
7796,5235852773,Authentication,166,34,-31,920,0,11,0,0,1,0,0,0,720,0
7797,5235885345,QoS Data,128,34,-30,920,2,8,1,0,0,0,0,1,720,0
7799,5235887570,QoS Data,128,34,-34,920,2,8,0,0,0,0,0,1,720,0
7801,5236068650,Authentication,166,34,-53,920,0,11,0,0,0,0,0,0,0,0
7802,5236085403,Authentication,166,34,-31,920,0,11,0,0,0,0,0,0,720,0
7803,5236091239,Authentication,166,34,-29,920,0,11,0,0,1,0,0,0,720,0
7804,5236097128,Authentication,166,34,-30,920,0,11,0,0,1,0,0,0,720,0
7805,5236102858,Authentication,166,34,-31,920,0,11,0,0,1,0,0,0,720,0
7806,5236282802,S1G Beacon,61,34,-30,920,3,1,,,,,,,0,0
7807,5236318506,Authentication,166,34,-52,920,0,11,0,0,0,0,0,0,0,0
7808,5236335573,Authentication,166,34,-30,920,0,11,0,0,0,0,0,0,720,0
7809,5236341252,Authentication,166,34,-29,920,0,11,0,0,1,0,0,0,720,0
7810,5236346930,Authentication,166,34,-29,920,0,11,0,0,1,0,0,0,720,0
7811,5236352817,Authentication,166,34,-30,920,0,11,0,0,1,0,0,0,720,0
7812,5236577576,Authentication,166,34,-52,920,0,11,0,0,0,0,0,0,0,0
7813,5236595320,Authentication,166,34,-31,920,0,11,0,0,0,0,0,0,720,0
7814,5236601364,Authentication,166,34,-31,920,0,11,0,0,1,0,0,0,720,0
7815,5236607305,Authentication,166,34,-30,920,0,11,0,0,1,0,0,0,720,0
7816,5236613298,Authentication,166,34,-30,920,0,11,0,0,1,0,0,0,720,0
7817,5236839718,Authentication,166,34,-52,920,0,11,0,0,0,0,0,0,0,0
7818,5236847267,Authentication,166,34,-30,920,0,11,0,0,0,0,0,0,720,0
7819,5236852425,Authentication,166,34,-30,920,0,11,0,0,1,0,0,0,720,0
7820,5236858105,Authentication,166,34,-32,920,0,11,0,0,1,0,0,0,720,0
7821,5236863939,Authentication,166,34,-29,920,0,11,0,0,1,0,0,0,720,0
7822,5237086498,Authentication,166,34,-53,920,0,11,0,0,0,0,0,0,0,0
7823,5237095403,Authentication,166,34,-31,920,0,11,0,0,0,0,0,0,720,0
7824,5237102004,S1G Beacon,129,34,-30,920,3,1,,,,,,,0,0
7825,5237105590,Authentication,166,34,-30,920,0,11,0,0,1,0,0,0,720,0
7826,5237111375,Authentication,166,34,-28,920,0,11,0,0,1,0,0,0,720,0
7827,5237116795,Authentication,166,34,-29,920,0,11,0,0,1,0,0,0,720,0
7828,5237340450,Authentication,166,34,-52,920,0,11,0,0,0,0,0,0,0,0
7829,5237356838,Authentication,166,34,-30,920,0,11,0,0,0,0,0,0,720,0
7830,5237362672,Authentication,166,34,-29,920,0,11,0,0,1,0,0,0,720,0
7831,5237368565,Authentication,166,34,-29,920,0,11,0,0,1,0,0,0,720,0
7832,5237374350,Authentication,166,34,-30,920,0,11,0,0,1,0,0,0,720,0
7833,5237593377,Authentication,166,34,-52,920,0,11,0,0,0,0,0,0,0,0
7834,5237601915,Authentication,166,34,-30,920,0,11,0,0,0,0,0,0,720,0
7835,5237607334,Authentication,166,34,-30,920,0,11,0,0,1,0,0,0,720,0
7836,5237613274,Authentication,166,34,-31,920,0,11,0,0,1,0,0,0,720,0
7837,5237619577,Data,287,34,-30,920,2,0,0,0,0,0,0,1,0,0
7838,5237627363,Authentication,166,34,-28,920,0,11,0,0,1,0,0,0,720,0
7839,5237855520,Authentication,166,34,-51,920,0,11,0,0,0,0,0,0,0,0
7840,5237865408,Authentication,166,34,-29,920,0,11,0,0,0,0,0,0,720,0
7841,5237871191,Authentication,166,34,-30,920,0,11,0,0,1,0,0,0,720,0
7842,5237877129,Authentication,166,34,-30,920,0,11,0,0,1,0,0,0,720,0
7843,5237882862,Authentication,166,34,-29,920,0,11,0,0,1,0,0,0,720,0
7844,5237921206,S1G Beacon,61,34,-29,920,3,1,,,,,,,0,0
7845,5238114586,Authentication,166,34,-53,920,0,11,0,0,0,0,0,0,0,0
7846,5238125463,Authentication,166,34,-30,920,0,11,0,0,0,0,0,0,720,0
7847,5238131403,Authentication,166,34,-29,920,0,11,0,0,1,0,0,0,720,0
7848,5238137188,Authentication,166,34,-29,920,0,11,0,0,1,0,0,0,720,0
7849,5238142971,Authentication,166,34,-29,920,0,11,0,0,1,0,0,0,720,0
7850,5238347036,Authentication,166,34,-53,920,0,11,0,0,0,0,0,0,0,0
7851,5238355418,Authentication,166,34,-29,920,0,11,0,0,0,0,0,0,720,0
7852,5238360577,Authentication,166,34,-29,920,0,11,0,0,1,0,0,0,720,0
7853,5238366518,Authentication,166,34,-30,920,0,11,0,0,1,0,0,0,720,0
7854,5238372301,Authentication,166,34,-29,920,0,11,0,0,1,0,0,0,720,0
7855,5238609178,Authentication,166,34,-52,920,0,11,0,0,0,0,0,0,0,0
7856,5238625406,Authentication,166,34,-29,920,0,11,0,0,0,0,0,0,720,0
7857,5238631138,Authentication,166,34,-30,920,0,11,0,0,1,0,0,0,720,0
7858,5238637077,Authentication,166,34,-30,920,0,11,0,0,1,0,0,0,720,0
7859,5238643120,Authentication,166,34,-30,920,0,11,0,0,1,0,0,0,720,0
7860,5238740409,S1G Beacon,129,34,-29,920,3,1,,,,,,,0,0
7861,5238871321,Authentication,166,34,-51,920,0,11,0,0,0,0,0,0,0,0
7862,5238885369,Authentication,166,34,-28,920,0,11,0,0,0,0,0,0,720,0
7863,5238891800,Authentication,166,34,-29,920,0,11,0,0,1,0,0,0,720,0
7864,5238897790,Authentication,166,34,-30,920,0,11,0,0,1,0,0,0,720,0
7865,5238903890,Authentication,166,34,-30,920,0,11,0,0,1,0,0,0,720,0
7866,5239379219,Authentication,166,34,-51,920,0,11,0,0,0,0,0,0,0,0
7867,5239395402,Authentication,166,34,-30,920,0,11,0,0,0,0,0,0,720,0
7868,5239401243,Authentication,166,34,-30,920,0,11,0,0,1,0,0,0,720,0
7869,5239407286,Authentication,166,34,-30,920,0,11,0,0,1,0,0,0,720,0
7870,5239413173,Authentication,166,34,-30,920,0,11,0,0,1,0,0,0,720,0
7871,5239559613,S1G Beacon,61,34,-30,920,3,1,,,,,,,0,0
7872,5239631123,Authentication,166,34,-52,920,0,11,0,0,0,0,0,0,0,0
7873,5239645381,Authentication,166,34,-30,920,0,11,0,0,0,0,0,0,720,0
7874,5239651164,Authentication,166,34,-30,920,0,11,0,0,1,0,0,0,720,0
7875,5239657051,Authentication,166,34,-30,920,0,11,0,0,1,0,0,0,720,0
7876,5239662732,Authentication,166,34,-30,920,0,11,0,0,1,0,0,0,720,0
7877,5239753692,Data,378,34,-29,920,2,0,0,0,0,0,0,1,0,0
7878,5239857330,Data,387,34,-29,920,2,0,0,0,0,0,0,1,0,0
7879,5239887121,Authentication,166,34,-51,920,0,11,0,0,0,0,0,0,0,0
7880,5239901897,Authentication,166,34,-29,920,0,11,0,0,0,0,0,0,720,0
7881,5239907888,Authentication,166,34,-30,920,0,11,0,0,1,0,0,0,720,0
7882,5239913879,Authentication,166,34,-29,920,0,11,0,0,1,0,0,0,720,0
7883,5239919662,Authentication,166,34,-31,920,0,11,0,0,1,0,0,0,720,0
7884,5239961393,Data,450,34,-29,920,2,0,0,0,0,0,0,1,0,0
7885,5240065509,Data,442,34,-29,920,2,0,0,0,0,0,0,1,0,0
7886,5240149264,Authentication,166,34,-53,920,0,11,0,0,0,0,0,0,0,0
7887,5240165331,Authentication,166,34,-30,920,0,11,0,0,0,0,0,0,720,0
7888,5240171633,Data,387,34,-30,920,2,0,0,0,0,0,0,1,0,0
7889,5240182102,Authentication,166,34,-29,920,0,11,0,0,1,0,0,0,720,0
7890,5240187784,Authentication,166,34,-31,920,0,11,0,0,1,0,0,0,720,0
7891,5240193617,Authentication,166,34,-30,920,0,11,0,0,1,0,0,0,720,0
7892,5240273381,Data,426,34,-29,920,2,0,0,0,0,0,0,1,0,0
7893,5240378814,S1G Beacon,129,34,-29,920,3,1,,,,,,,0,0
7894,5240383024,Data,458,34,-29,920,2,0,0,0,0,0,0,1,0,0
7895,5240408331,Authentication,166,34,-51,920,0,11,0,0,0,0,0,0,0,0
7896,5240425311,Authentication,166,34,-30,920,0,11,0,0,0,0,0,0,720,0
7897,5240431353,Authentication,166,34,-28,920,0,11,0,0,1,0,0,0,720,0
7898,5240443127,Authentication,166,34,-30,920,0,11,0,0,1,0,0,0,720,0
7899,5240481768,Data,387,34,-29,920,2,0,0,0,0,0,0,1,0,0
7900,5240585414,Data,446,34,-30,920,2,0,0,0,0,0,0,1,0,0
7901,5240640780,Authentication,166,34,-52,920,0,11,0,0,0,0,0,0,0,0
7902,5240646353,Data,287,34,-28,920,2,0,0,0,0,0,0,1,0,0
7903,5240654502,Authentication,166,34,-29,920,0,11,0,0,0,0,0,0,720,0
7904,5240660702,Authentication,166,34,-30,920,0,11,0,0,1,0,0,0,720,0
7905,5240666486,Authentication,166,34,-31,920,0,11,0,0,1,0,0,0,720,0
7906,5240672426,Authentication,166,34,-30,920,0,11,0,0,1,0,0,0,720,0
7907,5240689493,Data,440,34,-30,920,2,0,0,0,0,0,0,1,0,0
7908,5240793783,Data,387,34,-29,920,2,0,0,0,0,0,0,1,0,0
7909,5240822562,QoS Data,148,34,-30,920,2,8,1,0,0,0,0,1,720,0
7911,5240824819,QoS Data,148,34,-35,920,2,8,0,0,0,0,0,1,720,0
7913,5240831968,QoS Data,131,34,-19,920,2,8,1,0,0,0,0,1,720,0
7915,5240834503,QoS Data,131,34,-33,920,2,8,0,0,0,0,0,1,720,0
7917,5240888130,RTS,54,34,-21,920,1,11,,,,0,0,0,2416,0
7918,5240890496,RTS,54,34,-21,920,1,11,,,,0,0,0,2416,0
7920,5240892118,QoS Data,128,34,-30,920,2,8,1,0,1,0,0,1,720,0
7922,5240894809,QoS Data,128,34,-34,920,2,8,0,0,0,0,0,1,720,0
7924,5240897549,Data,442,34,-30,920,2,0,0,0,0,0,0,1,0,0
7925,5241001434,Data,452,34,-31,920,2,0,0,0,0,0,0,1,0,0
7926,5241165065,Authentication,166,34,-51,920,0,11,0,0,0,0,0,0,0,0
7927,5241175587,Authentication,166,34,-29,920,0,11,0,0,0,0,0,0,720,0
7928,5241181580,Authentication,166,34,-28,920,0,11,0,0,1,0,0,0,720,0
7929,5241187311,Authentication,166,34,-30,920,0,11,0,0,1,0,0,0,720,0
7930,5241198020,S1G Beacon,61,34,-30,920,3,1,,,,,,,0,0
7931,5241199808,Authentication,166,34,-29,920,0,11,0,0,1,0,0,0,720,0
7932,5241416960,Authentication,166,34,-51,920,0,11,0,0,0,0,0,0,0,0
7933,5241425341,Authentication,166,34,-29,920,0,11,0,0,0,0,0,0,720,0
7934,5241431126,Authentication,166,34,-30,920,0,11,0,0,1,0,0,0,720,0
7935,5241437065,Authentication,166,34,-29,920,0,11,0,0,1,0,0,0,720,0
7936,5241442847,Authentication,166,34,-40,920,0,11,0,0,1,0,0,0,720,0
7937,5241656582,Authentication,166,34,-51,920,0,11,0,0,0,0,0,0,0,0
7938,5241665341,Authentication,166,34,-31,920,0,11,0,0,0,0,0,0,720,0
7939,5241671386,Authentication,166,34,-29,920,0,11,0,0,1,0,0,0,720,0
7940,5241677273,Authentication,166,34,-29,920,0,11,0,0,1,0,0,0,720,0
7941,5241683055,Authentication,166,34,-29,920,0,11,0,0,1,0,0,0,720,0
7942,5241918724,Authentication,166,34,-51,920,0,11,0,0,0,0,0,0,0,0
7943,5241935322,Authentication,166,34,-28,920,0,11,0,0,0,0,0,0,720,0
7944,5241941157,Authentication,166,34,-30,920,0,11,0,0,1,0,0,0,720,0
7945,5241947096,Authentication,166,34,-29,920,0,11,0,0,1,0,0,0,720,0
7946,5241952669,Authentication,166,34,-29,920,0,11,0,0,1,0,0,0,720,0
7947,5242017222,S1G Beacon,129,34,-29,920,3,1,,,,,,,0,0
7948,5242180866,Authentication,166,34,-52,920,0,11,0,0,0,0,0,0,0,0
7949,5242417407,Authentication,166,34,-52,920,0,11,0,0,0,0,0,0,0,0
7950,5242435307,Authentication,166,34,-30,920,0,11,0,0,0,0,0,0,720,0
7951,5242446822,Authentication,166,34,-30,920,0,11,0,0,1,0,0,0,720,0
7952,5242452709,Authentication,166,34,-29,920,0,11,0,0,1,0,0,0,720,0
7953,5242672382,Authentication,166,34,-52,920,0,11,0,0,0,0,0,0,0,0
7954,5242685392,Authentication,166,34,-30,920,0,11,0,0,0,0,0,0,720,0
7955,5242690916,Authentication,166,34,-29,920,0,11,0,0,1,0,0,0,720,0
7956,5242696905,Authentication,166,34,-29,920,0,11,0,0,1,0,0,0,720,0
7957,5242702689,Authentication,166,34,-29,920,0,11,0,0,1,0,0,0,720,0
7958,5242836425,S1G Beacon,61,34,-29,920,3,1,,,,,,,0,0
7959,5243185399,Authentication,166,34,-51,920,0,11,0,0,0,0,0,0,0,0
7960,5243195343,Authentication,166,34,-30,920,0,11,0,0,0,0,0,0,720,0
7961,5243201022,Authentication,166,34,-29,920,0,11,0,0,1,0,0,0,720,0
7962,5243212797,Authentication,166,34,-28,920,0,11,0,0,1,0,0,0,720,0
7963,5243433208,Authentication,166,34,-52,920,0,11,0,0,0,0,0,0,0,0
7964,5243445388,Authentication,166,34,-28,920,0,11,0,0,0,0,0,0,720,0
7965,5243451326,Authentication,166,34,-28,920,0,11,0,0,1,0,0,0,720,0
7966,5243457266,Authentication,166,34,-29,920,0,11,0,0,1,0,0,0,720,0
7967,5243463259,Authentication,166,34,-30,920,0,11,0,0,1,0,0,0,720,0
7968,5243655629,S1G Beacon,129,34,-30,920,3,1,,,,,,,0,0
7969,5243665458,Data,287,34,-30,920,2,0,0,0,0,0,0,1,0,0
7970,5243688183,Authentication,166,34,-52,920,0,11,0,0,0,0,0,0,0,0
7971,5243950325,Authentication,166,34,-53,920,0,11,0,0,0,0,0,0,0,0
7972,5243965364,Authentication,166,34,-29,920,0,11,0,0,0,0,0,0,720,0
7973,5243971093,Authentication,166,34,-29,920,0,11,0,0,1,0,0,0,720,0
7974,5243977137,Authentication,166,34,-29,920,0,11,0,0,1,0,0,0,720,0
7975,5243983077,Authentication,166,34,-29,920,0,11,0,0,1,0,0,0,720,0
7976,5244191986,Authentication,166,34,-55,920,0,11,0,0,0,0,0,0,0,0
7977,5244199745,Authentication,166,34,-30,920,0,11,0,0,0,0,0,0,720,0
7978,5244205738,Authentication,166,34,-31,920,0,11,0,0,1,0,0,0,720,0
7979,5244211624,Authentication,166,34,-30,920,0,11,0,0,1,0,0,0,720,0
7980,5244217460,Authentication,166,34,-29,920,0,11,0,0,1,0,0,0,720,0
7981,5244447985,Authentication,166,34,-53,920,0,11,0,0,0,0,0,0,0,0
7982,5244463803,Authentication,166,34,-31,920,0,11,0,0,0,0,0,0,720,0
7983,5244469535,Authentication,166,34,-31,920,0,11,0,0,1,0,0,0,720,0
7984,5244475092,S1G Beacon,61,34,-30,920,3,1,,,,,,,0,0
7985,5244477244,Authentication,166,34,-31,920,0,11,0,0,1,0,0,0,720,0
7986,5244483130,Authentication,166,34,-30,920,0,11,0,0,1,0,0,0,720,0
7987,5244715381,Authentication,166,34,-31,920,0,11,0,0,0,0,0,0,720,0
7988,5244721112,Authentication,166,34,-30,920,0,11,0,0,1,0,0,0,720,0
7989,5244726793,Authentication,166,34,-31,920,0,11,0,0,1,0,0,0,720,0
7990,5244732627,Authentication,166,34,-31,920,0,11,0,0,1,0,0,0,720,0
7991,5244966126,Authentication,166,34,-54,920,0,11,0,0,0,0,0,0,0,0
7992,5244975341,Authentication,166,34,-31,920,0,11,0,0,0,0,0,0,720,0
7993,5244981176,Authentication,166,34,-30,920,0,11,0,0,1,0,0,0,720,0
7994,5244987166,Authentication,166,34,-30,920,0,11,0,0,1,0,0,0,720,0
7995,5244993055,Authentication,166,34,-29,920,0,11,0,0,1,0,0,0,720,0
7996,5245207787,Authentication,166,34,-53,920,0,11,0,0,0,0,0,0,0,0
7997,5245225321,Authentication,166,34,-30,920,0,11,0,0,0,0,0,0,720,0
7998,5245231053,Authentication,166,34,-30,920,0,11,0,0,1,0,0,0,720,0
7999,5245236942,Authentication,166,34,-31,920,0,11,0,0,1,0,0,0,720,0
8000,5245242676,Authentication,166,34,-30,920,0,11,0,0,1,0,0,0,720,0
8001,5245294035,S1G Beacon,129,34,-30,920,3,1,,,,,,,0,0
8002,5245468906,Authentication,166,34,-52,920,0,11,0,0,0,0,0,0,0,0
8003,5245485295,Authentication,166,34,-30,920,0,11,0,0,0,0,0,0,720,0
8004,5245491026,Authentication,166,34,-31,920,0,11,0,0,1,0,0,0,720,0
8005,5245497019,Authentication,166,34,-30,920,0,11,0,0,1,0,0,0,720,0
8006,5245503063,Authentication,166,34,-31,920,0,11,0,0,1,0,0,0,720,0
8007,5245719785,Authentication,166,34,-56,920,0,11,0,0,0,0,0,0,0,0
8008,5245735395,Authentication,166,34,-31,920,0,11,0,0,0,0,0,0,720,0
8009,5245741385,Authentication,166,34,-31,920,0,11,0,0,1,0,0,0,720,0
8010,5245747115,Authentication,166,34,-31,920,0,11,0,0,1,0,0,0,720,0
8011,5245753054,Authentication,166,34,-30,920,0,11,0,0,1,0,0,0,720,0
8012,5245845805,QoS Data,148,34,-28,920,2,8,1,0,1,0,0,1,720,0
8014,5245848224,QoS Data,148,34,-35,920,2,8,0,0,0,0,0,1,720,0
8016,5245855422,QoS Data,131,34,-19,920,2,8,1,0,0,0,0,1,720,0
8018,5245857591,QoS Data,131,34,-35,920,2,8,0,0,0,0,0,1,720,0
8020,5245885138,QoS Data,128,34,-30,920,2,8,1,0,0,0,0,1,720,0
8022,5245887672,QoS Data,128,34,-36,920,2,8,0,0,0,0,0,1,720,0
8024,5245981927,Authentication,166,34,-52,920,0,11,0,0,0,0,0,0,0,0
8025,5245995351,Authentication,166,34,-30,920,0,11,0,0,0,0,0,0,720,0
8026,5246001240,Authentication,166,34,-31,920,0,11,0,0,1,0,0,0,720,0
8027,5246007231,Authentication,166,34,-30,920,0,11,0,0,1,0,0,0,720,0
8028,5246013066,Authentication,166,34,-32,920,0,11,0,0,1,0,0,0,720,0
8029,5246113240,S1G Beacon,61,34,-30,920,3,1,,,,,,,0,0
8030,5246230755,Authentication,166,34,-53,920,0,11,0,0,0,0,0,0,0,0
8031,5246245377,Authentication,166,34,-30,920,0,11,0,0,0,0,0,0,720,0
8032,5246251265,Authentication,166,34,-30,920,0,11,0,0,1,0,0,0,720,0
8033,5246257254,Authentication,166,34,-31,920,0,11,0,0,1,0,0,0,720,0
8034,5246263038,Authentication,166,34,-30,920,0,11,0,0,1,0,0,0,720,0
8035,5246483683,Authentication,166,34,-52,920,0,11,0,0,0,0,0,0,0,0
8036,5246495325,Authentication,166,34,-31,920,0,11,0,0,0,0,0,0,720,0
8037,5246501056,Authentication,166,34,-30,920,0,11,0,0,1,0,0,0,720,0
8038,5246506891,Authentication,166,34,-30,920,0,11,0,0,1,0,0,0,720,0
8039,5246512884,Authentication,166,34,-31,920,0,11,0,0,1,0,0,0,720,0
8040,5246689435,Data,287,34,-30,920,2,0,0,0,0,0,0,1,0,0
8041,5246735586,Authentication,166,34,-53,920,0,11,0,0,0,0,0,0,0,0
8042,5246744383,Authentication,166,34,-30,920,0,11,0,0,0,0,0,0,720,0
8043,5246750271,Authentication,166,34,-30,920,0,11,0,0,1,0,0,0,720,0
8044,5246756316,Authentication,166,34,-30,920,0,11,0,0,1,0,0,0,720,0
8045,5246762255,Authentication,166,34,-30,920,0,11,0,0,1,0,0,0,720,0
8046,5246932442,S1G Beacon,129,34,-30,920,3,1,,,,,,,0,0
8047,5246997728,Authentication,166,34,-53,920,0,11,0,0,0,0,0,0,0,0
8048,5247005592,Authentication,166,34,-29,920,0,11,0,0,0,0,0,0,720,0
8049,5247011374,Authentication,166,34,-30,920,0,11,0,0,1,0,0,0,720,0
8050,5247017208,Authentication,166,34,-30,920,0,11,0,0,1,0,0,0,720,0
8051,5247022991,Authentication,166,34,-30,920,0,11,0,0,1,0,0,0,720,0
8052,5247254748,Authentication,166,34,-53,920,0,11,0,0,0,0,0,0,0,0
8053,5247265365,Authentication,166,34,-30,920,0,11,0,0,0,0,0,0,720,0
8054,5247271097,Authentication,166,34,-30,920,0,11,0,0,1,0,0,0,720,0
8055,5247276881,Authentication,166,34,-30,920,0,11,0,0,1,0,0,0,720,0
8056,5247282875,Authentication,166,34,-29,920,0,11,0,0,1,0,0,0,720,0
8057,5247499484,Authentication,166,34,-55,920,0,11,0,0,0,0,0,0,0,0
8058,5247515615,Authentication,166,34,-29,920,0,11,0,0,0,0,0,0,720,0
8059,5247521661,Authentication,166,34,-30,920,0,11,0,0,1,0,0,0,720,0
8060,5247527494,Authentication,166,34,-30,920,0,11,0,0,1,0,0,0,720,0
8061,5247533226,Authentication,166,34,-30,920,0,11,0,0,1,0,0,0,720,0
8062,5247751387,Authentication,166,34,-56,920,0,11,0,0,0,0,0,0,0,0
8063,5247755960,S1G Beacon,61,34,-29,920,3,1,,,,,,,0,0
8064,5247758058,Authentication,166,34,-29,920,0,11,0,0,0,0,0,0,720,0
8065,5247763944,Authentication,166,34,-29,920,0,11,0,0,1,0,0,0,720,0
8066,5247769053,Authentication,166,34,-30,920,0,11,0,0,1,0,0,0,720,0
8067,5247774887,Authentication,166,34,-30,920,0,11,0,0,1,0,0,0,720,0
8068,5247816758,Disassociation,64,34,-29,920,0,10,0,0,0,0,0,0,720,0
8069,5247819923,Disassociation,64,34,-30,920,0,10,0,0,1,0,0,0,720,0
8070,5247823039,Disassociation,64,34,-29,920,0,10,0,0,1,0,0,0,720,0
8071,5247826310,Disassociation,64,34,-29,920,0,10,0,0,1,0,0,0,720,0
8072,5248013529,Authentication,166,34,-56,920,0,11,0,0,0,0,0,0,0,0
8073,5248025394,Authentication,166,34,-30,920,0,11,0,0,0,0,0,0,720,0
8074,5248031385,Authentication,166,34,-29,920,0,11,0,0,1,0,0,0,720,0
8075,5248037222,Authentication,166,34,-29,920,0,11,0,0,1,0,0,0,720,0
8076,5248043213,Authentication,166,34,-30,920,0,11,0,0,1,0,0,0,720,0
8077,5248260309,Authentication,166,34,-55,920,0,11,0,0,0,0,0,0,0,0
8078,5248511190,Authentication,166,34,-52,920,0,11,0,0,0,0,0,0,0,0
8079,5248520612,Authentication,166,34,-22,920,0,11,0,0,0,0,0,0,720,0
8080,5248526344,Authentication,166,34,-22,920,0,11,0,0,1,0,0,0,720,0
8081,5248532389,Authentication,166,34,-22,920,0,11,0,0,1,0,0,0,720,0
8082,5248538279,Authentication,166,34,-22,920,0,11,0,0,1,0,0,0,720,0
8083,5248570848,S1G Beacon,129,34,-22,920,3,1,,,,,,,0,0
8084,5248767188,Authentication,166,34,-53,920,0,11,0,0,0,0,0,0,0,0
8085,5248785235,Authentication,166,34,-24,920,0,11,0,0,0,0,0,0,720,0
8086,5248796700,Authentication,166,34,-23,920,0,11,0,0,1,0,0,0,720,0
8087,5248802532,Authentication,166,34,-23,920,0,11,0,0,1,0,0,0,720,0
8088,5249029330,Authentication,166,34,-52,920,0,11,0,0,0,0,0,0,0,0
8089,5249045358,Authentication,166,34,-23,920,0,11,0,0,0,0,0,0,720,0
8090,5249051244,Authentication,166,34,-23,920,0,11,0,0,1,0,0,0,720,0
8091,5249056922,Authentication,166,34,-24,920,0,11,0,0,1,0,0,0,720,0
8092,5249062963,Authentication,166,34,-24,920,0,11,0,0,1,0,0,0,720,0
8093,5249276111,Authentication,166,34,-54,920,0,11,0,0,0,0,0,0,0,0
8094,5249285375,Authentication,166,34,-23,920,0,11,0,0,0,0,0,0,720,0
8095,5249291106,Authentication,166,34,-22,920,0,11,0,0,1,0,0,0,720,0
8096,5249297046,Authentication,166,34,-23,920,0,11,0,0,1,0,0,0,720,0
8097,5249302727,Authentication,166,34,-23,920,0,11,0,0,1,0,0,0,720,0
8098,5249390054,S1G Beacon,61,34,-22,920,3,1,,,,,,,0,0
8099,5249522895,Authentication,166,34,-54,920,0,11,0,0,0,0,0,0,0,0
8100,5249535540,Authentication,166,34,-24,920,0,11,0,0,0,0,0,0,720,0
8101,5249541426,Authentication,166,34,-23,920,0,11,0,0,1,0,0,0,720,0
8102,5249547472,Authentication,166,34,-22,920,0,11,0,0,1,0,0,0,720,0
8103,5249553153,Authentication,166,34,-23,920,0,11,0,0,1,0,0,0,720,0
8104,5249713481,Data,287,34,-27,920,2,0,0,0,0,0,0,1,0,0
8105,5249782989,Authentication,166,34,-54,920,0,11,0,0,0,0,0,0,0,0
8106,5249795325,Authentication,166,34,-25,920,0,11,0,0,0,0,0,0,720,0
8107,5249801317,Authentication,166,34,-25,920,0,11,0,0,1,0,0,0,720,0
8108,5249807049,Authentication,166,34,-23,920,0,11,0,0,1,0,0,0,720,0
8109,5249812833,Authentication,166,34,-24,920,0,11,0,0,1,0,0,0,720,0
8110,5250045131,Authentication,166,34,-54,920,0,11,0,0,0,0,0,0,0,0
8111,5250055331,Authentication,166,34,-22,920,0,11,0,0,0,0,0,0,720,0
8112,5250061378,Authentication,166,34,-22,920,0,11,0,0,1,0,0,0,720,0
8113,5250067212,Authentication,166,34,-22,920,0,11,0,0,1,0,0,0,720,0
8114,5250073048,Authentication,166,34,-24,920,0,11,0,0,1,0,0,0,720,0
8115,5250209257,S1G Beacon,129,34,-22,920,3,1,,,,,,,0,0
8117,5250294984,Authentication,166,34,-54,920,0,11,0,0,0,0,0,0,0,0
8118,5250305604,Authentication,166,34,-23,920,0,11,0,0,0,0,0,0,720,0
8119,5250311281,Authentication,166,34,-23,920,0,11,0,0,1,0,0,0,720,0
8120,5250317063,Authentication,166,34,-22,920,0,11,0,0,1,0,0,0,720,0
8121,5250323107,Authentication,166,34,-23,920,0,11,0,0,1,0,0,0,720,0
8122,5250547911,Authentication,166,34,-52,920,0,11,0,0,0,0,0,0,0,0
8123,5250565288,Authentication,166,34,-24,920,0,11,0,0,0,0,0,0,720,0
8124,5250571020,Authentication,166,34,-24,920,0,11,0,0,1,0,0,0,720,0
8125,5250576909,Authentication,166,34,-22,920,0,11,0,0,1,0,0,0,720,0
8126,5250582744,Authentication,166,34,-23,920,0,11,0,0,1,0,0,0,720,0
8127,5250798790,Authentication,166,34,-53,920,0,11,0,0,0,0,0,0,0,0
8128,5250815387,Authentication,166,34,-25,920,0,11,0,0,0,0,0,0,720,0
8129,5250821118,Authentication,166,34,-23,920,0,11,0,0,1,0,0,0,720,0
8130,5250827162,Authentication,166,34,-22,920,0,11,0,0,1,0,0,0,720,0
8131,5250833153,Authentication,166,34,-23,920,0,11,0,0,1,0,0,0,720,0
8132,5250872415,QoS Data,148,34,-31,920,2,8,1,0,0,0,0,1,720,0
8134,5250875194,QoS Data,148,34,-29,920,2,8,0,0,0,0,0,1,720,0
8136,5250882395,QoS Data,131,34,-18,920,2,8,1,0,0,0,0,1,720,0
8138,5250884671,QoS Data,131,34,-29,920,2,8,0,0,0,0,0,1,720,0
8140,5251028457,S1G Beacon,61,34,-24,920,3,1,,,,,,,0,0
8141,5251060932,Authentication,166,34,-52,920,0,11,0,0,0,0,0,0,0,0
8142,5251075556,Authentication,166,34,-24,920,0,11,0,0,0,0,0,0,720,0
8143,5251081445,Authentication,166,34,-26,920,0,11,0,0,1,0,0,0,720,0
8144,5251087436,Authentication,166,34,-25,920,0,11,0,0,1,0,0,0,720,0
8145,5251093429,Authentication,166,34,-24,920,0,11,0,0,1,0,0,0,720,0
8146,5251135025,QoS Data,128,34,-31,920,2,8,1,0,0,0,0,1,720,0
8148,5251137300,QoS Data,128,34,-31,920,2,8,0,0,0,0,0,1,720,0
8150,5251323075,Authentication,166,34,-52,920,0,11,0,0,0,0,0,0,0,0
8151,5251575996,Authentication,166,34,-52,920,0,11,0,0,0,0,0,0,0,0
8152,5251585314,Authentication,166,34,-24,920,0,11,0,0,0,0,0,0,720,0
8153,5251591203,Authentication,166,34,-24,920,0,11,0,0,1,0,0,0,720,0
8154,5251597039,Authentication,166,34,-23,920,0,11,0,0,1,0,0,0,720,0
8155,5251602820,Authentication,166,34,-23,920,0,11,0,0,1,0,0,0,720,0
8156,5251827901,Authentication,166,34,-53,920,0,11,0,0,0,0,0,0,0,0
8157,5251836230,Authentication,166,34,-22,920,0,11,0,0,0,0,0,0,720,0
8158,5251841961,Authentication,166,34,-22,920,0,11,0,0,1,0,0,0,720,0
8159,5251847663,S1G Beacon,129,34,-21,920,3,1,,,,,,,0,0
8160,5251851458,Authentication,166,34,-23,920,0,11,0,0,1,0,0,0,720,0
8161,5251857502,Authentication,166,34,-21,920,0,11,0,0,1,0,0,0,720,0
8162,5252076733,Authentication,166,34,-52,920,0,11,0,0,0,0,0,0,0,0
8163,5252085323,Authentication,166,34,-23,920,0,11,0,0,0,0,0,0,720,0
8164,5252091002,Authentication,166,34,-22,920,0,11,0,0,1,0,0,0,720,0
8165,5252096683,Authentication,166,34,-23,920,0,11,0,0,1,0,0,0,720,0
8166,5252102676,Authentication,166,34,-24,920,0,11,0,0,1,0,0,0,720,0
8167,5252338875,Authentication,166,34,-51,920,0,11,0,0,0,0,0,0,0,0
8168,5252355370,Authentication,166,34,-26,920,0,11,0,0,0,0,0,0,720,0
8169,5252361102,Authentication,166,34,-26,920,0,11,0,0,1,0,0,0,720,0
8170,5252366833,Authentication,166,34,-26,920,0,11,0,0,1,0,0,0,720,0
8171,5252372668,Authentication,166,34,-27,920,0,11,0,0,1,0,0,0,720,0
8172,5252592823,Authentication,166,34,-53,920,0,11,0,0,0,0,0,0,0,0
8173,5252601933,Authentication,166,34,-23,920,0,11,0,0,0,0,0,0,720,0
8174,5252607717,Authentication,166,34,-23,920,0,11,0,0,1,0,0,0,720,0
8175,5252613656,Authentication,166,34,-23,920,0,11,0,0,1,0,0,0,720,0
8176,5252619649,Authentication,166,34,-23,920,0,11,0,0,1,0,0,0,720,0
8177,5252666868,S1G Beacon,61,34,-23,920,3,1,,,,,,,0,0
8178,5252737608,Data,287,34,-23,920,2,0,0,0,0,0,0,1,0,0
8179,5252840631,Authentication,166,34,-52,920,0,11,0,0,0,0,0,0,0,0
8180,5252855306,Authentication,166,34,-26,920,0,11,0,0,0,0,0,0,720,0
8181,5252861038,Authentication,166,34,-25,920,0,11,0,0,1,0,0,0,720,0
8182,5252866873,Authentication,166,34,-25,920,0,11,0,0,1,0,0,0,720,0
8183,5252872552,Authentication,166,34,-27,920,0,11,0,0,1,0,0,0,720,0
8184,5253092535,Authentication,166,34,-52,920,0,11,0,0,0,0,0,0,0,0
8185,5253101958,Authentication,166,34,-22,920,0,11,0,0,0,0,0,0,720,0
8186,5253107638,Authentication,166,34,-24,920,0,11,0,0,1,0,0,0,720,0
8187,5253113683,Authentication,166,34,-23,920,0,11,0,0,1,0,0,0,720,0
8188,5253119571,Authentication,166,34,-24,920,0,11,0,0,1,0,0,0,720,0
8189,5253354676,Authentication,166,34,-53,920,0,11,0,0,0,0,0,0,0,0
8190,5253365294,Authentication,166,34,-21,920,0,11,0,0,0,0,0,0,720,0
8191,5253371078,Authentication,166,34,-21,920,0,11,0,0,1,0,0,0,720,0
8192,5253377069,Authentication,166,34,-22,920,0,11,0,0,1,0,0,0,720,0
8193,5253382851,Authentication,166,34,-21,920,0,11,0,0,1,0,0,0,720,0
8194,5253486071,S1G Beacon,129,34,-22,920,3,1,,,,,,,0,0
8195,5253604528,Authentication,166,34,-51,920,0,11,0,0,0,0,0,0,0,0
8196,5253615301,Authentication,166,34,-22,920,0,11,0,0,0,0,0,0,720,0
8197,5253621345,Authentication,166,34,-22,920,0,11,0,0,1,0,0,0,720,0
8198,5253627129,Authentication,166,34,-21,920,0,11,0,0,1,0,0,0,720,0
8199,5253632911,Authentication,166,34,-23,920,0,11,0,0,1,0,0,0,720,0
8200,5253852336,Authentication,166,34,-52,920,0,11,0,0,0,0,0,0,0,0
8201,5253865295,Authentication,166,34,-22,920,0,11,0,0,0,0,0,0,720,0
8202,5253871340,Authentication,166,34,-20,920,0,11,0,0,1,0,0,0,720,0
8203,5253877018,Authentication,166,34,-21,920,0,11,0,0,1,0,0,0,720,0
8204,5253882852,Authentication,166,34,-20,920,0,11,0,0,1,0,0,0,720,0
8205,5254108336,Authentication,166,34,-51,920,0,11,0,0,0,0,0,0,0,0
8206,5254125246,Authentication,166,34,-24,920,0,11,0,0,0,0,0,0,720,0
8207,5254130925,Authentication,166,34,-23,920,0,11,0,0,1,0,0,0,720,0
8208,5254136862,Authentication,166,34,-24,920,0,11,0,0,1,0,0,0,720,0
8209,5254142699,Authentication,166,34,-22,920,0,11,0,0,1,0,0,0,720,0
8210,5254305272,S1G Beacon,61,34,-24,920,3,1,,,,,,,0,0
8211,5254370478,Authentication,166,34,-51,920,0,11,0,0,0,0,0,0,0,0
8212,5254386709,Authentication,166,34,-25,920,0,11,0,0,0,0,0,0,720,0
8213,5254392389,Authentication,166,34,-26,920,0,11,0,0,1,0,0,0,720,0
8214,5254398278,Authentication,166,34,-23,920,0,11,0,0,1,0,0,0,720,0
8215,5254404166,Authentication,166,34,-25,920,0,11,0,0,1,0,0,0,720,0
8216,5254616234,Authentication,166,34,-51,920,0,11,0,0,0,0,0,0,0,0
8217,5254625293,Authentication,166,34,-22,920,0,11,0,0,0,0,0,0,720,0
8218,5254631283,Authentication,166,34,-22,920,0,11,0,0,1,0,0,0,720,0
8219,5254637327,Authentication,166,34,-22,920,0,11,0,0,1,0,0,0,720,0
8220,5254643318,Authentication,166,34,-22,920,0,11,0,0,1,0,0,0,720,0
8221,5254869161,Authentication,166,34,-52,920,0,11,0,0,0,0,0,0,0,0
8222,5254885292,Authentication,166,34,-20,920,0,11,0,0,0,0,0,0,720,0
8223,5254891232,Authentication,166,34,-22,920,0,11,0,0,1,0,0,0,720,0
8224,5254897066,Authentication,166,34,-21,920,0,11,0,0,1,0,0,0,720,0
8225,5254903057,Authentication,166,34,-21,920,0,11,0,0,1,0,0,0,720,0
8226,5255386279,Authentication,166,34,-51,920,0,11,0,0,0,0,0,0,0,0
8227,5255395336,Authentication,166,34,-20,920,0,11,0,0,0,0,0,0,720,0
8228,5255401378,Authentication,166,34,-20,920,0,11,0,0,1,0,0,0,720,0
8229,5255407160,Authentication,166,34,-19,920,0,11,0,0,1,0,0,0,720,0
8230,5255412945,Authentication,166,34,-19,920,0,11,0,0,1,0,0,0,720,0
8231,5255628963,Authentication,166,34,-51,920,0,11,0,0,0,0,0,0,0,0
8232,5255645249,Authentication,166,34,-22,920,0,11,0,0,0,0,0,0,720,0
8233,5255650980,Authentication,166,34,-22,920,0,11,0,0,1,0,0,0,720,0
8234,5255656764,Authentication,166,34,-21,920,0,11,0,0,1,0,0,0,720,0
8235,5255662549,Authentication,166,34,-22,920,0,11,0,0,1,0,0,0,720,0
8236,5255761593,Data,287,34,-22,920,2,0,0,0,0,0,0,1,0,0
8237,5255877795,Authentication,166,34,-52,920,0,11,0,0,0,0,0,0,0,0
8238,5255893040,QoS Data,148,34,-31,920,2,8,1,0,0,0,0,1,720,0
8239,5255895255,Authentication,166,34,-21,920,0,11,0,0,0,0,0,0,720,0
8240,5255902099,Authentication,166,34,-22,920,0,11,0,0,1,0,0,0,720,0
8241,5255907833,Authentication,166,34,-21,920,0,11,0,0,1,0,0,0,720,0
8242,5255913667,Authentication,166,34,-21,920,0,11,0,0,1,0,0,0,720,0
8243,5255920948,RTS,54,34,-23,920,1,11,,,,0,0,0,2488,0
8245,5255925297,RTS,54,34,-43,920,1,11,,,,0,0,0,2488,0
8246,5255930784,RTS,54,34,-22,920,1,11,,,,0,0,0,2488,0
8248,5255935128,RTS,54,34,-24,920,1,11,,,,0,0,0,2524,0
8250,5255939310,RTS,54,34,-23,920,1,11,,,,0,0,0,2524,0
8252,5255943680,S1G Beacon,61,34,-20,920,3,1,,,,,,,0,0
8254,5255950265,RTS,54,34,-22,920,1,11,,,,0,0,0,2632,0
8256,5256053475,QoS Null,64,34,-21,920,2,12,1,0,0,0,0,0,720,0
8258,5256139937,Authentication,166,34,-52,920,0,11,0,0,0,0,0,0,0,0
8259,5256155289,Authentication,166,34,-21,920,0,11,0,0,0,0,0,0,720,0
8260,5256161278,Authentication,166,34,-20,920,0,11,0,0,1,0,0,0,720,0
8261,5256167061,Authentication,166,34,-20,920,0,11,0,0,1,0,0,0,720,0
8262,5256173052,Authentication,166,34,-20,920,0,11,0,0,1,0,0,0,720,0
8263,5256392860,Authentication,166,34,-51,920,0,11,0,0,0,0,0,0,0,0
8264,5256405297,Authentication,166,34,-19,920,0,11,0,0,0,0,0,0,720,0
8265,5256410978,Authentication,166,34,-21,920,0,11,0,0,1,0,0,0,720,0
8266,5256416657,Authentication,166,34,-20,920,0,11,0,0,1,0,0,0,720,0
8267,5256422701,Authentication,166,34,-20,920,0,11,0,0,1,0,0,0,720,0
8268,5256631454,Authentication,166,34,-55,920,0,11,0,0,0,0,0,0,0,0
8269,5256645295,Authentication,166,34,-23,920,0,11,0,0,0,0,0,0,720,0
8270,5256651077,Authentication,166,34,-22,920,0,11,0,0,1,0,0,0,720,0
8271,5256657070,Authentication,166,34,-24,920,0,11,0,0,1,0,0,0,720,0
8272,5256662751,Authentication,166,34,-22,920,0,11,0,0,1,0,0,0,720,0
8273,5256762883,S1G Beacon,129,34,-23,920,3,1,,,,,,,0,0
8274,5256893596,Authentication,166,34,-51,920,0,11,0,0,0,0,0,0,0,0
8275,5256901979,Authentication,166,34,-20,920,0,11,0,0,0,0,0,0,720,0
8276,5256907864,Authentication,166,34,-21,920,0,11,0,0,1,0,0,0,720,0
8277,5256913594,Authentication,166,34,-21,920,0,11,0,0,1,0,0,0,720,0
8278,5256919273,Authentication,166,34,-20,920,0,11,0,0,1,0,0,0,720,0
8279,5257134348,QoS Data,148,34,-28,920,2,8,1,0,0,0,0,1,720,0
8281,5257155738,Authentication,166,34,-52,920,0,11,0,0,0,0,0,0,0,0
8282,5257165265,Authentication,166,34,-22,920,0,11,0,0,0,0,0,0,720,0
8283,5257171308,Authentication,166,34,-21,920,0,11,0,0,1,0,0,0,720,0
8284,5257177144,Authentication,166,34,-23,920,0,11,0,0,1,0,0,0,720,0
8285,5257182979,Authentication,166,34,-21,920,0,11,0,0,1,0,0,0,720,0
8286,5257255479,QoS Data,148,34,-28,920,2,8,0,0,0,0,0,1,720,0
8288,5257262678,QoS Data,131,34,-19,920,2,8,1,0,0,0,0,1,720,0
8290,5257265475,QoS Data,131,34,-29,920,2,8,0,0,0,0,0,1,720,0
8292,5257387290,QoS Data,128,34,-30,920,2,8,1,0,1,0,0,1,720,0
8294,5257389512,QoS Data,128,34,-27,920,2,8,0,0,0,0,0,1,720,0
8296,5257402519,Authentication,166,34,-51,920,0,11,0,0,0,0,0,0,0,0
8297,5257415321,Authentication,166,34,-21,920,0,11,0,0,0,0,0,0,720,0
8298,5257421103,Authentication,166,34,-21,920,0,11,0,0,1,0,0,0,720,0
8299,5257426885,Authentication,166,34,-22,920,0,11,0,0,1,0,0,0,720,0
8300,5257432876,Authentication,166,34,-21,920,0,11,0,0,1,0,0,0,720,0
8301,5257582085,S1G Beacon,61,34,-22,920,3,1,,,,,,,0,0
8302,5257649302,Authentication,166,34,-52,920,0,11,0,0,0,0,0,0,0,0
8303,5257663459,Authentication,166,34,-22,920,0,11,0,0,0,0,0,0,720,0
8304,5257669295,Authentication,166,34,-21,920,0,11,0,0,1,0,0,0,720,0
8305,5257674973,Authentication,166,34,-22,920,0,11,0,0,1,0,0,0,720,0
8306,5257680965,Authentication,166,34,-20,920,0,11,0,0,1,0,0,0,720,0
8307,5257909397,Authentication,166,34,-53,920,0,11,0,0,0,0,0,0,0,0
8308,5257925268,Authentication,166,34,-26,920,0,11,0,0,0,0,0,0,720,0
8309,5257930999,Authentication,166,34,-24,920,0,11,0,0,1,0,0,0,720,0
8310,5257936731,Authentication,166,34,-23,920,0,11,0,0,1,0,0,0,720,0
8311,5257942722,Authentication,166,34,-26,920,0,11,0,0,1,0,0,0,720,0
8312,5258171539,Authentication,166,34,-54,920,0,11,0,0,0,0,0,0,0,0
8313,5258185277,Authentication,166,34,-24,920,0,11,0,0,0,0,0,0,720,0
8314,5258191008,Authentication,166,34,-26,920,0,11,0,0,1,0,0,0,720,0
8315,5258197053,Authentication,166,34,-27,920,0,11,0,0,1,0,0,0,720,0
8316,5258203097,Authentication,166,34,-24,920,0,11,0,0,1,0,0,0,720,0
8317,5258401288,S1G Beacon,129,34,-23,920,3,1,,,,,,,0,0
8318,5258429582,Authentication,166,34,-51,920,0,11,0,0,0,0,0,0,0,0
8319,5258445505,Authentication,166,34,-25,920,0,11,0,0,0,0,0,0,720,0
8320,5258451289,Authentication,166,34,-27,920,0,11,0,0,1,0,0,0,720,0
8321,5258457122,Authentication,166,34,-23,920,0,11,0,0,1,0,0,0,720,0
8322,5258462958,Authentication,166,34,-27,920,0,11,0,0,1,0,0,0,720,0
8323,5258666128,Authentication,166,34,-54,920,0,11,0,0,0,0,0,0,0,0
8324,5258675340,Authentication,166,34,-23,920,0,11,0,0,0,0,0,0,720,0
8325,5258681331,Authentication,166,34,-24,920,0,11,0,0,1,0,0,0,720,0
8326,5258687061,Authentication,166,34,-24,920,0,11,0,0,1,0,0,0,720,0
8327,5258692843,Authentication,166,34,-22,920,0,11,0,0,1,0,0,0,720,0
8328,5258785521,Data,287,34,-26,920,2,0,0,0,0,0,0,1,0,0
8329,5258925198,Authentication,166,34,-51,920,0,11,0,0,0,0,0,0,0,0
8330,5258935294,Authentication,166,34,-26,920,0,11,0,0,0,0,0,0,720,0
8331,5258941183,Authentication,166,34,-28,920,0,11,0,0,1,0,0,0,720,0
8332,5258947016,Authentication,166,34,-28,920,0,11,0,0,1,0,0,0,720,0
8333,5258952747,Authentication,166,34,-28,920,0,11,0,0,1,0,0,0,720,0
8334,5259187340,Authentication,166,34,-57,920,0,11,0,0,0,0,0,0,0,0
8335,5259220494,S1G Beacon,61,34,-23,920,3,1,,,,,,,0,0
8336,5259432072,Authentication,166,34,-53,920,0,11,0,0,0,0,0,0,0,0
8337,5259445290,Authentication,166,34,-28,920,0,11,0,0,0,0,0,0,720,0
8338,5259451335,Authentication,166,34,-27,920,0,11,0,0,1,0,0,0,720,0
8339,5259457171,Authentication,166,34,-28,920,0,11,0,0,1,0,0,0,720,0
8340,5259463111,Authentication,166,34,-29,920,0,11,0,0,1,0,0,0,720,0
8341,5259678857,Authentication,166,34,-54,920,0,11,0,0,0,0,0,0,0,0
8342,5259695246,Authentication,166,34,-24,920,0,11,0,0,0,0,0,0,720,0
8343,5259701028,Authentication,166,34,-24,920,0,11,0,0,1,0,0,0,720,0
8344,5259706811,Authentication,166,34,-25,920,0,11,0,0,1,0,0,0,720,0
8345,5259712854,Authentication,166,34,-23,920,0,11,0,0,1,0,0,0,720,0
8346,5259940999,Authentication,166,34,-53,920,0,11,0,0,0,0,0,0,0,0
8347,5259955257,Authentication,166,34,-28,920,0,11,0,0,0,0,0,0,720,0
8348,5259961145,Authentication,166,34,-27,920,0,11,0,0,1,0,0,0,720,0
8349,5259966983,Authentication,166,34,-27,920,0,11,0,0,1,0,0,0,720,0
8350,5259972766,Authentication,166,34,-27,920,0,11,0,0,1,0,0,0,720,0
8351,5260039695,S1G Beacon,129,34,-27,920,3,1,,,,,,,0,0
8352,5260203141,Authentication,166,34,-53,920,0,11,0,0,0,0,0,0,0,0
8353,5260215267,Authentication,166,34,-24,920,0,11,0,0,0,0,0,0,720,0
8354,5260220999,Authentication,166,34,-23,920,0,11,0,0,1,0,0,0,720,0
8355,5260226886,Authentication,166,34,-23,920,0,11,0,0,1,0,0,0,720,0
8356,5260232929,Authentication,166,34,-25,920,0,11,0,0,1,0,0,0,720,0
8357,5260438659,Authentication,166,34,-52,920,0,11,0,0,0,0,0,0,0,0
8358,5260455205,Authentication,166,34,-26,920,0,11,0,0,0,0,0,0,720,0
8359,5260460938,Authentication,166,34,-24,920,0,11,0,0,1,0,0,0,720,0
8360,5260466618,Authentication,166,34,-23,920,0,11,0,0,1,0,0,0,720,0
8361,5260472507,Authentication,166,34,-27,920,0,11,0,0,1,0,0,0,720,0
8362,5260694658,Authentication,166,34,-52,920,0,11,0,0,0,0,0,0,0,0
8363,5260702000,Authentication,166,34,-23,920,0,11,0,0,0,0,0,0,720,0
8364,5260707733,Authentication,166,34,-24,920,0,11,0,0,1,0,0,0,720,0
8365,5260713619,Authentication,166,34,-23,920,0,11,0,0,1,0,0,0,720,0
8366,5260719350,Authentication,166,34,-26,920,0,11,0,0,1,0,0,0,720,0
8367,5260753992,Data,378,34,-25,920,2,0,0,0,0,0,0,1,0,0
8368,5260858897,S1G Beacon,61,34,-24,920,3,1,,,,,,,0,0
8369,5260861308,Data,387,34,-25,920,2,0,0,0,0,0,0,1,0,0
8370,5260956800,Authentication,166,34,-52,920,0,11,0,0,0,0,0,0,0,0
8371,5260962010,Data,450,34,-24,920,2,0,0,0,0,0,0,1,0,0
8372,5260974158,Authentication,166,34,-24,920,0,11,0,0,0,0,0,0,720,0
8373,5260980201,Authentication,166,34,-24,920,0,11,0,0,1,0,0,0,720,0
8374,5260986089,Authentication,166,34,-25,920,0,11,0,0,1,0,0,0,720,0
8375,5260991769,Authentication,166,34,-25,920,0,11,0,0,1,0,0,0,720,0
8376,5261065828,Data,442,34,-23,920,2,0,0,0,0,0,0,1,0,0
8377,5261169554,Data,387,34,-24,920,2,0,0,0,0,0,0,1,0,0
8378,5261211771,Authentication,166,34,-52,920,0,11,0,0,0,0,0,0,0,0
8379,5261225300,Authentication,166,34,-24,920,0,11,0,0,0,0,0,0,720,0
8380,5261231189,Authentication,166,34,-23,920,0,11,0,0,1,0,0,0,720,0
8381,5261236921,Authentication,166,34,-23,920,0,11,0,0,1,0,0,0,720,0
8382,5261242704,Authentication,166,34,-23,920,0,11,0,0,1,0,0,0,720,0
8383,5261273499,Data,426,34,-23,920,2,0,0,0,0,0,0,1,0,0
8384,5261377723,Data,458,34,-24,920,2,0,0,0,0,0,0,1,0,0
8385,5261448317,Authentication,166,34,-55,920,0,11,0,0,0,0,0,0,0,0
8386,5261465228,Authentication,166,34,-23,920,0,11,0,0,0,0,0,0,720,0
8387,5261471165,Authentication,166,34,-23,920,0,11,0,0,1,0,0,0,720,0
8388,5261476895,Authentication,166,34,-22,920,0,11,0,0,1,0,0,0,720,0
8389,5261483197,Data,387,34,-23,920,2,0,0,0,0,0,0,1,0,0
8390,5261493664,Authentication,166,34,-24,920,0,11,0,0,1,0,0,0,720,0
8391,5261528777,Disassociation,64,34,-23,920,0,10,0,0,0,0,0,0,720,0
8392,5261531996,Disassociation,64,34,-23,920,0,10,0,0,1,0,0,0,720,0
8393,5261534957,Disassociation,64,34,-24,920,0,10,0,0,1,0,0,0,720,0
8394,5261538281,Disassociation,64,34,-24,920,0,10,0,0,1,0,0,0,720,0
8395,5261541863,Data,132,34,-23,920,2,0,0,0,0,0,0,1,0,0
8396,5261585468,Data,446,34,-23,920,2,0,0,0,0,0,0,1,0,0
8397,5261678104,S1G Beacon,129,34,-26,920,3,1,,,,,,,0,0
8398,5261689648,Data,440,34,-27,920,2,0,0,0,0,0,0,1,0,0
8399,5261710459,Authentication,166,34,-55,920,0,11,0,0,0,0,0,0,0,0
8400,5261725291,Authentication,166,34,-27,920,0,11,0,0,0,0,0,0,720,0
8401,5261731074,Authentication,166,34,-27,920,0,11,0,0,1,0,0,0,720,0
8402,5261736960,Authentication,166,34,-27,920,0,11,0,0,1,0,0,0,720,0
8403,5261742952,Authentication,166,34,-28,920,0,11,0,0,1,0,0,0,720,0
8404,5261793560,Data,387,34,-30,920,2,0,0,0,0,0,0,1,0,0
8405,5261809438,Data,287,34,-28,920,2,0,0,0,0,0,0,1,0,0
8406,5261897461,Data,442,34,-27,920,2,0,0,0,0,0,0,1,0,0
8407,5261972601,Authentication,166,34,-56,920,0,11,0,0,0,0,0,0,0,0
8408,5261984207,Authentication,166,34,-28,920,0,11,0,0,0,0,0,0,720,0
8409,5261990200,Authentication,166,34,-27,920,0,11,0,0,1,0,0,0,720,0
8410,5261996087,Authentication,166,34,-27,920,0,11,0,0,1,0,0,0,720,0
8411,5262001976,Authentication,166,34,-27,920,0,11,0,0,1,0,0,0,720,0
8412,5262008280,Data,452,34,-28,920,2,0,0,0,0,0,0,1,0,0
8413,5262065969,Data,132,34,-26,920,2,0,0,0,0,0,0,1,0,0
8414,5262211190,Authentication,166,34,-54,920,0,11,0,0,0,0,0,0,0,0
8415,5262225292,Authentication,166,34,-27,920,0,11,0,0,0,0,0,0,720,0
8416,5262231180,Authentication,166,34,-28,920,0,11,0,0,1,0,0,0,720,0
8417,5262237224,Authentication,166,34,-27,920,0,11,0,0,1,0,0,0,720,0
8418,5262243009,Authentication,166,34,-27,920,0,11,0,0,1,0,0,0,720,0
8419,5262271613,QoS Data,148,34,-30,920,2,8,1,0,0,0,0,1,720,0
8421,5262274704,QoS Data,148,34,-30,920,2,8,0,0,0,0,0,1,720,0
8423,5262283047,QoS Data,131,34,-22,920,2,8,1,0,0,0,0,1,720,0
8425,5262286101,QoS Data,131,34,-31,920,2,8,0,0,0,0,0,1,720,0
8427,5262384315,QoS Data,128,34,-29,920,2,8,1,0,0,0,0,1,720,0
8429,5262387007,QoS Data,128,34,-31,920,2,8,0,0,0,0,0,1,720,0
8431,5262464117,Authentication,166,34,-52,920,0,11,0,0,0,0,0,0,0,0
8432,5262475256,Authentication,166,34,-27,920,0,11,0,0,0,0,0,0,720,0
8433,5262480934,Authentication,166,34,-27,920,0,11,0,0,1,0,0,0,720,0
8434,5262486871,Authentication,166,34,-27,920,0,11,0,0,1,0,0,0,720,0
8435,5262497305,S1G Beacon,61,34,-27,920,3,1,,,,,,,0,0
8436,5262499096,Authentication,166,34,-27,920,0,11,0,0,1,0,0,0,720,0
8437,5262726260,Authentication,166,34,-52,920,0,11,0,0,0,0,0,0,0,0
8438,5262735473,Authentication,166,34,-28,920,0,11,0,0,0,0,0,0,720,0
8439,5262741309,Authentication,166,34,-28,920,0,11,0,0,1,0,0,0,720,0
8440,5262747249,Authentication,166,34,-30,920,0,11,0,0,1,0,0,0,720,0
8441,5262752930,Authentication,166,34,-28,920,0,11,0,0,1,0,0,0,720,0
8442,5262978159,Authentication,166,34,-53,920,0,11,0,0,0,0,0,0,0,0
8443,5262988829,Authentication,166,34,-28,920,0,11,0,0,0,0,0,0,720,0
8444,5262994718,Authentication,166,34,-28,920,0,11,0,0,1,0,0,0,720,0
8445,5263000501,Authentication,166,34,-28,920,0,11,0,0,1,0,0,0,720,0
8446,5263006492,Authentication,166,34,-29,920,0,11,0,0,1,0,0,0,720,0
8447,5263225967,Authentication,166,34,-52,920,0,11,0,0,0,0,0,0,0,0
8448,5263235234,Authentication,166,34,-28,920,0,11,0,0,0,0,0,0,720,0
8449,5263241173,Authentication,166,34,-28,920,0,11,0,0,1,0,0,0,720,0
8450,5263246854,Authentication,166,34,-28,920,0,11,0,0,1,0,0,0,720,0
8451,5263252845,Authentication,166,34,-29,920,0,11,0,0,1,0,0,0,720,0
8452,5263316508,S1G Beacon,129,34,-29,920,3,1,,,,,,,0,0
8453,5263479918,Authentication,166,34,-53,920,0,11,0,0,0,0,0,0,0,0
8454,5263491056,Authentication,166,34,-29,920,0,11,0,0,0,0,0,0,720,0
8455,5263496788,Authentication,166,34,-28,920,0,11,0,0,1,0,0,0,720,0
8456,5263502832,Authentication,166,34,-30,920,0,11,0,0,1,0,0,0,720,0
8457,5263508824,Authentication,166,34,-29,920,0,11,0,0,1,0,0,0,720,0
8458,5263742061,Authentication,166,34,-55,920,0,11,0,0,0,0,0,0,0,0
8459,5263752937,Authentication,166,34,-28,920,0,11,0,0,0,0,0,0,720,0
8460,5263758825,Authentication,166,34,-30,920,0,11,0,0,1,0,0,0,720,0
8461,5263764610,Authentication,166,34,-30,920,0,11,0,0,1,0,0,0,720,0
8462,5263770444,Authentication,166,34,-28,920,0,11,0,0,1,0,0,0,720,0
8463,5263983722,Authentication,166,34,-52,920,0,11,0,0,0,0,0,0,0,0
8464,5263993353,Authentication,166,34,-28,920,0,11,0,0,0,0,0,0,720,0
8465,5263999238,Authentication,166,34,-30,920,0,11,0,0,1,0,0,0,720,0
8466,5264004970,Authentication,166,34,-29,920,0,11,0,0,1,0,0,0,720,0
8467,5264010858,Authentication,166,34,-28,920,0,11,0,0,1,0,0,0,720,0
8468,5264135715,S1G Beacon,61,34,-28,920,3,1,,,,,,,0,0
8469,5264233577,Authentication,166,34,-56,920,0,11,0,0,0,0,0,0,0,0
8470,5264245288,Authentication,166,34,-30,920,0,11,0,0,0,0,0,0,720,0
8471,5264251021,Authentication,166,34,-30,920,0,11,0,0,1,0,0,0,720,0
8472,5264256909,Authentication,166,34,-31,920,0,11,0,0,1,0,0,0,720,0
8473,5264262587,Authentication,166,34,-31,920,0,11,0,0,1,0,0,0,720,0
8474,5264495720,Authentication,166,34,-51,920,0,11,0,0,0,0,0,0,0,0
8475,5264505296,Authentication,166,34,-31,920,0,11,0,0,0,0,0,0,720,0
8476,5264511077,Authentication,166,34,-49,920,0,11,0,0,1,0,0,0,720,0
8477,5264517070,Authentication,166,34,-46,920,0,11,0,0,1,0,0,0,720,0
8478,5264523061,Authentication,166,34,-31,920,0,11,0,0,1,0,0,0,720,0
8479,5264757862,Authentication,166,34,-53,920,0,11,0,0,0,0,0,0,0,0
8480,5264765254,Authentication,166,34,-33,920,0,11,0,0,0,0,0,0,720,0
8481,5264771038,Authentication,166,34,-34,920,0,11,0,0,1,0,0,0,720,0
8482,5264776875,Authentication,166,34,-34,920,0,11,0,0,1,0,0,0,720,0
8483,5264782762,Authentication,166,34,-32,920,0,11,0,0,1,0,0,0,720,0
8484,5264833473,Data,287,34,-33,920,2,0,0,0,0,0,0,1,0,0
8485,5264954917,S1G Beacon,129,34,-34,920,3,1,,,,,,,0,0
8486,5264995427,Authentication,166,34,-52,920,0,11,0,0,0,0,0,0,0,0
8487,5265005212,Authentication,166,34,-37,920,0,11,0,0,0,0,0,0,720,0
8488,5265010893,Authentication,166,34,-36,920,0,11,0,0,1,0,0,0,720,0
8489,5265016781,Authentication,166,34,-35,920,0,11,0,0,1,0,0,0,720,0
8490,5265022513,Authentication,166,34,-35,920,0,11,0,0,1,0,0,0,720,0
8491,5265249379,Authentication,166,34,-52,920,0,11,0,0,0,0,0,0,0,0
8492,5265265508,Authentication,166,34,-31,920,0,11,0,0,0,0,0,0,720,0
8493,5265271189,Authentication,166,34,-33,920,0,11,0,0,1,0,0,0,720,0
8494,5265276972,Authentication,166,34,-31,920,0,11,0,0,1,0,0,0,720,0
8495,5265282807,Authentication,166,34,-31,920,0,11,0,0,1,0,0,0,720,0
8496,5265511521,Authentication,166,34,-51,920,0,11,0,0,0,0,0,0,0,0
8497,5265525257,Authentication,166,34,-30,920,0,11,0,0,0,0,0,0,720,0
8498,5265530937,Authentication,166,34,-30,920,0,11,0,0,1,0,0,0,720,0
8499,5265537031,Authentication,166,34,-29,920,0,11,0,0,1,0,0,0,720,0
8500,5265542763,Authentication,166,34,-30,920,0,11,0,0,1,0,0,0,720,0
8501,5265773663,Authentication,166,34,-55,920,0,11,0,0,0,0,0,0,0,0
8502,5265778226,S1G Beacon,61,34,-30,920,3,1,,,,,,,0,0
8503,5265780325,Authentication,166,34,-31,920,0,11,0,0,0,0,0,0,720,0
8504,5265786213,Authentication,166,34,-31,920,0,11,0,0,1,0,0,0,720,0
8505,5265791894,Authentication,166,34,-30,920,0,11,0,0,1,0,0,0,720,0
8506,5265797782,Authentication,166,34,-30,920,0,11,0,0,1,0,0,0,720,0
8507,5266011228,Authentication,166,34,-57,920,0,11,0,0,0,0,0,0,0,0
8508,5266025226,Authentication,166,34,-29,920,0,11,0,0,0,0,0,0,720,0
8509,5266031008,Authentication,166,34,-31,920,0,11,0,0,1,0,0,0,720,0
8510,5266036948,Authentication,166,34,-30,920,0,11,0,0,1,0,0,0,720,0
8511,5266042627,Authentication,166,34,-29,920,0,11,0,0,1,0,0,0,720,0
8512,5266265179,Authentication,166,34,-52,920,0,11,0,0,0,0,0,0,0,0
8513,5266275277,Authentication,166,34,-29,920,0,11,0,0,0,0,0,0,720,0
8514,5266281164,Authentication,166,34,-31,920,0,11,0,0,1,0,0,0,720,0
8515,5266286845,Authentication,166,34,-30,920,0,11,0,0,1,0,0,0,720,0
8516,5266292835,Authentication,166,34,-31,920,0,11,0,0,1,0,0,0,720,0
8517,5266527321,Authentication,166,34,-52,920,0,11,0,0,0,0,0,0,0,0
8518,5266545167,Authentication,166,34,-30,920,0,11,0,0,0,0,0,0,720,0
8519,5266551107,Authentication,166,34,-31,920,0,11,0,0,1,0,0,0,720,0
8520,5266556840,Authentication,166,34,-28,920,0,11,0,0,1,0,0,0,720,0
8521,5266562778,Authentication,166,34,-28,920,0,11,0,0,1,0,0,0,720,0
8522,5266593324,S1G Beacon,129,34,-30,920,3,1,,,,,,,0,0
8523,5266787411,Authentication,166,34,-55,920,0,11,0,0,0,0,0,0,0,0
8524,5266802032,Authentication,166,34,-29,920,0,11,0,0,0,0,0,0,720,0
8525,5266808025,Authentication,166,34,-29,920,0,11,0,0,1,0,0,0,720,0
8526,5266813911,Authentication,166,34,-29,920,0,11,0,0,1,0,0,0,720,0
8527,5266819800,Authentication,166,34,-30,920,0,11,0,0,1,0,0,0,720,0
8528,5267028052,Authentication,166,34,-56,920,0,11,0,0,0,0,0,0,0,0
8529,5267045169,Authentication,166,34,-29,920,0,11,0,0,0,0,0,0,720,0
8530,5267050900,Authentication,166,34,-30,920,0,11,0,0,1,0,0,0,720,0
8531,5267056684,Authentication,166,34,-30,920,0,11,0,0,1,0,0,0,720,0
8532,5267062521,Authentication,166,34,-30,920,0,11,0,0,1,0,0,0,720,0
8533,5267280980,Authentication,166,34,-56,920,0,11,0,0,0,0,0,0,0,0
8534,5267291494,QoS Data,148,34,-30,920,2,8,1,0,0,0,0,1,720,0
8536,5267293754,Authentication,166,34,-28,920,0,11,0,0,0,0,0,0,720,0
8537,5267299796,Authentication,166,34,-28,920,0,11,0,0,1,0,0,0,720,0
8538,5267305525,Authentication,166,34,-27,920,0,11,0,0,1,0,0,0,720,0
8539,5267311206,Authentication,166,34,-28,920,0,11,0,0,1,0,0,0,720,0
8540,5267401594,QoS Data,148,34,-33,920,2,8,0,0,0,0,0,1,720,0
8542,5267408792,QoS Data,131,34,-20,920,2,8,1,0,0,0,0,1,720,0
8544,5267412527,S1G Beacon,61,34,-28,920,3,1,,,,,,,0,0
8545,5267414886,QoS Data,131,34,-31,920,2,8,0,0,0,0,0,1,720,0
8547,5267543123,Authentication,166,34,-52,920,0,11,0,0,0,0,0,0,0,0
8548,5267555251,Authentication,166,34,-27,920,0,11,0,0,0,0,0,0,720,0
8549,5267561035,Authentication,166,34,-29,920,0,11,0,0,1,0,0,0,720,0
8550,5267566767,Authentication,166,34,-27,920,0,11,0,0,1,0,0,0,720,0
8551,5267572654,Authentication,166,34,-27,920,0,11,0,0,1,0,0,0,720,0
8553,5267636240,QoS Data,128,34,-33,920,2,8,0,0,0,0,0,1,720,0
8555,5267791951,Authentication,166,34,-52,920,0,11,0,0,0,0,0,0,0,0
8556,5267805274,Authentication,166,34,-28,920,0,11,0,0,0,0,0,0,720,0
8557,5267811110,Authentication,166,34,-29,920,0,11,0,0,1,0,0,0,720,0
8558,5267816842,Authentication,166,34,-28,920,0,11,0,0,1,0,0,0,720,0
8559,5267822573,Authentication,166,34,-29,920,0,11,0,0,1,0,0,0,720,0
8560,5267857531,Data,287,34,-30,920,2,0,0,0,0,0,0,1,0,0
8561,5268039757,Authentication,166,34,-55,920,0,11,0,0,0,0,0,0,0,0
8562,5268055215,Authentication,166,34,-30,920,0,11,0,0,0,0,0,0,720,0
8563,5268061152,Authentication,166,34,-29,920,0,11,0,0,1,0,0,0,720,0
8564,5268066986,Authentication,166,34,-30,920,0,11,0,0,1,0,0,0,720,0
8565,5268073290,Data,132,34,-29,920,2,0,0,0,0,0,0,1,0,0
8566,5268076956,Authentication,166,34,-29,920,0,11,0,0,1,0,0,0,720,0
8567,5268231729,S1G Beacon,129,34,-31,920,3,1,,,,,,,0,0
8568,5268296781,Authentication,166,34,-57,920,0,11,0,0,0,0,0,0,0,0
8569,5268305268,Authentication,166,34,-29,920,0,11,0,0,0,0,0,0,720,0
8570,5268311310,Authentication,166,34,-30,920,0,11,0,0,1,0,0,0,720,0
8571,5268317144,Authentication,166,34,-29,920,0,11,0,0,1,0,0,0,720,0
8572,5268322824,Authentication,166,34,-29,920,0,11,0,0,1,0,0,0,720,0
8573,5268558923,Authentication,166,34,-53,920,0,11,0,0,0,0,0,0,0,0
8574,5268575156,Authentication,166,34,-30,920,0,11,0,0,0,0,0,0,720,0
8575,5268581147,Authentication,166,34,-31,920,0,11,0,0,1,0,0,0,720,0
8576,5268586879,Authentication,166,34,-31,920,0,11,0,0,1,0,0,0,720,0
8577,5268592558,Authentication,166,34,-31,920,0,11,0,0,1,0,0,0,720,0
8578,5268805702,Authentication,166,34,-53,920,0,11,0,0,0,0,0,0,0,0
8579,5268815230,Authentication,166,34,-33,920,0,11,0,0,0,0,0,0,720,0
8580,5268820911,Authentication,166,34,-34,920,0,11,0,0,1,0,0,0,720,0
8581,5268826588,Authentication,166,34,-34,920,0,11,0,0,1,0,0,0,720,0
8582,5268832425,Authentication,166,34,-34,920,0,11,0,0,1,0,0,0,720,0
8583,5269050440,Authentication,166,34,-55,920,0,11,0,0,0,0,0,0,0,0
8584,5269055040,S1G Beacon,61,34,-31,920,3,1,,,,,,,0,0
8585,5269063328,Authentication,166,34,-33,920,0,11,0,0,0,0,0,0,720,0
8586,5269069318,Authentication,166,34,-31,920,0,11,0,0,1,0,0,0,720,0
8587,5269075101,Authentication,166,34,-31,920,0,11,0,0,1,0,0,0,720,0
8588,5269080884,Authentication,166,34,-32,920,0,11,0,0,1,0,0,0,720,0
8589,5269312582,Authentication,166,34,-53,920,0,11,0,0,0,0,0,0,0,0
8590,5269566681,Data,132,34,-29,920,2,0,0,0,0,0,0,1,0,0
8591,5269822528,Authentication,166,34,-55,920,0,11,0,0,0,0,0,0,0,0
8592,5269835225,Authentication,166,34,-27,920,0,11,0,0,0,0,0,0,720,0
8593,5269840958,Authentication,166,34,-27,920,0,11,0,0,1,0,0,0,720,0
8594,5269846636,Authentication,166,34,-29,920,0,11,0,0,1,0,0,0,720,0
8595,5269852316,Authentication,166,34,-28,920,0,11,0,0,1,0,0,0,720,0
8596,5269870136,S1G Beacon,129,34,-28,920,3,1,,,,,,,0,0
8597,5270066241,Authentication,166,34,-53,920,0,11,0,0,0,0,0,0,0,0
8598,5270075246,Authentication,166,34,-27,920,0,11,0,0,0,0,0,0,720,0
8599,5270081030,Authentication,166,34,-27,920,0,11,0,0,1,0,0,0,720,0
8600,5270086763,Authentication,166,34,-28,920,0,11,0,0,1,0,0,0,720,0
8601,5270092546,Authentication,166,34,-28,920,0,11,0,0,1,0,0,0,720,0
8602,5270328383,Authentication,166,34,-56,920,0,11,0,0,0,0,0,0,0,0
8603,5270345189,Authentication,166,34,-24,920,0,11,0,0,0,0,0,0,720,0
8604,5270351077,Authentication,166,34,-26,920,0,11,0,0,1,0,0,0,720,0
8605,5270356965,Authentication,166,34,-27,920,0,11,0,0,1,0,0,0,720,0
8606,5270362957,Authentication,166,34,-25,920,0,11,0,0,1,0,0,0,720,0
8607,5270586426,Authentication,166,34,-53,920,0,11,0,0,0,0,0,0,0,0
8608,5270595225,Authentication,166,34,-24,920,0,11,0,0,0,0,0,0,720,0
8609,5270601215,Authentication,166,34,-26,920,0,11,0,0,1,0,0,0,720,0
8610,5270607051,Authentication,166,34,-25,920,0,11,0,0,1,0,0,0,720,0
8611,5270612730,Authentication,166,34,-24,920,0,11,0,0,1,0,0,0,720,0
8612,5270689339,S1G Beacon,61,34,-27,920,3,1,,,,,,,0,0
8613,5270836282,Authentication,166,34,-53,920,0,11,0,0,0,0,0,0,0,0
8614,5270845237,Authentication,166,34,-24,920,0,11,0,0,0,0,0,0,720,0
8615,5270851020,Authentication,166,34,-26,920,0,11,0,0,1,0,0,0,720,0
8616,5270857064,Authentication,166,34,-26,920,0,11,0,0,1,0,0,0,720,0
8617,5270862898,Authentication,166,34,-24,920,0,11,0,0,1,0,0,0,720,0
8618,5270881474,Data,287,34,-23,920,2,0,0,0,0,0,0,1,0,0
8619,5271082042,Authentication,166,34,-55,920,0,11,0,0,0,0,0,0,0,0
8620,5271095467,Authentication,166,34,-26,920,0,11,0,0,0,0,0,0,720,0
8621,5271101199,Authentication,166,34,-24,920,0,11,0,0,1,0,0,0,720,0
8622,5271106983,Authentication,166,34,-27,920,0,11,0,0,1,0,0,0,720,0
8623,5271112870,Authentication,166,34,-26,920,0,11,0,0,1,0,0,0,720,0
8624,5271508543,S1G Beacon,129,34,-28,920,3,1,,,,,,,0,0
8625,5271606327,Authentication,166,34,-54,920,0,11,0,0,0,0,0,0,0,0
8626,5271615279,Authentication,166,34,-28,920,0,11,0,0,0,0,0,0,720,0
8627,5271621324,Authentication,166,34,-28,920,0,11,0,0,1,0,0,0,720,0
8628,5271627264,Authentication,166,34,-27,920,0,11,0,0,1,0,0,0,720,0
8629,5271633204,Authentication,166,34,-28,920,0,11,0,0,1,0,0,0,720,0
8630,5271852082,Authentication,166,34,-55,920,0,11,0,0,0,0,0,0,0,0
8631,5271865456,Authentication,166,34,-29,920,0,11,0,0,0,0,0,0,720,0
8632,5271877491,Authentication,166,34,-28,920,0,11,0,0,1,0,0,0,720,0
8633,5271883224,Authentication,166,34,-30,920,0,11,0,0,1,0,0,0,720,0
8634,5272097843,Authentication,166,34,-56,920,0,11,0,0,0,0,0,0,0,0
8635,5272115117,Authentication,166,34,-31,920,0,11,0,0,0,0,0,0,720,0
8636,5272121057,Authentication,166,34,-31,920,0,11,0,0,1,0,0,0,720,0
8637,5272127102,Authentication,166,34,-30,920,0,11,0,0,1,0,0,0,720,0
8638,5272132834,Authentication,166,34,-31,920,0,11,0,0,1,0,0,0,720,0
8639,5272327745,S1G Beacon,61,34,-29,920,3,1,,,,,,,0,0
8640,5272421616,QoS Data,149,34,-28,920,2,8,1,0,0,0,0,1,720,0
8642,5272423822,QoS Data,149,34,-31,920,2,8,0,0,0,0,0,1,720,0
8644,5272430969,QoS Data,131,34,-22,920,2,8,1,0,0,0,0,1,720,0
8646,5272433038,QoS Data,131,34,-31,920,2,8,0,0,0,0,0,1,720,0
8648,5272622127,Authentication,166,34,-55,920,0,11,0,0,0,0,0,0,0,0
8649,5272633213,Authentication,166,34,-27,920,0,11,0,0,0,0,0,0,720,0
8650,5272640177,Authentication,166,34,-28,920,0,11,0,0,1,0,0,0,720,0
8651,5272646116,Authentication,166,34,-28,920,0,11,0,0,1,0,0,0,720,0
8652,5272653182,Authentication,166,34,-28,920,0,11,0,0,1,0,0,0,720,0
8653,5272660414,RTS,54,34,-21,920,1,11,,,,0,0,0,2452,0
8655,5272665605,RTS,54,34,-21,920,1,11,,,,0,0,0,2452,0
8656,5272670278,RTS,54,34,-20,920,1,11,,,,0,0,0,2452,0
8658,5272675055,RTS,54,34,-21,920,1,11,,,,0,0,0,2452,0
8660,5272680714,RTS,54,34,-21,920,1,11,,,,0,0,0,2560,0
8662,5272685235,RTS,54,34,-20,920,1,11,,,,0,0,0,2560,0
8664,5272686858,QoS Data,128,34,-26,920,2,8,1,0,1,0,0,1,720,0
8666,5272689745,QoS Data,128,34,-30,920,2,8,0,0,0,0,0,1,720,0
8668,5272861741,Authentication,166,34,-52,920,0,11,0,0,0,0,0,0,0,0
8669,5272875220,Authentication,166,34,-30,920,0,11,0,0,0,0,0,0,720,0
8670,5272880899,Authentication,166,34,-28,920,0,11,0,0,1,0,0,0,720,0
8671,5272886736,Authentication,166,34,-28,920,0,11,0,0,1,0,0,0,720,0
8672,5272892466,Authentication,166,34,-30,920,0,11,0,0,1,0,0,0,720,0
8673,5273113644,Authentication,166,34,-52,920,0,11,0,0,0,0,0,0,0,0
8674,5273125199,Authentication,166,34,-28,920,0,11,0,0,0,0,0,0,720,0
8675,5273131087,Authentication,166,34,-29,920,0,11,0,0,1,0,0,0,720,0
8676,5273137025,Authentication,166,34,-28,920,0,11,0,0,1,0,0,0,720,0
8677,5273146949,S1G Beacon,129,34,-29,920,3,1,,,,,,,0,0
8678,5273150535,Authentication,166,34,-28,920,0,11,0,0,1,0,0,0,720,0
8679,5273375786,Authentication,166,34,-55,920,0,11,0,0,0,0,0,0,0,0
8680,5273385208,Authentication,166,34,-39,920,0,11,0,0,0,0,0,0,720,0
8681,5273391044,Authentication,166,34,-38,920,0,11,0,0,1,0,0,0,720,0
8682,5273396983,Authentication,166,34,-37,920,0,11,0,0,1,0,0,0,720,0
8683,5273402714,Authentication,166,34,-37,920,0,11,0,0,1,0,0,0,720,0
8684,5273637928,Authentication,166,34,-52,920,0,11,0,0,0,0,0,0,0,0
8685,5273655152,Authentication,166,34,-36,920,0,11,0,0,0,0,0,0,720,0
8686,5273661090,Authentication,166,34,-34,920,0,11,0,0,1,0,0,0,720,0
8687,5273666874,Authentication,166,34,-35,920,0,11,0,0,1,0,0,0,720,0
8688,5273672554,Authentication,166,34,-35,920,0,11,0,0,1,0,0,0,720,0
8689,5273883685,Authentication,166,34,-52,920,0,11,0,0,0,0,0,0,0,0
8690,5273895394,Authentication,166,34,-34,920,0,11,0,0,0,0,0,0,720,0
8691,5273901230,Authentication,166,34,-33,920,0,11,0,0,1,0,0,0,720,0
8692,5273907533,Data,287,34,-33,920,2,0,0,0,0,0,0,1,0,0
8693,5273915321,Authentication,166,34,-32,920,0,11,0,0,1,0,0,0,720,0
8694,5273921314,Authentication,166,34,-33,920,0,11,0,0,1,0,0,0,720,0
8695,5273966152,S1G Beacon,61,34,-31,920,3,1,,,,,,,0,0
8696,5274139684,Authentication,166,34,-53,920,0,11,0,0,0,0,0,0,0,0
8697,5274149572,Authentication,166,34,-31,920,0,11,0,0,0,0,0,0,720,0
8698,5274155616,Authentication,166,34,-30,920,0,11,0,0,1,0,0,0,720,0
8699,5274161401,Authentication,166,34,-31,920,0,11,0,0,1,0,0,0,720,0
8700,5274167234,Authentication,166,34,-33,920,0,11,0,0,1,0,0,0,720,0
8701,5274391587,Authentication,166,34,-51,920,0,11,0,0,0,0,0,0,0,0
8702,5274405221,Authentication,166,34,-32,920,0,11,0,0,0,0,0,0,720,0
8703,5274411005,Authentication,166,34,-32,920,0,11,0,0,1,0,0,0,720,0
8704,5274416842,Authentication,166,34,-31,920,0,11,0,0,1,0,0,0,720,0
8705,5274422782,Authentication,166,34,-31,920,0,11,0,0,1,0,0,0,720,0
8706,5274653729,Authentication,166,34,-55,920,0,11,0,0,0,0,0,0,0,0
8707,5274665179,Authentication,166,34,-30,920,0,11,0,0,0,0,0,0,720,0
8708,5274671170,Authentication,166,34,-29,920,0,11,0,0,1,0,0,0,720,0
8709,5274676903,Authentication,166,34,-30,920,0,11,0,0,1,0,0,0,720,0
8710,5274682843,Authentication,166,34,-31,920,0,11,0,0,1,0,0,0,720,0
8711,5274785355,S1G Beacon,129,34,-30,920,3,1,,,,,,,0,0
8712,5274915872,Authentication,166,34,-53,920,0,11,0,0,0,0,0,0,0,0
8713,5274925140,Authentication,166,34,-33,920,0,11,0,0,0,0,0,0,720,0
8714,5274930923,Authentication,166,34,-32,920,0,11,0,0,1,0,0,0,720,0
8715,5274936812,Authentication,166,34,-32,920,0,11,0,0,1,0,0,0,720,0
8716,5274942541,Authentication,166,34,-32,920,0,11,0,0,1,0,0,0,720,0
8717,5275154461,Authentication,166,34,-55,920,0,11,0,0,0,0,0,0,0,0
8718,5275165443,Authentication,166,34,-37,920,0,11,0,0,0,0,0,0,720,0
8719,5275171281,Authentication,166,34,-35,920,0,11,0,0,1,0,0,0,720,0
8720,5275176961,Authentication,166,34,-35,920,0,11,0,0,1,0,0,0,720,0
8721,5275183005,Authentication,166,34,-34,920,0,11,0,0,1,0,0,0,720,0
8722,5275233509,Disassociation,64,34,-33,920,0,10,0,0,0,0,0,0,720,0
8723,5275236521,Disassociation,64,34,-35,920,0,10,0,0,1,0,0,0,720,0
8724,5275239742,Disassociation,64,34,-34,920,0,10,0,0,1,0,0,0,720,0
8725,5275242806,Disassociation,64,34,-34,920,0,10,0,0,1,0,0,0,720,0
8726,5275407388,Authentication,166,34,-55,920,0,11,0,0,0,0,0,0,0,0
8727,5275415199,Authentication,166,34,-33,920,0,11,0,0,0,0,0,0,720,0
8728,5275420930,Authentication,166,34,-34,920,0,11,0,0,1,0,0,0,720,0
8729,5275426608,Authentication,166,34,-32,920,0,11,0,0,1,0,0,0,720,0
8730,5275432653,Authentication,166,34,-32,920,0,11,0,0,1,0,0,0,720,0
8731,5275604559,S1G Beacon,61,34,-33,920,3,1,,,,,,,0,0
8732,5275669530,Authentication,166,34,-53,920,0,11,0,0,0,0,0,0,0,0
8733,5275681344,Authentication,166,34,-33,920,0,11,0,0,0,0,0,0,720,0
8734,5275687336,Authentication,166,34,-33,920,0,11,0,0,1,0,0,0,720,0
8735,5275693016,Authentication,166,34,-33,920,0,11,0,0,1,0,0,0,720,0
8736,5275698696,Authentication,166,34,-33,920,0,11,0,0,1,0,0,0,720,0
8737,5275931673,Authentication,166,34,-55,920,0,11,0,0,0,0,0,0,0,0
8738,5275945253,Authentication,166,34,-32,920,0,11,0,0,0,0,0,0,720,0
8739,5275951297,Authentication,166,34,-32,920,0,11,0,0,1,0,0,0,720,0
8740,5275957237,Authentication,166,34,-32,920,0,11,0,0,1,0,0,0,720,0
8741,5275963071,Authentication,166,34,-32,920,0,11,0,0,1,0,0,0,720,0
8742,5276181525,Authentication,166,34,-56,920,0,11,0,0,0,0,0,0,0,0
8743,5276195209,Authentication,166,34,-31,920,0,11,0,0,0,0,0,0,720,0
8744,5276201252,Authentication,166,34,-33,920,0,11,0,0,1,0,0,0,720,0
8745,5276206932,Authentication,166,34,-32,920,0,11,0,0,1,0,0,0,720,0
8746,5276212872,Authentication,166,34,-31,920,0,11,0,0,1,0,0,0,720,0
8747,5276423764,S1G Beacon,129,34,-31,920,3,1,,,,,,,0,0
8748,5276429332,Authentication,166,34,-55,920,0,11,0,0,0,0,0,0,0,0
8749,5276445204,Authentication,166,34,-31,920,0,11,0,0,0,0,0,0,720,0
8750,5276450937,Authentication,166,34,-31,920,0,11,0,0,1,0,0,0,720,0
8751,5276456981,Authentication,166,34,-32,920,0,11,0,0,1,0,0,0,720,0
8752,5276462870,Authentication,166,34,-30,920,0,11,0,0,1,0,0,0,720,0
8753,5276685331,Authentication,166,34,-56,920,0,11,0,0,0,0,0,0,0,0
8754,5276695204,Authentication,166,34,-31,920,0,11,0,0,0,0,0,0,720,0
8755,5276700934,Authentication,166,34,-31,920,0,11,0,0,1,0,0,0,720,0
8756,5276706615,Authentication,166,34,-31,920,0,11,0,0,1,0,0,0,720,0
8757,5276712398,Authentication,166,34,-31,920,0,11,0,0,1,0,0,0,720,0
8758,5276929512,Data,287,34,-33,920,2,0,0,0,0,0,0,1,0,0
8759,5277196813,Authentication,166,34,-52,920,0,11,0,0,0,0,0,0,0,0
8760,5277205194,Authentication,166,34,-33,920,0,11,0,0,0,0,0,0,720,0
8761,5277210873,Authentication,166,34,-32,920,0,11,0,0,1,0,0,0,720,0
8762,5277216759,Authentication,166,34,-31,920,0,11,0,0,1,0,0,0,720,0
8763,5277222542,Authentication,166,34,-33,920,0,11,0,0,1,0,0,0,720,0
8764,5277242966,S1G Beacon,61,34,-31,920,3,1,,,,,,,0,0
8765,5277452300,Authentication,166,34,-53,920,0,11,0,0,0,0,0,0,0,0
8766,5277457717,QoS Data,148,34,-30,920,2,8,1,0,0,0,0,1,720,0
8768,5277459767,Authentication,166,34,-32,920,0,11,0,0,0,0,0,0,720,0
8769,5277465810,Authentication,166,34,-32,920,0,11,0,0,1,0,0,0,720,0
8770,5277471855,QoS Data,148,34,-37,920,2,8,0,0,0,0,0,1,720,0
8772,5277473855,Authentication,166,34,-31,920,0,11,0,0,1,0,0,0,720,0
8773,5277479319,QoS Data,131,34,-18,920,2,8,1,0,0,0,0,1,720,0
8775,5277481334,Authentication,166,34,-31,920,0,11,0,0,1,0,0,0,720,0
8776,5277701133,Authentication,166,34,-55,920,0,11,0,0,0,0,0,0,0,0
8777,5277705772,QoS Data,131,34,-35,920,2,8,0,0,0,0,0,1,720,0
8779,5277708044,Authentication,166,34,-31,920,0,11,0,0,0,0,0,0,720,0
8780,5277713828,Authentication,166,34,-32,920,0,11,0,0,1,0,0,0,720,0
8781,5277719561,Authentication,166,34,-30,920,0,11,0,0,1,0,0,0,720,0
8782,5277725293,Authentication,166,34,-30,920,0,11,0,0,1,0,0,0,720,0
8783,5277884313,QoS Data,128,34,-31,920,2,8,1,0,0,0,0,1,720,0
8785,5277886536,QoS Data,128,34,-35,920,2,8,0,0,0,0,0,1,720,0
8787,5277963275,Authentication,166,34,-53,920,0,11,0,0,0,0,0,0,0,0
8788,5277975348,Authentication,166,34,-31,920,0,11,0,0,0,0,0,0,720,0
8789,5277981287,Authentication,166,34,-31,920,0,11,0,0,1,0,0,0,720,0
8790,5277987071,Authentication,166,34,-32,920,0,11,0,0,1,0,0,0,720,0
8791,5277992749,Authentication,166,34,-31,920,0,11,0,0,1,0,0,0,720,0
8792,5278062169,S1G Beacon,129,34,-32,920,3,1,,,,,,,0,0
8793,5278215174,Authentication,166,34,-53,920,0,11,0,0,0,0,0,0,0,0
8794,5278225167,Authentication,166,34,-31,920,0,11,0,0,0,0,0,0,720,0
8795,5278230950,Authentication,166,34,-31,920,0,11,0,0,1,0,0,0,720,0
8796,5278236784,Authentication,166,34,-33,920,0,11,0,0,1,0,0,0,720,0
8797,5278242621,Authentication,166,34,-31,920,0,11,0,0,1,0,0,0,720,0
8798,5278454791,Authentication,166,34,-51,920,0,11,0,0,0,0,0,0,0,0
8799,5278465409,Authentication,166,34,-31,920,0,11,0,0,0,0,0,0,720,0
8800,5278471454,Authentication,166,34,-31,920,0,11,0,0,1,0,0,0,720,0
8801,5278477238,Authentication,166,34,-31,920,0,11,0,0,1,0,0,0,720,0
8802,5278482970,Authentication,166,34,-31,920,0,11,0,0,1,0,0,0,720,0
8803,5278716934,Authentication,166,34,-55,920,0,11,0,0,0,0,0,0,0,0
8804,5278735143,Authentication,166,34,-31,920,0,11,0,0,0,0,0,0,720,0
8805,5278740926,Authentication,166,34,-31,920,0,11,0,0,1,0,0,0,720,0
8806,5278746812,Authentication,166,34,-31,920,0,11,0,0,1,0,0,0,720,0
8807,5278752493,Authentication,166,34,-31,920,0,11,0,0,1,0,0,0,720,0
8808,5278881371,S1G Beacon,61,34,-31,920,3,1,,,,,,,0,0
8809,5278979076,Authentication,166,34,-55,920,0,11,0,0,0,0,0,0,0,0
8810,5278995179,Authentication,166,34,-31,920,0,11,0,0,0,0,0,0,720,0
8811,5279001171,Authentication,166,34,-31,920,0,11,0,0,1,0,0,0,720,0
8812,5279006848,Authentication,166,34,-30,920,0,11,0,0,1,0,0,0,720,0
8813,5279012892,Authentication,166,34,-31,920,0,11,0,0,1,0,0,0,720,0
8814,5279237120,Authentication,166,34,-52,920,0,11,0,0,0,0,0,0,0,0
8815,5279253925,Authentication,166,34,-32,920,0,11,0,0,0,0,0,0,720,0
8816,5279259606,Authentication,166,34,-31,920,0,11,0,0,1,0,0,0,720,0
8817,5279265337,Authentication,166,34,-31,920,0,11,0,0,1,0,0,0,720,0
8818,5279271173,Authentication,166,34,-32,920,0,11,0,0,1,0,0,0,720,0
8819,5279478783,Authentication,166,34,-55,920,0,11,0,0,0,0,0,0,0,0
8820,5279495071,Authentication,166,34,-31,920,0,11,0,0,0,0,0,0,720,0
8821,5279501116,Authentication,166,34,-30,920,0,11,0,0,1,0,0,0,720,0
8822,5279506797,Authentication,166,34,-30,920,0,11,0,0,1,0,0,0,720,0
8823,5279512527,Authentication,166,34,-31,920,0,11,0,0,1,0,0,0,720,0
8824,5279700575,S1G Beacon,129,34,-30,920,3,1,,,,,,,0,0
8825,5279732735,Authentication,166,34,-55,920,0,11,0,0,0,0,0,0,0,0
8826,5279745172,Authentication,166,34,-30,920,0,11,0,0,0,0,0,0,720,0
8827,5279751008,Authentication,166,34,-31,920,0,11,0,0,1,0,0,0,720,0
8828,5279756843,Authentication,166,34,-30,920,0,11,0,0,1,0,0,0,720,0
8829,5279762625,Authentication,166,34,-31,920,0,11,0,0,1,0,0,0,720,0
8830,5279953528,Data,287,34,-29,920,2,0,0,0,0,0,0,1,0,0
8831,5279994877,Authentication,166,34,-55,920,0,11,0,0,0,0,0,0,0,0
8832,5280002117,Authentication,166,34,-31,920,0,11,0,0,0,0,0,0,720,0
8833,5280008162,Authentication,166,34,-29,920,0,11,0,0,1,0,0,0,720,0
8834,5280013946,Authentication,166,34,-29,920,0,11,0,0,1,0,0,0,720,0
8835,5280019782,Authentication,166,34,-31,920,0,11,0,0,1,0,0,0,720,0
8836,5280240633,Authentication,166,34,-57,920,0,11,0,0,0,0,0,0,0,0
8837,5280255151,Authentication,166,34,-30,920,0,11,0,0,0,0,0,0,720,0
8838,5280260881,Authentication,166,34,-30,920,0,11,0,0,1,0,0,0,720,0
8839,5280266770,Authentication,166,34,-30,920,0,11,0,0,1,0,0,0,720,0
8840,5280272502,Authentication,166,34,-30,920,0,11,0,0,1,0,0,0,720,0
8841,5280486393,Authentication,166,34,-57,920,0,11,0,0,0,0,0,0,0,0
8842,5280495138,Authentication,166,34,-30,920,0,11,0,0,0,0,0,0,720,0
8843,5280500920,Authentication,166,34,-30,920,0,11,0,0,1,0,0,0,720,0
8844,5280506859,Authentication,166,34,-29,920,0,11,0,0,1,0,0,0,720,0
8845,5280512748,Authentication,166,34,-30,920,0,11,0,0,1,0,0,0,720,0
8846,5280748535,Authentication,166,34,-55,920,0,11,0,0,0,0,0,0,0,0
8847,5280765288,Authentication,166,34,-30,920,0,11,0,0,0,0,0,0,720,0
8848,5280771072,Authentication,166,34,-31,920,0,11,0,0,1,0,0,0,720,0
8849,5280776804,Authentication,166,34,-29,920,0,11,0,0,1,0,0,0,720,0
8850,5280782848,Authentication,166,34,-30,920,0,11,0,0,1,0,0,0,720,0
8851,5281010678,Authentication,166,34,-55,920,0,11,0,0,0,0,0,0,0,0
8852,5281025195,Authentication,166,34,-29,920,0,11,0,0,0,0,0,0,720,0
8853,5281031136,Authentication,166,34,-29,920,0,11,0,0,1,0,0,0,720,0
8854,5281037178,Authentication,166,34,-29,920,0,11,0,0,1,0,0,0,720,0
8855,5281042910,Authentication,166,34,-29,920,0,11,0,0,1,0,0,0,720,0
8856,5281254898,Authentication,166,34,-56,920,0,11,0,0,0,0,0,0,0,0
8857,5281265151,Authentication,166,34,-30,920,0,11,0,0,0,0,0,0,720,0
8858,5281271088,Authentication,166,34,-30,920,0,11,0,0,1,0,0,0,720,0
8859,5281276770,Authentication,166,34,-30,920,0,11,0,0,1,0,0,0,720,0
8860,5281282604,Authentication,166,34,-31,920,0,11,0,0,1,0,0,0,720,0
8861,5281338983,S1G Beacon,129,34,-31,920,3,1,,,,,,,0,0
8862,5281502194,Authentication,166,34,-55,920,0,11,0,0,0,0,0,0,0,0
8863,5281515153,Authentication,166,34,-30,920,0,11,0,0,0,0,0,0,720,0
8864,5281521041,Authentication,166,34,-30,920,0,11,0,0,1,0,0,0,720,0
8865,5281526772,Authentication,166,34,-30,920,0,11,0,0,1,0,0,0,720,0
8866,5281532449,Authentication,166,34,-31,920,0,11,0,0,1,0,0,0,720,0
8867,5281753825,Data,378,34,-30,920,2,0,0,0,0,0,0,1,0,0
8868,5281764337,Authentication,166,34,-53,920,0,11,0,0,0,0,0,0,0,0
8869,5281775473,Authentication,166,34,-30,920,0,11,0,0,0,0,0,0,720,0
8870,5281781204,Authentication,166,34,-30,920,0,11,0,0,1,0,0,0,720,0
8871,5281786935,Authentication,166,34,-30,920,0,11,0,0,1,0,0,0,720,0
8872,5281792873,Authentication,166,34,-29,920,0,11,0,0,1,0,0,0,720,0
8873,5281857521,Data,387,34,-30,920,2,0,0,0,0,0,0,1,0,0
8874,5281961537,Data,450,34,-30,920,2,0,0,0,0,0,0,1,0,0
8875,5282026479,Authentication,166,34,-56,920,0,11,0,0,0,0,0,0,0,0
8876,5282035225,Authentication,166,34,-30,920,0,11,0,0,0,0,0,0,720,0
8877,5282041060,Authentication,166,34,-29,920,0,11,0,0,1,0,0,0,720,0
8878,5282047104,Authentication,166,34,-29,920,0,11,0,0,1,0,0,0,720,0
8879,5282052937,Authentication,166,34,-30,920,0,11,0,0,1,0,0,0,720,0
8880,5282065584,Data,442,34,-28,920,2,0,0,0,0,0,0,1,0,0
8881,5282158185,S1G Beacon,61,34,-30,920,3,1,,,,,,,0,0
8882,5282169594,Data,387,34,-29,920,2,0,0,0,0,0,0,1,0,0
8883,5282264044,Authentication,166,34,-53,920,0,11,0,0,0,0,0,0,0,0
8884,5282273455,Data,426,34,-28,920,2,0,0,0,0,0,0,1,0,0
8885,5282377990,Data,458,34,-29,920,2,0,0,0,0,0,0,1,0,0
8886,5282481648,Data,387,34,-27,920,2,0,0,0,0,0,0,1,0,0
8887,5282517996,Authentication,166,34,-55,920,0,11,0,0,0,0,0,0,0,0
8888,5282535476,Authentication,166,34,-30,920,0,11,0,0,0,0,0,0,720,0
8889,5282541309,Authentication,166,34,-30,920,0,11,0,0,1,0,0,0,720,0
8890,5282547304,Authentication,166,34,-28,920,0,11,0,0,1,0,0,0,720,0
8891,5282553193,Authentication,166,34,-28,920,0,11,0,0,1,0,0,0,720,0
8892,5282585548,Data,446,34,-29,920,2,0,0,0,0,0,0,1,0,0
8893,5282689617,Data,440,34,-30,920,2,0,0,0,0,0,0,1,0,0
8894,5282711936,QoS Data,148,34,-30,920,2,8,1,0,0,0,0,1,720,0
8896,5282714558,QoS Data,148,34,-31,920,2,8,0,0,0,0,0,1,720,0
8898,5282721760,QoS Data,131,34,-18,920,2,8,1,0,0,0,0,1,720,0
8900,5282724293,QoS Data,131,34,-32,920,2,8,0,0,0,0,0,1,720,0
8902,5282780138,Authentication,166,34,-55,920,0,11,0,0,0,0,0,0,0,0
8903,5282795175,Authentication,166,34,-30,920,0,11,0,0,0,0,0,0,720,0
8904,5282801480,Data,387,34,-28,920,2,0,0,0,0,0,0,1,0,0
8905,5282811946,Authentication,166,34,-28,920,0,11,0,0,1,0,0,0,720,0
8906,5282817989,Authentication,166,34,-28,920,0,11,0,0,1,0,0,0,720,0
8907,5282823669,Authentication,166,34,-28,920,0,11,0,0,1,0,0,0,720,0
8908,5282884045,QoS Data,128,34,-29,920,2,8,1,0,0,0,0,1,720,0
8910,5282886631,QoS Data,128,34,-34,920,2,8,0,0,0,0,0,1,720,0
8912,5282897483,Data,442,34,-28,920,2,0,0,0,0,0,0,1,0,0
8913,5282977387,S1G Beacon,129,34,-29,920,3,1,,,,,,,0,0
8914,5282981601,Data,287,34,-28,920,2,0,0,0,0,0,0,1,0,0
8915,5283001555,Data,452,34,-29,920,2,0,0,0,0,0,0,1,0,0
8916,5283038179,Authentication,166,34,-52,920,0,11,0,0,0,0,0,0,0,0
8917,5283271654,Authentication,166,34,-51,920,0,11,0,0,0,0,0,0,0,0
8918,5283533797,Authentication,166,34,-52,920,0,11,0,0,0,0,0,0,0,0
8919,5283545247,Authentication,166,34,-27,920,0,11,0,0,0,0,0,0,720,0
8920,5283551082,Authentication,166,34,-27,920,0,11,0,0,1,0,0,0,720,0
8921,5283557021,Authentication,166,34,-28,920,0,11,0,0,1,0,0,0,720,0
8922,5283562702,Authentication,166,34,-27,920,0,11,0,0,1,0,0,0,720,0
8923,5283795939,Authentication,166,34,-55,920,0,11,0,0,0,0,0,0,0,0
8924,5283800543,S1G Beacon,61,34,-29,920,3,1,,,,,,,0,0
8925,5283804721,Authentication,166,34,-29,920,0,11,0,0,0,0,0,0,720,0
8926,5283810505,Authentication,166,34,-28,920,0,11,0,0,1,0,0,0,720,0
8927,5283816288,Authentication,166,34,-28,920,0,11,0,0,1,0,0,0,720,0
8928,5283822072,Authentication,166,34,-27,920,0,11,0,0,1,0,0,0,720,0
8929,5284049885,Authentication,166,34,-53,920,0,11,0,0,0,0,0,0,0,0
8930,5284065183,Authentication,166,34,-28,920,0,11,0,0,0,0,0,0,720,0
8931,5284071071,Authentication,166,34,-28,920,0,11,0,0,1,0,0,0,720,0
8932,5284077115,Authentication,166,34,-29,920,0,11,0,0,1,0,0,0,720,0
8933,5284083159,Authentication,166,34,-28,920,0,11,0,0,1,0,0,0,720,0
8934,5284287455,Authentication,166,34,-55,920,0,11,0,0,0,0,0,0,0,0
8935,5284295370,Authentication,166,34,-28,920,0,11,0,0,0,0,0,0,720,0
8936,5284301204,Authentication,166,34,-29,920,0,11,0,0,1,0,0,0,720,0
8937,5284307040,Authentication,166,34,-28,920,0,11,0,0,1,0,0,0,720,0
8938,5284312874,Authentication,166,34,-30,920,0,11,0,0,1,0,0,0,720,0
8939,5284549597,Authentication,166,34,-55,920,0,11,0,0,0,0,0,0,0,0
8940,5284568382,Authentication,166,34,-28,920,0,11,0,0,0,0,0,0,720,0
8941,5284574269,Authentication,166,34,-27,920,0,11,0,0,1,0,0,0,720,0
8942,5284580209,Authentication,166,34,-28,920,0,11,0,0,1,0,0,0,720,0
8943,5284586251,Authentication,166,34,-28,920,0,11,0,0,1,0,0,0,720,0
8944,5284615797,S1G Beacon,129,34,-28,920,3,1,,,,,,,0,0
8945,5284811739,Authentication,166,34,-55,920,0,11,0,0,0,0,0,0,0,0
8946,5284825116,Authentication,166,34,-28,920,0,11,0,0,0,0,0,0,720,0
8947,5284830796,Authentication,166,34,-27,920,0,11,0,0,1,0,0,0,720,0
8948,5284836477,Authentication,166,34,-28,920,0,11,0,0,1,0,0,0,720,0
8949,5284842209,Authentication,166,34,-27,920,0,11,0,0,1,0,0,0,720,0
8950,5285056472,Authentication,166,34,-56,920,0,11,0,0,0,0,0,0,0,0
8951,5285065374,Authentication,166,34,-29,920,0,11,0,0,0,0,0,0,720,0
8952,5285071363,Authentication,166,34,-29,920,0,11,0,0,1,0,0,0,720,0
8953,5285077302,Authentication,166,34,-28,920,0,11,0,0,1,0,0,0,720,0
8954,5285082980,Authentication,166,34,-28,920,0,11,0,0,1,0,0,0,720,0
8955,5285303256,Authentication,166,34,-55,920,0,11,0,0,0,0,0,0,0,0
8956,5285434999,S1G Beacon,61,34,-28,920,3,1,,,,,,,0,0
8957,5285565399,Authentication,166,34,-52,920,0,11,0,0,0,0,0,0,0,0
8958,5285575185,Authentication,166,34,-28,920,0,11,0,0,0,0,0,0,720,0
8959,5285581228,Authentication,166,34,-30,920,0,11,0,0,1,0,0,0,720,0
8960,5285587218,Authentication,166,34,-28,920,0,11,0,0,1,0,0,0,720,0
8961,5285592898,Authentication,166,34,-30,920,0,11,0,0,1,0,0,0,720,0
8962,5285827541,Authentication,166,34,-52,920,0,11,0,0,0,0,0,0,0,0
8963,5286001527,Data,287,34,-30,920,2,0,0,0,0,0,0,1,0,0
8964,5286064083,Authentication,166,34,-52,920,0,11,0,0,0,0,0,0,0,0
8965,5286254204,S1G Beacon,129,34,-29,920,3,1,,,,,,,0,0
8966,5286319057,Authentication,166,34,-55,920,0,11,0,0,0,0,0,0,0,0
8967,5286581200,Authentication,166,34,-51,920,0,11,0,0,0,0,0,0,0,0
8968,5286595145,Authentication,166,34,-29,920,0,11,0,0,0,0,0,0,720,0
8969,5286600826,Authentication,166,34,-29,920,0,11,0,0,1,0,0,0,720,0
8970,5286606661,Authentication,166,34,-29,920,0,11,0,0,1,0,0,0,720,0
8971,5286612391,Authentication,166,34,-30,920,0,11,0,0,1,0,0,0,720,0
8972,5286843342,Authentication,166,34,-54,920,0,11,0,0,0,0,0,0,0,0
8973,5286855157,Authentication,166,34,-30,920,0,11,0,0,0,0,0,0,720,0
8974,5286860993,Authentication,166,34,-29,920,0,11,0,0,1,0,0,0,720,0
8975,5286866879,Authentication,166,34,-30,920,0,11,0,0,1,0,0,0,720,0
8976,5286872868,Authentication,166,34,-30,920,0,11,0,0,1,0,0,0,720,0
8977,5287072716,Authentication,166,34,-57,920,0,11,0,0,0,0,0,0,0,0
8978,5287077306,S1G Beacon,61,34,-31,920,3,1,,,,,,,0,0
8979,5287079404,Authentication,166,34,-30,920,0,11,0,0,0,0,0,0,720,0
8980,5287085292,Authentication,166,34,-30,920,0,11,0,0,1,0,0,0,720,0
8981,5287091023,Authentication,166,34,-31,920,0,11,0,0,1,0,0,0,720,0
8982,5287096962,Authentication,166,34,-31,920,0,11,0,0,1,0,0,0,720,0
8983,5287334859,Authentication,166,34,-55,920,0,11,0,0,0,0,0,0,0,0
8984,5287597001,Authentication,166,34,-55,920,0,11,0,0,0,0,0,0,0,0
8985,5287612609,Authentication,166,34,-30,920,0,11,0,0,0,0,0,0,720,0
8986,5287618289,Authentication,166,34,-30,920,0,11,0,0,1,0,0,0,720,0
8987,5287624021,Authentication,166,34,-30,920,0,11,0,0,1,0,0,0,720,0
8988,5287629857,Authentication,166,34,-32,920,0,11,0,0,1,0,0,0,720,0
8989,5287731314,QoS Data,148,34,-28,920,2,8,1,0,0,0,0,1,720,0
8991,5287734145,QoS Data,148,34,-35,920,2,8,0,0,0,0,0,1,720,0
8993,5287742436,QoS Data,131,34,-17,920,2,8,1,0,0,0,0,1,720,0
8995,5287744658,QoS Data,131,34,-36,920,2,8,0,0,0,0,0,1,720,0
8997,5287835590,Authentication,166,34,-55,920,0,11,0,0,0,0,0,0,0,0
8998,5287845115,Authentication,166,34,-31,920,0,11,0,0,0,0,0,0,720,0
8999,5287850796,Authentication,166,34,-30,920,0,11,0,0,1,0,0,0,720,0
9000,5287856632,Authentication,166,34,-31,920,0,11,0,0,1,0,0,0,720,0
9001,5287862571,Authentication,166,34,-30,920,0,11,0,0,1,0,0,0,720,0
9002,5287885141,QoS Data,128,34,-29,920,2,8,1,0,0,0,0,1,720,0
9003,5287887579,QoS Data,128,34,-28,920,2,8,1,0,1,0,0,1,720,0
9005,5287892612,S1G Beacon,129,34,-30,920,3,1,,,,,,,0,0
9006,5287896563,QoS Data,128,34,-34,920,2,8,0,0,0,0,0,1,720,0
9008,5288092614,Authentication,166,34,-55,920,0,11,0,0,0,0,0,0,0,0
9009,5288102193,Authentication,166,34,-32,920,0,11,0,0,0,0,0,0,720,0
9010,5288108185,Authentication,166,34,-31,920,0,11,0,0,1,0,0,0,720,0
9011,5288113916,Authentication,166,34,-28,920,0,11,0,0,1,0,0,0,720,0
9012,5288119805,Authentication,166,34,-32,920,0,11,0,0,1,0,0,0,720,0
9013,5288350659,Authentication,166,34,-55,920,0,11,0,0,0,0,0,0,0,0
9014,5288365385,Authentication,166,34,-31,920,0,11,0,0,0,0,0,0,720,0
9015,5288371219,Authentication,166,34,-31,920,0,11,0,0,1,0,0,0,720,0
9016,5288377104,Authentication,166,34,-31,920,0,11,0,0,1,0,0,0,720,0
9017,5288383148,Authentication,166,34,-32,920,0,11,0,0,1,0,0,0,720,0
9018,5288612802,Authentication,166,34,-52,920,0,11,0,0,0,0,0,0,0,0
9019,5288625290,Authentication,166,34,-31,920,0,11,0,0,0,0,0,0,720,0
9020,5288631123,Authentication,166,34,-31,920,0,11,0,0,1,0,0,0,720,0
9021,5288636853,Authentication,166,34,-31,920,0,11,0,0,1,0,0,0,720,0
9022,5288642638,Authentication,166,34,-32,920,0,11,0,0,1,0,0,0,720,0
9023,5288711812,S1G Beacon,61,34,-31,920,3,1,,,,,,,0,0
9024,5288855487,Authentication,166,34,-56,920,0,11,0,0,0,0,0,0,0,0
9025,5288865119,Authentication,166,34,-31,920,0,11,0,0,0,0,0,0,720,0
9026,5288871109,Authentication,166,34,-32,920,0,11,0,0,1,0,0,0,720,0
9027,5288876995,Authentication,166,34,-32,920,0,11,0,0,1,0,0,0,720,0
9028,5288883039,Authentication,166,34,-31,920,0,11,0,0,1,0,0,0,720,0
9029,5289025534,Data,287,34,-31,920,2,0,0,0,0,0,0,1,0,0
9030,5289104318,Authentication,166,34,-55,920,0,11,0,0,0,0,0,0,0,0
9031,5289115091,Authentication,166,34,-29,920,0,11,0,0,0,0,0,0,720,0
9032,5289121132,Authentication,166,34,-29,920,0,11,0,0,1,0,0,0,720,0
9033,5289126812,Authentication,166,34,-29,920,0,11,0,0,1,0,0,0,720,0
9034,5289132596,Authentication,166,34,-29,920,0,11,0,0,1,0,0,0,720,0
9035,5289366460,Authentication,166,34,-55,920,0,11,0,0,0,0,0,0,0,0
9036,5289375153,Authentication,166,34,-28,920,0,11,0,0,0,0,0,0,720,0
9037,5289381094,Authentication,166,34,-29,920,0,11,0,0,1,0,0,0,720,0
9038,5289387138,Authentication,166,34,-30,920,0,11,0,0,1,0,0,0,720,0
9039,5289392922,Authentication,166,34,-28,920,0,11,0,0,1,0,0,0,720,0
9040,5289531015,S1G Beacon,129,34,-29,920,3,1,,,,,,,0,0
9041,5289621431,Authentication,166,34,-51,920,0,11,0,0,0,0,0,0,0,0
9042,5289635118,Authentication,166,34,-29,920,0,11,0,0,0,0,0,0,720,0
9043,5289640850,Authentication,166,34,-28,920,0,11,0,0,1,0,0,0,720,0
9044,5289646840,Authentication,166,34,-30,920,0,11,0,0,1,0,0,0,720,0
9045,5289652728,Authentication,166,34,-29,920,0,11,0,0,1,0,0,0,720,0
9046,5289857977,Authentication,166,34,-52,920,0,11,0,0,0,0,0,0,0,0
9047,5289875045,Authentication,166,34,-30,920,0,11,0,0,0,0,0,0,720,0
9048,5289881034,Authentication,166,34,-30,920,0,11,0,0,1,0,0,0,720,0
9049,5289886922,Authentication,166,34,-31,920,0,11,0,0,1,0,0,0,720,0
9050,5289892913,Authentication,166,34,-30,920,0,11,0,0,1,0,0,0,720,0
9051,5290120119,Authentication,166,34,-55,920,0,11,0,0,0,0,0,0,0,0
9052,5290135157,Authentication,166,34,-30,920,0,11,0,0,0,0,0,0,720,0
9053,5290141201,Authentication,166,34,-30,920,0,11,0,0,1,0,0,0,720,0
9054,5290147035,Authentication,166,34,-31,920,0,11,0,0,1,0,0,0,720,0
9055,5290152768,Authentication,166,34,-29,920,0,11,0,0,1,0,0,0,720,0
9056,5290199010,Disassociation,64,34,-29,920,0,10,0,0,0,0,0,0,720,0
9057,5290202281,Disassociation,64,34,-30,920,0,10,0,0,1,0,0,0,720,0
9058,5290205238,Disassociation,64,34,-29,920,0,10,0,0,1,0,0,0,720,0
9059,5290208352,Disassociation,64,34,-31,920,0,10,0,0,1,0,0,0,720,0
9060,5290350218,S1G Beacon,61,34,-28,920,3,1,,,,,,,0,0
9061,5290382262,Authentication,166,34,-54,920,0,11,0,0,0,0,0,0,0,0
9062,5290395114,Authentication,166,34,-29,920,0,11,0,0,0,0,0,0,720,0
9063,5290401158,Authentication,166,34,-29,920,0,11,0,0,1,0,0,0,720,0
9064,5290407098,Authentication,166,34,-28,920,0,11,0,0,1,0,0,0,720,0
9065,5290412986,Authentication,166,34,-28,920,0,11,0,0,1,0,0,0,720,0
9066,5290624946,Authentication,166,34,-57,920,0,11,0,0,0,0,0,0,0,0
9067,5290635095,Authentication,166,34,-28,920,0,11,0,0,0,0,0,0,720,0
9068,5290641137,Authentication,166,34,-28,920,0,11,0,0,1,0,0,0,720,0
9069,5290646973,Authentication,166,34,-30,920,0,11,0,0,1,0,0,0,720,0
9070,5290652808,Authentication,166,34,-28,920,0,11,0,0,1,0,0,0,720,0
9071,5290875826,Authentication,166,34,-56,920,0,11,0,0,0,0,0,0,0,0
9072,5290885146,Authentication,166,34,-29,920,0,11,0,0,0,0,0,0,720,0
9073,5290891136,Authentication,166,34,-30,920,0,11,0,0,1,0,0,0,720,0
9074,5290896920,Authentication,166,34,-30,920,0,11,0,0,1,0,0,0,720,0
9075,5290902807,Authentication,166,34,-30,920,0,11,0,0,1,0,0,0,720,0
9076,5291078829,QoS Data,88,34,-21,920,2,8,1,0,0,0,0,1,720,0
9078,5291135920,Authentication,166,34,-55,920,0,11,0,0,0,0,0,0,0,0
9079,5291145135,Authentication,166,34,-29,920,0,11,0,0,0,0,0,0,720,0
9080,5291150815,Authentication,166,34,-31,920,0,11,0,0,1,0,0,0,720,0
9081,5291156600,Authentication,166,34,-29,920,0,11,0,0,1,0,0,0,720,0
9082,5291162435,Authentication,166,34,-29,920,0,11,0,0,1,0,0,0,720,0
9083,5291398063,Authentication,166,34,-51,920,0,11,0,0,0,0,0,0,0,0
9084,5291415128,Authentication,166,34,-29,920,0,11,0,0,0,0,0,0,720,0
9085,5291421067,Authentication,166,34,-30,920,0,11,0,0,1,0,0,0,720,0
9086,5291426953,Authentication,166,34,-28,920,0,11,0,0,1,0,0,0,720,0
9087,5291432839,Authentication,166,34,-28,920,0,11,0,0,1,0,0,0,720,0
9088,5291643819,Authentication,166,34,-51,920,0,11,0,0,0,0,0,0,0,0
9089,5291655114,Authentication,166,34,-27,920,0,11,0,0,0,0,0,0,720,0
9090,5291661103,Authentication,166,34,-27,920,0,11,0,0,1,0,0,0,720,0
9091,5291666886,Authentication,166,34,-28,920,0,11,0,0,1,0,0,0,720,0
9092,5291672670,Authentication,166,34,-28,920,0,11,0,0,1,0,0,0,720,0
9093,5291889579,Authentication,166,34,-51,920,0,11,0,0,0,0,0,0,0,0
9094,5291902119,Authentication,166,34,-26,920,0,11,0,0,0,0,0,0,720,0
9095,5291907800,Authentication,166,34,-28,920,0,11,0,0,1,0,0,0,720,0
9096,5291913480,Authentication,166,34,-27,920,0,11,0,0,1,0,0,0,720,0
9097,5291919317,Authentication,166,34,-27,920,0,11,0,0,1,0,0,0,720,0
9098,5291988628,S1G Beacon,61,34,-27,920,3,1,,,,,,,0,0
9099,5292049694,Data,287,34,-28,920,2,0,0,0,0,0,0,1,0,0
9100,5292151722,Authentication,166,34,-55,920,0,11,0,0,0,0,0,0,0,0
9101,5292166551,Authentication,166,34,-29,920,0,11,0,0,0,0,0,0,720,0
9102,5292172229,Authentication,166,34,-28,920,0,11,0,0,1,0,0,0,720,0
9103,5292178221,Authentication,166,34,-30,920,0,11,0,0,1,0,0,0,720,0
9104,5292184211,Authentication,166,34,-29,920,0,11,0,0,1,0,0,0,720,0
9105,5292413864,Authentication,166,34,-53,920,0,11,0,0,0,0,0,0,0,0
9106,5292423963,Authentication,166,34,-28,920,0,11,0,0,0,0,0,0,720,0
9107,5292429745,Authentication,166,34,-29,920,0,11,0,0,1,0,0,0,720,0
9108,5292435426,Authentication,166,34,-28,920,0,11,0,0,1,0,0,0,720,0
9109,5292441157,Authentication,166,34,-29,920,0,11,0,0,1,0,0,0,720,0
9110,5292661668,Authentication,166,34,-52,920,0,11,0,0,0,0,0,0,0,0
9111,5292676030,Authentication,166,34,-28,920,0,11,0,0,0,0,0,0,720,0
9112,5292681918,Authentication,166,34,-28,920,0,11,0,0,1,0,0,0,720,0
9113,5292687909,Authentication,166,34,-28,920,0,11,0,0,1,0,0,0,720,0
9114,5292693898,Authentication,166,34,-29,920,0,11,0,0,1,0,0,0,720,0
9115,5292751254,QoS Data,148,34,-28,920,2,8,1,0,0,0,0,1,720,0
9117,5292753514,QoS Data,148,34,-32,920,2,8,0,0,0,0,0,1,720,0
9119,5292760297,QoS Data,131,34,-19,920,2,8,1,0,0,0,0,1,720,0
9121,5292762312,QoS Data,131,34,-33,920,2,8,0,0,0,0,0,1,720,0
9123,5292807831,S1G Beacon,129,34,-29,920,3,1,,,,,,,0,0
9124,5292892162,RTS,54,34,-20,920,1,11,,,,0,0,0,2452,0
9126,5292896729,RTS,54,34,-20,920,1,11,,,,0,0,0,2452,0
9129,5292900613,QoS Data,128,34,-34,920,2,8,0,0,0,0,0,1,720,0
9131,5292905381,Authentication,166,34,-55,920,0,11,0,0,0,0,0,0,0,0
9132,5292915116,Authentication,166,34,-29,920,0,11,0,0,0,0,0,0,720,0
9133,5292920898,Authentication,166,34,-30,920,0,11,0,0,1,0,0,0,720,0
9134,5292926680,Authentication,166,34,-28,920,0,11,0,0,1,0,0,0,720,0
9135,5292932517,Authentication,166,34,-29,920,0,11,0,0,1,0,0,0,720,0
9136,5293167523,Authentication,166,34,-52,920,0,11,0,0,0,0,0,0,0,0
9137,5293175124,Authentication,166,34,-27,920,0,11,0,0,0,0,0,0,720,0
9138,5293180960,Authentication,166,34,-28,920,0,11,0,0,1,0,0,0,720,0
9139,5293186846,Authentication,166,34,-29,920,0,11,0,0,1,0,0,0,720,0
9140,5293192680,Authentication,166,34,-29,920,0,11,0,0,1,0,0,0,720,0
9141,5293429665,Authentication,166,34,-55,920,0,11,0,0,0,0,0,0,0,0
9142,5293445120,Authentication,166,34,-29,920,0,11,0,0,0,0,0,0,720,0
9143,5293451164,Authentication,166,34,-29,920,0,11,0,0,1,0,0,0,720,0
9144,5293457049,Authentication,166,34,-29,920,0,11,0,0,1,0,0,0,720,0
9145,5293462938,Authentication,166,34,-29,920,0,11,0,0,1,0,0,0,720,0
9147,5293627034,S1G Beacon,61,34,-30,920,3,1,,,,,,,0,0
9148,5293671326,Authentication,166,34,-52,920,0,11,0,0,0,0,0,0,0,0
9149,5293685116,Authentication,166,34,-29,920,0,11,0,0,0,0,0,0,720,0
9150,5293690899,Authentication,166,34,-29,920,0,11,0,0,1,0,0,0,720,0
9151,5293696577,Authentication,166,34,-29,920,0,11,0,0,1,0,0,0,720,0
9152,5293702359,Authentication,166,34,-30,920,0,11,0,0,1,0,0,0,720,0
9153,5293921181,Authentication,166,34,-55,920,0,11,0,0,0,0,0,0,0,0
9154,5293930865,Authentication,166,34,-27,920,0,11,0,0,0,0,0,0,720,0
9155,5293936753,Authentication,166,34,-29,920,0,11,0,0,1,0,0,0,720,0
9156,5293942642,Authentication,166,34,-27,920,0,11,0,0,1,0,0,0,720,0
9157,5293948529,Authentication,166,34,-27,920,0,11,0,0,1,0,0,0,720,0
9158,5294183324,Authentication,166,34,-52,920,0,11,0,0,0,0,0,0,0,0
9159,5294195345,Authentication,166,34,-28,920,0,11,0,0,0,0,0,0,720,0
9160,5294201284,Authentication,166,34,-27,920,0,11,0,0,1,0,0,0,720,0
9161,5294206962,Authentication,166,34,-28,920,0,11,0,0,1,0,0,0,720,0
9162,5294212799,Authentication,166,34,-27,920,0,11,0,0,1,0,0,0,720,0
9163,5294445466,Authentication,166,34,-55,920,0,11,0,0,0,0,0,0,0,0
9164,5294450031,S1G Beacon,129,34,-27,920,3,1,,,,,,,0,0
9165,5294453982,Authentication,166,34,-27,920,0,11,0,0,0,0,0,0,720,0
9166,5294459815,Authentication,166,34,-29,920,0,11,0,0,1,0,0,0,720,0
9167,5294465805,Authentication,166,34,-28,920,0,11,0,0,1,0,0,0,720,0
9168,5294471485,Authentication,166,34,-28,920,0,11,0,0,1,0,0,0,720,0
9169,5294707608,Authentication,166,34,-55,920,0,11,0,0,0,0,0,0,0,0
9170,5294725038,Authentication,166,34,-28,920,0,11,0,0,0,0,0,0,720,0
9171,5294730770,Authentication,166,34,-29,920,0,11,0,0,1,0,0,0,720,0
9172,5294736554,Authentication,166,34,-27,920,0,11,0,0,1,0,0,0,720,0
9173,5294742495,Authentication,166,34,-28,920,0,11,0,0,1,0,0,0,720,0
9174,5294955413,Authentication,166,34,-52,920,0,11,0,0,0,0,0,0,0,0
9175,5294965304,Authentication,166,34,-28,920,0,11,0,0,0,0,0,0,720,0
9176,5294971244,Authentication,166,34,-28,920,0,11,0,0,1,0,0,0,720,0
9177,5294976977,Authentication,166,34,-27,920,0,11,0,0,1,0,0,0,720,0
9178,5294982968,Authentication,166,34,-29,920,0,11,0,0,1,0,0,0,720,0
9179,5295073721,Data,287,34,-28,920,2,0,0,0,0,0,0,1,0,0
9180,5295199125,Authentication,166,34,-54,920,0,11,0,0,0,0,0,0,0,0
9181,5295212966,Authentication,166,34,-27,920,0,11,0,0,0,0,0,0,720,0
9182,5295218904,Authentication,166,34,-27,920,0,11,0,0,1,0,0,0,720,0
9183,5295224946,Authentication,166,34,-28,920,0,11,0,0,1,0,0,0,720,0
9184,5295230679,Authentication,166,34,-26,920,0,11,0,0,1,0,0,0,720,0
9185,5295265439,S1G Beacon,61,34,-27,920,3,1,,,,,,,0,0
9186,5295461267,Authentication,166,34,-52,920,0,11,0,0,0,0,0,0,0,0
9187,5295475111,Authentication,166,34,-28,920,0,11,0,0,0,0,0,0,720,0
9188,5295480997,Authentication,166,34,-28,920,0,11,0,0,1,0,0,0,720,0
9189,5295487039,Authentication,166,34,-28,920,0,11,0,0,1,0,0,0,720,0
9190,5295492876,Authentication,166,34,-28,920,0,11,0,0,1,0,0,0,720,0
9191,5295723409,Authentication,166,34,-52,920,0,11,0,0,0,0,0,0,0,0
9192,5295735380,Authentication,166,34,-26,920,0,11,0,0,0,0,0,0,720,0
9193,5295741164,Authentication,166,34,-28,920,0,11,0,0,1,0,0,0,720,0
9194,5295746897,Authentication,166,34,-28,920,0,11,0,0,1,0,0,0,720,0
9195,5295752837,Authentication,166,34,-27,920,0,11,0,0,1,0,0,0,720,0
9196,5295965071,Authentication,166,34,-55,920,0,11,0,0,0,0,0,0,0,0
9197,5295975118,Authentication,166,34,-27,920,0,11,0,0,0,0,0,0,720,0
9198,5295981160,Authentication,166,34,-27,920,0,11,0,0,1,0,0,0,720,0
9199,5295986839,Authentication,166,34,-27,920,0,11,0,0,1,0,0,0,720,0
9200,5295992882,Authentication,166,34,-27,920,0,11,0,0,1,0,0,0,720,0
9201,5296084644,S1G Beacon,129,34,-26,920,3,1,,,,,,,0,0
9202,5296214926,Authentication,166,34,-56,920,0,11,0,0,0,0,0,0,0,0
9203,5296225077,Authentication,166,34,-27,920,0,11,0,0,0,0,0,0,720,0
9204,5296230808,Authentication,166,34,-27,920,0,11,0,0,1,0,0,0,720,0
9205,5296236644,Authentication,166,34,-28,920,0,11,0,0,1,0,0,0,720,0
9206,5296242323,Authentication,166,34,-28,920,0,11,0,0,1,0,0,0,720,0
9207,5296477068,Authentication,166,34,-53,920,0,11,0,0,0,0,0,0,0,0
9208,5296494965,Authentication,166,34,-28,920,0,11,0,0,0,0,0,0,720,0
9209,5296500748,Authentication,166,34,-29,920,0,11,0,0,1,0,0,0,720,0
9210,5296506739,Authentication,166,34,-28,920,0,11,0,0,1,0,0,0,720,0
9211,5296512469,Authentication,166,34,-28,920,0,11,0,0,1,0,0,0,720,0
9212,5296739210,Authentication,166,34,-55,920,0,11,0,0,0,0,0,0,0,0
9213,5296755083,Authentication,166,34,-29,920,0,11,0,0,0,0,0,0,720,0
9214,5296760814,Authentication,166,34,-30,920,0,11,0,0,1,0,0,0,720,0
9215,5296766494,Authentication,166,34,-30,920,0,11,0,0,1,0,0,0,720,0
9216,5296772539,Authentication,166,34,-28,920,0,11,0,0,1,0,0,0,720,0
9217,5296903847,S1G Beacon,61,34,-28,920,3,1,,,,,,,0,0
9218,5296979848,Authentication,166,34,-55,920,0,11,0,0,0,0,0,0,0,0
9219,5296995093,Authentication,166,34,-26,920,0,11,0,0,0,0,0,0,720,0
9220,5297000772,Authentication,166,34,-28,920,0,11,0,0,1,0,0,0,720,0
9221,5297006660,Authentication,166,34,-26,920,0,11,0,0,1,0,0,0,720,0
9222,5297012653,Authentication,166,34,-27,920,0,11,0,0,1,0,0,0,720,0
9223,5297243013,Authentication,166,34,-55,920,0,11,0,0,0,0,0,0,0,0
9224,5297492869,Authentication,166,34,-56,920,0,11,0,0,0,0,0,0,0,0
9225,5297502136,Authentication,166,34,-27,920,0,11,0,0,0,0,0,0,720,0
9226,5297508024,Authentication,166,34,-26,920,0,11,0,0,1,0,0,0,720,0
9227,5297513487,QoS Data,88,34,-29,920,2,8,1,0,0,0,0,1,720,0
9229,5297515570,Authentication,166,34,-27,920,0,11,0,0,1,0,0,0,720,0
9230,5297521404,Authentication,166,34,-27,920,0,11,0,0,1,0,0,0,720,0
9231,5297723051,S1G Beacon,129,34,-27,920,3,1,,,,,,,0,0
9232,5297755012,Authentication,166,34,-55,920,0,11,0,0,0,0,0,0,0,0
9233,5297771350,QoS Data,149,34,-28,920,2,8,1,0,0,0,0,1,720,0
9235,5297774130,QoS Data,149,34,-32,920,2,8,0,0,0,0,0,1,720,0
9237,5297784237,QoS Data,131,34,-19,920,2,8,1,0,1,0,0,1,720,0
9239,5297786305,QoS Data,131,34,-33,920,2,8,0,0,0,0,0,1,720,0
9241,5297883790,QoS Data,128,34,-29,920,2,8,1,0,0,0,0,1,720,0
9243,5297886221,QoS Data,128,34,-34,920,2,8,0,0,0,0,0,1,720,0
9245,5298006910,Authentication,166,34,-52,920,0,11,0,0,0,0,0,0,0,0
9246,5298015083,Authentication,166,34,-30,920,0,11,0,0,0,0,0,0,720,0
9247,5298021021,Authentication,166,34,-29,920,0,11,0,0,1,0,0,0,720,0
9248,5298026753,Authentication,166,34,-30,920,0,11,0,0,1,0,0,0,720,0
9249,5298032431,Authentication,166,34,-28,920,0,11,0,0,1,0,0,0,720,0
9250,5298097651,Data,287,34,-28,920,2,0,0,0,0,0,0,1,0,0
9251,5298254719,Authentication,166,34,-53,920,0,11,0,0,0,0,0,0,0,0
9252,5298265339,Authentication,166,34,-28,920,0,11,0,0,0,0,0,0,720,0
9253,5298271278,Authentication,166,34,-29,920,0,11,0,0,1,0,0,0,720,0
9254,5298277112,Authentication,166,34,-29,920,0,11,0,0,1,0,0,0,720,0
9255,5298283051,Authentication,166,34,-28,920,0,11,0,0,1,0,0,0,720,0
9256,5298508671,Authentication,166,34,-52,920,0,11,0,0,0,0,0,0,0,0
9257,5298525061,Authentication,166,34,-31,920,0,11,0,0,0,0,0,0,720,0
9258,5298530949,Authentication,166,34,-30,920,0,11,0,0,1,0,0,0,720,0
9259,5298536940,Authentication,166,34,-29,920,0,11,0,0,1,0,0,0,720,0
9260,5298542462,S1G Beacon,61,34,-30,920,3,1,,,,,,,0,0
9261,5298544559,Authentication,166,34,-30,920,0,11,0,0,1,0,0,0,720,0
9262,5298770813,Authentication,166,34,-55,920,0,11,0,0,0,0,0,0,0,0
9263,5298785070,Authentication,166,34,-28,920,0,11,0,0,0,0,0,0,720,0
9264,5298790750,Authentication,166,34,-29,920,0,11,0,0,1,0,0,0,720,0
9265,5298796587,Authentication,166,34,-30,920,0,11,0,0,1,0,0,0,720,0
9266,5298802632,Authentication,166,34,-30,920,0,11,0,0,1,0,0,0,720,0
9267,5299024760,Authentication,166,34,-55,920,0,11,0,0,0,0,0,0,0,0
9268,5299035274,Authentication,166,34,-29,920,0,11,0,0,0,0,0,0,720,0
9269,5299041267,Authentication,166,34,-30,920,0,11,0,0,1,0,0,0,720,0
9270,5299047052,Authentication,166,34,-29,920,0,11,0,0,1,0,0,0,720,0
9271,5299052940,Authentication,166,34,-30,920,0,11,0,0,1,0,0,0,720,0
9272,5299268472,Authentication,166,34,-52,920,0,11,0,0,0,0,0,0,0,0
9273,5299285072,Authentication,166,34,-30,920,0,11,0,0,0,0,0,0,720,0
9274,5299290749,Authentication,166,34,-31,920,0,11,0,0,1,0,0,0,720,0
9275,5299296533,Authentication,166,34,-30,920,0,11,0,0,1,0,0,0,720,0
9276,5299302526,Authentication,166,34,-30,920,0,11,0,0,1,0,0,0,720,0
9277,5299361457,S1G Beacon,129,34,-31,920,3,1,,,,,,,0,0
9278,5299524471,Authentication,166,34,-55,920,0,11,0,0,0,0,0,0,0,0
9279,5299535037,Authentication,166,34,-31,920,0,11,0,0,0,0,0,0,720,0
9280,5299540925,Authentication,166,34,-31,920,0,11,0,0,1,0,0,0,720,0
9281,5299546814,Authentication,166,34,-30,920,0,11,0,0,1,0,0,0,720,0
9282,5299552651,Authentication,166,34,-30,920,0,11,0,0,1,0,0,0,720,0
9283,5299786613,Authentication,166,34,-56,920,0,11,0,0,0,0,0,0,0,0
9284,5299795049,Authentication,166,34,-31,920,0,11,0,0,0,0,0,0,720,0
9285,5299800991,Authentication,166,34,-30,920,0,11,0,0,1,0,0,0,720,0
9286,5299806775,Authentication,166,34,-31,920,0,11,0,0,1,0,0,0,720,0
9287,5299812714,Authentication,166,34,-31,920,0,11,0,0,1,0,0,0,720,0
9289,5300033394,Authentication,166,34,-53,920,0,11,0,0,0,0,0,0,0,0
9290,5300045052,Authentication,166,34,-31,920,0,11,0,0,0,0,0,0,720,0
9291,5300050733,Authentication,166,34,-30,920,0,11,0,0,1,0,0,0,720,0
9292,5300056463,Authentication,166,34,-30,920,0,11,0,0,1,0,0,0,720,0
9293,5300062508,Authentication,166,34,-31,920,0,11,0,0,1,0,0,0,720,0
9294,5300180660,S1G Beacon,61,34,-30,920,3,1,,,,,,,0,0
9295,5300286322,Authentication,166,34,-51,920,0,11,0,0,0,0,0,0,0,0
9296,5300295067,Authentication,166,34,-30,920,0,11,0,0,0,0,0,0,720,0
9297,5300300745,Authentication,166,34,-30,920,0,11,0,0,1,0,0,0,720,0
9298,5300306529,Authentication,166,34,-30,920,0,11,0,0,1,0,0,0,720,0
9299,5300312364,Authentication,166,34,-30,920,0,11,0,0,1,0,0,0,720,0
9300,5300540272,Authentication,166,34,-53,920,0,11,0,0,0,0,0,0,0,0
9301,5300555104,Authentication,166,34,-30,920,0,11,0,0,0,0,0,0,720,0
9302,5300560836,Authentication,166,34,-31,920,0,11,0,0,1,0,0,0,720,0
9303,5300566515,Authentication,166,34,-31,920,0,11,0,0,1,0,0,0,720,0
9304,5300572247,Authentication,166,34,-30,920,0,11,0,0,1,0,0,0,720,0
9305,5300802415,Authentication,166,34,-52,920,0,11,0,0,0,0,0,0,0,0
9306,5300815061,Authentication,166,34,-30,920,0,11,0,0,0,0,0,0,720,0
9307,5300820792,Authentication,166,34,-31,920,0,11,0,0,1,0,0,0,720,0
9308,5300826835,Authentication,166,34,-30,920,0,11,0,0,1,0,0,0,720,0
9309,5300832671,Authentication,166,34,-30,920,0,11,0,0,1,0,0,0,720,0
9310,5300999862,S1G Beacon,129,34,-31,920,3,1,,,,,,,0,0
9311,5301053290,Authentication,166,34,-53,920,0,11,0,0,0,0,0,0,0,0
9312,5301063700,Authentication,166,34,-31,920,0,11,0,0,0,0,0,0,720,0
9313,5301069744,Authentication,166,34,-32,920,0,11,0,0,1,0,0,0,720,0
9314,5301075477,Authentication,166,34,-30,920,0,11,0,0,1,0,0,0,720,0
9315,5301081468,Authentication,166,34,-30,920,0,11,0,0,1,0,0,0,720,0
9316,5301121571,Data,287,34,-32,920,2,0,0,0,0,0,0,1,0,0
9317,5301302122,Authentication,166,34,-56,920,0,11,0,0,0,0,0,0,0,0
9318,5301315081,Authentication,166,34,-31,920,0,11,0,0,0,0,0,0,720,0
9319,5301320761,Authentication,166,34,-30,920,0,11,0,0,1,0,0,0,720,0
9320,5301326700,Authentication,166,34,-30,920,0,11,0,0,1,0,0,0,720,0
9321,5301332537,Authentication,166,34,-31,920,0,11,0,0,1,0,0,0,720,0
9322,5301556074,Authentication,166,34,-55,920,0,11,0,0,0,0,0,0,0,0
9323,5301565756,Authentication,166,34,-31,920,0,11,0,0,0,0,0,0,720,0
9324,5301571697,Authentication,166,34,-30,920,0,11,0,0,1,0,0,0,720,0
9325,5301577741,Authentication,166,34,-30,920,0,11,0,0,1,0,0,0,720,0
9326,5301583523,Authentication,166,34,-31,920,0,11,0,0,1,0,0,0,720,0
9327,5301818216,Authentication,166,34,-53,920,0,11,0,0,0,0,0,0,0,0
9328,5301822809,S1G Beacon,61,34,-31,920,3,1,,,,,,,0,0
9329,5301834895,Authentication,166,34,-30,920,0,11,0,0,0,0,0,0,720,0
9330,5301840729,Authentication,166,34,-31,920,0,11,0,0,1,0,0,0,720,0
9331,5301846409,Authentication,166,34,-31,920,0,11,0,0,1,0,0,0,720,0
9332,5301852244,Authentication,166,34,-31,920,0,11,0,0,1,0,0,0,720,0
9333,5302060900,Authentication,166,34,-53,920,0,11,0,0,0,0,0,0,0,0
9334,5302068296,Authentication,166,34,-30,920,0,11,0,0,0,0,0,0,720,0
9335,5302074028,Authentication,166,34,-30,920,0,11,0,0,1,0,0,0,720,0
9336,5302080073,Authentication,166,34,-30,920,0,11,0,0,1,0,0,0,720,0
9337,5302086066,Authentication,166,34,-30,920,0,11,0,0,1,0,0,0,720,0
9338,5302310756,Authentication,166,34,-56,920,0,11,0,0,0,0,0,0,0,0
9339,5302325068,Authentication,166,34,-30,920,0,11,0,0,0,0,0,0,720,0
9340,5302330904,Authentication,166,34,-30,920,0,11,0,0,1,0,0,0,720,0
9341,5302336894,Authentication,166,34,-30,920,0,11,0,0,1,0,0,0,720,0
9342,5302342937,Authentication,166,34,-31,920,0,11,0,0,1,0,0,0,720,0
9343,5302571875,Authentication,166,34,-55,920,0,11,0,0,0,0,0,0,0,0
9344,5302638271,S1G Beacon,129,34,-31,920,3,1,,,,,,,0,0
9345,5302753867,Data,378,34,-31,920,2,0,0,0,0,0,0,1,0,0
9346,5302791601,QoS Data,149,34,-27,920,2,8,1,0,0,0,0,1,720,0
9348,5302794223,QoS Data,149,34,-37,920,2,8,0,0,0,0,0,1,720,0
9350,5302800956,QoS Data,131,34,-20,920,2,8,1,0,0,0,0,1,720,0
9352,5302803647,QoS Data,131,34,-36,920,2,8,0,0,0,0,0,1,720,0
9354,5302834017,Authentication,166,34,-55,920,0,11,0,0,0,0,0,0,0,0
9355,5302845155,Authentication,166,34,-31,920,0,11,0,0,0,0,0,0,720,0
9356,5302850937,Authentication,166,34,-33,920,0,11,0,0,1,0,0,0,720,0
9357,5302856773,Authentication,166,34,-31,920,0,11,0,0,1,0,0,0,720,0
9358,5302863075,Data,387,34,-33,920,2,0,0,0,0,0,0,1,0,0
9359,5302873544,Authentication,166,34,-32,920,0,11,0,0,1,0,0,0,720,0
9360,5302883532,QoS Data,128,34,-28,920,2,8,1,0,0,0,0,1,720,0
9362,5302886016,QoS Data,128,34,-37,920,2,8,0,0,0,0,0,1,720,0
9364,5302961559,Data,450,34,-33,920,2,0,0,0,0,0,0,1,0,0
9365,5303065589,Data,442,34,-34,920,2,0,0,0,0,0,0,1,0,0
9366,5303169682,Data,387,34,-33,920,2,0,0,0,0,0,0,1,0,0
9367,5303273907,Data,426,34,-31,920,2,0,0,0,0,0,0,1,0,0
9368,5303325534,Authentication,166,34,-56,920,0,11,0,0,0,0,0,0,0,0
9369,5303335060,Authentication,166,34,-30,920,0,11,0,0,0,0,0,0,720,0
9370,5303340999,Authentication,166,34,-31,920,0,11,0,0,1,0,0,0,720,0
9371,5303346782,Authentication,166,34,-31,920,0,11,0,0,1,0,0,0,720,0
9372,5303352826,Authentication,166,34,-31,920,0,11,0,0,1,0,0,0,720,0
9373,5303377695,Data,458,34,-30,920,2,0,0,0,0,0,0,1,0,0
9374,5303457475,S1G Beacon,61,34,-31,920,3,1,,,,,,,0,0
9375,5303481725,Data,387,34,-31,920,2,0,0,0,0,0,0,1,0,0
9376,5303585585,Data,446,34,-30,920,2,0,0,0,0,0,0,1,0,0
9377,5303689652,Data,440,34,-30,920,2,0,0,0,0,0,0,1,0,0
9378,5303793663,Data,387,34,-32,920,2,0,0,0,0,0,0,1,0,0
9379,5303849818,Authentication,166,34,-53,920,0,11,0,0,0,0,0,0,0,0
9380,5303865064,Authentication,166,34,-31,920,0,11,0,0,0,0,0,0,720,0
9381,5303871005,Authentication,166,34,-32,920,0,11,0,0,1,0,0,0,720,0
9382,5303877047,Authentication,166,34,-31,920,0,11,0,0,1,0,0,0,720,0
9383,5303882831,Authentication,166,34,-32,920,0,11,0,0,1,0,0,0,720,0
9384,5303897505,Data,442,34,-31,920,2,0,0,0,0,0,0,1,0,0
9385,5304001804,Data,452,34,-33,920,2,0,0,0,0,0,0,1,0,0
9386,5304082264,Authentication,166,34,-52,920,0,11,0,0,0,0,0,0,0,0
9387,5304095377,Authentication,166,34,-30,920,0,11,0,0,0,0,0,0,720,0
9388,5304101265,Authentication,166,34,-31,920,0,11,0,0,1,0,0,0,720,0
9389,5304107257,Authentication,166,34,-30,920,0,11,0,0,1,0,0,0,720,0
9390,5304113250,Authentication,166,34,-31,920,0,11,0,0,1,0,0,0,720,0
9391,5304145605,Data,287,34,-31,920,2,0,0,0,0,0,0,1,0,0
9392,5304156566,Disassociation,64,34,-31,920,0,10,0,0,0,0,0,0,720,0
9393,5304159889,Disassociation,64,34,-31,920,0,10,0,0,1,0,0,0,720,0
9394,5304163004,Disassociation,64,34,-32,920,0,10,0,0,1,0,0,0,720,0
9395,5304166222,Disassociation,64,34,-30,920,0,10,0,0,1,0,0,0,720,0
9396,5304276677,S1G Beacon,129,34,-31,920,3,1,,,,,,,0,0
9397,5304341335,Authentication,166,34,-51,920,0,11,0,0,0,0,0,0,0,0
9398,5304355022,Authentication,166,34,-31,920,0,11,0,0,0,0,0,0,720,0
9399,5304360859,Authentication,166,34,-31,920,0,11,0,0,1,0,0,0,720,0
9400,5304366904,Authentication,166,34,-32,920,0,11,0,0,1,0,0,0,720,0
9401,5304372636,Authentication,166,34,-31,920,0,11,0,0,1,0,0,0,720,0
9402,5304603477,Authentication,166,34,-53,920,0,11,0,0,0,0,0,0,0,0
9403,5304615084,Authentication,166,34,-31,920,0,11,0,0,0,0,0,0,720,0
9404,5304620816,Authentication,166,34,-31,920,0,11,0,0,1,0,0,0,720,0
9405,5304626755,Authentication,166,34,-31,920,0,11,0,0,1,0,0,0,720,0
9406,5304632800,Authentication,166,34,-31,920,0,11,0,0,1,0,0,0,720,0
9407,5304848210,Authentication,166,34,-52,920,0,11,0,0,0,0,0,0,0,0
9408,5304865223,Authentication,166,34,-34,920,0,11,0,0,0,0,0,0,720,0
9409,5304871111,Authentication,166,34,-34,920,0,11,0,0,1,0,0,0,720,0
9410,5304877155,Authentication,166,34,-33,920,0,11,0,0,1,0,0,0,720,0
9411,5304882938,Authentication,166,34,-34,920,0,11,0,0,1,0,0,0,720,0
9412,5305094993,Authentication,166,34,-52,920,0,11,0,0,0,0,0,0,0,0
9413,5305099572,S1G Beacon,61,34,-32,920,3,1,,,,,,,0,0
9414,5305103129,Authentication,166,34,-31,920,0,11,0,0,0,0,0,0,720,0
9415,5305109171,Authentication,166,34,-32,920,0,11,0,0,1,0,0,0,720,0
9416,5305115006,Authentication,166,34,-32,920,0,11,0,0,1,0,0,0,720,0
9417,5305120738,Authentication,166,34,-31,920,0,11,0,0,1,0,0,0,720,0
9418,5305357135,Authentication,166,34,-52,920,0,11,0,0,0,0,0,0,0,0
9419,5305374980,Authentication,166,34,-29,920,0,11,0,0,0,0,0,0,720,0
9420,5305380918,Authentication,166,34,-31,920,0,11,0,0,1,0,0,0,720,0
9421,5305386650,Authentication,166,34,-31,920,0,11,0,0,1,0,0,0,720,0
9422,5305392433,Authentication,166,34,-30,920,0,11,0,0,1,0,0,0,720,0
9423,5305614155,Authentication,166,34,-55,920,0,11,0,0,0,0,0,0,0,0
9424,5305625031,Authentication,166,34,-33,920,0,11,0,0,0,0,0,0,720,0
9425,5305630868,Authentication,166,34,-34,920,0,11,0,0,1,0,0,0,720,0
9426,5305636912,Authentication,166,34,-33,920,0,11,0,0,1,0,0,0,720,0
9427,5305642904,Authentication,166,34,-34,920,0,11,0,0,1,0,0,0,720,0
9428,5305856844,Authentication,166,34,-52,920,0,11,0,0,0,0,0,0,0,0
9429,5305875002,Authentication,166,34,-34,920,0,11,0,0,0,0,0,0,720,0
9430,5305880785,Authentication,166,34,-34,920,0,11,0,0,1,0,0,0,720,0
9431,5305886465,Authentication,166,34,-35,920,0,11,0,0,1,0,0,0,720,0
9432,5305892146,Authentication,166,34,-34,920,0,11,0,0,1,0,0,0,720,0
9433,5305915082,S1G Beacon,129,34,-34,920,3,1,,,,,,,0,0
9434,5306110794,Authentication,166,34,-56,920,0,11,0,0,0,0,0,0,0,0
9435,5306125051,Authentication,166,34,-34,920,0,11,0,0,0,0,0,0,720,0
9436,5306131096,Authentication,166,34,-33,920,0,11,0,0,1,0,0,0,720,0
9437,5306137086,Authentication,166,34,-33,920,0,11,0,0,1,0,0,0,720,0
9438,5306143027,Authentication,166,34,-33,920,0,11,0,0,1,0,0,0,720,0
9439,5306372937,Authentication,166,34,-52,920,0,11,0,0,0,0,0,0,0,0
9440,5306385062,Authentication,166,34,-32,920,0,11,0,0,0,0,0,0,720,0
9441,5306390846,Authentication,166,34,-31,920,0,11,0,0,1,0,0,0,720,0
9442,5306396734,Authentication,166,34,-33,920,0,11,0,0,1,0,0,0,720,0
9443,5306402466,Authentication,166,34,-34,920,0,11,0,0,1,0,0,0,720,0
9444,5306630980,Authentication,166,34,-56,920,0,11,0,0,0,0,0,0,0,0
9445,5306643626,Authentication,166,34,-33,920,0,11,0,0,0,0,0,0,720,0
9446,5306649514,Authentication,166,34,-31,920,0,11,0,0,1,0,0,0,720,0
9447,5306655454,Authentication,166,34,-32,920,0,11,0,0,1,0,0,0,720,0
9448,5306661237,Authentication,166,34,-32,920,0,11,0,0,1,0,0,0,720,0
9449,5306734286,S1G Beacon,61,34,-31,920,3,1,,,,,,,0,0
9450,5306875716,Authentication,166,34,-55,920,0,11,0,0,0,0,0,0,0,0
9451,5307126596,Authentication,166,34,-55,920,0,11,0,0,0,0,0,0,0,0
9452,5307135030,Authentication,166,34,-32,920,0,11,0,0,0,0,0,0,720,0
9453,5307140710,Authentication,166,34,-32,920,0,11,0,0,1,0,0,0,720,0
9454,5307146440,Authentication,166,34,-33,920,0,11,0,0,1,0,0,0,720,0
9455,5307152433,Authentication,166,34,-33,920,0,11,0,0,1,0,0,0,720,0
9456,5307169605,Data,287,34,-32,920,2,0,0,0,0,0,0,1,0,0
9457,5307388738,Authentication,166,34,-55,920,0,11,0,0,0,0,0,0,0,0
9458,5307402112,Authentication,166,34,-31,920,0,11,0,0,0,0,0,0,720,0
9459,5307408052,Authentication,166,34,-31,920,0,11,0,0,1,0,0,0,720,0
9460,5307414041,Authentication,166,34,-31,920,0,11,0,0,1,0,0,0,720,0
9461,5307419722,Authentication,166,34,-31,920,0,11,0,0,1,0,0,0,720,0
9462,5307553490,S1G Beacon,129,34,-32,920,3,1,,,,,,,0,0
9463,5307650880,Authentication,166,34,-52,920,0,11,0,0,0,0,0,0,0,0
9464,5307665243,Authentication,166,34,-30,920,0,11,0,0,0,0,0,0,720,0
9465,5307671287,Authentication,166,34,-31,920,0,11,0,0,1,0,0,0,720,0
9466,5307677068,Authentication,166,34,-31,920,0,11,0,0,1,0,0,0,720,0
9467,5307683112,Authentication,166,34,-31,920,0,11,0,0,1,0,0,0,720,0
9468,5307833048,RTS,54,34,-20,920,1,11,,,,0,0,0,2488,0
9470,5307838535,RTS,54,34,-18,920,1,11,,,,0,0,0,2488,0
9472,5307842776,RTS,54,34,-20,920,1,11,,,,0,0,0,2524,0
9474,5307848193,RTS,54,34,-18,920,1,11,,,,0,0,0,2524,0
9476,5307849817,QoS Data,149,34,-21,920,2,8,1,0,1,0,0,1,720,0
9477,5307853716,RTS,54,34,-19,920,1,11,,,,0,0,0,2632,0
9479,5307859451,RTS,54,34,-20,920,1,11,,,,0,0,0,2632,0
9481,5307861074,QoS Data,149,34,-22,920,2,8,1,0,1,0,0,1,720,0
9483,5307863721,QoS Data,149,34,-35,920,2,8,0,0,0,0,0,1,720,0
9485,5307871648,QoS Data,131,34,-18,920,2,8,1,0,0,0,0,1,720,0
9487,5307874391,QoS Data,131,34,-35,920,2,8,0,0,0,0,0,1,720,0
9489,5307883528,QoS Data,128,34,-27,920,2,8,1,0,0,0,0,1,720,0
9491,5307885701,QoS Data,128,34,-36,920,2,8,0,0,0,0,0,1,720,0
9493,5307888446,Authentication,166,34,-52,920,0,11,0,0,0,0,0,0,0,0
9494,5307902652,Authentication,166,34,-31,920,0,11,0,0,0,0,0,0,720,0
9495,5307908383,Authentication,166,34,-31,920,0,11,0,0,1,0,0,0,720,0
9496,5307914218,Authentication,166,34,-32,920,0,11,0,0,1,0,0,0,720,0
9497,5307920158,Authentication,166,34,-31,920,0,11,0,0,1,0,0,0,720,0
9498,5308142396,Authentication,166,34,-55,920,0,11,0,0,0,0,0,0,0,0
9499,5308155042,Authentication,166,34,-30,920,0,11,0,0,0,0,0,0,720,0
9500,5308160722,Authentication,166,34,-30,920,0,11,0,0,1,0,0,0,720,0
9501,5308166713,Authentication,166,34,-30,920,0,11,0,0,1,0,0,0,720,0
9502,5308172496,Authentication,166,34,-30,920,0,11,0,0,1,0,0,0,720,0
9503,5308372696,S1G Beacon,61,34,-28,920,3,1,,,,,,,0,0
9504,5308404539,Authentication,166,34,-51,920,0,11,0,0,0,0,0,0,0,0
9505,5308666682,Authentication,166,34,-51,920,0,11,0,0,0,0,0,0,0,0
9506,5308675014,Authentication,166,34,-25,920,0,11,0,0,0,0,0,0,720,0
9507,5308680797,Authentication,166,34,-24,920,0,11,0,0,1,0,0,0,720,0
9508,5308686630,Authentication,166,34,-25,920,0,11,0,0,1,0,0,0,720,0
9509,5308692310,Authentication,166,34,-23,920,0,11,0,0,1,0,0,0,720,0
9510,5308905782,Authentication,166,34,-53,920,0,11,0,0,0,0,0,0,0,0
9511,5309158198,Authentication,166,34,-51,920,0,11,0,0,0,0,0,0,0,0
9512,5309174951,Authentication,166,34,-30,920,0,11,0,0,0,0,0,0,720,0
9513,5309180996,Authentication,166,34,-28,920,0,11,0,0,1,0,0,0,720,0
9514,5309186987,Authentication,166,34,-29,920,0,11,0,0,1,0,0,0,720,0
9515,5309192574,S1G Beacon,129,34,-29,920,3,1,,,,,,,0,0
9516,5309196527,Authentication,166,34,-28,920,0,11,0,0,1,0,0,0,720,0
9517,5309420340,Authentication,166,34,-52,920,0,11,0,0,0,0,0,0,0,0
9518,5309435065,Authentication,166,34,-33,920,0,11,0,0,0,0,0,0,720,0
9519,5309440796,Authentication,166,34,-34,920,0,11,0,0,1,0,0,0,720,0
9520,5309446684,Authentication,166,34,-33,920,0,11,0,0,1,0,0,0,720,0
9521,5309452415,Authentication,166,34,-34,920,0,11,0,0,1,0,0,0,720,0
9522,5309672751,Authentication,166,34,-52,920,0,11,0,0,0,0,0,0,0,0
9523,5309685033,Authentication,166,34,-34,920,0,11,0,0,0,0,0,0,720,0
9524,5309691025,Authentication,166,34,-33,920,0,11,0,0,1,0,0,0,720,0
9525,5309696756,Authentication,166,34,-34,920,0,11,0,0,1,0,0,0,720,0
9526,5309702540,Authentication,166,34,-33,920,0,11,0,0,1,0,0,0,720,0
9527,5309923119,Authentication,166,34,-55,920,0,11,0,0,0,0,0,0,0,0
9528,5309935193,Authentication,166,34,-30,920,0,11,0,0,0,0,0,0,720,0
9529,5309940925,Authentication,166,34,-28,920,0,11,0,0,1,0,0,0,720,0
9530,5309946711,Authentication,166,34,-29,920,0,11,0,0,1,0,0,0,720,0
9531,5309952442,Authentication,166,34,-30,920,0,11,0,0,1,0,0,0,720,0
9532,5310011100,S1G Beacon,61,34,-29,920,3,1,,,,,,,0,0
9533,5310173999,Authentication,166,34,-56,920,0,11,0,0,0,0,0,0,0,0
9534,5310193587,Data,287,34,-29,920,2,0,0,0,0,0,0,1,0,0
9536,5310436141,Authentication,166,34,-56,920,0,11,0,0,0,0,0,0,0,0
9537,5310695207,Authentication,166,34,-57,920,0,11,0,0,0,0,0,0,0,0
9538,5310702241,Authentication,166,34,-28,920,0,11,0,0,0,0,0,0,720,0
9539,5310708128,Authentication,166,34,-29,920,0,11,0,0,1,0,0,0,720,0
9540,5310713860,Authentication,166,34,-29,920,0,11,0,0,1,0,0,0,720,0
9541,5310719798,Authentication,166,34,-29,920,0,11,0,0,1,0,0,0,720,0
9542,5310830305,S1G Beacon,129,34,-31,920,3,1,,,,,,,0,0
9543,5310947112,Authentication,166,34,-55,920,0,11,0,0,0,0,0,0,0,0
9544,5310955026,Authentication,166,34,-31,920,0,11,0,0,0,0,0,0,720,0
9545,5310960860,Authentication,166,34,-31,920,0,11,0,0,1,0,0,0,720,0
9546,5310966799,Authentication,166,34,-31,920,0,11,0,0,1,0,0,0,720,0
9547,5310972738,Authentication,166,34,-31,920,0,11,0,0,1,0,0,0,720,0
9548,5311189800,Authentication,166,34,-56,920,0,11,0,0,0,0,0,0,0,0
9549,5311204995,Authentication,166,34,-31,920,0,11,0,0,0,0,0,0,720,0
9550,5311210831,Authentication,166,34,-31,920,0,11,0,0,1,0,0,0,720,0
9551,5311216510,Authentication,166,34,-32,920,0,11,0,0,1,0,0,0,720,0
9552,5311222447,Authentication,166,34,-33,920,0,11,0,0,1,0,0,0,720,0
9553,5311451942,Authentication,166,34,-52,920,0,11,0,0,0,0,0,0,0,0
9554,5311465212,Authentication,166,34,-32,920,0,11,0,0,0,0,0,0,720,0
9555,5311471046,Authentication,166,34,-33,920,0,11,0,0,1,0,0,0,720,0
9556,5311477038,Authentication,166,34,-31,920,0,11,0,0,1,0,0,0,720,0
9557,5311482978,Authentication,166,34,-32,920,0,11,0,0,1,0,0,0,720,0
9558,5311649507,S1G Beacon,61,34,-32,920,3,1,,,,,,,0,0
9559,5311714084,Authentication,166,34,-53,920,0,11,0,0,0,0,0,0,0,0
9560,5311949602,Authentication,166,34,-55,920,0,11,0,0,0,0,0,0,0,0
9561,5311965003,Authentication,166,34,-32,920,0,11,0,0,0,0,0,0,720,0
9562,5311970785,Authentication,166,34,-32,920,0,11,0,0,1,0,0,0,720,0
9563,5311976776,Authentication,166,34,-31,920,0,11,0,0,1,0,0,0,720,0
9564,5311982664,Authentication,166,34,-32,920,0,11,0,0,1,0,0,0,720,0
9565,5312205601,Authentication,166,34,-55,920,0,11,0,0,0,0,0,0,0,0
9566,5312215023,Authentication,166,34,-31,920,0,11,0,0,0,0,0,0,720,0
9567,5312220704,Authentication,166,34,-31,920,0,11,0,0,1,0,0,0,720,0
9568,5312226695,Authentication,166,34,-32,920,0,11,0,0,1,0,0,0,720,0
9569,5312232375,Authentication,166,34,-31,920,0,11,0,0,1,0,0,0,720,0
9570,5312467744,Authentication,166,34,-51,920,0,11,0,0,0,0,0,0,0,0
9571,5312472350,S1G Beacon,129,34,-31,920,3,1,,,,,,,0,0
9572,5312476248,Authentication,166,34,-32,920,0,11,0,0,0,0,0,0,720,0
9573,5312482291,Authentication,166,34,-33,920,0,11,0,0,1,0,0,0,720,0
9574,5312488074,Authentication,166,34,-31,920,0,11,0,0,1,0,0,0,720,0
9575,5312494068,Authentication,166,34,-31,920,0,11,0,0,1,0,0,0,720,0
9576,5312729885,Authentication,166,34,-55,920,0,11,0,0,0,0,0,0,0,0
9577,5312745026,Authentication,166,34,-31,920,0,11,0,0,0,0,0,0,720,0
9578,5312750811,Authentication,166,34,-31,920,0,11,0,0,1,0,0,0,720,0
9579,5312756491,Authentication,166,34,-33,920,0,11,0,0,1,0,0,0,720,0
9580,5312762325,Authentication,166,34,-32,920,0,11,0,0,1,0,0,0,720,0
9581,5312880731,QoS Data,148,34,-26,920,2,8,1,0,0,0,0,1,720,0
9583,5312882939,QoS Data,148,34,-36,920,2,8,0,0,0,0,0,1,720,0
9585,5312889722,QoS Data,131,34,-22,920,2,8,1,0,0,0,0,1,720,0
9587,5312891944,QoS Data,131,34,-36,920,2,8,0,0,0,0,0,1,720,0
9589,5312972571,Authentication,166,34,-56,920,0,11,0,0,0,0,0,0,0,0
9590,5312985007,Authentication,166,34,-32,920,0,11,0,0,0,0,0,0,720,0
9591,5312990894,Authentication,166,34,-31,920,0,11,0,0,1,0,0,0,720,0
9592,5312996938,Authentication,166,34,-31,920,0,11,0,0,1,0,0,0,720,0
9593,5313002825,Authentication,166,34,-31,920,0,11,0,0,1,0,0,0,720,0
9595,5313140352,QoS Data,128,34,-36,920,2,8,0,0,0,0,0,1,720,0
9597,5313217556,Data,287,34,-30,920,2,0,0,0,0,0,0,1,0,0
9598,5313287913,S1G Beacon,61,34,-30,920,3,1,,,,,,,0,0
9599,5313483544,Authentication,166,34,-51,920,0,11,0,0,0,0,0,0,0,0
9600,5313494997,Authentication,166,34,-32,920,0,11,0,0,0,0,0,0,720,0
9601,5313500833,Authentication,166,34,-32,920,0,11,0,0,1,0,0,0,720,0
9602,5313506564,Authentication,166,34,-30,920,0,11,0,0,1,0,0,0,720,0
9603,5313512450,Authentication,166,34,-32,920,0,11,0,0,1,0,0,0,720,0
9604,5313745687,Authentication,166,34,-52,920,0,11,0,0,0,0,0,0,0,0
9605,5313755003,Authentication,166,34,-30,920,0,11,0,0,0,0,0,0,720,0
9606,5313760941,Authentication,166,34,-28,920,0,11,0,0,1,0,0,0,720,0
9607,5313766776,Authentication,166,34,-29,920,0,11,0,0,1,0,0,0,720,0
9608,5313772508,Authentication,166,34,-30,920,0,11,0,0,1,0,0,0,720,0
9609,5313989396,Authentication,166,34,-54,920,0,11,0,0,0,0,0,0,0,0
9610,5314002459,Authentication,166,34,-30,920,0,11,0,0,0,0,0,0,720,0
9611,5314008348,Authentication,166,34,-30,920,0,11,0,0,1,0,0,0,720,0
9612,5314014079,Authentication,166,34,-30,920,0,11,0,0,1,0,0,0,720,0
9613,5314020018,Authentication,166,34,-30,920,0,11,0,0,1,0,0,0,720,0
9614,5314107117,S1G Beacon,129,34,-29,920,3,1,,,,,,,0,0
9615,5314244370,Authentication,166,34,-53,920,0,11,0,0,0,0,0,0,0,0
9616,5314254987,Authentication,166,34,-31,920,0,11,0,0,0,0,0,0,720,0
9617,5314260822,Authentication,166,34,-31,920,0,11,0,0,1,0,0,0,720,0
9618,5314266709,Authentication,166,34,-31,920,0,11,0,0,1,0,0,0,720,0
9619,5314272545,Authentication,166,34,-30,920,0,11,0,0,1,0,0,0,720,0
9620,5314499345,Authentication,166,34,-55,920,0,11,0,0,0,0,0,0,0,0
9621,5314512357,Authentication,166,34,-27,920,0,11,0,0,0,0,0,0,720,0
9622,5314518349,Authentication,166,34,-28,920,0,11,0,0,1,0,0,0,720,0
9623,5314524237,Authentication,166,34,-29,920,0,11,0,0,1,0,0,0,720,0
9624,5314530230,Authentication,166,34,-28,920,0,11,0,0,1,0,0,0,720,0
9625,5314761488,Authentication,166,34,-55,920,0,11,0,0,0,0,0,0,0,0
9626,5314775071,Authentication,166,34,-31,920,0,11,0,0,0,0,0,0,720,0
9627,5314781061,Authentication,166,34,-32,920,0,11,0,0,1,0,0,0,720,0
9628,5314786843,Authentication,166,34,-31,920,0,11,0,0,1,0,0,0,720,0
9629,5314792574,Authentication,166,34,-33,920,0,11,0,0,1,0,0,0,720,0
9630,5314926321,S1G Beacon,61,34,-33,920,3,1,,,,,,,0,0
9631,5315009292,Authentication,166,34,-56,920,0,11,0,0,0,0,0,0,0,0
9632,5315024955,Authentication,166,34,-34,920,0,11,0,0,0,0,0,0,720,0
9633,5315031000,Authentication,166,34,-36,920,0,11,0,0,1,0,0,0,720,0
9634,5315036887,Authentication,166,34,-34,920,0,11,0,0,1,0,0,0,720,0
9635,5315042618,Authentication,166,34,-35,920,0,11,0,0,1,0,0,0,720,0
9636,5315262219,Authentication,166,34,-57,920,0,11,0,0,0,0,0,0,0,0
9637,5315275021,Authentication,166,34,-33,920,0,11,0,0,0,0,0,0,720,0
9638,5315280751,Authentication,166,34,-33,920,0,11,0,0,1,0,0,0,720,0
9639,5315286691,Authentication,166,34,-33,920,0,11,0,0,1,0,0,0,720,0
9640,5315292371,Authentication,166,34,-33,920,0,11,0,0,1,0,0,0,720,0
9641,5315515146,Authentication,166,34,-56,920,0,11,0,0,0,0,0,0,0,0
9642,5315524984,Authentication,166,34,-30,920,0,11,0,0,0,0,0,0,720,0
9643,5315530922,Authentication,166,34,-30,920,0,11,0,0,1,0,0,0,720,0
9644,5315536860,Authentication,166,34,-31,920,0,11,0,0,1,0,0,0,720,0
9645,5315542799,Authentication,166,34,-31,920,0,11,0,0,1,0,0,0,720,0
9646,5315745526,S1G Beacon,129,34,-31,920,3,1,,,,,,,0,0
9647,5315777289,Authentication,166,34,-56,920,0,11,0,0,0,0,0,0,0,0
9648,5315794926,Authentication,166,34,-31,920,0,11,0,0,0,0,0,0,720,0
9649,5315800709,Authentication,166,34,-31,920,0,11,0,0,1,0,0,0,720,0
9650,5315806440,Authentication,166,34,-30,920,0,11,0,0,1,0,0,0,720,0
9651,5315812222,Authentication,166,34,-31,920,0,11,0,0,1,0,0,0,720,0
9652,5316027141,Authentication,166,34,-52,920,0,11,0,0,0,0,0,0,0,0
9653,5316241652,Data,287,34,-31,920,2,0,0,0,0,0,0,1,0,0
9654,5316280069,Authentication,166,34,-55,920,0,11,0,0,0,0,0,0,0,0
9655,5316295002,Authentication,166,34,-29,920,0,11,0,0,0,0,0,0,720,0
9656,5316300784,Authentication,166,34,-30,920,0,11,0,0,1,0,0,0,720,0
9657,5316306566,Authentication,166,34,-29,920,0,11,0,0,1,0,0,0,720,0
9658,5316312400,Authentication,166,34,-29,920,0,11,0,0,1,0,0,0,720,0
9659,5316530948,Authentication,166,34,-52,920,0,11,0,0,0,0,0,0,0,0
9660,5316564729,S1G Beacon,61,34,-30,920,3,1,,,,,,,0,0
9661,5316793090,Authentication,166,34,-55,920,0,11,0,0,0,0,0,0,0,0
9662,5316802254,Authentication,166,34,-28,920,0,11,0,0,0,0,0,0,720,0
9663,5316808246,Authentication,166,34,-28,920,0,11,0,0,1,0,0,0,720,0
9664,5316814134,Authentication,166,34,-28,920,0,11,0,0,1,0,0,0,720,0
9665,5316819865,Authentication,166,34,-29,920,0,11,0,0,1,0,0,0,720,0
9666,5317055232,Authentication,166,34,-55,920,0,11,0,0,0,0,0,0,0,0
9667,5317065019,Authentication,166,34,-28,920,0,11,0,0,0,0,0,0,720,0
9668,5317070697,Authentication,166,34,-28,920,0,11,0,0,1,0,0,0,720,0
9669,5317076533,Authentication,166,34,-29,920,0,11,0,0,1,0,0,0,720,0
9670,5317082212,Authentication,166,34,-28,920,0,11,0,0,1,0,0,0,720,0
9671,5317295870,Authentication,166,34,-52,920,0,11,0,0,0,0,0,0,0,0
9672,5317304979,Authentication,166,34,-29,920,0,11,0,0,0,0,0,0,720,0
9673,5317310919,Authentication,166,34,-28,920,0,11,0,0,1,0,0,0,720,0
9674,5317316650,Authentication,166,34,-28,920,0,11,0,0,1,0,0,0,720,0
9675,5317322691,Authentication,166,34,-28,920,0,11,0,0,1,0,0,0,720,0
9676,5317383932,S1G Beacon,129,34,-30,920,3,1,,,,,,,0,0
9677,5317546749,Authentication,166,34,-55,920,0,11,0,0,0,0,0,0,0,0
9678,5317564908,Authentication,166,34,-28,920,0,11,0,0,0,0,0,0,720,0
9679,5317570740,Authentication,166,34,-28,920,0,11,0,0,1,0,0,0,720,0
9680,5317576682,Authentication,166,34,-28,920,0,11,0,0,1,0,0,0,720,0
9681,5317582620,Authentication,166,34,-28,920,0,11,0,0,1,0,0,0,720,0
9682,5317808891,Authentication,166,34,-56,920,0,11,0,0,0,0,0,0,0,0
9683,5317824657,Authentication,166,34,-28,920,0,11,0,0,0,0,0,0,720,0
9684,5317830338,Authentication,166,34,-28,920,0,11,0,0,1,0,0,0,720,0
9685,5317836328,Authentication,166,34,-28,920,0,11,0,0,1,0,0,0,720,0
9686,5317842009,Authentication,166,34,-28,920,0,11,0,0,1,0,0,0,720,0
9687,5317900770,QoS Data,148,34,-25,920,2,8,1,0,0,0,0,1,720,0
9689,5317902976,QoS Data,148,34,-34,920,2,8,0,0,0,0,0,1,720,0
9691,5317909761,QoS Data,131,34,-20,920,2,8,1,0,0,0,0,1,720,0
9694,5318052600,Authentication,166,34,-53,920,0,11,0,0,0,0,0,0,0,0
9695,5318065192,Authentication,166,34,-30,920,0,11,0,0,0,0,0,0,720,0
9696,5318071234,Authentication,166,34,-30,920,0,11,0,0,1,0,0,0,720,0
9697,5318077175,Authentication,166,34,-30,920,0,11,0,0,1,0,0,0,720,0
9698,5318083114,Authentication,166,34,-29,920,0,11,0,0,1,0,0,0,720,0
9699,5318132943,QoS Data,128,34,-27,920,2,8,1,0,0,0,0,1,720,0
9701,5318135741,QoS Data,128,34,-32,920,2,8,0,0,0,0,0,1,720,0
9703,5318203136,S1G Beacon,61,34,-29,920,3,1,,,,,,,0,0
9704,5318300408,Authentication,166,34,-55,920,0,11,0,0,0,0,0,0,0,0
9705,5318314718,Authentication,166,34,-28,920,0,11,0,0,0,0,0,0,720,0
9706,5318320710,Authentication,166,34,-29,920,0,11,0,0,1,0,0,0,720,0
9707,5318326545,Authentication,166,34,-30,920,0,11,0,0,1,0,0,0,720,0
9708,5318332276,Authentication,166,34,-28,920,0,11,0,0,1,0,0,0,720,0
9709,5318562549,Authentication,166,34,-52,920,0,11,0,0,0,0,0,0,0,0
9710,5318575039,Authentication,166,34,-29,920,0,11,0,0,0,0,0,0,720,0
9711,5318580719,Authentication,166,34,-29,920,0,11,0,0,1,0,0,0,720,0
9712,5318586450,Authentication,166,34,-30,920,0,11,0,0,1,0,0,0,720,0
9713,5318592180,Authentication,166,34,-28,920,0,11,0,0,1,0,0,0,720,0
9714,5318818546,Authentication,166,34,-55,920,0,11,0,0,0,0,0,0,0,0
9715,5318835248,Authentication,166,34,-28,920,0,11,0,0,0,0,0,0,720,0
9716,5318841237,Authentication,166,34,-31,920,0,11,0,0,1,0,0,0,720,0
9717,5318847020,Authentication,166,34,-28,920,0,11,0,0,1,0,0,0,720,0
9718,5318853011,Authentication,166,34,-28,920,0,11,0,0,1,0,0,0,720,0
9719,5319022339,S1G Beacon,129,34,-30,920,3,1,,,,,,,0,0
9720,5319071471,Authentication,166,34,-55,920,0,11,0,0,0,0,0,0,0,0
9721,5319085001,Authentication,166,34,-30,920,0,11,0,0,0,0,0,0,720,0
9722,5319090783,Authentication,166,34,-29,920,0,11,0,0,1,0,0,0,720,0
9723,5319096464,Authentication,166,34,-30,920,0,11,0,0,1,0,0,0,720,0
9724,5319102300,Authentication,166,34,-30,920,0,11,0,0,1,0,0,0,720,0
9725,5319140532,Disassociation,64,34,-29,920,0,10,0,0,0,0,0,0,720,0
9726,5319143596,Disassociation,64,34,-29,920,0,10,0,0,1,0,0,0,720,0
9727,5319146711,Disassociation,64,34,-30,920,0,10,0,0,1,0,0,0,720,0
9728,5319149775,Disassociation,64,34,-31,920,0,10,0,0,1,0,0,0,720,0
9729,5319265678,Data,287,34,-31,920,2,0,0,0,0,0,0,1,0,0
9730,5319316209,Authentication,166,34,-54,920,0,11,0,0,0,0,0,0,0,0
9731,5319578351,Authentication,166,34,-55,920,0,11,0,0,0,0,0,0,0,0
9732,5319595000,Authentication,166,34,-29,920,0,11,0,0,0,0,0,0,720,0
9733,5319600889,Authentication,166,34,-29,920,0,11,0,0,1,0,0,0,720,0
9734,5319606725,Authentication,166,34,-30,920,0,11,0,0,1,0,0,0,720,0
9735,5319612561,Authentication,166,34,-29,920,0,11,0,0,1,0,0,0,720,0
9736,5319840494,Authentication,166,34,-51,920,0,11,0,0,0,0,0,0,0,0
9737,5319845077,S1G Beacon,61,34,-30,920,3,1,,,,,,,0,0
9738,5319854873,Authentication,166,34,-30,920,0,11,0,0,0,0,0,0,720,0
9739,5319860658,Authentication,166,34,-29,920,0,11,0,0,1,0,0,0,720,0
9740,5319866651,Authentication,166,34,-31,920,0,11,0,0,1,0,0,0,720,0
9741,5319872643,Authentication,166,34,-29,920,0,11,0,0,1,0,0,0,720,0
9742,5320087273,Authentication,166,34,-57,920,0,11,0,0,0,0,0,0,0,0
9743,5320102208,Authentication,166,34,-31,920,0,11,0,0,0,0,0,0,720,0
9744,5320107940,Authentication,166,34,-32,920,0,11,0,0,1,0,0,0,720,0
9745,5320113984,Authentication,166,34,-32,920,0,11,0,0,1,0,0,0,720,0
9746,5320119766,Authentication,166,34,-33,920,0,11,0,0,1,0,0,0,720,0
9747,5320332010,Authentication,166,34,-55,920,0,11,0,0,0,0,0,0,0,0
9748,5320344967,Authentication,166,34,-29,920,0,11,0,0,0,0,0,0,720,0
9749,5320350749,Authentication,166,34,-30,920,0,11,0,0,1,0,0,0,720,0
9750,5320356794,Authentication,166,34,-29,920,0,11,0,0,1,0,0,0,720,0
9751,5320362783,Authentication,166,34,-29,920,0,11,0,0,1,0,0,0,720,0
9752,5320594152,Authentication,166,34,-56,920,0,11,0,0,0,0,0,0,0,0
9753,5320602273,Authentication,166,34,-28,920,0,11,0,0,0,0,0,0,720,0
9754,5320608109,Authentication,166,34,-28,920,0,11,0,0,1,0,0,0,720,0
9755,5320613945,Authentication,166,34,-28,920,0,11,0,0,1,0,0,0,720,0
9756,5320619935,Authentication,166,34,-28,920,0,11,0,0,1,0,0,0,720,0
9757,5320660745,S1G Beacon,129,34,-28,920,3,1,,,,,,,0,0
9758,5320856294,Authentication,166,34,-57,920,0,11,0,0,0,0,0,0,0,0
9759,5320864989,Authentication,166,34,-32,920,0,11,0,0,0,0,0,0,720,0
9760,5320870877,Authentication,166,34,-28,920,0,11,0,0,1,0,0,0,720,0
9761,5320876922,Authentication,166,34,-30,920,0,11,0,0,1,0,0,0,720,0
9762,5320882758,Authentication,166,34,-28,920,0,11,0,0,1,0,0,0,720,0
9763,5321093859,Authentication,166,34,-55,920,0,11,0,0,0,0,0,0,0,0
9764,5321105000,Authentication,166,34,-28,920,0,11,0,0,0,0,0,0,720,0
9765,5321110730,Authentication,166,34,-27,920,0,11,0,0,1,0,0,0,720,0
9766,5321116774,Authentication,166,34,-27,920,0,11,0,0,1,0,0,0,720,0
9767,5321122818,Authentication,166,34,-28,920,0,11,0,0,1,0,0,0,720,0
9768,5321347811,Authentication,166,34,-55,920,0,11,0,0,0,0,0,0,0,0
9769,5321362640,Authentication,166,34,-30,920,0,11,0,0,0,0,0,0,720,0
9770,5321368373,Authentication,166,34,-30,920,0,11,0,0,1,0,0,0,720,0
9771,5321374104,Authentication,166,34,-29,920,0,11,0,0,1,0,0,0,720,0
9772,5321379836,Authentication,166,34,-30,920,0,11,0,0,1,0,0,0,720,0
9773,5321479949,S1G Beacon,61,34,-28,920,3,1,,,,,,,0,0
9774,5321609954,Authentication,166,34,-51,920,0,11,0,0,0,0,0,0,0,0
9775,5321624993,Authentication,166,34,-29,920,0,11,0,0,0,0,0,0,720,0
9776,5321630830,Authentication,166,34,-28,920,0,11,0,0,1,0,0,0,720,0
9777,5321636822,Authentication,166,34,-29,920,0,11,0,0,1,0,0,0,720,0
9778,5321642815,Authentication,166,34,-29,920,0,11,0,0,1,0,0,0,720,0
9779,5321872095,Authentication,166,34,-56,920,0,11,0,0,0,0,0,0,0,0
9780,5322107613,Authentication,166,34,-55,920,0,11,0,0,0,0,0,0,0,0
9781,5322124889,Authentication,166,34,-29,920,0,11,0,0,0,0,0,0,720,0
9782,5322130673,Authentication,166,34,-28,920,0,11,0,0,1,0,0,0,720,0
9783,5322136611,Authentication,166,34,-29,920,0,11,0,0,1,0,0,0,720,0
9784,5322142448,Authentication,166,34,-29,920,0,11,0,0,1,0,0,0,720,0
9785,5322299151,S1G Beacon,129,34,-29,920,3,1,,,,,,,0,0
9786,5322303363,Data,287,34,-29,920,2,0,0,0,0,0,0,1,0,0
9787,5322363612,Authentication,166,34,-56,920,0,11,0,0,0,0,0,0,0,0
9788,5322374960,Authentication,166,34,-29,920,0,11,0,0,0,0,0,0,720,0
9789,5322380638,Authentication,166,34,-30,920,0,11,0,0,1,0,0,0,720,0
9790,5322386578,Authentication,166,34,-29,920,0,11,0,0,1,0,0,0,720,0
9791,5322392517,Authentication,166,34,-28,920,0,11,0,0,1,0,0,0,720,0
9792,5322625754,Authentication,166,34,-52,920,0,11,0,0,0,0,0,0,0,0
9793,5322634968,Authentication,166,34,-29,920,0,11,0,0,0,0,0,0,720,0
9794,5322640699,Authentication,166,34,-29,920,0,11,0,0,1,0,0,0,720,0
9795,5322646430,Authentication,166,34,-29,920,0,11,0,0,1,0,0,0,720,0
9796,5322652320,Authentication,166,34,-29,920,0,11,0,0,1,0,0,0,720,0
9797,5322875606,Authentication,166,34,-55,920,0,11,0,0,0,0,0,0,0,0
9798,5322884975,Authentication,166,34,-28,920,0,11,0,0,0,0,0,0,720,0
9799,5322890913,Authentication,166,34,-29,920,0,11,0,0,1,0,0,0,720,0
9800,5322896749,Authentication,166,34,-30,920,0,11,0,0,1,0,0,0,720,0
9801,5322902581,Authentication,166,34,-28,920,0,11,0,0,1,0,0,0,720,0
9802,5322920369,QoS Data,116,34,-29,920,2,8,1,0,0,0,0,1,720,0
9804,5322923937,QoS Data,116,34,-32,920,2,8,0,0,0,0,0,1,720,0
9806,5322926331,QoS Data,149,34,-30,920,2,8,1,0,1,0,0,1,720,0
9808,5322928539,QoS Data,149,34,-33,920,2,8,0,0,0,0,0,1,720,0
9810,5322931216,QoS Data,116,34,-20,920,2,8,1,0,0,0,0,1,720,0
9812,5322933300,QoS Data,116,34,-32,920,2,8,0,0,0,0,0,1,720,0
9814,5322936110,QoS Data,131,34,-19,920,2,8,1,0,0,0,0,1,720,0
9816,5322938227,QoS Data,131,34,-32,920,2,8,0,0,0,0,0,1,720,0
9818,5323117271,Authentication,166,34,-53,920,0,11,0,0,0,0,0,0,0,0
9819,5323121839,S1G Beacon,61,34,-30,920,3,1,,,,,,,0,0
9820,5323123938,Authentication,166,34,-28,920,0,11,0,0,0,0,0,0,720,0
9821,5323129669,Authentication,166,34,-28,920,0,11,0,0,1,0,0,0,720,0
9822,5323135350,Authentication,166,34,-28,920,0,11,0,0,1,0,0,0,720,0
9823,5323142367,Authentication,166,34,-28,920,0,11,0,0,1,0,0,0,720,0
9824,5323152449,RTS,54,34,-22,920,1,11,,,,0,0,0,2452,0
9826,5323156658,RTS,54,34,-21,920,1,11,,,,0,0,0,2452,0
9828,5323161743,RTS,54,34,-22,920,1,11,,,,0,0,0,2452,0
9830,5323167145,RTS,54,34,-23,920,1,11,,,,0,0,0,2452,0
9832,5323168769,QoS Data,128,34,-27,920,2,8,1,0,1,0,0,1,720,0
9834,5323171186,QoS Data,128,34,-35,920,2,8,0,0,0,0,0,1,720,0
9836,5323379413,Authentication,166,34,-56,920,0,11,0,0,0,0,0,0,0,0
9837,5323394972,Authentication,166,34,-30,920,0,11,0,0,0,0,0,0,720,0
9838,5323400754,Authentication,166,34,-30,920,0,11,0,0,1,0,0,0,720,0
9839,5323406487,Authentication,166,34,-29,920,0,11,0,0,1,0,0,0,720,0
9840,5323412529,Authentication,166,34,-29,920,0,11,0,0,1,0,0,0,720,0
9841,5323641555,Authentication,166,34,-57,920,0,11,0,0,0,0,0,0,0,0
9842,5323654931,Authentication,166,34,-31,920,0,11,0,0,0,0,0,0,720,0
9843,5323660766,Authentication,166,34,-31,920,0,11,0,0,1,0,0,0,720,0
9844,5323666600,Authentication,166,34,-31,920,0,11,0,0,1,0,0,0,720,0
9845,5323672642,Authentication,166,34,-32,920,0,11,0,0,1,0,0,0,720,0
9846,5323753931,Data,378,34,-34,920,2,0,0,0,0,0,0,1,0,0
9847,5323857602,Data,387,34,-35,920,2,0,0,0,0,0,0,1,0,0
9848,5323896015,Authentication,166,34,-53,920,0,11,0,0,0,0,0,0,0,0
9849,5323904968,Authentication,166,34,-34,920,0,11,0,0,0,0,0,0,720,0
9850,5323911012,Authentication,166,34,-35,920,0,11,0,0,1,0,0,0,720,0
9851,5323917002,Authentication,166,34,-35,920,0,11,0,0,1,0,0,0,720,0
9852,5323922680,Authentication,166,34,-35,920,0,11,0,0,1,0,0,0,720,0
9853,5323961633,S1G Beacon,129,34,-35,920,3,1,,,,,,,0,0
9854,5323965847,Data,450,34,-34,920,2,0,0,0,0,0,0,1,0,0
9855,5324065717,Data,442,34,-32,920,2,0,0,0,0,0,0,1,0,0
9856,5324133072,Authentication,166,34,-52,920,0,11,0,0,0,0,0,0,0,0
9857,5324145769,Authentication,166,34,-30,920,0,11,0,0,0,0,0,0,720,0
9858,5324151030,Authentication,166,34,-30,920,0,11,0,0,1,0,0,0,720,0
9859,5324156711,Authentication,166,34,-30,920,0,11,0,0,1,0,0,0,720,0
9860,5324162494,Authentication,166,34,-29,920,0,11,0,0,1,0,0,0,720,0
9861,5324169734,Data,387,34,-29,920,2,0,0,0,0,0,0,1,0,0
9862,5324273697,Data,426,34,-31,920,2,0,0,0,0,0,0,1,0,0
9863,5324377712,Data,458,34,-28,920,2,0,0,0,0,0,0,1,0,0
9864,5324395214,Authentication,166,34,-56,920,0,11,0,0,0,0,0,0,0,0
9865,5324402294,Authentication,166,34,-28,920,0,11,0,0,0,0,0,0,720,0
9866,5324408026,Authentication,166,34,-28,920,0,11,0,0,1,0,0,0,720,0
9867,5324413810,Authentication,166,34,-28,920,0,11,0,0,1,0,0,0,720,0
9868,5324419491,Authentication,166,34,-28,920,0,11,0,0,1,0,0,0,720,0
9869,5324481747,Data,387,34,-28,920,2,0,0,0,0,0,0,1,0,0
9870,5324585710,Data,446,34,-29,920,2,0,0,0,0,0,0,1,0,0
9871,5324657357,Authentication,166,34,-55,920,0,11,0,0,0,0,0,0,0,0
9872,5324665168,Authentication,166,34,-29,920,0,11,0,0,0,0,0,0,720,0
9873,5324671056,Authentication,166,34,-28,920,0,11,0,0,1,0,0,0,720,0
9874,5324677048,Authentication,166,34,-29,920,0,11,0,0,1,0,0,0,720,0
9875,5324683039,Authentication,166,34,-31,920,0,11,0,0,1,0,0,0,720,0
9876,5324691161,Data,440,34,-31,920,2,0,0,0,0,0,0,1,0,0
9877,5324756762,S1G Beacon,61,34,-29,920,3,1,,,,,,,0,0
9878,5324793754,Data,387,34,-28,920,2,0,0,0,0,0,0,1,0,0
9879,5324897562,Data,442,34,-28,920,2,0,0,0,0,0,0,1,0,0
9880,5325001708,Data,452,34,-24,920,2,0,0,0,0,0,0,1,0,0
9881,5325148873,Authentication,166,34,-55,920,0,11,0,0,0,0,0,0,0,0
9882,5325166353,Authentication,166,34,-27,920,0,11,0,0,0,0,0,0,720,0
9883,5325172189,Authentication,166,34,-27,920,0,11,0,0,1,0,0,0,720,0
9884,5325177870,Authentication,166,34,-28,920,0,11,0,0,1,0,0,0,720,0
9885,5325183913,Authentication,166,34,-27,920,0,11,0,0,1,0,0,0,720,0
9886,5325313666,Data,287,34,-28,920,2,0,0,0,0,0,0,1,0,0
9887,5325411015,Authentication,166,34,-52,920,0,11,0,0,0,0,0,0,0,0
9888,5325425064,Authentication,166,34,-27,920,0,11,0,0,0,0,0,0,720,0
9889,5325430795,Authentication,166,34,-28,920,0,11,0,0,1,0,0,0,720,0
9890,5325436684,Authentication,166,34,-27,920,0,11,0,0,1,0,0,0,720,0
9891,5325442620,Authentication,166,34,-28,920,0,11,0,0,1,0,0,0,720,0
9892,5325575965,S1G Beacon,129,34,-29,920,3,1,,,,,,,0,0
9893,5325659844,Authentication,166,34,-55,920,0,11,0,0,0,0,0,0,0,0
9894,5325674934,Authentication,166,34,-30,920,0,11,0,0,0,0,0,0,720,0
9895,5325680924,Authentication,166,34,-28,920,0,11,0,0,1,0,0,0,720,0
9896,5325686760,Authentication,166,34,-28,920,0,11,0,0,1,0,0,0,720,0
9897,5325692648,Authentication,166,34,-28,920,0,11,0,0,1,0,0,0,720,0
9898,5325908675,Authentication,166,34,-55,920,0,11,0,0,0,0,0,0,0,0
9899,5325923400,Authentication,166,34,-28,920,0,11,0,0,0,0,0,0,720,0
9900,5325929182,Authentication,166,34,-30,920,0,11,0,0,1,0,0,0,720,0
9901,5325934863,Authentication,166,34,-28,920,0,11,0,0,1,0,0,0,720,0
9902,5325940596,Authentication,166,34,-30,920,0,11,0,0,1,0,0,0,720,0
9903,5326164674,Authentication,166,34,-53,920,0,11,0,0,0,0,0,0,0,0
9904,5326174928,Authentication,166,34,-29,920,0,11,0,0,0,0,0,0,720,0
9905,5326180866,Authentication,166,34,-30,920,0,11,0,0,1,0,0,0,720,0
9906,5326186702,Authentication,166,34,-29,920,0,11,0,0,1,0,0,0,720,0
9907,5326192693,Authentication,166,34,-29,920,0,11,0,0,1,0,0,0,720,0
9908,5326395170,S1G Beacon,61,34,-29,920,3,1,,,,,,,0,0
9909,5326444870,Authentication,166,34,-28,920,0,11,0,0,0,0,0,0,720,0
9910,5326450653,Authentication,166,34,-28,920,0,11,0,0,1,0,0,0,720,0
9911,5326456330,Authentication,166,34,-28,920,0,11,0,0,1,0,0,0,720,0
9912,5326462165,Authentication,166,34,-30,920,0,11,0,0,1,0,0,0,720,0
9913,5326682812,Authentication,166,34,-55,920,0,11,0,0,0,0,0,0,0,0
9914,5326694938,Authentication,166,34,-27,920,0,11,0,0,0,0,0,0,720,0
9915,5326700669,Authentication,166,34,-27,920,0,11,0,0,1,0,0,0,720,0
9916,5326706659,Authentication,166,34,-27,920,0,11,0,0,1,0,0,0,720,0
9917,5326712548,Authentication,166,34,-27,920,0,11,0,0,1,0,0,0,720,0
9918,5326921405,Authentication,166,34,-57,920,0,11,0,0,0,0,0,0,0,0
9919,5326934935,Authentication,166,34,-30,920,0,11,0,0,0,0,0,0,720,0
9920,5326940665,Authentication,166,34,-28,920,0,11,0,0,1,0,0,0,720,0
9921,5326946500,Authentication,166,34,-29,920,0,11,0,0,1,0,0,0,720,0
9922,5326952231,Authentication,166,34,-28,920,0,11,0,0,1,0,0,0,720,0
9923,5327180475,Authentication,166,34,-53,920,0,11,0,0,0,0,0,0,0,0
9924,5327189483,Authentication,166,34,-27,920,0,11,0,0,0,0,0,0,720,0
9925,5327195318,Authentication,166,34,-27,920,0,11,0,0,1,0,0,0,720,0
9926,5327201310,Authentication,166,34,-26,920,0,11,0,0,1,0,0,0,720,0
9927,5327207355,Authentication,166,34,-27,920,0,11,0,0,1,0,0,0,720,0
9928,5327442617,Authentication,166,34,-51,920,0,11,0,0,0,0,0,0,0,0
9929,5327455006,Authentication,166,34,-29,920,0,11,0,0,0,0,0,0,720,0
9930,5327460842,Authentication,166,34,-28,920,0,11,0,0,1,0,0,0,720,0
9931,5327466677,Authentication,166,34,-29,920,0,11,0,0,1,0,0,0,720,0
9932,5327472771,Authentication,166,34,-28,920,0,11,0,0,1,0,0,0,720,0
9933,5327704760,Authentication,166,34,-52,920,0,11,0,0,0,0,0,0,0,0
9934,5327714964,Authentication,166,34,-28,920,0,11,0,0,0,0,0,0,720,0
9935,5327720904,Authentication,166,34,-27,920,0,11,0,0,1,0,0,0,720,0
9936,5327726739,Authentication,166,34,-28,920,0,11,0,0,1,0,0,0,720,0
9937,5327732472,Authentication,166,34,-28,920,0,11,0,0,1,0,0,0,720,0
9938,5327953799,QoS Data,148,34,-29,920,2,8,1,0,1,0,0,1,720,0
9940,5327956214,QoS Data,148,34,-32,920,2,8,0,0,0,0,0,1,720,0
9942,5327962998,QoS Data,131,34,-20,920,2,8,1,0,0,0,0,1,720,0
9944,5327965326,QoS Data,131,34,-32,920,2,8,0,0,0,0,0,1,720,0
9946,5328033574,S1G Beacon,61,34,-28,920,3,1,,,,,,,0,0
9947,5328136146,RTS,54,34,-20,920,1,11,,,,0,0,0,2416,0
9949,5328137769,QoS Data,128,34,-29,920,2,8,1,0,1,0,0,1,720,0
9951,5328140199,QoS Data,128,34,-33,920,2,8,0,0,0,0,0,1,720,0
9953,5328196276,Authentication,166,34,-52,920,0,11,0,0,0,0,0,0,0,0
9954,5328204815,Authentication,166,34,-29,920,0,11,0,0,0,0,0,0,720,0
9955,5328210548,Authentication,166,34,-28,920,0,11,0,0,1,0,0,0,720,0
9956,5328216331,Authentication,166,34,-28,920,0,11,0,0,1,0,0,0,720,0
9957,5328222169,Authentication,166,34,-28,920,0,11,0,0,1,0,0,0,720,0
9958,5328337671,Data,287,34,-28,920,2,0,0,0,0,0,0,1,0,0
9959,5328458418,Authentication,166,34,-52,920,0,11,0,0,0,0,0,0,0,0
9960,5328474860,Authentication,166,34,-28,920,0,11,0,0,0,0,0,0,720,0
9961,5328480540,Authentication,166,34,-28,920,0,11,0,0,1,0,0,0,720,0
9962,5328486324,Authentication,166,34,-28,920,0,11,0,0,1,0,0,0,720,0
9963,5328492262,Authentication,166,34,-28,920,0,11,0,0,1,0,0,0,720,0
9964,5328720561,Authentication,166,34,-55,920,0,11,0,0,0,0,0,0,0,0
9965,5328735236,Authentication,166,34,-28,920,0,11,0,0,0,0,0,0,720,0
9966,5328740966,Authentication,166,34,-28,920,0,11,0,0,1,0,0,0,720,0
9967,5328746906,Authentication,166,34,-29,920,0,11,0,0,1,0,0,0,720,0
9968,5328752690,Authentication,166,34,-29,920,0,11,0,0,1,0,0,0,720,0
9969,5328852780,S1G Beacon,129,34,-29,920,3,1,,,,,,,0,0
9970,5328966317,Authentication,166,34,-53,920,0,11,0,0,0,0,0,0,0,0
9971,5328975065,Authentication,166,34,-30,920,0,11,0,0,0,0,0,0,720,0
9972,5328980745,Authentication,166,34,-30,920,0,11,0,0,1,0,0,0,720,0
9973,5328986735,Authentication,166,34,-29,920,0,11,0,0,1,0,0,0,720,0
9974,5328992413,Authentication,166,34,-30,920,0,11,0,0,1,0,0,0,720,0
9975,5329212077,Authentication,166,34,-52,920,0,11,0,0,0,0,0,0,0,0
9976,5329221553,Authentication,166,34,-30,920,0,11,0,0,0,0,0,0,720,0
9977,5329227388,Authentication,166,34,-28,920,0,11,0,0,1,0,0,0,720,0
9978,5329233171,Authentication,166,34,-28,920,0,11,0,0,1,0,0,0,720,0
9979,5329239216,Authentication,166,34,-28,920,0,11,0,0,1,0,0,0,720,0
9980,5329474220,Authentication,166,34,-55,920,0,11,0,0,0,0,0,0,0,0
9981,5329484942,Authentication,166,34,-28,920,0,11,0,0,0,0,0,0,720,0
9982,5329490622,Authentication,166,34,-28,920,0,11,0,0,1,0,0,0,720,0
9983,5329496404,Authentication,166,34,-29,920,0,11,0,0,1,0,0,0,720,0
9984,5329501409,Authentication,166,34,-30,920,0,11,0,0,1,0,0,0,720,0
9985,5329671984,S1G Beacon,61,34,-29,920,3,1,,,,,,,0,0
9986,5329733286,Authentication,166,34,-56,920,0,11,0,0,0,0,0,0,0,0
9987,5329744942,Authentication,166,34,-29,920,0,11,0,0,0,0,0,0,720,0
9988,5329750935,Authentication,166,34,-28,920,0,11,0,0,1,0,0,0,720,0
9989,5329756615,Authentication,166,34,-30,920,0,11,0,0,1,0,0,0,720,0
9990,5329762294,Authentication,166,34,-29,920,0,11,0,0,1,0,0,0,720,0
9991,5329980070,Authentication,166,34,-53,920,0,11,0,0,0,0,0,0,0,0
9992,5329994916,Authentication,166,34,-28,920,0,11,0,0,0,0,0,0,720,0
9993,5330000854,Authentication,166,34,-28,920,0,11,0,0,1,0,0,0,720,0
9994,5330006845,Authentication,166,34,-29,920,0,11,0,0,1,0,0,0,720,0
9995,5330012732,Authentication,166,34,-28,920,0,11,0,0,1,0,0,0,720,0
9996,5330227879,Authentication,166,34,-53,920,0,11,0,0,0,0,0,0,0,0
9997,5330244893,Authentication,166,34,-29,920,0,11,0,0,0,0,0,0,720,0
9998,5330250677,Authentication,166,34,-29,920,0,11,0,0,1,0,0,0,720,0
9999,5330256354,Authentication,166,34,-29,920,0,11,0,0,1,0,0,0,720,0
10000,5330262295,Authentication,166,34,-29,920,0,11,0,0,1,0,0,0,720,0
10001,5330490021,Authentication,166,34,-55,920,0,11,0,0,0,0,0,0,0,0
10002,5330494619,S1G Beacon,129,34,-29,920,3,1,,,,,,,0,0
10003,5330498517,Authentication,166,34,-29,920,0,11,0,0,0,0,0,0,720,0
10004,5330504299,Authentication,166,34,-29,920,0,11,0,0,1,0,0,0,720,0
10005,5330510137,Authentication,166,34,-29,920,0,11,0,0,1,0,0,0,720,0
10006,5330516125,Authentication,166,34,-29,920,0,11,0,0,1,0,0,0,720,0
10007,5330740896,Authentication,166,34,-56,920,0,11,0,0,0,0,0,0,0,0
10008,5330754945,Authentication,166,34,-30,920,0,11,0,0,0,0,0,0,720,0
10009,5330760728,Authentication,166,34,-28,920,0,11,0,0,1,0,0,0,720,0
10010,5330766562,Authentication,166,34,-29,920,0,11,0,0,1,0,0,0,720,0
10011,5330772242,Authentication,166,34,-28,920,0,11,0,0,1,0,0,0,720,0
10012,5330988704,Authentication,166,34,-55,920,0,11,0,0,0,0,0,0,0,0
10013,5331002288,Authentication,166,34,-28,920,0,11,0,0,0,0,0,0,720,0
10014,5331008021,Authentication,166,34,-27,920,0,11,0,0,1,0,0,0,720,0
10015,5331013960,Authentication,166,34,-27,920,0,11,0,0,1,0,0,0,720,0
10016,5331019795,Authentication,166,34,-27,920,0,11,0,0,1,0,0,0,720,0
10017,5331243680,Authentication,166,34,-52,920,0,11,0,0,0,0,0,0,0,0
10018,5331254922,Authentication,166,34,-28,920,0,11,0,0,0,0,0,0,720,0
10019,5331260914,Authentication,166,34,-28,920,0,11,0,0,1,0,0,0,720,0
10020,5331266697,Authentication,166,34,-30,920,0,11,0,0,1,0,0,0,720,0
10021,5331272480,Authentication,166,34,-28,920,0,11,0,0,1,0,0,0,720,0
10022,5331310391,S1G Beacon,61,34,-29,920,3,1,,,,,,,0,0
10023,5331361680,Data,287,34,-28,920,2,0,0,0,0,0,0,1,0,0
10024,5331505822,Authentication,166,34,-53,920,0,11,0,0,0,0,0,0,0,0
10025,5331514933,Authentication,166,34,-29,920,0,11,0,0,0,0,0,0,720,0
10026,5331520715,Authentication,166,34,-28,920,0,11,0,0,1,0,0,0,720,0
10027,5331526705,Authentication,166,34,-29,920,0,11,0,0,1,0,0,0,720,0
10028,5331532540,Authentication,166,34,-28,920,0,11,0,0,1,0,0,0,720,0
10029,5331763864,Authentication,166,34,-56,920,0,11,0,0,0,0,0,0,0,0
10030,5331774898,Authentication,166,34,-28,920,0,11,0,0,0,0,0,0,720,0
10031,5331780731,Authentication,166,34,-30,920,0,11,0,0,1,0,0,0,720,0
10032,5331786671,Authentication,166,34,-29,920,0,11,0,0,1,0,0,0,720,0
10033,5331792715,Authentication,166,34,-28,920,0,11,0,0,1,0,0,0,720,0
10034,5331997338,Authentication,166,34,-56,920,0,11,0,0,0,0,0,0,0,0
10035,5332011024,Authentication,166,34,-29,920,0,11,0,0,0,0,0,0,720,0
10036,5332016962,Authentication,166,34,-28,920,0,11,0,0,1,0,0,0,720,0
10037,5332022800,Authentication,166,34,-28,920,0,11,0,0,1,0,0,0,720,0
10038,5332028789,Authentication,166,34,-28,920,0,11,0,0,1,0,0,0,720,0
10039,5332129593,S1G Beacon,129,34,-29,920,3,1,,,,,,,0,0
10040,5332259480,Authentication,166,34,-55,920,0,11,0,0,0,0,0,0,0,0
10041,5332276234,Authentication,166,34,-28,920,0,11,0,0,0,0,0,0,720,0
10042,5332282174,Authentication,166,34,-28,920,0,11,0,0,1,0,0,0,720,0
10043,5332288112,Authentication,166,34,-29,920,0,11,0,0,1,0,0,0,720,0
10044,5332293946,Authentication,166,34,-28,920,0,11,0,0,1,0,0,0,720,0
10045,5332521623,Authentication,166,34,-57,920,0,11,0,0,0,0,0,0,0,0
10046,5332534999,Authentication,166,34,-28,920,0,11,0,0,0,0,0,0,720,0
10047,5332540677,Authentication,166,34,-28,920,0,11,0,0,1,0,0,0,720,0
10048,5332546460,Authentication,166,34,-28,920,0,11,0,0,1,0,0,0,720,0
10049,5332552450,Authentication,166,34,-29,920,0,11,0,0,1,0,0,0,720,0
10050,5332762260,Authentication,166,34,-57,920,0,11,0,0,0,0,0,0,0,0
10051,5332773920,Authentication,166,34,-27,920,0,11,0,0,0,0,0,0,720,0
10052,5332779757,Authentication,166,34,-28,920,0,11,0,0,1,0,0,0,720,0
10053,5332785646,Authentication,166,34,-28,920,0,11,0,0,1,0,0,0,720,0
10054,5332791430,Authentication,166,34,-27,920,0,11,0,0,1,0,0,0,720,0
10055,5332883483,Disassociation,64,34,-27,920,0,10,0,0,0,0,0,0,720,0
10056,5332886600,Disassociation,64,34,-27,920,0,10,0,0,1,0,0,0,720,0
10057,5332889769,Disassociation,64,34,-27,920,0,10,0,0,1,0,0,0,720,0
10058,5332892987,Disassociation,64,34,-27,920,0,10,0,0,1,0,0,0,720,0
10059,5332948797,S1G Beacon,61,34,-27,920,3,1,,,,,,,0,0
10060,5332969771,QoS Data,148,34,-30,920,2,8,1,0,0,0,0,1,720,0
10062,5332972550,QoS Data,148,34,-32,920,2,8,0,0,0,0,0,1,720,0
10064,5332980373,QoS Data,131,34,-20,920,2,8,1,0,0,0,0,1,720,0
10066,5332983168,QoS Data,131,34,-30,920,2,8,0,0,0,0,0,1,720,0
10068,5333016212,Authentication,166,34,-53,920,0,11,0,0,0,0,0,0,0,0
10069,5333025114,Authentication,166,34,-27,920,0,11,0,0,0,0,0,0,720,0
10070,5333030949,Authentication,166,34,-29,920,0,11,0,0,1,0,0,0,720,0
10071,5333036993,Authentication,166,34,-27,920,0,11,0,0,1,0,0,0,720,0
10072,5333042775,Authentication,166,34,-27,920,0,11,0,0,1,0,0,0,720,0
10073,5333132477,QoS Data,128,34,-30,920,2,8,1,0,0,0,0,1,720,0
10075,5333135273,QoS Data,128,34,-32,920,2,8,0,0,0,0,0,1,720,0
10077,5333275282,Authentication,166,34,-55,920,0,11,0,0,0,0,0,0,0,0
10078,5333284862,Authentication,166,34,-31,920,0,11,0,0,0,0,0,0,720,0
10079,5333290542,Authentication,166,34,-32,920,0,11,0,0,1,0,0,0,720,0
10080,5333296432,Authentication,166,34,-32,920,0,11,0,0,1,0,0,0,720,0
10081,5333302213,Authentication,166,34,-31,920,0,11,0,0,1,0,0,0,720,0
10082,5333537424,Authentication,166,34,-56,920,0,11,0,0,0,0,0,0,0,0
10083,5333544920,Authentication,166,34,-34,920,0,11,0,0,0,0,0,0,720,0
10084,5333550964,Authentication,166,34,-34,920,0,11,0,0,1,0,0,0,720,0
10085,5333556747,Authentication,166,34,-34,920,0,11,0,0,1,0,0,0,720,0
10086,5333562687,Authentication,166,34,-34,920,0,11,0,0,1,0,0,0,720,0
10087,5333768001,S1G Beacon,129,34,-33,920,3,1,,,,,,,0,0
10088,5333781134,Authentication,166,34,-55,920,0,11,0,0,0,0,0,0,0,0
10089,5333795132,Authentication,166,34,-34,920,0,11,0,0,0,0,0,0,720,0
10090,5333800965,Authentication,166,34,-33,920,0,11,0,0,1,0,0,0,720,0
10091,5333806956,Authentication,166,34,-33,920,0,11,0,0,1,0,0,0,720,0
10092,5333812843,Authentication,166,34,-34,920,0,11,0,0,1,0,0,0,720,0
10093,5334028941,Authentication,166,34,-51,920,0,11,0,0,0,0,0,0,0,0
10094,5334044343,Authentication,166,34,-33,920,0,11,0,0,0,0,0,0,720,0
10095,5334050021,Authentication,166,34,-31,920,0,11,0,0,1,0,0,0,720,0
10096,5334055909,Authentication,166,34,-32,920,0,11,0,0,1,0,0,0,720,0
10097,5334061847,Authentication,166,34,-31,920,0,11,0,0,1,0,0,0,720,0
10098,5334291083,Authentication,166,34,-52,920,0,11,0,0,0,0,0,0,0,0
10099,5334302326,Authentication,166,34,-31,920,0,11,0,0,0,0,0,0,720,0
10100,5334308161,Authentication,166,34,-32,920,0,11,0,0,1,0,0,0,720,0
10101,5334313944,Authentication,166,34,-31,920,0,11,0,0,1,0,0,0,720,0
10102,5334319882,Authentication,166,34,-31,920,0,11,0,0,1,0,0,0,720,0
10103,5334385829,Data,287,34,-31,920,2,0,0,0,0,0,0,1,0,0
10104,5334553225,Authentication,166,34,-57,920,0,11,0,0,0,0,0,0,0,0
10105,5334565145,Authentication,166,34,-33,920,0,11,0,0,0,0,0,0,720,0
10106,5334571034,Authentication,166,34,-31,920,0,11,0,0,1,0,0,0,720,0
10107,5334576765,Authentication,166,34,-31,920,0,11,0,0,1,0,0,0,720,0
10108,5334587202,S1G Beacon,61,34,-33,920,3,1,,,,,,,0,0
10109,5334588990,Authentication,166,34,-31,920,0,11,0,0,1,0,0,0,720,0
10110,5334791815,Authentication,166,34,-51,920,0,11,0,0,0,0,0,0,0,0
10111,5334802327,Authentication,166,34,-33,920,0,11,0,0,0,0,0,0,720,0
10112,5334808005,Authentication,166,34,-32,920,0,11,0,0,1,0,0,0,720,0
10113,5334814048,Authentication,166,34,-32,920,0,11,0,0,1,0,0,0,720,0
10114,5334819777,Authentication,166,34,-32,920,0,11,0,0,1,0,0,0,720,0
10115,5335044742,Authentication,166,34,-53,920,0,11,0,0,0,0,0,0,0,0
10116,5335054946,Authentication,166,34,-31,920,0,11,0,0,0,0,0,0,720,0
10117,5335060989,Authentication,166,34,-29,920,0,11,0,0,1,0,0,0,720,0
10118,5335066824,Authentication,166,34,-30,920,0,11,0,0,1,0,0,0,720,0
10119,5335072867,Authentication,166,34,-31,920,0,11,0,0,1,0,0,0,720,0
10120,5335306884,Authentication,166,34,-53,920,0,11,0,0,0,0,0,0,0,0
10121,5335324833,Authentication,166,34,-28,920,0,11,0,0,0,0,0,0,720,0
10122,5335330513,Authentication,166,34,-27,920,0,11,0,0,1,0,0,0,720,0
10123,5335336192,Authentication,166,34,-28,920,0,11,0,0,1,0,0,0,720,0
10124,5335341922,Authentication,166,34,-28,920,0,11,0,0,1,0,0,0,720,0
10125,5335406405,S1G Beacon,129,34,-28,920,3,1,,,,,,,0,0
10126,5335565951,Authentication,166,34,-51,920,0,11,0,0,0,0,0,0,0,0
10127,5335574903,Authentication,166,34,-30,920,0,11,0,0,0,0,0,0,720,0
10128,5335580686,Authentication,166,34,-28,920,0,11,0,0,1,0,0,0,720,0
10129,5335586624,Authentication,166,34,-29,920,0,11,0,0,1,0,0,0,720,0
10130,5335592356,Authentication,166,34,-30,920,0,11,0,0,1,0,0,0,720,0
10131,5336060543,Authentication,166,34,-53,920,0,11,0,0,0,0,0,0,0,0
10132,5336074885,Authentication,166,34,-28,920,0,11,0,0,0,0,0,0,720,0
10133,5336080615,Authentication,166,34,-27,920,0,11,0,0,1,0,0,0,720,0
10134,5336086293,Authentication,166,34,-28,920,0,11,0,0,1,0,0,0,720,0
10135,5336091974,Authentication,166,34,-49,920,0,11,0,0,1,0,0,0,720,0
10136,5336225609,S1G Beacon,61,34,-27,920,3,1,,,,,,,0,0
10137,5336322686,Authentication,166,34,-52,920,0,11,0,0,0,0,0,0,0,0
10138,5336337113,Authentication,166,34,-25,920,0,11,0,0,1,0,0,0,720,0
10139,5336343103,Authentication,166,34,-27,920,0,11,0,0,1,0,0,0,720,0
10140,5336348418,Authentication,166,34,-28,920,0,11,0,0,1,0,0,0,720,0
10141,5336584828,Authentication,166,34,-52,920,0,11,0,0,0,0,0,0,0,0
10142,5336594925,Authentication,166,34,-27,920,0,11,0,0,0,0,0,0,720,0
10143,5336600241,Authentication,166,34,-27,920,0,11,0,0,1,0,0,0,720,0
10144,5336605558,Authentication,166,34,-28,920,0,11,0,0,1,0,0,0,720,0
10145,5336611603,Authentication,166,34,-28,920,0,11,0,0,1,0,0,0,720,0
10146,5336828537,Authentication,166,34,-51,920,0,11,0,0,0,0,0,0,0,0
10147,5336844822,Authentication,166,34,-28,920,0,11,0,0,0,0,0,0,720,0
10148,5336850711,Authentication,166,34,-28,920,0,11,0,0,1,0,0,0,720,0
10149,5336856494,Authentication,166,34,-28,920,0,11,0,0,1,0,0,0,720,0
10150,5336862277,Authentication,166,34,-29,920,0,11,0,0,1,0,0,0,720,0
10151,5337044815,S1G Beacon,129,34,-29,920,3,1,,,,,,,0,0
10152,5337076344,Authentication,166,34,-52,920,0,11,0,0,0,0,0,0,0,0
10153,5337084881,Authentication,166,34,-30,920,0,11,0,0,0,0,0,0,720,0
10154,5337090820,Authentication,166,34,-29,920,0,11,0,0,1,0,0,0,720,0
10155,5337096654,Authentication,166,34,-29,920,0,11,0,0,1,0,0,0,720,0
10156,5337102539,Authentication,166,34,-29,920,0,11,0,0,1,0,0,0,720,0
10157,5337338486,Authentication,166,34,-53,920,0,11,0,0,0,0,0,0,0,0
10158,5337354876,Authentication,166,34,-28,920,0,11,0,0,0,0,0,0,720,0
10159,5337360866,Authentication,166,34,-30,920,0,11,0,0,1,0,0,0,720,0
10160,5337366704,Authentication,166,34,-28,920,0,11,0,0,1,0,0,0,720,0
10161,5337372434,Authentication,166,34,-28,920,0,11,0,0,1,0,0,0,720,0
10162,5337409677,Data,287,34,-28,920,2,0,0,0,0,0,0,1,0,0
10163,5337600629,Authentication,166,34,-51,920,0,11,0,0,0,0,0,0,0,0
10164,5337610731,Authentication,166,34,-28,920,0,11,0,0,0,0,0,0,720,0
10165,5337616772,Authentication,166,34,-28,920,0,11,0,0,1,0,0,0,720,0
10166,5337622764,Authentication,166,34,-27,920,0,11,0,0,1,0,0,0,720,0
10167,5337628809,Authentication,166,34,-27,920,0,11,0,0,1,0,0,0,720,0
10168,5337845361,Authentication,166,34,-51,920,0,11,0,0,0,0,0,0,0,0
10169,5337853144,Authentication,166,34,-31,920,0,11,0,0,0,0,0,0,720,0
10170,5337858928,Authentication,166,34,-28,920,0,11,0,0,1,0,0,0,720,0
10171,5337864795,S1G Beacon,61,34,-30,920,3,1,,,,,,,0,0
10172,5337866687,Authentication,166,34,-30,920,0,11,0,0,1,0,0,0,720,0
10173,5337872575,Authentication,166,34,-29,920,0,11,0,0,1,0,0,0,720,0
10174,5337990149,QoS Data,148,34,-28,920,2,8,1,0,0,0,0,1,720,0
10176,5337992927,QoS Data,148,34,-35,920,2,8,0,0,0,0,0,1,720,0
10178,5338000075,QoS Data,131,34,-21,920,2,8,1,0,0,0,0,1,720,0
10180,5338002193,QoS Data,131,34,-34,920,2,8,0,0,0,0,0,1,720,0
10182,5338092146,Authentication,166,34,-51,920,0,11,0,0,0,0,0,0,0,0
10183,5338102241,Authentication,166,34,-30,920,0,11,0,0,0,0,0,0,720,0
10184,5338108128,Authentication,166,34,-31,920,0,11,0,0,1,0,0,0,720,0
10185,5338113861,Authentication,166,34,-30,920,0,11,0,0,1,0,0,0,720,0
10186,5338119645,Authentication,166,34,-30,920,0,11,0,0,1,0,0,0,720,0
10188,5338134665,QoS Data,128,34,-35,920,2,8,0,0,0,0,0,1,720,0
10190,5338354288,Authentication,166,34,-53,920,0,11,0,0,0,0,0,0,0,0
10191,5338364916,Authentication,166,34,-28,920,0,11,0,0,0,0,0,0,720,0
10192,5338376329,Authentication,166,34,-27,920,0,11,0,0,1,0,0,0,720,0
10193,5338382008,Authentication,166,34,-30,920,0,11,0,0,1,0,0,0,720,0
10194,5338616430,Authentication,166,34,-52,920,0,11,0,0,0,0,0,0,0,0
10195,5338624863,Authentication,166,34,-30,920,0,11,0,0,0,0,0,0,720,0
10196,5338630646,Authentication,166,34,-29,920,0,11,0,0,1,0,0,0,720,0
10197,5338642163,Authentication,166,34,-29,920,0,11,0,0,1,0,0,0,720,0
10198,5338683219,S1G Beacon,129,34,-28,920,3,1,,,,,,,0,0
10199,5338857067,Authentication,166,34,-53,920,0,11,0,0,0,0,0,0,0,0
10200,5338864876,Authentication,166,34,-28,920,0,11,0,0,0,0,0,0,720,0
10201,5338870763,Authentication,166,34,-28,920,0,11,0,0,1,0,0,0,720,0
10202,5338876544,Authentication,166,34,-27,920,0,11,0,0,1,0,0,0,720,0
10203,5338882433,Authentication,166,34,-29,920,0,11,0,0,1,0,0,0,720,0
10204,5339107947,Authentication,166,34,-52,920,0,11,0,0,0,0,0,0,0,0
10205,5339124804,Authentication,166,34,-27,920,0,11,0,0,0,0,0,0,720,0
10206,5339130742,Authentication,166,34,-26,920,0,11,0,0,1,0,0,0,720,0
10207,5339136576,Authentication,166,34,-49,920,0,11,0,0,1,0,0,0,720,0
10208,5339142359,Authentication,166,34,-27,920,0,11,0,0,1,0,0,0,720,0
10209,5339370089,Authentication,166,34,-53,920,0,11,0,0,0,0,0,0,0,0
10210,5339384867,Authentication,166,34,-30,920,0,11,0,0,0,0,0,0,720,0
10211,5339390704,Authentication,166,34,-29,920,0,11,0,0,1,0,0,0,720,0
10212,5339396642,Authentication,166,34,-29,920,0,11,0,0,1,0,0,0,720,0
10213,5339402425,Authentication,166,34,-29,920,0,11,0,0,1,0,0,0,720,0
10214,5339502423,S1G Beacon,61,34,-23,920,3,1,,,,,,,0,0
10215,5339631203,Authentication,166,34,-52,920,0,11,0,0,0,0,0,0,0,0
10216,5339644887,Authentication,166,34,-23,920,0,11,0,0,0,0,0,0,720,0
10217,5339650568,Authentication,166,34,-26,920,0,11,0,0,1,0,0,0,720,0
10218,5339656351,Authentication,166,34,-24,920,0,11,0,0,1,0,0,0,720,0
10219,5339662032,Authentication,166,34,-28,920,0,11,0,0,1,0,0,0,720,0
10220,5339867748,Authentication,166,34,-52,920,0,11,0,0,0,0,0,0,0,0
10221,5339874882,Authentication,166,34,-24,920,0,11,0,0,0,0,0,0,720,0
10222,5339880822,Authentication,166,34,-26,920,0,11,0,0,1,0,0,0,720,0
10223,5339892599,Authentication,166,34,-25,920,0,11,0,0,1,0,0,0,720,0
10224,5340123748,Authentication,166,34,-51,920,0,11,0,0,0,0,0,0,0,0
10225,5340134884,Authentication,166,34,-28,920,0,11,0,0,0,0,0,0,720,0
10226,5340140928,Authentication,166,34,-28,920,0,11,0,0,1,0,0,0,720,0
10227,5340146866,Authentication,166,34,-28,920,0,11,0,0,1,0,0,0,720,0
10228,5340152805,Authentication,166,34,-28,920,0,11,0,0,1,0,0,0,720,0
10229,5340321628,S1G Beacon,129,34,-27,920,3,1,,,,,,,0,0
10230,5340385890,Authentication,166,34,-51,920,0,11,0,0,0,0,0,0,0,0
10231,5340395104,Authentication,166,34,-27,920,0,11,0,0,0,0,0,0,720,0
10232,5340400783,Authentication,166,34,-28,920,0,11,0,0,1,0,0,0,720,0
10233,5340406669,Authentication,166,34,-29,920,0,11,0,0,1,0,0,0,720,0
10234,5340412346,Authentication,166,34,-27,920,0,11,0,0,1,0,0,0,720,0
10235,5340433728,Data,287,34,-27,920,2,0,0,0,0,0,0,1,0,0
10236,5340877406,Authentication,166,34,-52,920,0,11,0,0,0,0,0,0,0,0
10237,5340891323,Authentication,166,34,-28,920,0,11,0,0,0,0,0,0,720,0
10238,5340897000,Authentication,166,34,-27,920,0,11,0,0,1,0,0,0,720,0
10239,5340902994,Authentication,166,34,-26,920,0,11,0,0,1,0,0,0,720,0
10240,5340908935,Authentication,166,34,-27,920,0,11,0,0,1,0,0,0,720,0
10241,5341139549,Authentication,166,34,-51,920,0,11,0,0,0,0,0,0,0,0
10242,5341144158,S1G Beacon,61,34,-26,920,3,1,,,,,,,0,0
10243,5341146258,Authentication,166,34,-27,920,0,11,0,0,0,0,0,0,720,0
10244,5341152041,Authentication,166,34,-27,920,0,11,0,0,1,0,0,0,720,0
10245,5341157825,Authentication,166,34,-27,920,0,11,0,0,1,0,0,0,720,0
10246,5341163765,Authentication,166,34,-28,920,0,11,0,0,1,0,0,0,720,0
10247,5341336155,Authentication,166,34,-52,920,0,11,0,0,0,0,0,0,0,0
10248,5341344849,Authentication,166,34,-29,920,0,11,0,0,0,0,0,0,720,0
10249,5341350527,Authentication,166,34,-26,920,0,11,0,0,1,0,0,0,720,0
10250,5341356416,Authentication,166,34,-28,920,0,11,0,0,1,0,0,0,720,0
10251,5341642328,Authentication,166,34,-52,920,0,11,0,0,0,0,0,0,0,0
10252,5341654861,Authentication,166,34,-28,920,0,11,0,0,0,0,0,0,720,0
10253,5341660696,Authentication,166,34,-27,920,0,11,0,0,1,0,0,0,720,0
10254,5341666531,Authentication,166,34,-28,920,0,11,0,0,1,0,0,0,720,0
10255,5341672209,Authentication,166,34,-28,920,0,11,0,0,1,0,0,0,720,0
10256,5341897304,Authentication,166,34,-52,920,0,11,0,0,0,0,0,0,0,0
10257,5341914887,Authentication,166,34,-27,920,0,11,0,0,0,0,0,0,720,0
10258,5341920825,Authentication,166,34,-27,920,0,11,0,0,1,0,0,0,720,0
10259,5341926817,Authentication,166,34,-27,920,0,11,0,0,1,0,0,0,720,0
10260,5341932548,Authentication,166,34,-28,920,0,11,0,0,1,0,0,0,720,0
10261,5341960033,S1G Beacon,129,34,-27,920,3,1,,,,,,,0,0
10262,5342155350,Authentication,166,34,-52,920,0,11,0,0,0,0,0,0,0,0
10263,5342164875,Authentication,166,34,-27,920,0,11,0,0,0,0,0,0,720,0
10264,5342170867,Authentication,166,34,-28,920,0,11,0,0,1,0,0,0,720,0
10265,5342176443,Authentication,166,34,-29,920,0,11,0,0,1,0,0,0,720,0
10266,5342181653,Authentication,166,34,-27,920,0,11,0,0,1,0,0,0,720,0
10267,5342417492,Authentication,166,34,-53,920,0,11,0,0,0,0,0,0,0,0
10268,5342434806,Authentication,166,34,-27,920,0,11,0,0,0,0,0,0,720,0
10269,5342440641,Authentication,166,34,-27,920,0,11,0,0,1,0,0,0,720,0
10270,5342446322,Authentication,166,34,-27,920,0,11,0,0,1,0,0,0,720,0
10271,5342452053,Authentication,166,34,-40,920,0,11,0,0,1,0,0,0,720,0
10272,5342662224,Authentication,166,34,-52,920,0,11,0,0,0,0,0,0,0,0
10273,5342674872,Authentication,166,34,-27,920,0,11,0,0,0,0,0,0,720,0
10274,5342680758,Authentication,166,34,-27,920,0,11,0,0,1,0,0,0,720,0
10275,5342686749,Authentication,166,34,-28,920,0,11,0,0,1,0,0,0,720,0
10276,5342692636,Authentication,166,34,-27,920,0,11,0,0,1,0,0,0,720,0
10277,5342779238,S1G Beacon,61,34,-29,920,3,1,,,,,,,0,0
10278,5342909009,Authentication,166,34,-54,920,0,11,0,0,0,0,0,0,0,0
10279,5342925050,Authentication,166,34,-28,920,0,11,0,0,0,0,0,0,720,0
10280,5342931040,Authentication,166,34,-27,920,0,11,0,0,1,0,0,0,720,0
10281,5342936772,Authentication,166,34,-30,920,0,11,0,0,1,0,0,0,720,0
10282,5342942504,Authentication,166,34,-29,920,0,11,0,0,1,0,0,0,720,0
10283,5343020310,RTS,54,34,-22,920,1,11,,,,0,0,0,2488,0
10285,5343025796,RTS,54,34,-22,920,1,11,,,,0,0,0,2488,0
10287,5343031021,RTS,54,34,-21,920,1,11,,,,0,0,0,2524,0
10290,5343037075,QoS Data,148,34,-28,920,2,8,1,0,1,0,0,1,720,0
10291,5343040247,RTS,54,34,-22,920,1,11,,,,0,0,0,2632,0
10293,5343041871,QoS Data,148,34,-26,920,2,8,1,0,1,0,0,1,720,0
10296,5343051562,QoS Data,131,34,-21,920,2,8,1,0,0,0,0,1,720,0
10298,5343054044,QoS Data,131,34,-31,920,2,8,0,0,0,0,0,1,720,0
10300,5343132705,QoS Data,128,34,-31,920,2,8,1,0,0,0,0,1,720,0
10302,5343134719,QoS Data,128,34,-32,920,2,8,0,0,0,0,0,1,720,0
10304,5343171151,Authentication,166,34,-53,920,0,11,0,0,0,0,0,0,0,0
10305,5343184838,Authentication,166,34,-29,920,0,11,0,0,0,0,0,0,720,0
10306,5343190777,Authentication,166,34,-28,920,0,11,0,0,1,0,0,0,720,0
10307,5343196677,Authentication,166,34,-40,920,0,11,0,0,1,0,0,0,720,0
10308,5343428170,Authentication,166,34,-51,920,0,11,0,0,0,0,0,0,0,0
10309,5343442384,Authentication,166,34,-29,920,0,11,0,0,0,0,0,0,720,0
10310,5343448218,Authentication,166,34,-28,920,0,11,0,0,1,0,0,0,720,0
10311,5343454053,Authentication,166,34,-28,920,0,11,0,0,1,0,0,0,720,0
10312,5343460424,Data,287,34,-30,920,2,0,0,0,0,0,0,1,0,0
10313,5343468210,Authentication,166,34,-29,920,0,11,0,0,1,0,0,0,720,0
10314,5343598442,S1G Beacon,129,34,-30,920,3,1,,,,,,,0,0
10315,5343684168,Authentication,166,34,-51,920,0,11,0,0,0,0,0,0,0,0
10316,5343695107,Authentication,166,34,-29,920,0,11,0,0,0,0,0,0,720,0
10317,5343700787,Authentication,166,34,-28,920,0,11,0,0,1,0,0,0,720,0
10318,5343706780,Authentication,166,34,-28,920,0,11,0,0,1,0,0,0,720,0
10319,5343712822,Authentication,166,34,-29,920,0,11,0,0,1,0,0,0,720,0
10320,5343924809,Authentication,166,34,-55,920,0,11,0,0,0,0,0,0,0,0
10321,5343934856,Authentication,166,34,-29,920,0,11,0,0,0,0,0,0,720,0
10322,5343940795,Authentication,166,34,-29,920,0,11,0,0,1,0,0,0,720,0
10323,5343946474,Authentication,166,34,-30,920,0,11,0,0,1,0,0,0,720,0
10324,5343952309,Authentication,166,34,-30,920,0,11,0,0,1,0,0,0,720,0
10325,5344186951,Authentication,166,34,-51,920,0,11,0,0,0,0,0,0,0,0
10326,5344194812,Authentication,166,34,-31,920,0,11,0,0,0,0,0,0,720,0
10327,5344200858,Authentication,166,34,-28,920,0,11,0,0,1,0,0,0,720,0
10328,5344206589,Authentication,166,34,-30,920,0,11,0,0,1,0,0,0,720,0
10329,5344212320,Authentication,166,34,-29,920,0,11,0,0,1,0,0,0,720,0
10330,5344417643,S1G Beacon,61,34,-29,920,3,1,,,,,,,0,0
10331,5344449095,Authentication,166,34,-52,920,0,11,0,0,0,0,0,0,0,0
10332,5344465046,Authentication,166,34,-30,920,0,11,0,0,0,0,0,0,720,0
10333,5344476568,Authentication,166,34,-28,920,0,11,0,0,1,0,0,0,720,0
10334,5344482040,Authentication,166,34,-28,920,0,11,0,0,1,0,0,0,720,0
10335,5344698946,Authentication,166,34,-52,920,0,11,0,0,0,0,0,0,0,0
10336,5344709773,Authentication,166,34,-28,920,0,11,0,0,0,0,0,0,720,0
10337,5344715557,Authentication,166,34,-29,920,0,11,0,0,1,0,0,0,720,0
10338,5344721338,Authentication,166,34,-30,920,0,11,0,0,1,0,0,0,720,0
10339,5344727173,Authentication,166,34,-28,920,0,11,0,0,1,0,0,0,720,0
10340,5344754017,Data,378,34,-29,920,2,0,0,0,0,0,0,1,0,0
10341,5344857702,Data,387,34,-31,920,2,0,0,0,0,0,0,1,0,0
10342,5344940611,Authentication,166,34,-52,920,0,11,0,0,0,0,0,0,0,0
10343,5344954817,Authentication,166,34,-30,920,0,11,0,0,0,0,0,0,720,0
10344,5344960759,Authentication,166,34,-29,920,0,11,0,0,1,0,0,0,720,0
10345,5344967062,Data,450,34,-29,920,2,0,0,0,0,0,0,1,0,0
10346,5344979623,Authentication,166,34,-29,920,0,11,0,0,1,0,0,0,720,0
10347,5344985356,Authentication,166,34,-28,920,0,11,0,0,1,0,0,0,720,0
10348,5345065719,Data,442,34,-30,920,2,0,0,0,0,0,0,1,0,0
10349,5345169812,Data,387,34,-29,920,2,0,0,0,0,0,0,1,0,0
10350,5345202753,Authentication,166,34,-53,920,0,11,0,0,0,0,0,0,0,0
10351,5345214881,Authentication,166,34,-30,920,0,11,0,0,0,0,0,0,720,0
10352,5345220612,Authentication,166,34,-29,920,0,11,0,0,1,0,0,0,720,0
10353,5345226394,Authentication,166,34,-30,920,0,11,0,0,1,0,0,0,720,0
10354,5345236847,S1G Beacon,129,34,-31,920,3,1,,,,,,,0,0
10355,5345240436,Authentication,166,34,-30,920,0,11,0,0,1,0,0,0,720,0
10356,5345274144,Data,426,34,-30,920,2,0,0,0,0,0,0,1,0,0
10357,5345377792,Data,458,34,-30,920,2,0,0,0,0,0,0,1,0,0
10358,5345464895,Authentication,166,34,-52,920,0,11,0,0,0,0,0,0,0,0
10359,5345475098,Authentication,166,34,-30,920,0,11,0,0,0,0,0,0,720,0
10360,5345480779,Authentication,166,34,-29,920,0,11,0,0,1,0,0,0,720,0
10361,5345487084,Data,387,34,-29,920,2,0,0,0,0,0,0,1,0,0
10362,5345497552,Authentication,166,34,-30,920,0,11,0,0,1,0,0,0,720,0
10363,5345503281,Authentication,166,34,-29,920,0,11,0,0,1,0,0,0,720,0
10364,5345586597,Data,446,34,-30,920,2,0,0,0,0,0,0,1,0,0
10365,5345689754,Data,440,34,-27,920,2,0,0,0,0,0,0,1,0,0
10366,5345712699,Authentication,166,34,-52,920,0,11,0,0,0,0,0,0,0,0
10367,5345724879,Authentication,166,34,-28,920,0,11,0,0,0,0,0,0,720,0
10368,5345730609,Authentication,166,34,-28,920,0,11,0,0,1,0,0,0,720,0
10369,5345736833,Authentication,166,34,-29,920,0,11,0,0,1,0,0,0,720,0
10370,5345742667,Authentication,166,34,-28,920,0,11,0,0,1,0,0,0,720,0
10371,5345793885,Data,387,34,-28,920,2,0,0,0,0,0,0,1,0,0
10372,5345897932,Data,442,34,-29,920,2,0,0,0,0,0,0,1,0,0
10373,5345963578,Authentication,166,34,-51,920,0,11,0,0,0,0,0,0,0,0
10374,5345975028,Authentication,166,34,-29,920,0,11,0,0,0,0,0,0,720,0
10375,5345980967,Authentication,166,34,-28,920,0,11,0,0,1,0,0,0,720,0
10376,5345986646,Authentication,166,34,-28,920,0,11,0,0,1,0,0,0,720,0
10377,5345992430,Authentication,166,34,-27,920,0,11,0,0,1,0,0,0,720,0
10378,5346001802,Data,452,34,-28,920,2,0,0,0,0,0,0,1,0,0
10379,5346029331,Disassociation,64,34,-28,920,0,10,0,0,0,0,0,0,720,0
10380,5346031927,Disassociation,64,34,-48,920,0,10,0,0,1,0,0,0,720,0
10381,5346035095,Disassociation,64,34,-28,920,0,10,0,0,1,0,0,0,720,0
10382,5346038264,Disassociation,64,34,-28,920,0,10,0,0,1,0,0,0,720,0
10383,5346056050,S1G Beacon,61,34,-28,920,3,1,,,,,,,0,0
10384,5346218554,Authentication,166,34,-52,920,0,11,0,0,0,0,0,0,0,0
10385,5346235050,Authentication,166,34,-28,920,0,11,0,0,0,0,0,0,720,0
10386,5346241092,Authentication,166,34,-29,920,0,11,0,0,1,0,0,0,720,0
10387,5346246512,Authentication,166,34,-29,920,0,11,0,0,1,0,0,0,720,0
10388,5346252454,Authentication,166,34,-29,920,0,11,0,0,1,0,0,0,720,0
10389,5346480696,Authentication,166,34,-52,920,0,11,0,0,0,0,0,0,0,0
10390,5346485906,Data,287,34,-28,920,2,0,0,0,0,0,0,1,0,0
10391,5346494355,Authentication,166,34,-28,920,0,11,0,0,0,0,0,0,720,0
10392,5346500293,Authentication,166,34,-27,920,0,11,0,0,1,0,0,0,720,0
10393,5346506234,Authentication,166,34,-28,920,0,11,0,0,1,0,0,0,720,0
10394,5346512277,Authentication,166,34,-27,920,0,11,0,0,1,0,0,0,720,0
10395,5346723381,Authentication,166,34,-52,920,0,11,0,0,0,0,0,0,0,0
10396,5346734831,Authentication,166,34,-29,920,0,11,0,0,0,0,0,0,720,0
10397,5346740564,Authentication,166,34,-28,920,0,11,0,0,1,0,0,0,720,0
10398,5346746659,Authentication,166,34,-28,920,0,11,0,0,1,0,0,0,720,0
10399,5346752648,Authentication,166,34,-30,920,0,11,0,0,1,0,0,0,720,0
10400,5346875254,S1G Beacon,129,34,-28,920,3,1,,,,,,,0,0
10401,5346972213,Authentication,166,34,-51,920,0,11,0,0,0,0,0,0,0,0
10402,5346981791,Authentication,166,34,-27,920,0,11,0,0,0,0,0,0,720,0
10403,5346987729,Authentication,166,34,-30,920,0,11,0,0,1,0,0,0,720,0
10404,5346993408,Authentication,166,34,-28,920,0,11,0,0,1,0,0,0,720,0
10405,5346998982,Authentication,166,34,-28,920,0,11,0,0,1,0,0,0,720,0
10406,5347234355,Authentication,166,34,-52,920,0,11,0,0,0,0,0,0,0,0
10407,5347244816,Authentication,166,34,-30,920,0,11,0,0,0,0,0,0,720,0
10408,5347250546,Authentication,166,34,-28,920,0,11,0,0,1,0,0,0,720,0
10409,5347256381,Authentication,166,34,-28,920,0,11,0,0,1,0,0,0,720,0
10410,5347262426,Authentication,166,34,-27,920,0,11,0,0,1,0,0,0,720,0
10411,5347496493,Authentication,166,34,-52,920,0,11,0,0,0,0,0,0,0,0
10412,5347504825,Authentication,166,34,-29,920,0,11,0,0,0,0,0,0,720,0
10413,5347510504,Authentication,166,34,-28,920,0,11,0,0,1,0,0,0,720,0
10414,5347516444,Authentication,166,34,-28,920,0,11,0,0,1,0,0,0,720,0
10415,5347522278,Authentication,166,34,-27,920,0,11,0,0,1,0,0,0,720,0
10416,5347694456,S1G Beacon,61,34,-30,920,3,1,,,,,,,0,0
10417,5347739182,Authentication,166,34,-51,920,0,11,0,0,0,0,0,0,0,0
10418,5347749005,Authentication,166,34,-28,920,0,11,0,0,0,0,0,0,720,0
10419,5347754786,Authentication,166,34,-28,920,0,11,0,0,1,0,0,0,720,0
10420,5347760725,Authentication,166,34,-28,920,0,11,0,0,1,0,0,0,720,0
10421,5347766508,Authentication,166,34,-28,920,0,11,0,0,1,0,0,0,720,0
10422,5347988014,Authentication,166,34,-51,920,0,11,0,0,0,0,0,0,0,0
10423,5347995043,Authentication,166,34,-28,920,0,11,0,0,0,0,0,0,720,0
10424,5348001085,Authentication,166,34,-27,920,0,11,0,0,1,0,0,0,720,0
10425,5348006868,Authentication,166,34,-28,920,0,11,0,0,1,0,0,0,720,0
10426,5348012912,Authentication,166,34,-28,920,0,11,0,0,1,0,0,0,720,0
10427,5348060078,QoS Data,149,34,-29,920,2,8,1,0,0,0,0,1,720,0
10429,5348062702,QoS Data,149,34,-32,920,2,8,0,0,0,0,0,1,720,0
10431,5348069797,QoS Data,131,34,-19,920,2,8,1,0,0,0,0,1,720,0
10433,5348072122,QoS Data,131,34,-33,920,2,8,0,0,0,0,0,1,720,0
10435,5348136328,QoS Data,128,34,-28,920,2,8,1,0,1,0,0,1,720,0
10439,5348250156,Authentication,166,34,-52,920,0,11,0,0,0,0,0,0,0,0
10440,5348264831,Authentication,166,34,-28,920,0,11,0,0,0,0,0,0,720,0
10441,5348270773,Authentication,166,34,-28,920,0,11,0,0,1,0,0,0,720,0
10442,5348276712,Authentication,166,34,-29,920,0,11,0,0,1,0,0,0,720,0
10443,5348282653,Authentication,166,34,-29,920,0,11,0,0,1,0,0,0,720,0
10444,5348505128,Authentication,166,34,-51,920,0,11,0,0,0,0,0,0,0,0
10445,5348513660,S1G Beacon,129,34,-29,920,3,1,,,,,,,0,0
10446,5348517405,Authentication,166,34,-28,920,0,11,0,0,0,0,0,0,720,0
10447,5348523240,Authentication,166,34,-29,920,0,11,0,0,1,0,0,0,720,0
10448,5348529228,Authentication,166,34,-29,920,0,11,0,0,1,0,0,0,720,0
10449,5348534909,Authentication,166,34,-29,920,0,11,0,0,1,0,0,0,720,0
10451,5348741673,Authentication,166,34,-53,920,0,11,0,0,0,0,0,0,0,0
10452,5348754837,Authentication,166,34,-30,920,0,11,0,0,0,0,0,0,720,0
10453,5348760725,Authentication,166,34,-30,920,0,11,0,0,1,0,0,0,720,0
10454,5348766665,Authentication,166,34,-29,920,0,11,0,0,1,0,0,0,720,0
10455,5348772602,Authentication,166,34,-29,920,0,11,0,0,1,0,0,0,720,0
10456,5349003815,Authentication,166,34,-53,920,0,11,0,0,0,0,0,0,0,0
10457,5349014885,Authentication,166,34,-30,920,0,11,0,0,0,0,0,0,720,0
10458,5349020823,Authentication,166,34,-29,920,0,11,0,0,1,0,0,0,720,0
10459,5349026502,Authentication,166,34,-29,920,0,11,0,0,1,0,0,0,720,0
10460,5349032286,Authentication,166,34,-29,920,0,11,0,0,1,0,0,0,720,0
10461,5349265957,Authentication,166,34,-51,920,0,11,0,0,0,0,0,0,0,0
10462,5349274807,Authentication,166,34,-30,920,0,11,0,0,0,0,0,0,720,0
10463,5349280378,Authentication,166,34,-31,920,0,11,0,0,1,0,0,0,720,0
10464,5349286264,Authentication,166,34,-30,920,0,11,0,0,1,0,0,0,720,0
10465,5349292046,Authentication,166,34,-30,920,0,11,0,0,1,0,0,0,720,0
10466,5349332863,S1G Beacon,61,34,-31,920,3,1,,,,,,,0,0
10467,5349505710,Data,287,34,-30,920,2,0,0,0,0,0,0,1,0,0
10468,5349757474,Authentication,166,34,-53,920,0,11,0,0,0,0,0,0,0,0
10469,5349774852,Authentication,166,34,-33,920,0,11,0,0,0,0,0,0,720,0
10470,5349780895,Authentication,166,34,-31,920,0,11,0,0,1,0,0,0,720,0
10471,5349786834,Authentication,166,34,-32,920,0,11,0,0,1,0,0,0,720,0
10472,5349792878,Authentication,166,34,-31,920,0,11,0,0,1,0,0,0,720,0
10473,5350019616,Authentication,166,34,-51,920,0,11,0,0,0,0,0,0,0,0
10474,5350034817,Authentication,166,34,-30,920,0,11,0,0,0,0,0,0,720,0
10475,5350040550,Authentication,166,34,-31,920,0,11,0,0,1,0,0,0,720,0
10476,5350046334,Authentication,166,34,-31,920,0,11,0,0,1,0,0,0,720,0
10477,5350052064,Authentication,166,34,-31,920,0,11,0,0,1,0,0,0,720,0
10478,5350152067,S1G Beacon,129,34,-29,920,3,1,,,,,,,0,0
10479,5350522395,Authentication,166,34,-52,920,0,11,0,0,0,0,0,0,0,0
10480,5350534835,Authentication,166,34,-31,920,0,11,0,0,0,0,0,0,720,0
10481,5350540514,Authentication,166,34,-32,920,0,11,0,0,1,0,0,0,720,0
10482,5350546194,Authentication,166,34,-32,920,0,11,0,0,1,0,0,0,720,0
10483,5350551927,Authentication,166,34,-33,920,0,11,0,0,1,0,0,0,720,0
10484,5350773275,Authentication,166,34,-52,920,0,11,0,0,0,0,0,0,0,0
10485,5350784824,Authentication,166,34,-33,920,0,11,0,0,0,0,0,0,720,0
10486,5350790555,Authentication,166,34,-33,920,0,11,0,0,1,0,0,0,720,0
10487,5350796545,Authentication,166,34,-49,920,0,11,0,0,1,0,0,0,720,0
10488,5350802483,Authentication,166,34,-33,920,0,11,0,0,1,0,0,0,720,0
10489,5350971271,S1G Beacon,61,34,-34,920,3,1,,,,,,,0,0
10490,5351035417,Authentication,166,34,-51,920,0,11,0,0,0,0,0,0,0,0
10491,5351044839,Authentication,166,34,-31,920,0,11,0,0,0,0,0,0,720,0
10492,5351050676,Authentication,166,34,-31,920,0,11,0,0,1,0,0,0,720,0
10493,5351055993,Authentication,166,34,-32,920,0,11,0,0,1,0,0,0,720,0
10494,5351061983,Authentication,166,34,-32,920,0,11,0,0,1,0,0,0,720,0
10495,5351294484,Authentication,166,34,-51,920,0,11,0,0,0,0,0,0,0,0
10496,5351302295,Authentication,166,34,-29,920,0,11,0,0,0,0,0,0,720,0
10497,5351308233,Authentication,166,34,-29,920,0,11,0,0,1,0,0,0,720,0
10498,5351314170,Authentication,166,34,-29,920,0,11,0,0,1,0,0,0,720,0
10499,5351319643,Authentication,166,34,-29,920,0,11,0,0,1,0,0,0,720,0
10500,5351528982,Authentication,166,34,-52,920,0,11,0,0,0,0,0,0,0,0
10501,5351544801,Authentication,166,34,-29,920,0,11,0,0,0,0,0,0,720,0
10502,5351550534,Authentication,166,34,-28,920,0,11,0,0,1,0,0,0,720,0
10503,5351556369,Authentication,166,34,-29,920,0,11,0,0,1,0,0,0,720,0
10504,5351562050,Authentication,166,34,-28,920,0,11,0,0,1,0,0,0,720,0
10505,5351789076,Authentication,166,34,-53,920,0,11,0,0,0,0,0,0,0,0
10506,5351793648,S1G Beacon,129,34,-28,920,3,1,,,,,,,0,0
10507,5351797597,Authentication,166,34,-29,920,0,11,0,0,0,0,0,0,720,0
10508,5351803483,Authentication,166,34,-29,920,0,11,0,0,1,0,0,0,720,0
10509,5351809317,Authentication,166,34,-29,920,0,11,0,0,1,0,0,0,720,0
10510,5351815048,Authentication,166,34,-29,920,0,11,0,0,1,0,0,0,720,0
10511,5352051218,Authentication,166,34,-53,920,0,11,0,0,0,0,0,0,0,0
10512,5352065113,Authentication,166,34,-31,920,0,11,0,0,0,0,0,0,720,0
10513,5352070793,Authentication,166,34,-31,920,0,11,0,0,1,0,0,0,720,0
10514,5352076524,Authentication,166,34,-32,920,0,11,0,0,1,0,0,0,720,0
10515,5352082569,Authentication,166,34,-31,920,0,11,0,0,1,0,0,0,720,0
10516,5352291855,Authentication,166,34,-53,920,0,11,0,0,0,0,0,0,0,0
10517,5352302524,Authentication,166,34,-31,920,0,11,0,0,0,0,0,0,720,0
10518,5352308306,Authentication,166,34,-31,920,0,11,0,0,1,0,0,0,720,0
10519,5352314243,Authentication,166,34,-31,920,0,11,0,0,1,0,0,0,720,0
10520,5352319975,Authentication,166,34,-30,920,0,11,0,0,1,0,0,0,720,0
10521,5352529792,Data,287,34,-30,920,2,0,0,0,0,0,0,1,0,0
10522,5352542734,Authentication,166,34,-53,920,0,11,0,0,0,0,0,0,0,0
10523,5352554811,Authentication,166,34,-31,920,0,11,0,0,0,0,0,0,720,0
10524,5352560489,Authentication,166,34,-30,920,0,11,0,0,1,0,0,0,720,0
10525,5352566480,Authentication,166,34,-29,920,0,11,0,0,1,0,0,0,720,0
10526,5352572157,Authentication,166,34,-29,920,0,11,0,0,1,0,0,0,720,0
10527,5352609677,S1G Beacon,61,34,-30,920,3,1,,,,,,,0,0
10528,5352804877,Authentication,166,34,-52,920,0,11,0,0,0,0,0,0,0,0
10529,5352814819,Authentication,166,34,-29,920,0,11,0,0,0,0,0,0,720,0
10530,5352820706,Authentication,166,34,-29,920,0,11,0,0,1,0,0,0,720,0
10531,5352826646,Authentication,166,34,-29,920,0,11,0,0,1,0,0,0,720,0
10532,5352832584,Authentication,166,34,-28,920,0,11,0,0,1,0,0,0,720,0
10533,5353067019,Authentication,166,34,-52,920,0,11,0,0,0,0,0,0,0,0
10534,5353074831,Authentication,166,34,-30,920,0,11,0,0,0,0,0,0,720,0
10535,5353080770,Authentication,166,34,-28,920,0,11,0,0,1,0,0,0,720,0
10536,5353086337,QoS Data,149,34,-28,920,2,8,1,0,0,0,0,1,720,0
10538,5353088649,Authentication,166,34,-28,920,0,11,0,0,1,0,0,0,720,0
10539,5353094483,QoS Data,149,34,-33,920,2,8,0,0,0,0,0,1,720,0
10541,5353096533,Authentication,166,34,-30,920,0,11,0,0,1,0,0,0,720,0
10542,5353102464,QoS Data,131,34,-19,920,2,8,1,0,0,0,0,1,720,0
10544,5353104790,QoS Data,131,34,-32,920,2,8,0,0,0,0,0,1,720,0
10545,5353132493,QoS Data,128,34,-30,920,2,8,1,0,0,0,0,1,720,0
10547,5353134767,QoS Data,128,34,-32,920,2,8,0,0,0,0,0,1,720,0
10549,5353312776,Authentication,166,34,-52,920,0,11,0,0,0,0,0,0,0,0
10550,5353324800,Authentication,166,34,-30,920,0,11,0,0,0,0,0,0,720,0
10551,5353330844,Authentication,166,34,-30,920,0,11,0,0,1,0,0,0,720,0
10552,5353336735,Authentication,166,34,-29,920,0,11,0,0,1,0,0,0,720,0
10553,5353342516,Authentication,166,34,-30,920,0,11,0,0,1,0,0,0,720,0
10554,5353428880,S1G Beacon,129,34,-29,920,3,1,,,,,,,0,0
10555,5353563655,Authentication,166,34,-51,920,0,11,0,0,0,0,0,0,0,0
10556,5353574794,Authentication,166,34,-29,920,0,11,0,0,0,0,0,0,720,0
10557,5353580681,Authentication,166,34,-29,920,0,11,0,0,1,0,0,0,720,0
10558,5353586620,Authentication,166,34,-28,920,0,11,0,0,1,0,0,0,720,0
10559,5353592406,Authentication,166,34,-29,920,0,11,0,0,1,0,0,0,720,0
10561,5353820679,Authentication,166,34,-52,920,0,11,0,0,0,0,0,0,0,0
10562,5353834832,Authentication,166,34,-29,920,0,11,0,0,0,0,0,0,720,0
10563,5353840618,Authentication,166,34,-29,920,0,11,0,0,1,0,0,0,720,0
10564,5353846295,Authentication,166,34,-30,920,0,11,0,0,1,0,0,0,720,0
10565,5353852183,Authentication,166,34,-29,920,0,11,0,0,1,0,0,0,720,0
10566,5354082820,Authentication,166,34,-53,920,0,11,0,0,0,0,0,0,0,0
10567,5354094843,Authentication,166,34,-28,920,0,11,0,0,0,0,0,0,720,0
10568,5354100575,Authentication,166,34,-29,920,0,11,0,0,1,0,0,0,720,0
10569,5354106567,Authentication,166,34,-28,920,0,11,0,0,1,0,0,0,720,0
10570,5354112558,Authentication,166,34,-29,920,0,11,0,0,1,0,0,0,720,0
10571,5354248085,S1G Beacon,61,34,-31,920,3,1,,,,,,,0,0
10572,5354332673,Authentication,166,34,-52,920,0,11,0,0,0,0,0,0,0,0
10573,5354344800,Authentication,166,34,-34,920,0,11,0,0,0,0,0,0,720,0
10574,5354350583,Authentication,166,34,-33,920,0,11,0,0,1,0,0,0,720,0
10575,5354356264,Authentication,166,34,-33,920,0,11,0,0,1,0,0,0,720,0
10576,5354362151,Authentication,166,34,-34,920,0,11,0,0,1,0,0,0,720,0
10577,5354580480,Authentication,166,34,-52,920,0,11,0,0,0,0,0,0,0,0
10578,5354594997,Authentication,166,34,-32,920,0,11,0,0,0,0,0,0,720,0
10579,5354600781,Authentication,166,34,-31,920,0,11,0,0,1,0,0,0,720,0
10580,5354606772,Authentication,166,34,-33,920,0,11,0,0,1,0,0,0,720,0
10581,5354612710,Authentication,166,34,-33,920,0,11,0,0,1,0,0,0,720,0
10582,5354836479,Authentication,166,34,-53,920,0,11,0,0,0,0,0,0,0,0
10583,5354844810,Authentication,166,34,-30,920,0,11,0,0,0,0,0,0,720,0
10584,5354850595,Authentication,166,34,-31,920,0,11,0,0,1,0,0,0,720,0
10585,5354856428,Authentication,166,34,-31,920,0,11,0,0,1,0,0,0,720,0
10586,5354862108,Authentication,166,34,-30,920,0,11,0,0,1,0,0,0,720,0
10587,5355067288,S1G Beacon,129,34,-30,920,3,1,,,,,,,0,0
10588,5355098621,Authentication,166,34,-55,920,0,11,0,0,0,0,0,0,0,0
10589,5355114752,Authentication,166,34,-31,920,0,11,0,0,0,0,0,0,720,0
10590,5355120434,Authentication,166,34,-30,920,0,11,0,0,1,0,0,0,720,0
10591,5355126372,Authentication,166,34,-31,920,0,11,0,0,1,0,0,0,720,0
10592,5355132206,Authentication,166,34,-30,920,0,11,0,0,1,0,0,0,720,0
10593,5355350520,Authentication,166,34,-55,920,0,11,0,0,0,0,0,0,0,0
10594,5355358591,Authentication,166,34,-30,920,0,11,0,0,0,0,0,0,720,0
10595,5355364427,Authentication,166,34,-30,920,0,11,0,0,1,0,0,0,720,0
10596,5355370261,Authentication,166,34,-30,920,0,11,0,0,1,0,0,0,720,0
10597,5355376044,Authentication,166,34,-30,920,0,11,0,0,1,0,0,0,720,0
10598,5355553741,Data,287,34,-31,920,2,0,0,0,0,0,0,1,0,0
10599,5355618807,Authentication,166,34,-55,920,0,11,0,0,0,0,0,0,0,0
10600,5355630983,Authentication,166,34,-32,920,0,11,0,0,0,0,0,0,720,0
10601,5355636922,Authentication,166,34,-31,920,0,11,0,0,1,0,0,0,720,0
10602,5355642652,Authentication,166,34,-31,920,0,11,0,0,1,0,0,0,720,0
10603,5355648642,Authentication,166,34,-31,920,0,11,0,0,1,0,0,0,720,0
10604,5355862519,Authentication,166,34,-53,920,0,11,0,0,0,0,0,0,0,0
10605,5355874800,Authentication,166,34,-31,920,0,11,0,0,0,0,0,0,720,0
10606,5355880739,Authentication,166,34,-32,920,0,11,0,0,1,0,0,0,720,0
10607,5355886542,S1G Beacon,61,34,-32,920,3,1,,,,,,,0,0
10608,5355888331,Authentication,166,34,-32,920,0,11,0,0,1,0,0,0,720,0
10609,5355894009,Authentication,166,34,-32,920,0,11,0,0,1,0,0,0,720,0
10610,5356114422,Authentication,166,34,-52,920,0,11,0,0,0,0,0,0,0,0
10611,5356124105,Authentication,166,34,-30,920,0,11,0,0,0,0,0,0,720,0
10612,5356129784,Authentication,166,34,-31,920,0,11,0,0,1,0,0,0,720,0
10613,5356135775,Authentication,166,34,-30,920,0,11,0,0,1,0,0,0,720,0
10614,5356141608,Authentication,166,34,-31,920,0,11,0,0,1,0,0,0,720,0
10615,5356376564,Authentication,166,34,-51,920,0,11,0,0,0,0,0,0,0,0
10616,5356384792,Authentication,166,34,-32,920,0,11,0,0,0,0,0,0,720,0
10617,5356390731,Authentication,166,34,-31,920,0,11,0,0,1,0,0,0,720,0
10618,5356396462,Authentication,166,34,-32,920,0,11,0,0,1,0,0,0,720,0
10619,5356402192,Authentication,166,34,-31,920,0,11,0,0,1,0,0,0,720,0
10620,5356638707,Authentication,166,34,-56,920,0,11,0,0,0,0,0,0,0,0
10621,5356654837,Authentication,166,34,-30,920,0,11,0,0,0,0,0,0,720,0
10622,5356660775,Authentication,166,34,-31,920,0,11,0,0,1,0,0,0,720,0
10623,5356666508,Authentication,166,34,-31,920,0,11,0,0,1,0,0,0,720,0
10624,5356672553,Authentication,166,34,-32,920,0,11,0,0,1,0,0,0,720,0
10625,5356705693,S1G Beacon,129,34,-31,920,3,1,,,,,,,0,0
10626,5356876272,Authentication,166,34,-51,920,0,11,0,0,0,0,0,0,0,0
10627,5356884811,Authentication,166,34,-32,920,0,11,0,0,0,0,0,0,720,0
10628,5356890542,Authentication,166,34,-31,920,0,11,0,0,1,0,0,0,720,0
10629,5356896326,Authentication,166,34,-32,920,0,11,0,0,1,0,0,0,720,0
10630,5356902059,Authentication,166,34,-31,920,0,11,0,0,1,0,0,0,720,0
10631,5357130224,Authentication,166,34,-52,920,0,11,0,0,0,0,0,0,0,0
10632,5357144793,Authentication,166,34,-31,920,0,11,0,0,0,0,0,0,720,0
10633,5357150526,Authentication,166,34,-29,920,0,11,0,0,1,0,0,0,720,0
10634,5357156414,Authentication,166,34,-30,920,0,11,0,0,1,0,0,0,720,0
10635,5357162196,Authentication,166,34,-30,920,0,11,0,0,1,0,0,0,720,0
10636,5357392366,Authentication,166,34,-52,920,0,11,0,0,0,0,0,0,0,0
10637,5357402410,Authentication,166,34,-30,920,0,11,0,0,0,0,0,0,720,0
10638,5357408091,Authentication,166,34,-31,920,0,11,0,0,1,0,0,0,720,0
10639,5357413925,Authentication,166,34,-31,920,0,11,0,0,1,0,0,0,720,0
10640,5357419916,Authentication,166,34,-29,920,0,11,0,0,1,0,0,0,720,0
10641,5357524897,S1G Beacon,61,34,-30,920,3,1,,,,,,,0,0
10642,5357643242,Authentication,166,34,-51,920,0,11,0,0,0,0,0,0,0,0
10643,5357654797,Authentication,166,34,-30,920,0,11,0,0,0,0,0,0,720,0
10644,5357660736,Authentication,166,34,-30,920,0,11,0,0,1,0,0,0,720,0
10645,5357666782,Authentication,166,34,-29,920,0,11,0,0,1,0,0,0,720,0
10646,5357672825,Authentication,166,34,-30,920,0,11,0,0,1,0,0,0,720,0
10647,5357883882,Authentication,166,34,-53,920,0,11,0,0,0,0,0,0,0,0
10648,5357895021,Authentication,166,34,-31,920,0,11,0,0,0,0,0,0,720,0
10649,5357900854,Authentication,166,34,-30,920,0,11,0,0,1,0,0,0,720,0
10650,5357906794,Authentication,166,34,-30,920,0,11,0,0,1,0,0,0,720,0
10651,5357912836,Authentication,166,34,-30,920,0,11,0,0,1,0,0,0,720,0
10652,5358119799,QoS Data,149,34,-31,920,2,8,1,0,0,0,0,1,720,0
10654,5358121904,QoS Data,149,34,-35,920,2,8,0,0,0,0,0,1,720,0
10656,5358130195,QoS Data,131,34,-21,920,2,8,1,0,0,0,0,1,720,0
10658,5358132782,QoS Data,131,34,-34,920,2,8,0,0,0,0,0,1,720,0
10660,5358344103,S1G Beacon,129,34,-31,920,3,1,,,,,,,0,0
10661,5358385125,QoS Data,128,34,-29,920,2,8,1,0,1,0,0,1,720,0
10663,5358387245,QoS Data,128,34,-35,920,2,8,0,0,0,0,0,1,720,0
10665,5358408167,Authentication,166,34,-51,920,0,11,0,0,0,0,0,0,0,0
10666,5358424817,Authentication,166,34,-31,920,0,11,0,0,0,0,0,0,720,0
10667,5358430755,Authentication,166,34,-32,920,0,11,0,0,1,0,0,0,720,0
10668,5358436693,Authentication,166,34,-32,920,0,11,0,0,1,0,0,0,720,0
10669,5358442529,Authentication,166,34,-31,920,0,11,0,0,1,0,0,0,720,0
10670,5358577794,Data,287,34,-31,920,2,0,0,0,0,0,0,1,0,0
10671,5358670309,Authentication,166,34,-52,920,0,11,0,0,0,0,0,0,0,0
10672,5358684773,Authentication,166,34,-31,920,0,11,0,0,0,0,0,0,720,0
10673,5358690661,Authentication,166,34,-30,920,0,11,0,0,1,0,0,0,720,0
10674,5358696393,Authentication,166,34,-31,920,0,11,0,0,1,0,0,0,720,0
10675,5358702179,Authentication,166,34,-30,920,0,11,0,0,1,0,0,0,720,0
10676,5358906850,Authentication,166,34,-52,920,0,11,0,0,0,0,0,0,0,0
10677,5358914764,Authentication,166,34,-29,920,0,11,0,0,0,0,0,0,720,0
10678,5358920444,Authentication,166,34,-30,920,0,11,0,0,1,0,0,0,720,0
10679,5358926175,Authentication,166,34,-30,920,0,11,0,0,1,0,0,0,720,0
10680,5358931960,Authentication,166,34,-30,920,0,11,0,0,1,0,0,0,720,0
10681,5359161825,Authentication,166,34,-52,920,0,11,0,0,0,0,0,0,0,0
10682,5359166424,S1G Beacon,61,34,-30,920,3,1,,,,,,,0,0
10683,5359168523,Authentication,166,34,-30,920,0,11,0,0,0,0,0,0,720,0
10684,5359174512,Authentication,166,34,-29,920,0,11,0,0,1,0,0,0,720,0
10685,5359180347,Authentication,166,34,-28,920,0,11,0,0,1,0,0,0,720,0
10686,5359186338,Authentication,166,34,-31,920,0,11,0,0,1,0,0,0,720,0
10687,5359423967,Authentication,166,34,-51,920,0,11,0,0,0,0,0,0,0,0
10688,5359435003,Authentication,166,34,-30,920,0,11,0,0,0,0,0,0,720,0
10689,5359441044,Authentication,166,34,-30,920,0,11,0,0,1,0,0,0,720,0
10690,5359446878,Authentication,166,34,-29,920,0,11,0,0,1,0,0,0,720,0
10691,5359452766,Authentication,166,34,-29,920,0,11,0,0,1,0,0,0,720,0
10692,5359488449,Disassociation,64,34,-30,920,0,10,0,0,0,0,0,0,720,0
10693,5359491722,Disassociation,64,34,-29,920,0,10,0,0,1,0,0,0,720,0
10694,5359494680,Disassociation,64,34,-29,920,0,10,0,0,1,0,0,0,720,0
10695,5359497641,Disassociation,64,34,-30,920,0,10,0,0,1,0,0,0,720,0
10696,5359676891,Authentication,166,34,-51,920,0,11,0,0,0,0,0,0,0,0
10697,5359694738,Authentication,166,34,-30,920,0,11,0,0,0,0,0,0,720,0
10698,5359700469,Authentication,166,34,-31,920,0,11,0,0,1,0,0,0,720,0
10699,5359706303,Authentication,166,34,-30,920,0,11,0,0,1,0,0,0,720,0
10700,5359712191,Authentication,166,34,-29,920,0,11,0,0,1,0,0,0,720,0
10701,5359930843,Authentication,166,34,-52,920,0,11,0,0,0,0,0,0,0,0
10703,5359961620,Authentication,166,34,-30,920,0,11,0,0,0,0,0,0,720,0
10704,5359967455,Authentication,166,34,-30,920,0,11,0,0,1,0,0,0,720,0
10705,5359973136,Authentication,166,34,-31,920,0,11,0,0,1,0,0,0,720,0
10706,5359982507,S1G Beacon,129,34,-31,920,3,1,,,,,,,0,0
10707,5359986094,Authentication,166,34,-31,920,0,11,0,0,1,0,0,0,720,0
10708,5360177626,Authentication,166,34,-54,920,0,11,0,0,0,0,0,0,0,0
10709,5360194745,Authentication,166,34,-29,920,0,11,0,0,0,0,0,0,720,0
10710,5360200112,Authentication,166,34,-30,920,0,11,0,0,1,0,0,0,720,0
10711,5360205845,Authentication,166,34,-30,920,0,11,0,0,1,0,0,0,720,0
10712,5360211731,Authentication,166,34,-30,920,0,11,0,0,1,0,0,0,720,0
10713,5360439769,Authentication,166,34,-53,920,0,11,0,0,0,0,0,0,0,0
10714,5360454753,Authentication,166,34,-30,920,0,11,0,0,0,0,0,0,720,0
10715,5360460588,Authentication,166,34,-30,920,0,11,0,0,1,0,0,0,720,0
10716,5360466630,Authentication,166,34,-30,920,0,11,0,0,1,0,0,0,720,0
10717,5360472413,Authentication,166,34,-30,920,0,11,0,0,1,0,0,0,720,0
10718,5360696788,Authentication,166,34,-56,920,0,11,0,0,0,0,0,0,0,0
10719,5360714684,Authentication,166,34,-30,920,0,11,0,0,0,0,0,0,720,0
10720,5360720572,Authentication,166,34,-29,920,0,11,0,0,1,0,0,0,720,0
10721,5360726562,Authentication,166,34,-30,920,0,11,0,0,1,0,0,0,720,0
10722,5360732501,Authentication,166,34,-29,920,0,11,0,0,1,0,0,0,720,0
10723,5360801710,S1G Beacon,61,34,-30,920,3,1,,,,,,,0,0
10724,5360933333,Authentication,166,34,-56,920,0,11,0,0,0,0,0,0,0,0
10725,5360944782,Authentication,166,34,-30,920,0,11,0,0,0,0,0,0,720,0
10726,5360950150,Authentication,166,34,-29,920,0,11,0,0,1,0,0,0,720,0
10727,5360955883,Authentication,166,34,-29,920,0,11,0,0,1,0,0,0,720,0
10728,5360961668,Authentication,166,34,-29,920,0,11,0,0,1,0,0,0,720,0
10729,5361193428,Authentication,166,34,-52,920,0,11,0,0,0,0,0,0,0,0
10730,5361202432,Authentication,166,34,-30,920,0,11,0,0,0,0,0,0,720,0
10731,5361208165,Authentication,166,34,-29,920,0,11,0,0,1,0,0,0,720,0
10732,5361214157,Authentication,166,34,-30,920,0,11,0,0,1,0,0,0,720,0
10733,5361220149,Authentication,166,34,-30,920,0,11,0,0,1,0,0,0,720,0
10734,5361455569,Authentication,166,34,-51,920,0,11,0,0,0,0,0,0,0,0
10735,5361464785,Authentication,166,34,-31,920,0,11,0,0,0,0,0,0,720,0
10736,5361470466,Authentication,166,34,-30,920,0,11,0,0,1,0,0,0,720,0
10737,5361476404,Authentication,166,34,-30,920,0,11,0,0,1,0,0,0,720,0
10738,5361482242,Authentication,166,34,-29,920,0,11,0,0,1,0,0,0,720,0
10739,5361601799,Data,287,34,-31,920,2,0,0,0,0,0,0,1,0,0
10740,5361620915,S1G Beacon,129,34,-31,920,3,1,,,,,,,0,0
10741,5361712589,Authentication,166,34,-54,920,0,11,0,0,0,0,0,0,0,0
10742,5361724768,Authentication,166,34,-30,920,0,11,0,0,0,0,0,0,720,0
10743,5361730601,Authentication,166,34,-30,920,0,11,0,0,1,0,0,0,720,0
10744,5361736643,Authentication,166,34,-31,920,0,11,0,0,1,0,0,0,720,0
10745,5361742633,Authentication,166,34,-31,920,0,11,0,0,1,0,0,0,720,0
10746,5361957325,Authentication,166,34,-52,920,0,11,0,0,0,0,0,0,0,0
10747,5361964979,Authentication,166,34,-29,920,0,11,0,0,0,0,0,0,720,0
10748,5361971024,Authentication,166,34,-29,920,0,11,0,0,1,0,0,0,720,0
10749,5361976912,Authentication,166,34,-31,920,0,11,0,0,1,0,0,0,720,0
10750,5361982853,Authentication,166,34,-31,920,0,11,0,0,1,0,0,0,720,0
10751,5362209229,Authentication,166,34,-53,920,0,11,0,0,0,0,0,0,0,0
10752,5362224788,Authentication,166,34,-30,920,0,11,0,0,0,0,0,0,720,0
10753,5362230676,Authentication,166,34,-30,920,0,11,0,0,1,0,0,0,720,0
10754,5362236458,Authentication,166,34,-31,920,0,11,0,0,1,0,0,0,720,0
10755,5362242191,Authentication,166,34,-30,920,0,11,0,0,1,0,0,0,720,0
10756,5362440118,S1G Beacon,61,34,-30,920,3,1,,,,,,,0,0
10757,5362471371,Authentication,166,34,-53,920,0,11,0,0,0,0,0,0,0,0
10758,5362484796,Authentication,166,34,-30,920,0,11,0,0,0,0,0,0,720,0
10759,5362490786,Authentication,166,34,-30,920,0,11,0,0,1,0,0,0,720,0
10760,5362496675,Authentication,166,34,-30,920,0,11,0,0,1,0,0,0,720,0
10761,5362502459,Authentication,166,34,-31,920,0,11,0,0,1,0,0,0,720,0
10762,5362718151,Authentication,166,34,-53,920,0,11,0,0,0,0,0,0,0,0
10763,5362734959,Authentication,166,34,-29,920,0,11,0,0,0,0,0,0,720,0
10764,5362741002,Authentication,166,34,-31,920,0,11,0,0,1,0,0,0,720,0
10765,5362746785,Authentication,166,34,-30,920,0,11,0,0,1,0,0,0,720,0
10766,5362752726,Authentication,166,34,-30,920,0,11,0,0,1,0,0,0,720,0
10767,5362962887,Authentication,166,34,-51,920,0,11,0,0,0,0,0,0,0,0
10768,5362974752,Authentication,166,34,-31,920,0,11,0,0,0,0,0,0,720,0
10769,5362980429,Authentication,166,34,-31,920,0,11,0,0,1,0,0,0,720,0
10770,5362986266,Authentication,166,34,-30,920,0,11,0,0,1,0,0,0,720,0
10771,5362992102,Authentication,166,34,-29,920,0,11,0,0,1,0,0,0,720,0
10772,5363139742,QoS Data,149,34,-29,920,2,8,1,0,0,0,0,1,720,0
10774,5363142471,QoS Data,149,34,-34,920,2,8,0,0,0,0,0,1,720,0
10776,5363149621,QoS Data,131,34,-19,920,2,8,1,0,0,0,0,1,720,0
10778,5363152261,QoS Data,131,34,-34,920,2,8,0,0,0,0,0,1,720,0
10780,5363225030,Authentication,166,34,-51,920,0,11,0,0,0,0,0,0,0,0
10781,5363234765,Authentication,166,34,-30,920,0,11,0,0,0,0,0,0,720,0
10782,5363240495,Authentication,166,34,-30,920,0,11,0,0,1,0,0,0,720,0
10783,5363246540,Authentication,166,34,-30,920,0,11,0,0,1,0,0,0,720,0
10784,5363252273,Authentication,166,34,-29,920,0,11,0,0,1,0,0,0,720,0
10785,5363382014,QoS Data,128,34,-30,920,2,8,1,0,0,0,0,1,720,0
10787,5363383966,S1G Beacon,129,34,-30,920,3,1,,,,,,,0,0
10788,5363387814,QoS Data,128,34,-34,920,2,8,0,0,0,0,0,1,720,0
10790,5363486144,Authentication,166,34,-53,920,0,11,0,0,0,0,0,0,0,0
10791,5363494888,Authentication,166,34,-30,920,0,11,0,0,0,0,0,0,720,0
10792,5363500619,Authentication,166,34,-30,920,0,11,0,0,1,0,0,0,720,0
10793,5363506298,Authentication,166,34,-31,920,0,11,0,0,1,0,0,0,720,0
10794,5363512186,Authentication,166,34,-30,920,0,11,0,0,1,0,0,0,720,0
10795,5363722690,Authentication,166,34,-53,920,0,11,0,0,0,0,0,0,0,0
10796,5363734764,Authentication,166,34,-30,920,0,11,0,0,0,0,0,0,720,0
10797,5363740650,Authentication,166,34,-30,920,0,11,0,0,1,0,0,0,720,0
10798,5363746642,Authentication,166,34,-30,920,0,11,0,0,1,0,0,0,720,0
10799,5363752374,Authentication,166,34,-30,920,0,11,0,0,1,0,0,0,720,0
10800,5363978689,Authentication,166,34,-55,920,0,11,0,0,0,0,0,0,0,0
10801,5363994920,Authentication,166,34,-29,920,0,11,0,0,0,0,0,0,720,0
10802,5364000601,Authentication,166,34,-31,920,0,11,0,0,1,0,0,0,720,0
10803,5364006490,Authentication,166,34,-29,920,0,11,0,0,1,0,0,0,720,0
10804,5364012169,Authentication,166,34,-30,920,0,11,0,0,1,0,0,0,720,0
10805,5364078527,S1G Beacon,61,34,-30,920,3,1,,,,,,,0,0
10806,5364240830,Authentication,166,34,-55,920,0,11,0,0,0,0,0,0,0,0
10807,5364254830,Authentication,166,34,-31,920,0,11,0,0,0,0,0,0,720,0
10808,5364260823,Authentication,166,34,-29,920,0,11,0,0,1,0,0,0,720,0
10809,5364266502,Authentication,166,34,-30,920,0,11,0,0,1,0,0,0,720,0
10810,5364272547,Authentication,166,34,-31,920,0,11,0,0,1,0,0,0,720,0
10811,5364476348,Authentication,166,34,-56,920,0,11,0,0,0,0,0,0,0,0
10812,5364484782,Authentication,166,34,-29,920,0,11,0,0,0,0,0,0,720,0
10813,5364490513,Authentication,166,34,-25,920,0,11,0,0,1,0,0,0,720,0
10814,5364496245,Authentication,166,34,-29,920,0,11,0,0,1,0,0,0,720,0
10815,5364502082,Authentication,166,34,-30,920,0,11,0,0,1,0,0,0,720,0
10816,5364625932,Data,287,34,-29,920,2,0,0,0,0,0,0,1,0,0
10817,5364732347,Authentication,166,34,-53,920,0,11,0,0,0,0,0,0,0,0
10818,5364744734,Authentication,166,34,-30,920,0,11,0,0,0,0,0,0,720,0
10819,5364750465,Authentication,166,34,-29,920,0,11,0,0,1,0,0,0,720,0
10820,5364756298,Authentication,166,34,-29,920,0,11,0,0,1,0,0,0,720,0
10821,5364762187,Authentication,166,34,-29,920,0,11,0,0,1,0,0,0,720,0
10822,5364897727,S1G Beacon,129,34,-30,920,3,1,,,,,,,0,0
10823,5364994490,Authentication,166,34,-52,920,0,11,0,0,0,0,0,0,0,0
10824,5365002457,Authentication,166,34,-30,920,0,11,0,0,0,0,0,0,720,0
10825,5365008135,Authentication,166,34,-31,920,0,11,0,0,1,0,0,0,720,0
10826,5365013970,Authentication,166,34,-29,920,0,11,0,0,1,0,0,0,720,0
10827,5365019649,Authentication,166,34,-31,920,0,11,0,0,1,0,0,0,720,0
10828,5365245877,Authentication,166,34,-51,920,0,11,0,0,0,0,0,0,0,0
10829,5365254725,Authentication,166,34,-33,920,0,11,0,0,0,0,0,0,720,0
10830,5365260559,Authentication,166,34,-32,920,0,11,0,0,1,0,0,0,720,0
10831,5365266342,Authentication,166,34,-33,920,0,11,0,0,1,0,0,0,720,0
10832,5365272336,Authentication,166,34,-31,920,0,11,0,0,1,0,0,0,720,0
10833,5365502388,Authentication,166,34,-52,920,0,11,0,0,0,0,0,0,0,0
10834,5365514774,Authentication,166,34,-30,920,0,11,0,0,0,0,0,0,720,0
10835,5365520608,Authentication,166,34,-30,920,0,11,0,0,1,0,0,0,720,0
10836,5365526340,Authentication,166,34,-30,920,0,11,0,0,1,0,0,0,720,0
10837,5365532278,Authentication,166,34,-31,920,0,11,0,0,1,0,0,0,720,0
10838,5365716932,S1G Beacon,61,34,-29,920,3,1,,,,,,,0,0
10839,5365748148,Authentication,166,34,-52,920,0,11,0,0,0,0,0,0,0,0
10840,5365764693,Authentication,166,34,-29,920,0,11,0,0,0,0,0,0,720,0
10841,5365770996,Data,378,34,-29,920,2,0,0,0,0,0,0,1,0,0
10842,5365781224,Authentication,166,34,-31,920,0,11,0,0,1,0,0,0,720,0
10843,5365787163,Authentication,166,34,-28,920,0,11,0,0,1,0,0,0,720,0
10844,5365793001,Authentication,166,34,-30,920,0,11,0,0,1,0,0,0,720,0
10845,5365857699,Data,387,34,-29,920,2,0,0,0,0,0,0,1,0,0
10846,5365961716,Data,450,34,-29,920,2,0,0,0,0,0,0,1,0,0
10847,5366010291,Authentication,166,34,-52,920,0,11,0,0,0,0,0,0,0,0
10848,5366024757,Authentication,166,34,-30,920,0,11,0,0,0,0,0,0,720,0
10849,5366030539,Authentication,166,34,-29,920,0,11,0,0,1,0,0,0,720,0
10850,5366036271,Authentication,166,34,-28,920,0,11,0,0,1,0,0,0,720,0
10851,5366041952,Authentication,166,34,-30,920,0,11,0,0,1,0,0,0,720,0
10852,5366066873,Data,442,34,-28,920,2,0,0,0,0,0,0,1,0,0
10853,5366170757,Data,387,34,-30,920,2,0,0,0,0,0,0,1,0,0
10854,5366255023,Authentication,166,34,-52,920,0,11,0,0,0,0,0,0,0,0
10855,5366264704,Authentication,166,34,-31,920,0,11,0,0,0,0,0,0,720,0
10856,5366270384,Authentication,166,34,-31,920,0,11,0,0,1,0,0,0,720,0
10857,5366276688,Data,426,34,-31,920,2,0,0,0,0,0,0,1,0,0
10858,5366288196,Authentication,166,34,-32,920,0,11,0,0,1,0,0,0,720,0
10859,5366294187,Authentication,166,34,-31,920,0,11,0,0,1,0,0,0,720,0
10860,5366377814,Data,458,34,-29,920,2,0,0,0,0,0,0,1,0,0
10861,5366481838,Data,387,34,-30,920,2,0,0,0,0,0,0,1,0,0
10862,5366501808,Authentication,166,34,-51,920,0,11,0,0,0,0,0,0,0,0
10863,5366514660,Authentication,166,34,-30,920,0,11,0,0,0,0,0,0,720,0
10864,5366520392,Authentication,166,34,-30,920,0,11,0,0,1,0,0,0,720,0
10865,5366526384,Authentication,166,34,-31,920,0,11,0,0,1,0,0,0,720,0
10866,5366536136,S1G Beacon,129,34,-29,920,3,1,,,,,,,0,0
10867,5366539722,Authentication,166,34,-29,920,0,11,0,0,1,0,0,0,720,0
10868,5366585754,Data,446,34,-31,920,2,0,0,0,0,0,0,1,0,0
10869,5366690027,Data,440,34,-28,920,2,0,0,0,0,0,0,1,0,0
10870,5366763950,Authentication,166,34,-55,920,0,11,0,0,0,0,0,0,0,0
10871,5366773476,Authentication,166,34,-30,920,0,11,0,0,0,0,0,0,720,0
10872,5366779208,Authentication,166,34,-28,920,0,11,0,0,1,0,0,0,720,0
10873,5366784991,Authentication,166,34,-28,920,0,11,0,0,1,0,0,0,720,0
10874,5366790982,Authentication,166,34,-28,920,0,11,0,0,1,0,0,0,720,0
10875,5366797286,Data,387,34,-28,920,2,0,0,0,0,0,0,1,0,0
10876,5366897713,Data,442,34,-29,920,2,0,0,0,0,0,0,1,0,0
10877,5367001856,Data,452,34,-29,920,2,0,0,0,0,0,0,1,0,0
10878,5367026091,Authentication,166,34,-55,920,0,11,0,0,0,0,0,0,0,0
10879,5367034735,Authentication,166,34,-30,920,0,11,0,0,0,0,0,0,720,0
10880,5367040621,Authentication,166,34,-28,920,0,11,0,0,1,0,0,0,720,0
10881,5367046455,Authentication,166,34,-30,920,0,11,0,0,1,0,0,0,720,0
10882,5367052236,Authentication,166,34,-28,920,0,11,0,0,1,0,0,0,720,0
10883,5367262633,Authentication,166,34,-55,920,0,11,0,0,0,0,0,0,0,0
10884,5367274812,Authentication,166,34,-28,920,0,11,0,0,0,0,0,0,720,0
10885,5367280595,Authentication,166,34,-28,920,0,11,0,0,1,0,0,0,720,0
10886,5367286378,Authentication,166,34,-28,920,0,11,0,0,1,0,0,0,720,0
10887,5367292267,Authentication,166,34,-29,920,0,11,0,0,1,0,0,0,720,0
10888,5367355340,S1G Beacon,61,34,-28,920,3,1,,,,,,,0,0
10889,5367517608,Authentication,166,34,-57,920,0,11,0,0,0,0,0,0,0,0
10890,5367534674,Authentication,166,34,-28,920,0,11,0,0,0,0,0,0,720,0
10891,5367540355,Authentication,166,34,-28,920,0,11,0,0,1,0,0,0,720,0
10892,5367546086,Authentication,166,34,-28,920,0,11,0,0,1,0,0,0,720,0
10893,5367551923,Authentication,166,34,-28,920,0,11,0,0,1,0,0,0,720,0
10894,5367649747,Data,287,34,-29,920,2,0,0,0,0,0,0,1,0,0
10895,5367779750,Authentication,166,34,-57,920,0,11,0,0,0,0,0,0,0,0
10896,5367794944,Authentication,166,34,-28,920,0,11,0,0,0,0,0,0,720,0
10897,5367800677,Authentication,166,34,-29,920,0,11,0,0,1,0,0,0,720,0
10898,5367806409,Authentication,166,34,-29,920,0,11,0,0,1,0,0,0,720,0
10899,5367812140,Authentication,166,34,-28,920,0,11,0,0,1,0,0,0,720,0
10900,5368160699,QoS Data,149,34,-32,920,2,8,1,0,0,0,0,1,720,0
10902,5368163164,QoS Data,149,34,-32,920,2,8,0,0,0,0,0,1,720,0
10904,5368170467,QoS Data,131,34,-21,920,2,8,1,0,0,0,0,1,720,0
10906,5368174544,S1G Beacon,129,34,-29,920,3,1,,,,,,,0,0
10907,5368178182,QoS Data,131,34,-33,920,2,8,0,0,0,0,0,1,720,0
10909,5368271267,Authentication,166,34,-53,920,0,11,0,0,0,0,0,0,0,0
10910,5368280271,Authentication,166,34,-29,920,0,11,0,0,0,0,0,0,720,0
10911,5368286004,Authentication,166,34,-28,920,0,11,0,0,1,0,0,0,720,0
10912,5368291734,Authentication,166,34,-30,920,0,11,0,0,1,0,0,0,720,0
10913,5368297570,Authentication,166,34,-28,920,0,11,0,0,1,0,0,0,720,0
10914,5368381916,QoS Data,128,34,-31,920,2,8,1,0,0,0,0,1,720,0
10916,5368384451,QoS Data,128,34,-33,920,2,8,0,0,0,0,0,1,720,0
10918,5368533409,Authentication,166,34,-53,920,0,11,0,0,0,0,0,0,0,0
10919,5368544809,Authentication,166,34,-29,920,0,11,0,0,0,0,0,0,720,0
10920,5368550747,Authentication,166,34,-29,920,0,11,0,0,1,0,0,0,720,0
10921,5368556793,Authentication,166,34,-28,920,0,11,0,0,1,0,0,0,720,0
10922,5368562782,Authentication,166,34,-30,920,0,11,0,0,1,0,0,0,720,0
10923,5368795551,Authentication,166,34,-53,920,0,11,0,0,0,0,0,0,0,0
10924,5368804734,Authentication,166,34,-28,920,0,11,0,0,0,0,0,0,720,0
10925,5368816303,Authentication,166,34,-27,920,0,11,0,0,1,0,0,0,720,0
10926,5368822296,Authentication,166,34,-29,920,0,11,0,0,1,0,0,0,720,0
10927,5368993747,S1G Beacon,61,34,-29,920,3,1,,,,,,,0,0
10928,5369038236,Authentication,166,34,-53,920,0,11,0,0,0,0,0,0,0,0
10929,5369048908,Authentication,166,34,-28,920,0,11,0,0,0,0,0,0,720,0
10930,5369054847,Authentication,166,34,-30,920,0,11,0,0,1,0,0,0,720,0
10931,5369060734,Authentication,166,34,-29,920,0,11,0,0,1,0,0,0,720,0
10932,5369066725,Authentication,166,34,-28,920,0,11,0,0,1,0,0,0,720,0
10933,5369287069,Authentication,166,34,-51,920,0,11,0,0,0,0,0,0,0,0
10934,5369298987,Authentication,166,34,-30,920,0,11,0,0,0,0,0,0,720,0
10935,5369304719,Authentication,166,34,-28,920,0,11,0,0,1,0,0,0,720,0
10936,5369310708,Authentication,166,34,-28,920,0,11,0,0,1,0,0,0,720,0
10937,5369316752,Authentication,166,34,-31,920,0,11,0,0,1,0,0,0,720,0
10939,5369549210,Authentication,166,34,-53,920,0,11,0,0,0,0,0,0,0,0
10940,5369564924,Authentication,166,34,-30,920,0,11,0,0,0,0,0,0,720,0
10941,5369570657,Authentication,166,34,-29,920,0,11,0,0,1,0,0,0,720,0
10942,5369576701,Authentication,166,34,-29,920,0,11,0,0,1,0,0,0,720,0
10943,5369582431,Authentication,166,34,-29,920,0,11,0,0,1,0,0,0,720,0
10944,5369811353,Authentication,166,34,-53,920,0,11,0,0,0,0,0,0,0,0
10945,5369820018,Authentication,166,34,-28,920,0,11,0,0,0,0,0,0,720,0
10946,5369831638,Authentication,166,34,-27,920,0,11,0,0,1,0,0,0,720,0
10947,5369837630,Authentication,166,34,-28,920,0,11,0,0,1,0,0,0,720,0
10948,5370053014,Authentication,166,34,-51,920,0,11,0,0,0,0,0,0,0,0
10949,5370064727,Authentication,166,34,-29,920,0,11,0,0,0,0,0,0,720,0
10950,5370070561,Authentication,166,34,-28,920,0,11,0,0,1,0,0,0,720,0
10951,5370076345,Authentication,166,34,-27,920,0,11,0,0,1,0,0,0,720,0
10952,5370082077,Authentication,166,34,-29,920,0,11,0,0,1,0,0,0,720,0
10954,5370302869,Authentication,166,34,-52,920,0,11,0,0,0,0,0,0,0,0
10955,5370314737,Authentication,166,34,-29,920,0,11,0,0,0,0,0,0,720,0
10956,5370320571,Authentication,166,34,-30,920,0,11,0,0,1,0,0,0,720,0
10957,5370326249,Authentication,166,34,-28,920,0,11,0,0,1,0,0,0,720,0
10958,5370332033,Authentication,166,34,-28,920,0,11,0,0,1,0,0,0,720,0
10959,5370565011,Authentication,166,34,-52,920,0,11,0,0,0,0,0,0,0,0
10960,5370574798,Authentication,166,34,-28,920,0,11,0,0,0,0,0,0,720,0
10961,5370580372,Authentication,166,34,-28,920,0,11,0,0,1,0,0,0,720,0
10962,5370586258,Authentication,166,34,-28,920,0,11,0,0,1,0,0,0,720,0
10963,5370592041,Authentication,166,34,-28,920,0,11,0,0,1,0,0,0,720,0
10964,5370673765,Data,287,34,-30,920,2,0,0,0,0,0,0,1,0,0
10965,5370826126,Authentication,166,34,-51,920,0,11,0,0,0,0,0,0,0,0
10966,5370834716,Authentication,166,34,-29,920,0,11,0,0,0,0,0,0,720,0
10967,5370840031,Authentication,166,34,-29,920,0,11,0,0,1,0,0,0,720,0
10968,5370845815,Authentication,166,34,-28,920,0,11,0,0,1,0,0,0,720,0
10969,5370851860,Authentication,166,34,-29,920,0,11,0,0,1,0,0,0,720,0
10970,5371072398,Authentication,166,34,-52,920,0,11,0,0,0,0,0,0,0,0
10971,5371084733,Authentication,166,34,-28,920,0,11,0,0,0,0,0,0,720,0
10972,5371090568,Authentication,166,34,-29,920,0,11,0,0,1,0,0,0,720,0
10973,5371096300,Authentication,166,34,-29,920,0,11,0,0,1,0,0,0,720,0
10974,5371102345,Authentication,166,34,-29,920,0,11,0,0,1,0,0,0,720,0
10975,5371322766,Authentication,166,34,-51,920,0,11,0,0,0,0,0,0,0,0
10976,5371334737,Authentication,166,34,-29,920,0,11,0,0,0,0,0,0,720,0
10977,5371340521,Authentication,166,34,-28,920,0,11,0,0,1,0,0,0,720,0
10978,5371352086,Authentication,166,34,-26,920,0,11,0,0,1,0,0,0,720,0
10979,5371451355,S1G Beacon,129,34,-29,920,3,1,,,,,,,0,0
10980,5371580812,Authentication,166,34,-52,920,0,11,0,0,0,0,0,0,0,0
10981,5371594738,Authentication,166,34,-30,920,0,11,0,0,0,0,0,0,720,0
10982,5371600522,Authentication,166,34,-28,920,0,11,0,0,1,0,0,0,720,0
10983,5371606252,Authentication,166,34,-30,920,0,11,0,0,1,0,0,0,720,0
10984,5371612088,Authentication,166,34,-29,920,0,11,0,0,1,0,0,0,720,0
10985,5371842955,Authentication,166,34,-52,920,0,11,0,0,0,0,0,0,0,0
10986,5371854718,Authentication,166,34,-29,920,0,11,0,0,0,0,0,0,720,0
10987,5371860498,Authentication,166,34,-28,920,0,11,0,0,1,0,0,0,720,0
10988,5371866230,Authentication,166,34,-30,920,0,11,0,0,1,0,0,0,720,0
10989,5371872117,Authentication,166,34,-29,920,0,11,0,0,1,0,0,0,720,0
10990,5372094854,Authentication,166,34,-52,920,0,11,0,0,0,0,0,0,0,0
10991,5372102469,Authentication,166,34,-29,920,0,11,0,0,0,0,0,0,720,0
10992,5372108200,Authentication,166,34,-28,920,0,11,0,0,1,0,0,0,720,0
10993,5372113360,Authentication,166,34,-30,920,0,11,0,0,1,0,0,0,720,0
10994,5372270560,S1G Beacon,61,34,-30,920,3,1,,,,,,,0,0
10995,5372341638,Authentication,166,34,-52,920,0,11,0,0,0,0,0,0,0,0
10996,5372354702,Authentication,166,34,-29,920,0,11,0,0,0,0,0,0,720,0
10997,5372360537,Authentication,166,34,-28,920,0,11,0,0,1,0,0,0,720,0
10998,5372366218,Authentication,166,34,-28,920,0,11,0,0,1,0,0,0,720,0
10999,5372372106,Authentication,166,34,-30,920,0,11,0,0,1,0,0,0,720,0
11000,5372420812,Disassociation,64,34,-28,920,0,10,0,0,0,0,0,0,720,0
11001,5372423877,Disassociation,64,34,-28,920,0,10,0,0,1,0,0,0,720,0
11002,5372427044,Disassociation,64,34,-28,920,0,10,0,0,1,0,0,0,720,0
11003,5372430162,Disassociation,64,34,-28,920,0,10,0,0,1,0,0,0,720,0
11004,5372596613,Authentication,166,34,-51,920,0,11,0,0,0,0,0,0,0,0
11005,5372604736,Authentication,166,34,-28,920,0,11,0,0,0,0,0,0,720,0
11006,5372610780,Authentication,166,34,-29,920,0,11,0,0,1,0,0,0,720,0
11007,5372616770,Authentication,166,34,-29,920,0,11,0,0,1,0,0,0,720,0
11008,5372622812,Authentication,166,34,-28,920,0,11,0,0,1,0,0,0,720,0
11009,5372858756,Authentication,166,34,-51,920,0,11,0,0,0,0,0,0,0,0
11010,5372874884,Authentication,166,34,-30,920,0,11,0,0,0,0,0,0,720,0
11011,5372880927,Authentication,166,34,-28,920,0,11,0,0,1,0,0,0,720,0
11012,5372886708,Authentication,166,34,-29,920,0,11,0,0,1,0,0,0,720,0
11013,5372892544,Authentication,166,34,-29,920,0,11,0,0,1,0,0,0,720,0
11014,5373089762,S1G Beacon,129,34,-28,920,3,1,,,,,,,0,0
11015,5373118845,Authentication,166,34,-52,920,0,11,0,0,0,0,0,0,0,0
11016,5373190251,QoS Data,149,34,-31,920,2,8,1,0,0,0,0,1,720,0
11018,5373192977,QoS Data,149,34,-32,920,2,8,0,0,0,0,0,1,720,0
11020,5373200125,QoS Data,131,34,-21,920,2,8,1,0,0,0,0,1,720,0
11022,5373202449,QoS Data,131,34,-34,920,2,8,0,0,0,0,0,1,720,0
11024,5373358464,Authentication,166,34,-55,920,0,11,0,0,0,0,0,0,0,0
11025,5373374749,Authentication,166,34,-28,920,0,11,0,0,0,0,0,0,720,0
11026,5373380584,Authentication,166,34,-29,920,0,11,0,0,1,0,0,0,720,0
11027,5373386418,Authentication,166,34,-29,920,0,11,0,0,1,0,0,0,720,0
11029,5373393896,Authentication,166,34,-30,920,0,11,0,0,1,0,0,0,720,0
11030,5373400581,QoS Data,128,34,-33,920,2,8,0,0,0,0,0,1,720,0
11032,5373612414,Authentication,166,34,-51,920,0,11,0,0,0,0,0,0,0,0
11033,5373624799,Authentication,166,34,-30,920,0,11,0,0,0,0,0,0,720,0
11034,5373630738,Authentication,166,34,-30,920,0,11,0,0,1,0,0,0,720,0
11035,5373636573,Authentication,166,34,-29,920,0,11,0,0,1,0,0,0,720,0
11036,5373642564,Authentication,166,34,-28,920,0,11,0,0,1,0,0,0,720,0
11037,5373697992,Data,287,34,-29,920,2,0,0,0,0,0,0,1,0,0
11038,5373874557,Authentication,166,34,-53,920,0,11,0,0,0,0,0,0,0,0
11039,5373884708,Authentication,166,34,-28,920,0,11,0,0,0,0,0,0,720,0
11040,5373890648,Authentication,166,34,-28,920,0,11,0,0,1,0,0,0,720,0
11041,5373896693,Authentication,166,34,-28,920,0,11,0,0,1,0,0,0,720,0
11042,5373902424,Authentication,166,34,-28,920,0,11,0,0,1,0,0,0,720,0
11043,5373928985,S1G Beacon,61,34,-30,920,3,1,,,,,,,0,0
11044,5374136699,Authentication,166,34,-51,920,0,11,0,0,0,0,0,0,0,0
11045,5374379383,Authentication,166,34,-53,920,0,11,0,0,0,0,0,0,0,0
11046,5374394683,Authentication,166,34,-28,920,0,11,0,0,0,0,0,0,720,0
11047,5374400468,Authentication,166,34,-28,920,0,11,0,0,1,0,0,0,720,0
11048,5374406301,Authentication,166,34,-42,920,0,11,0,0,1,0,0,0,720,0
11049,5374412189,Authentication,166,34,-30,920,0,11,0,0,1,0,0,0,720,0
11050,5374628215,Authentication,166,34,-52,920,0,11,0,0,0,0,0,0,0,0
11051,5374644659,Authentication,166,34,-28,920,0,11,0,0,0,0,0,0,720,0
11052,5374650648,Authentication,166,34,-30,920,0,11,0,0,1,0,0,0,720,0
11053,5374656534,Authentication,166,34,-29,920,0,11,0,0,1,0,0,0,720,0
11054,5374662265,Authentication,166,34,-30,920,0,11,0,0,1,0,0,0,720,0
11055,5374728168,S1G Beacon,129,34,-27,920,3,1,,,,,,,0,0
11056,5374890357,Authentication,166,34,-52,920,0,11,0,0,0,0,0,0,0,0
11057,5374902484,Authentication,166,34,-28,920,0,11,0,0,0,0,0,0,720,0
11058,5374908580,Authentication,166,34,-28,920,0,11,0,0,1,0,0,0,720,0
11059,5374914518,Authentication,166,34,-30,920,0,11,0,0,1,0,0,0,720,0
11060,5374920403,Authentication,166,34,-29,920,0,11,0,0,1,0,0,0,720,0
11061,5375152499,Authentication,166,34,-51,920,0,11,0,0,0,0,0,0,0,0
11062,5375164729,Authentication,166,34,-30,920,0,11,0,0,0,0,0,0,720,0
11063,5375170771,Authentication,166,34,-29,920,0,11,0,0,1,0,0,0,720,0
11064,5375176657,Authentication,166,34,-28,920,0,11,0,0,1,0,0,0,720,0
11065,5375182338,Authentication,166,34,-28,920,0,11,0,0,1,0,0,0,720,0
11066,5375399280,Authentication,166,34,-52,920,0,11,0,0,0,0,0,0,0,0
11067,5375413641,Authentication,166,34,-28,920,0,11,0,0,0,0,0,0,720,0
11068,5375419582,Authentication,166,34,-28,920,0,11,0,0,1,0,0,0,720,0
11069,5375426131,Authentication,166,34,-30,920,0,11,0,0,1,0,0,0,720,0
11070,5375432174,Authentication,166,34,-30,920,0,11,0,0,1,0,0,0,720,0
11071,5375547371,S1G Beacon,61,34,-29,920,3,1,,,,,,,0,0
11072,5375644016,Authentication,166,34,-52,920,0,11,0,0,0,0,0,0,0,0
11073,5375654687,Authentication,166,34,-30,920,0,11,0,0,0,0,0,0,720,0
11074,5375660418,Authentication,166,34,-28,920,0,11,0,0,1,0,0,0,720,0
11075,5375666096,Authentication,166,34,-28,920,0,11,0,0,1,0,0,0,720,0
11076,5375671826,Authentication,166,34,-29,920,0,11,0,0,1,0,0,0,720,0
11077,5375906159,Authentication,166,34,-53,920,0,11,0,0,0,0,0,0,0,0
11078,5375914696,Authentication,166,34,-30,920,0,11,0,0,0,0,0,0,720,0
11079,5375920635,Authentication,166,34,-28,920,0,11,0,0,1,0,0,0,720,0
11080,5375926574,Authentication,166,34,-29,920,0,11,0,0,1,0,0,0,720,0
11081,5375932252,Authentication,166,34,-29,920,0,11,0,0,1,0,0,0,720,0
11082,5376168301,Authentication,166,34,-53,920,0,11,0,0,0,0,0,0,0,0
11083,5376184586,Authentication,166,34,-28,920,0,11,0,0,0,0,0,0,720,0
11084,5376190421,Authentication,166,34,-29,920,0,11,0,0,1,0,0,0,720,0
11085,5376196361,Authentication,166,34,-29,920,0,11,0,0,1,0,0,0,720,0
11086,5376202352,Authentication,166,34,-29,920,0,11,0,0,1,0,0,0,720,0
11087,5376366574,S1G Beacon,129,34,-29,920,3,1,,,,,,,0,0
11088,5376430444,Authentication,166,34,-52,920,0,11,0,0,0,0,0,0,0,0
11089,5376444753,Authentication,166,34,-28,920,0,11,0,0,0,0,0,0,720,0
11090,5376450615,Authentication,166,34,-28,920,0,11,0,0,1,0,0,0,720,0
11091,5376456502,Authentication,166,34,-30,920,0,11,0,0,1,0,0,0,720,0
11092,5376462181,Authentication,166,34,-30,920,0,11,0,0,1,0,0,0,720,0
11093,5376678247,Authentication,166,34,-53,920,0,11,0,0,0,0,0,0,0,0
11094,5376694584,Authentication,166,34,-30,920,0,11,0,0,0,0,0,0,720,0
11095,5376700618,Authentication,166,34,-29,920,0,11,0,0,1,0,0,0,720,0
11096,5376706504,Authentication,166,34,-30,920,0,11,0,0,1,0,0,0,720,0
11097,5376712392,Authentication,166,34,-30,920,0,11,0,0,1,0,0,0,720,0
11098,5376721817,Data,287,34,-29,920,2,0,0,0,0,0,0,1,0,0
11099,5376921960,Authentication,166,34,-53,920,0,11,0,0,0,0,0,0,0,0
11100,5376934712,Authentication,166,34,-28,920,0,11,0,0,0,0,0,0,720,0
11101,5376940600,Authentication,166,34,-29,920,0,11,0,0,1,0,0,0,720,0
11102,5376946642,Authentication,166,34,-29,920,0,11,0,0,1,0,0,0,720,0
11103,5376952319,Authentication,166,34,-29,920,0,11,0,0,1,0,0,0,720,0
11104,5377184102,Authentication,166,34,-53,920,0,11,0,0,0,0,0,0,0,0
11105,5377188689,S1G Beacon,61,34,-28,920,3,1,,,,,,,0,0
11106,5377190791,Authentication,166,34,-29,920,0,11,0,0,0,0,0,0,720,0
11107,5377196470,Authentication,166,34,-29,920,0,11,0,0,1,0,0,0,720,0
11108,5377202356,Authentication,166,34,-29,920,0,11,0,0,1,0,0,0,720,0
11109,5377208399,Authentication,166,34,-28,920,0,11,0,0,1,0,0,0,720,0
11110,5377446244,Authentication,166,34,-52,920,0,11,0,0,0,0,0,0,0,0
11111,5377454677,Authentication,166,34,-29,920,0,11,0,0,0,0,0,0,720,0
11112,5377460356,Authentication,166,34,-28,920,0,11,0,0,1,0,0,0,720,0
11113,5377466034,Authentication,166,34,-30,920,0,11,0,0,1,0,0,0,720,0
11114,5377471816,Authentication,166,34,-30,920,0,11,0,0,1,0,0,0,720,0
11115,5377696096,Authentication,166,34,-53,920,0,11,0,0,0,0,0,0,0,0
11116,5377704684,Authentication,166,34,-30,920,0,11,0,0,0,0,0,0,720,0
11117,5377710520,Authentication,166,34,-30,920,0,11,0,0,1,0,0,0,720,0
11118,5377716250,Authentication,166,34,-30,920,0,11,0,0,1,0,0,0,720,0
11119,5377722570,Authentication,166,34,-30,920,0,11,0,0,1,0,0,0,720,0
11120,5377937761,Authentication,166,34,-52,920,0,11,0,0,0,0,0,0,0,0
11121,5377954617,Authentication,166,34,-29,920,0,11,0,0,0,0,0,0,720,0
11122,5377959932,Authentication,166,34,-27,920,0,11,0,0,1,0,0,0,720,0
11123,5377965922,Authentication,166,34,-28,920,0,11,0,0,1,0,0,0,720,0
11124,5377971600,Authentication,166,34,-28,920,0,11,0,0,1,0,0,0,720,0
11125,5378004984,S1G Beacon,129,34,-29,920,3,1,,,,,,,0,0
11126,5378199904,Authentication,166,34,-51,920,0,11,0,0,0,0,0,0,0,0
11127,5378214692,Authentication,166,34,-29,920,0,11,0,0,0,0,0,0,720,0
11128,5378220581,Authentication,166,34,-30,920,0,11,0,0,1,0,0,0,720,0
11129,5378226365,Authentication,166,34,-29,920,0,11,0,0,1,0,0,0,720,0
11130,5378231368,Authentication,166,34,-28,920,0,11,0,0,1,0,0,0,720,0
11131,5378237612,RTS,54,34,-28,920,1,11,,,,0,0,0,2488,0
11133,5378242477,RTS,54,34,-28,920,1,11,,,,0,0,0,2488,0
11135,5378246818,RTS,54,34,-27,920,1,11,,,,0,0,0,2524,0
11136,5378250798,RTS,54,34,-26,920,1,11,,,,0,0,0,2524,0
11138,5378256012,RTS,54,34,-28,920,1,11,,,,0,0,0,2524,0
11140,5378260442,RTS,54,34,-26,920,1,11,,,,0,0,0,2632,0
11142,5378265293,RTS,54,34,-27,920,1,11,,,,0,0,0,2632,0
11144,5378266921,QoS Data,149,34,-28,920,2,8,1,0,1,0,0,1,720,0
11146,5378269205,QoS Data,149,34,-33,920,2,8,0,0,0,0,0,1,720,0
11148,5378276352,QoS Data,131,34,-23,920,2,8,1,0,0,0,0,1,720,0
11150,5378278837,QoS Data,131,34,-33,920,2,8,0,0,0,0,0,1,720,0
11151,5378381680,QoS Data,128,34,-30,920,2,8,1,0,0,0,0,1,720,0
11152,5378385456,RTS,54,34,-28,920,1,11,,,,0,0,0,2416,0
11154,5378387079,QoS Data,128,34,-32,920,2,8,1,0,1,0,0,1,720,0
11156,5378389979,QoS Data,128,34,-34,920,2,8,0,0,0,0,0,1,720,0
11158,5378462045,Authentication,166,34,-53,920,0,11,0,0,0,0,0,0,0,0
11159,5378474638,Authentication,166,34,-28,920,0,11,0,0,0,0,0,0,720,0
11160,5378480577,Authentication,166,34,-30,920,0,11,0,0,1,0,0,0,720,0
11161,5378486828,Authentication,166,34,-29,920,0,11,0,0,1,0,0,0,720,0
11162,5378492614,Authentication,166,34,-28,920,0,11,0,0,1,0,0,0,720,0
11163,5378706778,Authentication,166,34,-52,920,0,11,0,0,0,0,0,0,0,0
11164,5378724623,Authentication,166,34,-30,920,0,11,0,0,0,0,0,0,720,0
11165,5378730563,Authentication,166,34,-29,920,0,11,0,0,1,0,0,0,720,0
11166,5378736556,Authentication,166,34,-29,920,0,11,0,0,1,0,0,0,720,0
11167,5378742390,Authentication,166,34,-30,920,0,11,0,0,1,0,0,0,720,0
11168,5378824185,S1G Beacon,61,34,-28,920,3,1,,,,,,,0,0
11169,5378953561,Authentication,166,34,-52,920,0,11,0,0,0,0,0,0,0,0
11170,5378964699,Authentication,166,34,-29,920,0,11,0,0,0,0,0,0,720,0
11171,5378970637,Authentication,166,34,-30,920,0,11,0,0,1,0,0,0,720,0
11172,5378976324,Authentication,166,34,-30,920,0,11,0,0,1,0,0,0,720,0
11173,5378982214,Authentication,166,34,-30,920,0,11,0,0,1,0,0,0,720,0
11174,5379215704,Authentication,166,34,-51,920,0,11,0,0,0,0,0,0,0,0
11175,5379224656,Authentication,166,34,-29,920,0,11,0,0,0,0,0,0,720,0
11176,5379230336,Authentication,166,34,-30,920,0,11,0,0,1,0,0,0,720,0
11177,5379236118,Authentication,166,34,-28,920,0,11,0,0,1,0,0,0,720,0
11178,5379242164,Authentication,166,34,-29,920,0,11,0,0,1,0,0,0,720,0
11179,5379473747,Authentication,166,34,-51,920,0,11,0,0,0,0,0,0,0,0
11180,5379484686,Authentication,166,34,-31,920,0,11,0,0,0,0,0,0,720,0
11181,5379490677,Authentication,166,34,-31,920,0,11,0,0,1,0,0,0,720,0
11182,5379496424,Authentication,166,34,-29,920,0,11,0,0,1,0,0,0,720,0
11183,5379502362,Authentication,166,34,-31,920,0,11,0,0,1,0,0,0,720,0
11184,5379643391,S1G Beacon,129,34,-29,920,3,1,,,,,,,0,0
11185,5379726674,Authentication,166,34,-51,920,0,11,0,0,0,0,0,0,0,0
11186,5379744518,Authentication,166,34,-31,920,0,11,0,0,0,0,0,0,720,0
11187,5379750823,Data,287,34,-30,920,2,0,0,0,0,0,0,1,0,0
11188,5379758609,Authentication,166,34,-30,920,0,11,0,0,1,0,0,0,720,0
11189,5379764443,Authentication,166,34,-30,920,0,11,0,0,1,0,0,0,720,0
11190,5379770277,Authentication,166,34,-29,920,0,11,0,0,1,0,0,0,720,0
11191,5379969362,Authentication,166,34,-51,920,0,11,0,0,0,0,0,0,0,0
11192,5379984661,Authentication,166,34,-30,920,0,11,0,0,0,0,0,0,720,0
11193,5379990390,Authentication,166,34,-29,920,0,11,0,0,1,0,0,0,720,0
11194,5379996380,Authentication,166,34,-29,920,0,11,0,0,1,0,0,0,720,0
11195,5380002322,Authentication,166,34,-30,920,0,11,0,0,1,0,0,0,720,0
11196,5380231505,Authentication,166,34,-51,920,0,11,0,0,0,0,0,0,0,0
11197,5380242590,Authentication,166,34,-31,920,0,11,0,0,0,0,0,0,720,0
11198,5380248269,Authentication,166,34,-31,920,0,11,0,0,1,0,0,0,720,0
11199,5380254554,Authentication,166,34,-31,920,0,11,0,0,1,0,0,0,720,0
11200,5380260441,Authentication,166,34,-31,920,0,11,0,0,1,0,0,0,720,0
11201,5380462592,S1G Beacon,61,34,-30,920,3,1,,,,,,,0,0
11202,5380493648,Authentication,166,34,-51,920,0,11,0,0,0,0,0,0,0,0
11203,5380502491,Authentication,166,34,-31,920,0,11,0,0,0,0,0,0,720,0
11204,5380508430,Authentication,166,34,-31,920,0,11,0,0,1,0,0,0,720,0
11205,5380514421,Authentication,166,34,-33,920,0,11,0,0,1,0,0,0,720,0
11206,5380520259,Authentication,166,34,-30,920,0,11,0,0,1,0,0,0,720,0
11207,5380743499,Authentication,166,34,-55,920,0,11,0,0,0,0,0,0,0,0
11208,5380754689,Authentication,166,34,-32,920,0,11,0,0,0,0,0,0,720,0
11209,5380760526,Authentication,166,34,-30,920,0,11,0,0,1,0,0,0,720,0
11210,5380766412,Authentication,166,34,-31,920,0,11,0,0,1,0,0,0,720,0
11211,5380772351,Authentication,166,34,-30,920,0,11,0,0,1,0,0,0,720,0
11212,5380985164,Authentication,166,34,-51,920,0,11,0,0,0,0,0,0,0,0
11213,5380994689,Authentication,166,34,-31,920,0,11,0,0,0,0,0,0,720,0
11214,5381000678,Authentication,166,34,-31,920,0,11,0,0,1,0,0,0,720,0
11215,5381006359,Authentication,166,34,-32,920,0,11,0,0,1,0,0,0,720,0
11216,5381012321,Authentication,166,34,-33,920,0,11,0,0,1,0,0,0,720,0
11217,5381247306,Authentication,166,34,-53,920,0,11,0,0,0,0,0,0,0,0
11218,5381259171,Authentication,166,34,-30,920,0,11,0,0,0,0,0,0,720,0
11219,5381265165,Authentication,166,34,-31,920,0,11,0,0,1,0,0,0,720,0
11220,5381271002,Authentication,166,34,-30,920,0,11,0,0,1,0,0,0,720,0
11221,5381276836,Authentication,166,34,-31,920,0,11,0,0,1,0,0,0,720,0
11222,5381281797,S1G Beacon,129,34,-30,920,3,1,,,,,,,0,0
11223,5381509449,Authentication,166,34,-51,920,0,11,0,0,0,0,0,0,0,0
11224,5381524666,Authentication,166,34,-32,920,0,11,0,0,0,0,0,0,720,0
11225,5381530346,Authentication,166,34,-31,920,0,11,0,0,1,0,0,0,720,0
11226,5381536025,Authentication,166,34,-32,920,0,11,0,0,1,0,0,0,720,0
11227,5381542016,Authentication,166,34,-30,920,0,11,0,0,1,0,0,0,720,0
11228,5381767491,Authentication,166,34,-53,920,0,11,0,0,0,0,0,0,0,0
11229,5381784868,Authentication,166,34,-30,920,0,11,0,0,0,0,0,0,720,0
11230,5381790754,Authentication,166,34,-30,920,0,11,0,0,1,0,0,0,720,0
11231,5381796488,Authentication,166,34,-32,920,0,11,0,0,1,0,0,0,720,0
11232,5381802532,Authentication,166,34,-31,920,0,11,0,0,1,0,0,0,720,0
11233,5382000965,Authentication,166,34,-57,920,0,11,0,0,0,0,0,0,0,0
11234,5382014648,Authentication,166,34,-31,920,0,11,0,0,0,0,0,0,720,0
11235,5382020482,Authentication,166,34,-31,920,0,11,0,0,1,0,0,0,720,0
11236,5382026369,Authentication,166,34,-30,920,0,11,0,0,1,0,0,0,720,0
11237,5382032205,Authentication,166,34,-30,920,0,11,0,0,1,0,0,0,720,0
11238,5382100999,S1G Beacon,61,34,-31,920,3,1,,,,,,,0,0
11239,5382263108,Authentication,166,34,-52,920,0,11,0,0,0,0,0,0,0,0
11240,5382274660,Authentication,166,34,-31,920,0,11,0,0,0,0,0,0,720,0
11241,5382280706,Authentication,166,34,-31,920,0,11,0,0,1,0,0,0,720,0
11242,5382286175,Authentication,166,34,-31,920,0,11,0,0,1,0,0,0,720,0
11243,5382292010,Authentication,166,34,-31,920,0,11,0,0,1,0,0,0,720,0
11244,5382525249,Authentication,166,34,-56,920,0,11,0,0,0,0,0,0,0,0
11245,5382534673,Authentication,166,34,-31,920,0,11,0,0,0,0,0,0,720,0
11246,5382540405,Authentication,166,34,-30,920,0,11,0,0,1,0,0,0,720,0
11247,5382546399,Authentication,166,34,-32,920,0,11,0,0,1,0,0,0,720,0
11248,5382552079,Authentication,166,34,-31,920,0,11,0,0,1,0,0,0,720,0
11249,5382768957,Authentication,166,34,-55,920,0,11,0,0,0,0,0,0,0,0
11250,5382774169,Data,287,34,-31,920,2,0,0,0,0,0,0,1,0,0
11251,5382782474,Authentication,166,34,-33,920,0,11,0,0,0,0,0,0,720,0
11252,5382788412,Authentication,166,34,-31,920,0,11,0,0,1,0,0,0,720,0
11253,5382794195,Authentication,166,34,-32,920,0,11,0,0,1,0,0,0,720,0
11254,5382800083,Authentication,166,34,-31,920,0,11,0,0,1,0,0,0,720,0
11255,5382920203,S1G Beacon,129,34,-32,920,3,1,,,,,,,0,0
11256,5383016766,Authentication,166,34,-55,920,0,11,0,0,0,0,0,0,0,0
11257,5383034613,Authentication,166,34,-31,920,0,11,0,0,0,0,0,0,720,0
11258,5383040657,Authentication,166,34,-31,920,0,11,0,0,1,0,0,0,720,0
11259,5383046650,Authentication,166,34,-31,920,0,11,0,0,1,0,0,0,720,0
11260,5383052331,Authentication,166,34,-31,920,0,11,0,0,1,0,0,0,720,0
11261,5383278908,Authentication,166,34,-53,920,0,11,0,0,0,0,0,0,0,0
11262,5383293614,QoS Data,149,34,-28,920,2,8,1,0,1,0,0,1,720,0
11264,5383295666,Authentication,166,34,-32,920,0,11,0,0,0,0,0,0,720,0
11265,5383301398,Authentication,166,34,-32,920,0,11,0,0,1,0,0,0,720,0
11266,5383307440,Authentication,166,34,-31,920,0,11,0,0,1,0,0,0,720,0
11267,5383313380,Authentication,166,34,-32,920,0,11,0,0,1,0,0,0,720,0
11268,5383541050,Authentication,166,34,-56,920,0,11,0,0,0,0,0,0,0,0
11269,5383545687,QoS Data,149,34,-36,920,2,8,0,0,0,0,0,1,720,0
11271,5383547945,Authentication,166,34,-31,920,0,11,0,0,0,0,0,0,720,0
11272,5383553626,Authentication,166,34,-30,920,0,11,0,0,1,0,0,0,720,0
11273,5383558986,QoS Data,131,34,-21,920,2,8,1,0,0,0,0,1,720,0
11275,5383561259,Authentication,166,34,-31,920,0,11,0,0,1,0,0,0,720,0
11276,5383566939,Authentication,166,34,-32,920,0,11,0,0,1,0,0,0,720,0
11277,5383728049,QoS Data,131,34,-36,920,2,8,0,0,0,0,0,1,720,0
11279,5383739408,S1G Beacon,61,34,-31,920,3,1,,,,,,,0,0
11280,5383784760,Authentication,166,34,-52,920,0,11,0,0,0,0,0,0,0,0
11281,5383794649,Authentication,166,34,-31,920,0,11,0,0,0,0,0,0,720,0
11282,5383800641,Authentication,166,34,-32,920,0,11,0,0,1,0,0,0,720,0
11283,5383806683,Authentication,166,34,-32,920,0,11,0,0,1,0,0,0,720,0
11284,5383812675,Authentication,166,34,-31,920,0,11,0,0,1,0,0,0,720,0
11285,5383881526,QoS Data,128,34,-29,920,2,8,1,0,0,0,0,1,720,0
11287,5383883908,QoS Data,128,34,-36,920,2,8,0,0,0,0,0,1,720,0
11289,5384036663,Authentication,166,34,-53,920,0,11,0,0,0,0,0,0,0,0
11290,5384044681,Authentication,166,34,-31,920,0,11,0,0,0,0,0,0,720,0
11291,5384050571,Authentication,166,34,-28,920,0,11,0,0,1,0,0,0,720,0
11292,5384056612,Authentication,166,34,-31,920,0,11,0,0,1,0,0,0,720,0
11293,5384062446,Authentication,166,34,-30,920,0,11,0,0,1,0,0,0,720,0
11294,5384294709,Authentication,166,34,-57,920,0,11,0,0,0,0,0,0,0,0
11295,5384556851,Authentication,166,34,-51,920,0,11,0,0,0,0,0,0,0,0
11296,5384561420,S1G Beacon,129,34,-30,920,3,1,,,,,,,0,0
11297,5384565111,Authentication,166,34,-30,920,0,11,0,0,0,0,0,0,720,0
11298,5384571103,Authentication,166,34,-30,920,0,11,0,0,1,0,0,0,720,0
11299,5384576991,Authentication,166,34,-30,920,0,11,0,0,1,0,0,0,720,0
11300,5384582827,Authentication,166,34,-30,920,0,11,0,0,1,0,0,0,720,0
11301,5384804656,Authentication,166,34,-53,920,0,11,0,0,0,0,0,0,0,0
11302,5384814648,Authentication,166,34,-29,920,0,11,0,0,0,0,0,0,720,0
11303,5384820588,Authentication,166,34,-30,920,0,11,0,0,1,0,0,0,720,0
11304,5384826371,Authentication,166,34,-30,920,0,11,0,0,1,0,0,0,720,0
11305,5384832257,Authentication,166,34,-29,920,0,11,0,0,1,0,0,0,720,0
11306,5385048368,Authentication,166,34,-53,920,0,11,0,0,0,0,0,0,0,0
11307,5385310510,Authentication,166,34,-52,920,0,11,0,0,0,0,0,0,0,0
11308,5385324664,Authentication,166,34,-30,920,0,11,0,0,0,0,0,0,720,0
11309,5385330395,Authentication,166,34,-29,920,0,11,0,0,1,0,0,0,720,0
11310,5385336440,Authentication,166,34,-30,920,0,11,0,0,1,0,0,0,720,0
11311,5385342171,Authentication,166,34,-29,920,0,11,0,0,1,0,0,0,720,0
11312,5385377813,S1G Beacon,61,34,-29,920,3,1,,,,,,,0,0
11313,5385572652,Authentication,166,34,-54,920,0,11,0,0,0,0,0,0,0,0
11314,5385793835,Data,287,34,-30,920,2,0,0,0,0,0,0,1,0,0
11315,5385818409,Authentication,166,34,-54,920,0,11,0,0,0,0,0,0,0,0
11316,5385834645,Authentication,166,34,-29,920,0,11,0,0,0,0,0,0,720,0
11317,5385840427,Authentication,166,34,-31,920,0,11,0,0,1,0,0,0,720,0
11318,5385846158,Authentication,166,34,-29,920,0,11,0,0,1,0,0,0,720,0
11319,5385852203,Authentication,166,34,-29,920,0,11,0,0,1,0,0,0,720,0
11320,5386069289,Authentication,166,34,-56,920,0,11,0,0,0,0,0,0,0,0
11321,5386084847,Authentication,166,34,-30,920,0,11,0,0,0,0,0,0,720,0
11322,5386090578,Authentication,166,34,-29,920,0,11,0,0,1,0,0,0,720,0
11323,5386096519,Authentication,166,34,-30,920,0,11,0,0,1,0,0,0,720,0
11324,5386102562,Authentication,166,34,-30,920,0,11,0,0,1,0,0,0,720,0
11325,5386197016,S1G Beacon,129,34,-30,920,3,1,,,,,,,0,0
11326,5386326311,Authentication,166,34,-57,920,0,11,0,0,0,0,0,0,0,0
11327,5386334641,Authentication,166,34,-30,920,0,11,0,0,0,0,0,0,720,0
11328,5386340319,Authentication,166,34,-30,920,0,11,0,0,1,0,0,0,720,0
11329,5386346101,Authentication,166,34,-31,920,0,11,0,0,1,0,0,0,720,0
11330,5386351885,Authentication,166,34,-31,920,0,11,0,0,1,0,0,0,720,0
11331,5386405769,Disassociation,64,34,-30,920,0,10,0,0,0,0,0,0,720,0
11332,5386408936,Disassociation,64,34,-30,920,0,10,0,0,1,0,0,0,720,0
11333,5386411999,Disassociation,64,34,-30,920,0,10,0,0,1,0,0,0,720,0
11334,5386415114,Disassociation,64,34,-29,920,0,10,0,0,1,0,0,0,720,0
11335,5386541835,Data,132,34,-29,920,2,0,0,0,0,0,0,1,0,0
11336,5386588454,Authentication,166,34,-52,920,0,11,0,0,0,0,0,0,0,0
11337,5386602557,Authentication,166,34,-29,920,0,11,0,0,0,0,0,0,720,0
11338,5386608340,Authentication,166,34,-29,920,0,11,0,0,1,0,0,0,720,0
11339,5386614020,Authentication,166,34,-29,920,0,11,0,0,1,0,0,0,720,0
11340,5386620013,Authentication,166,34,-30,920,0,11,0,0,1,0,0,0,720,0
11341,5386754288,Data,378,34,-30,920,2,0,0,0,0,0,0,1,0,0
11342,5386836258,Authentication,166,34,-55,920,0,11,0,0,0,0,0,0,0,0
11343,5386844640,Authentication,166,34,-30,920,0,11,0,0,0,0,0,0,720,0
11344,5386850370,Authentication,166,34,-29,920,0,11,0,0,1,0,0,0,720,0
11345,5386856152,Authentication,166,34,-30,920,0,11,0,0,1,0,0,0,720,0
11346,5386862457,Data,387,34,-30,920,2,0,0,0,0,0,0,1,0,0
11347,5386872925,Authentication,166,34,-29,920,0,11,0,0,1,0,0,0,720,0
11348,5386961807,Data,450,34,-30,920,2,0,0,0,0,0,0,1,0,0
11349,5387016221,S1G Beacon,61,34,-29,920,3,1,,,,,,,0,0
11350,5387065847,Data,442,34,-31,920,2,0,0,0,0,0,0,1,0,0
11351,5387079970,Authentication,166,34,-55,920,0,11,0,0,0,0,0,0,0,0
11352,5387094643,Authentication,166,34,-29,920,0,11,0,0,0,0,0,0,720,0
11353,5387100528,Authentication,166,34,-31,920,0,11,0,0,1,0,0,0,720,0
11354,5387106415,Authentication,166,34,-31,920,0,11,0,0,1,0,0,0,720,0
11355,5387112147,Authentication,166,34,-29,920,0,11,0,0,1,0,0,0,720,0
11356,5387169933,Data,387,34,-30,920,2,0,0,0,0,0,0,1,0,0
11357,5387273845,Data,426,34,-30,920,2,0,0,0,0,0,0,1,0,0
11358,5387342112,Authentication,166,34,-53,920,0,11,0,0,0,0,0,0,0,0
11359,5387355952,Authentication,166,34,-30,920,0,11,0,0,0,0,0,0,720,0
11360,5387361683,Authentication,166,34,-30,920,0,11,0,0,1,0,0,0,720,0
11361,5387367673,Authentication,166,34,-30,920,0,11,0,0,1,0,0,0,720,0
11362,5387373719,Authentication,166,34,-30,920,0,11,0,0,1,0,0,0,720,0
11363,5387380022,Data,458,34,-30,920,2,0,0,0,0,0,0,1,0,0
11364,5387482019,Data,387,34,-30,920,2,0,0,0,0,0,0,1,0,0
11365,5387585983,Data,446,34,-30,920,2,0,0,0,0,0,0,1,0,0
11366,5387604255,Authentication,166,34,-52,920,0,11,0,0,0,0,0,0,0,0
11367,5387614768,Authentication,166,34,-28,920,0,11,0,0,0,0,0,0,720,0
11368,5387620708,Authentication,166,34,-29,920,0,11,0,0,1,0,0,0,720,0
11369,5387626698,Authentication,166,34,-30,920,0,11,0,0,1,0,0,0,720,0
11370,5387632688,Authentication,166,34,-29,920,0,11,0,0,1,0,0,0,720,0
11371,5387689952,Data,440,34,-29,920,2,0,0,0,0,0,0,1,0,0
11372,5387794172,Data,387,34,-29,920,2,0,0,0,0,0,0,1,0,0
11373,5387835424,S1G Beacon,129,34,-30,920,3,1,,,,,,,0,0
11374,5387841820,Authentication,166,34,-55,920,0,11,0,0,0,0,0,0,0,0
11375,5387853634,Authentication,166,34,-29,920,0,11,0,0,0,0,0,0,720,0
11376,5387859678,Authentication,166,34,-30,920,0,11,0,0,1,0,0,0,720,0
11377,5387865461,Authentication,166,34,-29,920,0,11,0,0,1,0,0,0,720,0
11378,5387871192,Authentication,166,34,-29,920,0,11,0,0,1,0,0,0,720,0
11379,5387897829,Data,442,34,-30,920,2,0,0,0,0,0,0,1,0,0
11380,5388001920,Data,452,34,-29,920,2,0,0,0,0,0,0,1,0,0
11381,5388095771,Authentication,166,34,-52,920,0,11,0,0,0,0,0,0,0,0
11382,5388104623,Authentication,166,34,-29,920,0,11,0,0,0,0,0,0,720,0
11383,5388110355,Authentication,166,34,-29,920,0,11,0,0,1,0,0,0,720,0
11384,5388116138,Authentication,166,34,-29,920,0,11,0,0,1,0,0,0,720,0
11385,5388121819,Authentication,166,34,-30,920,0,11,0,0,1,0,0,0,720,0
11386,5388357914,Authentication,166,34,-52,920,0,11,0,0,0,0,0,0,0,0
11388,5388620056,Authentication,166,34,-53,920,0,11,0,0,0,0,0,0,0,0
11389,5388634627,Authentication,166,34,-30,920,0,11,0,0,0,0,0,0,720,0
11390,5388640618,Authentication,166,34,-29,920,0,11,0,0,1,0,0,0,720,0
11391,5388646296,Authentication,166,34,-30,920,0,11,0,0,1,0,0,0,720,0
11392,5388654628,S1G Beacon,61,34,-31,920,3,1,,,,,,,0,0
11393,5388656417,Authentication,166,34,-30,920,0,11,0,0,1,0,0,0,720,0
11394,5388741260,QoS Data,148,34,-28,920,2,8,1,0,1,0,0,1,720,0
11396,5388743729,QoS Data,148,34,-34,920,2,8,0,0,0,0,0,1,720,0
11398,5388750877,QoS Data,131,34,-20,920,2,8,1,0,0,0,0,1,720,0
11401,5388817824,Data,287,34,-31,920,2,0,0,0,0,0,0,1,0,0
11402,5388858645,Authentication,166,34,-53,920,0,11,0,0,0,0,0,0,0,0
11403,5388874619,Authentication,166,34,-30,920,0,11,0,0,0,0,0,0,720,0
11404,5388880404,Authentication,166,34,-30,920,0,11,0,0,1,0,0,0,720,0
11405,5388885919,QoS Data,128,34,-28,920,2,8,1,0,0,0,0,1,720,0
11407,5388888036,Authentication,166,34,-30,920,0,11,0,0,1,0,0,0,720,0
11408,5388893769,Authentication,166,34,-29,920,0,11,0,0,1,0,0,0,720,0
11409,5388948498,QoS Data,128,34,-35,920,2,8,0,0,0,0,0,1,720,0
11411,5389111572,Authentication,166,34,-52,920,0,11,0,0,0,0,0,0,0,0
11412,5389124635,Authentication,166,34,-31,920,0,11,0,0,0,0,0,0,720,0
11413,5389130314,Authentication,166,34,-30,920,0,11,0,0,1,0,0,0,720,0
11414,5389136045,Authentication,166,34,-30,920,0,11,0,0,1,0,0,0,720,0
11415,5389141828,Authentication,166,34,-30,920,0,11,0,0,1,0,0,0,720,0
11416,5389373714,Authentication,166,34,-52,920,0,11,0,0,0,0,0,0,0,0
11417,5389473829,S1G Beacon,129,34,-30,920,3,1,,,,,,,0,0
11418,5389635857,Authentication,166,34,-52,920,0,11,0,0,0,0,0,0,0,0
11419,5389644604,Authentication,166,34,-30,920,0,11,0,0,0,0,0,0,720,0
11420,5389650439,Authentication,166,34,-30,920,0,11,0,0,1,0,0,0,720,0
11421,5389656326,Authentication,166,34,-30,920,0,11,0,0,1,0,0,0,720,0
11422,5389662161,Authentication,166,34,-30,920,0,11,0,0,1,0,0,0,720,0
11423,5389873422,Authentication,166,34,-56,920,0,11,0,0,0,0,0,0,0,0
11424,5389880868,Authentication,166,34,-29,920,0,11,0,0,0,0,0,0,720,0
11425,5389886861,Authentication,166,34,-30,920,0,11,0,0,1,0,0,0,720,0
11426,5389892591,Authentication,166,34,-31,920,0,11,0,0,1,0,0,0,720,0
11427,5389898479,Authentication,166,34,-29,920,0,11,0,0,1,0,0,0,720,0
11428,5390127373,Authentication,166,34,-57,920,0,11,0,0,0,0,0,0,0,0
11429,5390134609,Authentication,166,34,-28,920,0,11,0,0,0,0,0,0,720,0
11430,5390140496,Authentication,166,34,-29,920,0,11,0,0,1,0,0,0,720,0
11431,5390146383,Authentication,166,34,-30,920,0,11,0,0,1,0,0,0,720,0
11432,5390152271,Authentication,166,34,-29,920,0,11,0,0,1,0,0,0,720,0
11433,5390293033,S1G Beacon,61,34,-30,920,3,1,,,,,,,0,0
11434,5390389516,Authentication,166,34,-52,920,0,11,0,0,0,0,0,0,0,0
11435,5390565013,Data,132,34,-29,920,2,0,0,0,0,0,0,1,0,0
11436,5390645509,Authentication,166,34,-55,920,0,11,0,0,0,0,0,0,0,0
11437,5390654623,Authentication,166,34,-29,920,0,11,0,0,0,0,0,0,720,0
11438,5390660458,Authentication,166,34,-30,920,0,11,0,0,1,0,0,0,720,0
11439,5390666293,Authentication,166,34,-29,920,0,11,0,0,1,0,0,0,720,0
11440,5390672128,Authentication,166,34,-29,920,0,11,0,0,1,0,0,0,720,0
11441,5390889223,Authentication,166,34,-53,920,0,11,0,0,0,0,0,0,0,0
11442,5390902545,Authentication,166,34,-30,920,0,11,0,0,0,0,0,0,720,0
11443,5390908380,Authentication,166,34,-29,920,0,11,0,0,1,0,0,0,720,0
11444,5390914268,Authentication,166,34,-30,920,0,11,0,0,1,0,0,0,720,0
11445,5390920257,Authentication,166,34,-30,920,0,11,0,0,1,0,0,0,720,0
11446,5391112237,S1G Beacon,129,34,-30,920,3,1,,,,,,,0,0
11447,5391143175,Authentication,166,34,-55,920,0,11,0,0,0,0,0,0,0,0
11448,5391154627,Authentication,166,34,-30,920,0,11,0,0,0,0,0,0,720,0
11449,5391160358,Authentication,166,34,-30,920,0,11,0,0,1,0,0,0,720,0
11450,5391166089,Authentication,166,34,-29,920,0,11,0,0,1,0,0,0,720,0
11451,5391172080,Authentication,166,34,-29,920,0,11,0,0,1,0,0,0,720,0
11452,5391405316,Authentication,166,34,-52,920,0,11,0,0,0,0,0,0,0,0
11453,5391414634,Authentication,166,34,-30,920,0,11,0,0,0,0,0,0,720,0
11454,5391420678,Authentication,166,34,-29,920,0,11,0,0,1,0,0,0,720,0
11455,5391426720,Authentication,166,34,-30,920,0,11,0,0,1,0,0,0,720,0
11456,5391432555,Authentication,166,34,-29,920,0,11,0,0,1,0,0,0,720,0
11457,5391667459,Authentication,166,34,-52,920,0,11,0,0,0,0,0,0,0,0
11458,5391684577,Authentication,166,34,-29,920,0,11,0,0,0,0,0,0,720,0
11459,5391690362,Authentication,166,34,-29,920,0,11,0,0,1,0,0,0,720,0
11460,5391696404,Authentication,166,34,-30,920,0,11,0,0,1,0,0,0,720,0
11461,5391702241,Authentication,166,34,-30,920,0,11,0,0,1,0,0,0,720,0
11462,5391841924,Data,287,34,-31,920,2,0,0,0,0,0,0,1,0,0
11463,5391900930,Authentication,166,34,-52,920,0,11,0,0,0,0,0,0,0,0
11464,5391914824,Authentication,166,34,-30,920,0,11,0,0,0,0,0,0,720,0
11465,5391920815,Authentication,166,34,-29,920,0,11,0,0,1,0,0,0,720,0
11466,5391931438,S1G Beacon,61,34,-30,920,3,1,,,,,,,0,0
11467,5391933226,Authentication,166,34,-29,920,0,11,0,0,1,0,0,0,720,0
11468,5391939011,Authentication,166,34,-29,920,0,11,0,0,1,0,0,0,720,0
11469,5392158975,Authentication,166,34,-56,920,0,11,0,0,0,0,0,0,0,0
11470,5392174586,Authentication,166,34,-30,920,0,11,0,0,0,0,0,0,720,0
11471,5392180524,Authentication,166,34,-29,920,0,11,0,0,1,0,0,0,720,0
11472,5392186464,Authentication,166,34,-30,920,0,11,0,0,1,0,0,0,720,0
11473,5392192509,Authentication,166,34,-29,920,0,11,0,0,1,0,0,0,720,0
11474,5392421118,Authentication,166,34,-52,920,0,11,0,0,0,0,0,0,0,0
11475,5392434651,Authentication,166,34,-29,920,0,11,0,0,0,0,0,0,720,0
11476,5392440592,Authentication,166,34,-30,920,0,11,0,0,1,0,0,0,720,0
11477,5392446637,Authentication,166,34,-29,920,0,11,0,0,1,0,0,0,720,0
11478,5392452419,Authentication,166,34,-29,920,0,11,0,0,1,0,0,0,720,0
11479,5392680184,Authentication,166,34,-55,920,0,11,0,0,0,0,0,0,0,0
11480,5392694078,Authentication,166,34,-30,920,0,11,0,0,0,0,0,0,720,0
11481,5392700019,Authentication,166,34,-30,920,0,11,0,0,1,0,0,0,720,0
11482,5392705751,Authentication,166,34,-29,920,0,11,0,0,1,0,0,0,720,0
11483,5392711688,Authentication,166,34,-29,920,0,11,0,0,1,0,0,0,720,0
11484,5392750642,S1G Beacon,129,34,-29,920,3,1,,,,,,,0,0
11485,5392914682,Authentication,166,34,-53,920,0,11,0,0,0,0,0,0,0,0
11486,5392924625,Authentication,166,34,-29,920,0,11,0,0,0,0,0,0,720,0
11487,5392930459,Authentication,166,34,-31,920,0,11,0,0,1,0,0,0,720,0
11488,5392936140,Authentication,166,34,-29,920,0,11,0,0,1,0,0,0,720,0
11489,5392942131,Authentication,166,34,-28,920,0,11,0,0,1,0,0,0,720,0
11490,5393174777,Authentication,166,34,-52,920,0,11,0,0,0,0,0,0,0,0
11491,5393184613,Authentication,166,34,-29,920,0,11,0,0,0,0,0,0,720,0
11492,5393190501,Authentication,166,34,-30,920,0,11,0,0,1,0,0,0,720,0
11493,5393196233,Authentication,166,34,-30,920,0,11,0,0,1,0,0,0,720,0
11494,5393202172,Authentication,166,34,-30,920,0,11,0,0,1,0,0,0,720,0
11495,5393436919,Authentication,166,34,-52,920,0,11,0,0,0,0,0,0,0,0
11496,5393444626,Authentication,166,34,-30,920,0,11,0,0,0,0,0,0,720,0
11497,5393450410,Authentication,166,34,-29,920,0,11,0,0,1,0,0,0,720,0
11498,5393456090,Authentication,166,34,-30,920,0,11,0,0,1,0,0,0,720,0
11499,5393461874,Authentication,166,34,-30,920,0,11,0,0,1,0,0,0,720,0
11500,5393569848,S1G Beacon,61,34,-30,920,3,1,,,,,,,0,0
11501,5393572261,Data,132,34,-30,920,2,0,0,0,0,0,0,1,0,0
11502,5393684723,Authentication,166,34,-53,920,0,11,0,0,0,0,0,0,0,0
11503,5393693053,Authentication,166,34,-33,920,0,11,0,0,0,0,0,0,720,0
11504,5393698938,Authentication,166,34,-30,920,0,11,0,0,1,0,0,0,720,0
11505,5393704723,Authentication,166,34,-30,920,0,11,0,0,1,0,0,0,720,0
11506,5393710608,Authentication,166,34,-30,920,0,11,0,0,1,0,0,0,720,0
11507,5393758609,QoS Data,148,34,-28,920,2,8,1,0,0,0,0,1,720,0
11509,5393760867,QoS Data,148,34,-34,920,2,8,0,0,0,0,0,1,720,0
11511,5393768012,QoS Data,131,34,-21,920,2,8,1,0,0,0,0,1,720,0
11513,5393770288,QoS Data,131,34,-33,920,2,8,0,0,0,0,0,1,720,0
11515,5393881287,QoS Data,128,34,-29,920,2,8,1,0,0,0,0,1,720,0
11517,5393883821,QoS Data,128,34,-34,920,2,8,0,0,0,0,0,1,720,0
11519,5393928435,Authentication,166,34,-57,920,0,11,0,0,0,0,0,0,0,0
11520,5393944566,Authentication,166,34,-31,920,0,11,0,0,0,0,0,0,720,0
11521,5393950504,Authentication,166,34,-29,920,0,11,0,0,1,0,0,0,720,0
11522,5393956546,Authentication,166,34,-29,920,0,11,0,0,1,0,0,0,720,0
11523,5393962432,Authentication,166,34,-30,920,0,11,0,0,1,0,0,0,720,0
11524,5394064516,Data,132,34,-28,920,2,0,0,0,0,0,0,1,0,0
11525,5394190577,Authentication,166,34,-51,920,0,11,0,0,0,0,0,0,0,0
11526,5394200779,Authentication,166,34,-31,920,0,11,0,0,0,0,0,0,720,0
11527,5394205834,Authentication,166,34,-30,920,0,11,0,0,1,0,0,0,720,0
11528,5394211878,Authentication,166,34,-30,920,0,11,0,0,1,0,0,0,720,0
11529,5394217714,Authentication,166,34,-29,920,0,11,0,0,1,0,0,0,720,0
11530,5394389049,S1G Beacon,129,34,-29,920,3,1,,,,,,,0,0
11531,5394452719,Authentication,166,34,-53,920,0,11,0,0,0,0,0,0,0,0
11532,5394464640,Authentication,166,34,-30,920,0,11,0,0,0,0,0,0,720,0
11533,5394470372,Authentication,166,34,-29,920,0,11,0,0,1,0,0,0,720,0
11534,5394476215,Authentication,166,34,-48,920,0,11,0,0,1,0,0,0,720,0
11535,5394482050,Authentication,166,34,-30,920,0,11,0,0,1,0,0,0,720,0
11536,5394696428,Authentication,166,34,-53,920,0,11,0,0,0,0,0,0,0,0
11537,5394705050,Authentication,166,34,-31,920,0,11,0,0,0,0,0,0,720,0
11538,5394710834,Authentication,166,34,-29,920,0,11,0,0,1,0,0,0,720,0
11539,5394716515,Authentication,166,34,-30,920,0,11,0,0,1,0,0,0,720,0
11540,5394722400,Authentication,166,34,-30,920,0,11,0,0,1,0,0,0,720,0
11541,5394865960,Data,287,34,-30,920,2,0,0,0,0,0,0,1,0,0
11542,5394944236,Authentication,166,34,-52,920,0,11,0,0,0,0,0,0,0,0
11543,5394954592,Authentication,166,34,-30,920,0,11,0,0,0,0,0,0,720,0
11544,5394960327,Authentication,166,34,-30,920,0,11,0,0,1,0,0,0,720,0
11545,5394966058,Authentication,166,34,-31,920,0,11,0,0,1,0,0,0,720,0
11546,5394971840,Authentication,166,34,-30,920,0,11,0,0,1,0,0,0,720,0
11547,5395206378,Authentication,166,34,-51,920,0,11,0,0,0,0,0,0,0,0
11548,5395210959,S1G Beacon,61,34,-30,920,3,1,,,,,,,0,0
11549,5395213110,Authentication,166,34,-28,920,0,11,0,0,0,0,0,0,720,0
11550,5395218842,Authentication,166,34,-30,920,0,11,0,0,1,0,0,0,720,0
11551,5395224885,Authentication,166,34,-31,920,0,11,0,0,1,0,0,0,720,0
11552,5395230928,Authentication,166,34,-29,920,0,11,0,0,1,0,0,0,720,0
11553,5395468520,Authentication,166,34,-51,920,0,11,0,0,0,0,0,0,0,0
11554,5395484598,Authentication,166,34,-30,920,0,11,0,0,0,0,0,0,720,0
11555,5395490589,Authentication,166,34,-28,920,0,11,0,0,1,0,0,0,720,0
11556,5395496527,Authentication,166,34,-30,920,0,11,0,0,1,0,0,0,720,0
11557,5395502361,Authentication,166,34,-29,920,0,11,0,0,1,0,0,0,720,0
11558,5395711205,Authentication,166,34,-53,920,0,11,0,0,0,0,0,0,0,0
11559,5395721822,Authentication,166,34,-29,920,0,11,0,0,0,0,0,0,720,0
11560,5395727708,Authentication,166,34,-30,920,0,11,0,0,1,0,0,0,720,0
11561,5395733597,Authentication,166,34,-30,920,0,11,0,0,1,0,0,0,720,0
11562,5395739638,Authentication,166,34,-29,920,0,11,0,0,1,0,0,0,720,0
11563,5395960037,Authentication,166,34,-53,920,0,11,0,0,0,0,0,0,0,0
11564,5395974579,Authentication,166,34,-31,920,0,11,0,0,0,0,0,0,720,0
11565,5395980416,Authentication,166,34,-30,920,0,11,0,0,1,0,0,0,720,0
11566,5395986252,Authentication,166,34,-29,920,0,11,0,0,1,0,0,0,720,0
11567,5395992035,Authentication,166,34,-29,920,0,11,0,0,1,0,0,0,720,0
11568,5396027455,S1G Beacon,129,34,-30,920,3,1,,,,,,,0,0
11569,5396222180,Authentication,166,34,-52,920,0,11,0,0,0,0,0,0,0,0
11570,5396479711,Authentication,166,34,-53,920,0,11,0,0,0,0,0,0,0,0
11571,5396494592,Authentication,166,34,-29,920,0,11,0,0,0,0,0,0,720,0
11572,5396500531,Authentication,166,34,-30,920,0,11,0,0,1,0,0,0,720,0
11573,5396506574,Authentication,166,34,-31,920,0,11,0,0,1,0,0,0,720,0
11574,5396512513,Authentication,166,34,-29,920,0,11,0,0,1,0,0,0,720,0
11575,5396722911,Authentication,166,34,-53,920,0,11,0,0,0,0,0,0,0,0
11576,5396846673,S1G Beacon,61,34,-31,920,3,1,,,,,,,0,0
11577,5396975838,Authentication,166,34,-52,920,0,11,0,0,0,0,0,0,0,0
11578,5397237980,Authentication,166,34,-52,920,0,11,0,0,0,0,0,0,0,0
11579,5397487833,Authentication,166,34,-51,920,0,11,0,0,0,0,0,0,0,0
11580,5397504536,Authentication,166,34,-31,920,0,11,0,0,0,0,0,0,720,0
11581,5397515375,Authentication,166,34,-29,920,0,11,0,0,1,0,0,0,720,0
11582,5397521157,Authentication,166,34,-29,920,0,11,0,0,1,0,0,0,720,0
11583,5397665862,S1G Beacon,129,34,-30,920,3,1,,,,,,,0,0
11584,5397743831,Authentication,166,34,-53,920,0,11,0,0,0,0,0,0,0,0
11585,5397754605,Authentication,166,34,-30,920,0,11,0,0,0,0,0,0,720,0
11586,5397760595,Authentication,166,34,-30,920,0,11,0,0,1,0,0,0,720,0
11587,5397766637,Authentication,166,34,-29,920,0,11,0,0,1,0,0,0,720,0
11588,5397772371,Authentication,166,34,-29,920,0,11,0,0,1,0,0,0,720,0
11589,5397889870,Data,287,34,-30,920,2,0,0,0,0,0,0,1,0,0
11590,5397991640,Authentication,166,34,-53,920,0,11,0,0,0,0,0,0,0,0
11591,5398002597,Authentication,166,34,-30,920,0,11,0,0,0,0,0,0,720,0
11592,5398008328,Authentication,166,34,-30,920,0,11,0,0,1,0,0,0,720,0
11593,5398014162,Authentication,166,34,-29,920,0,11,0,0,1,0,0,0,720,0
11594,5398020156,Authentication,166,34,-29,920,0,11,0,0,1,0,0,0,720,0
11595,5398253782,Authentication,166,34,-53,920,0,11,0,0,0,0,0,0,0,0
11596,5398265919,Authentication,166,34,-31,920,0,11,0,0,0,0,0,0,720,0
11597,5398271705,Authentication,166,34,-30,920,0,11,0,0,1,0,0,0,720,0
11598,5398277643,Authentication,166,34,-31,920,0,11,0,0,1,0,0,0,720,0
11599,5398283373,Authentication,166,34,-29,920,0,11,0,0,1,0,0,0,720,0
11600,5398485067,S1G Beacon,61,34,-30,920,3,1,,,,,,,0,0
11601,5398509777,Authentication,166,34,-54,920,0,11,0,0,0,0,0,0,0,0
11602,5398745299,Authentication,166,34,-52,920,0,11,0,0,0,0,0,0,0,0
11603,5398754669,Authentication,166,34,-30,920,0,11,0,0,0,0,0,0,720,0
11604,5398760400,Authentication,166,34,-29,920,0,11,0,0,1,0,0,0,720,0
11605,5398766287,Authentication,166,34,-29,920,0,11,0,0,1,0,0,0,720,0
11606,5398772070,Authentication,166,34,-29,920,0,11,0,0,1,0,0,0,720,0
11607,5398793809,QoS Data,148,34,-27,920,2,8,1,0,0,0,0,1,720,0
11609,5398796534,QoS Data,148,34,-35,920,2,8,0,0,0,0,0,1,720,0
11611,5398803735,QoS Data,131,34,-21,920,2,8,1,0,0,0,0,1,720,0
11613,5398806530,QoS Data,131,34,-35,920,2,8,0,0,0,0,0,1,720,0
11614,5398880826,QoS Data,128,34,-28,920,2,8,1,0,0,0,0,1,720,0
11616,5398883517,QoS Data,128,34,-34,920,2,8,0,0,0,0,0,1,720,0
11618,5399007441,Authentication,166,34,-52,920,0,11,0,0,0,0,0,0,0,0
11619,5399024507,Authentication,166,34,-30,920,0,11,0,0,0,0,0,0,720,0
11620,5399030550,Authentication,166,34,-29,920,0,11,0,0,1,0,0,0,720,0
11621,5399036492,Authentication,166,34,-30,920,0,11,0,0,1,0,0,0,720,0
11622,5399042222,Authentication,166,34,-30,920,0,11,0,0,1,0,0,0,720,0
11623,5399269583,Authentication,166,34,-53,920,0,11,0,0,0,0,0,0,0,0
11624,5399279575,Authentication,166,34,-30,920,0,11,0,0,0,0,0,0,720,0
11625,5399285410,Authentication,166,34,-30,920,0,11,0,0,1,0,0,0,720,0
11626,5399291244,Authentication,166,34,-29,920,0,11,0,0,1,0,0,0,720,0
11627,5399297132,Authentication,166,34,-29,920,0,11,0,0,1,0,0,0,720,0
11628,5399305880,S1G Beacon,129,34,-29,920,3,1,,,,,,,0,0
11629,5399516363,Authentication,166,34,-53,920,0,11,0,0,0,0,0,0,0,0
11630,5399524589,Authentication,166,34,-31,920,0,11,0,0,0,0,0,0,720,0
11631,5399530582,Authentication,166,34,-29,920,0,11,0,0,1,0,0,0,720,0
11632,5399536313,Authentication,166,34,-28,920,0,11,0,0,1,0,0,0,720,0
11633,5399542202,Authentication,166,34,-30,920,0,11,0,0,1,0,0,0,720,0
11634,5399761099,Authentication,166,34,-52,920,0,11,0,0,0,0,0,0,0,0
11635,5399774579,Authentication,166,34,-29,920,0,11,0,0,0,0,0,0,720,0
11636,5399780518,Authentication,166,34,-30,920,0,11,0,0,1,0,0,0,720,0
11637,5399786249,Authentication,166,34,-31,920,0,11,0,0,1,0,0,0,720,0
11638,5399792138,Authentication,166,34,-29,920,0,11,0,0,1,0,0,0,720,0
11639,5400023241,Authentication,166,34,-53,920,0,11,0,0,0,0,0,0,0,0
11640,5400034459,Authentication,166,34,-31,920,0,11,0,0,0,0,0,0,720,0
11641,5400040141,Authentication,166,34,-24,920,0,11,0,0,1,0,0,0,720,0
11642,5400045926,Authentication,166,34,-31,920,0,11,0,0,1,0,0,0,720,0
11643,5400051916,Authentication,166,34,-30,920,0,11,0,0,1,0,0,0,720,0
11644,5400123472,S1G Beacon,61,34,-29,920,3,1,,,,,,,0,0
11645,5400528068,Authentication,166,34,-51,920,0,11,0,0,0,0,0,0,0,0
11646,5400544510,Authentication,166,34,-29,920,0,11,0,0,0,0,0,0,720,0
11647,5400550295,Authentication,166,34,-30,920,0,11,0,0,1,0,0,0,720,0
11648,5400556181,Authentication,166,34,-46,920,0,11,0,0,1,0,0,0,720,0
11649,5400561859,Authentication,166,34,-31,920,0,11,0,0,1,0,0,0,720,0
11650,5400776901,Authentication,166,34,-52,920,0,11,0,0,0,0,0,0,0,0
11651,5400784553,Authentication,166,34,-29,920,0,11,0,0,0,0,0,0,720,0
11652,5400790499,Authentication,166,34,-30,920,0,11,0,0,1,0,0,0,720,0
11653,5400796439,Authentication,166,34,-30,920,0,11,0,0,1,0,0,0,720,0
11654,5400802377,Authentication,166,34,-29,920,0,11,0,0,1,0,0,0,720,0
11655,5400913885,Data,287,34,-30,920,2,0,0,0,0,0,0,1,0,0
11656,5400942676,S1G Beacon,129,34,-30,920,3,1,,,,,,,0,0
11657,5401039042,Authentication,166,34,-52,920,0,11,0,0,0,0,0,0,0,0
11658,5401301185,Authentication,166,34,-52,920,0,11,0,0,0,0,0,0,0,0
11659,5401314530,Authentication,166,34,-29,920,0,11,0,0,0,0,0,0,720,0
11660,5401320417,Authentication,166,34,-29,920,0,11,0,0,1,0,0,0,720,0
11661,5401326198,Authentication,166,34,-29,920,0,11,0,0,1,0,0,0,720,0
11662,5401331982,Authentication,166,34,-31,920,0,11,0,0,1,0,0,0,720,0
11663,5401545917,Authentication,166,34,-53,920,0,11,0,0,0,0,0,0,0,0
11664,5401554971,Authentication,166,34,-27,920,0,11,0,0,0,0,0,0,720,0
11665,5401560650,Authentication,166,34,-28,920,0,11,0,0,1,0,0,0,720,0
11666,5401566536,Authentication,166,34,-30,920,0,11,0,0,1,0,0,0,720,0
11667,5401572318,Authentication,166,34,-29,920,0,11,0,0,1,0,0,0,720,0
11668,5401624848,Disassociation,64,34,-30,920,0,10,0,0,0,0,0,0,720,0
11669,5401627806,Disassociation,64,34,-29,920,0,10,0,0,1,0,0,0,720,0
11670,5401630090,Disassociation,64,34,-29,920,0,10,0,0,1,0,0,0,720,0
11671,5401633363,Disassociation,64,34,-30,920,0,10,0,0,1,0,0,0,720,0
11672,5401761882,S1G Beacon,61,34,-30,920,3,1,,,,,,,0,0
11673,5401792701,Authentication,166,34,-52,920,0,11,0,0,0,0,0,0,0,0
11674,5401802590,Authentication,166,34,-29,920,0,11,0,0,0,0,0,0,720,0
11675,5401808477,Authentication,166,34,-28,920,0,11,0,0,1,0,0,0,720,0
11676,5401814470,Authentication,166,34,-28,920,0,11,0,0,1,0,0,0,720,0
11677,5401820463,Authentication,166,34,-28,920,0,11,0,0,1,0,0,0,720,0
11678,5402054843,Authentication,166,34,-53,920,0,11,0,0,0,0,0,0,0,0
11679,5402064577,Authentication,166,34,-30,920,0,11,0,0,0,0,0,0,720,0
11680,5402070545,Authentication,166,34,-31,920,0,11,0,0,1,0,0,0,720,0
11681,5402076432,Authentication,166,34,-28,920,0,11,0,0,1,0,0,0,720,0
11682,5402082374,Authentication,166,34,-29,920,0,11,0,0,1,0,0,0,720,0
11683,5402316985,Authentication,166,34,-52,920,0,11,0,0,0,0,0,0,0,0
11684,5402560694,Authentication,166,34,-52,920,0,11,0,0,0,0,0,0,0,0
11685,5402581084,S1G Beacon,129,34,-29,920,3,1,,,,,,,0,0
11686,5402808502,Authentication,166,34,-52,920,0,11,0,0,0,0,0,0,0,0
11687,5402824527,Authentication,166,34,-30,920,0,11,0,0,0,0,0,0,720,0
11688,5402830205,Authentication,166,34,-28,920,0,11,0,0,1,0,0,0,720,0
11689,5402836918,Authentication,166,34,-29,920,0,11,0,0,1,0,0,0,720,0
11690,5402842910,Authentication,166,34,-30,920,0,11,0,0,1,0,0,0,720,0
11691,5403070645,Authentication,166,34,-52,920,0,11,0,0,0,0,0,0,0,0
11692,5403084590,Authentication,166,34,-28,920,0,11,0,0,0,0,0,0,720,0
11693,5403090271,Authentication,166,34,-41,920,0,11,0,0,1,0,0,0,720,0
11694,5403096003,Authentication,166,34,-30,920,0,11,0,0,1,0,0,0,720,0
11695,5403101943,Authentication,166,34,-28,920,0,11,0,0,1,0,0,0,720,0
11696,5403400286,S1G Beacon,61,34,-28,920,3,1,,,,,,,0,0
11697,5403573424,Authentication,166,34,-52,920,0,11,0,0,0,0,0,0,0,0
11698,5403584561,Authentication,166,34,-28,920,0,11,0,0,0,0,0,0,720,0
11699,5403589671,Authentication,166,34,-30,920,0,11,0,0,1,0,0,0,720,0
11700,5403595560,Authentication,166,34,-29,920,0,11,0,0,1,0,0,0,720,0
11701,5403818235,QoS Data,149,34,-28,920,2,8,1,0,0,0,0,1,720,0
11703,5403820492,QoS Data,149,34,-33,920,2,8,0,0,0,0,0,1,720,0
11705,5403824303,Authentication,166,34,-51,920,0,11,0,0,0,0,0,0,0,0
11706,5403828993,QoS Data,131,34,-20,920,2,8,1,0,0,0,0,1,720,0
11708,5403834546,Authentication,166,34,-29,920,0,11,0,0,0,0,0,0,720,0
11709,5403840278,Authentication,166,34,-30,920,0,11,0,0,1,0,0,0,720,0
11710,5403846164,Authentication,166,34,-30,920,0,11,0,0,1,0,0,0,720,0
11711,5403852001,QoS Data,131,34,-33,920,2,8,0,0,0,0,0,1,720,0
11713,5403854012,Authentication,166,34,-28,920,0,11,0,0,1,0,0,0,720,0
11714,5403880639,QoS Data,128,34,-28,920,2,8,1,0,0,0,0,1,720,0
11717,5403937819,Data,287,34,-29,920,2,0,0,0,0,0,0,1,0,0
11718,5404086446,Authentication,166,34,-51,920,0,11,0,0,0,0,0,0,0,0
11719,5404102573,Authentication,166,34,-30,920,0,11,0,0,0,0,0,0,720,0
11720,5404108409,Authentication,166,34,-28,920,0,11,0,0,1,0,0,0,720,0
11721,5404114192,Authentication,166,34,-29,920,0,11,0,0,1,0,0,0,720,0
11722,5404119974,Authentication,166,34,-28,920,0,11,0,0,1,0,0,0,720,0
11723,5404219491,S1G Beacon,129,34,-28,920,3,1,,,,,,,0,0
11724,5404348588,Authentication,166,34,-52,920,0,11,0,0,0,0,0,0,0,0
11725,5404364613,Authentication,166,34,-29,920,0,11,0,0,0,0,0,0,720,0
11726,5404370657,Authentication,166,34,-29,920,0,11,0,0,1,0,0,0,720,0
11727,5404376492,Authentication,166,34,-31,920,0,11,0,0,1,0,0,0,720,0
11728,5404382431,Authentication,166,34,-30,920,0,11,0,0,1,0,0,0,720,0
11729,5404586153,Authentication,166,34,-52,920,0,11,0,0,0,0,0,0,0,0
11730,5404840104,Authentication,166,34,-53,920,0,11,0,0,0,0,0,0,0,0
11731,5404852596,Authentication,166,34,-30,920,0,11,0,0,0,0,0,0,720,0
11732,5404858328,Authentication,166,34,-29,920,0,11,0,0,1,0,0,0,720,0
11733,5404864161,Authentication,166,34,-49,920,0,11,0,0,1,0,0,0,720,0
11734,5404869839,Authentication,166,34,-28,920,0,11,0,0,1,0,0,0,720,0
11735,5405038693,S1G Beacon,61,34,-28,920,3,1,,,,,,,0,0
11736,5405102246,Authentication,166,34,-53,920,0,11,0,0,0,0,0,0,0,0
11737,5405114788,Authentication,166,34,-29,920,0,11,0,0,0,0,0,0,720,0
11738,5405120726,Authentication,166,34,-29,920,0,11,0,0,1,0,0,0,720,0
11739,5405126664,Authentication,166,34,-28,920,0,11,0,0,1,0,0,0,720,0
11740,5405132448,Authentication,166,34,-30,920,0,11,0,0,1,0,0,0,720,0
11741,5405364389,Authentication,166,34,-52,920,0,11,0,0,0,0,0,0,0,0
11742,5405374539,Authentication,166,34,-29,920,0,11,0,0,0,0,0,0,720,0
11743,5405380272,Authentication,166,34,-30,920,0,11,0,0,1,0,0,0,720,0
11744,5405386365,Authentication,166,34,-29,920,0,11,0,0,1,0,0,0,720,0
11745,5405392359,Authentication,166,34,-30,920,0,11,0,0,1,0,0,0,720,0
11746,5405608097,Authentication,166,34,-54,920,0,11,0,0,0,0,0,0,0,0
11747,5405620119,Authentication,166,34,-29,920,0,11,0,0,0,0,0,0,720,0
11748,5405625851,Authentication,166,34,-30,920,0,11,0,0,1,0,0,0,720,0
11749,5405631323,Authentication,166,34,-30,920,0,11,0,0,1,0,0,0,720,0
11750,5405636534,Authentication,166,34,-29,920,0,11,0,0,1,0,0,0,720,0
11751,5405855906,Authentication,166,34,-53,920,0,11,0,0,0,0,0,0,0,0
11752,5405860499,S1G Beacon,129,34,-28,920,3,1,,,,,,,0,0
11753,5405864844,Authentication,166,34,-30,920,0,11,0,0,0,0,0,0,720,0
11754,5405870626,Authentication,166,34,-29,920,0,11,0,0,1,0,0,0,720,0
11755,5405876303,Authentication,166,34,-30,920,0,11,0,0,1,0,0,0,720,0
11756,5405882034,Authentication,166,34,-30,920,0,11,0,0,1,0,0,0,720,0
11757,5406118048,Authentication,166,34,-52,920,0,11,0,0,0,0,0,0,0,0
11758,5406379161,Authentication,166,34,-52,920,0,11,0,0,0,0,0,0,0,0
11759,5406623899,Authentication,166,34,-52,920,0,11,0,0,0,0,0,0,0,0
11760,5406634568,Authentication,166,34,-30,920,0,11,0,0,0,0,0,0,720,0
11761,5406640506,Authentication,166,34,-28,920,0,11,0,0,1,0,0,0,720,0
11762,5406646289,Authentication,166,34,-28,920,0,11,0,0,1,0,0,0,720,0
11763,5406652128,Authentication,166,34,-29,920,0,11,0,0,1,0,0,0,720,0
11764,5406677101,S1G Beacon,61,34,-29,920,3,1,,,,,,,0,0
11765,5406871707,Authentication,166,34,-52,920,0,11,0,0,0,0,0,0,0,0
11766,5406961853,Data,287,34,-30,920,2,0,0,0,0,0,0,1,0,0
11767,5407133848,Authentication,166,34,-53,920,0,11,0,0,0,0,0,0,0,0
11768,5407144519,Authentication,166,34,-28,920,0,11,0,0,0,0,0,0,720,0
11769,5407150302,Authentication,166,34,-28,920,0,11,0,0,1,0,0,0,720,0
11770,5407156188,Authentication,166,34,-28,920,0,11,0,0,1,0,0,0,720,0
11771,5407161919,Authentication,166,34,-29,920,0,11,0,0,1,0,0,0,720,0
11772,5407390867,Authentication,166,34,-53,920,0,11,0,0,0,0,0,0,0,0
11773,5407402577,Authentication,166,34,-29,920,0,11,0,0,0,0,0,0,720,0
11774,5407408412,Authentication,166,34,-29,920,0,11,0,0,1,0,0,0,720,0
11775,5407414352,Authentication,166,34,-28,920,0,11,0,0,1,0,0,0,720,0
11776,5407420343,Authentication,166,34,-29,920,0,11,0,0,1,0,0,0,720,0
11777,5407496302,S1G Beacon,129,34,-30,920,3,1,,,,,,,0,0
11778,5407634580,Authentication,166,34,-51,920,0,11,0,0,0,0,0,0,0,0
11779,5407644769,Authentication,166,34,-28,920,0,11,0,0,0,0,0,0,720,0
11780,5407650812,Authentication,166,34,-30,920,0,11,0,0,1,0,0,0,720,0
11781,5407656701,Authentication,166,34,-29,920,0,11,0,0,1,0,0,0,720,0
11782,5407662537,Authentication,166,34,-30,920,0,11,0,0,1,0,0,0,720,0
11783,5407754160,Data,378,34,-28,920,2,0,0,0,0,0,0,1,0,0
11784,5407857972,Data,387,34,-29,920,2,0,0,0,0,0,0,1,0,0
11785,5407893651,Authentication,166,34,-53,920,0,11,0,0,0,0,0,0,0,0
11786,5407902638,Authentication,166,34,-28,920,0,11,0,0,0,0,0,0,720,0
11787,5407908317,Authentication,166,34,-28,920,0,11,0,0,1,0,0,0,720,0
11788,5407914154,Authentication,166,34,-28,920,0,11,0,0,1,0,0,0,720,0
11789,5407920196,Authentication,166,34,-30,920,0,11,0,0,1,0,0,0,720,0
11790,5407961924,Data,450,34,-29,920,2,0,0,0,0,0,0,1,0,0
11791,5408066214,Data,442,34,-28,920,2,0,0,0,0,0,0,1,0,0
11792,5408149650,Authentication,166,34,-53,920,0,11,0,0,0,0,0,0,0,0
11793,5408164531,Authentication,166,34,-30,920,0,11,0,0,0,0,0,0,720,0
11794,5408170835,Data,387,34,-28,920,2,0,0,0,0,0,0,1,0,0
11795,5408181304,Authentication,166,34,-30,920,0,11,0,0,1,0,0,0,720,0
11796,5408187035,Authentication,166,34,-30,920,0,11,0,0,1,0,0,0,720,0
11797,5408192766,Authentication,166,34,-28,920,0,11,0,0,1,0,0,0,720,0
11798,5408273888,Data,426,34,-29,920,2,0,0,0,0,0,0,1,0,0
11799,5408315507,S1G Beacon,61,34,-28,920,3,1,,,,,,,0,0
11800,5408377928,Data,458,34,-29,920,2,0,0,0,0,0,0,1,0,0
11801,5408411792,Authentication,166,34,-52,920,0,11,0,0,0,0,0,0,0,0
11802,5408424541,Authentication,166,34,-29,920,0,11,0,0,0,0,0,0,720,0
11803,5408430534,Authentication,166,34,-30,920,0,11,0,0,1,0,0,0,720,0
11804,5408436367,Authentication,166,34,-30,920,0,11,0,0,1,0,0,0,720,0
11805,5408442358,Authentication,166,34,-30,920,0,11,0,0,1,0,0,0,720,0
11806,5408481991,Data,387,34,-30,920,2,0,0,0,0,0,0,1,0,0
11807,5408585850,Data,446,34,-30,920,2,0,0,0,0,0,0,1,0,0
11808,5408661645,Authentication,166,34,-52,920,0,11,0,0,0,0,0,0,0,0
11809,5408689916,Data,440,34,-30,920,2,0,0,0,0,0,0,1,0,0
11810,5408794034,Data,387,34,-29,920,2,0,0,0,0,0,0,1,0,0
11811,5408858112,QoS Data,149,34,-28,920,2,8,1,0,0,0,0,1,720,0
11813,5408860217,QoS Data,149,34,-33,920,2,8,0,0,0,0,0,1,720,0
11815,5408872349,QoS Data,131,34,-22,920,2,8,1,0,1,0,0,1,720,0
11817,5408874886,QoS Data,131,34,-33,920,2,8,0,0,0,0,0,1,720,0
11819,5408883524,QoS Data,128,34,-30,920,2,8,1,0,1,0,0,1,720,0
11821,5408886059,QoS Data,128,34,-34,920,2,8,0,0,0,0,0,1,720,0
11823,5408897950,Data,442,34,-30,920,2,0,0,0,0,0,0,1,0,0
11824,5409001914,Data,452,34,-29,920,2,0,0,0,0,0,0,1,0,0
11825,5409134710,S1G Beacon,129,34,-28,920,3,1,,,,,,,0,0
11826,5409165451,Authentication,166,34,-52,920,0,11,0,0,0,0,0,0,0,0
11827,5409172586,Authentication,166,34,-28,920,0,11,0,0,0,0,0,0,720,0
11828,5409178629,Authentication,166,34,-28,920,0,11,0,0,1,0,0,0,720,0
11829,5409184465,Authentication,166,34,-28,920,0,11,0,0,1,0,0,0,720,0
11830,5409190145,Authentication,166,34,-30,920,0,11,0,0,1,0,0,0,720,0
11831,5409444455,Authentication,166,34,-31,920,0,11,0,0,0,0,0,0,720,0
11832,5409450238,Authentication,166,34,-28,920,0,11,0,0,1,0,0,0,720,0
11833,5409456282,Authentication,166,34,-29,920,0,11,0,0,1,0,0,0,720,0
11834,5409462169,Authentication,166,34,-29,920,0,11,0,0,1,0,0,0,720,0
11835,5409668230,Authentication,166,34,-54,920,0,11,0,0,0,0,0,0,0,0
11836,5409684934,Authentication,166,34,-29,920,0,11,0,0,0,0,0,0,720,0
11837,5409690665,Authentication,166,34,-28,920,0,11,0,0,1,0,0,0,720,0
11838,5409695980,Authentication,166,34,-28,920,0,11,0,0,1,0,0,0,720,0
11839,5409701973,Authentication,166,34,-28,920,0,11,0,0,1,0,0,0,720,0
11840,5409919110,Authentication,166,34,-52,920,0,11,0,0,0,0,0,0,0,0
11841,5409934532,Authentication,166,34,-29,920,0,11,0,0,0,0,0,0,720,0
11842,5409939693,Authentication,166,34,-30,920,0,11,0,0,1,0,0,0,720,0
11843,5409945736,Authentication,166,34,-30,920,0,11,0,0,1,0,0,0,720,0
11844,5409953912,S1G Beacon,61,34,-30,920,3,1,,,,,,,0,0
11845,5409955700,Authentication,166,34,-28,920,0,11,0,0,1,0,0,0,720,0
11846,5409986392,Data,287,34,-29,920,2,0,0,0,0,0,0,1,0,0
11847,5410181251,Authentication,166,34,-53,920,0,11,0,0,0,0,0,0,0,0
11848,5410190259,Authentication,166,34,-29,920,0,11,0,0,0,0,0,0,720,0
11849,5410196214,Authentication,166,34,-28,920,0,11,0,0,1,0,0,0,720,0
11850,5410201999,Authentication,166,34,-30,920,0,11,0,0,1,0,0,0,720,0
11851,5410207262,Authentication,166,34,-29,920,0,11,0,0,1,0,0,0,720,0
11852,5410443394,Authentication,166,34,-53,920,0,11,0,0,0,0,0,0,0,0
11853,5410694270,Authentication,166,34,-53,920,0,11,0,0,0,0,0,0,0,0
11854,5410702600,Authentication,166,34,-28,920,0,11,0,0,0,0,0,0,720,0
11855,5410708278,Authentication,166,34,-28,920,0,11,0,0,1,0,0,0,720,0
11856,5410714167,Authentication,166,34,-30,920,0,11,0,0,1,0,0,0,720,0
11857,5410719845,Authentication,166,34,-30,920,0,11,0,0,1,0,0,0,720,0
11858,5410773116,S1G Beacon,129,34,-28,920,3,1,,,,,,,0,0
11859,5410934910,Authentication,166,34,-53,920,0,11,0,0,0,0,0,0,0,0
11860,5410944742,Authentication,166,34,-28,920,0,11,0,0,0,0,0,0,720,0
11861,5410950213,Authentication,166,34,-28,920,0,11,0,0,1,0,0,0,720,0
11862,5410955944,Authentication,166,34,-29,920,0,11,0,0,1,0,0,0,720,0
11863,5410961884,Authentication,166,34,-29,920,0,11,0,0,1,0,0,0,720,0
11864,5411197053,Authentication,166,34,-52,920,0,11,0,0,0,0,0,0,0,0
11865,5411204551,Authentication,166,34,-29,920,0,11,0,0,0,0,0,0,720,0
11866,5411210441,Authentication,166,34,-30,920,0,11,0,0,1,0,0,0,720,0
11867,5411216119,Authentication,166,34,-29,920,0,11,0,0,1,0,0,0,720,0
11868,5411222005,Authentication,166,34,-29,920,0,11,0,0,1,0,0,0,720,0
11869,5411459195,Authentication,166,34,-52,920,0,11,0,0,0,0,0,0,0,0
11870,5411474551,Authentication,166,34,-29,920,0,11,0,0,0,0,0,0,720,0
11871,5411480595,Authentication,166,34,-30,920,0,11,0,0,1,0,0,0,720,0
11872,5411486119,Authentication,166,34,-28,920,0,11,0,0,1,0,0,0,720,0
11873,5411491953,Authentication,166,34,-28,920,0,11,0,0,1,0,0,0,720,0
11874,5411592320,S1G Beacon,61,34,-29,920,3,1,,,,,,,0,0
11875,5411702903,Authentication,166,34,-57,920,0,11,0,0,0,0,0,0,0,0
11876,5411714719,Authentication,166,34,-29,920,0,11,0,0,0,0,0,0,720,0
11877,5411720553,Authentication,166,34,-30,920,0,11,0,0,1,0,0,0,720,0
11878,5411726439,Authentication,166,34,-28,920,0,11,0,0,1,0,0,0,720,0
11879,5411732272,Authentication,166,34,-28,920,0,11,0,0,1,0,0,0,720,0
11880,5411950711,Authentication,166,34,-52,920,0,11,0,0,0,0,0,0,0,0
11881,5412212853,Authentication,166,34,-51,920,0,11,0,0,0,0,0,0,0,0
11882,5412411523,S1G Beacon,129,34,-28,920,3,1,,,,,,,0,0
11883,5412474996,Authentication,166,34,-57,920,0,11,0,0,0,0,0,0,0,0
11884,5412484732,Authentication,166,34,-28,920,0,11,0,0,0,0,0,0,720,0
11885,5412490722,Authentication,166,34,-30,920,0,11,0,0,1,0,0,0,720,0
11886,5412496610,Authentication,166,34,-28,920,0,11,0,0,1,0,0,0,720,0
11887,5412502498,Authentication,166,34,-28,920,0,11,0,0,1,0,0,0,720,0
11888,5412718704,Authentication,166,34,-54,920,0,11,0,0,0,0,0,0,0,0
11889,5412966512,Authentication,166,34,-57,920,0,11,0,0,0,0,0,0,0,0
11890,5413010061,Data,287,34,-28,920,2,0,0,0,0,0,0,1,0,0
11891,5413228655,Authentication,166,34,-52,920,0,11,0,0,0,0,0,0,0,0
11892,5413233224,S1G Beacon,61,34,-28,920,3,1,,,,,,,0,0
11893,5413240992,Authentication,166,34,-29,920,0,11,0,0,0,0,0,0,720,0
11894,5413246776,Authentication,166,34,-28,920,0,11,0,0,1,0,0,0,720,0
11895,5413252560,Authentication,166,34,-28,920,0,11,0,0,1,0,0,0,720,0
11896,5413258395,Authentication,166,34,-29,920,0,11,0,0,1,0,0,0,720,0
11897,5413490797,Authentication,166,34,-56,920,0,11,0,0,0,0,0,0,0,0
11898,5413502664,Authentication,166,34,-30,920,0,11,0,0,0,0,0,0,720,0
11899,5413508603,Authentication,166,34,-29,920,0,11,0,0,1,0,0,0,720,0
11900,5413514542,Authentication,166,34,-30,920,0,11,0,0,1,0,0,0,720,0
11901,5413520324,Authentication,166,34,-30,920,0,11,0,0,1,0,0,0,720,0
11903,5413741673,Authentication,166,34,-53,920,0,11,0,0,0,0,0,0,0,0
11904,5413890247,QoS Data,148,34,-28,920,2,8,1,0,0,0,0,1,720,0
11906,5413892454,QoS Data,148,34,-33,920,2,8,0,0,0,0,0,1,720,0
11908,5413899706,QoS Data,131,34,-20,920,2,8,1,0,0,0,0,1,720,0
11910,5413901927,QoS Data,131,34,-32,920,2,8,0,0,0,0,0,1,720,0
11912,5413984361,Authentication,166,34,-52,920,0,11,0,0,0,0,0,0,0,0
11913,5414049932,S1G Beacon,129,34,-30,920,3,1,,,,,,,0,0
11914,5414134007,QoS Data,128,34,-29,920,2,8,1,0,1,0,0,1,720,0
11916,5414136805,QoS Data,128,34,-34,920,2,8,0,0,0,0,0,1,720,0
11918,5414244456,Authentication,166,34,-51,920,0,11,0,0,0,0,0,0,0,0
11919,5414254553,Authentication,166,34,-29,920,0,11,0,0,0,0,0,0,720,0
11920,5414260283,Authentication,166,34,-30,920,0,11,0,0,1,0,0,0,720,0
11921,5414265961,Authentication,166,34,-28,920,0,11,0,0,1,0,0,0,720,0
11922,5414271901,Authentication,166,34,-29,920,0,11,0,0,1,0,0,0,720,0
11923,5414506598,Authentication,166,34,-52,920,0,11,0,0,0,0,0,0,0,0
11924,5414755938,Authentication,166,34,-52,920,0,11,0,0,0,0,0,0,0,0
11925,5414764528,Authentication,166,34,-28,920,0,11,0,0,0,0,0,0,720,0
11926,5414770312,Authentication,166,34,-29,920,0,11,0,0,1,0,0,0,720,0
11927,5414776044,Authentication,166,34,-29,920,0,11,0,0,1,0,0,0,720,0
11928,5414781776,Authentication,166,34,-28,920,0,11,0,0,1,0,0,0,720,0
11929,5414869135,S1G Beacon,61,34,-28,920,3,1,,,,,,,0,0
11930,5414998114,Authentication,166,34,-56,920,0,11,0,0,0,0,0,0,0,0
11931,5415012372,Authentication,166,34,-28,920,0,11,0,0,0,0,0,0,720,0
11932,5415018051,Authentication,166,34,-28,920,0,11,0,0,1,0,0,0,720,0
11933,5415023887,Authentication,166,34,-28,920,0,11,0,0,1,0,0,0,720,0
11934,5415029876,Authentication,166,34,-28,920,0,11,0,0,1,0,0,0,720,0
11935,5415260256,Authentication,166,34,-55,920,0,11,0,0,0,0,0,0,0,0
11936,5415274462,Authentication,166,34,-28,920,0,11,0,0,0,0,0,0,720,0
11937,5415280143,Authentication,166,34,-28,920,0,11,0,0,1,0,0,0,720,0
11938,5415285977,Authentication,166,34,-28,920,0,11,0,0,1,0,0,0,720,0
11939,5415291811,Authentication,166,34,-28,920,0,11,0,0,1,0,0,0,720,0
11940,5415522399,Authentication,166,34,-52,920,0,11,0,0,0,0,0,0,0,0
11941,5415534526,Authentication,166,34,-29,920,0,11,0,0,0,0,0,0,720,0
11942,5415540308,Authentication,166,34,-28,920,0,11,0,0,1,0,0,0,720,0
11943,5415546298,Authentication,166,34,-30,920,0,11,0,0,1,0,0,0,720,0
11944,5415552343,Authentication,166,34,-30,920,0,11,0,0,1,0,0,0,720,0
11945,5415688336,S1G Beacon,129,34,-28,920,3,1,,,,,,,0,0
11946,5415857244,Authentication,166,34,-55,920,0,11,0,0,0,0,0,0,0,0
11947,5415868487,Authentication,166,34,-28,920,0,11,0,0,0,0,0,0,720,0
11948,5415874321,Authentication,166,34,-29,920,0,11,0,0,1,0,0,0,720,0
11949,5415880310,Authentication,166,34,-28,920,0,11,0,0,1,0,0,0,720,0
11950,5415886353,Authentication,166,34,-28,920,0,11,0,0,1,0,0,0,720,0
11951,5416033940,Data,287,34,-28,920,2,0,0,0,0,0,0,1,0,0
11952,5416108123,Authentication,166,34,-52,920,0,11,0,0,0,0,0,0,0,0
11953,5416117390,Authentication,166,34,-28,920,0,11,0,0,0,0,0,0,720,0
11954,5416123226,Authentication,166,34,-28,920,0,11,0,0,1,0,0,0,720,0
11955,5416128904,Authentication,166,34,-28,920,0,11,0,0,1,0,0,0,720,0
11956,5416134741,Authentication,166,34,-28,920,0,11,0,0,1,0,0,0,720,0
11957,5416271962,Authentication,166,34,-55,920,0,11,0,0,0,0,0,0,0,0
11958,5416284555,Authentication,166,34,-29,920,0,11,0,0,0,0,0,0,720,0
11959,5416290287,Authentication,166,34,-28,920,0,11,0,0,1,0,0,0,720,0
11960,5416295965,Authentication,166,34,-28,920,0,11,0,0,1,0,0,0,720,0
11961,5416301646,Authentication,166,34,-28,920,0,11,0,0,1,0,0,0,720,0
11962,5416507540,S1G Beacon,61,34,-28,920,3,1,,,,,,,0,0
11963,5416534104,Authentication,166,34,-52,920,0,11,0,0,0,0,0,0,0,0
11964,5416780885,Authentication,166,34,-52,920,0,11,0,0,0,0,0,0,0,0
11965,5416794467,Authentication,166,34,-28,920,0,11,0,0,0,0,0,0,720,0
11966,5416800456,Authentication,166,34,-27,920,0,11,0,0,1,0,0,0,720,0
11967,5416806188,Authentication,166,34,-27,920,0,11,0,0,1,0,0,0,720,0
11968,5416811921,Authentication,166,34,-27,920,0,11,0,0,1,0,0,0,720,0
11969,5417025621,Authentication,166,34,-53,920,0,11,0,0,0,0,0,0,0,0
11970,5417034471,Authentication,166,34,-27,920,0,11,0,0,0,0,0,0,720,0
11971,5417040153,Authentication,166,34,-27,920,0,11,0,0,1,0,0,0,720,0
11972,5417045830,Authentication,166,34,-27,920,0,11,0,0,1,0,0,0,720,0
11973,5417051718,Authentication,166,34,-28,920,0,11,0,0,1,0,0,0,720,0
11974,5417287763,Authentication,166,34,-56,920,0,11,0,0,0,0,0,0,0,0
11975,5417299162,Authentication,166,34,-27,920,0,11,0,0,0,0,0,0,720,0
11976,5417304843,Authentication,166,34,-27,920,0,11,0,0,1,0,0,0,720,0
11977,5417310523,Authentication,166,34,-27,920,0,11,0,0,1,0,0,0,720,0
11978,5417316462,Authentication,166,34,-28,920,0,11,0,0,1,0,0,0,720,0
11979,5417549905,Authentication,166,34,-52,920,0,11,0,0,0,0,0,0,0,0
11980,5417564579,Authentication,166,34,-28,920,0,11,0,0,0,0,0,0,720,0
11981,5417570256,Authentication,166,34,-28,920,0,11,0,0,1,0,0,0,720,0
11982,5417576194,Authentication,166,34,-28,920,0,11,0,0,1,0,0,0,720,0
11983,5417582184,Authentication,166,34,-27,920,0,11,0,0,1,0,0,0,720,0
11984,5417787470,Authentication,166,34,-56,920,0,11,0,0,0,0,0,0,0,0
11985,5417804431,Authentication,166,34,-28,920,0,11,0,0,0,0,0,0,720,0
11986,5417810370,Authentication,166,34,-28,920,0,11,0,0,1,0,0,0,720,0
11987,5417816361,Authentication,166,34,-27,920,0,11,0,0,1,0,0,0,720,0
11988,5417822040,Authentication,166,34,-28,920,0,11,0,0,1,0,0,0,720,0
11989,5418041421,Authentication,166,34,-57,920,0,11,0,0,0,0,0,0,0,0
11990,5418145947,S1G Beacon,61,34,-30,920,3,1,,,,,,,0,0
11991,5418303564,Authentication,166,34,-53,920,0,11,0,0,0,0,0,0,0,0
11992,5418559559,Authentication,166,34,-52,920,0,11,0,0,0,0,0,0,0,0
11993,5418806343,Authentication,166,34,-57,920,0,11,0,0,0,0,0,0,0,0
11994,5418824399,Authentication,166,34,-28,920,0,11,0,0,0,0,0,0,720,0
11995,5418830443,Authentication,166,34,-29,920,0,11,0,0,1,0,0,0,720,0
11996,5418836437,Authentication,166,34,-30,920,0,11,0,0,1,0,0,0,720,0
11997,5418842221,Authentication,166,34,-29,920,0,11,0,0,1,0,0,0,720,0
11998,5418911516,QoS Data,148,34,-28,920,2,8,1,0,1,0,0,1,720,0
12000,5418914033,QoS Data,148,34,-33,920,2,8,0,0,0,0,0,1,720,0
12002,5418921286,QoS Data,131,34,-22,920,2,8,1,0,0,0,0,1,720,0
12004,5418923561,QoS Data,131,34,-34,920,2,8,0,0,0,0,0,1,720,0
12006,5418965152,S1G Beacon,129,34,-29,920,3,1,,,,,,,0,0
12007,5419057222,Authentication,166,34,-52,920,0,11,0,0,0,0,0,0,0,0
12008,5419062433,Data,287,34,-29,920,2,0,0,0,0,0,0,1,0,0
12009,5419070481,Authentication,166,34,-29,920,0,11,0,0,0,0,0,0,720,0
12010,5419076422,Authentication,166,34,-28,920,0,11,0,0,1,0,0,0,720,0
12011,5419082152,Authentication,166,34,-29,920,0,11,0,0,1,0,0,0,720,0
12012,5419087885,Authentication,166,34,-28,920,0,11,0,0,1,0,0,0,720,0
12013,5419130578,QoS Data,128,34,-28,920,2,8,1,0,0,0,0,1,720,0
12015,5419132958,QoS Data,128,34,-33,920,2,8,0,0,0,0,0,1,720,0
12017,5419319365,Authentication,166,34,-55,920,0,11,0,0,0,0,0,0,0,0
12018,5419332323,Authentication,166,34,-28,920,0,11,0,0,0,0,0,0,720,0
12019,5419338211,Authentication,166,34,-28,920,0,11,0,0,1,0,0,0,720,0
12020,5419343942,Authentication,166,34,-30,920,0,11,0,0,1,0,0,0,720,0
12021,5419349933,Authentication,166,34,-28,920,0,11,0,0,1,0,0,0,720,0
12022,5419576384,Authentication,166,34,-57,920,0,11,0,0,0,0,0,0,0,0
12023,5419594385,Authentication,166,34,-28,920,0,11,0,0,0,0,0,0,720,0
12024,5419600274,Authentication,166,34,-29,920,0,11,0,0,1,0,0,0,720,0
12025,5419606057,Authentication,166,34,-28,920,0,11,0,0,1,0,0,0,720,0
12026,5419611995,Authentication,166,34,-30,920,0,11,0,0,1,0,0,0,720,0
12027,5419655948,Disassociation,64,34,-28,920,0,10,0,0,0,0,0,0,720,0
12028,5419658960,Disassociation,64,34,-28,920,0,10,0,0,1,0,0,0,720,0
12029,5419662026,Disassociation,64,34,-29,920,0,10,0,0,1,0,0,0,720,0
12030,5419665244,Disassociation,64,34,-30,920,0,10,0,0,1,0,0,0,720,0
12031,5419784353,S1G Beacon,61,34,-28,920,3,1,,,,,,,0,0
12032,5419820096,Authentication,166,34,-53,920,0,11,0,0,0,0,0,0,0,0
12033,5419834770,Authentication,166,34,-28,920,0,11,0,0,0,0,0,0,720,0
12034,5419840708,Authentication,166,34,-29,920,0,11,0,0,1,0,0,0,720,0
12035,5419846594,Authentication,166,34,-28,920,0,11,0,0,1,0,0,0,720,0
12036,5419852327,Authentication,166,34,-30,920,0,11,0,0,1,0,0,0,720,0
12038,5420073024,Authentication,166,34,-51,920,0,11,0,0,0,0,0,0,0,0
12039,5420084475,Authentication,166,34,-30,920,0,11,0,0,0,0,0,0,720,0
12040,5420090464,Authentication,166,34,-28,920,0,11,0,0,1,0,0,0,720,0
12041,5420096196,Authentication,166,34,-30,920,0,11,0,0,1,0,0,0,720,0
12042,5420102085,Authentication,166,34,-28,920,0,11,0,0,1,0,0,0,720,0
12043,5420335166,Authentication,166,34,-53,920,0,11,0,0,0,0,0,0,0,0
12044,5420344430,Authentication,166,34,-28,920,0,11,0,0,0,0,0,0,720,0
12045,5420350369,Authentication,166,34,-28,920,0,11,0,0,1,0,0,0,720,0
12046,5420356359,Authentication,166,34,-30,920,0,11,0,0,1,0,0,0,720,0
12047,5420362141,Authentication,166,34,-28,920,0,11,0,0,1,0,0,0,720,0
12048,5420588601,Authentication,166,34,-57,920,0,11,0,0,0,0,0,0,0,0
12049,5420604547,S1G Beacon,129,34,-30,920,3,1,,,,,,,0,0
12050,5420608500,Authentication,166,34,-28,920,0,11,0,0,0,0,0,0,720,0
12051,5420614178,Authentication,166,34,-28,920,0,11,0,0,1,0,0,0,720,0
12052,5420620119,Authentication,166,34,-29,920,0,11,0,0,1,0,0,0,720,0
12053,5420625955,Authentication,166,34,-29,920,0,11,0,0,1,0,0,0,720,0
12054,5420828730,Authentication,166,34,-56,920,0,11,0,0,0,0,0,0,0,0
12055,5420839192,Authentication,166,34,-29,920,0,11,0,0,0,0,0,0,720,0
12056,5420845183,Authentication,166,34,-28,920,0,11,0,0,1,0,0,0,720,0
12057,5420850861,Authentication,166,34,-28,920,0,11,0,0,1,0,0,0,720,0
12058,5420856646,Authentication,166,34,-28,920,0,11,0,0,1,0,0,0,720,0
12059,5421088824,Authentication,166,34,-55,920,0,11,0,0,0,0,0,0,0,0
12060,5421350966,Authentication,166,34,-51,920,0,11,0,0,0,0,0,0,0,0
12061,5421364548,Authentication,166,34,-28,920,0,11,0,0,0,0,0,0,720,0
12062,5421370486,Authentication,166,34,-28,920,0,11,0,0,1,0,0,0,720,0
12063,5421376269,Authentication,166,34,-30,920,0,11,0,0,1,0,0,0,720,0
12064,5421382207,Authentication,166,34,-28,920,0,11,0,0,1,0,0,0,720,0
12065,5421422762,S1G Beacon,61,34,-29,920,3,1,,,,,,,0,0
12066,5421596211,Authentication,166,34,-53,920,0,11,0,0,0,0,0,0,0,0
12067,5421614629,Authentication,166,34,-28,920,0,11,0,0,0,0,0,0,720,0
12068,5421620413,Authentication,166,34,-28,920,0,11,0,0,1,0,0,0,720,0
12069,5421626457,Authentication,166,34,-28,920,0,11,0,0,1,0,0,0,720,0
12070,5421632293,Authentication,166,34,-28,920,0,11,0,0,1,0,0,0,720,0
12071,5421842484,Authentication,166,34,-57,920,0,11,0,0,0,0,0,0,0,0
12072,5422081932,Data,287,34,-29,920,2,0,0,0,0,0,0,1,0,0
12073,5422104626,Authentication,166,34,-53,920,0,11,0,0,0,0,0,0,0,0
12074,5422114465,Authentication,166,34,-29,920,0,11,0,0,0,0,0,0,720,0
12075,5422120510,Authentication,166,34,-29,920,0,11,0,0,1,0,0,0,720,0
12076,5422126450,Authentication,166,34,-29,920,0,11,0,0,1,0,0,0,720,0
12077,5422132181,Authentication,166,34,-29,920,0,11,0,0,1,0,0,0,720,0
12078,5422241963,S1G Beacon,129,34,-29,920,3,1,,,,,,,0,0
12079,5422366768,Authentication,166,34,-55,920,0,11,0,0,0,0,0,0,0,0
12080,5422384615,Authentication,166,34,-28,920,0,11,0,0,0,0,0,0,720,0
12081,5422390555,Authentication,166,34,-28,920,0,11,0,0,1,0,0,0,720,0
12082,5422396336,Authentication,166,34,-29,920,0,11,0,0,1,0,0,0,720,0
12083,5422402224,Authentication,166,34,-29,920,0,11,0,0,1,0,0,0,720,0
12084,5422613548,Authentication,166,34,-52,920,0,11,0,0,0,0,0,0,0,0
12085,5422624477,Authentication,166,34,-28,920,0,11,0,0,0,0,0,0,720,0
12086,5422630417,Authentication,166,34,-28,920,0,11,0,0,1,0,0,0,720,0
12087,5422636409,Authentication,166,34,-28,920,0,11,0,0,1,0,0,0,720,0
12088,5422642086,Authentication,166,34,-28,920,0,11,0,0,1,0,0,0,720,0
12089,5422860333,Authentication,166,34,-52,920,0,11,0,0,0,0,0,0,0,0
12090,5422874436,Authentication,166,34,-26,920,0,11,0,0,0,0,0,0,720,0
12091,5422880219,Authentication,166,34,-28,920,0,11,0,0,1,0,0,0,720,0
12092,5422886002,Authentication,166,34,-29,920,0,11,0,0,1,0,0,0,720,0
12093,5422891787,Authentication,166,34,-30,920,0,11,0,0,1,0,0,0,720,0
12094,5423061167,S1G Beacon,61,34,-30,920,3,1,,,,,,,0,0
12095,5423120426,Authentication,166,34,-55,920,0,11,0,0,0,0,0,0,0,0
12096,5423134477,Authentication,166,34,-30,920,0,11,0,0,0,0,0,0,720,0
12097,5423140209,Authentication,166,34,-28,920,0,11,0,0,1,0,0,0,720,0
12098,5423145942,Authentication,166,34,-28,920,0,11,0,0,1,0,0,0,720,0
12099,5423151675,Authentication,166,34,-28,920,0,11,0,0,1,0,0,0,720,0
12100,5423382570,Authentication,166,34,-52,920,0,11,0,0,0,0,0,0,0,0
12101,5423394488,Authentication,166,34,-28,920,0,11,0,0,0,0,0,0,720,0
12102,5423400322,Authentication,166,34,-28,920,0,11,0,0,1,0,0,0,720,0
12103,5423406002,Authentication,166,34,-28,920,0,11,0,0,1,0,0,0,720,0
12104,5423411836,Authentication,166,34,-28,920,0,11,0,0,1,0,0,0,720,0
12105,5423631397,Authentication,166,34,-53,920,0,11,0,0,0,0,0,0,0,0
12106,5423644458,Authentication,166,34,-30,920,0,11,0,0,0,0,0,0,720,0
12107,5423650137,Authentication,166,34,-29,920,0,11,0,0,1,0,0,0,720,0
12108,5423655971,Authentication,166,34,-29,920,0,11,0,0,1,0,0,0,720,0
12109,5423661806,Authentication,166,34,-28,920,0,11,0,0,1,0,0,0,720,0
12110,5423880369,S1G Beacon,129,34,-28,920,3,1,,,,,,,0,0
12111,5423888931,Authentication,166,34,-52,920,0,11,0,0,0,0,0,0,0,0
12112,5423940609,QoS Data,149,34,-28,920,2,8,1,0,1,0,0,1,720,0
12114,5423943338,QoS Data,149,34,-34,920,2,8,0,0,0,0,0,1,720,0
12116,5423950434,QoS Data,131,34,-21,920,2,8,1,0,0,0,0,1,720,0
12118,5423953124,QoS Data,131,34,-32,920,2,8,0,0,0,0,0,1,720,0
12120,5424130754,QoS Data,128,34,-28,920,2,8,1,0,0,0,0,1,720,0
12122,5424133290,QoS Data,128,34,-32,920,2,8,0,0,0,0,0,1,720,0
12124,5424136228,Authentication,166,34,-52,920,0,11,0,0,0,0,0,0,0,0
12125,5424398370,Authentication,166,34,-52,920,0,11,0,0,0,0,0,0,0,0
12126,5424414447,Authentication,166,34,-28,920,0,11,0,0,0,0,0,0,720,0
12127,5424420284,Authentication,166,34,-30,920,0,11,0,0,1,0,0,0,720,0
12128,5424426172,Authentication,166,34,-28,920,0,11,0,0,1,0,0,0,720,0
12129,5424431957,Authentication,166,34,-28,920,0,11,0,0,1,0,0,0,720,0
12130,5424647197,Authentication,166,34,-56,920,0,11,0,0,0,0,0,0,0,0
12131,5424654539,Authentication,166,34,-28,920,0,11,0,0,0,0,0,0,720,0
12132,5424660216,Authentication,166,34,-28,920,0,11,0,0,1,0,0,0,720,0
12133,5424666053,Authentication,166,34,-28,920,0,11,0,0,1,0,0,0,720,0
12134,5424671785,Authentication,166,34,-29,920,0,11,0,0,1,0,0,0,720,0
12135,5424699576,S1G Beacon,61,34,-29,920,3,1,,,,,,,0,0
12136,5424908316,Authentication,166,34,-56,920,0,11,0,0,0,0,0,0,0,0
12137,5424924602,Authentication,166,34,-28,920,0,11,0,0,0,0,0,0,720,0
12138,5424930489,Authentication,166,34,-28,920,0,11,0,0,1,0,0,0,720,0
12139,5424936479,Authentication,166,34,-28,920,0,11,0,0,1,0,0,0,720,0
12140,5424942210,Authentication,166,34,-28,920,0,11,0,0,1,0,0,0,720,0
12141,5425106024,Data,287,34,-27,920,2,0,0,0,0,0,0,1,0,0
12142,5425152029,Authentication,166,34,-57,920,0,11,0,0,0,0,0,0,0,0
12143,5425414171,Authentication,166,34,-53,920,0,11,0,0,0,0,0,0,0,0
12144,5425424425,Authentication,166,34,-28,920,0,11,0,0,0,0,0,0,720,0
12145,5425430310,Authentication,166,34,-28,920,0,11,0,0,1,0,0,0,720,0
12146,5425436146,Authentication,166,34,-28,920,0,11,0,0,1,0,0,0,720,0
12147,5425442085,Authentication,166,34,-28,920,0,11,0,0,1,0,0,0,720,0
12148,5425518780,S1G Beacon,129,34,-29,920,3,1,,,,,,,0,0
12149,5425670167,Authentication,166,34,-52,920,0,11,0,0,0,0,0,0,0,0
12150,5425684269,Authentication,166,34,-28,920,0,11,0,0,0,0,0,0,720,0
12151,5425690208,Authentication,166,34,-29,920,0,11,0,0,1,0,0,0,720,0
12152,5425695991,Authentication,166,34,-28,920,0,11,0,0,1,0,0,0,720,0
12153,5425701825,Authentication,166,34,-28,920,0,11,0,0,1,0,0,0,720,0
12154,5425918999,Authentication,166,34,-52,920,0,11,0,0,0,0,0,0,0,0
12155,5425934400,Authentication,166,34,-29,920,0,11,0,0,0,0,0,0,720,0
12156,5425940339,Authentication,166,34,-28,920,0,11,0,0,1,0,0,0,720,0
12157,5425946277,Authentication,166,34,-27,920,0,11,0,0,1,0,0,0,720,0
12158,5425952217,Authentication,166,34,-28,920,0,11,0,0,1,0,0,0,720,0
12159,5426167830,Authentication,166,34,-55,920,0,11,0,0,0,0,0,0,0,0
12160,5426337980,S1G Beacon,61,34,-28,920,3,1,,,,,,,0,0
12161,5426429972,Authentication,166,34,-52,920,0,11,0,0,0,0,0,0,0,0
12162,5426444488,Authentication,166,34,-29,920,0,11,0,0,0,0,0,0,720,0
12163,5426450169,Authentication,166,34,-29,920,0,11,0,0,1,0,0,0,720,0
12164,5426455902,Authentication,166,34,-29,920,0,11,0,0,1,0,0,0,720,0
12165,5426461736,Authentication,166,34,-29,920,0,11,0,0,1,0,0,0,720,0
12166,5426692114,Authentication,166,34,-56,920,0,11,0,0,0,0,0,0,0,0
12167,5426702681,Authentication,166,34,-28,920,0,11,0,0,0,0,0,0,720,0
12168,5426708517,Authentication,166,34,-28,920,0,11,0,0,1,0,0,0,720,0
12169,5426714352,Authentication,166,34,-28,920,0,11,0,0,1,0,0,0,720,0
12170,5426720397,Authentication,166,34,-29,920,0,11,0,0,1,0,0,0,720,0
12171,5426937870,Authentication,166,34,-55,920,0,11,0,0,0,0,0,0,0,0
12172,5426954469,Authentication,166,34,-28,920,0,11,0,0,0,0,0,0,720,0
12173,5426960358,Authentication,166,34,-28,920,0,11,0,0,1,0,0,0,720,0
12174,5426966297,Authentication,166,34,-28,920,0,11,0,0,1,0,0,0,720,0
12175,5426972028,Authentication,166,34,-28,920,0,11,0,0,1,0,0,0,720,0
12176,5427157183,S1G Beacon,129,34,-29,920,3,1,,,,,,,0,0
12177,5427183630,Authentication,166,34,-52,920,0,11,0,0,0,0,0,0,0,0
12178,5427445773,Authentication,166,34,-52,920,0,11,0,0,0,0,0,0,0,0
12179,5427454675,Authentication,166,34,-29,920,0,11,0,0,0,0,0,0,720,0
12180,5427460719,Authentication,166,34,-30,920,0,11,0,0,1,0,0,0,720,0
12181,5427466501,Authentication,166,34,-29,920,0,11,0,0,1,0,0,0,720,0
12182,5427472283,Authentication,166,34,-30,920,0,11,0,0,1,0,0,0,720,0
12183,5427707915,Authentication,166,34,-52,920,0,11,0,0,0,0,0,0,0,0
12184,5427724410,Authentication,166,34,-29,920,0,11,0,0,0,0,0,0,720,0
12185,5427730141,Authentication,166,34,-28,920,0,11,0,0,1,0,0,0,720,0
12186,5427735975,Authentication,166,34,-28,920,0,11,0,0,1,0,0,0,720,0
12187,5427741864,Authentication,166,34,-29,920,0,11,0,0,1,0,0,0,720,0
12188,5427960839,Authentication,166,34,-55,920,0,11,0,0,0,0,0,0,0,0
12189,5427976388,S1G Beacon,61,34,-28,920,3,1,,,,,,,0,0
12190,5427978175,Authentication,166,34,-30,920,0,11,0,0,0,0,0,0,720,0
12191,5427984113,Authentication,166,34,-30,920,0,11,0,0,1,0,0,0,720,0
12192,5427989843,Authentication,166,34,-30,920,0,11,0,0,1,0,0,0,720,0
12193,5427995679,Authentication,166,34,-28,920,0,11,0,0,1,0,0,0,720,0
12194,5428130683,Data,287,34,-28,920,2,0,0,0,0,0,0,1,0,0
12195,5428206599,Authentication,166,34,-56,920,0,11,0,0,0,0,0,0,0,0
12196,5428214409,Authentication,166,34,-28,920,0,11,0,0,0,0,0,0,720,0
12197,5428220349,Authentication,166,34,-29,920,0,11,0,0,1,0,0,0,720,0
12198,5428226082,Authentication,166,34,-28,920,0,11,0,0,1,0,0,0,720,0
12199,5428232124,Authentication,166,34,-28,920,0,11,0,0,1,0,0,0,720,0
12200,5428461574,Authentication,166,34,-55,920,0,11,0,0,0,0,0,0,0,0
12201,5428473754,Authentication,166,34,-28,920,0,11,0,0,0,0,0,0,720,0
12202,5428479484,Authentication,166,34,-29,920,0,11,0,0,1,0,0,0,720,0
12203,5428485476,Authentication,166,34,-29,920,0,11,0,0,1,0,0,0,720,0
12204,5428491207,Authentication,166,34,-28,920,0,11,0,0,1,0,0,0,720,0
12205,5428734437,Authentication,166,34,-28,920,0,11,0,0,0,0,0,0,720,0
12206,5428740168,Authentication,166,34,-29,920,0,11,0,0,1,0,0,0,720,0
12207,5428745849,Authentication,166,34,-28,920,0,11,0,0,1,0,0,0,720,0
12208,5428751529,Authentication,166,34,-29,920,0,11,0,0,1,0,0,0,720,0
12209,5428757833,Data,378,34,-28,920,2,0,0,0,0,0,0,1,0,0
12210,5428795591,S1G Beacon,129,34,-28,920,3,1,,,,,,,0,0
12211,5428857887,Data,387,34,-28,920,2,0,0,0,0,0,0,1,0,0
12212,5428958001,QoS Data,149,34,-28,920,2,8,1,0,0,0,0,1,720,0
12214,5428960262,QoS Data,149,34,-33,920,2,8,0,0,0,0,0,1,720,0
12216,5428962883,Data,450,34,-30,920,2,0,0,0,0,0,0,1,0,0
12217,5428977059,QoS Data,131,34,-21,920,2,8,1,0,0,0,0,1,720,0
12219,5428979804,QoS Data,131,34,-33,920,2,8,0,0,0,0,0,1,720,0
12221,5429066002,Data,442,34,-29,920,2,0,0,0,0,0,0,1,0,0
12222,5429130365,QoS Data,128,34,-28,920,2,8,1,0,0,0,0,1,720,0
12224,5429132590,QoS Data,128,34,-32,920,2,8,0,0,0,0,0,1,720,0
12226,5429170016,Data,387,34,-29,920,2,0,0,0,0,0,0,1,0,0
12227,5429226495,Authentication,166,34,-53,920,0,11,0,0,0,0,0,0,0,0
12228,5429234410,Authentication,166,34,-28,920,0,11,0,0,0,0,0,0,720,0
12229,5429240142,Authentication,166,34,-29,920,0,11,0,0,1,0,0,0,720,0
12230,5429245875,Authentication,166,34,-28,920,0,11,0,0,1,0,0,0,720,0
12231,5429251764,Authentication,166,34,-29,920,0,11,0,0,1,0,0,0,720,0
12232,5429273927,Data,426,34,-29,920,2,0,0,0,0,0,0,1,0,0
12233,5429378204,Data,458,34,-29,920,2,0,0,0,0,0,0,1,0,0
12234,5429477375,Authentication,166,34,-57,920,0,11,0,0,0,0,0,0,0,0
12235,5429482584,Data,387,34,-28,920,2,0,0,0,0,0,0,1,0,0
12236,5429494873,Authentication,166,34,-28,920,0,11,0,0,0,0,0,0,720,0
12237,5429500655,Authentication,166,34,-28,920,0,11,0,0,1,0,0,0,720,0
12238,5429506492,Authentication,166,34,-28,920,0,11,0,0,1,0,0,0,720,0
12239,5429512275,Authentication,166,34,-28,920,0,11,0,0,1,0,0,0,720,0
12240,5429585920,Data,446,34,-30,920,2,0,0,0,0,0,0,1,0,0
12241,5429614794,S1G Beacon,61,34,-30,920,3,1,,,,,,,0,0
12242,5429690057,Data,440,34,-29,920,2,0,0,0,0,0,0,1,0,0
12243,5429739517,Authentication,166,34,-53,920,0,11,0,0,0,0,0,0,0,0
12244,5429794066,Data,387,34,-28,920,2,0,0,0,0,0,0,1,0,0
12245,5429897927,Data,442,34,-29,920,2,0,0,0,0,0,0,1,0,0
12246,5429982203,Authentication,166,34,-52,920,0,11,0,0,0,0,0,0,0,0
12247,5430002020,Data,452,34,-29,920,2,0,0,0,0,0,0,1,0,0
12248,5430433999,S1G Beacon,129,34,-28,920,3,1,,,,,,,0,0
12249,5430493176,Authentication,166,34,-53,920,0,11,0,0,0,0,0,0,0,0
12250,5430755318,Authentication,166,34,-54,920,0,11,0,0,0,0,0,0,0,0
12251,5430764427,Authentication,166,34,-27,920,0,11,0,0,0,0,0,0,720,0
12252,5430770105,Authentication,166,34,-28,920,0,11,0,0,1,0,0,0,720,0
12253,5430776096,Authentication,166,34,-28,920,0,11,0,0,1,0,0,0,720,0
12254,5430781828,Authentication,166,34,-28,920,0,11,0,0,1,0,0,0,720,0
12255,5431002099,Authentication,166,34,-52,920,0,11,0,0,0,0,0,0,0,0
12256,5431153951,Data,287,34,-28,920,2,0,0,0,0,0,0,1,0,0
12257,5431253201,S1G Beacon,61,34,-29,920,3,1,,,,,,,0,0
12258,5431256050,Authentication,166,34,-53,920,0,11,0,0,0,0,0,0,0,0
12259,5431264434,Authentication,166,34,-28,920,0,11,0,0,0,0,0,0,720,0
12260,5431270479,Authentication,166,34,-28,920,0,11,0,0,1,0,0,0,720,0
12261,5431276160,Authentication,166,34,-28,920,0,11,0,0,1,0,0,0,720,0
12262,5431281841,Authentication,166,34,-28,920,0,11,0,0,1,0,0,0,720,0
12263,5431508977,Authentication,166,34,-53,920,0,11,0,0,0,0,0,0,0,0
12264,5431524590,Authentication,166,34,-28,920,0,11,0,0,0,0,0,0,720,0
12265,5431530477,Authentication,166,34,-28,920,0,11,0,0,1,0,0,0,720,0
12266,5431536209,Authentication,166,34,-28,920,0,11,0,0,1,0,0,0,720,0
12267,5431542097,Authentication,166,34,-28,920,0,11,0,0,1,0,0,0,720,0
12268,5431771120,Authentication,166,34,-54,920,0,11,0,0,0,0,0,0,0,0
12269,5431785795,Authentication,166,34,-29,920,0,11,0,0,0,0,0,0,720,0
12270,5431791579,Authentication,166,34,-28,920,0,11,0,0,1,0,0,0,720,0
12271,5431797569,Authentication,166,34,-28,920,0,11,0,0,1,0,0,0,720,0
12272,5431803301,Authentication,166,34,-28,920,0,11,0,0,1,0,0,0,720,0
12273,5432033261,Authentication,166,34,-54,920,0,11,0,0,0,0,0,0,0,0
12274,5432044453,Authentication,166,34,-28,920,0,11,0,0,0,0,0,0,720,0
12275,5432050287,Authentication,166,34,-28,920,0,11,0,0,1,0,0,0,720,0
12276,5432056228,Authentication,166,34,-28,920,0,11,0,0,1,0,0,0,720,0
12277,5432062269,Authentication,166,34,-29,920,0,11,0,0,1,0,0,0,720,0
12278,5432149468,S1G Beacon,129,34,-29,920,3,1,,,,,,,0,0
12279,5432271851,Authentication,166,34,-52,920,0,11,0,0,0,0,0,0,0,0
12280,5432286004,Authentication,166,34,-29,920,0,11,0,0,0,0,0,0,720,0
12281,5432291892,Authentication,166,34,-28,920,0,11,0,0,1,0,0,0,720,0
12282,5432297677,Authentication,166,34,-28,920,0,11,0,0,1,0,0,0,720,0
12283,5432303358,Authentication,166,34,-29,920,0,11,0,0,1,0,0,0,720,0
12284,5432786920,Authentication,166,34,-52,920,0,11,0,0,0,0,0,0,0,0
12285,5432794054,Authentication,166,34,-28,920,0,11,0,0,0,0,0,0,720,0
12286,5432799992,Authentication,166,34,-28,920,0,11,0,0,1,0,0,0,720,0
12287,5432805724,Authentication,166,34,-28,920,0,11,0,0,1,0,0,0,720,0
12288,5432811560,Authentication,166,34,-28,920,0,11,0,0,1,0,0,0,720,0
12289,5432891607,S1G Beacon,61,34,-28,920,3,1,,,,,,,0,0
12290,5433049062,Authentication,166,34,-52,920,0,11,0,0,0,0,0,0,0,0
12291,5433064618,Authentication,166,34,-28,920,0,11,0,0,0,0,0,0,720,0
12292,5433070507,Authentication,166,34,-29,920,0,11,0,0,1,0,0,0,720,0
12293,5433076290,Authentication,166,34,-28,920,0,11,0,0,1,0,0,0,720,0
12294,5433082074,Authentication,166,34,-28,920,0,11,0,0,1,0,0,0,720,0
12295,5433310049,Authentication,166,34,-55,920,0,11,0,0,0,0,0,0,0,0
12296,5433324464,Authentication,166,34,-28,920,0,11,0,0,0,0,0,0,720,0
12297,5433330142,Authentication,166,34,-28,920,0,11,0,0,1,0,0,0,720,0
12298,5433335823,Authentication,166,34,-28,920,0,11,0,0,1,0,0,0,720,0
12299,5433341760,Authentication,166,34,-29,920,0,11,0,0,1,0,0,0,720,0
12300,5433540580,Authentication,166,34,-52,920,0,11,0,0,0,0,0,0,0,0
12301,5433554422,Authentication,166,34,-28,920,0,11,0,0,0,0,0,0,720,0
12302,5433560414,Authentication,166,34,-29,920,0,11,0,0,1,0,0,0,720,0
12303,5433566457,Authentication,166,34,-29,920,0,11,0,0,1,0,0,0,720,0
12304,5433572137,Authentication,166,34,-28,920,0,11,0,0,1,0,0,0,720,0
12305,5433710811,S1G Beacon,129,34,-28,920,3,1,,,,,,,0,0
12306,5433802722,Authentication,166,34,-53,920,0,11,0,0,0,0,0,0,0,0
12307,5433814381,Authentication,166,34,-29,920,0,11,0,0,0,0,0,0,720,0
12308,5433820059,Authentication,166,34,-29,920,0,11,0,0,1,0,0,0,720,0
12309,5433825792,Authentication,166,34,-29,920,0,11,0,0,1,0,0,0,720,0
12310,5433831835,Authentication,166,34,-28,920,0,11,0,0,1,0,0,0,720,0
12311,5433987631,QoS Data,148,34,-29,920,2,8,1,0,0,0,0,1,720,0
12313,5433989995,QoS Data,148,34,-31,920,2,8,0,0,0,0,0,1,720,0
12315,5433997922,QoS Data,131,34,-20,920,2,8,1,0,0,0,0,1,720,0
12317,5434000405,QoS Data,131,34,-31,920,2,8,0,0,0,0,0,1,720,0
12319,5434064863,Authentication,166,34,-55,920,0,11,0,0,0,0,0,0,0,0
12320,5434074649,Authentication,166,34,-28,920,0,11,0,0,0,0,0,0,720,0
12321,5434080536,Authentication,166,34,-28,920,0,11,0,0,1,0,0,0,720,0
12322,5434086525,Authentication,166,34,-28,920,0,11,0,0,1,0,0,0,720,0
12323,5434092516,Authentication,166,34,-29,920,0,11,0,0,1,0,0,0,720,0
12324,5434132854,QoS Data,128,34,-28,920,2,8,1,0,1,0,0,1,720,0
12326,5434135079,QoS Data,128,34,-33,920,2,8,0,0,0,0,0,1,720,0
12328,5434178018,Data,287,34,-28,920,2,0,0,0,0,0,0,1,0,0
12329,5434312156,Authentication,166,34,-57,920,0,11,0,0,0,0,0,0,0,0
12330,5434324387,Authentication,166,34,-28,920,0,11,0,0,0,0,0,0,720,0
12331,5434330066,Authentication,166,34,-28,920,0,11,0,0,1,0,0,0,720,0
12332,5434336004,Authentication,166,34,-29,920,0,11,0,0,1,0,0,0,720,0
12333,5434341841,Authentication,166,34,-28,920,0,11,0,0,1,0,0,0,720,0
12334,5434530016,S1G Beacon,61,34,-28,920,3,1,,,,,,,0,0
12335,5434556380,Authentication,166,34,-54,920,0,11,0,0,0,0,0,0,0,0
12336,5434818522,Authentication,166,34,-51,920,0,11,0,0,0,0,0,0,0,0
12337,5434834548,Authentication,166,34,-28,920,0,11,0,0,0,0,0,0,720,0
12338,5434840279,Authentication,166,34,-28,920,0,11,0,0,1,0,0,0,720,0
12339,5434846220,Authentication,166,34,-29,920,0,11,0,0,1,0,0,0,720,0
12340,5434852003,Authentication,166,34,-28,920,0,11,0,0,1,0,0,0,720,0
12341,5435080665,Authentication,166,34,-55,920,0,11,0,0,0,0,0,0,0,0
12342,5435094403,Authentication,166,34,-28,920,0,11,0,0,0,0,0,0,720,0
12343,5435100392,Authentication,166,34,-29,920,0,11,0,0,1,0,0,0,720,0
12344,5435106072,Authentication,166,34,-27,920,0,11,0,0,1,0,0,0,720,0
12345,5435111752,Authentication,166,34,-28,920,0,11,0,0,1,0,0,0,720,0
12346,5435325909,Authentication,166,34,-57,920,0,11,0,0,0,0,0,0,0,0
12347,5435349219,S1G Beacon,129,34,-30,920,3,1,,,,,,,0,0
12348,5435572181,Authentication,166,34,-56,920,0,11,0,0,0,0,0,0,0,0
12349,5435584410,Authentication,166,34,-29,920,0,11,0,0,0,0,0,0,720,0
12350,5435590349,Authentication,166,34,-28,920,0,11,0,0,1,0,0,0,720,0
12351,5435596081,Authentication,166,34,-28,920,0,11,0,0,1,0,0,0,720,0
12352,5435601917,Authentication,166,34,-28,920,0,11,0,0,1,0,0,0,720,0
12353,5435834323,Authentication,166,34,-55,920,0,11,0,0,0,0,0,0,0,0
12354,5435844370,Authentication,166,34,-29,920,0,11,0,0,0,0,0,0,720,0
12355,5435850153,Authentication,166,34,-28,920,0,11,0,0,1,0,0,0,720,0
12356,5435856093,Authentication,166,34,-29,920,0,11,0,0,1,0,0,0,720,0
12357,5435861982,Authentication,166,34,-29,920,0,11,0,0,1,0,0,0,720,0
12358,5436096466,Authentication,166,34,-55,920,0,11,0,0,0,0,0,0,0,0
12359,5436104379,Authentication,166,34,-28,920,0,11,0,0,0,0,0,0,720,0
12360,5436110161,Authentication,166,34,-29,920,0,11,0,0,1,0,0,0,720,0
12361,5436115943,Authentication,166,34,-29,920,0,11,0,0,1,0,0,0,720,0
12362,5436121832,Authentication,166,34,-29,920,0,11,0,0,1,0,0,0,720,0
12363,5436168423,S1G Beacon,61,34,-29,920,3,1,,,,,,,0,0
12364,5436338127,Authentication,166,34,-54,920,0,11,0,0,0,0,0,0,0,0
12365,5436354362,Authentication,166,34,-28,920,0,11,0,0,0,0,0,0,720,0
12366,5436360043,Authentication,166,34,-29,920,0,11,0,0,1,0,0,0,720,0
12367,5436365930,Authentication,166,34,-28,920,0,11,0,0,1,0,0,0,720,0
12368,5436371766,Authentication,166,34,-30,920,0,11,0,0,1,0,0,0,720,0
12369,5436490650,Disassociation,64,34,-28,920,0,10,0,0,0,0,0,0,720,0
12370,5436493715,Disassociation,64,34,-28,920,0,10,0,0,1,0,0,0,720,0
12371,5436496676,Disassociation,64,34,-29,920,0,10,0,0,1,0,0,0,720,0
12372,5436499845,Disassociation,64,34,-28,920,0,10,0,0,1,0,0,0,720,0
12373,5436587982,Authentication,166,34,-55,920,0,11,0,0,0,0,0,0,0,0
12374,5436595116,Authentication,166,34,-29,920,0,11,0,0,0,0,0,0,720,0
12375,5436600898,Authentication,166,34,-28,920,0,11,0,0,1,0,0,0,720,0
12376,5436606628,Authentication,166,34,-28,920,0,11,0,0,1,0,0,0,720,0
12377,5436612362,Authentication,166,34,-28,920,0,11,0,0,1,0,0,0,720,0
12378,5436850125,Authentication,166,34,-54,920,0,11,0,0,0,0,0,0,0,0
12379,5436864383,Authentication,166,34,-30,920,0,11,0,0,0,0,0,0,720,0
12380,5436870217,Authentication,166,34,-28,920,0,11,0,0,1,0,0,0,720,0
12381,5436875948,Authentication,166,34,-28,920,0,11,0,0,1,0,0,0,720,0
12382,5436881836,Authentication,166,34,-28,920,0,11,0,0,1,0,0,0,720,0
12383,5436987624,S1G Beacon,129,34,-28,920,3,1,,,,,,,0,0
12384,5437112267,Authentication,166,34,-53,920,0,11,0,0,0,0,0,0,0,0
12385,5437124394,Authentication,166,34,-29,920,0,11,0,0,0,0,0,0,720,0
12386,5437130124,Authentication,166,34,-28,920,0,11,0,0,1,0,0,0,720,0
12387,5437135959,Authentication,166,34,-28,920,0,11,0,0,1,0,0,0,720,0
12388,5437142001,Authentication,166,34,-28,920,0,11,0,0,1,0,0,0,720,0
12389,5437201970,Data,287,34,-28,920,2,0,0,0,0,0,0,1,0,0
12390,5437347784,Authentication,166,34,-52,920,0,11,0,0,0,0,0,0,0,0
12391,5437603784,Authentication,166,34,-52,920,0,11,0,0,0,0,0,0,0,0
12392,5437614482,Authentication,166,34,-30,920,0,11,0,0,0,0,0,0,720,0
12393,5437620420,Authentication,166,34,-28,920,0,11,0,0,1,0,0,0,720,0
12394,5437626478,Authentication,166,34,-28,920,0,11,0,0,1,0,0,0,720,0
12395,5437632157,Authentication,166,34,-28,920,0,11,0,0,1,0,0,0,720,0
12396,5437806829,S1G Beacon,61,34,-29,920,3,1,,,,,,,0,0
12397,5437865926,Authentication,166,34,-52,920,0,11,0,0,0,0,0,0,0,0
12398,5438144302,Authentication,166,34,-28,920,0,11,0,0,0,0,0,0,720,0
12399,5438150137,Authentication,166,34,-30,920,0,11,0,0,1,0,0,0,720,0
12400,5438156028,Authentication,166,34,-28,920,0,11,0,0,1,0,0,0,720,0
12401,5438161811,Authentication,166,34,-29,920,0,11,0,0,1,0,0,0,720,0
12402,5438357443,Authentication,166,34,-52,920,0,11,0,0,0,0,0,0,0,0
12403,5438619584,Authentication,166,34,-52,920,0,11,0,0,0,0,0,0,0,0
12404,5438626031,S1G Beacon,129,34,-30,920,3,1,,,,,,,0,0
12405,5438881727,Authentication,166,34,-53,920,0,11,0,0,0,0,0,0,0,0
12406,5438894374,Authentication,166,34,-28,920,0,11,0,0,0,0,0,0,720,0
12407,5438900103,Authentication,166,34,-29,920,0,11,0,0,1,0,0,0,720,0
12408,5438906042,Authentication,166,34,-29,920,0,11,0,0,1,0,0,0,720,0
12409,5438911773,Authentication,166,34,-29,920,0,11,0,0,1,0,0,0,720,0
12410,5439007874,QoS Data,149,34,-28,920,2,8,1,0,0,0,0,1,720,0
12412,5439010110,QoS Data,149,34,-31,920,2,8,0,0,0,0,0,1,720,0
12414,5439016943,QoS Data,131,34,-21,920,2,8,1,0,0,0,0,1,720,0
12416,5439019530,QoS Data,131,34,-32,920,2,8,0,0,0,0,0,1,720,0
12417,5439127484,Authentication,166,34,-52,920,0,11,0,0,0,0,0,0,0,0
12420,5439373243,Authentication,166,34,-52,920,0,11,0,0,0,0,0,0,0,0
12421,5439445236,S1G Beacon,61,34,-28,920,3,1,,,,,,,0,0
12422,5439635385,Authentication,166,34,-51,920,0,11,0,0,0,0,0,0,0,0
12423,5439644341,Authentication,166,34,-28,920,0,11,0,0,0,0,0,0,720,0
12424,5439650382,Authentication,166,34,-29,920,0,11,0,0,1,0,0,0,720,0
12425,5439656271,Authentication,166,34,-29,920,0,11,0,0,1,0,0,0,720,0
12426,5439662264,Authentication,166,34,-28,920,0,11,0,0,1,0,0,0,720,0
12427,5439887797,Authentication,166,34,-52,920,0,11,0,0,0,0,0,0,0,0
12428,5439894619,Authentication,166,34,-29,920,0,11,0,0,0,0,0,0,720,0
12429,5439900298,Authentication,166,34,-29,920,0,11,0,0,1,0,0,0,720,0
12430,5439906343,Authentication,166,34,-28,920,0,11,0,0,1,0,0,0,720,0
12431,5439912178,Authentication,166,34,-30,920,0,11,0,0,1,0,0,0,720,0
12432,5440138166,Authentication,166,34,-52,920,0,11,0,0,0,0,0,0,0,0
12433,5440154347,Authentication,166,34,-28,920,0,11,0,0,0,0,0,0,720,0
12434,5440160079,Authentication,166,34,-29,920,0,11,0,0,1,0,0,0,720,0
12435,5440165914,Authentication,166,34,-28,920,0,11,0,0,1,0,0,0,720,0
12436,5440171905,Authentication,166,34,-29,920,0,11,0,0,1,0,0,0,720,0
12437,5440225946,Data,287,34,-28,920,2,0,0,0,0,0,0,1,0,0
12438,5440264438,S1G Beacon,129,34,-29,920,3,1,,,,,,,0,0
12439,5440389044,Authentication,166,34,-53,920,0,11,0,0,0,0,0,0,0,0
12440,5440402728,Authentication,166,34,-29,920,0,11,0,0,0,0,0,0,720,0
12441,5440408406,Authentication,166,34,-28,920,0,11,0,0,1,0,0,0,720,0
12442,5440414190,Authentication,166,34,-28,920,0,11,0,0,1,0,0,0,720,0
12443,5440420231,Authentication,166,34,-28,920,0,11,0,0,1,0,0,0,720,0
12444,5440651186,Authentication,166,34,-52,920,0,11,0,0,0,0,0,0,0,0
12445,5440664610,Authentication,166,34,-30,920,0,11,0,0,0,0,0,0,720,0
12446,5440670600,Authentication,166,34,-30,920,0,11,0,0,1,0,0,0,720,0
12447,5440676383,Authentication,166,34,-29,920,0,11,0,0,1,0,0,0,720,0
12448,5440682221,Authentication,166,34,-29,920,0,11,0,0,1,0,0,0,720,0
12449,5440906158,Authentication,166,34,-53,920,0,11,0,0,0,0,0,0,0,0
12450,5440924317,Authentication,166,34,-28,920,0,11,0,0,0,0,0,0,720,0
12451,5440930101,Authentication,166,34,-29,920,0,11,0,0,1,0,0,0,720,0
12452,5440935780,Authentication,166,34,-29,920,0,11,0,0,1,0,0,0,720,0
12453,5440941617,Authentication,166,34,-29,920,0,11,0,0,1,0,0,0,720,0
12454,5441083643,S1G Beacon,61,34,-30,920,3,1,,,,,,,0,0
12455,5441150894,Authentication,166,34,-52,920,0,11,0,0,0,0,0,0,0,0
12456,5441404845,Authentication,166,34,-52,920,0,11,0,0,0,0,0,0,0,0
12457,5441414371,Authentication,166,34,-28,920,0,11,0,0,0,0,0,0,720,0
12458,5441420207,Authentication,166,34,-28,920,0,11,0,0,1,0,0,0,720,0
12459,5441425993,Authentication,166,34,-28,920,0,11,0,0,1,0,0,0,720,0
12460,5441432035,Authentication,166,34,-28,920,0,11,0,0,1,0,0,0,720,0
12461,5441666988,Authentication,166,34,-53,920,0,11,0,0,0,0,0,0,0,0
12462,5441684313,Authentication,166,34,-29,920,0,11,0,0,0,0,0,0,720,0
12463,5441690306,Authentication,166,34,-28,920,0,11,0,0,1,0,0,0,720,0
12464,5441696348,Authentication,166,34,-27,920,0,11,0,0,1,0,0,0,720,0
12465,5441702235,Authentication,166,34,-29,920,0,11,0,0,1,0,0,0,720,0
12466,5441902844,S1G Beacon,129,34,-29,920,3,1,,,,,,,0,0
12467,5441925542,Authentication,166,34,-51,920,0,11,0,0,0,0,0,0,0,0
12468,5441934393,Authentication,166,34,-29,920,0,11,0,0,0,0,0,0,720,0
12469,5441940438,Authentication,166,34,-28,920,0,11,0,0,1,0,0,0,720,0
12470,5441946379,Authentication,166,34,-29,920,0,11,0,0,1,0,0,0,720,0
12471,5441952111,Authentication,166,34,-29,920,0,11,0,0,1,0,0,0,720,0
12472,5442170791,Authentication,166,34,-54,920,0,11,0,0,0,0,0,0,0,0
12473,5442184426,Authentication,166,34,-29,920,0,11,0,0,0,0,0,0,720,0
12474,5442190104,Authentication,166,34,-29,920,0,11,0,0,1,0,0,0,720,0
12475,5442195993,Authentication,166,34,-30,920,0,11,0,0,1,0,0,0,720,0
12476,5442201671,Authentication,166,34,-30,920,0,11,0,0,1,0,0,0,720,0
12477,5442420647,Authentication,166,34,-52,920,0,11,0,0,0,0,0,0,0,0
12478,5442434384,Authentication,166,34,-29,920,0,11,0,0,0,0,0,0,720,0
12479,5442440062,Authentication,166,34,-28,920,0,11,0,0,1,0,0,0,720,0
12480,5442445874,Authentication,166,34,-29,920,0,11,0,0,1,0,0,0,720,0
12481,5442451864,Authentication,166,34,-30,920,0,11,0,0,1,0,0,0,720,0
12482,5442682789,Authentication,166,34,-52,920,0,11,0,0,0,0,0,0,0,0
12483,5442722047,S1G Beacon,61,34,-28,920,3,1,,,,,,,0,0
12484,5442944931,Authentication,166,34,-54,920,0,11,0,0,0,0,0,0,0,0
12485,5442954352,Authentication,166,34,-30,920,0,11,0,0,0,0,0,0,720,0
12486,5442960081,Authentication,166,34,-28,920,0,11,0,0,1,0,0,0,720,0
12487,5442965763,Authentication,166,34,-28,920,0,11,0,0,1,0,0,0,720,0
12488,5442971937,Authentication,166,34,-29,920,0,11,0,0,1,0,0,0,720,0
12489,5443184545,Authentication,166,34,-52,920,0,11,0,0,0,0,0,0,0,0
12490,5443194591,Authentication,166,34,-28,920,0,11,0,0,0,0,0,0,720,0
12491,5443200426,Authentication,166,34,-28,920,0,11,0,0,1,0,0,0,720,0
12492,5443206468,Authentication,166,34,-28,920,0,11,0,0,1,0,0,0,720,0
12493,5443212303,Authentication,166,34,-30,920,0,11,0,0,1,0,0,0,720,0
12494,5443250014,Data,287,34,-30,920,2,0,0,0,0,0,0,1,0,0
12495,5443436448,Authentication,166,34,-52,920,0,11,0,0,0,0,0,0,0,0
12496,5443443996,Authentication,166,34,-28,920,0,11,0,0,0,0,0,0,720,0
12497,5443450039,Authentication,166,34,-28,920,0,11,0,0,1,0,0,0,720,0
12498,5443455719,Authentication,166,34,-28,920,0,11,0,0,1,0,0,0,720,0
12499,5443461504,Authentication,166,34,-28,920,0,11,0,0,1,0,0,0,720,0
12500,5443541252,S1G Beacon,129,34,-28,920,3,1,,,,,,,0,0
12501,5443698590,Authentication,166,34,-53,920,0,11,0,0,0,0,0,0,0,0
12502,5443714354,Authentication,166,34,-27,920,0,11,0,0,0,0,0,0,720,0
12503,5443720294,Authentication,166,34,-28,920,0,11,0,0,1,0,0,0,720,0
12504,5443726234,Authentication,166,34,-28,920,0,11,0,0,1,0,0,0,720,0
12505,5443732017,Authentication,166,34,-30,920,0,11,0,0,1,0,0,0,720,0
12506,5443960732,Authentication,166,34,-52,920,0,11,0,0,0,0,0,0,0,0
12507,5443974364,Authentication,166,34,-29,920,0,11,0,0,0,0,0,0,720,0
12508,5443980096,Authentication,166,34,-28,920,0,11,0,0,1,0,0,0,720,0
12509,5443985982,Authentication,166,34,-29,920,0,11,0,0,1,0,0,0,720,0
12510,5443991712,Authentication,166,34,-28,920,0,11,0,0,1,0,0,0,720,0
12511,5444036446,RTS,54,34,-19,920,1,11,,,,0,0,0,2488,0
12513,5444042141,RTS,54,34,-20,920,1,11,,,,0,0,0,2488,0
12515,5444046539,RTS,54,34,-20,920,1,11,,,,0,0,0,2524,0
12517,5444051802,RTS,54,34,-20,920,1,11,,,,0,0,0,2524,0
12519,5444057536,RTS,54,34,-19,920,1,11,,,,0,0,0,2632,0
12521,5444063323,RTS,54,34,-19,920,1,11,,,,0,0,0,2632,0
12523,5444209041,QoS Null,64,34,-19,920,2,12,1,0,0,0,0,0,720,0
12525,5444213655,Authentication,166,34,-53,920,0,11,0,0,0,0,0,0,0,0
12526,5444224329,Authentication,166,34,-28,920,0,11,0,0,0,0,0,0,720,0
12527,5444230424,Authentication,166,34,-28,920,0,11,0,0,1,0,0,0,720,0
12528,5444236260,Authentication,166,34,-29,920,0,11,0,0,1,0,0,0,720,0
12529,5444242305,Authentication,166,34,-28,920,0,11,0,0,1,0,0,0,720,0
12530,5444360454,S1G Beacon,61,34,-29,920,3,1,,,,,,,0,0
12531,5444452249,Authentication,166,34,-52,920,0,11,0,0,0,0,0,0,0,0
12532,5444464375,Authentication,166,34,-29,920,0,11,0,0,0,0,0,0,720,0
12533,5444470209,Authentication,166,34,-28,920,0,11,0,0,1,0,0,0,720,0
12534,5444476044,Authentication,166,34,-29,920,0,11,0,0,1,0,0,0,720,0
12535,5444481879,Authentication,166,34,-28,920,0,11,0,0,1,0,0,0,720,0
12536,5444714391,Authentication,166,34,-52,920,0,11,0,0,0,0,0,0,0,0
12537,5444724331,Authentication,166,34,-28,920,0,11,0,0,0,0,0,0,720,0
12538,5444730324,Authentication,166,34,-29,920,0,11,0,0,1,0,0,0,720,0
12539,5444736367,Authentication,166,34,-30,920,0,11,0,0,1,0,0,0,720,0
12540,5444742412,Authentication,166,34,-28,920,0,11,0,0,1,0,0,0,720,0
12541,5444976533,Authentication,166,34,-52,920,0,11,0,0,0,0,0,0,0,0
12543,5445179660,S1G Beacon,129,34,-29,920,3,1,,,,,,,0,0
12544,5445205907,Authentication,166,34,-53,920,0,11,0,0,0,0,0,0,0,0
12545,5445214372,Authentication,166,34,-26,920,0,11,0,0,0,0,0,0,720,0
12546,5445220103,Authentication,166,34,-28,920,0,11,0,0,1,0,0,0,720,0
12547,5445225888,Authentication,166,34,-28,920,0,11,0,0,1,0,0,0,720,0
12548,5445231879,Authentication,166,34,-29,920,0,11,0,0,1,0,0,0,720,0
12549,5445244524,QoS Data,149,34,-33,920,2,8,0,0,0,0,0,1,720,0
12551,5445251203,QoS Data,131,34,-21,920,2,8,1,0,0,0,0,1,720,0
12554,5445380058,QoS Data,128,34,-29,920,2,8,1,0,0,0,0,1,720,0
12556,5445382594,QoS Data,128,34,-31,920,2,8,0,0,0,0,0,1,720,0
12558,5445468050,Authentication,166,34,-51,920,0,11,0,0,0,0,0,0,0,0
12559,5445479864,Authentication,166,34,-28,920,0,11,0,0,0,0,0,0,720,0
12560,5445485700,Authentication,166,34,-29,920,0,11,0,0,1,0,0,0,720,0
12561,5445491585,Authentication,166,34,-28,920,0,11,0,0,1,0,0,0,720,0
12562,5445497576,Authentication,166,34,-30,920,0,11,0,0,1,0,0,0,720,0
12563,5445730192,Authentication,166,34,-52,920,0,11,0,0,0,0,0,0,0,0
12564,5445974924,Authentication,166,34,-54,920,0,11,0,0,0,0,0,0,0,0
12565,5445998863,S1G Beacon,61,34,-28,920,3,1,,,,,,,0,0
12566,5446223757,Authentication,166,34,-52,920,0,11,0,0,0,0,0,0,0,0
12567,5446234324,Authentication,166,34,-28,920,0,11,0,0,0,0,0,0,720,0
12568,5446240264,Authentication,166,34,-28,920,0,11,0,0,1,0,0,0,720,0
12569,5446246149,Authentication,166,34,-27,920,0,11,0,0,1,0,0,0,720,0
12570,5446252193,Authentication,166,34,-28,920,0,11,0,0,1,0,0,0,720,0
12571,5446274045,Data,287,34,-27,920,2,0,0,0,0,0,0,1,0,0
12572,5446483851,Authentication,166,34,-53,920,0,11,0,0,0,0,0,0,0,0
12573,5446745993,Authentication,166,34,-52,920,0,11,0,0,0,0,0,0,0,0
12574,5446754349,Authentication,166,34,-30,920,0,11,0,0,0,0,0,0,720,0
12575,5446760393,Authentication,166,34,-28,920,0,11,0,0,1,0,0,0,720,0
12576,5446766435,Authentication,166,34,-28,920,0,11,0,0,1,0,0,0,720,0
12577,5446772270,Authentication,166,34,-29,920,0,11,0,0,1,0,0,0,720,0
12578,5446818065,S1G Beacon,129,34,-30,920,3,1,,,,,,,0,0
12579,5446994821,Authentication,166,34,-51,920,0,11,0,0,0,0,0,0,0,0
12580,5447004348,Authentication,166,34,-29,920,0,11,0,0,0,0,0,0,720,0
12581,5447010078,Authentication,166,34,-28,920,0,11,0,0,1,0,0,0,720,0
12582,5447015967,Authentication,166,34,-28,920,0,11,0,0,1,0,0,0,720,0
12583,5447021646,Authentication,166,34,-28,920,0,11,0,0,1,0,0,0,720,0
12584,5447248771,Authentication,166,34,-51,920,0,11,0,0,0,0,0,0,0,0
12585,5447261610,Authentication,166,34,-28,920,0,11,0,0,0,0,0,0,720,0
12586,5447266874,Authentication,166,34,-28,920,0,11,0,0,1,0,0,0,720,0
12587,5447272709,Authentication,166,34,-27,920,0,11,0,0,1,0,0,0,720,0
12588,5447278589,Authentication,166,34,-28,920,0,11,0,0,1,0,0,0,720,0
12589,5447499652,Authentication,166,34,-54,920,0,11,0,0,0,0,0,0,0,0
12590,5447514325,Authentication,166,34,-29,920,0,11,0,0,0,0,0,0,720,0
12591,5447520005,Authentication,166,34,-28,920,0,11,0,0,1,0,0,0,720,0
12592,5447525841,Authentication,166,34,-30,920,0,11,0,0,1,0,0,0,720,0
12593,5447531260,Authentication,166,34,-28,920,0,11,0,0,1,0,0,0,720,0
12594,5447637268,S1G Beacon,61,34,-29,920,3,1,,,,,,,0,0
12595,5447761794,Authentication,166,34,-53,920,0,11,0,0,0,0,0,0,0,0
12596,5447774337,Authentication,166,34,-28,920,0,11,0,0,0,0,0,0,720,0
12597,5447780173,Authentication,166,34,-28,920,0,11,0,0,1,0,0,0,720,0
12598,5447786166,Authentication,166,34,-28,920,0,11,0,0,1,0,0,0,720,0
12599,5447792208,Authentication,166,34,-28,920,0,11,0,0,1,0,0,0,720,0
12600,5448023937,Authentication,166,34,-52,920,0,11,0,0,0,0,0,0,0,0
12601,5448034555,Authentication,166,34,-28,920,0,11,0,0,0,0,0,0,720,0
12602,5448040442,Authentication,166,34,-29,920,0,11,0,0,1,0,0,0,720,0
12603,5448046435,Authentication,166,34,-29,920,0,11,0,0,1,0,0,0,720,0
12604,5448052427,Authentication,166,34,-28,920,0,11,0,0,1,0,0,0,720,0
12605,5448264574,Authentication,166,34,-52,920,0,11,0,0,0,0,0,0,0,0
12606,5448274359,Authentication,166,34,-30,920,0,11,0,0,0,0,0,0,720,0
12607,5448280039,Authentication,166,34,-29,920,0,11,0,0,1,0,0,0,720,0
12608,5448285980,Authentication,166,34,-28,920,0,11,0,0,1,0,0,0,720,0
12609,5448291970,Authentication,166,34,-29,920,0,11,0,0,1,0,0,0,720,0
12610,5448456471,S1G Beacon,129,34,-28,920,3,1,,,,,,,0,0
12611,5448515452,Authentication,166,34,-52,920,0,11,0,0,0,0,0,0,0,0
12612,5448524354,Authentication,166,34,-29,920,0,11,0,0,0,0,0,0,720,0
12613,5448530136,Authentication,166,34,-28,920,0,11,0,0,1,0,0,0,720,0
12614,5448536179,Authentication,166,34,-29,920,0,11,0,0,1,0,0,0,720,0
12615,5448542014,Authentication,166,34,-29,920,0,11,0,0,1,0,0,0,720,0
12616,5448777595,Authentication,166,34,-52,920,0,11,0,0,0,0,0,0,0,0
12617,5448794296,Authentication,166,34,-28,920,0,11,0,0,0,0,0,0,720,0
12618,5448799924,Authentication,166,34,-28,920,0,11,0,0,1,0,0,0,720,0
12619,5448805917,Authentication,166,34,-29,920,0,11,0,0,1,0,0,0,720,0
12620,5448811700,Authentication,166,34,-29,920,0,11,0,0,1,0,0,0,720,0
12621,5449027446,Authentication,166,34,-54,920,0,11,0,0,0,0,0,0,0,0
12622,5449044254,Authentication,166,34,-29,920,0,11,0,0,0,0,0,0,720,0
12623,5449050142,Authentication,166,34,-29,920,0,11,0,0,1,0,0,0,720,0
12624,5449055923,Authentication,166,34,-40,920,0,11,0,0,1,0,0,0,720,0
12625,5449061708,Authentication,166,34,-28,920,0,11,0,0,1,0,0,0,720,0
12626,5449275674,S1G Beacon,61,34,-28,920,3,1,,,,,,,0,0
12627,5449281398,Authentication,166,34,-52,920,0,11,0,0,0,0,0,0,0,0
12628,5449294407,Authentication,166,34,-28,920,0,11,0,0,0,0,0,0,720,0
12629,5449300712,Data,287,34,-28,920,2,0,0,0,0,0,0,1,0,0
12630,5449308499,Authentication,166,34,-28,920,0,11,0,0,1,0,0,0,720,0
12631,5449314281,Authentication,166,34,-28,920,0,11,0,0,1,0,0,0,720,0
12632,5449320066,Authentication,166,34,-28,920,0,11,0,0,1,0,0,0,720,0
12633,5449531254,Authentication,166,34,-51,920,0,11,0,0,0,0,0,0,0,0
12634,5449541873,Authentication,166,34,-28,920,0,11,0,0,0,0,0,0,720,0
12635,5449547708,Authentication,166,34,-27,920,0,11,0,0,1,0,0,0,720,0
12636,5449553543,Authentication,166,34,-28,920,0,11,0,0,1,0,0,0,720,0
12637,5449559222,Authentication,166,34,-28,920,0,11,0,0,1,0,0,0,720,0
12638,5449754309,Data,378,34,-28,920,2,0,0,0,0,0,0,1,0,0
12639,5449793396,Authentication,166,34,-52,920,0,11,0,0,0,0,0,0,0,0
12640,5449802789,Authentication,166,34,-28,920,0,11,0,0,0,0,0,0,720,0
12641,5449808780,Authentication,166,34,-29,920,0,11,0,0,1,0,0,0,720,0
12642,5449814770,Authentication,166,34,-28,920,0,11,0,0,1,0,0,0,720,0
12643,5449820658,Authentication,166,34,-27,920,0,11,0,0,1,0,0,0,720,0
12644,5449858004,Data,387,34,-30,920,2,0,0,0,0,0,0,1,0,0
12645,5449962010,Data,450,34,-29,920,2,0,0,0,0,0,0,1,0,0
12646,5450055538,Authentication,166,34,-52,920,0,11,0,0,0,0,0,0,0,0
12647,5450064388,Authentication,166,34,-29,920,0,11,0,0,0,0,0,0,720,0
12648,5450070690,Data,442,34,-28,920,2,0,0,0,0,0,0,1,0,0
12649,5450082639,Authentication,166,34,-28,920,0,11,0,0,1,0,0,0,720,0
12650,5450088370,Authentication,166,34,-28,920,0,11,0,0,1,0,0,0,720,0
12651,5450094879,S1G Beacon,129,34,-29,920,3,1,,,,,,,0,0
12652,5450098467,Authentication,166,34,-29,920,0,11,0,0,1,0,0,0,720,0
12653,5450170118,Data,387,34,-28,920,2,0,0,0,0,0,0,1,0,0
12654,5450267468,QoS Data,149,34,-28,920,2,8,1,0,0,0,0,1,720,0
12656,5450269622,QoS Data,149,34,-32,920,2,8,0,0,0,0,0,1,720,0
12658,5450273911,Data,426,34,-30,920,2,0,0,0,0,0,0,1,0,0
12659,5450286044,QoS Data,131,34,-19,920,2,8,1,0,0,0,0,1,720,0
12661,5450288474,QoS Data,131,34,-34,920,2,8,0,0,0,0,0,1,720,0
12663,5450293103,Authentication,166,34,-54,920,0,11,0,0,0,0,0,0,0,0
12664,5450303099,Authentication,166,34,-30,920,0,11,0,0,0,0,0,0,720,0
12665,5450308831,Authentication,166,34,-28,920,0,11,0,0,1,0,0,0,720,0
12666,5450314511,Authentication,166,34,-29,920,0,11,0,0,1,0,0,0,720,0
12667,5450320347,Authentication,166,34,-28,920,0,11,0,0,1,0,0,0,720,0
12668,5450378075,Data,458,34,-28,920,2,0,0,0,0,0,0,1,0,0
12669,5450390473,QoS Data,128,34,-29,920,2,8,1,0,0,0,0,1,720,0
12671,5450392644,QoS Data,128,34,-31,920,2,8,0,0,0,0,0,1,720,0
12673,5450482072,Data,387,34,-28,920,2,0,0,0,0,0,0,1,0,0
12674,5450547055,Authentication,166,34,-54,920,0,11,0,0,0,0,0,0,0,0
12675,5450564483,Authentication,166,34,-29,920,0,11,0,0,0,0,0,0,720,0
12676,5450570425,Authentication,166,34,-29,920,0,11,0,0,1,0,0,0,720,0
12677,5450576468,Authentication,166,34,-29,920,0,11,0,0,1,0,0,0,720,0
12678,5450582547,Authentication,166,34,-28,920,0,11,0,0,1,0,0,0,720,0
12679,5450588850,Data,446,34,-28,920,2,0,0,0,0,0,0,1,0,0
12680,5450690186,Data,440,34,-29,920,2,0,0,0,0,0,0,1,0,0
12681,5450794834,Data,387,34,-28,920,2,0,0,0,0,0,0,1,0,0
12682,5450809197,Authentication,166,34,-51,920,0,11,0,0,0,0,0,0,0,0
12683,5450824335,Authentication,166,34,-29,920,0,11,0,0,0,0,0,0,720,0
12684,5450829496,Authentication,166,34,-30,920,0,11,0,0,1,0,0,0,720,0
12685,5450835175,Authentication,166,34,-28,920,0,11,0,0,1,0,0,0,720,0
12686,5450841167,Authentication,166,34,-29,920,0,11,0,0,1,0,0,0,720,0
12687,5450898067,Data,442,34,-30,920,2,0,0,0,0,0,0,1,0,0
12688,5450914081,S1G Beacon,61,34,-28,920,3,1,,,,,,,0,0
12689,5451002087,Data,452,34,-28,920,2,0,0,0,0,0,0,1,0,0
12690,5451062121,Authentication,166,34,-52,920,0,11,0,0,0,0,0,0,0,0
12691,5451074298,Authentication,166,34,-29,920,0,11,0,0,0,0,0,0,720,0
12692,5451080081,Authentication,166,34,-28,920,0,11,0,0,1,0,0,0,720,0
12693,5451086020,Authentication,166,34,-28,920,0,11,0,0,1,0,0,0,720,0
12694,5451091909,Authentication,166,34,-28,920,0,11,0,0,1,0,0,0,720,0
12696,5451311977,Authentication,166,34,-52,920,0,11,0,0,0,0,0,0,0,0
12697,5451324310,Authentication,166,34,-28,920,0,11,0,0,0,0,0,0,720,0
12698,5451329987,Authentication,166,34,-29,920,0,11,0,0,1,0,0,0,720,0
12699,5451335928,Authentication,166,34,-28,920,0,11,0,0,1,0,0,0,720,0
12700,5451341919,Authentication,166,34,-28,920,0,11,0,0,1,0,0,0,720,0
12701,5451562857,Authentication,166,34,-52,920,0,11,0,0,0,0,0,0,0,0
12702,5451574308,Authentication,166,34,-28,920,0,11,0,0,0,0,0,0,720,0
12703,5451579987,Authentication,166,34,-28,920,0,11,0,0,1,0,0,0,720,0
12704,5451585769,Authentication,166,34,-28,920,0,11,0,0,1,0,0,0,720,0
12705,5451591498,Authentication,166,34,-28,920,0,11,0,0,1,0,0,0,720,0
12706,5451733285,S1G Beacon,129,34,-29,920,3,1,,,,,,,0,0
12707,5451824998,Authentication,166,34,-53,920,0,11,0,0,0,0,0,0,0,0
12708,5452087136,Authentication,166,34,-53,920,0,11,0,0,0,0,0,0,0,0
12709,5452323446,Data,287,34,-28,920,2,0,0,0,0,0,0,1,0,0
12710,5452333921,Authentication,166,34,-52,920,0,11,0,0,0,0,0,0,0,0
12711,5452552487,S1G Beacon,61,34,-30,920,3,1,,,,,,,0,0
12712,5452582753,Authentication,166,34,-52,920,0,11,0,0,0,0,0,0,0,0
12713,5452594308,Authentication,166,34,-28,920,0,11,0,0,0,0,0,0,720,0
12714,5452600622,Authentication,166,34,-28,920,0,11,0,0,1,0,0,0,720,0
12715,5452606614,Authentication,166,34,-28,920,0,11,0,0,1,0,0,0,720,0
12716,5452612555,Authentication,166,34,-29,920,0,11,0,0,1,0,0,0,720,0
12717,5452840799,Authentication,166,34,-52,920,0,11,0,0,0,0,0,0,0,0
12718,5452854330,Authentication,166,34,-28,920,0,11,0,0,0,0,0,0,720,0
12719,5452860372,Authentication,166,34,-29,920,0,11,0,0,1,0,0,0,720,0
12720,5452866364,Authentication,166,34,-30,920,0,11,0,0,1,0,0,0,720,0
12721,5452872044,Authentication,166,34,-28,920,0,11,0,0,1,0,0,0,720,0
12722,5452914921,Disassociation,64,34,-30,920,0,10,0,0,0,0,0,0,720,0
12723,5452918140,Disassociation,64,34,-28,920,0,10,0,0,1,0,0,0,720,0
12724,5452921255,Disassociation,64,34,-29,920,0,10,0,0,1,0,0,0,720,0
12725,5452924267,Disassociation,64,34,-30,920,0,10,0,0,1,0,0,0,720,0
12726,5453102942,Authentication,166,34,-52,920,0,11,0,0,0,0,0,0,0,0
12727,5453114299,Authentication,166,34,-28,920,0,11,0,0,0,0,0,0,720,0
12728,5453120341,Authentication,166,34,-28,920,0,11,0,0,1,0,0,0,720,0
12729,5453126106,Authentication,166,34,-28,920,0,11,0,0,1,0,0,0,720,0
12730,5453132151,Authentication,166,34,-27,920,0,11,0,0,1,0,0,0,720,0
12731,5453345626,Authentication,166,34,-56,920,0,11,0,0,0,0,0,0,0,0
12732,5453371693,S1G Beacon,129,34,-29,920,3,1,,,,,,,0,0
12733,5453594458,Authentication,166,34,-52,920,0,11,0,0,0,0,0,0,0,0
12734,5453602790,Authentication,166,34,-30,920,0,11,0,0,0,0,0,0,720,0
12735,5453608730,Authentication,166,34,-30,920,0,11,0,0,1,0,0,0,720,0
12736,5453614773,Authentication,166,34,-28,920,0,11,0,0,1,0,0,0,720,0
12737,5453620817,Authentication,166,34,-28,920,0,11,0,0,1,0,0,0,720,0
12738,5453856600,Authentication,166,34,-52,920,0,11,0,0,0,0,0,0,0,0
12739,5454118743,Authentication,166,34,-52,920,0,11,0,0,0,0,0,0,0,0
12740,5454190896,S1G Beacon,61,34,-30,920,3,1,,,,,,,0,0
12741,5454374280,Authentication,166,34,-28,920,0,11,0,0,0,0,0,0,720,0
12742,5454380116,Authentication,166,34,-28,920,0,11,0,0,1,0,0,0,720,0
12743,5454385848,Authentication,166,34,-27,920,0,11,0,0,1,0,0,0,720,0
12744,5454391628,Authentication,166,34,-28,920,0,11,0,0,1,0,0,0,720,0
12745,5454610259,Authentication,166,34,-53,920,0,11,0,0,0,0,0,0,0,0
12746,5454624308,Authentication,166,34,-28,920,0,11,0,0,0,0,0,0,720,0
12747,5454630196,Authentication,166,34,-28,920,0,11,0,0,1,0,0,0,720,0
12748,5454636031,Authentication,166,34,-28,920,0,11,0,0,1,0,0,0,720,0
12749,5454641972,Authentication,166,34,-28,920,0,11,0,0,1,0,0,0,720,0
12750,5454872402,Authentication,166,34,-52,920,0,11,0,0,0,0,0,0,0,0
12751,5454884267,Authentication,166,34,-28,920,0,11,0,0,0,0,0,0,720,0
12752,5454890259,Authentication,166,34,-28,920,0,11,0,0,1,0,0,0,720,0
12753,5454895940,Authentication,166,34,-28,920,0,11,0,0,1,0,0,0,720,0
12754,5454901881,Authentication,166,34,-29,920,0,11,0,0,1,0,0,0,720,0
12755,5455010100,S1G Beacon,129,34,-28,920,3,1,,,,,,,0,0
12756,5455126348,Authentication,166,34,-53,920,0,11,0,0,0,0,0,0,0,0
12757,5455144246,Authentication,166,34,-29,920,0,11,0,0,0,0,0,0,720,0
12758,5455150238,Authentication,166,34,-29,920,0,11,0,0,1,0,0,0,720,0
12759,5455155919,Authentication,166,34,-29,920,0,11,0,0,1,0,0,0,720,0
12760,5455161753,Authentication,166,34,-28,920,0,11,0,0,1,0,0,0,720,0
12761,5455296644,QoS Data,148,34,-29,920,2,8,1,0,0,0,0,1,720,0
12763,5455299369,QoS Data,148,34,-32,920,2,8,0,0,0,0,0,1,720,0
12765,5455306048,QoS Data,131,34,-21,920,2,8,1,0,0,0,0,1,720,0
12767,5455308688,QoS Data,131,34,-33,920,2,8,0,0,0,0,0,1,720,0
12769,5455346061,Data,287,34,-28,920,2,0,0,0,0,0,0,1,0,0
12770,5455363918,Authentication,166,34,-53,920,0,11,0,0,0,0,0,0,0,0
12771,5455379216,QoS Data,128,34,-28,920,2,8,1,0,0,0,0,1,720,0
12773,5455381960,QoS Data,128,34,-33,920,2,8,0,0,0,0,0,1,720,0
12775,5455626060,Authentication,166,34,-53,920,0,11,0,0,0,0,0,0,0,0
12776,5455829821,S1G Beacon,61,34,-28,920,3,1,,,,,,,0,0
12777,5455888202,Authentication,166,34,-51,920,0,11,0,0,0,0,0,0,0,0
12778,5455901628,Authentication,166,34,-28,920,0,11,0,0,0,0,0,0,720,0
12779,5455907359,Authentication,166,34,-29,920,0,11,0,0,1,0,0,0,720,0
12780,5455913192,Authentication,166,34,-29,920,0,11,0,0,1,0,0,0,720,0
12781,5456130887,Authentication,166,34,-53,920,0,11,0,0,0,0,0,0,0,0
12782,5456144312,Authentication,166,34,-29,920,0,11,0,0,0,0,0,0,720,0
12783,5456150198,Authentication,166,34,-28,920,0,11,0,0,1,0,0,0,720,0
12784,5456156158,Authentication,166,34,-30,920,0,11,0,0,1,0,0,0,720,0
12785,5456162150,Authentication,166,34,-29,920,0,11,0,0,1,0,0,0,720,0
12786,5456379719,Authentication,166,34,-52,920,0,11,0,0,0,0,0,0,0,0
12787,5456641861,Authentication,166,34,-52,920,0,11,0,0,0,0,0,0,0,0
12788,5456648506,S1G Beacon,129,34,-29,920,3,1,,,,,,,0,0
12789,5456652405,Authentication,166,34,-28,920,0,11,0,0,0,0,0,0,720,0
12790,5456658343,Authentication,166,34,-28,920,0,11,0,0,1,0,0,0,720,0
12791,5456664180,Authentication,166,34,-28,920,0,11,0,0,1,0,0,0,720,0
12792,5456670225,Authentication,166,34,-30,920,0,11,0,0,1,0,0,0,720,0
12793,5456904003,Authentication,166,34,-53,920,0,11,0,0,0,0,0,0,0,0
12794,5457149759,Authentication,166,34,-51,920,0,11,0,0,0,0,0,0,0,0
12795,5457395520,Authentication,166,34,-52,920,0,11,0,0,0,0,0,0,0,0
12796,5457402811,Authentication,166,34,-28,920,0,11,0,0,0,0,0,0,720,0
12797,5457408492,Authentication,166,34,-28,920,0,11,0,0,1,0,0,0,720,0
12798,5457414223,Authentication,166,34,-30,920,0,11,0,0,1,0,0,0,720,0
12799,5457420056,Authentication,166,34,-28,920,0,11,0,0,1,0,0,0,720,0
12800,5457467708,S1G Beacon,61,34,-30,920,3,1,,,,,,,0,0
12801,5457657662,Authentication,166,34,-53,920,0,11,0,0,0,0,0,0,0,0
12802,5457675404,Authentication,166,34,-28,920,0,11,0,0,0,0,0,0,720,0
12803,5457681084,Authentication,166,34,-29,920,0,11,0,0,1,0,0,0,720,0
12804,5457686813,Authentication,166,34,-30,920,0,11,0,0,1,0,0,0,720,0
12805,5457692856,Authentication,166,34,-28,920,0,11,0,0,1,0,0,0,720,0
12806,5457919805,Authentication,166,34,-52,920,0,11,0,0,0,0,0,0,0,0
12807,5457934564,Authentication,166,34,-29,920,0,11,0,0,0,0,0,0,720,0
12808,5457940503,Authentication,166,34,-28,920,0,11,0,0,1,0,0,0,720,0
12809,5457951861,Authentication,166,34,-28,920,0,11,0,0,1,0,0,0,720,0
12810,5458160441,Authentication,166,34,-53,920,0,11,0,0,0,0,0,0,0,0
12811,5458286913,S1G Beacon,129,34,-28,920,3,1,,,,,,,0,0
12812,5458370033,Data,287,34,-28,920,2,0,0,0,0,0,0,1,0,0
12813,5458411321,Authentication,166,34,-52,920,0,11,0,0,0,0,0,0,0,0
12814,5458424277,Authentication,166,34,-30,920,0,11,0,0,0,0,0,0,720,0
12815,5458430008,Authentication,166,34,-27,920,0,11,0,0,1,0,0,0,720,0
12816,5458435688,Authentication,166,34,-28,920,0,11,0,0,1,0,0,0,720,0
12817,5458441367,Authentication,166,34,-28,920,0,11,0,0,1,0,0,0,720,0
12818,5458673463,Authentication,166,34,-53,920,0,11,0,0,0,0,0,0,0,0
12819,5458935606,Authentication,166,34,-51,920,0,11,0,0,0,0,0,0,0,0
12820,5458944301,Authentication,166,34,-28,920,0,11,0,0,0,0,0,0,720,0
12821,5458950035,Authentication,166,34,-29,920,0,11,0,0,1,0,0,0,720,0
12822,5458955924,Authentication,166,34,-28,920,0,11,0,0,1,0,0,0,720,0
12823,5458961917,Authentication,166,34,-28,920,0,11,0,0,1,0,0,0,720,0
12824,5459106115,S1G Beacon,61,34,-27,920,3,1,,,,,,,0,0
12825,5459184434,Authentication,166,34,-53,920,0,11,0,0,0,0,0,0,0,0
12826,5459194272,Authentication,166,34,-29,920,0,11,0,0,0,0,0,0,720,0
12827,5459200159,Authentication,166,34,-27,920,0,11,0,0,1,0,0,0,720,0
12828,5459205994,Authentication,166,34,-28,920,0,11,0,0,1,0,0,0,720,0
12829,5459211933,Authentication,166,34,-29,920,0,11,0,0,1,0,0,0,720,0
12830,5459689264,Authentication,166,34,-53,920,0,11,0,0,0,0,0,0,0,0
12831,5459702846,Authentication,166,34,-28,920,0,11,0,0,0,0,0,0,720,0
12832,5459708368,Authentication,166,34,-27,920,0,11,0,0,1,0,0,0,720,0
12833,5459714098,Authentication,166,34,-30,920,0,11,0,0,1,0,0,0,720,0
12834,5459719779,Authentication,166,34,-28,920,0,11,0,0,1,0,0,0,720,0
12835,5459925320,S1G Beacon,129,34,-29,920,3,1,,,,,,,0,0
12836,5459951406,Authentication,166,34,-52,920,0,11,0,0,0,0,0,0,0,0
12837,5459961350,Authentication,166,34,-28,920,0,11,0,0,0,0,0,0,720,0
12838,5459967029,Authentication,166,34,-28,920,0,11,0,0,1,0,0,0,720,0
12839,5459972188,Authentication,166,34,-29,920,0,11,0,0,1,0,0,0,720,0
12840,5459977972,Authentication,166,34,-29,920,0,11,0,0,1,0,0,0,720,0
12841,5460192043,Authentication,166,34,-52,920,0,11,0,0,0,0,0,0,0,0
12842,5460317946,QoS Data,149,34,-30,920,2,8,1,0,0,0,0,1,720,0
12844,5460319997,QoS Data,149,34,-34,920,2,8,0,0,0,0,0,1,720,0
12846,5460327870,QoS Data,131,34,-20,920,2,8,1,0,0,0,0,1,720,0
12849,5460379534,QoS Data,128,34,-28,920,2,8,1,0,0,0,0,1,720,0
12851,5460382414,QoS Data,128,34,-34,920,2,8,0,0,0,0,0,1,720,0
12853,5460442923,Authentication,166,34,-53,920,0,11,0,0,0,0,0,0,0,0
12854,5460454271,Authentication,166,34,-28,920,0,11,0,0,0,0,0,0,720,0
12855,5460460313,Authentication,166,34,-28,920,0,11,0,0,1,0,0,0,720,0
12856,5460465992,Authentication,166,34,-28,920,0,11,0,0,1,0,0,0,720,0
12857,5460471774,Authentication,166,34,-30,920,0,11,0,0,1,0,0,0,720,0
12858,5460705065,Authentication,166,34,-53,920,0,11,0,0,0,0,0,0,0,0
12859,5460714268,Authentication,166,34,-28,920,0,11,0,0,0,0,0,0,720,0
12860,5460720104,Authentication,166,34,-29,920,0,11,0,0,1,0,0,0,720,0
12861,5460726042,Authentication,166,34,-29,920,0,11,0,0,1,0,0,0,720,0
12862,5460731827,Authentication,166,34,-28,920,0,11,0,0,1,0,0,0,720,0
12863,5460854556,S1G Beacon,61,34,-28,920,3,1,,,,,,,0,0
12864,5460967208,Authentication,166,34,-52,920,0,11,0,0,0,0,0,0,0,0
12865,5460984223,Authentication,166,34,-30,920,0,11,0,0,0,0,0,0,720,0
12866,5460995947,Authentication,166,34,-27,920,0,11,0,0,1,0,0,0,720,0
12867,5461001002,Authentication,166,34,-30,920,0,11,0,0,1,0,0,0,720,0
12868,5461042668,Data,132,34,-29,920,2,0,0,0,0,0,0,1,0,0
12869,5461046957,Data,132,34,-28,920,2,0,0,0,0,0,0,1,0,0
12870,5461057931,Data,132,34,-29,920,2,0,0,0,0,0,0,1,0,0
12871,5461066377,Data,132,34,-29,920,2,0,0,0,0,0,0,1,0,0
12872,5461087518,Data,161,34,-28,920,2,0,0,0,0,0,0,1,0,0
12873,5461092567,Data,141,34,-28,920,2,0,0,0,0,0,0,1,0,0
12874,5461217059,Authentication,166,34,-52,920,0,11,0,0,0,0,0,0,0,0
12875,5461394078,Data,287,34,-30,920,2,0,0,0,0,0,0,1,0,0
12876,5461458724,Authentication,166,34,-52,920,0,11,0,0,0,0,0,0,0,0
12877,5461474259,Authentication,166,34,-28,920,0,11,0,0,0,0,0,0,720,0
12878,5461480147,Authentication,166,34,-29,920,0,11,0,0,1,0,0,0,720,0
12879,5461485983,Authentication,166,34,-28,920,0,11,0,0,1,0,0,0,720,0
12880,5461491715,Authentication,166,34,-28,920,0,11,0,0,1,0,0,0,720,0
12881,5461498589,Data,161,34,-29,920,2,0,0,0,0,0,0,1,0,0
12882,5461503640,Data,141,34,-29,920,2,0,0,0,0,0,0,1,0,0
12883,5461563724,S1G Beacon,129,34,-28,920,3,1,,,,,,,0,0
12884,5461720866,Authentication,166,34,-56,920,0,11,0,0,0,0,0,0,0,0
12885,5461729871,Authentication,166,34,-28,920,0,11,0,0,0,0,0,0,720,0
12886,5461735601,Authentication,166,34,-28,920,0,11,0,0,1,0,0,0,720,0
12887,5461741384,Authentication,166,34,-29,920,0,11,0,0,1,0,0,0,720,0
12888,5461747166,Authentication,166,34,-28,920,0,11,0,0,1,0,0,0,720,0
12889,5461909002,Data,132,34,-28,920,2,0,0,0,0,0,0,1,0,0
12890,5461913295,Data,132,34,-28,920,2,0,0,0,0,0,0,1,0,0
12891,5461917585,Data,132,34,-28,920,2,0,0,0,0,0,0,1,0,0
12892,5461921875,Data,161,34,-28,920,2,0,0,0,0,0,0,1,0,0
12893,5461926927,Data,141,34,-28,920,2,0,0,0,0,0,0,1,0,0
12894,5461983008,Authentication,166,34,-52,920,0,11,0,0,0,0,0,0,0,0
12895,5461994254,Authentication,166,34,-28,920,0,11,0,0,0,0,0,0,720,0
12896,5461999933,Authentication,166,34,-28,920,0,11,0,0,1,0,0,0,720,0
12897,5462005613,Authentication,166,34,-28,920,0,11,0,0,1,0,0,0,720,0
12898,5462011552,Authentication,166,34,-28,920,0,11,0,0,1,0,0,0,720,0
12899,5462063253,Data,132,34,-29,920,2,0,0,0,0,0,0,1,0,0
12900,5462222622,Authentication,166,34,-51,920,0,11,0,0,0,0,0,0,0,0
12901,5462321753,Data,161,34,-29,920,2,0,0,0,0,0,0,1,0,0
12902,5462326804,Data,141,34,-29,920,2,0,0,0,0,0,0,1,0,0
12903,5462382928,S1G Beacon,61,34,-30,920,3,1,,,,,,,0,0
12904,5462474525,Authentication,166,34,-53,920,0,11,0,0,0,0,0,0,0,0
12905,5462484258,Authentication,166,34,-28,920,0,11,0,0,0,0,0,0,720,0
12906,5462489939,Authentication,166,34,-28,920,0,11,0,0,1,0,0,0,720,0
12907,5462495931,Authentication,166,34,-28,920,0,11,0,0,1,0,0,0,720,0
12908,5462501713,Authentication,166,34,-29,920,0,11,0,0,1,0,0,0,720,0
12909,5462736667,Authentication,166,34,-52,920,0,11,0,0,0,0,0,0,0,0
12910,5462754253,Authentication,166,34,-28,920,0,11,0,0,0,0,0,0,720,0
12911,5462760036,Authentication,166,34,-28,920,0,11,0,0,1,0,0,0,720,0
12912,5462766026,Authentication,166,34,-29,920,0,11,0,0,1,0,0,0,720,0
12913,5462772070,Authentication,166,34,-28,920,0,11,0,0,1,0,0,0,720,0
12914,5462998809,Authentication,166,34,-53,920,0,11,0,0,0,0,0,0,0,0
12915,5463014264,Authentication,166,34,-30,920,0,11,0,0,0,0,0,0,720,0
12916,5463020253,Authentication,166,34,-28,920,0,11,0,0,1,0,0,0,720,0
12917,5463026193,Authentication,166,34,-28,920,0,11,0,0,1,0,0,0,720,0
12918,5463032029,Authentication,166,34,-29,920,0,11,0,0,1,0,0,0,720,0
12919,5463202131,S1G Beacon,129,34,-29,920,3,1,,,,,,,0,0
12920,5463240471,Authentication,166,34,-57,920,0,11,0,0,0,0,0,0,0,0
12921,5463254260,Authentication,166,34,-28,920,0,11,0,0,0,0,0,0,720,0
12922,5463260304,Authentication,166,34,-28,920,0,11,0,0,1,0,0,0,720,0
12923,5463266087,Authentication,166,34,-28,920,0,11,0,0,1,0,0,0,720,0
12924,5463271768,Authentication,166,34,-28,920,0,11,0,0,1,0,0,0,720,0
12925,5463490326,Authentication,166,34,-53,920,0,11,0,0,0,0,0,0,0,0
12926,5463502817,Authentication,166,34,-28,920,0,11,0,0,0,0,0,0,720,0
12927,5463508756,Authentication,166,34,-28,920,0,11,0,0,1,0,0,0,720,0
12928,5463514488,Authentication,166,34,-28,920,0,11,0,0,1,0,0,0,720,0
12929,5463520532,Authentication,166,34,-30,920,0,11,0,0,1,0,0,0,720,0
12930,5463752468,Authentication,166,34,-57,920,0,11,0,0,0,0,0,0,0,0
12931,5463764491,Authentication,166,34,-30,920,0,11,0,0,0,0,0,0,720,0
12932,5463770325,Authentication,166,34,-30,920,0,11,0,0,1,0,0,0,720,0
12933,5463776109,Authentication,166,34,-28,920,0,11,0,0,1,0,0,0,720,0
12934,5463781891,Authentication,166,34,-28,920,0,11,0,0,1,0,0,0,720,0
12935,5464014610,Authentication,166,34,-56,920,0,11,0,0,0,0,0,0,0,0
12936,5464021335,S1G Beacon,61,34,-29,920,3,1,,,,,,,0,0
12937,5464023433,Authentication,166,34,-28,920,0,11,0,0,0,0,0,0,720,0
12938,5464029217,Authentication,166,34,-28,920,0,11,0,0,1,0,0,0,720,0
12939,5464035209,Authentication,166,34,-28,920,0,11,0,0,1,0,0,0,720,0
12940,5464041200,Authentication,166,34,-28,920,0,11,0,0,1,0,0,0,720,0
12941,5464256272,Authentication,166,34,-55,920,0,11,0,0,0,0,0,0,0,0
12942,5464274170,Authentication,166,34,-28,920,0,11,0,0,0,0,0,0,720,0
12943,5464279850,Authentication,166,34,-28,920,0,11,0,0,1,0,0,0,720,0
12944,5464285581,Authentication,166,34,-29,920,0,11,0,0,1,0,0,0,720,0
12945,5464291417,Authentication,166,34,-29,920,0,11,0,0,1,0,0,0,720,0
12946,5464418101,Data,287,34,-29,920,2,0,0,0,0,0,0,1,0,0
12947,5464506127,Authentication,166,34,-53,920,0,11,0,0,0,0,0,0,0,0
12948,5464514250,Authentication,166,34,-30,920,0,11,0,0,0,0,0,0,720,0
12949,5464519928,Authentication,166,34,-29,920,0,11,0,0,1,0,0,0,720,0
12950,5464525815,Authentication,166,34,-30,920,0,11,0,0,1,0,0,0,720,0
12951,5464531860,Authentication,166,34,-30,920,0,11,0,0,1,0,0,0,720,0
12952,5464840541,S1G Beacon,129,34,-28,920,3,1,,,,,,,0,0
12953,5465030412,Authentication,166,34,-57,920,0,11,0,0,0,0,0,0,0,0
12954,5465044254,Authentication,166,34,-30,920,0,11,0,0,0,0,0,0,720,0
12955,5465050089,Authentication,166,34,-28,920,0,11,0,0,1,0,0,0,720,0
12956,5465055820,Authentication,166,34,-28,920,0,11,0,0,1,0,0,0,720,0
12957,5465061863,Authentication,166,34,-28,920,0,11,0,0,1,0,0,0,720,0
12958,5465273096,Authentication,166,34,-53,920,0,11,0,0,0,0,0,0,0,0
12959,5465339125,QoS Data,149,34,-28,920,2,8,1,0,1,0,0,1,720,0
12961,5465341488,QoS Data,149,34,-32,920,2,8,0,0,0,0,0,1,720,0
12963,5465348272,QoS Data,131,34,-21,920,2,8,1,0,0,0,0,1,720,0
12965,5465350705,QoS Data,131,34,-33,920,2,8,0,0,0,0,0,1,720,0
12967,5465379032,QoS Data,128,34,-29,920,2,8,1,0,0,0,0,1,720,0
12969,5465381308,QoS Data,128,34,-33,920,2,8,0,0,0,0,0,1,720,0
12971,5465521929,Authentication,166,34,-53,920,0,11,0,0,0,0,0,0,0,0
12972,5465659743,S1G Beacon,61,34,-28,920,3,1,,,,,,,0,0
12973,5465784070,Authentication,166,34,-53,920,0,11,0,0,0,0,0,0,0,0
12974,5465794220,Authentication,166,34,-28,920,0,11,0,0,0,0,0,0,720,0
12975,5465799949,Authentication,166,34,-28,920,0,11,0,0,1,0,0,0,720,0
12976,5465805680,Authentication,166,34,-29,920,0,11,0,0,1,0,0,0,720,0
12977,5465811462,Authentication,166,34,-28,920,0,11,0,0,1,0,0,0,720,0
12978,5466046212,Authentication,166,34,-57,920,0,11,0,0,0,0,0,0,0,0
12979,5466064163,Authentication,166,34,-28,920,0,11,0,0,0,0,0,0,720,0
12980,5466070052,Authentication,166,34,-29,920,0,11,0,0,1,0,0,0,720,0
12981,5466075886,Authentication,166,34,-29,920,0,11,0,0,1,0,0,0,720,0
12982,5466081772,Authentication,166,34,-28,920,0,11,0,0,1,0,0,0,720,0
12983,5466294017,Authentication,166,34,-56,920,0,11,0,0,0,0,0,0,0,0
12984,5466302813,Authentication,166,34,-29,920,0,11,0,0,0,0,0,0,720,0
12985,5466308649,Authentication,166,34,-28,920,0,11,0,0,1,0,0,0,720,0
12986,5466314327,Authentication,166,34,-28,920,0,11,0,0,1,0,0,0,720,0
12987,5466320317,Authentication,166,34,-28,920,0,11,0,0,1,0,0,0,720,0
12988,5466478947,S1G Beacon,129,34,-29,920,3,1,,,,,,,0,0
12989,5466539777,Authentication,166,34,-53,920,0,11,0,0,0,0,0,0,0,0
12990,5466552267,Authentication,166,34,-28,920,0,11,0,0,0,0,0,0,720,0
12991,5466558311,Authentication,166,34,-28,920,0,11,0,0,1,0,0,0,720,0
12992,5466564252,Authentication,166,34,-28,920,0,11,0,0,1,0,0,0,720,0
12993,5466569934,Authentication,166,34,-28,920,0,11,0,0,1,0,0,0,720,0
12994,5466799872,Authentication,166,34,-52,920,0,11,0,0,0,0,0,0,0,0
12995,5466814225,Authentication,166,34,-28,920,0,11,0,0,0,0,0,0,720,0
12996,5466820061,Authentication,166,34,-29,920,0,11,0,0,1,0,0,0,720,0
12997,5466825740,Authentication,166,34,-28,920,0,11,0,0,1,0,0,0,720,0
12998,5466831729,Authentication,166,34,-28,920,0,11,0,0,1,0,0,0,720,0
12999,5467062014,Authentication,166,34,-52,920,0,11,0,0,0,0,0,0,0,0
13000,5467074246,Authentication,166,34,-28,920,0,11,0,0,0,0,0,0,720,0
13001,5467080186,Authentication,166,34,-28,920,0,11,0,0,1,0,0,0,720,0
13002,5467085863,Authentication,166,34,-29,920,0,11,0,0,1,0,0,0,720,0
13003,5467091541,Authentication,166,34,-28,920,0,11,0,0,1,0,0,0,720,0
13004,5467298151,S1G Beacon,61,34,-28,920,3,1,,,,,,,0,0
13005,5467308794,Authentication,166,34,-53,920,0,11,0,0,0,0,0,0,0,0
13006,5467442056,Data,287,34,-28,920,2,0,0,0,0,0,0,1,0,0
13007,5467553530,Authentication,166,34,-57,920,0,11,0,0,0,0,0,0,0,0
13008,5467564251,Authentication,166,34,-29,920,0,11,0,0,0,0,0,0,720,0
13009,5467570139,Authentication,166,34,-28,920,0,11,0,0,1,0,0,0,720,0
13010,5467576081,Authentication,166,34,-28,920,0,11,0,0,1,0,0,0,720,0
13011,5467581864,Authentication,166,34,-29,920,0,11,0,0,1,0,0,0,720,0
13012,5467815672,Authentication,166,34,-52,920,0,11,0,0,0,0,0,0,0,0
13013,5467824209,Authentication,166,34,-29,920,0,11,0,0,0,0,0,0,720,0
13014,5467830149,Authentication,166,34,-28,920,0,11,0,0,1,0,0,0,720,0
13015,5467836090,Authentication,166,34,-30,920,0,11,0,0,1,0,0,0,720,0
13016,5467841822,Authentication,166,34,-29,920,0,11,0,0,1,0,0,0,720,0
13017,5468077815,Authentication,166,34,-54,920,0,11,0,0,0,0,0,0,0,0
13018,5468089163,Authentication,166,34,-33,920,0,11,0,0,0,0,0,0,720,0
13019,5468095206,Authentication,166,34,-28,920,0,11,0,0,1,0,0,0,720,0
13020,5468100939,Authentication,166,34,-28,920,0,11,0,0,1,0,0,0,720,0
13021,5468106879,Authentication,166,34,-28,920,0,11,0,0,1,0,0,0,720,0
13022,5468250422,S1G Beacon,129,34,-30,920,3,1,,,,,,,0,0
13023,5468320500,Authentication,166,34,-57,920,0,11,0,0,0,0,0,0,0,0
13024,5468334288,Authentication,166,34,-29,920,0,11,0,0,0,0,0,0,720,0
13025,5468340123,Authentication,166,34,-29,920,0,11,0,0,1,0,0,0,720,0
13026,5468345956,Authentication,166,34,-27,920,0,11,0,0,1,0,0,0,720,0
13027,5468351843,Authentication,166,34,-29,920,0,11,0,0,1,0,0,0,720,0
13028,5468569331,Authentication,166,34,-52,920,0,11,0,0,0,0,0,0,0,0
13029,5468584213,Authentication,166,34,-28,920,0,11,0,0,0,0,0,0,720,0
13030,5468590047,Authentication,166,34,-28,920,0,11,0,0,1,0,0,0,720,0
13031,5468595936,Authentication,166,34,-28,920,0,11,0,0,1,0,0,0,720,0
13032,5468601769,Authentication,166,34,-30,920,0,11,0,0,1,0,0,0,720,0
13033,5468831473,Authentication,166,34,-53,920,0,11,0,0,0,0,0,0,0,0
13034,5468844225,Authentication,166,34,-29,920,0,11,0,0,0,0,0,0,720,0
13035,5468849957,Authentication,166,34,-29,920,0,11,0,0,1,0,0,0,720,0
13036,5468855638,Authentication,166,34,-29,920,0,11,0,0,1,0,0,0,720,0
13037,5468861680,Authentication,166,34,-29,920,0,11,0,0,1,0,0,0,720,0
13038,5468936557,S1G Beacon,61,34,-30,920,3,1,,,,,,,0,0
13039,5469093616,Authentication,166,34,-55,920,0,11,0,0,0,0,0,0,0,0
13040,5469102882,Authentication,166,34,-29,920,0,11,0,0,0,0,0,0,720,0
13041,5469108873,Authentication,166,34,-28,920,0,11,0,0,1,0,0,0,720,0
13042,5469114810,Authentication,166,34,-28,920,0,11,0,0,1,0,0,0,720,0
13043,5469120804,Authentication,166,34,-29,920,0,11,0,0,1,0,0,0,720,0
13044,5469336300,Authentication,166,34,-53,920,0,11,0,0,0,0,0,0,0,0
13045,5469344212,Authentication,166,34,-28,920,0,11,0,0,0,0,0,0,720,0
13046,5469350048,Authentication,166,34,-28,920,0,11,0,0,1,0,0,0,720,0
13047,5469355881,Authentication,166,34,-29,920,0,11,0,0,1,0,0,0,720,0
13048,5469361666,Authentication,166,34,-28,920,0,11,0,0,1,0,0,0,720,0
13049,5469593323,Authentication,166,34,-53,920,0,11,0,0,0,0,0,0,0,0
13050,5469602849,Authentication,166,34,-29,920,0,11,0,0,0,0,0,0,720,0
13051,5469608632,Authentication,166,34,-28,920,0,11,0,0,1,0,0,0,720,0
13052,5469614416,Authentication,166,34,-29,920,0,11,0,0,1,0,0,0,720,0
13053,5469620146,Authentication,166,34,-29,920,0,11,0,0,1,0,0,0,720,0
13054,5469755761,S1G Beacon,129,34,-29,920,3,1,,,,,,,0,0
13055,5469847275,Authentication,166,34,-55,920,0,11,0,0,0,0,0,0,0,0
13056,5469864186,Authentication,166,34,-28,920,0,11,0,0,0,0,0,0,720,0
13057,5469869917,Authentication,166,34,-29,920,0,11,0,0,1,0,0,0,720,0
13058,5469875910,Authentication,166,34,-30,920,0,11,0,0,1,0,0,0,720,0
13059,5469881642,Authentication,166,34,-29,920,0,11,0,0,1,0,0,0,720,0
13060,5470109417,Authentication,166,34,-55,920,0,11,0,0,0,0,0,0,0,0
13061,5470356530,QoS Data,149,34,-28,920,2,8,1,0,0,0,0,1,720,0
13063,5470358841,QoS Data,149,34,-32,920,2,8,0,0,0,0,0,1,720,0
13065,5470365573,QoS Data,131,34,-19,920,2,8,1,0,0,0,0,1,720,0
13067,5470368268,QoS Data,131,34,-32,920,2,8,0,0,0,0,0,1,720,0
13068,5470371559,Authentication,166,34,-53,920,0,11,0,0,0,0,0,0,0,0
13069,5470376509,QoS Data,131,34,-33,920,2,8,0,0,1,0,0,1,720,0
13071,5470378731,Authentication,166,34,-29,920,0,11,0,0,0,0,0,0,720,0
13072,5470384775,Authentication,166,34,-27,920,0,11,0,0,1,0,0,0,720,0
13073,5470390558,Authentication,166,34,-28,920,0,11,0,0,1,0,0,0,720,0
13074,5470396446,Authentication,166,34,-28,920,0,11,0,0,1,0,0,0,720,0
13075,5470450744,Disassociation,64,34,-27,920,0,10,0,0,0,0,0,0,720,0
13076,5470454015,Disassociation,64,34,-28,920,0,10,0,0,1,0,0,0,720,0
13077,5470456973,Disassociation,64,34,-29,920,0,10,0,0,1,0,0,0,720,0
13078,5470459931,Disassociation,64,34,-29,920,0,10,0,0,1,0,0,0,720,0
13079,5470466061,Data,287,34,-28,920,2,0,0,0,0,0,0,1,0,0
13080,5470574964,S1G Beacon,61,34,-28,920,3,1,,,,,,,0,0
13081,5470612196,Authentication,166,34,-56,920,0,11,0,0,0,0,0,0,0,0
13082,5470624217,Authentication,166,34,-29,920,0,11,0,0,0,0,0,0,720,0
13083,5470629999,Authentication,166,34,-28,920,0,11,0,0,1,0,0,0,720,0
13084,5470640345,QoS Data,128,34,-28,920,2,8,1,0,1,0,0,1,720,0
13086,5470642621,Authentication,166,34,-28,920,0,11,0,0,1,0,0,0,720,0
13087,5470754483,Data,378,34,-28,920,2,0,0,0,0,0,0,1,0,0
13088,5470764761,QoS Data,128,34,-33,920,2,8,0,0,0,0,0,1,720,0
13090,5470858093,Data,387,34,-28,920,2,0,0,0,0,0,0,1,0,0
13091,5470962003,Data,450,34,-29,920,2,0,0,0,0,0,0,1,0,0
13092,5471066138,Data,442,34,-28,920,2,0,0,0,0,0,0,1,0,0
13093,5471125218,Authentication,166,34,-55,920,0,11,0,0,0,0,0,0,0,0
13094,5471134432,Authentication,166,34,-27,920,0,11,0,0,0,0,0,0,720,0
13095,5471140213,Authentication,166,34,-28,920,0,11,0,0,1,0,0,0,720,0
13096,5471146154,Authentication,166,34,-28,920,0,11,0,0,1,0,0,0,720,0
13097,5471152198,Authentication,166,34,-28,920,0,11,0,0,1,0,0,0,720,0
13098,5471170151,Data,387,34,-28,920,2,0,0,0,0,0,0,1,0,0
13099,5471274479,Data,426,34,-28,920,2,0,0,0,0,0,0,1,0,0
13100,5471378131,Data,458,34,-29,920,2,0,0,0,0,0,0,1,0,0
13101,5471394166,S1G Beacon,129,34,-28,920,3,1,,,,,,,0,0
13102,5471482253,Data,387,34,-28,920,2,0,0,0,0,0,0,1,0,0
13103,5471586060,Data,446,34,-28,920,2,0,0,0,0,0,0,1,0,0
13104,5471626973,Authentication,166,34,-52,920,0,11,0,0,0,0,0,0,0,0
13105,5471644196,Authentication,166,34,-28,920,0,11,0,0,0,0,0,0,720,0
13106,5471650030,Authentication,166,34,-28,920,0,11,0,0,1,0,0,0,720,0
13107,5471655918,Authentication,166,34,-29,920,0,11,0,0,1,0,0,0,720,0
13108,5471661598,Authentication,166,34,-28,920,0,11,0,0,1,0,0,0,720,0
13109,5471690160,Data,440,34,-28,920,2,0,0,0,0,0,0,1,0,0
13110,5471794537,Data,387,34,-28,920,2,0,0,0,0,0,0,1,0,0
13111,5471878877,Authentication,166,34,-53,920,0,11,0,0,0,0,0,0,0,0
13112,5471898066,Data,442,34,-28,920,2,0,0,0,0,0,0,1,0,0
13113,5472002781,Data,452,34,-28,920,2,0,0,0,0,0,0,1,0,0
13114,5472141020,Authentication,166,34,-55,920,0,11,0,0,0,0,0,0,0,0
13115,5472154185,Authentication,166,34,-28,920,0,11,0,0,0,0,0,0,720,0
13116,5472159915,Authentication,166,34,-28,920,0,11,0,0,1,0,0,0,720,0
13117,5472165752,Authentication,166,34,-28,920,0,11,0,0,1,0,0,0,720,0
13118,5472171534,Authentication,166,34,-28,920,0,11,0,0,1,0,0,0,720,0
13119,5472213371,S1G Beacon,61,34,-28,920,3,1,,,,,,,0,0
13120,5472403161,Authentication,166,34,-57,920,0,11,0,0,0,0,0,0,0,0
13121,5472414247,Authentication,166,34,-27,920,0,11,0,0,0,0,0,0,720,0
13122,5472420081,Authentication,166,34,-29,920,0,11,0,0,1,0,0,0,720,0
13123,5472425812,Authentication,166,34,-28,920,0,11,0,0,1,0,0,0,720,0
13124,5472431593,Authentication,166,34,-28,920,0,11,0,0,1,0,0,0,720,0
13125,5472645846,Authentication,166,34,-52,920,0,11,0,0,0,0,0,0,0,0
13126,5472654227,Authentication,166,34,-28,920,0,11,0,0,0,0,0,0,720,0
13127,5472660220,Authentication,166,34,-28,920,0,11,0,0,1,0,0,0,720,0
13128,5472666054,Authentication,166,34,-28,920,0,11,0,0,1,0,0,0,720,0
13129,5472671994,Authentication,166,34,-28,920,0,11,0,0,1,0,0,0,720,0
13130,5472894678,Authentication,166,34,-55,920,0,11,0,0,0,0,0,0,0,0
13131,5473032572,S1G Beacon,129,34,-29,920,3,1,,,,,,,0,0
13132,5473156820,Authentication,166,34,-54,920,0,11,0,0,0,0,0,0,0,0
13133,5473174146,Authentication,166,34,-30,920,0,11,0,0,0,0,0,0,720,0
13134,5473180033,Authentication,166,34,-28,920,0,11,0,0,1,0,0,0,720,0
13135,5473186076,Authentication,166,34,-28,920,0,11,0,0,1,0,0,0,720,0
13136,5473192066,Authentication,166,34,-29,920,0,11,0,0,1,0,0,0,720,0
13137,5473403600,Authentication,166,34,-57,920,0,11,0,0,0,0,0,0,0,0
13138,5473490092,Data,287,34,-28,920,2,0,0,0,0,0,0,1,0,0
13140,5473654480,Authentication,166,34,-53,920,0,11,0,0,0,0,0,0,0,0
13141,5473664734,Authentication,166,34,-28,920,0,11,0,0,0,0,0,0,720,0
13142,5473670516,Authentication,166,34,-28,920,0,11,0,0,1,0,0,0,720,0
13143,5473676559,Authentication,166,34,-28,920,0,11,0,0,1,0,0,0,720,0
13144,5473682342,Authentication,166,34,-29,920,0,11,0,0,1,0,0,0,720,0
13145,5473851776,S1G Beacon,61,34,-30,920,3,1,,,,,,,0,0
13146,5473910478,Authentication,166,34,-53,920,0,11,0,0,0,0,0,0,0,0
13147,5473924218,Authentication,166,34,-28,920,0,11,0,0,0,0,0,0,720,0
13148,5473930262,Authentication,166,34,-29,920,0,11,0,0,1,0,0,0,720,0
13149,5473935995,Authentication,166,34,-30,920,0,11,0,0,1,0,0,0,720,0
13150,5473941882,Authentication,166,34,-29,920,0,11,0,0,1,0,0,0,720,0
13151,5474172621,Authentication,166,34,-56,920,0,11,0,0,0,0,0,0,0,0
13152,5474434439,Authentication,166,34,-29,920,0,11,0,0,0,0,0,0,720,0
13153,5474440223,Authentication,166,34,-30,920,0,11,0,0,1,0,0,0,720,0
13154,5474445903,Authentication,166,34,-28,920,0,11,0,0,1,0,0,0,720,0
13155,5474451583,Authentication,166,34,-28,920,0,11,0,0,1,0,0,0,720,0
13156,5474664138,Authentication,166,34,-55,920,0,11,0,0,0,0,0,0,0,0
13157,5474670980,S1G Beacon,129,34,-28,920,3,1,,,,,,,0,0
13158,5474674880,Authentication,166,34,-28,920,0,11,0,0,0,0,0,0,720,0
13159,5474680560,Authentication,166,34,-29,920,0,11,0,0,1,0,0,0,720,0
13160,5474686344,Authentication,166,34,-28,920,0,11,0,0,1,0,0,0,720,0
13161,5474692129,Authentication,166,34,-28,920,0,11,0,0,1,0,0,0,720,0
13162,5474926280,Authentication,166,34,-56,920,0,11,0,0,0,0,0,0,0,0
13163,5474944129,Authentication,166,34,-28,920,0,11,0,0,0,0,0,0,720,0
13164,5474950122,Authentication,166,34,-28,920,0,11,0,0,1,0,0,0,720,0
13165,5474956060,Authentication,166,34,-28,920,0,11,0,0,1,0,0,0,720,0
13166,5474961741,Authentication,166,34,-28,920,0,11,0,0,1,0,0,0,720,0
13167,5475188422,Authentication,166,34,-53,920,0,11,0,0,0,0,0,0,0,0
13168,5475200287,Authentication,166,34,-28,920,0,11,0,0,0,0,0,0,720,0
13169,5475205965,Authentication,166,34,-28,920,0,11,0,0,1,0,0,0,720,0
13170,5475211645,Authentication,166,34,-28,920,0,11,0,0,1,0,0,0,720,0
13171,5475217427,Authentication,166,34,-28,920,0,11,0,0,1,0,0,0,720,0
13172,5475386195,QoS Data,148,34,-28,920,2,8,1,0,0,0,0,1,720,0
13174,5475389028,QoS Data,148,34,-32,920,2,8,0,0,0,0,0,1,720,0
13176,5475397991,QoS Data,128,34,-21,920,2,8,1,0,1,0,0,1,720,0
13178,5475402874,QoS Data,128,34,-33,920,2,8,0,0,1,0,0,1,720,0
13180,5475405876,QoS Data,131,34,-21,920,2,8,1,0,1,0,0,1,720,0
13182,5475408463,QoS Data,131,34,-33,920,2,8,0,0,0,0,0,1,720,0
13184,5475417797,Authentication,166,34,-52,920,0,11,0,0,0,0,0,0,0,0
13185,5475434082,Authentication,166,34,-28,920,0,11,0,0,0,0,0,0,720,0
13186,5475439762,Authentication,166,34,-29,920,0,11,0,0,1,0,0,0,720,0
13187,5475445495,Authentication,166,34,-29,920,0,11,0,0,1,0,0,0,720,0
13188,5475451487,Authentication,166,34,-27,920,0,11,0,0,1,0,0,0,720,0
13189,5475490183,S1G Beacon,61,34,-28,920,3,1,,,,,,,0,0
13190,5475628834,QoS Data,128,34,-28,920,2,8,1,0,0,0,0,1,720,0
13192,5475630954,QoS Data,128,34,-31,920,2,8,0,0,0,0,0,1,720,0
13194,5475679939,Authentication,166,34,-56,920,0,11,0,0,0,0,0,0,0,0
13195,5475694197,Authentication,166,34,-28,920,0,11,0,0,0,0,0,0,720,0
13196,5475699930,Authentication,166,34,-29,920,0,11,0,0,1,0,0,0,720,0
13197,5475705973,Authentication,166,34,-28,920,0,11,0,0,1,0,0,0,720,0
13198,5475711860,Authentication,166,34,-28,920,0,11,0,0,1,0,0,0,720,0
13199,5475942082,Authentication,166,34,-52,920,0,11,0,0,0,0,0,0,0,0
13200,5475954206,Authentication,166,34,-27,920,0,11,0,0,0,0,0,0,720,0
13201,5475959936,Authentication,166,34,-28,920,0,11,0,0,1,0,0,0,720,0
13202,5475965930,Authentication,166,34,-28,920,0,11,0,0,1,0,0,0,720,0
13203,5475971974,Authentication,166,34,-28,920,0,11,0,0,1,0,0,0,720,0
13204,5476204224,Authentication,166,34,-51,920,0,11,0,0,0,0,0,0,0,0
13205,5476214167,Authentication,166,34,-29,920,0,11,0,0,0,0,0,0,720,0
13206,5476220056,Authentication,166,34,-28,920,0,11,0,0,1,0,0,0,720,0
13207,5476225786,Authentication,166,34,-28,920,0,11,0,0,1,0,0,0,720,0
13208,5476231674,Authentication,166,34,-28,920,0,11,0,0,1,0,0,0,720,0
13209,5476309388,S1G Beacon,129,34,-28,920,3,1,,,,,,,0,0
13210,5476440764,Authentication,166,34,-53,920,0,11,0,0,0,0,0,0,0,0
13211,5476454297,Authentication,166,34,-29,920,0,11,0,0,0,0,0,0,720,0
13212,5476460081,Authentication,166,34,-29,920,0,11,0,0,1,0,0,0,720,0
13213,5476466126,Authentication,166,34,-29,920,0,11,0,0,1,0,0,0,720,0
13214,5476471858,Authentication,166,34,-28,920,0,11,0,0,1,0,0,0,720,0
13215,5476514198,Data,287,34,-29,920,2,0,0,0,0,0,0,1,0,0
13216,5476695740,Authentication,166,34,-53,920,0,11,0,0,0,0,0,0,0,0
13217,5476957882,Authentication,166,34,-53,920,0,11,0,0,0,0,0,0,0,0
13218,5476974374,Authentication,166,34,-28,920,0,11,0,0,0,0,0,0,720,0
13219,5476980261,Authentication,166,34,-29,920,0,11,0,0,1,0,0,0,720,0
13220,5476986201,Authentication,166,34,-28,920,0,11,0,0,1,0,0,0,720,0
13221,5476991883,Authentication,166,34,-28,920,0,11,0,0,1,0,0,0,720,0
13222,5477128590,S1G Beacon,61,34,-29,920,3,1,,,,,,,0,0
13223,5477220024,Authentication,166,34,-54,920,0,11,0,0,0,0,0,0,0,0
13224,5477234178,Authentication,166,34,-28,920,0,11,0,0,0,0,0,0,720,0
13225,5477239859,Authentication,166,34,-28,920,0,11,0,0,1,0,0,0,720,0
13226,5477245537,Authentication,166,34,-28,920,0,11,0,0,1,0,0,0,720,0
13227,5477251426,Authentication,166,34,-28,920,0,11,0,0,1,0,0,0,720,0
13228,5477466804,Authentication,166,34,-52,920,0,11,0,0,0,0,0,0,0,0
13229,5477484132,Authentication,166,34,-29,920,0,11,0,0,0,0,0,0,720,0
13230,5477490074,Authentication,166,34,-28,920,0,11,0,0,1,0,0,0,720,0
13231,5477495859,Authentication,166,34,-28,920,0,11,0,0,1,0,0,0,720,0
13232,5477501798,Authentication,166,34,-28,920,0,11,0,0,1,0,0,0,720,0
13233,5477711541,Authentication,166,34,-52,920,0,11,0,0,0,0,0,0,0,0
13234,5477724341,Authentication,166,34,-29,920,0,11,0,0,0,0,0,0,720,0
13235,5477729500,Authentication,166,34,-30,920,0,11,0,0,1,0,0,0,720,0
13236,5477735178,Authentication,166,34,-28,920,0,11,0,0,1,0,0,0,720,0
13237,5477741012,Authentication,166,34,-29,920,0,11,0,0,1,0,0,0,720,0
13238,5477947793,S1G Beacon,129,34,-29,920,3,1,,,,,,,0,0
13239,5477973683,Authentication,166,34,-52,920,0,11,0,0,0,0,0,0,0,0
13240,5477984146,Authentication,166,34,-28,920,0,11,0,0,0,0,0,0,720,0
13241,5477989823,Authentication,166,34,-29,920,0,11,0,0,1,0,0,0,720,0
13242,5477995502,Authentication,166,34,-29,920,0,11,0,0,1,0,0,0,720,0
13243,5478001335,Authentication,166,34,-28,920,0,11,0,0,1,0,0,0,720,0
13244,5478235826,Authentication,166,34,-52,920,0,11,0,0,0,0,0,0,0,0
13245,5478244155,Authentication,166,34,-30,920,0,11,0,0,0,0,0,0,720,0
13246,5478250145,Authentication,166,34,-28,920,0,11,0,0,1,0,0,0,720,0
13247,5478255822,Authentication,166,34,-28,920,0,11,0,0,1,0,0,0,720,0
13248,5478261814,Authentication,166,34,-28,920,0,11,0,0,1,0,0,0,720,0
13249,5478475439,Authentication,166,34,-52,920,0,11,0,0,0,0,0,0,0,0
13250,5478484184,Authentication,166,34,-28,920,0,11,0,0,0,0,0,0,720,0
13251,5478490017,Authentication,166,34,-29,920,0,11,0,0,1,0,0,0,720,0
13252,5478495749,Authentication,166,34,-28,920,0,11,0,0,1,0,0,0,720,0
13253,5478501583,Authentication,166,34,-28,920,0,11,0,0,1,0,0,0,720,0
13254,5478727342,Authentication,166,34,-53,920,0,11,0,0,0,0,0,0,0,0
13255,5478734424,Authentication,166,34,-28,920,0,11,0,0,0,0,0,0,720,0
13256,5478740311,Authentication,166,34,-29,920,0,11,0,0,1,0,0,0,720,0
13257,5478746198,Authentication,166,34,-29,920,0,11,0,0,1,0,0,0,720,0
13258,5478752242,Authentication,166,34,-29,920,0,11,0,0,1,0,0,0,720,0
13259,5478989484,Authentication,166,34,-54,920,0,11,0,0,0,0,0,0,0,0
13260,5479003065,Authentication,166,34,-30,920,0,11,0,0,0,0,0,0,720,0
13261,5479008847,Authentication,166,34,-29,920,0,11,0,0,1,0,0,0,720,0
13262,5479014630,Authentication,166,34,-29,920,0,11,0,0,1,0,0,0,720,0
13263,5479020363,Authentication,166,34,-28,920,0,11,0,0,1,0,0,0,720,0
13264,5479251626,Authentication,166,34,-54,920,0,11,0,0,0,0,0,0,0,0
13265,5479264168,Authentication,166,34,-28,920,0,11,0,0,0,0,0,0,720,0
13266,5479270209,Authentication,166,34,-29,920,0,11,0,0,1,0,0,0,720,0
13267,5479275939,Authentication,166,34,-28,920,0,11,0,0,1,0,0,0,720,0
13268,5479281981,Authentication,166,34,-28,920,0,11,0,0,1,0,0,0,720,0
13269,5479492265,Authentication,166,34,-51,920,0,11,0,0,0,0,0,0,0,0
13270,5479502988,Authentication,166,34,-29,920,0,11,0,0,0,0,0,0,720,0
13271,5479508822,Authentication,166,34,-28,920,0,11,0,0,1,0,0,0,720,0
13272,5479514760,Authentication,166,34,-29,920,0,11,0,0,1,0,0,0,720,0
13273,5479520597,Authentication,166,34,-29,920,0,11,0,0,1,0,0,0,720,0
13274,5479538133,Data,287,34,-30,920,2,0,0,0,0,0,0,1,0,0
13275,5479586201,S1G Beacon,129,34,-29,920,3,1,,,,,,,0,0
13276,5479743142,Authentication,166,34,-52,920,0,11,0,0,0,0,0,0,0,0
13277,5479754180,Authentication,166,34,-29,920,0,11,0,0,0,0,0,0,720,0
13278,5479759911,Authentication,166,34,-28,920,0,11,0,0,1,0,0,0,720,0
13279,5479765800,Authentication,166,34,-28,920,0,11,0,0,1,0,0,0,720,0
13280,5479771481,Authentication,166,34,-28,920,0,11,0,0,1,0,0,0,720,0
13282,5480005285,Authentication,166,34,-54,920,0,11,0,0,0,0,0,0,0,0
13283,5480014655,Authentication,166,34,-28,920,0,11,0,0,0,0,0,0,720,0
13284,5480020491,Authentication,166,34,-28,920,0,11,0,0,1,0,0,0,720,0
13285,5480026536,Authentication,166,34,-29,920,0,11,0,0,1,0,0,0,720,0
13286,5480032422,Authentication,166,34,-28,920,0,11,0,0,1,0,0,0,720,0
13287,5480267427,Authentication,166,34,-56,920,0,11,0,0,0,0,0,0,0,0
13288,5480274406,Authentication,166,34,-28,920,0,11,0,0,0,0,0,0,720,0
13289,5480280189,Authentication,166,34,-29,920,0,11,0,0,1,0,0,0,720,0
13290,5480286179,Authentication,166,34,-28,920,0,11,0,0,1,0,0,0,720,0
13291,5480291912,Authentication,166,34,-28,920,0,11,0,0,1,0,0,0,720,0
13292,5480405405,S1G Beacon,61,34,-28,920,3,1,,,,,,,0,0
13293,5480419908,QoS Data,149,34,-28,920,2,8,1,0,1,0,0,1,720,0
13295,5480422272,QoS Data,149,34,-32,920,2,8,0,0,0,0,0,1,720,0
13297,5480429473,QoS Data,131,34,-21,920,2,8,1,0,0,0,0,1,720,0
13299,5480431698,QoS Data,131,34,-33,920,2,8,0,0,0,0,0,1,720,0
13301,5480507041,Authentication,166,34,-52,920,0,11,0,0,0,0,0,0,0,0
13302,5480629097,QoS Data,128,34,-30,920,2,8,1,0,0,0,0,1,720,0
13304,5480631372,QoS Data,128,34,-33,920,2,8,0,0,0,0,0,1,720,0
13306,5480758944,Authentication,166,34,-52,920,0,11,0,0,0,0,0,0,0,0
13307,5480774139,Authentication,166,34,-29,920,0,11,0,0,0,0,0,0,720,0
13308,5480780129,Authentication,166,34,-29,920,0,11,0,0,1,0,0,0,720,0
13309,5480786171,Authentication,166,34,-30,920,0,11,0,0,1,0,0,0,720,0
13310,5480791954,Authentication,166,34,-29,920,0,11,0,0,1,0,0,0,720,0
13311,5481021086,Authentication,166,34,-54,920,0,11,0,0,0,0,0,0,0,0
13312,5481034150,Authentication,166,34,-28,920,0,11,0,0,0,0,0,0,720,0
13313,5481040036,Authentication,166,34,-28,920,0,11,0,0,1,0,0,0,720,0
13314,5481045819,Authentication,166,34,-28,920,0,11,0,0,1,0,0,0,720,0
13315,5481051497,Authentication,166,34,-29,920,0,11,0,0,1,0,0,0,720,0
13316,5481224608,S1G Beacon,129,34,-29,920,3,1,,,,,,,0,0
13317,5481264795,Authentication,166,34,-52,920,0,11,0,0,0,0,0,0,0,0
13318,5481274215,Authentication,166,34,-28,920,0,11,0,0,0,0,0,0,720,0
13319,5481280105,Authentication,166,34,-28,920,0,11,0,0,1,0,0,0,720,0
13320,5481286148,Authentication,166,34,-29,920,0,11,0,0,1,0,0,0,720,0
13321,5481292037,Authentication,166,34,-29,920,0,11,0,0,1,0,0,0,720,0
13322,5481514651,Authentication,166,34,-53,920,0,11,0,0,0,0,0,0,0,0
13323,5481524074,Authentication,166,34,-29,920,0,11,0,0,0,0,0,0,720,0
13324,5481529755,Authentication,166,34,-28,920,0,11,0,0,1,0,0,0,720,0
13325,5481535487,Authentication,166,34,-28,920,0,11,0,0,1,0,0,0,720,0
13326,5481541165,Authentication,166,34,-28,920,0,11,0,0,1,0,0,0,720,0
13327,5481774745,Authentication,166,34,-53,920,0,11,0,0,0,0,0,0,0,0
13328,5481784219,Authentication,166,34,-28,920,0,11,0,0,0,0,0,0,720,0
13329,5481790054,Authentication,166,34,-29,920,0,11,0,0,1,0,0,0,720,0
13330,5481796047,Authentication,166,34,-28,920,0,11,0,0,1,0,0,0,720,0
13331,5481802089,Authentication,166,34,-28,920,0,11,0,0,1,0,0,0,720,0
13332,5482036887,Authentication,166,34,-52,920,0,11,0,0,0,0,0,0,0,0
13333,5482043809,S1G Beacon,61,34,-28,920,3,1,,,,,,,0,0
13334,5482285715,Authentication,166,34,-52,920,0,11,0,0,0,0,0,0,0,0
13335,5482294148,Authentication,166,34,-30,920,0,11,0,0,0,0,0,0,720,0
13336,5482300140,Authentication,166,34,-28,920,0,11,0,0,1,0,0,0,720,0
13337,5482305924,Authentication,166,34,-29,920,0,11,0,0,1,0,0,0,720,0
13338,5482311864,Authentication,166,34,-30,920,0,11,0,0,1,0,0,0,720,0
13339,5482528404,Authentication,166,34,-52,920,0,11,0,0,0,0,0,0,0,0
13340,5482562153,Data,287,34,-29,920,2,0,0,0,0,0,0,1,0,0
13341,5482790546,Authentication,166,34,-52,920,0,11,0,0,0,0,0,0,0,0
13342,5482802932,Authentication,166,34,-29,920,0,11,0,0,0,0,0,0,720,0
13343,5482808715,Authentication,166,34,-29,920,0,11,0,0,1,0,0,0,720,0
13344,5482814655,Authentication,166,34,-29,920,0,11,0,0,1,0,0,0,720,0
13345,5482820385,Authentication,166,34,-28,920,0,11,0,0,1,0,0,0,720,0
13346,5482863015,S1G Beacon,129,34,-30,920,3,1,,,,,,,0,0
13347,5483052688,Authentication,166,34,-53,920,0,11,0,0,0,0,0,0,0,0
13348,5483064139,Authentication,166,34,-28,920,0,11,0,0,0,0,0,0,720,0
13349,5483069976,Authentication,166,34,-28,920,0,11,0,0,1,0,0,0,720,0
13350,5483076019,Authentication,166,34,-29,920,0,11,0,0,1,0,0,0,720,0
13351,5483082010,Authentication,166,34,-30,920,0,11,0,0,1,0,0,0,720,0
13352,5483299468,Authentication,166,34,-52,920,0,11,0,0,0,0,0,0,0,0
13353,5483314141,Authentication,166,34,-28,920,0,11,0,0,0,0,0,0,720,0
13354,5483319822,Authentication,166,34,-29,920,0,11,0,0,1,0,0,0,720,0
13355,5483325655,Authentication,166,34,-28,920,0,11,0,0,1,0,0,0,720,0
13356,5483331701,Authentication,166,34,-30,920,0,11,0,0,1,0,0,0,720,0
13357,5483544206,Authentication,166,34,-52,920,0,11,0,0,0,0,0,0,0,0
13358,5483554148,Authentication,166,34,-28,920,0,11,0,0,0,0,0,0,720,0
13359,5483559878,Authentication,166,34,-29,920,0,11,0,0,1,0,0,0,720,0
13360,5483565923,Authentication,166,34,-29,920,0,11,0,0,1,0,0,0,720,0
13361,5483571603,Authentication,166,34,-30,920,0,11,0,0,1,0,0,0,720,0
13362,5483682219,S1G Beacon,61,34,-29,920,3,1,,,,,,,0,0
13363,5483806348,Authentication,166,34,-52,920,0,11,0,0,0,0,0,0,0,0
13364,5484068489,Authentication,166,34,-52,920,0,11,0,0,0,0,0,0,0,0
13365,5484084151,Authentication,166,34,-29,920,0,11,0,0,0,0,0,0,720,0
13366,5484089882,Authentication,166,34,-28,920,0,11,0,0,1,0,0,0,720,0
13367,5484095924,Authentication,166,34,-28,920,0,11,0,0,1,0,0,0,720,0
13368,5484101605,Authentication,166,34,-29,920,0,11,0,0,1,0,0,0,720,0
13369,5484324485,Authentication,166,34,-51,920,0,11,0,0,0,0,0,0,0,0
13370,5484334166,Authentication,166,34,-29,920,0,11,0,0,0,0,0,0,720,0
13371,5484339483,Authentication,166,34,-28,920,0,11,0,0,1,0,0,0,720,0
13372,5484345476,Authentication,166,34,-29,920,0,11,0,0,1,0,0,0,720,0
13373,5484350949,Authentication,166,34,-30,920,0,11,0,0,1,0,0,0,720,0
13374,5484501418,S1G Beacon,129,34,-28,920,3,1,,,,,,,0,0
13375,5484576388,Authentication,166,34,-59,920,0,11,0,0,0,0,0,0,0,0
13376,5484584144,Authentication,166,34,-30,920,0,11,0,0,0,0,0,0,720,0
13377,5484589877,Authentication,166,34,-29,920,0,11,0,0,1,0,0,0,720,0
13378,5484595557,Authentication,166,34,-50,920,0,11,0,0,1,0,0,0,720,0
13379,5484601599,Authentication,166,34,-28,920,0,11,0,0,1,0,0,0,720,0
13380,5484822149,Authentication,166,34,-52,920,0,11,0,0,0,0,0,0,0,0
13381,5484835575,Authentication,166,34,-30,920,0,11,0,0,0,0,0,0,720,0
13382,5484841618,Authentication,166,34,-30,920,0,11,0,0,1,0,0,0,720,0
13383,5485084291,Authentication,166,34,-52,920,0,11,0,0,0,0,0,0,0,0
13384,5485093659,Authentication,166,34,-29,920,0,11,0,0,0,0,0,0,720,0
13385,5485099494,Authentication,166,34,-28,920,0,11,0,0,1,0,0,0,720,0
13386,5485105382,Authentication,166,34,-31,920,0,11,0,0,1,0,0,0,720,0
13387,5485111320,Authentication,166,34,-29,920,0,11,0,0,1,0,0,0,720,0
13388,5485320625,S1G Beacon,61,34,-28,920,3,1,,,,,,,0,0
13389,5485346432,Authentication,166,34,-52,920,0,11,0,0,0,0,0,0,0,0
13390,5485436715,QoS Data,149,34,-27,920,2,8,1,0,0,0,0,1,720,0
13391,5485440178,RTS,54,34,-21,920,1,11,,,,0,0,0,2452,0
13393,5485441803,QoS Data,149,34,-28,920,2,8,1,0,1,0,0,1,720,0
13395,5485444583,QoS Data,149,34,-33,920,2,8,0,0,0,0,0,1,720,0
13397,5485451782,QoS Data,131,34,-20,920,2,8,1,0,0,0,0,1,720,0
13399,5485454184,QoS Data,131,34,-32,920,2,8,0,0,0,0,0,1,720,0
13401,5485586125,Data,287,34,-28,920,2,0,0,0,0,0,0,1,0,0
13402,5485595261,Authentication,166,34,-52,920,0,11,0,0,0,0,0,0,0,0
13403,5485602916,Authentication,166,34,-28,920,0,11,0,0,0,0,0,0,720,0
13404,5485608647,Authentication,166,34,-29,920,0,11,0,0,1,0,0,0,720,0
13405,5485614432,Authentication,166,34,-29,920,0,11,0,0,1,0,0,0,720,0
13406,5485620320,Authentication,166,34,-28,920,0,11,0,0,1,0,0,0,720,0
13407,5485628900,QoS Data,128,34,-28,920,2,8,1,0,0,0,0,1,720,0
13409,5485631123,QoS Data,128,34,-33,920,2,8,0,0,0,0,0,1,720,0
13411,5485845117,Authentication,166,34,-52,920,0,11,0,0,0,0,0,0,0,0
13412,5486100092,Authentication,166,34,-52,920,0,11,0,0,0,0,0,0,0,0
13413,5486114141,Authentication,166,34,-29,920,0,11,0,0,0,0,0,0,720,0
13414,5486121052,Authentication,166,34,-28,920,0,11,0,0,1,0,0,0,720,0
13415,5486126730,Authentication,166,34,-29,920,0,11,0,0,1,0,0,0,720,0
13416,5486132513,Authentication,166,34,-30,920,0,11,0,0,1,0,0,0,720,0
13417,5486140193,S1G Beacon,129,34,-28,920,3,1,,,,,,,0,0
13418,5486362233,Authentication,166,34,-54,920,0,11,0,0,0,0,0,0,0,0
13419,5486374165,Authentication,166,34,-29,920,0,11,0,0,0,0,0,0,720,0
13420,5486380052,Authentication,166,34,-29,920,0,11,0,0,1,0,0,0,720,0
13421,5486385886,Authentication,166,34,-29,920,0,11,0,0,1,0,0,0,720,0
13422,5486391931,Authentication,166,34,-28,920,0,11,0,0,1,0,0,0,720,0
13423,5486441444,Disassociation,64,34,-29,920,0,10,0,0,0,0,0,0,720,0
13424,5486444661,Disassociation,64,34,-28,920,0,10,0,0,1,0,0,0,720,0
13425,5486447671,Disassociation,64,34,-29,920,0,10,0,0,1,0,0,0,720,0
13426,5486450891,Disassociation,64,34,-28,920,0,10,0,0,1,0,0,0,720,0
13427,5486616181,Authentication,166,34,-53,920,0,11,0,0,0,0,0,0,0,0
13428,5486634066,Authentication,166,34,-30,920,0,11,0,0,0,0,0,0,720,0
13429,5486640059,Authentication,166,34,-28,920,0,11,0,0,1,0,0,0,720,0
13430,5486645994,Authentication,166,34,-28,920,0,11,0,0,1,0,0,0,720,0
13431,5486651984,Authentication,166,34,-29,920,0,11,0,0,1,0,0,0,720,0
13432,5486855799,Authentication,166,34,-53,920,0,11,0,0,0,0,0,0,0,0
13433,5486864127,Authentication,166,34,-29,920,0,11,0,0,0,0,0,0,720,0
13434,5486869805,Authentication,166,34,-29,920,0,11,0,0,1,0,0,0,720,0
13435,5486875641,Authentication,166,34,-30,920,0,11,0,0,1,0,0,0,720,0
13436,5486881477,Authentication,166,34,-28,920,0,11,0,0,1,0,0,0,720,0
13437,5486959031,S1G Beacon,61,34,-29,920,3,1,,,,,,,0,0
13438,5487115893,Authentication,166,34,-53,920,0,11,0,0,0,0,0,0,0,0
13439,5487378035,Authentication,166,34,-51,920,0,11,0,0,0,0,0,0,0,0
13440,5487388185,Authentication,166,34,-29,920,0,11,0,0,0,0,0,0,720,0
13441,5487393865,Authentication,166,34,-30,920,0,11,0,0,1,0,0,0,720,0
13442,5487399753,Authentication,166,34,-29,920,0,11,0,0,1,0,0,0,720,0
13443,5487405847,Authentication,166,34,-28,920,0,11,0,0,1,0,0,0,720,0
13444,5487506235,Data,390,34,-29,920,2,0,0,0,0,0,0,1,0,0
13445,5487517406,Data,390,34,-28,920,2,0,0,0,0,0,0,1,0,0
13446,5487528576,Data,399,34,-28,920,2,0,0,0,0,0,0,1,0,0
13447,5487539988,Data,399,34,-29,920,2,0,0,0,0,0,0,1,0,0
13448,5487551399,Data,454,34,-28,920,2,0,0,0,0,0,0,1,0,0
13449,5487564289,Data,454,34,-29,920,2,0,0,0,0,0,0,1,0,0
13450,5487577179,Data,464,34,-28,920,2,0,0,0,0,0,0,1,0,0
13451,5487590309,Data,464,34,-28,920,2,0,0,0,0,0,0,1,0,0
13452,5487640177,Authentication,166,34,-55,920,0,11,0,0,0,0,0,0,0,0
13453,5487650318,Authentication,166,34,-28,920,0,11,0,0,0,0,0,0,720,0
13454,5487656100,Authentication,166,34,-28,920,0,11,0,0,1,0,0,0,720,0
13455,5487661781,Authentication,166,34,-29,920,0,11,0,0,1,0,0,0,720,0
13456,5487667823,Authentication,166,34,-28,920,0,11,0,0,1,0,0,0,720,0
13457,5487778235,S1G Beacon,129,34,-28,920,3,1,,,,,,,0,0
13458,5487879790,Authentication,166,34,-53,920,0,11,0,0,0,0,0,0,0,0
13459,5487894099,Authentication,166,34,-28,920,0,11,0,0,0,0,0,0,720,0
13460,5487899778,Authentication,166,34,-28,920,0,11,0,0,1,0,0,0,720,0
13461,5487905666,Authentication,166,34,-30,920,0,11,0,0,1,0,0,0,720,0
13462,5487911461,Authentication,166,34,-28,920,0,11,0,0,1,0,0,0,720,0
13463,5488131694,Authentication,166,34,-53,920,0,11,0,0,0,0,0,0,0,0
13464,5488144131,Authentication,166,34,-28,920,0,11,0,0,0,0,0,0,720,0
13465,5488149965,Authentication,166,34,-29,920,0,11,0,0,1,0,0,0,720,0
13466,5488155800,Authentication,166,34,-29,920,0,11,0,0,1,0,0,0,720,0
13467,5488393836,Authentication,166,34,-53,920,0,11,0,0,0,0,0,0,0,0
13468,5488597439,S1G Beacon,61,34,-29,920,3,1,,,,,,,0,0
13469,5488655978,Authentication,166,34,-53,920,0,11,0,0,0,0,0,0,0,0
13470,5488897640,Authentication,166,34,-52,920,0,11,0,0,0,0,0,0,0,0
13471,5489147495,Authentication,166,34,-53,920,0,11,0,0,0,0,0,0,0,0
13472,5489409637,Authentication,166,34,-52,920,0,11,0,0,0,0,0,0,0,0
13473,5489416639,S1G Beacon,129,34,-29,920,3,1,,,,,,,0,0
13474,5489420538,Authentication,166,34,-29,920,0,11,0,0,0,0,0,0,720,0
13475,5489426010,Authentication,166,34,-29,920,0,11,0,0,1,0,0,0,720,0
13476,5489431226,Authentication,166,34,-29,920,0,11,0,0,1,0,0,0,720,0
13477,5489437060,Authentication,166,34,-28,920,0,11,0,0,1,0,0,0,720,0
13478,5489671779,Authentication,166,34,-53,920,0,11,0,0,0,0,0,0,0,0
13479,5489913441,Authentication,166,34,-52,920,0,11,0,0,0,0,0,0,0,0
13480,5490163296,Authentication,166,34,-52,920,0,11,0,0,0,0,0,0,0,0
13481,5490235844,S1G Beacon,61,34,-28,920,3,1,,,,,,,0,0
13483,5490425438,Authentication,166,34,-53,920,0,11,0,0,0,0,0,0,0,0
13484,5490466426,QoS Data,149,34,-29,920,2,8,1,0,0,0,0,1,720,0
13486,5490468786,QoS Data,149,34,-33,920,2,8,0,0,0,0,0,1,720,0
13487,5490475881,QoS Data,131,34,-24,920,2,8,1,0,0,0,0,1,720,0
13489,5490478105,QoS Data,131,34,-34,920,2,8,0,0,0,0,0,1,720,0
13490,5490628839,QoS Data,128,34,-30,920,2,8,1,0,0,0,0,1,720,0
13492,5490631165,QoS Data,128,34,-33,920,2,8,0,0,0,0,0,1,720,0
13494,5490687580,Authentication,166,34,-53,920,0,11,0,0,0,0,0,0,0,0
13495,5490702930,Authentication,166,34,-28,920,0,11,0,0,0,0,0,0,720,0
13496,5490708714,Authentication,166,34,-28,920,0,11,0,0,1,0,0,0,720,0
13497,5490714652,Authentication,166,34,-28,920,0,11,0,0,1,0,0,0,720,0
13498,5490720642,Authentication,166,34,-28,920,0,11,0,0,1,0,0,0,720,0
13499,5490924122,Authentication,166,34,-51,920,0,11,0,0,0,0,0,0,0,0
13500,5490934074,Authentication,166,34,-29,920,0,11,0,0,0,0,0,0,720,0
13501,5490939753,Authentication,166,34,-28,920,0,11,0,0,1,0,0,0,720,0
13502,5490945744,Authentication,166,34,-27,920,0,11,0,0,1,0,0,0,720,0
13503,5490951425,Authentication,166,34,-30,920,0,11,0,0,1,0,0,0,720,0
13504,5491055049,S1G Beacon,129,34,-28,920,3,1,,,,,,,0,0
13505,5491179097,Authentication,166,34,-52,920,0,11,0,0,0,0,0,0,0,0
13506,5491194134,Authentication,166,34,-29,920,0,11,0,0,0,0,0,0,720,0
13507,5491200179,Authentication,166,34,-28,920,0,11,0,0,1,0,0,0,720,0
13508,5491211851,Authentication,166,34,-28,920,0,11,0,0,1,0,0,0,720,0
13509,5491441239,Authentication,166,34,-53,920,0,11,0,0,0,0,0,0,0,0
13510,5491454093,Authentication,166,34,-28,920,0,11,0,0,0,0,0,0,720,0
13511,5491460084,Authentication,166,34,-30,920,0,11,0,0,1,0,0,0,720,0
13512,5491465658,Authentication,166,34,-28,920,0,11,0,0,1,0,0,0,720,0
13513,5491471599,Authentication,166,34,-29,920,0,11,0,0,1,0,0,0,720,0
13514,5491634319,Data,287,34,-31,920,2,0,0,0,0,0,0,1,0,0
13515,5491684947,Authentication,166,34,-51,920,0,11,0,0,0,0,0,0,0,0
13516,5491694111,Authentication,166,34,-29,920,0,11,0,0,0,0,0,0,720,0
13517,5491699945,Authentication,166,34,-28,920,0,11,0,0,1,0,0,0,720,0
13518,5491705781,Authentication,166,34,-28,920,0,11,0,0,1,0,0,0,720,0
13519,5491711721,Authentication,166,34,-29,920,0,11,0,0,1,0,0,0,720,0
13520,5491754426,Data,378,34,-29,920,2,0,0,0,0,0,0,1,0,0
13521,5491858194,Data,387,34,-28,920,2,0,0,0,0,0,0,1,0,0
13522,5491874250,S1G Beacon,61,34,-28,920,3,1,,,,,,,0,0
13523,5491942994,Authentication,166,34,-52,920,0,11,0,0,0,0,0,0,0,0
13524,5491954130,Authentication,166,34,-27,920,0,11,0,0,0,0,0,0,720,0
13525,5491959809,Authentication,166,34,-27,920,0,11,0,0,1,0,0,0,720,0
13526,5491965698,Data,450,34,-27,920,2,0,0,0,0,0,0,1,0,0
13527,5491977843,Authentication,166,34,-26,920,0,11,0,0,1,0,0,0,720,0
13528,5491983522,Authentication,166,34,-24,920,0,11,0,0,1,0,0,0,720,0
13529,5492066178,Data,442,34,-24,920,2,0,0,0,0,0,0,1,0,0
13530,5492170960,Data,387,34,-49,920,2,0,0,0,0,0,0,1,0,0
13531,5492194898,Authentication,166,34,-52,920,0,11,0,0,0,0,0,0,0,0
13532,5492274163,Data,426,34,-22,920,2,0,0,0,0,0,0,1,0,0
13533,5492378390,Data,458,34,-21,920,2,0,0,0,0,0,0,1,0,0
13534,5492457040,Authentication,166,34,-52,920,0,11,0,0,0,0,0,0,0,0
13535,5492474626,Authentication,166,34,-22,920,0,11,0,0,0,0,0,0,720,0
13536,5492480512,Authentication,166,34,-22,920,0,11,0,0,1,0,0,0,720,0
13537,5492487033,Data,387,34,-21,920,2,0,0,0,0,0,0,1,0,0
13538,5492497501,Authentication,166,34,-21,920,0,11,0,0,1,0,0,0,720,0
13539,5492503182,Authentication,166,34,-21,920,0,11,0,0,1,0,0,0,720,0
