packet_number,timestamp,frame_name,frame_len,length,dbm_antsignal,channel_freq,type,subtype,ds,frag,retry,pwrmgt,moredata,protected,duration,label
2,2026-07-03T14:12:56.881565000Z,S1G Beacon,61,34,-63,920,3,1,,,,,,,0,0
3,2026-07-03T14:12:57.702589000Z,S1G Beacon,129,34,-60,920,3,1,,,,,,,0,0
4,2026-07-03T14:12:58.520006000Z,S1G Beacon,61,34,-61,920,3,1,,,,,,,0,0
7,2026-07-03T14:12:58.665431000Z,QoS Data,115,34,-16,920,2,8,1,0,0,0,0,0,720,0
9,2026-07-03T14:12:58.667969000Z,QoS Data,115,34,-64,920,2,8,0,0,0,0,0,0,720,0
11,2026-07-03T14:12:58.858148000Z,QoS Data,112,34,-12,920,2,8,1,0,0,0,0,0,720,0
14,2026-07-03T14:12:59.341034000Z,S1G Beacon,129,34,-62,920,3,1,,,,,,,0,0
15,2026-07-03T14:13:00.158456000Z,S1G Beacon,61,34,-63,920,3,1,,,,,,,0,0
16,2026-07-03T14:13:00.979477000Z,S1G Beacon,129,34,-60,920,3,1,,,,,,,0,0
18,2026-07-03T14:13:01.796897000Z,S1G Beacon,61,34,-60,920,3,1,,,,,,,0,0
19,2026-07-03T14:13:02.617927000Z,S1G Beacon,129,34,-61,920,3,1,,,,,,,0,0
20,2026-07-03T14:13:03.435352000Z,S1G Beacon,61,34,-62,920,3,1,,,,,,,0,0
21,2026-07-03T14:13:03.676085000Z,QoS Data,132,34,-13,920,2,8,1,0,0,0,0,0,720,0
24,2026-07-03T14:13:03.685864000Z,QoS Data,115,34,-16,920,2,8,1,0,0,0,0,0,720,0
26,2026-07-03T14:13:03.688042000Z,QoS Data,115,34,-63,920,2,8,0,0,0,0,0,0,720,0
28,2026-07-03T14:13:03.858231000Z,QoS Data,112,34,-14,920,2,8,1,0,0,0,0,0,720,0
35,2026-07-03T14:13:05.073799000Z,S1G Beacon,61,34,-62,920,3,1,,,,,,,0,0
44,2026-07-03T14:13:05.894827000Z,S1G Beacon,129,34,-62,920,3,1,,,,,,,0,0
47,2026-07-03T14:13:06.712252000Z,S1G Beacon,61,34,-63,920,3,1,,,,,,,0,0
48,2026-07-03T14:13:07.533284000Z,S1G Beacon,129,34,-60,920,3,1,,,,,,,0,0
51,2026-07-03T14:13:08.350697000Z,S1G Beacon,61,34,-62,920,3,1,,,,,,,0,0
52,2026-07-03T14:13:08.695780000Z,QoS Data,132,34,-11,920,2,8,1,0,0,0,0,0,720,0
53,2026-07-03T14:13:08.699353000Z,QoS Data,132,34,-11,920,2,8,1,0,1,0,0,0,720,0
58,2026-07-03T14:13:08.858190000Z,QoS Data,112,34,-10,920,2,8,1,0,0,0,0,0,720,0
61,2026-07-03T14:13:09.171730000Z,S1G Beacon,129,34,-62,920,3,1,,,,,,,0,0
62,2026-07-03T14:13:09.989150000Z,S1G Beacon,61,34,-62,920,3,1,,,,,,,0,0
64,2026-07-03T14:13:10.810178000Z,S1G Beacon,129,34,-63,920,3,1,,,,,,,0,0
65,2026-07-03T14:13:11.627600000Z,S1G Beacon,61,34,-63,920,3,1,,,,,,,0,0
66,2026-07-03T14:13:12.448627000Z,S1G Beacon,129,34,-62,920,3,1,,,,,,,0,0
67,2026-07-03T14:13:13.266048000Z,S1G Beacon,61,34,-63,920,3,1,,,,,,,0,0
69,2026-07-03T14:13:13.725750000Z,QoS Data,132,34,-10,920,2,8,1,0,0,0,0,0,720,0
73,2026-07-03T14:13:13.739085000Z,QoS Data,115,34,-16,920,2,8,1,0,0,0,0,0,720,0
75,2026-07-03T14:13:13.761786000Z,QoS Data,115,34,-63,920,2,8,0,0,1,0,0,0,720,0
77,2026-07-03T14:13:13.858228000Z,QoS Data,112,34,-11,920,2,8,1,0,0,0,0,0,720,0
80,2026-07-03T14:13:14.087080000Z,S1G Beacon,129,34,-61,920,3,1,,,,,,,0,0
81,2026-07-03T14:13:14.904500000Z,S1G Beacon,61,34,-60,920,3,1,,,,,,,0,0
83,2026-07-03T14:13:15.725581000Z,S1G Beacon,129,34,-62,920,3,1,,,,,,,0,0
84,2026-07-03T14:13:16.542966000Z,S1G Beacon,61,34,-62,920,3,1,,,,,,,0,0
86,2026-07-03T14:13:17.363991000Z,S1G Beacon,129,34,-63,920,3,1,,,,,,,0,0
87,2026-07-03T14:13:18.181428000Z,S1G Beacon,61,34,-62,920,3,1,,,,,,,0,0
88,2026-07-03T14:13:18.776255000Z,QoS Data,132,34,-10,920,2,8,1,0,0,0,0,0,720,0
91,2026-07-03T14:13:18.786299000Z,QoS Data,115,34,-14,920,2,8,1,0,0,0,0,0,720,0
93,2026-07-03T14:13:18.788981000Z,QoS Data,115,34,-62,920,2,8,0,0,0,0,0,0,720,0
95,2026-07-03T14:13:18.858281000Z,QoS Data,112,34,-10,920,2,8,1,0,0,0,0,0,720,0
98,2026-07-03T14:13:19.002432000Z,S1G Beacon,129,34,-60,920,3,1,,,,,,,0,0
100,2026-07-03T14:13:19.819852000Z,S1G Beacon,61,34,-60,920,3,1,,,,,,,0,0
101,2026-07-03T14:13:20.640903000Z,S1G Beacon,129,34,-63,920,3,1,,,,,,,0,0
102,2026-07-03T14:13:20.967470000Z,QoS Data,72,34,-9,920,2,8,1,0,0,0,0,0,720,0
104,2026-07-03T14:13:21.458294000Z,S1G Beacon,61,34,-62,920,3,1,,,,,,,0,0
105,2026-07-03T14:13:22.279335000Z,S1G Beacon,129,34,-60,920,3,1,,,,,,,0,0
107,2026-07-03T14:13:23.096749000Z,S1G Beacon,61,34,-63,920,3,1,,,,,,,0,0
108,2026-07-03T14:13:23.795763000Z,QoS Data,132,34,-13,920,2,8,1,0,0,0,0,0,720,0
112,2026-07-03T14:13:23.858188000Z,QoS Data,112,34,-14,920,2,8,1,0,0,0,0,0,720,0
115,2026-07-03T14:13:23.917768000Z,S1G Beacon,129,34,-62,920,3,1,,,,,,,0,0
116,2026-07-03T14:13:24.735204000Z,S1G Beacon,61,34,-63,920,3,1,,,,,,,0,0
118,2026-07-03T14:13:25.556220000Z,S1G Beacon,129,34,-60,920,3,1,,,,,,,0,0
128,2026-07-03T14:13:26.373641000Z,S1G Beacon,61,34,-64,920,3,1,,,,,,,0,0
137,2026-07-03T14:13:27.194669000Z,S1G Beacon,129,34,-65,920,3,1,,,,,,,0,0
138,2026-07-03T14:13:28.012100000Z,S1G Beacon,61,34,-62,920,3,1,,,,,,,0,0
140,2026-07-03T14:13:28.825768000Z,QoS Data,132,34,-11,920,2,8,1,0,0,0,0,0,720,0
142,2026-07-03T14:13:28.833124000Z,S1G Beacon,129,34,-62,920,3,1,,,,,,,0,0
144,2026-07-03T14:13:28.847911000Z,QoS Data,115,34,-18,920,2,8,1,0,0,0,0,0,720,0
147,2026-07-03T14:13:28.858045000Z,QoS Data,115,34,-63,920,2,8,0,0,0,0,0,0,720,0
149,2026-07-03T14:13:29.108322000Z,QoS Data,112,34,-12,920,2,8,1,0,0,0,0,0,720,0
152,2026-07-03T14:13:29.650544000Z,S1G Beacon,61,34,-63,920,3,1,,,,,,,0,0
153,2026-07-03T14:13:30.471579000Z,S1G Beacon,129,34,-62,920,3,1,,,,,,,0,0
154,2026-07-03T14:13:31.288989000Z,S1G Beacon,61,34,-64,920,3,1,,,,,,,0,0
156,2026-07-03T14:13:32.110018000Z,S1G Beacon,129,34,-62,920,3,1,,,,,,,0,0
157,2026-07-03T14:13:32.927445000Z,S1G Beacon,61,34,-62,920,3,1,,,,,,,0,0
158,2026-07-03T14:13:33.748465000Z,S1G Beacon,129,34,-63,920,3,1,,,,,,,0,0
159,2026-07-03T14:13:33.865451000Z,QoS Data,132,34,-12,920,2,8,1,0,0,0,0,0,720,0
162,2026-07-03T14:13:33.874913000Z,QoS Data,115,34,-16,920,2,8,1,0,0,0,0,0,720,0
165,2026-07-03T14:13:34.107893000Z,QoS Data,112,34,-12,920,2,8,1,0,0,0,0,0,720,0
168,2026-07-03T14:13:34.565889000Z,S1G Beacon,61,34,-62,920,3,1,,,,,,,0,0
170,2026-07-03T14:13:35.386919000Z,S1G Beacon,129,34,-62,920,3,1,,,,,,,0,0
171,2026-07-03T14:13:36.204348000Z,S1G Beacon,61,34,-61,920,3,1,,,,,,,0,0
172,2026-07-03T14:13:37.025368000Z,S1G Beacon,129,34,-61,920,3,1,,,,,,,0,0
173,2026-07-03T14:13:37.842795000Z,S1G Beacon,61,34,-63,920,3,1,,,,,,,0,0
175,2026-07-03T14:13:38.663819000Z,S1G Beacon,129,34,-62,920,3,1,,,,,,,0,0
176,2026-07-03T14:13:38.885385000Z,QoS Data,132,34,-11,920,2,8,1,0,0,0,0,0,720,0
180,2026-07-03T14:13:38.895198000Z,QoS Data,115,34,-16,920,2,8,1,0,0,0,0,0,720,0
183,2026-07-03T14:13:39.107853000Z,QoS Data,112,34,-11,920,2,8,1,0,0,0,0,0,720,0
186,2026-07-03T14:13:39.481238000Z,S1G Beacon,61,34,-61,920,3,1,,,,,,,0,0
187,2026-07-03T14:13:40.302266000Z,S1G Beacon,129,34,-61,920,3,1,,,,,,,0,0
190,2026-07-03T14:13:41.940719000Z,S1G Beacon,129,34,-62,920,3,1,,,,,,,0,0
192,2026-07-03T14:13:42.758134000Z,S1G Beacon,61,34,-62,920,3,1,,,,,,,0,0
193,2026-07-03T14:13:43.579173000Z,S1G Beacon,129,34,-62,920,3,1,,,,,,,0,0
194,2026-07-03T14:13:43.905431000Z,QoS Data,132,34,-12,920,2,8,1,0,0,0,0,0,720,0
197,2026-07-03T14:13:43.918962000Z,QoS Data,115,34,-16,920,2,8,1,0,0,0,0,0,720,0
201,2026-07-03T14:13:44.107809000Z,QoS Data,112,34,-12,920,2,8,1,0,0,0,0,0,720,0
204,2026-07-03T14:13:44.396585000Z,S1G Beacon,61,34,-61,920,3,1,,,,,,,0,0
205,2026-07-03T14:13:45.217623000Z,S1G Beacon,129,34,-62,920,3,1,,,,,,,0,0
206,2026-07-03T14:13:46.035038000Z,S1G Beacon,61,34,-65,920,3,1,,,,,,,0,0
209,2026-07-03T14:13:46.856066000Z,S1G Beacon,129,34,-63,920,3,1,,,,,,,0,0
218,2026-07-03T14:13:47.673483000Z,S1G Beacon,61,34,-62,920,3,1,,,,,,,0,0
223,2026-07-03T14:13:48.494522000Z,S1G Beacon,129,34,-61,920,3,1,,,,,,,0,0
226,2026-07-03T14:13:48.940158000Z,QoS Data,132,34,-12,920,2,8,1,0,0,0,0,0,720,0
232,2026-07-03T14:13:48.963389000Z,QoS Data,115,34,-17,920,2,8,1,0,0,0,0,0,720,0
233,2026-07-03T14:13:48.967236000Z,QoS Data,115,34,-17,920,2,8,1,0,1,0,0,0,720,0
236,2026-07-03T14:13:49.107914000Z,QoS Data,112,34,-11,920,2,8,1,0,0,0,0,0,720,0
239,2026-07-03T14:13:49.311935000Z,S1G Beacon,61,34,-60,920,3,1,,,,,,,0,0
241,2026-07-03T14:13:50.132967000Z,S1G Beacon,129,34,-61,920,3,1,,,,,,,0,0
243,2026-07-03T14:13:50.950386000Z,S1G Beacon,61,34,-63,920,3,1,,,,,,,0,0
244,2026-07-03T14:13:51.771412000Z,S1G Beacon,129,34,-61,920,3,1,,,,,,,0,0
245,2026-07-03T14:13:52.588837000Z,S1G Beacon,61,34,-62,920,3,1,,,,,,,0,0
247,2026-07-03T14:13:53.409859000Z,S1G Beacon,129,34,-61,920,3,1,,,,,,,0,0
248,2026-07-03T14:13:53.985413000Z,QoS Data,132,34,-10,920,2,8,1,0,0,0,0,0,720,0
251,2026-07-03T14:13:53.997943000Z,QoS Data,115,34,-16,920,2,8,1,0,0,0,0,0,720,0
252,2026-07-03T14:13:54.001632000Z,QoS Data,115,34,-16,920,2,8,1,0,1,0,0,0,720,0
255,2026-07-03T14:13:54.108354000Z,QoS Data,112,34,-12,920,2,8,1,0,0,0,0,0,720,0
258,2026-07-03T14:13:54.227282000Z,S1G Beacon,61,34,-62,920,3,1,,,,,,,0,0
259,2026-07-03T14:13:55.048314000Z,S1G Beacon,129,34,-61,920,3,1,,,,,,,0,0
260,2026-07-03T14:13:55.865735000Z,S1G Beacon,61,34,-63,920,3,1,,,,,,,0,0
262,2026-07-03T14:13:56.686762000Z,S1G Beacon,129,34,-62,920,3,1,,,,,,,0,0
263,2026-07-03T14:13:57.504183000Z,S1G Beacon,61,34,-64,920,3,1,,,,,,,0,0
264,2026-07-03T14:13:58.325221000Z,S1G Beacon,129,34,-62,920,3,1,,,,,,,0,0
265,2026-07-03T14:13:59.025814000Z,QoS Data,132,34,-11,920,2,8,1,0,0,0,0,0,720,0
268,2026-07-03T14:13:59.035263000Z,QoS Data,115,34,-16,920,2,8,1,0,0,0,0,0,720,0
272,2026-07-03T14:13:59.108228000Z,QoS Data,112,34,-12,920,2,8,1,0,0,0,0,0,720,0
275,2026-07-03T14:13:59.142635000Z,S1G Beacon,61,34,-62,920,3,1,,,,,,,0,0
276,2026-07-03T14:13:59.963668000Z,S1G Beacon,129,34,-62,920,3,1,,,,,,,0,0
277,2026-07-03T14:14:00.781078000Z,S1G Beacon,61,34,-62,920,3,1,,,,,,,0,0
278,2026-07-03T14:14:01.602111000Z,S1G Beacon,129,34,-63,920,3,1,,,,,,,0,0
280,2026-07-03T14:14:02.419532000Z,S1G Beacon,61,34,-62,920,3,1,,,,,,,0,0
281,2026-07-03T14:14:03.240558000Z,S1G Beacon,129,34,-60,920,3,1,,,,,,,0,0
282,2026-07-03T14:14:04.045817000Z,QoS Data,132,34,-12,920,2,8,1,0,0,0,0,0,720,0
284,2026-07-03T14:14:04.057978000Z,S1G Beacon,61,34,-61,920,3,1,,,,,,,0,0
286,2026-07-03T14:14:04.070227000Z,QoS Data,115,34,-17,920,2,8,1,0,0,0,0,0,720,0
289,2026-07-03T14:14:04.108365000Z,QoS Data,112,34,-13,920,2,8,1,0,0,0,0,0,720,0
292,2026-07-03T14:14:04.879017000Z,S1G Beacon,129,34,-60,920,3,1,,,,,,,0,0
294,2026-07-03T14:14:05.696435000Z,S1G Beacon,61,34,-62,920,3,1,,,,,,,0,0
295,2026-07-03T14:14:06.517461000Z,S1G Beacon,129,34,-63,920,3,1,,,,,,,0,0
296,2026-07-03T14:14:07.334882000Z,S1G Beacon,61,34,-61,920,3,1,,,,,,,0,0
301,2026-07-03T14:14:08.155905000Z,S1G Beacon,129,34,-62,920,3,1,,,,,,,0,0
310,2026-07-03T14:14:08.973331000Z,S1G Beacon,61,34,-62,920,3,1,,,,,,,0,0
312,2026-07-03T14:14:09.085926000Z,QoS Data,132,34,-11,920,2,8,1,0,0,0,0,0,720,0
315,2026-07-03T14:14:09.101743000Z,RTS,54,34,-16,920,1,11,,,,0,0,0,2524,0
317,2026-07-03T14:14:09.103542000Z,QoS Data,115,34,-16,920,2,8,1,0,1,0,0,0,720,0
320,2026-07-03T14:14:09.358330000Z,QoS Data,112,34,-12,920,2,8,1,0,0,0,0,0,720,0
323,2026-07-03T14:14:09.794356000Z,S1G Beacon,129,34,-64,920,3,1,,,,,,,0,0
324,2026-07-03T14:14:10.611776000Z,S1G Beacon,61,34,-62,920,3,1,,,,,,,0,0
326,2026-07-03T14:14:11.432807000Z,S1G Beacon,129,34,-62,920,3,1,,,,,,,0,0
327,2026-07-03T14:14:12.250234000Z,S1G Beacon,61,34,-61,920,3,1,,,,,,,0,0
328,2026-07-03T14:14:13.071255000Z,S1G Beacon,129,34,-62,920,3,1,,,,,,,0,0
329,2026-07-03T14:14:13.888681000Z,S1G Beacon,61,34,-62,920,3,1,,,,,,,0,0
330,2026-07-03T14:14:14.125894000Z,QoS Data,132,34,-12,920,2,8,1,0,0,0,0,0,720,0
333,2026-07-03T14:14:14.150421000Z,QoS Data,115,34,-16,920,2,8,1,0,0,0,0,0,720,0
338,2026-07-03T14:14:14.709702000Z,S1G Beacon,129,34,-63,920,3,1,,,,,,,0,0
340,2026-07-03T14:14:15.527131000Z,S1G Beacon,61,34,-62,920,3,1,,,,,,,0,0
341,2026-07-03T14:14:16.348186000Z,S1G Beacon,129,34,-63,920,3,1,,,,,,,0,0
342,2026-07-03T14:14:17.165583000Z,S1G Beacon,61,34,-64,920,3,1,,,,,,,0,0
345,2026-07-03T14:14:17.986603000Z,S1G Beacon,129,34,-62,920,3,1,,,,,,,0,0
346,2026-07-03T14:14:18.804035000Z,S1G Beacon,61,34,-64,920,3,1,,,,,,,0,0
347,2026-07-03T14:14:19.175848000Z,QoS Data,132,34,-13,920,2,8,1,0,0,0,0,0,720,0
350,2026-07-03T14:14:19.194027000Z,QoS Data,115,34,-16,920,2,8,1,0,0,0,0,0,720,0
353,2026-07-03T14:14:19.358356000Z,QoS Data,112,34,-12,920,2,8,1,0,0,0,0,0,720,0
356,2026-07-03T14:14:19.625055000Z,S1G Beacon,129,34,-62,920,3,1,,,,,,,0,0
358,2026-07-03T14:14:20.442478000Z,S1G Beacon,61,34,-65,920,3,1,,,,,,,0,0
359,2026-07-03T14:14:21.263513000Z,S1G Beacon,129,34,-64,920,3,1,,,,,,,0,0
360,2026-07-03T14:14:22.080938000Z,S1G Beacon,61,34,-62,920,3,1,,,,,,,0,0
361,2026-07-03T14:14:22.901956000Z,S1G Beacon,129,34,-62,920,3,1,,,,,,,0,0
363,2026-07-03T14:14:23.719377000Z,S1G Beacon,61,34,-64,920,3,1,,,,,,,0,0
365,2026-07-03T14:14:24.205825000Z,QoS Data,132,34,-11,920,2,8,1,0,0,0,0,0,720,0
368,2026-07-03T14:14:24.215561000Z,QoS Data,115,34,-16,920,2,8,1,0,0,0,0,0,720,0
371,2026-07-03T14:14:24.358289000Z,QoS Data,112,34,-13,920,2,8,1,0,0,0,0,0,720,0
374,2026-07-03T14:14:24.540402000Z,S1G Beacon,129,34,-62,920,3,1,,,,,,,0,0
376,2026-07-03T14:14:25.357820000Z,S1G Beacon,61,34,-62,920,3,1,,,,,,,0,0
378,2026-07-03T14:14:26.178858000Z,S1G Beacon,129,34,-62,920,3,1,,,,,,,0,0
381,2026-07-03T14:14:26.996277000Z,S1G Beacon,61,34,-63,920,3,1,,,,,,,0,0
382,2026-07-03T14:14:27.817304000Z,S1G Beacon,129,34,-62,920,3,1,,,,,,,0,0
383,2026-07-03T14:14:28.634729000Z,S1G Beacon,61,34,-64,920,3,1,,,,,,,0,0
389,2026-07-03T14:14:29.225899000Z,QoS Data,132,34,-9,920,2,8,1,0,0,0,0,0,720,0
392,2026-07-03T14:14:29.237681000Z,QoS Data,115,34,-16,920,2,8,1,0,0,0,0,0,720,0
397,2026-07-03T14:14:29.358181000Z,QoS Data,112,34,-10,920,2,8,1,0,0,0,0,0,720,0
401,2026-07-03T14:14:29.455759000Z,S1G Beacon,129,34,-65,920,3,1,,,,,,,0,0
408,2026-07-03T14:14:30.273174000Z,S1G Beacon,61,34,-64,920,3,1,,,,,,,0,0
409,2026-07-03T14:14:31.094214000Z,S1G Beacon,129,34,-65,920,3,1,,,,,,,0,0
410,2026-07-03T14:14:31.911624000Z,S1G Beacon,61,34,-63,920,3,1,,,,,,,0,0
412,2026-07-03T14:14:32.732649000Z,S1G Beacon,129,34,-65,920,3,1,,,,,,,0,0
413,2026-07-03T14:14:33.550080000Z,S1G Beacon,61,34,-63,920,3,1,,,,,,,0,0
414,2026-07-03T14:14:34.245883000Z,QoS Data,132,34,-13,920,2,8,1,0,0,0,0,0,720,0
416,2026-07-03T14:14:34.255661000Z,QoS Data,115,34,-16,920,2,8,1,0,0,0,0,0,720,0
419,2026-07-03T14:14:34.358253000Z,QoS Data,112,34,-12,920,2,8,1,0,0,0,0,0,720,0
422,2026-07-03T14:14:34.371101000Z,S1G Beacon,129,34,-64,920,3,1,,,,,,,0,0
423,2026-07-03T14:14:35.188527000Z,S1G Beacon,61,34,-63,920,3,1,,,,,,,0,0
425,2026-07-03T14:14:36.826978000Z,S1G Beacon,61,34,-66,920,3,1,,,,,,,0,0
426,2026-07-03T14:14:37.647999000Z,S1G Beacon,129,34,-66,920,3,1,,,,,,,0,0
429,2026-07-03T14:14:38.465424000Z,S1G Beacon,61,34,-64,920,3,1,,,,,,,0,0
430,2026-07-03T14:14:39.265876000Z,QoS Data,132,34,-12,920,2,8,1,0,0,0,0,0,720,0
433,2026-07-03T14:14:39.275426000Z,QoS Data,115,34,-16,920,2,8,1,0,0,0,0,0,720,0
435,2026-07-03T14:14:39.286456000Z,S1G Beacon,129,34,-66,920,3,1,,,,,,,0,0
437,2026-07-03T14:14:39.357901000Z,QoS Data,112,34,-11,920,2,8,1,0,0,0,0,0,720,0
441,2026-07-03T14:14:40.103877000Z,S1G Beacon,61,34,-65,920,3,1,,,,,,,0,0
442,2026-07-03T14:14:40.924907000Z,S1G Beacon,129,34,-64,920,3,1,,,,,,,0,0
444,2026-07-03T14:14:41.742318000Z,S1G Beacon,61,34,-64,920,3,1,,,,,,,0,0
445,2026-07-03T14:14:42.563361000Z,S1G Beacon,129,34,-63,920,3,1,,,,,,,0,0
446,2026-07-03T14:14:43.380770000Z,S1G Beacon,61,34,-63,920,3,1,,,,,,,0,0
448,2026-07-03T14:14:44.201801000Z,S1G Beacon,129,34,-63,920,3,1,,,,,,,0,0
449,2026-07-03T14:14:44.305450000Z,QoS Data,132,34,-12,920,2,8,1,0,0,0,0,0,720,0
452,2026-07-03T14:14:44.318679000Z,QoS Data,115,34,-17,920,2,8,1,0,0,0,0,0,720,0
455,2026-07-03T14:14:44.357916000Z,QoS Data,112,34,-12,920,2,8,1,0,0,0,0,0,720,0
459,2026-07-03T14:14:45.019224000Z,S1G Beacon,61,34,-62,920,3,1,,,,,,,0,0
461,2026-07-03T14:14:45.840251000Z,S1G Beacon,129,34,-62,920,3,1,,,,,,,0,0
463,2026-07-03T14:14:46.657694000Z,S1G Beacon,61,34,-63,920,3,1,,,,,,,0,0
465,2026-07-03T14:14:47.478709000Z,S1G Beacon,129,34,-63,920,3,1,,,,,,,0,0
467,2026-07-03T14:14:48.296141000Z,S1G Beacon,61,34,-65,920,3,1,,,,,,,0,0
468,2026-07-03T14:14:49.328818000Z,QoS Data,132,34,-13,920,2,8,1,0,1,0,0,0,720,0
471,2026-07-03T14:14:49.338489000Z,QoS Data,115,34,-16,920,2,8,1,0,0,0,0,0,720,0
474,2026-07-03T14:14:49.357951000Z,QoS Data,112,34,-13,920,2,8,1,0,0,0,0,0,720,0
479,2026-07-03T14:14:49.934577000Z,S1G Beacon,61,34,-63,920,3,1,,,,,,,0,0
489,2026-07-03T14:14:50.755598000Z,S1G Beacon,129,34,-64,920,3,1,,,,,,,0,0
493,2026-07-03T14:14:51.573017000Z,S1G Beacon,61,34,-63,920,3,1,,,,,,,0,0
494,2026-07-03T14:14:52.394052000Z,S1G Beacon,129,34,-62,920,3,1,,,,,,,0,0
495,2026-07-03T14:14:53.211473000Z,S1G Beacon,61,34,-62,920,3,1,,,,,,,0,0
497,2026-07-03T14:14:54.032503000Z,S1G Beacon,129,34,-61,920,3,1,,,,,,,0,0
498,2026-07-03T14:14:54.345512000Z,QoS Data,132,34,-12,920,2,8,1,0,0,0,0,0,720,0
501,2026-07-03T14:14:54.355339000Z,QoS Data,115,34,-16,920,2,8,1,0,0,0,0,0,720,0
504,2026-07-03T14:14:54.607944000Z,QoS Data,112,34,-12,920,2,8,1,0,0,0,0,0,720,0
507,2026-07-03T14:14:55.670954000Z,S1G Beacon,129,34,-63,920,3,1,,,,,,,0,0
508,2026-07-03T14:14:56.488364000Z,S1G Beacon,61,34,-62,920,3,1,,,,,,,0,0
510,2026-07-03T14:14:57.309399000Z,S1G Beacon,129,34,-62,920,3,1,,,,,,,0,0
511,2026-07-03T14:14:58.126821000Z,S1G Beacon,61,34,-62,920,3,1,,,,,,,0,0
512,2026-07-03T14:14:58.947844000Z,S1G Beacon,129,34,-63,920,3,1,,,,,,,0,0
513,2026-07-03T14:14:59.365561000Z,QoS Data,132,34,-12,920,2,8,1,0,0,0,0,0,720,0
516,2026-07-03T14:14:59.375588000Z,QoS Data,115,34,-17,920,2,8,1,0,0,0,0,0,720,0
520,2026-07-03T14:14:59.607885000Z,QoS Data,112,34,-12,920,2,8,1,0,0,0,0,0,720,0
523,2026-07-03T14:14:59.765264000Z,S1G Beacon,61,34,-63,920,3,1,,,,,,,0,0
525,2026-07-03T14:15:02.224752000Z,S1G Beacon,129,34,-62,920,3,1,,,,,,,0,0
527,2026-07-03T14:15:03.042168000Z,S1G Beacon,61,34,-60,920,3,1,,,,,,,0,0
528,2026-07-03T14:15:03.863193000Z,S1G Beacon,129,34,-62,920,3,1,,,,,,,0,0
529,2026-07-03T14:15:04.385578000Z,QoS Data,132,34,-12,920,2,8,1,0,0,0,0,0,720,0
532,2026-07-03T14:15:04.395240000Z,QoS Data,115,34,-19,920,2,8,1,0,0,0,0,0,720,0
536,2026-07-03T14:15:04.608382000Z,QoS Data,112,34,-12,920,2,8,1,0,0,0,0,0,720,0
539,2026-07-03T14:15:04.680603000Z,S1G Beacon,61,34,-62,920,3,1,,,,,,,0,0
540,2026-07-03T14:15:05.501645000Z,S1G Beacon,129,34,-62,920,3,1,,,,,,,0,0
542,2026-07-03T14:15:06.319066000Z,S1G Beacon,61,34,-62,920,3,1,,,,,,,0,0
543,2026-07-03T14:15:07.140140000Z,S1G Beacon,129,34,-62,920,3,1,,,,,,,0,0
544,2026-07-03T14:15:07.957509000Z,S1G Beacon,61,34,-64,920,3,1,,,,,,,0,0
547,2026-07-03T14:15:08.778538000Z,S1G Beacon,129,34,-62,920,3,1,,,,,,,0,0
548,2026-07-03T14:15:09.405889000Z,QoS Data,132,34,-11,920,2,8,1,0,0,0,0,0,720,0
551,2026-07-03T14:15:09.415769000Z,QoS Data,115,34,-16,920,2,8,1,0,0,0,0,0,720,0
554,2026-07-03T14:15:09.595961000Z,S1G Beacon,61,34,-62,920,3,1,,,,,,,0,0
555,2026-07-03T14:15:09.608386000Z,QoS Data,112,34,-11,920,2,8,1,0,0,0,0,0,720,0
558,2026-07-03T14:15:10.416999000Z,S1G Beacon,129,34,-62,920,3,1,,,,,,,0,0
564,2026-07-03T14:15:11.234416000Z,S1G Beacon,61,34,-62,920,3,1,,,,,,,0,0
574,2026-07-03T14:15:12.055450000Z,S1G Beacon,129,34,-63,920,3,1,,,,,,,0,0
575,2026-07-03T14:15:12.872859000Z,S1G Beacon,61,34,-63,920,3,1,,,,,,,0,0
577,2026-07-03T14:15:13.693887000Z,S1G Beacon,129,34,-64,920,3,1,,,,,,,0,0
578,2026-07-03T14:15:14.425907000Z,QoS Data,132,34,-15,920,2,8,1,0,0,0,0,0,720,0
581,2026-07-03T14:15:14.435728000Z,QoS Data,115,34,-17,920,2,8,1,0,0,0,0,0,720,0
584,2026-07-03T14:15:14.511310000Z,S1G Beacon,61,34,-64,920,3,1,,,,,,,0,0
585,2026-07-03T14:15:14.608391000Z,QoS Data,112,34,-15,920,2,8,1,0,0,0,0,0,720,0
589,2026-07-03T14:15:15.332354000Z,S1G Beacon,129,34,-64,920,3,1,,,,,,,0,0
590,2026-07-03T14:15:16.149790000Z,S1G Beacon,61,34,-60,920,3,1,,,,,,,0,0
591,2026-07-03T14:15:16.970802000Z,S1G Beacon,129,34,-63,920,3,1,,,,,,,0,0
594,2026-07-03T14:15:17.788218000Z,S1G Beacon,61,34,-63,920,3,1,,,,,,,0,0
596,2026-07-03T14:15:18.609257000Z,S1G Beacon,129,34,-61,920,3,1,,,,,,,0,0
597,2026-07-03T14:15:19.426669000Z,S1G Beacon,61,34,-61,920,3,1,,,,,,,0,0
598,2026-07-03T14:15:19.445994000Z,QoS Data,132,34,-14,920,2,8,1,0,0,0,0,0,720,0
600,2026-07-03T14:15:19.448597000Z,QoS Data,132,34,-64,920,2,8,0,0,0,0,0,0,720,0
602,2026-07-03T14:15:19.455550000Z,QoS Data,115,34,-19,920,2,8,1,0,0,0,0,0,720,0
605,2026-07-03T14:15:19.608426000Z,QoS Data,112,34,-15,920,2,8,1,0,0,0,0,0,720,0
608,2026-07-03T14:15:20.247688000Z,S1G Beacon,129,34,-60,920,3,1,,,,,,,0,0
609,2026-07-03T14:15:21.065124000Z,S1G Beacon,61,34,-62,920,3,1,,,,,,,0,0
610,2026-07-03T14:15:21.886157000Z,S1G Beacon,129,34,-62,920,3,1,,,,,,,0,0
619,2026-07-03T14:15:22.703555000Z,S1G Beacon,61,34,-63,920,3,1,,,,,,,0,0
620,2026-07-03T14:15:23.524603000Z,S1G Beacon,129,34,-62,920,3,1,,,,,,,0,0
623,2026-07-03T14:15:24.342011000Z,S1G Beacon,61,34,-62,920,3,1,,,,,,,0,0
624,2026-07-03T14:15:24.480889000Z,QoS Data,132,34,-13,920,2,8,1,0,0,0,0,0,720,0
628,2026-07-03T14:15:24.500290000Z,QoS Data,115,34,-16,920,2,8,1,0,1,0,0,0,720,0
631,2026-07-03T14:15:24.608497000Z,QoS Data,112,34,-12,920,2,8,1,0,0,0,0,0,720,0
634,2026-07-03T14:15:24.617288000Z,QoS Data,112,34,-63,920,2,8,0,0,1,0,0,0,720,0
636,2026-07-03T14:15:25.163038000Z,S1G Beacon,129,34,-62,920,3,1,,,,,,,0,0
638,2026-07-03T14:15:25.980457000Z,S1G Beacon,61,34,-62,920,3,1,,,,,,,0,0
640,2026-07-03T14:15:26.801485000Z,S1G Beacon,129,34,-59,920,3,1,,,,,,,0,0
641,2026-07-03T14:15:27.618909000Z,S1G Beacon,61,34,-61,920,3,1,,,,,,,0,0
642,2026-07-03T14:15:28.439945000Z,S1G Beacon,129,34,-61,920,3,1,,,,,,,0,0
643,2026-07-03T14:15:29.257393000Z,S1G Beacon,61,34,-61,920,3,1,,,,,,,0,0
644,2026-07-03T14:15:29.515946000Z,QoS Data,132,34,-10,920,2,8,1,0,0,0,0,0,720,0
646,2026-07-03T14:15:29.518243000Z,QoS Data,132,34,-63,920,2,8,0,0,0,0,0,0,720,0
648,2026-07-03T14:15:29.528411000Z,QoS Data,115,34,-17,920,2,8,1,0,1,0,0,0,720,0
651,2026-07-03T14:15:29.608392000Z,QoS Data,112,34,-11,920,2,8,1,0,0,0,0,0,720,0
653,2026-07-03T14:15:29.610585000Z,QoS Data,112,34,-63,920,2,8,0,0,0,0,0,0,720,0
656,2026-07-03T14:15:30.078379000Z,S1G Beacon,129,34,-61,920,3,1,,,,,,,0,0
658,2026-07-03T14:15:30.895811000Z,S1G Beacon,61,34,-61,920,3,1,,,,,,,0,0
660,2026-07-03T14:15:31.716837000Z,S1G Beacon,129,34,-63,920,3,1,,,,,,,0,0
669,2026-07-03T14:15:32.534256000Z,S1G Beacon,61,34,-62,920,3,1,,,,,,,0,0
674,2026-07-03T14:15:33.355293000Z,S1G Beacon,129,34,-63,920,3,1,,,,,,,0,0
675,2026-07-03T14:15:34.172704000Z,S1G Beacon,61,34,-62,920,3,1,,,,,,,0,0
676,2026-07-03T14:15:34.545955000Z,QoS Data,132,34,-9,920,2,8,1,0,0,0,0,0,720,0
679,2026-07-03T14:15:34.555813000Z,QoS Data,115,34,-17,920,2,8,1,0,0,0,0,0,720,0
680,2026-07-03T14:15:34.559239000Z,QoS Data,115,34,-16,920,2,8,1,0,1,0,0,0,720,0
683,2026-07-03T14:15:34.608381000Z,QoS Data,112,34,-10,920,2,8,1,0,0,0,0,0,720,0
686,2026-07-03T14:15:34.993733000Z,S1G Beacon,129,34,-62,920,3,1,,,,,,,0,0
687,2026-07-03T14:15:35.811166000Z,S1G Beacon,61,34,-61,920,3,1,,,,,,,0,0
689,2026-07-03T14:15:37.449613000Z,S1G Beacon,61,34,-62,920,3,1,,,,,,,0,0
690,2026-07-03T14:15:38.270642000Z,S1G Beacon,129,34,-62,920,3,1,,,,,,,0,0
692,2026-07-03T14:15:39.088068000Z,S1G Beacon,61,34,-62,920,3,1,,,,,,,0,0
693,2026-07-03T14:15:39.575970000Z,QoS Data,132,34,-12,920,2,8,1,0,0,0,0,0,720,0
698,2026-07-03T14:15:39.608408000Z,QoS Data,112,34,-10,920,2,8,1,0,0,0,0,0,720,0
701,2026-07-03T14:15:39.909082000Z,S1G Beacon,129,34,-64,920,3,1,,,,,,,0,0
702,2026-07-03T14:15:40.726508000Z,S1G Beacon,61,34,-62,920,3,1,,,,,,,0,0
704,2026-07-03T14:15:41.547539000Z,S1G Beacon,129,34,-61,920,3,1,,,,,,,0,0
706,2026-07-03T14:15:42.364949000Z,S1G Beacon,61,34,-63,920,3,1,,,,,,,0,0
708,2026-07-03T14:15:43.185987000Z,S1G Beacon,129,34,-61,920,3,1,,,,,,,0,0
709,2026-07-03T14:15:44.003408000Z,S1G Beacon,61,34,-61,920,3,1,,,,,,,0,0
710,2026-07-03T14:15:44.596033000Z,QoS Data,132,34,-11,920,2,8,1,0,0,0,0,0,720,0
713,2026-07-03T14:15:44.607613000Z,QoS Data,115,34,-18,920,2,8,1,0,0,0,0,0,720,0
716,2026-07-03T14:15:44.824432000Z,S1G Beacon,129,34,-59,920,3,1,,,,,,,0,0
717,2026-07-03T14:15:44.858313000Z,QoS Data,112,34,-10,920,2,8,1,0,0,0,0,0,720,0
721,2026-07-03T14:15:45.641853000Z,S1G Beacon,61,34,-60,920,3,1,,,,,,,0,0
723,2026-07-03T14:15:46.462902000Z,S1G Beacon,129,34,-61,920,3,1,,,,,,,0,0
724,2026-07-03T14:15:47.280325000Z,S1G Beacon,61,34,-60,920,3,1,,,,,,,0,0
726,2026-07-03T14:15:48.101343000Z,S1G Beacon,129,34,-62,920,3,1,,,,,,,0,0
727,2026-07-03T14:15:48.918759000Z,S1G Beacon,61,34,-60,920,3,1,,,,,,,0,0
729,2026-07-03T14:15:49.630697000Z,QoS Data,132,34,-11,920,2,8,1,0,0,0,0,0,720,0
732,2026-07-03T14:15:49.640217000Z,QoS Data,115,34,-19,920,2,8,1,0,0,0,0,0,720,0
735,2026-07-03T14:15:49.739777000Z,S1G Beacon,129,34,-60,920,3,1,,,,,,,0,0
736,2026-07-03T14:15:49.857973000Z,QoS Data,112,34,-10,920,2,8,1,0,0,0,0,0,720,0
739,2026-07-03T14:15:50.557204000Z,S1G Beacon,61,34,-60,920,3,1,,,,,,,0,0
741,2026-07-03T14:15:51.378232000Z,S1G Beacon,129,34,-60,920,3,1,,,,,,,0,0
745,2026-07-03T14:15:53.016679000Z,S1G Beacon,129,34,-60,920,3,1,,,,,,,0,0
754,2026-07-03T14:15:53.834098000Z,S1G Beacon,61,34,-59,920,3,1,,,,,,,0,0
758,2026-07-03T14:15:54.655127000Z,S1G Beacon,129,34,-61,920,3,1,,,,,,,0,0
760,2026-07-03T14:15:54.668965000Z,QoS Data,115,34,-17,920,2,8,1,0,0,0,0,0,720,0
763,2026-07-03T14:15:54.857954000Z,QoS Data,112,34,-12,920,2,8,1,0,0,0,0,0,720,0
768,2026-07-03T14:15:55.472546000Z,S1G Beacon,61,34,-61,920,3,1,,,,,,,0,0
769,2026-07-03T14:15:56.293579000Z,S1G Beacon,129,34,-63,920,3,1,,,,,,,0,0
771,2026-07-03T14:15:57.110999000Z,S1G Beacon,61,34,-60,920,3,1,,,,,,,0,0
772,2026-07-03T14:15:57.932030000Z,S1G Beacon,129,34,-60,920,3,1,,,,,,,0,0
773,2026-07-03T14:15:58.749457000Z,S1G Beacon,61,34,-64,920,3,1,,,,,,,0,0
775,2026-07-03T14:15:59.570483000Z,S1G Beacon,129,34,-65,920,3,1,,,,,,,0,0
776,2026-07-03T14:15:59.685594000Z,QoS Data,132,34,-11,920,2,8,1,0,0,0,0,0,720,0
779,2026-07-03T14:15:59.701961000Z,QoS Data,115,34,-17,920,2,8,1,0,0,0,0,0,720,0
782,2026-07-03T14:15:59.858216000Z,QoS Data,112,34,-12,920,2,8,1,0,0,0,0,0,720,0
783,2026-07-03T14:15:59.862174000Z,QoS Data,112,34,-11,920,2,8,1,0,1,0,0,0,720,0
787,2026-07-03T14:16:00.387898000Z,S1G Beacon,61,34,-62,920,3,1,,,,,,,0,0
789,2026-07-03T14:16:01.208925000Z,S1G Beacon,129,34,-64,920,3,1,,,,,,,0,0
790,2026-07-03T14:16:02.026355000Z,S1G Beacon,61,34,-63,920,3,1,,,,,,,0,0
791,2026-07-03T14:16:02.847381000Z,S1G Beacon,129,34,-63,920,3,1,,,,,,,0,0
793,2026-07-03T14:16:03.664796000Z,S1G Beacon,61,34,-62,920,3,1,,,,,,,0,0
794,2026-07-03T14:16:04.485832000Z,S1G Beacon,129,34,-63,920,3,1,,,,,,,0,0
795,2026-07-03T14:16:04.715712000Z,QoS Data,132,34,-12,920,2,8,1,0,0,0,0,0,720,0
798,2026-07-03T14:16:04.725626000Z,QoS Data,115,34,-19,920,2,8,1,0,0,0,0,0,720,0
801,2026-07-03T14:16:04.858013000Z,QoS Data,112,34,-10,920,2,8,1,0,0,0,0,0,720,0
805,2026-07-03T14:16:06.124275000Z,S1G Beacon,129,34,-63,920,3,1,,,,,,,0,0
806,2026-07-03T14:16:06.941701000Z,S1G Beacon,61,34,-62,920,3,1,,,,,,,0,0
809,2026-07-03T14:16:07.762722000Z,S1G Beacon,129,34,-62,920,3,1,,,,,,,0,0
811,2026-07-03T14:16:08.580150000Z,S1G Beacon,61,34,-62,920,3,1,,,,,,,0,0
814,2026-07-03T14:16:09.401172000Z,S1G Beacon,129,34,-63,920,3,1,,,,,,,0,0
815,2026-07-03T14:16:09.735581000Z,QoS Data,132,34,-11,920,2,8,1,0,0,0,0,0,720,0
818,2026-07-03T14:16:09.744647000Z,QoS Data,115,34,-17,920,2,8,1,0,0,0,0,0,720,0
821,2026-07-03T14:16:09.858057000Z,QoS Data,112,34,-10,920,2,8,1,0,0,0,0,0,720,0
824,2026-07-03T14:16:10.218596000Z,S1G Beacon,61,34,-62,920,3,1,,,,,,,0,0
825,2026-07-03T14:16:11.039625000Z,S1G Beacon,129,34,-63,920,3,1,,,,,,,0,0
826,2026-07-03T14:16:11.857053000Z,S1G Beacon,61,34,-60,920,3,1,,,,,,,0,0
828,2026-07-03T14:16:12.678078000Z,S1G Beacon,129,34,-61,920,3,1,,,,,,,0,0
829,2026-07-03T14:16:13.495498000Z,S1G Beacon,61,34,-64,920,3,1,,,,,,,0,0
836,2026-07-03T14:16:14.316522000Z,S1G Beacon,129,34,-63,920,3,1,,,,,,,0,0
841,2026-07-03T14:16:14.755698000Z,QoS Data,132,34,-10,920,2,8,1,0,0,0,0,0,720,0
844,2026-07-03T14:16:14.765397000Z,QoS Data,115,34,-19,920,2,8,1,0,0,0,0,0,720,0
845,2026-07-03T14:16:14.768952000Z,RTS,54,34,-15,920,1,11,,,,0,0,0,2416,0
846,2026-07-03T14:16:14.772417000Z,RTS,54,34,-15,920,1,11,,,,0,0,0,2416,0
848,2026-07-03T14:16:14.774107000Z,QoS Data,115,34,-18,920,2,8,1,0,1,0,0,0,720,0
852,2026-07-03T14:16:14.858330000Z,QoS Data,112,34,-11,920,2,8,1,0,0,0,0,0,720,0
857,2026-07-03T14:16:15.133937000Z,S1G Beacon,61,34,-67,920,3,1,,,,,,,0,0
859,2026-07-03T14:16:15.954981000Z,S1G Beacon,129,34,-63,920,3,1,,,,,,,0,0
860,2026-07-03T14:16:16.772415000Z,S1G Beacon,61,34,-62,920,3,1,,,,,,,0,0
862,2026-07-03T14:16:17.593438000Z,S1G Beacon,129,34,-63,920,3,1,,,,,,,0,0
865,2026-07-03T14:16:18.410842000Z,S1G Beacon,61,34,-62,920,3,1,,,,,,,0,0
866,2026-07-03T14:16:19.231883000Z,S1G Beacon,129,34,-63,920,3,1,,,,,,,0,0
867,2026-07-03T14:16:19.786126000Z,QoS Data,132,34,-10,920,2,8,1,0,0,0,0,0,720,0
870,2026-07-03T14:16:19.803234000Z,RTS,54,34,-15,920,1,11,,,,0,0,0,2524,0
872,2026-07-03T14:16:19.805024000Z,QoS Data,115,34,-16,920,2,8,1,0,1,0,0,0,720,0
876,2026-07-03T14:16:20.049290000Z,S1G Beacon,61,34,-63,920,3,1,,,,,,,0,0
877,2026-07-03T14:16:20.870322000Z,S1G Beacon,129,34,-65,920,3,1,,,,,,,0,0
879,2026-07-03T14:16:21.687740000Z,S1G Beacon,61,34,-62,920,3,1,,,,,,,0,0
880,2026-07-03T14:16:22.508771000Z,S1G Beacon,129,34,-63,920,3,1,,,,,,,0,0
881,2026-07-03T14:16:23.326198000Z,S1G Beacon,61,34,-62,920,3,1,,,,,,,0,0
882,2026-07-03T14:16:24.147227000Z,S1G Beacon,129,34,-63,920,3,1,,,,,,,0,0
884,2026-07-03T14:16:24.815978000Z,QoS Data,132,34,-10,920,2,8,1,0,0,0,0,0,720,0
887,2026-07-03T14:16:24.836796000Z,QoS Data,115,34,-17,920,2,8,1,0,0,0,0,0,720,0
890,2026-07-03T14:16:24.858426000Z,QoS Data,112,34,-11,920,2,8,1,0,0,0,0,0,720,0
894,2026-07-03T14:16:25.785668000Z,S1G Beacon,129,34,-62,920,3,1,,,,,,,0,0
895,2026-07-03T14:16:26.603095000Z,S1G Beacon,61,34,-64,920,3,1,,,,,,,0,0
897,2026-07-03T14:16:27.424115000Z,S1G Beacon,129,34,-64,920,3,1,,,,,,,0,0
898,2026-07-03T14:16:28.241538000Z,S1G Beacon,61,34,-62,920,3,1,,,,,,,0,0
900,2026-07-03T14:16:29.062565000Z,S1G Beacon,129,34,-65,920,3,1,,,,,,,0,0
901,2026-07-03T14:16:29.846007000Z,QoS Data,132,34,-12,920,2,8,1,0,0,0,0,0,720,0
904,2026-07-03T14:16:29.858262000Z,QoS Data,115,34,-16,920,2,8,1,0,0,0,0,0,720,0
907,2026-07-03T14:16:29.879987000Z,S1G Beacon,61,34,-64,920,3,1,,,,,,,0,0
908,2026-07-03T14:16:30.108525000Z,QoS Data,112,34,-11,920,2,8,1,0,0,0,0,0,720,0
913,2026-07-03T14:16:30.701016000Z,S1G Beacon,129,34,-63,920,3,1,,,,,,,0,0
914,2026-07-03T14:16:31.518455000Z,S1G Beacon,61,34,-62,920,3,1,,,,,,,0,0
915,2026-07-03T14:16:32.339474000Z,S1G Beacon,129,34,-63,920,3,1,,,,,,,0,0
916,2026-07-03T14:16:33.156907000Z,S1G Beacon,61,34,-62,920,3,1,,,,,,,0,0
918,2026-07-03T14:16:33.977930000Z,S1G Beacon,129,34,-61,920,3,1,,,,,,,0,0
921,2026-07-03T14:16:34.795332000Z,S1G Beacon,61,34,-60,920,3,1,,,,,,,0,0
922,2026-07-03T14:16:34.876012000Z,QoS Data,132,34,-11,920,2,8,1,0,0,0,0,0,720,0
926,2026-07-03T14:16:34.897468000Z,QoS Data,115,34,-16,920,2,8,1,0,0,0,0,0,720,0
931,2026-07-03T14:16:35.110037000Z,QoS Data,112,34,-12,920,2,8,1,0,0,0,0,0,720,0
936,2026-07-03T14:16:35.616361000Z,S1G Beacon,129,34,-64,920,3,1,,,,,,,0,0
944,2026-07-03T14:16:36.433785000Z,S1G Beacon,61,34,-61,920,3,1,,,,,,,0,0
946,2026-07-03T14:16:37.254811000Z,S1G Beacon,129,34,-63,920,3,1,,,,,,,0,0
947,2026-07-03T14:16:38.072238000Z,S1G Beacon,61,34,-60,920,3,1,,,,,,,0,0
948,2026-07-03T14:16:38.893260000Z,S1G Beacon,129,34,-63,920,3,1,,,,,,,0,0
950,2026-07-03T14:16:39.710685000Z,S1G Beacon,61,34,-62,920,3,1,,,,,,,0,0
951,2026-07-03T14:16:39.906039000Z,QoS Data,132,34,-11,920,2,8,1,0,0,0,0,0,720,0
955,2026-07-03T14:16:40.108515000Z,QoS Data,112,34,-13,920,2,8,1,0,0,0,0,0,720,0
958,2026-07-03T14:16:40.531710000Z,S1G Beacon,129,34,-62,920,3,1,,,,,,,0,0
959,2026-07-03T14:16:41.349143000Z,S1G Beacon,61,34,-62,920,3,1,,,,,,,0,0
960,2026-07-03T14:16:42.170167000Z,S1G Beacon,129,34,-62,920,3,1,,,,,,,0,0
962,2026-07-03T14:16:42.987588000Z,S1G Beacon,61,34,-62,920,3,1,,,,,,,0,0
963,2026-07-03T14:16:43.808617000Z,S1G Beacon,129,34,-61,920,3,1,,,,,,,0,0
964,2026-07-03T14:16:44.626034000Z,S1G Beacon,61,34,-62,920,3,1,,,,,,,0,0
965,2026-07-03T14:16:44.936039000Z,QoS Data,132,34,-11,920,2,8,1,0,0,0,0,0,720,0
968,2026-07-03T14:16:44.953297000Z,QoS Data,112,34,-17,920,2,8,1,0,0,0,0,0,720,0
970,2026-07-03T14:16:44.957085000Z,QoS Data,115,34,-18,920,2,8,1,0,0,0,0,0,720,0
973,2026-07-03T14:16:45.108655000Z,QoS Data,112,34,-10,920,2,8,1,0,0,0,0,0,720,0
979,2026-07-03T14:16:46.264501000Z,S1G Beacon,61,34,-63,920,3,1,,,,,,,0,0
980,2026-07-03T14:16:47.085519000Z,S1G Beacon,129,34,-61,920,3,1,,,,,,,0,0
981,2026-07-03T14:16:47.902946000Z,S1G Beacon,61,34,-61,920,3,1,,,,,,,0,0
983,2026-07-03T14:16:48.723962000Z,S1G Beacon,129,34,-64,920,3,1,,,,,,,0,0
984,2026-07-03T14:16:49.541396000Z,S1G Beacon,61,34,-62,920,3,1,,,,,,,0,0
985,2026-07-03T14:16:49.966122000Z,QoS Data,132,34,-11,920,2,8,1,0,0,0,0,0,720,0
988,2026-07-03T14:16:49.978576000Z,QoS Data,115,34,-18,920,2,8,1,0,0,0,0,0,720,0
989,2026-07-03T14:16:49.981250000Z,QoS Data,115,34,-18,920,2,8,1,0,1,0,0,0,720,0
992,2026-07-03T14:16:50.108516000Z,QoS Data,112,34,-11,920,2,8,1,0,0,0,0,0,720,0
996,2026-07-03T14:16:50.362412000Z,S1G Beacon,129,34,-63,920,3,1,,,,,,,0,0
997,2026-07-03T14:16:51.179835000Z,S1G Beacon,61,34,-62,920,3,1,,,,,,,0,0
999,2026-07-03T14:16:52.000858000Z,S1G Beacon,129,34,-64,920,3,1,,,,,,,0,0
1000,2026-07-03T14:16:52.818289000Z,S1G Beacon,61,34,-64,920,3,1,,,,,,,0,0
1001,2026-07-03T14:16:53.639319000Z,S1G Beacon,129,34,-64,920,3,1,,,,,,,0,0
1004,2026-07-03T14:16:54.996017000Z,QoS Data,132,34,-11,920,2,8,1,0,0,0,0,0,720,0
1007,2026-07-03T14:16:55.005966000Z,QoS Data,115,34,-18,920,2,8,1,0,0,0,0,0,720,0
1010,2026-07-03T14:16:55.108527000Z,QoS Data,112,34,-10,920,2,8,1,0,0,0,0,0,720,0
1013,2026-07-03T14:16:55.277766000Z,S1G Beacon,129,34,-63,920,3,1,,,,,,,0,0
1017,2026-07-03T14:16:56.095181000Z,S1G Beacon,61,34,-64,920,3,1,,,,,,,0,0
1026,2026-07-03T14:16:56.916209000Z,S1G Beacon,129,34,-63,920,3,1,,,,,,,0,0
1030,2026-07-03T14:16:57.733631000Z,S1G Beacon,61,34,-64,920,3,1,,,,,,,0,0
1031,2026-07-03T14:16:59.372090000Z,S1G Beacon,61,34,-65,920,3,1,,,,,,,0,0
1033,2026-07-03T14:17:00.016029000Z,QoS Data,132,34,-10,920,2,8,1,0,0,0,0,0,720,0
1036,2026-07-03T14:17:00.025807000Z,QoS Data,115,34,-19,920,2,8,1,0,0,0,0,0,720,0
1040,2026-07-03T14:17:00.108143000Z,QoS Data,112,34,-11,920,2,8,1,0,0,0,0,0,720,0
1043,2026-07-03T14:17:00.193107000Z,S1G Beacon,129,34,-64,920,3,1,,,,,,,0,0
1045,2026-07-03T14:17:01.010528000Z,S1G Beacon,61,34,-64,920,3,1,,,,,,,0,0
1046,2026-07-03T14:17:01.831562000Z,S1G Beacon,129,34,-64,920,3,1,,,,,,,0,0
1047,2026-07-03T14:17:02.648989000Z,S1G Beacon,61,34,-62,920,3,1,,,,,,,0,0
1048,2026-07-03T14:17:03.470018000Z,S1G Beacon,129,34,-61,920,3,1,,,,,,,0,0
1050,2026-07-03T14:17:04.287433000Z,S1G Beacon,61,34,-62,920,3,1,,,,,,,0,0
1051,2026-07-03T14:17:05.051361000Z,QoS Data,132,34,-11,920,2,8,1,0,0,0,0,0,720,0
1054,2026-07-03T14:17:05.060678000Z,QoS Data,115,34,-18,920,2,8,1,0,0,0,0,0,720,0
1057,2026-07-03T14:17:05.108458000Z,S1G Beacon,129,34,-60,920,3,1,,,,,,,0,0
1058,2026-07-03T14:17:05.110471000Z,QoS Data,112,34,-10,920,2,8,1,0,0,0,0,0,720,0
1061,2026-07-03T14:17:05.925879000Z,S1G Beacon,61,34,-62,920,3,1,,,,,,,0,0
1063,2026-07-03T14:17:06.746907000Z,S1G Beacon,129,34,-61,920,3,1,,,,,,,0,0
1064,2026-07-03T14:17:07.564328000Z,S1G Beacon,61,34,-63,920,3,1,,,,,,,0,0
1065,2026-07-03T14:17:08.385358000Z,S1G Beacon,129,34,-62,920,3,1,,,,,,,0,0
1066,2026-07-03T14:17:09.202783000Z,S1G Beacon,61,34,-60,920,3,1,,,,,,,0,0
1069,2026-07-03T14:17:10.023822000Z,S1G Beacon,129,34,-63,920,3,1,,,,,,,0,0
1070,2026-07-03T14:17:10.075635000Z,QoS Data,132,34,-11,920,2,8,1,0,0,0,0,0,720,0
1073,2026-07-03T14:17:10.091320000Z,QoS Data,115,34,-18,920,2,8,1,0,1,0,0,0,720,0
1076,2026-07-03T14:17:10.113570000Z,QoS Data,112,34,-10,920,2,8,1,0,1,0,0,0,720,0
1079,2026-07-03T14:17:10.841227000Z,S1G Beacon,61,34,-62,920,3,1,,,,,,,0,0
1081,2026-07-03T14:17:11.662258000Z,S1G Beacon,129,34,-62,920,3,1,,,,,,,0,0
1082,2026-07-03T14:17:12.479681000Z,S1G Beacon,61,34,-63,920,3,1,,,,,,,0,0
1084,2026-07-03T14:17:13.300707000Z,S1G Beacon,129,34,-63,920,3,1,,,,,,,0,0
1086,2026-07-03T14:17:14.118128000Z,S1G Beacon,61,34,-61,920,3,1,,,,,,,0,0
1087,2026-07-03T14:17:14.939157000Z,S1G Beacon,129,34,-64,920,3,1,,,,,,,0,0
1090,2026-07-03T14:17:15.125743000Z,QoS Data,115,34,-18,920,2,8,1,0,0,0,0,0,720,0
1093,2026-07-03T14:17:15.358083000Z,QoS Data,112,34,-11,920,2,8,1,0,0,0,0,0,720,0
1097,2026-07-03T14:17:15.756574000Z,S1G Beacon,61,34,-66,920,3,1,,,,,,,0,0
1098,2026-07-03T14:17:16.577626000Z,S1G Beacon,129,34,-65,920,3,1,,,,,,,0,0
1113,2026-07-03T14:17:18.216057000Z,S1G Beacon,129,34,-62,920,3,1,,,,,,,0,0
1115,2026-07-03T14:17:19.033477000Z,S1G Beacon,61,34,-63,920,3,1,,,,,,,0,0
1116,2026-07-03T14:17:19.854505000Z,S1G Beacon,129,34,-64,920,3,1,,,,,,,0,0
1117,2026-07-03T14:17:20.135684000Z,QoS Data,132,34,-10,920,2,8,1,0,0,0,0,0,720,0
1120,2026-07-03T14:17:20.148073000Z,QoS Data,115,34,-19,920,2,8,1,0,0,0,0,0,720,0
1121,2026-07-03T14:17:20.156296000Z,RTS,54,34,-15,920,1,11,,,,0,0,0,2560,0
1123,2026-07-03T14:17:20.158130000Z,QoS Data,115,34,-17,920,2,8,1,0,1,0,0,0,720,0
1126,2026-07-03T14:17:20.358158000Z,QoS Data,112,34,-12,920,2,8,1,0,0,0,0,0,720,0
1129,2026-07-03T14:17:20.671926000Z,S1G Beacon,61,34,-62,920,3,1,,,,,,,0,0
1130,2026-07-03T14:17:21.492969000Z,S1G Beacon,129,34,-62,920,3,1,,,,,,,0,0
1132,2026-07-03T14:17:22.310371000Z,S1G Beacon,61,34,-62,920,3,1,,,,,,,0,0
1133,2026-07-03T14:17:23.131406000Z,S1G Beacon,129,34,-60,920,3,1,,,,,,,0,0
1134,2026-07-03T14:17:23.948831000Z,S1G Beacon,61,34,-61,920,3,1,,,,,,,0,0
1136,2026-07-03T14:17:24.769852000Z,S1G Beacon,129,34,-62,920,3,1,,,,,,,0,0
1137,2026-07-03T14:17:25.165775000Z,QoS Data,132,34,-11,920,2,8,1,0,0,0,0,0,720,0
1140,2026-07-03T14:17:25.177929000Z,QoS Data,115,34,-19,920,2,8,1,0,0,0,0,0,720,0
1143,2026-07-03T14:17:25.358493000Z,QoS Data,112,34,-11,920,2,8,1,0,0,0,0,0,720,0
1147,2026-07-03T14:17:25.587272000Z,S1G Beacon,61,34,-62,920,3,1,,,,,,,0,0
1148,2026-07-03T14:17:26.408311000Z,S1G Beacon,129,34,-63,920,3,1,,,,,,,0,0
1149,2026-07-03T14:17:27.225732000Z,S1G Beacon,61,34,-62,920,3,1,,,,,,,0,0
1152,2026-07-03T14:17:28.046752000Z,S1G Beacon,129,34,-62,920,3,1,,,,,,,0,0
1153,2026-07-03T14:17:28.864173000Z,S1G Beacon,61,34,-62,920,3,1,,,,,,,0,0
1154,2026-07-03T14:17:29.685204000Z,S1G Beacon,129,34,-61,920,3,1,,,,,,,0,0
1155,2026-07-03T14:17:30.186095000Z,QoS Data,132,34,-10,920,2,8,1,0,0,0,0,0,720,0
1158,2026-07-03T14:17:30.195851000Z,QoS Data,115,34,-18,920,2,8,1,0,0,0,0,0,720,0
1161,2026-07-03T14:17:30.358577000Z,QoS Data,112,34,-12,920,2,8,1,0,0,0,0,0,720,0
1166,2026-07-03T14:17:31.323653000Z,S1G Beacon,129,34,-63,920,3,1,,,,,,,0,0
1167,2026-07-03T14:17:32.141077000Z,S1G Beacon,61,34,-62,920,3,1,,,,,,,0,0
1169,2026-07-03T14:17:32.962100000Z,S1G Beacon,129,34,-63,920,3,1,,,,,,,0,0
1170,2026-07-03T14:17:33.779529000Z,S1G Beacon,61,34,-63,920,3,1,,,,,,,0,0
1172,2026-07-03T14:17:34.600558000Z,S1G Beacon,129,34,-63,920,3,1,,,,,,,0,0
1173,2026-07-03T14:17:35.216088000Z,QoS Data,132,34,-12,920,2,8,1,0,0,0,0,0,720,0
1175,2026-07-03T14:17:35.218419000Z,QoS Data,132,34,-64,920,2,8,0,0,0,0,0,0,720,0
1177,2026-07-03T14:17:35.225843000Z,QoS Data,115,34,-18,920,2,8,1,0,0,0,0,0,720,0
1180,2026-07-03T14:17:35.358583000Z,QoS Data,112,34,-10,920,2,8,1,0,0,0,0,0,720,0
1183,2026-07-03T14:17:35.417968000Z,S1G Beacon,61,34,-64,920,3,1,,,,,,,0,0
1185,2026-07-03T14:17:36.239009000Z,S1G Beacon,129,34,-66,920,3,1,,,,,,,0,0
1187,2026-07-03T14:17:37.056426000Z,S1G Beacon,61,34,-65,920,3,1,,,,,,,0,0
1189,2026-07-03T14:17:37.877448000Z,S1G Beacon,129,34,-64,920,3,1,,,,,,,0,0
1199,2026-07-03T14:17:38.694865000Z,S1G Beacon,61,34,-64,920,3,1,,,,,,,0,0
1204,2026-07-03T14:17:39.515905000Z,S1G Beacon,129,34,-64,920,3,1,,,,,,,0,0
1206,2026-07-03T14:17:40.256115000Z,QoS Data,132,34,-12,920,2,8,1,0,0,0,0,0,720,0
1209,2026-07-03T14:17:40.269534000Z,QoS Data,115,34,-18,920,2,8,1,0,0,0,0,0,720,0
1212,2026-07-03T14:17:40.333317000Z,S1G Beacon,61,34,-65,920,3,1,,,,,,,0,0
1213,2026-07-03T14:17:40.358531000Z,QoS Data,112,34,-11,920,2,8,1,0,0,0,0,0,720,0
1215,2026-07-03T14:17:41.154344000Z,S1G Beacon,129,34,-64,920,3,1,,,,,,,0,0
1217,2026-07-03T14:17:41.971771000Z,S1G Beacon,61,34,-65,920,3,1,,,,,,,0,0
1218,2026-07-03T14:17:42.792808000Z,S1G Beacon,129,34,-64,920,3,1,,,,,,,0,0
1220,2026-07-03T14:17:43.610230000Z,S1G Beacon,61,34,-63,920,3,1,,,,,,,0,0
1222,2026-07-03T14:17:44.431259000Z,S1G Beacon,129,34,-64,920,3,1,,,,,,,0,0
1223,2026-07-03T14:17:45.248683000Z,S1G Beacon,61,34,-63,920,3,1,,,,,,,0,0
1224,2026-07-03T14:17:45.286155000Z,QoS Data,132,34,-12,920,2,8,1,0,0,0,0,0,720,0
1226,2026-07-03T14:17:45.288975000Z,QoS Data,132,34,-65,920,2,8,0,0,0,0,0,0,720,0
1228,2026-07-03T14:17:45.298911000Z,QoS Data,115,34,-18,920,2,8,1,0,0,0,0,0,720,0
1231,2026-07-03T14:17:45.358581000Z,QoS Data,112,34,-11,920,2,8,1,0,0,0,0,0,720,0
1234,2026-07-03T14:17:46.069704000Z,S1G Beacon,129,34,-62,920,3,1,,,,,,,0,0
1236,2026-07-03T14:17:46.887144000Z,S1G Beacon,61,34,-63,920,3,1,,,,,,,0,0
1238,2026-07-03T14:17:47.708161000Z,S1G Beacon,129,34,-64,920,3,1,,,,,,,0,0
1239,2026-07-03T14:17:48.525582000Z,S1G Beacon,61,34,-64,920,3,1,,,,,,,0,0
1241,2026-07-03T14:17:49.346594000Z,S1G Beacon,129,34,-64,920,3,1,,,,,,,0,0
1243,2026-07-03T14:17:50.164014000Z,S1G Beacon,61,34,-64,920,3,1,,,,,,,0,0
1244,2026-07-03T14:17:50.306121000Z,QoS Data,132,34,-11,920,2,8,1,0,0,0,0,0,720,0
1247,2026-07-03T14:17:50.319602000Z,QoS Data,115,34,-18,920,2,8,1,0,0,0,0,0,720,0
1248,2026-07-03T14:17:50.323447000Z,QoS Data,115,34,-18,920,2,8,1,0,1,0,0,0,720,0
1251,2026-07-03T14:17:50.358981000Z,QoS Data,112,34,-12,920,2,8,1,0,0,0,0,0,720,0
1255,2026-07-03T14:17:50.985046000Z,S1G Beacon,129,34,-62,920,3,1,,,,,,,0,0
1256,2026-07-03T14:17:51.802471000Z,S1G Beacon,61,34,-62,920,3,1,,,,,,,0,0
1258,2026-07-03T14:17:53.440924000Z,S1G Beacon,61,34,-62,920,3,1,,,,,,,0,0
1259,2026-07-03T14:17:54.261950000Z,S1G Beacon,129,34,-63,920,3,1,,,,,,,0,0
1261,2026-07-03T14:17:55.079370000Z,S1G Beacon,61,34,-61,920,3,1,,,,,,,0,0
1262,2026-07-03T14:17:55.336134000Z,QoS Data,132,34,-10,920,2,8,1,0,0,0,0,0,720,0
1264,2026-07-03T14:17:55.338686000Z,QoS Data,132,34,-63,920,2,8,0,0,0,0,0,0,720,0
1266,2026-07-03T14:17:55.348849000Z,QoS Data,115,34,-18,920,2,8,1,0,1,0,0,0,720,0
1270,2026-07-03T14:17:55.608686000Z,QoS Data,112,34,-12,920,2,8,1,0,0,0,0,0,720,0
1273,2026-07-03T14:17:55.900397000Z,S1G Beacon,129,34,-63,920,3,1,,,,,,,0,0
1275,2026-07-03T14:17:56.717818000Z,S1G Beacon,61,34,-64,920,3,1,,,,,,,0,0
1276,2026-07-03T14:17:57.538857000Z,S1G Beacon,129,34,-65,920,3,1,,,,,,,0,0
1278,2026-07-03T14:17:58.356265000Z,S1G Beacon,61,34,-64,920,3,1,,,,,,,0,0
1282,2026-07-03T14:17:59.177295000Z,S1G Beacon,129,34,-66,920,3,1,,,,,,,0,0
1290,2026-07-03T14:17:59.994778000Z,S1G Beacon,61,34,-64,920,3,1,,,,,,,0,0
1292,2026-07-03T14:18:00.366182000Z,QoS Data,132,34,-12,920,2,8,1,0,0,0,0,0,720,0
1294,2026-07-03T14:18:00.368630000Z,QoS Data,132,34,-65,920,2,8,0,0,0,0,0,0,720,0
1296,2026-07-03T14:18:00.375374000Z,QoS Data,115,34,-18,920,2,8,1,0,0,0,0,0,720,0
1297,2026-07-03T14:18:00.378800000Z,QoS Data,115,34,-18,920,2,8,1,0,1,0,0,0,720,0
1300,2026-07-03T14:18:00.608614000Z,QoS Data,112,34,-11,920,2,8,1,0,0,0,0,0,720,0
1303,2026-07-03T14:18:00.815736000Z,S1G Beacon,129,34,-66,920,3,1,,,,,,,0,0
1305,2026-07-03T14:18:01.633166000Z,S1G Beacon,61,34,-64,920,3,1,,,,,,,0,0
1306,2026-07-03T14:18:02.454208000Z,S1G Beacon,129,34,-63,920,3,1,,,,,,,0,0
1307,2026-07-03T14:18:03.271619000Z,S1G Beacon,61,34,-63,920,3,1,,,,,,,0,0
1309,2026-07-03T14:18:04.092652000Z,S1G Beacon,129,34,-63,920,3,1,,,,,,,0,0
1310,2026-07-03T14:18:04.910073000Z,S1G Beacon,61,34,-62,920,3,1,,,,,,,0,0
1311,2026-07-03T14:18:05.411134000Z,QoS Data,132,34,-11,920,2,8,1,0,0,0,0,0,720,0
1314,2026-07-03T14:18:05.423101000Z,QoS Data,115,34,-19,920,2,8,1,0,0,0,0,0,720,0
1317,2026-07-03T14:18:05.608607000Z,QoS Data,112,34,-11,920,2,8,1,0,0,0,0,0,720,0
1321,2026-07-03T14:18:05.731093000Z,S1G Beacon,129,34,-64,920,3,1,,,,,,,0,0
1322,2026-07-03T14:18:06.548518000Z,S1G Beacon,61,34,-63,920,3,1,,,,,,,0,0
1324,2026-07-03T14:18:07.369545000Z,S1G Beacon,129,34,-61,920,3,1,,,,,,,0,0
1325,2026-07-03T14:18:08.186957000Z,S1G Beacon,61,34,-61,920,3,1,,,,,,,0,0
1326,2026-07-03T14:18:09.007998000Z,S1G Beacon,129,34,-63,920,3,1,,,,,,,0,0
1327,2026-07-03T14:18:09.825412000Z,S1G Beacon,61,34,-62,920,3,1,,,,,,,0,0
1329,2026-07-03T14:18:10.436125000Z,QoS Data,132,34,-10,920,2,8,1,0,0,0,0,0,720,0
1332,2026-07-03T14:18:10.451316000Z,QoS Data,115,34,-18,920,2,8,1,0,1,0,0,0,720,0
1335,2026-07-03T14:18:10.608289000Z,QoS Data,112,34,-12,920,2,8,1,0,0,0,0,0,720,0
1337,2026-07-03T14:18:10.610516000Z,QoS Data,112,34,-64,920,2,8,0,0,0,0,0,0,720,0
1338,2026-07-03T14:18:10.613420000Z,QoS Data,112,34,-63,920,2,8,0,0,1,0,0,0,720,0
1340,2026-07-03T14:18:10.646429000Z,S1G Beacon,129,34,-62,920,3,1,,,,,,,0,0
1342,2026-07-03T14:18:11.463862000Z,S1G Beacon,61,34,-63,920,3,1,,,,,,,0,0
1344,2026-07-03T14:18:12.284887000Z,S1G Beacon,129,34,-63,920,3,1,,,,,,,0,0
1345,2026-07-03T14:18:12.288936000Z,QoS Data,72,34,-19,920,2,8,1,0,0,0,0,0,720,0
1347,2026-07-03T14:18:13.102314000Z,S1G Beacon,61,34,-62,920,3,1,,,,,,,0,0
1349,2026-07-03T14:18:13.923338000Z,S1G Beacon,129,34,-62,920,3,1,,,,,,,0,0
1350,2026-07-03T14:18:14.740760000Z,S1G Beacon,61,34,-63,920,3,1,,,,,,,0,0
1351,2026-07-03T14:18:15.475727000Z,QoS Data,132,34,-10,920,2,8,1,0,0,0,0,0,720,0
1353,2026-07-03T14:18:15.478220000Z,QoS Data,132,34,-65,920,2,8,0,0,0,0,0,0,720,0
1355,2026-07-03T14:18:15.488134000Z,QoS Data,115,34,-18,920,2,8,1,0,1,0,0,0,720,0
1358,2026-07-03T14:18:15.561795000Z,S1G Beacon,129,34,-65,920,3,1,,,,,,,0,0
1359,2026-07-03T14:18:15.608210000Z,QoS Data,112,34,-10,920,2,8,1,0,0,0,0,0,720,0
1361,2026-07-03T14:18:15.611112000Z,QoS Data,112,34,-65,920,2,8,0,0,0,0,0,0,720,0
1364,2026-07-03T14:18:16.379224000Z,S1G Beacon,61,34,-63,920,3,1,,,,,,,0,0
1365,2026-07-03T14:18:17.200249000Z,S1G Beacon,129,34,-64,920,3,1,,,,,,,0,0
1367,2026-07-03T14:18:18.017661000Z,S1G Beacon,61,34,-64,920,3,1,,,,,,,0,0
1368,2026-07-03T14:18:18.838689000Z,S1G Beacon,129,34,-62,920,3,1,,,,,,,0,0
1370,2026-07-03T14:18:19.656108000Z,S1G Beacon,61,34,-64,920,3,1,,,,,,,0,0
1372,2026-07-03T14:18:19.877336000Z,QoS Data,72,34,-12,920,2,8,1,0,0,0,0,0,720,0
1380,2026-07-03T14:18:20.477132000Z,S1G Beacon,129,34,-62,920,3,1,,,,,,,0,0
1385,2026-07-03T14:18:20.510847000Z,QoS Data,132,34,-11,920,2,8,1,0,0,0,0,0,720,0
1390,2026-07-03T14:18:20.525923000Z,QoS Data,132,34,-63,920,2,8,0,0,0,0,0,0,720,0
1392,2026-07-03T14:18:20.537129000Z,QoS Data,115,34,-19,920,2,8,1,0,0,0,0,0,720,0
1394,2026-07-03T14:18:20.545725000Z,RTS,54,34,-15,920,1,11,,,,0,0,0,2524,0
1396,2026-07-03T14:18:20.547520000Z,QoS Data,115,34,-18,920,2,8,1,0,1,0,0,0,720,0
1399,2026-07-03T14:18:20.568560000Z,QoS Data,115,34,-65,920,2,8,0,0,1,0,0,0,720,0
1401,2026-07-03T14:18:20.608242000Z,QoS Data,112,34,-11,920,2,8,1,0,0,0,0,0,720,0
1403,2026-07-03T14:18:20.610572000Z,QoS Data,112,34,-63,920,2,8,0,0,0,0,0,0,720,0
1410,2026-07-03T14:18:21.294555000Z,S1G Beacon,61,34,-61,920,3,1,,,,,,,0,0
1411,2026-07-03T14:18:22.115599000Z,S1G Beacon,129,34,-61,920,3,1,,,,,,,0,0
1413,2026-07-03T14:18:22.933005000Z,S1G Beacon,61,34,-62,920,3,1,,,,,,,0,0
1414,2026-07-03T14:18:23.754037000Z,S1G Beacon,129,34,-61,920,3,1,,,,,,,0,0
1415,2026-07-03T14:18:24.571462000Z,S1G Beacon,61,34,-61,920,3,1,,,,,,,0,0
1417,2026-07-03T14:18:25.392483000Z,S1G Beacon,129,34,-61,920,3,1,,,,,,,0,0
1419,2026-07-03T14:18:25.555765000Z,QoS Data,132,34,-12,920,2,8,1,0,0,0,0,0,720,0
1422,2026-07-03T14:18:25.565097000Z,QoS Data,115,34,-19,920,2,8,1,0,0,0,0,0,720,0
1423,2026-07-03T14:18:25.567533000Z,QoS Data,115,34,-66,920,2,8,0,0,0,0,0,0,720,0
1425,2026-07-03T14:18:25.608225000Z,QoS Data,112,34,-10,920,2,8,1,0,0,0,0,0,720,0
1427,2026-07-03T14:18:25.610765000Z,QoS Data,112,34,-66,920,2,8,0,0,0,0,0,0,720,0
1429,2026-07-03T14:18:26.209910000Z,S1G Beacon,61,34,-62,920,3,1,,,,,,,0,0
1430,2026-07-03T14:18:27.030950000Z,S1G Beacon,129,34,-63,920,3,1,,,,,,,0,0
1431,2026-07-03T14:18:27.848357000Z,S1G Beacon,61,34,-61,920,3,1,,,,,,,0,0
1434,2026-07-03T14:18:28.669380000Z,S1G Beacon,129,34,-62,920,3,1,,,,,,,0,0
1442,2026-07-03T14:18:29.486799000Z,S1G Beacon,61,34,-63,920,3,1,,,,,,,0,0
1445,2026-07-03T14:18:30.307835000Z,S1G Beacon,129,34,-63,920,3,1,,,,,,,0,0
1446,2026-07-03T14:18:30.575733000Z,QoS Data,132,34,-11,920,2,8,1,0,0,0,0,0,720,0
1450,2026-07-03T14:18:30.608642000Z,QoS Data,112,34,-12,920,2,8,1,0,0,0,0,0,720,0
1453,2026-07-03T14:18:31.125273000Z,S1G Beacon,61,34,-63,920,3,1,,,,,,,0,0
1455,2026-07-03T14:18:31.946286000Z,S1G Beacon,129,34,-64,920,3,1,,,,,,,0,0
1456,2026-07-03T14:18:32.763715000Z,S1G Beacon,61,34,-64,920,3,1,,,,,,,0,0
1457,2026-07-03T14:18:33.584742000Z,S1G Beacon,129,34,-64,920,3,1,,,,,,,0,0
1459,2026-07-03T14:18:34.402155000Z,S1G Beacon,61,34,-62,920,3,1,,,,,,,0,0
1460,2026-07-03T14:18:35.223192000Z,S1G Beacon,129,34,-64,920,3,1,,,,,,,0,0
1461,2026-07-03T14:18:35.596154000Z,QoS Data,132,34,-10,920,2,8,1,0,0,0,0,0,720,0
1463,2026-07-03T14:18:35.598388000Z,QoS Data,132,34,-64,920,2,8,0,0,0,0,0,0,720,0
1466,2026-07-03T14:18:35.858557000Z,QoS Data,112,34,-11,920,2,8,1,0,0,0,0,0,720,0
1470,2026-07-03T14:18:36.040615000Z,S1G Beacon,61,34,-62,920,3,1,,,,,,,0,0
1471,2026-07-03T14:18:36.861642000Z,S1G Beacon,129,34,-63,920,3,1,,,,,,,0,0
1473,2026-07-03T14:18:37.679058000Z,S1G Beacon,61,34,-61,920,3,1,,,,,,,0,0
1474,2026-07-03T14:18:38.500089000Z,S1G Beacon,129,34,-60,920,3,1,,,,,,,0,0
1475,2026-07-03T14:18:39.317509000Z,S1G Beacon,61,34,-63,920,3,1,,,,,,,0,0
1476,2026-07-03T14:18:40.138533000Z,S1G Beacon,129,34,-61,920,3,1,,,,,,,0,0
1478,2026-07-03T14:18:40.616256000Z,QoS Data,132,34,-11,920,2,8,1,0,0,0,0,0,720,0
1480,2026-07-03T14:18:40.619697000Z,QoS Data,132,34,-64,920,2,8,0,0,0,0,0,0,720,0
1481,2026-07-03T14:18:40.627280000Z,QoS Data,115,34,-19,920,2,8,1,0,0,0,0,0,720,0
1485,2026-07-03T14:18:40.858472000Z,QoS Data,112,34,-12,920,2,8,1,0,0,0,0,0,720,0
1487,2026-07-03T14:18:40.861270000Z,QoS Data,112,34,-65,920,2,8,0,0,0,0,0,0,720,0
1490,2026-07-03T14:18:40.955953000Z,S1G Beacon,61,34,-62,920,3,1,,,,,,,0,0
1502,2026-07-03T14:18:42.594410000Z,S1G Beacon,61,34,-64,920,3,1,,,,,,,0,0
1504,2026-07-03T14:18:43.415427000Z,S1G Beacon,129,34,-64,920,3,1,,,,,,,0,0
1505,2026-07-03T14:18:44.232854000Z,S1G Beacon,61,34,-63,920,3,1,,,,,,,0,0
1506,2026-07-03T14:18:45.053893000Z,S1G Beacon,129,34,-63,920,3,1,,,,,,,0,0
1507,2026-07-03T14:18:45.636146000Z,QoS Data,132,34,-11,920,2,8,1,0,0,0,0,0,720,0
1509,2026-07-03T14:18:45.649205000Z,QoS Data,115,34,-19,920,2,8,1,0,0,0,0,0,720,0
1512,2026-07-03T14:18:45.858561000Z,QoS Data,112,34,-12,920,2,8,1,0,0,0,0,0,720,0
1515,2026-07-03T14:18:45.871302000Z,S1G Beacon,61,34,-64,920,3,1,,,,,,,0,0
1518,2026-07-03T14:18:46.692335000Z,S1G Beacon,129,34,-63,920,3,1,,,,,,,0,0
1519,2026-07-03T14:18:47.509763000Z,S1G Beacon,61,34,-64,920,3,1,,,,,,,0,0
1520,2026-07-03T14:18:48.330801000Z,S1G Beacon,129,34,-64,920,3,1,,,,,,,0,0
1523,2026-07-03T14:18:50.681524000Z,QoS Data,132,34,-12,920,2,8,1,0,0,0,0,0,720,0
1526,2026-07-03T14:18:50.690821000Z,QoS Data,115,34,-18,920,2,8,1,0,0,0,0,0,720,0
1529,2026-07-03T14:18:50.786651000Z,S1G Beacon,61,34,-66,920,3,1,,,,,,,0,0
1530,2026-07-03T14:18:50.858615000Z,QoS Data,112,34,-11,920,2,8,1,0,0,0,0,0,720,0
1532,2026-07-03T14:18:51.607683000Z,S1G Beacon,129,34,-65,920,3,1,,,,,,,0,0
1533,2026-07-03T14:18:52.425102000Z,S1G Beacon,61,34,-63,920,3,1,,,,,,,0,0
1535,2026-07-03T14:18:53.246129000Z,S1G Beacon,129,34,-64,920,3,1,,,,,,,0,0
1537,2026-07-03T14:18:54.063554000Z,S1G Beacon,61,34,-63,920,3,1,,,,,,,0,0
1538,2026-07-03T14:18:54.884577000Z,S1G Beacon,129,34,-64,920,3,1,,,,,,,0,0
1540,2026-07-03T14:18:55.701995000Z,S1G Beacon,61,34,-65,920,3,1,,,,,,,0,0
1541,2026-07-03T14:18:55.707751000Z,QoS Data,132,34,-10,920,2,8,1,0,0,0,0,0,720,0
1546,2026-07-03T14:18:55.858617000Z,QoS Data,112,34,-10,920,2,8,1,0,0,0,0,0,720,0
1549,2026-07-03T14:18:56.523034000Z,S1G Beacon,129,34,-64,920,3,1,,,,,,,0,0
1550,2026-07-03T14:18:57.340456000Z,S1G Beacon,61,34,-63,920,3,1,,,,,,,0,0
1552,2026-07-03T14:18:58.978896000Z,S1G Beacon,61,34,-64,920,3,1,,,,,,,0,0
1554,2026-07-03T14:18:59.799935000Z,S1G Beacon,129,34,-65,920,3,1,,,,,,,0,0
1555,2026-07-03T14:19:00.617349000Z,S1G Beacon,61,34,-64,920,3,1,,,,,,,0,0
1556,2026-07-03T14:19:00.736262000Z,QoS Data,132,34,-10,920,2,8,1,0,0,0,0,0,720,0
1559,2026-07-03T14:19:00.751436000Z,QoS Data,115,34,-16,920,2,8,1,0,1,0,0,0,720,0
1562,2026-07-03T14:19:00.858692000Z,QoS Data,112,34,-12,920,2,8,1,0,0,0,0,0,720,0
1566,2026-07-03T14:19:01.438377000Z,S1G Beacon,129,34,-65,920,3,1,,,,,,,0,0
1574,2026-07-03T14:19:02.255796000Z,S1G Beacon,61,34,-64,920,3,1,,,,,,,0,0
1583,2026-07-03T14:19:03.076827000Z,S1G Beacon,129,34,-66,920,3,1,,,,,,,0,0
1585,2026-07-03T14:19:03.894244000Z,S1G Beacon,61,34,-63,920,3,1,,,,,,,0,0
1587,2026-07-03T14:19:04.715274000Z,S1G Beacon,129,34,-63,920,3,1,,,,,,,0,0
1588,2026-07-03T14:19:05.532711000Z,S1G Beacon,61,34,-64,920,3,1,,,,,,,0,0
1589,2026-07-03T14:19:05.776175000Z,QoS Data,132,34,-11,920,2,8,1,0,0,0,0,0,720,0
1592,2026-07-03T14:19:05.785938000Z,QoS Data,115,34,-19,920,2,8,1,0,0,0,0,0,720,0
1595,2026-07-03T14:19:05.858606000Z,QoS Data,112,34,-11,920,2,8,1,0,0,0,0,0,720,0
1598,2026-07-03T14:19:06.353726000Z,S1G Beacon,129,34,-64,920,3,1,,,,,,,0,0
1599,2026-07-03T14:19:07.171152000Z,S1G Beacon,61,34,-65,920,3,1,,,,,,,0,0
1601,2026-07-03T14:19:07.992177000Z,S1G Beacon,129,34,-64,920,3,1,,,,,,,0,0
1602,2026-07-03T14:19:08.809602000Z,S1G Beacon,61,34,-63,920,3,1,,,,,,,0,0
1603,2026-07-03T14:19:10.448049000Z,S1G Beacon,61,34,-63,920,3,1,,,,,,,0,0
1605,2026-07-03T14:19:10.796184000Z,QoS Data,132,34,-13,920,2,8,1,0,0,0,0,0,720,0
1608,2026-07-03T14:19:10.808082000Z,QoS Data,115,34,-18,920,2,8,1,0,0,0,0,0,720,0
1611,2026-07-03T14:19:10.858647000Z,QoS Data,112,34,-11,920,2,8,1,0,0,0,0,0,720,0
1614,2026-07-03T14:19:11.269064000Z,S1G Beacon,129,34,-64,920,3,1,,,,,,,0,0
1615,2026-07-03T14:19:12.086501000Z,S1G Beacon,61,34,-62,920,3,1,,,,,,,0,0
1617,2026-07-03T14:19:12.907523000Z,S1G Beacon,129,34,-62,920,3,1,,,,,,,0,0
1619,2026-07-03T14:19:13.724942000Z,S1G Beacon,61,34,-61,920,3,1,,,,,,,0,0
1620,2026-07-03T14:19:14.545974000Z,S1G Beacon,129,34,-62,920,3,1,,,,,,,0,0
1621,2026-07-03T14:19:15.363445000Z,S1G Beacon,61,34,-63,920,3,1,,,,,,,0,0
1622,2026-07-03T14:19:15.826227000Z,QoS Data,132,34,-10,920,2,8,1,0,0,0,0,0,720,0
1625,2026-07-03T14:19:15.835832000Z,QoS Data,115,34,-17,920,2,8,1,0,0,0,0,0,720,0
1628,2026-07-03T14:19:15.858232000Z,QoS Data,112,34,-12,920,2,8,1,0,0,0,0,0,720,0
1631,2026-07-03T14:19:16.184445000Z,S1G Beacon,129,34,-63,920,3,1,,,,,,,0,0
1633,2026-07-03T14:19:17.001862000Z,S1G Beacon,61,34,-64,920,3,1,,,,,,,0,0
1634,2026-07-03T14:19:17.822891000Z,S1G Beacon,129,34,-61,920,3,1,,,,,,,0,0
1636,2026-07-03T14:19:18.640315000Z,S1G Beacon,61,34,-62,920,3,1,,,,,,,0,0
1637,2026-07-03T14:19:19.461344000Z,S1G Beacon,129,34,-61,920,3,1,,,,,,,0,0
1639,2026-07-03T14:19:20.278748000Z,S1G Beacon,61,34,-61,920,3,1,,,,,,,0,0
1641,2026-07-03T14:19:20.845819000Z,QoS Data,132,34,-11,920,2,8,1,0,0,0,0,0,720,0
1644,2026-07-03T14:19:20.858227000Z,QoS Data,115,34,-18,920,2,8,1,0,0,0,0,0,720,0
1645,2026-07-03T14:19:20.861427000Z,RTS,54,34,-15,920,1,11,,,,0,0,0,2416,0
1647,2026-07-03T14:19:20.863120000Z,QoS Data,115,34,-18,920,2,8,1,0,1,0,0,0,720,0
1650,2026-07-03T14:19:21.099774000Z,S1G Beacon,129,34,-61,920,3,1,,,,,,,0,0
1651,2026-07-03T14:19:21.108288000Z,QoS Data,112,34,-10,920,2,8,1,0,0,0,0,0,720,0
1654,2026-07-03T14:19:21.917192000Z,S1G Beacon,61,34,-62,920,3,1,,,,,,,0,0
1658,2026-07-03T14:19:22.738214000Z,S1G Beacon,129,34,-62,920,3,1,,,,,,,0,0
1667,2026-07-03T14:19:23.555657000Z,S1G Beacon,61,34,-63,920,3,1,,,,,,,0,0
1673,2026-07-03T14:19:24.376670000Z,S1G Beacon,129,34,-63,920,3,1,,,,,,,0,0
1674,2026-07-03T14:19:25.194094000Z,S1G Beacon,61,34,-62,920,3,1,,,,,,,0,0
1678,2026-07-03T14:19:25.875802000Z,QoS Data,132,34,-12,920,2,8,1,0,0,0,0,0,720,0
1681,2026-07-03T14:19:25.885410000Z,QoS Data,115,34,-19,920,2,8,1,0,0,0,0,0,720,0
1684,2026-07-03T14:19:26.015113000Z,S1G Beacon,129,34,-63,920,3,1,,,,,,,0,0
1685,2026-07-03T14:19:26.108294000Z,QoS Data,112,34,-11,920,2,8,1,0,0,0,0,0,720,0
1686,2026-07-03T14:19:26.111353000Z,QoS Data,112,34,-12,920,2,8,1,0,1,0,0,0,720,0
1689,2026-07-03T14:19:26.832544000Z,S1G Beacon,61,34,-63,920,3,1,,,,,,,0,0
1690,2026-07-03T14:19:27.653578000Z,S1G Beacon,129,34,-63,920,3,1,,,,,,,0,0
1691,2026-07-03T14:19:28.470990000Z,S1G Beacon,61,34,-63,920,3,1,,,,,,,0,0
1693,2026-07-03T14:19:29.292027000Z,S1G Beacon,129,34,-63,920,3,1,,,,,,,0,0
1694,2026-07-03T14:19:30.109445000Z,S1G Beacon,61,34,-62,920,3,1,,,,,,,0,0
1695,2026-07-03T14:19:30.895849000Z,QoS Data,132,34,-11,920,2,8,1,0,0,0,0,0,720,0
1698,2026-07-03T14:19:30.905681000Z,QoS Data,115,34,-18,920,2,8,1,0,0,0,0,0,720,0
1701,2026-07-03T14:19:30.930463000Z,S1G Beacon,129,34,-63,920,3,1,,,,,,,0,0
1702,2026-07-03T14:19:31.108354000Z,QoS Data,112,34,-10,920,2,8,1,0,0,0,0,0,720,0
1704,2026-07-03T14:19:31.110813000Z,QoS Data,112,34,-64,920,2,8,0,0,0,0,0,0,720,0
1706,2026-07-03T14:19:31.747891000Z,S1G Beacon,61,34,-64,920,3,1,,,,,,,0,0
1708,2026-07-03T14:19:32.568916000Z,S1G Beacon,129,34,-62,920,3,1,,,,,,,0,0
1710,2026-07-03T14:19:33.386337000Z,S1G Beacon,61,34,-63,920,3,1,,,,,,,0,0
1711,2026-07-03T14:19:34.207367000Z,S1G Beacon,129,34,-64,920,3,1,,,,,,,0,0
1713,2026-07-03T14:19:35.024786000Z,S1G Beacon,61,34,-63,920,3,1,,,,,,,0,0
1715,2026-07-03T14:19:35.845827000Z,S1G Beacon,129,34,-65,920,3,1,,,,,,,0,0
1716,2026-07-03T14:19:35.925833000Z,QoS Data,132,34,-11,920,2,8,1,0,0,0,0,0,720,0
1719,2026-07-03T14:19:35.935087000Z,QoS Data,115,34,-18,920,2,8,1,0,0,0,0,0,720,0
1722,2026-07-03T14:19:36.108378000Z,QoS Data,112,34,-10,920,2,8,1,0,0,0,0,0,720,0
1725,2026-07-03T14:19:36.663244000Z,S1G Beacon,61,34,-63,920,3,1,,,,,,,0,0
1726,2026-07-03T14:19:37.484274000Z,S1G Beacon,129,34,-64,920,3,1,,,,,,,0,0
1728,2026-07-03T14:19:38.301687000Z,S1G Beacon,61,34,-63,920,3,1,,,,,,,0,0
1729,2026-07-03T14:19:39.940147000Z,S1G Beacon,61,34,-63,920,3,1,,,,,,,0,0
1731,2026-07-03T14:19:40.761167000Z,S1G Beacon,129,34,-64,920,3,1,,,,,,,0,0
1733,2026-07-03T14:19:40.983553000Z,QoS Data,132,34,-11,920,2,8,1,0,0,0,0,0,720,0
1736,2026-07-03T14:19:40.993209000Z,QoS Data,115,34,-18,920,2,8,1,0,0,0,0,0,720,0
1739,2026-07-03T14:19:41.108777000Z,QoS Data,112,34,-10,920,2,8,1,0,0,0,0,0,720,0
1742,2026-07-03T14:19:41.578594000Z,S1G Beacon,61,34,-63,920,3,1,,,,,,,0,0
1743,2026-07-03T14:19:42.399622000Z,S1G Beacon,129,34,-65,920,3,1,,,,,,,0,0
1744,2026-07-03T14:19:43.217048000Z,S1G Beacon,61,34,-64,920,3,1,,,,,,,0,0
1749,2026-07-03T14:19:44.038065000Z,S1G Beacon,129,34,-65,920,3,1,,,,,,,0,0
1758,2026-07-03T14:19:44.855487000Z,S1G Beacon,61,34,-63,920,3,1,,,,,,,0,0
1761,2026-07-03T14:19:46.006250000Z,QoS Data,132,34,-11,920,2,8,1,0,0,0,0,0,720,0
1767,2026-07-03T14:19:46.108732000Z,QoS Data,112,34,-11,920,2,8,1,0,0,0,0,0,720,0
1770,2026-07-03T14:19:46.493957000Z,S1G Beacon,61,34,-66,920,3,1,,,,,,,0,0
1772,2026-07-03T14:19:47.314988000Z,S1G Beacon,129,34,-64,920,3,1,,,,,,,0,0
1773,2026-07-03T14:19:48.132407000Z,S1G Beacon,61,34,-66,920,3,1,,,,,,,0,0
1774,2026-07-03T14:19:48.953425000Z,S1G Beacon,129,34,-64,920,3,1,,,,,,,0,0
1775,2026-07-03T14:19:49.770846000Z,S1G Beacon,61,34,-63,920,3,1,,,,,,,0,0
1777,2026-07-03T14:19:50.591869000Z,S1G Beacon,129,34,-62,920,3,1,,,,,,,0,0
1778,2026-07-03T14:19:51.029143000Z,QoS Data,132,34,-11,920,2,8,1,0,0,0,0,0,720,0
1781,2026-07-03T14:19:51.038468000Z,QoS Data,115,34,-17,920,2,8,1,0,0,0,0,0,720,0
1784,2026-07-03T14:19:51.108759000Z,QoS Data,112,34,-10,920,2,8,1,0,0,0,0,0,720,0
1787,2026-07-03T14:19:51.409283000Z,S1G Beacon,61,34,-64,920,3,1,,,,,,,0,0
1788,2026-07-03T14:19:52.230311000Z,S1G Beacon,129,34,-64,920,3,1,,,,,,,0,0
1790,2026-07-03T14:19:53.047732000Z,S1G Beacon,61,34,-66,920,3,1,,,,,,,0,0
1791,2026-07-03T14:19:53.868777000Z,S1G Beacon,129,34,-66,920,3,1,,,,,,,0,0
1792,2026-07-03T14:19:54.686202000Z,S1G Beacon,61,34,-65,920,3,1,,,,,,,0,0
1793,2026-07-03T14:19:55.507221000Z,S1G Beacon,129,34,-64,920,3,1,,,,,,,0,0
1795,2026-07-03T14:19:56.046045000Z,QoS Data,132,34,-11,920,2,8,1,0,0,0,0,0,720,0
1798,2026-07-03T14:19:56.058927000Z,QoS Data,115,34,-18,920,2,8,1,0,0,0,0,0,720,0
1801,2026-07-03T14:19:56.108831000Z,QoS Data,112,34,-11,920,2,8,1,0,0,0,0,0,720,0
1804,2026-07-03T14:19:56.324639000Z,S1G Beacon,61,34,-64,920,3,1,,,,,,,0,0
1806,2026-07-03T14:19:57.145669000Z,S1G Beacon,129,34,-64,920,3,1,,,,,,,0,0
1807,2026-07-03T14:19:57.963096000Z,S1G Beacon,61,34,-63,920,3,1,,,,,,,0,0
1808,2026-07-03T14:19:58.784121000Z,S1G Beacon,129,34,-64,920,3,1,,,,,,,0,0
1810,2026-07-03T14:19:59.601544000Z,S1G Beacon,61,34,-62,920,3,1,,,,,,,0,0
1811,2026-07-03T14:20:00.422571000Z,S1G Beacon,129,34,-65,920,3,1,,,,,,,0,0
1812,2026-07-03T14:20:01.066163000Z,QoS Data,132,34,-11,920,2,8,1,0,0,0,0,0,720,0
1815,2026-07-03T14:20:01.075661000Z,QoS Data,115,34,-17,920,2,8,1,0,0,0,0,0,720,0
1818,2026-07-03T14:20:01.108722000Z,QoS Data,112,34,-10,920,2,8,1,0,0,0,0,0,720,0
1821,2026-07-03T14:20:01.239983000Z,S1G Beacon,61,34,-64,920,3,1,,,,,,,0,0
1823,2026-07-03T14:20:02.061014000Z,S1G Beacon,129,34,-66,920,3,1,,,,,,,0,0
1824,2026-07-03T14:20:02.878436000Z,S1G Beacon,61,34,-64,920,3,1,,,,,,,0,0
1825,2026-07-03T14:20:03.699478000Z,S1G Beacon,129,34,-65,920,3,1,,,,,,,0,0
1826,2026-07-03T14:20:04.516888000Z,S1G Beacon,61,34,-65,920,3,1,,,,,,,0,0
1834,2026-07-03T14:20:05.337910000Z,S1G Beacon,129,34,-66,920,3,1,,,,,,,0,0
1842,2026-07-03T14:20:06.086283000Z,QoS Data,132,34,-10,920,2,8,1,0,0,0,0,0,720,0
1845,2026-07-03T14:20:06.095587000Z,QoS Data,115,34,-18,920,2,8,1,0,0,0,0,0,720,0
1848,2026-07-03T14:20:06.155324000Z,S1G Beacon,61,34,-66,920,3,1,,,,,,,0,0
1849,2026-07-03T14:20:06.358758000Z,QoS Data,112,34,-11,920,2,8,1,0,0,0,0,0,720,0
1852,2026-07-03T14:20:06.976360000Z,S1G Beacon,129,34,-65,920,3,1,,,,,,,0,0
1853,2026-07-03T14:20:07.793775000Z,S1G Beacon,61,34,-64,920,3,1,,,,,,,0,0
1855,2026-07-03T14:20:08.614813000Z,S1G Beacon,129,34,-66,920,3,1,,,,,,,0,0
1856,2026-07-03T14:20:09.432235000Z,S1G Beacon,61,34,-66,920,3,1,,,,,,,0,0
1857,2026-07-03T14:20:10.253262000Z,S1G Beacon,129,34,-66,920,3,1,,,,,,,0,0
1859,2026-07-03T14:20:11.070679000Z,S1G Beacon,61,34,-64,920,3,1,,,,,,,0,0
1860,2026-07-03T14:20:11.136293000Z,QoS Data,132,34,-10,920,2,8,1,0,0,0,0,0,720,0
1863,2026-07-03T14:20:11.146800000Z,QoS Data,115,34,-18,920,2,8,1,0,0,0,0,0,720,0
1866,2026-07-03T14:20:11.358756000Z,QoS Data,112,34,-10,920,2,8,1,0,0,0,0,0,720,0
1869,2026-07-03T14:20:11.891702000Z,S1G Beacon,129,34,-65,920,3,1,,,,,,,0,0
1870,2026-07-03T14:20:12.709135000Z,S1G Beacon,61,34,-66,920,3,1,,,,,,,0,0
1872,2026-07-03T14:20:13.530150000Z,S1G Beacon,129,34,-66,920,3,1,,,,,,,0,0
1875,2026-07-03T14:20:14.347577000Z,S1G Beacon,61,34,-64,920,3,1,,,,,,,0,0
1876,2026-07-03T14:20:15.168608000Z,S1G Beacon,129,34,-67,920,3,1,,,,,,,0,0
1877,2026-07-03T14:20:15.986026000Z,S1G Beacon,61,34,-64,920,3,1,,,,,,,0,0
1879,2026-07-03T14:20:16.156332000Z,QoS Data,132,34,-12,920,2,8,1,0,0,0,0,0,720,0
1881,2026-07-03T14:20:16.165074000Z,QoS Data,115,34,-17,920,2,8,1,0,0,0,0,0,720,0
1884,2026-07-03T14:20:16.358856000Z,QoS Data,112,34,-12,920,2,8,1,0,0,0,0,0,720,0
1887,2026-07-03T14:20:16.807059000Z,S1G Beacon,129,34,-64,920,3,1,,,,,,,0,0
1892,2026-07-03T14:20:18.445573000Z,S1G Beacon,129,34,-65,920,3,1,,,,,,,0,0
1893,2026-07-03T14:20:19.262937000Z,S1G Beacon,61,34,-65,920,3,1,,,,,,,0,0
1894,2026-07-03T14:20:20.083964000Z,S1G Beacon,129,34,-65,920,3,1,,,,,,,0,0
1896,2026-07-03T14:20:20.901426000Z,S1G Beacon,61,34,-66,920,3,1,,,,,,,0,0
1897,2026-07-03T14:20:21.176214000Z,QoS Data,132,34,-12,920,2,8,1,0,0,0,0,0,720,0
1900,2026-07-03T14:20:21.188133000Z,QoS Data,115,34,-19,920,2,8,1,0,0,0,0,0,720,0
1903,2026-07-03T14:20:21.358720000Z,QoS Data,112,34,-11,920,2,8,1,0,0,0,0,0,720,0
1906,2026-07-03T14:20:21.722406000Z,S1G Beacon,129,34,-65,920,3,1,,,,,,,0,0
1907,2026-07-03T14:20:22.539823000Z,S1G Beacon,61,34,-65,920,3,1,,,,,,,0,0
1909,2026-07-03T14:20:23.360852000Z,S1G Beacon,129,34,-64,920,3,1,,,,,,,0,0
1910,2026-07-03T14:20:24.178283000Z,S1G Beacon,61,34,-65,920,3,1,,,,,,,0,0
1912,2026-07-03T14:20:24.999297000Z,S1G Beacon,129,34,-65,920,3,1,,,,,,,0,0
1919,2026-07-03T14:20:26.196334000Z,QoS Data,132,34,-11,920,2,8,1,0,0,0,0,0,720,0
1923,2026-07-03T14:20:26.215531000Z,QoS Data,115,34,-17,920,2,8,1,0,0,0,0,0,720,0
1928,2026-07-03T14:20:26.358221000Z,QoS Data,112,34,-10,920,2,8,1,0,0,0,0,0,720,0
1934,2026-07-03T14:20:26.637746000Z,S1G Beacon,129,34,-66,920,3,1,,,,,,,0,0
1939,2026-07-03T14:20:27.455173000Z,S1G Beacon,61,34,-64,920,3,1,,,,,,,0,0
1940,2026-07-03T14:20:28.276200000Z,S1G Beacon,129,34,-65,920,3,1,,,,,,,0,0
1941,2026-07-03T14:20:29.093626000Z,S1G Beacon,61,34,-63,920,3,1,,,,,,,0,0
1943,2026-07-03T14:20:30.732078000Z,S1G Beacon,61,34,-65,920,3,1,,,,,,,0,0
1944,2026-07-03T14:20:31.225846000Z,QoS Data,132,34,-12,920,2,8,1,0,0,0,0,0,720,0
1949,2026-07-03T14:20:31.358797000Z,QoS Data,112,34,-11,920,2,8,1,0,0,0,0,0,720,0
1952,2026-07-03T14:20:31.553098000Z,S1G Beacon,129,34,-65,920,3,1,,,,,,,0,0
1954,2026-07-03T14:20:32.370517000Z,S1G Beacon,61,34,-65,920,3,1,,,,,,,0,0
1955,2026-07-03T14:20:33.191552000Z,S1G Beacon,129,34,-63,920,3,1,,,,,,,0,0
1956,2026-07-03T14:20:34.008972000Z,S1G Beacon,61,34,-66,920,3,1,,,,,,,0,0
1958,2026-07-03T14:20:34.829994000Z,S1G Beacon,129,34,-66,920,3,1,,,,,,,0,0
1961,2026-07-03T14:20:35.647416000Z,S1G Beacon,61,34,-67,920,3,1,,,,,,,0,0
1962,2026-07-03T14:20:36.245872000Z,QoS Data,132,34,-11,920,2,8,1,0,0,0,0,0,720,0
1965,2026-07-03T14:20:36.258311000Z,QoS Data,115,34,-20,920,2,8,1,0,0,0,0,0,720,0
1968,2026-07-03T14:20:36.358382000Z,QoS Data,112,34,-10,920,2,8,1,0,0,0,0,0,720,0
1971,2026-07-03T14:20:36.468445000Z,S1G Beacon,129,34,-65,920,3,1,,,,,,,0,0
1973,2026-07-03T14:20:37.285868000Z,S1G Beacon,61,34,-66,920,3,1,,,,,,,0,0
1974,2026-07-03T14:20:38.106899000Z,S1G Beacon,129,34,-64,920,3,1,,,,,,,0,0
1976,2026-07-03T14:20:38.924319000Z,S1G Beacon,61,34,-64,920,3,1,,,,,,,0,0
1977,2026-07-03T14:20:39.745356000Z,S1G Beacon,129,34,-65,920,3,1,,,,,,,0,0
1978,2026-07-03T14:20:40.562771000Z,S1G Beacon,61,34,-65,920,3,1,,,,,,,0,0
1979,2026-07-03T14:20:41.275957000Z,QoS Data,132,34,-11,920,2,8,1,0,0,0,0,0,720,0
1982,2026-07-03T14:20:41.285497000Z,QoS Data,115,34,-18,920,2,8,1,0,0,0,0,0,720,0
1983,2026-07-03T14:20:41.288818000Z,QoS Data,115,34,-18,920,2,8,1,0,1,0,0,0,720,0
1987,2026-07-03T14:20:41.358293000Z,QoS Data,112,34,-10,920,2,8,1,0,0,0,0,0,720,0
1990,2026-07-03T14:20:41.383793000Z,S1G Beacon,129,34,-66,920,3,1,,,,,,,0,0
1991,2026-07-03T14:20:42.201221000Z,S1G Beacon,61,34,-65,920,3,1,,,,,,,0,0
1992,2026-07-03T14:20:43.022247000Z,S1G Beacon,129,34,-66,920,3,1,,,,,,,0,0
1993,2026-07-03T14:20:43.839671000Z,S1G Beacon,61,34,-65,920,3,1,,,,,,,0,0
1996,2026-07-03T14:20:44.660692000Z,S1G Beacon,129,34,-64,920,3,1,,,,,,,0,0
1997,2026-07-03T14:20:45.478116000Z,S1G Beacon,61,34,-65,920,3,1,,,,,,,0,0
1999,2026-07-03T14:20:46.299168000Z,S1G Beacon,129,34,-64,920,3,1,,,,,,,0,0
2001,2026-07-03T14:20:46.310277000Z,QoS Data,115,34,-18,920,2,8,1,0,0,0,0,0,720,0
2004,2026-07-03T14:20:46.358322000Z,QoS Data,112,34,-10,920,2,8,1,0,0,0,0,0,720,0
2011,2026-07-03T14:20:47.116567000Z,S1G Beacon,61,34,-67,920,3,1,,,,,,,0,0
2020,2026-07-03T14:20:47.937593000Z,S1G Beacon,129,34,-64,920,3,1,,,,,,,0,0
2023,2026-07-03T14:20:48.755026000Z,S1G Beacon,61,34,-65,920,3,1,,,,,,,0,0
2025,2026-07-03T14:20:49.576050000Z,S1G Beacon,129,34,-65,920,3,1,,,,,,,0,0
2027,2026-07-03T14:20:50.393467000Z,S1G Beacon,61,34,-66,920,3,1,,,,,,,0,0
2028,2026-07-03T14:20:51.214520000Z,S1G Beacon,129,34,-65,920,3,1,,,,,,,0,0
2029,2026-07-03T14:20:51.325918000Z,QoS Data,132,34,-11,920,2,8,1,0,0,0,0,0,720,0
2032,2026-07-03T14:20:51.337452000Z,QoS Data,115,34,-18,920,2,8,1,0,1,0,0,0,720,0
2035,2026-07-03T14:20:51.358722000Z,QoS Data,112,34,-10,920,2,8,1,0,0,0,0,0,720,0
2037,2026-07-03T14:20:52.031916000Z,S1G Beacon,61,34,-65,920,3,1,,,,,,,0,0
2038,2026-07-03T14:20:52.852959000Z,S1G Beacon,129,34,-65,920,3,1,,,,,,,0,0
2040,2026-07-03T14:20:53.670363000Z,S1G Beacon,61,34,-64,920,3,1,,,,,,,0,0
2041,2026-07-03T14:20:54.491395000Z,S1G Beacon,129,34,-64,920,3,1,,,,,,,0,0
2042,2026-07-03T14:20:55.308816000Z,S1G Beacon,61,34,-64,920,3,1,,,,,,,0,0
2043,2026-07-03T14:20:56.129842000Z,S1G Beacon,129,34,-64,920,3,1,,,,,,,0,0
2044,2026-07-03T14:20:56.346386000Z,QoS Data,132,34,-11,920,2,8,1,0,0,0,0,0,720,0
2047,2026-07-03T14:20:56.355821000Z,QoS Data,115,34,-18,920,2,8,1,0,0,0,0,0,720,0
2051,2026-07-03T14:20:56.608723000Z,QoS Data,112,34,-12,920,2,8,1,0,0,0,0,0,720,0
2054,2026-07-03T14:20:56.947262000Z,S1G Beacon,61,34,-66,920,3,1,,,,,,,0,0
2055,2026-07-03T14:20:57.768296000Z,S1G Beacon,129,34,-65,920,3,1,,,,,,,0,0
2056,2026-07-03T14:20:58.585713000Z,S1G Beacon,61,34,-66,920,3,1,,,,,,,0,0
2057,2026-07-03T14:20:59.406745000Z,S1G Beacon,129,34,-66,920,3,1,,,,,,,0,0
2058,2026-07-03T14:21:00.224174000Z,S1G Beacon,61,34,-64,920,3,1,,,,,,,0,0
2059,2026-07-03T14:21:01.045192000Z,S1G Beacon,129,34,-66,920,3,1,,,,,,,0,0
2060,2026-07-03T14:21:01.386313000Z,QoS Data,132,34,-10,920,2,8,1,0,0,0,0,0,720,0
2063,2026-07-03T14:21:01.396144000Z,QoS Data,115,34,-19,920,2,8,1,0,0,0,0,0,720,0
2066,2026-07-03T14:21:01.608896000Z,QoS Data,112,34,-10,920,2,8,1,0,0,0,0,0,720,0
2069,2026-07-03T14:21:01.862613000Z,S1G Beacon,61,34,-65,920,3,1,,,,,,,0,0
2071,2026-07-03T14:21:02.683641000Z,S1G Beacon,129,34,-65,920,3,1,,,,,,,0,0
2072,2026-07-03T14:21:03.501066000Z,S1G Beacon,61,34,-65,920,3,1,,,,,,,0,0
2074,2026-07-03T14:21:04.322093000Z,S1G Beacon,129,34,-66,920,3,1,,,,,,,0,0
2075,2026-07-03T14:21:05.139510000Z,S1G Beacon,61,34,-65,920,3,1,,,,,,,0,0
2077,2026-07-03T14:21:05.960541000Z,S1G Beacon,129,34,-64,920,3,1,,,,,,,0,0
2078,2026-07-03T14:21:06.406358000Z,QoS Data,132,34,-10,920,2,8,1,0,0,0,0,0,720,0
2081,2026-07-03T14:21:06.417861000Z,QoS Data,115,34,-19,920,2,8,1,0,0,0,0,0,720,0
2084,2026-07-03T14:21:06.608813000Z,QoS Data,112,34,-13,920,2,8,1,0,0,0,0,0,720,0
2087,2026-07-03T14:21:06.777959000Z,S1G Beacon,61,34,-62,920,3,1,,,,,,,0,0
2088,2026-07-03T14:21:07.598991000Z,S1G Beacon,129,34,-63,920,3,1,,,,,,,0,0
2095,2026-07-03T14:21:08.416405000Z,S1G Beacon,61,34,-63,920,3,1,,,,,,,0,0
2104,2026-07-03T14:21:09.237446000Z,S1G Beacon,129,34,-62,920,3,1,,,,,,,0,0
2105,2026-07-03T14:21:10.054861000Z,S1G Beacon,61,34,-65,920,3,1,,,,,,,0,0
2106,2026-07-03T14:21:10.875891000Z,S1G Beacon,129,34,-65,920,3,1,,,,,,,0,0
2107,2026-07-03T14:21:11.446324000Z,QoS Data,132,34,-12,920,2,8,1,0,0,0,0,0,720,0
2110,2026-07-03T14:21:11.459570000Z,QoS Data,115,34,-18,920,2,8,1,0,1,0,0,0,720,0
2111,2026-07-03T14:21:11.465058000Z,RTS,54,34,-14,920,1,11,,,,0,0,0,2416,0
2113,2026-07-03T14:21:11.466748000Z,QoS Data,115,34,-18,920,2,8,1,0,1,0,0,0,720,0
2117,2026-07-03T14:21:11.608737000Z,QoS Data,112,34,-12,920,2,8,1,0,0,0,0,0,720,0
2120,2026-07-03T14:21:11.693306000Z,S1G Beacon,61,34,-64,920,3,1,,,,,,,0,0
2122,2026-07-03T14:21:12.514343000Z,S1G Beacon,129,34,-65,920,3,1,,,,,,,0,0
2124,2026-07-03T14:21:13.331755000Z,S1G Beacon,61,34,-66,920,3,1,,,,,,,0,0
2125,2026-07-03T14:21:14.152791000Z,S1G Beacon,129,34,-64,920,3,1,,,,,,,0,0
2127,2026-07-03T14:21:14.970204000Z,S1G Beacon,61,34,-65,920,3,1,,,,,,,0,0
2129,2026-07-03T14:21:15.791236000Z,S1G Beacon,129,34,-65,920,3,1,,,,,,,0,0
2130,2026-07-03T14:21:16.476322000Z,QoS Data,132,34,-11,920,2,8,1,0,0,0,0,0,720,0
2133,2026-07-03T14:21:16.488747000Z,QoS Data,115,34,-17,920,2,8,1,0,0,0,0,0,720,0
2136,2026-07-03T14:21:16.608658000Z,S1G Beacon,61,34,-65,920,3,1,,,,,,,0,0
2137,2026-07-03T14:21:16.610417000Z,QoS Data,112,34,-12,920,2,8,1,0,0,0,0,0,720,0
2140,2026-07-03T14:21:17.429689000Z,S1G Beacon,129,34,-67,920,3,1,,,,,,,0,0
2143,2026-07-03T14:21:18.247128000Z,S1G Beacon,61,34,-69,920,3,1,,,,,,,0,0
2145,2026-07-03T14:21:19.068133000Z,S1G Beacon,129,34,-66,920,3,1,,,,,,,0,0
2146,2026-07-03T14:21:19.885560000Z,S1G Beacon,61,34,-67,920,3,1,,,,,,,0,0
2148,2026-07-03T14:21:20.706589000Z,S1G Beacon,129,34,-66,920,3,1,,,,,,,0,0
2149,2026-07-03T14:21:21.506354000Z,QoS Data,132,34,-11,920,2,8,1,0,0,0,0,0,720,0
2152,2026-07-03T14:21:21.515913000Z,QoS Data,115,34,-17,920,2,8,1,0,0,0,0,0,720,0
2154,2026-07-03T14:21:21.524004000Z,S1G Beacon,61,34,-66,920,3,1,,,,,,,0,0
2156,2026-07-03T14:21:21.608825000Z,QoS Data,112,34,-13,920,2,8,1,0,0,0,0,0,720,0
2159,2026-07-03T14:21:22.345041000Z,S1G Beacon,129,34,-66,920,3,1,,,,,,,0,0
2160,2026-07-03T14:21:23.162454000Z,S1G Beacon,61,34,-66,920,3,1,,,,,,,0,0
2162,2026-07-03T14:21:23.983481000Z,S1G Beacon,129,34,-64,920,3,1,,,,,,,0,0
2163,2026-07-03T14:21:24.800918000Z,S1G Beacon,61,34,-67,920,3,1,,,,,,,0,0
2165,2026-07-03T14:21:25.621930000Z,S1G Beacon,129,34,-65,920,3,1,,,,,,,0,0
2166,2026-07-03T14:21:26.546346000Z,QoS Data,132,34,-10,920,2,8,1,0,0,0,0,0,720,0
2169,2026-07-03T14:21:26.555952000Z,QoS Data,115,34,-18,920,2,8,1,0,0,0,0,0,720,0
2172,2026-07-03T14:21:26.608914000Z,QoS Data,112,34,-10,920,2,8,1,0,0,0,0,0,720,0
2176,2026-07-03T14:21:27.260391000Z,S1G Beacon,129,34,-63,920,3,1,,,,,,,0,0
2177,2026-07-03T14:21:28.077808000Z,S1G Beacon,61,34,-66,920,3,1,,,,,,,0,0
2179,2026-07-03T14:21:28.898832000Z,S1G Beacon,129,34,-65,920,3,1,,,,,,,0,0
2189,2026-07-03T14:21:29.716254000Z,S1G Beacon,61,34,-66,920,3,1,,,,,,,0,0
2194,2026-07-03T14:21:30.537284000Z,S1G Beacon,129,34,-67,920,3,1,,,,,,,0,0
2196,2026-07-03T14:21:31.354708000Z,S1G Beacon,61,34,-66,920,3,1,,,,,,,0,0
2197,2026-07-03T14:21:31.566390000Z,QoS Data,132,34,-12,920,2,8,1,0,0,0,0,0,720,0
2201,2026-07-03T14:21:31.608863000Z,QoS Data,112,34,-10,920,2,8,1,0,0,0,0,0,720,0
2204,2026-07-03T14:21:32.175738000Z,S1G Beacon,129,34,-64,920,3,1,,,,,,,0,0
2206,2026-07-03T14:21:33.814185000Z,S1G Beacon,129,34,-65,920,3,1,,,,,,,0,0
2207,2026-07-03T14:21:34.631605000Z,S1G Beacon,61,34,-63,920,3,1,,,,,,,0,0
2208,2026-07-03T14:21:35.452638000Z,S1G Beacon,129,34,-65,920,3,1,,,,,,,0,0
2210,2026-07-03T14:21:36.270056000Z,S1G Beacon,61,34,-63,920,3,1,,,,,,,0,0
2212,2026-07-03T14:21:36.614472000Z,RTS,54,34,-14,920,1,11,,,,0,0,0,2524,0
2214,2026-07-03T14:21:36.616270000Z,QoS Data,115,34,-18,920,2,8,1,0,1,0,0,0,720,0
2217,2026-07-03T14:21:36.858418000Z,QoS Data,112,34,-10,920,2,8,1,0,0,0,0,0,720,0
2220,2026-07-03T14:21:37.091078000Z,S1G Beacon,129,34,-67,920,3,1,,,,,,,0,0
2221,2026-07-03T14:21:37.908499000Z,S1G Beacon,61,34,-66,920,3,1,,,,,,,0,0
2222,2026-07-03T14:21:38.729531000Z,S1G Beacon,129,34,-64,920,3,1,,,,,,,0,0
2224,2026-07-03T14:21:39.546961000Z,S1G Beacon,61,34,-66,920,3,1,,,,,,,0,0
2225,2026-07-03T14:21:40.367988000Z,S1G Beacon,129,34,-64,920,3,1,,,,,,,0,0
2226,2026-07-03T14:21:41.185410000Z,S1G Beacon,61,34,-66,920,3,1,,,,,,,0,0
2227,2026-07-03T14:21:41.645971000Z,QoS Data,132,34,-11,920,2,8,1,0,0,0,0,0,720,0
2230,2026-07-03T14:21:41.655844000Z,QoS Data,115,34,-15,920,2,8,1,0,0,0,0,0,720,0
2234,2026-07-03T14:21:41.858381000Z,QoS Data,112,34,-11,920,2,8,1,0,0,0,0,0,720,0
2237,2026-07-03T14:21:42.006429000Z,S1G Beacon,129,34,-65,920,3,1,,,,,,,0,0
2238,2026-07-03T14:21:42.823852000Z,S1G Beacon,61,34,-61,920,3,1,,,,,,,0,0
2239,2026-07-03T14:21:43.644882000Z,S1G Beacon,129,34,-64,920,3,1,,,,,,,0,0
2240,2026-07-03T14:21:44.462298000Z,S1G Beacon,61,34,-63,920,3,1,,,,,,,0,0
2242,2026-07-03T14:21:45.283324000Z,S1G Beacon,129,34,-63,920,3,1,,,,,,,0,0
2244,2026-07-03T14:21:46.100804000Z,S1G Beacon,61,34,-63,920,3,1,,,,,,,0,0
2246,2026-07-03T14:21:46.666021000Z,QoS Data,132,34,-11,920,2,8,1,0,0,0,0,0,720,0
2249,2026-07-03T14:21:46.675163000Z,QoS Data,115,34,-16,920,2,8,1,0,0,0,0,0,720,0
2252,2026-07-03T14:21:46.858385000Z,QoS Data,112,34,-12,920,2,8,1,0,0,0,0,0,720,0
2254,2026-07-03T14:21:46.921772000Z,S1G Beacon,129,34,-63,920,3,1,,,,,,,0,0
2255,2026-07-03T14:21:47.739209000Z,S1G Beacon,61,34,-63,920,3,1,,,,,,,0,0
2259,2026-07-03T14:21:48.560229000Z,S1G Beacon,129,34,-62,920,3,1,,,,,,,0,0
2260,2026-07-03T14:21:49.377650000Z,S1G Beacon,61,34,-63,920,3,1,,,,,,,0,0
2265,2026-07-03T14:21:50.198671000Z,S1G Beacon,129,34,-64,920,3,1,,,,,,,0,0
2276,2026-07-03T14:21:51.016095000Z,S1G Beacon,61,34,-64,920,3,1,,,,,,,0,0
2278,2026-07-03T14:21:51.685973000Z,QoS Data,132,34,-10,920,2,8,1,0,0,0,0,0,720,0
2281,2026-07-03T14:21:51.695934000Z,QoS Data,115,34,-18,920,2,8,1,0,0,0,0,0,720,0
2284,2026-07-03T14:21:51.837137000Z,S1G Beacon,129,34,-63,920,3,1,,,,,,,0,0
2285,2026-07-03T14:21:51.858487000Z,QoS Data,112,34,-11,920,2,8,1,0,0,0,0,0,720,0
2289,2026-07-03T14:21:52.654550000Z,S1G Beacon,61,34,-64,920,3,1,,,,,,,0,0
2290,2026-07-03T14:21:53.475594000Z,S1G Beacon,129,34,-65,920,3,1,,,,,,,0,0
2292,2026-07-03T14:21:54.293009000Z,S1G Beacon,61,34,-64,920,3,1,,,,,,,0,0
2293,2026-07-03T14:21:55.114025000Z,S1G Beacon,129,34,-64,920,3,1,,,,,,,0,0
2294,2026-07-03T14:21:55.931446000Z,S1G Beacon,61,34,-66,920,3,1,,,,,,,0,0
2295,2026-07-03T14:21:56.716128000Z,QoS Data,132,34,-11,920,2,8,1,0,0,0,0,0,720,0
2298,2026-07-03T14:21:56.728916000Z,QoS Data,115,34,-18,920,2,8,1,0,1,0,0,0,720,0
2301,2026-07-03T14:21:56.752472000Z,S1G Beacon,129,34,-63,920,3,1,,,,,,,0,0
2302,2026-07-03T14:21:56.858481000Z,QoS Data,112,34,-11,920,2,8,1,0,0,0,0,0,720,0
2308,2026-07-03T14:21:57.569893000Z,S1G Beacon,61,34,-66,920,3,1,,,,,,,0,0
2310,2026-07-03T14:21:58.390930000Z,S1G Beacon,129,34,-64,920,3,1,,,,,,,0,0
2311,2026-07-03T14:21:59.208348000Z,S1G Beacon,61,34,-67,920,3,1,,,,,,,0,0
2313,2026-07-03T14:22:00.029366000Z,S1G Beacon,129,34,-64,920,3,1,,,,,,,0,0
2315,2026-07-03T14:22:00.846792000Z,S1G Beacon,61,34,-64,920,3,1,,,,,,,0,0
2316,2026-07-03T14:22:01.667883000Z,S1G Beacon,129,34,-65,920,3,1,,,,,,,0,0
2317,2026-07-03T14:22:01.746023000Z,QoS Data,132,34,-11,920,2,8,1,0,0,0,0,0,720,0
2320,2026-07-03T14:22:01.755518000Z,QoS Data,115,34,-17,920,2,8,1,0,0,0,0,0,720,0
2324,2026-07-03T14:22:02.485251000Z,S1G Beacon,61,34,-66,920,3,1,,,,,,,0,0
2326,2026-07-03T14:22:03.306280000Z,S1G Beacon,129,34,-65,920,3,1,,,,,,,0,0
2327,2026-07-03T14:22:04.123694000Z,S1G Beacon,61,34,-66,920,3,1,,,,,,,0,0
2328,2026-07-03T14:22:04.944720000Z,S1G Beacon,129,34,-65,920,3,1,,,,,,,0,0
2329,2026-07-03T14:22:05.762147000Z,S1G Beacon,61,34,-65,920,3,1,,,,,,,0,0
2331,2026-07-03T14:22:06.583177000Z,S1G Beacon,129,34,-64,920,3,1,,,,,,,0,0
2333,2026-07-03T14:22:06.766410000Z,QoS Data,132,34,-11,920,2,8,1,0,0,0,0,0,720,0
2336,2026-07-03T14:22:06.780031000Z,QoS Data,115,34,-18,920,2,8,1,0,0,0,0,0,720,0
2339,2026-07-03T14:22:06.858808000Z,QoS Data,112,34,-11,920,2,8,1,0,0,0,0,0,720,0
2342,2026-07-03T14:22:07.400588000Z,S1G Beacon,61,34,-65,920,3,1,,,,,,,0,0
2343,2026-07-03T14:22:08.221622000Z,S1G Beacon,129,34,-65,920,3,1,,,,,,,0,0
2345,2026-07-03T14:22:09.039043000Z,S1G Beacon,61,34,-66,920,3,1,,,,,,,0,0
2346,2026-07-03T14:22:09.860076000Z,S1G Beacon,129,34,-64,920,3,1,,,,,,,0,0
2347,2026-07-03T14:22:10.677495000Z,S1G Beacon,61,34,-64,920,3,1,,,,,,,0,0
2355,2026-07-03T14:22:11.498522000Z,S1G Beacon,129,34,-67,920,3,1,,,,,,,0,0
2359,2026-07-03T14:22:11.796473000Z,QoS Data,132,34,-10,920,2,8,1,0,0,0,0,0,720,0
2362,2026-07-03T14:22:11.812773000Z,QoS Data,115,34,-16,920,2,8,1,0,0,0,0,0,720,0
2366,2026-07-03T14:22:11.858747000Z,QoS Data,112,34,-10,920,2,8,1,0,0,0,0,0,720,0
2372,2026-07-03T14:22:12.315948000Z,S1G Beacon,61,34,-65,920,3,1,,,,,,,0,0
2373,2026-07-03T14:22:13.136981000Z,S1G Beacon,129,34,-64,920,3,1,,,,,,,0,0
2374,2026-07-03T14:22:13.954396000Z,S1G Beacon,61,34,-67,920,3,1,,,,,,,0,0
2375,2026-07-03T14:22:14.775428000Z,S1G Beacon,129,34,-64,920,3,1,,,,,,,0,0
2377,2026-07-03T14:22:15.592848000Z,S1G Beacon,61,34,-63,920,3,1,,,,,,,0,0
2378,2026-07-03T14:22:16.413893000Z,S1G Beacon,129,34,-66,920,3,1,,,,,,,0,0
2379,2026-07-03T14:22:16.826553000Z,QoS Data,132,34,-10,920,2,8,1,0,0,0,0,0,720,0
2382,2026-07-03T14:22:16.836157000Z,QoS Data,115,34,-19,920,2,8,1,0,0,0,0,0,720,0
2385,2026-07-03T14:22:16.858856000Z,QoS Data,112,34,-12,920,2,8,1,0,0,0,0,0,720,0
2389,2026-07-03T14:22:17.231301000Z,S1G Beacon,61,34,-63,920,3,1,,,,,,,0,0
2391,2026-07-03T14:22:18.052330000Z,S1G Beacon,129,34,-63,920,3,1,,,,,,,0,0
2394,2026-07-03T14:22:18.869753000Z,S1G Beacon,61,34,-62,920,3,1,,,,,,,0,0
2395,2026-07-03T14:22:19.690779000Z,S1G Beacon,129,34,-60,920,3,1,,,,,,,0,0
2396,2026-07-03T14:22:20.508203000Z,S1G Beacon,61,34,-61,920,3,1,,,,,,,0,0
2399,2026-07-03T14:22:21.329229000Z,S1G Beacon,129,34,-64,920,3,1,,,,,,,0,0
2400,2026-07-03T14:22:21.856462000Z,QoS Data,132,34,-10,920,2,8,1,0,0,0,0,0,720,0
2405,2026-07-03T14:22:22.108974000Z,QoS Data,112,34,-11,920,2,8,1,0,0,0,0,0,720,0
2408,2026-07-03T14:22:22.146656000Z,S1G Beacon,61,34,-63,920,3,1,,,,,,,0,0
2409,2026-07-03T14:22:22.967683000Z,S1G Beacon,129,34,-67,920,3,1,,,,,,,0,0
2410,2026-07-03T14:22:23.785104000Z,S1G Beacon,61,34,-64,920,3,1,,,,,,,0,0
2412,2026-07-03T14:22:24.606133000Z,S1G Beacon,129,34,-62,920,3,1,,,,,,,0,0
2413,2026-07-03T14:22:25.423547000Z,S1G Beacon,61,34,-63,920,3,1,,,,,,,0,0
2415,2026-07-03T14:22:26.244580000Z,S1G Beacon,129,34,-65,920,3,1,,,,,,,0,0
2417,2026-07-03T14:22:26.886458000Z,QoS Data,132,34,-10,920,2,8,1,0,0,0,0,0,720,0
2420,2026-07-03T14:22:26.899242000Z,QoS Data,115,34,-18,920,2,8,1,0,0,0,0,0,720,0
2423,2026-07-03T14:22:27.062002000Z,S1G Beacon,61,34,-63,920,3,1,,,,,,,0,0
2424,2026-07-03T14:22:27.108951000Z,QoS Data,112,34,-10,920,2,8,1,0,0,0,0,0,720,0
2428,2026-07-03T14:22:27.883030000Z,S1G Beacon,129,34,-63,920,3,1,,,,,,,0,0
2429,2026-07-03T14:22:28.700453000Z,S1G Beacon,61,34,-65,920,3,1,,,,,,,0,0
2432,2026-07-03T14:22:29.521481000Z,S1G Beacon,129,34,-63,920,3,1,,,,,,,0,0
2434,2026-07-03T14:22:30.338912000Z,S1G Beacon,61,34,-63,920,3,1,,,,,,,0,0
2435,2026-07-03T14:22:31.159925000Z,S1G Beacon,129,34,-63,920,3,1,,,,,,,0,0
2438,2026-07-03T14:22:31.916526000Z,QoS Data,132,34,-10,920,2,8,1,0,0,0,0,0,720,0
2441,2026-07-03T14:22:31.929305000Z,QoS Data,115,34,-19,920,2,8,1,0,1,0,0,0,720,0
2444,2026-07-03T14:22:31.977353000Z,S1G Beacon,61,34,-63,920,3,1,,,,,,,0,0
2447,2026-07-03T14:22:32.116571000Z,QoS Data,112,34,-11,920,2,8,1,0,0,0,0,0,720,0
2456,2026-07-03T14:22:32.798366000Z,S1G Beacon,129,34,-62,920,3,1,,,,,,,0,0
2461,2026-07-03T14:22:33.615788000Z,S1G Beacon,61,34,-61,920,3,1,,,,,,,0,0
2463,2026-07-03T14:22:34.436817000Z,S1G Beacon,129,34,-65,920,3,1,,,,,,,0,0
2464,2026-07-03T14:22:35.254239000Z,S1G Beacon,61,34,-62,920,3,1,,,,,,,0,0
2465,2026-07-03T14:22:36.075264000Z,S1G Beacon,129,34,-61,920,3,1,,,,,,,0,0
2468,2026-07-03T14:22:36.892684000Z,S1G Beacon,61,34,-60,920,3,1,,,,,,,0,0
2469,2026-07-03T14:22:36.946438000Z,QoS Data,132,34,-10,920,2,8,1,0,0,0,0,0,720,0
2473,2026-07-03T14:22:37.108994000Z,QoS Data,112,34,-11,920,2,8,1,0,0,0,0,0,720,0
2475,2026-07-03T14:22:37.713712000Z,S1G Beacon,129,34,-61,920,3,1,,,,,,,0,0
2476,2026-07-03T14:22:38.531131000Z,S1G Beacon,61,34,-60,920,3,1,,,,,,,0,0
2478,2026-07-03T14:22:39.352157000Z,S1G Beacon,129,34,-61,920,3,1,,,,,,,0,0
2479,2026-07-03T14:22:40.169587000Z,S1G Beacon,61,34,-60,920,3,1,,,,,,,0,0
2480,2026-07-03T14:22:41.808039000Z,S1G Beacon,61,34,-63,920,3,1,,,,,,,0,0
2481,2026-07-03T14:22:41.966442000Z,QoS Data,132,34,-10,920,2,8,1,0,0,0,0,0,720,0
2488,2026-07-03T14:22:42.629061000Z,S1G Beacon,129,34,-63,920,3,1,,,,,,,0,0
2489,2026-07-03T14:22:43.446490000Z,S1G Beacon,61,34,-63,920,3,1,,,,,,,0,0
2490,2026-07-03T14:22:44.267516000Z,S1G Beacon,129,34,-60,920,3,1,,,,,,,0,0
2491,2026-07-03T14:22:45.084933000Z,S1G Beacon,61,34,-63,920,3,1,,,,,,,0,0
2492,2026-07-03T14:22:45.905955000Z,S1G Beacon,129,34,-61,920,3,1,,,,,,,0,0
2494,2026-07-03T14:22:46.723396000Z,S1G Beacon,61,34,-62,920,3,1,,,,,,,0,0
2495,2026-07-03T14:22:46.997300000Z,QoS Data,132,34,-11,920,2,8,1,0,0,0,0,0,720,0
2499,2026-07-03T14:22:47.013792000Z,QoS Data,112,34,-19,920,2,8,1,0,0,0,0,0,720,0
2501,2026-07-03T14:22:47.016372000Z,QoS Data,115,34,-20,920,2,8,1,0,0,0,0,0,720,0
2502,2026-07-03T14:22:47.019175000Z,QoS Data,115,34,-19,920,2,8,1,0,1,0,0,0,720,0
2505,2026-07-03T14:22:47.108596000Z,QoS Data,112,34,-10,920,2,8,1,0,0,0,0,0,720,0
2508,2026-07-03T14:22:47.544411000Z,S1G Beacon,129,34,-60,920,3,1,,,,,,,0,0
2510,2026-07-03T14:22:48.361828000Z,S1G Beacon,61,34,-62,920,3,1,,,,,,,0,0
2511,2026-07-03T14:22:49.182864000Z,S1G Beacon,129,34,-60,920,3,1,,,,,,,0,0
2512,2026-07-03T14:22:50.000279000Z,S1G Beacon,61,34,-61,920,3,1,,,,,,,0,0
2513,2026-07-03T14:22:50.821308000Z,S1G Beacon,129,34,-60,920,3,1,,,,,,,0,0
2515,2026-07-03T14:22:51.638728000Z,S1G Beacon,61,34,-63,920,3,1,,,,,,,0,0
2519,2026-07-03T14:22:52.041003000Z,QoS Data,132,34,-10,920,2,8,1,0,0,0,0,0,720,0
2524,2026-07-03T14:22:52.050751000Z,QoS Data,115,34,-19,920,2,8,1,0,0,0,0,0,720,0
2526,2026-07-03T14:22:52.056700000Z,QoS Data,115,34,-19,920,2,8,1,0,1,0,0,0,720,0
2529,2026-07-03T14:22:52.108622000Z,QoS Data,112,34,-10,920,2,8,1,0,0,0,0,0,720,0
2532,2026-07-03T14:22:52.459762000Z,S1G Beacon,129,34,-60,920,3,1,,,,,,,0,0
2538,2026-07-03T14:22:53.277184000Z,S1G Beacon,61,34,-61,920,3,1,,,,,,,0,0
2548,2026-07-03T14:22:54.098219000Z,S1G Beacon,129,34,-66,920,3,1,,,,,,,0,0
2550,2026-07-03T14:22:54.915632000Z,S1G Beacon,61,34,-60,920,3,1,,,,,,,0,0
2551,2026-07-03T14:22:55.736664000Z,S1G Beacon,129,34,-60,920,3,1,,,,,,,0,0
2552,2026-07-03T14:22:56.554079000Z,S1G Beacon,61,34,-60,920,3,1,,,,,,,0,0
2554,2026-07-03T14:22:57.066073000Z,QoS Data,132,34,-11,920,2,8,1,0,0,0,0,0,720,0
2558,2026-07-03T14:22:57.108600000Z,QoS Data,112,34,-12,920,2,8,1,0,0,0,0,0,720,0
2561,2026-07-03T14:22:57.375110000Z,S1G Beacon,129,34,-60,920,3,1,,,,,,,0,0
2562,2026-07-03T14:22:58.192532000Z,S1G Beacon,61,34,-59,920,3,1,,,,,,,0,0
2563,2026-07-03T14:22:59.013560000Z,S1G Beacon,129,34,-60,920,3,1,,,,,,,0,0
2564,2026-07-03T14:22:59.830985000Z,S1G Beacon,61,34,-60,920,3,1,,,,,,,0,0
2566,2026-07-03T14:23:00.652009000Z,S1G Beacon,129,34,-60,920,3,1,,,,,,,0,0
2567,2026-07-03T14:23:01.469475000Z,S1G Beacon,61,34,-59,920,3,1,,,,,,,0,0
2568,2026-07-03T14:23:02.086067000Z,QoS Data,132,34,-13,920,2,8,1,0,0,0,0,0,720,0
2572,2026-07-03T14:23:02.108858000Z,QoS Data,112,34,-13,920,2,8,1,0,0,0,0,0,720,0
2575,2026-07-03T14:23:02.290447000Z,S1G Beacon,129,34,-60,920,3,1,,,,,,,0,0
2576,2026-07-03T14:23:03.107884000Z,S1G Beacon,61,34,-62,920,3,1,,,,,,,0,0
2578,2026-07-03T14:23:03.928916000Z,S1G Beacon,129,34,-60,920,3,1,,,,,,,0,0
2579,2026-07-03T14:23:04.746333000Z,S1G Beacon,61,34,-62,920,3,1,,,,,,,0,0
2580,2026-07-03T14:23:05.567363000Z,S1G Beacon,129,34,-62,920,3,1,,,,,,,0,0
2581,2026-07-03T14:23:06.384780000Z,S1G Beacon,61,34,-61,920,3,1,,,,,,,0,0
2583,2026-07-03T14:23:07.109548000Z,QoS Data,132,34,-12,920,2,8,1,0,1,0,0,0,720,0
2586,2026-07-03T14:23:07.119411000Z,QoS Data,112,34,-27,920,2,8,1,0,0,0,0,0,720,0
2587,2026-07-03T14:23:07.122295000Z,RTS,54,34,-19,920,1,11,,,,0,0,0,2380,0
2590,2026-07-03T14:23:07.128641000Z,QoS Data,115,34,-26,920,2,8,1,0,0,0,0,0,720,0
2593,2026-07-03T14:23:07.205805000Z,S1G Beacon,129,34,-61,920,3,1,,,,,,,0,0
2595,2026-07-03T14:23:08.023231000Z,S1G Beacon,61,34,-62,920,3,1,,,,,,,0,0
2597,2026-07-03T14:23:09.661680000Z,S1G Beacon,61,34,-61,920,3,1,,,,,,,0,0
2598,2026-07-03T14:23:11.300134000Z,S1G Beacon,61,34,-61,920,3,1,,,,,,,0,0
2599,2026-07-03T14:23:12.121161000Z,S1G Beacon,129,34,-61,920,3,1,,,,,,,0,0
2600,2026-07-03T14:23:12.146516000Z,QoS Data,132,34,-14,920,2,8,1,0,0,0,0,0,720,0
2603,2026-07-03T14:23:12.159803000Z,QoS Data,115,34,-23,920,2,8,1,0,1,0,0,0,720,0
2606,2026-07-03T14:23:12.359029000Z,QoS Data,112,34,-13,920,2,8,1,0,0,0,0,0,720,0
2610,2026-07-03T14:23:12.938582000Z,S1G Beacon,61,34,-60,920,3,1,,,,,,,0,0
2612,2026-07-03T14:23:13.759616000Z,S1G Beacon,129,34,-61,920,3,1,,,,,,,0,0
2620,2026-07-03T14:23:14.577023000Z,S1G Beacon,61,34,-61,920,3,1,,,,,,,0,0
2622,2026-07-03T14:23:14.649721000Z,Deauthentication,64,34,-51,920,0,12,0,0,0,0,0,0,0,1
2627,2026-07-03T14:23:15.398058000Z,S1G Beacon,129,34,-64,920,3,1,,,,,,,0,0
2628,2026-07-03T14:23:15.467131000Z,S1G Beacon,61,34,-52,920,3,1,,,,,,,0,1
2631,2026-07-03T14:23:16.215475000Z,S1G Beacon,61,34,-63,920,3,1,,,,,,,0,0
2633,2026-07-03T14:23:16.288162000Z,S1G Beacon,129,34,-53,920,3,1,,,,,,,0,1
2634,2026-07-03T14:23:17.036498000Z,S1G Beacon,129,34,-63,920,3,1,,,,,,,0,0
2635,2026-07-03T14:23:17.105578000Z,S1G Beacon,61,34,-52,920,3,1,,,,,,,0,1
2636,2026-07-03T14:23:17.176496000Z,QoS Data,132,34,-12,920,2,8,1,0,0,0,0,0,720,0
2638,2026-07-03T14:23:17.201908000Z,QoS Data,115,34,-26,920,2,8,1,0,0,0,0,0,720,0
2641,2026-07-03T14:23:17.359006000Z,QoS Data,112,34,-12,920,2,8,1,0,0,0,0,0,720,0
2643,2026-07-03T14:23:17.853919000Z,S1G Beacon,61,34,-61,920,3,1,,,,,,,0,0
2644,2026-07-03T14:23:17.942354000Z,S1G Beacon,129,34,-54,920,3,1,,,,,,,0,1
2646,2026-07-03T14:23:18.674950000Z,S1G Beacon,129,34,-61,920,3,1,,,,,,,0,0
2647,2026-07-03T14:23:18.744021000Z,S1G Beacon,61,34,-53,920,3,1,,,,,,,0,1
2648,2026-07-03T14:23:18.788066000Z,QoS Data,72,34,-13,920,2,8,1,0,0,0,0,0,720,0
2651,2026-07-03T14:23:19.492370000Z,S1G Beacon,61,34,-61,920,3,1,,,,,,,0,0
2652,2026-07-03T14:23:19.565040000Z,S1G Beacon,129,34,-51,920,3,1,,,,,,,0,1
2653,2026-07-03T14:23:20.313399000Z,S1G Beacon,129,34,-61,920,3,1,,,,,,,0,0
2654,2026-07-03T14:23:20.382464000Z,S1G Beacon,61,34,-50,920,3,1,,,,,,,0,1
2655,2026-07-03T14:23:21.130820000Z,S1G Beacon,61,34,-63,920,3,1,,,,,,,0,0
2656,2026-07-03T14:23:21.203506000Z,S1G Beacon,129,34,-54,920,3,1,,,,,,,0,1
2658,2026-07-03T14:23:21.951852000Z,S1G Beacon,129,34,-60,920,3,1,,,,,,,0,0
2660,2026-07-03T14:23:22.020911000Z,S1G Beacon,61,34,-52,920,3,1,,,,,,,0,1
2661,2026-07-03T14:23:22.216527000Z,QoS Data,132,34,-12,920,2,8,1,0,0,0,0,0,720,0
2665,2026-07-03T14:23:22.358946000Z,QoS Data,112,34,-13,920,2,8,1,0,0,0,0,0,720,0
2667,2026-07-03T14:23:22.769271000Z,S1G Beacon,61,34,-61,920,3,1,,,,,,,0,0
2668,2026-07-03T14:23:22.841936000Z,S1G Beacon,129,34,-52,920,3,1,,,,,,,0,1
2670,2026-07-03T14:23:23.590305000Z,S1G Beacon,129,34,-63,920,3,1,,,,,,,0,0
2671,2026-07-03T14:23:23.659355000Z,S1G Beacon,61,34,-52,920,3,1,,,,,,,0,1
2672,2026-07-03T14:23:24.407728000Z,S1G Beacon,61,34,-61,920,3,1,,,,,,,0,0
2673,2026-07-03T14:23:24.480385000Z,S1G Beacon,129,34,-53,920,3,1,,,,,,,0,1
2676,2026-07-03T14:23:25.228752000Z,S1G Beacon,129,34,-65,920,3,1,,,,,,,0,0
2677,2026-07-03T14:23:25.297803000Z,S1G Beacon,61,34,-53,920,3,1,,,,,,,0,1
2679,2026-07-03T14:23:26.046171000Z,S1G Beacon,61,34,-64,920,3,1,,,,,,,0,0
2680,2026-07-03T14:23:26.118830000Z,S1G Beacon,129,34,-53,920,3,1,,,,,,,0,1
2681,2026-07-03T14:23:26.867202000Z,S1G Beacon,129,34,-64,920,3,1,,,,,,,0,0
2682,2026-07-03T14:23:26.936241000Z,S1G Beacon,61,34,-54,920,3,1,,,,,,,0,1
2683,2026-07-03T14:23:27.236522000Z,QoS Data,132,34,-11,920,2,8,1,0,0,0,0,0,720,0
2687,2026-07-03T14:23:27.358974000Z,QoS Data,112,34,-12,920,2,8,1,0,0,0,0,0,720,0
2690,2026-07-03T14:23:27.684618000Z,S1G Beacon,61,34,-64,920,3,1,,,,,,,0,0
2691,2026-07-03T14:23:27.757272000Z,S1G Beacon,129,34,-60,920,3,1,,,,,,,0,1
2693,2026-07-03T14:23:28.505652000Z,S1G Beacon,129,34,-65,920,3,1,,,,,,,0,0
2694,2026-07-03T14:23:28.574704000Z,S1G Beacon,61,34,-53,920,3,1,,,,,,,0,1
2695,2026-07-03T14:23:29.323075000Z,S1G Beacon,61,34,-63,920,3,1,,,,,,,0,0
2696,2026-07-03T14:23:29.395727000Z,S1G Beacon,129,34,-52,920,3,1,,,,,,,0,1
2697,2026-07-03T14:23:30.144111000Z,S1G Beacon,129,34,-63,920,3,1,,,,,,,0,0
2698,2026-07-03T14:23:30.213149000Z,S1G Beacon,61,34,-52,920,3,1,,,,,,,0,1
2700,2026-07-03T14:23:30.961526000Z,S1G Beacon,61,34,-64,920,3,1,,,,,,,0,0
2701,2026-07-03T14:23:31.034167000Z,S1G Beacon,129,34,-52,920,3,1,,,,,,,0,1
2702,2026-07-03T14:23:31.782550000Z,S1G Beacon,129,34,-64,920,3,1,,,,,,,0,0
2703,2026-07-03T14:23:32.256533000Z,QoS Data,132,34,-10,920,2,8,1,0,0,0,0,0,720,0
2707,2026-07-03T14:23:32.358951000Z,QoS Data,112,34,-11,920,2,8,1,0,0,0,0,0,720,0
2709,2026-07-03T14:23:32.599968000Z,S1G Beacon,61,34,-61,920,3,1,,,,,,,0,0
2710,2026-07-03T14:23:32.672614000Z,S1G Beacon,129,34,-52,920,3,1,,,,,,,0,1
2711,2026-07-03T14:23:33.421001000Z,S1G Beacon,129,34,-62,920,3,1,,,,,,,0,0
2712,2026-07-03T14:23:33.490032000Z,S1G Beacon,61,34,-51,920,3,1,,,,,,,0,1
2714,2026-07-03T14:23:34.238434000Z,S1G Beacon,61,34,-60,920,3,1,,,,,,,0,0
2715,2026-07-03T14:23:34.311056000Z,S1G Beacon,129,34,-52,920,3,1,,,,,,,0,1
2719,2026-07-03T14:23:35.059455000Z,S1G Beacon,129,34,-62,920,3,1,,,,,,,0,0
2721,2026-07-03T14:23:35.128481000Z,S1G Beacon,61,34,-52,920,3,1,,,,,,,0,1
2729,2026-07-03T14:23:35.876874000Z,S1G Beacon,61,34,-63,920,3,1,,,,,,,0,0
2731,2026-07-03T14:23:35.952098000Z,S1G Beacon,129,34,-53,920,3,1,,,,,,,0,1
2733,2026-07-03T14:23:36.697909000Z,S1G Beacon,129,34,-64,920,3,1,,,,,,,0,0
2735,2026-07-03T14:23:36.766923000Z,S1G Beacon,61,34,-53,920,3,1,,,,,,,0,1
2736,2026-07-03T14:23:37.276553000Z,QoS Data,132,34,-13,920,2,8,1,0,0,0,0,0,720,0
2741,2026-07-03T14:23:37.358967000Z,QoS Data,112,34,-12,920,2,8,1,0,0,0,0,0,720,0
2744,2026-07-03T14:23:37.515320000Z,S1G Beacon,61,34,-63,920,3,1,,,,,,,0,0
2745,2026-07-03T14:23:37.587949000Z,S1G Beacon,129,34,-52,920,3,1,,,,,,,0,1
2746,2026-07-03T14:23:38.336352000Z,S1G Beacon,129,34,-62,920,3,1,,,,,,,0,0
2747,2026-07-03T14:23:38.405367000Z,S1G Beacon,61,34,-53,920,3,1,,,,,,,0,1
2748,2026-07-03T14:23:39.153770000Z,S1G Beacon,61,34,-62,920,3,1,,,,,,,0,0
2749,2026-07-03T14:23:39.226396000Z,S1G Beacon,129,34,-53,920,3,1,,,,,,,0,1
2752,2026-07-03T14:23:39.974798000Z,S1G Beacon,129,34,-62,920,3,1,,,,,,,0,0
2753,2026-07-03T14:23:40.043814000Z,S1G Beacon,61,34,-53,920,3,1,,,,,,,0,1
2754,2026-07-03T14:23:40.792219000Z,S1G Beacon,61,34,-62,920,3,1,,,,,,,0,0
2755,2026-07-03T14:23:40.864835000Z,S1G Beacon,129,34,-52,920,3,1,,,,,,,0,1
2757,2026-07-03T14:23:41.613259000Z,S1G Beacon,129,34,-61,920,3,1,,,,,,,0,0
2758,2026-07-03T14:23:41.682257000Z,S1G Beacon,61,34,-52,920,3,1,,,,,,,0,1
2759,2026-07-03T14:23:42.306523000Z,QoS Data,132,34,-11,920,2,8,1,0,0,0,0,0,720,0
2763,2026-07-03T14:23:42.359684000Z,QoS Data,112,34,-12,920,2,8,1,0,0,0,0,0,720,0
2766,2026-07-03T14:23:42.430674000Z,S1G Beacon,61,34,-60,920,3,1,,,,,,,0,0
2767,2026-07-03T14:23:42.503280000Z,S1G Beacon,129,34,-51,920,3,1,,,,,,,0,1
2769,2026-07-03T14:23:43.251703000Z,S1G Beacon,129,34,-62,920,3,1,,,,,,,0,0
2770,2026-07-03T14:23:43.320701000Z,S1G Beacon,61,34,-53,920,3,1,,,,,,,0,1
2772,2026-07-03T14:23:44.141730000Z,S1G Beacon,129,34,-51,920,3,1,,,,,,,0,1
2773,2026-07-03T14:23:44.890151000Z,S1G Beacon,129,34,-63,920,3,1,,,,,,,0,0
2774,2026-07-03T14:23:44.959154000Z,S1G Beacon,61,34,-51,920,3,1,,,,,,,0,1
2775,2026-07-03T14:23:45.707571000Z,S1G Beacon,61,34,-63,920,3,1,,,,,,,0,0
2777,2026-07-03T14:23:45.780174000Z,S1G Beacon,129,34,-52,920,3,1,,,,,,,0,1
2779,2026-07-03T14:23:46.528605000Z,S1G Beacon,129,34,-64,920,3,1,,,,,,,0,0
2780,2026-07-03T14:23:46.597587000Z,S1G Beacon,61,34,-53,920,3,1,,,,,,,0,1
2781,2026-07-03T14:23:47.326573000Z,QoS Data,132,34,-11,920,2,8,1,0,0,0,0,0,720,0
2784,2026-07-03T14:23:47.336086000Z,QoS Data,115,34,-27,920,2,8,1,0,0,0,0,0,720,0
2787,2026-07-03T14:23:47.346007000Z,S1G Beacon,61,34,-64,920,3,1,,,,,,,0,0
2789,2026-07-03T14:23:47.360394000Z,QoS Data,112,34,-12,920,2,8,1,0,0,0,0,0,720,0
2792,2026-07-03T14:23:47.418615000Z,S1G Beacon,129,34,-53,920,3,1,,,,,,,0,1
2793,2026-07-03T14:23:48.167046000Z,S1G Beacon,129,34,-63,920,3,1,,,,,,,0,0
2794,2026-07-03T14:23:48.236037000Z,S1G Beacon,61,34,-51,920,3,1,,,,,,,0,1
2795,2026-07-03T14:23:48.984473000Z,S1G Beacon,61,34,-63,920,3,1,,,,,,,0,0
2796,2026-07-03T14:23:49.057062000Z,S1G Beacon,129,34,-51,920,3,1,,,,,,,0,1
2798,2026-07-03T14:23:49.805495000Z,S1G Beacon,129,34,-63,920,3,1,,,,,,,0,0
2799,2026-07-03T14:23:49.874481000Z,S1G Beacon,61,34,-54,920,3,1,,,,,,,0,1
2801,2026-07-03T14:23:50.622915000Z,S1G Beacon,61,34,-63,920,3,1,,,,,,,0,0
2802,2026-07-03T14:23:50.695503000Z,S1G Beacon,129,34,-53,920,3,1,,,,,,,0,1
2804,2026-07-03T14:23:51.443946000Z,S1G Beacon,129,34,-63,920,3,1,,,,,,,0,0
2805,2026-07-03T14:23:51.512921000Z,S1G Beacon,61,34,-52,920,3,1,,,,,,,0,1
2807,2026-07-03T14:23:52.333950000Z,S1G Beacon,129,34,-52,920,3,1,,,,,,,0,1
2808,2026-07-03T14:23:52.356551000Z,QoS Data,132,34,-11,920,2,8,1,0,0,0,0,0,720,0
2811,2026-07-03T14:23:52.369168000Z,RTS,54,34,-18,920,1,11,,,,0,0,0,2400,0
2813,2026-07-03T14:23:52.370851000Z,QoS Data,115,34,-26,920,2,8,1,0,1,0,0,0,720,0
2814,2026-07-03T14:23:52.374578000Z,RTS,54,34,-18,920,1,11,,,,0,0,0,2400,0
2816,2026-07-03T14:23:52.376255000Z,QoS Data,115,34,-27,920,2,8,1,0,1,0,0,0,720,0
2819,2026-07-03T14:23:52.608657000Z,QoS Data,112,34,-11,920,2,8,1,0,0,0,0,0,720,0
2822,2026-07-03T14:23:53.082395000Z,S1G Beacon,129,34,-64,920,3,1,,,,,,,0,0
2823,2026-07-03T14:23:53.151369000Z,S1G Beacon,61,34,-52,920,3,1,,,,,,,0,1
2824,2026-07-03T14:23:53.899825000Z,S1G Beacon,61,34,-62,920,3,1,,,,,,,0,0
2825,2026-07-03T14:23:53.972395000Z,S1G Beacon,129,34,-52,920,3,1,,,,,,,0,1
2826,2026-07-03T14:23:54.720851000Z,S1G Beacon,129,34,-63,920,3,1,,,,,,,0,0
2827,2026-07-03T14:23:54.789814000Z,S1G Beacon,61,34,-51,920,3,1,,,,,,,0,1
2829,2026-07-03T14:23:55.538276000Z,S1G Beacon,61,34,-63,920,3,1,,,,,,,0,0
2830,2026-07-03T14:23:55.610852000Z,S1G Beacon,129,34,-52,920,3,1,,,,,,,0,1
2837,2026-07-03T14:23:56.359294000Z,S1G Beacon,129,34,-64,920,3,1,,,,,,,0,0
2839,2026-07-03T14:23:56.431431000Z,S1G Beacon,61,34,-52,920,3,1,,,,,,,0,1
2846,2026-07-03T14:23:57.176712000Z,S1G Beacon,61,34,-63,920,3,1,,,,,,,0,0
2847,2026-07-03T14:23:57.249293000Z,S1G Beacon,129,34,-52,920,3,1,,,,,,,0,1
2848,2026-07-03T14:23:57.386142000Z,QoS Data,132,34,-11,920,2,8,1,0,0,0,0,0,720,0
2851,2026-07-03T14:23:57.395565000Z,QoS Data,115,34,-28,920,2,8,1,0,0,0,0,0,720,0
2854,2026-07-03T14:23:57.608632000Z,QoS Data,112,34,-12,920,2,8,1,0,0,0,0,0,720,0
2858,2026-07-03T14:23:57.997746000Z,S1G Beacon,129,34,-63,920,3,1,,,,,,,0,0
2859,2026-07-03T14:23:58.066705000Z,S1G Beacon,61,34,-53,920,3,1,,,,,,,0,1
2860,2026-07-03T14:23:58.815167000Z,S1G Beacon,61,34,-66,920,3,1,,,,,,,0,0
2861,2026-07-03T14:23:58.887733000Z,S1G Beacon,129,34,-52,920,3,1,,,,,,,0,1
2862,2026-07-03T14:23:59.636195000Z,S1G Beacon,129,34,-64,920,3,1,,,,,,,0,0
2863,2026-07-03T14:23:59.705153000Z,S1G Beacon,61,34,-52,920,3,1,,,,,,,0,1
2865,2026-07-03T14:24:00.453619000Z,S1G Beacon,61,34,-65,920,3,1,,,,,,,0,0
2866,2026-07-03T14:24:00.526283000Z,S1G Beacon,129,34,-52,920,3,1,,,,,,,0,1
2868,2026-07-03T14:24:01.274640000Z,S1G Beacon,129,34,-63,920,3,1,,,,,,,0,0
2869,2026-07-03T14:24:01.343589000Z,S1G Beacon,61,34,-55,920,3,1,,,,,,,0,1
2871,2026-07-03T14:24:02.092064000Z,S1G Beacon,61,34,-62,920,3,1,,,,,,,0,0
2872,2026-07-03T14:24:02.164621000Z,S1G Beacon,129,34,-53,920,3,1,,,,,,,0,1
2873,2026-07-03T14:24:02.406153000Z,QoS Data,132,34,-12,920,2,8,1,0,0,0,0,0,720,0
2875,2026-07-03T14:24:02.418932000Z,QoS Data,115,34,-31,920,2,8,1,0,1,0,0,0,720,0
2878,2026-07-03T14:24:02.608675000Z,QoS Data,112,34,-12,920,2,8,1,0,0,0,0,0,720,0
2880,2026-07-03T14:24:02.913094000Z,S1G Beacon,129,34,-65,920,3,1,,,,,,,0,0
2881,2026-07-03T14:24:02.982041000Z,S1G Beacon,61,34,-52,920,3,1,,,,,,,0,1
2883,2026-07-03T14:24:03.730504000Z,S1G Beacon,61,34,-62,920,3,1,,,,,,,0,0
2884,2026-07-03T14:24:03.803059000Z,S1G Beacon,129,34,-52,920,3,1,,,,,,,0,1
2886,2026-07-03T14:24:04.551535000Z,S1G Beacon,129,34,-63,920,3,1,,,,,,,0,0
2887,2026-07-03T14:24:04.620475000Z,S1G Beacon,61,34,-53,920,3,1,,,,,,,0,1
2888,2026-07-03T14:24:05.368966000Z,S1G Beacon,61,34,-61,920,3,1,,,,,,,0,0
2889,2026-07-03T14:24:05.441507000Z,S1G Beacon,129,34,-52,920,3,1,,,,,,,0,1
2890,2026-07-03T14:24:06.189999000Z,S1G Beacon,129,34,-61,920,3,1,,,,,,,0,0
2891,2026-07-03T14:24:06.258929000Z,S1G Beacon,61,34,-52,920,3,1,,,,,,,0,1
2893,2026-07-03T14:24:07.007402000Z,S1G Beacon,61,34,-64,920,3,1,,,,,,,0,0
2894,2026-07-03T14:24:07.079953000Z,S1G Beacon,129,34,-54,920,3,1,,,,,,,0,1
2895,2026-07-03T14:24:07.426171000Z,QoS Data,132,34,-12,920,2,8,1,0,0,0,0,0,720,0
2897,2026-07-03T14:24:07.438411000Z,QoS Data,115,34,-29,920,2,8,1,0,1,0,0,0,720,0
2898,2026-07-03T14:24:07.449373000Z,QoS Data,115,34,-25,920,2,8,1,0,1,0,0,0,720,0
2901,2026-07-03T14:24:07.608738000Z,QoS Data,112,34,-12,920,2,8,1,0,0,0,0,0,720,0
2903,2026-07-03T14:24:07.828434000Z,S1G Beacon,129,34,-62,920,3,1,,,,,,,0,0
2904,2026-07-03T14:24:07.897365000Z,S1G Beacon,61,34,-53,920,3,1,,,,,,,0,1
2905,2026-07-03T14:24:08.645862000Z,S1G Beacon,61,34,-64,920,3,1,,,,,,,0,0
2906,2026-07-03T14:24:08.718392000Z,S1G Beacon,129,34,-54,920,3,1,,,,,,,0,1
2907,2026-07-03T14:24:09.466890000Z,S1G Beacon,129,34,-63,920,3,1,,,,,,,0,0
2908,2026-07-03T14:24:09.535812000Z,S1G Beacon,61,34,-53,920,3,1,,,,,,,0,1
2910,2026-07-03T14:24:10.284318000Z,S1G Beacon,61,34,-63,920,3,1,,,,,,,0,0
2911,2026-07-03T14:24:10.356843000Z,S1G Beacon,129,34,-53,920,3,1,,,,,,,0,1
2912,2026-07-03T14:24:11.105338000Z,S1G Beacon,129,34,-63,920,3,1,,,,,,,0,0
2913,2026-07-03T14:24:11.174264000Z,S1G Beacon,61,34,-54,920,3,1,,,,,,,0,1
2914,2026-07-03T14:24:11.922765000Z,S1G Beacon,61,34,-62,920,3,1,,,,,,,0,0
2915,2026-07-03T14:24:11.995307000Z,S1G Beacon,129,34,-54,920,3,1,,,,,,,0,1
2917,2026-07-03T14:24:12.466191000Z,QoS Data,132,34,-11,920,2,8,1,0,0,0,0,0,720,0
2920,2026-07-03T14:24:12.475700000Z,QoS Data,115,34,-28,920,2,8,1,0,0,0,0,0,720,0
2923,2026-07-03T14:24:12.608699000Z,QoS Data,112,34,-12,920,2,8,1,0,0,0,0,0,720,0
2926,2026-07-03T14:24:12.743785000Z,S1G Beacon,129,34,-63,920,3,1,,,,,,,0,0
2927,2026-07-03T14:24:12.812705000Z,S1G Beacon,61,34,-54,920,3,1,,,,,,,0,1
2929,2026-07-03T14:24:13.561224000Z,S1G Beacon,61,34,-63,920,3,1,,,,,,,0,0
2930,2026-07-03T14:24:13.633736000Z,S1G Beacon,129,34,-53,920,3,1,,,,,,,0,1
2931,2026-07-03T14:24:14.382243000Z,S1G Beacon,129,34,-63,920,3,1,,,,,,,0,0
2932,2026-07-03T14:24:14.451150000Z,S1G Beacon,61,34,-54,920,3,1,,,,,,,0,1
2933,2026-07-03T14:24:15.199680000Z,S1G Beacon,61,34,-60,920,3,1,,,,,,,0,0
2934,2026-07-03T14:24:15.272184000Z,S1G Beacon,129,34,-52,920,3,1,,,,,,,0,1
2936,2026-07-03T14:24:16.020697000Z,S1G Beacon,129,34,-63,920,3,1,,,,,,,0,0
2937,2026-07-03T14:24:16.090811000Z,S1G Beacon,61,34,-53,920,3,1,,,,,,,0,1
2940,2026-07-03T14:24:16.838117000Z,S1G Beacon,61,34,-61,920,3,1,,,,,,,0,0
2942,2026-07-03T14:24:16.911821000Z,S1G Beacon,129,34,-53,920,3,1,,,,,,,0,1
2948,2026-07-03T14:24:17.486184000Z,QoS Data,132,34,-14,920,2,8,1,0,0,0,0,0,720,0
2953,2026-07-03T14:24:17.609020000Z,QoS Data,112,34,-13,920,2,8,1,0,0,0,0,0,720,0
2956,2026-07-03T14:24:17.659135000Z,S1G Beacon,129,34,-61,920,3,1,,,,,,,0,0
2957,2026-07-03T14:24:17.728040000Z,S1G Beacon,61,34,-53,920,3,1,,,,,,,0,1
2962,2026-07-03T14:24:18.476561000Z,S1G Beacon,61,34,-60,920,3,1,,,,,,,0,0
2963,2026-07-03T14:24:18.549076000Z,S1G Beacon,129,34,-53,920,3,1,,,,,,,0,1
2965,2026-07-03T14:24:19.366496000Z,S1G Beacon,61,34,-54,920,3,1,,,,,,,0,1
2966,2026-07-03T14:24:20.115009000Z,S1G Beacon,61,34,-59,920,3,1,,,,,,,0,0
2967,2026-07-03T14:24:20.187513000Z,S1G Beacon,129,34,-52,920,3,1,,,,,,,0,1
2968,2026-07-03T14:24:20.936041000Z,S1G Beacon,129,34,-59,920,3,1,,,,,,,0,0
2969,2026-07-03T14:24:21.004935000Z,S1G Beacon,61,34,-53,920,3,1,,,,,,,0,1
2972,2026-07-03T14:24:21.753460000Z,S1G Beacon,61,34,-60,920,3,1,,,,,,,0,0
2973,2026-07-03T14:24:21.825948000Z,S1G Beacon,129,34,-54,920,3,1,,,,,,,0,1
2976,2026-07-03T14:24:22.574478000Z,S1G Beacon,129,34,-60,920,3,1,,,,,,,0,0
2977,2026-07-03T14:24:22.582216000Z,QoS Data,115,34,-61,920,2,8,0,0,1,0,0,0,720,0
2979,2026-07-03T14:24:22.609131000Z,QoS Data,112,34,-15,920,2,8,1,0,0,0,0,0,720,0
2982,2026-07-03T14:24:22.643383000Z,S1G Beacon,61,34,-51,920,3,1,,,,,,,0,1
2985,2026-07-03T14:24:23.391900000Z,S1G Beacon,61,34,-60,920,3,1,,,,,,,0,0
2986,2026-07-03T14:24:23.464400000Z,S1G Beacon,129,34,-52,920,3,1,,,,,,,0,1
2987,2026-07-03T14:24:24.212952000Z,S1G Beacon,129,34,-61,920,3,1,,,,,,,0,0
2988,2026-07-03T14:24:24.281819000Z,S1G Beacon,61,34,-54,920,3,1,,,,,,,0,1
2990,2026-07-03T14:24:25.030357000Z,S1G Beacon,61,34,-61,920,3,1,,,,,,,0,0
2992,2026-07-03T14:24:25.102841000Z,S1G Beacon,129,34,-52,920,3,1,,,,,,,0,1
2994,2026-07-03T14:24:25.851383000Z,S1G Beacon,129,34,-60,920,3,1,,,,,,,0,0
2995,2026-07-03T14:24:25.920274000Z,S1G Beacon,61,34,-52,920,3,1,,,,,,,0,1
2996,2026-07-03T14:24:26.668803000Z,S1G Beacon,61,34,-60,920,3,1,,,,,,,0,0
2997,2026-07-03T14:24:26.741297000Z,S1G Beacon,129,34,-52,920,3,1,,,,,,,0,1
2998,2026-07-03T14:24:27.489844000Z,S1G Beacon,129,34,-62,920,3,1,,,,,,,0,0
2999,2026-07-03T14:24:27.558715000Z,S1G Beacon,61,34,-52,920,3,1,,,,,,,0,1
3000,2026-07-03T14:24:27.596676000Z,QoS Data,132,34,-15,920,2,8,1,0,0,0,0,0,720,0
3003,2026-07-03T14:24:27.608281000Z,QoS Data,115,34,-62,920,2,8,0,0,0,0,0,0,720,0
3005,2026-07-03T14:24:27.859059000Z,QoS Data,112,34,-13,920,2,8,1,0,0,0,0,0,720,0
3008,2026-07-03T14:24:28.307245000Z,S1G Beacon,61,34,-60,920,3,1,,,,,,,0,0
3009,2026-07-03T14:24:28.379739000Z,S1G Beacon,129,34,-52,920,3,1,,,,,,,0,1
3010,2026-07-03T14:24:29.128284000Z,S1G Beacon,129,34,-61,920,3,1,,,,,,,0,0
3012,2026-07-03T14:24:29.197150000Z,S1G Beacon,61,34,-51,920,3,1,,,,,,,0,1
3013,2026-07-03T14:24:29.945713000Z,S1G Beacon,61,34,-60,920,3,1,,,,,,,0,0
3014,2026-07-03T14:24:30.018182000Z,S1G Beacon,129,34,-53,920,3,1,,,,,,,0,1
3015,2026-07-03T14:24:30.766750000Z,S1G Beacon,129,34,-61,920,3,1,,,,,,,0,0
3016,2026-07-03T14:24:30.841587000Z,S1G Beacon,61,34,-54,920,3,1,,,,,,,0,1
3018,2026-07-03T14:24:31.656624000Z,S1G Beacon,129,34,-53,920,3,1,,,,,,,0,1
3019,2026-07-03T14:24:32.405198000Z,S1G Beacon,129,34,-61,920,3,1,,,,,,,0,0
3020,2026-07-03T14:24:32.474044000Z,S1G Beacon,61,34,-52,920,3,1,,,,,,,0,1
3021,2026-07-03T14:24:32.616731000Z,QoS Data,132,34,-13,920,2,8,1,0,0,0,0,0,720,0
3023,2026-07-03T14:24:32.628849000Z,QoS Data,115,34,-30,920,2,8,1,0,1,0,0,0,720,0
3025,2026-07-03T14:24:32.631632000Z,QoS Data,115,34,-62,920,2,8,0,0,0,0,0,0,720,0
3027,2026-07-03T14:24:32.858993000Z,QoS Data,112,34,-13,920,2,8,1,0,0,0,0,0,720,0
3029,2026-07-03T14:24:33.222612000Z,S1G Beacon,61,34,-61,920,3,1,,,,,,,0,0
3030,2026-07-03T14:24:33.295072000Z,S1G Beacon,129,34,-52,920,3,1,,,,,,,0,1
3031,2026-07-03T14:24:34.043629000Z,S1G Beacon,129,34,-62,920,3,1,,,,,,,0,0
3032,2026-07-03T14:24:34.112497000Z,S1G Beacon,61,34,-52,920,3,1,,,,,,,0,1
3033,2026-07-03T14:24:34.861049000Z,S1G Beacon,61,34,-62,920,3,1,,,,,,,0,0
3034,2026-07-03T14:24:34.933934000Z,S1G Beacon,129,34,-54,920,3,1,,,,,,,0,1
3035,2026-07-03T14:24:35.682090000Z,S1G Beacon,129,34,-60,920,3,1,,,,,,,0,0
3036,2026-07-03T14:24:35.750934000Z,S1G Beacon,61,34,-52,920,3,1,,,,,,,0,1
3038,2026-07-03T14:24:36.499513000Z,S1G Beacon,61,34,-59,920,3,1,,,,,,,0,0
3039,2026-07-03T14:24:36.571998000Z,S1G Beacon,129,34,-52,920,3,1,,,,,,,0,1
3041,2026-07-03T14:24:37.320533000Z,S1G Beacon,129,34,-60,920,3,1,,,,,,,0,0
3042,2026-07-03T14:24:37.389383000Z,S1G Beacon,61,34,-52,920,3,1,,,,,,,0,1
3043,2026-07-03T14:24:37.646625000Z,QoS Data,132,34,-13,920,2,8,1,0,0,0,0,0,720,0
3046,2026-07-03T14:24:37.658108000Z,QoS Data,115,34,-63,920,2,8,0,0,0,0,0,0,720,0
3053,2026-07-03T14:24:38.137942000Z,S1G Beacon,61,34,-59,920,3,1,,,,,,,0,0
3054,2026-07-03T14:24:38.210408000Z,S1G Beacon,129,34,-51,920,3,1,,,,,,,0,1
3062,2026-07-03T14:24:38.958970000Z,S1G Beacon,129,34,-62,920,3,1,,,,,,,0,0
3063,2026-07-03T14:24:39.027826000Z,S1G Beacon,61,34,-52,920,3,1,,,,,,,0,1
3065,2026-07-03T14:24:39.776403000Z,S1G Beacon,61,34,-60,920,3,1,,,,,,,0,0
3066,2026-07-03T14:24:39.848846000Z,S1G Beacon,129,34,-52,920,3,1,,,,,,,0,1
3068,2026-07-03T14:24:40.597428000Z,S1G Beacon,129,34,-59,920,3,1,,,,,,,0,0
3069,2026-07-03T14:24:40.666268000Z,S1G Beacon,61,34,-52,920,3,1,,,,,,,0,1
3070,2026-07-03T14:24:41.414845000Z,S1G Beacon,61,34,-61,920,3,1,,,,,,,0,0
3071,2026-07-03T14:24:41.487292000Z,S1G Beacon,129,34,-53,920,3,1,,,,,,,0,1
3072,2026-07-03T14:24:42.235884000Z,S1G Beacon,129,34,-60,920,3,1,,,,,,,0,0
3073,2026-07-03T14:24:42.304712000Z,S1G Beacon,61,34,-54,920,3,1,,,,,,,0,1
3074,2026-07-03T14:24:42.666646000Z,QoS Data,132,34,-11,920,2,8,1,0,0,0,0,0,720,0
3077,2026-07-03T14:24:42.675497000Z,QoS Data,115,34,-27,920,2,8,1,0,0,0,0,0,720,0
3079,2026-07-03T14:24:42.678435000Z,QoS Data,115,34,-61,920,2,8,0,0,0,0,0,0,720,0
3081,2026-07-03T14:24:42.859015000Z,QoS Data,112,34,-13,920,2,8,1,0,0,0,0,0,720,0
3083,2026-07-03T14:24:43.053290000Z,S1G Beacon,61,34,-62,920,3,1,,,,,,,0,0
3084,2026-07-03T14:24:43.125739000Z,S1G Beacon,129,34,-52,920,3,1,,,,,,,0,1
3086,2026-07-03T14:24:43.874321000Z,S1G Beacon,129,34,-60,920,3,1,,,,,,,0,0
3087,2026-07-03T14:24:43.943161000Z,S1G Beacon,61,34,-51,920,3,1,,,,,,,0,1
3088,2026-07-03T14:24:44.691747000Z,S1G Beacon,61,34,-61,920,3,1,,,,,,,0,0
3089,2026-07-03T14:24:44.764185000Z,S1G Beacon,129,34,-53,920,3,1,,,,,,,0,1
3090,2026-07-03T14:24:45.512779000Z,S1G Beacon,129,34,-62,920,3,1,,,,,,,0,0
3091,2026-07-03T14:24:45.581599000Z,S1G Beacon,61,34,-54,920,3,1,,,,,,,0,1
3093,2026-07-03T14:24:46.330210000Z,S1G Beacon,61,34,-60,920,3,1,,,,,,,0,0
3094,2026-07-03T14:24:46.402651000Z,S1G Beacon,129,34,-52,920,3,1,,,,,,,0,1
3095,2026-07-03T14:24:47.151238000Z,S1G Beacon,129,34,-61,920,3,1,,,,,,,0,0
3096,2026-07-03T14:24:47.220056000Z,S1G Beacon,61,34,-52,920,3,1,,,,,,,0,1
3097,2026-07-03T14:24:47.686657000Z,QoS Data,132,34,-12,920,2,8,1,0,0,0,0,0,720,0
3100,2026-07-03T14:24:47.698697000Z,QoS Data,115,34,-28,920,2,8,1,0,0,0,0,0,720,0
3103,2026-07-03T14:24:47.859065000Z,QoS Data,112,34,-12,920,2,8,1,0,0,0,0,0,720,0
3106,2026-07-03T14:24:47.968645000Z,S1G Beacon,61,34,-60,920,3,1,,,,,,,0,0
3107,2026-07-03T14:24:48.041080000Z,S1G Beacon,129,34,-53,920,3,1,,,,,,,0,1
3108,2026-07-03T14:24:48.789688000Z,S1G Beacon,129,34,-59,920,3,1,,,,,,,0,0
3109,2026-07-03T14:24:48.858496000Z,S1G Beacon,61,34,-53,920,3,1,,,,,,,0,1
3111,2026-07-03T14:24:49.607095000Z,S1G Beacon,61,34,-60,920,3,1,,,,,,,0,0
3112,2026-07-03T14:24:49.679523000Z,S1G Beacon,129,34,-52,920,3,1,,,,,,,0,1
3113,2026-07-03T14:24:50.428122000Z,S1G Beacon,129,34,-60,920,3,1,,,,,,,0,0
3115,2026-07-03T14:24:50.496943000Z,S1G Beacon,61,34,-53,920,3,1,,,,,,,0,1
3116,2026-07-03T14:24:51.245553000Z,S1G Beacon,61,34,-60,920,3,1,,,,,,,0,0
3117,2026-07-03T14:24:51.317962000Z,S1G Beacon,129,34,-53,920,3,1,,,,,,,0,1
3118,2026-07-03T14:24:52.066579000Z,S1G Beacon,129,34,-61,920,3,1,,,,,,,0,0
3120,2026-07-03T14:24:52.706636000Z,QoS Data,132,34,-11,920,2,8,1,0,0,0,0,0,720,0
3122,2026-07-03T14:24:52.719690000Z,QoS Data,115,34,-28,920,2,8,1,0,1,0,0,0,720,0
3125,2026-07-03T14:24:52.859071000Z,QoS Data,112,34,-11,920,2,8,1,0,0,0,0,0,720,0
3128,2026-07-03T14:24:52.883990000Z,S1G Beacon,61,34,-61,920,3,1,,,,,,,0,0
3129,2026-07-03T14:24:53.705028000Z,S1G Beacon,129,34,-61,920,3,1,,,,,,,0,0
3130,2026-07-03T14:24:53.773830000Z,S1G Beacon,61,34,-52,920,3,1,,,,,,,0,1
3133,2026-07-03T14:24:54.522447000Z,S1G Beacon,61,34,-62,920,3,1,,,,,,,0,0
3134,2026-07-03T14:24:54.594855000Z,S1G Beacon,129,34,-52,920,3,1,,,,,,,0,1
3136,2026-07-03T14:24:55.412280000Z,S1G Beacon,61,34,-54,920,3,1,,,,,,,0,1
3137,2026-07-03T14:24:56.160901000Z,S1G Beacon,61,34,-65,920,3,1,,,,,,,0,0
3138,2026-07-03T14:24:56.233304000Z,S1G Beacon,129,34,-53,920,3,1,,,,,,,0,1
3140,2026-07-03T14:24:56.981929000Z,S1G Beacon,129,34,-64,920,3,1,,,,,,,0,0
3141,2026-07-03T14:24:57.050736000Z,S1G Beacon,61,34,-54,920,3,1,,,,,,,0,1
3142,2026-07-03T14:24:57.736631000Z,QoS Data,132,34,-10,920,2,8,1,0,0,0,0,0,720,0
3147,2026-07-03T14:24:57.799337000Z,S1G Beacon,61,34,-65,920,3,1,,,,,,,0,0
3148,2026-07-03T14:24:57.859092000Z,QoS Data,112,34,-12,920,2,8,1,0,0,0,0,0,720,0
3152,2026-07-03T14:24:58.620372000Z,S1G Beacon,129,34,-65,920,3,1,,,,,,,0,0
3153,2026-07-03T14:24:58.689167000Z,S1G Beacon,61,34,-53,920,3,1,,,,,,,0,1
3162,2026-07-03T14:24:59.437788000Z,S1G Beacon,61,34,-66,920,3,1,,,,,,,0,0
3163,2026-07-03T14:24:59.510200000Z,S1G Beacon,129,34,-53,920,3,1,,,,,,,0,1
3168,2026-07-03T14:25:00.258829000Z,S1G Beacon,129,34,-62,920,3,1,,,,,,,0,0
3169,2026-07-03T14:25:00.327612000Z,S1G Beacon,61,34,-54,920,3,1,,,,,,,0,1
3170,2026-07-03T14:25:01.076246000Z,S1G Beacon,61,34,-63,920,3,1,,,,,,,0,0
3171,2026-07-03T14:25:01.148644000Z,S1G Beacon,129,34,-53,920,3,1,,,,,,,0,1
3174,2026-07-03T14:25:01.897268000Z,S1G Beacon,129,34,-62,920,3,1,,,,,,,0,0
3175,2026-07-03T14:25:01.966058000Z,S1G Beacon,61,34,-52,920,3,1,,,,,,,0,1
3176,2026-07-03T14:25:02.714695000Z,S1G Beacon,61,34,-63,920,3,1,,,,,,,0,0
3180,2026-07-03T14:25:02.787082000Z,S1G Beacon,129,34,-53,920,3,1,,,,,,,0,1
3181,2026-07-03T14:25:02.858678000Z,QoS Data,112,34,-11,920,2,8,1,0,0,0,0,0,720,0
3183,2026-07-03T14:25:03.535725000Z,S1G Beacon,129,34,-63,920,3,1,,,,,,,0,0
3184,2026-07-03T14:25:03.604501000Z,S1G Beacon,61,34,-52,920,3,1,,,,,,,0,1
3186,2026-07-03T14:25:04.353145000Z,S1G Beacon,61,34,-62,920,3,1,,,,,,,0,0
3188,2026-07-03T14:25:04.425529000Z,S1G Beacon,129,34,-52,920,3,1,,,,,,,0,1
3189,2026-07-03T14:25:05.242952000Z,S1G Beacon,61,34,-53,920,3,1,,,,,,,0,1
3190,2026-07-03T14:25:05.991594000Z,S1G Beacon,61,34,-63,920,3,1,,,,,,,0,0
3191,2026-07-03T14:25:06.063976000Z,S1G Beacon,129,34,-52,920,3,1,,,,,,,0,1
3193,2026-07-03T14:25:06.812621000Z,S1G Beacon,129,34,-62,920,3,1,,,,,,,0,0
3194,2026-07-03T14:25:06.881396000Z,S1G Beacon,61,34,-52,920,3,1,,,,,,,0,1
3196,2026-07-03T14:25:07.630040000Z,S1G Beacon,61,34,-63,920,3,1,,,,,,,0,0
3197,2026-07-03T14:25:07.791174000Z,QoS Data,132,34,-13,920,2,8,1,0,0,0,0,0,720,0
3201,2026-07-03T14:25:07.858654000Z,QoS Data,112,34,-12,920,2,8,1,0,0,0,0,0,720,0
3203,2026-07-03T14:25:08.451078000Z,S1G Beacon,129,34,-62,920,3,1,,,,,,,0,0
3204,2026-07-03T14:25:08.519840000Z,S1G Beacon,61,34,-53,920,3,1,,,,,,,0,1
3206,2026-07-03T14:25:09.268485000Z,S1G Beacon,61,34,-65,920,3,1,,,,,,,0,0
3207,2026-07-03T14:25:09.340882000Z,S1G Beacon,129,34,-52,920,3,1,,,,,,,0,1
3208,2026-07-03T14:25:10.089519000Z,S1G Beacon,129,34,-63,920,3,1,,,,,,,0,0
3209,2026-07-03T14:25:10.158283000Z,S1G Beacon,61,34,-52,920,3,1,,,,,,,0,1
3211,2026-07-03T14:25:10.906943000Z,S1G Beacon,61,34,-64,920,3,1,,,,,,,0,0
3212,2026-07-03T14:25:10.979308000Z,S1G Beacon,129,34,-51,920,3,1,,,,,,,0,1
3213,2026-07-03T14:25:11.727973000Z,S1G Beacon,129,34,-64,920,3,1,,,,,,,0,0
3214,2026-07-03T14:25:11.796732000Z,S1G Beacon,61,34,-53,920,3,1,,,,,,,0,1
3215,2026-07-03T14:25:12.545390000Z,S1G Beacon,61,34,-63,920,3,1,,,,,,,0,0
3216,2026-07-03T14:25:12.617760000Z,S1G Beacon,129,34,-52,920,3,1,,,,,,,0,1
3217,2026-07-03T14:25:12.816236000Z,QoS Data,132,34,-14,920,2,8,1,0,0,0,0,0,720,0
3221,2026-07-03T14:25:12.861292000Z,QoS Data,112,34,-14,920,2,8,1,0,0,0,0,0,720,0
3224,2026-07-03T14:25:13.366417000Z,S1G Beacon,129,34,-65,920,3,1,,,,,,,0,0
3225,2026-07-03T14:25:13.435181000Z,S1G Beacon,61,34,-52,920,3,1,,,,,,,0,1
3227,2026-07-03T14:25:14.183837000Z,S1G Beacon,61,34,-62,920,3,1,,,,,,,0,0
3228,2026-07-03T14:25:14.256202000Z,S1G Beacon,129,34,-53,920,3,1,,,,,,,0,1
3229,2026-07-03T14:25:15.004866000Z,S1G Beacon,129,34,-63,920,3,1,,,,,,,0,0
3230,2026-07-03T14:25:15.073618000Z,S1G Beacon,61,34,-52,920,3,1,,,,,,,0,1
3231,2026-07-03T14:25:15.822296000Z,S1G Beacon,61,34,-63,920,3,1,,,,,,,0,0
3232,2026-07-03T14:25:15.894641000Z,S1G Beacon,129,34,-52,920,3,1,,,,,,,0,1
3234,2026-07-03T14:25:16.643333000Z,S1G Beacon,129,34,-63,920,3,1,,,,,,,0,0
3235,2026-07-03T14:25:16.712093000Z,S1G Beacon,61,34,-52,920,3,1,,,,,,,0,1
3236,2026-07-03T14:25:17.460762000Z,S1G Beacon,61,34,-63,920,3,1,,,,,,,0,0
3237,2026-07-03T14:25:17.533098000Z,S1G Beacon,129,34,-51,920,3,1,,,,,,,0,1
3239,2026-07-03T14:25:17.859087000Z,QoS Data,115,34,-27,920,2,8,1,0,0,0,0,0,720,0
3242,2026-07-03T14:25:18.108600000Z,QoS Data,112,34,-14,920,2,8,1,0,0,0,0,0,720,0
3244,2026-07-03T14:25:18.281797000Z,S1G Beacon,129,34,-63,920,3,1,,,,,,,0,0
3245,2026-07-03T14:25:18.350521000Z,S1G Beacon,61,34,-53,920,3,1,,,,,,,0,1
3246,2026-07-03T14:25:19.099197000Z,S1G Beacon,61,34,-62,920,3,1,,,,,,,0,0
3247,2026-07-03T14:25:19.171539000Z,S1G Beacon,129,34,-51,920,3,1,,,,,,,0,1
3251,2026-07-03T14:25:19.920212000Z,S1G Beacon,129,34,-61,920,3,1,,,,,,,0,0
3252,2026-07-03T14:25:19.988961000Z,S1G Beacon,61,34,-52,920,3,1,,,,,,,0,1
3260,2026-07-03T14:25:20.737640000Z,S1G Beacon,61,34,-62,920,3,1,,,,,,,0,0
3265,2026-07-03T14:25:21.558663000Z,S1G Beacon,129,34,-64,920,3,1,,,,,,,0,0
3266,2026-07-03T14:25:21.627403000Z,S1G Beacon,61,34,-53,920,3,1,,,,,,,0,1
3267,2026-07-03T14:25:22.376094000Z,S1G Beacon,61,34,-63,920,3,1,,,,,,,0,0
3268,2026-07-03T14:25:22.448427000Z,S1G Beacon,129,34,-53,920,3,1,,,,,,,0,1
3270,2026-07-03T14:25:22.879506000Z,QoS Data,132,34,-13,920,2,8,1,0,1,0,0,0,720,0
3273,2026-07-03T14:25:22.889031000Z,QoS Data,115,34,-28,920,2,8,1,0,0,0,0,0,720,0
3276,2026-07-03T14:25:23.112515000Z,RTS,54,34,-14,920,1,11,,,,0,0,0,2668,0
3279,2026-07-03T14:25:23.197113000Z,S1G Beacon,129,34,-63,920,3,1,,,,,,,0,0
3280,2026-07-03T14:25:23.265846000Z,S1G Beacon,61,34,-53,920,3,1,,,,,,,0,1
3281,2026-07-03T14:25:24.014547000Z,S1G Beacon,61,34,-65,920,3,1,,,,,,,0,0
3282,2026-07-03T14:25:24.086869000Z,S1G Beacon,129,34,-54,920,3,1,,,,,,,0,1
3283,2026-07-03T14:25:24.835568000Z,S1G Beacon,129,34,-62,920,3,1,,,,,,,0,0
3284,2026-07-03T14:25:24.904291000Z,S1G Beacon,61,34,-51,920,3,1,,,,,,,0,1
3287,2026-07-03T14:25:25.725317000Z,S1G Beacon,129,34,-53,920,3,1,,,,,,,0,1
3290,2026-07-03T14:25:26.474013000Z,S1G Beacon,129,34,-62,920,3,1,,,,,,,0,0
3291,2026-07-03T14:25:26.542735000Z,S1G Beacon,61,34,-54,920,3,1,,,,,,,0,1
3292,2026-07-03T14:25:27.291447000Z,S1G Beacon,61,34,-62,920,3,1,,,,,,,0,0
3293,2026-07-03T14:25:27.363779000Z,S1G Beacon,129,34,-53,920,3,1,,,,,,,0,1
3294,2026-07-03T14:25:27.915775000Z,RTS,54,34,-13,920,1,11,,,,0,0,0,2992,0
3296,2026-07-03T14:25:27.918042000Z,QoS Data,132,34,-12,920,2,8,1,0,1,0,0,0,720,0
3299,2026-07-03T14:25:27.935113000Z,QoS Data,115,34,-20,920,2,8,1,0,0,0,0,0,720,0
3301,2026-07-03T14:25:27.940222000Z,QoS Data,132,34,-63,920,2,8,0,0,1,0,0,0,720,0
3304,2026-07-03T14:25:28.112464000Z,S1G Beacon,129,34,-61,920,3,1,,,,,,,0,0
3305,2026-07-03T14:25:28.120738000Z,RTS,54,34,-15,920,1,11,,,,0,0,0,2812,0
3307,2026-07-03T14:25:28.122817000Z,QoS Data,112,34,-15,920,2,8,1,0,1,0,0,0,720,0
3310,2026-07-03T14:25:28.181205000Z,S1G Beacon,61,34,-51,920,3,1,,,,,,,0,1
3312,2026-07-03T14:25:28.929880000Z,S1G Beacon,61,34,-63,920,3,1,,,,,,,0,0
3313,2026-07-03T14:25:29.002212000Z,S1G Beacon,129,34,-52,920,3,1,,,,,,,0,1
3314,2026-07-03T14:25:29.750927000Z,S1G Beacon,129,34,-63,920,3,1,,,,,,,0,0
3315,2026-07-03T14:25:29.819626000Z,S1G Beacon,61,34,-52,920,3,1,,,,,,,0,1
3316,2026-07-03T14:25:30.568360000Z,S1G Beacon,61,34,-65,920,3,1,,,,,,,0,0
3317,2026-07-03T14:25:30.640677000Z,S1G Beacon,129,34,-51,920,3,1,,,,,,,0,1
3318,2026-07-03T14:25:31.389365000Z,S1G Beacon,129,34,-65,920,3,1,,,,,,,0,0
3319,2026-07-03T14:25:31.458075000Z,S1G Beacon,61,34,-51,920,3,1,,,,,,,0,1
3321,2026-07-03T14:25:32.279107000Z,S1G Beacon,129,34,-51,920,3,1,,,,,,,0,1
3322,2026-07-03T14:25:32.956583000Z,QoS Data,132,34,-11,920,2,8,1,0,0,0,0,0,720,0
3325,2026-07-03T14:25:32.967137000Z,QoS Data,115,34,-30,920,2,8,1,0,0,0,0,0,720,0
3328,2026-07-03T14:25:33.027806000Z,S1G Beacon,129,34,-65,920,3,1,,,,,,,0,0
3329,2026-07-03T14:25:33.096520000Z,S1G Beacon,61,34,-51,920,3,1,,,,,,,0,1
3330,2026-07-03T14:25:33.109080000Z,QoS Data,112,34,-11,920,2,8,1,0,0,0,0,0,720,0
3332,2026-07-03T14:25:33.845241000Z,S1G Beacon,61,34,-68,920,3,1,,,,,,,0,0
3333,2026-07-03T14:25:33.917541000Z,S1G Beacon,129,34,-50,920,3,1,,,,,,,0,1
3335,2026-07-03T14:25:34.666262000Z,S1G Beacon,129,34,-66,920,3,1,,,,,,,0,0
3336,2026-07-03T14:25:34.734961000Z,S1G Beacon,61,34,-53,920,3,1,,,,,,,0,1
3337,2026-07-03T14:25:35.483682000Z,S1G Beacon,61,34,-66,920,3,1,,,,,,,0,0
3338,2026-07-03T14:25:35.555991000Z,S1G Beacon,129,34,-52,920,3,1,,,,,,,0,1
3339,2026-07-03T14:25:36.304713000Z,S1G Beacon,129,34,-65,920,3,1,,,,,,,0,0
3340,2026-07-03T14:25:36.373595000Z,S1G Beacon,61,34,-51,920,3,1,,,,,,,0,1
3341,2026-07-03T14:25:37.122142000Z,S1G Beacon,61,34,-67,920,3,1,,,,,,,0,0
3342,2026-07-03T14:25:37.194434000Z,S1G Beacon,129,34,-51,920,3,1,,,,,,,0,1
3344,2026-07-03T14:25:37.943157000Z,S1G Beacon,129,34,-66,920,3,1,,,,,,,0,0
3345,2026-07-03T14:25:37.976704000Z,QoS Data,132,34,-10,920,2,8,1,0,0,0,0,0,720,0
3348,2026-07-03T14:25:37.986213000Z,QoS Data,115,34,-30,920,2,8,1,0,0,0,0,0,720,0
3349,2026-07-03T14:25:37.990002000Z,QoS Data,115,34,-30,920,2,8,1,0,1,0,0,0,720,0
3350,2026-07-03T14:25:37.992944000Z,RTS,54,34,-28,920,1,11,,,,0,0,0,2416,0
3352,2026-07-03T14:25:37.994637000Z,QoS Data,115,34,-29,920,2,8,1,0,1,0,0,0,720,0
3355,2026-07-03T14:25:38.011860000Z,S1G Beacon,61,34,-51,920,3,1,,,,,,,0,1
3356,2026-07-03T14:25:38.109074000Z,QoS Data,112,34,-10,920,2,8,1,0,0,0,0,0,720,0
3358,2026-07-03T14:25:38.111731000Z,QoS Data,112,34,-67,920,2,8,0,0,0,0,0,0,720,0
3359,2026-07-03T14:25:38.760589000Z,S1G Beacon,61,34,-64,920,3,1,,,,,,,0,0
3360,2026-07-03T14:25:38.832886000Z,S1G Beacon,129,34,-51,920,3,1,,,,,,,0,1
3361,2026-07-03T14:25:39.581616000Z,S1G Beacon,129,34,-63,920,3,1,,,,,,,0,0
3362,2026-07-03T14:25:39.650299000Z,S1G Beacon,61,34,-53,920,3,1,,,,,,,0,1
3364,2026-07-03T14:25:40.399028000Z,S1G Beacon,61,34,-64,920,3,1,,,,,,,0,0
3365,2026-07-03T14:25:40.471330000Z,S1G Beacon,129,34,-51,920,3,1,,,,,,,0,1
3371,2026-07-03T14:25:41.220056000Z,S1G Beacon,129,34,-65,920,3,1,,,,,,,0,0
3373,2026-07-03T14:25:41.288758000Z,S1G Beacon,61,34,-51,920,3,1,,,,,,,0,1
3380,2026-07-03T14:25:42.037486000Z,S1G Beacon,61,34,-66,920,3,1,,,,,,,0,0
3381,2026-07-03T14:25:42.109766000Z,S1G Beacon,129,34,-51,920,3,1,,,,,,,0,1
3382,2026-07-03T14:25:42.858518000Z,S1G Beacon,129,34,-67,920,3,1,,,,,,,0,0
3383,2026-07-03T14:25:42.927190000Z,S1G Beacon,61,34,-52,920,3,1,,,,,,,0,1
3384,2026-07-03T14:25:43.006594000Z,QoS Data,132,34,-10,920,2,8,1,0,0,0,0,0,720,0
3386,2026-07-03T14:25:43.016312000Z,QoS Data,115,34,-27,920,2,8,1,0,0,0,0,0,720,0
3390,2026-07-03T14:25:43.675934000Z,S1G Beacon,61,34,-65,920,3,1,,,,,,,0,0
3392,2026-07-03T14:25:43.748209000Z,S1G Beacon,129,34,-50,920,3,1,,,,,,,0,1
3393,2026-07-03T14:25:44.496966000Z,S1G Beacon,129,34,-64,920,3,1,,,,,,,0,0
3395,2026-07-03T14:25:44.565636000Z,S1G Beacon,61,34,-51,920,3,1,,,,,,,0,1
3396,2026-07-03T14:25:45.314388000Z,S1G Beacon,61,34,-65,920,3,1,,,,,,,0,0
3397,2026-07-03T14:25:45.386660000Z,S1G Beacon,129,34,-51,920,3,1,,,,,,,0,1
3398,2026-07-03T14:25:46.135444000Z,S1G Beacon,129,34,-66,920,3,1,,,,,,,0,0
3400,2026-07-03T14:25:46.204090000Z,S1G Beacon,61,34,-51,920,3,1,,,,,,,0,1
3402,2026-07-03T14:25:46.952836000Z,S1G Beacon,61,34,-65,920,3,1,,,,,,,0,0
3403,2026-07-03T14:25:47.025106000Z,S1G Beacon,129,34,-50,920,3,1,,,,,,,0,1
3404,2026-07-03T14:25:47.773888000Z,S1G Beacon,129,34,-63,920,3,1,,,,,,,0,0
3405,2026-07-03T14:25:47.842525000Z,S1G Beacon,61,34,-54,920,3,1,,,,,,,0,1
3406,2026-07-03T14:25:48.026635000Z,QoS Data,132,34,-11,920,2,8,1,0,0,0,0,0,720,0
3409,2026-07-03T14:25:48.036996000Z,QoS Data,115,34,-17,920,2,8,1,0,0,0,0,0,720,0
3412,2026-07-03T14:25:48.109127000Z,QoS Data,112,34,-11,920,2,8,1,0,0,0,0,0,720,0
3414,2026-07-03T14:25:48.111577000Z,QoS Data,112,34,-67,920,2,8,0,0,0,0,0,0,720,0
3416,2026-07-03T14:25:48.591285000Z,S1G Beacon,61,34,-63,920,3,1,,,,,,,0,0
3417,2026-07-03T14:25:48.663556000Z,S1G Beacon,129,34,-54,920,3,1,,,,,,,0,1
3418,2026-07-03T14:25:49.412322000Z,S1G Beacon,129,34,-63,920,3,1,,,,,,,0,0
3419,2026-07-03T14:25:49.480970000Z,S1G Beacon,61,34,-53,920,3,1,,,,,,,0,1
3421,2026-07-03T14:25:50.229728000Z,S1G Beacon,61,34,-63,920,3,1,,,,,,,0,0
3422,2026-07-03T14:25:50.301991000Z,S1G Beacon,129,34,-53,920,3,1,,,,,,,0,1
3423,2026-07-03T14:25:51.050762000Z,S1G Beacon,129,34,-63,920,3,1,,,,,,,0,0
3424,2026-07-03T14:25:51.119413000Z,S1G Beacon,61,34,-54,920,3,1,,,,,,,0,1
3425,2026-07-03T14:25:51.868181000Z,S1G Beacon,61,34,-63,920,3,1,,,,,,,0,0
3426,2026-07-03T14:25:51.940447000Z,S1G Beacon,129,34,-52,920,3,1,,,,,,,0,1
3427,2026-07-03T14:25:52.689206000Z,S1G Beacon,129,34,-63,920,3,1,,,,,,,0,0
3428,2026-07-03T14:25:52.757862000Z,S1G Beacon,61,34,-52,920,3,1,,,,,,,0,1
3430,2026-07-03T14:25:53.046637000Z,QoS Data,132,34,-13,920,2,8,1,0,0,0,0,0,720,0
3433,2026-07-03T14:25:53.056325000Z,QoS Data,115,34,-19,920,2,8,1,0,0,0,0,0,720,0
3434,2026-07-03T14:25:53.059385000Z,QoS Data,115,34,-18,920,2,8,1,0,1,0,0,0,720,0
3437,2026-07-03T14:25:53.109181000Z,QoS Data,112,34,-12,920,2,8,1,0,0,0,0,0,720,0
3440,2026-07-03T14:25:53.506627000Z,S1G Beacon,61,34,-64,920,3,1,,,,,,,0,0
3441,2026-07-03T14:25:53.582846000Z,S1G Beacon,129,34,-52,920,3,1,,,,,,,0,1
3442,2026-07-03T14:25:54.327669000Z,S1G Beacon,129,34,-63,920,3,1,,,,,,,0,0
3443,2026-07-03T14:25:54.396306000Z,S1G Beacon,61,34,-52,920,3,1,,,,,,,0,1
3444,2026-07-03T14:25:55.145079000Z,S1G Beacon,61,34,-63,920,3,1,,,,,,,0,0
3445,2026-07-03T14:25:55.217346000Z,S1G Beacon,129,34,-51,920,3,1,,,,,,,0,1
3448,2026-07-03T14:25:55.966100000Z,S1G Beacon,129,34,-63,920,3,1,,,,,,,0,0
3449,2026-07-03T14:25:56.034751000Z,S1G Beacon,61,34,-51,920,3,1,,,,,,,0,1
3451,2026-07-03T14:25:56.783524000Z,S1G Beacon,61,34,-65,920,3,1,,,,,,,0,0
3452,2026-07-03T14:25:56.855775000Z,S1G Beacon,129,34,-52,920,3,1,,,,,,,0,1
3453,2026-07-03T14:25:57.604568000Z,S1G Beacon,129,34,-65,920,3,1,,,,,,,0,0
3454,2026-07-03T14:25:57.673198000Z,S1G Beacon,61,34,-51,920,3,1,,,,,,,0,1
3455,2026-07-03T14:25:58.076649000Z,QoS Data,132,34,-11,920,2,8,1,0,0,0,0,0,720,0
3458,2026-07-03T14:25:58.086544000Z,QoS Data,115,34,-18,920,2,8,1,0,0,0,0,0,720,0
3461,2026-07-03T14:25:58.111878000Z,RTS,54,34,-11,920,1,11,,,,0,0,0,2812,0
3463,2026-07-03T14:25:58.113967000Z,QoS Data,112,34,-13,920,2,8,1,0,1,0,0,0,720,0
3466,2026-07-03T14:25:58.421989000Z,S1G Beacon,61,34,-64,920,3,1,,,,,,,0,0
3467,2026-07-03T14:25:58.494225000Z,S1G Beacon,129,34,-53,920,3,1,,,,,,,0,1
3469,2026-07-03T14:25:59.243017000Z,S1G Beacon,129,34,-64,920,3,1,,,,,,,0,0
3470,2026-07-03T14:25:59.311647000Z,S1G Beacon,61,34,-52,920,3,1,,,,,,,0,1
3471,2026-07-03T14:26:00.060431000Z,S1G Beacon,61,34,-65,920,3,1,,,,,,,0,0
3472,2026-07-03T14:26:00.132667000Z,S1G Beacon,129,34,-52,920,3,1,,,,,,,0,1
3474,2026-07-03T14:26:00.881451000Z,S1G Beacon,129,34,-64,920,3,1,,,,,,,0,0
3475,2026-07-03T14:26:00.950087000Z,S1G Beacon,61,34,-51,920,3,1,,,,,,,0,1
3476,2026-07-03T14:26:01.698879000Z,S1G Beacon,61,34,-66,920,3,1,,,,,,,0,0
3477,2026-07-03T14:26:01.771321000Z,S1G Beacon,129,34,-52,920,3,1,,,,,,,0,1
3487,2026-07-03T14:26:02.519911000Z,S1G Beacon,129,34,-64,920,3,1,,,,,,,0,0
3489,2026-07-03T14:26:02.588534000Z,S1G Beacon,61,34,-52,920,3,1,,,,,,,0,1
3494,2026-07-03T14:26:03.106729000Z,QoS Data,132,34,-12,920,2,8,1,0,0,0,0,0,720,0
3497,2026-07-03T14:26:03.121212000Z,QoS Data,115,34,-22,920,2,8,1,0,0,0,0,0,720,0
3500,2026-07-03T14:26:03.337328000Z,S1G Beacon,61,34,-65,920,3,1,,,,,,,0,0
3501,2026-07-03T14:26:03.359107000Z,QoS Data,112,34,-11,920,2,8,1,0,0,0,0,0,720,0
3504,2026-07-03T14:26:03.409555000Z,S1G Beacon,129,34,-51,920,3,1,,,,,,,0,1
3505,2026-07-03T14:26:04.158359000Z,S1G Beacon,129,34,-63,920,3,1,,,,,,,0,0
3506,2026-07-03T14:26:04.226978000Z,S1G Beacon,61,34,-51,920,3,1,,,,,,,0,1
3508,2026-07-03T14:26:04.975770000Z,S1G Beacon,61,34,-64,920,3,1,,,,,,,0,0
3509,2026-07-03T14:26:05.048003000Z,S1G Beacon,129,34,-51,920,3,1,,,,,,,0,1
3510,2026-07-03T14:26:05.796815000Z,S1G Beacon,129,34,-63,920,3,1,,,,,,,0,0
3511,2026-07-03T14:26:05.865426000Z,S1G Beacon,61,34,-51,920,3,1,,,,,,,0,1
3512,2026-07-03T14:26:06.614235000Z,S1G Beacon,61,34,-63,920,3,1,,,,,,,0,0
3513,2026-07-03T14:26:06.686452000Z,S1G Beacon,129,34,-51,920,3,1,,,,,,,0,1
3514,2026-07-03T14:26:07.435252000Z,S1G Beacon,129,34,-63,920,3,1,,,,,,,0,0
3515,2026-07-03T14:26:07.503867000Z,S1G Beacon,61,34,-51,920,3,1,,,,,,,0,1
3517,2026-07-03T14:26:08.152045000Z,QoS Data,132,34,-13,920,2,8,1,0,0,0,0,0,720,0
3520,2026-07-03T14:26:08.161556000Z,QoS Data,115,34,-17,920,2,8,1,0,0,0,0,0,720,0
3523,2026-07-03T14:26:08.252680000Z,S1G Beacon,61,34,-63,920,3,1,,,,,,,0,0
3524,2026-07-03T14:26:08.324895000Z,S1G Beacon,129,34,-51,920,3,1,,,,,,,0,1
3525,2026-07-03T14:26:08.359087000Z,QoS Data,112,34,-13,920,2,8,1,0,0,0,0,0,720,0
3528,2026-07-03T14:26:09.073711000Z,S1G Beacon,129,34,-63,920,3,1,,,,,,,0,0
3529,2026-07-03T14:26:09.142318000Z,S1G Beacon,61,34,-51,920,3,1,,,,,,,0,1
3530,2026-07-03T14:26:09.891129000Z,S1G Beacon,61,34,-63,920,3,1,,,,,,,0,0
3531,2026-07-03T14:26:09.963343000Z,S1G Beacon,129,34,-53,920,3,1,,,,,,,0,1
3532,2026-07-03T14:26:10.712157000Z,S1G Beacon,129,34,-64,920,3,1,,,,,,,0,0
3533,2026-07-03T14:26:10.780767000Z,S1G Beacon,61,34,-51,920,3,1,,,,,,,0,1
3536,2026-07-03T14:26:11.529574000Z,S1G Beacon,61,34,-65,920,3,1,,,,,,,0,0
3537,2026-07-03T14:26:11.601785000Z,S1G Beacon,129,34,-51,920,3,1,,,,,,,0,1
3538,2026-07-03T14:26:12.350615000Z,S1G Beacon,129,34,-64,920,3,1,,,,,,,0,0
3539,2026-07-03T14:26:12.419206000Z,S1G Beacon,61,34,-52,920,3,1,,,,,,,0,1
3540,2026-07-03T14:26:13.168030000Z,S1G Beacon,61,34,-65,920,3,1,,,,,,,0,0
3541,2026-07-03T14:26:13.176727000Z,QoS Data,132,34,-12,920,2,8,1,0,0,0,0,0,720,0
3544,2026-07-03T14:26:13.186700000Z,QoS Data,115,34,-18,920,2,8,1,0,0,0,0,0,720,0
3547,2026-07-03T14:26:13.240230000Z,S1G Beacon,129,34,-51,920,3,1,,,,,,,0,1
3548,2026-07-03T14:26:13.358715000Z,QoS Data,112,34,-13,920,2,8,1,0,0,0,0,0,720,0
3552,2026-07-03T14:26:13.989044000Z,S1G Beacon,129,34,-63,920,3,1,,,,,,,0,0
3553,2026-07-03T14:26:14.057652000Z,S1G Beacon,61,34,-52,920,3,1,,,,,,,0,1
3554,2026-07-03T14:26:14.806488000Z,S1G Beacon,61,34,-65,920,3,1,,,,,,,0,0
3555,2026-07-03T14:26:14.878677000Z,S1G Beacon,129,34,-53,920,3,1,,,,,,,0,1
3557,2026-07-03T14:26:15.627497000Z,S1G Beacon,129,34,-65,920,3,1,,,,,,,0,0
3558,2026-07-03T14:26:15.696096000Z,S1G Beacon,61,34,-52,920,3,1,,,,,,,0,1
3560,2026-07-03T14:26:16.444958000Z,S1G Beacon,61,34,-65,920,3,1,,,,,,,0,0
3561,2026-07-03T14:26:16.517136000Z,S1G Beacon,129,34,-51,920,3,1,,,,,,,0,1
3563,2026-07-03T14:26:17.265955000Z,S1G Beacon,129,34,-65,920,3,1,,,,,,,0,0
3564,2026-07-03T14:26:17.334541000Z,S1G Beacon,61,34,-52,920,3,1,,,,,,,0,1
3566,2026-07-03T14:26:18.083374000Z,S1G Beacon,61,34,-66,920,3,1,,,,,,,0,0
3567,2026-07-03T14:26:18.155564000Z,S1G Beacon,129,34,-52,920,3,1,,,,,,,0,1
3568,2026-07-03T14:26:18.196235000Z,QoS Data,132,34,-12,920,2,8,1,0,0,0,0,0,720,0
3571,2026-07-03T14:26:18.205520000Z,QoS Data,115,34,-16,920,2,8,1,0,0,0,0,0,720,0
3574,2026-07-03T14:26:18.358764000Z,QoS Data,112,34,-12,920,2,8,1,0,0,0,0,0,720,0
3577,2026-07-03T14:26:18.904401000Z,S1G Beacon,129,34,-64,920,3,1,,,,,,,0,0
3578,2026-07-03T14:26:18.972995000Z,S1G Beacon,61,34,-53,920,3,1,,,,,,,0,1
3579,2026-07-03T14:26:19.721824000Z,S1G Beacon,61,34,-65,920,3,1,,,,,,,0,0
3580,2026-07-03T14:26:19.794013000Z,S1G Beacon,129,34,-51,920,3,1,,,,,,,0,1
3582,2026-07-03T14:26:20.542859000Z,S1G Beacon,129,34,-65,920,3,1,,,,,,,0,0
3583,2026-07-03T14:26:20.611430000Z,S1G Beacon,61,34,-53,920,3,1,,,,,,,0,1
3584,2026-07-03T14:26:21.360276000Z,S1G Beacon,61,34,-65,920,3,1,,,,,,,0,0
3585,2026-07-03T14:26:21.432459000Z,S1G Beacon,129,34,-52,920,3,1,,,,,,,0,1
3586,2026-07-03T14:26:22.181295000Z,S1G Beacon,129,34,-65,920,3,1,,,,,,,0,0
3587,2026-07-03T14:26:22.249878000Z,S1G Beacon,61,34,-51,920,3,1,,,,,,,0,1
3590,2026-07-03T14:26:22.998713000Z,S1G Beacon,61,34,-65,920,3,1,,,,,,,0,0
3593,2026-07-03T14:26:23.070903000Z,S1G Beacon,129,34,-51,920,3,1,,,,,,,0,1
3596,2026-07-03T14:26:23.225979000Z,QoS Data,132,34,-11,920,2,8,1,0,0,0,0,0,720,0
3599,2026-07-03T14:26:23.238771000Z,RTS,54,34,-14,920,1,11,,,,0,0,0,2440,0
3601,2026-07-03T14:26:23.240489000Z,QoS Data,115,34,-16,920,2,8,1,0,1,0,0,0,720,0
3605,2026-07-03T14:26:23.358603000Z,QoS Data,112,34,-12,920,2,8,1,0,0,0,0,0,720,0
3611,2026-07-03T14:26:23.819739000Z,S1G Beacon,129,34,-66,920,3,1,,,,,,,0,0
3613,2026-07-03T14:26:23.888320000Z,S1G Beacon,61,34,-52,920,3,1,,,,,,,0,1
3616,2026-07-03T14:26:24.637181000Z,S1G Beacon,61,34,-64,920,3,1,,,,,,,0,0
3617,2026-07-03T14:26:24.709345000Z,S1G Beacon,129,34,-51,920,3,1,,,,,,,0,1
3619,2026-07-03T14:26:25.458197000Z,S1G Beacon,129,34,-64,920,3,1,,,,,,,0,0
3621,2026-07-03T14:26:25.537323000Z,S1G Beacon,61,34,-51,920,3,1,,,,,,,0,1
3623,2026-07-03T14:26:26.275621000Z,S1G Beacon,61,34,-63,920,3,1,,,,,,,0,0
3624,2026-07-03T14:26:26.347789000Z,S1G Beacon,129,34,-51,920,3,1,,,,,,,0,1
3625,2026-07-03T14:26:27.096651000Z,S1G Beacon,129,34,-63,920,3,1,,,,,,,0,0
3626,2026-07-03T14:26:27.165208000Z,S1G Beacon,61,34,-52,920,3,1,,,,,,,0,1
3627,2026-07-03T14:26:27.914077000Z,S1G Beacon,61,34,-63,920,3,1,,,,,,,0,0
3628,2026-07-03T14:26:27.986236000Z,S1G Beacon,129,34,-51,920,3,1,,,,,,,0,1
3629,2026-07-03T14:26:28.256345000Z,QoS Data,132,34,-13,920,2,8,1,0,0,0,0,0,720,0
3632,2026-07-03T14:26:28.273537000Z,QoS Data,115,34,-17,920,2,8,1,0,1,0,0,0,720,0
3635,2026-07-03T14:26:28.358795000Z,QoS Data,112,34,-12,920,2,8,1,0,0,0,0,0,720,0
3638,2026-07-03T14:26:28.735104000Z,S1G Beacon,129,34,-63,920,3,1,,,,,,,0,0
3639,2026-07-03T14:26:28.803655000Z,S1G Beacon,61,34,-52,920,3,1,,,,,,,0,1
3641,2026-07-03T14:26:29.552526000Z,S1G Beacon,61,34,-64,920,3,1,,,,,,,0,0
3642,2026-07-03T14:26:29.624691000Z,S1G Beacon,129,34,-52,920,3,1,,,,,,,0,1
3643,2026-07-03T14:26:30.373550000Z,S1G Beacon,129,34,-64,920,3,1,,,,,,,0,0
3644,2026-07-03T14:26:30.442110000Z,S1G Beacon,61,34,-51,920,3,1,,,,,,,0,1
3645,2026-07-03T14:26:31.190979000Z,S1G Beacon,61,34,-63,920,3,1,,,,,,,0,0
3646,2026-07-03T14:26:31.263131000Z,S1G Beacon,129,34,-51,920,3,1,,,,,,,0,1
3648,2026-07-03T14:26:32.011990000Z,S1G Beacon,129,34,-65,920,3,1,,,,,,,0,0
3649,2026-07-03T14:26:32.080546000Z,S1G Beacon,61,34,-51,920,3,1,,,,,,,0,1
3651,2026-07-03T14:26:32.829419000Z,S1G Beacon,61,34,-66,920,3,1,,,,,,,0,0
3652,2026-07-03T14:26:32.901574000Z,S1G Beacon,129,34,-51,920,3,1,,,,,,,0,1
3653,2026-07-03T14:26:33.301169000Z,QoS Data,132,34,-13,920,2,8,1,0,0,0,0,0,720,0
3656,2026-07-03T14:26:33.310711000Z,QoS Data,115,34,-17,920,2,8,1,0,0,0,0,0,720,0
3659,2026-07-03T14:26:33.358738000Z,QoS Data,112,34,-12,920,2,8,1,0,0,0,0,0,720,0
3662,2026-07-03T14:26:33.650441000Z,S1G Beacon,129,34,-64,920,3,1,,,,,,,0,0
3663,2026-07-03T14:26:33.719004000Z,S1G Beacon,61,34,-52,920,3,1,,,,,,,0,1
3664,2026-07-03T14:26:34.467866000Z,S1G Beacon,61,34,-64,920,3,1,,,,,,,0,0
3665,2026-07-03T14:26:34.540017000Z,S1G Beacon,129,34,-52,920,3,1,,,,,,,0,1
3667,2026-07-03T14:26:35.288891000Z,S1G Beacon,129,34,-64,920,3,1,,,,,,,0,0
3668,2026-07-03T14:26:35.357441000Z,S1G Beacon,61,34,-52,920,3,1,,,,,,,0,1
3669,2026-07-03T14:26:36.106323000Z,S1G Beacon,61,34,-64,920,3,1,,,,,,,0,0
3670,2026-07-03T14:26:36.178460000Z,S1G Beacon,129,34,-51,920,3,1,,,,,,,0,1
3671,2026-07-03T14:26:36.927349000Z,S1G Beacon,129,34,-65,920,3,1,,,,,,,0,0
3673,2026-07-03T14:26:36.995883000Z,S1G Beacon,61,34,-51,920,3,1,,,,,,,0,1
3674,2026-07-03T14:26:37.744769000Z,S1G Beacon,61,34,-65,920,3,1,,,,,,,0,0
3675,2026-07-03T14:26:37.816911000Z,S1G Beacon,129,34,-52,920,3,1,,,,,,,0,1
3678,2026-07-03T14:26:38.326289000Z,QoS Data,132,34,-13,920,2,8,1,0,0,0,0,0,720,0
3681,2026-07-03T14:26:38.338719000Z,QoS Data,115,34,-17,920,2,8,1,0,0,0,0,0,720,0
3685,2026-07-03T14:26:38.359237000Z,QoS Data,112,34,-13,920,2,8,1,0,0,0,0,0,720,0
3688,2026-07-03T14:26:38.565788000Z,S1G Beacon,129,34,-63,920,3,1,,,,,,,0,0
3689,2026-07-03T14:26:38.634330000Z,S1G Beacon,61,34,-53,920,3,1,,,,,,,0,1
3690,2026-07-03T14:26:39.383230000Z,S1G Beacon,61,34,-63,920,3,1,,,,,,,0,0
3692,2026-07-03T14:26:39.455356000Z,S1G Beacon,129,34,-52,920,3,1,,,,,,,0,1
3694,2026-07-03T14:26:40.204240000Z,S1G Beacon,129,34,-64,920,3,1,,,,,,,0,0
3695,2026-07-03T14:26:40.272779000Z,S1G Beacon,61,34,-52,920,3,1,,,,,,,0,1
3696,2026-07-03T14:26:41.021664000Z,S1G Beacon,61,34,-65,920,3,1,,,,,,,0,0
3697,2026-07-03T14:26:41.093803000Z,S1G Beacon,129,34,-51,920,3,1,,,,,,,0,1
3699,2026-07-03T14:26:41.842707000Z,S1G Beacon,129,34,-64,920,3,1,,,,,,,0,0
3700,2026-07-03T14:26:41.911221000Z,S1G Beacon,61,34,-52,920,3,1,,,,,,,0,1
3701,2026-07-03T14:26:42.660123000Z,S1G Beacon,61,34,-65,920,3,1,,,,,,,0,0
3702,2026-07-03T14:26:42.732241000Z,S1G Beacon,129,34,-52,920,3,1,,,,,,,0,1
3703,2026-07-03T14:26:43.359642000Z,QoS Data,132,34,-13,920,2,8,1,0,1,0,0,0,720,0
3706,2026-07-03T14:26:43.369616000Z,QoS Data,115,34,-18,920,2,8,1,0,0,0,0,0,720,0
3709,2026-07-03T14:26:43.481137000Z,S1G Beacon,129,34,-63,920,3,1,,,,,,,0,0
3710,2026-07-03T14:26:43.549666000Z,S1G Beacon,61,34,-53,920,3,1,,,,,,,0,1
3711,2026-07-03T14:26:43.617213000Z,RTS,54,34,-10,920,1,11,,,,0,0,0,2812,0
3713,2026-07-03T14:26:43.619299000Z,QoS Data,112,34,-10,920,2,8,1,0,1,0,0,0,720,0
3723,2026-07-03T14:26:44.370690000Z,S1G Beacon,129,34,-51,920,3,1,,,,,,,0,1
3732,2026-07-03T14:26:45.119602000Z,S1G Beacon,129,34,-63,920,3,1,,,,,,,0,0
3733,2026-07-03T14:26:45.188108000Z,S1G Beacon,61,34,-53,920,3,1,,,,,,,0,1
3734,2026-07-03T14:26:45.937015000Z,S1G Beacon,61,34,-62,920,3,1,,,,,,,0,0
3735,2026-07-03T14:26:46.009146000Z,S1G Beacon,129,34,-54,920,3,1,,,,,,,0,1
3737,2026-07-03T14:26:46.758060000Z,S1G Beacon,129,34,-64,920,3,1,,,,,,,0,0
3738,2026-07-03T14:26:46.826561000Z,S1G Beacon,61,34,-54,920,3,1,,,,,,,0,1
3740,2026-07-03T14:26:47.575479000Z,S1G Beacon,61,34,-63,920,3,1,,,,,,,0,0
3741,2026-07-03T14:26:47.647593000Z,S1G Beacon,129,34,-53,920,3,1,,,,,,,0,1
3742,2026-07-03T14:26:48.386708000Z,QoS Data,132,34,-11,920,2,8,1,0,0,0,0,0,720,0
3744,2026-07-03T14:26:48.396489000Z,S1G Beacon,129,34,-63,920,3,1,,,,,,,0,0
3746,2026-07-03T14:26:48.408499000Z,QoS Data,115,34,-19,920,2,8,1,0,0,0,0,0,720,0
3749,2026-07-03T14:26:48.464997000Z,S1G Beacon,61,34,-52,920,3,1,,,,,,,0,1
3750,2026-07-03T14:26:48.609195000Z,QoS Data,112,34,-10,920,2,8,1,0,0,0,0,0,720,0
3753,2026-07-03T14:26:49.213923000Z,S1G Beacon,61,34,-63,920,3,1,,,,,,,0,0
3754,2026-07-03T14:26:49.286033000Z,S1G Beacon,129,34,-53,920,3,1,,,,,,,0,1
3755,2026-07-03T14:26:50.034947000Z,S1G Beacon,129,34,-63,920,3,1,,,,,,,0,0
3756,2026-07-03T14:26:50.103457000Z,S1G Beacon,61,34,-53,920,3,1,,,,,,,0,1
3758,2026-07-03T14:26:50.852369000Z,S1G Beacon,61,34,-64,920,3,1,,,,,,,0,0
3759,2026-07-03T14:26:50.924485000Z,S1G Beacon,129,34,-52,920,3,1,,,,,,,0,1
3760,2026-07-03T14:26:51.673409000Z,S1G Beacon,129,34,-65,920,3,1,,,,,,,0,0
3761,2026-07-03T14:26:51.741897000Z,S1G Beacon,61,34,-53,920,3,1,,,,,,,0,1
3762,2026-07-03T14:26:52.490824000Z,S1G Beacon,61,34,-67,920,3,1,,,,,,,0,0
3763,2026-07-03T14:26:52.562925000Z,S1G Beacon,129,34,-52,920,3,1,,,,,,,0,1
3765,2026-07-03T14:26:53.311845000Z,S1G Beacon,129,34,-65,920,3,1,,,,,,,0,0
3766,2026-07-03T14:26:53.380345000Z,S1G Beacon,61,34,-52,920,3,1,,,,,,,0,1
3767,2026-07-03T14:26:53.416699000Z,QoS Data,132,34,-11,920,2,8,1,0,0,0,0,0,720,0
3771,2026-07-03T14:26:53.427336000Z,QoS Data,115,34,-18,920,2,8,1,0,0,0,0,0,720,0
3775,2026-07-03T14:26:53.609176000Z,QoS Data,112,34,-10,920,2,8,1,0,0,0,0,0,720,0
3778,2026-07-03T14:26:54.129268000Z,S1G Beacon,61,34,-66,920,3,1,,,,,,,0,0
3779,2026-07-03T14:26:54.201372000Z,S1G Beacon,129,34,-52,920,3,1,,,,,,,0,1
3780,2026-07-03T14:26:54.950301000Z,S1G Beacon,129,34,-65,920,3,1,,,,,,,0,0
3781,2026-07-03T14:26:55.018791000Z,S1G Beacon,61,34,-52,920,3,1,,,,,,,0,1
3782,2026-07-03T14:26:55.767731000Z,S1G Beacon,61,34,-65,920,3,1,,,,,,,0,0
3783,2026-07-03T14:26:55.839816000Z,S1G Beacon,129,34,-54,920,3,1,,,,,,,0,1
3787,2026-07-03T14:26:56.588743000Z,S1G Beacon,129,34,-65,920,3,1,,,,,,,0,0
3788,2026-07-03T14:26:56.657236000Z,S1G Beacon,61,34,-53,920,3,1,,,,,,,0,1
3789,2026-07-03T14:26:57.406167000Z,S1G Beacon,61,34,-66,920,3,1,,,,,,,0,0
3790,2026-07-03T14:26:57.478254000Z,S1G Beacon,129,34,-52,920,3,1,,,,,,,0,1
3792,2026-07-03T14:26:58.227205000Z,S1G Beacon,129,34,-66,920,3,1,,,,,,,0,0
3793,2026-07-03T14:26:58.295677000Z,S1G Beacon,61,34,-52,920,3,1,,,,,,,0,1
3794,2026-07-03T14:26:58.446707000Z,QoS Data,132,34,-10,920,2,8,1,0,0,0,0,0,720,0
3797,2026-07-03T14:26:58.455994000Z,QoS Data,115,34,-18,920,2,8,1,0,0,0,0,0,720,0
3800,2026-07-03T14:26:58.609242000Z,QoS Data,112,34,-10,920,2,8,1,0,0,0,0,0,720,0
3803,2026-07-03T14:26:59.044615000Z,S1G Beacon,61,34,-66,920,3,1,,,,,,,0,0
3804,2026-07-03T14:26:59.116706000Z,S1G Beacon,129,34,-52,920,3,1,,,,,,,0,1
3806,2026-07-03T14:26:59.865661000Z,S1G Beacon,129,34,-66,920,3,1,,,,,,,0,0
3807,2026-07-03T14:26:59.934133000Z,S1G Beacon,61,34,-52,920,3,1,,,,,,,0,1
3808,2026-07-03T14:27:00.683066000Z,S1G Beacon,61,34,-65,920,3,1,,,,,,,0,0
3809,2026-07-03T14:27:00.755159000Z,S1G Beacon,129,34,-52,920,3,1,,,,,,,0,1
3810,2026-07-03T14:27:01.504094000Z,S1G Beacon,129,34,-65,920,3,1,,,,,,,0,0
3811,2026-07-03T14:27:01.572576000Z,S1G Beacon,61,34,-53,920,3,1,,,,,,,0,1
3812,2026-07-03T14:27:02.321519000Z,S1G Beacon,61,34,-64,920,3,1,,,,,,,0,0
3814,2026-07-03T14:27:03.142546000Z,S1G Beacon,129,34,-63,920,3,1,,,,,,,0,0
3815,2026-07-03T14:27:03.211016000Z,S1G Beacon,61,34,-54,920,3,1,,,,,,,0,1
3816,2026-07-03T14:27:03.476707000Z,QoS Data,132,34,-12,920,2,8,1,0,0,0,0,0,720,0
3819,2026-07-03T14:27:03.488900000Z,QoS Data,115,34,-16,920,2,8,1,0,1,0,0,0,720,0
3822,2026-07-03T14:27:03.609204000Z,QoS Data,112,34,-12,920,2,8,1,0,0,0,0,0,720,0
3825,2026-07-03T14:27:03.959965000Z,S1G Beacon,61,34,-63,920,3,1,,,,,,,0,0
3826,2026-07-03T14:27:04.032048000Z,S1G Beacon,129,34,-54,920,3,1,,,,,,,0,1
3827,2026-07-03T14:27:04.780995000Z,S1G Beacon,129,34,-64,920,3,1,,,,,,,0,0
3829,2026-07-03T14:27:04.849456000Z,S1G Beacon,61,34,-52,920,3,1,,,,,,,0,1
3838,2026-07-03T14:27:05.598403000Z,S1G Beacon,61,34,-65,920,3,1,,,,,,,0,0
3840,2026-07-03T14:27:05.670484000Z,S1G Beacon,129,34,-52,920,3,1,,,,,,,0,1
3845,2026-07-03T14:27:06.419441000Z,S1G Beacon,129,34,-65,920,3,1,,,,,,,0,0
3846,2026-07-03T14:27:06.487903000Z,S1G Beacon,61,34,-52,920,3,1,,,,,,,0,1
3847,2026-07-03T14:27:07.236863000Z,S1G Beacon,61,34,-64,920,3,1,,,,,,,0,0
3848,2026-07-03T14:27:07.308926000Z,S1G Beacon,129,34,-52,920,3,1,,,,,,,0,1
3849,2026-07-03T14:27:08.057896000Z,S1G Beacon,129,34,-63,920,3,1,,,,,,,0,0
3850,2026-07-03T14:27:08.126350000Z,S1G Beacon,61,34,-51,920,3,1,,,,,,,0,1
3852,2026-07-03T14:27:08.496684000Z,QoS Data,132,34,-13,920,2,8,1,0,0,0,0,0,720,0
3855,2026-07-03T14:27:08.509290000Z,QoS Data,115,34,-18,920,2,8,1,0,1,0,0,0,720,0
3856,2026-07-03T14:27:08.512227000Z,RTS,54,34,-13,920,1,11,,,,0,0,0,2416,0
3858,2026-07-03T14:27:08.513920000Z,QoS Data,115,34,-16,920,2,8,1,0,1,0,0,0,720,0
3861,2026-07-03T14:27:08.609291000Z,QoS Data,112,34,-12,920,2,8,1,0,0,0,0,0,720,0
3864,2026-07-03T14:27:08.875315000Z,S1G Beacon,61,34,-64,920,3,1,,,,,,,0,0
3865,2026-07-03T14:27:08.947374000Z,S1G Beacon,129,34,-52,920,3,1,,,,,,,0,1
3866,2026-07-03T14:27:09.696361000Z,S1G Beacon,129,34,-65,920,3,1,,,,,,,0,0
3867,2026-07-03T14:27:09.765170000Z,S1G Beacon,61,34,-51,920,3,1,,,,,,,0,1
3868,2026-07-03T14:27:10.513780000Z,S1G Beacon,61,34,-66,920,3,1,,,,,,,0,0
3869,2026-07-03T14:27:10.585839000Z,S1G Beacon,129,34,-51,920,3,1,,,,,,,0,1
3870,2026-07-03T14:27:11.334802000Z,S1G Beacon,129,34,-65,920,3,1,,,,,,,0,0
3872,2026-07-03T14:27:11.408515000Z,S1G Beacon,61,34,-50,920,3,1,,,,,,,0,1
3873,2026-07-03T14:27:12.152227000Z,S1G Beacon,61,34,-68,920,3,1,,,,,,,0,0
3874,2026-07-03T14:27:12.224282000Z,S1G Beacon,129,34,-53,920,3,1,,,,,,,0,1
3875,2026-07-03T14:27:12.973248000Z,S1G Beacon,129,34,-67,920,3,1,,,,,,,0,0
3876,2026-07-03T14:27:13.041703000Z,S1G Beacon,61,34,-51,920,3,1,,,,,,,0,1
3878,2026-07-03T14:27:13.535870000Z,QoS Data,115,34,-17,920,2,8,1,0,0,0,0,0,720,0
3882,2026-07-03T14:27:13.790680000Z,S1G Beacon,61,34,-63,920,3,1,,,,,,,0,0
3883,2026-07-03T14:27:13.862719000Z,S1G Beacon,129,34,-52,920,3,1,,,,,,,0,1
3885,2026-07-03T14:27:14.611694000Z,S1G Beacon,129,34,-67,920,3,1,,,,,,,0,0
3886,2026-07-03T14:27:14.680133000Z,S1G Beacon,61,34,-54,920,3,1,,,,,,,0,1
3887,2026-07-03T14:27:15.429117000Z,S1G Beacon,61,34,-66,920,3,1,,,,,,,0,0
3888,2026-07-03T14:27:15.501156000Z,S1G Beacon,129,34,-52,920,3,1,,,,,,,0,1
3890,2026-07-03T14:27:16.250163000Z,S1G Beacon,129,34,-68,920,3,1,,,,,,,0,0
3891,2026-07-03T14:27:16.318589000Z,S1G Beacon,61,34,-54,920,3,1,,,,,,,0,1
3892,2026-07-03T14:27:17.067558000Z,S1G Beacon,61,34,-68,920,3,1,,,,,,,0,0
3893,2026-07-03T14:27:17.139601000Z,S1G Beacon,129,34,-51,920,3,1,,,,,,,0,1
3895,2026-07-03T14:27:17.888590000Z,S1G Beacon,129,34,-69,920,3,1,,,,,,,0,0
3896,2026-07-03T14:27:17.957027000Z,S1G Beacon,61,34,-53,920,3,1,,,,,,,0,1
3898,2026-07-03T14:27:18.546772000Z,QoS Data,132,34,-11,920,2,8,1,0,0,0,0,0,720,0
3901,2026-07-03T14:27:18.563088000Z,QoS Data,115,34,-17,920,2,8,1,0,0,0,0,0,720,0
3904,2026-07-03T14:27:18.609311000Z,QoS Data,112,34,-12,920,2,8,1,0,0,0,0,0,720,0
3909,2026-07-03T14:27:18.706003000Z,S1G Beacon,61,34,-67,920,3,1,,,,,,,0,0
3910,2026-07-03T14:27:18.778050000Z,S1G Beacon,129,34,-51,920,3,1,,,,,,,0,1
3911,2026-07-03T14:27:19.527047000Z,S1G Beacon,129,34,-68,920,3,1,,,,,,,0,0
3912,2026-07-03T14:27:19.595471000Z,S1G Beacon,61,34,-51,920,3,1,,,,,,,0,1
3913,2026-07-03T14:27:20.344473000Z,S1G Beacon,61,34,-68,920,3,1,,,,,,,0,0
3914,2026-07-03T14:27:20.416503000Z,S1G Beacon,129,34,-53,920,3,1,,,,,,,0,1
3916,2026-07-03T14:27:21.165489000Z,S1G Beacon,129,34,-69,920,3,1,,,,,,,0,0
3918,2026-07-03T14:27:21.982912000Z,S1G Beacon,61,34,-70,920,3,1,,,,,,,0,0
3919,2026-07-03T14:27:22.054957000Z,S1G Beacon,129,34,-54,920,3,1,,,,,,,0,1
3920,2026-07-03T14:27:22.803946000Z,S1G Beacon,129,34,-67,920,3,1,,,,,,,0,0
3921,2026-07-03T14:27:22.872373000Z,S1G Beacon,61,34,-51,920,3,1,,,,,,,0,1
3925,2026-07-03T14:27:23.588998000Z,QoS Data,132,34,-13,920,2,8,1,0,0,0,0,0,720,0
3927,2026-07-03T14:27:23.594325000Z,RTS,54,34,-11,920,1,11,,,,0,0,0,2992,0
3929,2026-07-03T14:27:23.596597000Z,QoS Data,132,34,-12,920,2,8,1,0,1,0,0,0,720,0
3934,2026-07-03T14:27:23.609506000Z,QoS Data,115,34,-17,920,2,8,1,0,0,0,0,0,720,0
3935,2026-07-03T14:27:23.614799000Z,QoS Data,115,34,-16,920,2,8,1,0,1,0,0,0,720,0
3937,2026-07-03T14:27:23.621349000Z,S1G Beacon,61,34,-68,920,3,1,,,,,,,0,0
3941,2026-07-03T14:27:23.693384000Z,S1G Beacon,129,34,-51,920,3,1,,,,,,,0,1
3942,2026-07-03T14:27:23.858715000Z,QoS Data,112,34,-11,920,2,8,1,0,0,0,0,0,720,0
3945,2026-07-03T14:27:24.442391000Z,S1G Beacon,129,34,-68,920,3,1,,,,,,,0,0
3946,2026-07-03T14:27:24.510819000Z,S1G Beacon,61,34,-52,920,3,1,,,,,,,0,1
3947,2026-07-03T14:27:25.259813000Z,S1G Beacon,61,34,-72,920,3,1,,,,,,,0,0
3948,2026-07-03T14:27:25.331835000Z,S1G Beacon,129,34,-53,920,3,1,,,,,,,0,1
3953,2026-07-03T14:27:26.080836000Z,S1G Beacon,129,34,-65,920,3,1,,,,,,,0,0
3955,2026-07-03T14:27:26.149252000Z,S1G Beacon,61,34,-54,920,3,1,,,,,,,0,1
3964,2026-07-03T14:27:26.898255000Z,S1G Beacon,61,34,-68,920,3,1,,,,,,,0,0
3966,2026-07-03T14:27:26.970276000Z,S1G Beacon,129,34,-52,920,3,1,,,,,,,0,1
3968,2026-07-03T14:27:27.719292000Z,S1G Beacon,129,34,-66,920,3,1,,,,,,,0,0
3969,2026-07-03T14:27:27.787707000Z,S1G Beacon,61,34,-53,920,3,1,,,,,,,0,1
3971,2026-07-03T14:27:28.536704000Z,S1G Beacon,61,34,-69,920,3,1,,,,,,,0,0
3972,2026-07-03T14:27:28.608718000Z,S1G Beacon,129,34,-53,920,3,1,,,,,,,0,1
3973,2026-07-03T14:27:28.656372000Z,QoS Data,132,34,-11,920,2,8,1,0,0,0,0,0,720,0
3976,2026-07-03T14:27:28.665896000Z,QoS Data,115,34,-18,920,2,8,1,0,0,0,0,0,720,0
3979,2026-07-03T14:27:28.858754000Z,QoS Data,112,34,-12,920,2,8,1,0,0,0,0,0,720,0
3982,2026-07-03T14:27:29.357734000Z,S1G Beacon,129,34,-68,920,3,1,,,,,,,0,0
3983,2026-07-03T14:27:29.426143000Z,S1G Beacon,61,34,-53,920,3,1,,,,,,,0,1
3985,2026-07-03T14:27:30.175172000Z,S1G Beacon,61,34,-69,920,3,1,,,,,,,0,0
3986,2026-07-03T14:27:30.247170000Z,S1G Beacon,129,34,-52,920,3,1,,,,,,,0,1
3988,2026-07-03T14:27:30.996192000Z,S1G Beacon,129,34,-69,920,3,1,,,,,,,0,0
3989,2026-07-03T14:27:31.064598000Z,S1G Beacon,61,34,-51,920,3,1,,,,,,,0,1
3990,2026-07-03T14:27:31.813607000Z,S1G Beacon,61,34,-66,920,3,1,,,,,,,0,0
3991,2026-07-03T14:27:31.885619000Z,S1G Beacon,129,34,-53,920,3,1,,,,,,,0,1
3993,2026-07-03T14:27:32.634636000Z,S1G Beacon,129,34,-69,920,3,1,,,,,,,0,0
3994,2026-07-03T14:27:32.703035000Z,S1G Beacon,61,34,-52,920,3,1,,,,,,,0,1
3996,2026-07-03T14:27:33.452060000Z,S1G Beacon,61,34,-68,920,3,1,,,,,,,0,0
3997,2026-07-03T14:27:33.524068000Z,S1G Beacon,129,34,-53,920,3,1,,,,,,,0,1
3998,2026-07-03T14:27:33.676463000Z,QoS Data,132,34,-11,920,2,8,1,0,0,0,0,0,720,0
4001,2026-07-03T14:27:33.685651000Z,QoS Data,115,34,-18,920,2,8,1,0,0,0,0,0,720,0
4002,2026-07-03T14:27:33.690141000Z,QoS Data,115,34,-17,920,2,8,1,0,1,0,0,0,720,0
4003,2026-07-03T14:27:33.695017000Z,RTS,54,34,-15,920,1,11,,,,0,0,0,2560,0
4005,2026-07-03T14:27:33.696853000Z,QoS Data,115,34,-16,920,2,8,1,0,1,0,0,0,720,0
4008,2026-07-03T14:27:33.858796000Z,QoS Data,112,34,-11,920,2,8,1,0,0,0,0,0,720,0
4011,2026-07-03T14:27:34.273090000Z,S1G Beacon,129,34,-69,920,3,1,,,,,,,0,0
4012,2026-07-03T14:27:34.341485000Z,S1G Beacon,61,34,-52,920,3,1,,,,,,,0,1
4013,2026-07-03T14:27:35.090505000Z,S1G Beacon,61,34,-67,920,3,1,,,,,,,0,0
4014,2026-07-03T14:27:35.162509000Z,S1G Beacon,129,34,-51,920,3,1,,,,,,,0,1
4016,2026-07-03T14:27:35.911535000Z,S1G Beacon,129,34,-67,920,3,1,,,,,,,0,0
4017,2026-07-03T14:27:35.979918000Z,S1G Beacon,61,34,-51,920,3,1,,,,,,,0,1
4019,2026-07-03T14:27:36.728952000Z,S1G Beacon,61,34,-67,920,3,1,,,,,,,0,0
4020,2026-07-03T14:27:36.801214000Z,S1G Beacon,129,34,-51,920,3,1,,,,,,,0,1
4021,2026-07-03T14:27:37.549989000Z,S1G Beacon,129,34,-69,920,3,1,,,,,,,0,0
4022,2026-07-03T14:27:37.618372000Z,S1G Beacon,61,34,-53,920,3,1,,,,,,,0,1
4023,2026-07-03T14:27:38.367408000Z,S1G Beacon,61,34,-66,920,3,1,,,,,,,0,0
4024,2026-07-03T14:27:38.439398000Z,S1G Beacon,129,34,-53,920,3,1,,,,,,,0,1
4027,2026-07-03T14:27:38.722185000Z,QoS Data,115,34,-16,920,2,8,1,0,0,0,0,0,720,0
4029,2026-07-03T14:27:38.724813000Z,QoS Data,115,34,-68,920,2,8,0,0,0,0,0,0,720,0
4031,2026-07-03T14:27:38.858849000Z,QoS Data,112,34,-9,920,2,8,1,0,0,0,0,0,720,0
4034,2026-07-03T14:27:39.188433000Z,S1G Beacon,129,34,-68,920,3,1,,,,,,,0,0
4035,2026-07-03T14:27:39.256824000Z,S1G Beacon,61,34,-53,920,3,1,,,,,,,0,1
4036,2026-07-03T14:27:40.005850000Z,S1G Beacon,61,34,-68,920,3,1,,,,,,,0,0
4037,2026-07-03T14:27:40.077845000Z,S1G Beacon,129,34,-52,920,3,1,,,,,,,0,1
4038,2026-07-03T14:27:40.826885000Z,S1G Beacon,129,34,-69,920,3,1,,,,,,,0,0
4039,2026-07-03T14:27:40.895266000Z,S1G Beacon,61,34,-54,920,3,1,,,,,,,0,1
4040,2026-07-03T14:27:41.644310000Z,S1G Beacon,61,34,-66,920,3,1,,,,,,,0,0
4042,2026-07-03T14:27:41.716294000Z,S1G Beacon,129,34,-52,920,3,1,,,,,,,0,1
4043,2026-07-03T14:27:42.465338000Z,S1G Beacon,129,34,-66,920,3,1,,,,,,,0,0
4044,2026-07-03T14:27:42.533725000Z,S1G Beacon,61,34,-53,920,3,1,,,,,,,0,1
4047,2026-07-03T14:27:43.282756000Z,S1G Beacon,61,34,-64,920,3,1,,,,,,,0,0
4048,2026-07-03T14:27:43.354752000Z,S1G Beacon,129,34,-51,920,3,1,,,,,,,0,1
4049,2026-07-03T14:27:43.736334000Z,QoS Data,132,34,-11,920,2,8,1,0,0,0,0,0,720,0
4051,2026-07-03T14:27:43.738856000Z,QoS Data,132,34,-67,920,2,8,0,0,0,0,0,0,720,0
4053,2026-07-03T14:27:43.745973000Z,QoS Data,115,34,-13,920,2,8,1,0,0,0,0,0,720,0
4055,2026-07-03T14:27:43.748346000Z,QoS Data,115,34,-66,920,2,8,0,0,0,0,0,0,720,0
4058,2026-07-03T14:27:43.858833000Z,QoS Data,112,34,-11,920,2,8,1,0,0,0,0,0,720,0
4061,2026-07-03T14:27:44.103777000Z,S1G Beacon,129,34,-67,920,3,1,,,,,,,0,0
4062,2026-07-03T14:27:44.172154000Z,S1G Beacon,61,34,-53,920,3,1,,,,,,,0,1
4064,2026-07-03T14:27:44.921199000Z,S1G Beacon,61,34,-65,920,3,1,,,,,,,0,0
4065,2026-07-03T14:27:44.993173000Z,S1G Beacon,129,34,-53,920,3,1,,,,,,,0,1
4066,2026-07-03T14:27:45.742236000Z,S1G Beacon,129,34,-66,920,3,1,,,,,,,0,0
4067,2026-07-03T14:27:45.810602000Z,S1G Beacon,61,34,-53,920,3,1,,,,,,,0,1
4069,2026-07-03T14:27:46.559660000Z,S1G Beacon,61,34,-64,920,3,1,,,,,,,0,0
4070,2026-07-03T14:27:46.631779000Z,S1G Beacon,129,34,-53,920,3,1,,,,,,,0,1
4077,2026-07-03T14:27:47.380672000Z,S1G Beacon,129,34,-63,920,3,1,,,,,,,0,0
4079,2026-07-03T14:27:47.449038000Z,S1G Beacon,61,34,-53,920,3,1,,,,,,,0,1
4087,2026-07-03T14:27:48.198093000Z,S1G Beacon,61,34,-63,920,3,1,,,,,,,0,0
4088,2026-07-03T14:27:48.270067000Z,S1G Beacon,129,34,-54,920,3,1,,,,,,,0,1
4089,2026-07-03T14:27:48.756770000Z,QoS Data,132,34,-11,920,2,8,1,0,0,0,0,0,720,0
4092,2026-07-03T14:27:48.766313000Z,QoS Data,115,34,-15,920,2,8,1,0,0,0,0,0,720,0
4095,2026-07-03T14:27:48.859291000Z,QoS Data,112,34,-11,920,2,8,1,0,0,0,0,0,720,0
4097,2026-07-03T14:27:48.861970000Z,QoS Data,112,34,-64,920,2,8,0,0,0,0,0,0,720,0
4099,2026-07-03T14:27:49.019125000Z,S1G Beacon,129,34,-64,920,3,1,,,,,,,0,0
4100,2026-07-03T14:27:49.087492000Z,S1G Beacon,61,34,-52,920,3,1,,,,,,,0,1
4101,2026-07-03T14:27:49.836554000Z,S1G Beacon,61,34,-63,920,3,1,,,,,,,0,0
4102,2026-07-03T14:27:49.908515000Z,S1G Beacon,129,34,-53,920,3,1,,,,,,,0,1
4103,2026-07-03T14:27:50.657584000Z,S1G Beacon,129,34,-64,920,3,1,,,,,,,0,0
4105,2026-07-03T14:27:50.725936000Z,S1G Beacon,61,34,-53,920,3,1,,,,,,,0,1
4106,2026-07-03T14:27:51.475006000Z,S1G Beacon,61,34,-63,920,3,1,,,,,,,0,0
4107,2026-07-03T14:27:51.546973000Z,S1G Beacon,129,34,-54,920,3,1,,,,,,,0,1
4108,2026-07-03T14:27:52.296035000Z,S1G Beacon,129,34,-64,920,3,1,,,,,,,0,0
4109,2026-07-03T14:27:52.364376000Z,S1G Beacon,61,34,-52,920,3,1,,,,,,,0,1
4110,2026-07-03T14:27:53.113454000Z,S1G Beacon,61,34,-65,920,3,1,,,,,,,0,0
4111,2026-07-03T14:27:53.185412000Z,S1G Beacon,129,34,-52,920,3,1,,,,,,,0,1
4113,2026-07-03T14:27:53.776839000Z,QoS Data,132,34,-11,920,2,8,1,0,0,0,0,0,720,0
4116,2026-07-03T14:27:53.790005000Z,QoS Data,115,34,-14,920,2,8,1,0,0,0,0,0,720,0
4119,2026-07-03T14:27:53.859211000Z,QoS Data,112,34,-10,920,2,8,1,0,0,0,0,0,720,0
4122,2026-07-03T14:27:53.934472000Z,S1G Beacon,129,34,-63,920,3,1,,,,,,,0,0
4123,2026-07-03T14:27:54.002827000Z,S1G Beacon,61,34,-52,920,3,1,,,,,,,0,1
4124,2026-07-03T14:27:54.751901000Z,S1G Beacon,61,34,-63,920,3,1,,,,,,,0,0
4125,2026-07-03T14:27:54.823857000Z,S1G Beacon,129,34,-53,920,3,1,,,,,,,0,1
4126,2026-07-03T14:27:55.572926000Z,S1G Beacon,129,34,-67,920,3,1,,,,,,,0,0
4127,2026-07-03T14:27:55.641275000Z,S1G Beacon,61,34,-53,920,3,1,,,,,,,0,1
4128,2026-07-03T14:27:56.390354000Z,S1G Beacon,61,34,-68,920,3,1,,,,,,,0,0
4129,2026-07-03T14:27:56.462298000Z,S1G Beacon,129,34,-52,920,3,1,,,,,,,0,1
4131,2026-07-03T14:27:57.211378000Z,S1G Beacon,129,34,-67,920,3,1,,,,,,,0,0
4132,2026-07-03T14:27:57.279715000Z,S1G Beacon,61,34,-52,920,3,1,,,,,,,0,1
4133,2026-07-03T14:27:58.028806000Z,S1G Beacon,61,34,-66,920,3,1,,,,,,,0,0
4134,2026-07-03T14:27:58.100749000Z,S1G Beacon,129,34,-53,920,3,1,,,,,,,0,1
4135,2026-07-03T14:27:58.806819000Z,QoS Data,132,34,-12,920,2,8,1,0,0,0,0,0,720,0
4138,2026-07-03T14:27:58.816510000Z,QoS Data,115,34,-15,920,2,8,1,0,0,0,0,0,720,0
4141,2026-07-03T14:27:58.849819000Z,S1G Beacon,129,34,-65,920,3,1,,,,,,,0,0
4142,2026-07-03T14:27:58.865099000Z,QoS Data,112,34,-12,920,2,8,1,0,0,0,0,0,720,0
4145,2026-07-03T14:27:58.918163000Z,S1G Beacon,61,34,-53,920,3,1,,,,,,,0,1
4146,2026-07-03T14:27:59.667259000Z,S1G Beacon,61,34,-66,920,3,1,,,,,,,0,0
4147,2026-07-03T14:27:59.739184000Z,S1G Beacon,129,34,-53,920,3,1,,,,,,,0,1
4149,2026-07-03T14:28:00.488286000Z,S1G Beacon,129,34,-64,920,3,1,,,,,,,0,0
4150,2026-07-03T14:28:00.561656000Z,S1G Beacon,61,34,-52,920,3,1,,,,,,,0,1
4152,2026-07-03T14:28:01.377656000Z,S1G Beacon,129,34,-53,920,3,1,,,,,,,0,1
4153,2026-07-03T14:28:02.126726000Z,S1G Beacon,129,34,-66,920,3,1,,,,,,,0,0
4154,2026-07-03T14:28:02.195059000Z,S1G Beacon,61,34,-52,920,3,1,,,,,,,0,1
4156,2026-07-03T14:28:03.016090000Z,S1G Beacon,129,34,-51,920,3,1,,,,,,,0,1
4157,2026-07-03T14:28:03.765183000Z,S1G Beacon,129,34,-72,920,3,1,,,,,,,0,0
4158,2026-07-03T14:28:03.826800000Z,QoS Data,132,34,-15,920,2,8,1,0,0,0,0,0,720,0
4161,2026-07-03T14:28:03.833498000Z,S1G Beacon,61,34,-52,920,3,1,,,,,,,0,1
4162,2026-07-03T14:28:03.840676000Z,RTS,54,34,-16,920,1,11,,,,0,0,0,2524,0
4164,2026-07-03T14:28:03.842468000Z,QoS Data,115,34,-17,920,2,8,1,0,1,0,0,0,720,0
4167,2026-07-03T14:28:04.109336000Z,QoS Data,112,34,-14,920,2,8,1,0,0,0,0,0,720,0
4170,2026-07-03T14:28:04.582597000Z,S1G Beacon,61,34,-67,920,3,1,,,,,,,0,0
4171,2026-07-03T14:28:04.654525000Z,S1G Beacon,129,34,-52,920,3,1,,,,,,,0,1
4172,2026-07-03T14:28:05.403622000Z,S1G Beacon,129,34,-68,920,3,1,,,,,,,0,0
4173,2026-07-03T14:28:05.471948000Z,S1G Beacon,61,34,-52,920,3,1,,,,,,,0,1
4175,2026-07-03T14:28:06.221039000Z,S1G Beacon,61,34,-68,920,3,1,,,,,,,0,0
4176,2026-07-03T14:28:06.292969000Z,S1G Beacon,129,34,-54,920,3,1,,,,,,,0,1
4178,2026-07-03T14:28:07.042062000Z,S1G Beacon,129,34,-67,920,3,1,,,,,,,0,0
4179,2026-07-03T14:28:07.110377000Z,S1G Beacon,61,34,-52,920,3,1,,,,,,,0,1
4181,2026-07-03T14:28:07.859483000Z,S1G Beacon,61,34,-69,920,3,1,,,,,,,0,0
4183,2026-07-03T14:28:07.931409000Z,S1G Beacon,129,34,-53,920,3,1,,,,,,,0,1
4191,2026-07-03T14:28:08.680510000Z,S1G Beacon,129,34,-67,920,3,1,,,,,,,0,0
4193,2026-07-03T14:28:08.750959000Z,S1G Beacon,61,34,-53,920,3,1,,,,,,,0,1
4196,2026-07-03T14:28:08.886786000Z,QoS Data,132,34,-14,920,2,8,1,0,0,0,0,0,720,0
4199,2026-07-03T14:28:08.896604000Z,QoS Data,115,34,-15,920,2,8,1,0,0,0,0,0,720,0
4204,2026-07-03T14:28:09.109180000Z,QoS Data,112,34,-15,920,2,8,1,0,0,0,0,0,720,0
4207,2026-07-03T14:28:09.497947000Z,S1G Beacon,61,34,-68,920,3,1,,,,,,,0,0
4208,2026-07-03T14:28:09.569857000Z,S1G Beacon,129,34,-53,920,3,1,,,,,,,0,1
4209,2026-07-03T14:28:10.106570000Z,QoS Data,72,34,-17,920,2,8,1,0,0,0,0,0,720,0
4211,2026-07-03T14:28:10.318967000Z,S1G Beacon,129,34,-68,920,3,1,,,,,,,0,0
4212,2026-07-03T14:28:10.387275000Z,S1G Beacon,61,34,-53,920,3,1,,,,,,,0,1
4213,2026-07-03T14:28:11.136391000Z,S1G Beacon,61,34,-67,920,3,1,,,,,,,0,0
4214,2026-07-03T14:28:11.208301000Z,S1G Beacon,129,34,-54,920,3,1,,,,,,,0,1
4216,2026-07-03T14:28:11.957415000Z,S1G Beacon,129,34,-69,920,3,1,,,,,,,0,0
4217,2026-07-03T14:28:12.025724000Z,S1G Beacon,61,34,-51,920,3,1,,,,,,,0,1
4218,2026-07-03T14:28:12.774851000Z,S1G Beacon,61,34,-66,920,3,1,,,,,,,0,0
4219,2026-07-03T14:28:12.846747000Z,S1G Beacon,129,34,-54,920,3,1,,,,,,,0,1
4220,2026-07-03T14:28:13.595868000Z,S1G Beacon,129,34,-67,920,3,1,,,,,,,0,0
4221,2026-07-03T14:28:13.664181000Z,S1G Beacon,61,34,-52,920,3,1,,,,,,,0,1
4222,2026-07-03T14:28:13.906824000Z,QoS Data,132,34,-14,920,2,8,1,0,0,0,0,0,720,0
4225,2026-07-03T14:28:13.940869000Z,QoS Data,115,34,-18,920,2,8,1,0,0,0,0,0,720,0
4228,2026-07-03T14:28:14.109367000Z,QoS Data,112,34,-15,920,2,8,1,0,0,0,0,0,720,0
4231,2026-07-03T14:28:14.413300000Z,S1G Beacon,61,34,-70,920,3,1,,,,,,,0,0
4232,2026-07-03T14:28:14.485191000Z,S1G Beacon,129,34,-53,920,3,1,,,,,,,0,1
4234,2026-07-03T14:28:15.234314000Z,S1G Beacon,129,34,-66,920,3,1,,,,,,,0,0
4235,2026-07-03T14:28:15.302630000Z,S1G Beacon,61,34,-51,920,3,1,,,,,,,0,1
4236,2026-07-03T14:28:16.051741000Z,S1G Beacon,61,34,-69,920,3,1,,,,,,,0,0
4237,2026-07-03T14:28:16.123695000Z,S1G Beacon,129,34,-51,920,3,1,,,,,,,0,1
4238,2026-07-03T14:28:16.872792000Z,S1G Beacon,129,34,-69,920,3,1,,,,,,,0,0
4239,2026-07-03T14:28:16.941074000Z,S1G Beacon,61,34,-53,920,3,1,,,,,,,0,1
4240,2026-07-03T14:28:17.690201000Z,S1G Beacon,61,34,-69,920,3,1,,,,,,,0,0
4241,2026-07-03T14:28:17.698423000Z,QoS Data,72,34,-13,920,2,8,1,0,0,0,0,0,720,0
4243,2026-07-03T14:28:17.762084000Z,S1G Beacon,129,34,-51,920,3,1,,,,,,,0,1
4246,2026-07-03T14:28:18.511216000Z,S1G Beacon,129,34,-69,920,3,1,,,,,,,0,0
4247,2026-07-03T14:28:18.579505000Z,S1G Beacon,61,34,-51,920,3,1,,,,,,,0,1
4248,2026-07-03T14:28:18.956817000Z,QoS Data,132,34,-14,920,2,8,1,0,0,0,0,0,720,0
4251,2026-07-03T14:28:18.970244000Z,QoS Data,115,34,-18,920,2,8,1,0,0,0,0,0,720,0
4254,2026-07-03T14:28:19.109383000Z,QoS Data,112,34,-14,920,2,8,1,0,0,0,0,0,720,0
4257,2026-07-03T14:28:19.328636000Z,S1G Beacon,61,34,-68,920,3,1,,,,,,,0,0
4259,2026-07-03T14:28:19.400528000Z,S1G Beacon,129,34,-51,920,3,1,,,,,,,0,1
4260,2026-07-03T14:28:20.149675000Z,S1G Beacon,129,34,-71,920,3,1,,,,,,,0,0
4261,2026-07-03T14:28:20.217954000Z,S1G Beacon,61,34,-52,920,3,1,,,,,,,0,1
4263,2026-07-03T14:28:20.967077000Z,S1G Beacon,61,34,-69,920,3,1,,,,,,,0,0
4264,2026-07-03T14:28:21.038974000Z,S1G Beacon,129,34,-53,920,3,1,,,,,,,0,1
4265,2026-07-03T14:28:21.788136000Z,S1G Beacon,129,34,-66,920,3,1,,,,,,,0,0
4266,2026-07-03T14:28:21.856416000Z,S1G Beacon,61,34,-53,920,3,1,,,,,,,0,1
4268,2026-07-03T14:28:22.605550000Z,S1G Beacon,61,34,-68,920,3,1,,,,,,,0,0
4269,2026-07-03T14:28:22.677440000Z,S1G Beacon,129,34,-53,920,3,1,,,,,,,0,1
4272,2026-07-03T14:28:23.426583000Z,S1G Beacon,129,34,-64,920,3,1,,,,,,,0,0
4273,2026-07-03T14:28:23.494854000Z,S1G Beacon,61,34,-52,920,3,1,,,,,,,0,1
4275,2026-07-03T14:28:23.986843000Z,QoS Data,132,34,-15,920,2,8,1,0,0,0,0,0,720,0
4276,2026-07-03T14:28:23.990067000Z,QoS Data,132,34,-15,920,2,8,1,0,1,0,0,0,720,0
4278,2026-07-03T14:28:23.992469000Z,QoS Data,132,34,-66,920,2,8,0,0,0,0,0,0,720,0
4280,2026-07-03T14:28:24.002697000Z,RTS,54,34,-15,920,1,11,,,,0,0,0,2524,0
4282,2026-07-03T14:28:24.004495000Z,QoS Data,115,34,-15,920,2,8,1,0,1,0,0,0,720,0
4285,2026-07-03T14:28:24.109294000Z,QoS Data,112,34,-18,920,2,8,1,0,0,0,0,0,720,0
4287,2026-07-03T14:28:24.111677000Z,QoS Data,112,34,-64,920,2,8,0,0,0,0,0,0,720,0
4289,2026-07-03T14:28:24.243995000Z,S1G Beacon,61,34,-63,920,3,1,,,,,,,0,0
4290,2026-07-03T14:28:24.315890000Z,S1G Beacon,129,34,-53,920,3,1,,,,,,,0,1
4292,2026-07-03T14:28:25.065029000Z,S1G Beacon,129,34,-62,920,3,1,,,,,,,0,0
4293,2026-07-03T14:28:25.133301000Z,S1G Beacon,61,34,-53,920,3,1,,,,,,,0,1
4295,2026-07-03T14:28:25.882446000Z,S1G Beacon,61,34,-62,920,3,1,,,,,,,0,0
4296,2026-07-03T14:28:25.954324000Z,S1G Beacon,129,34,-54,920,3,1,,,,,,,0,1
4297,2026-07-03T14:28:26.703477000Z,S1G Beacon,129,34,-64,920,3,1,,,,,,,0,0
4298,2026-07-03T14:28:26.771744000Z,S1G Beacon,61,34,-53,920,3,1,,,,,,,0,1
4300,2026-07-03T14:28:27.520906000Z,S1G Beacon,61,34,-63,920,3,1,,,,,,,0,0
4301,2026-07-03T14:28:27.592773000Z,S1G Beacon,129,34,-53,920,3,1,,,,,,,0,1
4302,2026-07-03T14:28:28.341927000Z,S1G Beacon,129,34,-63,920,3,1,,,,,,,0,0
4303,2026-07-03T14:28:28.410398000Z,S1G Beacon,61,34,-53,920,3,1,,,,,,,0,1
4307,2026-07-03T14:28:29.023403000Z,QoS Data,132,34,-12,920,2,8,1,0,0,0,0,0,720,0
4311,2026-07-03T14:28:29.108896000Z,QoS Data,112,34,-11,920,2,8,1,0,0,0,0,0,720,0
4315,2026-07-03T14:28:29.159340000Z,S1G Beacon,61,34,-65,920,3,1,,,,,,,0,0
4317,2026-07-03T14:28:29.231318000Z,S1G Beacon,129,34,-53,920,3,1,,,,,,,0,1
4325,2026-07-03T14:28:29.980359000Z,S1G Beacon,129,34,-62,920,3,1,,,,,,,0,0
4327,2026-07-03T14:28:30.048624000Z,S1G Beacon,61,34,-53,920,3,1,,,,,,,0,1
4329,2026-07-03T14:28:30.797789000Z,S1G Beacon,61,34,-64,920,3,1,,,,,,,0,0
4330,2026-07-03T14:28:30.869648000Z,S1G Beacon,129,34,-52,920,3,1,,,,,,,0,1
4331,2026-07-03T14:28:31.618829000Z,S1G Beacon,129,34,-63,920,3,1,,,,,,,0,0
4332,2026-07-03T14:28:31.687081000Z,S1G Beacon,61,34,-53,920,3,1,,,,,,,0,1
4333,2026-07-03T14:28:32.436252000Z,S1G Beacon,61,34,-63,920,3,1,,,,,,,0,0
4334,2026-07-03T14:28:32.508630000Z,S1G Beacon,129,34,-52,920,3,1,,,,,,,0,1
4336,2026-07-03T14:28:33.257275000Z,S1G Beacon,129,34,-63,920,3,1,,,,,,,0,0
4337,2026-07-03T14:28:33.325541000Z,S1G Beacon,61,34,-52,920,3,1,,,,,,,0,1
4347,2026-07-03T14:28:34.046418000Z,QoS Data,132,34,-11,920,2,8,1,0,0,0,0,0,720,0
4350,2026-07-03T14:28:34.056128000Z,QoS Data,115,34,-15,920,2,8,1,0,0,0,0,0,720,0
4353,2026-07-03T14:28:34.074690000Z,S1G Beacon,61,34,-63,920,3,1,,,,,,,0,0
4354,2026-07-03T14:28:34.108939000Z,QoS Data,112,34,-13,920,2,8,1,0,0,0,0,0,720,0
4357,2026-07-03T14:28:34.146553000Z,S1G Beacon,129,34,-52,920,3,1,,,,,,,0,1
4358,2026-07-03T14:28:34.895730000Z,S1G Beacon,129,34,-63,920,3,1,,,,,,,0,0
4359,2026-07-03T14:28:34.963970000Z,S1G Beacon,61,34,-54,920,3,1,,,,,,,0,1
4361,2026-07-03T14:28:35.713149000Z,S1G Beacon,61,34,-62,920,3,1,,,,,,,0,0
4362,2026-07-03T14:28:35.785000000Z,S1G Beacon,129,34,-54,920,3,1,,,,,,,0,1
4364,2026-07-03T14:28:36.534180000Z,S1G Beacon,129,34,-63,920,3,1,,,,,,,0,0
4365,2026-07-03T14:28:36.602417000Z,S1G Beacon,61,34,-54,920,3,1,,,,,,,0,1
4366,2026-07-03T14:28:37.351587000Z,S1G Beacon,61,34,-64,920,3,1,,,,,,,0,0
4367,2026-07-03T14:28:37.423490000Z,S1G Beacon,129,34,-52,920,3,1,,,,,,,0,1
4368,2026-07-03T14:28:38.172623000Z,S1G Beacon,129,34,-63,920,3,1,,,,,,,0,0
4369,2026-07-03T14:28:38.240865000Z,S1G Beacon,61,34,-52,920,3,1,,,,,,,0,1
4370,2026-07-03T14:28:39.061898000Z,S1G Beacon,129,34,-53,920,3,1,,,,,,,0,1
4371,2026-07-03T14:28:39.067508000Z,QoS Data,132,34,-11,920,2,8,1,0,0,0,0,0,720,0
4374,2026-07-03T14:28:39.077220000Z,QoS Data,115,34,-14,920,2,8,1,0,0,0,0,0,720,0
4378,2026-07-03T14:28:39.113634000Z,RTS,54,34,-11,920,1,11,,,,0,0,0,2812,0
4380,2026-07-03T14:28:39.115723000Z,QoS Data,112,34,-11,920,2,8,1,0,1,0,0,0,720,0
4383,2026-07-03T14:28:39.811080000Z,S1G Beacon,129,34,-62,920,3,1,,,,,,,0,0
4384,2026-07-03T14:28:39.879309000Z,S1G Beacon,61,34,-54,920,3,1,,,,,,,0,1
4385,2026-07-03T14:28:40.628496000Z,S1G Beacon,61,34,-65,920,3,1,,,,,,,0,0
4386,2026-07-03T14:28:40.700336000Z,S1G Beacon,129,34,-53,920,3,1,,,,,,,0,1
4387,2026-07-03T14:28:41.449512000Z,S1G Beacon,129,34,-66,920,3,1,,,,,,,0,0
4388,2026-07-03T14:28:41.517743000Z,S1G Beacon,61,34,-53,920,3,1,,,,,,,0,1
4390,2026-07-03T14:28:42.266932000Z,S1G Beacon,61,34,-64,920,3,1,,,,,,,0,0
4391,2026-07-03T14:28:42.338793000Z,S1G Beacon,129,34,-54,920,3,1,,,,,,,0,1
4393,2026-07-03T14:28:43.087969000Z,S1G Beacon,129,34,-69,920,3,1,,,,,,,0,0
4394,2026-07-03T14:28:43.156191000Z,S1G Beacon,61,34,-52,920,3,1,,,,,,,0,1
4396,2026-07-03T14:28:43.905377000Z,S1G Beacon,61,34,-67,920,3,1,,,,,,,0,0
4397,2026-07-03T14:28:43.977215000Z,S1G Beacon,129,34,-54,920,3,1,,,,,,,0,1
4398,2026-07-03T14:28:44.086527000Z,QoS Data,132,34,-13,920,2,8,1,0,0,0,0,0,720,0
4401,2026-07-03T14:28:44.096443000Z,QoS Data,115,34,-15,920,2,8,1,0,0,0,0,0,720,0
4404,2026-07-03T14:28:44.108954000Z,QoS Data,112,34,-13,920,2,8,1,0,0,0,0,0,720,0
4407,2026-07-03T14:28:44.726403000Z,S1G Beacon,129,34,-64,920,3,1,,,,,,,0,0
4408,2026-07-03T14:28:44.794632000Z,S1G Beacon,61,34,-54,920,3,1,,,,,,,0,1
4410,2026-07-03T14:28:45.543827000Z,S1G Beacon,61,34,-63,920,3,1,,,,,,,0,0
4411,2026-07-03T14:28:45.615661000Z,S1G Beacon,129,34,-54,920,3,1,,,,,,,0,1
4413,2026-07-03T14:28:46.364862000Z,S1G Beacon,129,34,-66,920,3,1,,,,,,,0,0
4414,2026-07-03T14:28:46.433082000Z,S1G Beacon,61,34,-54,920,3,1,,,,,,,0,1
4415,2026-07-03T14:28:47.182284000Z,S1G Beacon,61,34,-63,920,3,1,,,,,,,0,0
4416,2026-07-03T14:28:47.254101000Z,S1G Beacon,129,34,-53,920,3,1,,,,,,,0,1
4417,2026-07-03T14:28:48.003318000Z,S1G Beacon,129,34,-63,920,3,1,,,,,,,0,0
4418,2026-07-03T14:28:48.071528000Z,S1G Beacon,61,34,-54,920,3,1,,,,,,,0,1
4420,2026-07-03T14:28:48.820731000Z,S1G Beacon,61,34,-65,920,3,1,,,,,,,0,0
4421,2026-07-03T14:28:48.892554000Z,S1G Beacon,129,34,-52,920,3,1,,,,,,,0,1
4422,2026-07-03T14:28:49.106563000Z,QoS Data,132,34,-13,920,2,8,1,0,0,0,0,0,720,0
4425,2026-07-03T14:28:49.118405000Z,QoS Data,112,34,-17,920,2,8,1,0,0,0,0,0,720,0
4427,2026-07-03T14:28:49.120579000Z,QoS Data,115,34,-16,920,2,8,1,0,0,0,0,0,720,0
4431,2026-07-03T14:28:49.358959000Z,QoS Data,112,34,-12,920,2,8,1,0,0,0,0,0,720,0
4434,2026-07-03T14:28:49.641750000Z,S1G Beacon,129,34,-66,920,3,1,,,,,,,0,0
4435,2026-07-03T14:28:49.709970000Z,S1G Beacon,61,34,-53,920,3,1,,,,,,,0,1
4443,2026-07-03T14:28:50.459172000Z,S1G Beacon,61,34,-65,920,3,1,,,,,,,0,0
4444,2026-07-03T14:28:50.530996000Z,S1G Beacon,129,34,-53,920,3,1,,,,,,,0,1
4452,2026-07-03T14:28:51.280198000Z,S1G Beacon,129,34,-64,920,3,1,,,,,,,0,0
4453,2026-07-03T14:28:51.348421000Z,S1G Beacon,61,34,-52,920,3,1,,,,,,,0,1
4454,2026-07-03T14:28:52.097638000Z,S1G Beacon,61,34,-64,920,3,1,,,,,,,0,0
4455,2026-07-03T14:28:52.169444000Z,S1G Beacon,129,34,-54,920,3,1,,,,,,,0,1
4456,2026-07-03T14:28:52.918664000Z,S1G Beacon,129,34,-63,920,3,1,,,,,,,0,0
4457,2026-07-03T14:28:52.986918000Z,S1G Beacon,61,34,-53,920,3,1,,,,,,,0,1
4458,2026-07-03T14:28:53.736093000Z,S1G Beacon,61,34,-64,920,3,1,,,,,,,0,0
4460,2026-07-03T14:28:53.807894000Z,S1G Beacon,129,34,-54,920,3,1,,,,,,,0,1
4461,2026-07-03T14:28:54.136446000Z,QoS Data,132,34,-12,920,2,8,1,0,0,0,0,0,720,0
4464,2026-07-03T14:28:54.148124000Z,QoS Data,115,34,-16,920,2,8,1,0,0,0,0,0,720,0
4468,2026-07-03T14:28:54.359254000Z,QoS Data,112,34,-14,920,2,8,1,0,0,0,0,0,720,0
4471,2026-07-03T14:28:54.557106000Z,S1G Beacon,129,34,-63,920,3,1,,,,,,,0,0
4472,2026-07-03T14:28:54.625304000Z,S1G Beacon,61,34,-53,920,3,1,,,,,,,0,1
4474,2026-07-03T14:28:55.374529000Z,S1G Beacon,61,34,-64,920,3,1,,,,,,,0,0
4475,2026-07-03T14:28:55.446337000Z,S1G Beacon,129,34,-53,920,3,1,,,,,,,0,1
4476,2026-07-03T14:28:56.195563000Z,S1G Beacon,129,34,-64,920,3,1,,,,,,,0,0
4477,2026-07-03T14:28:56.263756000Z,S1G Beacon,61,34,-53,920,3,1,,,,,,,0,1
4478,2026-07-03T14:28:57.012972000Z,S1G Beacon,61,34,-64,920,3,1,,,,,,,0,0
4479,2026-07-03T14:28:57.084783000Z,S1G Beacon,129,34,-52,920,3,1,,,,,,,0,1
4481,2026-07-03T14:28:57.834005000Z,S1G Beacon,129,34,-63,920,3,1,,,,,,,0,0
4482,2026-07-03T14:28:57.902198000Z,S1G Beacon,61,34,-53,920,3,1,,,,,,,0,1
4483,2026-07-03T14:28:58.651439000Z,S1G Beacon,61,34,-65,920,3,1,,,,,,,0,0
4484,2026-07-03T14:28:58.723225000Z,S1G Beacon,129,34,-52,920,3,1,,,,,,,0,1
4485,2026-07-03T14:28:59.172548000Z,QoS Data,132,34,-9,920,2,8,1,0,0,0,0,0,720,0
4488,2026-07-03T14:28:59.185184000Z,QoS Data,115,34,-22,920,2,8,1,0,1,0,0,0,720,0
4491,2026-07-03T14:28:59.359303000Z,QoS Data,112,34,-9,920,2,8,1,0,0,0,0,0,720,0
4494,2026-07-03T14:28:59.472445000Z,S1G Beacon,129,34,-64,920,3,1,,,,,,,0,0
4495,2026-07-03T14:28:59.540646000Z,S1G Beacon,61,34,-53,920,3,1,,,,,,,0,1
4497,2026-07-03T14:29:00.289880000Z,S1G Beacon,61,34,-65,920,3,1,,,,,,,0,0
4498,2026-07-03T14:29:00.361680000Z,S1G Beacon,129,34,-53,920,3,1,,,,,,,0,1
4499,2026-07-03T14:29:01.110912000Z,S1G Beacon,129,34,-64,920,3,1,,,,,,,0,0
4500,2026-07-03T14:29:01.179091000Z,S1G Beacon,61,34,-53,920,3,1,,,,,,,0,1
4501,2026-07-03T14:29:01.928338000Z,S1G Beacon,61,34,-65,920,3,1,,,,,,,0,0
4502,2026-07-03T14:29:02.749366000Z,S1G Beacon,129,34,-64,920,3,1,,,,,,,0,0
4503,2026-07-03T14:29:02.817546000Z,S1G Beacon,61,34,-53,920,3,1,,,,,,,0,1
4505,2026-07-03T14:29:03.566804000Z,S1G Beacon,61,34,-64,920,3,1,,,,,,,0,0
4506,2026-07-03T14:29:04.196866000Z,QoS Data,132,34,-10,920,2,8,1,0,0,0,0,0,720,0
4508,2026-07-03T14:29:04.209310000Z,QoS Data,115,34,-23,920,2,8,1,0,0,0,0,0,720,0
4512,2026-07-03T14:29:04.359352000Z,QoS Data,112,34,-10,920,2,8,1,0,0,0,0,0,720,0
4514,2026-07-03T14:29:04.387799000Z,S1G Beacon,129,34,-64,920,3,1,,,,,,,0,0
4515,2026-07-03T14:29:04.455981000Z,S1G Beacon,61,34,-51,920,3,1,,,,,,,0,1
4516,2026-07-03T14:29:05.205228000Z,S1G Beacon,61,34,-65,920,3,1,,,,,,,0,0
4517,2026-07-03T14:29:05.277011000Z,S1G Beacon,129,34,-52,920,3,1,,,,,,,0,1
4518,2026-07-03T14:29:06.026271000Z,S1G Beacon,129,34,-65,920,3,1,,,,,,,0,0
4519,2026-07-03T14:29:06.094440000Z,S1G Beacon,61,34,-53,920,3,1,,,,,,,0,1
4521,2026-07-03T14:29:06.843681000Z,S1G Beacon,61,34,-64,920,3,1,,,,,,,0,0
4522,2026-07-03T14:29:06.915452000Z,S1G Beacon,129,34,-52,920,3,1,,,,,,,0,1
4523,2026-07-03T14:29:07.664719000Z,S1G Beacon,129,34,-65,920,3,1,,,,,,,0,0
4524,2026-07-03T14:29:07.732870000Z,S1G Beacon,61,34,-52,920,3,1,,,,,,,0,1
4525,2026-07-03T14:29:08.553929000Z,S1G Beacon,129,34,-53,920,3,1,,,,,,,0,1
4526,2026-07-03T14:29:09.226874000Z,QoS Data,132,34,-10,920,2,8,1,0,0,0,0,0,720,0
4528,2026-07-03T14:29:09.236043000Z,QoS Data,115,34,-28,920,2,8,1,0,0,0,0,0,720,0
4531,2026-07-03T14:29:09.303145000Z,S1G Beacon,129,34,-64,920,3,1,,,,,,,0,0
4532,2026-07-03T14:29:09.359192000Z,QoS Data,112,34,-11,920,2,8,1,0,0,0,0,0,720,0
4534,2026-07-03T14:29:10.120581000Z,S1G Beacon,61,34,-65,920,3,1,,,,,,,0,0
4535,2026-07-03T14:29:10.192344000Z,S1G Beacon,129,34,-51,920,3,1,,,,,,,0,1
4538,2026-07-03T14:29:10.941594000Z,S1G Beacon,129,34,-65,920,3,1,,,,,,,0,0
4539,2026-07-03T14:29:11.009767000Z,S1G Beacon,61,34,-53,920,3,1,,,,,,,0,1
4548,2026-07-03T14:29:11.759030000Z,S1G Beacon,61,34,-64,920,3,1,,,,,,,0,0
4549,2026-07-03T14:29:11.830791000Z,S1G Beacon,129,34,-52,920,3,1,,,,,,,0,1
4554,2026-07-03T14:29:12.580049000Z,S1G Beacon,129,34,-65,920,3,1,,,,,,,0,0
4555,2026-07-03T14:29:12.648231000Z,S1G Beacon,61,34,-52,920,3,1,,,,,,,0,1
4557,2026-07-03T14:29:13.397477000Z,S1G Beacon,61,34,-64,920,3,1,,,,,,,0,0
4558,2026-07-03T14:29:13.469240000Z,S1G Beacon,129,34,-53,920,3,1,,,,,,,0,1
4559,2026-07-03T14:29:14.246856000Z,QoS Data,132,34,-10,920,2,8,1,0,0,0,0,0,720,0
4563,2026-07-03T14:29:14.286655000Z,S1G Beacon,61,34,-51,920,3,1,,,,,,,0,1
4564,2026-07-03T14:29:14.359331000Z,QoS Data,112,34,-10,920,2,8,1,0,0,0,0,0,720,0
4567,2026-07-03T14:29:15.035927000Z,S1G Beacon,61,34,-64,920,3,1,,,,,,,0,0
4568,2026-07-03T14:29:15.107681000Z,S1G Beacon,129,34,-52,920,3,1,,,,,,,0,1
4570,2026-07-03T14:29:15.856951000Z,S1G Beacon,129,34,-66,920,3,1,,,,,,,0,0
4571,2026-07-03T14:29:15.925118000Z,S1G Beacon,61,34,-53,920,3,1,,,,,,,0,1
4572,2026-07-03T14:29:16.674399000Z,S1G Beacon,61,34,-65,920,3,1,,,,,,,0,0
4573,2026-07-03T14:29:16.746129000Z,S1G Beacon,129,34,-53,920,3,1,,,,,,,0,1
4574,2026-07-03T14:29:17.495409000Z,S1G Beacon,129,34,-64,920,3,1,,,,,,,0,0
4576,2026-07-03T14:29:17.563550000Z,S1G Beacon,61,34,-52,920,3,1,,,,,,,0,1
4578,2026-07-03T14:29:18.312819000Z,S1G Beacon,61,34,-65,920,3,1,,,,,,,0,0
4579,2026-07-03T14:29:18.384605000Z,S1G Beacon,129,34,-53,920,3,1,,,,,,,0,1
4581,2026-07-03T14:29:19.133856000Z,S1G Beacon,129,34,-66,920,3,1,,,,,,,0,0
4582,2026-07-03T14:29:19.201996000Z,S1G Beacon,61,34,-51,920,3,1,,,,,,,0,1
4583,2026-07-03T14:29:19.276903000Z,QoS Data,132,34,-9,920,2,8,1,0,0,0,0,0,720,0
4587,2026-07-03T14:29:19.359313000Z,QoS Data,112,34,-9,920,2,8,1,0,0,0,0,0,720,0
4590,2026-07-03T14:29:19.951288000Z,S1G Beacon,61,34,-67,920,3,1,,,,,,,0,0
4591,2026-07-03T14:29:20.023019000Z,S1G Beacon,129,34,-51,920,3,1,,,,,,,0,1
4592,2026-07-03T14:29:20.772309000Z,S1G Beacon,129,34,-65,920,3,1,,,,,,,0,0
4593,2026-07-03T14:29:20.840438000Z,S1G Beacon,61,34,-51,920,3,1,,,,,,,0,1
4595,2026-07-03T14:29:21.589715000Z,S1G Beacon,61,34,-66,920,3,1,,,,,,,0,0
4596,2026-07-03T14:29:21.661464000Z,S1G Beacon,129,34,-51,920,3,1,,,,,,,0,1
4597,2026-07-03T14:29:22.410761000Z,S1G Beacon,129,34,-65,920,3,1,,,,,,,0,0
4598,2026-07-03T14:29:22.478886000Z,S1G Beacon,61,34,-51,920,3,1,,,,,,,0,1
4599,2026-07-03T14:29:23.228175000Z,S1G Beacon,61,34,-65,920,3,1,,,,,,,0,0
4600,2026-07-03T14:29:23.299911000Z,S1G Beacon,129,34,-51,920,3,1,,,,,,,0,1
4601,2026-07-03T14:29:24.049201000Z,S1G Beacon,129,34,-64,920,3,1,,,,,,,0,0
4602,2026-07-03T14:29:24.117359000Z,S1G Beacon,61,34,-53,920,3,1,,,,,,,0,1
4603,2026-07-03T14:29:24.306884000Z,QoS Data,132,34,-10,920,2,8,1,0,0,0,0,0,720,0
4607,2026-07-03T14:29:24.359380000Z,QoS Data,112,34,-9,920,2,8,1,0,0,0,0,0,720,0
4611,2026-07-03T14:29:24.866615000Z,S1G Beacon,61,34,-65,920,3,1,,,,,,,0,0
4612,2026-07-03T14:29:24.938358000Z,S1G Beacon,129,34,-52,920,3,1,,,,,,,0,1
4614,2026-07-03T14:29:25.687645000Z,S1G Beacon,129,34,-65,920,3,1,,,,,,,0,0
4615,2026-07-03T14:29:25.755769000Z,S1G Beacon,61,34,-50,920,3,1,,,,,,,0,1
4616,2026-07-03T14:29:26.505071000Z,S1G Beacon,61,34,-66,920,3,1,,,,,,,0,0
4617,2026-07-03T14:29:26.576803000Z,S1G Beacon,129,34,-51,920,3,1,,,,,,,0,1
4618,2026-07-03T14:29:27.326103000Z,S1G Beacon,129,34,-64,920,3,1,,,,,,,0,0
4619,2026-07-03T14:29:27.394223000Z,S1G Beacon,61,34,-53,920,3,1,,,,,,,0,1
4621,2026-07-03T14:29:28.143516000Z,S1G Beacon,61,34,-66,920,3,1,,,,,,,0,0
4622,2026-07-03T14:29:28.215245000Z,S1G Beacon,129,34,-52,920,3,1,,,,,,,0,1
4623,2026-07-03T14:29:28.964552000Z,S1G Beacon,129,34,-65,920,3,1,,,,,,,0,0
4624,2026-07-03T14:29:29.032681000Z,S1G Beacon,61,34,-53,920,3,1,,,,,,,0,1
4625,2026-07-03T14:29:29.326874000Z,QoS Data,132,34,-10,920,2,8,1,0,0,0,0,0,720,0
4627,2026-07-03T14:29:29.348784000Z,QoS Data,115,34,-25,920,2,8,1,0,1,0,0,0,720,0
4630,2026-07-03T14:29:29.359253000Z,QoS Data,112,34,-10,920,2,8,1,0,0,0,0,0,720,0
4632,2026-07-03T14:29:29.781971000Z,S1G Beacon,61,34,-68,920,3,1,,,,,,,0,0
4633,2026-07-03T14:29:29.853700000Z,S1G Beacon,129,34,-51,920,3,1,,,,,,,0,1
4635,2026-07-03T14:29:30.602998000Z,S1G Beacon,129,34,-65,920,3,1,,,,,,,0,0
4636,2026-07-03T14:29:30.671109000Z,S1G Beacon,61,34,-52,920,3,1,,,,,,,0,1
4637,2026-07-03T14:29:31.420430000Z,S1G Beacon,61,34,-66,920,3,1,,,,,,,0,0
4638,2026-07-03T14:29:31.492139000Z,S1G Beacon,129,34,-51,920,3,1,,,,,,,0,1
4644,2026-07-03T14:29:32.241438000Z,S1G Beacon,129,34,-66,920,3,1,,,,,,,0,0
4645,2026-07-03T14:29:32.309570000Z,S1G Beacon,61,34,-52,920,3,1,,,,,,,0,1
4653,2026-07-03T14:29:33.058859000Z,S1G Beacon,61,34,-63,920,3,1,,,,,,,0,0
4655,2026-07-03T14:29:33.130578000Z,S1G Beacon,129,34,-52,920,3,1,,,,,,,0,1
4657,2026-07-03T14:29:33.879900000Z,S1G Beacon,129,34,-65,920,3,1,,,,,,,0,0
4658,2026-07-03T14:29:33.948008000Z,S1G Beacon,61,34,-52,920,3,1,,,,,,,0,1
4659,2026-07-03T14:29:34.356978000Z,QoS Data,132,34,-9,920,2,8,1,0,0,0,0,0,720,0
4662,2026-07-03T14:29:34.366595000Z,QoS Data,115,34,-18,920,2,8,1,0,0,0,0,0,720,0
4665,2026-07-03T14:29:34.609443000Z,QoS Data,112,34,-9,920,2,8,1,0,0,0,0,0,720,0
4668,2026-07-03T14:29:34.697319000Z,S1G Beacon,61,34,-65,920,3,1,,,,,,,0,0
4669,2026-07-03T14:29:34.769037000Z,S1G Beacon,129,34,-51,920,3,1,,,,,,,0,1
4670,2026-07-03T14:29:35.518353000Z,S1G Beacon,129,34,-65,920,3,1,,,,,,,0,0
4671,2026-07-03T14:29:35.586449000Z,S1G Beacon,61,34,-52,920,3,1,,,,,,,0,1
4672,2026-07-03T14:29:36.335778000Z,S1G Beacon,61,34,-63,920,3,1,,,,,,,0,0
4673,2026-07-03T14:29:36.407478000Z,S1G Beacon,129,34,-51,920,3,1,,,,,,,0,1
4675,2026-07-03T14:29:37.156796000Z,S1G Beacon,129,34,-65,920,3,1,,,,,,,0,0
4676,2026-07-03T14:29:37.224896000Z,S1G Beacon,61,34,-50,920,3,1,,,,,,,0,1
4677,2026-07-03T14:29:37.974218000Z,S1G Beacon,61,34,-65,920,3,1,,,,,,,0,0
4678,2026-07-03T14:29:38.045922000Z,S1G Beacon,129,34,-51,920,3,1,,,,,,,0,1
4679,2026-07-03T14:29:38.795253000Z,S1G Beacon,129,34,-66,920,3,1,,,,,,,0,0
4680,2026-07-03T14:29:38.863342000Z,S1G Beacon,61,34,-51,920,3,1,,,,,,,0,1
4681,2026-07-03T14:29:39.376899000Z,QoS Data,132,34,-10,920,2,8,1,0,0,0,0,0,720,0
4686,2026-07-03T14:29:39.608899000Z,QoS Data,112,34,-10,920,2,8,1,0,0,0,0,0,720,0
4689,2026-07-03T14:29:39.684369000Z,S1G Beacon,129,34,-52,920,3,1,,,,,,,0,1
4690,2026-07-03T14:29:40.433696000Z,S1G Beacon,129,34,-66,920,3,1,,,,,,,0,0
4691,2026-07-03T14:29:40.501784000Z,S1G Beacon,61,34,-51,920,3,1,,,,,,,0,1
4692,2026-07-03T14:29:41.251118000Z,S1G Beacon,61,34,-63,920,3,1,,,,,,,0,0
4694,2026-07-03T14:29:41.322813000Z,S1G Beacon,129,34,-52,920,3,1,,,,,,,0,1
4695,2026-07-03T14:29:42.072150000Z,S1G Beacon,129,34,-65,920,3,1,,,,,,,0,0
4696,2026-07-03T14:29:42.140232000Z,S1G Beacon,61,34,-53,920,3,1,,,,,,,0,1
4698,2026-07-03T14:29:42.889559000Z,S1G Beacon,61,34,-62,920,3,1,,,,,,,0,0
4699,2026-07-03T14:29:42.961261000Z,S1G Beacon,129,34,-51,920,3,1,,,,,,,0,1
4700,2026-07-03T14:29:43.710596000Z,S1G Beacon,129,34,-65,920,3,1,,,,,,,0,0
4701,2026-07-03T14:29:43.778885000Z,S1G Beacon,61,34,-52,920,3,1,,,,,,,0,1
4702,2026-07-03T14:29:44.421953000Z,QoS Data,132,34,-10,920,2,8,1,0,0,0,0,0,720,0
4705,2026-07-03T14:29:44.431373000Z,QoS Data,115,34,-19,920,2,8,1,0,0,0,0,0,720,0
4708,2026-07-03T14:29:44.528013000Z,S1G Beacon,61,34,-64,920,3,1,,,,,,,0,0
4709,2026-07-03T14:29:44.599702000Z,S1G Beacon,129,34,-53,920,3,1,,,,,,,0,1
4710,2026-07-03T14:29:44.608991000Z,QoS Data,112,34,-9,920,2,8,1,0,0,0,0,0,720,0
4713,2026-07-03T14:29:45.349056000Z,S1G Beacon,129,34,-63,920,3,1,,,,,,,0,0
4714,2026-07-03T14:29:45.417123000Z,S1G Beacon,61,34,-53,920,3,1,,,,,,,0,1
4717,2026-07-03T14:29:46.166503000Z,S1G Beacon,61,34,-64,920,3,1,,,,,,,0,0
4719,2026-07-03T14:29:46.238160000Z,S1G Beacon,129,34,-51,920,3,1,,,,,,,0,1
4720,2026-07-03T14:29:46.987505000Z,S1G Beacon,129,34,-64,920,3,1,,,,,,,0,0
4721,2026-07-03T14:29:47.055572000Z,S1G Beacon,61,34,-53,920,3,1,,,,,,,0,1
4722,2026-07-03T14:29:47.804935000Z,S1G Beacon,61,34,-63,920,3,1,,,,,,,0,0
4723,2026-07-03T14:29:47.876594000Z,S1G Beacon,129,34,-52,920,3,1,,,,,,,0,1
4724,2026-07-03T14:29:48.625959000Z,S1G Beacon,129,34,-65,920,3,1,,,,,,,0,0
4726,2026-07-03T14:29:48.694022000Z,S1G Beacon,61,34,-52,920,3,1,,,,,,,0,1
4727,2026-07-03T14:29:49.443364000Z,S1G Beacon,61,34,-63,920,3,1,,,,,,,0,0
4728,2026-07-03T14:29:49.448150000Z,QoS Data,132,34,-9,920,2,8,1,0,0,0,0,0,720,0
4731,2026-07-03T14:29:49.457750000Z,QoS Data,115,34,-19,920,2,8,1,0,0,0,0,0,720,0
4733,2026-07-03T14:29:49.515040000Z,S1G Beacon,129,34,-52,920,3,1,,,,,,,0,1
4734,2026-07-03T14:29:49.608997000Z,QoS Data,112,34,-9,920,2,8,1,0,0,0,0,0,720,0
4737,2026-07-03T14:29:50.264405000Z,S1G Beacon,129,34,-65,920,3,1,,,,,,,0,0
4738,2026-07-03T14:29:50.332468000Z,S1G Beacon,61,34,-51,920,3,1,,,,,,,0,1
4740,2026-07-03T14:29:51.081809000Z,S1G Beacon,61,34,-65,920,3,1,,,,,,,0,0
4741,2026-07-03T14:29:51.153506000Z,S1G Beacon,129,34,-52,920,3,1,,,,,,,0,1
4743,2026-07-03T14:29:51.902836000Z,S1G Beacon,129,34,-65,920,3,1,,,,,,,0,0
4744,2026-07-03T14:29:51.970905000Z,S1G Beacon,61,34,-52,920,3,1,,,,,,,0,1
4745,2026-07-03T14:29:52.720264000Z,S1G Beacon,61,34,-64,920,3,1,,,,,,,0,0
4746,2026-07-03T14:29:52.791931000Z,S1G Beacon,129,34,-53,920,3,1,,,,,,,0,1
4755,2026-07-03T14:29:53.541281000Z,S1G Beacon,129,34,-66,920,3,1,,,,,,,0,0
4757,2026-07-03T14:29:53.609353000Z,S1G Beacon,61,34,-52,920,3,1,,,,,,,0,1
4763,2026-07-03T14:29:54.358732000Z,S1G Beacon,61,34,-63,920,3,1,,,,,,,0,0
4764,2026-07-03T14:29:54.430393000Z,S1G Beacon,129,34,-51,920,3,1,,,,,,,0,1
4766,2026-07-03T14:29:54.486424000Z,QoS Data,115,34,-20,920,2,8,1,0,0,0,0,0,720,0
4769,2026-07-03T14:29:54.608997000Z,QoS Data,112,34,-9,920,2,8,1,0,0,0,0,0,720,0
4773,2026-07-03T14:29:55.179736000Z,S1G Beacon,129,34,-64,920,3,1,,,,,,,0,0
4774,2026-07-03T14:29:55.247800000Z,S1G Beacon,61,34,-53,920,3,1,,,,,,,0,1
4775,2026-07-03T14:29:56.068842000Z,S1G Beacon,129,34,-54,920,3,1,,,,,,,0,1
4776,2026-07-03T14:29:56.818194000Z,S1G Beacon,129,34,-64,920,3,1,,,,,,,0,0
4777,2026-07-03T14:29:56.886239000Z,S1G Beacon,61,34,-52,920,3,1,,,,,,,0,1
4778,2026-07-03T14:29:57.635615000Z,S1G Beacon,61,34,-63,920,3,1,,,,,,,0,0
4779,2026-07-03T14:29:57.707266000Z,S1G Beacon,129,34,-54,920,3,1,,,,,,,0,1
4781,2026-07-03T14:29:58.456641000Z,S1G Beacon,129,34,-63,920,3,1,,,,,,,0,0
4783,2026-07-03T14:29:58.524701000Z,S1G Beacon,61,34,-53,920,3,1,,,,,,,0,1
4784,2026-07-03T14:29:59.274062000Z,S1G Beacon,61,34,-62,920,3,1,,,,,,,0,0
4785,2026-07-03T14:29:59.345726000Z,S1G Beacon,129,34,-51,920,3,1,,,,,,,0,1
4786,2026-07-03T14:29:59.506569000Z,QoS Data,132,34,-9,920,2,8,1,0,0,0,0,0,720,0
4789,2026-07-03T14:29:59.516594000Z,QoS Data,115,34,-19,920,2,8,1,0,0,0,0,0,720,0
4792,2026-07-03T14:29:59.609078000Z,QoS Data,112,34,-10,920,2,8,1,0,0,0,0,0,720,0
4795,2026-07-03T14:30:00.095085000Z,S1G Beacon,129,34,-64,920,3,1,,,,,,,0,0
4796,2026-07-03T14:30:00.163131000Z,S1G Beacon,61,34,-51,920,3,1,,,,,,,0,1
4798,2026-07-03T14:30:00.912507000Z,S1G Beacon,61,34,-63,920,3,1,,,,,,,0,0
4799,2026-07-03T14:30:00.984157000Z,S1G Beacon,129,34,-51,920,3,1,,,,,,,0,1
4800,2026-07-03T14:30:01.733542000Z,S1G Beacon,129,34,-63,920,3,1,,,,,,,0,0
4801,2026-07-03T14:30:01.801580000Z,S1G Beacon,61,34,-54,920,3,1,,,,,,,0,1
4802,2026-07-03T14:30:02.550981000Z,S1G Beacon,61,34,-65,920,3,1,,,,,,,0,0
4803,2026-07-03T14:30:02.622608000Z,S1G Beacon,129,34,-54,920,3,1,,,,,,,0,1
4804,2026-07-03T14:30:03.371993000Z,S1G Beacon,129,34,-64,920,3,1,,,,,,,0,0
4805,2026-07-03T14:30:03.440028000Z,S1G Beacon,61,34,-53,920,3,1,,,,,,,0,1
4808,2026-07-03T14:30:04.189407000Z,S1G Beacon,61,34,-64,920,3,1,,,,,,,0,0
4809,2026-07-03T14:30:04.261060000Z,S1G Beacon,129,34,-52,920,3,1,,,,,,,0,1
4810,2026-07-03T14:30:04.526529000Z,QoS Data,132,34,-10,920,2,8,1,0,0,0,0,0,720,0
4812,2026-07-03T14:30:04.543636000Z,QoS Data,115,34,-24,920,2,8,1,0,0,0,0,0,720,0
4815,2026-07-03T14:30:04.609454000Z,QoS Data,112,34,-10,920,2,8,1,0,0,0,0,0,720,0
4817,2026-07-03T14:30:05.010446000Z,S1G Beacon,129,34,-62,920,3,1,,,,,,,0,0
4818,2026-07-03T14:30:05.078483000Z,S1G Beacon,61,34,-54,920,3,1,,,,,,,0,1
4821,2026-07-03T14:30:05.827866000Z,S1G Beacon,61,34,-62,920,3,1,,,,,,,0,0
4822,2026-07-03T14:30:05.899515000Z,S1G Beacon,129,34,-52,920,3,1,,,,,,,0,1
4823,2026-07-03T14:30:06.648903000Z,S1G Beacon,129,34,-64,920,3,1,,,,,,,0,0
4824,2026-07-03T14:30:06.716932000Z,S1G Beacon,61,34,-54,920,3,1,,,,,,,0,1
4826,2026-07-03T14:30:07.466311000Z,S1G Beacon,61,34,-65,920,3,1,,,,,,,0,0
4827,2026-07-03T14:30:07.537947000Z,S1G Beacon,129,34,-53,920,3,1,,,,,,,0,1
4830,2026-07-03T14:30:08.287331000Z,S1G Beacon,129,34,-64,920,3,1,,,,,,,0,0
4831,2026-07-03T14:30:08.355363000Z,S1G Beacon,61,34,-53,920,3,1,,,,,,,0,1
4832,2026-07-03T14:30:09.104761000Z,S1G Beacon,61,34,-62,920,3,1,,,,,,,0,0
4833,2026-07-03T14:30:09.176391000Z,S1G Beacon,129,34,-53,920,3,1,,,,,,,0,1
4834,2026-07-03T14:30:09.556942000Z,QoS Data,132,34,-9,920,2,8,1,0,0,0,0,0,720,0
4838,2026-07-03T14:30:09.609520000Z,QoS Data,112,34,-9,920,2,8,1,0,0,0,0,0,720,0
4842,2026-07-03T14:30:09.925782000Z,S1G Beacon,129,34,-64,920,3,1,,,,,,,0,0
4843,2026-07-03T14:30:09.993813000Z,S1G Beacon,61,34,-53,920,3,1,,,,,,,0,1
4844,2026-07-03T14:30:10.743197000Z,S1G Beacon,61,34,-62,920,3,1,,,,,,,0,0
4845,2026-07-03T14:30:10.814834000Z,S1G Beacon,129,34,-52,920,3,1,,,,,,,0,1
4847,2026-07-03T14:30:11.564235000Z,S1G Beacon,129,34,-63,920,3,1,,,,,,,0,0
4848,2026-07-03T14:30:11.632253000Z,S1G Beacon,61,34,-52,920,3,1,,,,,,,0,1
4849,2026-07-03T14:30:12.381666000Z,S1G Beacon,61,34,-63,920,3,1,,,,,,,0,0
4850,2026-07-03T14:30:12.453280000Z,S1G Beacon,129,34,-53,920,3,1,,,,,,,0,1
4852,2026-07-03T14:30:13.202684000Z,S1G Beacon,129,34,-66,920,3,1,,,,,,,0,0
4854,2026-07-03T14:30:13.270697000Z,S1G Beacon,61,34,-51,920,3,1,,,,,,,0,1
4857,2026-07-03T14:30:14.020109000Z,S1G Beacon,61,34,-65,920,3,1,,,,,,,0,0
4859,2026-07-03T14:30:14.091723000Z,S1G Beacon,129,34,-52,920,3,1,,,,,,,0,1
4865,2026-07-03T14:30:14.581552000Z,QoS Data,132,34,-9,920,2,8,1,0,1,0,0,0,720,0
4869,2026-07-03T14:30:14.612217000Z,RTS,54,34,-9,920,1,11,,,,0,0,0,2812,0
4871,2026-07-03T14:30:14.614305000Z,QoS Data,112,34,-10,920,2,8,1,0,1,0,0,0,720,0
4876,2026-07-03T14:30:14.841131000Z,S1G Beacon,129,34,-63,920,3,1,,,,,,,0,0
4878,2026-07-03T14:30:14.909151000Z,S1G Beacon,61,34,-54,920,3,1,,,,,,,0,1
4881,2026-07-03T14:30:15.658568000Z,S1G Beacon,61,34,-65,920,3,1,,,,,,,0,0
4882,2026-07-03T14:30:15.730177000Z,S1G Beacon,129,34,-51,920,3,1,,,,,,,0,1
4884,2026-07-03T14:30:16.479615000Z,S1G Beacon,129,34,-64,920,3,1,,,,,,,0,0
4885,2026-07-03T14:30:16.547596000Z,S1G Beacon,61,34,-51,920,3,1,,,,,,,0,1
4886,2026-07-03T14:30:17.297009000Z,S1G Beacon,61,34,-64,920,3,1,,,,,,,0,0
4887,2026-07-03T14:30:17.368625000Z,S1G Beacon,129,34,-51,920,3,1,,,,,,,0,1
4888,2026-07-03T14:30:18.118031000Z,S1G Beacon,129,34,-64,920,3,1,,,,,,,0,0
4889,2026-07-03T14:30:18.186038000Z,S1G Beacon,61,34,-53,920,3,1,,,,,,,0,1
4891,2026-07-03T14:30:18.935448000Z,S1G Beacon,61,34,-65,920,3,1,,,,,,,0,0
4892,2026-07-03T14:30:19.007061000Z,S1G Beacon,129,34,-53,920,3,1,,,,,,,0,1
4893,2026-07-03T14:30:19.607015000Z,QoS Data,132,34,-9,920,2,8,1,0,0,0,0,0,720,0
4895,2026-07-03T14:30:19.616752000Z,QoS Data,115,34,-24,920,2,8,1,0,0,0,0,0,720,0
4898,2026-07-03T14:30:19.756474000Z,S1G Beacon,129,34,-63,920,3,1,,,,,,,0,0
4899,2026-07-03T14:30:19.824481000Z,S1G Beacon,61,34,-53,920,3,1,,,,,,,0,1
4900,2026-07-03T14:30:19.859354000Z,QoS Data,112,34,-10,920,2,8,1,0,0,0,0,0,720,0
4903,2026-07-03T14:30:20.573905000Z,S1G Beacon,61,34,-65,920,3,1,,,,,,,0,0
4904,2026-07-03T14:30:20.645503000Z,S1G Beacon,129,34,-52,920,3,1,,,,,,,0,1
4905,2026-07-03T14:30:21.394934000Z,S1G Beacon,129,34,-65,920,3,1,,,,,,,0,0
4907,2026-07-03T14:30:22.212347000Z,S1G Beacon,61,34,-65,920,3,1,,,,,,,0,0
4908,2026-07-03T14:30:22.283951000Z,S1G Beacon,129,34,-53,920,3,1,,,,,,,0,1
4910,2026-07-03T14:30:23.033376000Z,S1G Beacon,129,34,-65,920,3,1,,,,,,,0,0
4911,2026-07-03T14:30:23.101371000Z,S1G Beacon,61,34,-53,920,3,1,,,,,,,0,1
4913,2026-07-03T14:30:23.850815000Z,S1G Beacon,61,34,-65,920,3,1,,,,,,,0,0
4914,2026-07-03T14:30:23.922398000Z,S1G Beacon,129,34,-52,920,3,1,,,,,,,0,1
4915,2026-07-03T14:30:24.626964000Z,QoS Data,132,34,-9,920,2,8,1,0,0,0,0,0,720,0
4919,2026-07-03T14:30:24.671824000Z,S1G Beacon,129,34,-64,920,3,1,,,,,,,0,0
4920,2026-07-03T14:30:24.739820000Z,S1G Beacon,61,34,-51,920,3,1,,,,,,,0,1
4921,2026-07-03T14:30:24.859354000Z,QoS Data,112,34,-10,920,2,8,1,0,0,0,0,0,720,0
4925,2026-07-03T14:30:25.489255000Z,S1G Beacon,61,34,-64,920,3,1,,,,,,,0,0
4927,2026-07-03T14:30:25.570363000Z,S1G Beacon,129,34,-51,920,3,1,,,,,,,0,1
4928,2026-07-03T14:30:26.310281000Z,S1G Beacon,129,34,-64,920,3,1,,,,,,,0,0
4929,2026-07-03T14:30:26.378265000Z,S1G Beacon,61,34,-52,920,3,1,,,,,,,0,1
4930,2026-07-03T14:30:27.199302000Z,S1G Beacon,129,34,-52,920,3,1,,,,,,,0,1
4931,2026-07-03T14:30:27.948734000Z,S1G Beacon,129,34,-66,920,3,1,,,,,,,0,0
4933,2026-07-03T14:30:28.016705000Z,S1G Beacon,61,34,-51,920,3,1,,,,,,,0,1
4940,2026-07-03T14:30:28.766154000Z,S1G Beacon,61,34,-65,920,3,1,,,,,,,0,0
4941,2026-07-03T14:30:28.837737000Z,S1G Beacon,129,34,-52,920,3,1,,,,,,,0,1
4943,2026-07-03T14:30:29.587165000Z,S1G Beacon,129,34,-64,920,3,1,,,,,,,0,0
4944,2026-07-03T14:30:29.646935000Z,QoS Data,132,34,-10,920,2,8,1,0,0,0,0,0,720,0
4947,2026-07-03T14:30:29.655157000Z,S1G Beacon,61,34,-52,920,3,1,,,,,,,0,1
4949,2026-07-03T14:30:29.859324000Z,QoS Data,112,34,-8,920,2,8,1,0,0,0,0,0,720,0
4952,2026-07-03T14:30:30.404597000Z,S1G Beacon,61,34,-64,920,3,1,,,,,,,0,0
4953,2026-07-03T14:30:30.476185000Z,S1G Beacon,129,34,-53,920,3,1,,,,,,,0,1
4955,2026-07-03T14:30:31.225621000Z,S1G Beacon,129,34,-65,920,3,1,,,,,,,0,0
4956,2026-07-03T14:30:31.293603000Z,S1G Beacon,61,34,-53,920,3,1,,,,,,,0,1
4957,2026-07-03T14:30:32.043049000Z,S1G Beacon,61,34,-66,920,3,1,,,,,,,0,0
4958,2026-07-03T14:30:32.114627000Z,S1G Beacon,129,34,-51,920,3,1,,,,,,,0,1
4959,2026-07-03T14:30:32.864074000Z,S1G Beacon,129,34,-65,920,3,1,,,,,,,0,0
4960,2026-07-03T14:30:32.932050000Z,S1G Beacon,61,34,-52,920,3,1,,,,,,,0,1
4961,2026-07-03T14:30:33.681522000Z,S1G Beacon,61,34,-66,920,3,1,,,,,,,0,0
4962,2026-07-03T14:30:33.753090000Z,S1G Beacon,129,34,-51,920,3,1,,,,,,,0,1
4964,2026-07-03T14:30:34.502526000Z,S1G Beacon,129,34,-66,920,3,1,,,,,,,0,0
4965,2026-07-03T14:30:34.570504000Z,S1G Beacon,61,34,-51,920,3,1,,,,,,,0,1
4966,2026-07-03T14:30:34.676959000Z,QoS Data,132,34,-9,920,2,8,1,0,0,0,0,0,720,0
4971,2026-07-03T14:30:34.859297000Z,QoS Data,112,34,-9,920,2,8,1,0,0,0,0,0,720,0
4978,2026-07-03T14:30:35.319957000Z,S1G Beacon,61,34,-65,920,3,1,,,,,,,0,0
4980,2026-07-03T14:30:35.391535000Z,S1G Beacon,129,34,-52,920,3,1,,,,,,,0,1
4988,2026-07-03T14:30:36.140985000Z,S1G Beacon,129,34,-66,920,3,1,,,,,,,0,0
4989,2026-07-03T14:30:36.208958000Z,S1G Beacon,61,34,-52,920,3,1,,,,,,,0,1
4990,2026-07-03T14:30:36.958418000Z,S1G Beacon,61,34,-66,920,3,1,,,,,,,0,0
4991,2026-07-03T14:30:37.029983000Z,S1G Beacon,129,34,-51,920,3,1,,,,,,,0,1
4993,2026-07-03T14:30:37.779440000Z,S1G Beacon,129,34,-67,920,3,1,,,,,,,0,0
4994,2026-07-03T14:30:37.847398000Z,S1G Beacon,61,34,-51,920,3,1,,,,,,,0,1
4995,2026-07-03T14:30:38.596863000Z,S1G Beacon,61,34,-65,920,3,1,,,,,,,0,0
4996,2026-07-03T14:30:38.668426000Z,S1G Beacon,129,34,-51,920,3,1,,,,,,,0,1
4998,2026-07-03T14:30:39.417890000Z,S1G Beacon,129,34,-63,920,3,1,,,,,,,0,0
4999,2026-07-03T14:30:39.485848000Z,S1G Beacon,61,34,-53,920,3,1,,,,,,,0,1
5000,2026-07-03T14:30:39.707167000Z,QoS Data,132,34,-9,920,2,8,1,0,0,0,0,0,720,0
5003,2026-07-03T14:30:39.723454000Z,QoS Data,115,34,-21,920,2,8,1,0,1,0,0,0,720,0
5006,2026-07-03T14:30:39.859514000Z,QoS Data,112,34,-8,920,2,8,1,0,0,0,0,0,720,0
5010,2026-07-03T14:30:40.235308000Z,S1G Beacon,61,34,-63,920,3,1,,,,,,,0,0
5011,2026-07-03T14:30:40.306870000Z,S1G Beacon,129,34,-52,920,3,1,,,,,,,0,1
5012,2026-07-03T14:30:41.056339000Z,S1G Beacon,129,34,-63,920,3,1,,,,,,,0,0
5013,2026-07-03T14:30:41.124293000Z,S1G Beacon,61,34,-53,920,3,1,,,,,,,0,1
5014,2026-07-03T14:30:41.873767000Z,S1G Beacon,61,34,-64,920,3,1,,,,,,,0,0
5015,2026-07-03T14:30:41.945317000Z,S1G Beacon,129,34,-52,920,3,1,,,,,,,0,1
5017,2026-07-03T14:30:42.694792000Z,S1G Beacon,129,34,-63,920,3,1,,,,,,,0,0
5018,2026-07-03T14:30:42.762742000Z,S1G Beacon,61,34,-51,920,3,1,,,,,,,0,1
5020,2026-07-03T14:30:43.512208000Z,S1G Beacon,61,34,-63,920,3,1,,,,,,,0,0
5021,2026-07-03T14:30:43.583766000Z,S1G Beacon,129,34,-52,920,3,1,,,,,,,0,1
5023,2026-07-03T14:30:44.333241000Z,S1G Beacon,129,34,-63,920,3,1,,,,,,,0,0
5024,2026-07-03T14:30:44.401182000Z,S1G Beacon,61,34,-53,920,3,1,,,,,,,0,1
5025,2026-07-03T14:30:44.737002000Z,QoS Data,132,34,-9,920,2,8,1,0,0,0,0,0,720,0
5028,2026-07-03T14:30:44.751106000Z,QoS Data,115,34,-20,920,2,8,1,0,1,0,0,0,720,0
5031,2026-07-03T14:30:44.859429000Z,QoS Data,112,34,-8,920,2,8,1,0,0,0,0,0,720,0
5034,2026-07-03T14:30:45.150666000Z,S1G Beacon,61,34,-63,920,3,1,,,,,,,0,0
5035,2026-07-03T14:30:45.222223000Z,S1G Beacon,129,34,-52,920,3,1,,,,,,,0,1
5036,2026-07-03T14:30:45.971696000Z,S1G Beacon,129,34,-63,920,3,1,,,,,,,0,0
5037,2026-07-03T14:30:46.039634000Z,S1G Beacon,61,34,-53,920,3,1,,,,,,,0,1
5040,2026-07-03T14:30:46.789120000Z,S1G Beacon,61,34,-64,920,3,1,,,,,,,0,0
5041,2026-07-03T14:30:46.860681000Z,S1G Beacon,129,34,-52,920,3,1,,,,,,,0,1
5043,2026-07-03T14:30:47.610136000Z,S1G Beacon,129,34,-66,920,3,1,,,,,,,0,0
5044,2026-07-03T14:30:47.678077000Z,S1G Beacon,61,34,-51,920,3,1,,,,,,,0,1
5045,2026-07-03T14:30:48.427560000Z,S1G Beacon,61,34,-62,920,3,1,,,,,,,0,0
5046,2026-07-03T14:30:48.499106000Z,S1G Beacon,129,34,-51,920,3,1,,,,,,,0,1
5048,2026-07-03T14:30:49.248582000Z,S1G Beacon,129,34,-66,920,3,1,,,,,,,0,0
5049,2026-07-03T14:30:49.316512000Z,S1G Beacon,61,34,-54,920,3,1,,,,,,,0,1
5050,2026-07-03T14:30:49.766993000Z,QoS Data,132,34,-9,920,2,8,1,0,0,0,0,0,720,0
5054,2026-07-03T14:30:49.859277000Z,QoS Data,112,34,-10,920,2,8,1,0,0,0,0,0,720,0
5058,2026-07-03T14:30:50.065997000Z,S1G Beacon,61,34,-63,920,3,1,,,,,,,0,0
5059,2026-07-03T14:30:50.137589000Z,S1G Beacon,129,34,-52,920,3,1,,,,,,,0,1
5060,2026-07-03T14:30:50.887032000Z,S1G Beacon,129,34,-65,920,3,1,,,,,,,0,0
5061,2026-07-03T14:30:50.954958000Z,S1G Beacon,61,34,-52,920,3,1,,,,,,,0,1
5062,2026-07-03T14:30:51.704454000Z,S1G Beacon,61,34,-64,920,3,1,,,,,,,0,0
5063,2026-07-03T14:30:51.775985000Z,S1G Beacon,129,34,-52,920,3,1,,,,,,,0,1
5065,2026-07-03T14:30:52.525476000Z,S1G Beacon,129,34,-64,920,3,1,,,,,,,0,0
5066,2026-07-03T14:30:52.593407000Z,S1G Beacon,61,34,-51,920,3,1,,,,,,,0,1
5067,2026-07-03T14:30:53.342898000Z,S1G Beacon,61,34,-63,920,3,1,,,,,,,0,0
5068,2026-07-03T14:30:53.414431000Z,S1G Beacon,129,34,-51,920,3,1,,,,,,,0,1
5069,2026-07-03T14:30:54.163933000Z,S1G Beacon,129,34,-65,920,3,1,,,,,,,0,0
5070,2026-07-03T14:30:54.231850000Z,S1G Beacon,61,34,-53,920,3,1,,,,,,,0,1
5071,2026-07-03T14:30:54.796621000Z,QoS Data,132,34,-9,920,2,8,1,0,0,0,0,0,720,0
5074,2026-07-03T14:30:54.810138000Z,RTS,54,34,-21,920,1,11,,,,0,0,0,2440,0
5077,2026-07-03T14:30:54.859079000Z,QoS Data,112,34,-10,920,2,8,1,0,0,0,0,0,720,0
5080,2026-07-03T14:30:54.981343000Z,S1G Beacon,61,34,-65,920,3,1,,,,,,,0,0
5081,2026-07-03T14:30:55.052874000Z,S1G Beacon,129,34,-51,920,3,1,,,,,,,0,1
5083,2026-07-03T14:30:55.802382000Z,S1G Beacon,129,34,-65,920,3,1,,,,,,,0,0
5086,2026-07-03T14:30:55.870300000Z,S1G Beacon,61,34,-51,920,3,1,,,,,,,0,1
5095,2026-07-03T14:30:56.619793000Z,S1G Beacon,61,34,-64,920,3,1,,,,,,,0,0
5097,2026-07-03T14:30:56.691326000Z,S1G Beacon,129,34,-52,920,3,1,,,,,,,0,1
5101,2026-07-03T14:30:57.440844000Z,S1G Beacon,129,34,-65,920,3,1,,,,,,,0,0
5102,2026-07-03T14:30:57.508739000Z,S1G Beacon,61,34,-51,920,3,1,,,,,,,0,1
5104,2026-07-03T14:30:58.258243000Z,S1G Beacon,61,34,-64,920,3,1,,,,,,,0,0
5105,2026-07-03T14:30:58.329773000Z,S1G Beacon,129,34,-52,920,3,1,,,,,,,0,1
5107,2026-07-03T14:30:59.079279000Z,S1G Beacon,129,34,-63,920,3,1,,,,,,,0,0
5108,2026-07-03T14:30:59.147186000Z,S1G Beacon,61,34,-53,920,3,1,,,,,,,0,1
5109,2026-07-03T14:30:59.826605000Z,QoS Data,132,34,-9,920,2,8,1,0,0,0,0,0,720,0
5113,2026-07-03T14:30:59.862901000Z,RTS,54,34,-9,920,1,11,,,,0,0,0,2812,0
5115,2026-07-03T14:30:59.864986000Z,QoS Data,112,34,-9,920,2,8,1,0,1,0,0,0,720,0
5118,2026-07-03T14:30:59.968215000Z,S1G Beacon,129,34,-52,920,3,1,,,,,,,0,1
5119,2026-07-03T14:31:00.717725000Z,S1G Beacon,129,34,-63,920,3,1,,,,,,,0,0
5120,2026-07-03T14:31:00.785629000Z,S1G Beacon,61,34,-52,920,3,1,,,,,,,0,1
5122,2026-07-03T14:31:01.535144000Z,S1G Beacon,61,34,-62,920,3,1,,,,,,,0,0
5123,2026-07-03T14:31:01.606659000Z,S1G Beacon,129,34,-51,920,3,1,,,,,,,0,1
5124,2026-07-03T14:31:02.356180000Z,S1G Beacon,129,34,-63,920,3,1,,,,,,,0,0
5125,2026-07-03T14:31:02.424078000Z,S1G Beacon,61,34,-51,920,3,1,,,,,,,0,1
5126,2026-07-03T14:31:03.173596000Z,S1G Beacon,61,34,-63,920,3,1,,,,,,,0,0
5127,2026-07-03T14:31:03.245106000Z,S1G Beacon,129,34,-52,920,3,1,,,,,,,0,1
5128,2026-07-03T14:31:03.994625000Z,S1G Beacon,129,34,-63,920,3,1,,,,,,,0,0
5129,2026-07-03T14:31:04.062523000Z,S1G Beacon,61,34,-51,920,3,1,,,,,,,0,1
5131,2026-07-03T14:31:04.812047000Z,S1G Beacon,61,34,-65,920,3,1,,,,,,,0,0
5132,2026-07-03T14:31:04.846588000Z,QoS Data,132,34,-9,920,2,8,1,0,0,0,0,0,720,0
5136,2026-07-03T14:31:04.883551000Z,S1G Beacon,129,34,-51,920,3,1,,,,,,,0,1
5137,2026-07-03T14:31:05.109109000Z,QoS Data,112,34,-10,920,2,8,1,0,0,0,0,0,720,0
5140,2026-07-03T14:31:05.633069000Z,S1G Beacon,129,34,-63,920,3,1,,,,,,,0,0
5141,2026-07-03T14:31:05.700976000Z,S1G Beacon,61,34,-53,920,3,1,,,,,,,0,1
5142,2026-07-03T14:31:06.450513000Z,S1G Beacon,61,34,-64,920,3,1,,,,,,,0,0
5143,2026-07-03T14:31:06.522002000Z,S1G Beacon,129,34,-51,920,3,1,,,,,,,0,1
5145,2026-07-03T14:31:07.271519000Z,S1G Beacon,129,34,-63,920,3,1,,,,,,,0,0
5147,2026-07-03T14:31:08.088936000Z,S1G Beacon,61,34,-64,920,3,1,,,,,,,0,0
5148,2026-07-03T14:31:08.160448000Z,S1G Beacon,129,34,-51,920,3,1,,,,,,,0,1
5149,2026-07-03T14:31:08.909980000Z,S1G Beacon,129,34,-65,920,3,1,,,,,,,0,0
5150,2026-07-03T14:31:08.977857000Z,S1G Beacon,61,34,-51,920,3,1,,,,,,,0,1
5152,2026-07-03T14:31:09.727392000Z,S1G Beacon,61,34,-64,920,3,1,,,,,,,0,0
5153,2026-07-03T14:31:09.798888000Z,S1G Beacon,129,34,-51,920,3,1,,,,,,,0,1
5154,2026-07-03T14:31:09.866698000Z,QoS Data,132,34,-11,920,2,8,1,0,0,0,0,0,720,0
5158,2026-07-03T14:31:10.109091000Z,QoS Data,112,34,-8,920,2,8,1,0,0,0,0,0,720,0
5162,2026-07-03T14:31:10.548423000Z,S1G Beacon,129,34,-65,920,3,1,,,,,,,0,0
5163,2026-07-03T14:31:10.616313000Z,S1G Beacon,61,34,-52,920,3,1,,,,,,,0,1
5164,2026-07-03T14:31:11.365841000Z,S1G Beacon,61,34,-63,920,3,1,,,,,,,0,0
5165,2026-07-03T14:31:11.437329000Z,S1G Beacon,129,34,-52,920,3,1,,,,,,,0,1
5166,2026-07-03T14:31:12.186878000Z,S1G Beacon,129,34,-62,920,3,1,,,,,,,0,0
5167,2026-07-03T14:31:12.254767000Z,S1G Beacon,61,34,-52,920,3,1,,,,,,,0,1
5168,2026-07-03T14:31:13.004306000Z,S1G Beacon,61,34,-63,920,3,1,,,,,,,0,0
5169,2026-07-03T14:31:13.075784000Z,S1G Beacon,129,34,-51,920,3,1,,,,,,,0,1
5171,2026-07-03T14:31:13.825324000Z,S1G Beacon,129,34,-63,920,3,1,,,,,,,0,0
5172,2026-07-03T14:31:13.893198000Z,S1G Beacon,61,34,-51,920,3,1,,,,,,,0,1
5173,2026-07-03T14:31:14.642734000Z,S1G Beacon,61,34,-62,920,3,1,,,,,,,0,0
5174,2026-07-03T14:31:14.714214000Z,S1G Beacon,129,34,-51,920,3,1,,,,,,,0,1
5175,2026-07-03T14:31:14.886600000Z,QoS Data,132,34,-8,920,2,8,1,0,0,0,0,0,720,0
5179,2026-07-03T14:31:15.109600000Z,QoS Data,112,34,-8,920,2,8,1,0,0,0,0,0,720,0
5182,2026-07-03T14:31:15.463763000Z,S1G Beacon,129,34,-62,920,3,1,,,,,,,0,0
5183,2026-07-03T14:31:15.531636000Z,S1G Beacon,61,34,-51,920,3,1,,,,,,,0,1
5184,2026-07-03T14:31:16.281212000Z,S1G Beacon,61,34,-63,920,3,1,,,,,,,0,0
5185,2026-07-03T14:31:16.352672000Z,S1G Beacon,129,34,-51,920,3,1,,,,,,,0,1
5191,2026-07-03T14:31:17.102208000Z,S1G Beacon,129,34,-63,920,3,1,,,,,,,0,0
5193,2026-07-03T14:31:17.170086000Z,S1G Beacon,61,34,-51,920,3,1,,,,,,,0,1
5201,2026-07-03T14:31:17.919631000Z,S1G Beacon,61,34,-62,920,3,1,,,,,,,0,0
5203,2026-07-03T14:31:17.991104000Z,S1G Beacon,129,34,-51,920,3,1,,,,,,,0,1
5206,2026-07-03T14:31:18.740726000Z,S1G Beacon,129,34,-63,920,3,1,,,,,,,0,0
5208,2026-07-03T14:31:19.558087000Z,S1G Beacon,61,34,-63,920,3,1,,,,,,,0,0
5209,2026-07-03T14:31:19.629565000Z,S1G Beacon,129,34,-52,920,3,1,,,,,,,0,1
5210,2026-07-03T14:31:19.952527000Z,QoS Data,132,34,-9,920,2,8,1,0,0,0,0,0,720,0
5213,2026-07-03T14:31:19.961816000Z,QoS Data,115,34,-16,920,2,8,1,0,0,0,0,0,720,0
5216,2026-07-03T14:31:20.109507000Z,QoS Data,112,34,-7,920,2,8,1,0,0,0,0,0,720,0
5219,2026-07-03T14:31:20.379109000Z,S1G Beacon,129,34,-64,920,3,1,,,,,,,0,0
5220,2026-07-03T14:31:20.446972000Z,S1G Beacon,61,34,-51,920,3,1,,,,,,,0,1
5221,2026-07-03T14:31:21.196530000Z,S1G Beacon,61,34,-63,920,3,1,,,,,,,0,0
5222,2026-07-03T14:31:21.267997000Z,S1G Beacon,129,34,-52,920,3,1,,,,,,,0,1
5223,2026-07-03T14:31:22.017564000Z,S1G Beacon,129,34,-63,920,3,1,,,,,,,0,0
5224,2026-07-03T14:31:22.085418000Z,S1G Beacon,61,34,-51,920,3,1,,,,,,,0,1
5226,2026-07-03T14:31:22.834978000Z,S1G Beacon,61,34,-64,920,3,1,,,,,,,0,0
5227,2026-07-03T14:31:22.906439000Z,S1G Beacon,129,34,-51,920,3,1,,,,,,,0,1
5228,2026-07-03T14:31:23.656007000Z,S1G Beacon,129,34,-63,920,3,1,,,,,,,0,0
5229,2026-07-03T14:31:23.723864000Z,S1G Beacon,61,34,-52,920,3,1,,,,,,,0,1
5230,2026-07-03T14:31:24.473440000Z,S1G Beacon,61,34,-63,920,3,1,,,,,,,0,0
5231,2026-07-03T14:31:24.544888000Z,S1G Beacon,129,34,-53,920,3,1,,,,,,,0,1
5232,2026-07-03T14:31:24.976998000Z,QoS Data,132,34,-7,920,2,8,1,0,0,0,0,0,720,0
5235,2026-07-03T14:31:24.985862000Z,QoS Data,115,34,-16,920,2,8,1,0,0,0,0,0,720,0
5238,2026-07-03T14:31:25.109468000Z,QoS Data,112,34,-9,920,2,8,1,0,0,0,0,0,720,0
5241,2026-07-03T14:31:25.362306000Z,S1G Beacon,61,34,-51,920,3,1,,,,,,,0,1
5245,2026-07-03T14:31:26.111876000Z,S1G Beacon,61,34,-63,920,3,1,,,,,,,0,0
5246,2026-07-03T14:31:26.183336000Z,S1G Beacon,129,34,-52,920,3,1,,,,,,,0,1
5247,2026-07-03T14:31:26.932907000Z,S1G Beacon,129,34,-63,920,3,1,,,,,,,0,0
5248,2026-07-03T14:31:27.000765000Z,S1G Beacon,61,34,-53,920,3,1,,,,,,,0,1
5249,2026-07-03T14:31:27.750332000Z,S1G Beacon,61,34,-63,920,3,1,,,,,,,0,0
5250,2026-07-03T14:31:27.821782000Z,S1G Beacon,129,34,-52,920,3,1,,,,,,,0,1
5252,2026-07-03T14:31:28.571358000Z,S1G Beacon,129,34,-65,920,3,1,,,,,,,0,0
5253,2026-07-03T14:31:28.639199000Z,S1G Beacon,61,34,-51,920,3,1,,,,,,,0,1
5254,2026-07-03T14:31:29.388780000Z,S1G Beacon,61,34,-63,920,3,1,,,,,,,0,0
5255,2026-07-03T14:31:29.460225000Z,S1G Beacon,129,34,-52,920,3,1,,,,,,,0,1
5256,2026-07-03T14:31:29.997001000Z,QoS Data,132,34,-9,920,2,8,1,0,0,0,0,0,720,0
5260,2026-07-03T14:31:30.109530000Z,QoS Data,112,34,-10,920,2,8,1,0,0,0,0,0,720,0
5263,2026-07-03T14:31:30.209803000Z,S1G Beacon,129,34,-62,920,3,1,,,,,,,0,0
5264,2026-07-03T14:31:30.277640000Z,S1G Beacon,61,34,-51,920,3,1,,,,,,,0,1
5265,2026-07-03T14:31:31.027228000Z,S1G Beacon,61,34,-62,920,3,1,,,,,,,0,0
5267,2026-07-03T14:31:31.848248000Z,S1G Beacon,129,34,-63,920,3,1,,,,,,,0,0
5268,2026-07-03T14:31:31.916091000Z,S1G Beacon,61,34,-52,920,3,1,,,,,,,0,1
5270,2026-07-03T14:31:32.665674000Z,S1G Beacon,61,34,-62,920,3,1,,,,,,,0,0
5271,2026-07-03T14:31:32.737117000Z,S1G Beacon,129,34,-53,920,3,1,,,,,,,0,1
5272,2026-07-03T14:31:33.486706000Z,S1G Beacon,129,34,-62,920,3,1,,,,,,,0,0
5273,2026-07-03T14:31:33.554541000Z,S1G Beacon,61,34,-51,920,3,1,,,,,,,0,1
5274,2026-07-03T14:31:34.304116000Z,S1G Beacon,61,34,-62,920,3,1,,,,,,,0,0
5275,2026-07-03T14:31:34.375564000Z,S1G Beacon,129,34,-51,920,3,1,,,,,,,0,1
5277,2026-07-03T14:31:35.027029000Z,QoS Data,132,34,-10,920,2,8,1,0,0,0,0,0,720,0
5281,2026-07-03T14:31:35.109521000Z,QoS Data,112,34,-9,920,2,8,1,0,0,0,0,0,720,0
5284,2026-07-03T14:31:35.125153000Z,S1G Beacon,129,34,-64,920,3,1,,,,,,,0,0
5285,2026-07-03T14:31:35.192984000Z,S1G Beacon,61,34,-52,920,3,1,,,,,,,0,1
5286,2026-07-03T14:31:35.942580000Z,S1G Beacon,61,34,-64,920,3,1,,,,,,,0,0
5288,2026-07-03T14:31:36.014010000Z,S1G Beacon,129,34,-52,920,3,1,,,,,,,0,1
5289,2026-07-03T14:31:36.763604000Z,S1G Beacon,129,34,-63,920,3,1,,,,,,,0,0
5290,2026-07-03T14:31:36.833664000Z,S1G Beacon,61,34,-52,920,3,1,,,,,,,0,1
5292,2026-07-03T14:31:37.581027000Z,S1G Beacon,61,34,-61,920,3,1,,,,,,,0,0
5293,2026-07-03T14:31:37.652458000Z,S1G Beacon,129,34,-51,920,3,1,,,,,,,0,1
5299,2026-07-03T14:31:38.402057000Z,S1G Beacon,129,34,-63,920,3,1,,,,,,,0,0
5301,2026-07-03T14:31:38.469874000Z,S1G Beacon,61,34,-53,920,3,1,,,,,,,0,1
5309,2026-07-03T14:31:39.219469000Z,S1G Beacon,61,34,-63,920,3,1,,,,,,,0,0
5310,2026-07-03T14:31:39.290902000Z,S1G Beacon,129,34,-52,920,3,1,,,,,,,0,1
5311,2026-07-03T14:31:40.040506000Z,S1G Beacon,129,34,-63,920,3,1,,,,,,,0,0
5312,2026-07-03T14:31:40.061662000Z,QoS Data,132,34,-9,920,2,8,1,0,1,0,0,0,720,0
5316,2026-07-03T14:31:40.108323000Z,S1G Beacon,61,34,-53,920,3,1,,,,,,,0,1
5317,2026-07-03T14:31:40.110329000Z,QoS Data,112,34,-8,920,2,8,1,0,0,0,0,0,720,0
5323,2026-07-03T14:31:40.857921000Z,S1G Beacon,61,34,-62,920,3,1,,,,,,,0,0
5324,2026-07-03T14:31:40.929347000Z,S1G Beacon,129,34,-53,920,3,1,,,,,,,0,1
5325,2026-07-03T14:31:41.746769000Z,S1G Beacon,61,34,-53,920,3,1,,,,,,,0,1
5326,2026-07-03T14:31:42.496388000Z,S1G Beacon,61,34,-63,920,3,1,,,,,,,0,0
5327,2026-07-03T14:31:42.567809000Z,S1G Beacon,129,34,-52,920,3,1,,,,,,,0,1
5328,2026-07-03T14:31:43.317405000Z,S1G Beacon,129,34,-63,920,3,1,,,,,,,0,0
5329,2026-07-03T14:31:43.385278000Z,S1G Beacon,61,34,-54,920,3,1,,,,,,,0,1
5331,2026-07-03T14:31:44.134826000Z,S1G Beacon,61,34,-63,920,3,1,,,,,,,0,0
5332,2026-07-03T14:31:44.206247000Z,S1G Beacon,129,34,-53,920,3,1,,,,,,,0,1
5333,2026-07-03T14:31:44.955860000Z,S1G Beacon,129,34,-63,920,3,1,,,,,,,0,0
5334,2026-07-03T14:31:45.087111000Z,QoS Data,132,34,-11,920,2,8,1,0,0,0,0,0,720,0
5338,2026-07-03T14:31:45.112863000Z,RTS,54,34,-10,920,1,11,,,,0,0,0,2812,0
5340,2026-07-03T14:31:45.114949000Z,QoS Data,112,34,-9,920,2,8,1,0,1,0,0,0,720,0
5343,2026-07-03T14:31:45.773280000Z,S1G Beacon,61,34,-65,920,3,1,,,,,,,0,0
5344,2026-07-03T14:31:45.844690000Z,S1G Beacon,129,34,-51,920,3,1,,,,,,,0,1
5346,2026-07-03T14:31:46.594309000Z,S1G Beacon,129,34,-62,920,3,1,,,,,,,0,0
5348,2026-07-03T14:31:46.662108000Z,S1G Beacon,61,34,-51,920,3,1,,,,,,,0,1
5349,2026-07-03T14:31:47.411737000Z,S1G Beacon,61,34,-62,920,3,1,,,,,,,0,0
5350,2026-07-03T14:31:47.483277000Z,S1G Beacon,129,34,-52,920,3,1,,,,,,,0,1
5351,2026-07-03T14:31:48.232770000Z,S1G Beacon,129,34,-64,920,3,1,,,,,,,0,0
5352,2026-07-03T14:31:48.300560000Z,S1G Beacon,61,34,-51,920,3,1,,,,,,,0,1
5353,2026-07-03T14:31:49.121598000Z,S1G Beacon,129,34,-51,920,3,1,,,,,,,0,1
5355,2026-07-03T14:31:49.871206000Z,S1G Beacon,129,34,-62,920,3,1,,,,,,,0,0
5356,2026-07-03T14:31:49.939009000Z,S1G Beacon,61,34,-53,920,3,1,,,,,,,0,1
5357,2026-07-03T14:31:50.108274000Z,QoS Data,132,34,-9,920,2,8,1,0,0,0,0,0,720,0
5360,2026-07-03T14:31:50.119031000Z,QoS Data,115,34,-24,920,2,8,1,0,0,0,0,0,720,0
5363,2026-07-03T14:31:50.359528000Z,QoS Data,112,34,-9,920,2,8,1,0,0,0,0,0,720,0
5366,2026-07-03T14:31:50.688621000Z,S1G Beacon,61,34,-61,920,3,1,,,,,,,0,0
5367,2026-07-03T14:31:50.760029000Z,S1G Beacon,129,34,-52,920,3,1,,,,,,,0,1
5368,2026-07-03T14:31:51.509656000Z,S1G Beacon,129,34,-62,920,3,1,,,,,,,0,0
5369,2026-07-03T14:31:51.577450000Z,S1G Beacon,61,34,-52,920,3,1,,,,,,,0,1
5370,2026-07-03T14:31:52.327079000Z,S1G Beacon,61,34,-62,920,3,1,,,,,,,0,0
5371,2026-07-03T14:31:52.398477000Z,S1G Beacon,129,34,-53,920,3,1,,,,,,,0,1
5373,2026-07-03T14:31:53.148103000Z,S1G Beacon,129,34,-63,920,3,1,,,,,,,0,0
5374,2026-07-03T14:31:53.215896000Z,S1G Beacon,61,34,-52,920,3,1,,,,,,,0,1
5375,2026-07-03T14:31:53.965526000Z,S1G Beacon,61,34,-63,920,3,1,,,,,,,0,0
5376,2026-07-03T14:31:54.036933000Z,S1G Beacon,129,34,-53,920,3,1,,,,,,,0,1
5377,2026-07-03T14:31:54.786556000Z,S1G Beacon,129,34,-61,920,3,1,,,,,,,0,0
5378,2026-07-03T14:31:54.854342000Z,S1G Beacon,61,34,-53,920,3,1,,,,,,,0,1
5381,2026-07-03T14:31:55.149444000Z,QoS Data,132,34,-11,920,2,8,1,0,0,0,0,0,720,0
5388,2026-07-03T14:31:55.177954000Z,QoS Data,115,34,-18,920,2,8,1,0,0,0,0,0,720,0
5391,2026-07-03T14:31:55.359516000Z,QoS Data,112,34,-11,920,2,8,1,0,0,0,0,0,720,0
5394,2026-07-03T14:31:55.603967000Z,S1G Beacon,61,34,-63,920,3,1,,,,,,,0,0
5396,2026-07-03T14:31:55.675358000Z,S1G Beacon,129,34,-50,920,3,1,,,,,,,0,1
5397,2026-07-03T14:31:56.425003000Z,S1G Beacon,129,34,-62,920,3,1,,,,,,,0,0
5398,2026-07-03T14:31:56.492783000Z,S1G Beacon,61,34,-52,920,3,1,,,,,,,0,1
5399,2026-07-03T14:31:57.242418000Z,S1G Beacon,61,34,-61,920,3,1,,,,,,,0,0
5400,2026-07-03T14:31:57.313808000Z,S1G Beacon,129,34,-52,920,3,1,,,,,,,0,1
5401,2026-07-03T14:31:58.063450000Z,S1G Beacon,129,34,-62,920,3,1,,,,,,,0,0
5402,2026-07-03T14:31:58.131228000Z,S1G Beacon,61,34,-52,920,3,1,,,,,,,0,1
5405,2026-07-03T14:31:58.880875000Z,S1G Beacon,61,34,-62,920,3,1,,,,,,,0,0
5407,2026-07-03T14:31:58.952254000Z,S1G Beacon,129,34,-51,920,3,1,,,,,,,0,1
5414,2026-07-03T14:31:59.701897000Z,S1G Beacon,129,34,-62,920,3,1,,,,,,,0,0
5419,2026-07-03T14:32:00.186662000Z,QoS Data,132,34,-12,920,2,8,1,0,0,0,0,0,720,0
5423,2026-07-03T14:32:00.359082000Z,QoS Data,112,34,-12,920,2,8,1,0,0,0,0,0,720,0
5426,2026-07-03T14:32:00.519312000Z,S1G Beacon,61,34,-63,920,3,1,,,,,,,0,0
5427,2026-07-03T14:32:00.590914000Z,S1G Beacon,129,34,-52,920,3,1,,,,,,,0,1
5428,2026-07-03T14:32:01.340344000Z,S1G Beacon,129,34,-64,920,3,1,,,,,,,0,0
5429,2026-07-03T14:32:01.408120000Z,S1G Beacon,61,34,-52,920,3,1,,,,,,,0,1
5431,2026-07-03T14:32:02.157759000Z,S1G Beacon,61,34,-62,920,3,1,,,,,,,0,0
5432,2026-07-03T14:32:02.229144000Z,S1G Beacon,129,34,-51,920,3,1,,,,,,,0,1
5433,2026-07-03T14:32:02.978791000Z,S1G Beacon,129,34,-63,920,3,1,,,,,,,0,0
5434,2026-07-03T14:32:03.796229000Z,S1G Beacon,61,34,-61,920,3,1,,,,,,,0,0
5435,2026-07-03T14:32:03.867588000Z,S1G Beacon,129,34,-52,920,3,1,,,,,,,0,1
5437,2026-07-03T14:32:04.617242000Z,S1G Beacon,129,34,-63,920,3,1,,,,,,,0,0
5438,2026-07-03T14:32:04.685018000Z,S1G Beacon,61,34,-52,920,3,1,,,,,,,0,1
5440,2026-07-03T14:32:05.206693000Z,QoS Data,132,34,-12,920,2,8,1,0,0,0,0,0,720,0
5444,2026-07-03T14:32:05.218054000Z,QoS Data,115,34,-19,920,2,8,1,0,0,0,0,0,720,0
5447,2026-07-03T14:32:05.359145000Z,QoS Data,112,34,-10,920,2,8,1,0,0,0,0,0,720,0
5450,2026-07-03T14:32:05.434663000Z,S1G Beacon,61,34,-63,920,3,1,,,,,,,0,0
5451,2026-07-03T14:32:05.506031000Z,S1G Beacon,129,34,-52,920,3,1,,,,,,,0,1
5452,2026-07-03T14:32:06.255691000Z,S1G Beacon,129,34,-63,920,3,1,,,,,,,0,0
5453,2026-07-03T14:32:06.323456000Z,S1G Beacon,61,34,-52,920,3,1,,,,,,,0,1
5454,2026-07-03T14:32:07.073134000Z,S1G Beacon,61,34,-62,920,3,1,,,,,,,0,0
5455,2026-07-03T14:32:07.144706000Z,S1G Beacon,129,34,-52,920,3,1,,,,,,,0,1
5457,2026-07-03T14:32:07.894155000Z,S1G Beacon,129,34,-63,920,3,1,,,,,,,0,0
5458,2026-07-03T14:32:07.961913000Z,S1G Beacon,61,34,-51,920,3,1,,,,,,,0,1
5459,2026-07-03T14:32:08.711574000Z,S1G Beacon,61,34,-62,920,3,1,,,,,,,0,0
5460,2026-07-03T14:32:08.782932000Z,S1G Beacon,129,34,-51,920,3,1,,,,,,,0,1
5461,2026-07-03T14:32:09.532606000Z,S1G Beacon,129,34,-62,920,3,1,,,,,,,0,0
5462,2026-07-03T14:32:09.600356000Z,S1G Beacon,61,34,-51,920,3,1,,,,,,,0,1
5463,2026-07-03T14:32:10.226666000Z,QoS Data,132,34,-9,920,2,8,1,0,0,0,0,0,720,0
5467,2026-07-03T14:32:10.350019000Z,S1G Beacon,61,34,-63,920,3,1,,,,,,,0,0
5468,2026-07-03T14:32:10.359148000Z,QoS Data,112,34,-11,920,2,8,1,0,0,0,0,0,720,0
5471,2026-07-03T14:32:10.421374000Z,S1G Beacon,129,34,-51,920,3,1,,,,,,,0,1
5474,2026-07-03T14:32:11.171048000Z,S1G Beacon,129,34,-62,920,3,1,,,,,,,0,0
5475,2026-07-03T14:32:11.238801000Z,S1G Beacon,61,34,-52,920,3,1,,,,,,,0,1
5476,2026-07-03T14:32:11.988476000Z,S1G Beacon,61,34,-64,920,3,1,,,,,,,0,0
5477,2026-07-03T14:32:12.059824000Z,S1G Beacon,129,34,-51,920,3,1,,,,,,,0,1
5479,2026-07-03T14:32:12.809494000Z,S1G Beacon,129,34,-61,920,3,1,,,,,,,0,0
5480,2026-07-03T14:32:12.877347000Z,S1G Beacon,61,34,-52,920,3,1,,,,,,,0,1
5481,2026-07-03T14:32:13.626919000Z,S1G Beacon,61,34,-62,920,3,1,,,,,,,0,0
5482,2026-07-03T14:32:13.698268000Z,S1G Beacon,129,34,-51,920,3,1,,,,,,,0,1
5484,2026-07-03T14:32:14.447947000Z,S1G Beacon,129,34,-62,920,3,1,,,,,,,0,0
5485,2026-07-03T14:32:14.515692000Z,S1G Beacon,61,34,-52,920,3,1,,,,,,,0,1
5488,2026-07-03T14:32:15.246789000Z,QoS Data,132,34,-12,920,2,8,1,0,0,0,0,0,720,0
5490,2026-07-03T14:32:15.256493000Z,QoS Data,115,34,-26,920,2,8,1,0,0,0,0,0,720,0
5493,2026-07-03T14:32:15.265358000Z,S1G Beacon,61,34,-62,920,3,1,,,,,,,0,0
5494,2026-07-03T14:32:15.336713000Z,S1G Beacon,129,34,-54,920,3,1,,,,,,,0,1
5496,2026-07-03T14:32:15.359006000Z,QoS Data,112,34,-9,920,2,8,1,0,0,0,0,0,720,0
5499,2026-07-03T14:32:16.086395000Z,S1G Beacon,129,34,-61,920,3,1,,,,,,,0,0
5500,2026-07-03T14:32:16.154168000Z,S1G Beacon,61,34,-51,920,3,1,,,,,,,0,1
5503,2026-07-03T14:32:16.903817000Z,S1G Beacon,61,34,-61,920,3,1,,,,,,,0,0
5504,2026-07-03T14:32:16.975164000Z,S1G Beacon,129,34,-52,920,3,1,,,,,,,0,1
5505,2026-07-03T14:32:17.724842000Z,S1G Beacon,129,34,-60,920,3,1,,,,,,,0,0
5506,2026-07-03T14:32:17.792577000Z,S1G Beacon,61,34,-51,920,3,1,,,,,,,0,1
5508,2026-07-03T14:32:18.613614000Z,S1G Beacon,129,34,-52,920,3,1,,,,,,,0,1
5509,2026-07-03T14:32:19.363300000Z,S1G Beacon,129,34,-62,920,3,1,,,,,,,0,0
5510,2026-07-03T14:32:19.431026000Z,S1G Beacon,61,34,-52,920,3,1,,,,,,,0,1
5514,2026-07-03T14:32:20.180718000Z,S1G Beacon,61,34,-61,920,3,1,,,,,,,0,0
5515,2026-07-03T14:32:20.252059000Z,S1G Beacon,129,34,-52,920,3,1,,,,,,,0,1
5516,2026-07-03T14:32:20.266766000Z,QoS Data,132,34,-11,920,2,8,1,0,0,0,0,0,720,0
5521,2026-07-03T14:32:20.359013000Z,QoS Data,112,34,-12,920,2,8,1,0,0,0,0,0,720,0
5529,2026-07-03T14:32:21.001741000Z,S1G Beacon,129,34,-61,920,3,1,,,,,,,0,0
5531,2026-07-03T14:32:21.070002000Z,S1G Beacon,61,34,-53,920,3,1,,,,,,,0,1
5533,2026-07-03T14:32:21.819162000Z,S1G Beacon,61,34,-62,920,3,1,,,,,,,0,0
5534,2026-07-03T14:32:21.890494000Z,S1G Beacon,129,34,-51,920,3,1,,,,,,,0,1
5535,2026-07-03T14:32:22.640191000Z,S1G Beacon,129,34,-62,920,3,1,,,,,,,0,0
5537,2026-07-03T14:32:23.457611000Z,S1G Beacon,61,34,-61,920,3,1,,,,,,,0,0
5538,2026-07-03T14:32:23.529721000Z,S1G Beacon,129,34,-52,920,3,1,,,,,,,0,1
5540,2026-07-03T14:32:24.278652000Z,S1G Beacon,129,34,-62,920,3,1,,,,,,,0,0
5541,2026-07-03T14:32:24.346378000Z,S1G Beacon,61,34,-51,920,3,1,,,,,,,0,1
5543,2026-07-03T14:32:25.096067000Z,S1G Beacon,61,34,-61,920,3,1,,,,,,,0,0
5544,2026-07-03T14:32:25.171558000Z,S1G Beacon,129,34,-51,920,3,1,,,,,,,0,1
5545,2026-07-03T14:32:25.311805000Z,QoS Data,132,34,-12,920,2,8,1,0,0,0,0,0,720,0
5549,2026-07-03T14:32:25.321923000Z,QoS Data,115,34,-15,920,2,8,1,0,0,0,0,0,720,0
5550,2026-07-03T14:32:25.325112000Z,QoS Data,115,34,-16,920,2,8,1,0,1,0,0,0,720,0
5551,2026-07-03T14:32:25.329316000Z,RTS,54,34,-12,920,1,11,,,,0,0,0,2440,0
5553,2026-07-03T14:32:25.331034000Z,QoS Data,115,34,-15,920,2,8,1,0,1,0,0,0,720,0
5554,2026-07-03T14:32:25.334977000Z,RTS,54,34,-13,920,1,11,,,,0,0,0,2440,0
5556,2026-07-03T14:32:25.336696000Z,QoS Data,115,34,-15,920,2,8,1,0,1,0,0,0,720,0
5557,2026-07-03T14:32:25.340017000Z,RTS,54,34,-12,920,1,11,,,,0,0,0,2560,0
5559,2026-07-03T14:32:25.341850000Z,QoS Data,115,34,-14,920,2,8,1,0,1,0,0,0,720,0
5562,2026-07-03T14:32:25.359614000Z,QoS Data,112,34,-12,920,2,8,1,0,0,0,0,0,720,0
5563,2026-07-03T14:32:25.362606000Z,QoS Data,112,34,-11,920,2,8,1,0,1,0,0,0,720,0
5567,2026-07-03T14:32:25.917098000Z,S1G Beacon,129,34,-62,920,3,1,,,,,,,0,0
5569,2026-07-03T14:32:25.984819000Z,S1G Beacon,61,34,-53,920,3,1,,,,,,,0,1
5570,2026-07-03T14:32:26.734525000Z,S1G Beacon,61,34,-63,920,3,1,,,,,,,0,0
5571,2026-07-03T14:32:26.805846000Z,S1G Beacon,129,34,-52,920,3,1,,,,,,,0,1
5572,2026-07-03T14:32:27.555558000Z,S1G Beacon,129,34,-62,920,3,1,,,,,,,0,0
5573,2026-07-03T14:32:27.623269000Z,S1G Beacon,61,34,-53,920,3,1,,,,,,,0,1
5574,2026-07-03T14:32:28.372986000Z,S1G Beacon,61,34,-61,920,3,1,,,,,,,0,0
5575,2026-07-03T14:32:28.444300000Z,S1G Beacon,129,34,-53,920,3,1,,,,,,,0,1
5578,2026-07-03T14:32:29.194002000Z,S1G Beacon,129,34,-62,920,3,1,,,,,,,0,0
5579,2026-07-03T14:32:29.261712000Z,S1G Beacon,61,34,-51,920,3,1,,,,,,,0,1
5580,2026-07-03T14:32:30.011426000Z,S1G Beacon,61,34,-63,920,3,1,,,,,,,0,0
5581,2026-07-03T14:32:30.082738000Z,S1G Beacon,129,34,-52,920,3,1,,,,,,,0,1
5583,2026-07-03T14:32:30.366591000Z,QoS Data,115,34,-13,920,2,8,1,0,0,0,0,0,720,0
5586,2026-07-03T14:32:30.609662000Z,QoS Data,112,34,-12,920,2,8,1,0,0,0,0,0,720,0
5589,2026-07-03T14:32:30.832453000Z,S1G Beacon,129,34,-61,920,3,1,,,,,,,0,0
5590,2026-07-03T14:32:30.900155000Z,S1G Beacon,61,34,-51,920,3,1,,,,,,,0,1
5591,2026-07-03T14:32:31.649869000Z,S1G Beacon,61,34,-64,920,3,1,,,,,,,0,0
5592,2026-07-03T14:32:31.721178000Z,S1G Beacon,129,34,-53,920,3,1,,,,,,,0,1
5594,2026-07-03T14:32:32.470908000Z,S1G Beacon,129,34,-63,920,3,1,,,,,,,0,0
5595,2026-07-03T14:32:32.538590000Z,S1G Beacon,61,34,-53,920,3,1,,,,,,,0,1
5596,2026-07-03T14:32:33.288304000Z,S1G Beacon,61,34,-61,920,3,1,,,,,,,0,0
5597,2026-07-03T14:32:33.359611000Z,S1G Beacon,129,34,-51,920,3,1,,,,,,,0,1
5598,2026-07-03T14:32:34.177039000Z,S1G Beacon,61,34,-52,920,3,1,,,,,,,0,1
5599,2026-07-03T14:32:34.926760000Z,S1G Beacon,61,34,-62,920,3,1,,,,,,,0,0
5601,2026-07-03T14:32:34.998061000Z,S1G Beacon,129,34,-51,920,3,1,,,,,,,0,1
5602,2026-07-03T14:32:35.407114000Z,QoS Data,132,34,-11,920,2,8,1,0,0,0,0,0,720,0
5603,2026-07-03T14:32:35.410077000Z,QoS Data,132,34,-12,920,2,8,1,0,1,0,0,0,720,0
5604,2026-07-03T14:32:35.412966000Z,RTS,54,34,-11,920,1,11,,,,0,0,0,3388,0
5606,2026-07-03T14:32:35.415634000Z,QoS Data,132,34,-12,920,2,8,1,0,1,0,0,0,720,0
5609,2026-07-03T14:32:35.425111000Z,QoS Data,115,34,-14,920,2,8,1,0,0,0,0,0,720,0
5613,2026-07-03T14:32:35.609977000Z,QoS Data,112,34,-10,920,2,8,1,0,0,0,0,0,720,0
5616,2026-07-03T14:32:35.747781000Z,S1G Beacon,129,34,-62,920,3,1,,,,,,,0,0
5617,2026-07-03T14:32:35.815478000Z,S1G Beacon,61,34,-51,920,3,1,,,,,,,0,1
5618,2026-07-03T14:32:36.565214000Z,S1G Beacon,61,34,-62,920,3,1,,,,,,,0,0
5619,2026-07-03T14:32:36.636506000Z,S1G Beacon,129,34,-52,920,3,1,,,,,,,0,1
5620,2026-07-03T14:32:37.386230000Z,S1G Beacon,129,34,-61,920,3,1,,,,,,,0,0
5621,2026-07-03T14:32:37.454032000Z,S1G Beacon,61,34,-53,920,3,1,,,,,,,0,1
5623,2026-07-03T14:32:38.203653000Z,S1G Beacon,61,34,-60,920,3,1,,,,,,,0,0
5624,2026-07-03T14:32:38.274955000Z,S1G Beacon,129,34,-52,920,3,1,,,,,,,0,1
5625,2026-07-03T14:32:39.024685000Z,S1G Beacon,129,34,-63,920,3,1,,,,,,,0,0
5626,2026-07-03T14:32:39.092380000Z,S1G Beacon,61,34,-53,920,3,1,,,,,,,0,1
5628,2026-07-03T14:32:39.842102000Z,S1G Beacon,61,34,-62,920,3,1,,,,,,,0,0
5629,2026-07-03T14:32:39.913404000Z,S1G Beacon,129,34,-51,920,3,1,,,,,,,0,1
5631,2026-07-03T14:32:40.437498000Z,QoS Data,132,34,-12,920,2,8,1,0,0,0,0,0,720,0
5634,2026-07-03T14:32:40.447910000Z,QoS Data,115,34,-13,920,2,8,1,0,0,0,0,0,720,0
5639,2026-07-03T14:32:40.663150000Z,S1G Beacon,129,34,-61,920,3,1,,,,,,,0,0
5640,2026-07-03T14:32:40.730817000Z,S1G Beacon,61,34,-51,920,3,1,,,,,,,0,1
5650,2026-07-03T14:32:41.480565000Z,S1G Beacon,61,34,-61,920,3,1,,,,,,,0,0
5652,2026-07-03T14:32:41.551840000Z,S1G Beacon,129,34,-51,920,3,1,,,,,,,0,1
5658,2026-07-03T14:32:42.301577000Z,S1G Beacon,129,34,-61,920,3,1,,,,,,,0,0
5659,2026-07-03T14:32:42.369265000Z,S1G Beacon,61,34,-52,920,3,1,,,,,,,0,1
5660,2026-07-03T14:32:43.119023000Z,S1G Beacon,61,34,-62,920,3,1,,,,,,,0,0
5661,2026-07-03T14:32:43.190301000Z,S1G Beacon,129,34,-52,920,3,1,,,,,,,0,1
5662,2026-07-03T14:32:43.940046000Z,S1G Beacon,129,34,-63,920,3,1,,,,,,,0,0
5663,2026-07-03T14:32:44.007727000Z,S1G Beacon,61,34,-51,920,3,1,,,,,,,0,1
5665,2026-07-03T14:32:44.757467000Z,S1G Beacon,61,34,-63,920,3,1,,,,,,,0,0
5666,2026-07-03T14:32:44.831193000Z,S1G Beacon,129,34,-51,920,3,1,,,,,,,0,1
5667,2026-07-03T14:32:45.467597000Z,QoS Data,132,34,-11,920,2,8,1,0,0,0,0,0,720,0
5671,2026-07-03T14:32:45.478431000Z,QoS Data,115,34,-13,920,2,8,1,0,0,0,0,0,720,0
5675,2026-07-03T14:32:45.578495000Z,S1G Beacon,129,34,-63,920,3,1,,,,,,,0,0
5676,2026-07-03T14:32:45.609938000Z,QoS Data,112,34,-11,920,2,8,1,0,0,0,0,0,720,0
5679,2026-07-03T14:32:45.646172000Z,S1G Beacon,61,34,-51,920,3,1,,,,,,,0,1
5681,2026-07-03T14:32:46.395914000Z,S1G Beacon,61,34,-62,920,3,1,,,,,,,0,0
5682,2026-07-03T14:32:46.467561000Z,S1G Beacon,129,34,-51,920,3,1,,,,,,,0,1
5684,2026-07-03T14:32:47.216938000Z,S1G Beacon,129,34,-63,920,3,1,,,,,,,0,0
5685,2026-07-03T14:32:47.284616000Z,S1G Beacon,61,34,-54,920,3,1,,,,,,,0,1
5686,2026-07-03T14:32:48.034367000Z,S1G Beacon,61,34,-61,920,3,1,,,,,,,0,0
5687,2026-07-03T14:32:48.105645000Z,S1G Beacon,129,34,-54,920,3,1,,,,,,,0,1
5688,2026-07-03T14:32:48.855398000Z,S1G Beacon,129,34,-62,920,3,1,,,,,,,0,0
5689,2026-07-03T14:32:48.923061000Z,S1G Beacon,61,34,-52,920,3,1,,,,,,,0,1
5690,2026-07-03T14:32:49.672815000Z,S1G Beacon,61,34,-63,920,3,1,,,,,,,0,0
5691,2026-07-03T14:32:49.744089000Z,S1G Beacon,129,34,-52,920,3,1,,,,,,,0,1
5693,2026-07-03T14:32:50.487611000Z,QoS Data,132,34,-11,920,2,8,1,0,0,0,0,0,720,0
5695,2026-07-03T14:32:50.493843000Z,S1G Beacon,129,34,-62,920,3,1,,,,,,,0,0
5697,2026-07-03T14:32:50.503169000Z,QoS Data,115,34,-13,920,2,8,1,0,0,0,0,0,720,0
5700,2026-07-03T14:32:50.561506000Z,S1G Beacon,61,34,-52,920,3,1,,,,,,,0,1
5702,2026-07-03T14:32:50.609962000Z,QoS Data,112,34,-11,920,2,8,1,0,0,0,0,0,720,0
5705,2026-07-03T14:32:51.311266000Z,S1G Beacon,61,34,-63,920,3,1,,,,,,,0,0
5706,2026-07-03T14:32:51.382639000Z,S1G Beacon,129,34,-52,920,3,1,,,,,,,0,1
5707,2026-07-03T14:32:52.132286000Z,S1G Beacon,129,34,-63,920,3,1,,,,,,,0,0
5708,2026-07-03T14:32:52.949712000Z,S1G Beacon,61,34,-62,920,3,1,,,,,,,0,0
5709,2026-07-03T14:32:53.020977000Z,S1G Beacon,129,34,-53,920,3,1,,,,,,,0,1
5711,2026-07-03T14:32:53.770736000Z,S1G Beacon,129,34,-62,920,3,1,,,,,,,0,0
5712,2026-07-03T14:32:53.838397000Z,S1G Beacon,61,34,-51,920,3,1,,,,,,,0,1
5713,2026-07-03T14:32:54.588166000Z,S1G Beacon,61,34,-62,920,3,1,,,,,,,0,0
5714,2026-07-03T14:32:54.659422000Z,S1G Beacon,129,34,-51,920,3,1,,,,,,,0,1
5715,2026-07-03T14:32:55.409187000Z,S1G Beacon,129,34,-62,920,3,1,,,,,,,0,0
5716,2026-07-03T14:32:55.476845000Z,S1G Beacon,61,34,-52,920,3,1,,,,,,,0,1
5717,2026-07-03T14:32:55.517542000Z,QoS Data,132,34,-12,920,2,8,1,0,0,0,0,0,720,0
5720,2026-07-03T14:32:55.530871000Z,QoS Data,115,34,-13,920,2,8,1,0,0,0,0,0,720,0
5723,2026-07-03T14:32:55.610712000Z,QoS Data,112,34,-11,920,2,8,1,0,0,0,0,0,720,0
5727,2026-07-03T14:32:56.226598000Z,S1G Beacon,61,34,-63,920,3,1,,,,,,,0,0
5728,2026-07-03T14:32:56.297850000Z,S1G Beacon,129,34,-51,920,3,1,,,,,,,0,1
5729,2026-07-03T14:32:57.047626000Z,S1G Beacon,129,34,-63,920,3,1,,,,,,,0,0
5730,2026-07-03T14:32:57.115276000Z,S1G Beacon,61,34,-51,920,3,1,,,,,,,0,1
5731,2026-07-03T14:32:57.865055000Z,S1G Beacon,61,34,-62,920,3,1,,,,,,,0,0
5732,2026-07-03T14:32:57.936307000Z,S1G Beacon,129,34,-53,920,3,1,,,,,,,0,1
5734,2026-07-03T14:32:58.686081000Z,S1G Beacon,129,34,-63,920,3,1,,,,,,,0,0
5735,2026-07-03T14:32:58.753730000Z,S1G Beacon,61,34,-51,920,3,1,,,,,,,0,1
5737,2026-07-03T14:32:59.503508000Z,S1G Beacon,61,34,-62,920,3,1,,,,,,,0,0
5738,2026-07-03T14:32:59.574760000Z,S1G Beacon,129,34,-51,920,3,1,,,,,,,0,1
5739,2026-07-03T14:33:00.324537000Z,S1G Beacon,129,34,-63,920,3,1,,,,,,,0,0
5740,2026-07-03T14:33:00.392181000Z,S1G Beacon,61,34,-51,920,3,1,,,,,,,0,1
5741,2026-07-03T14:33:00.547543000Z,QoS Data,132,34,-11,920,2,8,1,0,0,0,0,0,720,0
5744,2026-07-03T14:33:00.560659000Z,QoS Data,115,34,-14,920,2,8,1,0,1,0,0,0,720,0
5747,2026-07-03T14:33:00.610460000Z,QoS Data,112,34,-12,920,2,8,1,0,0,0,0,0,720,0
5750,2026-07-03T14:33:01.141951000Z,S1G Beacon,61,34,-63,920,3,1,,,,,,,0,0
5751,2026-07-03T14:33:01.213200000Z,S1G Beacon,129,34,-51,920,3,1,,,,,,,0,1
5754,2026-07-03T14:33:01.962983000Z,S1G Beacon,129,34,-61,920,3,1,,,,,,,0,0
5756,2026-07-03T14:33:02.031034000Z,S1G Beacon,61,34,-51,920,3,1,,,,,,,0,1
5764,2026-07-03T14:33:02.780400000Z,S1G Beacon,61,34,-62,920,3,1,,,,,,,0,0
5765,2026-07-03T14:33:02.851648000Z,S1G Beacon,129,34,-51,920,3,1,,,,,,,0,1
5769,2026-07-03T14:33:03.601428000Z,S1G Beacon,129,34,-63,920,3,1,,,,,,,0,0
5770,2026-07-03T14:33:03.669062000Z,S1G Beacon,61,34,-52,920,3,1,,,,,,,0,1
5771,2026-07-03T14:33:04.418855000Z,S1G Beacon,61,34,-61,920,3,1,,,,,,,0,0
5772,2026-07-03T14:33:04.490093000Z,S1G Beacon,129,34,-51,920,3,1,,,,,,,0,1
5775,2026-07-03T14:33:05.239875000Z,S1G Beacon,129,34,-62,920,3,1,,,,,,,0,0
5776,2026-07-03T14:33:05.307511000Z,S1G Beacon,61,34,-51,920,3,1,,,,,,,0,1
5777,2026-07-03T14:33:05.577553000Z,QoS Data,132,34,-12,920,2,8,1,0,0,0,0,0,720,0
5780,2026-07-03T14:33:05.593161000Z,QoS Data,115,34,-13,920,2,8,1,0,1,0,0,0,720,0
5783,2026-07-03T14:33:05.610564000Z,QoS Data,112,34,-10,920,2,8,1,0,0,0,0,0,720,0
5786,2026-07-03T14:33:06.057309000Z,S1G Beacon,61,34,-62,920,3,1,,,,,,,0,0
5787,2026-07-03T14:33:06.128537000Z,S1G Beacon,129,34,-52,920,3,1,,,,,,,0,1
5788,2026-07-03T14:33:06.878332000Z,S1G Beacon,129,34,-62,920,3,1,,,,,,,0,0
5789,2026-07-03T14:33:06.945960000Z,S1G Beacon,61,34,-53,920,3,1,,,,,,,0,1
5791,2026-07-03T14:33:07.695752000Z,S1G Beacon,61,34,-62,920,3,1,,,,,,,0,0
5792,2026-07-03T14:33:07.766987000Z,S1G Beacon,129,34,-52,920,3,1,,,,,,,0,1
5794,2026-07-03T14:33:08.584407000Z,S1G Beacon,61,34,-50,920,3,1,,,,,,,0,1
5795,2026-07-03T14:33:09.015602000Z,QoS Data,72,34,-12,920,2,8,1,0,0,0,0,0,720,0
5797,2026-07-03T14:33:09.334206000Z,S1G Beacon,61,34,-61,920,3,1,,,,,,,0,0
5798,2026-07-03T14:33:09.405433000Z,S1G Beacon,129,34,-51,920,3,1,,,,,,,0,1
5799,2026-07-03T14:33:10.155231000Z,S1G Beacon,129,34,-61,920,3,1,,,,,,,0,0
5800,2026-07-03T14:33:10.223324000Z,S1G Beacon,61,34,-52,920,3,1,,,,,,,0,1
5801,2026-07-03T14:33:10.607579000Z,QoS Data,132,34,-11,920,2,8,1,0,0,0,0,0,720,0
5804,2026-07-03T14:33:10.616308000Z,QoS Data,112,34,-13,920,2,8,1,0,0,0,0,0,720,0
5806,2026-07-03T14:33:10.618518000Z,QoS Data,115,34,-13,920,2,8,1,0,0,0,0,0,720,0
5809,2026-07-03T14:33:10.859298000Z,QoS Data,112,34,-10,920,2,8,1,0,0,0,0,0,720,0
5812,2026-07-03T14:33:10.972651000Z,S1G Beacon,61,34,-63,920,3,1,,,,,,,0,0
5813,2026-07-03T14:33:11.043878000Z,S1G Beacon,129,34,-51,920,3,1,,,,,,,0,1
5815,2026-07-03T14:33:11.793678000Z,S1G Beacon,129,34,-60,920,3,1,,,,,,,0,0
5816,2026-07-03T14:33:11.861295000Z,S1G Beacon,61,34,-51,920,3,1,,,,,,,0,1
5818,2026-07-03T14:33:12.611099000Z,S1G Beacon,61,34,-62,920,3,1,,,,,,,0,0
5819,2026-07-03T14:33:12.682317000Z,S1G Beacon,129,34,-51,920,3,1,,,,,,,0,1
5820,2026-07-03T14:33:13.432127000Z,S1G Beacon,129,34,-61,920,3,1,,,,,,,0,0
5821,2026-07-03T14:33:13.499744000Z,S1G Beacon,61,34,-52,920,3,1,,,,,,,0,1
5822,2026-07-03T14:33:14.249548000Z,S1G Beacon,61,34,-62,920,3,1,,,,,,,0,0
5824,2026-07-03T14:33:14.320770000Z,S1G Beacon,129,34,-51,920,3,1,,,,,,,0,1
5825,2026-07-03T14:33:15.070579000Z,S1G Beacon,129,34,-61,920,3,1,,,,,,,0,0
5826,2026-07-03T14:33:15.138188000Z,S1G Beacon,61,34,-52,920,3,1,,,,,,,0,1
5827,2026-07-03T14:33:15.636814000Z,QoS Data,132,34,-11,920,2,8,1,0,0,0,0,0,720,0
5830,2026-07-03T14:33:15.646219000Z,QoS Data,115,34,-12,920,2,8,1,0,0,0,0,0,720,0
5831,2026-07-03T14:33:15.649847000Z,RTS,54,34,-11,920,1,11,,,,0,0,0,2560,0
5833,2026-07-03T14:33:15.651674000Z,QoS Data,115,34,-13,920,2,8,1,0,1,0,0,0,720,0
5836,2026-07-03T14:33:15.859236000Z,QoS Data,112,34,-12,920,2,8,1,0,0,0,0,0,720,0
5839,2026-07-03T14:33:15.887992000Z,S1G Beacon,61,34,-61,920,3,1,,,,,,,0,0
5840,2026-07-03T14:33:15.959210000Z,S1G Beacon,129,34,-53,920,3,1,,,,,,,0,1
5841,2026-07-03T14:33:16.609567000Z,QoS Data,72,34,-12,920,2,8,1,0,0,0,0,0,720,0
5843,2026-07-03T14:33:16.709037000Z,S1G Beacon,129,34,-62,920,3,1,,,,,,,0,0
5844,2026-07-03T14:33:16.776644000Z,S1G Beacon,61,34,-51,920,3,1,,,,,,,0,1
5846,2026-07-03T14:33:17.526460000Z,S1G Beacon,61,34,-62,920,3,1,,,,,,,0,0
5847,2026-07-03T14:33:17.597664000Z,S1G Beacon,129,34,-52,920,3,1,,,,,,,0,1
5849,2026-07-03T14:33:18.347478000Z,S1G Beacon,129,34,-60,920,3,1,,,,,,,0,0
5850,2026-07-03T14:33:18.415079000Z,S1G Beacon,61,34,-51,920,3,1,,,,,,,0,1
5851,2026-07-03T14:33:19.164915000Z,S1G Beacon,61,34,-62,920,3,1,,,,,,,0,0
5852,2026-07-03T14:33:19.236107000Z,S1G Beacon,129,34,-51,920,3,1,,,,,,,0,1
5853,2026-07-03T14:33:19.985942000Z,S1G Beacon,129,34,-61,920,3,1,,,,,,,0,0
5854,2026-07-03T14:33:20.059140000Z,S1G Beacon,61,34,-51,920,3,1,,,,,,,0,1
5856,2026-07-03T14:33:20.666829000Z,QoS Data,132,34,-10,920,2,8,1,0,0,0,0,0,720,0
5859,2026-07-03T14:33:20.684134000Z,QoS Data,115,34,-15,920,2,8,1,0,0,0,0,0,720,0
5862,2026-07-03T14:33:20.803346000Z,S1G Beacon,61,34,-61,920,3,1,,,,,,,0,0
5863,2026-07-03T14:33:20.859237000Z,QoS Data,112,34,-11,920,2,8,1,0,0,0,0,0,720,0
5866,2026-07-03T14:33:20.874552000Z,S1G Beacon,129,34,-52,920,3,1,,,,,,,0,1
5867,2026-07-03T14:33:21.624390000Z,S1G Beacon,129,34,-63,920,3,1,,,,,,,0,0
5868,2026-07-03T14:33:21.691973000Z,S1G Beacon,61,34,-52,920,3,1,,,,,,,0,1
