packet_number,tsf,frame_name,frame_len,length,dbm_antsignal,channel_freq,type,subtype,ds,frag,retry,pwrmgt,moredata,protected,duration,label
2,18181448328,QoS Data,148,34,-12,920,2,8,1,0,0,0,0,1,720,0
8,18181509488,QoS Data,128,34,-13,920,2,8,1,0,0,0,0,1,720,0
11,18181519087,Data,243,34,-16,920,2,0,0,0,0,0,0,1,0,0
12,18181526337,Data,263,34,-16,920,2,0,0,0,0,0,0,1,0,0
13,18181810644,S1G Beacon,61,34,-16,920,3,1,,,,,,,0,0
14,18182519289,Data,243,34,-16,920,2,0,0,0,0,0,0,1,0,0
15,18182526539,Data,263,34,-17,920,2,0,0,0,0,0,0,1,0,0
16,18182629849,S1G Beacon,129,34,-17,920,3,1,,,,,,,0,0
17,18183449051,S1G Beacon,61,34,-16,920,3,1,,,,,,,0,0
18,18183520532,Data,243,34,-16,920,2,0,0,0,0,0,0,1,0,0
19,18183527782,Data,263,34,-16,920,2,0,0,0,0,0,0,1,0,0
20,18183943502,Data,287,34,-16,920,2,0,0,0,0,0,0,1,0,0
21,18184268253,S1G Beacon,129,34,-17,920,3,1,,,,,,,0,0
22,18184519487,Data,258,34,-17,920,2,0,0,0,0,0,0,1,0,0
23,18184527137,Data,278,34,-16,920,2,0,0,0,0,0,0,1,0,0
24,18185087459,S1G Beacon,61,34,-18,920,3,1,,,,,,,0,0
25,18185519247,Data,258,34,-16,920,2,0,0,0,0,0,0,1,0,0
26,18185526897,Data,278,34,-17,920,2,0,0,0,0,0,0,1,0,0
27,18185906663,S1G Beacon,129,34,-16,920,3,1,,,,,,,0,0
28,18186472271,QoS Data,148,34,-13,920,2,8,1,0,0,0,0,1,720,0
33,18186509739,QoS Data,128,34,-13,920,2,8,1,0,0,0,0,1,720,0
36,18186519999,Data,243,34,-17,920,2,0,0,0,0,0,0,1,0,0
37,18186527248,Data,263,34,-17,920,2,0,0,0,0,0,0,1,0,0
38,18186725864,S1G Beacon,61,34,-17,920,3,1,,,,,,,0,0
39,18186967560,Data,287,34,-16,920,2,0,0,0,0,0,0,1,0,0
40,18187520031,Data,243,34,-17,920,2,0,0,0,0,0,0,1,0,0
41,18187527283,Data,263,34,-16,920,2,0,0,0,0,0,0,1,0,0
42,18187545067,S1G Beacon,129,34,-16,920,3,1,,,,,,,0,0
43,18188364272,S1G Beacon,61,34,-18,920,3,1,,,,,,,0,0
44,18188518823,Data,312,34,-17,920,2,0,0,0,0,0,0,1,0,0
45,18188527912,Data,332,34,-18,920,2,0,0,0,0,0,0,1,0,0
46,18189183473,S1G Beacon,129,34,-17,920,3,1,,,,,,,0,0
47,18189991534,Data,287,34,-17,920,2,0,0,0,0,0,0,1,0,0
48,18190002677,S1G Beacon,61,34,-17,920,3,1,,,,,,,0,0
49,18190821881,S1G Beacon,129,34,-16,920,3,1,,,,,,,0,0
54,18191641085,S1G Beacon,61,34,-16,920,3,1,,,,,,,0,0
55,18191759560,QoS Data,128,34,-13,920,2,8,1,0,0,0,0,1,720,0
58,18192460289,S1G Beacon,129,34,-17,920,3,1,,,,,,,0,0
59,18193015538,Data,287,34,-16,920,2,0,0,0,0,0,0,1,0,0
60,18193279490,S1G Beacon,61,34,-16,920,3,1,,,,,,,0,0
61,18194098694,S1G Beacon,129,34,-16,920,3,1,,,,,,,0,0
62,18194495764,Data,378,34,-16,920,2,0,0,0,0,0,0,1,0,0
63,18194599481,Data,387,34,-16,920,2,0,0,0,0,0,0,1,0,0
64,18194703499,Data,450,34,-17,920,2,0,0,0,0,0,0,1,0,0
65,18194807560,Data,442,34,-16,920,2,0,0,0,0,0,0,1,0,0
66,18194917898,S1G Beacon,61,34,-17,920,3,1,,,,,,,0,0
67,18194920308,Data,387,34,-17,920,2,0,0,0,0,0,0,1,0,0
68,18195015516,Data,426,34,-17,920,2,0,0,0,0,0,0,1,0,0
69,18195119547,Data,458,34,-16,920,2,0,0,0,0,0,0,1,0,0
70,18195223724,Data,387,34,-15,920,2,0,0,0,0,0,0,1,0,0
71,18195327655,Data,446,34,-16,920,2,0,0,0,0,0,0,1,0,0
72,18195431568,Data,440,34,-16,920,2,0,0,0,0,0,0,1,0,0
73,18195535665,Data,387,34,-17,920,2,0,0,0,0,0,0,1,0,0
74,18195639537,Data,442,34,-16,920,2,0,0,0,0,0,0,1,0,0
75,18195737099,S1G Beacon,129,34,-17,920,3,1,,,,,,,0,0
76,18195743601,Data,452,34,-16,920,2,0,0,0,0,0,0,1,0,0
77,18196039695,Data,287,34,-17,920,2,0,0,0,0,0,0,1,0,0
78,18196520818,QoS Data,149,34,-13,920,2,8,1,0,0,0,0,1,720,0
80,18196523775,QoS Data,149,34,-22,920,2,8,0,0,0,0,0,1,720,0
82,18196527533,QoS Data,149,34,-22,920,2,8,0,0,1,0,0,1,720,0
86,18196556302,S1G Beacon,61,34,-16,920,3,1,,,,,,,0,0
87,18196759021,QoS Data,128,34,-14,920,2,8,1,0,0,0,0,1,720,0
90,18197375505,S1G Beacon,129,34,-16,920,3,1,,,,,,,0,0
91,18198194710,S1G Beacon,61,34,-17,920,3,1,,,,,,,0,0
92,18199013914,S1G Beacon,129,34,-16,920,3,1,,,,,,,0,0
93,18199063568,Data,287,34,-16,920,2,0,0,0,0,0,0,1,0,0
94,18199833116,S1G Beacon,61,34,-16,920,3,1,,,,,,,0,0
95,18200652320,S1G Beacon,129,34,-16,920,3,1,,,,,,,0,0
96,18201471521,S1G Beacon,61,34,-15,920,3,1,,,,,,,0,0
98,18201544704,QoS Data,149,34,-14,920,2,8,1,0,0,0,0,1,720,0
101,18201550538,QoS Data,149,34,-20,920,2,8,0,0,1,0,0,1,720,0
103,18201557767,RTS,54,34,-17,920,1,11,,,,0,0,0,2416,0
106,18201759301,QoS Data,128,34,-13,920,2,8,1,0,0,0,0,1,720,0
109,18202087692,Data,287,34,-16,920,2,0,0,0,0,0,0,1,0,0
110,18202290727,S1G Beacon,129,34,-16,920,3,1,,,,,,,0,0
111,18203109931,S1G Beacon,61,34,-18,920,3,1,,,,,,,0,0
112,18203929131,S1G Beacon,129,34,-15,920,3,1,,,,,,,0,0
113,18204748336,S1G Beacon,61,34,-15,920,3,1,,,,,,,0,0
114,18205111544,Data,287,34,-15,920,2,0,0,0,0,0,0,1,0,0
115,18205567538,S1G Beacon,129,34,-15,920,3,1,,,,,,,0,0
116,18206386740,S1G Beacon,61,34,-16,920,3,1,,,,,,,0,0
117,18206573545,QoS Data,149,34,-12,920,2,8,1,0,0,0,0,1,720,0
119,18206576659,QoS Data,149,34,-19,920,2,8,0,0,0,0,0,1,720,0
121,18206584785,QoS Data,131,34,-19,920,2,8,0,0,0,0,0,1,720,0
123,18206758764,QoS Data,128,34,-12,920,2,8,1,0,0,0,0,1,720,0
125,18206761733,QoS Data,128,34,-20,920,2,8,0,0,0,0,0,1,720,0
126,18207205946,S1G Beacon,129,34,-14,920,3,1,,,,,,,0,0
127,18208025148,S1G Beacon,61,34,-15,920,3,1,,,,,,,0,0
128,18208526063,Data,158,34,-15,920,2,0,0,0,0,0,0,1,0,0
129,18208844352,S1G Beacon,129,34,-16,920,3,1,,,,,,,0,0
130,18209663556,S1G Beacon,61,34,-14,920,3,1,,,,,,,0,0
131,18210482761,S1G Beacon,129,34,-15,920,3,1,,,,,,,0,0
132,18211159575,Data,287,34,-16,920,2,0,0,0,0,0,0,1,0,0
133,18211301963,S1G Beacon,61,34,-15,920,3,1,,,,,,,0,0
135,18211602191,QoS Data,149,34,-20,920,2,8,0,0,0,0,0,1,720,0
138,18211609934,QoS Data,131,34,-19,920,2,8,0,0,0,0,0,1,720,0
140,18211758642,QoS Data,128,34,-13,920,2,8,1,0,0,0,0,1,720,0
142,18211761404,QoS Data,128,34,-19,920,2,8,0,0,0,0,0,1,720,0
144,18212121165,S1G Beacon,129,34,-14,920,3,1,,,,,,,0,0
145,18212940370,S1G Beacon,61,34,-15,920,3,1,,,,,,,0,0
146,18213759573,S1G Beacon,129,34,-14,920,3,1,,,,,,,0,0
147,18214183619,Data,287,34,-14,920,2,0,0,0,0,0,0,1,0,0
148,18214578776,S1G Beacon,61,34,-14,920,3,1,,,,,,,0,0
149,18215397978,S1G Beacon,129,34,-14,920,3,1,,,,,,,0,0
150,18215495868,Data,378,34,-14,920,2,0,0,0,0,0,0,1,0,0
151,18215599570,Data,387,34,-13,920,2,0,0,0,0,0,0,1,0,0
152,18215703580,Data,450,34,-13,920,2,0,0,0,0,0,0,1,0,0
153,18215807621,Data,442,34,-14,920,2,0,0,0,0,0,0,1,0,0
154,18215911665,Data,387,34,-14,920,2,0,0,0,0,0,0,1,0,0
155,18216016607,Data,426,34,-15,920,2,0,0,0,0,0,0,1,0,0
156,18216119819,Data,458,34,-14,920,2,0,0,0,0,0,0,1,0,0
157,18216217182,S1G Beacon,61,34,-14,920,3,1,,,,,,,0,0
158,18216223651,Data,387,34,-15,920,2,0,0,0,0,0,0,1,0,0
159,18216327531,Data,446,34,-14,920,2,0,0,0,0,0,0,1,0,0
160,18216431646,Data,440,34,-13,920,2,0,0,0,0,0,0,1,0,0
161,18216535675,Data,387,34,-14,920,2,0,0,0,0,0,0,1,0,0
162,18216622320,QoS Data,149,34,-12,920,2,8,1,0,0,0,0,1,720,0
164,18216625225,QoS Data,149,34,-18,920,2,8,0,0,0,0,0,1,720,0
167,18216633641,QoS Data,131,34,-18,920,2,8,0,0,0,0,0,1,720,0
169,18216639555,Data,442,34,-14,920,2,0,0,0,0,0,0,1,0,0
170,18216743605,Data,452,34,-14,920,2,0,0,0,0,0,0,1,0,0
171,18216758554,QoS Data,128,34,-12,920,2,8,1,0,0,0,0,1,720,0
173,18216761262,QoS Data,128,34,-19,920,2,8,0,0,0,0,0,1,720,0
175,18217036384,S1G Beacon,129,34,-13,920,3,1,,,,,,,0,0
176,18217207626,Data,287,34,-13,920,2,0,0,0,0,0,0,1,0,0
177,18217855587,S1G Beacon,61,34,-15,920,3,1,,,,,,,0,0
178,18218674789,S1G Beacon,129,34,-14,920,3,1,,,,,,,0,0
179,18219493995,S1G Beacon,61,34,-14,920,3,1,,,,,,,0,0
180,18220231629,Data,287,34,-14,920,2,0,0,0,0,0,0,1,0,0
181,18220313195,S1G Beacon,129,34,-15,920,3,1,,,,,,,0,0
182,18221132399,S1G Beacon,61,34,-16,920,3,1,,,,,,,0,0
183,18221646582,QoS Data,149,34,-13,920,2,8,1,0,0,0,0,1,720,0
185,18221649385,QoS Data,149,34,-19,920,2,8,0,0,0,0,0,1,720,0
187,18221652312,QoS Data,149,34,-19,920,2,8,0,0,1,0,0,1,720,0
189,18221656842,QoS Data,131,34,-37,920,2,8,1,0,0,0,0,1,720,0
191,18221659274,QoS Data,131,34,-19,920,2,8,0,0,0,0,0,1,720,0
193,18221758792,QoS Data,128,34,-13,920,2,8,1,0,0,0,0,1,720,0
195,18221762075,QoS Data,128,34,-18,920,2,8,0,0,0,0,0,1,720,0
197,18221951602,S1G Beacon,129,34,-15,920,3,1,,,,,,,0,0
199,18222770805,S1G Beacon,61,34,-15,920,3,1,,,,,,,0,0
200,18223255626,Data,287,34,-15,920,2,0,0,0,0,0,0,1,0,0
201,18223590009,S1G Beacon,129,34,-15,920,3,1,,,,,,,0,0
202,18224409211,S1G Beacon,61,34,-15,920,3,1,,,,,,,0,0
203,18225228418,S1G Beacon,129,34,-15,920,3,1,,,,,,,0,0
204,18226047618,S1G Beacon,61,34,-14,920,3,1,,,,,,,0,0
206,18226279783,Data,287,34,-13,920,2,0,0,0,0,0,0,1,0,0
207,18226672476,QoS Data,149,34,-15,920,2,8,1,0,0,0,0,1,720,0
209,18226675695,QoS Data,149,34,-17,920,2,8,0,0,0,0,0,1,720,0
211,18226681614,QoS Data,131,34,-34,920,2,8,1,0,0,0,0,1,720,0
213,18226684357,QoS Data,131,34,-18,920,2,8,0,0,0,0,0,1,720,0
215,18226758727,QoS Data,128,34,-14,920,2,8,1,0,0,0,0,1,720,0
217,18226761385,QoS Data,128,34,-18,920,2,8,0,0,0,0,0,1,720,0
219,18226866820,S1G Beacon,129,34,-14,920,3,1,,,,,,,0,0
220,18227686024,S1G Beacon,61,34,-14,920,3,1,,,,,,,0,0
221,18227952215,Data,132,34,-14,920,2,0,0,0,0,0,0,1,0,0
222,18228505231,S1G Beacon,129,34,-13,920,3,1,,,,,,,0,0
223,18229303663,Data,287,34,-15,920,2,0,0,0,0,0,0,1,0,0
224,18229324432,S1G Beacon,61,34,-14,920,3,1,,,,,,,0,0
225,18230143636,S1G Beacon,129,34,-13,920,3,1,,,,,,,0,0
226,18230962840,S1G Beacon,61,34,-13,920,3,1,,,,,,,0,0
227,18231699378,QoS Data,149,34,-15,920,2,8,1,0,0,0,0,1,720,0
229,18231702495,QoS Data,149,34,-18,920,2,8,0,0,0,0,0,1,720,0
230,18231707190,QoS Data,149,34,-19,920,2,8,0,0,1,0,0,1,720,0
232,18231712915,QoS Data,131,34,-36,920,2,8,1,0,0,0,0,1,720,0
234,18231715505,QoS Data,131,34,-18,920,2,8,0,0,0,0,0,1,720,0
236,18231758572,QoS Data,128,34,-15,920,2,8,1,0,0,0,0,1,720,0
238,18231761388,QoS Data,128,34,-19,920,2,8,0,0,0,0,0,1,720,0
240,18231782041,S1G Beacon,129,34,-14,920,3,1,,,,,,,0,0
241,18232327731,Data,287,34,-14,920,2,0,0,0,0,0,0,1,0,0
242,18232601245,S1G Beacon,61,34,-13,920,3,1,,,,,,,0,0
243,18233420448,S1G Beacon,129,34,-14,920,3,1,,,,,,,0,0
244,18234239649,S1G Beacon,61,34,-14,920,3,1,,,,,,,0,0
245,18235058853,S1G Beacon,129,34,-15,920,3,1,,,,,,,0,0
246,18235351666,Data,287,34,-14,920,2,0,0,0,0,0,0,1,0,0
247,18235878059,S1G Beacon,61,34,-14,920,3,1,,,,,,,0,0
248,18236495876,Data,378,34,-14,920,2,0,0,0,0,0,0,1,0,0
249,18236599705,Data,387,34,-15,920,2,0,0,0,0,0,0,1,0,0
250,18236697260,S1G Beacon,129,34,-14,920,3,1,,,,,,,0,0
251,18236703602,Data,450,34,-15,920,2,0,0,0,0,0,0,1,0,0
252,18236728956,QoS Data,148,34,-13,920,2,8,1,0,0,0,0,1,720,0
254,18236733073,QoS Data,148,34,-19,920,2,8,0,0,0,0,0,1,720,0
256,18236738835,QoS Data,131,34,-36,920,2,8,1,0,0,0,0,1,720,0
258,18236741164,QoS Data,131,34,-18,920,2,8,0,0,0,0,0,1,720,0
260,18236758520,QoS Data,128,34,-14,920,2,8,1,0,0,0,0,1,720,0
262,18236761908,QoS Data,128,34,-18,920,2,8,0,0,0,0,0,1,720,0
264,18236807743,Data,442,34,-13,920,2,0,0,0,0,0,0,1,0,0
265,18236911756,Data,387,34,-16,920,2,0,0,0,0,0,0,1,0,0
266,18237015601,Data,426,34,-15,920,2,0,0,0,0,0,0,1,0,0
267,18237119980,Data,458,34,-13,920,2,0,0,0,0,0,0,1,0,0
268,18237223703,Data,387,34,-16,920,2,0,0,0,0,0,0,1,0,0
269,18237327614,Data,446,34,-14,920,2,0,0,0,0,0,0,1,0,0
270,18237431716,Data,440,34,-15,920,2,0,0,0,0,0,0,1,0,0
271,18237516463,S1G Beacon,61,34,-15,920,3,1,,,,,,,0,0
272,18237536457,Data,387,34,-14,920,2,0,0,0,0,0,0,1,0,0
273,18237639674,Data,442,34,-15,920,2,0,0,0,0,0,0,1,0,0
274,18237743675,Data,452,34,-14,920,2,0,0,0,0,0,0,1,0,0
275,18238335667,S1G Beacon,129,34,-14,920,3,1,,,,,,,0,0
276,18238375656,Data,287,34,-15,920,2,0,0,0,0,0,0,1,0,0
277,18238525351,Data,158,34,-15,920,2,0,0,0,0,0,0,1,0,0
278,18239154871,S1G Beacon,61,34,-13,920,3,1,,,,,,,0,0
279,18239974077,S1G Beacon,129,34,-15,920,3,1,,,,,,,0,0
280,18240793277,S1G Beacon,61,34,-13,920,3,1,,,,,,,0,0
282,18241399880,Data,287,34,-16,920,2,0,0,0,0,0,0,1,0,0
284,18241612480,S1G Beacon,129,34,-16,920,3,1,,,,,,,0,0
285,18241753835,QoS Data,148,34,-14,920,2,8,1,0,0,0,0,1,720,0
288,18241762420,QoS Data,131,34,-30,920,2,8,1,0,0,0,0,1,720,0
291,18242008368,QoS Data,128,34,-13,920,2,8,1,0,0,0,0,1,720,0
294,18242431682,S1G Beacon,61,34,-16,920,3,1,,,,,,,0,0
295,18243250887,S1G Beacon,129,34,-16,920,3,1,,,,,,,0,0
296,18244070089,S1G Beacon,61,34,-17,920,3,1,,,,,,,0,0
297,18244423685,Data,287,34,-17,920,2,0,0,0,0,0,0,1,0,0
298,18244889292,S1G Beacon,129,34,-18,920,3,1,,,,,,,0,0
299,18245708498,S1G Beacon,61,34,-17,920,3,1,,,,,,,0,0
300,18246527698,S1G Beacon,129,34,-17,920,3,1,,,,,,,0,0
302,18246777711,QoS Data,148,34,-13,920,2,8,1,0,0,0,0,1,720,0
308,18247008213,QoS Data,128,34,-13,920,2,8,1,0,0,0,0,1,720,0
311,18247346905,S1G Beacon,61,34,-17,920,3,1,,,,,,,0,0
312,18247447706,Data,287,34,-17,920,2,0,0,0,0,0,0,1,0,0
313,18248166105,S1G Beacon,129,34,-17,920,3,1,,,,,,,0,0
314,18248985311,S1G Beacon,61,34,-18,920,3,1,,,,,,,0,0
315,18249804513,S1G Beacon,129,34,-17,920,3,1,,,,,,,0,0
316,18250471766,Data,287,34,-18,920,2,0,0,0,0,0,0,1,0,0
317,18250524782,Data,284,34,-16,920,2,0,0,0,0,0,0,1,0,0
318,18250623714,S1G Beacon,61,34,-17,920,3,1,,,,,,,0,0
319,18251442918,S1G Beacon,129,34,-18,920,3,1,,,,,,,0,0
320,18251527475,Data,284,34,-17,920,2,0,0,0,0,0,0,1,0,0
321,18251802579,QoS Data,148,34,-14,920,2,8,1,0,0,0,0,1,720,0
322,18251805797,QoS Data,148,34,-24,920,2,8,0,0,0,0,0,1,720,0
324,18251811627,QoS Data,131,34,-27,920,2,8,1,0,0,0,0,1,720,0
327,18252007641,QoS Data,128,34,-14,920,2,8,1,0,0,0,0,1,720,0
330,18252262121,S1G Beacon,61,34,-16,920,3,1,,,,,,,0,0
331,18252527597,Data,284,34,-17,920,2,0,0,0,0,0,0,1,0,0
332,18253081324,S1G Beacon,129,34,-17,920,3,1,,,,,,,0,0
333,18253495759,Data,287,34,-16,920,2,0,0,0,0,0,0,1,0,0
334,18253527956,Data,284,34,-17,920,2,0,0,0,0,0,0,1,0,0
335,18253900530,S1G Beacon,61,34,-16,920,3,1,,,,,,,0,0
336,18254283616,Data,132,34,-17,920,2,0,0,0,0,0,0,1,0,0
337,18254719732,S1G Beacon,129,34,-17,920,3,1,,,,,,,0,0
338,18255538936,S1G Beacon,61,34,-18,920,3,1,,,,,,,0,0
339,18256358137,S1G Beacon,129,34,-17,920,3,1,,,,,,,0,0
340,18256519806,Data,287,34,-17,920,2,0,0,0,0,0,0,1,0,0
341,18256827220,QoS Data,148,34,-13,920,2,8,1,0,0,0,0,1,720,0
344,18256835539,QoS Data,131,34,-27,920,2,8,1,0,0,0,0,1,720,0
347,18257007972,QoS Data,128,34,-14,920,2,8,1,0,0,0,0,1,720,0
350,18257177343,S1G Beacon,61,34,-17,920,3,1,,,,,,,0,0
351,18257451291,Data,132,34,-18,920,2,0,0,0,0,0,0,1,0,0
352,18257496106,Data,378,34,-17,920,2,0,0,0,0,0,0,1,0,0
353,18257600053,Data,387,34,-17,920,2,0,0,0,0,0,0,1,0,0
354,18257703676,Data,450,34,-18,920,2,0,0,0,0,0,0,1,0,0
355,18257807771,Data,442,34,-16,920,2,0,0,0,0,0,0,1,0,0
356,18257911861,Data,387,34,-17,920,2,0,0,0,0,0,0,1,0,0
357,18257996547,S1G Beacon,129,34,-17,920,3,1,,,,,,,0,0
358,18258015681,Data,426,34,-18,920,2,0,0,0,0,0,0,1,0,0
359,18258119738,Data,458,34,-17,920,2,0,0,0,0,0,0,1,0,0
360,18258223854,Data,387,34,-18,920,2,0,0,0,0,0,0,1,0,0
361,18258327678,Data,446,34,-16,920,2,0,0,0,0,0,0,1,0,0
362,18258431758,Data,440,34,-16,920,2,0,0,0,0,0,0,1,0,0
363,18258535770,Data,387,34,-17,920,2,0,0,0,0,0,0,1,0,0
364,18258639779,Data,442,34,-17,920,2,0,0,0,0,0,0,1,0,0
365,18258743911,Data,452,34,-16,920,2,0,0,0,0,0,0,1,0,0
366,18258815749,S1G Beacon,61,34,-17,920,3,1,,,,,,,0,0
367,18259543770,Data,287,34,-18,920,2,0,0,0,0,0,0,1,0,0
368,18259634951,S1G Beacon,129,34,-17,920,3,1,,,,,,,0,0
369,18260454154,S1G Beacon,61,34,-17,920,3,1,,,,,,,0,0
370,18260456566,Data,132,34,-17,920,2,0,0,0,0,0,0,1,0,0
372,18261273359,S1G Beacon,129,34,-19,920,3,1,,,,,,,0,0
373,18261850323,QoS Data,148,34,-13,920,2,8,1,0,0,0,0,1,720,0
376,18261858698,QoS Data,131,34,-20,920,2,8,1,0,0,0,0,1,720,0
379,18262011414,QoS Data,128,34,-14,920,2,8,1,0,1,0,0,1,720,0
382,18262092562,S1G Beacon,61,34,-18,920,3,1,,,,,,,0,0
383,18262567767,Data,287,34,-17,920,2,0,0,0,0,0,0,1,0,0
384,18262911765,S1G Beacon,129,34,-17,920,3,1,,,,,,,0,0
385,18262950936,Data,132,34,-16,920,2,0,0,0,0,0,0,1,0,0
386,18263730969,S1G Beacon,61,34,-17,920,3,1,,,,,,,0,0
387,18264550173,S1G Beacon,129,34,-18,920,3,1,,,,,,,0,0
388,18265369373,S1G Beacon,61,34,-16,920,3,1,,,,,,,0,0
389,18265591830,Data,287,34,-17,920,2,0,0,0,0,0,0,1,0,0
390,18266188579,S1G Beacon,129,34,-16,920,3,1,,,,,,,0,0
391,18266873754,QoS Data,148,34,-14,920,2,8,1,0,0,0,0,1,720,0
396,18267007782,S1G Beacon,61,34,-18,920,3,1,,,,,,,0,0
397,18267009623,QoS Data,128,34,-13,920,2,8,1,0,0,0,0,1,720,0
400,18267826982,S1G Beacon,129,34,-18,920,3,1,,,,,,,0,0
401,18268524186,Data,158,34,-17,920,2,0,0,0,0,0,0,1,0,0
402,18268615755,Data,287,34,-17,920,2,0,0,0,0,0,0,1,0,0
403,18268646188,S1G Beacon,61,34,-18,920,3,1,,,,,,,0,0
404,18269465392,S1G Beacon,129,34,-18,920,3,1,,,,,,,0,0
406,18270284594,S1G Beacon,61,34,-18,920,3,1,,,,,,,0,0
407,18271103796,S1G Beacon,129,34,-18,920,3,1,,,,,,,0,0
408,18271639719,Data,287,34,-56,920,2,0,0,0,0,0,0,1,0,0
409,18271899656,QoS Data,148,34,-15,920,2,8,1,0,0,0,0,1,720,0
414,18271923001,S1G Beacon,61,34,-19,920,3,1,,,,,,,0,0
415,18272007571,QoS Data,128,34,-14,920,2,8,1,0,0,0,0,1,720,0
417,18272010489,QoS Data,128,34,-22,920,2,8,0,0,0,0,0,1,720,0
419,18272742203,S1G Beacon,129,34,-18,920,3,1,,,,,,,0,0
420,18273561406,S1G Beacon,61,34,-20,920,3,1,,,,,,,0,0
421,18274380608,S1G Beacon,129,34,-19,920,3,1,,,,,,,0,0
422,18274663774,Data,287,34,-17,920,2,0,0,0,0,0,0,1,0,0
423,18275199811,S1G Beacon,61,34,-18,920,3,1,,,,,,,0,0
424,18276019015,S1G Beacon,129,34,-18,920,3,1,,,,,,,0,0
425,18276838218,S1G Beacon,61,34,-17,920,3,1,,,,,,,0,0
426,18276923517,QoS Data,148,34,-14,920,2,8,1,0,0,0,0,1,720,0
429,18276931786,QoS Data,131,34,-20,920,2,8,1,0,0,0,0,1,720,0
432,18277007054,QoS Data,128,34,-15,920,2,8,1,0,0,0,0,1,720,0
434,18277010391,QoS Data,128,34,-22,920,2,8,0,0,0,0,0,1,720,0
436,18277657423,S1G Beacon,129,34,-16,920,3,1,,,,,,,0,0
437,18277687789,Data,287,34,-17,920,2,0,0,0,0,0,0,1,0,0
438,18278476625,S1G Beacon,61,34,-17,920,3,1,,,,,,,0,0
439,18278496057,Data,378,34,-17,920,2,0,0,0,0,0,0,1,0,0
440,18278599795,Data,387,34,-17,920,2,0,0,0,0,0,0,1,0,0
441,18278703832,Data,450,34,-17,920,2,0,0,0,0,0,0,1,0,0
442,18278807791,Data,442,34,-16,920,2,0,0,0,0,0,0,1,0,0
443,18278911842,Data,387,34,-18,920,2,0,0,0,0,0,0,1,0,0
444,18279015732,Data,426,34,-18,920,2,0,0,0,0,0,0,1,0,0
445,18279120187,Data,458,34,-19,920,2,0,0,0,0,0,0,1,0,0
446,18279223899,Data,387,34,-18,920,2,0,0,0,0,0,0,1,0,0
447,18279295828,S1G Beacon,129,34,-18,920,3,1,,,,,,,0,0
448,18279327735,Data,446,34,-17,920,2,0,0,0,0,0,0,1,0,0
449,18279431979,Data,440,34,-18,920,2,0,0,0,0,0,0,1,0,0
450,18279535879,Data,387,34,-18,920,2,0,0,0,0,0,0,1,0,0
451,18279639833,Data,442,34,-18,920,2,0,0,0,0,0,0,1,0,0
452,18279743826,Data,452,34,-18,920,2,0,0,0,0,0,0,1,0,0
453,18280115030,S1G Beacon,61,34,-19,920,3,1,,,,,,,0,0
454,18280711837,Data,287,34,-19,920,2,0,0,0,0,0,0,1,0,0
455,18280934237,S1G Beacon,129,34,-17,920,3,1,,,,,,,0,0
456,18281753438,S1G Beacon,61,34,-17,920,3,1,,,,,,,0,0
457,18281948544,QoS Data,116,34,-15,920,2,8,1,0,0,0,0,1,720,0
460,18281953373,QoS Data,148,34,-14,920,2,8,1,0,0,0,0,1,720,0
467,18282006924,QoS Data,128,34,-13,920,2,8,1,0,0,0,0,1,720,0
471,18282572642,S1G Beacon,129,34,-18,920,3,1,,,,,,,0,0
472,18283391845,S1G Beacon,61,34,-17,920,3,1,,,,,,,0,0
473,18283736124,Data,287,34,-19,920,2,0,0,0,0,0,0,1,0,0
474,18284211047,S1G Beacon,129,34,-19,920,3,1,,,,,,,0,0
475,18285030251,S1G Beacon,61,34,-17,920,3,1,,,,,,,0,0
476,18285174235,Authentication,166,34,-57,920,0,11,0,0,0,0,0,0,0,0
477,18285207002,Authentication,166,34,-57,920,0,11,0,0,0,0,0,0,0,0
478,18285272539,Authentication,166,34,-55,920,0,11,0,0,0,0,0,0,0,0
479,18285305306,Authentication,166,34,-55,920,0,11,0,0,0,0,0,0,0,0
480,18285316245,Authentication,166,34,-18,920,0,11,0,0,0,0,0,0,720,0
481,18285322705,Authentication,166,34,-18,920,0,11,0,0,1,0,0,0,720,0
482,18285328852,Authentication,166,34,-18,920,0,11,0,0,1,0,0,0,720,0
483,18285335361,Authentication,166,34,-17,920,0,11,0,0,1,0,0,0,720,0
484,18285370841,Authentication,166,34,-57,920,0,11,0,0,0,0,0,0,0,0
485,18285414872,Authentication,166,34,-56,920,0,11,0,0,0,0,0,0,0,0
486,18285469145,Authentication,166,34,-55,920,0,11,0,0,0,0,0,0,0,0
487,18285534681,Authentication,166,34,-55,920,0,11,0,0,0,0,0,0,0,0
488,18285567448,Authentication,166,34,-57,920,0,11,0,0,0,0,0,0,0,0
489,18285584670,Authentication,166,34,-17,920,0,11,0,0,0,0,0,0,720,0
490,18285591231,Authentication,166,34,-17,920,0,11,0,0,1,0,0,0,720,0
491,18285596286,Authentication,166,34,-18,920,0,11,0,0,1,0,0,0,720,0
492,18285602744,Authentication,166,34,-18,920,0,11,0,0,1,0,0,0,720,0
493,18285632983,Authentication,166,34,-56,920,0,11,0,0,0,0,0,0,0,0
494,18285674966,Authentication,166,34,-56,920,0,11,0,0,0,0,0,0,0,0
495,18285718096,Authentication,166,34,-17,920,0,11,0,0,0,0,0,0,720,0
496,18285724659,Authentication,166,34,-17,920,0,11,0,0,1,0,0,0,720,0
497,18285731119,Authentication,166,34,-17,920,0,11,0,0,1,0,0,0,720,0
498,18285737628,Authentication,166,34,-18,920,0,11,0,0,1,0,0,0,720,0
499,18285796822,Authentication,166,34,-55,920,0,11,0,0,0,0,0,0,0,0
500,18285829590,Authentication,166,34,-56,920,0,11,0,0,0,0,0,0,0,0
501,18285849457,S1G Beacon,129,34,-17,920,3,1,,,,,,,0,0
502,18285853201,Authentication,166,34,-17,920,0,11,0,0,0,0,0,0,720,0
503,18285859819,Authentication,166,34,-19,920,0,11,0,0,1,0,0,0,720,0
504,18285866588,Authentication,166,34,-17,920,0,11,0,0,1,0,0,0,720,0
505,18285873046,Authentication,166,34,-18,920,0,11,0,0,1,0,0,0,720,0
506,18285895126,Authentication,166,34,-57,920,0,11,0,0,0,0,0,0,0,0
507,18285931990,Authentication,166,34,-56,920,0,11,0,0,0,0,0,0,0,0
508,18285987982,Authentication,166,34,-18,920,0,11,0,0,0,0,0,0,720,0
509,18285993429,Authentication,166,34,-56,920,0,11,0,0,0,0,0,0,0,0
510,18285998119,Authentication,166,34,-17,920,0,11,0,0,1,0,0,0,720,0
511,18286004736,Authentication,166,34,-19,920,0,11,0,0,1,0,0,0,720,0
512,18286011351,Authentication,166,34,-18,920,0,11,0,0,1,0,0,0,720,0
513,18286058965,Authentication,166,34,-58,920,0,11,0,0,0,0,0,0,0,0
514,18286065473,Authentication,105,34,-19,920,0,11,0,0,0,0,0,0,720,0
515,18286070294,Authentication,105,34,-18,920,0,11,0,0,1,0,0,0,720,0
516,18286075216,Authentication,105,34,-17,920,0,11,0,0,1,0,0,0,720,0
517,18286080246,Authentication,105,34,-17,920,0,11,0,0,1,0,0,0,720,0
518,18286088186,Authentication,105,34,-18,920,0,11,0,0,0,0,0,0,720,0
519,18286091733,Authentication,166,34,-56,920,0,11,0,0,0,0,0,0,0,0
520,18286096577,Authentication,105,34,-18,920,0,11,0,0,1,0,0,0,720,0
521,18286101343,Authentication,105,34,-16,920,0,11,0,0,1,0,0,0,720,0
522,18286106320,Authentication,105,34,-18,920,0,11,0,0,1,0,0,0,720,0
523,18286112854,Authentication,105,34,-18,920,0,11,0,0,0,0,0,0,720,0
524,18286117415,Authentication,105,34,-18,920,0,11,0,0,1,0,0,0,720,0
525,18286122184,Authentication,105,34,-17,920,0,11,0,0,1,0,0,0,720,0
526,18286127002,Authentication,105,34,-18,920,0,11,0,0,1,0,0,0,720,0
527,18286137499,Authentication,105,34,-18,920,0,11,0,0,0,0,0,0,720,0
528,18286142475,Authentication,105,34,-17,920,0,11,0,0,1,0,0,0,720,0
529,18286147608,Authentication,105,34,-17,920,0,11,0,0,1,0,0,0,720,0
530,18286152530,Authentication,105,34,-17,920,0,11,0,0,1,0,0,0,720,0
531,18286157269,Authentication,166,34,-56,920,0,11,0,0,0,0,0,0,0,0
532,18286162218,Authentication,105,34,-17,920,0,11,0,0,0,0,0,0,720,0
533,18286167088,Authentication,105,34,-17,920,0,11,0,0,1,0,0,0,720,0
534,18286171855,Authentication,105,34,-17,920,0,11,0,0,1,0,0,0,720,0
535,18286176779,Authentication,105,34,-19,920,0,11,0,0,1,0,0,0,720,0
536,18286190036,Authentication,166,34,-56,920,0,11,0,0,0,0,0,0,0,0
537,18286194728,Authentication,105,34,-17,920,0,11,0,0,0,0,0,0,720,0
538,18286199754,Authentication,105,34,-19,920,0,11,0,0,1,0,0,0,720,0
539,18286204521,Authentication,105,34,-18,920,0,11,0,0,1,0,0,0,720,0
540,18286209342,Authentication,105,34,-17,920,0,11,0,0,1,0,0,0,720,0
542,18286236094,Authentication,105,34,-18,920,0,11,0,0,0,0,0,0,720,0
543,18286240864,Authentication,105,34,-18,920,0,11,0,0,1,0,0,0,720,0
544,18286245840,Authentication,105,34,-17,920,0,11,0,0,1,0,0,0,720,0
545,18286250866,Authentication,105,34,-19,920,0,11,0,0,1,0,0,0,720,0
546,18286255572,Authentication,166,34,-57,920,0,11,0,0,0,0,0,0,0,0
547,18286260312,Authentication,105,34,-18,920,0,11,0,0,0,0,0,0,720,0
548,18286265079,Authentication,105,34,-18,920,0,11,0,0,1,0,0,0,720,0
549,18286269845,Authentication,105,34,-19,920,0,11,0,0,1,0,0,0,720,0
550,18286283993,Authentication,105,34,-19,920,0,11,0,0,0,0,0,0,720,0
551,18286289125,Authentication,105,34,-18,920,0,11,0,0,1,0,0,0,720,0
552,18286294151,Authentication,105,34,-17,920,0,11,0,0,1,0,0,0,720,0
553,18286299283,Authentication,105,34,-18,920,0,11,0,0,1,0,0,0,720,0
554,18286310592,Authentication,105,34,-18,920,0,11,0,0,0,0,0,0,720,0
555,18286315673,Authentication,105,34,-17,920,0,11,0,0,1,0,0,0,720,0
556,18286320545,Authentication,105,34,-19,920,0,11,0,0,1,0,0,0,720,0
557,18286325417,Authentication,105,34,-18,920,0,11,0,0,1,0,0,0,720,0
558,18286337456,Authentication,105,34,-18,920,0,11,0,0,0,0,0,0,720,0
559,18286342585,Authentication,105,34,-18,920,0,11,0,0,1,0,0,0,720,0
560,18286347559,Authentication,105,34,-17,920,0,11,0,0,1,0,0,0,720,0
561,18286352328,Authentication,105,34,-18,920,0,11,0,0,1,0,0,0,720,0
562,18286419411,Authentication,166,34,-56,920,0,11,0,0,0,0,0,0,0,0
563,18286424207,Authentication,105,34,-17,920,0,11,0,0,0,0,0,0,720,0
564,18286429286,Authentication,105,34,-18,920,0,11,0,0,1,0,0,0,720,0
565,18286434103,Authentication,105,34,-18,920,0,11,0,0,1,0,0,0,720,0
566,18286438924,Authentication,105,34,-18,920,0,11,0,0,1,0,0,0,720,0
567,18286452178,Authentication,166,34,-55,920,0,11,0,0,0,0,0,0,0,0
568,18286457128,Authentication,105,34,-17,920,0,11,0,0,0,0,0,0,720,0
569,18286462204,Authentication,105,34,-19,920,0,11,0,0,1,0,0,0,720,0
570,18286467337,Authentication,105,34,-18,920,0,11,0,0,1,0,0,0,720,0
571,18286472209,Authentication,105,34,-18,920,0,11,0,0,1,0,0,0,720,0
572,18286478804,Authentication,105,34,-19,920,0,11,0,0,0,0,0,0,720,0
573,18286483570,Authentication,105,34,-19,920,0,11,0,0,1,0,0,0,720,0
574,18286488493,Authentication,105,34,-19,920,0,11,0,0,1,0,0,0,720,0
575,18286493311,Authentication,105,34,-18,920,0,11,0,0,1,0,0,0,720,0
576,18286516599,Authentication,166,34,-18,920,0,11,0,0,0,0,0,0,720,0
577,18286523264,Authentication,166,34,-20,920,0,11,0,0,1,0,0,0,720,0
578,18286529830,Authentication,166,34,-18,920,0,11,0,0,1,0,0,0,720,0
579,18286536499,Authentication,166,34,-18,920,0,11,0,0,1,0,0,0,720,0
580,18286550482,Authentication,166,34,-57,920,0,11,0,0,0,0,0,0,0,0
581,18286555120,Authentication,166,34,-18,920,0,11,0,0,0,0,0,0,720,0
582,18286561892,Authentication,166,34,-18,920,0,11,0,0,1,0,0,0,720,0
583,18286568494,Authentication,166,34,-18,920,0,11,0,0,1,0,0,0,720,0
584,18286575056,Authentication,166,34,-18,920,0,11,0,0,1,0,0,0,720,0
585,18286581634,Authentication,166,34,-17,920,0,11,0,0,0,0,0,0,720,0
586,18286588039,Authentication,166,34,-17,920,0,11,0,0,1,0,0,0,720,0
587,18286594758,Authentication,166,34,-19,920,0,11,0,0,1,0,0,0,720,0
588,18286601269,Authentication,166,34,-18,920,0,11,0,0,1,0,0,0,720,0
589,18286616017,Authentication,166,34,-56,920,0,11,0,0,0,0,0,0,0,0
590,18286620604,Authentication,105,34,-18,920,0,11,0,0,0,0,0,0,720,0
591,18286625425,Authentication,105,34,-17,920,0,11,0,0,1,0,0,0,720,0
592,18286630350,Authentication,105,34,-18,920,0,11,0,0,1,0,0,0,720,0
593,18286635376,Authentication,105,34,-18,920,0,11,0,0,1,0,0,0,720,0
594,18286641734,Authentication,105,34,-18,920,0,11,0,0,0,0,0,0,720,0
595,18286646708,Authentication,105,34,-18,920,0,11,0,0,1,0,0,0,720,0
596,18286651581,Authentication,105,34,-18,920,0,11,0,0,1,0,0,0,720,0
597,18286656504,Authentication,105,34,-18,920,0,11,0,0,1,0,0,0,720,0
598,18286661071,Authentication,166,34,-57,920,0,11,0,0,0,0,0,0,0,0
599,18286668658,S1G Beacon,61,34,-18,920,3,1,,,,,,,0,0
600,18286670443,Authentication,105,34,-19,920,0,11,0,0,0,0,0,0,720,0
601,18286675575,Authentication,105,34,-18,920,0,11,0,0,1,0,0,0,720,0
602,18286680706,Authentication,105,34,-18,920,0,11,0,0,1,0,0,0,720,0
603,18286685523,Authentication,105,34,-19,920,0,11,0,0,1,0,0,0,720,0
604,18286692089,Authentication,105,34,-19,920,0,11,0,0,0,0,0,0,720,0
605,18286696856,Authentication,105,34,-18,920,0,11,0,0,1,0,0,0,720,0
606,18286701624,Authentication,105,34,-19,920,0,11,0,0,1,0,0,0,720,0
607,18286705102,Authentication,201,34,-55,920,0,11,0,0,0,0,0,0,0,0
608,18286710712,Authentication,105,34,-18,920,0,11,0,0,1,0,0,0,720,0
609,18286714321,Authentication,201,34,-57,920,0,11,0,0,0,0,0,0,0,0
610,18286724483,Authentication,166,34,-56,920,0,11,0,0,0,0,0,0,0,0
611,18286733725,Authentication,201,34,-57,920,0,11,0,0,0,0,0,0,0,0
612,18286747089,Authentication,201,34,-58,920,0,11,0,0,0,0,0,0,0,0
613,18286757251,Authentication,201,34,-56,920,0,11,0,0,0,0,0,0,0,0
614,18286767413,Authentication,201,34,-57,920,0,11,0,0,0,0,0,0,0,0
615,18286772880,Data,287,34,-19,920,2,0,0,0,0,0,0,1,0,0
616,18286781863,Authentication,166,34,-57,920,0,11,0,0,0,0,0,0,0,0
617,18286791105,Authentication,201,34,-56,920,0,11,0,0,0,0,0,0,0,0
618,18286801266,Authentication,201,34,-57,920,0,11,0,0,0,0,0,0,0,0
619,18286811813,Authentication,166,34,-18,920,0,11,0,0,0,0,0,0,720,0
620,18286817705,Authentication,201,34,-57,920,0,11,0,0,0,0,0,0,0,0
621,18286824823,Authentication,166,34,-19,920,0,11,0,0,1,0,0,0,720,0
622,18286831751,Authentication,166,34,-18,920,0,11,0,0,1,0,0,0,720,0
623,18286838262,Authentication,166,34,-19,920,0,11,0,0,1,0,0,0,720,0
624,18286845392,Authentication,201,34,-56,920,0,11,0,0,0,0,0,0,0,0
625,18286852559,Authentication,201,34,-56,920,0,11,0,0,0,0,0,0,0,0
626,18286858117,Authentication,105,34,-19,920,0,11,0,0,0,0,0,0,720,0
627,18286862208,Authentication,105,34,-19,920,0,11,0,0,1,0,0,0,720,0
628,18286867235,Authentication,105,34,-18,920,0,11,0,0,1,0,0,0,720,0
629,18286871430,Authentication,105,34,-18,920,0,11,0,0,1,0,0,0,720,0
630,18286878160,Authentication,201,34,-56,920,0,11,0,0,0,0,0,0,0,0
631,18286888322,Authentication,166,34,-56,920,0,11,0,0,0,0,0,0,0,0
632,18286897563,Authentication,201,34,-56,920,0,11,0,0,0,0,0,0,0,0
633,18286907726,Authentication,201,34,-57,920,0,11,0,0,0,0,0,0,0,0
634,18286917888,Authentication,201,34,-57,920,0,11,0,0,0,0,0,0,0,0
635,18286932210,Authentication,201,34,-56,920,0,11,0,0,0,0,0,0,0,0
636,18286937768,Authentication,166,34,-19,920,0,11,0,0,0,0,0,0,720,0
637,18286943695,Authentication,201,34,-57,920,0,11,0,0,0,0,0,0,0,0
638,18286953857,Authentication,201,34,-57,920,0,11,0,0,0,0,0,0,0,0
639,18286964409,Authentication,166,34,-19,920,0,11,0,0,1,0,0,0,720,0
640,18286971024,Authentication,166,34,-17,920,0,11,0,0,1,0,0,0,720,0
641,18286976464,Authentication,201,34,-55,920,0,11,0,0,0,0,0,0,0,0
642,18286986625,Authentication,166,34,-56,920,0,11,0,0,0,0,0,0,0,0
643,18286991733,Authentication,166,34,-19,920,0,11,0,0,1,0,0,0,720,0
644,18286995867,Authentication,201,34,-56,920,0,11,0,0,0,0,0,0,0,0
645,18287001406,QoS Data,149,34,-15,920,2,8,1,0,0,0,0,1,720,0
648,18287007690,QoS Data,149,34,-15,920,2,8,1,0,1,0,0,1,720,0
650,18287013768,QoS Data,131,34,-23,920,2,8,1,0,0,0,0,1,720,0
653,18287041999,Authentication,201,34,-55,920,0,11,0,0,0,0,0,0,0,0
654,18287054286,Authentication,201,34,-56,920,0,11,0,0,0,0,0,0,0,0
655,18287060156,Authentication,166,34,-18,920,0,11,0,0,0,0,0,0,720,0
656,18287066877,Authentication,166,34,-17,920,0,11,0,0,1,0,0,0,720,0
657,18287073439,Authentication,166,34,-18,920,0,11,0,0,1,0,0,0,720,0
658,18287079847,Authentication,166,34,-59,920,0,11,0,0,0,0,0,0,0,0
659,18287089089,Authentication,201,34,-56,920,0,11,0,0,0,0,0,0,0,0
660,18287099794,Authentication,166,34,-19,920,0,11,0,0,1,0,0,0,720,0
661,18287107534,Authentication,201,34,-55,920,0,11,0,0,0,0,0,0,0,0
662,18287117697,Authentication,201,34,-57,920,0,11,0,0,0,0,0,0,0,0
663,18287122776,Authentication,201,34,-55,920,0,11,0,0,0,0,0,0,0,0
664,18287138658,Authentication,105,34,-19,920,0,11,0,0,0,0,0,0,720,0
665,18287144863,Authentication,105,34,-19,920,0,11,0,0,1,0,0,0,720,0
666,18287149633,Authentication,105,34,-18,920,0,11,0,0,1,0,0,0,720,0
667,18287154765,Authentication,105,34,-18,920,0,11,0,0,1,0,0,0,720,0
668,18287173070,Authentication,166,34,-56,920,0,11,0,0,0,0,0,0,0,0
669,18287238605,Authentication,166,34,-57,920,0,11,0,0,0,0,0,0,0,0
670,18287247848,Authentication,201,34,-56,920,0,11,0,0,0,0,0,0,0,0
671,18287257134,QoS Data,128,34,-16,920,2,8,1,0,0,0,0,1,720,0
673,18287259634,Authentication,166,34,-19,920,0,11,0,0,0,0,0,0,720,0
675,18287267155,Authentication,166,34,-18,920,0,11,0,0,1,0,0,0,720,0
676,18287276454,Authentication,201,34,-57,920,0,11,0,0,0,0,0,0,0,0
677,18287286616,Authentication,201,34,-56,920,0,11,0,0,0,0,0,0,0,0
678,18287296778,Authentication,166,34,-56,920,0,11,0,0,0,0,0,0,0,0
679,18287301290,Authentication,166,34,-18,920,0,11,0,0,1,0,0,0,720,0
680,18287309222,Authentication,201,34,-57,920,0,11,0,0,0,0,0,0,0,0
681,18287319384,Authentication,201,34,-57,920,0,11,0,0,0,0,0,0,0,0
682,18287329900,Authentication,166,34,-18,920,0,11,0,0,1,0,0,0,720,0
683,18287336909,Authentication,201,34,-58,920,0,11,0,0,0,0,0,0,0,0
684,18287346151,Authentication,201,34,-56,920,0,11,0,0,0,0,0,0,0,0
685,18287380188,Authentication,166,34,-19,920,0,11,0,0,0,0,0,0,720,0
686,18287386594,Authentication,166,34,-18,920,0,11,0,0,1,0,0,0,720,0
687,18287393367,Authentication,166,34,-18,920,0,11,0,0,1,0,0,0,720,0
688,18287399929,Authentication,166,34,-18,920,0,11,0,0,1,0,0,0,720,0
689,18287435212,Authentication,166,34,-56,920,0,11,0,0,0,0,0,0,0,0
690,18287473098,Authentication,201,34,-55,920,0,11,0,0,0,0,0,0,0,0
691,18287487860,S1G Beacon,129,34,-19,920,3,1,,,,,,,0,0
692,18287492552,Authentication,201,34,-55,920,0,11,0,0,0,0,0,0,0,0
693,18287501795,Authentication,201,34,-57,920,0,11,0,0,0,0,0,0,0,0
694,18287516507,Authentication,166,34,-18,920,0,11,0,0,0,0,0,0,720,0
695,18287523279,Authentication,166,34,-18,920,0,11,0,0,1,0,0,0,720,0
696,18287530050,Authentication,166,34,-19,920,0,11,0,0,1,0,0,0,720,0
697,18287538069,Authentication,166,34,-18,920,0,11,0,0,1,0,0,0,720,0
698,18287599051,Authentication,166,34,-57,920,0,11,0,0,0,0,0,0,0,0
699,18287631819,Authentication,166,34,-57,920,0,11,0,0,0,0,0,0,0,0
700,18287652160,Authentication,166,34,-18,920,0,11,0,0,0,0,0,0,720,0
701,18287658773,Authentication,166,34,-18,920,0,11,0,0,1,0,0,0,720,0
702,18287665232,Authentication,166,34,-18,920,0,11,0,0,1,0,0,0,720,0
703,18287671847,Authentication,166,34,-19,920,0,11,0,0,1,0,0,0,720,0
704,18287697354,Authentication,166,34,-56,920,0,11,0,0,0,0,0,0,0,0
705,18287737289,Authentication,166,34,-56,920,0,11,0,0,0,0,0,0,0,0
706,18287762890,Authentication,201,34,-56,920,0,11,0,0,0,0,0,0,0,0
707,18287773052,Authentication,201,34,-57,920,0,11,0,0,0,0,0,0,0,0
708,18287795658,Authentication,166,34,-57,920,0,11,0,0,0,0,0,0,0,0
709,18287849204,Authentication,166,34,-18,920,0,11,0,0,0,0,0,0,720,0
710,18287857535,Authentication,166,34,-21,920,0,11,0,0,1,0,0,0,720,0
711,18287864099,Authentication,166,34,-18,920,0,11,0,0,1,0,0,0,720,0
712,18287870660,Authentication,166,34,-18,920,0,11,0,0,1,0,0,0,720,0
713,18287893962,Authentication,166,34,-57,920,0,11,0,0,0,0,0,0,0,0
714,18287959497,Authentication,166,34,-57,920,0,11,0,0,0,0,0,0,0,0
715,18287992264,Authentication,166,34,-56,920,0,11,0,0,0,0,0,0,0,0
716,18288057801,Authentication,166,34,-55,920,0,11,0,0,0,0,0,0,0,0
717,18288074348,Authentication,166,34,-19,920,0,11,0,0,0,0,0,0,720,0
718,18288080910,Authentication,166,34,-19,920,0,11,0,0,1,0,0,0,720,0
719,18288087682,Authentication,166,34,-18,920,0,11,0,0,1,0,0,0,720,0
720,18288094088,Authentication,166,34,-18,920,0,11,0,0,1,0,0,0,720,0
721,18288108998,Authentication,166,34,-56,920,0,11,0,0,0,0,0,0,0,0
722,18288156103,Authentication,166,34,-56,920,0,11,0,0,0,0,0,0,0,0
723,18288211338,Authentication,166,34,-19,920,0,11,0,0,0,0,0,0,720,0
724,18288217746,Authentication,166,34,-19,920,0,11,0,0,1,0,0,0,720,0
725,18288224603,Authentication,166,34,-19,920,0,11,0,0,1,0,0,0,720,0
726,18288231372,Authentication,166,34,-18,920,0,11,0,0,1,0,0,0,720,0
727,18288254407,Authentication,166,34,-56,920,0,11,0,0,0,0,0,0,0,0
728,18288307062,S1G Beacon,61,34,-18,920,3,1,,,,,,,0,0
729,18288319942,Authentication,166,34,-55,920,0,11,0,0,0,0,0,0,0,0
730,18288347306,Authentication,166,34,-18,920,0,11,0,0,0,0,0,0,720,0
731,18288353713,Authentication,166,34,-18,920,0,11,0,0,1,0,0,0,720,0
732,18288360381,Authentication,166,34,-19,920,0,11,0,0,1,0,0,0,720,0
733,18288367256,Authentication,166,34,-20,920,0,11,0,0,1,0,0,0,720,0
734,18288407568,Authentication,105,34,-19,920,0,11,0,0,0,0,0,0,720,0
735,18288412388,Authentication,105,34,-18,920,0,11,0,0,1,0,0,0,720,0
736,18288417311,Authentication,105,34,-18,920,0,11,0,0,1,0,0,0,720,0
737,18288422388,Authentication,105,34,-20,920,0,11,0,0,1,0,0,0,720,0
738,18288483781,Authentication,166,34,-57,920,0,11,0,0,0,0,0,0,0,0
739,18288488679,Authentication,166,34,-18,920,0,11,0,0,0,0,0,0,720,0
740,18288495086,Authentication,166,34,-19,920,0,11,0,0,1,0,0,0,720,0
741,18288501857,Authentication,166,34,-18,920,0,11,0,0,1,0,0,0,720,0
742,18288508420,Authentication,166,34,-18,920,0,11,0,0,1,0,0,0,720,0
743,18288516549,Authentication,166,34,-57,920,0,11,0,0,0,0,0,0,0,0
744,18288547136,Authentication,105,34,-18,920,0,11,0,0,0,0,0,0,720,0
745,18288552266,Authentication,105,34,-18,920,0,11,0,0,1,0,0,0,720,0
746,18288557085,Authentication,105,34,-18,920,0,11,0,0,1,0,0,0,720,0
747,18288562216,Authentication,105,34,-18,920,0,11,0,0,1,0,0,0,720,0
748,18288582085,Authentication,166,34,-56,920,0,11,0,0,0,0,0,0,0,0
749,18288624230,Authentication,166,34,-19,920,0,11,0,0,0,0,0,0,720,0
750,18288630638,Authentication,166,34,-18,920,0,11,0,0,1,0,0,0,720,0
751,18288635330,Authentication,166,34,-56,920,0,11,0,0,0,0,0,0,0,0
752,18288640178,Authentication,166,34,-19,920,0,11,0,0,1,0,0,0,720,0
753,18288646741,Authentication,166,34,-18,920,0,11,0,0,1,0,0,0,720,0
754,18288680388,Authentication,166,34,-55,920,0,11,0,0,0,0,0,0,0,0
755,18288697689,Authentication,105,34,-18,920,0,11,0,0,0,0,0,0,720,0
756,18288702510,Authentication,105,34,-18,920,0,11,0,0,1,0,0,0,720,0
757,18288707485,Authentication,105,34,-18,920,0,11,0,0,1,0,0,0,720,0
758,18288712407,Authentication,105,34,-18,920,0,11,0,0,1,0,0,0,720,0
759,18288745924,Authentication,166,34,-56,920,0,11,0,0,0,0,0,0,0,0
760,18288751188,Authentication,166,34,-18,920,0,11,0,0,0,0,0,0,720,0
761,18288757854,Authentication,166,34,-19,920,0,11,0,0,1,0,0,0,720,0
762,18288764364,Authentication,166,34,-18,920,0,11,0,0,1,0,0,0,720,0
763,18288770826,Authentication,166,34,-17,920,0,11,0,0,1,0,0,0,720,0
764,18288844227,Authentication,166,34,-55,920,0,11,0,0,0,0,0,0,0,0
765,18288876995,Authentication,166,34,-56,920,0,11,0,0,0,0,0,0,0,0
766,18288942531,Authentication,166,34,-55,920,0,11,0,0,0,0,0,0,0,0
767,18288949872,Data,132,34,-19,920,2,0,0,0,0,0,0,1,0,0
768,18288999871,Authentication,166,34,-56,920,0,11,0,0,0,0,0,0,0,0
769,18289040834,Authentication,201,34,-56,920,0,11,0,0,0,0,0,0,0,0
770,18289060238,Authentication,201,34,-57,920,0,11,0,0,0,0,0,0,0,0
771,18289092089,Authentication,105,34,-18,920,0,11,0,0,0,0,0,0,720,0
772,18289096962,Authentication,105,34,-18,920,0,11,0,0,1,0,0,0,720,0
773,18289101159,Authentication,105,34,-18,920,0,11,0,0,1,0,0,0,720,0
774,18289106239,Authentication,105,34,-18,920,0,11,0,0,1,0,0,0,720,0
775,18289126266,S1G Beacon,129,34,-18,920,3,1,,,,,,,0,0
776,18289151424,Authentication,166,34,-56,920,0,11,0,0,0,0,0,0,0,0
777,18289171905,Authentication,201,34,-55,920,0,11,0,0,0,0,0,0,0,0
778,18289182067,Authentication,201,34,-56,920,0,11,0,0,0,0,0,0,0,0
779,18289204673,Authentication,166,34,-56,920,0,11,0,0,0,0,0,0,0,0
780,18289229381,Authentication,166,34,-18,920,0,11,0,0,0,0,0,0,720,0
781,18289235892,Authentication,166,34,-17,920,0,11,0,0,1,0,0,0,720,0
782,18289242819,Authentication,166,34,-17,920,0,11,0,0,1,0,0,0,720,0
783,18289249227,Authentication,166,34,-17,920,0,11,0,0,1,0,0,0,720,0
784,18289270208,Authentication,166,34,-56,920,0,11,0,0,0,0,0,0,0,0
785,18289302976,Authentication,166,34,-56,920,0,11,0,0,0,0,0,0,0,0
786,18289331645,Authentication,201,34,-55,920,0,11,0,0,0,0,0,0,0,0
787,18289341807,Authentication,201,34,-56,920,0,11,0,0,0,0,0,0,0,0
788,18289368512,Authentication,166,34,-56,920,0,11,0,0,0,0,0,0,0,0
789,18289406399,Authentication,166,34,-57,920,0,11,0,0,0,0,0,0,0,0
790,18289411090,Authentication,166,34,-17,920,0,11,0,0,0,0,0,0,720,0
791,18289417186,Authentication,166,34,-17,920,0,11,0,0,1,0,0,0,720,0
792,18289423698,Authentication,166,34,-17,920,0,11,0,0,1,0,0,0,720,0
793,18289430159,Authentication,166,34,-16,920,0,11,0,0,1,0,0,0,720,0
794,18289532351,Authentication,166,34,-57,920,0,11,0,0,0,0,0,0,0,0
795,18289565119,Authentication,166,34,-56,920,0,11,0,0,0,0,0,0,0,0
796,18289619510,Authentication,166,34,-18,920,0,11,0,0,0,0,0,0,720,0
797,18289625916,Authentication,166,34,-18,920,0,11,0,0,1,0,0,0,720,0
798,18289630654,Authentication,166,34,-56,920,0,11,0,0,0,0,0,0,0,0
799,18289635499,Authentication,166,34,-18,920,0,11,0,0,1,0,0,0,720,0
800,18289642261,Authentication,166,34,-17,920,0,11,0,0,1,0,0,0,720,0
801,18289677756,Authentication,166,34,-57,920,0,11,0,0,0,0,0,0,0,0
802,18289728957,Authentication,201,34,-57,920,0,11,0,0,0,0,0,0,0,0
803,18289744201,Authentication,201,34,-57,920,0,11,0,0,0,0,0,0,0,0
804,18289783823,Data,287,34,-19,920,2,0,0,0,0,0,0,1,0,0
805,18289820447,Authentication,105,34,-20,920,0,11,0,0,1,0,0,0,720,0
806,18289825580,Authentication,105,34,-19,920,0,11,0,0,1,0,0,0,720,0
807,18289831802,Authentication,105,34,-20,920,0,11,0,0,1,0,0,0,720,0
808,18289892796,Authentication,166,34,-57,920,0,11,0,0,0,0,0,0,0,0
809,18289935803,Authentication,166,34,-58,920,0,11,0,0,0,0,0,0,0,0
810,18289945470,S1G Beacon,61,34,-18,920,3,1,,,,,,,0,0
811,18289959246,Authentication,105,34,-18,920,0,11,0,0,0,0,0,0,720,0
812,18289964169,Authentication,105,34,-19,920,0,11,0,0,1,0,0,0,720,0
813,18289969300,Authentication,105,34,-18,920,0,11,0,0,1,0,0,0,720,0
814,18289974222,Authentication,105,34,-17,920,0,11,0,0,1,0,0,0,720,0
815,18289991100,Authentication,166,34,-58,920,0,11,0,0,0,0,0,0,0,0
816,18290056635,Authentication,166,34,-58,920,0,11,0,0,0,0,0,0,0,0
817,18290098618,Authentication,166,34,-56,920,0,11,0,0,0,0,0,0,0,0
818,18290103206,Authentication,166,34,-18,920,0,11,0,0,0,0,0,0,720,0
819,18290109093,Authentication,166,34,-19,920,0,11,0,0,1,0,0,0,720,0
820,18290115655,Authentication,166,34,-18,920,0,11,0,0,1,0,0,0,720,0
821,18290122375,Authentication,166,34,-17,920,0,11,0,0,1,0,0,0,720,0
822,18290154938,Authentication,166,34,-56,920,0,11,0,0,0,0,0,0,0,0
823,18290220474,Authentication,166,34,-58,920,0,11,0,0,0,0,0,0,0,0
824,18290253242,Authentication,166,34,-57,920,0,11,0,0,0,0,0,0,0,0
825,18290296723,Authentication,105,34,-17,920,0,11,0,0,0,0,0,0,720,0
826,18290301801,Authentication,105,34,-18,920,0,11,0,0,1,0,0,0,720,0
827,18290306933,Authentication,105,34,-17,920,0,11,0,0,1,0,0,0,720,0
828,18290311909,Authentication,105,34,-18,920,0,11,0,0,1,0,0,0,720,0
829,18290357689,Authentication,166,34,-56,920,0,11,0,0,0,0,0,0,0,0
830,18290409415,Authentication,105,34,-18,920,0,11,0,0,0,0,0,0,720,0
831,18290414184,Authentication,105,34,-18,920,0,11,0,0,1,0,0,0,720,0
832,18290417081,Authentication,166,34,-58,920,0,11,0,0,0,0,0,0,0,0
833,18290421928,Authentication,105,34,-17,920,0,11,0,0,1,0,0,0,720,0
834,18290427060,Authentication,105,34,-18,920,0,11,0,0,1,0,0,0,720,0
835,18290449849,Authentication,201,34,-56,920,0,11,0,0,0,0,0,0,0,0
836,18290460010,Authentication,201,34,-56,920,0,11,0,0,0,0,0,0,0,0
837,18290482616,Authentication,166,34,-58,920,0,11,0,0,0,0,0,0,0,0
838,18290513261,Authentication,105,34,-18,920,0,11,0,0,0,0,0,0,720,0
839,18290520200,Authentication,105,34,-17,920,0,11,0,0,1,0,0,0,720,0
840,18290525020,Authentication,105,34,-18,920,0,11,0,0,1,0,0,0,720,0
841,18290529944,Authentication,105,34,-19,920,0,11,0,0,1,0,0,0,720,0
842,18290580920,Authentication,166,34,-57,920,0,11,0,0,0,0,0,0,0,0
843,18290590162,Authentication,201,34,-58,920,0,11,0,0,0,0,0,0,0,0
844,18290600324,Authentication,201,34,-57,920,0,11,0,0,0,0,0,0,0,0
845,18290615772,Authentication,105,34,-17,920,0,11,0,0,0,0,0,0,720,0
846,18290625721,Authentication,105,34,-22,920,0,11,0,0,1,0,0,0,720,0
847,18290630490,Authentication,105,34,-18,920,0,11,0,0,1,0,0,0,720,0
848,18290635189,Authentication,166,34,-57,920,0,11,0,0,0,0,0,0,0,0
849,18290679224,Authentication,166,34,-56,920,0,11,0,0,0,0,0,0,0,0
850,18290728159,Authentication,105,34,-17,920,0,11,0,0,0,0,0,0,720,0
851,18290733188,Authentication,105,34,-17,920,0,11,0,0,1,0,0,0,720,0
852,18290738111,Authentication,105,34,-18,920,0,11,0,0,1,0,0,0,720,0
853,18290743034,Authentication,105,34,-19,920,0,11,0,0,1,0,0,0,720,0
854,18290764674,S1G Beacon,129,34,-19,920,3,1,,,,,,,0,0
855,18290779575,Authentication,166,34,-58,920,0,11,0,0,0,0,0,0,0,0
856,18290833146,Authentication,166,34,-17,920,0,11,0,0,0,0,0,0,720,0
857,18290839863,Authentication,166,34,-18,920,0,11,0,0,1,0,0,0,720,0
858,18290846583,Authentication,166,34,-18,920,0,11,0,0,1,0,0,0,720,0
859,18290853198,Authentication,166,34,-17,920,0,11,0,0,1,0,0,0,720,0
860,18290900403,Authentication,166,34,-56,920,0,11,0,0,0,0,0,0,0,0
861,18290910646,Authentication,201,34,-57,920,0,11,0,0,0,0,0,0,0,0
862,18290941365,Authentication,201,34,-56,920,0,11,0,0,0,0,0,0,0,0
863,18290951528,Authentication,166,34,-57,920,0,11,0,0,0,0,0,0,0,0
864,18290991462,Authentication,105,34,-17,920,0,11,0,0,0,0,0,0,720,0
865,18290996541,Authentication,105,34,-17,920,0,11,0,0,1,0,0,0,720,0
866,18291001361,Authentication,105,34,-17,920,0,11,0,0,1,0,0,0,720,0
867,18291006336,Authentication,105,34,-17,920,0,11,0,0,1,0,0,0,720,0
868,18291039669,Authentication,201,34,-56,920,0,11,0,0,0,0,0,0,0,0
869,18291049831,Authentication,201,34,-61,920,0,11,0,0,0,0,0,0,0,0
870,18291059072,Authentication,201,34,-56,920,0,11,0,0,0,0,0,0,0,0
871,18291093952,Authentication,105,34,-17,920,0,11,0,0,0,0,0,0,720,0
872,18291103882,Authentication,105,34,-20,920,0,11,0,0,1,0,0,0,720,0
873,18291110139,Authentication,105,34,-18,920,0,11,0,0,1,0,0,0,720,0
874,18291137973,Authentication,201,34,-57,920,0,11,0,0,0,0,0,0,0,0
875,18291148134,Authentication,201,34,-56,920,0,11,0,0,0,0,0,0,0,0
876,18291157376,Authentication,201,34,-57,920,0,11,0,0,0,0,0,0,0,0
877,18291199334,Authentication,166,34,-19,920,0,11,0,0,0,0,0,0,720,0
878,18291208249,Authentication,166,34,-18,920,0,11,0,0,1,0,0,0,720,0
879,18291214760,Authentication,166,34,-18,920,0,11,0,0,1,0,0,0,720,0
880,18291221530,Authentication,166,34,-18,920,0,11,0,0,1,0,0,0,720,0
881,18291236275,Authentication,201,34,-56,920,0,11,0,0,0,0,0,0,0,0
882,18291269044,Authentication,201,34,-57,920,0,11,0,0,0,0,0,0,0,0
883,18291301811,Authentication,166,34,-58,920,0,11,0,0,0,0,0,0,0,0
884,18291354033,Authentication,201,34,-57,920,0,11,0,0,0,0,0,0,0,0
885,18291376589,Authentication,201,34,-57,920,0,11,0,0,0,0,0,0,0,0
886,18291387179,Authentication,166,34,-19,920,0,11,0,0,0,0,0,0,720,0
887,18291393848,Authentication,166,34,-19,920,0,11,0,0,1,0,0,0,720,0
888,18291400514,Authentication,166,34,-17,920,0,11,0,0,1,0,0,0,720,0
889,18291406975,Authentication,166,34,-19,920,0,11,0,0,1,0,0,0,720,0
890,18291412914,Authentication,166,34,-56,920,0,11,0,0,0,0,0,0,0,0
891,18291465650,Authentication,166,34,-56,920,0,11,0,0,0,0,0,0,0,0
892,18291531186,Authentication,166,34,-57,920,0,11,0,0,0,0,0,0,0,0
893,18291563953,Authentication,166,34,-58,920,0,11,0,0,0,0,0,0,0,0
894,18291583878,S1G Beacon,61,34,-17,920,3,1,,,,,,,0,0
895,18291609740,Authentication,105,34,-17,920,0,11,0,0,0,0,0,0,720,0
896,18291614041,Authentication,105,34,-17,920,0,11,0,0,1,0,0,0,720,0
897,18291618805,Authentication,105,34,-18,920,0,11,0,0,1,0,0,0,720,0
898,18291623884,Authentication,105,34,-19,920,0,11,0,0,1,0,0,0,720,0
899,18291627437,Authentication,201,34,-57,920,0,11,0,0,0,0,0,0,0,0
900,18291637599,Authentication,201,34,-58,920,0,11,0,0,0,0,0,0,0,0
901,18291646841,Authentication,201,34,-58,920,0,11,0,0,0,0,0,0,0,0
902,18291682735,Authentication,166,34,-56,920,0,11,0,0,0,0,0,0,0,0
903,18291727792,Authentication,201,34,-56,920,0,11,0,0,0,0,0,0,0,0
904,18291737955,Authentication,166,34,-58,920,0,11,0,0,0,0,0,0,0,0
905,18291756998,Authentication,166,34,-18,920,0,11,0,0,0,0,0,0,720,0
906,18291763559,Authentication,166,34,-17,920,0,11,0,0,1,0,0,0,720,0
907,18291770176,Authentication,166,34,-17,920,0,11,0,0,1,0,0,0,720,0
908,18291776738,Authentication,166,34,-18,920,0,11,0,0,1,0,0,0,720,0
909,18291793329,Authentication,166,34,-57,920,0,11,0,0,0,0,0,0,0,0
910,18291826096,Authentication,166,34,-57,920,0,11,0,0,0,0,0,0,0,0
911,18291891632,Authentication,166,34,-56,920,0,11,0,0,0,0,0,0,0,0
912,18291933615,Authentication,166,34,-57,920,0,11,0,0,0,0,0,0,0,0
913,18291966338,Authentication,105,34,-17,920,0,11,0,0,0,0,0,0,720,0
914,18291971159,Authentication,105,34,-19,920,0,11,0,0,1,0,0,0,720,0
915,18291976081,Authentication,105,34,-18,920,0,11,0,0,1,0,0,0,720,0
916,18291981056,Authentication,105,34,-18,920,0,11,0,0,1,0,0,0,720,0
917,18291989935,Authentication,166,34,-57,920,0,11,0,0,0,0,0,0,0,0
918,18292028529,QoS Data,148,34,-14,920,2,8,1,0,0,0,0,1,720,0
923,18292054442,Authentication,166,34,-58,920,0,11,0,0,0,0,0,0,0,0
924,18292088238,Authentication,166,34,-57,920,0,11,0,0,0,0,0,0,0,0
925,18292113102,Authentication,166,34,-18,920,0,11,0,0,0,0,0,0,720,0
926,18292119771,Authentication,166,34,-19,920,0,11,0,0,1,0,0,0,720,0
927,18292126178,Authentication,166,34,-17,920,0,11,0,0,1,0,0,0,720,0
928,18292132739,Authentication,166,34,-19,920,0,11,0,0,1,0,0,0,720,0
929,18292153774,Authentication,166,34,-58,920,0,11,0,0,0,0,0,0,0,0
930,18292196781,Authentication,166,34,-58,920,0,11,0,0,0,0,0,0,0,0
931,18292232619,Authentication,201,34,-57,920,0,11,0,0,0,0,0,0,0,0
932,18292238763,Authentication,201,34,-57,920,0,11,0,0,0,0,0,0,0,0
933,18292252077,Authentication,201,34,-57,920,0,11,0,0,0,0,0,0,0,0
934,18292262239,Authentication,166,34,-58,920,0,11,0,0,0,0,0,0,0,0
935,18292266876,QoS Data,128,34,-14,920,2,8,1,0,0,0,0,1,720,0
938,18292317613,Authentication,166,34,-57,920,0,11,0,0,0,0,0,0,0,0
939,18292326879,Authentication,105,34,-17,920,0,11,0,0,0,0,0,0,720,0
940,18292331903,Authentication,105,34,-17,920,0,11,0,0,1,0,0,0,720,0
941,18292336724,Authentication,105,34,-18,920,0,11,0,0,1,0,0,0,720,0
942,18292341752,Authentication,105,34,-18,920,0,11,0,0,1,0,0,0,720,0
943,18292350380,Authentication,166,34,-57,920,0,11,0,0,0,0,0,0,0,0
944,18292403079,S1G Beacon,129,34,-17,920,3,1,,,,,,,0,0
945,18292415916,Authentication,166,34,-57,920,0,11,0,0,0,0,0,0,0,0
946,18292473392,Authentication,166,34,-18,920,0,11,0,0,0,0,0,0,720,0
947,18292479904,Authentication,166,34,-17,920,0,11,0,0,1,0,0,0,720,0
948,18292486312,Authentication,166,34,-17,920,0,11,0,0,1,0,0,0,720,0
949,18292492978,Authentication,166,34,-17,920,0,11,0,0,1,0,0,0,720,0
950,18292514220,Authentication,166,34,-57,920,0,11,0,0,0,0,0,0,0,0
951,18292579755,Authentication,166,34,-57,920,0,11,0,0,0,0,0,0,0,0
952,18292603304,Authentication,201,34,-59,920,0,11,0,0,0,0,0,0,0,0
953,18292612523,Authentication,201,34,-57,920,0,11,0,0,0,0,0,0,0,0
954,18292678059,Authentication,166,34,-56,920,0,11,0,0,0,0,0,0,0,0
955,18292684725,Authentication,105,34,-17,920,0,11,0,0,0,0,0,0,720,0
956,18292689647,Authentication,105,34,-18,920,0,11,0,0,1,0,0,0,720,0
957,18292694673,Authentication,105,34,-17,920,0,11,0,0,1,0,0,0,720,0
958,18292699752,Authentication,105,34,-17,920,0,11,0,0,1,0,0,0,720,0
959,18292743594,Authentication,166,34,-56,920,0,11,0,0,0,0,0,0,0,0
960,18292780457,Authentication,166,34,-56,920,0,11,0,0,0,0,0,0,0,0
961,18292807821,Data,287,34,-17,920,2,0,0,0,0,0,0,1,0,0
962,18292832018,Authentication,105,34,-19,920,0,11,0,0,1,0,0,0,720,0
963,18292836785,Authentication,105,34,-17,920,0,11,0,0,1,0,0,0,720,0
964,18292841552,Authentication,105,34,-18,920,0,11,0,0,1,0,0,0,720,0
965,18292907433,Authentication,166,34,-57,920,0,11,0,0,0,0,0,0,0,0
966,18292940201,Authentication,166,34,-58,920,0,11,0,0,0,0,0,0,0,0
967,18292958119,Authentication,201,34,-57,920,0,11,0,0,0,0,0,0,0,0
968,18292969502,Authentication,105,34,-17,920,0,11,0,0,0,0,0,0,720,0
969,18292972969,Authentication,201,34,-56,920,0,11,0,0,0,0,0,0,0,0
970,18292983517,Authentication,105,34,-19,920,0,11,0,0,1,0,0,0,720,0
971,18292988337,Authentication,105,34,-18,920,0,11,0,0,1,0,0,0,720,0
972,18292993157,Authentication,105,34,-19,920,0,11,0,0,1,0,0,0,720,0
973,18293005737,Authentication,166,34,-57,920,0,11,0,0,0,0,0,0,0,0
974,18293051814,Authentication,166,34,-58,920,0,11,0,0,0,0,0,0,0,0
975,18293104040,Authentication,166,34,-58,920,0,11,0,0,0,0,0,0,0,0
976,18293169575,Authentication,166,34,-57,920,0,11,0,0,0,0,0,0,0,0
977,18293174163,Authentication,166,34,-18,920,0,11,0,0,0,0,0,0,720,0
978,18293180830,Authentication,166,34,-19,920,0,11,0,0,1,0,0,0,720,0
979,18293187547,Authentication,166,34,-17,920,0,11,0,0,1,0,0,0,720,0
980,18293194250,Authentication,166,34,-17,920,0,11,0,0,1,0,0,0,720,0
981,18293202343,Authentication,166,34,-56,920,0,11,0,0,0,0,0,0,0,0
982,18293222284,S1G Beacon,61,34,-18,920,3,1,,,,,,,0,0
983,18293300646,Authentication,201,34,-56,920,0,11,0,0,0,0,0,0,0,0
984,18293310886,Authentication,166,34,-57,920,0,11,0,0,0,0,0,0,0,0
985,18293321124,Authentication,201,34,-58,920,0,11,0,0,0,0,0,0,0,0
986,18293329315,Authentication,201,34,-59,920,0,11,0,0,0,0,0,0,0,0
987,18293366182,Authentication,166,34,-58,920,0,11,0,0,0,0,0,0,0,0
988,18293386505,Authentication,105,34,-18,920,0,11,0,0,0,0,0,0,720,0
989,18293391479,Authentication,105,34,-18,920,0,11,0,0,1,0,0,0,720,0
990,18293396352,Authentication,105,34,-17,920,0,11,0,0,1,0,0,0,720,0
991,18293401174,Authentication,105,34,-17,920,0,11,0,0,1,0,0,0,720,0
992,18293431718,Authentication,166,34,-57,920,0,11,0,0,0,0,0,0,0,0
993,18293464486,Authentication,201,34,-56,920,0,11,0,0,0,0,0,0,0,0
994,18293474647,Authentication,201,34,-56,920,0,11,0,0,0,0,0,0,0,0
995,18293530021,Authentication,166,34,-58,920,0,11,0,0,0,0,0,0,0,0
996,18293535283,Authentication,166,34,-17,920,0,11,0,0,0,0,0,0,720,0
997,18293541795,Authentication,166,34,-18,920,0,11,0,0,1,0,0,0,720,0
998,18293548201,Authentication,166,34,-17,920,0,11,0,0,1,0,0,0,720,0
999,18293554922,Authentication,166,34,-17,920,0,11,0,0,1,0,0,0,720,0
1000,18293589409,Authentication,166,34,-56,920,0,11,0,0,0,0,0,0,0,0
1001,18293595557,Authentication,201,34,-58,920,0,11,0,0,0,0,0,0,0,0
1002,18293604771,Authentication,201,34,-57,920,0,11,0,0,0,0,0,0,0,0
1003,18293610914,Authentication,201,34,-57,920,0,11,0,0,0,0,0,0,0,0
1004,18293628325,Authentication,201,34,-56,920,0,11,0,0,0,0,0,0,0,0
1005,18293693860,Authentication,166,34,-56,920,0,11,0,0,0,0,0,0,0,0
1006,18293730724,Authentication,166,34,-57,920,0,11,0,0,0,0,0,0,0,0
1007,18293749420,Authentication,166,34,-18,920,0,11,0,0,0,0,0,0,720,0
1008,18293755826,Authentication,166,34,-18,920,0,11,0,0,1,0,0,0,720,0
1009,18293762441,Authentication,166,34,-18,920,0,11,0,0,1,0,0,0,720,0
1010,18293768330,Authentication,166,34,-18,920,0,11,0,0,1,0,0,0,720,0
1011,18293775183,Data,159,34,-16,920,2,0,0,0,0,0,0,1,0,0
1012,18293780193,Data,179,34,-19,920,2,0,0,0,0,0,0,1,0,0
1013,18293792164,Authentication,166,34,-56,920,0,11,0,0,0,0,0,0,0,0
1014,18293808263,Data,239,34,-18,920,2,0,0,0,0,0,0,1,0,0
1015,18293857699,Authentication,166,34,-59,920,0,11,0,0,0,0,0,0,0,0
1016,18293890466,Authentication,166,34,-57,920,0,11,0,0,0,0,0,0,0,0
1017,18293956002,Authentication,166,34,-57,920,0,11,0,0,0,0,0,0,0,0
1018,18294019556,Authentication,166,34,-18,920,0,11,0,0,0,0,0,0,720,0
1019,18294025699,Authentication,201,34,-56,920,0,11,0,0,0,0,0,0,0,0
1020,18294031673,Authentication,166,34,-17,920,0,11,0,0,1,0,0,0,720,0
1021,18294048556,Authentication,166,34,-19,920,0,11,0,0,1,0,0,0,720,0
1022,18294054306,Authentication,166,34,-57,920,0,11,0,0,0,0,0,0,0,0
1023,18294059048,Authentication,166,34,-19,920,0,11,0,0,1,0,0,0,720,0
1024,18294119842,Authentication,166,34,-56,920,0,11,0,0,0,0,0,0,0,0
1025,18294167967,Authentication,166,34,-57,920,0,11,0,0,0,0,0,0,0,0
1026,18294218145,Authentication,166,34,-57,920,0,11,0,0,0,0,0,0,0,0
1027,18294232973,Authentication,166,34,-18,920,0,11,0,0,0,0,0,0,720,0
1028,18294246101,Authentication,166,34,-18,920,0,11,0,0,1,0,0,0,720,0
1029,18294252717,Authentication,166,34,-17,920,0,11,0,0,1,0,0,0,720,0
1030,18294283680,Authentication,166,34,-56,920,0,11,0,0,0,0,0,0,0,0
1031,18294316448,Authentication,166,34,-56,920,0,11,0,0,0,0,0,0,0,0
1032,18294381984,Authentication,166,34,-56,920,0,11,0,0,0,0,0,0,0,0
1033,18294421785,Authentication,105,34,-19,920,0,11,0,0,0,0,0,0,720,0
1034,18294426811,Authentication,105,34,-18,920,0,11,0,0,1,0,0,0,720,0
1035,18294431890,Authentication,105,34,-17,920,0,11,0,0,1,0,0,0,720,0
1036,18294436813,Authentication,105,34,-19,920,0,11,0,0,1,0,0,0,720,0
1037,18294480287,Authentication,166,34,-57,920,0,11,0,0,0,0,0,0,0,0
1038,18294545823,Authentication,166,34,-57,920,0,11,0,0,0,0,0,0,0,0
1039,18294564240,Authentication,105,34,-17,920,0,11,0,0,0,0,0,0,720,0
1040,18294569007,Authentication,105,34,-17,920,0,11,0,0,1,0,0,0,720,0
1041,18294573930,Authentication,105,34,-17,920,0,11,0,0,1,0,0,0,720,0
1042,18294578854,Authentication,105,34,-19,920,0,11,0,0,1,0,0,0,720,0
1043,18294592925,Authentication,166,34,-56,920,0,11,0,0,0,0,0,0,0,0
1044,18294644126,Authentication,166,34,-57,920,0,11,0,0,0,0,0,0,0,0
1045,18294699372,Authentication,166,34,-17,920,0,11,0,0,0,0,0,0,720,0
1046,18294706038,Authentication,166,34,-18,920,0,11,0,0,1,0,0,0,720,0
1047,18294714264,Authentication,166,34,-18,920,0,11,0,0,1,0,0,0,720,0
1048,18294720931,Authentication,166,34,-17,920,0,11,0,0,1,0,0,0,720,0
1049,18294756763,Authentication,166,34,-57,920,0,11,0,0,0,0,0,0,0,0
1050,18294807965,Authentication,166,34,-56,920,0,11,0,0,0,0,0,0,0,0
1051,18294860690,S1G Beacon,61,34,-18,920,3,1,,,,,,,0,0
1052,18294873500,Authentication,166,34,-58,920,0,11,0,0,0,0,0,0,0,0
1053,18294885680,Authentication,105,34,-18,920,0,11,0,0,0,0,0,0,720,0
1054,18294890709,Authentication,105,34,-19,920,0,11,0,0,1,0,0,0,720,0
1055,18294894958,Authentication,105,34,-19,920,0,11,0,0,1,0,0,0,720,0
1056,18294899829,Authentication,105,34,-18,920,0,11,0,0,1,0,0,0,720,0
1057,18294906268,Authentication,166,34,-58,920,0,11,0,0,0,0,0,0,0,0
1058,18294971804,Authentication,166,34,-57,920,0,11,0,0,0,0,0,0,0,0
1059,18295018430,Authentication,105,34,-19,920,0,11,0,0,0,0,0,0,720,0
1060,18295021977,Authentication,166,34,-56,920,0,11,0,0,0,0,0,0,0,0
1061,18295026564,Authentication,105,34,-18,920,0,11,0,0,1,0,0,0,720,0
1062,18295031384,Authentication,105,34,-17,920,0,11,0,0,1,0,0,0,720,0
1063,18295036411,Authentication,105,34,-18,920,0,11,0,0,1,0,0,0,720,0
1064,18295044507,Authentication,201,34,-57,920,0,11,0,0,0,0,0,0,0,0
1065,18295060889,Authentication,201,34,-56,920,0,11,0,0,0,0,0,0,0,0
1066,18295070107,Authentication,201,34,-57,920,0,11,0,0,0,0,0,0,0,0
1067,18295135643,Authentication,166,34,-58,920,0,11,0,0,0,0,0,0,0,0
1068,18295150992,Authentication,105,34,-17,920,0,11,0,0,0,0,0,0,720,0
1069,18295155968,Authentication,105,34,-17,920,0,11,0,0,1,0,0,0,720,0
1070,18295160995,Authentication,105,34,-17,920,0,11,0,0,1,0,0,0,720,0
1071,18295165919,Authentication,105,34,-17,920,0,11,0,0,1,0,0,0,720,0
1072,18295168410,Authentication,166,34,-56,920,0,11,0,0,0,0,0,0,0,0
1073,18295201178,Authentication,201,34,-57,920,0,11,0,0,0,0,0,0,0,0
1074,18295211340,Authentication,201,34,-57,920,0,11,0,0,0,0,0,0,0,0
1075,18295233946,Authentication,166,34,-56,920,0,11,0,0,0,0,0,0,0,0
1076,18295284120,Authentication,166,34,-56,920,0,11,0,0,0,0,0,0,0,0
1077,18295289433,Authentication,166,34,-17,920,0,11,0,0,0,0,0,0,720,0
1078,18295295839,Authentication,166,34,-17,920,0,11,0,0,1,0,0,0,720,0
1079,18295302245,Authentication,166,34,-17,920,0,11,0,0,1,0,0,0,720,0
1080,18295308756,Authentication,166,34,-18,920,0,11,0,0,1,0,0,0,720,0
1081,18295332250,Authentication,166,34,-57,920,0,11,0,0,0,0,0,0,0,0
1082,18295397785,Authentication,166,34,-56,920,0,11,0,0,0,0,0,0,0,0
1083,18295430553,Authentication,166,34,-56,920,0,11,0,0,0,0,0,0,0,0
1084,18295469397,Authentication,166,34,-19,920,0,11,0,0,0,0,0,0,720,0
1085,18295476014,Authentication,166,34,-17,920,0,11,0,0,1,0,0,0,720,0
1086,18295482628,Authentication,166,34,-16,920,0,11,0,0,1,0,0,0,720,0
1087,18295488828,Authentication,166,34,-18,920,0,11,0,0,1,0,0,0,720,0
1088,18295496089,Authentication,166,34,-56,920,0,11,0,0,0,0,0,0,0,0
1089,18295508374,Authentication,201,34,-57,920,0,11,0,0,0,0,0,0,0,0
1090,18295523733,Authentication,201,34,-57,920,0,11,0,0,0,0,0,0,0,0
1091,18295549334,Authentication,166,34,-56,920,0,11,0,0,0,0,0,0,0,0
1092,18295594391,Authentication,166,34,-57,920,0,11,0,0,0,0,0,0,0,0
1093,18295636374,Authentication,201,34,-57,920,0,11,0,0,0,0,0,0,0,0
1094,18295659928,Authentication,201,34,-56,920,0,11,0,0,0,0,0,0,0,0
1095,18295669169,Authentication,201,34,-57,920,0,11,0,0,0,0,0,0,0,0
1096,18295679895,S1G Beacon,129,34,-18,920,3,1,,,,,,,0,0
1097,18295692115,Authentication,105,34,-17,920,0,11,0,0,0,0,0,0,720,0
1098,18295696934,Authentication,105,34,-18,920,0,11,0,0,1,0,0,0,720,0
1099,18295701856,Authentication,105,34,-17,920,0,11,0,0,1,0,0,0,720,0
1100,18295706005,Authentication,166,34,-57,920,0,11,0,0,0,0,0,0,0,0
1101,18295710799,Authentication,105,34,-17,920,0,11,0,0,1,0,0,0,720,0
1102,18295758231,Authentication,166,34,-57,920,0,11,0,0,0,0,0,0,0,0
1103,18295780756,Authentication,201,34,-57,920,0,11,0,0,0,0,0,0,0,0
1104,18295795051,Authentication,201,34,-56,920,0,11,0,0,0,0,0,0,0,0
1105,18295823766,Authentication,166,34,-56,920,0,11,0,0,0,0,0,0,0,0
1106,18295831823,Data,287,34,-17,920,2,0,0,0,0,0,0,1,0,0
1107,18295839869,Authentication,105,34,-17,920,0,11,0,0,0,0,0,0,720,0
1108,18295844638,Authentication,105,34,-17,920,0,11,0,0,1,0,0,0,720,0
1109,18295849406,Authentication,105,34,-18,920,0,11,0,0,1,0,0,0,720,0
1110,18295854275,Authentication,105,34,-17,920,0,11,0,0,1,0,0,0,720,0
1111,18295922070,Authentication,166,34,-56,920,0,11,0,0,0,0,0,0,0,0
1112,18295965076,Authentication,166,34,-56,920,0,11,0,0,0,0,0,0,0,0
1113,18295981956,Authentication,105,34,-20,920,0,11,0,0,1,0,0,0,720,0
1114,18295987086,Authentication,105,34,-18,920,0,11,0,0,1,0,0,0,720,0
1115,18295992115,Authentication,105,34,-19,920,0,11,0,0,1,0,0,0,720,0
1116,18296020373,Authentication,166,34,-56,920,0,11,0,0,0,0,0,0,0,0
1117,18296085909,Authentication,166,34,-57,920,0,11,0,0,0,0,0,0,0,0
1118,18296119528,Authentication,166,34,-18,920,0,11,0,0,0,0,0,0,720,0
1119,18296126090,Authentication,166,34,-19,920,0,11,0,0,1,0,0,0,720,0
1120,18296132548,Authentication,166,34,-19,920,0,11,0,0,1,0,0,0,720,0
1121,18296139168,Authentication,166,34,-18,920,0,11,0,0,1,0,0,0,720,0
1122,18296184212,Authentication,166,34,-57,920,0,11,0,0,0,0,0,0,0,0
1123,18296247696,Authentication,166,34,-56,920,0,11,0,0,0,0,0,0,0,0
1124,18296282516,Authentication,166,34,-56,920,0,11,0,0,0,0,0,0,0,0
1125,18296315283,Authentication,201,34,-57,920,0,11,0,0,0,0,0,0,0,0
1126,18296325445,Authentication,201,34,-58,920,0,11,0,0,0,0,0,0,0,0
1127,18296345743,Authentication,201,34,-56,920,0,11,0,0,0,0,0,0,0,0
1128,18296360610,Authentication,166,34,-20,920,0,11,0,0,0,0,0,0,720,0
1129,18296367330,Authentication,166,34,-19,920,0,11,0,0,1,0,0,0,720,0
1130,18296374051,Authentication,166,34,-18,920,0,11,0,0,1,0,0,0,720,0
1131,18296380510,Authentication,166,34,-18,920,0,11,0,0,1,0,0,0,720,0
1132,18296400273,Authentication,166,34,-56,920,0,11,0,0,0,0,0,0,0,0
1133,18296472975,Authentication,201,34,-56,920,0,11,0,0,0,0,0,0,0,0
1134,18296479122,Authentication,201,34,-57,920,0,11,0,0,0,0,0,0,0,0
1135,18296489284,Authentication,201,34,-56,920,0,11,0,0,0,0,0,0,0,0
1136,18296499097,S1G Beacon,61,34,-18,920,3,1,,,,,,,0,0
1137,18296511890,Authentication,166,34,-58,920,0,11,0,0,0,0,0,0,0,0
1138,18296544658,Authentication,166,34,-56,920,0,11,0,0,0,0,0,0,0,0
1139,18296559419,Authentication,105,34,-18,920,0,11,0,0,0,0,0,0,720,0
1140,18296564289,Authentication,105,34,-18,920,0,11,0,0,1,0,0,0,720,0
1141,18296569421,Authentication,105,34,-17,920,0,11,0,0,1,0,0,0,720,0
1142,18296574449,Authentication,105,34,-19,920,0,11,0,0,1,0,0,0,720,0
1143,18296610193,Authentication,201,34,-57,920,0,11,0,0,0,0,0,0,0,0
1144,18296624517,Authentication,201,34,-56,920,0,11,0,0,0,0,0,0,0,0
1145,18296655248,Authentication,166,34,-57,920,0,11,0,0,0,0,0,0,0,0
1146,18296701942,Authentication,105,34,-19,920,0,11,0,0,0,0,0,0,720,0
1147,18296707072,Authentication,105,34,-17,920,0,11,0,0,1,0,0,0,720,0
1149,18296713140,Authentication,105,34,-19,920,0,11,0,0,1,0,0,0,720,0
1150,18296717907,Authentication,105,34,-17,920,0,11,0,0,1,0,0,0,720,0
1151,18296774032,Authentication,166,34,-58,920,0,11,0,0,0,0,0,0,0,0
1152,18296808848,Authentication,166,34,-57,920,0,11,0,0,0,0,0,0,0,0
1153,18296855825,Authentication,166,34,-18,920,0,11,0,0,1,0,0,0,720,0
1154,18296862389,Authentication,166,34,-16,920,0,11,0,0,1,0,0,0,720,0
1155,18296868899,Authentication,166,34,-17,920,0,11,0,0,1,0,0,0,720,0
1156,18296926605,Authentication,166,34,-56,920,0,11,0,0,0,0,0,0,0,0
1157,18296970639,Authentication,166,34,-57,920,0,11,0,0,0,0,0,0,0,0
1158,18297036174,Authentication,166,34,-56,920,0,11,0,0,0,0,0,0,0,0
1159,18297041439,Authentication,166,34,-16,920,0,11,0,0,0,0,0,0,720,0
1160,18297048210,Authentication,166,34,-18,920,0,11,0,0,1,0,0,0,720,0
1161,18297053315,Authentication,166,34,-19,920,0,11,0,0,1,0,0,0,720,0
1162,18297058673,QoS Data,148,34,-16,920,2,8,1,0,0,0,0,1,720,0
1164,18297061426,Authentication,166,34,-17,920,0,11,0,0,1,0,0,0,720,0
1168,18297088396,Authentication,166,34,-58,920,0,11,0,0,0,0,0,0,0,0
1169,18297134478,Authentication,166,34,-58,920,0,11,0,0,0,0,0,0,0,0
1170,18297181579,Authentication,201,34,-56,920,0,11,0,0,0,0,0,0,0,0
1171,18297195913,Authentication,201,34,-57,920,0,11,0,0,0,0,0,0,0,0
1172,18297205155,Authentication,201,34,-56,920,0,11,0,0,0,0,0,0,0,0
1173,18297232139,Authentication,105,34,-18,920,0,11,0,0,0,0,0,0,720,0
1174,18297236959,Authentication,105,34,-17,920,0,11,0,0,1,0,0,0,720,0
1175,18297240972,Authentication,166,34,-57,920,0,11,0,0,0,0,0,0,0,0
1176,18297245870,Authentication,105,34,-17,920,0,11,0,0,1,0,0,0,720,0
1177,18297250843,Authentication,105,34,-17,920,0,11,0,0,1,0,0,0,720,0
1178,18297256901,QoS Data,128,34,-17,920,2,8,1,0,0,0,0,1,720,0
1181,18297298317,Authentication,166,34,-56,920,0,11,0,0,0,0,0,0,0,0
1182,18297318300,S1G Beacon,129,34,-17,920,3,1,,,,,,,0,0
1183,18297331084,Authentication,201,34,-56,920,0,11,0,0,0,0,0,0,0,0
1184,18297341247,Authentication,201,34,-56,920,0,11,0,0,0,0,0,0,0,0
1185,18297363852,Authentication,166,34,-57,920,0,11,0,0,0,0,0,0,0,0
1186,18297375043,Authentication,105,34,-17,920,0,11,0,0,0,0,0,0,720,0
1187,18297379915,Authentication,105,34,-16,920,0,11,0,0,1,0,0,0,720,0
1188,18297384889,Authentication,105,34,-18,920,0,11,0,0,1,0,0,0,720,0
1189,18297389917,Authentication,105,34,-17,920,0,11,0,0,1,0,0,0,720,0
1190,18297396620,Authentication,166,34,-57,920,0,11,0,0,0,0,0,0,0,0
1191,18297462156,Authentication,166,34,-57,920,0,11,0,0,0,0,0,0,0,0
1192,18297507210,Authentication,166,34,-58,920,0,11,0,0,0,0,0,0,0,0
1193,18297519335,Authentication,166,34,-16,920,0,11,0,0,0,0,0,0,720,0
1194,18297525951,Authentication,166,34,-17,920,0,11,0,0,1,0,0,0,720,0
1195,18297532357,Authentication,166,34,-18,920,0,11,0,0,1,0,0,0,720,0
1196,18297538869,Authentication,166,34,-16,920,0,11,0,0,1,0,0,0,720,0
1197,18297560459,Authentication,166,34,-57,920,0,11,0,0,0,0,0,0,0,0
1198,18297621896,Authentication,166,34,-58,920,0,11,0,0,0,0,0,0,0,0
1199,18297658763,Authentication,166,34,-58,920,0,11,0,0,0,0,0,0,0,0
1200,18297709316,Authentication,166,34,-16,920,0,11,0,0,0,0,0,0,720,0
1201,18297715878,Authentication,166,34,-17,920,0,11,0,0,1,0,0,0,720,0
1202,18297722405,Authentication,166,34,-16,920,0,11,0,0,1,0,0,0,720,0
1203,18297728917,Authentication,166,34,-17,920,0,11,0,0,1,0,0,0,720,0
1204,18297773448,Authentication,166,34,-57,920,0,11,0,0,0,0,0,0,0,0
1205,18297822601,Authentication,166,34,-58,920,0,11,0,0,0,0,0,0,0,0
1206,18297855370,Authentication,201,34,-57,920,0,11,0,0,0,0,0,0,0,0
1207,18297868680,Authentication,201,34,-56,920,0,11,0,0,0,0,0,0,0,0
1208,18297874823,Authentication,201,34,-57,920,0,11,0,0,0,0,0,0,0,0
1209,18297888137,Authentication,166,34,-56,920,0,11,0,0,0,0,0,0,0,0
1210,18297901149,Authentication,105,34,-17,920,0,11,0,0,0,0,0,0,720,0
1211,18297905970,Authentication,105,34,-18,920,0,11,0,0,1,0,0,0,720,0
1212,18297910790,Authentication,105,34,-16,920,0,11,0,0,1,0,0,0,720,0
1213,18297915555,Authentication,105,34,-17,920,0,11,0,0,1,0,0,0,720,0
1214,18297925000,Authentication,166,34,-57,920,0,11,0,0,0,0,0,0,0,0
1215,18297986441,Authentication,166,34,-56,920,0,11,0,0,0,0,0,0,0,0
1216,18298001799,Authentication,201,34,-57,920,0,11,0,0,0,0,0,0,0,0
1217,18298016133,Authentication,201,34,-57,920,0,11,0,0,0,0,0,0,0,0
1218,18298043622,Authentication,105,34,-17,920,0,11,0,0,0,0,0,0,720,0
1219,18298048754,Authentication,105,34,-17,920,0,11,0,0,1,0,0,0,720,0
1220,18298053521,Authentication,105,34,-19,920,0,11,0,0,1,0,0,0,720,0
1221,18298058601,Authentication,105,34,-16,920,0,11,0,0,1,0,0,0,720,0
1222,18298084744,Authentication,166,34,-57,920,0,11,0,0,0,0,0,0,0,0
1223,18298137502,S1G Beacon,61,34,-18,920,3,1,,,,,,,0,0
1224,18298150280,Authentication,166,34,-57,920,0,11,0,0,0,0,0,0,0,0
1225,18298189323,Authentication,166,34,-18,920,0,11,0,0,0,0,0,0,720,0
1226,18298194845,Authentication,166,34,-18,920,0,11,0,0,1,0,0,0,720,0
1227,18298199941,Authentication,166,34,-56,920,0,11,0,0,0,0,0,0,0,0
1228,18298204631,Authentication,166,34,-16,920,0,11,0,0,1,0,0,0,720,0
1229,18298211039,Authentication,166,34,-16,920,0,11,0,0,1,0,0,0,720,0
1230,18298248583,Authentication,166,34,-57,920,0,11,0,0,0,0,0,0,0,0
1231,18298285447,Authentication,166,34,-56,920,0,11,0,0,0,0,0,0,0,0
1232,18298346886,Authentication,166,34,-57,920,0,11,0,0,0,0,0,0,0,0
1233,18298399288,Authentication,166,34,-17,920,0,11,0,0,0,0,0,0,720,0
1234,18298405746,Authentication,166,34,-16,920,0,11,0,0,1,0,0,0,720,0
1235,18298412154,Authentication,166,34,-18,920,0,11,0,0,1,0,0,0,720,0
1236,18298418612,Authentication,166,34,-18,920,0,11,0,0,1,0,0,0,720,0
1237,18298475394,Authentication,166,34,-58,920,0,11,0,0,0,0,0,0,0,0
1238,18298510725,Authentication,166,34,-57,920,0,11,0,0,0,0,0,0,0,0
1239,18298519940,Authentication,201,34,-56,920,0,11,0,0,0,0,0,0,0,0
1240,18298543493,Authentication,201,34,-58,920,0,11,0,0,0,0,0,0,0,0
1241,18298576260,Authentication,166,34,-56,920,0,11,0,0,0,0,0,0,0,0
1242,18298581002,Authentication,105,34,-18,920,0,11,0,0,0,0,0,0,720,0
1243,18298585924,Authentication,105,34,-18,920,0,11,0,0,1,0,0,0,720,0
1244,18298590795,Authentication,105,34,-17,920,0,11,0,0,1,0,0,0,720,0
1245,18298595771,Authentication,105,34,-18,920,0,11,0,0,1,0,0,0,720,0
1246,18298625411,Authentication,166,34,-58,920,0,11,0,0,0,0,0,0,0,0
1247,18298674564,Authentication,201,34,-57,920,0,11,0,0,0,0,0,0,0,0
1248,18298684726,Authentication,166,34,-57,920,0,11,0,0,0,0,0,0,0,0
1249,18298723912,Authentication,105,34,-18,920,0,11,0,0,0,0,0,0,720,0
1250,18298728835,Authentication,105,34,-19,920,0,11,0,0,1,0,0,0,720,0
1251,18298733655,Authentication,105,34,-18,920,0,11,0,0,1,0,0,0,720,0
1252,18298738629,Authentication,105,34,-19,920,0,11,0,0,1,0,0,0,720,0
1253,18298774915,Authentication,166,34,-57,920,0,11,0,0,0,0,0,0,0,0
1254,18298838403,Authentication,166,34,-56,920,0,11,0,0,0,0,0,0,0,0
1255,18298855988,Data,287,34,-18,920,2,0,0,0,0,0,0,1,0,0
1256,18298866373,Authentication,105,34,-19,920,0,11,0,0,0,0,0,0,720,0
1257,18298871139,Authentication,105,34,-18,920,0,11,0,0,1,0,0,0,720,0
1258,18298875957,Authentication,105,34,-19,920,0,11,0,0,1,0,0,0,720,0
1259,18298880984,Authentication,105,34,-18,920,0,11,0,0,1,0,0,0,720,0
1260,18298903938,Authentication,166,34,-58,920,0,11,0,0,0,0,0,0,0,0
1261,18298936707,Authentication,166,34,-56,920,0,11,0,0,0,0,0,0,0,0
1262,18298956708,S1G Beacon,129,34,-18,920,3,1,,,,,,,0,0
1263,18298998848,Authentication,105,34,-18,920,0,11,0,0,0,0,0,0,720,0
1264,18299002242,Authentication,166,34,-57,920,0,11,0,0,0,0,0,0,0,0
1265,18299006881,Authentication,105,34,-19,920,0,11,0,0,1,0,0,0,720,0
1266,18299011700,Authentication,105,34,-18,920,0,11,0,0,1,0,0,0,720,0
1267,18299016573,Authentication,105,34,-19,920,0,11,0,0,1,0,0,0,720,0
1268,18299067778,Authentication,166,34,-56,920,0,11,0,0,0,0,0,0,0,0
1269,18299100545,Authentication,166,34,-56,920,0,11,0,0,0,0,0,0,0,0
1270,18299132952,Authentication,166,34,-18,920,0,11,0,0,0,0,0,0,720,0
1271,18299139723,Authentication,166,34,-20,920,0,11,0,0,1,0,0,0,720,0
1272,18299146496,Authentication,166,34,-18,920,0,11,0,0,1,0,0,0,720,0
1273,18299153059,Authentication,166,34,-18,920,0,11,0,0,1,0,0,0,720,0
1274,18299166081,Authentication,166,34,-57,920,0,11,0,0,0,0,0,0,0,0
1275,18299198849,Authentication,201,34,-59,920,0,11,0,0,0,0,0,0,0,0
1276,18299209011,Authentication,201,34,-57,920,0,11,0,0,0,0,0,0,0,0
1277,18299221375,Authentication,201,34,-57,920,0,11,0,0,0,0,0,0,0,0
1278,18299264385,Authentication,166,34,-57,920,0,11,0,0,0,0,0,0,0,0
1279,18299319789,Authentication,166,34,-20,920,0,11,0,0,0,0,0,0,720,0
1280,18299326457,Authentication,166,34,-18,920,0,11,0,0,1,0,0,0,720,0
1281,18299334624,Authentication,166,34,-20,920,0,11,0,0,1,0,0,0,720,0
1282,18299341189,Authentication,166,34,-18,920,0,11,0,0,1,0,0,0,720,0
1283,18299353468,Authentication,201,34,-57,920,0,11,0,0,0,0,0,0,0,0
1284,18299362688,Authentication,201,34,-57,920,0,11,0,0,0,0,0,0,0,0
1285,18299372850,Authentication,201,34,-58,920,0,11,0,0,0,0,0,0,0,0
1286,18299428223,Authentication,166,34,-58,920,0,11,0,0,0,0,0,0,0,0
1287,18299470206,Authentication,166,34,-57,920,0,11,0,0,0,0,0,0,0,0
1288,18299493758,Authentication,201,34,-57,920,0,11,0,0,0,0,0,0,0,0
1289,18299503378,Data,378,34,-20,920,2,0,0,0,0,0,0,1,0,0
1290,18299514543,Authentication,105,34,-19,920,0,11,0,0,0,0,0,0,720,0
1291,18299519524,Authentication,105,34,-20,920,0,11,0,0,1,0,0,0,720,0
1292,18299524293,Authentication,105,34,-19,920,0,11,0,0,1,0,0,0,720,0
1293,18299530464,Authentication,105,34,-19,920,0,11,0,0,1,0,0,0,720,0
1295,18299592062,Authentication,166,34,-57,920,0,11,0,0,0,0,0,0,0,0
1296,18299599771,Data,387,34,-18,920,2,0,0,0,0,0,0,1,0,0
1297,18299624830,Authentication,201,34,-58,920,0,11,0,0,0,0,0,0,0,0
1298,18299634993,Authentication,166,34,-56,920,0,11,0,0,0,0,0,0,0,0
1299,18299644234,Authentication,201,34,-58,920,0,11,0,0,0,0,0,0,0,0
1300,18299654835,Authentication,105,34,-19,920,0,11,0,0,0,0,0,0,720,0
1301,18299659603,Authentication,105,34,-19,920,0,11,0,0,1,0,0,0,720,0
1302,18299664369,Authentication,105,34,-20,920,0,11,0,0,1,0,0,0,720,0
1303,18299669242,Authentication,105,34,-20,920,0,11,0,0,1,0,0,0,720,0
1304,18299690366,Authentication,166,34,-57,920,0,11,0,0,0,0,0,0,0,0
1305,18299703979,Data,450,34,-18,920,2,0,0,0,0,0,0,1,0,0
1306,18299775909,S1G Beacon,61,34,-20,920,3,1,,,,,,,0,0
1307,18299788669,Authentication,166,34,-57,920,0,11,0,0,0,0,0,0,0,0
1308,18299799338,Authentication,166,34,-20,920,0,11,0,0,0,0,0,0,720,0
1309,18299804600,Authentication,166,34,-20,920,0,11,0,0,1,0,0,0,720,0
1310,18299812579,Data,442,34,-20,920,2,0,0,0,0,0,0,1,0,0
1311,18299824526,Authentication,166,34,-19,920,0,11,0,0,1,0,0,0,720,0
1312,18299830933,Authentication,166,34,-19,920,0,11,0,0,1,0,0,0,720,0
1313,18299854204,Authentication,166,34,-59,920,0,11,0,0,0,0,0,0,0,0
1314,18299898235,Authentication,166,34,-58,920,0,11,0,0,0,0,0,0,0,0
1315,18299911921,Data,387,34,-18,920,2,0,0,0,0,0,0,1,0,0
1316,18299952508,Authentication,166,34,-59,920,0,11,0,0,0,0,0,0,0,0
1317,18300009302,Authentication,166,34,-19,920,0,11,0,0,0,0,0,0,720,0
1318,18300015761,Authentication,166,34,-19,920,0,11,0,0,1,0,0,0,720,0
1319,18300022791,Data,426,34,-21,920,2,0,0,0,0,0,0,1,0,0
1320,18300034455,Authentication,166,34,-20,920,0,11,0,0,1,0,0,0,720,0
1321,18300041071,Authentication,166,34,-19,920,0,11,0,0,1,0,0,0,720,0
1322,18300062074,Authentication,166,34,-57,920,0,11,0,0,0,0,0,0,0,0
1323,18300116347,Authentication,166,34,-57,920,0,11,0,0,0,0,0,0,0,0
1324,18300121556,Data,458,34,-19,920,2,0,0,0,0,0,0,1,0,0
1325,18300149115,Authentication,201,34,-57,920,0,11,0,0,0,0,0,0,0,0
1326,18300159277,Authentication,201,34,-57,920,0,11,0,0,0,0,0,0,0,0
1327,18300181883,Authentication,166,34,-57,920,0,11,0,0,0,0,0,0,0,0
1328,18300214650,Authentication,166,34,-57,920,0,11,0,0,0,0,0,0,0,0
1329,18300219392,Authentication,105,34,-19,920,0,11,0,0,0,0,0,0,720,0
1330,18300224784,Data,387,34,-19,920,2,0,0,0,0,0,0,1,0,0
1331,18300235253,Authentication,105,34,-19,920,0,11,0,0,1,0,0,0,720,0
1332,18300240280,Authentication,105,34,-18,920,0,11,0,0,1,0,0,0,720,0
1333,18300245100,Authentication,105,34,-19,920,0,11,0,0,1,0,0,0,720,0
1334,18300280186,Authentication,166,34,-57,920,0,11,0,0,0,0,0,0,0,0
1335,18300289428,Authentication,201,34,-57,920,0,11,0,0,0,0,0,0,0,0
1336,18300299590,Authentication,201,34,-57,920,0,11,0,0,0,0,0,0,0,0
1337,18300327835,Data,446,34,-19,920,2,0,0,0,0,0,0,1,0,0
1338,18300365629,Authentication,166,34,-19,920,0,11,0,0,0,0,0,0,720,0
1339,18300372191,Authentication,166,34,-19,920,0,11,0,0,1,0,0,0,720,0
1340,18300378489,Authentication,166,34,-58,920,0,11,0,0,0,0,0,0,0,0
1341,18300383128,Authentication,166,34,-18,920,0,11,0,0,1,0,0,0,720,0
1342,18300389586,Authentication,166,34,-18,920,0,11,0,0,1,0,0,0,720,0
1343,18300431876,Data,440,34,-18,920,2,0,0,0,0,0,0,1,0,0
1344,18300444021,Authentication,166,34,-56,920,0,11,0,0,0,0,0,0,0,0
1345,18300476793,Authentication,166,34,-57,920,0,11,0,0,0,0,0,0,0,0
1346,18300535899,Data,387,34,-18,920,2,0,0,0,0,0,0,1,0,0
1347,18300575097,Authentication,166,34,-56,920,0,11,0,0,0,0,0,0,0,0
1348,18300579732,Authentication,166,34,-18,920,0,11,0,0,0,0,0,0,720,0
1349,18300586243,Authentication,166,34,-19,920,0,11,0,0,1,0,0,0,720,0
1350,18300595113,S1G Beacon,129,34,-18,920,3,1,,,,,,,0,0
1351,18300598701,Authentication,166,34,-19,920,0,11,0,0,1,0,0,0,720,0
1352,18300605212,Authentication,166,34,-18,920,0,11,0,0,1,0,0,0,720,0
1353,18300639855,Data,442,34,-19,920,2,0,0,0,0,0,0,1,0,0
1354,18300705139,Authentication,166,34,-58,920,0,11,0,0,0,0,0,0,0,0
1355,18300747216,Data,452,34,-18,920,2,0,0,0,0,0,0,1,0,0
1356,18300779267,Authentication,166,34,-20,920,0,11,0,0,0,0,0,0,720,0
1357,18300785933,Authentication,166,34,-19,920,0,11,0,0,1,0,0,0,720,0
1358,18300792550,Authentication,166,34,-18,920,0,11,0,0,1,0,0,0,720,0
1359,18300798955,Authentication,166,34,-19,920,0,11,0,0,1,0,0,0,720,0
1360,18300804471,Authentication,166,34,-57,920,0,11,0,0,0,0,0,0,0,0
1361,18300837239,Authentication,201,34,-57,920,0,11,0,0,0,0,0,0,0,0
1362,18300867954,Authentication,166,34,-57,920,0,11,0,0,0,0,0,0,0,0
1363,18300877196,Authentication,201,34,-59,920,0,11,0,0,0,0,0,0,0,0
1364,18300902774,Authentication,166,34,-58,920,0,11,0,0,0,0,0,0,0,0
1365,18300968309,Authentication,166,34,-57,920,0,11,0,0,0,0,0,0,0,0
1366,18300998977,Authentication,105,34,-18,920,0,11,0,0,0,0,0,0,720,0
1367,18301002443,Authentication,105,34,-20,920,0,11,0,0,1,0,0,0,720,0
1368,18301007262,Authentication,105,34,-18,920,0,11,0,0,1,0,0,0,720,0
1369,18301012288,Authentication,105,34,-19,920,0,11,0,0,1,0,0,0,720,0
1370,18301021554,Authentication,166,34,-57,920,0,11,0,0,0,0,0,0,0,0
1371,18301066613,Authentication,166,34,-58,920,0,11,0,0,0,0,0,0,0,0
1373,18301132148,Authentication,166,34,-56,920,0,11,0,0,0,0,0,0,0,0
1374,18301141468,Authentication,105,34,-19,920,0,11,0,0,0,0,0,0,720,0
1375,18301146340,Authentication,105,34,-18,920,0,11,0,0,1,0,0,0,720,0
1376,18301151262,Authentication,105,34,-18,920,0,11,0,0,1,0,0,0,720,0
1377,18301155352,Authentication,105,34,-18,920,0,11,0,0,1,0,0,0,720,0
1378,18301166964,Authentication,166,34,-57,920,0,11,0,0,0,0,0,0,0,0
1379,18301230452,Authentication,166,34,-57,920,0,11,0,0,0,0,0,0,0,0
1380,18301289532,Authentication,166,34,-19,920,0,11,0,0,0,0,0,0,720,0
1381,18301300835,Authentication,166,34,-19,920,0,11,0,0,1,0,0,0,720,0
1382,18301307452,Authentication,166,34,-18,920,0,11,0,0,1,0,0,0,720,0
1383,18301313911,Authentication,166,34,-19,920,0,11,0,0,1,0,0,0,720,0
1384,18301328755,Authentication,166,34,-58,920,0,11,0,0,0,0,0,0,0,0
1385,18301394291,Authentication,166,34,-56,920,0,11,0,0,0,0,0,0,0,0
1386,18301414315,S1G Beacon,61,34,-18,920,3,1,,,,,,,0,0
1387,18301436273,Authentication,166,34,-57,920,0,11,0,0,0,0,0,0,0,0
1388,18301484248,Authentication,105,34,-18,920,0,11,0,0,0,0,0,0,720,0
1389,18301489013,Authentication,105,34,-19,920,0,11,0,0,1,0,0,0,720,0
1390,18301492594,Authentication,166,34,-56,920,0,11,0,0,0,0,0,0,0,0
1391,18301497231,Authentication,105,34,-19,920,0,11,0,0,1,0,0,0,720,0
1392,18301502051,Authentication,105,34,-19,920,0,11,0,0,1,0,0,0,720,0
1394,18301558130,Authentication,166,34,-57,920,0,11,0,0,0,0,0,0,0,0
1395,18301623665,Authentication,201,34,-57,920,0,11,0,0,0,0,0,0,0,0
1396,18301633827,Authentication,201,34,-57,920,0,11,0,0,0,0,0,0,0,0
1397,18301644743,Authentication,166,34,-20,920,0,11,0,0,0,0,0,0,720,0
1398,18301650475,Authentication,166,34,-19,920,0,11,0,0,1,0,0,0,720,0
1399,18301656433,Authentication,166,34,-58,920,0,11,0,0,0,0,0,0,0,0
1400,18301661125,Authentication,166,34,-18,920,0,11,0,0,1,0,0,0,720,0
1401,18301667894,Authentication,166,34,-18,920,0,11,0,0,1,0,0,0,720,0
1402,18301721968,Authentication,166,34,-57,920,0,11,0,0,0,0,0,0,0,0
1403,18301756785,Authentication,166,34,-58,920,0,11,0,0,0,0,0,0,0,0
1404,18301766027,Authentication,201,34,-57,920,0,11,0,0,0,0,0,0,0,0
1405,18301779309,Authentication,201,34,-57,920,0,11,0,0,0,0,0,0,0,0
1406,18301820272,Authentication,166,34,-57,920,0,11,0,0,0,0,0,0,0,0
1407,18301827509,Authentication,105,34,-18,920,0,11,0,0,0,0,0,0,720,0
1408,18301832274,Authentication,105,34,-18,920,0,11,0,0,1,0,0,0,720,0
1409,18301837146,Authentication,105,34,-19,920,0,11,0,0,1,0,0,0,720,0
1410,18301842069,Authentication,105,34,-19,920,0,11,0,0,1,0,0,0,720,0
1411,18301879909,Data,287,34,-19,920,2,0,0,0,0,0,0,1,0,0
1412,18301918575,Authentication,166,34,-58,920,0,11,0,0,0,0,0,0,0,0
1413,18301970440,Authentication,105,34,-18,920,0,11,0,0,0,0,0,0,720,0
1414,18301974946,Authentication,105,34,-18,920,0,11,0,0,1,0,0,0,720,0
1415,18301980078,Authentication,105,34,-18,920,0,11,0,0,1,0,0,0,720,0
1416,18301984111,Authentication,166,34,-56,920,0,11,0,0,0,0,0,0,0,0
1417,18301988695,Authentication,105,34,-19,920,0,11,0,0,1,0,0,0,720,0
1418,18302049647,Authentication,166,34,-56,920,0,11,0,0,0,0,0,0,0,0
1419,18302084462,Authentication,166,34,-56,920,0,11,0,0,0,0,0,0,0,0
1420,18302089932,QoS Data,149,34,-16,920,2,8,1,0,0,0,0,1,720,0
1422,18302092737,QoS Data,149,34,-25,920,2,8,0,0,0,0,0,1,720,0
1424,18302099557,QoS Data,131,34,-20,920,2,8,1,0,0,0,0,1,720,0
1427,18302112999,Authentication,105,34,-19,920,0,11,0,0,0,0,0,0,720,0
1428,18302117766,Authentication,105,34,-19,920,0,11,0,0,1,0,0,0,720,0
1429,18302130425,Authentication,201,34,-57,920,0,11,0,0,0,0,0,0,0,0
1430,18302135858,Authentication,105,34,-18,920,0,11,0,0,1,0,0,0,720,0
1431,18302147950,Authentication,166,34,-57,920,0,11,0,0,0,0,0,0,0,0
1432,18302213485,Authentication,166,34,-58,920,0,11,0,0,0,0,0,0,0,0
1433,18302233518,S1G Beacon,129,34,-20,920,3,1,,,,,,,0,0
1434,18302246254,Authentication,166,34,-57,920,0,11,0,0,0,0,0,0,0,0
1435,18302255441,Authentication,105,34,-19,920,0,11,0,0,0,0,0,0,720,0
1437,18302262433,QoS Data,128,34,-26,920,2,8,0,0,0,0,0,1,720,0
1439,18302264535,Authentication,105,34,-18,920,0,11,0,0,1,0,0,0,720,0
1440,18302269562,Authentication,105,34,-18,920,0,11,0,0,1,0,0,0,720,0
1441,18302274485,Authentication,105,34,-19,920,0,11,0,0,1,0,0,0,720,0
1443,18302409217,Authentication,166,34,-19,920,0,11,0,0,0,0,0,0,720,0
1444,18302415106,Authentication,166,34,-20,920,0,11,0,0,1,0,0,0,720,0
1445,18302421824,Authentication,166,34,-19,920,0,11,0,0,1,0,0,0,720,0
1446,18302428334,Authentication,166,34,-19,920,0,11,0,0,1,0,0,0,720,0
1447,18302442860,Authentication,201,34,-58,920,0,11,0,0,0,0,0,0,0,0
1448,18302453099,Authentication,201,34,-57,920,0,11,0,0,0,0,0,0,0,0
1449,18302466410,Authentication,201,34,-57,920,0,11,0,0,0,0,0,0,0,0
1450,18302475628,Authentication,201,34,-56,920,0,11,0,0,0,0,0,0,0,0
1451,18302515563,Authentication,166,34,-57,920,0,11,0,0,0,0,0,0,0,0
1452,18302573931,Authentication,166,34,-57,920,0,11,0,0,0,0,0,0,0,0
1453,18302606699,Authentication,201,34,-58,920,0,11,0,0,0,0,0,0,0,0
1454,18302616861,Authentication,201,34,-58,920,0,11,0,0,0,0,0,0,0,0
1455,18302624605,Authentication,166,34,-19,920,0,11,0,0,0,0,0,0,720,0
1456,18302631118,Authentication,166,34,-18,920,0,11,0,0,1,0,0,0,720,0
1457,18302637578,Authentication,166,34,-18,920,0,11,0,0,1,0,0,0,720,0
1458,18302644145,Authentication,166,34,-20,920,0,11,0,0,1,0,0,0,720,0
1459,18302672234,Authentication,166,34,-57,920,0,11,0,0,0,0,0,0,0,0
1460,18302737770,Authentication,166,34,-58,920,0,11,0,0,0,0,0,0,0,0
1461,18302747012,Authentication,201,34,-57,920,0,11,0,0,0,0,0,0,0,0
1462,18302770538,Authentication,201,34,-58,920,0,11,0,0,0,0,0,0,0,0
1463,18302799340,Authentication,166,34,-19,920,0,11,0,0,0,0,0,0,720,0
1464,18302806009,Authentication,166,34,-21,920,0,11,0,0,1,0,0,0,720,0
1465,18302812520,Authentication,166,34,-19,920,0,11,0,0,1,0,0,0,720,0
1466,18302819081,Authentication,166,34,-19,920,0,11,0,0,1,0,0,0,720,0
1467,18302836073,Authentication,166,34,-57,920,0,11,0,0,0,0,0,0,0,0
1468,18302899557,Authentication,201,34,-57,920,0,11,0,0,0,0,0,0,0,0
1469,18302909720,Authentication,166,34,-57,920,0,11,0,0,0,0,0,0,0,0
1470,18302946664,Authentication,166,34,-59,920,0,11,0,0,0,0,0,0,0,0
1471,18302995890,Authentication,105,34,-18,920,0,11,0,0,0,0,0,0,720,0
1472,18302999912,Authentication,166,34,-57,920,0,11,0,0,0,0,0,0,0,0
1473,18303004654,Authentication,105,34,-18,920,0,11,0,0,1,0,0,0,720,0
1474,18303009525,Authentication,105,34,-18,920,0,11,0,0,1,0,0,0,720,0
1475,18303014448,Authentication,105,34,-19,920,0,11,0,0,1,0,0,0,720,0
1476,18303052723,S1G Beacon,61,34,-18,920,3,1,,,,,,,0,0
1477,18303130983,Authentication,166,34,-57,920,0,11,0,0,0,0,0,0,0,0
1478,18303138664,Authentication,166,34,-18,920,0,11,0,0,0,0,0,0,720,0
1479,18303145070,Authentication,166,34,-18,920,0,11,0,0,1,0,0,0,720,0
1480,18303151634,Authentication,166,34,-20,920,0,11,0,0,1,0,0,0,720,0
1481,18303158303,Authentication,166,34,-19,920,0,11,0,0,1,0,0,0,720,0
1482,18303196519,Authentication,166,34,-58,920,0,11,0,0,0,0,0,0,0,0
1483,18303253860,Authentication,166,34,-57,920,0,11,0,0,0,0,0,0,0,0
1484,18303294823,Authentication,166,34,-57,920,0,11,0,0,0,0,0,0,0,0
1485,18303360358,Authentication,166,34,-57,920,0,11,0,0,0,0,0,0,0,0
1486,18303401502,Authentication,105,34,-18,920,0,11,0,0,0,0,0,0,720,0
1487,18303404389,Authentication,166,34,-57,920,0,11,0,0,0,0,0,0,0,0
1488,18303408977,Authentication,105,34,-19,920,0,11,0,0,1,0,0,0,720,0
1489,18303413743,Authentication,105,34,-18,920,0,11,0,0,1,0,0,0,720,0
1490,18303458661,Authentication,166,34,-56,920,0,11,0,0,0,0,0,0,0,0
1491,18303524197,Authentication,166,34,-56,920,0,11,0,0,0,0,0,0,0,0
1492,18303549273,Authentication,166,34,-19,920,0,11,0,0,0,0,0,0,720,0
1493,18303556042,Authentication,166,34,-18,920,0,11,0,0,1,0,0,0,720,0
1494,18303562656,Authentication,166,34,-20,920,0,11,0,0,1,0,0,0,720,0
1495,18303569427,Authentication,166,34,-18,920,0,11,0,0,1,0,0,0,720,0
1496,18303622500,Authentication,166,34,-59,920,0,11,0,0,0,0,0,0,0,0
1497,18303641904,Authentication,201,34,-58,920,0,11,0,0,0,0,0,0,0,0
1498,18303655268,Authentication,166,34,-58,920,0,11,0,0,0,0,0,0,0,0
1499,18303720803,Authentication,166,34,-57,920,0,11,0,0,0,0,0,0,0,0
1500,18303773026,Authentication,166,34,-58,920,0,11,0,0,0,0,0,0,0,0
1501,18303815803,Authentication,166,34,-18,920,0,11,0,0,0,0,0,0,720,0
1502,18303823719,Authentication,166,34,-19,920,0,11,0,0,1,0,0,0,720,0
1503,18303830129,Authentication,166,34,-18,920,0,11,0,0,1,0,0,0,720,0
1504,18303836899,Authentication,166,34,-18,920,0,11,0,0,1,0,0,0,720,0
1505,18303871925,S1G Beacon,129,34,-18,920,3,1,,,,,,,0,0
1506,18303884643,Authentication,166,34,-57,920,0,11,0,0,0,0,0,0,0,0
1507,18303917410,Authentication,166,34,-57,920,0,11,0,0,0,0,0,0,0,0
1508,18303982946,Authentication,166,34,-57,920,0,11,0,0,0,0,0,0,0,0
1509,18304015714,Authentication,201,34,-57,920,0,11,0,0,0,0,0,0,0,0
1510,18304021584,Authentication,166,34,-18,920,0,11,0,0,0,0,0,0,720,0
1511,18304028354,Authentication,166,34,-19,920,0,11,0,0,1,0,0,0,720,0
1512,18304034144,Authentication,201,34,-58,920,0,11,0,0,0,0,0,0,0,0
1513,18304039858,Authentication,166,34,-18,920,0,11,0,0,1,0,0,0,720,0
1514,18304046420,Authentication,166,34,-19,920,0,11,0,0,1,0,0,0,720,0
1515,18304081250,Authentication,166,34,-57,920,0,11,0,0,0,0,0,0,0,0
1516,18304146785,Authentication,166,34,-57,920,0,11,0,0,0,0,0,0,0,0
1517,18304179553,Authentication,166,34,-58,920,0,11,0,0,0,0,0,0,0,0
1518,18304216509,Authentication,105,34,-18,920,0,11,0,0,0,0,0,0,720,0
1519,18304221846,Authentication,105,34,-19,920,0,11,0,0,1,0,0,0,720,0
1520,18304226872,Authentication,105,34,-18,920,0,11,0,0,1,0,0,0,720,0
1521,18304231639,Authentication,105,34,-18,920,0,11,0,0,1,0,0,0,720,0
1522,18304245088,Authentication,166,34,-57,920,0,11,0,0,0,0,0,0,0,0
1523,18304281952,Authentication,166,34,-57,920,0,11,0,0,0,0,0,0,0,0
1524,18304343392,Authentication,166,34,-57,920,0,11,0,0,0,0,0,0,0,0
1525,18304359309,Authentication,166,34,-19,920,0,11,0,0,0,0,0,0,720,0
1526,18304365820,Authentication,166,34,-18,920,0,11,0,0,1,0,0,0,720,0
1527,18304372228,Authentication,166,34,-20,920,0,11,0,0,1,0,0,0,720,0
1528,18304378741,Authentication,166,34,-19,920,0,11,0,0,1,0,0,0,720,0
1529,18304405851,Authentication,166,34,-58,920,0,11,0,0,0,0,0,0,0,0
1530,18304441695,Authentication,166,34,-58,920,0,11,0,0,0,0,0,0,0,0
1531,18304507231,Authentication,166,34,-57,920,0,11,0,0,0,0,0,0,0,0
1532,18304539999,Authentication,166,34,-57,920,0,11,0,0,0,0,0,0,0,0
1533,18304605534,Authentication,166,34,-57,920,0,11,0,0,0,0,0,0,0,0
1534,18304625321,Authentication,105,34,-18,920,0,11,0,0,0,0,0,0,720,0
1535,18304629883,Authentication,105,34,-17,920,0,11,0,0,1,0,0,0,720,0
1536,18304635015,Authentication,105,34,-18,920,0,11,0,0,1,0,0,0,720,0
1537,18304639887,Authentication,105,34,-18,920,0,11,0,0,1,0,0,0,720,0
1538,18304671069,Authentication,166,34,-57,920,0,11,0,0,0,0,0,0,0,0
1539,18304691128,S1G Beacon,61,34,-18,920,3,1,,,,,,,0,0
1540,18304703837,Authentication,166,34,-57,920,0,11,0,0,0,0,0,0,0,0
1541,18304767858,Authentication,105,34,-19,920,0,11,0,0,0,0,0,0,720,0
1542,18304773979,Authentication,105,34,-19,920,0,11,0,0,1,0,0,0,720,0
1543,18304779007,Authentication,105,34,-19,920,0,11,0,0,1,0,0,0,720,0
1544,18304783983,Authentication,105,34,-17,920,0,11,0,0,1,0,0,0,720,0
1545,18304834909,Authentication,166,34,-58,920,0,11,0,0,0,0,0,0,0,0
1546,18304844150,Authentication,201,34,-56,920,0,11,0,0,0,0,0,0,0,0
1547,18304850267,Authentication,201,34,-58,920,0,11,0,0,0,0,0,0,0,0
1548,18304867677,Authentication,201,34,-57,920,0,11,0,0,0,0,0,0,0,0
1549,18304903835,Data,287,34,-19,920,2,0,0,0,0,0,0,1,0,0
1550,18304917407,Authentication,166,34,-19,920,0,11,0,0,1,0,0,0,720,0
1551,18304924073,Authentication,166,34,-18,920,0,11,0,0,1,0,0,0,720,0
1552,18304930480,Authentication,166,34,-19,920,0,11,0,0,1,0,0,0,720,0
1553,18304973147,Authentication,166,34,-58,920,0,11,0,0,0,0,0,0,0,0
1554,18305031515,Authentication,166,34,-58,920,0,11,0,0,0,0,0,0,0,0
1555,18305097051,Authentication,166,34,-57,920,0,11,0,0,0,0,0,0,0,0
1556,18305125143,Authentication,105,34,-18,920,0,11,0,0,0,0,0,0,720,0
1557,18305129819,Authentication,166,34,-58,920,0,11,0,0,0,0,0,0,0,0
1558,18305134510,Authentication,105,34,-19,920,0,11,0,0,1,0,0,0,720,0
1559,18305139328,Authentication,105,34,-18,920,0,11,0,0,1,0,0,0,720,0
1560,18305144096,Authentication,105,34,-19,920,0,11,0,0,1,0,0,0,720,0
1561,18305195354,Authentication,166,34,-58,920,0,11,0,0,0,0,0,0,0,0
1562,18305244504,Authentication,166,34,-58,920,0,11,0,0,0,0,0,0,0,0
1563,18305254743,Authentication,201,34,-57,920,0,11,0,0,0,0,0,0,0,0
1564,18305260352,Authentication,105,34,-18,920,0,11,0,0,0,0,0,0,720,0
1565,18305265433,Authentication,105,34,-19,920,0,11,0,0,1,0,0,0,720,0
1566,18305271052,Authentication,201,34,-59,920,0,11,0,0,0,0,0,0,0,0
1567,18305276921,Authentication,105,34,-18,920,0,11,0,0,1,0,0,0,720,0
1568,18305281845,Authentication,105,34,-18,920,0,11,0,0,1,0,0,0,720,0
1569,18305293658,Authentication,166,34,-57,920,0,11,0,0,0,0,0,0,0,0
1570,18305359194,Authentication,166,34,-57,920,0,11,0,0,0,0,0,0,0,0
1571,18305391961,Authentication,201,34,-57,920,0,11,0,0,0,0,0,0,0,0
1572,18305400792,Authentication,105,34,-18,920,0,11,0,0,0,0,0,0,720,0
1573,18305406284,Authentication,201,34,-58,920,0,11,0,0,0,0,0,0,0,0
1574,18305416945,Authentication,105,34,-19,920,0,11,0,0,1,0,0,0,720,0
1575,18305421765,Authentication,105,34,-18,920,0,11,0,0,1,0,0,0,720,0
1576,18305426532,Authentication,105,34,-19,920,0,11,0,0,1,0,0,0,720,0
1577,18305457496,Authentication,166,34,-57,920,0,11,0,0,0,0,0,0,0,0
1578,18305500504,Authentication,166,34,-57,920,0,11,0,0,0,0,0,0,0,0
1579,18305510331,S1G Beacon,129,34,-18,920,3,1,,,,,,,0,0
1580,18305548393,Authentication,105,34,-19,920,0,11,0,0,1,0,0,0,720,0
1581,18305553214,Authentication,105,34,-18,920,0,11,0,0,1,0,0,0,720,0
1582,18305560488,Authentication,105,34,-20,920,0,11,0,0,1,0,0,0,720,0
1583,18305621336,Authentication,166,34,-58,920,0,11,0,0,0,0,0,0,0,0
1584,18305665365,Authentication,166,34,-57,920,0,11,0,0,0,0,0,0,0,0
1585,18305679312,Authentication,166,34,-19,920,0,11,0,0,0,0,0,0,720,0
1586,18305685877,Authentication,166,34,-18,920,0,11,0,0,1,0,0,0,720,0
1587,18305692440,Authentication,166,34,-19,920,0,11,0,0,1,0,0,0,720,0
1588,18305699004,Authentication,166,34,-18,920,0,11,0,0,1,0,0,0,720,0
1589,18305719639,Authentication,166,34,-58,920,0,11,0,0,0,0,0,0,0,0
1590,18305752407,Authentication,201,34,-57,920,0,11,0,0,0,0,0,0,0,0
1591,18305762569,Authentication,201,34,-57,920,0,11,0,0,0,0,0,0,0,0
1592,18305767765,Authentication,201,34,-58,920,0,11,0,0,0,0,0,0,0,0
1593,18305817943,Authentication,166,34,-58,920,0,11,0,0,0,0,0,0,0,0
1594,18305883478,Authentication,166,34,-56,920,0,11,0,0,0,0,0,0,0,0
1595,18305903955,Authentication,201,34,-57,920,0,11,0,0,0,0,0,0,0,0
1596,18305916245,Authentication,201,34,-57,920,0,11,0,0,0,0,0,0,0,0
1597,18305927509,Authentication,166,34,-58,920,0,11,0,0,0,0,0,0,0,0
1598,18305949307,Authentication,166,34,-18,920,0,11,0,0,0,0,0,0,720,0
1599,18305955712,Authentication,166,34,-18,920,0,11,0,0,1,0,0,0,720,0
1600,18305962173,Authentication,166,34,-18,920,0,11,0,0,1,0,0,0,720,0
1601,18306014549,Authentication,201,34,-57,920,0,11,0,0,0,0,0,0,0,0
1602,18306047317,Authentication,166,34,-58,920,0,11,0,0,0,0,0,0,0,0
1603,18306056559,Authentication,201,34,-57,920,0,11,0,0,0,0,0,0,0,0
1604,18306080085,Authentication,166,34,-56,920,0,11,0,0,0,0,0,0,0,0
1605,18306145620,Authentication,166,34,-57,920,0,11,0,0,0,0,0,0,0,0
1606,18306150309,Authentication,166,34,-18,920,0,11,0,0,0,0,0,0,720,0
1607,18306156926,Authentication,166,34,-19,920,0,11,0,0,1,0,0,0,720,0
1608,18306163332,Authentication,166,34,-18,920,0,11,0,0,1,0,0,0,720,0
1609,18306193631,Authentication,166,34,-57,920,0,11,0,0,0,0,0,0,0,0
1610,18306243923,Authentication,166,34,-57,920,0,11,0,0,0,0,0,0,0,0
1611,18306309459,Authentication,166,34,-57,920,0,11,0,0,0,0,0,0,0,0
1612,18306329536,S1G Beacon,61,34,-18,920,3,1,,,,,,,0,0
1613,18306342227,Authentication,166,34,-57,920,0,11,0,0,0,0,0,0,0,0
1614,18306368352,Authentication,166,34,-19,920,0,11,0,0,1,0,0,0,720,0
1615,18306374759,Authentication,166,34,-18,920,0,11,0,0,1,0,0,0,720,0
1616,18306381167,Authentication,166,34,-19,920,0,11,0,0,1,0,0,0,720,0
1617,18306407763,Authentication,166,34,-57,920,0,11,0,0,0,0,0,0,0,0
1618,18306451793,Authentication,166,34,-57,920,0,11,0,0,0,0,0,0,0,0
1619,18306560605,Authentication,105,34,-18,920,0,11,0,0,0,0,0,0,720,0
1620,18306565528,Authentication,105,34,-17,920,0,11,0,0,1,0,0,0,720,0
1621,18306568891,Authentication,105,34,-19,920,0,11,0,0,1,0,0,0,720,0
1622,18306571602,Authentication,166,34,-58,920,0,11,0,0,0,0,0,0,0,0
1623,18306576292,Authentication,105,34,-18,920,0,11,0,0,1,0,0,0,720,0
1624,18306621775,Authentication,166,34,-58,920,0,11,0,0,0,0,0,0,0,0
1625,18306669905,Authentication,166,34,-57,920,0,11,0,0,0,0,0,0,0,0
1626,18306703101,Authentication,105,34,-18,920,0,11,0,0,0,0,0,0,720,0
1627,18306707919,Authentication,105,34,-19,920,0,11,0,0,1,0,0,0,720,0
1628,18306711385,Authentication,105,34,-18,920,0,11,0,0,1,0,0,0,720,0
1629,18306716307,Authentication,105,34,-19,920,0,11,0,0,1,0,0,0,720,0
1630,18306735440,Authentication,166,34,-57,920,0,11,0,0,0,0,0,0,0,0
1631,18306768208,Authentication,166,34,-57,920,0,11,0,0,0,0,0,0,0,0
1632,18306833744,Authentication,166,34,-57,920,0,11,0,0,0,0,0,0,0,0
1633,18306849302,Authentication,166,34,-19,920,0,11,0,0,0,0,0,0,720,0
1634,18306855761,Authentication,166,34,-18,920,0,11,0,0,1,0,0,0,720,0
1635,18306860763,Authentication,166,34,-18,920,0,11,0,0,1,0,0,0,720,0
1636,18306867221,Authentication,166,34,-18,920,0,11,0,0,1,0,0,0,720,0
1637,18306899279,Authentication,166,34,-59,920,0,11,0,0,0,0,0,0,0,0
1638,18306932048,Authentication,166,34,-57,920,0,11,0,0,0,0,0,0,0,0
1639,18306995531,Authentication,166,34,-57,920,0,11,0,0,0,0,0,0,0,0
1640,18307030351,Authentication,166,34,-56,920,0,11,0,0,0,0,0,0,0,0
1641,18307095886,Authentication,166,34,-57,920,0,11,0,0,0,0,0,0,0,0
1642,18307116386,QoS Data,149,34,-16,920,2,8,1,0,0,0,0,1,720,0
1644,18307119448,Authentication,166,34,-18,920,0,11,0,0,0,0,0,0,720,0
1645,18307126011,Authentication,166,34,-18,920,0,11,0,0,1,0,0,0,720,0
1646,18307132419,Authentication,166,34,-19,920,0,11,0,0,1,0,0,0,720,0
1647,18307142324,Authentication,166,34,-19,920,0,11,0,0,1,0,0,0,720,0
1648,18307161422,Authentication,166,34,-56,920,0,11,0,0,0,0,0,0,0,0
1649,18307166002,S1G Beacon,129,34,-18,920,3,1,,,,,,,0,0
1650,18307169642,QoS Data,149,34,-25,920,2,8,0,0,1,0,0,1,720,0
1652,18307175785,QoS Data,131,34,-18,920,2,8,1,0,0,0,0,1,720,0
1655,18307194190,Authentication,201,34,-57,920,0,11,0,0,0,0,0,0,0,0
1656,18307209433,Authentication,201,34,-57,920,0,11,0,0,0,0,0,0,0,0
1657,18307256644,QoS Data,128,34,-17,920,2,8,1,0,0,0,0,1,720,0
1659,18307259725,Authentication,166,34,-57,920,0,11,0,0,0,0,0,0,0,0
1661,18307292493,Authentication,166,34,-56,920,0,11,0,0,0,0,0,0,0,0
1662,18307325261,Authentication,201,34,-57,920,0,11,0,0,0,0,0,0,0,0
1663,18307335423,Authentication,201,34,-56,920,0,11,0,0,0,0,0,0,0,0
1664,18307358029,Authentication,166,34,-57,920,0,11,0,0,0,0,0,0,0,0
1665,18307362823,Authentication,166,34,-18,920,0,11,0,0,0,0,0,0,720,0
1666,18307369385,Authentication,166,34,-18,920,0,11,0,0,1,0,0,0,720,0
1667,18307376103,Authentication,166,34,-18,920,0,11,0,0,1,0,0,0,720,0
1668,18307382667,Authentication,166,34,-19,920,0,11,0,0,1,0,0,0,720,0
1669,18307411273,Authentication,166,34,-58,920,0,11,0,0,0,0,0,0,0,0
1670,18307456331,Authentication,166,34,-57,920,0,11,0,0,0,0,0,0,0,0
1671,18307521868,Authentication,166,34,-56,920,0,11,0,0,0,0,0,0,0,0
1672,18307554635,Authentication,166,34,-57,920,0,11,0,0,0,0,0,0,0,0
1673,18307572586,Authentication,105,34,-18,920,0,11,0,0,0,0,0,0,720,0
1674,18307576883,Authentication,105,34,-20,920,0,11,0,0,1,0,0,0,720,0
1675,18307581964,Authentication,105,34,-20,920,0,11,0,0,1,0,0,0,720,0
1676,18307585900,Authentication,105,34,-18,920,0,11,0,0,1,0,0,0,720,0
1677,18307620171,Authentication,166,34,-59,920,0,11,0,0,0,0,0,0,0,0
1678,18307673416,Authentication,166,34,-57,920,0,11,0,0,0,0,0,0,0,0
1679,18307718474,Authentication,166,34,-57,920,0,11,0,0,0,0,0,0,0,0
1680,18307723061,Authentication,166,34,-19,920,0,11,0,0,0,0,0,0,720,0
1681,18307729678,Authentication,166,34,-19,920,0,11,0,0,1,0,0,0,720,0
1682,18307736450,Authentication,166,34,-18,920,0,11,0,0,1,0,0,0,720,0
1683,18307742909,Authentication,166,34,-18,920,0,11,0,0,1,0,0,0,720,0
1684,18307784010,Authentication,166,34,-56,920,0,11,0,0,0,0,0,0,0,0
1685,18307882313,Authentication,166,34,-58,920,0,11,0,0,0,0,0,0,0,0
1686,18307929416,Authentication,166,34,-56,920,0,11,0,0,0,0,0,0,0,0
1687,18307934625,Data,287,34,-19,920,2,0,0,0,0,0,0,1,0,0
1688,18307967944,S1G Beacon,61,34,-19,920,3,1,,,,,,,0,0
1689,18307980616,Authentication,166,34,-58,920,0,11,0,0,0,0,0,0,0,0
1690,18307989882,Authentication,166,34,-19,920,0,11,0,0,0,0,0,0,720,0
1691,18307996498,Authentication,166,34,-19,920,0,11,0,0,1,0,0,0,720,0
1692,18308003113,Authentication,166,34,-18,920,0,11,0,0,1,0,0,0,720,0
1693,18308009522,Authentication,166,34,-18,920,0,11,0,0,1,0,0,0,720,0
1694,18308046153,Authentication,166,34,-56,920,0,11,0,0,0,0,0,0,0,0
1695,18308091206,Authentication,166,34,-58,920,0,11,0,0,0,0,0,0,0,0
1696,18308144456,Authentication,166,34,-58,920,0,11,0,0,0,0,0,0,0,0
1697,18308209991,Authentication,201,34,-57,920,0,11,0,0,0,0,0,0,0,0
1698,18308220154,Authentication,166,34,-57,920,0,11,0,0,0,0,0,0,0,0
1699,18308229395,Authentication,201,34,-57,920,0,11,0,0,0,0,0,0,0,0
1700,18308251202,Authentication,105,34,-20,920,0,11,0,0,1,0,0,0,720,0
1701,18308256023,Authentication,105,34,-18,920,0,11,0,0,1,0,0,0,720,0
1702,18308261103,Authentication,105,34,-19,920,0,11,0,0,1,0,0,0,720,0
1703,18308308294,Authentication,166,34,-57,920,0,11,0,0,0,0,0,0,0,0
1704,18308357444,Authentication,166,34,-57,920,0,11,0,0,0,0,0,0,0,0
1705,18308389278,Authentication,166,34,-18,920,0,11,0,0,0,0,0,0,720,0
1706,18308395855,Authentication,166,34,-18,920,0,11,0,0,1,0,0,0,720,0
1707,18308401534,Authentication,166,34,-18,920,0,11,0,0,1,0,0,0,720,0
1708,18308406598,Authentication,166,34,-56,920,0,11,0,0,0,0,0,0,0,0
1709,18308411495,Authentication,166,34,-18,920,0,11,0,0,1,0,0,0,720,0
1710,18308472134,Authentication,166,34,-57,920,0,11,0,0,0,0,0,0,0,0
1711,18308504901,Authentication,166,34,-58,920,0,11,0,0,0,0,0,0,0,0
1712,18308570437,Authentication,166,34,-57,920,0,11,0,0,0,0,0,0,0,0
1713,18308600608,Authentication,105,34,-19,920,0,11,0,0,0,0,0,0,720,0
1714,18308605633,Authentication,105,34,-19,920,0,11,0,0,1,0,0,0,720,0
1715,18308610712,Authentication,105,34,-18,920,0,11,0,0,1,0,0,0,720,0
1716,18308615633,Authentication,105,34,-18,920,0,11,0,0,1,0,0,0,720,0
1717,18308620611,Authentication,166,34,-57,920,0,11,0,0,0,0,0,0,0,0
1718,18308668740,Authentication,166,34,-58,920,0,11,0,0,0,0,0,0,0,0
1719,18308734276,Authentication,166,34,-58,920,0,11,0,0,0,0,0,0,0,0
1720,18308743073,Authentication,105,34,-18,920,0,11,0,0,0,0,0,0,720,0
1721,18308747943,Authentication,105,34,-18,920,0,11,0,0,1,0,0,0,720,0
1722,18308752919,Authentication,105,34,-19,920,0,11,0,0,1,0,0,0,720,0
1723,18308757946,Authentication,105,34,-19,920,0,11,0,0,1,0,0,0,720,0
1724,18308787146,S1G Beacon,129,34,-19,920,3,1,,,,,,,0,0
1725,18308832579,Authentication,166,34,-57,920,0,11,0,0,0,0,0,0,0,0
1726,18308865347,Authentication,201,34,-58,920,0,11,0,0,0,0,0,0,0,0
1727,18308877633,Authentication,201,34,-57,920,0,11,0,0,0,0,0,0,0,0
1728,18308889291,Authentication,166,34,-18,920,0,11,0,0,0,0,0,0,720,0
1729,18308894015,Authentication,201,34,-58,920,0,11,0,0,0,0,0,0,0,0
1730,18308903784,Authentication,166,34,-20,920,0,11,0,0,1,0,0,0,720,0
1731,18308910089,Authentication,166,34,-18,920,0,11,0,0,1,0,0,0,720,0
1732,18308916599,Authentication,166,34,-18,920,0,11,0,0,1,0,0,0,720,0
1733,18308996418,Authentication,166,34,-57,920,0,11,0,0,0,0,0,0,0,0
1734,18309044544,Authentication,166,34,-57,920,0,11,0,0,0,0,0,0,0,0
1735,18309075357,Authentication,105,34,-18,920,0,11,0,0,0,0,0,0,720,0
1736,18309080280,Authentication,105,34,-19,920,0,11,0,0,1,0,0,0,720,0
1737,18309085152,Authentication,105,34,-19,920,0,11,0,0,1,0,0,0,720,0
1738,18309090127,Authentication,105,34,-18,920,0,11,0,0,1,0,0,0,720,0
1739,18309094721,Authentication,166,34,-57,920,0,11,0,0,0,0,0,0,0,0
1740,18309160257,Authentication,166,34,-59,920,0,11,0,0,0,0,0,0,0,0
1742,18309209417,Authentication,166,34,-19,920,0,11,0,0,0,0,0,0,720,0
1743,18309215875,Authentication,166,34,-18,920,0,11,0,0,1,0,0,0,720,0
1744,18309222386,Authentication,166,34,-19,920,0,11,0,0,1,0,0,0,720,0
1745,18309241036,Authentication,201,34,-59,920,0,11,0,0,0,0,0,0,0,0
1746,18309247164,Authentication,166,34,-19,920,0,11,0,0,1,0,0,0,720,0
1747,18309258560,Authentication,166,34,-58,920,0,11,0,0,0,0,0,0,0,0
1748,18309319996,Authentication,166,34,-57,920,0,11,0,0,0,0,0,0,0,0
1749,18309356864,Authentication,166,34,-58,920,0,11,0,0,0,0,0,0,0,0
1750,18309369150,Authentication,201,34,-57,920,0,11,0,0,0,0,0,0,0,0
1751,18309389631,Authentication,201,34,-57,920,0,11,0,0,0,0,0,0,0,0
1752,18309422399,Authentication,166,34,-57,920,0,11,0,0,0,0,0,0,0,0
1753,18309468477,Authentication,166,34,-57,920,0,11,0,0,0,0,0,0,0,0
1754,18309479419,Authentication,166,34,-18,920,0,11,0,0,0,0,0,0,720,0
1755,18309486084,Authentication,166,34,-19,920,0,11,0,0,1,0,0,0,720,0
1756,18309492491,Authentication,166,34,-19,920,0,11,0,0,1,0,0,0,720,0
1757,18309499212,Authentication,166,34,-18,920,0,11,0,0,1,0,0,0,720,0
1758,18309520702,Authentication,166,34,-57,920,0,11,0,0,0,0,0,0,0,0
1759,18309586239,Authentication,166,34,-57,920,0,11,0,0,0,0,0,0,0,0
1760,18309606349,S1G Beacon,61,34,-19,920,3,1,,,,,,,0,0
1761,18309684542,Authentication,166,34,-57,920,0,11,0,0,0,0,0,0,0,0
1762,18309692400,Authentication,105,34,-19,920,0,11,0,0,0,0,0,0,720,0
1763,18309699247,Authentication,105,34,-18,920,0,11,0,0,1,0,0,0,720,0
1764,18309703995,Authentication,201,34,-56,920,0,11,0,0,0,0,0,0,0,0
1765,18309709607,Authentication,105,34,-18,920,0,11,0,0,1,0,0,0,720,0
1766,18309714373,Authentication,105,34,-19,920,0,11,0,0,1,0,0,0,720,0
1767,18309717309,Authentication,201,34,-57,920,0,11,0,0,0,0,0,0,0,0
1768,18309750078,Authentication,166,34,-56,920,0,11,0,0,0,0,0,0,0,0
1769,18309782845,Authentication,166,34,-57,920,0,11,0,0,0,0,0,0,0,0
1770,18309834834,Authentication,105,34,-19,920,0,11,0,0,0,0,0,0,720,0
1771,18309839655,Authentication,105,34,-18,920,0,11,0,0,1,0,0,0,720,0
1772,18309844577,Authentication,105,34,-18,920,0,11,0,0,1,0,0,0,720,0
1773,18309848381,Authentication,166,34,-58,920,0,11,0,0,0,0,0,0,0,0
1774,18309853226,Authentication,105,34,-18,920,0,11,0,0,1,0,0,0,720,0
1775,18309910840,Authentication,166,34,-57,920,0,11,0,0,0,0,0,0,0,0
1776,18309938257,Data,312,34,-18,920,2,0,0,0,0,0,0,1,0,0
1777,18309946684,Authentication,166,34,-56,920,0,11,0,0,0,0,0,0,0,0
1778,18309951894,Data,332,34,-19,920,2,0,0,0,0,0,0,1,0,0
1779,18309977364,Authentication,105,34,-18,920,0,11,0,0,0,0,0,0,720,0
1780,18309982182,Authentication,105,34,-19,920,0,11,0,0,1,0,0,0,720,0
1781,18309987054,Authentication,105,34,-19,920,0,11,0,0,1,0,0,0,720,0
1782,18309991199,Authentication,105,34,-18,920,0,11,0,0,1,0,0,0,720,0
1783,18310012220,Authentication,166,34,-58,920,0,11,0,0,0,0,0,0,0,0
1784,18310051130,Authentication,166,34,-57,920,0,11,0,0,0,0,0,0,0,0
1785,18310110523,Authentication,166,34,-57,920,0,11,0,0,0,0,0,0,0,0
1786,18310129261,Authentication,166,34,-19,920,0,11,0,0,0,0,0,0,720,0
1787,18310135720,Authentication,166,34,-18,920,0,11,0,0,1,0,0,0,720,0
1788,18310142129,Authentication,166,34,-18,920,0,11,0,0,1,0,0,0,720,0
1789,18310148902,Authentication,166,34,-18,920,0,11,0,0,1,0,0,0,720,0
1790,18310171960,Authentication,166,34,-57,920,0,11,0,0,0,0,0,0,0,0
1791,18310208826,Authentication,166,34,-58,920,0,11,0,0,0,0,0,0,0,0
1792,18310274362,Authentication,166,34,-57,920,0,11,0,0,0,0,0,0,0,0
1793,18310319416,Authentication,201,34,-57,920,0,11,0,0,0,0,0,0,0,0
1794,18310326800,Authentication,166,34,-20,920,0,11,0,0,0,0,0,0,720,0
1795,18310333520,Authentication,166,34,-18,920,0,11,0,0,1,0,0,0,720,0
1796,18310339897,Authentication,201,34,-57,920,0,11,0,0,0,0,0,0,0,0
1797,18310348569,Authentication,166,34,-19,920,0,11,0,0,1,0,0,0,720,0
1798,18310355029,Authentication,166,34,-19,920,0,11,0,0,1,0,0,0,720,0
1799,18310425554,S1G Beacon,129,34,-18,920,3,1,,,,,,,0,0
1800,18310438201,Authentication,166,34,-56,920,0,11,0,0,0,0,0,0,0,0
1801,18310467892,Authentication,201,34,-57,920,0,11,0,0,0,0,0,0,0,0
1802,18310478054,Authentication,201,34,-57,920,0,11,0,0,0,0,0,0,0,0
1803,18310488216,Authentication,166,34,-57,920,0,11,0,0,0,0,0,0,0,0
1804,18310529463,Authentication,166,34,-19,920,0,11,0,0,0,0,0,0,720,0
1805,18310536079,Authentication,166,34,-19,920,0,11,0,0,1,0,0,0,720,0
1806,18310542747,Authentication,166,34,-20,920,0,11,0,0,1,0,0,0,720,0
1807,18310549206,Authentication,166,34,-18,920,0,11,0,0,1,0,0,0,720,0
1808,18310583606,Authentication,166,34,-57,920,0,11,0,0,0,0,0,0,0,0
1809,18310602040,Authentication,201,34,-58,920,0,11,0,0,0,0,0,0,0,0
1810,18310612202,Authentication,201,34,-57,920,0,11,0,0,0,0,0,0,0,0
1811,18310634807,Authentication,166,34,-58,920,0,11,0,0,0,0,0,0,0,0
1812,18310700343,Authentication,166,34,-57,920,0,11,0,0,0,0,0,0,0,0
1813,18310733111,Authentication,166,34,-59,920,0,11,0,0,0,0,0,0,0,0
1814,18310792275,Authentication,105,34,-20,920,0,11,0,0,0,0,0,0,720,0
1815,18310803264,Authentication,105,34,-20,920,0,11,0,0,1,0,0,0,720,0
1816,18310808239,Authentication,105,34,-19,920,0,11,0,0,1,0,0,0,720,0
1817,18310855987,Authentication,166,34,-57,920,0,11,0,0,0,0,0,0,0,0
1818,18310896950,Authentication,166,34,-57,920,0,11,0,0,0,0,0,0,0,0
1819,18310939265,Authentication,166,34,-18,920,0,11,0,0,0,0,0,0,720,0
1820,18310946036,Authentication,166,34,-18,920,0,11,0,0,1,0,0,0,720,0
1821,18310953069,Data,287,34,-18,920,2,0,0,0,0,0,0,1,0,0
1822,18310960858,Authentication,166,34,-18,920,0,11,0,0,1,0,0,0,720,0
1823,18310967576,Authentication,166,34,-19,920,0,11,0,0,1,0,0,0,720,0
1824,18311011635,Authentication,166,34,-56,920,0,11,0,0,0,0,0,0,0,0
1825,18311060788,Authentication,166,34,-56,920,0,11,0,0,0,0,0,0,0,0
1826,18311126324,Authentication,166,34,-55,920,0,11,0,0,0,0,0,0,0,0
1827,18311159092,Authentication,166,34,-56,920,0,11,0,0,0,0,0,0,0,0
1828,18311208086,Authentication,166,34,-18,920,0,11,0,0,0,0,0,0,720,0
1829,18311214077,Authentication,166,34,-17,920,0,11,0,0,1,0,0,0,720,0
1830,18311221300,Authentication,166,34,-18,920,0,11,0,0,1,0,0,0,720,0
1831,18311229274,Authentication,166,34,-18,920,0,11,0,0,1,0,0,0,720,0
1832,18311273778,Authentication,166,34,-55,920,0,11,0,0,0,0,0,0,0,0
1833,18311278348,S1G Beacon,61,34,-18,920,3,1,,,,,,,0,0
1834,18311322931,Authentication,166,34,-57,920,0,11,0,0,0,0,0,0,0,0
1835,18311388467,Authentication,166,34,-55,920,0,11,0,0,0,0,0,0,0,0
1836,18311409435,Authentication,166,34,-17,920,0,11,0,0,0,0,0,0,720,0
1837,18311415996,Authentication,166,34,-18,920,0,11,0,0,1,0,0,0,720,0
1838,18311421234,Authentication,201,34,-56,920,0,11,0,0,0,0,0,0,0,0
1839,18311431396,Authentication,201,34,-56,920,0,11,0,0,0,0,0,0,0,0
1840,18311441010,Authentication,166,34,-18,920,0,11,0,0,1,0,0,0,720,0
1841,18311446950,Authentication,166,34,-17,920,0,11,0,0,1,0,0,0,720,0
1842,18311486770,Authentication,166,34,-56,920,0,11,0,0,0,0,0,0,0,0
1843,18311550253,Authentication,166,34,-56,920,0,11,0,0,0,0,0,0,0,0
1844,18311585074,Authentication,166,34,-55,920,0,11,0,0,0,0,0,0,0,0
1845,18311607055,Authentication,105,34,-18,920,0,11,0,0,0,0,0,0,720,0
1846,18311612083,Authentication,105,34,-19,920,0,11,0,0,1,0,0,0,720,0
1847,18311617507,Authentication,105,34,-18,920,0,11,0,0,1,0,0,0,720,0
1848,18311622483,Authentication,105,34,-19,920,0,11,0,0,1,0,0,0,720,0
1849,18311641390,Authentication,166,34,-58,920,0,11,0,0,0,0,0,0,0,0
1850,18311683377,Authentication,166,34,-56,920,0,11,0,0,0,0,0,0,0,0
1851,18311748912,Authentication,166,34,-57,920,0,11,0,0,0,0,0,0,0,0
1852,18311753499,Authentication,105,34,-19,920,0,11,0,0,0,0,0,0,720,0
1853,18311758473,Authentication,105,34,-18,920,0,11,0,0,1,0,0,0,720,0
1854,18311763603,Authentication,105,34,-19,920,0,11,0,0,1,0,0,0,720,0
1855,18311767017,Authentication,105,34,-18,920,0,11,0,0,1,0,0,0,720,0
1856,18311798062,Authentication,166,34,-56,920,0,11,0,0,0,0,0,0,0,0
1857,18311847216,Authentication,166,34,-57,920,0,11,0,0,0,0,0,0,0,0
1858,18311887615,Authentication,166,34,-19,920,0,11,0,0,0,0,0,0,720,0
1859,18311893192,Authentication,166,34,-18,920,0,11,0,0,1,0,0,0,720,0
1860,18311899857,Authentication,166,34,-19,920,0,11,0,0,1,0,0,0,720,0
1861,18311906369,Authentication,166,34,-17,920,0,11,0,0,1,0,0,0,720,0
1862,18311912751,Authentication,166,34,-56,920,0,11,0,0,0,0,0,0,0,0
1863,18311947567,Authentication,166,34,-56,920,0,11,0,0,0,0,0,0,0,0
1864,18312011055,Authentication,166,34,-57,920,0,11,0,0,0,0,0,0,0,0
1865,18312063959,S1G Beacon,129,34,-18,920,3,1,,,,,,,0,0
1866,18312072491,Authentication,166,34,-56,920,0,11,0,0,0,0,0,0,0,0
1867,18312109358,Authentication,166,34,-57,920,0,11,0,0,0,0,0,0,0,0
1868,18312155350,Authentication,166,34,-18,920,0,11,0,0,0,0,0,0,720,0
1869,18312161755,Authentication,166,34,-18,920,0,11,0,0,1,0,0,0,720,0
1870,18312168317,Authentication,166,34,-19,920,0,11,0,0,1,0,0,0,720,0
1871,18312192267,QoS Data,149,34,-17,920,2,8,1,0,0,0,0,1,720,0
1876,18312217900,Authentication,166,34,-57,920,0,11,0,0,0,0,0,0,0,0
1877,18312224044,Authentication,201,34,-55,920,0,11,0,0,0,0,0,0,0,0
1878,18312238889,Authentication,201,34,-56,920,0,11,0,0,0,0,0,0,0,0
1879,18312249052,Authentication,201,34,-57,920,0,11,0,0,0,0,0,0,0,0
1880,18312256526,QoS Data,128,34,-18,920,2,8,1,0,0,0,0,1,720,0
1883,18312273197,Authentication,166,34,-56,920,0,11,0,0,0,0,0,0,0,0
1884,18312338733,Authentication,166,34,-55,920,0,11,0,0,0,0,0,0,0,0
1885,18312371500,Authentication,201,34,-57,920,0,11,0,0,0,0,0,0,0,0
1886,18312380742,Authentication,201,34,-56,920,0,11,0,0,0,0,0,0,0,0
1887,18312386926,Authentication,166,34,-17,920,0,11,0,0,0,0,0,0,720,0
1888,18312402572,Authentication,166,34,-17,920,0,11,0,0,1,0,0,0,720,0
1889,18312407889,Authentication,166,34,-17,920,0,11,0,0,1,0,0,0,720,0
1890,18312414298,Authentication,166,34,-17,920,0,11,0,0,1,0,0,0,720,0
1891,18312437036,Authentication,166,34,-56,920,0,11,0,0,0,0,0,0,0,0
1892,18312473900,Authentication,166,34,-57,920,0,11,0,0,0,0,0,0,0,0
1893,18312535339,Authentication,166,34,-56,920,0,11,0,0,0,0,0,0,0,0
1894,18312587561,Authentication,166,34,-57,920,0,11,0,0,0,0,0,0,0,0
1895,18312592305,Authentication,166,34,-18,920,0,11,0,0,0,0,0,0,720,0
1896,18312599076,Authentication,166,34,-18,920,0,11,0,0,1,0,0,0,720,0
1897,18312605847,Authentication,166,34,-18,920,0,11,0,0,1,0,0,0,720,0
1898,18312612515,Authentication,166,34,-18,920,0,11,0,0,1,0,0,0,720,0
1899,18312633642,Authentication,166,34,-56,920,0,11,0,0,0,0,0,0,0,0
1900,18312699179,Authentication,166,34,-56,920,0,11,0,0,0,0,0,0,0,0
1901,18312744234,Authentication,166,34,-55,920,0,11,0,0,0,0,0,0,0,0
1902,18312797482,Authentication,166,34,-55,920,0,11,0,0,0,0,0,0,0,0
1903,18312802066,Authentication,166,34,-18,920,0,11,0,0,0,0,0,0,720,0
1904,18312808630,Authentication,166,34,-18,920,0,11,0,0,1,0,0,0,720,0
1905,18312815247,Authentication,166,34,-18,920,0,11,0,0,1,0,0,0,720,0
1906,18312821655,Authentication,166,34,-17,920,0,11,0,0,1,0,0,0,720,0
1907,18312861989,Authentication,166,34,-56,920,0,11,0,0,0,0,0,0,0,0
1908,18312883162,S1G Beacon,61,34,-19,920,3,1,,,,,,,0,0
1909,18312895785,Authentication,166,34,-56,920,0,11,0,0,0,0,0,0,0,0
1910,18312961321,Authentication,166,34,-55,920,0,11,0,0,0,0,0,0,0,0
1911,18313011494,Authentication,166,34,-56,920,0,11,0,0,0,0,0,0,0,0
1912,18313069254,Authentication,166,34,-18,920,0,11,0,0,0,0,0,0,720,0
1913,18313075922,Authentication,166,34,-17,920,0,11,0,0,1,0,0,0,720,0
1914,18313082484,Authentication,166,34,-18,920,0,11,0,0,1,0,0,0,720,0
1915,18313088945,Authentication,166,34,-18,920,0,11,0,0,1,0,0,0,720,0
1916,18313125160,Authentication,166,34,-55,920,0,11,0,0,0,0,0,0,0,0
1917,18313190691,Authentication,166,34,-57,920,0,11,0,0,0,0,0,0,0,0
1918,18313223463,Authentication,166,34,-57,920,0,11,0,0,0,0,0,0,0,0
1919,18313285362,Authentication,105,34,-19,920,0,11,0,0,1,0,0,0,720,0
1920,18313288998,Authentication,166,34,-57,920,0,11,0,0,0,0,0,0,0,0
1921,18313293636,Authentication,105,34,-18,920,0,11,0,0,1,0,0,0,720,0
1922,18313298404,Authentication,105,34,-17,920,0,11,0,0,1,0,0,0,720,0
1923,18313327910,Authentication,166,34,-56,920,0,11,0,0,0,0,0,0,0,0
1924,18313387302,Authentication,166,34,-57,920,0,11,0,0,0,0,0,0,0,0
1925,18313422667,Authentication,105,34,-19,920,0,11,0,0,0,0,0,0,720,0
1926,18313427695,Authentication,105,34,-19,920,0,11,0,0,1,0,0,0,720,0
1927,18313432461,Authentication,105,34,-19,920,0,11,0,0,1,0,0,0,720,0
1928,18313437174,Authentication,105,34,-17,920,0,11,0,0,1,0,0,0,720,0
1929,18313452837,Authentication,166,34,-56,920,0,11,0,0,0,0,0,0,0,0
1930,18313486630,Authentication,166,34,-56,920,0,11,0,0,0,0,0,0,0,0
1931,18313551140,Authentication,166,34,-55,920,0,11,0,0,0,0,0,0,0,0
1932,18313569194,Authentication,166,34,-18,920,0,11,0,0,0,0,0,0,720,0
1933,18313575914,Authentication,166,34,-18,920,0,11,0,0,1,0,0,0,720,0
1934,18313582687,Authentication,166,34,-17,920,0,11,0,0,1,0,0,0,720,0
1935,18313589300,Authentication,166,34,-17,920,0,11,0,0,1,0,0,0,720,0
1936,18313616677,Authentication,166,34,-57,920,0,11,0,0,0,0,0,0,0,0
1937,18313649445,Authentication,166,34,-56,920,0,11,0,0,0,0,0,0,0,0
1938,18313702366,S1G Beacon,129,34,-19,920,3,1,,,,,,,0,0
1939,18313714980,Authentication,166,34,-57,920,0,11,0,0,0,0,0,0,0,0
1940,18313765154,Authentication,166,34,-56,920,0,11,0,0,0,0,0,0,0,0
1941,18313789151,Authentication,166,34,-19,920,0,11,0,0,0,0,0,0,720,0
1942,18313795715,Authentication,166,34,-18,920,0,11,0,0,1,0,0,0,720,0
1943,18313802019,Authentication,166,34,-18,920,0,11,0,0,1,0,0,0,720,0
1944,18313808634,Authentication,166,34,-19,920,0,11,0,0,1,0,0,0,720,0
1945,18313813283,Authentication,166,34,-56,920,0,11,0,0,0,0,0,0,0,0
1946,18313878819,Authentication,166,34,-57,920,0,11,0,0,0,0,0,0,0,0
1947,18313911586,Authentication,201,34,-56,920,0,11,0,0,0,0,0,0,0,0
1948,18313921748,Authentication,166,34,-56,920,0,11,0,0,0,0,0,0,0,0
1949,18313975874,Data,287,34,-20,920,2,0,0,0,0,0,0,1,0,0
1950,18313984076,Authentication,166,34,-19,920,0,11,0,0,0,0,0,0,720,0
1951,18313990693,Authentication,166,34,-19,920,0,11,0,0,1,0,0,0,720,0
1952,18313997310,Authentication,166,34,-19,920,0,11,0,0,1,0,0,0,720,0
1953,18314004033,Authentication,166,34,-18,920,0,11,0,0,1,0,0,0,720,0
1954,18314042657,Authentication,166,34,-56,920,0,11,0,0,0,0,0,0,0,0
1955,18314051900,Authentication,201,34,-57,920,0,11,0,0,0,0,0,0,0,0
1956,18314065182,Authentication,201,34,-56,920,0,11,0,0,0,0,0,0,0,0
1957,18314075425,Authentication,166,34,-56,920,0,11,0,0,0,0,0,0,0,0
1958,18314140961,Authentication,166,34,-56,920,0,11,0,0,0,0,0,0,0,0
1959,18314188883,Authentication,105,34,-18,920,0,11,0,0,0,0,0,0,720,0
1960,18314193183,Authentication,166,34,-56,920,0,11,0,0,0,0,0,0,0,0
1961,18314197771,Authentication,105,34,-18,920,0,11,0,0,1,0,0,0,720,0
1962,18314202903,Authentication,105,34,-19,920,0,11,0,0,1,0,0,0,720,0
1963,18314207670,Authentication,105,34,-19,920,0,11,0,0,1,0,0,0,720,0
1964,18314239265,Authentication,166,34,-56,920,0,11,0,0,0,0,0,0,0,0
1965,18314339616,Authentication,166,34,-57,920,0,11,0,0,0,0,0,0,0,0
1966,18314390120,Authentication,166,34,-19,920,0,11,0,0,0,0,0,0,720,0
1967,18314396841,Authentication,166,34,-19,920,0,11,0,0,1,0,0,0,720,0
1968,18314403104,Authentication,166,34,-56,920,0,11,0,0,0,0,0,0,0,0
1969,18314407742,Authentication,166,34,-19,920,0,11,0,0,1,0,0,0,720,0
1970,18314414456,Authentication,166,34,-18,920,0,11,0,0,1,0,0,0,720,0
1971,18314468639,Authentication,166,34,-56,920,0,11,0,0,0,0,0,0,0,0
1972,18314501407,Authentication,166,34,-56,920,0,11,0,0,0,0,0,0,0,0
1973,18314521568,S1G Beacon,61,34,-19,920,3,1,,,,,,,0,0
1974,18314606877,Authentication,166,34,-57,920,0,11,0,0,0,0,0,0,0,0
1975,18314611463,Authentication,166,34,-18,920,0,11,0,0,0,0,0,0,720,0
1976,18314617714,Authentication,166,34,-19,920,0,11,0,0,1,0,0,0,720,0
1977,18314624384,Authentication,166,34,-18,920,0,11,0,0,1,0,0,0,720,0
1978,18314630948,Authentication,166,34,-19,920,0,11,0,0,1,0,0,0,720,0
1979,18314665246,Authentication,166,34,-57,920,0,11,0,0,0,0,0,0,0,0
1980,18314730782,Authentication,166,34,-55,920,0,11,0,0,0,0,0,0,0,0
1981,18314763550,Authentication,166,34,-56,920,0,11,0,0,0,0,0,0,0,0
1982,18314799261,Authentication,166,34,-19,920,0,11,0,0,0,0,0,0,720,0
1983,18314806033,Authentication,166,34,-18,920,0,11,0,0,1,0,0,0,720,0
1984,18314815181,Authentication,166,34,-19,920,0,11,0,0,1,0,0,0,720,0
1985,18314821693,Authentication,166,34,-18,920,0,11,0,0,1,0,0,0,720,0
1986,18314829085,Authentication,201,34,-57,920,0,11,0,0,0,0,0,0,0,0
1987,18314838327,Authentication,201,34,-58,920,0,11,0,0,0,0,0,0,0,0
1988,18314882331,Authentication,166,34,-58,920,0,11,0,0,0,0,0,0,0,0
1989,18314927388,Authentication,166,34,-56,920,0,11,0,0,0,0,0,0,0,0
1990,18314981574,Authentication,105,34,-19,920,0,11,0,0,0,0,0,0,720,0
1991,18314986707,Authentication,105,34,-18,920,0,11,0,0,1,0,0,0,720,0
1992,18314991633,Authentication,105,34,-18,920,0,11,0,0,1,0,0,0,720,0
1993,18314997491,Authentication,105,34,-19,920,0,11,0,0,1,0,0,0,720,0
1994,18315025691,Authentication,166,34,-55,920,0,11,0,0,0,0,0,0,0,0
1995,18315091227,Authentication,166,34,-57,920,0,11,0,0,0,0,0,0,0,0
1996,18315114065,Authentication,105,34,-18,920,0,11,0,0,0,0,0,0,720,0
1997,18315118831,Authentication,105,34,-18,920,0,11,0,0,1,0,0,0,720,0
1998,18315123598,Authentication,105,34,-19,920,0,11,0,0,1,0,0,0,720,0
1999,18315127639,Authentication,105,34,-18,920,0,11,0,0,1,0,0,0,720,0
2000,18315136281,Authentication,166,34,-56,920,0,11,0,0,0,0,0,0,0,0
2001,18315189531,Authentication,166,34,-56,920,0,11,0,0,0,0,0,0,0,0
2002,18315239296,Authentication,166,34,-18,920,0,11,0,0,0,0,0,0,720,0
2003,18315245860,Authentication,166,34,-19,920,0,11,0,0,1,0,0,0,720,0
2004,18315252425,Authentication,166,34,-18,920,0,11,0,0,1,0,0,0,720,0
2005,18315259637,Authentication,166,34,-19,920,0,11,0,0,1,0,0,0,720,0
2006,18315287834,Authentication,166,34,-56,920,0,11,0,0,0,0,0,0,0,0
2007,18315340771,S1G Beacon,129,34,-18,920,3,1,,,,,,,0,0
2008,18315353369,Authentication,166,34,-57,920,0,11,0,0,0,0,0,0,0,0
2009,18315412757,Authentication,166,34,-58,920,0,11,0,0,0,0,0,0,0,0
2010,18315451672,Authentication,166,34,-56,920,0,11,0,0,0,0,0,0,0,0
2011,18315505525,Authentication,166,34,-19,920,0,11,0,0,0,0,0,0,720,0
2012,18315512351,Authentication,166,34,-19,920,0,11,0,0,1,0,0,0,720,0
2013,18315517208,Authentication,166,34,-57,920,0,11,0,0,0,0,0,0,0,0
2014,18315521949,Authentication,166,34,-18,920,0,11,0,0,1,0,0,0,720,0
2015,18315528410,Authentication,166,34,-18,920,0,11,0,0,1,0,0,0,720,0
2016,18315567382,Authentication,166,34,-56,920,0,11,0,0,0,0,0,0,0,0
2017,18315615512,Authentication,201,34,-55,920,0,11,0,0,0,0,0,0,0,0
2018,18315625674,Authentication,201,34,-56,920,0,11,0,0,0,0,0,0,0,0
2019,18315634915,Authentication,201,34,-56,920,0,11,0,0,0,0,0,0,0,0
2020,18315681047,Authentication,166,34,-56,920,0,11,0,0,0,0,0,0,0,0
2021,18315718934,Authentication,166,34,-57,920,0,11,0,0,0,0,0,0,0,0
2022,18315724195,Authentication,166,34,-19,920,0,11,0,0,0,0,0,0,720,0
2023,18315730706,Authentication,166,34,-19,920,0,11,0,0,1,0,0,0,720,0
2024,18315736646,Authentication,166,34,-17,920,0,11,0,0,1,0,0,0,720,0
2025,18315743312,Authentication,166,34,-17,920,0,11,0,0,1,0,0,0,720,0
2026,18315751664,Authentication,201,34,-57,920,0,11,0,0,0,0,0,0,0,0
2028,18315761826,Authentication,201,34,-57,920,0,11,0,0,0,0,0,0,0,0
2029,18315779351,Authentication,166,34,-56,920,0,11,0,0,0,0,0,0,0,0
2030,18315844886,Authentication,166,34,-56,920,0,11,0,0,0,0,0,0,0,0
2031,18315877654,Authentication,166,34,-57,920,0,11,0,0,0,0,0,0,0,0
2032,18315929377,Authentication,166,34,-17,920,0,11,0,0,0,0,0,0,720,0
2033,18315936042,Authentication,166,34,-17,920,0,11,0,0,1,0,0,0,720,0
2034,18315942813,Authentication,166,34,-16,920,0,11,0,0,1,0,0,0,720,0
2035,18315949530,Authentication,166,34,-19,920,0,11,0,0,1,0,0,0,720,0
2036,18315997458,Authentication,166,34,-57,920,0,11,0,0,0,0,0,0,0,0
2037,18316041493,Authentication,166,34,-57,920,0,11,0,0,0,0,0,0,0,0
2038,18316107029,Authentication,166,34,-56,920,0,11,0,0,0,0,0,0,0,0
2039,18316119192,Authentication,166,34,-18,920,0,11,0,0,0,0,0,0,720,0
2040,18316125702,Authentication,166,34,-16,920,0,11,0,0,1,0,0,0,720,0
2041,18316132264,Authentication,166,34,-17,920,0,11,0,0,1,0,0,0,720,0
2042,18316138777,Authentication,166,34,-17,920,0,11,0,0,1,0,0,0,720,0
2043,18316159976,S1G Beacon,61,34,-19,920,3,1,,,,,,,0,0
2044,18316205332,Authentication,166,34,-57,920,0,11,0,0,0,0,0,0,0,0
2045,18316270867,Authentication,166,34,-56,920,0,11,0,0,0,0,0,0,0,0
2046,18316303635,Authentication,166,34,-56,920,0,11,0,0,0,0,0,0,0,0
2047,18316332349,Authentication,105,34,-18,920,0,11,0,0,0,0,0,0,720,0
2048,18316337427,Authentication,105,34,-17,920,0,11,0,0,1,0,0,0,720,0
2049,18316342350,Authentication,105,34,-17,920,0,11,0,0,1,0,0,0,720,0
2050,18316347480,Authentication,105,34,-17,920,0,11,0,0,1,0,0,0,720,0
2051,18316369170,Authentication,166,34,-56,920,0,11,0,0,0,0,0,0,0,0
2052,18316411154,Authentication,166,34,-56,920,0,11,0,0,0,0,0,0,0,0
2053,18316467475,Authentication,166,34,-56,920,0,11,0,0,0,0,0,0,0,0
2054,18316472166,Authentication,166,34,-17,920,0,11,0,0,0,0,0,0,720,0
2055,18316478677,Authentication,166,34,-17,920,0,11,0,0,1,0,0,0,720,0
2056,18316485240,Authentication,166,34,-17,920,0,11,0,0,1,0,0,0,720,0
2057,18316492271,Data,243,34,-17,920,2,0,0,0,0,0,0,1,0,0
2058,18316499521,Data,263,34,-16,920,2,0,0,0,0,0,0,1,0,0
2059,18316506670,Authentication,166,34,-16,920,0,11,0,0,1,0,0,0,720,0
2060,18316533010,Authentication,166,34,-56,920,0,11,0,0,0,0,0,0,0,0
2061,18316565777,Authentication,166,34,-57,920,0,11,0,0,0,0,0,0,0,0
2062,18316631313,Authentication,166,34,-56,920,0,11,0,0,0,0,0,0,0,0
2063,18316683535,Authentication,166,34,-55,920,0,11,0,0,0,0,0,0,0,0
2064,18316729617,Authentication,166,34,-56,920,0,11,0,0,0,0,0,0,0,0
2065,18316749206,Authentication,166,34,-17,920,0,11,0,0,0,0,0,0,720,0
2066,18316755820,Authentication,166,34,-18,920,0,11,0,0,1,0,0,0,720,0
2067,18316762487,Authentication,166,34,-18,920,0,11,0,0,1,0,0,0,720,0
2068,18316768998,Authentication,166,34,-16,920,0,11,0,0,1,0,0,0,720,0
2069,18316841231,Authentication,166,34,-55,920,0,11,0,0,0,0,0,0,0,0
2070,18316893455,Authentication,166,34,-57,920,0,11,0,0,0,0,0,0,0,0
2071,18316958991,Authentication,201,34,-56,920,0,11,0,0,0,0,0,0,0,0
2072,18316968233,Authentication,201,34,-56,920,0,11,0,0,0,0,0,0,0,0
2073,18316978395,Authentication,201,34,-56,920,0,11,0,0,0,0,0,0,0,0
2074,18316984223,S1G Beacon,129,34,-18,920,3,1,,,,,,,0,0
2075,18316987809,Authentication,166,34,-17,920,0,11,0,0,0,0,0,0,720,0
2076,18316992967,Authentication,166,34,-18,920,0,11,0,0,1,0,0,0,720,0
2077,18316998335,Authentication,166,34,-18,920,0,11,0,0,1,0,0,0,720,0
2078,18317005367,Data,287,34,-18,920,2,0,0,0,0,0,0,1,0,0
2079,18317013154,Authentication,166,34,-16,920,0,11,0,0,1,0,0,0,720,0
2080,18317057295,Authentication,166,34,-56,920,0,11,0,0,0,0,0,0,0,0
2081,18317122830,Authentication,166,34,-56,920,0,11,0,0,0,0,0,0,0,0
2082,18317169211,Authentication,166,34,-17,920,0,11,0,0,0,0,0,0,720,0
2083,18317175671,Authentication,166,34,-17,920,0,11,0,0,1,0,0,0,720,0
2084,18317182441,Authentication,166,34,-18,920,0,11,0,0,1,0,0,0,720,0
2085,18317188954,Authentication,166,34,-18,920,0,11,0,0,1,0,0,0,720,0
2086,18317217192,QoS Data,149,34,-15,920,2,8,1,0,0,0,0,1,720,0
2088,18317227645,QoS Data,149,34,-24,920,2,8,0,0,1,0,0,1,720,0
2092,18317256431,QoS Data,128,34,-16,920,2,8,1,0,0,0,0,1,720,0
2095,18317286669,Authentication,166,34,-56,920,0,11,0,0,0,0,0,0,0,0
2096,18317319437,Authentication,166,34,-56,920,0,11,0,0,0,0,0,0,0,0
2097,18317384972,Authentication,166,34,-56,920,0,11,0,0,0,0,0,0,0,0
2098,18317435146,Authentication,166,34,-56,920,0,11,0,0,0,0,0,0,0,0
2099,18317442956,Authentication,166,34,-17,920,0,11,0,0,0,0,0,0,720,0
2100,18317449570,Authentication,166,34,-18,920,0,11,0,0,1,0,0,0,720,0
2101,18317456081,Authentication,166,34,-18,920,0,11,0,0,1,0,0,0,720,0
2102,18317462802,Authentication,166,34,-17,920,0,11,0,0,1,0,0,0,720,0
2103,18317483276,Authentication,166,34,-55,920,0,11,0,0,0,0,0,0,0,0
2104,18317495738,Data,263,34,-19,920,2,0,0,0,0,0,0,1,0,0
2105,18317548811,Authentication,166,34,-55,920,0,11,0,0,0,0,0,0,0,0
2106,18317598985,Authentication,166,34,-57,920,0,11,0,0,0,0,0,0,0,0
2107,18317647115,Authentication,166,34,-57,920,0,11,0,0,0,0,0,0,0,0
2108,18317652374,Authentication,166,34,-17,920,0,11,0,0,0,0,0,0,720,0
2109,18317659096,Authentication,166,34,-17,920,0,11,0,0,1,0,0,0,720,0
2110,18317665710,Authentication,166,34,-18,920,0,11,0,0,1,0,0,0,720,0
2111,18317672168,Authentication,166,34,-17,920,0,11,0,0,1,0,0,0,720,0
2112,18317712650,Authentication,166,34,-56,920,0,11,0,0,0,0,0,0,0,0
2113,18317754633,Authentication,166,34,-57,920,0,11,0,0,0,0,0,0,0,0
2114,18317798380,S1G Beacon,61,34,-16,920,3,1,,,,,,,0,0
2115,18317810953,Authentication,166,34,-57,920,0,11,0,0,0,0,0,0,0,0
2116,18317876489,Authentication,166,34,-57,920,0,11,0,0,0,0,0,0,0,0
2117,18317909257,Authentication,166,34,-56,920,0,11,0,0,0,0,0,0,0,0
2118,18317913844,Authentication,166,34,-18,920,0,11,0,0,0,0,0,0,720,0
2119,18317920513,Authentication,166,34,-18,920,0,11,0,0,1,0,0,0,720,0
2120,18317926919,Authentication,166,34,-17,920,0,11,0,0,1,0,0,0,720,0
2121,18317974792,Authentication,166,34,-56,920,0,11,0,0,0,0,0,0,0,0
2122,18318029061,Authentication,166,34,-57,920,0,11,0,0,0,0,0,0,0,0
2123,18318073097,Authentication,166,34,-56,920,0,11,0,0,0,0,0,0,0,0
2125,18318089055,Authentication,105,34,-16,920,0,11,0,0,0,0,0,0,720,0
2126,18318092887,Authentication,105,34,-17,920,0,11,0,0,1,0,0,0,720,0
2127,18318097707,Authentication,105,34,-17,920,0,11,0,0,1,0,0,0,720,0
2128,18318102785,Authentication,105,34,-17,920,0,11,0,0,1,0,0,0,720,0
2129,18318138632,Authentication,166,34,-56,920,0,11,0,0,0,0,0,0,0,0
2130,18318171399,Authentication,166,34,-56,920,0,11,0,0,0,0,0,0,0,0
2131,18318233029,Authentication,166,34,-18,920,0,11,0,0,0,0,0,0,720,0
2132,18318239646,Authentication,166,34,-18,920,0,11,0,0,1,0,0,0,720,0
2133,18318246107,Authentication,166,34,-17,920,0,11,0,0,1,0,0,0,720,0
2134,18318252721,Authentication,166,34,-18,920,0,11,0,0,1,0,0,0,720,0
2135,18318295299,Authentication,166,34,-56,920,0,11,0,0,0,0,0,0,0,0
2136,18318335238,Authentication,166,34,-57,920,0,11,0,0,0,0,0,0,0,0
2137,18318400773,Authentication,166,34,-56,920,0,11,0,0,0,0,0,0,0,0
2138,18318437637,Authentication,166,34,-56,920,0,11,0,0,0,0,0,0,0,0
2139,18318442223,Authentication,105,34,-18,920,0,11,0,0,0,0,0,0,720,0
2140,18318446989,Authentication,105,34,-18,920,0,11,0,0,1,0,0,0,720,0
2141,18318451860,Authentication,105,34,-16,920,0,11,0,0,1,0,0,0,720,0
2142,18318456680,Authentication,105,34,-16,920,0,11,0,0,1,0,0,0,720,0
2143,18318486604,Data,258,34,-17,920,2,0,0,0,0,0,0,1,0,0
2144,18318494257,Data,278,34,-18,920,2,0,0,0,0,0,0,1,0,0
2145,18318559490,Authentication,166,34,-57,920,0,11,0,0,0,0,0,0,0,0
2146,18318589287,Authentication,166,34,-18,920,0,11,0,0,0,0,0,0,720,0
2147,18318595904,Authentication,166,34,-17,920,0,11,0,0,1,0,0,0,720,0
2148,18318602520,Authentication,166,34,-17,920,0,11,0,0,1,0,0,0,720,0
2149,18318609187,Authentication,166,34,-18,920,0,11,0,0,1,0,0,0,720,0
2150,18318623149,S1G Beacon,129,34,-18,920,3,1,,,,,,,0,0
2151,18318662916,Authentication,166,34,-56,920,0,11,0,0,0,0,0,0,0,0
2152,18318698756,Authentication,166,34,-56,920,0,11,0,0,0,0,0,0,0,0
2153,18318713090,Authentication,201,34,-55,920,0,11,0,0,0,0,0,0,0,0
2154,18318723328,Authentication,201,34,-55,920,0,11,0,0,0,0,0,0,0,0
2155,18318761219,Authentication,166,34,-57,920,0,11,0,0,0,0,0,0,0,0
2156,18318793163,Authentication,105,34,-17,920,0,11,0,0,0,0,0,0,720,0
2157,18318798085,Authentication,105,34,-19,920,0,11,0,0,1,0,0,0,720,0
2158,18318803322,Authentication,105,34,-17,920,0,11,0,0,1,0,0,0,720,0
2159,18318808349,Authentication,105,34,-17,920,0,11,0,0,1,0,0,0,720,0
2160,18318819584,Authentication,166,34,-57,920,0,11,0,0,0,0,0,0,0,0
2161,18318859522,Authentication,166,34,-56,920,0,11,0,0,0,0,0,0,0,0
2162,18318925058,Authentication,166,34,-56,920,0,11,0,0,0,0,0,0,0,0
2163,18318939264,Authentication,166,34,-19,920,0,11,0,0,0,0,0,0,720,0
2164,18318946036,Authentication,166,34,-18,920,0,11,0,0,1,0,0,0,720,0
2165,18318951144,Authentication,166,34,-18,920,0,11,0,0,1,0,0,0,720,0
2166,18318957826,Authentication,166,34,-55,920,0,11,0,0,0,0,0,0,0,0
2167,18318962338,Authentication,166,34,-18,920,0,11,0,0,1,0,0,0,720,0
2168,18319023362,Authentication,166,34,-57,920,0,11,0,0,0,0,0,0,0,0
2169,18319056129,Authentication,201,34,-57,920,0,11,0,0,0,0,0,0,0,0
2170,18319062272,Authentication,201,34,-56,920,0,11,0,0,0,0,0,0,0,0
2171,18319073535,Authentication,201,34,-57,920,0,11,0,0,0,0,0,0,0,0
2172,18319079678,Authentication,201,34,-57,920,0,11,0,0,0,0,0,0,0,0
2173,18319121665,Authentication,166,34,-56,920,0,11,0,0,0,0,0,0,0,0
2174,18319187201,Authentication,166,34,-56,920,0,11,0,0,0,0,0,0,0,0
2175,18319199200,Authentication,166,34,-18,920,0,11,0,0,0,0,0,0,720,0
2176,18319204618,Authentication,166,34,-18,920,0,11,0,0,1,0,0,0,720,0
2177,18319211026,Authentication,166,34,-18,920,0,11,0,0,1,0,0,0,720,0
2178,18319218265,Authentication,166,34,-18,920,0,11,0,0,1,0,0,0,720,0
2179,18319247612,Authentication,166,34,-57,920,0,11,0,0,0,0,0,0,0,0
2180,18319285504,Authentication,166,34,-55,920,0,11,0,0,0,0,0,0,0,0
2181,18319351040,Authentication,166,34,-56,920,0,11,0,0,0,0,0,0,0,0
2182,18319383807,Authentication,166,34,-57,920,0,11,0,0,0,0,0,0,0,0
2183,18319416575,Authentication,201,34,-56,920,0,11,0,0,0,0,0,0,0,0
2184,18319424473,Authentication,166,34,-19,920,0,11,0,0,0,0,0,0,720,0
2185,18319431933,Authentication,201,34,-58,920,0,11,0,0,0,0,0,0,0,0
2186,18319437412,S1G Beacon,61,34,-18,920,3,1,,,,,,,0,0
2187,18319439463,Authentication,166,34,-17,920,0,11,0,0,1,0,0,0,720,0
2188,18319445975,Authentication,166,34,-18,920,0,11,0,0,1,0,0,0,720,0
2189,18319453942,Authentication,166,34,-20,920,0,11,0,0,1,0,0,0,720,0
2190,18319486557,Data,258,34,-18,920,2,0,0,0,0,0,0,1,0,0
2191,18319494208,Data,278,34,-18,920,2,0,0,0,0,0,0,1,0,0
2192,18319613182,Authentication,166,34,-57,920,0,11,0,0,0,0,0,0,0,0
2193,18319620627,Authentication,105,34,-19,920,0,11,0,0,0,0,0,0,720,0
2194,18319625655,Authentication,105,34,-18,920,0,11,0,0,1,0,0,0,720,0
2195,18319630474,Authentication,105,34,-18,920,0,11,0,0,1,0,0,0,720,0
2196,18319635604,Authentication,105,34,-19,920,0,11,0,0,1,0,0,0,720,0
2197,18319659260,Authentication,166,34,-56,920,0,11,0,0,0,0,0,0,0,0
2198,18319711486,Authentication,166,34,-57,920,0,11,0,0,0,0,0,0,0,0
2199,18319769220,Authentication,166,34,-18,920,0,11,0,0,0,0,0,0,720,0
2200,18319775523,Authentication,166,34,-19,920,0,11,0,0,1,0,0,0,720,0
2201,18319782138,Authentication,166,34,-20,920,0,11,0,0,1,0,0,0,720,0
2202,18319788798,Authentication,166,34,-19,920,0,11,0,0,1,0,0,0,720,0
2203,18319875324,Authentication,166,34,-56,920,0,11,0,0,0,0,0,0,0,0
2204,18319940860,Authentication,166,34,-56,920,0,11,0,0,0,0,0,0,0,0
2205,18319959228,Authentication,166,34,-18,920,0,11,0,0,0,0,0,0,720,0
2206,18319964649,Authentication,166,34,-18,920,0,11,0,0,1,0,0,0,720,0
2207,18319971576,Authentication,166,34,-18,920,0,11,0,0,1,0,0,0,720,0
2208,18319978243,Authentication,166,34,-18,920,0,11,0,0,1,0,0,0,720,0
2209,18319987963,Authentication,166,34,-58,920,0,11,0,0,0,0,0,0,0,0
2210,18320023916,Data,287,34,-17,920,2,0,0,0,0,0,0,1,0,0
2211,18320039163,Authentication,166,34,-57,920,0,11,0,0,0,0,0,0,0,0
2212,18320104699,Authentication,166,34,-58,920,0,11,0,0,0,0,0,0,0,0
2213,18320133087,Authentication,166,34,-18,920,0,11,0,0,0,0,0,0,720,0
2214,18320139287,Authentication,166,34,-18,920,0,11,0,0,1,0,0,0,720,0
2215,18320145956,Authentication,166,34,-19,920,0,11,0,0,1,0,0,0,720,0
2216,18320153354,Authentication,166,34,-18,920,0,11,0,0,1,0,0,0,720,0
2217,18320203003,Authentication,166,34,-56,920,0,11,0,0,0,0,0,0,0,0
2218,18320235770,Authentication,201,34,-56,920,0,11,0,0,0,0,0,0,0,0
2219,18320256459,S1G Beacon,129,34,-19,920,3,1,,,,,,,0,0
2220,18320264438,Authentication,201,34,-57,920,0,11,0,0,0,0,0,0,0,0
2221,18320273680,Authentication,201,34,-57,920,0,11,0,0,0,0,0,0,0,0
2222,18320301306,Authentication,166,34,-57,920,0,11,0,0,0,0,0,0,0,0
2223,18320366841,Authentication,166,34,-56,920,0,11,0,0,0,0,0,0,0,0
2224,18320399153,Authentication,166,34,-17,920,0,11,0,0,0,0,0,0,720,0
2225,18320405560,Authentication,166,34,-17,920,0,11,0,0,1,0,0,0,720,0
2226,18320411966,Authentication,166,34,-18,920,0,11,0,0,1,0,0,0,720,0
2227,18320417437,Authentication,166,34,-17,920,0,11,0,0,1,0,0,0,720,0
2228,18320465144,Authentication,166,34,-58,920,0,11,0,0,0,0,0,0,0,0
2229,18320486580,Data,243,34,-17,920,2,0,0,0,0,0,0,1,0,0
2230,18320493830,Data,263,34,-17,920,2,0,0,0,0,0,0,1,0,0
2231,18320501599,Data,378,34,-17,920,2,0,0,0,0,0,0,1,0,0
2232,18320530680,Authentication,166,34,-57,920,0,11,0,0,0,0,0,0,0,0
2233,18320582902,Authentication,166,34,-56,920,0,11,0,0,0,0,0,0,0,0
2234,18320599188,Authentication,166,34,-18,920,0,11,0,0,0,0,0,0,720,0
2235,18320606218,Data,387,34,-17,920,2,0,0,0,0,0,0,1,0,0
2236,18320616686,Authentication,166,34,-17,920,0,11,0,0,1,0,0,0,720,0
2237,18320623352,Authentication,166,34,-18,920,0,11,0,0,1,0,0,0,720,0
2238,18320628983,Authentication,166,34,-56,920,0,11,0,0,0,0,0,0,0,0
2239,18320633569,Authentication,166,34,-18,920,0,11,0,0,1,0,0,0,720,0
2240,18320694519,Authentication,166,34,-57,920,0,11,0,0,0,0,0,0,0,0
2241,18320704190,Data,450,34,-18,920,2,0,0,0,0,0,0,1,0,0
2242,18320754419,Authentication,166,34,-57,920,0,11,0,0,0,0,0,0,0,0
2243,18320799179,Authentication,166,34,-17,920,0,11,0,0,0,0,0,0,720,0
2244,18320805845,Authentication,166,34,-18,920,0,11,0,0,1,0,0,0,720,0
2245,18320812878,Data,442,34,-17,920,2,0,0,0,0,0,0,1,0,0
2246,18320824825,Authentication,166,34,-18,920,0,11,0,0,1,0,0,0,720,0
2247,18320831234,Authentication,166,34,-19,920,0,11,0,0,1,0,0,0,720,0
2248,18320858359,Authentication,166,34,-56,920,0,11,0,0,0,0,0,0,0,0
2249,18320911989,Data,387,34,-17,920,2,0,0,0,0,0,0,1,0,0
2250,18320923893,Authentication,166,34,-57,920,0,11,0,0,0,0,0,0,0,0
2251,18320956662,Authentication,166,34,-56,920,0,11,0,0,0,0,0,0,0,0
2252,18321019281,Authentication,166,34,-17,920,0,11,0,0,0,0,0,0,720,0
2253,18321026696,Data,426,34,-19,920,2,0,0,0,0,0,0,1,0,0
2254,18321038516,Authentication,166,34,-19,920,0,11,0,0,1,0,0,0,720,0
2255,18321044974,Authentication,166,34,-19,920,0,11,0,0,1,0,0,0,720,0
2256,18321075193,S1G Beacon,61,34,-19,920,3,1,,,,,,,0,0
2257,18321087733,Authentication,166,34,-57,920,0,11,0,0,0,0,0,0,0,0
2258,18321119968,Data,458,34,-18,920,2,0,0,0,0,0,0,1,0,0
2259,18321186035,Authentication,166,34,-56,920,0,11,0,0,0,0,0,0,0,0
2260,18321223953,Data,387,34,-17,920,2,0,0,0,0,0,0,1,0,0
2261,18321234733,Authentication,166,34,-18,920,0,11,0,0,0,0,0,0,720,0
2262,18321241244,Authentication,166,34,-19,920,0,11,0,0,1,0,0,0,720,0
2263,18321248952,Authentication,166,34,-20,920,0,11,0,0,1,0,0,0,720,0
2264,18321255360,Authentication,166,34,-18,920,0,11,0,0,1,0,0,0,720,0
2265,18321284340,Authentication,166,34,-56,920,0,11,0,0,0,0,0,0,0,0
2266,18321327916,Data,446,34,-18,920,2,0,0,0,0,0,0,1,0,0
2267,18321385715,Authentication,166,34,-57,920,0,11,0,0,0,0,0,0,0,0
2268,18321432006,Data,440,34,-18,920,2,0,0,0,0,0,0,1,0,0
2269,18321448179,Authentication,166,34,-56,920,0,11,0,0,0,0,0,0,0,0
2270,18321479130,Authentication,166,34,-19,920,0,11,0,0,0,0,0,0,720,0
2271,18321485538,Authentication,166,34,-19,920,0,11,0,0,1,0,0,0,720,0
2272,18321492568,Data,243,34,-18,920,2,0,0,0,0,0,0,1,0,0
2273,18321499820,Data,263,34,-19,920,2,0,0,0,0,0,0,1,0,0
2274,18321506966,Authentication,166,34,-18,920,0,11,0,0,1,0,0,0,720,0
2275,18321513687,Authentication,166,34,-18,920,0,11,0,0,1,0,0,0,720,0
2276,18321536125,Data,387,34,-18,920,2,0,0,0,0,0,0,1,0,0
2277,18321558768,Authentication,166,34,-59,920,0,11,0,0,0,0,0,0,0,0
2278,18321612017,Authentication,166,34,-57,920,0,11,0,0,0,0,0,0,0,0
2279,18321639896,Data,442,34,-18,920,2,0,0,0,0,0,0,1,0,0
2280,18321676525,Authentication,166,34,-56,920,0,11,0,0,0,0,0,0,0,0
2281,18321712369,Authentication,166,34,-56,920,0,11,0,0,0,0,0,0,0,0
2282,18321742903,Authentication,166,34,-18,920,0,11,0,0,0,0,0,0,720,0
2283,18321751022,Data,452,34,-18,920,2,0,0,0,0,0,0,1,0,0
2284,18321763211,Authentication,166,34,-18,920,0,11,0,0,1,0,0,0,720,0
2285,18321769878,Authentication,166,34,-18,920,0,11,0,0,1,0,0,0,720,0
2286,18321775857,Authentication,166,34,-56,920,0,11,0,0,0,0,0,0,0,0
2287,18321780804,Authentication,166,34,-19,920,0,11,0,0,1,0,0,0,720,0
2288,18321841392,Authentication,166,34,-58,920,0,11,0,0,0,0,0,0,0,0
2289,18321888494,Authentication,166,34,-57,920,0,11,0,0,0,0,0,0,0,0
2290,18321894397,S1G Beacon,129,34,-17,920,3,1,,,,,,,0,0
2291,18321939695,Authentication,166,34,-56,920,0,11,0,0,0,0,0,0,0,0
2292,18321944957,Authentication,166,34,-18,920,0,11,0,0,0,0,0,0,720,0
2293,18321951364,Authentication,166,34,-18,920,0,11,0,0,1,0,0,0,720,0
2294,18321956681,Authentication,166,34,-18,920,0,11,0,0,1,0,0,0,720,0
2295,18321963243,Authentication,166,34,-19,920,0,11,0,0,1,0,0,0,720,0
2296,18322005231,Authentication,166,34,-56,920,0,11,0,0,0,0,0,0,0,0
2298,18322103534,Authentication,166,34,-56,920,0,11,0,0,0,0,0,0,0,0
2299,18322144100,Authentication,105,34,-18,920,0,11,0,0,0,0,0,0,720,0
2300,18322149233,Authentication,105,34,-18,920,0,11,0,0,1,0,0,0,720,0
2301,18322154313,Authentication,105,34,-19,920,0,11,0,0,1,0,0,0,720,0
2302,18322159444,Authentication,105,34,-19,920,0,11,0,0,1,0,0,0,720,0
2303,18322169069,Authentication,166,34,-57,920,0,11,0,0,0,0,0,0,0,0
2304,18322207980,Authentication,166,34,-59,920,0,11,0,0,0,0,0,0,0,0
2305,18322248706,QoS Data,149,34,-17,920,2,8,1,0,0,0,0,1,720,0
2309,18322260083,QoS Data,131,34,-27,920,2,8,0,0,0,0,0,1,720,0
2311,18322267373,Authentication,166,34,-57,920,0,11,0,0,0,0,0,0,0,0
2312,18322289182,Authentication,166,34,-19,920,0,11,0,0,0,0,0,0,720,0
2313,18322295589,Authentication,166,34,-17,920,0,11,0,0,1,0,0,0,720,0
2314,18322302621,Authentication,166,34,-18,920,0,11,0,0,1,0,0,0,720,0
2315,18322309130,Authentication,166,34,-19,920,0,11,0,0,1,0,0,0,720,0
2316,18322332909,Authentication,166,34,-58,920,0,11,0,0,0,0,0,0,0,0
2317,18322365677,Authentication,166,34,-57,920,0,11,0,0,0,0,0,0,0,0
2318,18322431212,Authentication,166,34,-57,920,0,11,0,0,0,0,0,0,0,0
2319,18322485481,Authentication,166,34,-56,920,0,11,0,0,0,0,0,0,0,0
2320,18322490691,Data,312,34,-18,920,2,0,0,0,0,0,0,1,0,0
2321,18322499784,Data,332,34,-18,920,2,0,0,0,0,0,0,1,0,0
2322,18322508772,Authentication,105,34,-17,920,0,11,0,0,0,0,0,0,720,0
2323,18322513271,QoS Data,128,34,-16,920,2,8,1,0,0,0,0,1,720,0
2324,18322515089,Authentication,105,34,-17,920,0,11,0,0,1,0,0,0,720,0
2325,18322519172,QoS Data,128,34,-17,920,2,8,1,0,1,0,0,1,720,0
2327,18322521831,Authentication,105,34,-18,920,0,11,0,0,1,0,0,0,720,0
2329,18322528854,Authentication,105,34,-18,920,0,11,0,0,1,0,0,0,720,0
2330,18322595051,Authentication,166,34,-56,920,0,11,0,0,0,0,0,0,0,0
2331,18322638900,Authentication,166,34,-19,920,0,11,0,0,0,0,0,0,720,0
2332,18322644371,Authentication,166,34,-18,920,0,11,0,0,1,0,0,0,720,0
2333,18322650935,Authentication,166,34,-17,920,0,11,0,0,1,0,0,0,720,0
2334,18322656487,Authentication,166,34,-57,920,0,11,0,0,0,0,0,0,0,0
2335,18322661335,Authentication,166,34,-17,920,0,11,0,0,1,0,0,0,720,0
2336,18322693354,Authentication,166,34,-57,920,0,11,0,0,0,0,0,0,0,0
2337,18322713600,S1G Beacon,61,34,-18,920,3,1,,,,,,,0,0
2338,18322758890,Authentication,166,34,-57,920,0,11,0,0,0,0,0,0,0,0
2339,18322770153,Authentication,201,34,-59,920,0,11,0,0,0,0,0,0,0,0
2340,18322785510,Authentication,201,34,-57,920,0,11,0,0,0,0,0,0,0,0
2341,18322791658,Authentication,201,34,-57,920,0,11,0,0,0,0,0,0,0,0
2342,18322818278,Authentication,166,34,-57,920,0,11,0,0,0,0,0,0,0,0
2343,18322839090,Authentication,166,34,-18,920,0,11,0,0,0,0,0,0,720,0
2344,18322844563,Authentication,166,34,-17,920,0,11,0,0,1,0,0,0,720,0
2345,18322851126,Authentication,166,34,-18,920,0,11,0,0,1,0,0,0,720,0
2346,18322857194,Authentication,166,34,-56,920,0,11,0,0,0,0,0,0,0,0
2347,18322922729,Authentication,166,34,-57,920,0,11,0,0,0,0,0,0,0,0
2348,18322955496,Authentication,166,34,-56,920,0,11,0,0,0,0,0,0,0,0
2349,18323021032,Authentication,166,34,-56,920,0,11,0,0,0,0,0,0,0,0
2350,18323049699,Data,287,34,-19,920,2,0,0,0,0,0,0,1,0,0
2351,18323057489,Authentication,105,34,-17,920,0,11,0,0,0,0,0,0,720,0
2352,18323062570,Authentication,105,34,-18,920,0,11,0,0,1,0,0,0,720,0
2353,18323067797,Authentication,105,34,-18,920,0,11,0,0,1,0,0,0,720,0
2354,18323072670,Authentication,105,34,-17,920,0,11,0,0,1,0,0,0,720,0
2355,18323119335,Authentication,166,34,-57,920,0,11,0,0,0,0,0,0,0,0
2356,18323127527,Authentication,201,34,-56,920,0,11,0,0,0,0,0,0,0,0
2357,18323140837,Authentication,201,34,-59,920,0,11,0,0,0,0,0,0,0,0
2358,18323150051,Authentication,201,34,-58,920,0,11,0,0,0,0,0,0,0,0
2359,18323184871,Authentication,166,34,-56,920,0,11,0,0,0,0,0,0,0,0
2360,18323199162,Authentication,166,34,-18,920,0,11,0,0,0,0,0,0,720,0
2361,18323205619,Authentication,166,34,-17,920,0,11,0,0,1,0,0,0,720,0
2362,18323212236,Authentication,166,34,-18,920,0,11,0,0,1,0,0,0,720,0
2363,18323217638,Authentication,166,34,-56,920,0,11,0,0,0,0,0,0,0,0
2364,18323222744,Authentication,166,34,-18,920,0,11,0,0,1,0,0,0,720,0
2365,18323283175,Authentication,166,34,-57,920,0,11,0,0,0,0,0,0,0,0
2366,18323322085,Authentication,166,34,-58,920,0,11,0,0,0,0,0,0,0,0
2367,18323381478,Authentication,166,34,-56,920,0,11,0,0,0,0,0,0,0,0
2368,18323409414,Authentication,166,34,-18,920,0,11,0,0,0,0,0,0,720,0
2369,18323415822,Authentication,166,34,-19,920,0,11,0,0,1,0,0,0,720,0
2370,18323422334,Authentication,166,34,-19,920,0,11,0,0,1,0,0,0,720,0
2371,18323428740,Authentication,166,34,-18,920,0,11,0,0,1,0,0,0,720,0
2372,18323447014,Authentication,166,34,-56,920,0,11,0,0,0,0,0,0,0,0
2373,18323483878,Authentication,166,34,-57,920,0,11,0,0,0,0,0,0,0,0
2374,18323489089,Data,243,34,-18,920,2,0,0,0,0,0,0,1,0,0
2375,18323496339,Data,263,34,-20,920,2,0,0,0,0,0,0,1,0,0
2376,18323598561,Authentication,166,34,-57,920,0,11,0,0,0,0,0,0,0,0
2377,18323609337,Authentication,166,34,-20,920,0,11,0,0,0,0,0,0,720,0
2378,18323616007,Authentication,166,34,-18,920,0,11,0,0,1,0,0,0,720,0
2379,18323622568,Authentication,166,34,-19,920,0,11,0,0,1,0,0,0,720,0
2380,18323629184,Authentication,166,34,-19,920,0,11,0,0,1,0,0,0,720,0
2381,18323643620,Authentication,166,34,-58,920,0,11,0,0,0,0,0,0,0,0
2382,18323676388,Authentication,201,34,-58,920,0,11,0,0,0,0,0,0,0,0
2383,18323686550,Authentication,201,34,-56,920,0,11,0,0,0,0,0,0,0,0
2384,18323704033,Authentication,201,34,-58,920,0,11,0,0,0,0,0,0,0,0
2385,18323751138,Authentication,166,34,-57,920,0,11,0,0,0,0,0,0,0,0
2386,18323807459,Authentication,166,34,-56,920,0,11,0,0,0,0,0,0,0,0
2387,18323872994,Authentication,166,34,-57,920,0,11,0,0,0,0,0,0,0,0
2388,18323878259,Authentication,166,34,-18,920,0,11,0,0,0,0,0,0,720,0
2389,18323883886,Authentication,166,34,-19,920,0,11,0,0,1,0,0,0,720,0
2390,18323890605,Authentication,166,34,-19,920,0,11,0,0,1,0,0,0,720,0
2391,18323897274,Authentication,166,34,-18,920,0,11,0,0,1,0,0,0,720,0
2392,18323905762,Authentication,166,34,-56,920,0,11,0,0,0,0,0,0,0,0
2393,18323971298,Authentication,166,34,-56,920,0,11,0,0,0,0,0,0,0,0
2394,18324028639,Authentication,166,34,-57,920,0,11,0,0,0,0,0,0,0,0
2395,18324069601,Authentication,166,34,-56,920,0,11,0,0,0,0,0,0,0,0
2396,18324079200,Authentication,166,34,-18,920,0,11,0,0,0,0,0,0,720,0
2397,18324085606,Authentication,166,34,-19,920,0,11,0,0,1,0,0,0,720,0
2398,18324092220,Authentication,166,34,-19,920,0,11,0,0,1,0,0,0,720,0
2399,18324098733,Authentication,166,34,-18,920,0,11,0,0,1,0,0,0,720,0
2400,18324135137,Authentication,166,34,-58,920,0,11,0,0,0,0,0,0,0,0
2401,18324183263,Authentication,166,34,-57,920,0,11,0,0,0,0,0,0,0,0
2402,18324233441,Authentication,166,34,-56,920,0,11,0,0,0,0,0,0,0,0
2403,18324279164,Authentication,166,34,-19,920,0,11,0,0,0,0,0,0,720,0
2404,18324285625,Authentication,166,34,-19,920,0,11,0,0,1,0,0,0,720,0
2405,18324292085,Authentication,166,34,-20,920,0,11,0,0,1,0,0,0,720,0
2406,18324297948,Authentication,166,34,-56,920,0,11,0,0,0,0,0,0,0,0
2407,18324302590,Authentication,166,34,-20,920,0,11,0,0,1,0,0,0,720,0
2408,18324333792,Authentication,166,34,-57,920,0,11,0,0,0,0,0,0,0,0
2409,18324352005,S1G Beacon,61,34,-19,920,3,1,,,,,,,0,0
2410,18324397280,Authentication,166,34,-57,920,0,11,0,0,0,0,0,0,0,0
2411,18324462815,Authentication,166,34,-57,920,0,11,0,0,0,0,0,0,0,0
2412,18324487059,Data,243,34,-18,920,2,0,0,0,0,0,0,1,0,0
2413,18324494311,Data,263,34,-18,920,2,0,0,0,0,0,0,1,0,0
2414,18324501510,Authentication,166,34,-18,920,0,11,0,0,0,0,0,0,720,0
2415,18324508177,Authentication,166,34,-18,920,0,11,0,0,1,0,0,0,720,0
2416,18324514741,Authentication,166,34,-19,920,0,11,0,0,1,0,0,0,720,0
2417,18324521458,Authentication,166,34,-19,920,0,11,0,0,1,0,0,0,720,0
2418,18324561118,Authentication,166,34,-57,920,0,11,0,0,0,0,0,0,0,0
2419,18324596958,Authentication,166,34,-57,920,0,11,0,0,0,0,0,0,0,0
2420,18324659421,Authentication,166,34,-56,920,0,11,0,0,0,0,0,0,0,0
2421,18324709114,Authentication,166,34,-19,920,0,11,0,0,0,0,0,0,720,0
2422,18324715885,Authentication,166,34,-19,920,0,11,0,0,1,0,0,0,720,0
2423,18324722395,Authentication,166,34,-20,920,0,11,0,0,1,0,0,0,720,0
2424,18324729584,Authentication,166,34,-20,920,0,11,0,0,1,0,0,0,720,0
2425,18324757725,Authentication,166,34,-56,920,0,11,0,0,0,0,0,0,0,0
2426,18324823261,Authentication,166,34,-57,920,0,11,0,0,0,0,0,0,0,0
2427,18324882650,Authentication,166,34,-56,920,0,11,0,0,0,0,0,0,0,0
2428,18324905863,Authentication,166,34,-20,920,0,11,0,0,1,0,0,0,720,0
2429,18324912480,Authentication,166,34,-21,920,0,11,0,0,1,0,0,0,720,0
2430,18324919200,Authentication,166,34,-19,920,0,11,0,0,1,0,0,0,720,0
2431,18324987099,Authentication,166,34,-56,920,0,11,0,0,0,0,0,0,0,0
2432,18325033177,Authentication,166,34,-57,920,0,11,0,0,0,0,0,0,0,0
2433,18325085403,Authentication,166,34,-57,920,0,11,0,0,0,0,0,0,0,0
2434,18325159218,Authentication,166,34,-19,920,0,11,0,0,0,0,0,0,720,0
2435,18325165885,Authentication,166,34,-18,920,0,11,0,0,1,0,0,0,720,0
2436,18325171418,S1G Beacon,129,34,-17,920,3,1,,,,,,,0,0
2437,18325175057,Authentication,166,34,-16,920,0,11,0,0,1,0,0,0,720,0
2438,18325181673,Authentication,166,34,-17,920,0,11,0,0,1,0,0,0,720,0
2439,18325249242,Authentication,166,34,-57,920,0,11,0,0,0,0,0,0,0,0
2440,18325302486,Authentication,166,34,-57,920,0,11,0,0,0,0,0,0,0,0
2441,18325347545,Authentication,166,34,-56,920,0,11,0,0,0,0,0,0,0,0
2442,18325379140,Authentication,166,34,-16,920,0,11,0,0,0,0,0,0,720,0
2443,18325385857,Authentication,166,34,-18,920,0,11,0,0,1,0,0,0,720,0
2444,18325392474,Authentication,166,34,-18,920,0,11,0,0,1,0,0,0,720,0
2445,18325399192,Authentication,166,34,-16,920,0,11,0,0,1,0,0,0,720,0
2446,18325413081,Authentication,166,34,-56,920,0,11,0,0,0,0,0,0,0,0
2447,18325457112,Authentication,166,34,-56,920,0,11,0,0,0,0,0,0,0,0
2448,18325486571,Data,258,34,-16,920,2,0,0,0,0,0,0,1,0,0
2449,18325494221,Data,278,34,-18,920,2,0,0,0,0,0,0,1,0,0
2450,18325511385,Authentication,166,34,-56,920,0,11,0,0,0,0,0,0,0,0
2451,18325576920,Authentication,166,34,-57,920,0,11,0,0,0,0,0,0,0,0
2452,18325589238,Authentication,166,34,-17,920,0,11,0,0,0,0,0,0,720,0
2453,18325595801,Authentication,166,34,-16,920,0,11,0,0,1,0,0,0,720,0
2454,18325602209,Authentication,166,34,-16,920,0,11,0,0,1,0,0,0,720,0
2455,18325608722,Authentication,166,34,-18,920,0,11,0,0,1,0,0,0,720,0
2457,18325675224,Authentication,166,34,-55,920,0,11,0,0,0,0,0,0,0,0
2458,18325727445,Authentication,166,34,-56,920,0,11,0,0,0,0,0,0,0,0
2459,18325789242,Authentication,166,34,-18,920,0,11,0,0,0,0,0,0,720,0
2460,18325802368,Authentication,166,34,-17,920,0,11,0,0,1,0,0,0,720,0
2461,18325809394,Authentication,166,34,-17,920,0,11,0,0,1,0,0,0,720,0
2462,18325839062,Authentication,166,34,-56,920,0,11,0,0,0,0,0,0,0,0
2463,18325888212,Authentication,166,34,-56,920,0,11,0,0,0,0,0,0,0,0
2464,18325937365,Authentication,166,34,-55,920,0,11,0,0,0,0,0,0,0,0
2465,18325990413,S1G Beacon,61,34,-16,920,3,1,,,,,,,0,0
2466,18325992304,Authentication,166,34,-18,920,0,11,0,0,0,0,0,0,720,0
2467,18325998713,Authentication,166,34,-16,920,0,11,0,0,1,0,0,0,720,0
2468,18326007695,Authentication,166,34,-16,920,0,11,0,0,1,0,0,0,720,0
2469,18326014155,Authentication,166,34,-16,920,0,11,0,0,1,0,0,0,720,0
2470,18326043859,Authentication,166,34,-56,920,0,11,0,0,0,0,0,0,0,0
2471,18326071977,Data,287,34,-17,920,2,0,0,0,0,0,0,1,0,0
2472,18326101205,Authentication,166,34,-56,920,0,11,0,0,0,0,0,0,0,0
2473,18326166740,Authentication,166,34,-57,920,0,11,0,0,0,0,0,0,0,0
2474,18326199508,Authentication,166,34,-57,920,0,11,0,0,0,0,0,0,0,0
2475,18326265043,Authentication,166,34,-56,920,0,11,0,0,0,0,0,0,0,0
2476,18326313169,Authentication,166,34,-57,920,0,11,0,0,0,0,0,0,0,0
2477,18326325869,Authentication,166,34,-17,920,0,11,0,0,0,0,0,0,720,0
2478,18326332587,Authentication,166,34,-18,920,0,11,0,0,1,0,0,0,720,0
2479,18326339358,Authentication,166,34,-17,920,0,11,0,0,1,0,0,0,720,0
2480,18326345764,Authentication,166,34,-19,920,0,11,0,0,1,0,0,0,720,0
2481,18326363347,Authentication,166,34,-56,920,0,11,0,0,0,0,0,0,0,0
2482,18326428882,Authentication,166,34,-56,920,0,11,0,0,0,0,0,0,0,0
2483,18326486937,Data,258,34,-18,920,2,0,0,0,0,0,0,1,0,0
2484,18326494588,Data,278,34,-19,920,2,0,0,0,0,0,0,1,0,0
2485,18326527185,Authentication,166,34,-56,920,0,11,0,0,0,0,0,0,0,0
2486,18326531771,Authentication,166,34,-17,920,0,11,0,0,0,0,0,0,720,0
2487,18326538489,Authentication,166,34,-17,920,0,11,0,0,1,0,0,0,720,0
2488,18326551562,Authentication,166,34,-19,920,0,11,0,0,1,0,0,0,720,0
2489,18326585551,Authentication,166,34,-56,920,0,11,0,0,0,0,0,0,0,0
2490,18326625490,Authentication,166,34,-55,920,0,11,0,0,0,0,0,0,0,0
2491,18326691025,Authentication,166,34,-56,920,0,11,0,0,0,0,0,0,0,0
2492,18326749172,Authentication,166,34,-18,920,0,11,0,0,0,0,0,0,720,0
2493,18326755532,Authentication,166,34,-58,920,0,11,0,0,0,0,0,0,0,0
2494,18326760221,Authentication,166,34,-19,920,0,11,0,0,1,0,0,0,720,0
2495,18326766681,Authentication,166,34,-19,920,0,11,0,0,1,0,0,0,720,0
2496,18326773453,Authentication,166,34,-19,920,0,11,0,0,1,0,0,0,720,0
2497,18326789329,Authentication,166,34,-56,920,0,11,0,0,0,0,0,0,0,0
2498,18326809616,S1G Beacon,129,34,-18,920,3,1,,,,,,,0,0
2499,18326854864,Authentication,166,34,-56,920,0,11,0,0,0,0,0,0,0,0
2500,18326898895,Authentication,166,34,-56,920,0,11,0,0,0,0,0,0,0,0
2501,18326953167,Authentication,166,34,-57,920,0,11,0,0,0,0,0,0,0,0
2502,18326958430,Authentication,166,34,-18,920,0,11,0,0,0,0,0,0,720,0
2503,18326964992,Authentication,166,34,-19,920,0,11,0,0,1,0,0,0,720,0
2504,18326971713,Authentication,166,34,-18,920,0,11,0,0,1,0,0,0,720,0
2505,18326978226,Authentication,166,34,-19,920,0,11,0,0,1,0,0,0,720,0
2506,18327018702,Authentication,166,34,-56,920,0,11,0,0,0,0,0,0,0,0
2507,18327051471,Authentication,166,34,-57,920,0,11,0,0,0,0,0,0,0,0
2508,18327117006,Authentication,166,34,-57,920,0,11,0,0,0,0,0,0,0,0
2509,18327159167,Authentication,166,34,-18,920,0,11,0,0,0,0,0,0,720,0
2510,18327165625,Authentication,166,34,-18,920,0,11,0,0,1,0,0,0,720,0
2511,18327172241,Authentication,166,34,-19,920,0,11,0,0,1,0,0,0,720,0
2512,18327178753,Authentication,166,34,-17,920,0,11,0,0,1,0,0,0,720,0
2513,18327215309,Authentication,166,34,-57,920,0,11,0,0,0,0,0,0,0,0
2514,18327272989,QoS Data,149,34,-16,920,2,8,1,0,0,0,0,1,720,0
2517,18327280844,Authentication,166,34,-57,920,0,11,0,0,0,0,0,0,0,0
2518,18327285952,QoS Data,131,34,-19,920,2,8,1,0,0,0,0,1,720,0
2521,18327323852,Authentication,166,34,-58,920,0,11,0,0,0,0,0,0,0,0
2522,18327379148,Authentication,166,34,-56,920,0,11,0,0,0,0,0,0,0,0
2523,18327392469,Authentication,166,34,-19,920,0,11,0,0,0,0,0,0,720,0
2524,18327399242,Authentication,166,34,-18,920,0,11,0,0,1,0,0,0,720,0
2525,18327405960,Authentication,166,34,-18,920,0,11,0,0,1,0,0,0,720,0
2526,18327412368,Authentication,166,34,-18,920,0,11,0,0,1,0,0,0,720,0
2527,18327444684,Authentication,166,34,-56,920,0,11,0,0,0,0,0,0,0,0
2528,18327477452,Authentication,166,34,-57,920,0,11,0,0,0,0,0,0,0,0
2529,18327486353,Data,243,34,-18,920,2,0,0,0,0,0,0,1,0,0
2530,18327493606,Data,263,34,-18,920,2,0,0,0,0,0,0,1,0,0
2531,18327506795,QoS Data,128,34,-16,920,2,8,1,0,0,0,0,1,720,0
2534,18327608523,Authentication,166,34,-57,920,0,11,0,0,0,0,0,0,0,0
2535,18327613785,Authentication,166,34,-17,920,0,11,0,0,0,0,0,0,720,0
2536,18327620503,Authentication,166,34,-19,920,0,11,0,0,1,0,0,0,720,0
2537,18327628820,S1G Beacon,61,34,-18,920,3,1,,,,,,,0,0
2538,18327630606,Authentication,166,34,-18,920,0,11,0,0,1,0,0,0,720,0
2539,18327637015,Authentication,166,34,-18,920,0,11,0,0,1,0,0,0,720,0
2540,18327641290,Authentication,166,34,-57,920,0,11,0,0,0,0,0,0,0,0
2541,18327706826,Authentication,166,34,-57,920,0,11,0,0,0,0,0,0,0,0
2542,18327763143,Authentication,166,34,-56,920,0,11,0,0,0,0,0,0,0,0
2543,18327805130,Authentication,166,34,-56,920,0,11,0,0,0,0,0,0,0,0
2544,18327829162,Authentication,166,34,-19,920,0,11,0,0,0,0,0,0,720,0
2545,18327835622,Authentication,166,34,-18,920,0,11,0,0,1,0,0,0,720,0
2546,18327841822,Authentication,166,34,-18,920,0,11,0,0,1,0,0,0,720,0
2547,18327848281,Authentication,166,34,-18,920,0,11,0,0,1,0,0,0,720,0
2548,18327915720,Authentication,166,34,-56,920,0,11,0,0,0,0,0,0,0,0
2549,18327968969,Authentication,166,34,-56,920,0,11,0,0,0,0,0,0,0,0
2550,18328029391,Authentication,166,34,-18,920,0,11,0,0,0,0,0,0,720,0
2551,18328034505,Authentication,166,34,-56,920,0,11,0,0,0,0,0,0,0,0
2552,18328039140,Authentication,166,34,-18,920,0,11,0,0,1,0,0,0,720,0
2553,18328045599,Authentication,166,34,-19,920,0,11,0,0,1,0,0,0,720,0
2554,18328052217,Authentication,166,34,-17,920,0,11,0,0,1,0,0,0,720,0
2555,18328077511,Authentication,166,34,-58,920,0,11,0,0,0,0,0,0,0,0
2556,18328132807,Authentication,166,34,-57,920,0,11,0,0,0,0,0,0,0,0
2557,18328198343,Authentication,166,34,-57,920,0,11,0,0,0,0,0,0,0,0
2558,18328226329,Authentication,105,34,-18,920,0,11,0,0,0,0,0,0,720,0
2559,18328231111,Authentication,166,34,-58,920,0,11,0,0,0,0,0,0,0,0
2560,18328235718,Authentication,105,34,-18,920,0,11,0,0,1,0,0,0,720,0
2561,18328240486,Authentication,105,34,-17,920,0,11,0,0,1,0,0,0,720,0
2562,18328245460,Authentication,105,34,-18,920,0,11,0,0,1,0,0,0,720,0
2563,18328296646,Authentication,166,34,-58,920,0,11,0,0,0,0,0,0,0,0
2564,18328339653,Authentication,166,34,-57,920,0,11,0,0,0,0,0,0,0,0
2565,18328369188,Authentication,166,34,-17,920,0,11,0,0,0,0,0,0,720,0
2566,18328375596,Authentication,166,34,-17,920,0,11,0,0,1,0,0,0,720,0
2567,18328382158,Authentication,166,34,-18,920,0,11,0,0,1,0,0,0,720,0
2568,18328387525,Authentication,166,34,-18,920,0,11,0,0,1,0,0,0,720,0
2569,18328394950,Authentication,166,34,-57,920,0,11,0,0,0,0,0,0,0,0
2570,18328448023,S1G Beacon,129,34,-18,920,3,1,,,,,,,0,0
2571,18328458434,Authentication,166,34,-56,920,0,11,0,0,0,0,0,0,0,0
2572,18328493253,Authentication,166,34,-57,920,0,11,0,0,0,0,0,0,0,0
2573,18328523672,Data,158,34,-18,920,2,0,0,0,0,0,0,1,0,0
2574,18328558789,Authentication,166,34,-57,920,0,11,0,0,0,0,0,0,0,0
2575,18328601796,Authentication,166,34,-57,920,0,11,0,0,0,0,0,0,0,0
2576,18328607058,Authentication,166,34,-18,920,0,11,0,0,0,0,0,0,720,0
2577,18328613049,Authentication,166,34,-18,920,0,11,0,0,1,0,0,0,720,0
2578,18328619509,Authentication,166,34,-18,920,0,11,0,0,1,0,0,0,720,0
2579,18328625967,Authentication,166,34,-19,920,0,11,0,0,1,0,0,0,720,0
2580,18328657092,Authentication,166,34,-57,920,0,11,0,0,0,0,0,0,0,0
2581,18328722627,Authentication,166,34,-56,920,0,11,0,0,0,0,0,0,0,0
2582,18328756419,Authentication,166,34,-57,920,0,11,0,0,0,0,0,0,0,0
2583,18328820931,Authentication,166,34,-56,920,0,11,0,0,0,0,0,0,0,0
2584,18328826191,Authentication,166,34,-19,920,0,11,0,0,0,0,0,0,720,0
2585,18328832857,Authentication,166,34,-18,920,0,11,0,0,1,0,0,0,720,0
2586,18328839368,Authentication,166,34,-17,920,0,11,0,0,1,0,0,0,720,0
2587,18328846033,Authentication,166,34,-18,920,0,11,0,0,1,0,0,0,720,0
2588,18328853699,Authentication,201,34,-57,920,0,11,0,0,0,0,0,0,0,0
2589,18328863861,Authentication,201,34,-56,920,0,11,0,0,0,0,0,0,0,0
2590,18328875200,Authentication,166,34,-57,920,0,11,0,0,0,0,0,0,0,0
2591,18328919234,Authentication,166,34,-57,920,0,11,0,0,0,0,0,0,0,0
2592,18328984770,Authentication,166,34,-58,920,0,11,0,0,0,0,0,0,0,0
2593,18329024705,Authentication,166,34,-56,920,0,11,0,0,0,0,0,0,0,0
2594,18329029914,Authentication,166,34,-18,920,0,11,0,0,0,0,0,0,720,0
2595,18329036427,Authentication,166,34,-18,920,0,11,0,0,1,0,0,0,720,0
2596,18329043148,Authentication,166,34,-17,920,0,11,0,0,1,0,0,0,720,0
2597,18329049816,Authentication,166,34,-18,920,0,11,0,0,1,0,0,0,720,0
2598,18329083073,Authentication,166,34,-57,920,0,11,0,0,0,0,0,0,0,0
2599,18329095926,Data,287,34,-19,920,2,0,0,0,0,0,0,1,0,0
2600,18329148608,Authentication,166,34,-56,920,0,11,0,0,0,0,0,0,0,0
2601,18329181376,Authentication,166,34,-56,920,0,11,0,0,0,0,0,0,0,0
2602,18329229174,Authentication,166,34,-18,920,0,11,0,0,0,0,0,0,720,0
2603,18329235114,Authentication,166,34,-18,920,0,11,0,0,1,0,0,0,720,0
2604,18329241831,Authentication,166,34,-17,920,0,11,0,0,1,0,0,0,720,0
2605,18329246912,Authentication,166,34,-56,920,0,11,0,0,0,0,0,0,0,0
2606,18329251656,Authentication,166,34,-19,920,0,11,0,0,1,0,0,0,720,0
2607,18329295038,Authentication,166,34,-56,920,0,11,0,0,0,0,0,0,0,0
2608,18329299571,S1G Beacon,61,34,-19,920,3,1,,,,,,,0,0
2609,18329345216,Authentication,166,34,-58,920,0,11,0,0,0,0,0,0,0,0
2610,18329410751,Authentication,166,34,-57,920,0,11,0,0,0,0,0,0,0,0
2611,18329440508,Authentication,105,34,-17,920,0,11,0,0,0,0,0,0,720,0
2612,18329443519,Authentication,166,34,-57,920,0,11,0,0,0,0,0,0,0,0
2613,18329448209,Authentication,105,34,-18,920,0,11,0,0,1,0,0,0,720,0
2614,18329453080,Authentication,105,34,-17,920,0,11,0,0,1,0,0,0,720,0
2615,18329456962,Authentication,105,34,-18,920,0,11,0,0,1,0,0,0,720,0
2616,18329509055,Authentication,166,34,-58,920,0,11,0,0,0,0,0,0,0,0
2617,18329550014,Authentication,166,34,-56,920,0,11,0,0,0,0,0,0,0,0
2618,18329585174,Authentication,166,34,-19,920,0,11,0,0,0,0,0,0,720,0
2619,18329591892,Authentication,166,34,-18,920,0,11,0,0,1,0,0,0,720,0
2620,18329598404,Authentication,166,34,-18,920,0,11,0,0,1,0,0,0,720,0
2621,18329666747,Authentication,166,34,-57,920,0,11,0,0,0,0,0,0,0,0
2622,18329705661,Authentication,166,34,-57,920,0,11,0,0,0,0,0,0,0,0
2623,18329771196,Authentication,166,34,-56,920,0,11,0,0,0,0,0,0,0,0
2624,18329818811,Authentication,166,34,-57,920,0,11,0,0,0,0,0,0,0,0
2625,18329849141,Authentication,166,34,-19,920,0,11,0,0,0,0,0,0,720,0
2626,18329855548,Authentication,166,34,-18,920,0,11,0,0,1,0,0,0,720,0
2627,18329867481,Authentication,166,34,-18,920,0,11,0,0,1,0,0,0,720,0
2628,18329935036,Authentication,166,34,-58,920,0,11,0,0,0,0,0,0,0,0
2629,18329979067,Authentication,166,34,-57,920,0,11,0,0,0,0,0,0,0,0
2630,18330033340,Authentication,166,34,-56,920,0,11,0,0,0,0,0,0,0,0
2631,18330066107,Authentication,201,34,-56,920,0,11,0,0,0,0,0,0,0,0
2632,18330076269,Authentication,201,34,-58,920,0,11,0,0,0,0,0,0,0,0
2633,18330086793,S1G Beacon,129,34,-19,920,3,1,,,,,,,0,0
2634,18330090379,Authentication,166,34,-19,920,0,11,0,0,0,0,0,0,720,0
2635,18330096890,Authentication,166,34,-18,920,0,11,0,0,1,0,0,0,720,0
2636,18330103557,Authentication,166,34,-19,920,0,11,0,0,1,0,0,0,720,0
2637,18330110226,Authentication,166,34,-19,920,0,11,0,0,1,0,0,0,720,0
2638,18330131643,Authentication,166,34,-57,920,0,11,0,0,0,0,0,0,0,0
2639,18330197178,Authentication,166,34,-57,920,0,11,0,0,0,0,0,0,0,0
2640,18330257590,Authentication,166,34,-58,920,0,11,0,0,0,0,0,0,0,0
2641,18330269143,Authentication,166,34,-18,920,0,11,0,0,0,0,0,0,720,0
2642,18330275758,Authentication,166,34,-18,920,0,11,0,0,1,0,0,0,720,0
2643,18330282167,Authentication,166,34,-19,920,0,11,0,0,1,0,0,0,720,0
2644,18330288626,Authentication,166,34,-18,920,0,11,0,0,1,0,0,0,720,0
2645,18330295482,Authentication,166,34,-57,920,0,11,0,0,0,0,0,0,0,0
2646,18330361018,Authentication,166,34,-56,920,0,11,0,0,0,0,0,0,0,0
2647,18330401976,Authentication,166,34,-56,920,0,11,0,0,0,0,0,0,0,0
2648,18330459321,Authentication,166,34,-58,920,0,11,0,0,0,0,0,0,0,0
2649,18330469627,Authentication,166,34,-19,920,0,11,0,0,0,0,0,0,720,0
2650,18330476267,Authentication,166,34,-18,920,0,11,0,0,1,0,0,0,720,0
2651,18330482832,Authentication,166,34,-18,920,0,11,0,0,1,0,0,0,720,0
2652,18330489394,Authentication,166,34,-19,920,0,11,0,0,1,0,0,0,720,0
2653,18330524856,Authentication,166,34,-57,920,0,11,0,0,0,0,0,0,0,0
2654,18330557624,Authentication,166,34,-56,920,0,11,0,0,0,0,0,0,0,0
2655,18330623159,Authentication,166,34,-56,920,0,11,0,0,0,0,0,0,0,0
2656,18330676405,Authentication,166,34,-58,920,0,11,0,0,0,0,0,0,0,0
2657,18330682652,Authentication,166,34,-18,920,0,11,0,0,0,0,0,0,720,0
2658,18330689110,Authentication,166,34,-18,920,0,11,0,0,1,0,0,0,720,0
2659,18330695621,Authentication,166,34,-17,920,0,11,0,0,1,0,0,0,720,0
2660,18330702131,Authentication,166,34,-18,920,0,11,0,0,1,0,0,0,720,0
2661,18330721463,Authentication,166,34,-56,920,0,11,0,0,0,0,0,0,0,0
2662,18330786999,Authentication,166,34,-57,920,0,11,0,0,0,0,0,0,0,0
2663,18330832053,Authentication,166,34,-57,920,0,11,0,0,0,0,0,0,0,0
2664,18330885302,Authentication,166,34,-57,920,0,11,0,0,0,0,0,0,0,0
2665,18330905633,S1G Beacon,61,34,-17,920,3,1,,,,,,,0,0
2666,18330907470,Authentication,166,34,-18,920,0,11,0,0,0,0,0,0,720,0
2667,18330914241,Authentication,166,34,-17,920,0,11,0,0,1,0,0,0,720,0
2668,18330920959,Authentication,166,34,-18,920,0,11,0,0,1,0,0,0,720,0
2669,18330927473,Authentication,166,34,-17,920,0,11,0,0,1,0,0,0,720,0
2670,18330950837,Authentication,166,34,-56,920,0,11,0,0,0,0,0,0,0,0
2671,18330983606,Authentication,166,34,-56,920,0,11,0,0,0,0,0,0,0,0
2672,18331049141,Authentication,166,34,-57,920,0,11,0,0,0,0,0,0,0,0
2673,18331097266,Authentication,166,34,-57,920,0,11,0,0,0,0,0,0,0,0
2675,18331147445,Authentication,166,34,-56,920,0,11,0,0,0,0,0,0,0,0
2676,18331179597,Authentication,166,34,-17,920,0,11,0,0,0,0,0,0,720,0
2677,18331186057,Authentication,166,34,-17,920,0,11,0,0,1,0,0,0,720,0
2678,18331192567,Authentication,166,34,-18,920,0,11,0,0,1,0,0,0,720,0
2679,18331199234,Authentication,166,34,-18,920,0,11,0,0,1,0,0,0,720,0
2680,18331212980,Authentication,166,34,-56,920,0,11,0,0,0,0,0,0,0,0
2681,18331248819,Authentication,166,34,-57,920,0,11,0,0,0,0,0,0,0,0
2682,18331311283,Authentication,166,34,-56,920,0,11,0,0,0,0,0,0,0,0
2683,18331376818,Authentication,166,34,-56,920,0,11,0,0,0,0,0,0,0,0
2684,18331381511,Authentication,166,34,-18,920,0,11,0,0,0,0,0,0,720,0
2685,18331388221,Authentication,166,34,-18,920,0,11,0,0,1,0,0,0,720,0
2686,18331394993,Authentication,166,34,-17,920,0,11,0,0,1,0,0,0,720,0
2687,18331401713,Authentication,166,34,-18,920,0,11,0,0,1,0,0,0,720,0
2688,18331409587,Authentication,166,34,-56,920,0,11,0,0,0,0,0,0,0,0
2689,18331475122,Authentication,166,34,-56,920,0,11,0,0,0,0,0,0,0,0
2690,18331516081,Authentication,166,34,-57,920,0,11,0,0,0,0,0,0,0,0
2691,18331573425,Authentication,166,34,-58,920,0,11,0,0,0,0,0,0,0,0
2692,18331581652,Authentication,166,34,-18,920,0,11,0,0,0,0,0,0,720,0
2693,18331588112,Authentication,166,34,-19,920,0,11,0,0,1,0,0,0,720,0
2694,18331594518,Authentication,166,34,-18,920,0,11,0,0,1,0,0,0,720,0
2695,18331600979,Authentication,166,34,-17,920,0,11,0,0,1,0,0,0,720,0
2696,18331638961,Authentication,166,34,-58,920,0,11,0,0,0,0,0,0,0,0
2697,18331671729,Authentication,166,34,-57,920,0,11,0,0,0,0,0,0,0,0
2698,18331724835,S1G Beacon,129,34,-19,920,3,1,,,,,,,0,0
2699,18331737264,Authentication,166,34,-56,920,0,11,0,0,0,0,0,0,0,0
2700,18331799144,Authentication,166,34,-17,920,0,11,0,0,0,0,0,0,720,0
2701,18331805655,Authentication,166,34,-20,920,0,11,0,0,1,0,0,0,720,0
2702,18331812117,Authentication,166,34,-18,920,0,11,0,0,1,0,0,0,720,0
2703,18331818835,Authentication,166,34,-18,920,0,11,0,0,1,0,0,0,720,0
2704,18331835568,Authentication,166,34,-56,920,0,11,0,0,0,0,0,0,0,0
2705,18331901104,Authentication,166,34,-56,920,0,11,0,0,0,0,0,0,0,0
2706,18331947181,Authentication,166,34,-57,920,0,11,0,0,0,0,0,0,0,0
2707,18331999407,Authentication,166,34,-56,920,0,11,0,0,0,0,0,0,0,0
2708,18332009494,Authentication,166,34,-18,920,0,11,0,0,0,0,0,0,720,0
2709,18332015795,Authentication,166,34,-19,920,0,11,0,0,1,0,0,0,720,0
2710,18332022254,Authentication,166,34,-18,920,0,11,0,0,1,0,0,0,720,0
2711,18332028869,Authentication,166,34,-17,920,0,11,0,0,1,0,0,0,720,0
2712,18332064942,Authentication,166,34,-57,920,0,11,0,0,0,0,0,0,0,0
2713,18332120330,Data,287,34,-19,920,2,0,0,0,0,0,0,1,0,0
2714,18332163246,Authentication,166,34,-56,920,0,11,0,0,0,0,0,0,0,0
2715,18332228781,Authentication,166,34,-58,920,0,11,0,0,0,0,0,0,0,0
2716,18332249200,Authentication,166,34,-19,920,0,11,0,0,0,0,0,0,720,0
2717,18332255660,Authentication,166,34,-17,920,0,11,0,0,1,0,0,0,720,0
2718,18332262066,Authentication,166,34,-18,920,0,11,0,0,1,0,0,0,720,0
2719,18332268628,Authentication,166,34,-17,920,0,11,0,0,1,0,0,0,720,0
2720,18332275883,Authentication,166,34,-56,920,0,11,0,0,0,0,0,0,0,0
2721,18332303816,QoS Data,149,34,-15,920,2,8,1,0,0,0,0,1,720,0
2726,18332327084,Authentication,166,34,-57,920,0,11,0,0,0,0,0,0,0,0
2727,18332392621,Authentication,166,34,-56,920,0,11,0,0,0,0,0,0,0,0
2728,18332425388,Authentication,166,34,-56,920,0,11,0,0,0,0,0,0,0,0
2729,18332469070,Authentication,166,34,-18,920,0,11,0,0,0,0,0,0,720,0
2730,18332475477,Authentication,166,34,-18,920,0,11,0,0,1,0,0,0,720,0
2731,18332481883,Authentication,166,34,-18,920,0,11,0,0,1,0,0,0,720,0
2732,18332488500,Authentication,166,34,-17,920,0,11,0,0,1,0,0,0,720,0
2733,18332505611,QoS Data,128,34,-15,920,2,8,1,0,0,0,0,1,720,0
2736,18332544039,S1G Beacon,61,34,-18,920,3,1,,,,,,,0,0
2737,18332546216,Authentication,166,34,-56,920,0,11,0,0,0,0,0,0,0,0
2738,18332589227,Authentication,166,34,-56,920,0,11,0,0,0,0,0,0,0,0
2739,18332654763,Authentication,166,34,-57,920,0,11,0,0,0,0,0,0,0,0
2740,18332673127,Authentication,105,34,-19,920,0,11,0,0,0,0,0,0,720,0
2741,18332678207,Authentication,105,34,-19,920,0,11,0,0,1,0,0,0,720,0
2742,18332683077,Authentication,105,34,-18,920,0,11,0,0,1,0,0,0,720,0
2743,18332687948,Authentication,105,34,-18,920,0,11,0,0,1,0,0,0,720,0
2744,18332708521,Authentication,166,34,-56,920,0,11,0,0,0,0,0,0,0,0
2745,18332753065,Authentication,166,34,-56,920,0,11,0,0,0,0,0,0,0,0
2746,18332818601,Authentication,166,34,-58,920,0,11,0,0,0,0,0,0,0,0
2747,18332823291,Authentication,166,34,-18,920,0,11,0,0,0,0,0,0,720,0
2748,18332830010,Authentication,166,34,-17,920,0,11,0,0,1,0,0,0,720,0
2749,18332836675,Authentication,166,34,-17,920,0,11,0,0,1,0,0,0,720,0
2750,18332843396,Authentication,166,34,-18,920,0,11,0,0,1,0,0,0,720,0
2751,18332860584,Authentication,166,34,-57,920,0,11,0,0,0,0,0,0,0,0
2752,18332916904,Authentication,166,34,-57,920,0,11,0,0,0,0,0,0,0,0
2753,18332982441,Authentication,166,34,-56,920,0,11,0,0,0,0,0,0,0,0
2754,18333015208,Authentication,166,34,-57,920,0,11,0,0,0,0,0,0,0,0
2755,18333020469,Authentication,166,34,-18,920,0,11,0,0,0,0,0,0,720,0
2756,18333026927,Authentication,166,34,-18,920,0,11,0,0,1,0,0,0,720,0
2757,18333033697,Authentication,166,34,-18,920,0,11,0,0,1,0,0,0,720,0
2758,18333040469,Authentication,166,34,-17,920,0,11,0,0,1,0,0,0,720,0
2759,18333080744,Authentication,166,34,-58,920,0,11,0,0,0,0,0,0,0,0
2760,18333133477,Authentication,166,34,-58,920,0,11,0,0,0,0,0,0,0,0
2762,18333229083,Authentication,166,34,-19,920,0,11,0,0,0,0,0,0,720,0
2763,18333235803,Authentication,166,34,-19,920,0,11,0,0,1,0,0,0,720,0
2764,18333242420,Authentication,166,34,-17,920,0,11,0,0,1,0,0,0,720,0
2765,18333249191,Authentication,166,34,-19,920,0,11,0,0,1,0,0,0,720,0
2766,18333277350,Authentication,166,34,-56,920,0,11,0,0,0,0,0,0,0,0
2767,18333308067,Authentication,201,34,-56,920,0,11,0,0,0,0,0,0,0,0
2768,18333318229,Authentication,201,34,-58,920,0,11,0,0,0,0,0,0,0,0
2769,18333342886,Authentication,166,34,-57,920,0,11,0,0,0,0,0,0,0,0
2770,18333363244,S1G Beacon,129,34,-17,920,3,1,,,,,,,0,0
2771,18333408418,Authentication,166,34,-56,920,0,11,0,0,0,0,0,0,0,0
2772,18333418776,Authentication,105,34,-17,920,0,11,0,0,0,0,0,0,720,0
2773,18333422608,Authentication,105,34,-17,920,0,11,0,0,1,0,0,0,720,0
2774,18333427477,Authentication,105,34,-17,920,0,11,0,0,1,0,0,0,720,0
2775,18333432454,Authentication,105,34,-18,920,0,11,0,0,1,0,0,0,720,0
2776,18333441190,Authentication,166,34,-57,920,0,11,0,0,0,0,0,0,0,0
2777,18333506725,Authentication,166,34,-57,920,0,11,0,0,0,0,0,0,0,0
2778,18333549732,Authentication,166,34,-58,920,0,11,0,0,0,0,0,0,0,0
2779,18333569139,Authentication,166,34,-18,920,0,11,0,0,0,0,0,0,720,0
2780,18333575651,Authentication,166,34,-17,920,0,11,0,0,1,0,0,0,720,0
2781,18333582267,Authentication,166,34,-18,920,0,11,0,0,1,0,0,0,720,0
2782,18333588672,Authentication,166,34,-18,920,0,11,0,0,1,0,0,0,720,0
2783,18333605028,Authentication,166,34,-57,920,0,11,0,0,0,0,0,0,0,0
2784,18333670564,Authentication,166,34,-56,920,0,11,0,0,0,0,0,0,0,0
2785,18333703332,Authentication,166,34,-58,920,0,11,0,0,0,0,0,0,0,0
2786,18333768867,Authentication,166,34,-57,920,0,11,0,0,0,0,0,0,0,0
2787,18333774128,Authentication,166,34,-18,920,0,11,0,0,0,0,0,0,720,0
2788,18333780731,Authentication,166,34,-18,920,0,11,0,0,1,0,0,0,720,0
2789,18333787857,Authentication,166,34,-18,920,0,11,0,0,1,0,0,0,720,0
2790,18333794315,Authentication,166,34,-19,920,0,11,0,0,1,0,0,0,720,0
2791,18333821089,Authentication,166,34,-57,920,0,11,0,0,0,0,0,0,0,0
2792,18333867171,Authentication,166,34,-56,920,0,11,0,0,0,0,0,0,0,0
2793,18333932706,Authentication,166,34,-56,920,0,11,0,0,0,0,0,0,0,0
2794,18333977762,Authentication,166,34,-56,920,0,11,0,0,0,0,0,0,0,0
2795,18333989524,Authentication,166,34,-18,920,0,11,0,0,0,0,0,0,720,0
2796,18333996449,Authentication,166,34,-18,920,0,11,0,0,1,0,0,0,720,0
2797,18334002858,Authentication,166,34,-18,920,0,11,0,0,1,0,0,0,720,0
2798,18334009475,Authentication,166,34,-18,920,0,11,0,0,1,0,0,0,720,0
2799,18334031010,Authentication,166,34,-56,920,0,11,0,0,0,0,0,0,0,0
2800,18334063777,Authentication,201,34,-57,920,0,11,0,0,0,0,0,0,0,0
2801,18334129313,Authentication,166,34,-57,920,0,11,0,0,0,0,0,0,0,0
2802,18334182446,S1G Beacon,61,34,-19,920,3,1,,,,,,,0,0
2803,18334189640,Authentication,166,34,-18,920,0,11,0,0,0,0,0,0,720,0
2804,18334194849,Authentication,166,34,-56,920,0,11,0,0,0,0,0,0,0,0
2805,18334199644,Authentication,166,34,-19,920,0,11,0,0,1,0,0,0,720,0
2806,18334206414,Authentication,166,34,-18,920,0,11,0,0,1,0,0,0,720,0
2807,18334212821,Authentication,166,34,-18,920,0,11,0,0,1,0,0,0,720,0
2808,18334252190,Authentication,166,34,-56,920,0,11,0,0,0,0,0,0,0,0
2809,18334293152,Authentication,166,34,-57,920,0,11,0,0,0,0,0,0,0,0
2810,18334358687,Authentication,166,34,-57,920,0,11,0,0,0,0,0,0,0,0
2811,18334389116,Authentication,166,34,-17,920,0,11,0,0,0,0,0,0,720,0
2812,18334395629,Authentication,166,34,-17,920,0,11,0,0,1,0,0,0,720,0
2813,18334402037,Authentication,166,34,-17,920,0,11,0,0,1,0,0,0,720,0
2814,18334408651,Authentication,166,34,-17,920,0,11,0,0,1,0,0,0,720,0
2815,18334456991,Authentication,166,34,-57,920,0,11,0,0,0,0,0,0,0,0
2816,18334522527,Authentication,166,34,-57,920,0,11,0,0,0,0,0,0,0,0
2817,18334555294,Authentication,166,34,-57,920,0,11,0,0,0,0,0,0,0,0
2818,18334620830,Authentication,166,34,-56,920,0,11,0,0,0,0,0,0,0,0
2819,18334626268,Authentication,166,34,-18,920,0,11,0,0,0,0,0,0,720,0
2820,18334632832,Authentication,166,34,-17,920,0,11,0,0,1,0,0,0,720,0
2821,18334638564,Authentication,166,34,-17,920,0,11,0,0,1,0,0,0,720,0
2822,18334644658,Authentication,166,34,-18,920,0,11,0,0,1,0,0,0,720,0
2823,18334665884,Authentication,166,34,-57,920,0,11,0,0,0,0,0,0,0,0
2824,18334719133,Authentication,166,34,-58,920,0,11,0,0,0,0,0,0,0,0
2825,18334784669,Authentication,166,34,-57,920,0,11,0,0,0,0,0,0,0,0
2826,18334817437,Authentication,166,34,-58,920,0,11,0,0,0,0,0,0,0,0
2827,18334833097,Authentication,166,34,-16,920,0,11,0,0,0,0,0,0,720,0
2828,18334839714,Authentication,166,34,-18,920,0,11,0,0,1,0,0,0,720,0
2829,18334846225,Authentication,166,34,-17,920,0,11,0,0,1,0,0,0,720,0
2830,18334852789,Authentication,166,34,-17,920,0,11,0,0,1,0,0,0,720,0
2831,18334882972,Authentication,166,34,-58,920,0,11,0,0,0,0,0,0,0,0
2832,18334935194,Authentication,166,34,-57,920,0,11,0,0,0,0,0,0,0,0
2833,18334981275,Authentication,166,34,-57,920,0,11,0,0,0,0,0,0,0,0
2834,18335001650,S1G Beacon,129,34,-17,920,3,1,,,,,,,0,0
2835,18335039126,Authentication,166,34,-18,920,0,11,0,0,0,0,0,0,720,0
2836,18335051627,Authentication,166,34,-18,920,0,11,0,0,1,0,0,0,720,0
2837,18335079579,Authentication,166,34,-58,920,0,11,0,0,0,0,0,0,0,0
2838,18335144069,Data,287,34,-18,920,2,0,0,0,0,0,0,1,0,0
2839,18335239117,Authentication,166,34,-17,920,0,11,0,0,0,0,0,0,720,0
2840,18335243417,Authentication,166,34,-56,920,0,11,0,0,0,0,0,0,0,0
2841,18335248264,Authentication,166,34,-18,920,0,11,0,0,1,0,0,0,720,0
2842,18335255035,Authentication,166,34,-19,920,0,11,0,0,1,0,0,0,720,0
2843,18335260039,Authentication,166,34,-18,920,0,11,0,0,1,0,0,0,720,0
2844,18335308954,Authentication,166,34,-57,920,0,11,0,0,0,0,0,0,0,0
2845,18335341722,Authentication,166,34,-57,920,0,11,0,0,0,0,0,0,0,0
2846,18335407257,Authentication,166,34,-57,920,0,11,0,0,0,0,0,0,0,0
2847,18335449085,Authentication,166,34,-18,920,0,11,0,0,0,0,0,0,720,0
2848,18335458234,Authentication,166,34,-19,920,0,11,0,0,1,0,0,0,720,0
2849,18335464640,Authentication,166,34,-18,920,0,11,0,0,1,0,0,0,720,0
2850,18335471149,Authentication,166,34,-18,920,0,11,0,0,1,0,0,0,720,0
2851,18335505560,Authentication,166,34,-58,920,0,11,0,0,0,0,0,0,0,0
2852,18335571096,Authentication,166,34,-56,920,0,11,0,0,0,0,0,0,0,0
2853,18335614103,Authentication,166,34,-57,920,0,11,0,0,0,0,0,0,0,0
2854,18335649088,Authentication,166,34,-18,920,0,11,0,0,0,0,0,0,720,0
2855,18335655756,Authentication,166,34,-18,920,0,11,0,0,1,0,0,0,720,0
2856,18335662372,Authentication,166,34,-18,920,0,11,0,0,1,0,0,0,720,0
2857,18335669092,Authentication,166,34,-19,920,0,11,0,0,1,0,0,0,720,0
2858,18335734935,Authentication,166,34,-57,920,0,11,0,0,0,0,0,0,0,0
2859,18335767703,Authentication,166,34,-57,920,0,11,0,0,0,0,0,0,0,0
2860,18335820853,S1G Beacon,61,34,-18,920,3,1,,,,,,,0,0
2861,18335833238,Authentication,166,34,-56,920,0,11,0,0,0,0,0,0,0,0
2862,18335898774,Authentication,166,34,-56,920,0,11,0,0,0,0,0,0,0,0
2863,18335929100,Authentication,166,34,-18,920,0,11,0,0,0,0,0,0,720,0
2864,18335936109,Authentication,166,34,-18,920,0,11,0,0,1,0,0,0,720,0
2865,18335942829,Authentication,166,34,-18,920,0,11,0,0,1,0,0,0,720,0
2866,18335949608,Authentication,166,34,-17,920,0,11,0,0,1,0,0,0,720,0
2867,18335997077,Authentication,166,34,-58,920,0,11,0,0,0,0,0,0,0,0
2868,18336061585,Authentication,166,34,-56,920,0,11,0,0,0,0,0,0,0,0
2869,18336095381,Authentication,166,34,-57,920,0,11,0,0,0,0,0,0,0,0
2870,18336129076,Authentication,166,34,-18,920,0,11,0,0,0,0,0,0,720,0
2871,18336135381,Authentication,166,34,-18,920,0,11,0,0,1,0,0,0,720,0
2872,18336142047,Authentication,166,34,-18,920,0,11,0,0,1,0,0,0,720,0
2873,18336148508,Authentication,166,34,-18,920,0,11,0,0,1,0,0,0,720,0
2874,18336160916,Authentication,166,34,-58,920,0,11,0,0,0,0,0,0,0,0
2875,18336196755,Authentication,166,34,-56,920,0,11,0,0,0,0,0,0,0,0
2876,18336259220,Authentication,166,34,-58,920,0,11,0,0,0,0,0,0,0,0
2877,18336306321,Authentication,166,34,-57,920,0,11,0,0,0,0,0,0,0,0
2878,18336349063,Authentication,166,34,-18,920,0,11,0,0,0,0,0,0,720,0
2879,18336355521,Authentication,166,34,-19,920,0,11,0,0,1,0,0,0,720,0
2880,18336361929,Authentication,166,34,-17,920,0,11,0,0,1,0,0,0,720,0
2881,18336370260,Authentication,166,34,-19,920,0,11,0,0,1,0,0,0,720,0
2882,18336423059,Authentication,166,34,-56,920,0,11,0,0,0,0,0,0,0,0
2883,18336477327,Authentication,166,34,-58,920,0,11,0,0,0,0,0,0,0,0
2884,18336521361,Authentication,166,34,-57,920,0,11,0,0,0,0,0,0,0,0
2885,18336549119,Authentication,166,34,-18,920,0,11,0,0,0,0,0,0,720,0
2886,18336554901,Authentication,166,34,-18,920,0,11,0,0,1,0,0,0,720,0
2887,18336561516,Authentication,166,34,-17,920,0,11,0,0,1,0,0,0,720,0
2888,18336567922,Authentication,166,34,-18,920,0,11,0,0,1,0,0,0,720,0
2889,18336586897,Authentication,166,34,-56,920,0,11,0,0,0,0,0,0,0,0
2890,18336631440,Authentication,166,34,-57,920,0,11,0,0,0,0,0,0,0,0
2891,18336640055,S1G Beacon,129,34,-18,920,3,1,,,,,,,0,0
2892,18336685200,Authentication,166,34,-57,920,0,11,0,0,0,0,0,0,0,0
2893,18336743616,Authentication,105,34,-17,920,0,11,0,0,0,0,0,0,720,0
2894,18336748486,Authentication,105,34,-18,920,0,11,0,0,1,0,0,0,720,0
2895,18336755282,Authentication,105,34,-18,920,0,11,0,0,1,0,0,0,720,0
2896,18336760102,Authentication,105,34,-18,920,0,11,0,0,1,0,0,0,720,0
2897,18336783504,Authentication,166,34,-57,920,0,11,0,0,0,0,0,0,0,0
2898,18336849039,Authentication,166,34,-56,920,0,11,0,0,0,0,0,0,0,0
2899,18336889156,Authentication,166,34,-19,920,0,11,0,0,0,0,0,0,720,0
2900,18336895926,Authentication,166,34,-18,920,0,11,0,0,1,0,0,0,720,0
2901,18336902385,Authentication,166,34,-20,920,0,11,0,0,1,0,0,0,720,0
2902,18336908534,Authentication,166,34,-18,920,0,11,0,0,1,0,0,0,720,0
2903,18336947343,Authentication,166,34,-57,920,0,11,0,0,0,0,0,0,0,0
2904,18337012878,Authentication,166,34,-57,920,0,11,0,0,0,0,0,0,0,0
2905,18337055885,Authentication,166,34,-57,920,0,11,0,0,0,0,0,0,0,0
2906,18337111182,Authentication,166,34,-57,920,0,11,0,0,0,0,0,0,0,0
2907,18337129080,Authentication,105,34,-17,920,0,11,0,0,0,0,0,0,720,0
2908,18337133950,Authentication,105,34,-18,920,0,11,0,0,1,0,0,0,720,0
2909,18337137522,Authentication,105,34,-17,920,0,11,0,0,1,0,0,0,720,0
2910,18337142393,Authentication,105,34,-17,920,0,11,0,0,1,0,0,0,720,0
2911,18337176718,Authentication,166,34,-57,920,0,11,0,0,0,0,0,0,0,0
2912,18337209486,Authentication,166,34,-58,920,0,11,0,0,0,0,0,0,0,0
2913,18337275021,Authentication,166,34,-58,920,0,11,0,0,0,0,0,0,0,0
2914,18337279919,Authentication,166,34,-18,920,0,11,0,0,0,0,0,0,720,0
2915,18337286378,Authentication,166,34,-19,920,0,11,0,0,1,0,0,0,720,0
2916,18337292785,Authentication,166,34,-18,920,0,11,0,0,1,0,0,0,720,0
2917,18337298585,Authentication,166,34,-17,920,0,11,0,0,1,0,0,0,720,0
2918,18337329110,QoS Data,149,34,-15,920,2,8,1,0,0,0,0,1,720,0
2921,18337335469,QoS Data,149,34,-15,920,2,8,1,0,1,0,0,1,720,0
2924,18337343290,RTS,54,34,-14,920,1,11,,,,0,0,0,3568,0
2926,18337345021,QoS Data,149,34,-16,920,2,8,1,0,1,0,0,1,720,0
2928,18337373325,Authentication,201,34,-56,920,0,11,0,0,0,0,0,0,0,0
2929,18337383487,Authentication,166,34,-56,920,0,11,0,0,0,0,0,0,0,0
2930,18337392728,Authentication,201,34,-58,920,0,11,0,0,0,0,0,0,0,0
2931,18337438860,Authentication,166,34,-58,920,0,11,0,0,0,0,0,0,0,0
2932,18337459260,S1G Beacon,61,34,-17,920,3,1,,,,,,,0,0
2933,18337479195,Authentication,166,34,-19,920,0,11,0,0,0,0,0,0,720,0
2934,18337484718,Authentication,166,34,-18,920,0,11,0,0,1,0,0,0,720,0
2935,18337490399,Authentication,166,34,-19,920,0,11,0,0,1,0,0,0,720,0
2936,18337497066,Authentication,166,34,-18,920,0,11,0,0,1,0,0,0,720,0
2937,18337505481,QoS Data,128,34,-14,920,2,8,1,0,0,0,0,1,720,0
2940,18337537163,Authentication,166,34,-56,920,0,11,0,0,0,0,0,0,0,0
2941,18337590409,Authentication,166,34,-58,920,0,11,0,0,0,0,0,0,0,0
2942,18337635467,Authentication,166,34,-57,920,0,11,0,0,0,0,0,0,0,0
2943,18337689054,Authentication,166,34,-18,920,0,11,0,0,0,0,0,0,720,0
2944,18337695775,Authentication,166,34,-17,920,0,11,0,0,1,0,0,0,720,0
2945,18337701002,Authentication,166,34,-57,920,0,11,0,0,0,0,0,0,0,0
2946,18337705955,Authentication,166,34,-17,920,0,11,0,0,1,0,0,0,720,0
2947,18337712360,Authentication,166,34,-18,920,0,11,0,0,1,0,0,0,720,0
2948,18337753224,Authentication,166,34,-58,920,0,11,0,0,0,0,0,0,0,0
2949,18337762438,Authentication,201,34,-56,920,0,11,0,0,0,0,0,0,0,0
2950,18337772600,Authentication,201,34,-58,920,0,11,0,0,0,0,0,0,0,0
2951,18337799306,Authentication,166,34,-56,920,0,11,0,0,0,0,0,0,0,0
2952,18337864841,Authentication,166,34,-57,920,0,11,0,0,0,0,0,0,0,0
2953,18337899379,Authentication,166,34,-18,920,0,11,0,0,0,0,0,0,720,0
2954,18337906098,Authentication,166,34,-18,920,0,11,0,0,1,0,0,0,720,0
2955,18337912143,Authentication,166,34,-18,920,0,11,0,0,1,0,0,0,720,0
2956,18337918862,Authentication,166,34,-18,920,0,11,0,0,1,0,0,0,720,0
2957,18337963145,Authentication,166,34,-57,920,0,11,0,0,0,0,0,0,0,0
2958,18338061448,Authentication,166,34,-56,920,0,11,0,0,0,0,0,0,0,0
2959,18338099135,Authentication,166,34,-18,920,0,11,0,0,0,0,0,0,720,0
2960,18338105593,Authentication,166,34,-18,920,0,11,0,0,1,0,0,0,720,0
2961,18338112313,Authentication,166,34,-18,920,0,11,0,0,1,0,0,0,720,0
2962,18338119083,Authentication,166,34,-18,920,0,11,0,0,1,0,0,0,720,0
2963,18338126983,Authentication,166,34,-58,920,0,11,0,0,0,0,0,0,0,0
2964,18338166918,Authentication,166,34,-56,920,0,11,0,0,0,0,0,0,0,0
2965,18338172131,Data,287,34,-17,920,2,0,0,0,0,0,0,1,0,0
2966,18338225287,Authentication,166,34,-57,920,0,11,0,0,0,0,0,0,0,0
2967,18338278464,S1G Beacon,129,34,-17,920,3,1,,,,,,,0,0
2968,18338287748,Authentication,166,34,-57,920,0,11,0,0,0,0,0,0,0,0
2969,18338307204,Authentication,166,34,-57,920,0,11,0,0,0,0,0,0,0,0
2970,18338349102,Authentication,166,34,-19,920,0,11,0,0,0,0,0,0,720,0
2971,18338354367,Authentication,166,34,-19,920,0,11,0,0,1,0,0,0,720,0
2972,18338360878,Authentication,166,34,-18,920,0,11,0,0,1,0,0,0,720,0
2973,18338367596,Authentication,166,34,-18,920,0,11,0,0,1,0,0,0,720,0
2974,18338389125,Authentication,166,34,-57,920,0,11,0,0,0,0,0,0,0,0
2975,18338421894,Authentication,166,34,-57,920,0,11,0,0,0,0,0,0,0,0
2976,18338487429,Authentication,166,34,-58,920,0,11,0,0,0,0,0,0,0,0
2977,18338536579,Authentication,166,34,-57,920,0,11,0,0,0,0,0,0,0,0
2978,18338548081,Authentication,166,34,-19,920,0,11,0,0,0,0,0,0,720,0
2979,18338554542,Authentication,166,34,-19,920,0,11,0,0,1,0,0,0,720,0
2980,18338560948,Authentication,166,34,-18,920,0,11,0,0,1,0,0,0,720,0
2981,18338566001,Authentication,166,34,-18,920,0,11,0,0,1,0,0,0,720,0
2982,18338585732,Authentication,166,34,-57,920,0,11,0,0,0,0,0,0,0,0
2983,18338651268,Authentication,166,34,-57,920,0,11,0,0,0,0,0,0,0,0
2984,18338684036,Authentication,166,34,-58,920,0,11,0,0,0,0,0,0,0,0
2985,18338749571,Authentication,166,34,-57,920,0,11,0,0,0,0,0,0,0,0
2986,18338769129,Authentication,166,34,-18,920,0,11,0,0,0,0,0,0,720,0
2987,18338782306,Authentication,166,34,-20,920,0,11,0,0,1,0,0,0,720,0
2988,18338788869,Authentication,166,34,-18,920,0,11,0,0,1,0,0,0,720,0
2989,18338808960,Authentication,166,34,-56,920,0,11,0,0,0,0,0,0,0,0
2990,18338847875,Authentication,166,34,-58,920,0,11,0,0,0,0,0,0,0,0
2991,18338913411,Authentication,166,34,-57,920,0,11,0,0,0,0,0,0,0,0
2992,18338971775,Authentication,166,34,-57,920,0,11,0,0,0,0,0,0,0,0
2993,18338977035,Authentication,166,34,-18,920,0,11,0,0,0,0,0,0,720,0
2994,18338983704,Authentication,166,34,-18,920,0,11,0,0,1,0,0,0,720,0
2995,18338990161,Authentication,166,34,-18,920,0,11,0,0,1,0,0,0,720,0
2996,18338996726,Authentication,166,34,-18,920,0,11,0,0,1,0,0,0,720,0
2997,18339011714,Authentication,166,34,-57,920,0,11,0,0,0,0,0,0,0,0
2998,18339077250,Authentication,166,34,-58,920,0,11,0,0,0,0,0,0,0,0
2999,18339097664,S1G Beacon,61,34,-19,920,3,1,,,,,,,0,0
3000,18339120256,Authentication,166,34,-57,920,0,11,0,0,0,0,0,0,0,0
3001,18339175553,Authentication,166,34,-57,920,0,11,0,0,0,0,0,0,0,0
3002,18339180189,Authentication,166,34,-18,920,0,11,0,0,0,0,0,0,720,0
3003,18339186857,Authentication,166,34,-17,920,0,11,0,0,1,0,0,0,720,0
3004,18339193440,Authentication,166,34,-17,920,0,11,0,0,1,0,0,0,720,0
3005,18339199900,Authentication,166,34,-18,920,0,11,0,0,1,0,0,0,720,0
3006,18339241088,Authentication,166,34,-57,920,0,11,0,0,0,0,0,0,0,0
3007,18339293310,Authentication,166,34,-58,920,0,11,0,0,0,0,0,0,0,0
3008,18339339391,Authentication,166,34,-56,920,0,11,0,0,0,0,0,0,0,0
3009,18339379169,Authentication,166,34,-17,920,0,11,0,0,0,0,0,0,720,0
3010,18339385734,Authentication,166,34,-18,920,0,11,0,0,1,0,0,0,720,0
3011,18339392142,Authentication,166,34,-18,920,0,11,0,0,1,0,0,0,720,0
3012,18339398551,Authentication,166,34,-19,920,0,11,0,0,1,0,0,0,720,0
3013,18339404927,Authentication,166,34,-57,920,0,11,0,0,0,0,0,0,0,0
3014,18339439743,Authentication,166,34,-56,920,0,11,0,0,0,0,0,0,0,0
3015,18339568766,Authentication,166,34,-57,920,0,11,0,0,0,0,0,0,0,0
3016,18339601534,Authentication,166,34,-58,920,0,11,0,0,0,0,0,0,0,0
3017,18339659076,Authentication,166,34,-17,920,0,11,0,0,0,0,0,0,720,0
3018,18339665691,Authentication,166,34,-17,920,0,11,0,0,1,0,0,0,720,0
3019,18339672305,Authentication,166,34,-19,920,0,11,0,0,1,0,0,0,720,0
3020,18339678766,Authentication,166,34,-18,920,0,11,0,0,1,0,0,0,720,0
3021,18339708028,Authentication,166,34,-58,920,0,11,0,0,0,0,0,0,0,0
3022,18339765373,Authentication,166,34,-58,920,0,11,0,0,0,0,0,0,0,0
3023,18339830908,Authentication,166,34,-57,920,0,11,0,0,0,0,0,0,0,0
3024,18339859100,Authentication,166,34,-17,920,0,11,0,0,0,0,0,0,720,0
3025,18339868524,Authentication,166,34,-18,920,0,11,0,0,1,0,0,0,720,0
3026,18339875037,Authentication,166,34,-18,920,0,11,0,0,1,0,0,0,720,0
3027,18339881497,Authentication,166,34,-19,920,0,11,0,0,1,0,0,0,720,0
3028,18339916870,S1G Beacon,129,34,-19,920,3,1,,,,,,,0,0
3029,18339929212,Authentication,166,34,-57,920,0,11,0,0,0,0,0,0,0,0
3030,18339987577,Authentication,166,34,-57,920,0,11,0,0,0,0,0,0,0,0
3031,18340027516,Authentication,166,34,-57,920,0,11,0,0,0,0,0,0,0,0
3032,18340069079,Authentication,166,34,-18,920,0,11,0,0,0,0,0,0,720,0
3033,18340075642,Authentication,166,34,-17,920,0,11,0,0,1,0,0,0,720,0
3034,18340082484,Authentication,166,34,-17,920,0,11,0,0,1,0,0,0,720,0
3035,18340088581,Authentication,166,34,-17,920,0,11,0,0,1,0,0,0,720,0
3036,18340093051,Authentication,166,34,-58,920,0,11,0,0,0,0,0,0,0,0
3037,18340134010,Authentication,166,34,-57,920,0,11,0,0,0,0,0,0,0,0
3038,18340191354,Authentication,166,34,-56,920,0,11,0,0,0,0,0,0,0,0
3039,18340256890,Authentication,166,34,-58,920,0,11,0,0,0,0,0,0,0,0
3040,18340289033,Authentication,166,34,-17,920,0,11,0,0,0,0,0,0,720,0
3041,18340297366,Authentication,166,34,-19,920,0,11,0,0,1,0,0,0,720,0
3042,18340303513,Authentication,166,34,-17,920,0,11,0,0,1,0,0,0,720,0
3043,18340310074,Authentication,166,34,-18,920,0,11,0,0,1,0,0,0,720,0
3044,18340355193,Authentication,166,34,-56,920,0,11,0,0,0,0,0,0,0,0
3045,18340408438,Authentication,166,34,-56,920,0,11,0,0,0,0,0,0,0,0
3046,18340453496,Authentication,166,34,-57,920,0,11,0,0,0,0,0,0,0,0
3047,18340479090,Authentication,166,34,-19,920,0,11,0,0,0,0,0,0,720,0
3048,18340485655,Authentication,166,34,-19,920,0,11,0,0,1,0,0,0,720,0
3049,18340492324,Authentication,166,34,-18,920,0,11,0,0,1,0,0,0,720,0
3050,18340498938,Authentication,166,34,-18,920,0,11,0,0,1,0,0,0,720,0
3051,18340519032,Authentication,166,34,-58,920,0,11,0,0,0,0,0,0,0,0
3052,18340561015,Authentication,166,34,-58,920,0,11,0,0,0,0,0,0,0,0
3053,18340617336,Authentication,166,34,-56,920,0,11,0,0,0,0,0,0,0,0
3054,18340682871,Authentication,166,34,-57,920,0,11,0,0,0,0,0,0,0,0
3055,18340713977,Authentication,166,34,-17,920,0,11,0,0,0,0,0,0,720,0
3056,18340720746,Authentication,166,34,-19,920,0,11,0,0,1,0,0,0,720,0
3057,18340727152,Authentication,166,34,-19,920,0,11,0,0,1,0,0,0,720,0
3058,18340736071,S1G Beacon,61,34,-17,920,3,1,,,,,,,0,0
3059,18340737857,Authentication,166,34,-19,920,0,11,0,0,1,0,0,0,720,0
3060,18340781174,Authentication,166,34,-57,920,0,11,0,0,0,0,0,0,0,0
3061,18340829300,Authentication,166,34,-58,920,0,11,0,0,0,0,0,0,0,0
3062,18340879478,Authentication,166,34,-56,920,0,11,0,0,0,0,0,0,0,0
3063,18340925492,Authentication,166,34,-17,920,0,11,0,0,0,0,0,0,720,0
3064,18340932213,Authentication,166,34,-18,920,0,11,0,0,1,0,0,0,720,0
3065,18340937319,Authentication,166,34,-18,920,0,11,0,0,1,0,0,0,720,0
3066,18340943777,Authentication,166,34,-18,920,0,11,0,0,1,0,0,0,720,0
3067,18340990067,Authentication,166,34,-58,920,0,11,0,0,0,0,0,0,0,0
3068,18341043317,Authentication,166,34,-56,920,0,11,0,0,0,0,0,0,0,0
3069,18341108852,Authentication,166,34,-59,920,0,11,0,0,0,0,0,0,0,0
3070,18341136422,Authentication,105,34,-18,920,0,11,0,0,0,0,0,0,720,0
3071,18341141189,Authentication,105,34,-18,920,0,11,0,0,1,0,0,0,720,0
3072,18341146269,Authentication,105,34,-18,920,0,11,0,0,1,0,0,0,720,0
3073,18341151291,Authentication,105,34,-17,920,0,11,0,0,1,0,0,0,720,0
3074,18341160049,Authentication,166,34,-57,920,0,11,0,0,0,0,0,0,0,0
3075,18341191986,Data,287,34,-18,920,2,0,0,0,0,0,0,1,0,0
3076,18341271663,Authentication,166,34,-57,920,0,11,0,0,0,0,0,0,0,0
3077,18341276927,Authentication,166,34,-18,920,0,11,0,0,0,0,0,0,720,0
3078,18341283594,Authentication,166,34,-18,920,0,11,0,0,1,0,0,0,720,0
3079,18341290156,Authentication,166,34,-19,920,0,11,0,0,1,0,0,0,720,0
3080,18341296407,Authentication,166,34,-17,920,0,11,0,0,1,0,0,0,720,0
3081,18341305459,Authentication,166,34,-59,920,0,11,0,0,0,0,0,0,0,0
3082,18341370994,Authentication,166,34,-57,920,0,11,0,0,0,0,0,0,0,0
3083,18341423216,Authentication,166,34,-57,920,0,11,0,0,0,0,0,0,0,0
3084,18341469298,Authentication,166,34,-56,920,0,11,0,0,0,0,0,0,0,0
3085,18341474560,Authentication,166,34,-18,920,0,11,0,0,0,0,0,0,720,0
3086,18341481279,Authentication,166,34,-18,920,0,11,0,0,1,0,0,0,720,0
3087,18341486854,Authentication,166,34,-18,920,0,11,0,0,1,0,0,0,720,0
3088,18341493520,Authentication,166,34,-18,920,0,11,0,0,1,0,0,0,720,0
3089,18341500553,Data,378,34,-18,920,2,0,0,0,0,0,0,1,0,0
3090,18341534834,Authentication,166,34,-57,920,0,11,0,0,0,0,0,0,0,0
3091,18341555274,S1G Beacon,129,34,-17,920,3,1,,,,,,,0,0
3092,18341578864,Authentication,166,34,-57,920,0,11,0,0,0,0,0,0,0,0
3093,18341599936,Data,387,34,-19,920,2,0,0,0,0,0,0,1,0,0
3094,18341633138,Authentication,166,34,-56,920,0,11,0,0,0,0,0,0,0,0
3095,18341679059,Authentication,166,34,-18,920,0,11,0,0,0,0,0,0,720,0
3096,18341685571,Authentication,166,34,-17,920,0,11,0,0,1,0,0,0,720,0
3097,18341691976,Authentication,166,34,-19,920,0,11,0,0,1,0,0,0,720,0
3098,18341700116,Authentication,166,34,-19,920,0,11,0,0,1,0,0,0,720,0
3099,18341707149,Data,450,34,-18,920,2,0,0,0,0,0,0,1,0,0
3100,18341734512,Authentication,166,34,-57,920,0,11,0,0,0,0,0,0,0,0
3101,18341764208,Authentication,201,34,-56,920,0,11,0,0,0,0,0,0,0,0
3102,18341774371,Authentication,201,34,-58,920,0,11,0,0,0,0,0,0,0,0
3103,18341779450,Authentication,201,34,-57,920,0,11,0,0,0,0,0,0,0,0
3104,18341796976,Authentication,166,34,-57,920,0,11,0,0,0,0,0,0,0,0
3105,18341808114,Data,442,34,-18,920,2,0,0,0,0,0,0,1,0,0
3106,18341862508,Authentication,166,34,-56,920,0,11,0,0,0,0,0,0,0,0
3107,18341895280,Authentication,166,34,-57,920,0,11,0,0,0,0,0,0,0,0
3108,18341912020,Data,387,34,-17,920,2,0,0,0,0,0,0,1,0,0
3109,18341934833,Authentication,105,34,-19,920,0,11,0,0,0,0,0,0,720,0
3110,18341939758,Authentication,105,34,-18,920,0,11,0,0,1,0,0,0,720,0
3111,18341944888,Authentication,105,34,-19,920,0,11,0,0,1,0,0,0,720,0
3112,18341949033,Authentication,105,34,-18,920,0,11,0,0,1,0,0,0,720,0
3113,18341960814,Authentication,166,34,-57,920,0,11,0,0,0,0,0,0,0,0
3114,18342015984,Data,426,34,-19,920,2,0,0,0,0,0,0,1,0,0
3115,18342059118,Authentication,166,34,-56,920,0,11,0,0,0,0,0,0,0,0
3116,18342079095,Authentication,166,34,-18,920,0,11,0,0,0,0,0,0,720,0
3117,18342085504,Authentication,166,34,-18,920,0,11,0,0,1,0,0,0,720,0
3118,18342092172,Authentication,166,34,-19,920,0,11,0,0,1,0,0,0,720,0
3119,18342098789,Authentication,166,34,-18,920,0,11,0,0,1,0,0,0,720,0
3120,18342120068,Data,458,34,-19,920,2,0,0,0,0,0,0,1,0,0
3121,18342166637,Authentication,166,34,-56,920,0,11,0,0,0,0,0,0,0,0
3122,18342222958,Authentication,166,34,-56,920,0,11,0,0,0,0,0,0,0,0
3123,18342228169,Data,387,34,-17,920,2,0,0,0,0,0,0,1,0,0
3124,18342288493,Authentication,166,34,-58,920,0,11,0,0,0,0,0,0,0,0
3125,18342293080,Authentication,166,34,-17,920,0,11,0,0,0,0,0,0,720,0
3126,18342299801,Authentication,166,34,-17,920,0,11,0,0,1,0,0,0,720,0
3127,18342306261,Authentication,166,34,-18,920,0,11,0,0,1,0,0,0,720,0
3128,18342312670,Authentication,166,34,-18,920,0,11,0,0,1,0,0,0,720,0
3129,18342328189,Data,446,34,-18,920,2,0,0,0,0,0,0,1,0,0
3130,18342353424,QoS Data,149,34,-14,920,2,8,1,0,0,0,0,1,720,0
3134,18342374477,S1G Beacon,61,34,-18,920,3,1,,,,,,,0,0
3135,18342380679,QoS Data,131,34,-24,920,2,8,0,0,1,0,0,1,720,0
3137,18342432641,Data,440,34,-18,920,2,0,0,0,0,0,0,1,0,0
3138,18342485099,Authentication,166,34,-56,920,0,11,0,0,0,0,0,0,0,0
3139,18342499077,Authentication,166,34,-18,920,0,11,0,0,0,0,0,0,720,0
3140,18342505269,QoS Data,128,34,-14,920,2,8,1,0,0,0,0,1,720,0
3142,18342508181,Authentication,166,34,-18,920,0,11,0,0,1,0,0,0,720,0
3143,18342514899,Authentication,166,34,-17,920,0,11,0,0,1,0,0,0,720,0
3144,18342521513,QoS Data,128,34,-25,920,2,8,0,0,0,0,0,1,720,0
3146,18342523527,Authentication,166,34,-18,920,0,11,0,0,1,0,0,0,720,0
3147,18342536070,Data,387,34,-18,920,2,0,0,0,0,0,0,1,0,0
3148,18342550636,Authentication,166,34,-56,920,0,11,0,0,0,0,0,0,0,0
3149,18342575208,Authentication,201,34,-56,920,0,11,0,0,0,0,0,0,0,0
3150,18342583403,Authentication,201,34,-57,920,0,11,0,0,0,0,0,0,0,0
3151,18342639945,Data,442,34,-19,920,2,0,0,0,0,0,0,1,0,0
3152,18342695493,Authentication,166,34,-19,920,0,11,0,0,1,0,0,0,720,0
3153,18342702004,Authentication,166,34,-17,920,0,11,0,0,1,0,0,0,720,0
3154,18342708619,Authentication,166,34,-18,920,0,11,0,0,1,0,0,0,720,0
3155,18342714474,Authentication,166,34,-58,920,0,11,0,0,0,0,0,0,0,0
3156,18342744021,Data,452,34,-18,920,2,0,0,0,0,0,0,1,0,0
3157,18342812777,Authentication,166,34,-56,920,0,11,0,0,0,0,0,0,0,0
3158,18342860903,Authentication,166,34,-57,920,0,11,0,0,0,0,0,0,0,0
3159,18342879252,Authentication,166,34,-18,920,0,11,0,0,0,0,0,0,720,0
3160,18342885919,Authentication,166,34,-19,920,0,11,0,0,1,0,0,0,720,0
3161,18342899098,Authentication,166,34,-20,920,0,11,0,0,1,0,0,0,720,0
3162,18342911081,Authentication,166,34,-57,920,0,11,0,0,0,0,0,0,0,0
3163,18342976616,Authentication,166,34,-57,920,0,11,0,0,0,0,0,0,0,0
3164,18343017575,Authentication,166,34,-57,920,0,11,0,0,0,0,0,0,0,0
3165,18343074920,Authentication,166,34,-58,920,0,11,0,0,0,0,0,0,0,0
3166,18343089128,Authentication,166,34,-18,920,0,11,0,0,0,0,0,0,720,0
3167,18343095534,Authentication,166,34,-18,920,0,11,0,0,1,0,0,0,720,0
3168,18343100849,Authentication,166,34,-18,920,0,11,0,0,1,0,0,0,720,0
3169,18343107515,Authentication,166,34,-19,920,0,11,0,0,1,0,0,0,720,0
3170,18343140455,Authentication,166,34,-56,920,0,11,0,0,0,0,0,0,0,0
3171,18343173223,Authentication,166,34,-56,920,0,11,0,0,0,0,0,0,0,0
3172,18343193680,S1G Beacon,129,34,-17,920,3,1,,,,,,,0,0
3173,18343238758,Authentication,166,34,-57,920,0,11,0,0,0,0,0,0,0,0
3174,18343299045,Authentication,166,34,-18,920,0,11,0,0,0,0,0,0,720,0
3175,18343305452,Authentication,166,34,-18,920,0,11,0,0,1,0,0,0,720,0
3176,18343312015,Authentication,166,34,-17,920,0,11,0,0,1,0,0,0,720,0
3177,18343318683,Authentication,166,34,-19,920,0,11,0,0,1,0,0,0,720,0
3178,18343337063,Authentication,166,34,-57,920,0,11,0,0,0,0,0,0,0,0
3179,18343402597,Authentication,166,34,-56,920,0,11,0,0,0,0,0,0,0,0
3180,18343435365,Authentication,166,34,-56,920,0,11,0,0,0,0,0,0,0,0
3181,18343500901,Authentication,166,34,-57,920,0,11,0,0,0,0,0,0,0,0
3182,18343509437,Authentication,166,34,-18,920,0,11,0,0,0,0,0,0,720,0
3183,18343516002,Authentication,166,34,-18,920,0,11,0,0,1,0,0,0,720,0
3184,18343522615,Authentication,166,34,-18,920,0,11,0,0,1,0,0,0,720,0
3185,18343529281,Authentication,166,34,-18,920,0,11,0,0,1,0,0,0,720,0
3186,18343548003,Authentication,166,34,-57,920,0,11,0,0,0,0,0,0,0,0
3187,18343599205,Authentication,166,34,-56,920,0,11,0,0,0,0,0,0,0,0
3188,18343663712,Authentication,166,34,-58,920,0,11,0,0,0,0,0,0,0,0
3189,18343697508,Authentication,166,34,-57,920,0,11,0,0,0,0,0,0,0,0
3190,18343729034,Authentication,166,34,-18,920,0,11,0,0,0,0,0,0,720,0
3191,18343735754,Authentication,166,34,-18,920,0,11,0,0,1,0,0,0,720,0
3192,18343742422,Authentication,166,34,-18,920,0,11,0,0,1,0,0,0,720,0
3193,18343748882,Authentication,166,34,-18,920,0,11,0,0,1,0,0,0,720,0
3194,18343763043,Authentication,166,34,-57,920,0,11,0,0,0,0,0,0,0,0
3195,18343815265,Authentication,166,34,-57,920,0,11,0,0,0,0,0,0,0,0
3196,18343861347,Authentication,166,34,-56,920,0,11,0,0,0,0,0,0,0,0
3197,18343920813,Authentication,105,34,-18,920,0,11,0,0,0,0,0,0,720,0
3198,18343925890,Authentication,105,34,-18,920,0,11,0,0,1,0,0,0,720,0
3199,18343931439,Authentication,105,34,-19,920,0,11,0,0,1,0,0,0,720,0
3200,18343936466,Authentication,105,34,-18,920,0,11,0,0,1,0,0,0,720,0
3201,18343967841,Authentication,166,34,-57,920,0,11,0,0,0,0,0,0,0,0
3203,18344069097,Authentication,166,34,-18,920,0,11,0,0,0,0,0,0,720,0
3204,18344075714,Authentication,166,34,-18,920,0,11,0,0,1,0,0,0,720,0
3205,18344082278,Authentication,166,34,-19,920,0,11,0,0,1,0,0,0,720,0
3206,18344088739,Authentication,166,34,-19,920,0,11,0,0,1,0,0,0,720,0
3207,18344123489,Authentication,166,34,-56,920,0,11,0,0,0,0,0,0,0,0
3208,18344189024,Authentication,166,34,-57,920,0,11,0,0,0,0,0,0,0,0
3209,18344216024,Data,287,34,-18,920,2,0,0,0,0,0,0,1,0,0
3210,18344229983,Authentication,166,34,-58,920,0,11,0,0,0,0,0,0,0,0
3211,18344287328,Authentication,166,34,-56,920,0,11,0,0,0,0,0,0,0,0
3212,18344292018,Authentication,166,34,-18,920,0,11,0,0,0,0,0,0,720,0
3213,18344298739,Authentication,166,34,-18,920,0,11,0,0,1,0,0,0,720,0
3214,18344305198,Authentication,166,34,-18,920,0,11,0,0,1,0,0,0,720,0
3215,18344311763,Authentication,166,34,-18,920,0,11,0,0,1,0,0,0,720,0
3216,18344451167,Authentication,166,34,-57,920,0,11,0,0,0,0,0,0,0,0
3217,18344489036,Authentication,166,34,-18,920,0,11,0,0,0,0,0,0,720,0
3218,18344495495,Authentication,166,34,-18,920,0,11,0,0,1,0,0,0,720,0
3219,18344501903,Authentication,166,34,-18,920,0,11,0,0,1,0,0,0,720,0
3220,18344508569,Authentication,166,34,-18,920,0,11,0,0,1,0,0,0,720,0
3221,18344516702,Authentication,166,34,-58,920,0,11,0,0,0,0,0,0,0,0
3222,18344549470,Authentication,201,34,-58,920,0,11,0,0,0,0,0,0,0,0
3223,18344564714,Authentication,166,34,-56,920,0,11,0,0,0,0,0,0,0,0
3224,18344651870,Authentication,166,34,-57,920,0,11,0,0,0,0,0,0,0,0
3225,18344689088,Authentication,166,34,-19,920,0,11,0,0,0,0,0,0,720,0
3226,18344695496,Authentication,166,34,-18,920,0,11,0,0,1,0,0,0,720,0
3227,18344702061,Authentication,166,34,-17,920,0,11,0,0,1,0,0,0,720,0
3228,18344708781,Authentication,166,34,-17,920,0,11,0,0,1,0,0,0,720,0
3229,18344713309,Authentication,166,34,-56,920,0,11,0,0,0,0,0,0,0,0
3230,18344770650,Authentication,166,34,-58,920,0,11,0,0,0,0,0,0,0,0
3231,18344832088,S1G Beacon,129,34,-19,920,3,1,,,,,,,0,0
3232,18344877148,Authentication,166,34,-57,920,0,11,0,0,0,0,0,0,0,0
3233,18344881785,Authentication,105,34,-18,920,0,11,0,0,0,0,0,0,720,0
3234,18344886864,Authentication,105,34,-18,920,0,11,0,0,1,0,0,0,720,0
3235,18344891734,Authentication,105,34,-19,920,0,11,0,0,1,0,0,0,720,0
3236,18344923227,Authentication,166,34,-56,920,0,11,0,0,0,0,0,0,0,0
3237,18344975451,Authentication,166,34,-58,920,0,11,0,0,0,0,0,0,0,0
3238,18345023242,Authentication,166,34,-19,920,0,11,0,0,0,0,0,0,720,0
3239,18345030012,Authentication,166,34,-19,920,0,11,0,0,1,0,0,0,720,0
3240,18345035864,Authentication,166,34,-57,920,0,11,0,0,0,0,0,0,0,0
3241,18345040764,Authentication,166,34,-19,920,0,11,0,0,1,0,0,0,720,0
3242,18345047275,Authentication,166,34,-18,920,0,11,0,0,1,0,0,0,720,0
3243,18345073755,Authentication,166,34,-56,920,0,11,0,0,0,0,0,0,0,0
3244,18345139290,Authentication,166,34,-57,920,0,11,0,0,0,0,0,0,0,0
3245,18345176154,Authentication,166,34,-59,920,0,11,0,0,0,0,0,0,0,0
3246,18345226345,Authentication,166,34,-18,920,0,11,0,0,0,0,0,0,720,0
3247,18345233064,Authentication,166,34,-17,920,0,11,0,0,1,0,0,0,720,0
3248,18345237594,Authentication,166,34,-57,920,0,11,0,0,0,0,0,0,0,0
3249,18345242179,Authentication,166,34,-18,920,0,11,0,0,1,0,0,0,720,0
3250,18345248848,Authentication,166,34,-18,920,0,11,0,0,1,0,0,0,720,0
3251,18345293912,Authentication,166,34,-59,920,0,11,0,0,0,0,0,0,0,0
3252,18345335897,Authentication,166,34,-56,920,0,11,0,0,0,0,0,0,0,0
3253,18345401433,Authentication,166,34,-58,920,0,11,0,0,0,0,0,0,0,0
3254,18345429078,Authentication,166,34,-17,920,0,11,0,0,0,0,0,0,720,0
3255,18345434201,Authentication,166,34,-56,920,0,11,0,0,0,0,0,0,0,0
3256,18345439047,Authentication,166,34,-17,920,0,11,0,0,1,0,0,0,720,0
3257,18345445451,Authentication,166,34,-17,920,0,11,0,0,1,0,0,0,720,0
3258,18345452066,Authentication,166,34,-17,920,0,11,0,0,1,0,0,0,720,0
3259,18345499736,Authentication,166,34,-56,920,0,11,0,0,0,0,0,0,0,0
3260,18345524305,Authentication,201,34,-57,920,0,11,0,0,0,0,0,0,0,0
3261,18345548886,Authentication,166,34,-57,920,0,11,0,0,0,0,0,0,0,0
3262,18345598040,Authentication,166,34,-58,920,0,11,0,0,0,0,0,0,0,0
3263,18345651292,S1G Beacon,61,34,-18,920,3,1,,,,,,,0,0
3264,18345663575,Authentication,166,34,-56,920,0,11,0,0,0,0,0,0,0,0
3265,18345668891,Authentication,166,34,-19,920,0,11,0,0,0,0,0,0,720,0
3266,18345675298,Authentication,166,34,-18,920,0,11,0,0,1,0,0,0,720,0
3267,18345681707,Authentication,166,34,-17,920,0,11,0,0,1,0,0,0,720,0
3268,18345688219,Authentication,166,34,-18,920,0,11,0,0,1,0,0,0,720,0
3269,18345698391,Authentication,166,34,-56,920,0,11,0,0,0,0,0,0,0,0
3270,18345761879,Authentication,166,34,-57,920,0,11,0,0,0,0,0,0,0,0
3271,18345827415,Authentication,166,34,-55,920,0,11,0,0,0,0,0,0,0,0
3272,18345855155,Authentication,166,34,-18,920,0,11,0,0,0,0,0,0,720,0
3273,18345860182,Authentication,166,34,-56,920,0,11,0,0,0,0,0,0,0,0
3274,18345864767,Authentication,166,34,-18,920,0,11,0,0,1,0,0,0,720,0
3275,18345871225,Authentication,166,34,-18,920,0,11,0,0,1,0,0,0,720,0
3276,18345877789,Authentication,166,34,-18,920,0,11,0,0,1,0,0,0,720,0
3277,18345925717,Authentication,166,34,-57,920,0,11,0,0,0,0,0,0,0,0
3278,18345977940,Authentication,166,34,-56,920,0,11,0,0,0,0,0,0,0,0
3279,18346024021,Authentication,166,34,-55,920,0,11,0,0,0,0,0,0,0,0
3280,18346089556,Authentication,166,34,-57,920,0,11,0,0,0,0,0,0,0,0
3281,18346109172,Authentication,166,34,-18,920,0,11,0,0,0,0,0,0,720,0
3282,18346115734,Authentication,166,34,-19,920,0,11,0,0,1,0,0,0,720,0
3283,18346122194,Authentication,166,34,-19,920,0,11,0,0,1,0,0,0,720,0
3284,18346128861,Authentication,166,34,-18,920,0,11,0,0,1,0,0,0,720,0
3285,18346138706,Authentication,166,34,-56,920,0,11,0,0,0,0,0,0,0,0
3286,18346187860,Authentication,166,34,-55,920,0,11,0,0,0,0,0,0,0,0
3288,18346248784,Authentication,166,34,-56,920,0,11,0,0,0,0,0,0,0,0
3289,18346286163,Authentication,166,34,-56,920,0,11,0,0,0,0,0,0,0,0
3290,18346328969,Authentication,166,34,-18,920,0,11,0,0,0,0,0,0,720,0
3291,18346335533,Authentication,166,34,-19,920,0,11,0,0,1,0,0,0,720,0
3292,18346342147,Authentication,166,34,-18,920,0,11,0,0,1,0,0,0,720,0
3293,18346348710,Authentication,166,34,-17,920,0,11,0,0,1,0,0,0,720,0
3294,18346387538,Authentication,166,34,-57,920,0,11,0,0,0,0,0,0,0,0
3295,18346450002,Authentication,166,34,-56,920,0,11,0,0,0,0,0,0,0,0
3296,18346470494,S1G Beacon,129,34,-18,920,3,1,,,,,,,0,0
3297,18346515538,Authentication,166,34,-56,920,0,11,0,0,0,0,0,0,0,0
3298,18346533177,Authentication,166,34,-17,920,0,11,0,0,0,0,0,0,720,0
3299,18346539795,Authentication,166,34,-19,920,0,11,0,0,1,0,0,0,720,0
3300,18346546410,Authentication,166,34,-17,920,0,11,0,0,1,0,0,0,720,0
3301,18346552869,Authentication,166,34,-18,920,0,11,0,0,1,0,0,0,720,0
3302,18346613841,Authentication,166,34,-55,920,0,11,0,0,0,0,0,0,0,0
3303,18346670158,Authentication,166,34,-56,920,0,11,0,0,0,0,0,0,0,0
3304,18346712145,Authentication,166,34,-57,920,0,11,0,0,0,0,0,0,0,0
3305,18346770509,Authentication,166,34,-57,920,0,11,0,0,0,0,0,0,0,0
3306,18346809054,Authentication,166,34,-18,920,0,11,0,0,0,0,0,0,720,0
3307,18346815514,Authentication,166,34,-18,920,0,11,0,0,1,0,0,0,720,0
3308,18346822285,Authentication,166,34,-19,920,0,11,0,0,1,0,0,0,720,0
3309,18346829057,Authentication,166,34,-19,920,0,11,0,0,1,0,0,0,720,0
3310,18346875984,Authentication,166,34,-56,920,0,11,0,0,0,0,0,0,0,0
3311,18346941519,Authentication,166,34,-56,920,0,11,0,0,0,0,0,0,0,0
3312,18346979407,Authentication,166,34,-56,920,0,11,0,0,0,0,0,0,0,0
3313,18347000944,Authentication,166,34,-19,920,0,11,0,0,0,0,0,0,720,0
3314,18347007558,Authentication,166,34,-19,920,0,11,0,0,1,0,0,0,720,0
3315,18347014121,Authentication,166,34,-19,920,0,11,0,0,1,0,0,0,720,0
3316,18347020528,Authentication,166,34,-18,920,0,11,0,0,1,0,0,0,720,0
3317,18347039822,Authentication,166,34,-57,920,0,11,0,0,0,0,0,0,0,0
3318,18347101258,Authentication,166,34,-56,920,0,11,0,0,0,0,0,0,0,0
3319,18347138126,Authentication,166,34,-58,920,0,11,0,0,0,0,0,0,0,0
3320,18347203662,Authentication,166,34,-56,920,0,11,0,0,0,0,0,0,0,0
3321,18347219063,Authentication,166,34,-18,920,0,11,0,0,0,0,0,0,720,0
3322,18347225522,Authentication,166,34,-18,920,0,11,0,0,1,0,0,0,720,0
3323,18347231980,Authentication,166,34,-18,920,0,11,0,0,1,0,0,0,720,0
3324,18347238647,Authentication,166,34,-17,920,0,11,0,0,1,0,0,0,720,0
3325,18347245679,Data,287,34,-18,920,2,0,0,0,0,0,0,1,0,0
3326,18347268169,Authentication,166,34,-57,920,0,11,0,0,0,0,0,0,0,0
3327,18347289696,S1G Beacon,61,34,-18,920,3,1,,,,,,,0,0
3328,18347301965,Authentication,166,34,-55,920,0,11,0,0,0,0,0,0,0,0
3329,18347367500,Authentication,166,34,-58,920,0,11,0,0,0,0,0,0,0,0
3330,18347393874,QoS Data,149,34,-16,920,2,8,1,0,0,0,0,1,720,0
3333,18347400268,Authentication,166,34,-55,920,0,11,0,0,0,0,0,0,0,0
3334,18347405374,QoS Data,131,34,-27,920,2,8,1,0,0,0,0,1,720,0
3337,18347456305,Authentication,166,34,-17,920,0,11,0,0,0,0,0,0,720,0
3338,18347462817,Authentication,166,34,-18,920,0,11,0,0,1,0,0,0,720,0
3339,18347469329,Authentication,166,34,-18,920,0,11,0,0,1,0,0,0,720,0
3340,18347475994,Authentication,166,34,-16,920,0,11,0,0,1,0,0,0,720,0
3341,18347505531,QoS Data,128,34,-17,920,2,8,1,0,0,0,0,1,720,0
3344,18347531339,Authentication,166,34,-57,920,0,11,0,0,0,0,0,0,0,0
3345,18347564107,Authentication,166,34,-57,920,0,11,0,0,0,0,0,0,0,0
3346,18347629642,Authentication,166,34,-55,920,0,11,0,0,0,0,0,0,0,0
3347,18347662827,Authentication,105,34,-18,920,0,11,0,0,0,0,0,0,720,0
3348,18347667959,Authentication,105,34,-18,920,0,11,0,0,1,0,0,0,720,0
3349,18347673038,Authentication,105,34,-19,920,0,11,0,0,1,0,0,0,720,0
3350,18347678169,Authentication,105,34,-18,920,0,11,0,0,1,0,0,0,720,0
3351,18347680840,Authentication,166,34,-57,920,0,11,0,0,0,0,0,0,0,0
3352,18347727946,Authentication,166,34,-56,920,0,11,0,0,0,0,0,0,0,0
3353,18347793481,Authentication,166,34,-56,920,0,11,0,0,0,0,0,0,0,0
3354,18347809041,Authentication,166,34,-18,920,0,11,0,0,0,0,0,0,720,0
3355,18347815499,Authentication,166,34,-20,920,0,11,0,0,1,0,0,0,720,0
3356,18347821958,Authentication,166,34,-19,920,0,11,0,0,1,0,0,0,720,0
3357,18347828470,Authentication,166,34,-18,920,0,11,0,0,1,0,0,0,720,0
3358,18347846727,Authentication,166,34,-55,920,0,11,0,0,0,0,0,0,0,0
3359,18347891785,Authentication,166,34,-56,920,0,11,0,0,0,0,0,0,0,0
3360,18347957320,Authentication,166,34,-55,920,0,11,0,0,0,0,0,0,0,0
3361,18348005446,Authentication,166,34,-57,920,0,11,0,0,0,0,0,0,0,0
3363,18348055624,Authentication,166,34,-58,920,0,11,0,0,0,0,0,0,0,0
3364,18348060573,Authentication,166,34,-19,920,0,11,0,0,0,0,0,0,720,0
3365,18348067291,Authentication,166,34,-19,920,0,11,0,0,1,0,0,0,720,0
3366,18348073854,Authentication,166,34,-19,920,0,11,0,0,1,0,0,0,720,0
3367,18348080312,Authentication,166,34,-19,920,0,11,0,0,1,0,0,0,720,0
3368,18348108901,S1G Beacon,129,34,-19,920,3,1,,,,,,,0,0
3369,18348121159,Authentication,166,34,-57,920,0,11,0,0,0,0,0,0,0,0
3370,18348153928,Authentication,166,34,-56,920,0,11,0,0,0,0,0,0,0,0
3371,18348219462,Authentication,166,34,-55,920,0,11,0,0,0,0,0,0,0,0
3372,18348273731,Authentication,166,34,-56,920,0,11,0,0,0,0,0,0,0,0
3373,18348284999,Authentication,201,34,-57,920,0,11,0,0,0,0,0,0,0,0
3374,18348295161,Authentication,201,34,-57,920,0,11,0,0,0,0,0,0,0,0
3375,18348304453,Authentication,201,34,-56,920,0,11,0,0,0,0,0,0,0,0
3376,18348317766,Authentication,166,34,-57,920,0,11,0,0,0,0,0,0,0,0
3377,18348383302,Authentication,166,34,-57,920,0,11,0,0,0,0,0,0,0,0
3378,18348409053,Authentication,166,34,-18,920,0,11,0,0,0,0,0,0,720,0
3379,18348420668,Authentication,166,34,-21,920,0,11,0,0,1,0,0,0,720,0
3380,18348426086,Authentication,166,34,-19,920,0,11,0,0,1,0,0,0,720,0
3381,18348481606,Authentication,166,34,-57,920,0,11,0,0,0,0,0,0,0,0
3382,18348535874,Authentication,166,34,-56,920,0,11,0,0,0,0,0,0,0,0
3383,18348579909,Authentication,166,34,-56,920,0,11,0,0,0,0,0,0,0,0
3384,18348609040,Authentication,166,34,-19,920,0,11,0,0,0,0,0,0,720,0
3385,18348615501,Authentication,166,34,-18,920,0,11,0,0,1,0,0,0,720,0
3386,18348622011,Authentication,166,34,-19,920,0,11,0,0,1,0,0,0,720,0
3387,18348628626,Authentication,166,34,-20,920,0,11,0,0,1,0,0,0,720,0
3388,18348645444,Authentication,166,34,-58,920,0,11,0,0,0,0,0,0,0,0
3389,18348678212,Authentication,166,34,-57,920,0,11,0,0,0,0,0,0,0,0
3390,18348792897,Authentication,166,34,-57,920,0,11,0,0,0,0,0,0,0,0
3391,18348808507,Authentication,166,34,-18,920,0,11,0,0,0,0,0,0,720,0
3392,18348815069,Authentication,166,34,-19,920,0,11,0,0,1,0,0,0,720,0
3393,18348821425,Authentication,166,34,-18,920,0,11,0,0,1,0,0,0,720,0
3394,18348828145,Authentication,166,34,-18,920,0,11,0,0,1,0,0,0,720,0
3395,18348842050,Authentication,166,34,-56,920,0,11,0,0,0,0,0,0,0,0
3396,18348907586,Authentication,166,34,-56,920,0,11,0,0,0,0,0,0,0,0
3397,18348928103,S1G Beacon,61,34,-19,920,3,1,,,,,,,0,0
3398,18348955712,Authentication,166,34,-56,920,0,11,0,0,0,0,0,0,0,0
3399,18349005889,Authentication,166,34,-56,920,0,11,0,0,0,0,0,0,0,0
3400,18349010737,Authentication,166,34,-18,920,0,11,0,0,0,0,0,0,720,0
3401,18349017145,Authentication,166,34,-18,920,0,11,0,0,1,0,0,0,720,0
3402,18349023863,Authentication,166,34,-18,920,0,11,0,0,1,0,0,0,720,0
3403,18349030476,Authentication,166,34,-19,920,0,11,0,0,1,0,0,0,720,0
3404,18349071426,Authentication,166,34,-56,920,0,11,0,0,0,0,0,0,0,0
3405,18349119551,Authentication,166,34,-56,920,0,11,0,0,0,0,0,0,0,0
3406,18349169728,Authentication,166,34,-56,920,0,11,0,0,0,0,0,0,0,0
3407,18349235260,Authentication,166,34,-57,920,0,11,0,0,0,0,0,0,0,0
3408,18349259451,Authentication,166,34,-19,920,0,11,0,0,0,0,0,0,720,0
3409,18349265964,Authentication,166,34,-18,920,0,11,0,0,1,0,0,0,720,0
3410,18349271644,Authentication,166,34,-18,920,0,11,0,0,1,0,0,0,720,0
3411,18349278101,Authentication,166,34,-18,920,0,11,0,0,1,0,0,0,720,0
3412,18349333568,Authentication,166,34,-56,920,0,11,0,0,0,0,0,0,0,0
3413,18349399103,Authentication,166,34,-56,920,0,11,0,0,0,0,0,0,0,0
3414,18349431872,Authentication,166,34,-56,920,0,11,0,0,0,0,0,0,0,0
3415,18349459005,Authentication,166,34,-19,920,0,11,0,0,0,0,0,0,720,0
3416,18349464268,Authentication,166,34,-18,920,0,11,0,0,1,0,0,0,720,0
3417,18349470677,Authentication,166,34,-19,920,0,11,0,0,1,0,0,0,720,0
3418,18349477395,Authentication,166,34,-18,920,0,11,0,0,1,0,0,0,720,0
3419,18349497407,Authentication,166,34,-57,920,0,11,0,0,0,0,0,0,0,0
3420,18349595710,Authentication,166,34,-57,920,0,11,0,0,0,0,0,0,0,0
3421,18349654201,Authentication,166,34,-18,920,0,11,0,0,0,0,0,0,720,0
3422,18349660869,Authentication,166,34,-18,920,0,11,0,0,1,0,0,0,720,0
3423,18349667485,Authentication,166,34,-20,920,0,11,0,0,1,0,0,0,720,0
3424,18349674048,Authentication,166,34,-18,920,0,11,0,0,1,0,0,0,720,0
3425,18349709371,Authentication,166,34,-56,920,0,11,0,0,0,0,0,0,0,0
3426,18349747309,S1G Beacon,129,34,-18,920,3,1,,,,,,,0,0
3427,18349759550,Authentication,166,34,-56,920,0,11,0,0,0,0,0,0,0,0
3428,18349857853,Authentication,166,34,-57,920,0,11,0,0,0,0,0,0,0,0
3429,18349867693,Authentication,166,34,-18,920,0,11,0,0,0,0,0,0,720,0
3430,18349874359,Authentication,166,34,-19,920,0,11,0,0,1,0,0,0,720,0
3431,18349880873,Authentication,166,34,-19,920,0,11,0,0,1,0,0,0,720,0
3432,18349887488,Authentication,166,34,-18,920,0,11,0,0,1,0,0,0,720,0
3433,18349923388,Authentication,166,34,-56,920,0,11,0,0,0,0,0,0,0,0
3434,18349985848,Authentication,166,34,-56,920,0,11,0,0,0,0,0,0,0,0
3435,18350021691,Authentication,166,34,-57,920,0,11,0,0,0,0,0,0,0,0
3436,18350079060,Authentication,166,34,-19,920,0,11,0,0,0,0,0,0,720,0
3437,18350085571,Authentication,166,34,-20,920,0,11,0,0,1,0,0,0,720,0
3438,18350091823,Authentication,166,34,-19,920,0,11,0,0,1,0,0,0,720,0
3439,18350098333,Authentication,166,34,-19,920,0,11,0,0,1,0,0,0,720,0
3440,18350152762,Authentication,166,34,-56,920,0,11,0,0,0,0,0,0,0,0
3441,18350185530,Authentication,166,34,-56,920,0,11,0,0,0,0,0,0,0,0
3442,18350251066,Authentication,166,34,-57,920,0,11,0,0,0,0,0,0,0,0
3443,18350264126,Data,287,34,-18,920,2,0,0,0,0,0,0,1,0,0
3444,18350285881,Authentication,166,34,-57,920,0,11,0,0,0,0,0,0,0,0
3445,18350349369,Authentication,166,34,-57,920,0,11,0,0,0,0,0,0,0,0
3446,18350354580,Authentication,166,34,-18,920,0,11,0,0,0,0,0,0,720,0
3447,18350361196,Authentication,166,34,-18,920,0,11,0,0,1,0,0,0,720,0
3448,18350367864,Authentication,166,34,-19,920,0,11,0,0,1,0,0,0,720,0
3449,18350374533,Authentication,166,34,-18,920,0,11,0,0,1,0,0,0,720,0
3450,18350414905,Authentication,166,34,-56,920,0,11,0,0,0,0,0,0,0,0
3451,18350447672,Authentication,166,34,-56,920,0,11,0,0,0,0,0,0,0,0
3452,18350558263,Authentication,166,34,-57,920,0,11,0,0,0,0,0,0,0,0
3453,18350566510,S1G Beacon,61,34,-19,920,3,1,,,,,,,0,0
3454,18350569180,Authentication,166,34,-19,920,0,11,0,0,0,0,0,0,720,0
3455,18350574234,Authentication,166,34,-19,920,0,11,0,0,1,0,0,0,720,0
3456,18350580695,Authentication,166,34,-20,920,0,11,0,0,1,0,0,0,720,0
3457,18350587361,Authentication,166,34,-19,920,0,11,0,0,1,0,0,0,720,0
3458,18350611512,Authentication,166,34,-56,920,0,11,0,0,0,0,0,0,0,0
3459,18350709815,Authentication,166,34,-58,920,0,11,0,0,0,0,0,0,0,0
3460,18350775351,Authentication,166,34,-57,920,0,11,0,0,0,0,0,0,0,0
3461,18350780613,Authentication,166,34,-18,920,0,11,0,0,0,0,0,0,720,0
3462,18350787073,Authentication,166,34,-19,920,0,11,0,0,1,0,0,0,720,0
3463,18350793533,Authentication,166,34,-18,920,0,11,0,0,1,0,0,0,720,0
3464,18350800305,Authentication,166,34,-18,920,0,11,0,0,1,0,0,0,720,0
3465,18350821428,Authentication,166,34,-56,920,0,11,0,0,0,0,0,0,0,0
3466,18350873654,Authentication,166,34,-56,920,0,11,0,0,0,0,0,0,0,0
3467,18350939189,Authentication,166,34,-57,920,0,11,0,0,0,0,0,0,0,0
3468,18350971958,Authentication,166,34,-56,920,0,11,0,0,0,0,0,0,0,0
3469,18350989023,Authentication,166,34,-18,920,0,11,0,0,0,0,0,0,720,0
3470,18350995635,Authentication,166,34,-18,920,0,11,0,0,1,0,0,0,720,0
3471,18351002305,Authentication,166,34,-18,920,0,11,0,0,1,0,0,0,720,0
3472,18351008818,Authentication,166,34,-18,920,0,11,0,0,1,0,0,0,720,0
3473,18351037493,Authentication,166,34,-56,920,0,11,0,0,0,0,0,0,0,0
3474,18351135796,Authentication,166,34,-56,920,0,11,0,0,0,0,0,0,0,0
3475,18351201331,Authentication,166,34,-56,920,0,11,0,0,0,0,0,0,0,0
3476,18351206595,Authentication,166,34,-18,920,0,11,0,0,0,0,0,0,720,0
3477,18351213158,Authentication,166,34,-18,920,0,11,0,0,1,0,0,0,720,0
3478,18351219826,Authentication,166,34,-18,920,0,11,0,0,1,0,0,0,720,0
3479,18351226336,Authentication,166,34,-19,920,0,11,0,0,1,0,0,0,720,0
3480,18351234099,Authentication,166,34,-57,920,0,11,0,0,0,0,0,0,0,0
3481,18351299636,Authentication,166,34,-56,920,0,11,0,0,0,0,0,0,0,0
3482,18351345713,Authentication,166,34,-57,920,0,11,0,0,0,0,0,0,0,0
3483,18351385713,S1G Beacon,129,34,-19,920,3,1,,,,,,,0,0
3484,18351397939,Authentication,166,34,-57,920,0,11,0,0,0,0,0,0,0,0
3485,18351402525,Authentication,105,34,-18,920,0,11,0,0,0,0,0,0,720,0
3486,18351407553,Authentication,105,34,-19,920,0,11,0,0,1,0,0,0,720,0
3487,18351412683,Authentication,105,34,-18,920,0,11,0,0,1,0,0,0,720,0
3488,18351417503,Authentication,105,34,-18,920,0,11,0,0,1,0,0,0,720,0
3489,18351463474,Authentication,166,34,-57,920,0,11,0,0,0,0,0,0,0,0
3490,18351496242,Authentication,166,34,-57,920,0,11,0,0,0,0,0,0,0,0
3491,18351549020,Authentication,166,34,-19,920,0,11,0,0,0,0,0,0,720,0
3492,18351555427,Authentication,166,34,-18,920,0,11,0,0,1,0,0,0,720,0
3493,18351561777,Authentication,166,34,-57,920,0,11,0,0,0,0,0,0,0,0
3494,18351566519,Authentication,166,34,-19,920,0,11,0,0,1,0,0,0,720,0
3495,18351572929,Authentication,166,34,-19,920,0,11,0,0,1,0,0,0,720,0
3496,18351601712,Authentication,166,34,-59,920,0,11,0,0,0,0,0,0,0,0
3497,18351660081,Authentication,166,34,-57,920,0,11,0,0,0,0,0,0,0,0
3498,18351725616,Authentication,166,34,-58,920,0,11,0,0,0,0,0,0,0,0
3499,18351748995,Authentication,166,34,-19,920,0,11,0,0,0,0,0,0,720,0
3500,18351762947,Authentication,166,34,-19,920,0,11,0,0,1,0,0,0,720,0
3501,18351769562,Authentication,166,34,-18,920,0,11,0,0,1,0,0,0,720,0
3502,18351823920,Authentication,166,34,-56,920,0,11,0,0,0,0,0,0,0,0
3503,18351869999,Authentication,166,34,-56,920,0,11,0,0,0,0,0,0,0,0
3504,18351922223,Authentication,166,34,-57,920,0,11,0,0,0,0,0,0,0,0
3505,18351959049,Authentication,166,34,-18,920,0,11,0,0,0,0,0,0,720,0
3506,18351965508,Authentication,166,34,-19,920,0,11,0,0,1,0,0,0,720,0
3507,18351971969,Authentication,166,34,-18,920,0,11,0,0,1,0,0,0,720,0
3508,18351977803,Authentication,166,34,-19,920,0,11,0,0,1,0,0,0,720,0
3509,18351987759,Authentication,166,34,-55,920,0,11,0,0,0,0,0,0,0,0
3510,18352020526,Authentication,201,34,-58,920,0,11,0,0,0,0,0,0,0,0
3511,18352029769,Authentication,201,34,-57,920,0,11,0,0,0,0,0,0,0,0
3512,18352038957,Authentication,201,34,-56,920,0,11,0,0,0,0,0,0,0,0
3513,18352086062,Authentication,166,34,-57,920,0,11,0,0,0,0,0,0,0,0
3514,18352140331,Authentication,166,34,-56,920,0,11,0,0,0,0,0,0,0,0
3515,18352169047,Authentication,166,34,-18,920,0,11,0,0,0,0,0,0,720,0
3516,18352175456,Authentication,166,34,-19,920,0,11,0,0,1,0,0,0,720,0
3517,18352182069,Authentication,166,34,-18,920,0,11,0,0,1,0,0,0,720,0
3518,18352188839,Authentication,166,34,-19,920,0,11,0,0,1,0,0,0,720,0
3519,18352220728,S1G Beacon,61,34,-18,920,3,1,,,,,,,0,0
3520,18352249901,Authentication,166,34,-56,920,0,11,0,0,0,0,0,0,0,0
3521,18352282669,Authentication,166,34,-56,920,0,11,0,0,0,0,0,0,0,0
3522,18352348204,Authentication,166,34,-56,920,0,11,0,0,0,0,0,0,0,0
3523,18352369015,Authentication,166,34,-18,920,0,11,0,0,0,0,0,0,720,0
3524,18352375421,Authentication,166,34,-18,920,0,11,0,0,1,0,0,0,720,0
3525,18352381879,Authentication,166,34,-18,920,0,11,0,0,1,0,0,0,720,0
3526,18352388286,Authentication,166,34,-19,920,0,11,0,0,1,0,0,0,720,0
3527,18352401450,Authentication,166,34,-57,920,0,11,0,0,0,0,0,0,0,0
3528,18352419711,QoS Data,149,34,-15,920,2,8,1,0,0,0,0,1,720,0
3529,18352423301,QoS Data,149,34,-15,920,2,8,1,0,1,0,0,1,720,0
3531,18352426522,QoS Data,149,34,-26,920,2,8,0,0,0,0,0,1,720,0
3533,18352432369,QoS Data,131,34,-19,920,2,8,1,0,0,0,0,1,720,0
3536,18352446508,Authentication,166,34,-56,920,0,11,0,0,0,0,0,0,0,0
3537,18352505173,QoS Data,128,34,-15,920,2,8,1,0,0,0,0,1,720,0
3540,18352512043,Authentication,166,34,-56,920,0,11,0,0,0,0,0,0,0,0
3541,18352544811,Authentication,166,34,-56,920,0,11,0,0,0,0,0,0,0,0
3542,18352565612,Authentication,105,34,-20,920,0,11,0,0,0,0,0,0,720,0
3543,18352570433,Authentication,105,34,-18,920,0,11,0,0,1,0,0,0,720,0
3544,18352575410,Authentication,105,34,-18,920,0,11,0,0,1,0,0,0,720,0
3545,18352579190,Authentication,105,34,-18,920,0,11,0,0,1,0,0,0,720,0
3546,18352610347,Authentication,166,34,-56,920,0,11,0,0,0,0,0,0,0,0
3547,18352662569,Authentication,166,34,-56,920,0,11,0,0,0,0,0,0,0,0
3548,18352708650,Authentication,166,34,-56,920,0,11,0,0,0,0,0,0,0,0
3549,18352713860,Authentication,166,34,-18,920,0,11,0,0,0,0,0,0,720,0
3550,18352720527,Authentication,166,34,-18,920,0,11,0,0,1,0,0,0,720,0
3551,18352727037,Authentication,166,34,-19,920,0,11,0,0,1,0,0,0,720,0
3552,18352733444,Authentication,166,34,-19,920,0,11,0,0,1,0,0,0,720,0
3553,18352774185,Authentication,166,34,-56,920,0,11,0,0,0,0,0,0,0,0
3554,18352806954,Authentication,166,34,-56,920,0,11,0,0,0,0,0,0,0,0
3555,18352872489,Authentication,166,34,-57,920,0,11,0,0,0,0,0,0,0,0
3557,18352925734,Authentication,166,34,-57,920,0,11,0,0,0,0,0,0,0,0
3558,18352930320,Authentication,166,34,-18,920,0,11,0,0,0,0,0,0,720,0
3559,18352941938,Authentication,166,34,-19,920,0,11,0,0,1,0,0,0,720,0
3560,18352948605,Authentication,166,34,-19,920,0,11,0,0,1,0,0,0,720,0
3561,18352970792,Authentication,166,34,-56,920,0,11,0,0,0,0,0,0,0,0
3562,18353024121,S1G Beacon,129,34,-19,920,3,1,,,,,,,0,0
3563,18353036328,Authentication,166,34,-56,920,0,11,0,0,0,0,0,0,0,0
3564,18353094692,Authentication,166,34,-56,920,0,11,0,0,0,0,0,0,0,0
3565,18353134631,Authentication,166,34,-57,920,0,11,0,0,0,0,0,0,0,0
3566,18353139581,Authentication,166,34,-18,920,0,11,0,0,0,0,0,0,720,0
3567,18353145570,Authentication,166,34,-18,920,0,11,0,0,1,0,0,0,720,0
3568,18353152289,Authentication,166,34,-19,920,0,11,0,0,1,0,0,0,720,0
3569,18353200167,Authentication,201,34,-56,920,0,11,0,0,0,0,0,0,0,0
3570,18353209409,Authentication,201,34,-57,920,0,11,0,0,0,0,0,0,0,0
3571,18353219571,Authentication,201,34,-56,920,0,11,0,0,0,0,0,0,0,0
3572,18353240102,Authentication,166,34,-57,920,0,11,0,0,0,0,0,0,0,0
3573,18353288016,Data,287,34,-18,920,2,0,0,0,0,0,0,1,0,0
3574,18353329238,Authentication,166,34,-19,920,0,11,0,0,0,0,0,0,720,0
3575,18353335646,Authentication,166,34,-19,920,0,11,0,0,1,0,0,0,720,0
3576,18353342312,Authentication,166,34,-18,920,0,11,0,0,1,0,0,0,720,0
3577,18353349083,Authentication,166,34,-18,920,0,11,0,0,1,0,0,0,720,0
3578,18353355811,Authentication,166,34,-58,920,0,11,0,0,0,0,0,0,0,0
3579,18353396773,Authentication,166,34,-56,920,0,11,0,0,0,0,0,0,0,0
3580,18353462309,Authentication,166,34,-57,920,0,11,0,0,0,0,0,0,0,0
3581,18353510435,Authentication,166,34,-57,920,0,11,0,0,0,0,0,0,0,0
3582,18353549238,Authentication,166,34,-18,920,0,11,0,0,0,0,0,0,720,0
3583,18353556008,Authentication,166,34,-18,920,0,11,0,0,1,0,0,0,720,0
3584,18353560613,Authentication,166,34,-56,920,0,11,0,0,0,0,0,0,0,0
3585,18353565251,Authentication,166,34,-19,920,0,11,0,0,1,0,0,0,720,0
3586,18353571709,Authentication,166,34,-19,920,0,11,0,0,1,0,0,0,720,0
3587,18353626148,Authentication,166,34,-56,920,0,11,0,0,0,0,0,0,0,0
3588,18353660964,Authentication,166,34,-56,920,0,11,0,0,0,0,0,0,0,0
3589,18353724452,Authentication,166,34,-57,920,0,11,0,0,0,0,0,0,0,0
3590,18353759114,Authentication,166,34,-18,920,0,11,0,0,0,0,0,0,720,0
3591,18353765728,Authentication,166,34,-18,920,0,11,0,0,1,0,0,0,720,0
3592,18353772187,Authentication,166,34,-18,920,0,11,0,0,1,0,0,0,720,0
3593,18353777448,Authentication,166,34,-19,920,0,11,0,0,1,0,0,0,720,0
3594,18353789988,Authentication,166,34,-56,920,0,11,0,0,0,0,0,0,0,0
3595,18353822755,Authentication,166,34,-58,920,0,11,0,0,0,0,0,0,0,0
3596,18353843323,S1G Beacon,61,34,-19,920,3,1,,,,,,,0,0
3597,18353888290,Authentication,166,34,-56,920,0,11,0,0,0,0,0,0,0,0
3598,18353953826,Authentication,166,34,-58,920,0,11,0,0,0,0,0,0,0,0
3599,18353986168,Authentication,166,34,-19,920,0,11,0,0,0,0,0,0,720,0
3600,18353992783,Authentication,166,34,-19,920,0,11,0,0,1,0,0,0,720,0
3601,18353999501,Authentication,166,34,-19,920,0,11,0,0,1,0,0,0,720,0
3602,18354005958,Authentication,166,34,-18,920,0,11,0,0,1,0,0,0,720,0
3603,18354052129,Authentication,166,34,-56,920,0,11,0,0,0,0,0,0,0,0
3604,18354117665,Authentication,166,34,-56,920,0,11,0,0,0,0,0,0,0,0
3605,18354150433,Authentication,166,34,-57,920,0,11,0,0,0,0,0,0,0,0
3606,18354187093,Authentication,166,34,-18,920,0,11,0,0,0,0,0,0,720,0
3607,18354193500,Authentication,166,34,-19,920,0,11,0,0,1,0,0,0,720,0
3608,18354200116,Authentication,166,34,-18,920,0,11,0,0,1,0,0,0,720,0
3609,18354206730,Authentication,166,34,-19,920,0,11,0,0,1,0,0,0,720,0
3610,18354215969,Authentication,166,34,-57,920,0,11,0,0,0,0,0,0,0,0
3611,18354257695,Authentication,166,34,-56,920,0,11,0,0,0,0,0,0,0,0
3612,18354314271,Authentication,166,34,-55,920,0,11,0,0,0,0,0,0,0,0
3613,18354379808,Authentication,166,34,-58,920,0,11,0,0,0,0,0,0,0,0
3614,18354408990,Authentication,166,34,-18,920,0,11,0,0,0,0,0,0,720,0
3615,18354417165,Authentication,166,34,-18,920,0,11,0,0,1,0,0,0,720,0
3616,18354423573,Authentication,166,34,-18,920,0,11,0,0,1,0,0,0,720,0
3617,18354430238,Authentication,166,34,-18,920,0,11,0,0,1,0,0,0,720,0
3618,18354478110,Authentication,166,34,-56,920,0,11,0,0,0,0,0,0,0,0
3619,18354522142,Authentication,166,34,-56,920,0,11,0,0,0,0,0,0,0,0
3620,18354576415,Authentication,166,34,-56,920,0,11,0,0,0,0,0,0,0,0
3621,18354618950,Authentication,166,34,-18,920,0,11,0,0,0,0,0,0,720,0
3622,18354625409,Authentication,166,34,-18,920,0,11,0,0,1,0,0,0,720,0
3623,18354632077,Authentication,166,34,-18,920,0,11,0,0,1,0,0,0,720,0
3624,18354638643,Authentication,166,34,-18,920,0,11,0,0,1,0,0,0,720,0
3625,18354662529,S1G Beacon,129,34,-19,920,3,1,,,,,,,0,0
3626,18354684956,Authentication,166,34,-57,920,0,11,0,0,0,0,0,0,0,0
3627,18354740253,Authentication,166,34,-56,920,0,11,0,0,0,0,0,0,0,0
3628,18354802201,Authentication,166,34,-58,920,0,11,0,0,0,0,0,0,0,0
3629,18354807906,Authentication,105,34,-18,920,0,11,0,0,0,0,0,0,720,0
3630,18354812725,Authentication,105,34,-18,920,0,11,0,0,1,0,0,0,720,0
3631,18354817647,Authentication,105,34,-19,920,0,11,0,0,1,0,0,0,720,0
3632,18354822568,Authentication,105,34,-19,920,0,11,0,0,1,0,0,0,720,0
3633,18354838556,Authentication,166,34,-58,920,0,11,0,0,0,0,0,0,0,0
3634,18354904092,Authentication,166,34,-56,920,0,11,0,0,0,0,0,0,0,0
3635,18354950170,Authentication,166,34,-57,920,0,11,0,0,0,0,0,0,0,0
3636,18354955485,Authentication,166,34,-18,920,0,11,0,0,0,0,0,0,720,0
3637,18354962256,Authentication,166,34,-19,920,0,11,0,0,1,0,0,0,720,0
3638,18354968821,Authentication,166,34,-18,920,0,11,0,0,1,0,0,0,720,0
3639,18354975279,Authentication,166,34,-19,920,0,11,0,0,1,0,0,0,720,0
3640,18355002396,Authentication,166,34,-56,920,0,11,0,0,0,0,0,0,0,0
3641,18355067931,Authentication,166,34,-57,920,0,11,0,0,0,0,0,0,0,0
3642,18355133466,Authentication,166,34,-57,920,0,11,0,0,0,0,0,0,0,0
3643,18355168967,Authentication,166,34,-19,920,0,11,0,0,0,0,0,0,720,0
3644,18355176960,Authentication,166,34,-19,920,0,11,0,0,1,0,0,0,720,0
3645,18355183055,Authentication,166,34,-19,920,0,11,0,0,1,0,0,0,720,0
3646,18355189669,Authentication,166,34,-19,920,0,11,0,0,1,0,0,0,720,0
3647,18355231770,Authentication,166,34,-55,920,0,11,0,0,0,0,0,0,0,0
3648,18355296790,Authentication,166,34,-56,920,0,11,0,0,0,0,0,0,0,0
3649,18355378981,Authentication,166,34,-18,920,0,11,0,0,0,0,0,0,720,0
3650,18355385597,Authentication,166,34,-18,920,0,11,0,0,1,0,0,0,720,0
3651,18355392214,Authentication,166,34,-17,920,0,11,0,0,1,0,0,0,720,0
3652,18355398632,Authentication,166,34,-19,920,0,11,0,0,1,0,0,0,720,0
3653,18355428377,Authentication,201,34,-57,920,0,11,0,0,0,0,0,0,0,0
3654,18355438539,Authentication,166,34,-56,920,0,11,0,0,0,0,0,0,0,0
3655,18355447780,Authentication,201,34,-56,920,0,11,0,0,0,0,0,0,0,0
3656,18355481732,S1G Beacon,61,34,-18,920,3,1,,,,,,,0,0
3657,18355493912,Authentication,166,34,-57,920,0,11,0,0,0,0,0,0,0,0
3658,18355551253,Authentication,166,34,-57,920,0,11,0,0,0,0,0,0,0,0
3659,18355589024,Authentication,166,34,-18,920,0,11,0,0,0,0,0,0,720,0
3660,18355596784,Authentication,166,34,-18,920,0,11,0,0,1,0,0,0,720,0
3661,18355603398,Authentication,166,34,-18,920,0,11,0,0,1,0,0,0,720,0
3662,18355610116,Authentication,166,34,-19,920,0,11,0,0,1,0,0,0,720,0
3663,18355657751,Authentication,166,34,-56,920,0,11,0,0,0,0,0,0,0,0
3664,18355723287,Authentication,166,34,-57,920,0,11,0,0,0,0,0,0,0,0
3665,18355780247,Authentication,105,34,-18,920,0,11,0,0,0,0,0,0,720,0
3666,18355785379,Authentication,105,34,-19,920,0,11,0,0,1,0,0,0,720,0
3667,18355795068,Authentication,105,34,-19,920,0,11,0,0,1,0,0,0,720,0
3668,18355821590,Authentication,166,34,-58,920,0,11,0,0,0,0,0,0,0,0
3669,18355875860,Authentication,166,34,-56,920,0,11,0,0,0,0,0,0,0,0
3670,18355919894,Authentication,166,34,-56,920,0,11,0,0,0,0,0,0,0,0
3671,18355925154,Authentication,166,34,-18,920,0,11,0,0,0,0,0,0,720,0
3672,18355931874,Authentication,166,34,-20,920,0,11,0,0,1,0,0,0,720,0
3673,18355938489,Authentication,166,34,-18,920,0,11,0,0,1,0,0,0,720,0
3674,18355944896,Authentication,166,34,-18,920,0,11,0,0,1,0,0,0,720,0
3675,18355985429,Authentication,166,34,-57,920,0,11,0,0,0,0,0,0,0,0
3676,18356044817,Authentication,166,34,-57,920,0,11,0,0,0,0,0,0,0,0
3677,18356083733,Authentication,166,34,-56,920,0,11,0,0,0,0,0,0,0,0
3678,18356149268,Authentication,166,34,-57,920,0,11,0,0,0,0,0,0,0,0
3679,18356159004,Authentication,166,34,-19,920,0,11,0,0,0,0,0,0,720,0
3680,18356165569,Authentication,166,34,-18,920,0,11,0,0,1,0,0,0,720,0
3681,18356172131,Authentication,166,34,-18,920,0,11,0,0,1,0,0,0,720,0
3682,18356178591,Authentication,166,34,-19,920,0,11,0,0,1,0,0,0,720,0
3683,18356211728,Authentication,166,34,-58,920,0,11,0,0,0,0,0,0,0,0
3684,18356247571,Authentication,166,34,-58,920,0,11,0,0,0,0,0,0,0,0
3685,18356300933,S1G Beacon,129,34,-18,920,3,1,,,,,,,0,0
3686,18356312163,Data,287,34,-18,920,2,0,0,0,0,0,0,1,0,0
3687,18356396999,Authentication,166,34,-18,920,0,11,0,0,0,0,0,0,720,0
3688,18356403407,Authentication,166,34,-18,920,0,11,0,0,1,0,0,0,720,0
3689,18356410178,Authentication,166,34,-18,920,0,11,0,0,1,0,0,0,720,0
3690,18356416492,Authentication,201,34,-57,920,0,11,0,0,0,0,0,0,0,0
3691,18356431498,Authentication,166,34,-19,920,0,11,0,0,1,0,0,0,720,0
3692,18356476946,Authentication,166,34,-57,920,0,11,0,0,0,0,0,0,0,0
3693,18356575250,Authentication,166,34,-55,920,0,11,0,0,0,0,0,0,0,0
3694,18356608995,Authentication,166,34,-19,920,0,11,0,0,0,0,0,0,720,0
3695,18356615610,Authentication,166,34,-18,920,0,11,0,0,1,0,0,0,720,0
3696,18356620303,Authentication,166,34,-56,920,0,11,0,0,0,0,0,0,0,0
3697,18356624993,Authentication,166,34,-18,920,0,11,0,0,1,0,0,0,720,0
3698,18356631452,Authentication,166,34,-18,920,0,11,0,0,1,0,0,0,720,0
3699,18356673553,Authentication,166,34,-56,920,0,11,0,0,0,0,0,0,0,0
3700,18356739089,Authentication,166,34,-56,920,0,11,0,0,0,0,0,0,0,0
3701,18356784143,Authentication,166,34,-56,920,0,11,0,0,0,0,0,0,0,0
3702,18356809010,Authentication,166,34,-18,920,0,11,0,0,0,0,0,0,720,0
3703,18356815467,Authentication,166,34,-18,920,0,11,0,0,1,0,0,0,720,0
3704,18356821978,Authentication,166,34,-19,920,0,11,0,0,1,0,0,0,720,0
3705,18356828541,Authentication,166,34,-19,920,0,11,0,0,1,0,0,0,720,0
3706,18356837392,Authentication,166,34,-57,920,0,11,0,0,0,0,0,0,0,0
3707,18356895757,Authentication,166,34,-56,920,0,11,0,0,0,0,0,0,0,0
3708,18356935695,Authentication,166,34,-55,920,0,11,0,0,0,0,0,0,0,0
3709,18357001231,Authentication,166,34,-56,920,0,11,0,0,0,0,0,0,0,0
3710,18357006491,Authentication,166,34,-20,920,0,11,0,0,0,0,0,0,720,0
3711,18357013264,Authentication,166,34,-19,920,0,11,0,0,1,0,0,0,720,0
3712,18357026702,Authentication,166,34,-20,920,0,11,0,0,1,0,0,0,720,0
3713,18357062668,Authentication,166,34,-57,920,0,11,0,0,0,0,0,0,0,0
3714,18357099534,Authentication,166,34,-56,920,0,11,0,0,0,0,0,0,0,0
3715,18357120139,S1G Beacon,61,34,-19,920,3,1,,,,,,,0,0
3716,18357165070,Authentication,166,34,-57,920,0,11,0,0,0,0,0,0,0,0
3717,18357201934,Authentication,166,34,-56,920,0,11,0,0,0,0,0,0,0,0
3718,18357229400,Authentication,166,34,-18,920,0,11,0,0,0,0,0,0,720,0
3719,18357234401,Authentication,166,34,-18,920,0,11,0,0,1,0,0,0,720,0
3720,18357240810,Authentication,166,34,-18,920,0,11,0,0,1,0,0,0,720,0
3721,18357247372,Authentication,166,34,-18,920,0,11,0,0,1,0,0,0,720,0
3722,18357263373,Authentication,166,34,-56,920,0,11,0,0,0,0,0,0,0,0
3723,18357361677,Authentication,166,34,-57,920,0,11,0,0,0,0,0,0,0,0
3725,18357427212,Authentication,166,34,-58,920,0,11,0,0,0,0,0,0,0,0
3726,18357449634,QoS Data,149,34,-16,920,2,8,1,0,0,0,0,1,720,0
3728,18357452959,QoS Data,149,34,-26,920,2,8,0,0,0,0,0,1,720,0
3730,18357455018,QoS Data,149,34,-27,920,2,8,0,0,1,0,0,1,720,0
3731,18357458720,QoS Data,131,34,-18,920,2,8,1,0,0,0,0,1,720,0
3733,18357463337,QoS Data,149,34,-27,920,2,8,0,0,1,0,0,1,720,0
3736,18357469194,Authentication,166,34,-57,920,0,11,0,0,0,0,0,0,0,0
3737,18357505449,QoS Data,128,34,-16,920,2,8,1,0,0,0,0,1,720,0
3739,18357508679,Authentication,166,34,-18,920,0,11,0,0,0,0,0,0,720,0
3740,18357515139,QoS Data,128,34,-27,920,2,8,0,0,0,0,0,1,720,0
3742,18357517414,Authentication,166,34,-18,920,0,11,0,0,1,0,0,0,720,0
3743,18357523977,Authentication,166,34,-19,920,0,11,0,0,1,0,0,0,720,0
3744,18357530383,Authentication,166,34,-19,920,0,11,0,0,1,0,0,0,720,0
3745,18357591051,Authentication,166,34,-57,920,0,11,0,0,0,0,0,0,0,0
3746,18357632010,Authentication,166,34,-56,920,0,11,0,0,0,0,0,0,0,0
3747,18357689354,Authentication,166,34,-56,920,0,11,0,0,0,0,0,0,0,0
3748,18357718900,Authentication,166,34,-18,920,0,11,0,0,0,0,0,0,720,0
3749,18357725464,Authentication,166,34,-19,920,0,11,0,0,1,0,0,0,720,0
3750,18357732184,Authentication,166,34,-18,920,0,11,0,0,1,0,0,0,720,0
3751,18357738953,Authentication,166,34,-18,920,0,11,0,0,1,0,0,0,720,0
3752,18357754890,Authentication,166,34,-56,920,0,11,0,0,0,0,0,0,0,0
3753,18357795849,Authentication,166,34,-57,920,0,11,0,0,0,0,0,0,0,0
3754,18357853193,Authentication,166,34,-57,920,0,11,0,0,0,0,0,0,0,0
3755,18357908975,Authentication,166,34,-19,920,0,11,0,0,0,0,0,0,720,0
3756,18357915539,Authentication,166,34,-18,920,0,11,0,0,1,0,0,0,720,0
3757,18357923671,Authentication,166,34,-19,920,0,11,0,0,1,0,0,0,720,0
3758,18357930131,Authentication,166,34,-19,920,0,11,0,0,1,0,0,0,720,0
3759,18357955356,S1G Beacon,129,34,-19,920,3,1,,,,,,,0,0
3760,18358115335,Authentication,166,34,-57,920,0,11,0,0,0,0,0,0,0,0
3761,18358180871,Authentication,166,34,-56,920,0,11,0,0,0,0,0,0,0,0
3762,18358195503,Authentication,166,34,-19,920,0,11,0,0,0,0,0,0,720,0
3763,18358202120,Authentication,166,34,-18,920,0,11,0,0,1,0,0,0,720,0
3764,18358208578,Authentication,166,34,-19,920,0,11,0,0,1,0,0,0,720,0
3765,18358215296,Authentication,166,34,-19,920,0,11,0,0,1,0,0,0,720,0
3766,18358239236,Authentication,166,34,-57,920,0,11,0,0,0,0,0,0,0,0
3767,18358279174,Authentication,166,34,-56,920,0,11,0,0,0,0,0,0,0,0
3768,18358344710,Authentication,166,34,-56,920,0,11,0,0,0,0,0,0,0,0
3770,18358389214,Authentication,166,34,-18,920,0,11,0,0,0,0,0,0,720,0
3771,18358395983,Authentication,166,34,-18,920,0,11,0,0,1,0,0,0,720,0
3772,18358401026,Authentication,166,34,-56,920,0,11,0,0,0,0,0,0,0,0
3773,18358405874,Authentication,166,34,-19,920,0,11,0,0,1,0,0,0,720,0
3774,18358412385,Authentication,166,34,-18,920,0,11,0,0,1,0,0,0,720,0
3775,18358443013,Authentication,166,34,-57,920,0,11,0,0,0,0,0,0,0,0
3776,18358508549,Authentication,166,34,-56,920,0,11,0,0,0,0,0,0,0,0
3777,18358523536,Data,158,34,-18,920,2,0,0,0,0,0,0,1,0,0
3778,18358543365,Authentication,166,34,-58,920,0,11,0,0,0,0,0,0,0,0
3779,18358606852,Authentication,166,34,-55,920,0,11,0,0,0,0,0,0,0,0
3780,18358611438,Authentication,166,34,-18,920,0,11,0,0,0,0,0,0,720,0
3781,18358616651,Authentication,166,34,-18,920,0,11,0,0,1,0,0,0,720,0
3782,18358623108,Authentication,166,34,-18,920,0,11,0,0,1,0,0,0,720,0
3783,18358629620,Authentication,166,34,-18,920,0,11,0,0,1,0,0,0,720,0
3784,18358665217,Authentication,166,34,-58,920,0,11,0,0,0,0,0,0,0,0
3785,18358705156,Authentication,166,34,-55,920,0,11,0,0,0,0,0,0,0,0
3786,18358758542,S1G Beacon,61,34,-19,920,3,1,,,,,,,0,0
3787,18358770692,Authentication,166,34,-56,920,0,11,0,0,0,0,0,0,0,0
3788,18358818817,Authentication,166,34,-56,920,0,11,0,0,0,0,0,0,0,0
3789,18358839158,Authentication,166,34,-18,920,0,11,0,0,0,0,0,0,720,0
3790,18358845877,Authentication,166,34,-18,920,0,11,0,0,1,0,0,0,720,0
3791,18358852285,Authentication,166,34,-18,920,0,11,0,0,1,0,0,0,720,0
3792,18358859056,Authentication,166,34,-18,920,0,11,0,0,1,0,0,0,720,0
3793,18358868994,Authentication,166,34,-56,920,0,11,0,0,0,0,0,0,0,0
3794,18358934530,Authentication,166,34,-57,920,0,11,0,0,0,0,0,0,0,0
3795,18359032834,Authentication,166,34,-57,920,0,11,0,0,0,0,0,0,0,0
3796,18359038149,Authentication,166,34,-19,920,0,11,0,0,0,0,0,0,720,0
3797,18359044714,Authentication,166,34,-19,920,0,11,0,0,1,0,0,0,720,0
3798,18359051176,Authentication,166,34,-19,920,0,11,0,0,1,0,0,0,720,0
3799,18359057582,Authentication,166,34,-18,920,0,11,0,0,1,0,0,0,720,0
3800,18359098369,Authentication,166,34,-57,920,0,11,0,0,0,0,0,0,0,0
3801,18359131137,Authentication,166,34,-57,920,0,11,0,0,0,0,0,0,0,0
3802,18359196673,Authentication,166,34,-57,920,0,11,0,0,0,0,0,0,0,0
3803,18359243171,Authentication,105,34,-18,920,0,11,0,0,0,0,0,0,720,0
3804,18359247989,Authentication,105,34,-19,920,0,11,0,0,1,0,0,0,720,0
3805,18359252759,Authentication,105,34,-18,920,0,11,0,0,1,0,0,0,720,0
3806,18359256060,Authentication,166,34,-58,920,0,11,0,0,0,0,0,0,0,0
3807,18359261009,Authentication,105,34,-18,920,0,11,0,0,1,0,0,0,720,0
3808,18359294976,Authentication,166,34,-57,920,0,11,0,0,0,0,0,0,0,0
3809,18359336014,Data,287,34,-19,920,2,0,0,0,0,0,0,1,0,0
3810,18359360511,Authentication,166,34,-57,920,0,11,0,0,0,0,0,0,0,0
3811,18359388990,Authentication,166,34,-18,920,0,11,0,0,0,0,0,0,720,0
3812,18359395450,Authentication,166,34,-19,920,0,11,0,0,1,0,0,0,720,0
3813,18359401910,Authentication,166,34,-19,920,0,11,0,0,1,0,0,0,720,0
3814,18359408316,Authentication,166,34,-18,920,0,11,0,0,1,0,0,0,720,0
3815,18359412732,Authentication,166,34,-57,920,0,11,0,0,0,0,0,0,0,0
3816,18359458815,Authentication,166,34,-56,920,0,11,0,0,0,0,0,0,0,0
3817,18359524351,Authentication,166,34,-57,920,0,11,0,0,0,0,0,0,0,0
3818,18359557119,Authentication,166,34,-57,920,0,11,0,0,0,0,0,0,0,0
3819,18359577745,S1G Beacon,129,34,-19,920,3,1,,,,,,,0,0
3820,18359609151,Authentication,166,34,-19,920,0,11,0,0,0,0,0,0,720,0
3821,18359615663,Authentication,166,34,-18,920,0,11,0,0,1,0,0,0,720,0
3822,18359621757,Authentication,166,34,-19,920,0,11,0,0,1,0,0,0,720,0
3823,18359628373,Authentication,166,34,-20,920,0,11,0,0,1,0,0,0,720,0
3824,18359671803,Authentication,166,34,-56,920,0,11,0,0,0,0,0,0,0,0
3825,18359720957,Authentication,166,34,-57,920,0,11,0,0,0,0,0,0,0,0
3826,18359786493,Authentication,166,34,-56,920,0,11,0,0,0,0,0,0,0,0
3827,18359828567,Authentication,166,34,-20,920,0,11,0,0,0,0,0,0,720,0
3828,18359835029,Authentication,166,34,-19,920,0,11,0,0,1,0,0,0,720,0
3829,18359841750,Authentication,166,34,-19,920,0,11,0,0,1,0,0,0,720,0
3830,18359884796,Authentication,166,34,-57,920,0,11,0,0,0,0,0,0,0,0
3831,18359950332,Authentication,166,34,-56,920,0,11,0,0,0,0,0,0,0,0
3832,18359983099,Authentication,166,34,-56,920,0,11,0,0,0,0,0,0,0,0
3833,18360028990,Authentication,166,34,-19,920,0,11,0,0,0,0,0,0,720,0
3834,18360035554,Authentication,166,34,-18,920,0,11,0,0,1,0,0,0,720,0
3835,18360041805,Authentication,166,34,-20,920,0,11,0,0,1,0,0,0,720,0
3836,18360047275,Authentication,166,34,-18,920,0,11,0,0,1,0,0,0,720,0
3837,18360113143,Authentication,166,34,-57,920,0,11,0,0,0,0,0,0,0,0
3838,18360146938,Authentication,166,34,-57,920,0,11,0,0,0,0,0,0,0,0
3839,18360212474,Authentication,166,34,-56,920,0,11,0,0,0,0,0,0,0,0
3840,18360233233,Authentication,166,34,-19,920,0,11,0,0,0,0,0,0,720,0
3841,18360239536,Authentication,166,34,-19,920,0,11,0,0,1,0,0,0,720,0
3842,18360246098,Authentication,166,34,-19,920,0,11,0,0,1,0,0,0,720,0
3843,18360251385,Authentication,166,34,-56,920,0,11,0,0,0,0,0,0,0,0
3844,18360255971,Authentication,166,34,-20,920,0,11,0,0,1,0,0,0,720,0
3845,18360310778,Authentication,166,34,-56,920,0,11,0,0,0,0,0,0,0,0
3846,18360396951,S1G Beacon,61,34,-18,920,3,1,,,,,,,0,0
3847,18360409081,Authentication,166,34,-57,920,0,11,0,0,0,0,0,0,0,0
3848,18360449027,Authentication,166,34,-19,920,0,11,0,0,0,0,0,0,720,0
3849,18360455486,Authentication,166,34,-19,920,0,11,0,0,1,0,0,0,720,0
3850,18360461996,Authentication,166,34,-19,920,0,11,0,0,1,0,0,0,720,0
3851,18360468716,Authentication,166,34,-19,920,0,11,0,0,1,0,0,0,720,0
3852,18360474617,Authentication,166,34,-57,920,0,11,0,0,0,0,0,0,0,0
3853,18360524790,Authentication,166,34,-57,920,0,11,0,0,0,0,0,0,0,0
3854,18360572920,Authentication,166,34,-56,920,0,11,0,0,0,0,0,0,0,0
3855,18360638455,Authentication,166,34,-56,920,0,11,0,0,0,0,0,0,0,0
3856,18360649021,Authentication,166,34,-19,920,0,11,0,0,0,0,0,0,720,0
3857,18360655584,Authentication,166,34,-18,920,0,11,0,0,1,0,0,0,720,0
3858,18360662200,Authentication,166,34,-20,920,0,11,0,0,1,0,0,0,720,0
3859,18360668972,Authentication,166,34,-18,920,0,11,0,0,1,0,0,0,720,0
3860,18360680439,Authentication,166,34,-56,920,0,11,0,0,0,0,0,0,0,0
3861,18360736759,Authentication,166,34,-58,920,0,11,0,0,0,0,0,0,0,0
3862,18360802294,Authentication,166,34,-56,920,0,11,0,0,0,0,0,0,0,0
3863,18360845301,Authentication,166,34,-56,920,0,11,0,0,0,0,0,0,0,0
3864,18360850250,Authentication,166,34,-19,920,0,11,0,0,0,0,0,0,720,0
3865,18360856711,Authentication,166,34,-19,920,0,11,0,0,1,0,0,0,720,0
3866,18360863118,Authentication,166,34,-20,920,0,11,0,0,1,0,0,0,720,0
3867,18360868382,Authentication,166,34,-19,920,0,11,0,0,1,0,0,0,720,0
3868,18360900598,Authentication,166,34,-57,920,0,11,0,0,0,0,0,0,0,0
3869,18360998902,Authentication,166,34,-56,920,0,11,0,0,0,0,0,0,0,0
3870,18361064437,Authentication,166,34,-56,920,0,11,0,0,0,0,0,0,0,0
3871,18361116659,Authentication,166,34,-56,920,0,11,0,0,0,0,0,0,0,0
3872,18361121243,Authentication,166,34,-18,920,0,11,0,0,0,0,0,0,720,0
3873,18361127754,Authentication,166,34,-19,920,0,11,0,0,1,0,0,0,720,0
3875,18361139099,Authentication,166,34,-18,920,0,11,0,0,1,0,0,0,720,0
3876,18361145771,Authentication,166,34,-19,920,0,11,0,0,1,0,0,0,720,0
3877,18361216154,S1G Beacon,129,34,-18,920,3,1,,,,,,,0,0
3878,18361228276,Authentication,166,34,-56,920,0,11,0,0,0,0,0,0,0,0
3879,18361275378,Authentication,166,34,-56,920,0,11,0,0,0,0,0,0,0,0
3880,18361326579,Authentication,166,34,-57,920,0,11,0,0,0,0,0,0,0,0
3881,18361331477,Authentication,166,34,-18,920,0,11,0,0,0,0,0,0,720,0
3882,18361338246,Authentication,166,34,-18,920,0,11,0,0,1,0,0,0,720,0
3883,18361344288,Authentication,166,34,-20,920,0,11,0,0,1,0,0,0,720,0
3884,18361350698,Authentication,166,34,-20,920,0,11,0,0,1,0,0,0,720,0
3885,18361392114,Authentication,166,34,-57,920,0,11,0,0,0,0,0,0,0,0
3886,18361424882,Authentication,166,34,-57,920,0,11,0,0,0,0,0,0,0,0
3887,18361490418,Authentication,166,34,-57,920,0,11,0,0,0,0,0,0,0,0
3889,18361534449,Authentication,166,34,-56,920,0,11,0,0,0,0,0,0,0,0
3890,18361539138,Authentication,166,34,-19,920,0,11,0,0,0,0,0,0,720,0
3891,18361545596,Authentication,166,34,-18,920,0,11,0,0,1,0,0,0,720,0
3892,18361552005,Authentication,166,34,-18,920,0,11,0,0,1,0,0,0,720,0
3893,18361558775,Authentication,166,34,-19,920,0,11,0,0,1,0,0,0,720,0
3894,18361588721,Authentication,166,34,-57,920,0,11,0,0,0,0,0,0,0,0
3895,18361654257,Authentication,166,34,-56,920,0,11,0,0,0,0,0,0,0,0
3896,18361694703,Authentication,166,34,-56,920,0,11,0,0,0,0,0,0,0,0
3897,18361738976,Authentication,166,34,-18,920,0,11,0,0,0,0,0,0,720,0
3898,18361745489,Authentication,166,34,-18,920,0,11,0,0,1,0,0,0,720,0
3899,18361751999,Authentication,166,34,-19,920,0,11,0,0,1,0,0,0,720,0
3900,18361758665,Authentication,166,34,-19,920,0,11,0,0,1,0,0,0,720,0
3901,18361817068,Authentication,166,34,-56,920,0,11,0,0,0,0,0,0,0,0
3902,18361850864,Authentication,166,34,-57,920,0,11,0,0,0,0,0,0,0,0
3903,18361916399,Authentication,166,34,-58,920,0,11,0,0,0,0,0,0,0,0
3904,18361938979,Authentication,166,34,-20,920,0,11,0,0,0,0,0,0,720,0
3905,18361945440,Authentication,166,34,-19,920,0,11,0,0,1,0,0,0,720,0
3906,18361952001,Authentication,166,34,-19,920,0,11,0,0,1,0,0,0,720,0
3907,18361958667,Authentication,166,34,-19,920,0,11,0,0,1,0,0,0,720,0
3908,18361962989,Authentication,166,34,-57,920,0,11,0,0,0,0,0,0,0,0
3909,18362014703,Authentication,166,34,-57,920,0,11,0,0,0,0,0,0,0,0
3910,18362035355,S1G Beacon,61,34,-19,920,3,1,,,,,,,0,0
3911,18362080238,Authentication,166,34,-58,920,0,11,0,0,0,0,0,0,0,0
3912,18362128364,Authentication,166,34,-57,920,0,11,0,0,0,0,0,0,0,0
3913,18362159096,Authentication,166,34,-19,920,0,11,0,0,0,0,0,0,720,0
3914,18362165553,Authentication,166,34,-19,920,0,11,0,0,1,0,0,0,720,0
3915,18362172219,Authentication,166,34,-19,920,0,11,0,0,1,0,0,0,720,0
3916,18362178542,Authentication,166,34,-56,920,0,11,0,0,0,0,0,0,0,0
3917,18362183491,Authentication,166,34,-18,920,0,11,0,0,1,0,0,0,720,0
3918,18362244078,Authentication,166,34,-56,920,0,11,0,0,0,0,0,0,0,0
3919,18362291179,Authentication,166,34,-57,920,0,11,0,0,0,0,0,0,0,0
3920,18362342380,Authentication,166,34,-56,920,0,11,0,0,0,0,0,0,0,0
3921,18362360212,Data,287,34,-19,920,2,0,0,0,0,0,0,1,0,0
3922,18362407916,Authentication,166,34,-57,920,0,11,0,0,0,0,0,0,0,0
3923,18362433927,Authentication,166,34,-18,920,0,11,0,0,0,0,0,0,720,0
3924,18362440439,Authentication,166,34,-19,920,0,11,0,0,1,0,0,0,720,0
3925,18362446898,Authentication,166,34,-18,920,0,11,0,0,1,0,0,0,720,0
3926,18362453304,Authentication,166,34,-19,920,0,11,0,0,1,0,0,0,720,0
3927,18362461162,Authentication,166,34,-58,920,0,11,0,0,0,0,0,0,0,0
3928,18362478904,QoS Data,149,34,-15,920,2,8,1,0,0,0,0,1,720,0
3931,18362488388,QoS Data,131,34,-19,920,2,8,1,0,0,0,0,1,720,0
3934,18362496770,Data,378,34,-18,920,2,0,0,0,0,0,0,1,0,0
3935,18362508666,QoS Data,128,34,-16,920,2,8,1,0,0,0,0,1,720,0
3937,18362511735,QoS Data,128,34,-26,920,2,8,0,0,0,0,0,1,720,0
3939,18362571755,Authentication,166,34,-56,920,0,11,0,0,0,0,0,0,0,0
3940,18362599988,Data,387,34,-20,920,2,0,0,0,0,0,0,1,0,0
3941,18362613738,Authentication,166,34,-57,920,0,11,0,0,0,0,0,0,0,0
3942,18362648947,Authentication,166,34,-18,920,0,11,0,0,0,0,0,0,720,0
3943,18362655615,Authentication,166,34,-19,920,0,11,0,0,1,0,0,0,720,0
3944,18362662228,Authentication,166,34,-18,920,0,11,0,0,1,0,0,0,720,0
3945,18362668999,Authentication,166,34,-19,920,0,11,0,0,1,0,0,0,720,0
3946,18362704005,Data,450,34,-19,920,2,0,0,0,0,0,0,1,0,0
3947,18362735595,Authentication,166,34,-56,920,0,11,0,0,0,0,0,0,0,0
3948,18362770410,Authentication,166,34,-56,920,0,11,0,0,0,0,0,0,0,0
3949,18362808038,Data,442,34,-20,920,2,0,0,0,0,0,0,1,0,0
3950,18362833898,Authentication,166,34,-56,920,0,11,0,0,0,0,0,0,0,0
3951,18362854561,S1G Beacon,129,34,-19,920,3,1,,,,,,,0,0
3952,18362858982,Authentication,166,34,-18,920,0,11,0,0,0,0,0,0,720,0
3953,18362865547,Authentication,166,34,-20,920,0,11,0,0,1,0,0,0,720,0
3954,18362872007,Authentication,166,34,-18,920,0,11,0,0,1,0,0,0,720,0
3955,18362878519,Authentication,166,34,-18,920,0,11,0,0,1,0,0,0,720,0
3956,18362899433,Authentication,166,34,-57,920,0,11,0,0,0,0,0,0,0,0
3957,18362912133,Data,387,34,-19,920,2,0,0,0,0,0,0,1,0,0
3958,18362932201,Authentication,166,34,-55,920,0,11,0,0,0,0,0,0,0,0
3959,18362997736,Authentication,166,34,-58,920,0,11,0,0,0,0,0,0,0,0
3960,18363015998,Data,426,34,-19,920,2,0,0,0,0,0,0,1,0,0
3961,18363058956,Authentication,166,34,-18,920,0,11,0,0,0,0,0,0,720,0
3962,18363065413,Authentication,166,34,-19,920,0,11,0,0,1,0,0,0,720,0
3963,18363071923,Authentication,166,34,-20,920,0,11,0,0,1,0,0,0,720,0
3964,18363078696,Authentication,166,34,-19,920,0,11,0,0,1,0,0,0,720,0
3965,18363120100,Data,458,34,-19,920,2,0,0,0,0,0,0,1,0,0
3966,18363161575,Authentication,166,34,-56,920,0,11,0,0,0,0,0,0,0,0
3967,18363224320,Data,387,34,-19,920,2,0,0,0,0,0,0,1,0,0
3968,18363259879,Authentication,166,34,-57,920,0,11,0,0,0,0,0,0,0,0
3969,18363268987,Authentication,166,34,-18,920,0,11,0,0,0,0,0,0,720,0
3970,18363275497,Authentication,166,34,-18,920,0,11,0,0,1,0,0,0,720,0
3971,18363280811,Authentication,166,34,-19,920,0,11,0,0,1,0,0,0,720,0
3972,18363287530,Authentication,166,34,-19,920,0,11,0,0,1,0,0,0,720,0
3973,18363325414,Authentication,166,34,-57,920,0,11,0,0,0,0,0,0,0,0
3974,18363330624,Data,446,34,-18,920,2,0,0,0,0,0,0,1,0,0
3975,18363367397,Authentication,166,34,-57,920,0,11,0,0,0,0,0,0,0,0
3976,18363432203,Data,440,34,-19,920,2,0,0,0,0,0,0,1,0,0
3977,18363489253,Authentication,166,34,-56,920,0,11,0,0,0,0,0,0,0,0
3978,18363522021,Authentication,166,34,-56,920,0,11,0,0,0,0,0,0,0,0
3979,18363538982,Authentication,166,34,-18,920,0,11,0,0,0,0,0,0,720,0
3980,18363546014,Data,387,34,-18,920,2,0,0,0,0,0,0,1,0,0
3981,18363556484,Authentication,166,34,-19,920,0,11,0,0,1,0,0,0,720,0
3982,18363563254,Authentication,166,34,-18,920,0,11,0,0,1,0,0,0,720,0
3983,18363569713,Authentication,166,34,-18,920,0,11,0,0,1,0,0,0,720,0
3984,18363587557,Authentication,166,34,-56,920,0,11,0,0,0,0,0,0,0,0
3985,18363632610,Authentication,166,34,-57,920,0,11,0,0,0,0,0,0,0,0
3986,18363639953,Data,442,34,-18,920,2,0,0,0,0,0,0,1,0,0
3987,18363673763,S1G Beacon,61,34,-19,920,3,1,,,,,,,0,0
3988,18363685859,Authentication,166,34,-56,920,0,11,0,0,0,0,0,0,0,0
3990,18363748950,Authentication,166,34,-19,920,0,11,0,0,0,0,0,0,720,0
3991,18363756035,Data,452,34,-20,920,2,0,0,0,0,0,0,1,0,0
3992,18363768730,Authentication,166,34,-18,920,0,11,0,0,1,0,0,0,720,0
3993,18363775294,Authentication,166,34,-19,920,0,11,0,0,1,0,0,0,720,0
3994,18363781911,Authentication,166,34,-18,920,0,11,0,0,1,0,0,0,720,0
3995,18363789282,Authentication,166,34,-57,920,0,11,0,0,0,0,0,0,0,0
3996,18363849699,Authentication,166,34,-56,920,0,11,0,0,0,0,0,0,0,0
3997,18363915234,Authentication,166,34,-56,920,0,11,0,0,0,0,0,0,0,0
3998,18363938959,Authentication,166,34,-19,920,0,11,0,0,0,0,0,0,720,0
3999,18363945679,Authentication,166,34,-19,920,0,11,0,0,1,0,0,0,720,0
4000,18363952296,Authentication,166,34,-20,920,0,11,0,0,1,0,0,0,720,0
4001,18363958705,Authentication,166,34,-18,920,0,11,0,0,1,0,0,0,720,0
4002,18364013538,Authentication,166,34,-56,920,0,11,0,0,0,0,0,0,0,0
4003,18364072927,Authentication,166,34,-56,920,0,11,0,0,0,0,0,0,0,0
4004,18364148979,Authentication,166,34,-18,920,0,11,0,0,0,0,0,0,720,0
4005,18364155750,Authentication,166,34,-19,920,0,11,0,0,1,0,0,0,720,0
4006,18364161897,Authentication,166,34,-18,920,0,11,0,0,1,0,0,0,720,0
4007,18364168564,Authentication,166,34,-18,920,0,11,0,0,1,0,0,0,720,0
4008,18364177376,Authentication,166,34,-56,920,0,11,0,0,0,0,0,0,0,0
4009,18364220384,Authentication,166,34,-56,920,0,11,0,0,0,0,0,0,0,0
4010,18364328981,Authentication,166,34,-18,920,0,11,0,0,0,0,0,0,720,0
4011,18364335699,Authentication,166,34,-18,920,0,11,0,0,1,0,0,0,720,0
4012,18364341216,Authentication,166,34,-56,920,0,11,0,0,0,0,0,0,0,0
4013,18364346114,Authentication,166,34,-19,920,0,11,0,0,1,0,0,0,720,0
4014,18364352520,Authentication,166,34,-19,920,0,11,0,0,1,0,0,0,720,0
4015,18364373984,Authentication,166,34,-57,920,0,11,0,0,0,0,0,0,0,0
4016,18364439519,Authentication,166,34,-57,920,0,11,0,0,0,0,0,0,0,0
4017,18364490717,Authentication,166,34,-57,920,0,11,0,0,0,0,0,0,0,0
4018,18364495306,S1G Beacon,129,34,-18,920,3,1,,,,,,,0,0
4019,18364499627,Authentication,166,34,-20,920,0,11,0,0,0,0,0,0,720,0
4020,18364506190,Authentication,166,34,-18,920,0,11,0,0,1,0,0,0,720,0
4021,18364512910,Authentication,166,34,-19,920,0,11,0,0,1,0,0,0,720,0
4022,18364519629,Authentication,166,34,-18,920,0,11,0,0,1,0,0,0,720,0
4023,18364537822,Authentication,166,34,-57,920,0,11,0,0,0,0,0,0,0,0
4024,18364603358,Authentication,166,34,-57,920,0,11,0,0,0,0,0,0,0,0
4025,18364647389,Authentication,166,34,-58,920,0,11,0,0,0,0,0,0,0,0
4026,18364701661,Authentication,166,34,-57,920,0,11,0,0,0,0,0,0,0,0
4027,18364748990,Authentication,166,34,-19,920,0,11,0,0,0,0,0,0,720,0
4028,18364755503,Authentication,166,34,-18,920,0,11,0,0,1,0,0,0,720,0
4029,18364762064,Authentication,166,34,-18,920,0,11,0,0,1,0,0,0,720,0
4030,18364767197,Authentication,166,34,-58,920,0,11,0,0,0,0,0,0,0,0
4032,18364812251,Authentication,166,34,-57,920,0,11,0,0,0,0,0,0,0,0
4033,18364865500,Authentication,166,34,-57,920,0,11,0,0,0,0,0,0,0,0
4034,18364931036,Authentication,166,34,-57,920,0,11,0,0,0,0,0,0,0,0
4035,18364935778,Authentication,166,34,-18,920,0,11,0,0,0,0,0,0,720,0
4036,18364942185,Authentication,166,34,-19,920,0,11,0,0,1,0,0,0,720,0
4037,18364948903,Authentication,166,34,-19,920,0,11,0,0,1,0,0,0,720,0
4038,18364955624,Authentication,166,34,-18,920,0,11,0,0,1,0,0,0,720,0
4039,18364973019,Authentication,166,34,-58,920,0,11,0,0,0,0,0,0,0,0
4040,18365029339,Authentication,166,34,-58,920,0,11,0,0,0,0,0,0,0,0
4041,18365094875,Authentication,166,34,-56,920,0,11,0,0,0,0,0,0,0,0
4042,18365127642,Authentication,166,34,-56,920,0,11,0,0,0,0,0,0,0,0
4043,18365155572,Authentication,166,34,-19,920,0,11,0,0,1,0,0,0,720,0
4044,18365162292,Authentication,166,34,-19,920,0,11,0,0,1,0,0,0,720,0
4045,18365169011,Authentication,166,34,-19,920,0,11,0,0,1,0,0,0,720,0
4046,18365193179,Authentication,166,34,-56,920,0,11,0,0,0,0,0,0,0,0
4047,18365235161,Authentication,166,34,-58,920,0,11,0,0,0,0,0,0,0,0
4048,18365291482,Authentication,166,34,-56,920,0,11,0,0,0,0,0,0,0,0
4049,18365312170,S1G Beacon,61,34,-19,920,3,1,,,,,,,0,0
4050,18365357017,Authentication,166,34,-58,920,0,11,0,0,0,0,0,0,0,0
4051,18365361915,Authentication,166,34,-19,920,0,11,0,0,0,0,0,0,720,0
4052,18365368373,Authentication,166,34,-19,920,0,11,0,0,1,0,0,0,720,0
4053,18365374832,Authentication,166,34,-19,920,0,11,0,0,1,0,0,0,720,0
4054,18365381553,Authentication,166,34,-19,920,0,11,0,0,1,0,0,0,720,0
4055,18365388585,Data,287,34,-19,920,2,0,0,0,0,0,0,1,0,0
4056,18365455320,Authentication,166,34,-57,920,0,11,0,0,0,0,0,0,0,0
4057,18365507543,Authentication,166,34,-56,920,0,11,0,0,0,0,0,0,0,0
4058,18365553624,Authentication,166,34,-57,920,0,11,0,0,0,0,0,0,0,0
4059,18365558992,Authentication,166,34,-19,920,0,11,0,0,0,0,0,0,720,0
4060,18365565764,Authentication,166,34,-18,920,0,11,0,0,1,0,0,0,720,0
4061,18365572483,Authentication,166,34,-18,920,0,11,0,0,1,0,0,0,720,0
4062,18365579152,Authentication,166,34,-18,920,0,11,0,0,1,0,0,0,720,0
4063,18365619159,Authentication,166,34,-58,920,0,11,0,0,0,0,0,0,0,0
4064,18365651928,Authentication,166,34,-56,920,0,11,0,0,0,0,0,0,0,0
4065,18365717463,Authentication,166,34,-56,920,0,11,0,0,0,0,0,0,0,0
4066,18365759023,Authentication,166,34,-20,920,0,11,0,0,0,0,0,0,720,0
4067,18365774334,Authentication,166,34,-19,920,0,11,0,0,1,0,0,0,720,0
4068,18365779960,Authentication,166,34,-18,920,0,11,0,0,1,0,0,0,720,0
4069,18365815766,Authentication,166,34,-56,920,0,11,0,0,0,0,0,0,0,0
4070,18365881302,Authentication,166,34,-56,920,0,11,0,0,0,0,0,0,0,0
4071,18365914070,Authentication,166,34,-56,920,0,11,0,0,0,0,0,0,0,0
4072,18365979605,Authentication,166,34,-57,920,0,11,0,0,0,0,0,0,0,0
4073,18366019739,Authentication,166,34,-19,920,0,11,0,0,0,0,0,0,720,0
4074,18366026406,Authentication,166,34,-19,920,0,11,0,0,1,0,0,0,720,0
4075,18366033177,Authentication,166,34,-19,920,0,11,0,0,1,0,0,0,720,0
4076,18366039791,Authentication,166,34,-20,920,0,11,0,0,1,0,0,0,720,0
4077,18366045137,Authentication,166,34,-57,920,0,11,0,0,0,0,0,0,0,0
4078,18366077909,Authentication,166,34,-57,920,0,11,0,0,0,0,0,0,0,0
4079,18366131372,S1G Beacon,129,34,-18,920,3,1,,,,,,,0,0
4080,18366143444,Authentication,166,34,-56,920,0,11,0,0,0,0,0,0,0,0
4081,18366194642,Authentication,166,34,-56,920,0,11,0,0,0,0,0,0,0,0
4082,18366241748,Authentication,166,34,-56,920,0,11,0,0,0,0,0,0,0,0
4083,18366258910,Authentication,166,34,-19,920,0,11,0,0,0,0,0,0,720,0
4084,18366265628,Authentication,166,34,-18,920,0,11,0,0,1,0,0,0,720,0
4085,18366272036,Authentication,166,34,-19,920,0,11,0,0,1,0,0,0,720,0
4086,18366278445,Authentication,166,34,-18,920,0,11,0,0,1,0,0,0,720,0
4087,18366307283,Authentication,166,34,-57,920,0,11,0,0,0,0,0,0,0,0
4088,18366349266,Authentication,166,34,-57,920,0,11,0,0,0,0,0,0,0,0
4089,18366405586,Authentication,166,34,-57,920,0,11,0,0,0,0,0,0,0,0
4090,18366468951,Authentication,166,34,-19,920,0,11,0,0,0,0,0,0,720,0
4091,18366475669,Authentication,166,34,-19,920,0,11,0,0,1,0,0,0,720,0
4092,18366481403,Authentication,166,34,-18,920,0,11,0,0,1,0,0,0,720,0
4093,18366487965,Authentication,166,34,-19,920,0,11,0,0,1,0,0,0,720,0
4094,18366503890,Authentication,166,34,-56,920,0,11,0,0,0,0,0,0,0,0
4095,18366569425,Authentication,166,34,-57,920,0,11,0,0,0,0,0,0,0,0
4096,18366628813,Authentication,166,34,-56,920,0,11,0,0,0,0,0,0,0,0
4097,18366667729,Authentication,166,34,-58,920,0,11,0,0,0,0,0,0,0,0
4098,18366672680,Authentication,166,34,-18,920,0,11,0,0,0,0,0,0,720,0
4099,18366678516,Authentication,166,34,-19,920,0,11,0,0,1,0,0,0,720,0
4100,18366685235,Authentication,166,34,-18,920,0,11,0,0,1,0,0,0,720,0
4101,18366691902,Authentication,166,34,-18,920,0,11,0,0,1,0,0,0,720,0
4102,18366733264,Authentication,166,34,-58,920,0,11,0,0,0,0,0,0,0,0
4103,18366776271,Authentication,166,34,-57,920,0,11,0,0,0,0,0,0,0,0
4104,18366831568,Authentication,166,34,-57,920,0,11,0,0,0,0,0,0,0,0
4105,18366871353,Authentication,166,34,-19,920,0,11,0,0,1,0,0,0,720,0
4106,18366877812,Authentication,166,34,-19,920,0,11,0,0,1,0,0,0,720,0
4107,18366884530,Authentication,166,34,-19,920,0,11,0,0,1,0,0,0,720,0
4108,18366889932,Authentication,166,34,-56,920,0,11,0,0,0,0,0,0,0,0
4109,18366929871,Authentication,166,34,-56,920,0,11,0,0,0,0,0,0,0,0
4110,18366950577,S1G Beacon,61,34,-18,920,3,1,,,,,,,0,0
4111,18366995406,Authentication,166,34,-57,920,0,11,0,0,0,0,0,0,0,0
4112,18367039437,Authentication,166,34,-57,920,0,11,0,0,0,0,0,0,0,0
4113,18367093710,Authentication,166,34,-58,920,0,11,0,0,0,0,0,0,0,0
4114,18367124692,Authentication,105,34,-18,920,0,11,0,0,0,0,0,0,720,0
4115,18367129718,Authentication,105,34,-19,920,0,11,0,0,1,0,0,0,720,0
4116,18367134744,Authentication,105,34,-18,920,0,11,0,0,1,0,0,0,720,0
4117,18367139562,Authentication,105,34,-20,920,0,11,0,0,1,0,0,0,720,0
4118,18367159245,Authentication,166,34,-56,920,0,11,0,0,0,0,0,0,0,0
4119,18367193037,Authentication,166,34,-58,920,0,11,0,0,0,0,0,0,0,0
4120,18367257549,Authentication,166,34,-56,920,0,11,0,0,0,0,0,0,0,0
4121,18367262136,Authentication,166,34,-19,920,0,11,0,0,0,0,0,0,720,0
4122,18367267450,Authentication,166,34,-18,920,0,11,0,0,1,0,0,0,720,0
4123,18367273024,Authentication,166,34,-20,920,0,11,0,0,1,0,0,0,720,0
4124,18367278548,Authentication,166,34,-18,920,0,11,0,0,1,0,0,0,720,0
4125,18367310794,Authentication,166,34,-57,920,0,11,0,0,0,0,0,0,0,0
4126,18367355852,Authentication,166,34,-56,920,0,11,0,0,0,0,0,0,0,0
4127,18367421388,Authentication,166,34,-57,920,0,11,0,0,0,0,0,0,0,0
4128,18367467466,Authentication,166,34,-56,920,0,11,0,0,0,0,0,0,0,0
4129,18367478967,Authentication,166,34,-20,920,0,11,0,0,0,0,0,0,720,0
4130,18367484436,Authentication,166,34,-18,920,0,11,0,0,1,0,0,0,720,0
4131,18367491205,Authentication,166,34,-19,920,0,11,0,0,1,0,0,0,720,0
4132,18367497926,Authentication,166,34,-18,920,0,11,0,0,1,0,0,0,720,0
4133,18367503386,QoS Data,149,34,-14,920,2,8,1,0,0,0,0,1,720,0
4136,18367512606,QoS Data,131,34,-19,920,2,8,1,0,0,0,0,1,720,0
4138,18367515921,QoS Data,131,34,-25,920,2,8,0,0,0,0,0,1,720,0
4140,18367519692,Authentication,166,34,-57,920,0,11,0,0,0,0,0,0,0,0
4141,18367585227,Authentication,166,34,-57,920,0,11,0,0,0,0,0,0,0,0
4142,18367617995,Authentication,166,34,-56,920,0,11,0,0,0,0,0,0,0,0
4143,18367683530,Authentication,166,34,-56,920,0,11,0,0,0,0,0,0,0,0
4144,18367698934,Authentication,166,34,-19,920,0,11,0,0,0,0,0,0,720,0
4145,18367705342,Authentication,166,34,-19,920,0,11,0,0,1,0,0,0,720,0
4146,18367711905,Authentication,166,34,-19,920,0,11,0,0,1,0,0,0,720,0
4147,18367718416,Authentication,166,34,-19,920,0,11,0,0,1,0,0,0,720,0
4148,18367739335,Authentication,166,34,-57,920,0,11,0,0,0,0,0,0,0,0
4149,18367749066,Authentication,201,34,-55,920,0,11,0,0,0,0,0,0,0,0
4150,18367759228,Authentication,201,34,-56,920,0,11,0,0,0,0,0,0,0,0
4151,18367769778,S1G Beacon,129,34,-19,920,3,1,,,,,,,0,0
4152,18367773416,QoS Data,128,34,-15,920,2,8,1,0,0,0,0,1,720,0
4154,18367776541,QoS Data,128,34,-26,920,2,8,0,0,0,0,0,1,720,0
4156,18367781834,Authentication,166,34,-57,920,0,11,0,0,0,0,0,0,0,0
4157,18367847369,Authentication,166,34,-57,920,0,11,0,0,0,0,0,0,0,0
4158,18367897543,Authentication,166,34,-57,920,0,11,0,0,0,0,0,0,0,0
4159,18367902232,Authentication,166,34,-19,920,0,11,0,0,0,0,0,0,720,0
4160,18367908638,Authentication,166,34,-20,920,0,11,0,0,1,0,0,0,720,0
4161,18367915099,Authentication,166,34,-19,920,0,11,0,0,1,0,0,0,720,0
4162,18367921662,Authentication,166,34,-19,920,0,11,0,0,1,0,0,0,720,0
4163,18367945673,Authentication,166,34,-57,920,0,11,0,0,0,0,0,0,0,0
4164,18368011208,Authentication,166,34,-55,920,0,11,0,0,0,0,0,0,0,0
4165,18368046024,Authentication,166,34,-57,920,0,11,0,0,0,0,0,0,0,0
4166,18368098918,Authentication,166,34,-19,920,0,11,0,0,0,0,0,0,720,0
4167,18368105377,Authentication,166,34,-18,920,0,11,0,0,1,0,0,0,720,0
4168,18368109511,Authentication,166,34,-56,920,0,11,0,0,0,0,0,0,0,0
4169,18368114151,Authentication,166,34,-18,920,0,11,0,0,1,0,0,0,720,0
4170,18368120664,Authentication,166,34,-19,920,0,11,0,0,1,0,0,0,720,0
4171,18368168900,Authentication,166,34,-57,920,0,11,0,0,0,0,0,0,0,0
4172,18368207815,Authentication,166,34,-57,920,0,11,0,0,0,0,0,0,0,0
4173,18368273351,Authentication,166,34,-58,920,0,11,0,0,0,0,0,0,0,0
4174,18368309190,Authentication,166,34,-57,920,0,11,0,0,0,0,0,0,0,0
4175,18368352809,Authentication,166,34,-19,920,0,11,0,0,0,0,0,0,720,0
4176,18368359478,Authentication,166,34,-18,920,0,11,0,0,1,0,0,0,720,0
4177,18368365990,Authentication,166,34,-19,920,0,11,0,0,1,0,0,0,720,0
4178,18368371654,Authentication,166,34,-56,920,0,11,0,0,0,0,0,0,0,0
4179,18368376501,Authentication,166,34,-20,920,0,11,0,0,1,0,0,0,720,0
4180,18368408066,Data,287,34,-18,920,2,0,0,0,0,0,0,1,0,0
4181,18368437190,Authentication,166,34,-56,920,0,11,0,0,0,0,0,0,0,0
4183,18368469957,Authentication,166,34,-56,920,0,11,0,0,0,0,0,0,0,0
4184,18368535493,Authentication,166,34,-57,920,0,11,0,0,0,0,0,0,0,0
4185,18368568938,Authentication,166,34,-20,920,0,11,0,0,0,0,0,0,720,0
4186,18368575346,Authentication,166,34,-19,920,0,11,0,0,1,0,0,0,720,0
4187,18368582067,Authentication,166,34,-19,920,0,11,0,0,1,0,0,0,720,0
4188,18368589034,S1G Beacon,61,34,-18,920,3,1,,,,,,,0,0
4189,18368590821,Authentication,166,34,-18,920,0,11,0,0,1,0,0,0,720,0
4190,18368699332,Authentication,166,34,-56,920,0,11,0,0,0,0,0,0,0,0
4191,18368745409,Authentication,166,34,-56,920,0,11,0,0,0,0,0,0,0,0
4192,18368788889,Authentication,166,34,-19,920,0,11,0,0,0,0,0,0,720,0
4193,18368795298,Authentication,166,34,-19,920,0,11,0,0,1,0,0,0,720,0
4194,18368802171,Authentication,166,34,-19,920,0,11,0,0,1,0,0,0,720,0
4195,18368863171,Authentication,166,34,-56,920,0,11,0,0,0,0,0,0,0,0
4196,18368896963,Authentication,166,34,-57,920,0,11,0,0,0,0,0,0,0,0
4197,18368961474,Authentication,166,34,-56,920,0,11,0,0,0,0,0,0,0,0
4198,18368979007,Authentication,166,34,-19,920,0,11,0,0,0,0,0,0,720,0
4199,18368985516,Authentication,166,34,-19,920,0,11,0,0,1,0,0,0,720,0
4200,18368992029,Authentication,166,34,-20,920,0,11,0,0,1,0,0,0,720,0
4201,18368998801,Authentication,166,34,-20,920,0,11,0,0,1,0,0,0,720,0
4202,18369027009,Authentication,166,34,-57,920,0,11,0,0,0,0,0,0,0,0
4203,18369059777,Authentication,166,34,-56,920,0,11,0,0,0,0,0,0,0,0
4204,18369125313,Authentication,166,34,-56,920,0,11,0,0,0,0,0,0,0,0
4205,18369168320,Authentication,166,34,-57,920,0,11,0,0,0,0,0,0,0,0
4206,18369188961,Authentication,166,34,-18,920,0,11,0,0,0,0,0,0,720,0
4207,18369195004,Authentication,166,34,-19,920,0,11,0,0,1,0,0,0,720,0
4208,18369201515,Authentication,166,34,-19,920,0,11,0,0,1,0,0,0,720,0
4209,18369208236,Authentication,166,34,-18,920,0,11,0,0,1,0,0,0,720,0
4210,18369223616,Authentication,166,34,-56,920,0,11,0,0,0,0,0,0,0,0
4211,18369289153,Authentication,166,34,-56,920,0,11,0,0,0,0,0,0,0,0
4212,18369326015,Authentication,166,34,-56,920,0,11,0,0,0,0,0,0,0,0
4213,18369387456,Authentication,166,34,-57,920,0,11,0,0,0,0,0,0,0,0
4214,18369408185,S1G Beacon,129,34,-19,920,3,1,,,,,,,0,0
4215,18369412136,Authentication,166,34,-18,920,0,11,0,0,0,0,0,0,720,0
4216,18369417866,Authentication,166,34,-19,920,0,11,0,0,1,0,0,0,720,0
4217,18369424483,Authentication,166,34,-19,920,0,11,0,0,1,0,0,0,720,0
4218,18369430995,Authentication,166,34,-19,920,0,11,0,0,1,0,0,0,720,0
4219,18369442748,Authentication,166,34,-56,920,0,11,0,0,0,0,0,0,0,0
4220,18369485759,Authentication,166,34,-58,920,0,11,0,0,0,0,0,0,0,0
4221,18369551295,Authentication,166,34,-57,920,0,11,0,0,0,0,0,0,0,0
4222,18369592253,Authentication,166,34,-56,920,0,11,0,0,0,0,0,0,0,0
4223,18369678958,Authentication,166,34,-19,920,0,11,0,0,0,0,0,0,720,0
4224,18369685523,Authentication,166,34,-18,920,0,11,0,0,1,0,0,0,720,0
4225,18369691669,Authentication,166,34,-18,920,0,11,0,0,1,0,0,0,720,0
4226,18369698282,Authentication,166,34,-18,920,0,11,0,0,1,0,0,0,720,0
4227,18369715133,Authentication,166,34,-57,920,0,11,0,0,0,0,0,0,0,0
4228,18369754044,Authentication,166,34,-56,920,0,11,0,0,0,0,0,0,0,0
4229,18369813437,Authentication,166,34,-58,920,0,11,0,0,0,0,0,0,0,0
4230,18369878972,Authentication,166,34,-56,920,0,11,0,0,0,0,0,0,0,0
4231,18369884236,Authentication,166,34,-18,920,0,11,0,0,0,0,0,0,720,0
4232,18369890853,Authentication,166,34,-19,920,0,11,0,0,1,0,0,0,720,0
4233,18369897467,Authentication,166,34,-19,920,0,11,0,0,1,0,0,0,720,0
4234,18369903927,Authentication,166,34,-20,920,0,11,0,0,1,0,0,0,720,0
4235,18369944507,Authentication,166,34,-56,920,0,11,0,0,0,0,0,0,0,0
4236,18369977276,Authentication,166,34,-57,920,0,11,0,0,0,0,0,0,0,0
4237,18370042811,Authentication,166,34,-57,920,0,11,0,0,0,0,0,0,0,0
4238,18370078850,Authentication,166,34,-18,920,0,11,0,0,0,0,0,0,720,0
4239,18370085623,Authentication,166,34,-18,920,0,11,0,0,1,0,0,0,720,0
4240,18370092134,Authentication,166,34,-19,920,0,11,0,0,1,0,0,0,720,0
4241,18370098696,Authentication,166,34,-18,920,0,11,0,0,1,0,0,0,720,0
4242,18370108347,Authentication,166,34,-56,920,0,11,0,0,0,0,0,0,0,0
4243,18370141115,Authentication,166,34,-56,920,0,11,0,0,0,0,0,0,0,0
4244,18370206650,Authentication,166,34,-58,920,0,11,0,0,0,0,0,0,0,0
4245,18370227391,S1G Beacon,61,34,-18,920,3,1,,,,,,,0,0
4246,18370258871,Authentication,166,34,-56,920,0,11,0,0,0,0,0,0,0,0
4247,18370298922,Authentication,166,34,-18,920,0,11,0,0,0,0,0,0,720,0
4248,18370304954,Authentication,166,34,-56,920,0,11,0,0,0,0,0,0,0,0
4249,18370309902,Authentication,166,34,-18,920,0,11,0,0,1,0,0,0,720,0
4250,18370316674,Authentication,166,34,-19,920,0,11,0,0,1,0,0,0,720,0
4251,18370323187,Authentication,166,34,-18,920,0,11,0,0,1,0,0,0,720,0
4252,18370370489,Authentication,166,34,-58,920,0,11,0,0,0,0,0,0,0,0
4253,18370403257,Authentication,166,34,-56,920,0,11,0,0,0,0,0,0,0,0
4254,18370468793,Authentication,166,34,-57,920,0,11,0,0,0,0,0,0,0,0
4255,18370508890,Authentication,166,34,-19,920,0,11,0,0,0,0,0,0,720,0
4256,18370515451,Authentication,166,34,-19,920,0,11,0,0,1,0,0,0,720,0
4257,18370529618,Data,284,34,-19,920,2,0,0,0,0,0,0,1,0,0
4258,18370537588,Authentication,166,34,-18,920,0,11,0,0,1,0,0,0,720,0
4259,18370567096,Authentication,166,34,-57,920,0,11,0,0,0,0,0,0,0,0
4260,18370632631,Authentication,166,34,-57,920,0,11,0,0,0,0,0,0,0,0
4261,18370730935,Authentication,166,34,-57,920,0,11,0,0,0,0,0,0,0,0
4262,18370758936,Authentication,166,34,-19,920,0,11,0,0,0,0,0,0,720,0
4263,18370765395,Authentication,166,34,-19,920,0,11,0,0,1,0,0,0,720,0
4264,18370771905,Authentication,166,34,-19,920,0,11,0,0,1,0,0,0,720,0
4265,18370778468,Authentication,166,34,-18,920,0,11,0,0,1,0,0,0,720,0
4266,18370796470,Authentication,166,34,-56,920,0,11,0,0,0,0,0,0,0,0
4267,18370839477,Authentication,166,34,-57,920,0,11,0,0,0,0,0,0,0,0
4268,18370894774,Authentication,166,34,-56,920,0,11,0,0,0,0,0,0,0,0
4269,18370958946,Authentication,166,34,-19,920,0,11,0,0,0,0,0,0,720,0
4270,18370964834,Authentication,166,34,-19,920,0,11,0,0,1,0,0,0,720,0
4271,18370970254,Authentication,166,34,-19,920,0,11,0,0,1,0,0,0,720,0
4272,18370977024,Authentication,166,34,-18,920,0,11,0,0,1,0,0,0,720,0
4273,18371015602,Authentication,166,34,-56,920,0,11,0,0,0,0,0,0,0,0
4274,18371046591,S1G Beacon,129,34,-20,920,3,1,,,,,,,0,0
4275,18371058613,Authentication,166,34,-57,920,0,11,0,0,0,0,0,0,0,0
4276,18371124148,Authentication,166,34,-58,920,0,11,0,0,0,0,0,0,0,0
4277,18371159159,Authentication,166,34,-19,920,0,11,0,0,0,0,0,0,720,0
4278,18371165722,Authentication,166,34,-20,920,0,11,0,0,1,0,0,0,720,0
4279,18371171612,Authentication,166,34,-19,920,0,11,0,0,1,0,0,0,720,0
4280,18371177913,Authentication,166,34,-19,920,0,11,0,0,1,0,0,0,720,0
4281,18371222451,Authentication,166,34,-57,920,0,11,0,0,0,0,0,0,0,0
4282,18371330994,Authentication,166,34,-57,920,0,11,0,0,0,0,0,0,0,0
4283,18371373500,Authentication,166,34,-21,920,0,11,0,0,1,0,0,0,720,0
4284,18371380065,Authentication,166,34,-19,920,0,11,0,0,1,0,0,0,720,0
4285,18371385746,Authentication,166,34,-19,920,0,11,0,0,1,0,0,0,720,0
4286,18371432155,Data,287,34,-18,920,2,0,0,0,0,0,0,1,0,0
4287,18371451826,Authentication,166,34,-57,920,0,11,0,0,0,0,0,0,0,0
4288,18371484594,Authentication,166,34,-57,920,0,11,0,0,0,0,0,0,0,0
4289,18371522563,Data,284,34,-19,920,2,0,0,0,0,0,0,1,0,0
4290,18371555497,Authentication,166,34,-21,920,0,11,0,0,0,0,0,0,720,0
4291,18371562267,Authentication,166,34,-19,920,0,11,0,0,1,0,0,0,720,0
4292,18371568986,Authentication,166,34,-19,920,0,11,0,0,1,0,0,0,720,0
4293,18371574146,Authentication,166,34,-19,920,0,11,0,0,1,0,0,0,720,0
4294,18371600303,Authentication,166,34,-56,920,0,11,0,0,0,0,0,0,0,0
4295,18371648433,Authentication,166,34,-57,920,0,11,0,0,0,0,0,0,0,0
4296,18371713969,Authentication,166,34,-56,920,0,11,0,0,0,0,0,0,0,0
4297,18371734312,Authentication,105,34,-20,920,0,11,0,0,0,0,0,0,720,0
4298,18371739340,Authentication,105,34,-20,920,0,11,0,0,1,0,0,0,720,0
4299,18371742756,Authentication,105,34,-19,920,0,11,0,0,1,0,0,0,720,0
4300,18371747802,Authentication,105,34,-19,920,0,11,0,0,1,0,0,0,720,0
4301,18371779504,Authentication,166,34,-56,920,0,11,0,0,0,0,0,0,0,0
4302,18371812272,Authentication,166,34,-57,920,0,11,0,0,0,0,0,0,0,0
4303,18371865794,S1G Beacon,61,34,-19,920,3,1,,,,,,,0,0
4304,18371868413,Authentication,166,34,-19,920,0,11,0,0,0,0,0,0,720,0
4305,18371874249,Authentication,166,34,-19,920,0,11,0,0,1,0,0,0,720,0
4306,18371882321,Authentication,166,34,-19,920,0,11,0,0,1,0,0,0,720,0
4307,18371888780,Authentication,166,34,-19,920,0,11,0,0,1,0,0,0,720,0
4308,18371912623,Authentication,166,34,-57,920,0,11,0,0,0,0,0,0,0,0
4309,18371976111,Authentication,166,34,-56,920,0,11,0,0,0,0,0,0,0,0
4310,18372041647,Authentication,166,34,-56,920,0,11,0,0,0,0,0,0,0,0
4311,18372078510,Authentication,166,34,-56,920,0,11,0,0,0,0,0,0,0,0
4312,18372098956,Authentication,166,34,-19,920,0,11,0,0,0,0,0,0,720,0
4313,18372105678,Authentication,166,34,-20,920,0,11,0,0,1,0,0,0,720,0
4314,18372112190,Authentication,166,34,-19,920,0,11,0,0,1,0,0,0,720,0
4315,18372118755,Authentication,166,34,-19,920,0,11,0,0,1,0,0,0,720,0
4316,18372139950,Authentication,166,34,-57,920,0,11,0,0,0,0,0,0,0,0
4317,18372205486,Authentication,166,34,-56,920,0,11,0,0,0,0,0,0,0,0
4318,18372238253,Authentication,166,34,-57,920,0,11,0,0,0,0,0,0,0,0
4319,18372298867,Authentication,166,34,-19,920,0,11,0,0,0,0,0,0,720,0
4320,18372303789,Authentication,166,34,-56,920,0,11,0,0,0,0,0,0,0,0
4321,18372308429,Authentication,166,34,-19,920,0,11,0,0,1,0,0,0,720,0
4322,18372315043,Authentication,166,34,-20,920,0,11,0,0,1,0,0,0,720,0
4323,18372321660,Authentication,166,34,-19,920,0,11,0,0,1,0,0,0,720,0
4324,18372354987,Authentication,166,34,-56,920,0,11,0,0,0,0,0,0,0,0
4325,18372368296,Authentication,201,34,-56,920,0,11,0,0,0,0,0,0,0,0
4326,18372378458,Authentication,201,34,-58,920,0,11,0,0,0,0,0,0,0,0
4327,18372402092,Authentication,166,34,-56,920,0,11,0,0,0,0,0,0,0,0
4328,18372467628,Authentication,166,34,-57,920,0,11,0,0,0,0,0,0,0,0
4329,18372488938,Authentication,166,34,-18,920,0,11,0,0,0,0,0,0,720,0
4330,18372495399,Authentication,166,34,-20,920,0,11,0,0,1,0,0,0,720,0
4331,18372500396,Authentication,166,34,-56,920,0,11,0,0,0,0,0,0,0,0
4332,18372505083,Authentication,166,34,-19,920,0,11,0,0,1,0,0,0,720,0
4333,18372511854,Authentication,166,34,-18,920,0,11,0,0,1,0,0,0,720,0
4334,18372523983,Data,284,34,-18,920,2,0,0,0,0,0,0,1,0,0
4335,18372531741,QoS Data,149,34,-14,920,2,8,1,0,0,0,0,1,720,0
4337,18372535479,QoS Data,149,34,-26,920,2,8,0,0,0,0,0,1,720,0
4339,18372541066,QoS Data,131,34,-19,920,2,8,1,0,0,0,0,1,720,0
4341,18372543754,QoS Data,131,34,-26,920,2,8,0,0,0,0,0,1,720,0
4343,18372565931,Authentication,166,34,-56,920,0,11,0,0,0,0,0,0,0,0
4344,18372605866,Authentication,166,34,-56,920,0,11,0,0,0,0,0,0,0,0
4345,18372664235,Authentication,166,34,-56,920,0,11,0,0,0,0,0,0,0,0
4346,18372684998,S1G Beacon,129,34,-19,920,3,1,,,,,,,0,0
4347,18372708910,Authentication,166,34,-19,920,0,11,0,0,0,0,0,0,720,0
4348,18372715629,Authentication,166,34,-19,920,0,11,0,0,1,0,0,0,720,0
4349,18372722140,Authentication,166,34,-20,920,0,11,0,0,1,0,0,0,720,0
4350,18372728027,Authentication,166,34,-19,920,0,11,0,0,1,0,0,0,720,0
4351,18372754995,QoS Data,128,34,-13,920,2,8,1,0,0,0,0,1,720,0
4353,18372757962,QoS Data,128,34,-26,920,2,8,0,0,0,0,0,1,720,0
4355,18372779944,Authentication,166,34,-56,920,0,11,0,0,0,0,0,0,0,0
4356,18372828073,Authentication,166,34,-55,920,0,11,0,0,0,0,0,0,0,0
4357,18372893609,Authentication,166,34,-57,920,0,11,0,0,0,0,0,0,0,0
4358,18372919149,Authentication,166,34,-19,920,0,11,0,0,0,0,0,0,720,0
4359,18372925766,Authentication,166,34,-18,920,0,11,0,0,1,0,0,0,720,0
4360,18372932278,Authentication,166,34,-19,920,0,11,0,0,1,0,0,0,720,0
4361,18372938663,Authentication,166,34,-56,920,0,11,0,0,0,0,0,0,0,0
4362,18372943459,Authentication,166,34,-19,920,0,11,0,0,1,0,0,0,720,0
4363,18372991912,Authentication,166,34,-56,920,0,11,0,0,0,0,0,0,0,0
4364,18373055396,Authentication,166,34,-57,920,0,11,0,0,0,0,0,0,0,0
4365,18373093287,Authentication,166,34,-56,920,0,11,0,0,0,0,0,0,0,0
4366,18373155752,Authentication,166,34,-57,920,0,11,0,0,0,0,0,0,0,0
4367,18373178799,Authentication,166,34,-19,920,0,11,0,0,0,0,0,0,720,0
4368,18373185360,Authentication,166,34,-19,920,0,11,0,0,1,0,0,0,720,0
4369,18373191976,Authentication,166,34,-19,920,0,11,0,0,1,0,0,0,720,0
4370,18373198435,Authentication,166,34,-19,920,0,11,0,0,1,0,0,0,720,0
4371,18373212580,Authentication,166,34,-58,920,0,11,0,0,0,0,0,0,0,0
4372,18373254054,Authentication,166,34,-56,920,0,11,0,0,0,0,0,0,0,0
4373,18373319590,Authentication,166,34,-55,920,0,11,0,0,0,0,0,0,0,0
4374,18373363621,Authentication,166,34,-56,920,0,11,0,0,0,0,0,0,0,0
4375,18373376268,Authentication,166,34,-20,920,0,11,0,0,0,0,0,0,720,0
4376,18373382261,Authentication,166,34,-18,920,0,11,0,0,1,0,0,0,720,0
4377,18373387473,Authentication,166,34,-19,920,0,11,0,0,1,0,0,0,720,0
4378,18373394193,Authentication,166,34,-18,920,0,11,0,0,1,0,0,0,720,0
4379,18373417894,Authentication,166,34,-57,920,0,11,0,0,0,0,0,0,0,0
4380,18373483429,Authentication,166,34,-58,920,0,11,0,0,0,0,0,0,0,0
4381,18373504201,S1G Beacon,61,34,-18,920,3,1,,,,,,,0,0
4382,18373522852,Authentication,166,34,-57,920,0,11,0,0,0,0,0,0,0,0
4383,18373528063,Data,284,34,-19,920,2,0,0,0,0,0,0,1,0,0
4384,18373581732,Authentication,166,34,-56,920,0,11,0,0,0,0,0,0,0,0
4385,18373598801,Authentication,166,34,-19,920,0,11,0,0,0,0,0,0,720,0
4386,18373604327,Authentication,166,34,-19,920,0,11,0,0,1,0,0,0,720,0
4387,18373610892,Authentication,166,34,-19,920,0,11,0,0,1,0,0,0,720,0
4388,18373617664,Authentication,166,34,-18,920,0,11,0,0,1,0,0,0,720,0
4389,18373643680,Authentication,166,34,-57,920,0,11,0,0,0,0,0,0,0,0
4390,18373680036,Authentication,166,34,-56,920,0,11,0,0,0,0,0,0,0,0
4391,18373745572,Authentication,166,34,-56,920,0,11,0,0,0,0,0,0,0,0
4392,18373793697,Authentication,166,34,-56,920,0,11,0,0,0,0,0,0,0,0
4393,18373808945,Authentication,166,34,-19,920,0,11,0,0,0,0,0,0,720,0
4394,18373815665,Authentication,166,34,-18,920,0,11,0,0,1,0,0,0,720,0
4395,18373822386,Authentication,166,34,-19,920,0,11,0,0,1,0,0,0,720,0
4396,18373829105,Authentication,166,34,-18,920,0,11,0,0,1,0,0,0,720,0
4397,18373843875,Authentication,166,34,-56,920,0,11,0,0,0,0,0,0,0,0
4398,18373909410,Authentication,166,34,-57,920,0,11,0,0,0,0,0,0,0,0
4399,18373954466,Authentication,166,34,-56,920,0,11,0,0,0,0,0,0,0,0
4400,18374007714,Authentication,166,34,-58,920,0,11,0,0,0,0,0,0,0,0
4401,18374012299,Authentication,166,34,-18,920,0,11,0,0,0,0,0,0,720,0
4402,18374018861,Authentication,166,34,-19,920,0,11,0,0,1,0,0,0,720,0
4403,18374025375,Authentication,166,34,-18,920,0,11,0,0,1,0,0,0,720,0
4404,18374069149,Authentication,166,34,-57,920,0,11,0,0,0,0,0,0,0,0
4405,18374106018,Authentication,166,34,-56,920,0,11,0,0,0,0,0,0,0,0
4406,18374171553,Authentication,166,34,-57,920,0,11,0,0,0,0,0,0,0,0
4407,18374207137,Authentication,166,34,-18,920,0,11,0,0,0,0,0,0,720,0
4408,18374213906,Authentication,166,34,-18,920,0,11,0,0,1,0,0,0,720,0
4409,18374220677,Authentication,166,34,-18,920,0,11,0,0,1,0,0,0,720,0
4410,18374227190,Authentication,166,34,-20,920,0,11,0,0,1,0,0,0,720,0
4411,18374269856,Authentication,166,34,-57,920,0,11,0,0,0,0,0,0,0,0
4412,18374323406,S1G Beacon,129,34,-19,920,3,1,,,,,,,0,0
4413,18374335392,Authentication,166,34,-57,920,0,11,0,0,0,0,0,0,0,0
4414,18374373280,Authentication,166,34,-56,920,0,11,0,0,0,0,0,0,0,0
4415,18374433695,Authentication,166,34,-56,920,0,11,0,0,0,0,0,0,0,0
4416,18374459088,Authentication,166,34,-18,920,0,11,0,0,0,0,0,0,720,0
4417,18374466118,Data,287,34,-19,920,2,0,0,0,0,0,0,1,0,0
4418,18374473904,Authentication,166,34,-19,920,0,11,0,0,1,0,0,0,720,0
4419,18374480362,Authentication,166,34,-19,920,0,11,0,0,1,0,0,0,720,0
4420,18374486768,Authentication,166,34,-20,920,0,11,0,0,1,0,0,0,720,0
4421,18374499231,Authentication,166,34,-56,920,0,11,0,0,0,0,0,0,0,0
4422,18374531998,Authentication,166,34,-56,920,0,11,0,0,0,0,0,0,0,0
4423,18374597535,Authentication,166,34,-55,920,0,11,0,0,0,0,0,0,0,0
4424,18374640541,Authentication,166,34,-56,920,0,11,0,0,0,0,0,0,0,0
4425,18374679084,Authentication,166,34,-18,920,0,11,0,0,0,0,0,0,720,0
4426,18374685546,Authentication,166,34,-18,920,0,11,0,0,1,0,0,0,720,0
4427,18374692315,Authentication,166,34,-19,920,0,11,0,0,1,0,0,0,720,0
4428,18374700389,Authentication,166,34,-20,920,0,11,0,0,1,0,0,0,720,0
4429,18374761373,Authentication,166,34,-57,920,0,11,0,0,0,0,0,0,0,0
4430,18374802332,Authentication,166,34,-58,920,0,11,0,0,0,0,0,0,0,0
4431,18374859677,Authentication,166,34,-56,920,0,11,0,0,0,0,0,0,0,0
4432,18374883034,Authentication,166,34,-19,920,0,11,0,0,0,0,0,0,720,0
4433,18374889547,Authentication,166,34,-19,920,0,11,0,0,1,0,0,0,720,0
4434,18374894811,Authentication,166,34,-19,920,0,11,0,0,1,0,0,0,720,0
4435,18374901217,Authentication,166,34,-20,920,0,11,0,0,1,0,0,0,720,0
4436,18374924183,Authentication,166,34,-58,920,0,11,0,0,0,0,0,0,0,0
4437,18374960028,Authentication,166,34,-57,920,0,11,0,0,0,0,0,0,0,0
4438,18375023515,Authentication,166,34,-57,920,0,11,0,0,0,0,0,0,0,0
4439,18375075738,Authentication,166,34,-56,920,0,11,0,0,0,0,0,0,0,0
4440,18375080687,Authentication,105,34,-18,920,0,11,0,0,0,0,0,0,720,0
4441,18375085507,Authentication,105,34,-19,920,0,11,0,0,1,0,0,0,720,0
4442,18375088873,Authentication,105,34,-19,920,0,11,0,0,1,0,0,0,720,0
4443,18375093951,Authentication,105,34,-19,920,0,11,0,0,1,0,0,0,720,0
4444,18375121819,Authentication,166,34,-58,920,0,11,0,0,0,0,0,0,0,0
4445,18375142608,S1G Beacon,61,34,-18,920,3,1,,,,,,,0,0
4446,18375187354,Authentication,166,34,-56,920,0,11,0,0,0,0,0,0,0,0
4447,18375228313,Authentication,166,34,-58,920,0,11,0,0,0,0,0,0,0,0
4448,18375232899,Authentication,166,34,-19,920,0,11,0,0,0,0,0,0,720,0
4449,18375239564,Authentication,166,34,-18,920,0,11,0,0,1,0,0,0,720,0
4450,18375246126,Authentication,166,34,-19,920,0,11,0,0,1,0,0,0,720,0
4451,18375252795,Authentication,166,34,-19,920,0,11,0,0,1,0,0,0,720,0
4452,18375285658,Authentication,166,34,-57,920,0,11,0,0,0,0,0,0,0,0
4453,18375351194,Authentication,166,34,-56,920,0,11,0,0,0,0,0,0,0,0
4454,18375383961,Authentication,166,34,-57,920,0,11,0,0,0,0,0,0,0,0
4455,18375418957,Authentication,166,34,-19,920,0,11,0,0,0,0,0,0,720,0
4456,18375425521,Authentication,166,34,-19,920,0,11,0,0,1,0,0,0,720,0
4457,18375432293,Authentication,166,34,-19,920,0,11,0,0,1,0,0,0,720,0
4458,18375439063,Authentication,166,34,-19,920,0,11,0,0,1,0,0,0,720,0
4459,18375449497,Authentication,166,34,-56,920,0,11,0,0,0,0,0,0,0,0
4460,18375547800,Authentication,166,34,-57,920,0,11,0,0,0,0,0,0,0,0
4461,18375613335,Authentication,166,34,-57,920,0,11,0,0,0,0,0,0,0,0
4462,18375656342,Authentication,166,34,-55,920,0,11,0,0,0,0,0,0,0,0
4463,18375661604,Authentication,166,34,-19,920,0,11,0,0,0,0,0,0,720,0
4464,18375668220,Authentication,166,34,-18,920,0,11,0,0,1,0,0,0,720,0
4465,18375674992,Authentication,166,34,-19,920,0,11,0,0,1,0,0,0,720,0
4466,18375681453,Authentication,166,34,-19,920,0,11,0,0,1,0,0,0,720,0
4467,18375711639,Authentication,201,34,-56,920,0,11,0,0,0,0,0,0,0,0
4468,18375721801,Authentication,166,34,-58,920,0,11,0,0,0,0,0,0,0,0
4469,18375731042,Authentication,201,34,-58,920,0,11,0,0,0,0,0,0,0,0
4470,18375776146,Authentication,166,34,-56,920,0,11,0,0,0,0,0,0,0,0
4471,18375809942,Authentication,166,34,-58,920,0,11,0,0,0,0,0,0,0,0
4472,18375875478,Authentication,166,34,-57,920,0,11,0,0,0,0,0,0,0,0
4473,18375880116,Authentication,166,34,-19,920,0,11,0,0,0,0,0,0,720,0
4474,18375886835,Authentication,166,34,-18,920,0,11,0,0,1,0,0,0,720,0
4475,18375891944,Authentication,166,34,-18,920,0,11,0,0,1,0,0,0,720,0
4476,18375898610,Authentication,166,34,-18,920,0,11,0,0,1,0,0,0,720,0
4477,18375908246,Authentication,166,34,-56,920,0,11,0,0,0,0,0,0,0,0
4478,18375961812,S1G Beacon,129,34,-20,920,3,1,,,,,,,0,0
4479,18375973781,Authentication,166,34,-57,920,0,11,0,0,0,0,0,0,0,0
4480,18376072085,Authentication,166,34,-57,920,0,11,0,0,0,0,0,0,0,0
4481,18376077294,Authentication,166,34,-19,920,0,11,0,0,0,0,0,0,720,0
4482,18376084113,Authentication,166,34,-18,920,0,11,0,0,1,0,0,0,720,0
4483,18376090518,Authentication,166,34,-19,920,0,11,0,0,1,0,0,0,720,0
4484,18376096977,Authentication,166,34,-20,920,0,11,0,0,1,0,0,0,720,0
4485,18376137620,Authentication,166,34,-56,920,0,11,0,0,0,0,0,0,0,0
4486,18376178579,Authentication,166,34,-56,920,0,11,0,0,0,0,0,0,0,0
4487,18376235923,Authentication,166,34,-56,920,0,11,0,0,0,0,0,0,0,0
4488,18376278885,Authentication,166,34,-18,920,0,11,0,0,0,0,0,0,720,0
4489,18376285396,Authentication,166,34,-19,920,0,11,0,0,1,0,0,0,720,0
4490,18376291854,Authentication,166,34,-19,920,0,11,0,0,1,0,0,0,720,0
4491,18376298557,Authentication,166,34,-20,920,0,11,0,0,1,0,0,0,720,0
4492,18376350609,Authentication,166,34,-56,920,0,11,0,0,0,0,0,0,0,0
4493,18376399763,Authentication,166,34,-57,920,0,11,0,0,0,0,0,0,0,0
4494,18376465298,Authentication,166,34,-56,920,0,11,0,0,0,0,0,0,0,0
4495,18376491760,Authentication,166,34,-18,920,0,11,0,0,0,0,0,0,720,0
4496,18376498066,Authentication,166,34,-56,920,0,11,0,0,0,0,0,0,0,0
4497,18376502757,Authentication,166,34,-20,920,0,11,0,0,1,0,0,0,720,0
4498,18376508383,Authentication,166,34,-19,920,0,11,0,0,1,0,0,0,720,0
4499,18376515001,Authentication,166,34,-18,920,0,11,0,0,1,0,0,0,720,0
4500,18376563601,Authentication,166,34,-58,920,0,11,0,0,0,0,0,0,0,0
4501,18376608656,Authentication,166,34,-56,920,0,11,0,0,0,0,0,0,0,0
4502,18376661905,Authentication,166,34,-57,920,0,11,0,0,0,0,0,0,0,0
4503,18376727441,Authentication,166,34,-56,920,0,11,0,0,0,0,0,0,0,0
4504,18376760209,Authentication,166,34,-56,920,0,11,0,0,0,0,0,0,0,0
4505,18376765470,Authentication,166,34,-19,920,0,11,0,0,0,0,0,0,720,0
4506,18376772189,Authentication,166,34,-19,920,0,11,0,0,1,0,0,0,720,0
4507,18376781013,S1G Beacon,61,34,-19,920,3,1,,,,,,,0,0
4508,18376782802,Authentication,166,34,-19,920,0,11,0,0,1,0,0,0,720,0
4509,18376789523,Authentication,166,34,-18,920,0,11,0,0,1,0,0,0,720,0
4510,18376825744,Authentication,166,34,-56,920,0,11,0,0,0,0,0,0,0,0
4511,18376891279,Authentication,166,34,-57,920,0,11,0,0,0,0,0,0,0,0
4512,18376924047,Authentication,166,34,-56,920,0,11,0,0,0,0,0,0,0,0
4513,18376968883,Authentication,166,34,-18,920,0,11,0,0,0,0,0,0,720,0
4514,18376975447,Authentication,166,34,-19,920,0,11,0,0,1,0,0,0,720,0
4515,18376981854,Authentication,166,34,-19,920,0,11,0,0,1,0,0,0,720,0
4516,18376988625,Authentication,166,34,-18,920,0,11,0,0,1,0,0,0,720,0
4517,18377035660,Authentication,166,34,-57,920,0,11,0,0,0,0,0,0,0,0
4518,18377087886,Authentication,166,34,-58,920,0,11,0,0,0,0,0,0,0,0
4519,18377153421,Authentication,166,34,-57,920,0,11,0,0,0,0,0,0,0,0
4520,18377164037,Authentication,166,34,-17,920,0,11,0,0,0,0,0,0,720,0
4521,18377169770,Authentication,166,34,-18,920,0,11,0,0,1,0,0,0,720,0
4522,18377174929,Authentication,166,34,-18,920,0,11,0,0,1,0,0,0,720,0
4523,18377181338,Authentication,166,34,-17,920,0,11,0,0,1,0,0,0,720,0
4524,18377186189,Authentication,166,34,-57,920,0,11,0,0,0,0,0,0,0,0
4525,18377251726,Authentication,166,34,-56,920,0,11,0,0,0,0,0,0,0,0
4526,18377303945,Authentication,166,34,-56,920,0,11,0,0,0,0,0,0,0,0
4527,18377350029,Authentication,166,34,-58,920,0,11,0,0,0,0,0,0,0,0
4528,18377378900,Authentication,166,34,-17,920,0,11,0,0,0,0,0,0,720,0
4529,18377385619,Authentication,166,34,-18,920,0,11,0,0,1,0,0,0,720,0
4530,18377392185,Authentication,166,34,-18,920,0,11,0,0,1,0,0,0,720,0
4531,18377398590,Authentication,166,34,-18,920,0,11,0,0,1,0,0,0,720,0
4532,18377415564,Authentication,166,34,-57,920,0,11,0,0,0,0,0,0,0,0
4533,18377448333,Authentication,166,34,-56,920,0,11,0,0,0,0,0,0,0,0
4534,18377480066,Data,287,34,-19,920,2,0,0,0,0,0,0,1,0,0
4535,18377513867,Authentication,166,34,-56,920,0,11,0,0,0,0,0,0,0,0
4537,18377556569,QoS Data,149,34,-16,920,2,8,1,0,0,0,0,1,720,0
4540,18377565685,QoS Data,131,34,-19,920,2,8,1,0,0,0,0,1,720,0
4543,18377570184,Authentication,166,34,-56,920,0,11,0,0,0,0,0,0,0,0
4544,18377588934,Authentication,166,34,-18,920,0,11,0,0,0,0,0,0,720,0
4545,18377600218,S1G Beacon,129,34,-19,920,3,1,,,,,,,0,0
4546,18377603807,Authentication,166,34,-18,920,0,11,0,0,1,0,0,0,720,0
4547,18377610577,Authentication,166,34,-18,920,0,11,0,0,1,0,0,0,720,0
4548,18377617086,Authentication,166,34,-19,920,0,11,0,0,1,0,0,0,720,0
4549,18377677706,Authentication,166,34,-57,920,0,11,0,0,0,0,0,0,0,0
4550,18377725832,Authentication,166,34,-56,920,0,11,0,0,0,0,0,0,0,0
4551,18377754860,QoS Data,128,34,-17,920,2,8,1,0,0,0,0,1,720,0
4554,18377776010,Authentication,166,34,-58,920,0,11,0,0,0,0,0,0,0,0
4555,18377788968,Authentication,166,34,-18,920,0,11,0,0,0,0,0,0,720,0
4556,18377795530,Authentication,166,34,-18,920,0,11,0,0,1,0,0,0,720,0
4557,18377802043,Authentication,166,34,-18,920,0,11,0,0,1,0,0,0,720,0
4558,18377807877,Authentication,166,34,-18,920,0,11,0,0,1,0,0,0,720,0
4559,18377841545,Authentication,166,34,-57,920,0,11,0,0,0,0,0,0,0,0
4560,18377874313,Authentication,166,34,-57,920,0,11,0,0,0,0,0,0,0,0
4561,18378005385,Authentication,166,34,-57,920,0,11,0,0,0,0,0,0,0,0
4562,18378048391,Authentication,166,34,-58,920,0,11,0,0,0,0,0,0,0,0
4563,18378059321,Authentication,166,34,-18,920,0,11,0,0,0,0,0,0,720,0
4564,18378065883,Authentication,166,34,-19,920,0,11,0,0,1,0,0,0,720,0
4565,18378072343,Authentication,166,34,-19,920,0,11,0,0,1,0,0,0,720,0
4566,18378078440,Authentication,166,34,-19,920,0,11,0,0,1,0,0,0,720,0
4567,18378103687,Authentication,166,34,-56,920,0,11,0,0,0,0,0,0,0,0
4568,18378201991,Authentication,166,34,-57,920,0,11,0,0,0,0,0,0,0,0
4569,18378267526,Authentication,166,34,-58,920,0,11,0,0,0,0,0,0,0,0
4570,18378321796,Authentication,166,34,-57,920,0,11,0,0,0,0,0,0,0,0
4571,18378328931,Authentication,166,34,-17,920,0,11,0,0,0,0,0,0,720,0
4572,18378335704,Authentication,166,34,-18,920,0,11,0,0,1,0,0,0,720,0
4573,18378341798,Authentication,166,34,-19,920,0,11,0,0,1,0,0,0,720,0
4574,18378348518,Authentication,166,34,-18,920,0,11,0,0,1,0,0,0,720,0
4575,18378365830,Authentication,166,34,-56,920,0,11,0,0,0,0,0,0,0,0
4576,18378419422,S1G Beacon,61,34,-18,920,3,1,,,,,,,0,0
4577,18378431365,Authentication,166,34,-57,920,0,11,0,0,0,0,0,0,0,0
4578,18378472325,Authentication,166,34,-56,920,0,11,0,0,0,0,0,0,0,0
4579,18378529669,Authentication,166,34,-57,920,0,11,0,0,0,0,0,0,0,0
4580,18378534461,Authentication,166,34,-19,920,0,11,0,0,0,0,0,0,720,0
4581,18378540088,Authentication,166,34,-18,920,0,11,0,0,1,0,0,0,720,0
4582,18378546704,Authentication,166,34,-18,920,0,11,0,0,1,0,0,0,720,0
4583,18378553163,Authentication,166,34,-18,920,0,11,0,0,1,0,0,0,720,0
4584,18378595204,Authentication,166,34,-57,920,0,11,0,0,0,0,0,0,0,0
4585,18378634115,Authentication,166,34,-58,920,0,11,0,0,0,0,0,0,0,0
4586,18378693508,Authentication,166,34,-57,920,0,11,0,0,0,0,0,0,0,0
4587,18378738856,Authentication,166,34,-18,920,0,11,0,0,0,0,0,0,720,0
4588,18378745574,Authentication,166,34,-18,920,0,11,0,0,1,0,0,0,720,0
4589,18378752035,Authentication,166,34,-17,920,0,11,0,0,1,0,0,0,720,0
4590,18378758544,Authentication,166,34,-19,920,0,11,0,0,1,0,0,0,720,0
4591,18378791811,Authentication,166,34,-57,920,0,11,0,0,0,0,0,0,0,0
4592,18378857347,Authentication,166,34,-55,920,0,11,0,0,0,0,0,0,0,0
4593,18378948918,Authentication,166,34,-18,920,0,11,0,0,0,0,0,0,720,0
4594,18378955429,Authentication,166,34,-19,920,0,11,0,0,1,0,0,0,720,0
4595,18378962200,Authentication,166,34,-19,920,0,11,0,0,1,0,0,0,720,0
4596,18378968866,Authentication,166,34,-18,920,0,11,0,0,1,0,0,0,720,0
4597,18379021186,Authentication,166,34,-57,920,0,11,0,0,0,0,0,0,0,0
4598,18379062144,Authentication,166,34,-57,920,0,11,0,0,0,0,0,0,0,0
4599,18379119489,Authentication,166,34,-56,920,0,11,0,0,0,0,0,0,0,0
4600,18379185025,Authentication,166,34,-57,920,0,11,0,0,0,0,0,0,0,0
4601,18379218769,Authentication,166,34,-18,920,0,11,0,0,0,0,0,0,720,0
4602,18379231636,Authentication,166,34,-19,920,0,11,0,0,1,0,0,0,720,0
4603,18379238624,S1G Beacon,129,34,-17,920,3,1,,,,,,,0,0
4604,18379242211,Authentication,166,34,-17,920,0,11,0,0,1,0,0,0,720,0
4605,18379283328,Authentication,166,34,-56,920,0,11,0,0,0,0,0,0,0,0
4606,18379288487,Data,132,34,-19,920,2,0,0,0,0,0,0,1,0,0
4607,18379344764,Authentication,166,34,-56,920,0,11,0,0,0,0,0,0,0,0
4608,18379381632,Authentication,166,34,-57,920,0,11,0,0,0,0,0,0,0,0
4609,18379403901,Authentication,166,34,-18,920,0,11,0,0,0,0,0,0,720,0
4610,18379410360,Authentication,166,34,-18,920,0,11,0,0,1,0,0,0,720,0
4611,18379416874,Authentication,166,34,-19,920,0,11,0,0,1,0,0,0,720,0
4612,18379423544,Authentication,166,34,-18,920,0,11,0,0,1,0,0,0,720,0
4613,18379447166,Authentication,166,34,-56,920,0,11,0,0,0,0,0,0,0,0
4614,18379498364,Authentication,166,34,-56,920,0,11,0,0,0,0,0,0,0,0
4615,18379545470,Authentication,166,34,-57,920,0,11,0,0,0,0,0,0,0,0
4616,18379588895,Authentication,166,34,-18,920,0,11,0,0,0,0,0,0,720,0
4617,18379595665,Authentication,166,34,-19,920,0,11,0,0,1,0,0,0,720,0
4618,18379602126,Authentication,166,34,-19,920,0,11,0,0,1,0,0,0,720,0
4619,18379608067,Authentication,166,34,-19,920,0,11,0,0,1,0,0,0,720,0
4620,18379649916,Authentication,166,34,-57,920,0,11,0,0,0,0,0,0,0,0
4621,18379709309,Authentication,166,34,-56,920,0,11,0,0,0,0,0,0,0,0
4622,18379774845,Authentication,166,34,-57,920,0,11,0,0,0,0,0,0,0,0
4623,18379798881,Authentication,166,34,-19,920,0,11,0,0,0,0,0,0,720,0
4624,18379805447,Authentication,166,34,-18,920,0,11,0,0,1,0,0,0,720,0
4625,18379811020,Authentication,166,34,-18,920,0,11,0,0,1,0,0,0,720,0
4626,18379817533,Authentication,166,34,-19,920,0,11,0,0,1,0,0,0,720,0
4627,18379829114,Authentication,166,34,-56,920,0,11,0,0,0,0,0,0,0,0
4628,18379873149,Authentication,166,34,-56,920,0,11,0,0,0,0,0,0,0,0
4629,18379938684,Authentication,166,34,-56,920,0,11,0,0,0,0,0,0,0,0
4630,18379946700,Data,132,34,-18,920,2,0,0,0,0,0,0,1,0,0
4631,18379988914,Authentication,166,34,-18,920,0,11,0,0,0,0,0,0,720,0
4632,18379996049,Authentication,166,34,-18,920,0,11,0,0,1,0,0,0,720,0
4633,18380002509,Authentication,166,34,-18,920,0,11,0,0,1,0,0,0,720,0
4634,18380009019,Authentication,166,34,-19,920,0,11,0,0,1,0,0,0,720,0
4635,18380036988,Authentication,166,34,-56,920,0,11,0,0,0,0,0,0,0,0
4636,18380057827,S1G Beacon,61,34,-18,920,3,1,,,,,,,0,0
4637,18380102523,Authentication,166,34,-55,920,0,11,0,0,0,0,0,0,0,0
4638,18380135291,Authentication,166,34,-56,920,0,11,0,0,0,0,0,0,0,0
4639,18380188911,Authentication,166,34,-18,920,0,11,0,0,0,0,0,0,720,0
4640,18380195369,Authentication,166,34,-19,920,0,11,0,0,1,0,0,0,720,0
4641,18380200826,Authentication,166,34,-57,920,0,11,0,0,0,0,0,0,0,0
4642,18380205777,Authentication,166,34,-18,920,0,11,0,0,1,0,0,0,720,0
4643,18380212495,Authentication,166,34,-19,920,0,11,0,0,1,0,0,0,720,0
4644,18380266362,Authentication,166,34,-56,920,0,11,0,0,0,0,0,0,0,0
4645,18380299129,Authentication,166,34,-58,920,0,11,0,0,0,0,0,0,0,0
4646,18380364666,Authentication,166,34,-56,920,0,11,0,0,0,0,0,0,0,0
4647,18380413815,Authentication,166,34,-57,920,0,11,0,0,0,0,0,0,0,0
4648,18380462968,Authentication,166,34,-56,920,0,11,0,0,0,0,0,0,0,0
4649,18380468232,Authentication,166,34,-17,920,0,11,0,0,0,0,0,0,720,0
4650,18380474846,Authentication,166,34,-18,920,0,11,0,0,1,0,0,0,720,0
4651,18380481411,Authentication,166,34,-18,920,0,11,0,0,1,0,0,0,720,0
4652,18380487973,Authentication,166,34,-19,920,0,11,0,0,1,0,0,0,720,0
4653,18380504107,Data,287,34,-18,920,2,0,0,0,0,0,0,1,0,0
4654,18380528504,Authentication,166,34,-56,920,0,11,0,0,0,0,0,0,0,0
4655,18380561272,Authentication,166,34,-57,920,0,11,0,0,0,0,0,0,0,0
4656,18380626807,Authentication,166,34,-58,920,0,11,0,0,0,0,0,0,0,0
4657,18380692343,Authentication,166,34,-57,920,0,11,0,0,0,0,0,0,0,0
4658,18380708903,Authentication,166,34,-18,920,0,11,0,0,0,0,0,0,720,0
4659,18380715313,Authentication,166,34,-18,920,0,11,0,0,1,0,0,0,720,0
4660,18380722029,Authentication,166,34,-18,920,0,11,0,0,1,0,0,0,720,0
4661,18380729634,Authentication,166,34,-19,920,0,11,0,0,1,0,0,0,720,0
4662,18380790647,Authentication,166,34,-57,920,0,11,0,0,0,0,0,0,0,0
4663,18380831605,Authentication,166,34,-56,920,0,11,0,0,0,0,0,0,0,0
4664,18380877030,S1G Beacon,129,34,-18,920,3,1,,,,,,,0,0
4665,18380888950,Authentication,166,34,-56,920,0,11,0,0,0,0,0,0,0,0
4666,18380918994,Authentication,166,34,-18,920,0,11,0,0,0,0,0,0,720,0
4667,18380925764,Authentication,166,34,-19,920,0,11,0,0,1,0,0,0,720,0
4668,18380930923,Authentication,166,34,-18,920,0,11,0,0,1,0,0,0,720,0
4669,18380937485,Authentication,166,34,-17,920,0,11,0,0,1,0,0,0,720,0
4670,18380954486,Authentication,166,34,-56,920,0,11,0,0,0,0,0,0,0,0
4671,18381052789,Authentication,166,34,-58,920,0,11,0,0,0,0,0,0,0,0
4672,18381118324,Authentication,166,34,-57,920,0,11,0,0,0,0,0,0,0,0
4673,18381122911,Authentication,166,34,-18,920,0,11,0,0,0,0,0,0,720,0
4674,18381129629,Authentication,166,34,-17,920,0,11,0,0,1,0,0,0,720,0
4675,18381136087,Authentication,166,34,-18,920,0,11,0,0,1,0,0,0,720,0
4676,18381142495,Authentication,166,34,-18,920,0,11,0,0,1,0,0,0,720,0
4677,18381151093,Authentication,166,34,-56,920,0,11,0,0,0,0,0,0,0,0
4678,18381216628,Authentication,166,34,-56,920,0,11,0,0,0,0,0,0,0,0
4679,18381266802,Authentication,166,34,-58,920,0,11,0,0,0,0,0,0,0,0
4680,18381314931,Authentication,166,34,-58,920,0,11,0,0,0,0,0,0,0,0
4681,18381320140,Authentication,166,34,-18,920,0,11,0,0,0,0,0,0,720,0
4682,18381326754,Authentication,166,34,-19,920,0,11,0,0,1,0,0,0,720,0
4683,18381333371,Authentication,166,34,-19,920,0,11,0,0,1,0,0,0,720,0
4684,18381340041,Authentication,166,34,-18,920,0,11,0,0,1,0,0,0,720,0
4685,18381380466,Authentication,166,34,-56,920,0,11,0,0,0,0,0,0,0,0
4686,18381428592,Authentication,166,34,-56,920,0,11,0,0,0,0,0,0,0,0
4687,18381478770,Authentication,166,34,-57,920,0,11,0,0,0,0,0,0,0,0
4688,18381544305,Authentication,166,34,-56,920,0,11,0,0,0,0,0,0,0,0
4689,18381568911,Authentication,166,34,-18,920,0,11,0,0,0,0,0,0,720,0
4690,18381575369,Authentication,166,34,-18,920,0,11,0,0,1,0,0,0,720,0
4691,18381582037,Authentication,166,34,-18,920,0,11,0,0,1,0,0,0,720,0
4692,18381588547,Authentication,166,34,-18,920,0,11,0,0,1,0,0,0,720,0
4693,18381600110,Authentication,166,34,-58,920,0,11,0,0,0,0,0,0,0,0
4694,18381642609,Authentication,166,34,-56,920,0,11,0,0,0,0,0,0,0,0
4695,18381696232,S1G Beacon,61,34,-19,920,3,1,,,,,,,0,0
4696,18381708145,Authentication,166,34,-58,920,0,11,0,0,0,0,0,0,0,0
4697,18381751663,Authentication,166,34,-58,920,0,11,0,0,0,0,0,0,0,0
4698,18381778853,Authentication,166,34,-18,920,0,11,0,0,0,0,0,0,720,0
4699,18381785625,Authentication,166,34,-19,920,0,11,0,0,1,0,0,0,720,0
4700,18381792240,Authentication,166,34,-18,920,0,11,0,0,1,0,0,0,720,0
4701,18381799010,Authentication,166,34,-17,920,0,11,0,0,1,0,0,0,720,0
4702,18381806448,Authentication,166,34,-56,920,0,11,0,0,0,0,0,0,0,0
4703,18381871984,Authentication,166,34,-58,920,0,11,0,0,0,0,0,0,0,0
4704,18381910894,Authentication,166,34,-57,920,0,11,0,0,0,0,0,0,0,0
4705,18381970286,Authentication,166,34,-56,920,0,11,0,0,0,0,0,0,0,0
4706,18381979116,Authentication,166,34,-18,920,0,11,0,0,0,0,0,0,720,0
4707,18381992086,Authentication,166,34,-20,920,0,11,0,0,1,0,0,0,720,0
4708,18381998649,Authentication,166,34,-17,920,0,11,0,0,1,0,0,0,720,0
4709,18382068590,Authentication,166,34,-57,920,0,11,0,0,0,0,0,0,0,0
4710,18382134126,Authentication,166,34,-58,920,0,11,0,0,0,0,0,0,0,0
4711,18382178157,Authentication,166,34,-56,920,0,11,0,0,0,0,0,0,0,0
4712,18382182744,Authentication,166,34,-18,920,0,11,0,0,0,0,0,0,720,0
4713,18382189253,Authentication,166,34,-18,920,0,11,0,0,1,0,0,0,720,0
4714,18382195868,Authentication,166,34,-17,920,0,11,0,0,1,0,0,0,720,0
4715,18382202327,Authentication,166,34,-19,920,0,11,0,0,1,0,0,0,720,0
4716,18382232429,Authentication,166,34,-57,920,0,11,0,0,0,0,0,0,0,0
4717,18382297965,Authentication,166,34,-57,920,0,11,0,0,0,0,0,0,0,0
4718,18382339947,Authentication,166,34,-57,920,0,11,0,0,0,0,0,0,0,0
4719,18382396269,Authentication,166,34,-56,920,0,11,0,0,0,0,0,0,0,0
4720,18382401009,Authentication,166,34,-18,920,0,11,0,0,0,0,0,0,720,0
4721,18382407417,Authentication,166,34,-18,920,0,11,0,0,1,0,0,0,720,0
4722,18382414031,Authentication,166,34,-18,920,0,11,0,0,1,0,0,0,720,0
4723,18382420906,Authentication,166,34,-18,920,0,11,0,0,1,0,0,0,720,0
4724,18382461800,Authentication,166,34,-56,920,0,11,0,0,0,0,0,0,0,0
4725,18382494571,Authentication,166,34,-57,920,0,11,0,0,0,0,0,0,0,0
4726,18382515439,S1G Beacon,129,34,-18,920,3,1,,,,,,,0,0
4727,18382560107,Authentication,166,34,-57,920,0,11,0,0,0,0,0,0,0,0
4728,18382581437,QoS Data,149,34,-15,920,2,8,1,0,0,0,0,1,720,0
4731,18382590871,QoS Data,131,34,-19,920,2,8,1,0,0,0,0,1,720,0
4734,18382609257,Authentication,166,34,-57,920,0,11,0,0,0,0,0,0,0,0
4735,18382614676,Authentication,166,34,-18,920,0,11,0,0,0,0,0,0,720,0
4736,18382621083,Authentication,166,34,-19,920,0,11,0,0,1,0,0,0,720,0
4737,18382627646,Authentication,166,34,-19,920,0,11,0,0,1,0,0,0,720,0
4738,18382633117,Authentication,166,34,-18,920,0,11,0,0,1,0,0,0,720,0
4739,18382658410,Authentication,166,34,-56,920,0,11,0,0,0,0,0,0,0,0
4740,18382723946,Authentication,166,34,-58,920,0,11,0,0,0,0,0,0,0,0
4741,18382754741,QoS Data,128,34,-14,920,2,8,1,0,0,0,0,1,720,0
4744,18382777192,Authentication,166,34,-55,920,0,11,0,0,0,0,0,0,0,0
4745,18382887785,Authentication,166,34,-57,920,0,11,0,0,0,0,0,0,0,0
4746,18382908961,Authentication,166,34,-18,920,0,11,0,0,0,0,0,0,720,0
4747,18382916096,Authentication,166,34,-19,920,0,11,0,0,1,0,0,0,720,0
4748,18382920553,Authentication,166,34,-57,920,0,11,0,0,0,0,0,0,0,0
4749,18382925347,Authentication,166,34,-18,920,0,11,0,0,1,0,0,0,720,0
4750,18382931754,Authentication,166,34,-18,920,0,11,0,0,1,0,0,0,720,0
4751,18382986088,Authentication,166,34,-56,920,0,11,0,0,0,0,0,0,0,0
4752,18383031143,Authentication,166,34,-56,920,0,11,0,0,0,0,0,0,0,0
4753,18383084392,Authentication,166,34,-56,920,0,11,0,0,0,0,0,0,0,0
4754,18383133282,Authentication,166,34,-18,920,0,11,0,0,0,0,0,0,720,0
4755,18383139687,Authentication,166,34,-19,920,0,11,0,0,1,0,0,0,720,0
4756,18383146251,Authentication,166,34,-18,920,0,11,0,0,1,0,0,0,720,0
4757,18383152763,Authentication,166,34,-19,920,0,11,0,0,1,0,0,0,720,0
4758,18383182695,Authentication,166,34,-56,920,0,11,0,0,0,0,0,0,0,0
4759,18383248231,Authentication,166,34,-56,920,0,11,0,0,0,0,0,0,0,0
4760,18383303523,Authentication,166,34,-56,920,0,11,0,0,0,0,0,0,0,0
4761,18383334640,S1G Beacon,61,34,-18,920,3,1,,,,,,,0,0
4762,18383337099,Authentication,166,34,-18,920,0,11,0,0,0,0,0,0,720,0
4763,18383343717,Authentication,166,34,-18,920,0,11,0,0,1,0,0,0,720,0
4764,18383351008,Authentication,166,34,-20,920,0,11,0,0,1,0,0,0,720,0
4765,18383357981,Authentication,166,34,-18,920,0,11,0,0,1,0,0,0,720,0
4766,18383412070,Authentication,166,34,-57,920,0,11,0,0,0,0,0,0,0,0
4767,18383466339,Authentication,166,34,-56,920,0,11,0,0,0,0,0,0,0,0
4768,18383528116,Data,287,34,-18,920,2,0,0,0,0,0,0,1,0,0
4769,18383536060,Authentication,166,34,-19,920,0,11,0,0,0,0,0,0,720,0
4770,18383542622,Authentication,166,34,-18,920,0,11,0,0,1,0,0,0,720,0
4771,18383549239,Authentication,166,34,-18,920,0,11,0,0,1,0,0,0,720,0
4772,18383555698,Authentication,166,34,-18,920,0,11,0,0,1,0,0,0,720,0
4773,18383575908,Authentication,166,34,-58,920,0,11,0,0,0,0,0,0,0,0
4774,18383600046,Data,387,34,-19,920,2,0,0,0,0,0,0,1,0,0
4775,18383612772,Authentication,166,34,-57,920,0,11,0,0,0,0,0,0,0,0
4776,18383674212,Authentication,166,34,-58,920,0,11,0,0,0,0,0,0,0,0
4777,18383704019,Data,450,34,-18,920,2,0,0,0,0,0,0,1,0,0
4778,18383738838,Authentication,166,34,-19,920,0,11,0,0,0,0,0,0,720,0
4779,18383745559,Authentication,166,34,-19,920,0,11,0,0,1,0,0,0,720,0
4780,18383752590,Authentication,166,34,-18,920,0,11,0,0,1,0,0,0,720,0
4781,18383759154,Authentication,166,34,-18,920,0,11,0,0,1,0,0,0,720,0
4782,18383772516,Authentication,166,34,-57,920,0,11,0,0,0,0,0,0,0,0
4783,18383808197,Data,442,34,-18,920,2,0,0,0,0,0,0,1,0,0
4784,18383838050,Authentication,166,34,-57,920,0,11,0,0,0,0,0,0,0,0
4785,18383899486,Authentication,166,34,-57,920,0,11,0,0,0,0,0,0,0,0
4786,18383912193,Data,387,34,-19,920,2,0,0,0,0,0,0,1,0,0
4787,18383936354,Authentication,166,34,-57,920,0,11,0,0,0,0,0,0,0,0
4788,18383958932,Authentication,166,34,-18,920,0,11,0,0,0,0,0,0,720,0
4789,18383965392,Authentication,166,34,-18,920,0,11,0,0,1,0,0,0,720,0
4790,18383971797,Authentication,166,34,-19,920,0,11,0,0,1,0,0,0,720,0
4791,18383978567,Authentication,166,34,-19,920,0,11,0,0,1,0,0,0,720,0
4792,18384001890,Authentication,166,34,-57,920,0,11,0,0,0,0,0,0,0,0
4793,18384016043,Data,426,34,-18,920,2,0,0,0,0,0,0,1,0,0
4794,18384053088,Authentication,166,34,-56,920,0,11,0,0,0,0,0,0,0,0
4795,18384100194,Authentication,166,34,-56,920,0,11,0,0,0,0,0,0,0,0
4796,18384120118,Data,458,34,-18,920,2,0,0,0,0,0,0,1,0,0
4797,18384153843,S1G Beacon,129,34,-18,920,3,1,,,,,,,0,0
4798,18384165729,Authentication,166,34,-57,920,0,11,0,0,0,0,0,0,0,0
4799,18384170680,Authentication,166,34,-18,920,0,11,0,0,0,0,0,0,720,0
4800,18384176466,Authentication,166,34,-19,920,0,11,0,0,1,0,0,0,720,0
4801,18384182924,Authentication,166,34,-18,920,0,11,0,0,1,0,0,0,720,0
4802,18384189695,Authentication,166,34,-18,920,0,11,0,0,1,0,0,0,720,0
4803,18384216926,Authentication,166,34,-57,920,0,11,0,0,0,0,0,0,0,0
4804,18384224166,Data,387,34,-18,920,2,0,0,0,0,0,0,1,0,0
4805,18384328210,Data,446,34,-18,920,2,0,0,0,0,0,0,1,0,0
4806,18384362336,Authentication,166,34,-57,920,0,11,0,0,0,0,0,0,0,0
4807,18384388866,Authentication,166,34,-19,920,0,11,0,0,0,0,0,0,720,0
4808,18384395482,Authentication,166,34,-19,920,0,11,0,0,1,0,0,0,720,0
4809,18384401890,Authentication,166,34,-18,920,0,11,0,0,1,0,0,0,720,0
4810,18384408660,Authentication,166,34,-18,920,0,11,0,0,1,0,0,0,720,0
4811,18384427871,Authentication,166,34,-57,920,0,11,0,0,0,0,0,0,0,0
4812,18384433187,Data,440,34,-17,920,2,0,0,0,0,0,0,1,0,0
4813,18384483164,Authentication,166,34,-58,920,0,11,0,0,0,0,0,0,0,0
4814,18384526174,Authentication,166,34,-57,920,0,11,0,0,0,0,0,0,0,0
4815,18384536168,Data,387,34,-18,920,2,0,0,0,0,0,0,1,0,0
4816,18384591710,Authentication,166,34,-56,920,0,11,0,0,0,0,0,0,0,0
4817,18384596973,Authentication,166,34,-18,920,0,11,0,0,0,0,0,0,720,0
4818,18384603430,Authentication,166,34,-19,920,0,11,0,0,1,0,0,0,720,0
4819,18384610152,Authentication,166,34,-18,920,0,11,0,0,1,0,0,0,720,0
4820,18384616922,Authentication,166,34,-18,920,0,11,0,0,1,0,0,0,720,0
4821,18384624478,Authentication,166,34,-57,920,0,11,0,0,0,0,0,0,0,0
4822,18384690014,Authentication,166,34,-57,920,0,11,0,0,0,0,0,0,0,0
4823,18384734044,Authentication,166,34,-57,920,0,11,0,0,0,0,0,0,0,0
4824,18384744093,Data,452,34,-18,920,2,0,0,0,0,0,0,1,0,0
4825,18384788317,Authentication,166,34,-57,920,0,11,0,0,0,0,0,0,0,0
4826,18384793734,Authentication,166,34,-18,920,0,11,0,0,0,0,0,0,720,0
4827,18384800298,Authentication,166,34,-19,920,0,11,0,0,1,0,0,0,720,0
4828,18384806861,Authentication,166,34,-19,920,0,11,0,0,1,0,0,0,720,0
4829,18384813373,Authentication,166,34,-18,920,0,11,0,0,1,0,0,0,720,0
4830,18384853852,Authentication,166,34,-57,920,0,11,0,0,0,0,0,0,0,0
4831,18384946776,Data,132,34,-18,920,2,0,0,0,0,0,0,1,0,0
4832,18384952156,Authentication,166,34,-56,920,0,11,0,0,0,0,0,0,0,0
4833,18384973048,S1G Beacon,61,34,-18,920,3,1,,,,,,,0,0
4834,18385008874,Authentication,166,34,-18,920,0,11,0,0,0,0,0,0,720,0
4835,18385015594,Authentication,166,34,-19,920,0,11,0,0,1,0,0,0,720,0
4836,18385022001,Authentication,166,34,-18,920,0,11,0,0,1,0,0,0,720,0
4837,18385028774,Authentication,166,34,-18,920,0,11,0,0,1,0,0,0,720,0
4838,18385050459,Authentication,166,34,-58,920,0,11,0,0,0,0,0,0,0,0
4839,18385115995,Authentication,166,34,-56,920,0,11,0,0,0,0,0,0,0,0
4840,18385171287,Authentication,166,34,-57,920,0,11,0,0,0,0,0,0,0,0
4841,18385214298,Authentication,166,34,-57,920,0,11,0,0,0,0,0,0,0,0
4842,18385279833,Authentication,166,34,-56,920,0,11,0,0,0,0,0,0,0,0
4843,18385285095,Authentication,166,34,-18,920,0,11,0,0,0,0,0,0,720,0
4844,18385291555,Authentication,166,34,-18,920,0,11,0,0,1,0,0,0,720,0
4845,18385298120,Authentication,166,34,-18,920,0,11,0,0,1,0,0,0,720,0
4846,18385304683,Authentication,166,34,-18,920,0,11,0,0,1,0,0,0,720,0
4847,18385327959,Authentication,166,34,-56,920,0,11,0,0,0,0,0,0,0,0
4848,18385378137,Authentication,166,34,-57,920,0,11,0,0,0,0,0,0,0,0
4849,18385482584,Authentication,166,34,-56,920,0,11,0,0,0,0,0,0,0,0
4850,18385498862,Authentication,166,34,-18,920,0,11,0,0,0,0,0,0,720,0
4851,18385505477,Authentication,166,34,-18,920,0,11,0,0,1,0,0,0,720,0
4852,18385512092,Authentication,166,34,-19,920,0,11,0,0,1,0,0,0,720,0
4853,18385518814,Authentication,166,34,-18,920,0,11,0,0,1,0,0,0,720,0
4854,18385541975,Authentication,166,34,-57,920,0,11,0,0,0,0,0,0,0,0
4855,18385605444,Authentication,166,34,-57,920,0,11,0,0,0,0,0,0,0,0
4856,18385642327,Authentication,166,34,-56,920,0,11,0,0,0,0,0,0,0,0
4857,18385705815,Authentication,166,34,-57,920,0,11,0,0,0,0,0,0,0,0
4858,18385711077,Authentication,166,34,-18,920,0,11,0,0,0,0,0,0,720,0
4859,18385717692,Authentication,166,34,-18,920,0,11,0,0,1,0,0,0,720,0
4860,18385724101,Authentication,166,34,-18,920,0,11,0,0,1,0,0,0,720,0
4861,18385730715,Authentication,166,34,-18,920,0,11,0,0,1,0,0,0,720,0
4862,18385771350,Authentication,166,34,-57,920,0,11,0,0,0,0,0,0,0,0
4863,18385792253,S1G Beacon,129,34,-18,920,3,1,,,,,,,0,0
4864,18385806166,Authentication,166,34,-56,920,0,11,0,0,0,0,0,0,0,0
4865,18385869653,Authentication,166,34,-56,920,0,11,0,0,0,0,0,0,0,0
4866,18385908896,Authentication,166,34,-19,920,0,11,0,0,0,0,0,0,720,0
4867,18385915492,Authentication,166,34,-18,920,0,11,0,0,1,0,0,0,720,0
4868,18385922005,Authentication,166,34,-18,920,0,11,0,0,1,0,0,0,720,0
4869,18385929449,Authentication,166,34,-18,920,0,11,0,0,1,0,0,0,720,0
4870,18385946244,Data,132,34,-18,920,2,0,0,0,0,0,0,1,0,0
4871,18385967958,Authentication,166,34,-56,920,0,11,0,0,0,0,0,0,0,0
4872,18386033493,Authentication,166,34,-56,920,0,11,0,0,0,0,0,0,0,0
4873,18386086739,Authentication,166,34,-56,920,0,11,0,0,0,0,0,0,0,0
4874,18386119093,Authentication,166,34,-17,920,0,11,0,0,0,0,0,0,720,0
4875,18386125554,Authentication,166,34,-18,920,0,11,0,0,1,0,0,0,720,0
4876,18386136539,Authentication,166,34,-19,920,0,11,0,0,1,0,0,0,720,0
4877,18386142062,Authentication,166,34,-17,920,0,11,0,0,1,0,0,0,720,0
4878,18386197332,Authentication,166,34,-57,920,0,11,0,0,0,0,0,0,0,0
4879,18386262868,Authentication,166,34,-57,920,0,11,0,0,0,0,0,0,0,0
4880,18386295635,Authentication,166,34,-58,920,0,11,0,0,0,0,0,0,0,0
4881,18386328947,Authentication,166,34,-18,920,0,11,0,0,0,0,0,0,720,0
4882,18386335564,Authentication,166,34,-18,920,0,11,0,0,1,0,0,0,720,0
4883,18386342281,Authentication,166,34,-18,920,0,11,0,0,1,0,0,0,720,0
4884,18386348689,Authentication,166,34,-18,920,0,11,0,0,1,0,0,0,720,0
4885,18386361170,Authentication,166,34,-57,920,0,11,0,0,0,0,0,0,0,0
4886,18386403154,Authentication,166,34,-56,920,0,11,0,0,0,0,0,0,0,0
4887,18386459474,Authentication,166,34,-57,920,0,11,0,0,0,0,0,0,0,0
4888,18386525010,Authentication,166,34,-58,920,0,11,0,0,0,0,0,0,0,0
4889,18386552106,Data,287,34,-18,920,2,0,0,0,0,0,0,1,0,0
4890,18386564945,Authentication,166,34,-57,920,0,11,0,0,0,0,0,0,0,0
4891,18386598855,Authentication,166,34,-18,920,0,11,0,0,0,0,0,0,720,0
4892,18386605264,Authentication,166,34,-19,920,0,11,0,0,1,0,0,0,720,0
4893,18386611508,S1G Beacon,61,34,-18,920,3,1,,,,,,,0,0
4894,18386613296,Authentication,166,34,-18,920,0,11,0,0,1,0,0,0,720,0
4895,18386619860,Authentication,166,34,-18,920,0,11,0,0,1,0,0,0,720,0
4896,18386688848,Authentication,166,34,-58,920,0,11,0,0,0,0,0,0,0,0
4897,18386721616,Authentication,166,34,-57,920,0,11,0,0,0,0,0,0,0,0
4898,18386787152,Authentication,166,34,-57,920,0,11,0,0,0,0,0,0,0,0
4899,18386798839,Authentication,166,34,-18,920,0,11,0,0,0,0,0,0,720,0
4900,18386805508,Authentication,166,34,-19,920,0,11,0,0,1,0,0,0,720,0
4901,18386812280,Authentication,166,34,-17,920,0,11,0,0,1,0,0,0,720,0
4902,18386818790,Authentication,166,34,-18,920,0,11,0,0,1,0,0,0,720,0
4903,18386885455,Authentication,166,34,-57,920,0,11,0,0,0,0,0,0,0,0
4904,18386950991,Authentication,166,34,-58,920,0,11,0,0,0,0,0,0,0,0
4905,18386990925,Authentication,166,34,-58,920,0,11,0,0,0,0,0,0,0,0
4906,18387008980,Authentication,166,34,-18,920,0,11,0,0,0,0,0,0,720,0
4907,18387015492,Authentication,166,34,-18,920,0,11,0,0,1,0,0,0,720,0
4908,18387022002,Authentication,166,34,-19,920,0,11,0,0,1,0,0,0,720,0
4909,18387028668,Authentication,166,34,-18,920,0,11,0,0,1,0,0,0,720,0
4910,18387049294,Authentication,166,34,-57,920,0,11,0,0,0,0,0,0,0,0
4911,18387114830,Authentication,166,34,-56,920,0,11,0,0,0,0,0,0,0,0
4912,18387147598,Authentication,166,34,-58,920,0,11,0,0,0,0,0,0,0,0
4913,18387213133,Authentication,166,34,-57,920,0,11,0,0,0,0,0,0,0,0
4914,18387218396,Authentication,166,34,-17,920,0,11,0,0,0,0,0,0,720,0
4915,18387224960,Authentication,166,34,-17,920,0,11,0,0,1,0,0,0,720,0
4916,18387231420,Authentication,166,34,-18,920,0,11,0,0,1,0,0,0,720,0
4917,18387237829,Authentication,166,34,-19,920,0,11,0,0,1,0,0,0,720,0
4918,18387278669,Authentication,166,34,-57,920,0,11,0,0,0,0,0,0,0,0
4919,18387311436,Authentication,166,34,-57,920,0,11,0,0,0,0,0,0,0,0
4920,18387376972,Authentication,166,34,-56,920,0,11,0,0,0,0,0,0,0,0
4921,18387430657,S1G Beacon,129,34,-18,920,3,1,,,,,,,0,0
4922,18387440456,Authentication,166,34,-57,920,0,11,0,0,0,0,0,0,0,0
4923,18387459031,Authentication,166,34,-19,920,0,11,0,0,0,0,0,0,720,0
4924,18387465749,Authentication,166,34,-19,920,0,11,0,0,1,0,0,0,720,0
4925,18387472365,Authentication,166,34,-18,920,0,11,0,0,1,0,0,0,720,0
4926,18387479810,Authentication,166,34,-18,920,0,11,0,0,1,0,0,0,720,0
4927,18387540811,Authentication,166,34,-57,920,0,11,0,0,0,0,0,0,0,0
4928,18387587913,Authentication,166,34,-56,920,0,11,0,0,0,0,0,0,0,0
4929,18387606329,QoS Data,149,34,-15,920,2,8,1,0,0,0,0,1,720,0
4932,18387616230,QoS Data,131,34,-19,920,2,8,1,0,0,0,0,1,720,0
4935,18387639114,Authentication,166,34,-57,920,0,11,0,0,0,0,0,0,0,0
4936,18387704650,Authentication,166,34,-56,920,0,11,0,0,0,0,0,0,0,0
4937,18387728833,Authentication,166,34,-19,920,0,11,0,0,0,0,0,0,720,0
4938,18387734306,Authentication,166,34,-19,920,0,11,0,0,1,0,0,0,720,0
4939,18387741130,Authentication,166,34,-19,920,0,11,0,0,1,0,0,0,720,0
4940,18387747537,Authentication,166,34,-19,920,0,11,0,0,1,0,0,0,720,0
4941,18387754618,QoS Data,128,34,-14,920,2,8,1,0,0,0,0,1,720,0
4944,18387802953,Authentication,166,34,-58,920,0,11,0,0,0,0,0,0,0,0
4945,18387868489,Authentication,166,34,-58,920,0,11,0,0,0,0,0,0,0,0
4946,18387934024,Authentication,166,34,-57,920,0,11,0,0,0,0,0,0,0,0
4947,18387938871,Authentication,166,34,-18,920,0,11,0,0,0,0,0,0,720,0
4948,18387945382,Authentication,166,34,-18,920,0,11,0,0,1,0,0,0,720,0
4949,18387952050,Authentication,166,34,-18,920,0,11,0,0,1,0,0,0,720,0
4950,18387958612,Authentication,166,34,-19,920,0,11,0,0,1,0,0,0,720,0
4951,18387966792,Authentication,166,34,-57,920,0,11,0,0,0,0,0,0,0,0
4952,18388032328,Authentication,166,34,-56,920,0,11,0,0,0,0,0,0,0,0
4953,18388068168,Authentication,166,34,-57,920,0,11,0,0,0,0,0,0,0,0
4954,18388125900,Authentication,166,34,-17,920,0,11,0,0,0,0,0,0,720,0
4955,18388130632,Authentication,166,34,-56,920,0,11,0,0,0,0,0,0,0,0
4956,18388135270,Authentication,166,34,-19,920,0,11,0,0,1,0,0,0,720,0
4957,18388142040,Authentication,166,34,-18,920,0,11,0,0,1,0,0,0,720,0
4958,18388148551,Authentication,166,34,-18,920,0,11,0,0,1,0,0,0,720,0
4959,18388182852,Authentication,166,34,-57,920,0,11,0,0,0,0,0,0,0,0
4960,18388228935,Authentication,166,34,-56,920,0,11,0,0,0,0,0,0,0,0
4961,18388249861,S1G Beacon,61,34,-18,920,3,1,,,,,,,0,0
4962,18388294470,Authentication,166,34,-58,920,0,11,0,0,0,0,0,0,0,0
4963,18388339103,Authentication,166,34,-18,920,0,11,0,0,0,0,0,0,720,0
4964,18388343620,Authentication,166,34,-57,920,0,11,0,0,0,0,0,0,0,0
4965,18388348310,Authentication,166,34,-19,920,0,11,0,0,1,0,0,0,720,0
4966,18388354663,Authentication,166,34,-18,920,0,11,0,0,1,0,0,0,720,0
4967,18388361333,Authentication,166,34,-18,920,0,11,0,0,1,0,0,0,720,0
4968,18388392774,Authentication,166,34,-56,920,0,11,0,0,0,0,0,0,0,0
4969,18388458309,Authentication,166,34,-56,920,0,11,0,0,0,0,0,0,0,0
4970,18388491078,Authentication,166,34,-56,920,0,11,0,0,0,0,0,0,0,0
4971,18388522808,Data,158,34,-18,920,2,0,0,0,0,0,0,1,0,0
4972,18388556612,Authentication,166,34,-56,920,0,11,0,0,0,0,0,0,0,0
4973,18388561353,Authentication,166,34,-19,920,0,11,0,0,0,0,0,0,720,0
4974,18388567811,Authentication,166,34,-17,920,0,11,0,0,1,0,0,0,720,0
4975,18388574582,Authentication,166,34,-18,920,0,11,0,0,1,0,0,0,720,0
4976,18388581354,Authentication,166,34,-17,920,0,11,0,0,1,0,0,0,720,0
4977,18388601668,Authentication,166,34,-56,920,0,11,0,0,0,0,0,0,0,0
4978,18388654916,Authentication,166,34,-57,920,0,11,0,0,0,0,0,0,0,0
4979,18388720451,Authentication,166,34,-57,920,0,11,0,0,0,0,0,0,0,0
4980,18388758890,Authentication,166,34,-19,920,0,11,0,0,0,0,0,0,720,0
4981,18388765403,Authentication,166,34,-19,920,0,11,0,0,1,0,0,0,720,0
4982,18388771863,Authentication,166,34,-17,920,0,11,0,0,1,0,0,0,720,0
4983,18388776917,Authentication,166,34,-19,920,0,11,0,0,1,0,0,0,720,0
4984,18388818755,Authentication,166,34,-57,920,0,11,0,0,0,0,0,0,0,0
4985,18388884290,Authentication,166,34,-56,920,0,11,0,0,0,0,0,0,0,0
4986,18388924225,Authentication,166,34,-56,920,0,11,0,0,0,0,0,0,0,0
4987,18388982594,Authentication,166,34,-57,920,0,11,0,0,0,0,0,0,0,0
4988,18388997215,Authentication,166,34,-18,920,0,11,0,0,0,0,0,0,720,0
4989,18389003465,Authentication,166,34,-18,920,0,11,0,0,1,0,0,0,720,0
4990,18389009977,Authentication,166,34,-18,920,0,11,0,0,1,0,0,0,720,0
4991,18389016487,Authentication,166,34,-17,920,0,11,0,0,1,0,0,0,720,0
4992,18389038910,Authentication,166,34,-57,920,0,11,0,0,0,0,0,0,0,0
4993,18389069063,S1G Beacon,129,34,-18,920,3,1,,,,,,,0,0
4994,18389080897,Authentication,166,34,-57,920,0,11,0,0,0,0,0,0,0,0
4996,18389208869,Authentication,166,34,-18,920,0,11,0,0,0,0,0,0,720,0
4997,18389216471,Authentication,166,34,-18,920,0,11,0,0,1,0,0,0,720,0
4998,18389223240,Authentication,166,34,-19,920,0,11,0,0,1,0,0,0,720,0
4999,18389230111,Authentication,166,34,-17,920,0,11,0,0,1,0,0,0,720,0
5000,18389244736,Authentication,166,34,-57,920,0,11,0,0,0,0,0,0,0,0
5001,18389310272,Authentication,166,34,-56,920,0,11,0,0,0,0,0,0,0,0
5002,18389352255,Authentication,166,34,-56,920,0,11,0,0,0,0,0,0,0,0
5003,18389408575,Authentication,166,34,-57,920,0,11,0,0,0,0,0,0,0,0
5004,18389428814,Authentication,166,34,-17,920,0,11,0,0,0,0,0,0,720,0
5005,18389435585,Authentication,166,34,-19,920,0,11,0,0,1,0,0,0,720,0
5006,18389442147,Authentication,166,34,-19,920,0,11,0,0,1,0,0,0,720,0
5007,18389448659,Authentication,166,34,-18,920,0,11,0,0,1,0,0,0,720,0
5008,18389474111,Authentication,166,34,-56,920,0,11,0,0,0,0,0,0,0,0
5009,18389506879,Authentication,166,34,-56,920,0,11,0,0,0,0,0,0,0,0
5010,18389572414,Authentication,166,34,-58,920,0,11,0,0,0,0,0,0,0,0
5011,18389577623,Data,287,34,-19,920,2,0,0,0,0,0,0,1,0,0
5012,18389628849,Authentication,166,34,-19,920,0,11,0,0,0,0,0,0,720,0
5013,18389634894,Authentication,166,34,-18,920,0,11,0,0,1,0,0,0,720,0
5014,18389641611,Authentication,166,34,-18,920,0,11,0,0,1,0,0,0,720,0
5015,18389648072,Authentication,166,34,-19,920,0,11,0,0,1,0,0,0,720,0
5016,18389670717,Authentication,166,34,-58,920,0,11,0,0,0,0,0,0,0,0
5017,18389736253,Authentication,166,34,-57,920,0,11,0,0,0,0,0,0,0,0
5018,18389780283,Authentication,166,34,-56,920,0,11,0,0,0,0,0,0,0,0
5019,18389828932,Authentication,166,34,-18,920,0,11,0,0,0,0,0,0,720,0
5020,18389834556,Authentication,166,34,-58,920,0,11,0,0,0,0,0,0,0,0
5021,18389839142,Authentication,166,34,-18,920,0,11,0,0,1,0,0,0,720,0
5022,18389845758,Authentication,166,34,-19,920,0,11,0,0,1,0,0,0,720,0
5023,18389852218,Authentication,166,34,-19,920,0,11,0,0,1,0,0,0,720,0
5024,18389888267,S1G Beacon,61,34,-19,920,3,1,,,,,,,0,0
5025,18389900092,Authentication,166,34,-56,920,0,11,0,0,0,0,0,0,0,0
5026,18389934907,Authentication,166,34,-57,920,0,11,0,0,0,0,0,0,0,0
5027,18389998395,Authentication,166,34,-58,920,0,11,0,0,0,0,0,0,0,0
5028,18390059832,Authentication,166,34,-57,920,0,11,0,0,0,0,0,0,0,0
5029,18390096699,Authentication,166,34,-57,920,0,11,0,0,0,0,0,0,0,0
5030,18390101283,Authentication,166,34,-18,920,0,11,0,0,0,0,0,0,720,0
5031,18390107691,Authentication,166,34,-18,920,0,11,0,0,1,0,0,0,720,0
5032,18390114306,Authentication,166,34,-19,920,0,11,0,0,1,0,0,0,720,0
5033,18390120766,Authentication,166,34,-18,920,0,11,0,0,1,0,0,0,720,0
5034,18390157111,Authentication,166,34,-57,920,0,11,0,0,0,0,0,0,0,0
5035,18390205241,Authentication,166,34,-57,920,0,11,0,0,0,0,0,0,0,0
5036,18390260537,Authentication,166,34,-56,920,0,11,0,0,0,0,0,0,0,0
5037,18390319047,Authentication,166,34,-18,920,0,11,0,0,0,0,0,0,720,0
5038,18390325714,Authentication,166,34,-19,920,0,11,0,0,1,0,0,0,720,0
5039,18390332226,Authentication,166,34,-19,920,0,11,0,0,1,0,0,0,720,0
5040,18390338737,Authentication,166,34,-18,920,0,11,0,0,1,0,0,0,720,0
5041,18390358841,Authentication,166,34,-58,920,0,11,0,0,0,0,0,0,0,0
5042,18390424377,Authentication,166,34,-56,920,0,11,0,0,0,0,0,0,0,0
5043,18390471478,Authentication,166,34,-58,920,0,11,0,0,0,0,0,0,0,0
5044,18390508877,Authentication,166,34,-18,920,0,11,0,0,0,0,0,0,720,0
5045,18390515283,Authentication,166,34,-19,920,0,11,0,0,1,0,0,0,720,0
5046,18390521794,Authentication,166,34,-19,920,0,11,0,0,1,0,0,0,720,0
5047,18390528564,Authentication,166,34,-20,920,0,11,0,0,1,0,0,0,720,0
5048,18390588215,Authentication,166,34,-56,920,0,11,0,0,0,0,0,0,0,0
5049,18390686519,Authentication,166,34,-57,920,0,11,0,0,0,0,0,0,0,0
5050,18390707474,S1G Beacon,129,34,-19,920,3,1,,,,,,,0,0
5051,18390711165,Authentication,166,34,-18,920,0,11,0,0,0,0,0,0,720,0
5052,18390717624,Authentication,166,34,-19,920,0,11,0,0,1,0,0,0,720,0
5053,18390724345,Authentication,166,34,-19,920,0,11,0,0,1,0,0,0,720,0
5054,18390791989,Authentication,166,34,-58,920,0,11,0,0,0,0,0,0,0,0
5055,18390850358,Authentication,166,34,-57,920,0,11,0,0,0,0,0,0,0,0
5056,18390908764,Authentication,166,34,-18,920,0,11,0,0,0,0,0,0,720,0
5057,18390915534,Authentication,166,34,-20,920,0,11,0,0,1,0,0,0,720,0
5058,18390921941,Authentication,166,34,-18,920,0,11,0,0,1,0,0,0,720,0
5059,18390928401,Authentication,166,34,-18,920,0,11,0,0,1,0,0,0,720,0
5060,18390948661,Authentication,166,34,-58,920,0,11,0,0,0,0,0,0,0,0
5061,18391014197,Authentication,166,34,-57,920,0,11,0,0,0,0,0,0,0,0
5062,18391058227,Authentication,166,34,-57,920,0,11,0,0,0,0,0,0,0,0
5063,18391089051,Authentication,166,34,-19,920,0,11,0,0,0,0,0,0,720,0
5064,18391095823,Authentication,166,34,-18,920,0,11,0,0,1,0,0,0,720,0
5065,18391102544,Authentication,166,34,-19,920,0,11,0,0,1,0,0,0,720,0
5066,18391109627,Authentication,166,34,-18,920,0,11,0,0,1,0,0,0,720,0
5067,18391178036,Authentication,166,34,-57,920,0,11,0,0,0,0,0,0,0,0
5068,18391210804,Authentication,166,34,-56,920,0,11,0,0,0,0,0,0,0,0
5069,18391333679,Authentication,166,34,-56,920,0,11,0,0,0,0,0,0,0,0
5070,18391368788,Authentication,166,34,-19,920,0,11,0,0,0,0,0,0,720,0
5071,18391374643,Authentication,166,34,-57,920,0,11,0,0,0,0,0,0,0,0
5072,18391379331,Authentication,166,34,-19,920,0,11,0,0,1,0,0,0,720,0
5073,18391385789,Authentication,166,34,-19,920,0,11,0,0,1,0,0,0,720,0
5074,18391392197,Authentication,166,34,-19,920,0,11,0,0,1,0,0,0,720,0
5075,18391440178,Authentication,166,34,-57,920,0,11,0,0,0,0,0,0,0,0
5076,18391487280,Authentication,166,34,-58,920,0,11,0,0,0,0,0,0,0,0
5077,18391526672,S1G Beacon,61,34,-19,920,3,1,,,,,,,0,0
5078,18391538482,Authentication,166,34,-57,920,0,11,0,0,0,0,0,0,0,0
5079,18391578828,Authentication,166,34,-18,920,0,11,0,0,0,0,0,0,720,0
5080,18391592264,Authentication,166,34,-21,920,0,11,0,0,1,0,0,0,720,0
5081,18391598880,Authentication,166,34,-18,920,0,11,0,0,1,0,0,0,720,0
5082,18391604017,Authentication,166,34,-56,920,0,11,0,0,0,0,0,0,0,0
5083,18391636784,Authentication,166,34,-56,920,0,11,0,0,0,0,0,0,0,0
5084,18391702320,Authentication,166,34,-58,920,0,11,0,0,0,0,0,0,0,0
5085,18391764780,Authentication,166,34,-56,920,0,11,0,0,0,0,0,0,0,0
5086,18391798797,Authentication,166,34,-19,920,0,11,0,0,0,0,0,0,720,0
5087,18391805259,Authentication,166,34,-19,920,0,11,0,0,1,0,0,0,720,0
5088,18391810782,Authentication,166,34,-18,920,0,11,0,0,1,0,0,0,720,0
5089,18391817189,Authentication,166,34,-19,920,0,11,0,0,1,0,0,0,720,0
5090,18391866159,Authentication,166,34,-56,920,0,11,0,0,0,0,0,0,0,0
5091,18391921452,Authentication,166,34,-55,920,0,11,0,0,0,0,0,0,0,0
5092,18391964463,Authentication,166,34,-57,920,0,11,0,0,0,0,0,0,0,0
5093,18391998828,Authentication,166,34,-18,920,0,11,0,0,0,0,0,0,720,0
5094,18392005287,Authentication,166,34,-19,920,0,11,0,0,1,0,0,0,720,0
5095,18392011796,Authentication,166,34,-18,920,0,11,0,0,1,0,0,0,720,0
5096,18392018203,Authentication,166,34,-18,920,0,11,0,0,1,0,0,0,720,0
5097,18392029998,Authentication,166,34,-57,920,0,11,0,0,0,0,0,0,0,0
5098,18392069933,Authentication,166,34,-57,920,0,11,0,0,0,0,0,0,0,0
5099,18392128301,Authentication,166,34,-56,920,0,11,0,0,0,0,0,0,0,0
5100,18392190762,Authentication,166,34,-56,920,0,11,0,0,0,0,0,0,0,0
5101,18392196328,Authentication,166,34,-18,920,0,11,0,0,0,0,0,0,720,0
5102,18392202735,Authentication,166,34,-18,920,0,11,0,0,1,0,0,0,720,0
5103,18392209403,Authentication,166,34,-18,920,0,11,0,0,1,0,0,0,720,0
5104,18392216121,Authentication,166,34,-19,920,0,11,0,0,1,0,0,0,720,0
5105,18392226605,Authentication,166,34,-57,920,0,11,0,0,0,0,0,0,0,0
5106,18392292140,Authentication,166,34,-56,920,0,11,0,0,0,0,0,0,0,0
5107,18392333099,Authentication,166,34,-58,920,0,11,0,0,0,0,0,0,0,0
5108,18392345875,S1G Beacon,129,34,-18,920,3,1,,,,,,,0,0
5109,18392390444,Authentication,166,34,-55,920,0,11,0,0,0,0,0,0,0,0
5110,18392433382,Authentication,166,34,-20,920,0,11,0,0,0,0,0,0,720,0
5111,18392440051,Authentication,166,34,-18,920,0,11,0,0,1,0,0,0,720,0
5112,18392445417,Authentication,166,34,-19,920,0,11,0,0,1,0,0,0,720,0
5113,18392452085,Authentication,166,34,-19,920,0,11,0,0,1,0,0,0,720,0
5114,18392490796,Authentication,166,34,-56,920,0,11,0,0,0,0,0,0,0,0
5115,18392554283,Authentication,166,34,-58,920,0,11,0,0,0,0,0,0,0,0
5116,18392600104,Data,287,34,-19,920,2,0,0,0,0,0,0,1,0,0
5117,18392631497,QoS Data,148,34,-15,920,2,8,1,0,0,0,0,1,720,0
5119,18392634976,QoS Data,148,34,-26,920,2,8,0,0,0,0,0,1,720,0
5123,18392657849,Authentication,166,34,-20,920,0,11,0,0,0,0,0,0,720,0
5124,18392664516,Authentication,166,34,-18,920,0,11,0,0,1,0,0,0,720,0
5125,18392671079,Authentication,166,34,-19,920,0,11,0,0,1,0,0,0,720,0
5126,18392677800,Authentication,166,34,-18,920,0,11,0,0,1,0,0,0,720,0
5127,18392718122,Authentication,166,34,-57,920,0,11,0,0,0,0,0,0,0,0
5128,18392754482,QoS Data,128,34,-15,920,2,8,1,0,0,0,0,1,720,0
5131,18392762152,Authentication,166,34,-57,920,0,11,0,0,0,0,0,0,0,0
5132,18392816425,Authentication,166,34,-57,920,0,11,0,0,0,0,0,0,0,0
5133,18392858814,Authentication,166,34,-18,920,0,11,0,0,0,0,0,0,720,0
5134,18392865377,Authentication,166,34,-17,920,0,11,0,0,1,0,0,0,720,0
5135,18392872094,Authentication,166,34,-18,920,0,11,0,0,1,0,0,0,720,0
5136,18392878553,Authentication,166,34,-17,920,0,11,0,0,1,0,0,0,720,0
5137,18392916777,Authentication,166,34,-56,920,0,11,0,0,0,0,0,0,0,0
5138,18392980264,Authentication,166,34,-57,920,0,11,0,0,0,0,0,0,0,0
5139,18393033509,Authentication,166,34,-57,920,0,11,0,0,0,0,0,0,0,0
5140,18393058842,Authentication,166,34,-18,920,0,11,0,0,0,0,0,0,720,0
5141,18393065511,Authentication,166,34,-18,920,0,11,0,0,1,0,0,0,720,0
5142,18393072073,Authentication,166,34,-18,920,0,11,0,0,1,0,0,0,720,0
5143,18393078568,Authentication,166,34,-55,920,0,11,0,0,0,0,0,0,0,0
5144,18393083361,Authentication,166,34,-19,920,0,11,0,0,1,0,0,0,720,0
5145,18393144103,Authentication,166,34,-57,920,0,11,0,0,0,0,0,0,0,0
5146,18393165081,S1G Beacon,61,34,-19,920,3,1,,,,,,,0,0
5147,18393185061,Authentication,166,34,-56,920,0,11,0,0,0,0,0,0,0,0
5148,18393242407,Authentication,166,34,-56,920,0,11,0,0,0,0,0,0,0,0
5149,18393279203,Authentication,166,34,-19,920,0,11,0,0,0,0,0,0,720,0
5150,18393285713,Authentication,166,34,-19,920,0,11,0,0,1,0,0,0,720,0
5151,18393292227,Authentication,166,34,-19,920,0,11,0,0,1,0,0,0,720,0
5152,18393298790,Authentication,166,34,-18,920,0,11,0,0,1,0,0,0,720,0
5153,18393307942,Authentication,166,34,-56,920,0,11,0,0,0,0,0,0,0,0
5154,18393348901,Authentication,166,34,-56,920,0,11,0,0,0,0,0,0,0,0
5155,18393406246,Authentication,166,34,-56,920,0,11,0,0,0,0,0,0,0,0
5156,18393468424,Authentication,166,34,-18,920,0,11,0,0,0,0,0,0,720,0
5157,18393476353,Authentication,166,34,-19,920,0,11,0,0,1,0,0,0,720,0
5158,18393482552,Authentication,166,34,-18,920,0,11,0,0,1,0,0,0,720,0
5159,18393489323,Authentication,166,34,-18,920,0,11,0,0,1,0,0,0,720,0
5160,18393504549,Authentication,166,34,-57,920,0,11,0,0,0,0,0,0,0,0
5161,18393570084,Authentication,166,34,-56,920,0,11,0,0,0,0,0,0,0,0
5162,18393621282,Authentication,166,34,-57,920,0,11,0,0,0,0,0,0,0,0
5163,18393668388,Authentication,166,34,-58,920,0,11,0,0,0,0,0,0,0,0
5164,18393708832,Authentication,166,34,-18,920,0,11,0,0,0,0,0,0,720,0
5165,18393715342,Authentication,166,34,-19,920,0,11,0,0,1,0,0,0,720,0
5166,18393721489,Authentication,166,34,-19,920,0,11,0,0,1,0,0,0,720,0
5167,18393727793,Authentication,166,34,-19,920,0,11,0,0,1,0,0,0,720,0
5168,18393733924,Authentication,166,34,-56,920,0,11,0,0,0,0,0,0,0,0
5169,18393766691,Authentication,166,34,-57,920,0,11,0,0,0,0,0,0,0,0
5170,18393832226,Authentication,166,34,-55,920,0,11,0,0,0,0,0,0,0,0
5171,18393928752,Authentication,166,34,-18,920,0,11,0,0,0,0,0,0,720,0
5172,18393935522,Authentication,166,34,-19,920,0,11,0,0,1,0,0,0,720,0
5173,18393942083,Authentication,166,34,-19,920,0,11,0,0,1,0,0,0,720,0
5174,18393947917,Authentication,166,34,-18,920,0,11,0,0,1,0,0,0,720,0
5175,18393984282,S1G Beacon,129,34,-18,920,3,1,,,,,,,0,0
5176,18393996066,Authentication,166,34,-56,920,0,11,0,0,0,0,0,0,0,0
5177,18394044191,Authentication,166,34,-57,920,0,11,0,0,0,0,0,0,0,0
5178,18394094370,Authentication,166,34,-56,920,0,11,0,0,0,0,0,0,0,0
5179,18394138837,Authentication,166,34,-19,920,0,11,0,0,0,0,0,0,720,0
5180,18394145400,Authentication,166,34,-19,920,0,11,0,0,1,0,0,0,720,0
5181,18394152068,Authentication,166,34,-18,920,0,11,0,0,1,0,0,0,720,0
5182,18394157853,Authentication,166,34,-57,920,0,11,0,0,0,0,0,0,0,0
5183,18394162647,Authentication,166,34,-18,920,0,11,0,0,1,0,0,0,720,0
5184,18394192672,Authentication,166,34,-58,920,0,11,0,0,0,0,0,0,0,0
5185,18394258208,Authentication,166,34,-57,920,0,11,0,0,0,0,0,0,0,0
5186,18394323228,Authentication,166,34,-58,920,0,11,0,0,0,0,0,0,0,0
5187,18394338840,Authentication,166,34,-18,920,0,11,0,0,0,0,0,0,720,0
5188,18394345248,Authentication,166,34,-18,920,0,11,0,0,1,0,0,0,720,0
5189,18394351654,Authentication,166,34,-19,920,0,11,0,0,1,0,0,0,720,0
5190,18394356512,Authentication,166,34,-56,920,0,11,0,0,0,0,0,0,0,0
5191,18394361566,Authentication,166,34,-18,920,0,11,0,0,1,0,0,0,720,0
5192,18394422047,Authentication,166,34,-57,920,0,11,0,0,0,0,0,0,0,0
5193,18394466078,Authentication,166,34,-57,920,0,11,0,0,0,0,0,0,0,0
5194,18394520350,Authentication,166,34,-58,920,0,11,0,0,0,0,0,0,0,0
5195,18394533320,Authentication,166,34,-18,920,0,11,0,0,0,0,0,0,720,0
5196,18394539726,Authentication,166,34,-18,920,0,11,0,0,1,0,0,0,720,0
5197,18394546238,Authentication,166,34,-19,920,0,11,0,0,1,0,0,0,720,0
5198,18394552853,Authentication,166,34,-18,920,0,11,0,0,1,0,0,0,720,0
5199,18394585886,Authentication,166,34,-56,920,0,11,0,0,0,0,0,0,0,0
5200,18394622750,Authentication,166,34,-57,920,0,11,0,0,0,0,0,0,0,0
5201,18394684189,Authentication,166,34,-58,920,0,11,0,0,0,0,0,0,0,0
5202,18394748796,Authentication,166,34,-19,920,0,11,0,0,0,0,0,0,720,0
5203,18394755205,Authentication,166,34,-20,920,0,11,0,0,1,0,0,0,720,0
5204,18394761613,Authentication,166,34,-19,920,0,11,0,0,1,0,0,0,720,0
5205,18394768280,Authentication,166,34,-18,920,0,11,0,0,1,0,0,0,720,0
5206,18394784541,Authentication,166,34,-57,920,0,11,0,0,0,0,0,0,0,0
5207,18394803486,S1G Beacon,61,34,-18,920,3,1,,,,,,,0,0
5208,18394848028,Authentication,166,34,-57,920,0,11,0,0,0,0,0,0,0,0
5209,18394913564,Authentication,166,34,-56,920,0,11,0,0,0,0,0,0,0,0
5210,18394946331,Authentication,166,34,-56,920,0,11,0,0,0,0,0,0,0,0
5211,18395011867,Authentication,166,34,-58,920,0,11,0,0,0,0,0,0,0,0
5212,18395027684,Authentication,166,34,-19,920,0,11,0,0,0,0,0,0,720,0
5213,18395034299,Authentication,166,34,-18,920,0,11,0,0,1,0,0,0,720,0
5214,18395040705,Authentication,166,34,-18,920,0,11,0,0,1,0,0,0,720,0
5215,18395047423,Authentication,166,34,-19,920,0,11,0,0,1,0,0,0,720,0
5216,18395066135,Authentication,166,34,-57,920,0,11,0,0,0,0,0,0,0,0
5218,18395110170,Authentication,166,34,-56,920,0,11,0,0,0,0,0,0,0,0
5219,18395175706,Authentication,166,34,-57,920,0,11,0,0,0,0,0,0,0,0
5220,18395220761,Authentication,166,34,-56,920,0,11,0,0,0,0,0,0,0,0
5221,18395238785,Authentication,166,34,-18,920,0,11,0,0,0,0,0,0,720,0
5222,18395245348,Authentication,166,34,-18,920,0,11,0,0,1,0,0,0,720,0
5223,18395252066,Authentication,166,34,-18,920,0,11,0,0,1,0,0,0,720,0
5224,18395258577,Authentication,166,34,-18,920,0,11,0,0,1,0,0,0,720,0
5225,18395274009,Authentication,166,34,-57,920,0,11,0,0,0,0,0,0,0,0
5226,18395339545,Authentication,166,34,-56,920,0,11,0,0,0,0,0,0,0,0
5227,18395376409,Authentication,166,34,-58,920,0,11,0,0,0,0,0,0,0,0
5228,18395437848,Authentication,166,34,-56,920,0,11,0,0,0,0,0,0,0,0
5229,18395442695,Authentication,166,34,-18,920,0,11,0,0,0,0,0,0,720,0
5230,18395448167,Authentication,166,34,-18,920,0,11,0,0,1,0,0,0,720,0
5231,18395454730,Authentication,166,34,-19,920,0,11,0,0,1,0,0,0,720,0
5232,18395461240,Authentication,166,34,-18,920,0,11,0,0,1,0,0,0,720,0
5233,18395499284,Authentication,166,34,-57,920,0,11,0,0,0,0,0,0,0,0
5234,18395536152,Authentication,166,34,-57,920,0,11,0,0,0,0,0,0,0,0
5235,18395622687,S1G Beacon,129,34,-19,920,3,1,,,,,,,0,0
5236,18395626901,Data,287,34,-18,920,2,0,0,0,0,0,0,1,0,0
5237,18395634456,Authentication,166,34,-57,920,0,11,0,0,0,0,0,0,0,0
5238,18395648817,Authentication,166,34,-20,920,0,11,0,0,0,0,0,0,720,0
5239,18395655277,Authentication,166,34,-19,920,0,11,0,0,1,0,0,0,720,0
5240,18395661891,Authentication,166,34,-20,920,0,11,0,0,1,0,0,0,720,0
5241,18395667156,Authentication,166,34,-20,920,0,11,0,0,1,0,0,0,720,0
5242,18395699991,Authentication,166,34,-57,920,0,11,0,0,0,0,0,0,0,0
5243,18395746069,Authentication,166,34,-57,920,0,11,0,0,0,0,0,0,0,0
5244,18395798294,Authentication,166,34,-57,920,0,11,0,0,0,0,0,0,0,0
5245,18395858806,Authentication,166,34,-19,920,0,11,0,0,0,0,0,0,720,0
5246,18395863830,Authentication,166,34,-58,920,0,11,0,0,0,0,0,0,0,0
5247,18395868676,Authentication,166,34,-19,920,0,11,0,0,1,0,0,0,720,0
5248,18395874770,Authentication,166,34,-18,920,0,11,0,0,1,0,0,0,720,0
5249,18395881332,Authentication,166,34,-19,920,0,11,0,0,1,0,0,0,720,0
5250,18395911956,Authentication,166,34,-56,920,0,11,0,0,0,0,0,0,0,0
5251,18395962133,Authentication,166,34,-56,920,0,11,0,0,0,0,0,0,0,0
5252,18396027669,Authentication,166,34,-57,920,0,11,0,0,0,0,0,0,0,0
5253,18396060436,Authentication,166,34,-58,920,0,11,0,0,0,0,0,0,0,0
5254,18396078854,Authentication,166,34,-19,920,0,11,0,0,0,0,0,0,720,0
5255,18396085626,Authentication,166,34,-18,920,0,11,0,0,1,0,0,0,720,0
5256,18396092191,Authentication,166,34,-18,920,0,11,0,0,1,0,0,0,720,0
5257,18396098702,Authentication,166,34,-19,920,0,11,0,0,1,0,0,0,720,0
5258,18396125972,Authentication,166,34,-56,920,0,11,0,0,0,0,0,0,0,0
5259,18396178194,Authentication,166,34,-57,920,0,11,0,0,0,0,0,0,0,0
5260,18396224276,Authentication,166,34,-56,920,0,11,0,0,0,0,0,0,0,0
5261,18396279133,Authentication,166,34,-18,920,0,11,0,0,0,0,0,0,720,0
5262,18396285851,Authentication,166,34,-18,920,0,11,0,0,1,0,0,0,720,0
5263,18396294807,Authentication,166,34,-19,920,0,11,0,0,1,0,0,0,720,0
5264,18396300280,Authentication,166,34,-19,920,0,11,0,0,1,0,0,0,720,0
5265,18396333841,Authentication,166,34,-58,920,0,11,0,0,0,0,0,0,0,0
5266,18396441894,S1G Beacon,61,34,-19,920,3,1,,,,,,,0,0
5267,18396453650,Authentication,166,34,-57,920,0,11,0,0,0,0,0,0,0,0
5268,18396500751,Authentication,166,34,-58,920,0,11,0,0,0,0,0,0,0,0
5269,18396539030,Authentication,166,34,-19,920,0,11,0,0,0,0,0,0,720,0
5270,18396545594,Authentication,166,34,-20,920,0,11,0,0,1,0,0,0,720,0
5271,18396551953,Authentication,166,34,-56,920,0,11,0,0,0,0,0,0,0,0
5272,18396556903,Authentication,166,34,-19,920,0,11,0,0,1,0,0,0,720,0
5273,18396563310,Authentication,166,34,-19,920,0,11,0,0,1,0,0,0,720,0
5274,18396617489,Authentication,166,34,-57,920,0,11,0,0,0,0,0,0,0,0
5275,18396650257,Authentication,166,34,-58,920,0,11,0,0,0,0,0,0,0,0
5276,18396715793,Authentication,166,34,-56,920,0,11,0,0,0,0,0,0,0,0
5277,18396755308,Authentication,166,34,-21,920,0,11,0,0,1,0,0,0,720,0
5278,18396768641,Authentication,166,34,-21,920,0,11,0,0,1,0,0,0,720,0
5279,18396814095,Authentication,166,34,-56,920,0,11,0,0,0,0,0,0,0,0
5280,18396879632,Authentication,166,34,-56,920,0,11,0,0,0,0,0,0,0,0
5281,18396968740,Authentication,166,34,-19,920,0,11,0,0,0,0,0,0,720,0
5282,18396975406,Authentication,166,34,-19,920,0,11,0,0,1,0,0,0,720,0
5283,18396981606,Authentication,166,34,-21,920,0,11,0,0,1,0,0,0,720,0
5284,18396988326,Authentication,166,34,-19,920,0,11,0,0,1,0,0,0,720,0
5285,18397043470,Authentication,166,34,-57,920,0,11,0,0,0,0,0,0,0,0
5286,18397088524,Authentication,166,34,-56,920,0,11,0,0,0,0,0,0,0,0
5288,18397141773,Authentication,166,34,-57,920,0,11,0,0,0,0,0,0,0,0
5289,18397168770,Authentication,166,34,-20,920,0,11,0,0,0,0,0,0,720,0
5290,18397175384,Authentication,166,34,-20,920,0,11,0,0,1,0,0,0,720,0
5291,18397181792,Authentication,166,34,-19,920,0,11,0,0,1,0,0,0,720,0
5292,18397188512,Authentication,166,34,-19,920,0,11,0,0,1,0,0,0,720,0
5293,18397207309,Authentication,166,34,-56,920,0,11,0,0,0,0,0,0,0,0
5294,18397243149,Authentication,166,34,-57,920,0,11,0,0,0,0,0,0,0,0
5295,18397261096,S1G Beacon,129,34,-19,920,3,1,,,,,,,0,0
5296,18397305613,Authentication,166,34,-56,920,0,11,0,0,0,0,0,0,0,0
5297,18397371148,Authentication,166,34,-57,920,0,11,0,0,0,0,0,0,0,0
5298,18397403915,Authentication,166,34,-57,920,0,11,0,0,0,0,0,0,0,0
5299,18397433384,Authentication,166,34,-20,920,0,11,0,0,0,0,0,0,720,0
5300,18397440003,Authentication,166,34,-19,920,0,11,0,0,1,0,0,0,720,0
5301,18397446462,Authentication,166,34,-19,920,0,11,0,0,1,0,0,0,720,0
5302,18397451984,Authentication,166,34,-19,920,0,11,0,0,1,0,0,0,720,0
5303,18397512458,Authentication,166,34,-57,920,0,11,0,0,0,0,0,0,0,0
5304,18397567755,Authentication,166,34,-56,920,0,11,0,0,0,0,0,0,0,0
5306,18397633290,Authentication,166,34,-56,920,0,11,0,0,0,0,0,0,0,0
5307,18397648797,Authentication,166,34,-20,920,0,11,0,0,0,0,0,0,720,0
5308,18397655256,Authentication,166,34,-19,920,0,11,0,0,1,0,0,0,720,0
5309,18397660614,QoS Data,148,34,-14,920,2,8,1,0,0,0,0,1,720,0
5311,18397663730,Authentication,166,34,-19,920,0,11,0,0,1,0,0,0,720,0
5312,18397670500,Authentication,166,34,-21,920,0,11,0,0,1,0,0,0,720,0
5313,18397731594,Authentication,166,34,-56,920,0,11,0,0,0,0,0,0,0,0
5314,18397736232,QoS Data,148,34,-28,920,2,8,0,0,0,0,0,1,720,0
5317,18397743990,QoS Data,131,34,-27,920,2,8,0,0,0,0,0,1,720,0
5319,18397754430,QoS Data,128,34,-15,920,2,8,1,0,0,0,0,1,720,0
5322,18397771528,Authentication,166,34,-56,920,0,11,0,0,0,0,0,0,0,0
5323,18397829897,Authentication,166,34,-56,920,0,11,0,0,0,0,0,0,0,0
5324,18397848809,Authentication,166,34,-18,920,0,11,0,0,0,0,0,0,720,0
5325,18397855527,Authentication,166,34,-19,920,0,11,0,0,1,0,0,0,720,0
5326,18397862038,Authentication,166,34,-19,920,0,11,0,0,1,0,0,0,720,0
5327,18397867457,Authentication,166,34,-19,920,0,11,0,0,1,0,0,0,720,0
5328,18397895433,Authentication,166,34,-57,920,0,11,0,0,0,0,0,0,0,0
5329,18397930248,Authentication,166,34,-57,920,0,11,0,0,0,0,0,0,0,0
5330,18397993736,Authentication,166,34,-56,920,0,11,0,0,0,0,0,0,0,0
5331,18398045361,Authentication,166,34,-19,920,0,11,0,0,1,0,0,0,720,0
5332,18398052131,Authentication,166,34,-19,920,0,11,0,0,1,0,0,0,720,0
5333,18398059263,Authentication,166,34,-21,920,0,11,0,0,1,0,0,0,720,0
5334,18398080301,S1G Beacon,61,34,-18,920,3,1,,,,,,,0,0
5335,18398092039,Authentication,166,34,-57,920,0,11,0,0,0,0,0,0,0,0
5336,18398157575,Authentication,166,34,-57,920,0,11,0,0,0,0,0,0,0,0
5337,18398205700,Authentication,166,34,-56,920,0,11,0,0,0,0,0,0,0,0
5338,18398228797,Authentication,166,34,-20,920,0,11,0,0,0,0,0,0,720,0
5339,18398235307,Authentication,166,34,-19,920,0,11,0,0,1,0,0,0,720,0
5340,18398241144,Authentication,166,34,-19,920,0,11,0,0,1,0,0,0,720,0
5341,18398247605,Authentication,166,34,-20,920,0,11,0,0,1,0,0,0,720,0
5342,18398255878,Authentication,166,34,-57,920,0,11,0,0,0,0,0,0,0,0
5343,18398321414,Authentication,166,34,-57,920,0,11,0,0,0,0,0,0,0,0
5344,18398354182,Authentication,166,34,-58,920,0,11,0,0,0,0,0,0,0,0
5345,18398419717,Authentication,166,34,-58,920,0,11,0,0,0,0,0,0,0,0
5346,18398429244,Authentication,166,34,-18,920,0,11,0,0,0,0,0,0,720,0
5347,18398435860,Authentication,166,34,-19,920,0,11,0,0,1,0,0,0,720,0
5348,18398442267,Authentication,166,34,-18,920,0,11,0,0,1,0,0,0,720,0
5349,18398448986,Authentication,166,34,-19,920,0,11,0,0,1,0,0,0,720,0
5350,18398454533,Authentication,166,34,-57,920,0,11,0,0,0,0,0,0,0,0
5351,18398518021,Authentication,166,34,-57,920,0,11,0,0,0,0,0,0,0,0
5352,18398582529,Authentication,166,34,-56,920,0,11,0,0,0,0,0,0,0,0
5353,18398616324,Authentication,166,34,-57,920,0,11,0,0,0,0,0,0,0,0
5354,18398649163,Data,287,34,-19,920,2,0,0,0,0,0,0,1,0,0
5355,18398681860,Authentication,166,34,-57,920,0,11,0,0,0,0,0,0,0,0
5356,18398698778,Authentication,166,34,-19,920,0,11,0,0,0,0,0,0,720,0
5357,18398705235,Authentication,166,34,-18,920,0,11,0,0,1,0,0,0,720,0
5358,18398711745,Authentication,166,34,-19,920,0,11,0,0,1,0,0,0,720,0
5359,18398716904,Authentication,166,34,-19,920,0,11,0,0,1,0,0,0,720,0
5360,18398780163,Authentication,166,34,-56,920,0,11,0,0,0,0,0,0,0,0
5361,18398845699,Authentication,166,34,-56,920,0,11,0,0,0,0,0,0,0,0
5362,18398893824,Authentication,166,34,-57,920,0,11,0,0,0,0,0,0,0,0
5363,18398899764,S1G Beacon,129,34,-19,920,3,1,,,,,,,0,0
5364,18398903352,Authentication,166,34,-18,920,0,11,0,0,0,0,0,0,720,0
5365,18398909553,Authentication,166,34,-18,920,0,11,0,0,1,0,0,0,720,0
5366,18398916116,Authentication,166,34,-19,920,0,11,0,0,1,0,0,0,720,0
5367,18399009538,Authentication,166,34,-57,920,0,11,0,0,0,0,0,0,0,0
5368,18399042305,Authentication,166,34,-56,920,0,11,0,0,0,0,0,0,0,0
5369,18399098811,Authentication,166,34,-19,920,0,11,0,0,0,0,0,0,720,0
5370,18399105322,Authentication,166,34,-20,920,0,11,0,0,1,0,0,0,720,0
5371,18399112405,Authentication,166,34,-19,920,0,11,0,0,1,0,0,0,720,0
5372,18399119171,Authentication,166,34,-19,920,0,11,0,0,1,0,0,0,720,0
5373,18399156991,Authentication,166,34,-57,920,0,11,0,0,0,0,0,0,0,0
5374,18399206144,Authentication,166,34,-56,920,0,11,0,0,0,0,0,0,0,0
5375,18399271680,Authentication,166,34,-56,920,0,11,0,0,0,0,0,0,0,0
5376,18399312639,Authentication,166,34,-56,920,0,11,0,0,0,0,0,0,0,0
5377,18399324516,Authentication,166,34,-19,920,0,11,0,0,1,0,0,0,720,0
5378,18399337485,Authentication,166,34,-20,920,0,11,0,0,1,0,0,0,720,0
5379,18399369984,Authentication,166,34,-56,920,0,11,0,0,0,0,0,0,0,0
5380,18399435514,Authentication,166,34,-56,920,0,11,0,0,0,0,0,0,0,0
5381,18399479550,Authentication,166,34,-58,920,0,11,0,0,0,0,0,0,0,0
5382,18399498801,Authentication,166,34,-19,920,0,11,0,0,0,0,0,0,720,0
5383,18399505519,Authentication,166,34,-19,920,0,11,0,0,1,0,0,0,720,0
5384,18399512132,Authentication,166,34,-19,920,0,11,0,0,1,0,0,0,720,0
5385,18399518799,Authentication,166,34,-19,920,0,11,0,0,1,0,0,0,720,0
5386,18399533822,Authentication,166,34,-57,920,0,11,0,0,0,0,0,0,0,0
5387,18399599357,Authentication,166,34,-57,920,0,11,0,0,0,0,0,0,0,0
5388,18399632126,Authentication,166,34,-57,920,0,11,0,0,0,0,0,0,0,0
5389,18399697661,Authentication,166,34,-56,920,0,11,0,0,0,0,0,0,0,0
5390,18399702353,Authentication,166,34,-19,920,0,11,0,0,0,0,0,0,720,0
5391,18399708760,Authentication,166,34,-19,920,0,11,0,0,1,0,0,0,720,0
5392,18399718705,S1G Beacon,61,34,-18,920,3,1,,,,,,,0,0
5393,18399720494,Authentication,166,34,-18,920,0,11,0,0,1,0,0,0,720,0
5394,18399727055,Authentication,166,34,-19,920,0,11,0,0,1,0,0,0,720,0
5395,18399763197,Authentication,166,34,-58,920,0,11,0,0,0,0,0,0,0,0
5396,18399795964,Authentication,166,34,-56,920,0,11,0,0,0,0,0,0,0,0
5397,18399861501,Authentication,166,34,-57,920,0,11,0,0,0,0,0,0,0,0
5398,18399926007,Authentication,166,34,-56,920,0,11,0,0,0,0,0,0,0,0
5399,18399938799,Authentication,166,34,-18,920,0,11,0,0,0,0,0,0,720,0
5400,18399945518,Authentication,166,34,-19,920,0,11,0,0,1,0,0,0,720,0
5401,18399952239,Authentication,166,34,-19,920,0,11,0,0,1,0,0,0,720,0
5402,18399958854,Authentication,166,34,-18,920,0,11,0,0,1,0,0,0,720,0
5403,18400025339,Authentication,166,34,-56,920,0,11,0,0,0,0,0,0,0,0
5404,18400090874,Authentication,166,34,-56,920,0,11,0,0,0,0,0,0,0,0
5405,18400123642,Authentication,166,34,-57,920,0,11,0,0,0,0,0,0,0,0
5406,18400133177,Authentication,166,34,-18,920,0,11,0,0,0,0,0,0,720,0
5407,18400139635,Authentication,166,34,-19,920,0,11,0,0,1,0,0,0,720,0
5408,18400146199,Authentication,166,34,-19,920,0,11,0,0,1,0,0,0,720,0
5409,18400152764,Authentication,166,34,-18,920,0,11,0,0,1,0,0,0,720,0
5410,18400189178,Authentication,166,34,-56,920,0,11,0,0,0,0,0,0,0,0
5411,18400237303,Authentication,166,34,-56,920,0,11,0,0,0,0,0,0,0,0
5412,18400287481,Authentication,166,34,-57,920,0,11,0,0,0,0,0,0,0,0
5413,18400333549,Authentication,166,34,-19,920,0,11,0,0,0,0,0,0,720,0
5414,18400339957,Authentication,166,34,-18,920,0,11,0,0,1,0,0,0,720,0
5415,18400346417,Authentication,166,34,-19,920,0,11,0,0,1,0,0,0,720,0
5416,18400352930,Authentication,166,34,-18,920,0,11,0,0,1,0,0,0,720,0
5417,18400388857,Authentication,166,34,-56,920,0,11,0,0,0,0,0,0,0,0
5418,18400451321,Authentication,166,34,-56,920,0,11,0,0,0,0,0,0,0,0
5419,18400499446,Authentication,166,34,-56,920,0,11,0,0,0,0,0,0,0,0
5420,18400537911,S1G Beacon,129,34,-19,920,3,1,,,,,,,0,0
5421,18400548957,Authentication,166,34,-18,920,0,11,0,0,0,0,0,0,720,0
5422,18400555521,Authentication,166,34,-19,920,0,11,0,0,1,0,0,0,720,0
5423,18400561929,Authentication,166,34,-19,920,0,11,0,0,1,0,0,0,720,0
5424,18400568542,Authentication,166,34,-19,920,0,11,0,0,1,0,0,0,720,0
5425,18400615159,Authentication,166,34,-58,920,0,11,0,0,0,0,0,0,0,0
5426,18400659189,Authentication,166,34,-56,920,0,11,0,0,0,0,0,0,0,0
5427,18400713462,Authentication,166,34,-57,920,0,11,0,0,0,0,0,0,0,0
5428,18400758804,Authentication,166,34,-18,920,0,11,0,0,0,0,0,0,720,0
5429,18400765316,Authentication,166,34,-19,920,0,11,0,0,1,0,0,0,720,0
5430,18400771827,Authentication,166,34,-19,920,0,11,0,0,1,0,0,0,720,0
5431,18400778389,Authentication,166,34,-19,920,0,11,0,0,1,0,0,0,720,0
5432,18400823029,Authentication,166,34,-56,920,0,11,0,0,0,0,0,0,0,0
5433,18400877301,Authentication,166,34,-57,920,0,11,0,0,0,0,0,0,0,0
5434,18400942837,Authentication,166,34,-58,920,0,11,0,0,0,0,0,0,0,0
5435,18400975605,Authentication,166,34,-56,920,0,11,0,0,0,0,0,0,0,0
5436,18401016121,Authentication,166,34,-19,920,0,11,0,0,0,0,0,0,720,0
5437,18401022579,Authentication,166,34,-19,920,0,11,0,0,1,0,0,0,720,0
5438,18401029246,Authentication,166,34,-18,920,0,11,0,0,1,0,0,0,720,0
5439,18401035810,Authentication,166,34,-18,920,0,11,0,0,1,0,0,0,720,0
5440,18401041140,Authentication,166,34,-58,920,0,11,0,0,0,0,0,0,0,0
5441,18401091314,Authentication,166,34,-58,920,0,11,0,0,0,0,0,0,0,0
5442,18401139444,Authentication,166,34,-56,920,0,11,0,0,0,0,0,0,0,0
5443,18401204980,Authentication,166,34,-56,920,0,11,0,0,0,0,0,0,0,0
5444,18401217003,Authentication,166,34,-18,920,0,11,0,0,0,0,0,0,720,0
5445,18401223515,Authentication,166,34,-19,920,0,11,0,0,1,0,0,0,720,0
5446,18401230129,Authentication,166,34,-19,920,0,11,0,0,1,0,0,0,720,0
5447,18401235546,Authentication,166,34,-19,920,0,11,0,0,1,0,0,0,720,0
5448,18401303283,Authentication,166,34,-57,920,0,11,0,0,0,0,0,0,0,0
5449,18401352945,Authentication,166,34,-57,920,0,11,0,0,0,0,0,0,0,0
5450,18401357529,S1G Beacon,61,34,-18,920,3,1,,,,,,,0,0
5451,18401401586,Authentication,166,34,-57,920,0,11,0,0,0,0,0,0,0,0
5452,18401417924,Authentication,166,34,-19,920,0,11,0,0,0,0,0,0,720,0
5453,18401424330,Authentication,166,34,-19,920,0,11,0,0,1,0,0,0,720,0
5454,18401430893,Authentication,166,34,-18,920,0,11,0,0,1,0,0,0,720,0
5455,18401437300,Authentication,166,34,-18,920,0,11,0,0,1,0,0,0,720,0
5456,18401467121,Authentication,166,34,-56,920,0,11,0,0,0,0,0,0,0,0
5457,18401499890,Authentication,166,34,-56,920,0,11,0,0,0,0,0,0,0,0
5458,18401565425,Authentication,166,34,-56,920,0,11,0,0,0,0,0,0,0,0
5459,18401628908,Authentication,166,34,-56,920,0,11,0,0,0,0,0,0,0,0
5460,18401633599,Authentication,166,34,-18,920,0,11,0,0,0,0,0,0,720,0
5461,18401640735,Authentication,166,34,-18,920,0,11,0,0,1,0,0,0,720,0
5462,18401647400,Authentication,166,34,-18,920,0,11,0,0,1,0,0,0,720,0
5463,18401653859,Authentication,166,34,-19,920,0,11,0,0,1,0,0,0,720,0
5464,18401663729,Authentication,166,34,-55,920,0,11,0,0,0,0,0,0,0,0
5465,18401672161,Data,287,34,-20,920,2,0,0,0,0,0,0,1,0,0
5466,18401729264,Authentication,166,34,-56,920,0,11,0,0,0,0,0,0,0,0
5467,18401770223,Authentication,166,34,-56,920,0,11,0,0,0,0,0,0,0,0
5468,18401827567,Authentication,166,34,-57,920,0,11,0,0,0,0,0,0,0,0
5469,18401838737,Authentication,166,34,-20,920,0,11,0,0,0,0,0,0,720,0
5470,18401845145,Authentication,166,34,-20,920,0,11,0,0,1,0,0,0,720,0
5471,18401851605,Authentication,166,34,-19,920,0,11,0,0,1,0,0,0,720,0
5472,18401858066,Authentication,166,34,-19,920,0,11,0,0,1,0,0,0,720,0
5473,18401932014,Authentication,166,34,-57,920,0,11,0,0,0,0,0,0,0,0
5474,18401991407,Authentication,166,34,-56,920,0,11,0,0,0,0,0,0,0,0
5475,18402039828,Authentication,166,34,-18,920,0,11,0,0,0,0,0,0,720,0
5476,18402046390,Authentication,166,34,-19,920,0,11,0,0,1,0,0,0,720,0
5477,18402053368,Authentication,166,34,-19,920,0,11,0,0,1,0,0,0,720,0
5478,18402059985,Authentication,166,34,-18,920,0,11,0,0,1,0,0,0,720,0
5479,18402089709,Authentication,166,34,-57,920,0,11,0,0,0,0,0,0,0,0
5480,18402176315,S1G Beacon,129,34,-18,920,3,1,,,,,,,0,0
5481,18402205419,Authentication,166,34,-56,920,0,11,0,0,0,0,0,0,0,0
5482,18402253548,Authentication,166,34,-57,920,0,11,0,0,0,0,0,0,0,0
5483,18402308889,Authentication,166,34,-19,920,0,11,0,0,0,0,0,0,720,0
5484,18402314619,Authentication,166,34,-18,920,0,11,0,0,1,0,0,0,720,0
5485,18402319084,Authentication,166,34,-56,920,0,11,0,0,0,0,0,0,0,0
5486,18402323670,Authentication,166,34,-19,920,0,11,0,0,1,0,0,0,720,0
5487,18402328672,Authentication,166,34,-18,920,0,11,0,0,1,0,0,0,720,0
5488,18402353900,Authentication,166,34,-56,920,0,11,0,0,0,0,0,0,0,0
5489,18402417387,Authentication,166,34,-57,920,0,11,0,0,0,0,0,0,0,0
5490,18402482924,Authentication,166,34,-56,920,0,11,0,0,0,0,0,0,0,0
5491,18402515691,Authentication,166,34,-56,920,0,11,0,0,0,0,0,0,0,0
5492,18402520278,Authentication,166,34,-18,920,0,11,0,0,0,0,0,0,720,0
5493,18402526840,Authentication,166,34,-19,920,0,11,0,0,1,0,0,0,720,0
5494,18402533249,Authentication,166,34,-18,920,0,11,0,0,1,0,0,0,720,0
5495,18402539710,Authentication,166,34,-19,920,0,11,0,0,1,0,0,0,720,0
5496,18402581226,Authentication,166,34,-57,920,0,11,0,0,0,0,0,0,0,0
5497,18402620137,Authentication,166,34,-58,920,0,11,0,0,0,0,0,0,0,0
5498,18402679530,Authentication,166,34,-56,920,0,11,0,0,0,0,0,0,0,0
5499,18402718800,Authentication,166,34,-18,920,0,11,0,0,0,0,0,0,720,0
5500,18402725206,Authentication,166,34,-19,920,0,11,0,0,1,0,0,0,720,0
5501,18402731820,Authentication,166,34,-19,920,0,11,0,0,1,0,0,0,720,0
5502,18402738436,Authentication,166,34,-19,920,0,11,0,0,1,0,0,0,720,0
5503,18402756847,QoS Data,149,34,-15,920,2,8,1,0,0,0,0,1,720,0
5506,18402766225,QoS Data,131,34,-19,920,2,8,1,0,0,0,0,1,720,0
5509,18402777834,Authentication,166,34,-56,920,0,11,0,0,0,0,0,0,0,0
5510,18402843369,Authentication,166,34,-58,920,0,11,0,0,0,0,0,0,0,0
5511,18402900710,Authentication,166,34,-56,920,0,11,0,0,0,0,0,0,0,0
5513,18402925228,Authentication,166,34,-21,920,0,11,0,0,1,0,0,0,720,0
5514,18402931634,Authentication,166,34,-19,920,0,11,0,0,1,0,0,0,720,0
5515,18402937938,Authentication,166,34,-18,920,0,11,0,0,1,0,0,0,720,0
5516,18402995517,S1G Beacon,61,34,-18,920,3,1,,,,,,,0,0
5517,18403003857,QoS Data,128,34,-15,920,2,8,1,0,0,0,0,1,720,0
5520,18403059429,Authentication,166,34,-56,920,0,11,0,0,0,0,0,0,0,0
5521,18403105512,Authentication,166,34,-56,920,0,11,0,0,0,0,0,0,0,0
5522,18403134108,Authentication,166,34,-19,920,0,11,0,0,0,0,0,0,720,0
5523,18403140620,Authentication,166,34,-19,920,0,11,0,0,1,0,0,0,720,0
5524,18403147186,Authentication,166,34,-19,920,0,11,0,0,1,0,0,0,720,0
5525,18403153958,Authentication,166,34,-19,920,0,11,0,0,1,0,0,0,720,0
5526,18403224292,Authentication,166,34,-57,920,0,11,0,0,0,0,0,0,0,0
5527,18403269351,Authentication,166,34,-55,920,0,11,0,0,0,0,0,0,0,0
5528,18403334886,Authentication,166,34,-56,920,0,11,0,0,0,0,0,0,0,0
5529,18403380965,Authentication,166,34,-57,920,0,11,0,0,0,0,0,0,0,0
5530,18403408998,Authentication,166,34,-18,920,0,11,0,0,0,0,0,0,720,0
5531,18403415667,Authentication,166,34,-19,920,0,11,0,0,1,0,0,0,720,0
5532,18403422232,Authentication,166,34,-19,920,0,11,0,0,1,0,0,0,720,0
5533,18403428745,Authentication,166,34,-19,920,0,11,0,0,1,0,0,0,720,0
5534,18403433189,Authentication,166,34,-56,920,0,11,0,0,0,0,0,0,0,0
5535,18403498725,Authentication,166,34,-57,920,0,11,0,0,0,0,0,0,0,0
5536,18403543780,Authentication,166,34,-57,920,0,11,0,0,0,0,0,0,0,0
5537,18403597028,Authentication,166,34,-57,920,0,11,0,0,0,0,0,0,0,0
5538,18403618724,Authentication,166,34,-18,920,0,11,0,0,0,0,0,0,720,0
5539,18403625445,Authentication,166,34,-18,920,0,11,0,0,1,0,0,0,720,0
5540,18403631904,Authentication,166,34,-19,920,0,11,0,0,1,0,0,0,720,0
5541,18403638678,Authentication,166,34,-18,920,0,11,0,0,1,0,0,0,720,0
5542,18403650273,Authentication,166,34,-56,920,0,11,0,0,0,0,0,0,0,0
5543,18403695331,Authentication,166,34,-56,920,0,11,0,0,0,0,0,0,0,0
5544,18403760867,Authentication,166,34,-56,920,0,11,0,0,0,0,0,0,0,0
5545,18403814721,S1G Beacon,129,34,-18,920,3,1,,,,,,,0,0
5546,18403826181,Authentication,166,34,-19,920,0,11,0,0,1,0,0,0,720,0
5547,18403832588,Authentication,166,34,-18,920,0,11,0,0,1,0,0,0,720,0
5548,18403838267,Authentication,166,34,-18,920,0,11,0,0,1,0,0,0,720,0
5549,18403859170,Authentication,166,34,-57,920,0,11,0,0,0,0,0,0,0,0
5550,18403924706,Authentication,166,34,-56,920,0,11,0,0,0,0,0,0,0,0
5551,18404023009,Authentication,166,34,-56,920,0,11,0,0,0,0,0,0,0,0
5552,18404028273,Authentication,166,34,-19,920,0,11,0,0,0,0,0,0,720,0
5553,18404034942,Authentication,166,34,-19,920,0,11,0,0,1,0,0,0,720,0
5554,18404041558,Authentication,166,34,-19,920,0,11,0,0,1,0,0,0,720,0
5555,18404088545,Authentication,166,34,-58,920,0,11,0,0,0,0,0,0,0,0
5556,18404153053,Authentication,166,34,-57,920,0,11,0,0,0,0,0,0,0,0
5557,18404238779,Authentication,166,34,-19,920,0,11,0,0,0,0,0,0,720,0
5558,18404245187,Authentication,166,34,-19,920,0,11,0,0,1,0,0,0,720,0
5559,18404250761,Authentication,166,34,-18,920,0,11,0,0,1,0,0,0,720,0
5560,18404257322,Authentication,166,34,-20,920,0,11,0,0,1,0,0,0,720,0
5561,18404315868,Authentication,166,34,-56,920,0,11,0,0,0,0,0,0,0,0
5562,18404416223,Authentication,166,34,-57,920,0,11,0,0,0,0,0,0,0,0
5563,18404433395,Authentication,166,34,-19,920,0,11,0,0,0,0,0,0,720,0
5564,18404439181,Authentication,166,34,-19,920,0,11,0,0,1,0,0,0,720,0
5565,18404445327,Authentication,166,34,-19,920,0,11,0,0,1,0,0,0,720,0
5566,18404451319,Authentication,166,34,-18,920,0,11,0,0,1,0,0,0,720,0
5567,18404457182,Authentication,166,34,-57,920,0,11,0,0,0,0,0,0,0,0
5568,18404496454,Data,378,34,-19,920,2,0,0,0,0,0,0,1,0,0
5569,18404514526,Authentication,166,34,-56,920,0,11,0,0,0,0,0,0,0,0
5570,18404580061,Authentication,166,34,-56,920,0,11,0,0,0,0,0,0,0,0
5571,18404600091,Data,387,34,-18,920,2,0,0,0,0,0,0,1,0,0
5572,18404612830,Authentication,166,34,-56,920,0,11,0,0,0,0,0,0,0,0
5573,18404633926,S1G Beacon,61,34,-18,920,3,1,,,,,,,0,0
5574,18404678365,Authentication,166,34,-58,920,0,11,0,0,0,0,0,0,0,0
5575,18404696233,Data,287,34,-20,920,2,0,0,0,0,0,0,1,0,0
5576,18404704385,Authentication,166,34,-18,920,0,11,0,0,0,0,0,0,720,0
5577,18404711416,Data,450,34,-18,920,2,0,0,0,0,0,0,1,0,0
5578,18404723565,Authentication,166,34,-19,920,0,11,0,0,1,0,0,0,720,0
5579,18404728880,Authentication,166,34,-20,920,0,11,0,0,1,0,0,0,720,0
5580,18404735546,Authentication,166,34,-19,920,0,11,0,0,1,0,0,0,720,0
5581,18404776668,Authentication,166,34,-56,920,0,11,0,0,0,0,0,0,0,0
5582,18404808294,Data,442,34,-19,920,2,0,0,0,0,0,0,1,0,0
5583,18404835032,Authentication,166,34,-58,920,0,11,0,0,0,0,0,0,0,0
5584,18404874972,Authentication,166,34,-57,920,0,11,0,0,0,0,0,0,0,0
5585,18404908783,Authentication,166,34,-19,920,0,11,0,0,0,0,0,0,720,0
5586,18404916869,Data,387,34,-19,920,2,0,0,0,0,0,0,1,0,0
5587,18404927337,Authentication,166,34,-19,920,0,11,0,0,1,0,0,0,720,0
5588,18404940310,Authentication,166,34,-20,920,0,11,0,0,1,0,0,0,720,0
5589,18405005527,Authentication,166,34,-56,920,0,11,0,0,0,0,0,0,0,0
5590,18405016095,Data,426,34,-19,920,2,0,0,0,0,0,0,1,0,0
5591,18405104346,Authentication,166,34,-57,920,0,11,0,0,0,0,0,0,0,0
5592,18405128729,Authentication,166,34,-18,920,0,11,0,0,0,0,0,0,720,0
5593,18405135759,Data,458,34,-19,920,2,0,0,0,0,0,0,1,0,0
5594,18405148107,Authentication,166,34,-19,920,0,11,0,0,1,0,0,0,720,0
5595,18405154826,Authentication,166,34,-19,920,0,11,0,0,1,0,0,0,720,0
5596,18405159935,Authentication,166,34,-19,920,0,11,0,0,1,0,0,0,720,0
5597,18405202650,Authentication,166,34,-57,920,0,11,0,0,0,0,0,0,0,0
5598,18405224210,Data,387,34,-20,920,2,0,0,0,0,0,0,1,0,0
5599,18405268185,Authentication,166,34,-57,920,0,11,0,0,0,0,0,0,0,0
5600,18405318708,Authentication,166,34,-20,920,0,11,0,0,0,0,0,0,720,0
5601,18405325426,Authentication,166,34,-19,920,0,11,0,0,1,0,0,0,720,0
5602,18405332459,Data,446,34,-18,920,2,0,0,0,0,0,0,1,0,0
5603,18405344487,Authentication,166,34,-18,920,0,11,0,0,1,0,0,0,720,0
5604,18405351102,Authentication,166,34,-18,920,0,11,0,0,1,0,0,0,720,0
5605,18405366489,Authentication,166,34,-57,920,0,11,0,0,0,0,0,0,0,0
5606,18405429973,Authentication,166,34,-57,920,0,11,0,0,0,0,0,0,0,0
5607,18405435183,Data,440,34,-19,920,2,0,0,0,0,0,0,1,0,0
5608,18405453130,S1G Beacon,129,34,-18,920,3,1,,,,,,,0,0
5609,18405508759,Authentication,166,34,-18,920,0,11,0,0,0,0,0,0,720,0
5610,18405515167,Authentication,166,34,-18,920,0,11,0,0,1,0,0,0,720,0
5611,18405521575,Authentication,166,34,-19,920,0,11,0,0,1,0,0,0,720,0
5612,18405528189,Authentication,166,34,-19,920,0,11,0,0,1,0,0,0,720,0
5613,18405536624,Data,387,34,-19,920,2,0,0,0,0,0,0,1,0,0
5614,18405567191,Authentication,166,34,-57,920,0,11,0,0,0,0,0,0,0,0
5615,18405628630,Authentication,166,34,-56,920,0,11,0,0,0,0,0,0,0,0
5616,18405640185,Data,442,34,-19,920,2,0,0,0,0,0,0,1,0,0
5617,18405694166,Authentication,166,34,-57,920,0,11,0,0,0,0,0,0,0,0
5618,18405726935,Authentication,166,34,-57,920,0,11,0,0,0,0,0,0,0,0
5619,18405738414,Authentication,166,34,-19,920,0,11,0,0,0,0,0,0,720,0
5620,18405745447,Data,452,34,-18,920,2,0,0,0,0,0,0,1,0,0
5621,18405757634,Authentication,166,34,-19,920,0,11,0,0,1,0,0,0,720,0
5622,18405764353,Authentication,166,34,-18,920,0,11,0,0,1,0,0,0,720,0
5623,18405770969,Authentication,166,34,-19,920,0,11,0,0,1,0,0,0,720,0
5624,18405792470,Authentication,166,34,-56,920,0,11,0,0,0,0,0,0,0,0
5625,18405844691,Authentication,166,34,-56,920,0,11,0,0,0,0,0,0,0,0
5626,18405890773,Authentication,166,34,-57,920,0,11,0,0,0,0,0,0,0,0
5627,18405928777,Authentication,166,34,-18,920,0,11,0,0,0,0,0,0,720,0
5628,18405934770,Authentication,166,34,-19,920,0,11,0,0,1,0,0,0,720,0
5629,18405941384,Authentication,166,34,-19,920,0,11,0,0,1,0,0,0,720,0
5630,18405947948,Authentication,166,34,-19,920,0,11,0,0,1,0,0,0,720,0
5631,18405956309,Authentication,166,34,-57,920,0,11,0,0,0,0,0,0,0,0
5632,18405989076,Authentication,166,34,-57,920,0,11,0,0,0,0,0,0,0,0
5633,18406054612,Authentication,166,34,-56,920,0,11,0,0,0,0,0,0,0,0
5634,18406107857,Authentication,166,34,-56,920,0,11,0,0,0,0,0,0,0,0
5635,18406128767,Authentication,166,34,-19,920,0,11,0,0,0,0,0,0,720,0
5636,18406135225,Authentication,166,34,-19,920,0,11,0,0,1,0,0,0,720,0
5637,18406141634,Authentication,166,34,-18,920,0,11,0,0,1,0,0,0,720,0
5638,18406148331,Authentication,166,34,-18,920,0,11,0,0,1,0,0,0,720,0
5639,18406152915,Authentication,166,34,-57,920,0,11,0,0,0,0,0,0,0,0
5640,18406218452,Authentication,166,34,-56,920,0,11,0,0,0,0,0,0,0,0
5642,18406271697,Authentication,166,34,-56,920,0,11,0,0,0,0,0,0,0,0
5643,18406276285,S1G Beacon,61,34,-20,920,3,1,,,,,,,0,0
5644,18406316755,Authentication,166,34,-56,920,0,11,0,0,0,0,0,0,0,0
5645,18406340579,Authentication,166,34,-18,920,0,11,0,0,0,0,0,0,720,0
5646,18406347089,Authentication,166,34,-18,920,0,11,0,0,1,0,0,0,720,0
5647,18406353601,Authentication,166,34,-18,920,0,11,0,0,1,0,0,0,720,0
5648,18406360061,Authentication,166,34,-18,920,0,11,0,0,1,0,0,0,720,0
5649,18406382290,Authentication,166,34,-56,920,0,11,0,0,0,0,0,0,0,0
5650,18406415058,Authentication,166,34,-57,920,0,11,0,0,0,0,0,0,0,0
5651,18406480594,Authentication,166,34,-56,920,0,11,0,0,0,0,0,0,0,0
5652,18406541005,Authentication,166,34,-57,920,0,11,0,0,0,0,0,0,0,0
5653,18406558761,Authentication,166,34,-18,920,0,11,0,0,0,0,0,0,720,0
5654,18406565427,Authentication,166,34,-18,920,0,11,0,0,1,0,0,0,720,0
5655,18406572042,Authentication,166,34,-18,920,0,11,0,0,1,0,0,0,720,0
5656,18406578658,Authentication,166,34,-18,920,0,11,0,0,1,0,0,0,720,0
5657,18406644433,Authentication,166,34,-57,920,0,11,0,0,0,0,0,0,0,0
5658,18406693582,Authentication,166,34,-57,920,0,11,0,0,0,0,0,0,0,0
5659,18406742736,Authentication,166,34,-57,920,0,11,0,0,0,0,0,0,0,0
5660,18406748727,Authentication,166,34,-18,920,0,11,0,0,0,0,0,0,720,0
5661,18406755237,Authentication,166,34,-18,920,0,11,0,0,1,0,0,0,720,0
5662,18406761647,Authentication,166,34,-19,920,0,11,0,0,1,0,0,0,720,0
5663,18406767848,Authentication,166,34,-19,920,0,11,0,0,1,0,0,0,720,0
5664,18406808271,Authentication,166,34,-57,920,0,11,0,0,0,0,0,0,0,0
5665,18406858957,Authentication,166,34,-56,920,0,11,0,0,0,0,0,0,0,0
5666,18406906575,Authentication,166,34,-57,920,0,11,0,0,0,0,0,0,0,0
5667,18406972110,Authentication,166,34,-56,920,0,11,0,0,0,0,0,0,0,0
5668,18407008781,Authentication,166,34,-19,920,0,11,0,0,0,0,0,0,720,0
5669,18407022220,Authentication,166,34,-20,920,0,11,0,0,1,0,0,0,720,0
5670,18407070414,Authentication,166,34,-55,920,0,11,0,0,0,0,0,0,0,0
5671,18407091535,S1G Beacon,129,34,-19,920,3,1,,,,,,,0,0
5672,18407135950,Authentication,166,34,-57,920,0,11,0,0,0,0,0,0,0,0
5673,18407168717,Authentication,166,34,-57,920,0,11,0,0,0,0,0,0,0,0
5674,18407238995,Authentication,166,34,-21,920,0,11,0,0,1,0,0,0,720,0
5675,18407245559,Authentication,166,34,-19,920,0,11,0,0,1,0,0,0,720,0
5676,18407252276,Authentication,166,34,-20,920,0,11,0,0,1,0,0,0,720,0
5677,18407297736,Authentication,166,34,-57,920,0,11,0,0,0,0,0,0,0,0
5678,18407332556,Authentication,166,34,-56,920,0,11,0,0,0,0,0,0,0,0
5679,18407398091,Authentication,166,34,-56,920,0,11,0,0,0,0,0,0,0,0
5680,18407433413,Authentication,166,34,-16,920,0,11,0,0,0,0,0,0,720,0
5681,18407440029,Authentication,166,34,-17,920,0,11,0,0,1,0,0,0,720,0
5682,18407446384,Authentication,166,34,-17,920,0,11,0,0,1,0,0,0,720,0
5683,18407452360,Authentication,166,34,-57,920,0,11,0,0,0,0,0,0,0,0
5684,18407456997,Authentication,166,34,-17,920,0,11,0,0,1,0,0,0,720,0
5685,18407561930,Authentication,166,34,-56,920,0,11,0,0,0,0,0,0,0,0
5687,18407633341,Authentication,166,34,-16,920,0,11,0,0,0,0,0,0,720,0
5688,18407639802,Authentication,166,34,-15,920,0,11,0,0,1,0,0,0,720,0
5689,18407646364,Authentication,166,34,-15,920,0,11,0,0,1,0,0,0,720,0
5690,18407651576,Authentication,166,34,-16,920,0,11,0,0,1,0,0,0,720,0
5691,18407660234,Authentication,166,34,-56,920,0,11,0,0,0,0,0,0,0,0
5692,18407720180,Data,287,34,-16,920,2,0,0,0,0,0,0,1,0,0
5693,18407758538,Authentication,166,34,-55,920,0,11,0,0,0,0,0,0,0,0
5694,18407781375,QoS Data,149,34,-13,920,2,8,1,0,0,0,0,1,720,0
5696,18407785486,QoS Data,149,34,-12,920,2,8,1,0,1,0,0,1,720,0
5698,18407789069,QoS Data,149,34,-19,920,2,8,0,0,0,0,0,1,720,0
5701,18407796307,QoS Data,131,34,-19,920,2,8,0,0,0,0,0,1,720,0
5702,18407799422,QoS Data,131,34,-19,920,2,8,0,0,1,0,0,1,720,0
5704,18407803162,QoS Data,131,34,-19,920,2,8,0,0,1,0,0,1,720,0
5706,18407824072,Authentication,166,34,-56,920,0,11,0,0,0,0,0,0,0,0
5707,18407847523,Authentication,166,34,-14,920,0,11,0,0,0,0,0,0,720,0
5708,18407854137,Authentication,166,34,-14,920,0,11,0,0,1,0,0,0,720,0
5709,18407860804,Authentication,166,34,-15,920,0,11,0,0,1,0,0,0,720,0
5710,18407867523,Authentication,166,34,-15,920,0,11,0,0,1,0,0,0,720,0
5711,18407873223,Authentication,166,34,-55,920,0,11,0,0,0,0,0,0,0,0
5712,18407910740,S1G Beacon,61,34,-16,920,3,1,,,,,,,0,0
5713,18407922376,Authentication,166,34,-56,920,0,11,0,0,0,0,0,0,0,0
5714,18407987912,Authentication,166,34,-55,920,0,11,0,0,0,0,0,0,0,0
5715,18408003733,QoS Data,128,34,-12,920,2,8,1,0,0,0,0,1,720,0
5717,18408006698,QoS Data,128,34,-19,920,2,8,0,0,0,0,0,1,720,0
5719,18408030918,Authentication,166,34,-57,920,0,11,0,0,0,0,0,0,0,0
5720,18408058722,Authentication,166,34,-15,920,0,11,0,0,0,0,0,0,720,0
5721,18408065130,Authentication,166,34,-15,920,0,11,0,0,1,0,0,0,720,0
5722,18408071903,Authentication,166,34,-15,920,0,11,0,0,1,0,0,0,720,0
5723,18408078364,Authentication,166,34,-15,920,0,11,0,0,1,0,0,0,720,0
5724,18408086216,Authentication,166,34,-55,920,0,11,0,0,0,0,0,0,0,0
5725,18408184518,Authentication,166,34,-56,920,0,11,0,0,0,0,0,0,0,0
5726,18408250055,Authentication,166,34,-55,920,0,11,0,0,0,0,0,0,0,0
5727,18408305347,Authentication,166,34,-56,920,0,11,0,0,0,0,0,0,0,0
5728,18408328746,Authentication,166,34,-14,920,0,11,0,0,0,0,0,0,720,0
5729,18408335413,Authentication,166,34,-15,920,0,11,0,0,1,0,0,0,720,0
5730,18408341611,Authentication,166,34,-15,920,0,11,0,0,1,0,0,0,720,0
5731,18408348125,Authentication,166,34,-14,920,0,11,0,0,1,0,0,0,720,0
5732,18408413893,Authentication,166,34,-55,920,0,11,0,0,0,0,0,0,0,0
5733,18408452803,Authentication,166,34,-56,920,0,11,0,0,0,0,0,0,0,0
5734,18408512196,Authentication,166,34,-57,920,0,11,0,0,0,0,0,0,0,0
5735,18408528744,Authentication,166,34,-15,920,0,11,0,0,0,0,0,0,720,0
5736,18408535463,Authentication,166,34,-15,920,0,11,0,0,1,0,0,0,720,0
5737,18408542129,Authentication,166,34,-14,920,0,11,0,0,1,0,0,0,720,0
5738,18408548587,Authentication,166,34,-15,920,0,11,0,0,1,0,0,0,720,0
5739,18408577732,Authentication,166,34,-56,920,0,11,0,0,0,0,0,0,0,0
5740,18408610500,Authentication,166,34,-55,920,0,11,0,0,0,0,0,0,0,0
5741,18408676035,Authentication,166,34,-55,920,0,11,0,0,0,0,0,0,0,0
5742,18408729939,S1G Beacon,129,34,-15,920,3,1,,,,,,,0,0
5743,18408741975,Authentication,166,34,-17,920,0,11,0,0,1,0,0,0,720,0
5744,18408748588,Authentication,166,34,-14,920,0,11,0,0,1,0,0,0,720,0
5745,18408755360,Authentication,166,34,-15,920,0,11,0,0,1,0,0,0,720,0
5746,18408774339,Authentication,166,34,-57,920,0,11,0,0,0,0,0,0,0,0
5747,18408838847,Authentication,166,34,-55,920,0,11,0,0,0,0,0,0,0,0
5748,18408872643,Authentication,166,34,-54,920,0,11,0,0,0,0,0,0,0,0
5749,18408938178,Authentication,166,34,-56,920,0,11,0,0,0,0,0,0,0,0
5750,18408942763,Authentication,166,34,-15,920,0,11,0,0,0,0,0,0,720,0
5751,18408949222,Authentication,166,34,-16,920,0,11,0,0,1,0,0,0,720,0
5752,18408955630,Authentication,166,34,-16,920,0,11,0,0,1,0,0,0,720,0
5753,18408962194,Authentication,166,34,-17,920,0,11,0,0,1,0,0,0,720,0
5754,18408991423,Authentication,166,34,-57,920,0,11,0,0,0,0,0,0,0,0
5755,18409036482,Authentication,166,34,-55,920,0,11,0,0,0,0,0,0,0,0
5756,18409102017,Authentication,166,34,-54,920,0,11,0,0,0,0,0,0,0,0
5757,18409138717,Authentication,166,34,-17,920,0,11,0,0,0,0,0,0,720,0
5758,18409145229,Authentication,166,34,-16,920,0,11,0,0,1,0,0,0,720,0
5759,18409152490,Authentication,166,34,-17,920,0,11,0,0,1,0,0,0,720,0
5760,18409159157,Authentication,166,34,-17,920,0,11,0,0,1,0,0,0,720,0
5761,18409200320,Authentication,166,34,-55,920,0,11,0,0,0,0,0,0,0,0
5762,18409265856,Authentication,166,34,-56,920,0,11,0,0,0,0,0,0,0,0
5763,18409298623,Authentication,166,34,-55,920,0,11,0,0,0,0,0,0,0,0
5764,18409364159,Authentication,166,34,-56,920,0,11,0,0,0,0,0,0,0,0
5765,18409368952,Authentication,166,34,-17,920,0,11,0,0,0,0,0,0,720,0
5766,18409375932,Authentication,166,34,-17,920,0,11,0,0,1,0,0,0,720,0
5767,18409382237,Authentication,166,34,-18,920,0,11,0,0,1,0,0,0,720,0
5768,18409388749,Authentication,166,34,-17,920,0,11,0,0,1,0,0,0,720,0
5769,18409419452,Authentication,166,34,-55,920,0,11,0,0,0,0,0,0,0,0
5770,18409462462,Authentication,166,34,-57,920,0,11,0,0,0,0,0,0,0,0
5771,18409527998,Authentication,166,34,-56,920,0,11,0,0,0,0,0,0,0,0
5772,18409549144,S1G Beacon,61,34,-18,920,3,1,,,,,,,0,0
5773,18409568945,Authentication,166,34,-19,920,0,11,0,0,0,0,0,0,720,0
5774,18409575352,Authentication,166,34,-18,920,0,11,0,0,1,0,0,0,720,0
5775,18409581813,Authentication,166,34,-19,920,0,11,0,0,1,0,0,0,720,0
5776,18409588220,Authentication,166,34,-18,920,0,11,0,0,1,0,0,0,720,0
5777,18409626302,Authentication,166,34,-56,920,0,11,0,0,0,0,0,0,0,0
5778,18409691837,Authentication,166,34,-56,920,0,11,0,0,0,0,0,0,0,0
5779,18409724604,Authentication,166,34,-55,920,0,11,0,0,0,0,0,0,0,0
5780,18409788876,Authentication,166,34,-17,920,0,11,0,0,0,0,0,0,720,0
5781,18409795333,Authentication,166,34,-18,920,0,11,0,0,1,0,0,0,720,0
5782,18409801898,Authentication,166,34,-18,920,0,11,0,0,1,0,0,0,720,0
5783,18409808460,Authentication,166,34,-18,920,0,11,0,0,1,0,0,0,720,0
5784,18409846457,Authentication,166,34,-56,920,0,11,0,0,0,0,0,0,0,0
5785,18409888443,Authentication,166,34,-56,920,0,11,0,0,0,0,0,0,0,0
5786,18409988739,Authentication,166,34,-18,920,0,11,0,0,0,0,0,0,720,0
5787,18409995302,Authentication,166,34,-18,920,0,11,0,0,1,0,0,0,720,0
5788,18410000617,Authentication,166,34,-17,920,0,11,0,0,1,0,0,0,720,0
5789,18410007128,Authentication,166,34,-18,920,0,11,0,0,1,0,0,0,720,0
5790,18410052283,Authentication,166,34,-56,920,0,11,0,0,0,0,0,0,0,0
5791,18410117818,Authentication,166,34,-57,920,0,11,0,0,0,0,0,0,0,0
5792,18410159801,Authentication,166,34,-55,920,0,11,0,0,0,0,0,0,0,0
5793,18410188774,Authentication,166,34,-17,920,0,11,0,0,0,0,0,0,720,0
5794,18410195340,Authentication,166,34,-16,920,0,11,0,0,1,0,0,0,720,0
5795,18410201849,Authentication,166,34,-18,920,0,11,0,0,1,0,0,0,720,0
5796,18410208256,Authentication,166,34,-16,920,0,11,0,0,1,0,0,0,720,0
5797,18410216121,Authentication,166,34,-55,920,0,11,0,0,0,0,0,0,0,0
5798,18410281657,Authentication,166,34,-56,920,0,11,0,0,0,0,0,0,0,0
5799,18410321592,Authentication,166,34,-55,920,0,11,0,0,0,0,0,0,0,0
5800,18410368349,S1G Beacon,129,34,-17,920,3,1,,,,,,,0,0
5801,18410379960,Authentication,166,34,-55,920,0,11,0,0,0,0,0,0,0,0
5802,18410408763,Authentication,166,34,-17,920,0,11,0,0,0,0,0,0,720,0
5803,18410415224,Authentication,166,34,-17,920,0,11,0,0,1,0,0,0,720,0
5804,18410421946,Authentication,166,34,-17,920,0,11,0,0,1,0,0,0,720,0
5805,18410428508,Authentication,166,34,-17,920,0,11,0,0,1,0,0,0,720,0
5806,18410445496,Authentication,166,34,-57,920,0,11,0,0,0,0,0,0,0,0
5807,18410478264,Authentication,166,34,-56,920,0,11,0,0,0,0,0,0,0,0
5808,18410543799,Authentication,166,34,-55,920,0,11,0,0,0,0,0,0,0,0
5809,18410601140,Authentication,166,34,-56,920,0,11,0,0,0,0,0,0,0,0
5810,18410642103,Authentication,166,34,-54,920,0,11,0,0,0,0,0,0,0,0
5811,18410707638,Authentication,166,34,-54,920,0,11,0,0,0,0,0,0,0,0
5812,18410712328,Authentication,166,34,-17,920,0,11,0,0,0,0,0,0,720,0
5813,18410718840,Authentication,166,34,-18,920,0,11,0,0,1,0,0,0,720,0
5814,18410725403,Authentication,166,34,-16,920,0,11,0,0,1,0,0,0,720,0
5815,18410732174,Authentication,166,34,-17,920,0,11,0,0,1,0,0,0,720,0
5816,18410744144,Data,287,34,-17,920,2,0,0,0,0,0,0,1,0,0
5817,18410754740,Authentication,166,34,-54,920,0,11,0,0,0,0,0,0,0,0
5818,18410805942,Authentication,166,34,-56,920,0,11,0,0,0,0,0,0,0,0
5819,18410871477,Authentication,166,34,-56,920,0,11,0,0,0,0,0,0,0,0
5820,18410911412,Authentication,166,34,-56,920,0,11,0,0,0,0,0,0,0,0
5821,18410916672,Authentication,166,34,-17,920,0,11,0,0,0,0,0,0,720,0
5822,18410923340,Authentication,166,34,-17,920,0,11,0,0,1,0,0,0,720,0
5823,18410930060,Authentication,166,34,-17,920,0,11,0,0,1,0,0,0,720,0
5825,18410969781,Authentication,166,34,-54,920,0,11,0,0,0,0,0,0,0,0
5826,18411034289,Authentication,166,34,-54,920,0,11,0,0,0,0,0,0,0,0
5827,18411068084,Authentication,166,34,-56,920,0,11,0,0,0,0,0,0,0,0
5828,18411128751,Authentication,166,34,-18,920,0,11,0,0,0,0,0,0,720,0
5829,18411133619,Authentication,166,34,-56,920,0,11,0,0,0,0,0,0,0,0
5830,18411138467,Authentication,166,34,-18,920,0,11,0,0,1,0,0,0,720,0
5831,18411144979,Authentication,166,34,-18,920,0,11,0,0,1,0,0,0,720,0
5832,18411151700,Authentication,166,34,-18,920,0,11,0,0,1,0,0,0,720,0
5833,18411182770,Authentication,166,34,-55,920,0,11,0,0,0,0,0,0,0,0
5834,18411187551,S1G Beacon,61,34,-18,920,3,1,,,,,,,0,0
5835,18411231923,Authentication,166,34,-54,920,0,11,0,0,0,0,0,0,0,0
5836,18411297458,Authentication,166,34,-54,920,0,11,0,0,0,0,0,0,0,0
5837,18411328933,Authentication,166,34,-19,920,0,11,0,0,0,0,0,0,720,0
5838,18411333298,Authentication,166,34,-55,920,0,11,0,0,0,0,0,0,0,0
5839,18411337937,Authentication,166,34,-19,920,0,11,0,0,1,0,0,0,720,0
5840,18411344501,Authentication,166,34,-19,920,0,11,0,0,1,0,0,0,720,0
5841,18411350961,Authentication,166,34,-20,920,0,11,0,0,1,0,0,0,720,0
5842,18411395762,Authentication,166,34,-56,920,0,11,0,0,0,0,0,0,0,0
5843,18411443887,Authentication,166,34,-54,920,0,11,0,0,0,0,0,0,0,0
5844,18411494065,Authentication,166,34,-55,920,0,11,0,0,0,0,0,0,0,0
5845,18411528706,Authentication,166,34,-18,920,0,11,0,0,0,0,0,0,720,0
5846,18411535372,Authentication,166,34,-19,920,0,11,0,0,1,0,0,0,720,0
5847,18411541989,Authentication,166,34,-18,920,0,11,0,0,1,0,0,0,720,0
5848,18411548499,Authentication,166,34,-19,920,0,11,0,0,1,0,0,0,720,0
5849,18411559602,Authentication,166,34,-55,920,0,11,0,0,0,0,0,0,0,0
5850,18411606703,Authentication,166,34,-56,920,0,11,0,0,0,0,0,0,0,0
5851,18411719340,Authentication,166,34,-56,920,0,11,0,0,0,0,0,0,0,0
5852,18411756208,Authentication,166,34,-55,920,0,11,0,0,0,0,0,0,0,0
5853,18411761002,Authentication,166,34,-18,920,0,11,0,0,0,0,0,0,720,0
5854,18411767515,Authentication,166,34,-18,920,0,11,0,0,1,0,0,0,720,0
5855,18411773923,Authentication,166,34,-19,920,0,11,0,0,1,0,0,0,720,0
5856,18411780593,Authentication,166,34,-19,920,0,11,0,0,1,0,0,0,720,0
5857,18411869869,Authentication,166,34,-56,920,0,11,0,0,0,0,0,0,0,0
5858,18411920046,Authentication,166,34,-56,920,0,11,0,0,0,0,0,0,0,0
5859,18411966776,Authentication,166,34,-18,920,0,11,0,0,0,0,0,0,720,0
5860,18411973390,Authentication,166,34,-18,920,0,11,0,0,1,0,0,0,720,0
5861,18411980060,Authentication,166,34,-16,920,0,11,0,0,1,0,0,0,720,0
5862,18411985582,Authentication,166,34,-57,920,0,11,0,0,0,0,0,0,0,0
5863,18411990220,Authentication,166,34,-17,920,0,11,0,0,1,0,0,0,720,0
5864,18412014761,S1G Beacon,129,34,-16,920,3,1,,,,,,,0,0
5865,18412018350,Authentication,166,34,-56,920,0,11,0,0,0,0,0,0,0,0
5866,18412083886,Authentication,166,34,-55,920,0,11,0,0,0,0,0,0,0,0
5867,18412138154,Authentication,166,34,-57,920,0,11,0,0,0,0,0,0,0,0
5868,18412167647,Authentication,166,34,-17,920,0,11,0,0,0,0,0,0,720,0
5869,18412172701,Authentication,166,34,-19,920,0,11,0,0,1,0,0,0,720,0
5870,18412179368,Authentication,166,34,-17,920,0,11,0,0,1,0,0,0,720,0
5871,18412186712,Authentication,166,34,-17,920,0,11,0,0,1,0,0,0,720,0
5872,18412247725,Authentication,166,34,-56,920,0,11,0,0,0,0,0,0,0,0
5873,18412292779,Authentication,166,34,-56,920,0,11,0,0,0,0,0,0,0,0
5874,18412346028,Authentication,166,34,-55,920,0,11,0,0,0,0,0,0,0,0
5875,18412379111,Authentication,166,34,-16,920,0,11,0,0,0,0,0,0,720,0
5876,18412385727,Authentication,166,34,-16,920,0,11,0,0,1,0,0,0,720,0
5877,18412392500,Authentication,166,34,-17,920,0,11,0,0,1,0,0,0,720,0
5878,18412399011,Authentication,166,34,-17,920,0,11,0,0,1,0,0,0,720,0
5879,18412411563,Authentication,166,34,-57,920,0,11,0,0,0,0,0,0,0,0
5880,18412444331,Authentication,166,34,-56,920,0,11,0,0,0,0,0,0,0,0
5881,18412509867,Authentication,166,34,-56,920,0,11,0,0,0,0,0,0,0,0
5882,18412571302,Authentication,166,34,-55,920,0,11,0,0,0,0,0,0,0,0
5883,18412576513,Authentication,166,34,-17,920,0,11,0,0,0,0,0,0,720,0
5884,18412582971,Authentication,166,34,-17,920,0,11,0,0,1,0,0,0,720,0
5885,18412589430,Authentication,166,34,-17,920,0,11,0,0,1,0,0,0,720,0
5886,18412595940,Authentication,166,34,-17,920,0,11,0,0,1,0,0,0,720,0
5887,18412608170,Authentication,166,34,-56,920,0,11,0,0,0,0,0,0,0,0
5888,18412673706,Authentication,166,34,-57,920,0,11,0,0,0,0,0,0,0,0
5889,18412706473,Authentication,166,34,-57,920,0,11,0,0,0,0,0,0,0,0
5890,18412772010,Authentication,166,34,-56,920,0,11,0,0,0,0,0,0,0,0
5891,18412776595,Authentication,166,34,-18,920,0,11,0,0,0,0,0,0,720,0
5892,18412783314,Authentication,166,34,-17,920,0,11,0,0,1,0,0,0,720,0
5893,18412789148,Authentication,166,34,-16,920,0,11,0,0,1,0,0,0,720,0
5894,18412795869,Authentication,166,34,-16,920,0,11,0,0,1,0,0,0,720,0
5895,18412812146,QoS Data,148,34,-15,920,2,8,1,0,0,0,0,1,720,0
5898,18412821159,Authentication,166,34,-55,920,0,11,0,0,0,0,0,0,0,0
5899,18412825958,S1G Beacon,61,34,-18,920,3,1,,,,,,,0,0
5902,18412870313,Authentication,166,34,-55,920,0,11,0,0,0,0,0,0,0,0
5903,18412935848,Authentication,166,34,-56,920,0,11,0,0,0,0,0,0,0,0
5904,18412981927,Authentication,166,34,-55,920,0,11,0,0,0,0,0,0,0,0
5905,18413003619,QoS Data,128,34,-15,920,2,8,1,0,0,0,0,1,720,0
5908,18413034151,Authentication,166,34,-57,920,0,11,0,0,0,0,0,0,0,0
5909,18413038997,Authentication,166,34,-17,920,0,11,0,0,0,0,0,0,720,0
5910,18413045767,Authentication,166,34,-18,920,0,11,0,0,1,0,0,0,720,0
5911,18413052540,Authentication,166,34,-16,920,0,11,0,0,1,0,0,0,720,0
5912,18413059257,Authentication,166,34,-17,920,0,11,0,0,1,0,0,0,720,0
5913,18413098147,Authentication,166,34,-57,920,0,11,0,0,0,0,0,0,0,0
5914,18413132455,Authentication,166,34,-56,920,0,11,0,0,0,0,0,0,0,0
5915,18413197990,Authentication,166,34,-56,920,0,11,0,0,0,0,0,0,0,0
5916,18413257379,Authentication,166,34,-57,920,0,11,0,0,0,0,0,0,0,0
5917,18413261965,Authentication,166,34,-18,920,0,11,0,0,0,0,0,0,720,0
5918,18413268426,Authentication,166,34,-18,920,0,11,0,0,1,0,0,0,720,0
5919,18413274262,Authentication,166,34,-18,920,0,11,0,0,1,0,0,0,720,0
5920,18413280877,Authentication,166,34,-17,920,0,11,0,0,1,0,0,0,720,0
5921,18413296294,Authentication,166,34,-57,920,0,11,0,0,0,0,0,0,0,0
5922,18413361829,Authentication,166,34,-57,920,0,11,0,0,0,0,0,0,0,0
5923,18413458707,Authentication,166,34,-16,920,0,11,0,0,0,0,0,0,720,0
5924,18413464593,Authentication,166,34,-18,920,0,11,0,0,1,0,0,0,720,0
5925,18413471207,Authentication,166,34,-17,920,0,11,0,0,1,0,0,0,720,0
5926,18413477666,Authentication,166,34,-17,920,0,11,0,0,1,0,0,0,720,0
5927,18413525668,Authentication,166,34,-56,920,0,11,0,0,0,0,0,0,0,0
5928,18413558436,Authentication,166,34,-56,920,0,11,0,0,0,0,0,0,0,0
5929,18413623972,Authentication,166,34,-57,920,0,11,0,0,0,0,0,0,0,0
5930,18413645161,S1G Beacon,129,34,-16,920,3,1,,,,,,,0,0
5931,18413654566,Authentication,166,34,-16,920,0,11,0,0,0,0,0,0,720,0
5932,18413661128,Authentication,166,34,-16,920,0,11,0,0,1,0,0,0,720,0
5933,18413666858,Authentication,166,34,-17,920,0,11,0,0,1,0,0,0,720,0
5934,18413672901,Authentication,166,34,-16,920,0,11,0,0,1,0,0,0,720,0
5935,18413722275,Authentication,166,34,-56,920,0,11,0,0,0,0,0,0,0,0
5936,18413768250,Data,287,34,-17,920,2,0,0,0,0,0,0,1,0,0
5937,18413779054,Data,159,34,-17,920,2,0,0,0,0,0,0,1,0,0
5938,18413784068,Data,179,34,-16,920,2,0,0,0,0,0,0,1,0,0
5939,18413803743,Data,239,34,-16,920,2,0,0,0,0,0,0,1,0,0
5940,18413820579,Authentication,166,34,-55,920,0,11,0,0,0,0,0,0,0,0
5941,18413868699,Authentication,166,34,-18,920,0,11,0,0,0,0,0,0,720,0
5942,18413874535,Authentication,166,34,-17,920,0,11,0,0,1,0,0,0,720,0
5943,18413881150,Authentication,166,34,-16,920,0,11,0,0,1,0,0,0,720,0
5944,18413886114,Authentication,166,34,-56,920,0,11,0,0,0,0,0,0,0,0
5945,18413890806,Authentication,166,34,-18,920,0,11,0,0,1,0,0,0,720,0
5946,18413935264,Authentication,166,34,-56,920,0,11,0,0,0,0,0,0,0,0
5947,18413984417,Authentication,166,34,-57,920,0,11,0,0,0,0,0,0,0,0
5948,18414049953,Authentication,166,34,-56,920,0,11,0,0,0,0,0,0,0,0
5949,18414078877,Authentication,166,34,-17,920,0,11,0,0,0,0,0,0,720,0
5950,18414085545,Authentication,166,34,-16,920,0,11,0,0,1,0,0,0,720,0
5951,18414092318,Authentication,166,34,-17,920,0,11,0,0,1,0,0,0,720,0
5952,18414098780,Authentication,166,34,-17,920,0,11,0,0,1,0,0,0,720,0
5953,18414148257,Authentication,166,34,-56,920,0,11,0,0,0,0,0,0,0,0
5954,18414213792,Authentication,166,34,-57,920,0,11,0,0,0,0,0,0,0,0
5955,18414312095,Authentication,166,34,-56,920,0,11,0,0,0,0,0,0,0,0
5956,18414348689,Authentication,166,34,-49,920,0,11,0,0,0,0,0,0,720,0
5957,18414355458,Authentication,166,34,-16,920,0,11,0,0,1,0,0,0,720,0
5958,18414360221,Authentication,166,34,-57,920,0,11,0,0,0,0,0,0,0,0
5959,18414364963,Authentication,166,34,-17,920,0,11,0,0,1,0,0,0,720,0
5960,18414371683,Authentication,166,34,-17,920,0,11,0,0,1,0,0,0,720,0
5961,18414410399,Authentication,166,34,-56,920,0,11,0,0,0,0,0,0,0,0
5962,18414464364,S1G Beacon,61,34,-17,920,3,1,,,,,,,0,0
5963,18414475935,Authentication,166,34,-57,920,0,11,0,0,0,0,0,0,0,0
5964,18414517917,Authentication,166,34,-56,920,0,11,0,0,0,0,0,0,0,0
5965,18414548556,Authentication,166,34,-18,920,0,11,0,0,0,0,0,0,720,0
5966,18414555014,Authentication,166,34,-18,920,0,11,0,0,1,0,0,0,720,0
5967,18414561733,Authentication,166,34,-16,920,0,11,0,0,1,0,0,0,720,0
5968,18414568294,Authentication,166,34,-17,920,0,11,0,0,1,0,0,0,720,0
5969,18414574238,Authentication,166,34,-57,920,0,11,0,0,0,0,0,0,0,0
5970,18414639774,Authentication,166,34,-56,920,0,11,0,0,0,0,0,0,0,0
5971,18414672541,Authentication,166,34,-56,920,0,11,0,0,0,0,0,0,0,0
5972,18414738076,Authentication,166,34,-57,920,0,11,0,0,0,0,0,0,0,0
5973,18414743341,Authentication,166,34,-17,920,0,11,0,0,0,0,0,0,720,0
5974,18414749852,Authentication,166,34,-18,920,0,11,0,0,1,0,0,0,720,0
5975,18414756416,Authentication,166,34,-16,920,0,11,0,0,1,0,0,0,720,0
5976,18414763032,Authentication,166,34,-18,920,0,11,0,0,1,0,0,0,720,0
5977,18414779035,Authentication,166,34,-56,920,0,11,0,0,0,0,0,0,0,0
5978,18414901915,Authentication,166,34,-56,920,0,11,0,0,0,0,0,0,0,0
5979,18414934683,Authentication,166,34,-56,920,0,11,0,0,0,0,0,0,0,0
5980,18414958916,Authentication,166,34,-17,920,0,11,0,0,0,0,0,0,720,0
5981,18414965323,Authentication,166,34,-16,920,0,11,0,0,1,0,0,0,720,0
5982,18414971729,Authentication,166,34,-18,920,0,11,0,0,1,0,0,0,720,0
5983,18414978136,Authentication,166,34,-19,920,0,11,0,0,1,0,0,0,720,0
5984,18415000219,Authentication,166,34,-55,920,0,11,0,0,0,0,0,0,0,0
5985,18415052440,Authentication,166,34,-56,920,0,11,0,0,0,0,0,0,0,0
5986,18415098522,Authentication,166,34,-57,920,0,11,0,0,0,0,0,0,0,0
5987,18415164058,Authentication,166,34,-56,920,0,11,0,0,0,0,0,0,0,0
5988,18415169319,Authentication,166,34,-17,920,0,11,0,0,0,0,0,0,720,0
5989,18415176452,Authentication,166,34,-16,920,0,11,0,0,1,0,0,0,720,0
5990,18415183014,Authentication,166,34,-17,920,0,11,0,0,1,0,0,0,720,0
5991,18415189732,Authentication,166,34,-17,920,0,11,0,0,1,0,0,0,720,0
5992,18415206041,Authentication,166,34,-56,920,0,11,0,0,0,0,0,0,0,0
5993,18415262361,Authentication,166,34,-55,920,0,11,0,0,0,0,0,0,0,0
5994,18415283567,S1G Beacon,129,34,-18,920,3,1,,,,,,,0,0
5995,18415327897,Authentication,166,34,-56,920,0,11,0,0,0,0,0,0,0,0
5996,18415360665,Authentication,166,34,-56,920,0,11,0,0,0,0,0,0,0,0
5997,18415426200,Authentication,166,34,-57,920,0,11,0,0,0,0,0,0,0,0
5998,18415430942,Authentication,166,34,-18,920,0,11,0,0,0,0,0,0,720,0
5999,18415437399,Authentication,166,34,-16,920,0,11,0,0,1,0,0,0,720,0
6000,18415449646,Authentication,166,34,-17,920,0,11,0,0,1,0,0,0,720,0
6001,18415474326,Authentication,166,34,-55,920,0,11,0,0,0,0,0,0,0,0
6002,18415524503,Authentication,166,34,-56,920,0,11,0,0,0,0,0,0,0,0
6003,18415590039,Authentication,166,34,-55,920,0,11,0,0,0,0,0,0,0,0
6004,18415622807,Authentication,166,34,-58,920,0,11,0,0,0,0,0,0,0,0
6005,18415628068,Authentication,166,34,-16,920,0,11,0,0,0,0,0,0,720,0
6006,18415634580,Authentication,166,34,-17,920,0,11,0,0,1,0,0,0,720,0
6007,18415640988,Authentication,166,34,-17,920,0,11,0,0,1,0,0,0,720,0
6008,18415647553,Authentication,166,34,-18,920,0,11,0,0,1,0,0,0,720,0
6009,18415688342,Authentication,166,34,-56,920,0,11,0,0,0,0,0,0,0,0
6010,18415740563,Authentication,166,34,-56,920,0,11,0,0,0,0,0,0,0,0
6011,18415786645,Authentication,166,34,-56,920,0,11,0,0,0,0,0,0,0,0
6012,18415833455,Authentication,166,34,-16,920,0,11,0,0,0,0,0,0,720,0
6013,18415840122,Authentication,166,34,-17,920,0,11,0,0,1,0,0,0,720,0
6014,18415846583,Authentication,166,34,-16,920,0,11,0,0,1,0,0,0,720,0
6015,18415852181,Authentication,166,34,-57,920,0,11,0,0,0,0,0,0,0,0
6016,18415856767,Authentication,166,34,-17,920,0,11,0,0,1,0,0,0,720,0
6017,18415900307,Authentication,166,34,-56,920,0,11,0,0,0,0,0,0,0,0
6018,18415950485,Authentication,166,34,-57,920,0,11,0,0,0,0,0,0,0,0
6019,18416016020,Authentication,166,34,-55,920,0,11,0,0,0,0,0,0,0,0
6020,18416048693,Authentication,166,34,-17,920,0,11,0,0,0,0,0,0,720,0
6021,18416054840,Authentication,166,34,-18,920,0,11,0,0,1,0,0,0,720,0
6022,18416061402,Authentication,166,34,-17,920,0,11,0,0,1,0,0,0,720,0
6023,18416067914,Authentication,166,34,-16,920,0,11,0,0,1,0,0,0,720,0
6024,18416102770,S1G Beacon,61,34,-17,920,3,1,,,,,,,0,0
6025,18416114323,Authentication,166,34,-56,920,0,11,0,0,0,0,0,0,0,0
6026,18416170641,Authentication,166,34,-55,920,0,11,0,0,0,0,0,0,0,0
6027,18416212627,Authentication,166,34,-55,920,0,11,0,0,0,0,0,0,0,0
6028,18416248702,Authentication,166,34,-18,920,0,11,0,0,0,0,0,0,720,0
6029,18416255108,Authentication,166,34,-16,920,0,11,0,0,1,0,0,0,720,0
6030,18416261570,Authentication,166,34,-16,920,0,11,0,0,1,0,0,0,720,0
6031,18416268029,Authentication,166,34,-16,920,0,11,0,0,1,0,0,0,720,0
6032,18416278163,Authentication,166,34,-56,920,0,11,0,0,0,0,0,0,0,0
6033,18416331409,Authentication,166,34,-56,920,0,11,0,0,0,0,0,0,0,0
6034,18416376466,Authentication,166,34,-57,920,0,11,0,0,0,0,0,0,0,0
6035,18416442002,Authentication,166,34,-57,920,0,11,0,0,0,0,0,0,0,0
6036,18416447315,Authentication,166,34,-16,920,0,11,0,0,0,0,0,0,720,0
6037,18416453983,Authentication,166,34,-16,920,0,11,0,0,1,0,0,0,720,0
6038,18416460547,Authentication,166,34,-18,920,0,11,0,0,1,0,0,0,720,0
6039,18416467266,Authentication,166,34,-16,920,0,11,0,0,1,0,0,0,720,0
6040,18416474770,Authentication,166,34,-56,920,0,11,0,0,0,0,0,0,0,0
6041,18416540305,Authentication,166,34,-56,920,0,11,0,0,0,0,0,0,0,0
6042,18416583311,Authentication,166,34,-56,920,0,11,0,0,0,0,0,0,0,0
6043,18416638608,Authentication,166,34,-55,920,0,11,0,0,0,0,0,0,0,0
6044,18416736912,Authentication,166,34,-56,920,0,11,0,0,0,0,0,0,0,0
6045,18416788676,Authentication,166,34,-16,920,0,11,0,0,0,0,0,0,720,0
6046,18416795708,Data,287,34,-16,920,2,0,0,0,0,0,0,1,0,0
6047,18416803755,Authentication,166,34,-18,920,0,11,0,0,1,0,0,0,720,0
6048,18416810161,Authentication,166,34,-18,920,0,11,0,0,1,0,0,0,720,0
6049,18416816672,Authentication,166,34,-16,920,0,11,0,0,1,0,0,0,720,0
6050,18416847502,Authentication,166,34,-56,920,0,11,0,0,0,0,0,0,0,0
6051,18416900751,Authentication,166,34,-56,920,0,11,0,0,0,0,0,0,0,0
6052,18416921973,S1G Beacon,129,34,-17,920,3,1,,,,,,,0,0
6053,18416957579,Authentication,166,34,-56,920,0,11,0,0,0,0,0,0,0,0
6054,18416989062,Authentication,166,34,-16,920,0,11,0,0,0,0,0,0,720,0
6055,18416995471,Authentication,166,34,-16,920,0,11,0,0,1,0,0,0,720,0
6056,18417001929,Authentication,166,34,-16,920,0,11,0,0,1,0,0,0,720,0
6057,18417008335,Authentication,166,34,-16,920,0,11,0,0,1,0,0,0,720,0
6058,18417064589,Authentication,166,34,-57,920,0,11,0,0,0,0,0,0,0,0
6059,18417100292,Data,390,34,-17,920,2,0,0,0,0,0,0,1,0,0
6060,18417111464,Data,390,34,-16,920,2,0,0,0,0,0,0,1,0,0
6061,18417122636,Data,399,34,-17,920,2,0,0,0,0,0,0,1,0,0
6062,18417134775,Data,399,34,-19,920,2,0,0,0,0,0,0,1,0,0
6063,18417146184,Data,454,34,-18,920,2,0,0,0,0,0,0,1,0,0
6064,18417159074,Data,454,34,-16,920,2,0,0,0,0,0,0,1,0,0
6065,18417171967,Data,464,34,-18,920,2,0,0,0,0,0,0,1,0,0
6066,18417185100,Data,464,34,-18,920,2,0,0,0,0,0,0,1,0,0
6067,18417197974,Authentication,166,34,-17,920,0,11,0,0,0,0,0,0,720,0
6068,18417204587,Authentication,166,34,-17,920,0,11,0,0,1,0,0,0,720,0
6069,18417210160,Authentication,166,34,-16,920,0,11,0,0,1,0,0,0,720,0
6070,18417216826,Authentication,166,34,-16,920,0,11,0,0,1,0,0,0,720,0
6071,18417228428,Authentication,166,34,-57,920,0,11,0,0,0,0,0,0,0,0
6072,18417280650,Authentication,166,34,-57,920,0,11,0,0,0,0,0,0,0,0
6073,18417326732,Authentication,166,34,-55,920,0,11,0,0,0,0,0,0,0,0
6074,18417392268,Authentication,166,34,-57,920,0,11,0,0,0,0,0,0,0,0
6075,18417418643,Authentication,166,34,-17,920,0,11,0,0,0,0,0,0,720,0
6076,18417425312,Authentication,166,34,-16,920,0,11,0,0,1,0,0,0,720,0
6077,18417432027,Authentication,166,34,-16,920,0,11,0,0,1,0,0,0,720,0
6078,18417438744,Authentication,166,34,-17,920,0,11,0,0,1,0,0,0,720,0
6079,18417490571,Authentication,166,34,-57,920,0,11,0,0,0,0,0,0,0,0
6080,18417556106,Authentication,166,34,-56,920,0,11,0,0,0,0,0,0,0,0
6081,18417588875,Authentication,166,34,-56,920,0,11,0,0,0,0,0,0,0,0
6082,18417598868,Authentication,166,34,-16,920,0,11,0,0,0,0,0,0,720,0
6083,18417605483,Authentication,166,34,-17,920,0,11,0,0,1,0,0,0,720,0
6084,18417611890,Authentication,166,34,-17,920,0,11,0,0,1,0,0,0,720,0
6085,18417617048,Authentication,166,34,-17,920,0,11,0,0,1,0,0,0,720,0
6086,18417697417,Authentication,166,34,-55,920,0,11,0,0,0,0,0,0,0,0
6088,18417741175,S1G Beacon,61,34,-18,920,3,1,,,,,,,0,0
6089,18417752713,Authentication,166,34,-57,920,0,11,0,0,0,0,0,0,0,0
6090,18417798712,Authentication,166,34,-16,920,0,11,0,0,0,0,0,0,720,0
6091,18417805170,Authentication,166,34,-17,920,0,11,0,0,1,0,0,0,720,0
6092,18417811631,Authentication,166,34,-16,920,0,11,0,0,1,0,0,0,720,0
6093,18417818039,Authentication,166,34,-17,920,0,11,0,0,1,0,0,0,720,0
6094,18417842843,QoS Data,148,34,-16,920,2,8,1,0,0,0,0,1,720,0
6099,18417916553,Authentication,166,34,-55,920,0,11,0,0,0,0,0,0,0,0
6100,18417966726,Authentication,166,34,-57,920,0,11,0,0,0,0,0,0,0,0
6101,18418003448,QoS Data,128,34,-15,920,2,8,1,0,0,0,0,1,720,0
6104,18418014855,Authentication,166,34,-56,920,0,11,0,0,0,0,0,0,0,0
6105,18418038839,Authentication,166,34,-16,920,0,11,0,0,0,0,0,0,720,0
6106,18418045506,Authentication,166,34,-16,920,0,11,0,0,1,0,0,0,720,0
6107,18418052070,Authentication,166,34,-16,920,0,11,0,0,1,0,0,0,720,0
6108,18418058685,Authentication,166,34,-16,920,0,11,0,0,1,0,0,0,720,0
6109,18418080391,Authentication,166,34,-56,920,0,11,0,0,0,0,0,0,0,0
6110,18418118279,Authentication,166,34,-57,920,0,11,0,0,0,0,0,0,0,0
6111,18418178695,Authentication,166,34,-56,920,0,11,0,0,0,0,0,0,0,0
6112,18418228725,Authentication,166,34,-18,920,0,11,0,0,0,0,0,0,720,0
6113,18418235445,Authentication,166,34,-16,920,0,11,0,0,1,0,0,0,720,0
6114,18418241155,Authentication,166,34,-57,920,0,11,0,0,0,0,0,0,0,0
6115,18418246000,Authentication,166,34,-16,920,0,11,0,0,1,0,0,0,720,0
6116,18418252407,Authentication,166,34,-16,920,0,11,0,0,1,0,0,0,720,0
6117,18418276998,Authentication,166,34,-55,920,0,11,0,0,0,0,0,0,0,0
6118,18418342533,Authentication,166,34,-57,920,0,11,0,0,0,0,0,0,0,0
6119,18418398848,Authentication,166,34,-57,920,0,11,0,0,0,0,0,0,0,0
6120,18418418670,Authentication,166,34,-16,920,0,11,0,0,0,0,0,0,720,0
6121,18418425232,Authentication,166,34,-17,920,0,11,0,0,1,0,0,0,720,0
6122,18418438307,Authentication,166,34,-18,920,0,11,0,0,1,0,0,0,720,0
6123,18418506373,Authentication,166,34,-56,920,0,11,0,0,0,0,0,0,0,0
6124,18418521601,Data,158,34,-17,920,2,0,0,0,0,0,0,1,0,0
6125,18418560379,S1G Beacon,129,34,-16,920,3,1,,,,,,,0,0
6126,18418571908,Authentication,166,34,-56,920,0,11,0,0,0,0,0,0,0,0
6127,18418604676,Authentication,166,34,-56,920,0,11,0,0,0,0,0,0,0,0
6128,18418618672,Authentication,166,34,-16,920,0,11,0,0,0,0,0,0,720,0
6129,18418625234,Authentication,166,34,-17,920,0,11,0,0,1,0,0,0,720,0
6130,18418631850,Authentication,166,34,-16,920,0,11,0,0,1,0,0,0,720,0
6131,18418638360,Authentication,166,34,-16,920,0,11,0,0,1,0,0,0,720,0
6132,18418670211,Authentication,166,34,-56,920,0,11,0,0,0,0,0,0,0,0
6133,18418723457,Authentication,166,34,-57,920,0,11,0,0,0,0,0,0,0,0
6134,18418768515,Authentication,166,34,-55,920,0,11,0,0,0,0,0,0,0,0
6135,18418818676,Authentication,166,34,-17,920,0,11,0,0,0,0,0,0,720,0
6136,18418825396,Authentication,166,34,-17,920,0,11,0,0,1,0,0,0,720,0
6137,18418831961,Authentication,166,34,-16,920,0,11,0,0,1,0,0,0,720,0
6138,18418838626,Authentication,166,34,-17,920,0,11,0,0,1,0,0,0,720,0
6139,18418868866,Authentication,166,34,-56,920,0,11,0,0,0,0,0,0,0,0
6140,18418997889,Authentication,166,34,-55,920,0,11,0,0,0,0,0,0,0,0
6141,18419048697,Authentication,166,34,-17,920,0,11,0,0,0,0,0,0,720,0
6142,18419055314,Authentication,166,34,-17,920,0,11,0,0,1,0,0,0,720,0
6143,18419061721,Authentication,166,34,-16,920,0,11,0,0,1,0,0,0,720,0
6144,18419068442,Authentication,166,34,-17,920,0,11,0,0,1,0,0,0,720,0
6145,18419096192,Authentication,166,34,-56,920,0,11,0,0,0,0,0,0,0,0
6146,18419161728,Authentication,166,34,-56,920,0,11,0,0,0,0,0,0,0,0
6147,18419212925,Authentication,166,34,-57,920,0,11,0,0,0,0,0,0,0,0
6148,18419258850,Authentication,166,34,-17,920,0,11,0,0,0,0,0,0,720,0
6149,18419265311,Authentication,166,34,-16,920,0,11,0,0,1,0,0,0,720,0
6150,18419271718,Authentication,166,34,-18,920,0,11,0,0,1,0,0,0,720,0
6151,18419278437,Authentication,166,34,-16,920,0,11,0,0,1,0,0,0,720,0
6152,18419325567,Authentication,166,34,-55,920,0,11,0,0,0,0,0,0,0,0
6153,18419370110,Authentication,166,34,-56,920,0,11,0,0,0,0,0,0,0,0
6154,18419379583,S1G Beacon,61,34,-16,920,3,1,,,,,,,0,0
6155,18419423870,Authentication,166,34,-57,920,0,11,0,0,0,0,0,0,0,0
6156,18419458633,Authentication,166,34,-16,920,0,11,0,0,0,0,0,0,720,0
6157,18419463950,Authentication,166,34,-17,920,0,11,0,0,1,0,0,0,720,0
6158,18419470375,Authentication,166,34,-17,920,0,11,0,0,1,0,0,0,720,0
6159,18419476939,Authentication,166,34,-17,920,0,11,0,0,1,0,0,0,720,0
6160,18419522173,Authentication,166,34,-56,920,0,11,0,0,0,0,0,0,0,0
6161,18419587710,Authentication,166,34,-56,920,0,11,0,0,0,0,0,0,0,0
6162,18419620477,Authentication,166,34,-56,920,0,11,0,0,0,0,0,0,0,0
6163,18419658819,Authentication,166,34,-16,920,0,11,0,0,0,0,0,0,720,0
6164,18419665384,Authentication,166,34,-16,920,0,11,0,0,1,0,0,0,720,0
6165,18419672153,Authentication,166,34,-17,920,0,11,0,0,1,0,0,0,720,0
6166,18419678561,Authentication,166,34,-17,920,0,11,0,0,1,0,0,0,720,0
6167,18419686013,Authentication,166,34,-56,920,0,11,0,0,0,0,0,0,0,0
6168,18419735159,Authentication,166,34,-56,920,0,11,0,0,0,0,0,0,0,0
6169,18419784316,Authentication,166,34,-57,920,0,11,0,0,0,0,0,0,0,0
6170,18419816229,Data,287,34,-16,920,2,0,0,0,0,0,0,1,0,0
6171,18419849852,Authentication,166,34,-57,920,0,11,0,0,0,0,0,0,0,0
6172,18419855062,Authentication,166,34,-16,920,0,11,0,0,0,0,0,0,720,0
6173,18419868031,Authentication,166,34,-17,920,0,11,0,0,1,0,0,0,720,0
6174,18419874488,Authentication,166,34,-18,920,0,11,0,0,1,0,0,0,720,0
6175,18419882619,Authentication,166,34,-56,920,0,11,0,0,0,0,0,0,0,0
6176,18419948155,Authentication,166,34,-55,920,0,11,0,0,0,0,0,0,0,0
6177,18420013690,Authentication,166,34,-56,920,0,11,0,0,0,0,0,0,0,0
6178,18420056698,Authentication,166,34,-56,920,0,11,0,0,0,0,0,0,0,0
6179,18420061440,Authentication,166,34,-17,920,0,11,0,0,0,0,0,0,720,0
6180,18420066859,Authentication,166,34,-16,920,0,11,0,0,1,0,0,0,720,0
6181,18420073474,Authentication,166,34,-16,920,0,11,0,0,1,0,0,0,720,0
6182,18420080243,Authentication,166,34,-17,920,0,11,0,0,1,0,0,0,720,0
6183,18420111994,Authentication,166,34,-55,920,0,11,0,0,0,0,0,0,0,0
6184,18420162167,Authentication,166,34,-55,920,0,11,0,0,0,0,0,0,0,0
6185,18420198788,S1G Beacon,129,34,-16,920,3,1,,,,,,,0,0
6186,18420210297,Authentication,166,34,-56,920,0,11,0,0,0,0,0,0,0,0
6187,18420275833,Authentication,166,34,-56,920,0,11,0,0,0,0,0,0,0,0
6188,18420315466,Authentication,166,34,-16,920,0,11,0,0,0,0,0,0,720,0
6189,18420321873,Authentication,166,34,-16,920,0,11,0,0,1,0,0,0,720,0
6190,18420328055,Authentication,166,34,-56,920,0,11,0,0,0,0,0,0,0,0
6191,18420332797,Authentication,166,34,-17,920,0,11,0,0,1,0,0,0,720,0
6192,18420339306,Authentication,166,34,-17,920,0,11,0,0,1,0,0,0,720,0
6193,18420374137,Authentication,166,34,-55,920,0,11,0,0,0,0,0,0,0,0
6194,18420439672,Authentication,166,34,-56,920,0,11,0,0,0,0,0,0,0,0
6195,18420472440,Authentication,166,34,-56,920,0,11,0,0,0,0,0,0,0,0
6196,18420516339,Authentication,166,34,-17,920,0,11,0,0,0,0,0,0,720,0
6197,18420523005,Authentication,166,34,-18,920,0,11,0,0,1,0,0,0,720,0
6198,18420529413,Authentication,166,34,-16,920,0,11,0,0,1,0,0,0,720,0
6199,18420536078,Authentication,166,34,-16,920,0,11,0,0,1,0,0,0,720,0
6200,18420603510,Authentication,166,34,-56,920,0,11,0,0,0,0,0,0,0,0
6201,18420636278,Authentication,166,34,-57,920,0,11,0,0,0,0,0,0,0,0
6202,18420717310,Authentication,166,34,-16,920,0,11,0,0,0,0,0,0,720,0
6203,18420722470,Authentication,166,34,-17,920,0,11,0,0,1,0,0,0,720,0
6204,18420728980,Authentication,166,34,-17,920,0,11,0,0,1,0,0,0,720,0
6205,18420735647,Authentication,166,34,-16,920,0,11,0,0,1,0,0,0,720,0
6206,18420766322,Authentication,166,34,-56,920,0,11,0,0,0,0,0,0,0,0
6207,18420800118,Authentication,166,34,-56,920,0,11,0,0,0,0,0,0,0,0
6208,18420865653,Authentication,166,34,-57,920,0,11,0,0,0,0,0,0,0,0
6209,18420928739,Authentication,166,34,-17,920,0,11,0,0,0,0,0,0,720,0
6210,18420935770,Authentication,166,34,-18,920,0,11,0,0,1,0,0,0,720,0
6211,18420942385,Authentication,166,34,-18,920,0,11,0,0,1,0,0,0,720,0
6212,18420949001,Authentication,166,34,-16,920,0,11,0,0,1,0,0,0,720,0
6213,18420964981,Authentication,166,34,-56,920,0,11,0,0,0,0,0,0,0,0
6214,18421017987,S1G Beacon,61,34,-16,920,3,1,,,,,,,0,0
6215,18421029492,Authentication,166,34,-57,920,0,11,0,0,0,0,0,0,0,0
6216,18421087857,Authentication,166,34,-56,920,0,11,0,0,0,0,0,0,0,0
6217,18421127796,Authentication,166,34,-56,920,0,11,0,0,0,0,0,0,0,0
6218,18421133108,Authentication,166,34,-17,920,0,11,0,0,0,0,0,0,720,0
6220,18421145438,Authentication,166,34,-18,920,0,11,0,0,1,0,0,0,720,0
6221,18421152106,Authentication,166,34,-16,920,0,11,0,0,1,0,0,0,720,0
6222,18421158721,Authentication,166,34,-16,920,0,11,0,0,1,0,0,0,720,0
6223,18421193331,Authentication,166,34,-56,920,0,11,0,0,0,0,0,0,0,0
6224,18421241456,Authentication,166,34,-55,920,0,11,0,0,0,0,0,0,0,0
6225,18421291635,Authentication,166,34,-56,920,0,11,0,0,0,0,0,0,0,0
6226,18421333588,Authentication,166,34,-18,920,0,11,0,0,0,0,0,0,720,0
6227,18421340310,Authentication,166,34,-17,920,0,11,0,0,1,0,0,0,720,0
6228,18421347362,Authentication,166,34,-18,920,0,11,0,0,1,0,0,0,720,0
6229,18421408368,Authentication,166,34,-57,920,0,11,0,0,0,0,0,0,0,0
6230,18421455473,Authentication,166,34,-58,920,0,11,0,0,0,0,0,0,0,0
6232,18421560943,Authentication,166,34,-56,920,0,11,0,0,0,0,0,0,0,0
6233,18421588672,Authentication,166,34,-16,920,0,11,0,0,0,0,0,0,720,0
6234,18421595289,Authentication,166,34,-17,920,0,11,0,0,1,0,0,0,720,0
6235,18421601799,Authentication,166,34,-17,920,0,11,0,0,1,0,0,0,720,0
6236,18421608468,Authentication,166,34,-17,920,0,11,0,0,1,0,0,0,720,0
6237,18421619312,Authentication,166,34,-57,920,0,11,0,0,0,0,0,0,0,0
6238,18421683820,Authentication,166,34,-56,920,0,11,0,0,0,0,0,0,0,0
6239,18421726831,Authentication,166,34,-57,920,0,11,0,0,0,0,0,0,0,0
6240,18421808615,Authentication,166,34,-17,920,0,11,0,0,0,0,0,0,720,0
6241,18421815386,Authentication,166,34,-16,920,0,11,0,0,1,0,0,0,720,0
6242,18421821897,Authentication,166,34,-16,920,0,11,0,0,1,0,0,0,720,0
6243,18421827991,Authentication,166,34,-18,920,0,11,0,0,1,0,0,0,720,0
6244,18421844006,S1G Beacon,129,34,-17,920,3,1,,,,,,,0,0
6245,18421848687,Authentication,166,34,-57,920,0,11,0,0,0,0,0,0,0,0
6246,18421881454,Authentication,166,34,-56,920,0,11,0,0,0,0,0,0,0,0
6247,18421946991,Authentication,166,34,-56,920,0,11,0,0,0,0,0,0,0,0
6248,18421992044,Authentication,166,34,-57,920,0,11,0,0,0,0,0,0,0,0
6249,18422018835,Authentication,166,34,-17,920,0,11,0,0,0,0,0,0,720,0
6250,18422025297,Authentication,166,34,-16,920,0,11,0,0,1,0,0,0,720,0
6251,18422031913,Authentication,166,34,-16,920,0,11,0,0,1,0,0,0,720,0
6252,18422038634,Authentication,166,34,-17,920,0,11,0,0,1,0,0,0,720,0
6253,18422045294,Authentication,166,34,-57,920,0,11,0,0,0,0,0,0,0,0
6254,18422110829,Authentication,166,34,-56,920,0,11,0,0,0,0,0,0,0,0
6255,18422143597,Authentication,166,34,-56,920,0,11,0,0,0,0,0,0,0,0
6256,18422208661,Authentication,166,34,-16,920,0,11,0,0,0,0,0,0,720,0
6257,18422213927,Authentication,166,34,-18,920,0,11,0,0,1,0,0,0,720,0
6258,18422220333,Authentication,166,34,-18,920,0,11,0,0,1,0,0,0,720,0
6259,18422227105,Authentication,166,34,-16,920,0,11,0,0,1,0,0,0,720,0
6260,18422274668,Authentication,166,34,-56,920,0,11,0,0,0,0,0,0,0,0
6261,18422307436,Authentication,166,34,-56,920,0,11,0,0,0,0,0,0,0,0
6262,18422372971,Authentication,166,34,-55,920,0,11,0,0,0,0,0,0,0,0
6263,18422419991,Authentication,166,34,-16,920,0,11,0,0,0,0,0,0,720,0
6264,18422426555,Authentication,166,34,-16,920,0,11,0,0,1,0,0,0,720,0
6265,18422433015,Authentication,166,34,-17,920,0,11,0,0,1,0,0,0,720,0
6266,18422439682,Authentication,166,34,-18,920,0,11,0,0,1,0,0,0,720,0
6267,18422471275,Authentication,166,34,-56,920,0,11,0,0,0,0,0,0,0,0
6268,18422536811,Authentication,166,34,-55,920,0,11,0,0,0,0,0,0,0,0
6269,18422588008,Authentication,166,34,-58,920,0,11,0,0,0,0,0,0,0,0
6270,18422635114,Authentication,166,34,-57,920,0,11,0,0,0,0,0,0,0,0
6271,18422656395,S1G Beacon,61,34,-18,920,3,1,,,,,,,0,0
6272,18422698688,Authentication,166,34,-16,920,0,11,0,0,0,0,0,0,720,0
6273,18422705356,Authentication,166,34,-17,920,0,11,0,0,1,0,0,0,720,0
6274,18422711918,Authentication,166,34,-16,920,0,11,0,0,1,0,0,0,720,0
6275,18422718585,Authentication,166,34,-16,920,0,11,0,0,1,0,0,0,720,0
6276,18422739560,Authentication,166,34,-57,920,0,11,0,0,0,0,0,0,0,0
6277,18422798953,Authentication,166,34,-57,920,0,11,0,0,0,0,0,0,0,0
6278,18422840148,Data,287,34,-16,920,2,0,0,0,0,0,0,1,0,0
6279,18422853221,Authentication,166,34,-57,920,0,11,0,0,0,0,0,0,0,0
6280,18422869822,QoS Data,148,34,-15,920,2,8,1,0,0,0,0,1,720,0
6284,18422881945,QoS Data,131,34,-20,920,2,8,0,0,0,0,0,1,720,0
6286,18422897256,Authentication,166,34,-55,920,0,11,0,0,0,0,0,0,0,0
6287,18422908653,Authentication,166,34,-17,920,0,11,0,0,0,0,0,0,720,0
6288,18422915373,Authentication,166,34,-17,920,0,11,0,0,1,0,0,0,720,0
6289,18422921782,Authentication,166,34,-16,920,0,11,0,0,1,0,0,0,720,0
6290,18422928242,Authentication,166,34,-16,920,0,11,0,0,1,0,0,0,720,0
6291,18422962791,Authentication,166,34,-56,920,0,11,0,0,0,0,0,0,0,0
6292,18423003313,QoS Data,128,34,-16,920,2,8,1,0,0,0,0,1,720,0
6295,18423011942,Authentication,166,34,-56,920,0,11,0,0,0,0,0,0,0,0
6296,18423061095,Authentication,166,34,-56,920,0,11,0,0,0,0,0,0,0,0
6297,18423108711,Authentication,166,34,-17,920,0,11,0,0,0,0,0,0,720,0
6298,18423115222,Authentication,166,34,-16,920,0,11,0,0,1,0,0,0,720,0
6299,18423121732,Authentication,166,34,-16,920,0,11,0,0,1,0,0,0,720,0
6300,18423126630,Authentication,166,34,-56,920,0,11,0,0,0,0,0,0,0,0
6301,18423131323,Authentication,166,34,-16,920,0,11,0,0,1,0,0,0,720,0
6302,18423165541,Authentication,166,34,-58,920,0,11,0,0,0,0,0,0,0,0
6303,18423224934,Authentication,166,34,-56,920,0,11,0,0,0,0,0,0,0,0
6304,18423290470,Authentication,166,34,-56,920,0,11,0,0,0,0,0,0,0,0
6305,18423319028,Authentication,166,34,-17,920,0,11,0,0,0,0,0,0,720,0
6306,18423325644,Authentication,166,34,-16,920,0,11,0,0,1,0,0,0,720,0
6307,18423330405,Authentication,166,34,-56,920,0,11,0,0,0,0,0,0,0,0
6308,18423335146,Authentication,166,34,-16,920,0,11,0,0,1,0,0,0,720,0
6309,18423341919,Authentication,166,34,-16,920,0,11,0,0,1,0,0,0,720,0
6310,18423388773,Authentication,166,34,-56,920,0,11,0,0,0,0,0,0,0,0
6311,18423454308,Authentication,166,34,-56,920,0,11,0,0,0,0,0,0,0,0
6312,18423475598,S1G Beacon,129,34,-16,920,3,1,,,,,,,0,0
6313,18423528648,Authentication,166,34,-17,920,0,11,0,0,0,0,0,0,720,0
6314,18423535368,Authentication,166,34,-16,920,0,11,0,0,1,0,0,0,720,0
6315,18423541828,Authentication,166,34,-16,920,0,11,0,0,1,0,0,0,720,0
6316,18423548234,Authentication,166,34,-17,920,0,11,0,0,1,0,0,0,720,0
6317,18423552612,Authentication,166,34,-57,920,0,11,0,0,0,0,0,0,0,0
6318,18423618148,Authentication,166,34,-56,920,0,11,0,0,0,0,0,0,0,0
6319,18423659106,Authentication,166,34,-57,920,0,11,0,0,0,0,0,0,0,0
6320,18423716450,Authentication,166,34,-56,920,0,11,0,0,0,0,0,0,0,0
6321,18423735190,Authentication,166,34,-18,920,0,11,0,0,1,0,0,0,720,0
6322,18423741805,Authentication,166,34,-17,920,0,11,0,0,1,0,0,0,720,0
6323,18423748263,Authentication,166,34,-18,920,0,11,0,0,1,0,0,0,720,0
6324,18423780958,Authentication,166,34,-56,920,0,11,0,0,0,0,0,0,0,0
6325,18423840352,Authentication,166,34,-55,920,0,11,0,0,0,0,0,0,0,0
6326,18423880290,Authentication,166,34,-56,920,0,11,0,0,0,0,0,0,0,0
6327,18423945826,Authentication,166,34,-57,920,0,11,0,0,0,0,0,0,0,0
6328,18423992928,Authentication,166,34,-56,920,0,11,0,0,0,0,0,0,0,0
6329,18423998190,Authentication,166,34,-18,920,0,11,0,0,0,0,0,0,720,0
6330,18424004909,Authentication,166,34,-17,920,0,11,0,0,1,0,0,0,720,0
6331,18424011419,Authentication,166,34,-16,920,0,11,0,0,1,0,0,0,720,0
6332,18424016943,Authentication,166,34,-16,920,0,11,0,0,1,0,0,0,720,0
6333,18424044128,Authentication,166,34,-57,920,0,11,0,0,0,0,0,0,0,0
6334,18424109664,Authentication,166,34,-57,920,0,11,0,0,0,0,0,0,0,0
6335,18424143456,Authentication,166,34,-57,920,0,11,0,0,0,0,0,0,0,0
6336,18424198628,Authentication,166,34,-17,920,0,11,0,0,0,0,0,0,720,0
6337,18424205138,Authentication,166,34,-16,920,0,11,0,0,1,0,0,0,720,0
6338,18424212490,Authentication,166,34,-16,920,0,11,0,0,1,0,0,0,720,0
6339,18424219107,Authentication,166,34,-17,920,0,11,0,0,1,0,0,0,720,0
6340,18424273503,Authentication,166,34,-57,920,0,11,0,0,0,0,0,0,0,0
6341,18424294804,S1G Beacon,61,34,-17,920,3,1,,,,,,,0,0
6342,18424320605,Authentication,166,34,-57,920,0,11,0,0,0,0,0,0,0,0
6343,18424371806,Authentication,166,34,-56,920,0,11,0,0,0,0,0,0,0,0
6344,18424418645,Authentication,166,34,-16,920,0,11,0,0,0,0,0,0,720,0
6345,18424425415,Authentication,166,34,-16,920,0,11,0,0,1,0,0,0,720,0
6346,18424432187,Authentication,166,34,-16,920,0,11,0,0,1,0,0,0,720,0
6347,18424437342,Authentication,166,34,-56,920,0,11,0,0,0,0,0,0,0,0
6348,18424442085,Authentication,166,34,-16,920,0,11,0,0,1,0,0,0,720,0
6349,18424470110,Authentication,166,34,-55,920,0,11,0,0,0,0,0,0,0,0
6350,18424592986,Authentication,166,34,-56,920,0,11,0,0,0,0,0,0,0,0
6351,18424628619,Authentication,166,34,-16,920,0,11,0,0,0,0,0,0,720,0
6352,18424633949,Authentication,166,34,-56,920,0,11,0,0,0,0,0,0,0,0
6353,18424638745,Authentication,166,34,-16,920,0,11,0,0,1,0,0,0,720,0
6354,18424645411,Authentication,166,34,-16,920,0,11,0,0,1,0,0,0,720,0
6355,18424651871,Authentication,166,34,-16,920,0,11,0,0,1,0,0,0,720,0
6356,18424699485,Authentication,166,34,-56,920,0,11,0,0,0,0,0,0,0,0
6357,18424742491,Authentication,166,34,-57,920,0,11,0,0,0,0,0,0,0,0
6358,18424797788,Authentication,166,34,-56,920,0,11,0,0,0,0,0,0,0,0
6359,18424828684,Authentication,166,34,-16,920,0,11,0,0,0,0,0,0,720,0
6360,18424835298,Authentication,166,34,-17,920,0,11,0,0,1,0,0,0,720,0
6361,18424841760,Authentication,166,34,-16,920,0,11,0,0,1,0,0,0,720,0
6362,18424848533,Authentication,166,34,-16,920,0,11,0,0,1,0,0,0,720,0
6363,18424863324,Authentication,166,34,-55,920,0,11,0,0,0,0,0,0,0,0
6364,18424896091,Authentication,166,34,-55,920,0,11,0,0,0,0,0,0,0,0
6365,18424961627,Authentication,166,34,-57,920,0,11,0,0,0,0,0,0,0,0
6366,18425010777,Authentication,166,34,-55,920,0,11,0,0,0,0,0,0,0,0
6367,18425057189,Authentication,166,34,-16,920,0,11,0,0,0,0,0,0,720,0
6368,18425063699,Authentication,166,34,-18,920,0,11,0,0,1,0,0,0,720,0
6369,18425070107,Authentication,166,34,-18,920,0,11,0,0,1,0,0,0,720,0
6370,18425076722,Authentication,166,34,-18,920,0,11,0,0,1,0,0,0,720,0
6371,18425114004,S1G Beacon,129,34,-16,920,3,1,,,,,,,0,0
6372,18425125466,Authentication,166,34,-56,920,0,11,0,0,0,0,0,0,0,0
6373,18425158234,Authentication,166,34,-54,920,0,11,0,0,0,0,0,0,0,0
6374,18425223769,Authentication,166,34,-57,920,0,11,0,0,0,0,0,0,0,0
6375,18425267800,Authentication,166,34,-55,920,0,11,0,0,0,0,0,0,0,0
6376,18425272387,Authentication,166,34,-16,920,0,11,0,0,0,0,0,0,720,0
6377,18425277910,Authentication,166,34,-17,920,0,11,0,0,1,0,0,0,720,0
6378,18425284472,Authentication,166,34,-17,920,0,11,0,0,1,0,0,0,720,0
6379,18425291035,Authentication,166,34,-17,920,0,11,0,0,1,0,0,0,720,0
6380,18425322073,Authentication,166,34,-56,920,0,11,0,0,0,0,0,0,0,0
6381,18425387609,Authentication,166,34,-56,920,0,11,0,0,0,0,0,0,0,0
6382,18425431638,Authentication,166,34,-55,920,0,11,0,0,0,0,0,0,0,0
6383,18425485912,Authentication,166,34,-56,920,0,11,0,0,0,0,0,0,0,0
6384,18425490654,Authentication,166,34,-16,920,0,11,0,0,0,0,0,0,720,0
6385,18425507916,Authentication,166,34,-17,920,0,11,0,0,1,0,0,0,720,0
6386,18425514689,Authentication,166,34,-16,920,0,11,0,0,1,0,0,0,720,0
6387,18425521253,Authentication,166,34,-16,920,0,11,0,0,1,0,0,0,720,0
6388,18425551447,Authentication,166,34,-56,920,0,11,0,0,0,0,0,0,0,0
6389,18425584215,Authentication,166,34,-57,920,0,11,0,0,0,0,0,0,0,0
6390,18425600183,Data,387,34,-16,920,2,0,0,0,0,0,0,1,0,0
6391,18425649750,Authentication,166,34,-57,920,0,11,0,0,0,0,0,0,0,0
6392,18425688661,Authentication,166,34,-17,920,0,11,0,0,0,0,0,0,720,0
6393,18425693781,Authentication,166,34,-56,920,0,11,0,0,0,0,0,0,0,0
6394,18425698472,Authentication,166,34,-17,920,0,11,0,0,1,0,0,0,720,0
6395,18425703734,Authentication,166,34,-17,920,0,11,0,0,1,0,0,0,720,0
6396,18425710768,Data,450,34,-18,920,2,0,0,0,0,0,0,1,0,0
6397,18425722917,Authentication,166,34,-16,920,0,11,0,0,1,0,0,0,720,0
6398,18425748054,Authentication,166,34,-56,920,0,11,0,0,0,0,0,0,0,0
6399,18425808264,Data,442,34,-18,920,2,0,0,0,0,0,0,1,0,0
6400,18425846358,Authentication,166,34,-56,920,0,11,0,0,0,0,0,0,0,0
6401,18425864217,Data,287,34,-17,920,2,0,0,0,0,0,0,1,0,0
6402,18425886980,Authentication,166,34,-17,920,0,11,0,0,0,0,0,0,720,0
6403,18425893750,Authentication,166,34,-17,920,0,11,0,0,1,0,0,0,720,0
6404,18425900210,Authentication,166,34,-16,920,0,11,0,0,1,0,0,0,720,0
6405,18425906720,Authentication,166,34,-16,920,0,11,0,0,1,0,0,0,720,0
6406,18425911892,Authentication,166,34,-56,920,0,11,0,0,0,0,0,0,0,0
6407,18425917102,Data,387,34,-16,920,2,0,0,0,0,0,0,1,0,0
6408,18425961043,Authentication,166,34,-56,920,0,11,0,0,0,0,0,0,0,0
6409,18425965607,S1G Beacon,61,34,-18,920,3,1,,,,,,,0,0
6410,18426010196,Authentication,166,34,-56,920,0,11,0,0,0,0,0,0,0,0
6411,18426018510,Data,426,34,-16,920,2,0,0,0,0,0,0,1,0,0
6412,18426074704,Authentication,166,34,-56,920,0,11,0,0,0,0,0,0,0,0
6413,18426098674,Authentication,166,34,-16,920,0,11,0,0,0,0,0,0,720,0
6414,18426105394,Authentication,166,34,-16,920,0,11,0,0,1,0,0,0,720,0
6415,18426113049,Authentication,166,34,-17,920,0,11,0,0,1,0,0,0,720,0
6416,18426119506,Authentication,166,34,-16,920,0,11,0,0,1,0,0,0,720,0
6417,18426126536,Data,458,34,-16,920,2,0,0,0,0,0,0,1,0,0
6418,18426174036,Authentication,166,34,-56,920,0,11,0,0,0,0,0,0,0,0
6419,18426223185,Authentication,166,34,-56,920,0,11,0,0,0,0,0,0,0,0
6420,18426228397,Data,387,34,-16,920,2,0,0,0,0,0,0,1,0,0
6421,18426272339,Authentication,166,34,-55,920,0,11,0,0,0,0,0,0,0,0
6422,18426328136,Data,446,34,-16,920,2,0,0,0,0,0,0,1,0,0
6423,18426370642,Authentication,166,34,-56,920,0,11,0,0,0,0,0,0,0,0
6424,18426388642,Authentication,166,34,-17,920,0,11,0,0,0,0,0,0,720,0
6425,18426395154,Authentication,166,34,-17,920,0,11,0,0,1,0,0,0,720,0
6426,18426401612,Authentication,166,34,-17,920,0,11,0,0,1,0,0,0,720,0
6427,18426408175,Authentication,166,34,-18,920,0,11,0,0,1,0,0,0,720,0
6428,18426432261,Data,440,34,-16,920,2,0,0,0,0,0,0,1,0,0
6429,18426498638,Authentication,166,34,-55,920,0,11,0,0,0,0,0,0,0,0
6430,18426534481,Authentication,166,34,-56,920,0,11,0,0,0,0,0,0,0,0
6431,18426539692,Data,387,34,-17,920,2,0,0,0,0,0,0,1,0,0
6432,18426600016,Authentication,166,34,-56,920,0,11,0,0,0,0,0,0,0,0
6433,18426604653,Authentication,166,34,-17,920,0,11,0,0,0,0,0,0,720,0
6434,18426611424,Authentication,166,34,-18,920,0,11,0,0,1,0,0,0,720,0
6435,18426618193,Authentication,166,34,-18,920,0,11,0,0,1,0,0,0,720,0
6436,18426624808,Authentication,166,34,-16,920,0,11,0,0,1,0,0,0,720,0
6437,18426635856,Authentication,166,34,-57,920,0,11,0,0,0,0,0,0,0,0
6438,18426641067,Data,442,34,-17,920,2,0,0,0,0,0,0,1,0,0
6439,18426698320,Authentication,166,34,-57,920,0,11,0,0,0,0,0,0,0,0
6440,18426752412,S1G Beacon,129,34,-17,920,3,1,,,,,,,0,0
6441,18426756624,Data,452,34,-18,920,2,0,0,0,0,0,0,1,0,0
6442,18426796623,Authentication,166,34,-56,920,0,11,0,0,0,0,0,0,0,0
6443,18426849049,Authentication,166,34,-17,920,0,11,0,0,0,0,0,0,720,0
6444,18426855612,Authentication,166,34,-16,920,0,11,0,0,1,0,0,0,720,0
6445,18426862017,Authentication,166,34,-16,920,0,11,0,0,1,0,0,0,720,0
6446,18426868426,Authentication,166,34,-16,920,0,11,0,0,1,0,0,0,720,0
6447,18426900045,Authentication,166,34,-57,920,0,11,0,0,0,0,0,0,0,0
6448,18426960462,Authentication,166,34,-55,920,0,11,0,0,0,0,0,0,0,0
6449,18427025997,Authentication,166,34,-56,920,0,11,0,0,0,0,0,0,0,0
6450,18427038644,Authentication,166,34,-17,920,0,11,0,0,0,0,0,0,720,0
6451,18427045156,Authentication,166,34,-17,920,0,11,0,0,1,0,0,0,720,0
6452,18427051876,Authentication,166,34,-17,920,0,11,0,0,1,0,0,0,720,0
6453,18427058647,Authentication,166,34,-17,920,0,11,0,0,1,0,0,0,720,0
6454,18427124302,Authentication,166,34,-56,920,0,11,0,0,0,0,0,0,0,0
6455,18427189836,Authentication,166,34,-56,920,0,11,0,0,0,0,0,0,0,0
6456,18427214547,Authentication,166,34,-17,920,0,11,0,0,0,0,0,0,720,0
6457,18427221007,Authentication,166,34,-16,920,0,11,0,0,1,0,0,0,720,0
6458,18427228246,Authentication,166,34,-17,920,0,11,0,0,1,0,0,0,720,0
6459,18427234860,Authentication,166,34,-16,920,0,11,0,0,1,0,0,0,720,0
6460,18427288140,Authentication,166,34,-56,920,0,11,0,0,0,0,0,0,0,0
6461,18427341385,Authentication,166,34,-56,920,0,11,0,0,0,0,0,0,0,0
6462,18427386444,Authentication,166,34,-55,920,0,11,0,0,0,0,0,0,0,0
6463,18427438631,Authentication,166,34,-17,920,0,11,0,0,0,0,0,0,720,0
6464,18427445036,Authentication,166,34,-17,920,0,11,0,0,1,0,0,0,720,0
6465,18427451445,Authentication,166,34,-16,920,0,11,0,0,1,0,0,0,720,0
6466,18427457956,Authentication,166,34,-16,920,0,11,0,0,1,0,0,0,720,0
6467,18427484747,Authentication,166,34,-56,920,0,11,0,0,0,0,0,0,0,0
6468,18427550282,Authentication,166,34,-56,920,0,11,0,0,0,0,0,0,0,0
6469,18427571614,S1G Beacon,61,34,-17,920,3,1,,,,,,,0,0
6470,18427608647,Authentication,166,34,-56,920,0,11,0,0,0,0,0,0,0,0
6471,18427648586,Authentication,166,34,-56,920,0,11,0,0,0,0,0,0,0,0
6472,18427658735,Authentication,166,34,-17,920,0,11,0,0,0,0,0,0,720,0
6473,18427665353,Authentication,166,34,-16,920,0,11,0,0,1,0,0,0,720,0
6474,18427678062,Authentication,166,34,-18,920,0,11,0,0,1,0,0,0,720,0
6475,18427714121,Authentication,166,34,-57,920,0,11,0,0,0,0,0,0,0,0
6476,18427757128,Authentication,166,34,-56,920,0,11,0,0,0,0,0,0,0,0
6477,18427812424,Authentication,166,34,-56,920,0,11,0,0,0,0,0,0,0,0
6478,18427858665,Authentication,166,34,-17,920,0,11,0,0,0,0,0,0,720,0
6479,18427865176,Authentication,166,34,-16,920,0,11,0,0,1,0,0,0,720,0
6480,18427871742,Authentication,166,34,-16,920,0,11,0,0,1,0,0,0,720,0
6481,18427877961,Authentication,166,34,-56,920,0,11,0,0,0,0,0,0,0,0
6482,18427882909,Authentication,166,34,-17,920,0,11,0,0,1,0,0,0,720,0
6483,18427894538,QoS Data,148,34,-15,920,2,8,1,0,0,0,0,1,720,0
6488,18427918918,Authentication,166,34,-56,920,0,11,0,0,0,0,0,0,0,0
6489,18428003625,QoS Data,128,34,-16,920,2,8,1,0,0,0,0,1,720,0
6492,18428041799,Authentication,166,34,-56,920,0,11,0,0,0,0,0,0,0,0
6493,18428074567,Authentication,166,34,-57,920,0,11,0,0,0,0,0,0,0,0
6494,18428079413,Authentication,166,34,-18,920,0,11,0,0,0,0,0,0,720,0
6495,18428085820,Authentication,166,34,-18,920,0,11,0,0,1,0,0,0,720,0
6496,18428092488,Authentication,166,34,-17,920,0,11,0,0,1,0,0,0,720,0
6497,18428098947,Authentication,166,34,-16,920,0,11,0,0,1,0,0,0,720,0
6498,18428140103,Authentication,166,34,-57,920,0,11,0,0,0,0,0,0,0,0
6499,18428205638,Authentication,166,34,-57,920,0,11,0,0,0,0,0,0,0,0
6500,18428247621,Authentication,166,34,-57,920,0,11,0,0,0,0,0,0,0,0
6501,18428288872,Authentication,166,34,-17,920,0,11,0,0,0,0,0,0,720,0
6502,18428295435,Authentication,166,34,-17,920,0,11,0,0,1,0,0,0,720,0
6503,18428301632,Authentication,166,34,-18,920,0,11,0,0,1,0,0,0,720,0
6504,18428308457,Authentication,166,34,-18,920,0,11,0,0,1,0,0,0,720,0
6505,18428369477,Authentication,166,34,-56,920,0,11,0,0,0,0,0,0,0,0
6506,18428390820,S1G Beacon,129,34,-16,920,3,1,,,,,,,0,0
6507,18428406341,Authentication,166,34,-56,920,0,11,0,0,0,0,0,0,0,0
6508,18428467781,Authentication,166,34,-55,920,0,11,0,0,0,0,0,0,0,0
6509,18428488537,Authentication,166,34,-16,920,0,11,0,0,0,0,0,0,720,0
6510,18428495152,Authentication,166,34,-18,920,0,11,0,0,1,0,0,0,720,0
6511,18428501715,Authentication,166,34,-17,920,0,11,0,0,1,0,0,0,720,0
6512,18428508329,Authentication,166,34,-16,920,0,11,0,0,1,0,0,0,720,0
6513,18428533316,Authentication,166,34,-54,920,0,11,0,0,0,0,0,0,0,0
6514,18428566084,Authentication,166,34,-56,920,0,11,0,0,0,0,0,0,0,0
6515,18428631619,Authentication,166,34,-57,920,0,11,0,0,0,0,0,0,0,0
6516,18428687936,Authentication,166,34,-56,920,0,11,0,0,0,0,0,0,0,0
6517,18428729922,Authentication,166,34,-56,920,0,11,0,0,0,0,0,0,0,0
6518,18428748659,Authentication,166,34,-17,920,0,11,0,0,0,0,0,0,720,0
6519,18428755379,Authentication,166,34,-17,920,0,11,0,0,1,0,0,0,720,0
6520,18428762099,Authentication,166,34,-16,920,0,11,0,0,1,0,0,0,720,0
6521,18428768872,Authentication,166,34,-17,920,0,11,0,0,1,0,0,0,720,0
6522,18428795458,Authentication,166,34,-57,920,0,11,0,0,0,0,0,0,0,0
6523,18428849728,Authentication,166,34,-57,920,0,11,0,0,0,0,0,0,0,0
6524,18428888240,Data,287,34,-16,920,2,0,0,0,0,0,0,1,0,0
6525,18428963771,Authentication,166,34,-19,920,0,11,0,0,1,0,0,0,720,0
6526,18428970388,Authentication,166,34,-18,920,0,11,0,0,1,0,0,0,720,0
6527,18428976952,Authentication,166,34,-18,920,0,11,0,0,1,0,0,0,720,0
6528,18429002304,Authentication,166,34,-55,920,0,11,0,0,0,0,0,0,0,0
6529,18429057601,Authentication,166,34,-57,920,0,11,0,0,0,0,0,0,0,0
6530,18429123136,Authentication,166,34,-56,920,0,11,0,0,0,0,0,0,0,0
6531,18429158611,Authentication,166,34,-17,920,0,11,0,0,0,0,0,0,720,0
6532,18429165225,Authentication,166,34,-16,920,0,11,0,0,1,0,0,0,720,0
6533,18429173815,Authentication,166,34,-18,920,0,11,0,0,1,0,0,0,720,0
6534,18429180431,Authentication,166,34,-16,920,0,11,0,0,1,0,0,0,720,0
6535,18429210020,S1G Beacon,61,34,-17,920,3,1,,,,,,,0,0
6536,18429221439,Authentication,166,34,-56,920,0,11,0,0,0,0,0,0,0,0
6537,18429286975,Authentication,166,34,-55,920,0,11,0,0,0,0,0,0,0,0
6538,18429338685,Authentication,166,34,-56,920,0,11,0,0,0,0,0,0,0,0
6539,18429358613,Authentication,166,34,-17,920,0,11,0,0,0,0,0,0,720,0
6540,18429365072,Authentication,166,34,-18,920,0,11,0,0,1,0,0,0,720,0
6541,18429371531,Authentication,166,34,-16,920,0,11,0,0,1,0,0,0,720,0
6542,18429378145,Authentication,166,34,-17,920,0,11,0,0,1,0,0,0,720,0
6543,18429385279,Authentication,166,34,-56,920,0,11,0,0,0,0,0,0,0,0
6544,18429450815,Authentication,166,34,-55,920,0,11,0,0,0,0,0,0,0,0
6545,18429489725,Authentication,166,34,-56,920,0,11,0,0,0,0,0,0,0,0
6546,18429549118,Authentication,166,34,-55,920,0,11,0,0,0,0,0,0,0,0
6547,18429562075,Authentication,166,34,-17,920,0,11,0,0,0,0,0,0,720,0
6548,18429567232,Authentication,166,34,-18,920,0,11,0,0,1,0,0,0,720,0
6549,18429573953,Authentication,166,34,-17,920,0,11,0,0,1,0,0,0,720,0
6550,18429580515,Authentication,166,34,-18,920,0,11,0,0,1,0,0,0,720,0
6551,18429614653,Authentication,166,34,-58,920,0,11,0,0,0,0,0,0,0,0
6552,18429660731,Authentication,166,34,-58,920,0,11,0,0,0,0,0,0,0,0
6553,18429712957,Authentication,166,34,-57,920,0,11,0,0,0,0,0,0,0,0
6554,18429778493,Authentication,166,34,-54,920,0,11,0,0,0,0,0,0,0,0
6555,18429783079,Authentication,166,34,-18,920,0,11,0,0,0,0,0,0,720,0
6556,18429789643,Authentication,166,34,-16,920,0,11,0,0,1,0,0,0,720,0
6557,18429796104,Authentication,166,34,-18,920,0,11,0,0,1,0,0,0,720,0
6558,18429802774,Authentication,166,34,-17,920,0,11,0,0,1,0,0,0,720,0
6559,18429811260,Authentication,166,34,-57,920,0,11,0,0,0,0,0,0,0,0
6560,18429876795,Authentication,166,34,-56,920,0,11,0,0,0,0,0,0,0,0
6561,18429931064,Authentication,166,34,-57,920,0,11,0,0,0,0,0,0,0,0
6562,18429975098,Authentication,166,34,-56,920,0,11,0,0,0,0,0,0,0,0
6563,18430029226,S1G Beacon,129,34,-16,920,3,1,,,,,,,0,0
6564,18430040634,Authentication,166,34,-56,920,0,11,0,0,0,0,0,0,0,0
6565,18430058591,Authentication,166,34,-17,920,0,11,0,0,0,0,0,0,720,0
6566,18430065103,Authentication,166,34,-17,920,0,11,0,0,1,0,0,0,720,0
6567,18430071873,Authentication,166,34,-16,920,0,11,0,0,1,0,0,0,720,0
6568,18430078438,Authentication,166,34,-18,920,0,11,0,0,1,0,0,0,720,0
6569,18430086713,Authentication,166,34,-56,920,0,11,0,0,0,0,0,0,0,0
6570,18430138938,Authentication,166,34,-56,920,0,11,0,0,0,0,0,0,0,0
6571,18430204473,Authentication,166,34,-56,920,0,11,0,0,0,0,0,0,0,0
6572,18430255671,Authentication,166,34,-57,920,0,11,0,0,0,0,0,0,0,0
6573,18430260257,Authentication,166,34,-16,920,0,11,0,0,0,0,0,0,720,0
6574,18430266871,Authentication,166,34,-17,920,0,11,0,0,1,0,0,0,720,0
6575,18430273537,Authentication,166,34,-16,920,0,11,0,0,1,0,0,0,720,0
6576,18430280101,Authentication,166,34,-16,920,0,11,0,0,1,0,0,0,720,0
6577,18430368313,Authentication,166,34,-56,920,0,11,0,0,0,0,0,0,0,0
6578,18430401080,Authentication,166,34,-57,920,0,11,0,0,0,0,0,0,0,0
6579,18430458596,Authentication,166,34,-16,920,0,11,0,0,0,0,0,0,720,0
6580,18430465055,Authentication,166,34,-16,920,0,11,0,0,1,0,0,0,720,0
6581,18430471514,Authentication,166,34,-17,920,0,11,0,0,1,0,0,0,720,0
6582,18430477921,Authentication,166,34,-18,920,0,11,0,0,1,0,0,0,720,0
6583,18430523445,Authentication,166,34,-56,920,0,11,0,0,0,0,0,0,0,0
6584,18430564919,Authentication,166,34,-57,920,0,11,0,0,0,0,0,0,0,0
6585,18430630454,Authentication,166,34,-57,920,0,11,0,0,0,0,0,0,0,0
6586,18430663223,Authentication,166,34,-56,920,0,11,0,0,0,0,0,0,0,0
6587,18430678987,Authentication,166,34,-17,920,0,11,0,0,0,0,0,0,720,0
6588,18430685394,Authentication,166,34,-16,920,0,11,0,0,1,0,0,0,720,0
6589,18430692321,Authentication,166,34,-17,920,0,11,0,0,1,0,0,0,720,0
6590,18430698987,Authentication,166,34,-16,920,0,11,0,0,1,0,0,0,720,0
6591,18430728758,Authentication,166,34,-56,920,0,11,0,0,0,0,0,0,0,0
6592,18430794293,Authentication,166,34,-55,920,0,11,0,0,0,0,0,0,0,0
6593,18430827061,Authentication,166,34,-57,920,0,11,0,0,0,0,0,0,0,0
6594,18430848428,S1G Beacon,61,34,-17,920,3,1,,,,,,,0,0
6595,18430888642,Authentication,166,34,-18,920,0,11,0,0,0,0,0,0,720,0
6596,18430897183,Authentication,166,34,-17,920,0,11,0,0,1,0,0,0,720,0
6597,18430903591,Authentication,166,34,-16,920,0,11,0,0,1,0,0,0,720,0
6598,18430910102,Authentication,166,34,-17,920,0,11,0,0,1,0,0,0,720,0
6599,18430957616,Authentication,166,34,-56,920,0,11,0,0,0,0,0,0,0,0
6600,18430990900,Authentication,166,34,-56,920,0,11,0,0,0,0,0,0,0,0
6601,18431056436,Authentication,166,34,-57,920,0,11,0,0,0,0,0,0,0,0
6602,18431088666,Authentication,166,34,-16,920,0,11,0,0,0,0,0,0,720,0
6603,18431095385,Authentication,166,34,-17,920,0,11,0,0,1,0,0,0,720,0
6604,18431102157,Authentication,166,34,-16,920,0,11,0,0,1,0,0,0,720,0
6605,18431108924,Authentication,166,34,-17,920,0,11,0,0,1,0,0,0,720,0
6606,18431117871,Authentication,166,34,-56,920,0,11,0,0,0,0,0,0,0,0
6607,18431154739,Authentication,166,34,-55,920,0,11,0,0,0,0,0,0,0,0
6608,18431220275,Authentication,166,34,-55,920,0,11,0,0,0,0,0,0,0,0
6609,18431279663,Authentication,166,34,-56,920,0,11,0,0,0,0,0,0,0,0
6610,18431308636,Authentication,166,34,-17,920,0,11,0,0,0,0,0,0,720,0
6611,18431315043,Authentication,166,34,-18,920,0,11,0,0,1,0,0,0,720,0
6612,18431323113,Authentication,166,34,-18,920,0,11,0,0,1,0,0,0,720,0
6613,18431329886,Authentication,166,34,-16,920,0,11,0,0,1,0,0,0,720,0
6614,18431384114,Authentication,166,34,-56,920,0,11,0,0,0,0,0,0,0,0
6615,18431433263,Authentication,166,34,-56,920,0,11,0,0,0,0,0,0,0,0
6616,18431486513,Authentication,166,34,-55,920,0,11,0,0,0,0,0,0,0,0
6617,18431528593,Authentication,166,34,-16,920,0,11,0,0,0,0,0,0,720,0
6618,18431535367,Authentication,166,34,-16,920,0,11,0,0,1,0,0,0,720,0
6619,18431541773,Authentication,166,34,-16,920,0,11,0,0,1,0,0,0,720,0
6620,18431547952,Authentication,166,34,-57,920,0,11,0,0,0,0,0,0,0,0
6621,18431552538,Authentication,166,34,-16,920,0,11,0,0,1,0,0,0,720,0
6622,18431605294,Authentication,166,34,-56,920,0,11,0,0,0,0,0,0,0,0
6623,18431646256,Authentication,166,34,-58,920,0,11,0,0,0,0,0,0,0,0
6624,18431667630,S1G Beacon,129,34,-17,920,3,1,,,,,,,0,0
6625,18431711791,Authentication,166,34,-55,920,0,11,0,0,0,0,0,0,0,0
6626,18431728588,Authentication,166,34,-17,920,0,11,0,0,0,0,0,0,720,0
6627,18431735048,Authentication,166,34,-16,920,0,11,0,0,1,0,0,0,720,0
6628,18431741715,Authentication,166,34,-18,920,0,11,0,0,1,0,0,0,720,0
6629,18431748433,Authentication,166,34,-17,920,0,11,0,0,1,0,0,0,720,0
6630,18431758894,Authentication,166,34,-56,920,0,11,0,0,0,0,0,0,0,0
6631,18431810095,Authentication,166,34,-56,920,0,11,0,0,0,0,0,0,0,0
6632,18431875631,Authentication,166,34,-55,920,0,11,0,0,0,0,0,0,0,0
6633,18431908398,Authentication,166,34,-56,920,0,11,0,0,0,0,0,0,0,0
6634,18431913607,Data,287,34,-16,920,2,0,0,0,0,0,0,1,0,0
6635,18431921811,Authentication,166,34,-17,920,0,11,0,0,0,0,0,0,720,0
6636,18431928478,Authentication,166,34,-16,920,0,11,0,0,1,0,0,0,720,0
6637,18431935197,Authentication,166,34,-16,920,0,11,0,0,1,0,0,0,720,0
6638,18431941607,Authentication,166,34,-16,920,0,11,0,0,1,0,0,0,720,0
6639,18431973934,Authentication,166,34,-57,920,0,11,0,0,0,0,0,0,0,0
6640,18432025131,Authentication,166,34,-56,920,0,11,0,0,0,0,0,0,0,0
6641,18432072237,Authentication,166,34,-56,920,0,11,0,0,0,0,0,0,0,0
6642,18432137773,Authentication,166,34,-56,920,0,11,0,0,0,0,0,0,0,0
6643,18432142359,Authentication,166,34,-16,920,0,11,0,0,0,0,0,0,720,0
6644,18432155744,Authentication,166,34,-18,920,0,11,0,0,1,0,0,0,720,0
6645,18432162307,Authentication,166,34,-16,920,0,11,0,0,1,0,0,0,720,0
6646,18432179756,Authentication,166,34,-57,920,0,11,0,0,0,0,0,0,0,0
6647,18432236076,Authentication,166,34,-56,920,0,11,0,0,0,0,0,0,0,0
6648,18432294441,Authentication,166,34,-55,920,0,11,0,0,0,0,0,0,0,0
6649,18432334379,Authentication,166,34,-55,920,0,11,0,0,0,0,0,0,0,0
6650,18432399915,Authentication,166,34,-56,920,0,11,0,0,0,0,0,0,0,0
6651,18432404709,Authentication,166,34,-16,920,0,11,0,0,0,0,0,0,720,0
6652,18432411220,Authentication,166,34,-18,920,0,11,0,0,1,0,0,0,720,0
6653,18432417782,Authentication,166,34,-17,920,0,11,0,0,1,0,0,0,720,0
6654,18432424346,Authentication,166,34,-16,920,0,11,0,0,1,0,0,0,720,0
6655,18432443945,Authentication,166,34,-56,920,0,11,0,0,0,0,0,0,0,0
6656,18432486833,S1G Beacon,61,34,-17,920,3,1,,,,,,,0,0
6657,18432498219,Authentication,166,34,-56,920,0,11,0,0,0,0,0,0,0,0
6658,18432563754,Authentication,166,34,-57,920,0,11,0,0,0,0,0,0,0,0
6659,18432596522,Authentication,166,34,-56,920,0,11,0,0,0,0,0,0,0,0
6660,18432601786,Authentication,166,34,-17,920,0,11,0,0,0,0,0,0,720,0
6661,18432608297,Authentication,166,34,-16,920,0,11,0,0,1,0,0,0,720,0
6662,18432614811,Authentication,166,34,-17,920,0,11,0,0,1,0,0,0,720,0
6663,18432621219,Authentication,166,34,-18,920,0,11,0,0,1,0,0,0,720,0
6664,18432662058,Authentication,166,34,-56,920,0,11,0,0,0,0,0,0,0,0
6665,18432705064,Authentication,166,34,-56,920,0,11,0,0,0,0,0,0,0,0
6666,18432760361,Authentication,166,34,-55,920,0,11,0,0,0,0,0,0,0,0
6667,18432808953,Authentication,166,34,-17,920,0,11,0,0,0,0,0,0,720,0
6668,18432821973,Authentication,166,34,-18,920,0,11,0,0,1,0,0,0,720,0
6669,18432830408,Authentication,166,34,-17,920,0,11,0,0,1,0,0,0,720,0
6670,18432865832,Authentication,166,34,-56,920,0,11,0,0,0,0,0,0,0,0
6671,18432917687,QoS Data,148,34,-16,920,2,8,1,0,0,0,0,1,720,0
6674,18432924199,Authentication,166,34,-56,920,0,11,0,0,0,0,0,0,0,0
6678,18432989736,Authentication,166,34,-56,920,0,11,0,0,0,0,0,0,0,0
6679,18433003528,QoS Data,128,34,-15,920,2,8,1,0,0,0,0,1,720,0
6682,18433018612,Authentication,166,34,-17,920,0,11,0,0,0,0,0,0,720,0
6683,18433025334,Authentication,166,34,-16,920,0,11,0,0,1,0,0,0,720,0
6684,18433033248,Authentication,166,34,-18,920,0,11,0,0,1,0,0,0,720,0
6685,18433040018,Authentication,166,34,-17,920,0,11,0,0,1,0,0,0,720,0
6686,18433088039,Authentication,166,34,-57,920,0,11,0,0,0,0,0,0,0,0
6687,18433153574,Authentication,166,34,-55,920,0,11,0,0,0,0,0,0,0,0
6688,18433186342,Authentication,166,34,-57,920,0,11,0,0,0,0,0,0,0,0
6689,18433228602,Authentication,166,34,-16,920,0,11,0,0,0,0,0,0,720,0
6690,18433234074,Authentication,166,34,-16,920,0,11,0,0,1,0,0,0,720,0
6691,18433240847,Authentication,166,34,-17,920,0,11,0,0,1,0,0,0,720,0
6692,18433247305,Authentication,166,34,-17,920,0,11,0,0,1,0,0,0,720,0
6693,18433251877,Authentication,166,34,-55,920,0,11,0,0,0,0,0,0,0,0
6694,18433303075,Authentication,166,34,-57,920,0,11,0,0,0,0,0,0,0,0
6695,18433308013,S1G Beacon,129,34,-14,920,3,1,,,,,,,0,0
6696,18433314751,RTS,54,34,-17,920,1,11,,,,0,0,0,2308,0
6699,18433350181,Authentication,166,34,-56,920,0,11,0,0,0,0,0,0,0,0
6700,18433415717,Authentication,166,34,-56,920,0,11,0,0,0,0,0,0,0,0
6701,18433428647,Authentication,166,34,-16,920,0,11,0,0,0,0,0,0,720,0
6702,18433435209,Authentication,166,34,-17,920,0,11,0,0,1,0,0,0,720,0
6703,18433441616,Authentication,166,34,-16,920,0,11,0,0,1,0,0,0,720,0
6704,18433448075,Authentication,166,34,-17,920,0,11,0,0,1,0,0,0,720,0
6705,18433459747,Authentication,166,34,-56,920,0,11,0,0,0,0,0,0,0,0
6706,18433514020,Authentication,166,34,-57,920,0,11,0,0,0,0,0,0,0,0
6707,18433579556,Authentication,166,34,-56,920,0,11,0,0,0,0,0,0,0,0
6708,18433612323,Authentication,166,34,-57,920,0,11,0,0,0,0,0,0,0,0
6709,18433677811,Authentication,166,34,-17,920,0,11,0,0,0,0,0,0,720,0
6710,18433684530,Authentication,166,34,-18,920,0,11,0,0,1,0,0,0,720,0
6711,18433691354,Authentication,166,34,-17,920,0,11,0,0,1,0,0,0,720,0
6712,18433697864,Authentication,166,34,-17,920,0,11,0,0,1,0,0,0,720,0
6713,18433743394,Authentication,166,34,-57,920,0,11,0,0,0,0,0,0,0,0
6714,18433776162,Authentication,166,34,-57,920,0,11,0,0,0,0,0,0,0,0
6715,18433841698,Authentication,166,34,-56,920,0,11,0,0,0,0,0,0,0,0
6716,18433888506,Authentication,166,34,-16,920,0,11,0,0,0,0,0,0,720,0
6717,18433894396,Authentication,166,34,-17,920,0,11,0,0,1,0,0,0,720,0
6718,18433899451,Authentication,166,34,-17,920,0,11,0,0,1,0,0,0,720,0
6719,18433906116,Authentication,166,34,-17,920,0,11,0,0,1,0,0,0,720,0
6720,18433940001,Authentication,166,34,-57,920,0,11,0,0,0,0,0,0,0,0
6721,18434005537,Authentication,166,34,-57,920,0,11,0,0,0,0,0,0,0,0
6722,18434054686,Authentication,166,34,-56,920,0,11,0,0,0,0,0,0,0,0
6723,18434098584,Authentication,166,34,-17,920,0,11,0,0,0,0,0,0,720,0
6724,18434108685,Authentication,166,34,-17,920,0,11,0,0,1,0,0,0,720,0
6725,18434115457,Authentication,166,34,-16,920,0,11,0,0,1,0,0,0,720,0
6726,18434125241,S1G Beacon,61,34,-16,920,3,1,,,,,,,0,0
6727,18434127030,Authentication,166,34,-16,920,0,11,0,0,1,0,0,0,720,0
6728,18434169376,Authentication,166,34,-57,920,0,11,0,0,0,0,0,0,0,0
6729,18434213406,Authentication,166,34,-55,920,0,11,0,0,0,0,0,0,0,0
6730,18434267680,Authentication,166,34,-56,920,0,11,0,0,0,0,0,0,0,0
6731,18434298629,Authentication,166,34,-17,920,0,11,0,0,0,0,0,0,720,0
6732,18434305142,Authentication,166,34,-19,920,0,11,0,0,1,0,0,0,720,0
6733,18434311705,Authentication,166,34,-17,920,0,11,0,0,1,0,0,0,720,0
6734,18434318371,Authentication,166,34,-18,920,0,11,0,0,1,0,0,0,720,0
6735,18434333214,Authentication,166,34,-57,920,0,11,0,0,0,0,0,0,0,0
6736,18434365982,Authentication,166,34,-57,920,0,11,0,0,0,0,0,0,0,0
6737,18434431518,Authentication,166,34,-56,920,0,11,0,0,0,0,0,0,0,0
6738,18434497054,Authentication,166,34,-56,920,0,11,0,0,0,0,0,0,0,0
6739,18434501795,Authentication,166,34,-18,920,0,11,0,0,0,0,0,0,720,0
6740,18434508412,Authentication,166,34,-18,920,0,11,0,0,1,0,0,0,720,0
6741,18434514976,Authentication,166,34,-18,920,0,11,0,0,1,0,0,0,720,0
6742,18434521593,Authentication,166,34,-19,920,0,11,0,0,1,0,0,0,720,0
6743,18434595358,Authentication,166,34,-56,920,0,11,0,0,0,0,0,0,0,0
6744,18434655257,Authentication,166,34,-56,920,0,11,0,0,0,0,0,0,0,0
6745,18434693661,Authentication,166,34,-56,920,0,11,0,0,0,0,0,0,0,0
6746,18434759196,Authentication,166,34,-57,920,0,11,0,0,0,0,0,0,0,0
6747,18434764483,Authentication,166,34,-18,920,0,11,0,0,0,0,0,0,720,0
6748,18434771149,Authentication,166,34,-17,920,0,11,0,0,1,0,0,0,720,0
6749,18434777609,Authentication,166,34,-18,920,0,11,0,0,1,0,0,0,720,0
6750,18434784227,Authentication,166,34,-17,920,0,11,0,0,1,0,0,0,720,0
6751,18434796060,Authentication,166,34,-56,920,0,11,0,0,0,0,0,0,0,0
6752,18434857500,Authentication,166,34,-56,920,0,11,0,0,0,0,0,0,0,0
6753,18434923035,Authentication,166,34,-56,920,0,11,0,0,0,0,0,0,0,0
6754,18434944446,S1G Beacon,129,34,-18,920,3,1,,,,,,,0,0
6755,18434948659,Data,287,34,-17,920,2,0,0,0,0,0,0,1,0,0
6756,18434968548,Authentication,166,34,-19,920,0,11,0,0,0,0,0,0,720,0
6757,18434975114,Authentication,166,34,-18,920,0,11,0,0,1,0,0,0,720,0
6758,18434981730,Authentication,166,34,-19,920,0,11,0,0,1,0,0,0,720,0
6759,18434988292,Authentication,166,34,-18,920,0,11,0,0,1,0,0,0,720,0
6760,18435021339,Authentication,166,34,-56,920,0,11,0,0,0,0,0,0,0,0
6761,18435081751,Authentication,166,34,-57,920,0,11,0,0,0,0,0,0,0,0
6762,18435119641,Authentication,166,34,-56,920,0,11,0,0,0,0,0,0,0,0
6763,18435168634,Authentication,166,34,-19,920,0,11,0,0,0,0,0,0,720,0
6764,18435174938,Authentication,166,34,-18,920,0,11,0,0,1,0,0,0,720,0
6765,18435181448,Authentication,166,34,-19,920,0,11,0,0,1,0,0,0,720,0
6766,18435189781,Authentication,166,34,-20,920,0,11,0,0,1,0,0,0,720,0
6767,18435234327,Authentication,166,34,-56,920,0,11,0,0,0,0,0,0,0,0
6768,18435283481,Authentication,166,34,-56,920,0,11,0,0,0,0,0,0,0,0
6769,18435349017,Authentication,166,34,-56,920,0,11,0,0,0,0,0,0,0,0
6770,18435381784,Authentication,166,34,-57,920,0,11,0,0,0,0,0,0,0,0
6771,18435386994,Authentication,166,34,-18,920,0,11,0,0,0,0,0,0,720,0
6772,18435393767,Authentication,166,34,-17,920,0,11,0,0,1,0,0,0,720,0
6773,18435400279,Authentication,166,34,-18,920,0,11,0,0,1,0,0,0,720,0
6774,18435406688,Authentication,166,34,-19,920,0,11,0,0,1,0,0,0,720,0
6775,18435447319,Authentication,166,34,-56,920,0,11,0,0,0,0,0,0,0,0
6776,18435501590,Authentication,166,34,-55,920,0,11,0,0,0,0,0,0,0,0
6777,18435545623,Authentication,166,34,-57,920,0,11,0,0,0,0,0,0,0,0
6778,18435598582,Authentication,166,34,-18,920,0,11,0,0,0,0,0,0,720,0
6779,18435605042,Authentication,166,34,-19,920,0,11,0,0,1,0,0,0,720,0
6780,18435611159,Authentication,166,34,-56,920,0,11,0,0,0,0,0,0,0,0
6781,18435615759,Authentication,166,34,-18,920,0,11,0,0,1,0,0,0,720,0
6782,18435622321,Authentication,166,34,-17,920,0,11,0,0,1,0,0,0,720,0
6783,18435643926,Authentication,166,34,-56,920,0,11,0,0,0,0,0,0,0,0
6784,18435709462,Authentication,166,34,-56,920,0,11,0,0,0,0,0,0,0,0
6785,18435763646,S1G Beacon,61,34,-18,920,3,1,,,,,,,0,0
6786,18435768851,Authentication,166,34,-55,920,0,11,0,0,0,0,0,0,0,0
6787,18435790285,Authentication,166,34,-18,920,0,11,0,0,0,0,0,0,720,0
6788,18435796795,Authentication,166,34,-19,920,0,11,0,0,1,0,0,0,720,0
6789,18435803305,Authentication,166,34,-18,920,0,11,0,0,1,0,0,0,720,0
6790,18435807765,Authentication,166,34,-56,920,0,11,0,0,0,0,0,0,0,0
6791,18435812351,Authentication,166,34,-18,920,0,11,0,0,1,0,0,0,720,0
6792,18435873301,Authentication,166,34,-57,920,0,11,0,0,0,0,0,0,0,0
6793,18435923475,Authentication,166,34,-55,920,0,11,0,0,0,0,0,0,0,0
6794,18435971604,Authentication,166,34,-56,920,0,11,0,0,0,0,0,0,0,0
6795,18436037140,Authentication,166,34,-56,920,0,11,0,0,0,0,0,0,0,0
6796,18436069907,Authentication,166,34,-57,920,0,11,0,0,0,0,0,0,0,0
6797,18436075169,Authentication,166,34,-17,920,0,11,0,0,0,0,0,0,720,0
6798,18436081942,Authentication,166,34,-17,920,0,11,0,0,1,0,0,0,720,0
6799,18436088452,Authentication,166,34,-18,920,0,11,0,0,1,0,0,0,720,0
6800,18436095223,Authentication,166,34,-18,920,0,11,0,0,1,0,0,0,720,0
6801,18436190736,Authentication,166,34,-56,920,0,11,0,0,0,0,0,0,0,0
6802,18436233747,Authentication,166,34,-57,920,0,11,0,0,0,0,0,0,0,0
6803,18436278633,Authentication,166,34,-18,920,0,11,0,0,0,0,0,0,720,0
6804,18436285247,Authentication,166,34,-17,920,0,11,0,0,1,0,0,0,720,0
6805,18436291655,Authentication,166,34,-19,920,0,11,0,0,1,0,0,0,720,0
6806,18436298272,Authentication,166,34,-17,920,0,11,0,0,1,0,0,0,720,0
6807,18436338193,Authentication,166,34,-56,920,0,11,0,0,0,0,0,0,0,0
6808,18436397586,Authentication,166,34,-57,920,0,11,0,0,0,0,0,0,0,0
6809,18436448783,Authentication,166,34,-57,920,0,11,0,0,0,0,0,0,0,0
6810,18436488573,Authentication,166,34,-19,920,0,11,0,0,0,0,0,0,720,0
6811,18436493890,Authentication,166,34,-17,920,0,11,0,0,1,0,0,0,720,0
6812,18436500480,Authentication,166,34,-17,920,0,11,0,0,1,0,0,0,720,0
6813,18436507044,Authentication,166,34,-17,920,0,11,0,0,1,0,0,0,720,0
6814,18436561424,Authentication,166,34,-57,920,0,11,0,0,0,0,0,0,0,0
6815,18436582850,S1G Beacon,129,34,-16,920,3,1,,,,,,,0,0
6816,18436605455,Authentication,166,34,-57,920,0,11,0,0,0,0,0,0,0,0
6817,18436659728,Authentication,166,34,-55,920,0,11,0,0,0,0,0,0,0,0
6818,18436694513,Authentication,166,34,-17,920,0,11,0,0,0,0,0,0,720,0
6819,18436701077,Authentication,166,34,-17,920,0,11,0,0,1,0,0,0,720,0
6820,18436706290,Authentication,166,34,-17,920,0,11,0,0,1,0,0,0,720,0
6821,18436712956,Authentication,166,34,-16,920,0,11,0,0,1,0,0,0,720,0
6822,18436725264,Authentication,166,34,-56,920,0,11,0,0,0,0,0,0,0,0
6823,18436758032,Authentication,166,34,-56,920,0,11,0,0,0,0,0,0,0,0
6824,18436823567,Authentication,166,34,-56,920,0,11,0,0,0,0,0,0,0,0
6825,18436889103,Authentication,166,34,-55,920,0,11,0,0,0,0,0,0,0,0
6826,18436928582,Authentication,166,34,-17,920,0,11,0,0,0,0,0,0,720,0
6827,18436934728,Authentication,166,34,-17,920,0,11,0,0,1,0,0,0,720,0
6828,18436941862,Authentication,166,34,-17,920,0,11,0,0,1,0,0,0,720,0
6829,18436947126,Authentication,166,34,-17,920,0,11,0,0,1,0,0,0,720,0
6830,18436987406,Authentication,166,34,-56,920,0,11,0,0,0,0,0,0,0,0
6831,18437052942,Authentication,166,34,-55,920,0,11,0,0,0,0,0,0,0,0
6832,18437151245,Authentication,166,34,-56,920,0,11,0,0,0,0,0,0,0,0
6833,18437157029,Authentication,166,34,-18,920,0,11,0,0,0,0,0,0,720,0
6834,18437162293,Authentication,166,34,-17,920,0,11,0,0,1,0,0,0,720,0
6835,18437168960,Authentication,166,34,-18,920,0,11,0,0,1,0,0,0,720,0
6836,18437175575,Authentication,166,34,-16,920,0,11,0,0,1,0,0,0,720,0
6837,18437216780,Authentication,166,34,-56,920,0,11,0,0,0,0,0,0,0,0
6838,18437249548,Authentication,166,34,-57,920,0,11,0,0,0,0,0,0,0,0
6839,18437315083,Authentication,166,34,-56,920,0,11,0,0,0,0,0,0,0,0
6840,18437368603,Authentication,166,34,-16,920,0,11,0,0,0,0,0,0,720,0
6841,18437374284,Authentication,166,34,-16,920,0,11,0,0,1,0,0,0,720,0
6842,18437380619,Authentication,166,34,-57,920,0,11,0,0,0,0,0,0,0,0
6843,18437385360,Authentication,166,34,-16,920,0,11,0,0,1,0,0,0,720,0
6844,18437391819,Authentication,166,34,-16,920,0,11,0,0,1,0,0,0,720,0
6845,18437415887,S1G Beacon,61,34,-18,920,3,1,,,,,,,0,0
6846,18437417482,Authentication,166,34,-55,920,0,11,0,0,0,0,0,0,0,0
6847,18437478923,Authentication,166,34,-56,920,0,11,0,0,0,0,0,0,0,0
6848,18437544458,Authentication,166,34,-56,920,0,11,0,0,0,0,0,0,0,0
6849,18437584393,Authentication,166,34,-55,920,0,11,0,0,0,0,0,0,0,0
6850,18437589289,Authentication,166,34,-17,920,0,11,0,0,0,0,0,0,720,0
6851,18437595697,Authentication,166,34,-17,920,0,11,0,0,1,0,0,0,720,0
6852,18437602259,Authentication,166,34,-16,920,0,11,0,0,1,0,0,0,720,0
6853,18437608716,Authentication,166,34,-16,920,0,11,0,0,1,0,0,0,720,0
6854,18437642761,Authentication,166,34,-57,920,0,11,0,0,0,0,0,0,0,0
6855,18437697031,Authentication,166,34,-55,920,0,11,0,0,0,0,0,0,0,0
6856,18437741065,Authentication,166,34,-56,920,0,11,0,0,0,0,0,0,0,0
6857,18437788494,Authentication,166,34,-18,920,0,11,0,0,0,0,0,0,720,0
6858,18437794954,Authentication,166,34,-17,920,0,11,0,0,1,0,0,0,720,0
6859,18437801620,Authentication,166,34,-16,920,0,11,0,0,1,0,0,0,720,0
6860,18437806600,Authentication,166,34,-57,920,0,11,0,0,0,0,0,0,0,0
6861,18437811237,Authentication,166,34,-17,920,0,11,0,0,1,0,0,0,720,0
6862,18437853703,Authentication,166,34,-54,920,0,11,0,0,0,0,0,0,0,0
6863,18437904904,Authentication,166,34,-57,920,0,11,0,0,0,0,0,0,0,0
6864,18437943760,QoS Data,148,34,-15,920,2,8,1,0,0,0,0,1,720,0
6869,18437960249,Data,287,34,-17,920,2,0,0,0,0,0,0,1,0,0
6870,18437970440,Authentication,166,34,-54,920,0,11,0,0,0,0,0,0,0,0
6871,18437986220,Authentication,166,34,-16,920,0,11,0,0,0,0,0,0,720,0
6872,18437992937,Authentication,166,34,-16,920,0,11,0,0,1,0,0,0,720,0
6873,18437999398,Authentication,166,34,-18,920,0,11,0,0,1,0,0,0,720,0
6874,18438004756,QoS Data,128,34,-14,920,2,8,1,0,0,0,0,1,720,0
6876,18438007722,Authentication,166,34,-16,920,0,11,0,0,1,0,0,0,720,0
6877,18438014471,Authentication,166,34,-55,920,0,11,0,0,0,0,0,0,0,0
6879,18438068743,Authentication,166,34,-57,920,0,11,0,0,0,0,0,0,0,0
6880,18438178309,Authentication,166,34,-57,920,0,11,0,0,0,0,0,0,0,0
6881,18438183573,Authentication,166,34,-16,920,0,11,0,0,0,0,0,0,720,0
6882,18438190291,Authentication,166,34,-17,920,0,11,0,0,1,0,0,0,720,0
6883,18438196957,Authentication,166,34,-17,920,0,11,0,0,1,0,0,0,720,0
6884,18438203523,Authentication,166,34,-17,920,0,11,0,0,1,0,0,0,720,0
6885,18438221256,S1G Beacon,129,34,-16,920,3,1,,,,,,,0,0
6886,18438232582,Authentication,166,34,-57,920,0,11,0,0,0,0,0,0,0,0
6887,18438298118,Authentication,166,34,-56,920,0,11,0,0,0,0,0,0,0,0
6888,18438330885,Authentication,166,34,-56,920,0,11,0,0,0,0,0,0,0,0
6889,18438396421,Authentication,166,34,-57,920,0,11,0,0,0,0,0,0,0,0
6890,18438441475,Authentication,166,34,-57,920,0,11,0,0,0,0,0,0,0,0
6891,18438471122,Authentication,166,34,-18,920,0,11,0,0,0,0,0,0,720,0
6892,18438477738,Authentication,166,34,-17,920,0,11,0,0,1,0,0,0,720,0
6893,18438484248,Authentication,166,34,-18,920,0,11,0,0,1,0,0,0,720,0
6894,18438490862,Authentication,166,34,-16,920,0,11,0,0,1,0,0,0,720,0
6895,18438560259,Authentication,166,34,-56,920,0,11,0,0,0,0,0,0,0,0
6896,18438593027,Authentication,166,34,-55,920,0,11,0,0,0,0,0,0,0,0
6897,18438658563,Authentication,166,34,-55,920,0,11,0,0,0,0,0,0,0,0
6898,18438688576,Authentication,166,34,-16,920,0,11,0,0,0,0,0,0,720,0
6899,18438695036,Authentication,166,34,-16,920,0,11,0,0,1,0,0,0,720,0
6900,18438701598,Authentication,166,34,-17,920,0,11,0,0,1,0,0,0,720,0
6901,18438708367,Authentication,166,34,-19,920,0,11,0,0,1,0,0,0,720,0
6902,18438822402,Authentication,166,34,-57,920,0,11,0,0,0,0,0,0,0,0
6903,18438863360,Authentication,166,34,-56,920,0,11,0,0,0,0,0,0,0,0
6904,18438898560,Authentication,166,34,-17,920,0,11,0,0,0,0,0,0,720,0
6905,18438905017,Authentication,166,34,-17,920,0,11,0,0,1,0,0,0,720,0
6906,18438916845,Authentication,166,34,-17,920,0,11,0,0,1,0,0,0,720,0
6907,18438979070,Authentication,166,34,-55,920,0,11,0,0,0,0,0,0,0,0
6908,18439019009,Authentication,166,34,-57,920,0,11,0,0,0,0,0,0,0,0
6909,18439040463,S1G Beacon,61,34,-17,920,3,1,,,,,,,0,0
6910,18439084544,Authentication,166,34,-57,920,0,11,0,0,0,0,0,0,0,0
6911,18439098600,Authentication,166,34,-16,920,0,11,0,0,0,0,0,0,720,0
6912,18439105058,Authentication,166,34,-17,920,0,11,0,0,1,0,0,0,720,0
6913,18439111828,Authentication,166,34,-18,920,0,11,0,0,1,0,0,0,720,0
6914,18439118236,Authentication,166,34,-17,920,0,11,0,0,1,0,0,0,720,0
6915,18439150080,Authentication,166,34,-57,920,0,11,0,0,0,0,0,0,0,0
6916,18439182848,Authentication,166,34,-56,920,0,11,0,0,0,0,0,0,0,0
6917,18439248384,Authentication,166,34,-56,920,0,11,0,0,0,0,0,0,0,0
6918,18439288562,Authentication,166,34,-18,920,0,11,0,0,0,0,0,0,720,0
6919,18439295333,Authentication,166,34,-18,920,0,11,0,0,1,0,0,0,720,0
6920,18439300605,Authentication,166,34,-56,920,0,11,0,0,0,0,0,0,0,0
6921,18439305505,Authentication,166,34,-19,920,0,11,0,0,1,0,0,0,720,0
6922,18439312278,Authentication,166,34,-17,920,0,11,0,0,1,0,0,0,720,0
6923,18439346686,Authentication,166,34,-56,920,0,11,0,0,0,0,0,0,0,0
6924,18439412222,Authentication,166,34,-56,920,0,11,0,0,0,0,0,0,0,0
6925,18439457277,Authentication,166,34,-57,920,0,11,0,0,0,0,0,0,0,0
6926,18439498629,Authentication,166,34,-17,920,0,11,0,0,0,0,0,0,720,0
6927,18439505091,Authentication,166,34,-16,920,0,11,0,0,1,0,0,0,720,0
6928,18439510525,Authentication,166,34,-57,920,0,11,0,0,0,0,0,0,0,0
6929,18439515422,Authentication,166,34,-17,920,0,11,0,0,1,0,0,0,720,0
6930,18439521829,Authentication,166,34,-17,920,0,11,0,0,1,0,0,0,720,0
6931,18439576061,Authentication,166,34,-56,920,0,11,0,0,0,0,0,0,0,0
6932,18439608829,Authentication,166,34,-57,920,0,11,0,0,0,0,0,0,0,0
6933,18439674364,Authentication,166,34,-56,920,0,11,0,0,0,0,0,0,0,0
6934,18439718782,Authentication,166,34,-17,920,0,11,0,0,0,0,0,0,720,0
6935,18439723514,Authentication,166,34,-57,920,0,11,0,0,0,0,0,0,0,0
6936,18439728258,Authentication,166,34,-17,920,0,11,0,0,1,0,0,0,720,0
6937,18439734666,Authentication,166,34,-18,920,0,11,0,0,1,0,0,0,720,0
6938,18439741283,Authentication,166,34,-17,920,0,11,0,0,1,0,0,0,720,0
6939,18439772668,Authentication,166,34,-56,920,0,11,0,0,0,0,0,0,0,0
6940,18439838204,Authentication,166,34,-57,920,0,11,0,0,0,0,0,0,0,0
6941,18439859663,S1G Beacon,129,34,-16,920,3,1,,,,,,,0,0
6942,18439880186,Authentication,166,34,-55,920,0,11,0,0,0,0,0,0,0,0
6943,18439916516,Authentication,166,34,-17,920,0,11,0,0,0,0,0,0,720,0
6944,18439921829,Authentication,166,34,-17,920,0,11,0,0,1,0,0,0,720,0
6945,18439928289,Authentication,166,34,-16,920,0,11,0,0,1,0,0,0,720,0
6946,18439934906,Authentication,166,34,-16,920,0,11,0,0,1,0,0,0,720,0
6947,18439999478,Authentication,166,34,-56,920,0,11,0,0,0,0,0,0,0,0
6948,18440034810,Authentication,166,34,-57,920,0,11,0,0,0,0,0,0,0,0
6949,18440100346,Authentication,166,34,-55,920,0,11,0,0,0,0,0,0,0,0
6950,18440138472,Authentication,166,34,-16,920,0,11,0,0,0,0,0,0,720,0
6951,18440145138,Authentication,166,34,-16,920,0,11,0,0,1,0,0,0,720,0
6952,18440153077,Authentication,166,34,-17,920,0,11,0,0,1,0,0,0,720,0
6953,18440159694,Authentication,166,34,-18,920,0,11,0,0,1,0,0,0,720,0
6954,18440198649,Authentication,166,34,-57,920,0,11,0,0,0,0,0,0,0,0
6955,18440260598,Authentication,166,34,-56,920,0,11,0,0,0,0,0,0,0,0
6956,18440296953,Authentication,166,34,-56,920,0,11,0,0,0,0,0,0,0,0
6957,18440348506,Authentication,166,34,-18,920,0,11,0,0,0,0,0,0,720,0
6958,18440355019,Authentication,166,34,-16,920,0,11,0,0,1,0,0,0,720,0
6959,18440361582,Authentication,166,34,-17,920,0,11,0,0,1,0,0,0,720,0
6960,18440368043,Authentication,166,34,-17,920,0,11,0,0,1,0,0,0,720,0
6961,18440410615,Authentication,166,34,-57,920,0,11,0,0,0,0,0,0,0,0
6962,18440460792,Authentication,166,34,-55,920,0,11,0,0,0,0,0,0,0,0
6963,18440526327,Authentication,166,34,-57,920,0,11,0,0,0,0,0,0,0,0
6964,18440544658,Authentication,166,34,-16,920,0,11,0,0,0,0,0,0,720,0
6965,18440558291,Authentication,166,34,-18,920,0,11,0,0,1,0,0,0,720,0
6966,18440564752,Authentication,166,34,-17,920,0,11,0,0,1,0,0,0,720,0
6967,18440624630,Authentication,166,34,-57,920,0,11,0,0,0,0,0,0,0,0
6968,18440679282,S1G Beacon,61,34,-16,920,3,1,,,,,,,0,0
6969,18440689139,Authentication,166,34,-57,920,0,11,0,0,0,0,0,0,0,0
6970,18440722934,Authentication,166,34,-55,920,0,11,0,0,0,0,0,0,0,0
6971,18440788470,Authentication,166,34,-56,920,0,11,0,0,0,0,0,0,0,0
6972,18440827034,Authentication,166,34,-17,920,0,11,0,0,0,0,0,0,720,0
6973,18440833649,Authentication,166,34,-17,920,0,11,0,0,1,0,0,0,720,0
6974,18440841199,Authentication,166,34,-18,920,0,11,0,0,1,0,0,0,720,0
6975,18440847762,Authentication,166,34,-16,920,0,11,0,0,1,0,0,0,720,0
6976,18440886773,Authentication,166,34,-56,920,0,11,0,0,0,0,0,0,0,0
6977,18440952308,Authentication,166,34,-57,920,0,11,0,0,0,0,0,0,0,0
6978,18440984245,Data,287,34,-16,920,2,0,0,0,0,0,0,1,0,0
6979,18441017844,Authentication,166,34,-56,920,0,11,0,0,0,0,0,0,0,0
6980,18441028566,Authentication,166,34,-16,920,0,11,0,0,0,0,0,0,720,0
6981,18441034975,Authentication,166,34,-16,920,0,11,0,0,1,0,0,0,720,0
6982,18441041486,Authentication,166,34,-16,920,0,11,0,0,1,0,0,0,720,0
6983,18441047893,Authentication,166,34,-17,920,0,11,0,0,1,0,0,0,720,0
6984,18441116148,Authentication,166,34,-56,920,0,11,0,0,0,0,0,0,0,0
6985,18441168368,Authentication,166,34,-55,920,0,11,0,0,0,0,0,0,0,0
6986,18441214451,Authentication,166,34,-56,920,0,11,0,0,0,0,0,0,0,0
6987,18441238643,Authentication,166,34,-18,920,0,11,0,0,0,0,0,0,720,0
6988,18441245312,Authentication,166,34,-17,920,0,11,0,0,1,0,0,0,720,0
6989,18441250939,Authentication,166,34,-18,920,0,11,0,0,1,0,0,0,720,0
6990,18441257554,Authentication,166,34,-17,920,0,11,0,0,1,0,0,0,720,0
6991,18441279986,Authentication,166,34,-57,920,0,11,0,0,0,0,0,0,0,0
6992,18441327088,Authentication,166,34,-56,920,0,11,0,0,0,0,0,0,0,0
6993,18441378289,Authentication,166,34,-57,920,0,11,0,0,0,0,0,0,0,0
6994,18441438582,Authentication,166,34,-16,920,0,11,0,0,0,0,0,0,720,0
6995,18441443825,Authentication,166,34,-57,920,0,11,0,0,0,0,0,0,0,0
6996,18441448567,Authentication,166,34,-16,920,0,11,0,0,1,0,0,0,720,0
6997,18441455027,Authentication,166,34,-16,920,0,11,0,0,1,0,0,0,720,0
6998,18441461383,Authentication,166,34,-16,920,0,11,0,0,1,0,0,0,720,0
6999,18441476593,Authentication,166,34,-55,920,0,11,0,0,0,0,0,0,0,0
7000,18441498071,S1G Beacon,129,34,-16,920,3,1,,,,,,,0,0
7001,18441542128,Authentication,166,34,-56,920,0,11,0,0,0,0,0,0,0,0
7002,18441583087,Authentication,166,34,-55,920,0,11,0,0,0,0,0,0,0,0
7003,18441640431,Authentication,166,34,-56,920,0,11,0,0,0,0,0,0,0,0
7004,18441648571,Authentication,166,34,-17,920,0,11,0,0,0,0,0,0,720,0
7005,18441655239,Authentication,166,34,-16,920,0,11,0,0,1,0,0,0,720,0
7006,18441661749,Authentication,166,34,-17,920,0,11,0,0,1,0,0,0,720,0
7007,18441668521,Authentication,166,34,-18,920,0,11,0,0,1,0,0,0,720,0
7008,18441705967,Authentication,166,34,-56,920,0,11,0,0,0,0,0,0,0,0
7009,18441740783,Authentication,166,34,-56,920,0,11,0,0,0,0,0,0,0,0
7010,18441804271,Authentication,166,34,-55,920,0,11,0,0,0,0,0,0,0,0
7011,18441861612,Authentication,166,34,-56,920,0,11,0,0,0,0,0,0,0,0
7012,18441866980,Authentication,166,34,-16,920,0,11,0,0,0,0,0,0,720,0
7013,18441873440,Authentication,166,34,-17,920,0,11,0,0,1,0,0,0,720,0
7014,18441879849,Authentication,166,34,-18,920,0,11,0,0,1,0,0,0,720,0
7015,18441886464,Authentication,166,34,-18,920,0,11,0,0,1,0,0,0,720,0
7016,18441902574,Authentication,166,34,-57,920,0,11,0,0,0,0,0,0,0,0
7017,18441968109,Authentication,166,34,-54,920,0,11,0,0,0,0,0,0,0,0
7018,18442016235,Authentication,166,34,-56,920,0,11,0,0,0,0,0,0,0,0
7019,18442066413,Authentication,166,34,-57,920,0,11,0,0,0,0,0,0,0,0
7020,18442130921,Authentication,166,34,-58,920,0,11,0,0,0,0,0,0,0,0
7021,18442148490,Authentication,166,34,-16,920,0,11,0,0,0,0,0,0,720,0
7022,18442154950,Authentication,166,34,-16,920,0,11,0,0,1,0,0,0,720,0
7023,18442161722,Authentication,166,34,-16,920,0,11,0,0,1,0,0,0,720,0
7024,18442168650,Authentication,166,34,-16,920,0,11,0,0,1,0,0,0,720,0
7025,18442230252,Authentication,166,34,-56,920,0,11,0,0,0,0,0,0,0,0
7027,18442288617,Authentication,166,34,-57,920,0,11,0,0,0,0,0,0,0,0
7028,18442317275,S1G Beacon,61,34,-16,920,3,1,,,,,,,0,0
7029,18442328555,Authentication,166,34,-56,920,0,11,0,0,0,0,0,0,0,0
7030,18442338133,Authentication,166,34,-16,920,0,11,0,0,0,0,0,0,720,0
7031,18442344697,Authentication,166,34,-17,920,0,11,0,0,1,0,0,0,720,0
7032,18442350480,Authentication,166,34,-18,920,0,11,0,0,1,0,0,0,720,0
7033,18442356941,Authentication,166,34,-16,920,0,11,0,0,1,0,0,0,720,0
7034,18442394091,Authentication,166,34,-56,920,0,11,0,0,0,0,0,0,0,0
7035,18442441194,Authentication,166,34,-55,920,0,11,0,0,0,0,0,0,0,0
7036,18442492394,Authentication,166,34,-56,920,0,11,0,0,0,0,0,0,0,0
7037,18442557930,Authentication,166,34,-56,920,0,11,0,0,0,0,0,0,0,0
7038,18442563190,Authentication,166,34,-16,920,0,11,0,0,0,0,0,0,720,0
7039,18442576732,Authentication,166,34,-18,920,0,11,0,0,1,0,0,0,720,0
7040,18442582410,Authentication,166,34,-16,920,0,11,0,0,1,0,0,0,720,0
7041,18442590698,Authentication,166,34,-56,920,0,11,0,0,0,0,0,0,0,0
7042,18442656233,Authentication,166,34,-56,920,0,11,0,0,0,0,0,0,0,0
7043,18442709479,Authentication,166,34,-55,920,0,11,0,0,0,0,0,0,0,0
7044,18442754537,Authentication,166,34,-56,920,0,11,0,0,0,0,0,0,0,0
7045,18442768989,Authentication,166,34,-16,920,0,11,0,0,0,0,0,0,720,0
7046,18442781907,Authentication,166,34,-17,920,0,11,0,0,1,0,0,0,720,0
7047,18442788521,Authentication,166,34,-18,920,0,11,0,0,1,0,0,0,720,0
7048,18442820072,Authentication,166,34,-56,920,0,11,0,0,0,0,0,0,0,0
7049,18442918376,Authentication,166,34,-57,920,0,11,0,0,0,0,0,0,0,0
7050,18442969554,QoS Data,148,34,-15,920,2,8,1,0,0,0,0,1,720,0
7053,18442978755,Authentication,166,34,-17,920,0,11,0,0,0,0,0,0,720,0
7054,18442988809,Authentication,166,34,-16,920,0,11,0,0,1,0,0,0,720,0
7055,18442995321,Authentication,166,34,-16,920,0,11,0,0,1,0,0,0,720,0
7056,18443001456,RTS,54,34,-16,920,1,11,,,,0,0,0,2452,0
7058,18443004421,Authentication,166,34,-17,920,0,11,0,0,1,0,0,0,720,0
7059,18443010039,RTS,54,34,-17,920,1,11,,,,0,0,0,2452,0
7063,18443026918,Authentication,166,34,-57,920,0,11,0,0,0,0,0,0,0,0
7064,18443082214,Authentication,166,34,-56,920,0,11,0,0,0,0,0,0,0,0
7065,18443180518,Authentication,166,34,-57,920,0,11,0,0,0,0,0,0,0,0
7066,18443208609,Authentication,166,34,-17,920,0,11,0,0,0,0,0,0,720,0
7067,18443215380,Authentication,166,34,-16,920,0,11,0,0,1,0,0,0,720,0
7068,18443221942,Authentication,166,34,-18,920,0,11,0,0,1,0,0,0,720,0
7069,18443228558,Authentication,166,34,-16,920,0,11,0,0,1,0,0,0,720,0
7070,18443246053,Authentication,166,34,-56,920,0,11,0,0,0,0,0,0,0,0
7071,18443253190,QoS Data,128,34,-16,920,2,8,1,0,0,0,0,1,720,0
7074,18443300322,Authentication,166,34,-58,920,0,11,0,0,0,0,0,0,0,0
7075,18443344356,Authentication,166,34,-56,920,0,11,0,0,0,0,0,0,0,0
7076,18443408552,Authentication,166,34,-17,920,0,11,0,0,0,0,0,0,720,0
7077,18443414754,Authentication,166,34,-17,920,0,11,0,0,1,0,0,0,720,0
7078,18443421316,Authentication,166,34,-16,920,0,11,0,0,1,0,0,0,720,0
7079,18443427827,Authentication,166,34,-16,920,0,11,0,0,1,0,0,0,720,0
7080,18443444708,Authentication,166,34,-57,920,0,11,0,0,0,0,0,0,0,0
7081,18443508196,Authentication,166,34,-56,920,0,11,0,0,0,0,0,0,0,0
7082,18443573731,Authentication,166,34,-57,920,0,11,0,0,0,0,0,0,0,0
7083,18443606499,Authentication,166,34,-57,920,0,11,0,0,0,0,0,0,0,0
7084,18443625892,Authentication,166,34,-16,920,0,11,0,0,0,0,0,0,720,0
7085,18443632558,Authentication,166,34,-16,920,0,11,0,0,1,0,0,0,720,0
7086,18443639329,Authentication,166,34,-18,920,0,11,0,0,1,0,0,0,720,0
7087,18443645737,Authentication,166,34,-17,920,0,11,0,0,1,0,0,0,720,0
7088,18443672035,Authentication,166,34,-55,920,0,11,0,0,0,0,0,0,0,0
7089,18443708899,Authentication,166,34,-56,920,0,11,0,0,0,0,0,0,0,0
7090,18443770338,Authentication,166,34,-58,920,0,11,0,0,0,0,0,0,0,0
7091,18443828703,Authentication,166,34,-57,920,0,11,0,0,0,0,0,0,0,0
7092,18443833963,Authentication,166,34,-16,920,0,11,0,0,0,0,0,0,720,0
7093,18443840424,Authentication,166,34,-16,920,0,11,0,0,1,0,0,0,720,0
7094,18443853502,Authentication,166,34,-17,920,0,11,0,0,1,0,0,0,720,0
7095,18443934177,Authentication,166,34,-57,920,0,11,0,0,0,0,0,0,0,0
7096,18443955680,S1G Beacon,61,34,-17,920,3,1,,,,,,,0,0
7097,18443981279,Authentication,166,34,-57,920,0,11,0,0,0,0,0,0,0,0
7098,18444008266,Data,287,34,-17,920,2,0,0,0,0,0,0,1,0,0
7099,18444032481,Authentication,166,34,-55,920,0,11,0,0,0,0,0,0,0,0
7100,18444037743,Authentication,166,34,-17,920,0,11,0,0,0,0,0,0,720,0
7101,18444044253,Authentication,166,34,-16,920,0,11,0,0,1,0,0,0,720,0
7102,18444050921,Authentication,166,34,-16,920,0,11,0,0,1,0,0,0,720,0
7103,18444057330,Authentication,166,34,-16,920,0,11,0,0,1,0,0,0,720,0
7104,18444098016,Authentication,166,34,-57,920,0,11,0,0,0,0,0,0,0,0
7105,18444130784,Authentication,166,34,-57,920,0,11,0,0,0,0,0,0,0,0
7106,18444196319,Authentication,166,34,-56,920,0,11,0,0,0,0,0,0,0,0
7107,18444234127,Authentication,166,34,-16,920,0,11,0,0,0,0,0,0,720,0
7108,18444240638,Authentication,166,34,-17,920,0,11,0,0,1,0,0,0,720,0
7109,18444247356,Authentication,166,34,-17,920,0,11,0,0,1,0,0,0,720,0
7110,18444253918,Authentication,166,34,-17,920,0,11,0,0,1,0,0,0,720,0
7111,18444294622,Authentication,166,34,-56,920,0,11,0,0,0,0,0,0,0,0
7112,18444360158,Authentication,166,34,-57,920,0,11,0,0,0,0,0,0,0,0
7113,18444406237,Authentication,166,34,-54,920,0,11,0,0,0,0,0,0,0,0
7114,18444458462,Authentication,166,34,-57,920,0,11,0,0,0,0,0,0,0,0
7115,18444498534,Authentication,166,34,-16,920,0,11,0,0,0,0,0,0,720,0
7116,18444505306,Authentication,166,34,-16,920,0,11,0,0,1,0,0,0,720,0
7117,18444511814,Authentication,166,34,-17,920,0,11,0,0,1,0,0,0,720,0
7118,18444518535,Authentication,166,34,-18,920,0,11,0,0,1,0,0,0,720,0
7120,18444564956,Authentication,166,34,-57,920,0,11,0,0,0,0,0,0,0,0
7121,18444622301,Authentication,166,34,-56,920,0,11,0,0,0,0,0,0,0,0
7122,18444685785,Authentication,166,34,-56,920,0,11,0,0,0,0,0,0,0,0
7123,18444718471,Authentication,166,34,-17,920,0,11,0,0,0,0,0,0,720,0
7124,18444725142,Authentication,166,34,-18,920,0,11,0,0,1,0,0,0,720,0
7125,18444731758,Authentication,166,34,-18,920,0,11,0,0,1,0,0,0,720,0
7126,18444738168,Authentication,166,34,-16,920,0,11,0,0,1,0,0,0,720,0
7127,18444834265,Authentication,166,34,-56,920,0,11,0,0,0,0,0,0,0,0
7128,18444884443,Authentication,166,34,-57,920,0,11,0,0,0,0,0,0,0,0
7129,18444908808,Authentication,166,34,-18,920,0,11,0,0,0,0,0,0,720,0
7130,18444915217,Authentication,166,34,-17,920,0,11,0,0,1,0,0,0,720,0
7131,18444921937,Authentication,166,34,-16,920,0,11,0,0,1,0,0,0,720,0
7132,18444928502,Authentication,166,34,-16,920,0,11,0,0,1,0,0,0,720,0
7133,18444949979,Authentication,166,34,-55,920,0,11,0,0,0,0,0,0,0,0
7134,18444982747,Authentication,166,34,-56,920,0,11,0,0,0,0,0,0,0,0
7135,18445048282,Authentication,166,34,-56,920,0,11,0,0,0,0,0,0,0,0
7136,18445094361,Authentication,166,34,-56,920,0,11,0,0,0,0,0,0,0,0
7137,18445108534,Authentication,166,34,-17,920,0,11,0,0,0,0,0,0,720,0
7138,18445115254,Authentication,166,34,-17,920,0,11,0,0,1,0,0,0,720,0
7139,18445121923,Authentication,166,34,-16,920,0,11,0,0,1,0,0,0,720,0
7140,18445128382,Authentication,166,34,-17,920,0,11,0,0,1,0,0,0,720,0
7141,18445146586,Authentication,166,34,-57,920,0,11,0,0,0,0,0,0,0,0
7142,18445212120,Authentication,166,34,-55,920,0,11,0,0,0,0,0,0,0,0
7143,18445258200,Authentication,166,34,-57,920,0,11,0,0,0,0,0,0,0,0
7144,18445310425,Authentication,166,34,-57,920,0,11,0,0,0,0,0,0,0,0
7145,18445318857,Authentication,166,34,-17,920,0,11,0,0,0,0,0,0,720,0
7146,18445325577,Authentication,166,34,-17,920,0,11,0,0,1,0,0,0,720,0
7147,18445332348,Authentication,166,34,-17,920,0,11,0,0,1,0,0,0,720,0
7148,18445338964,Authentication,166,34,-16,920,0,11,0,0,1,0,0,0,720,0
7149,18445375960,Authentication,166,34,-57,920,0,11,0,0,0,0,0,0,0,0
7150,18445474263,Authentication,166,34,-56,920,0,11,0,0,0,0,0,0,0,0
7151,18445518524,Authentication,166,34,-17,920,0,11,0,0,0,0,0,0,720,0
7152,18445525298,Authentication,166,34,-16,920,0,11,0,0,1,0,0,0,720,0
7153,18445531964,Authentication,166,34,-18,920,0,11,0,0,1,0,0,0,720,0
7154,18445538425,Authentication,166,34,-17,920,0,11,0,0,1,0,0,0,720,0
7155,18445572567,Authentication,166,34,-57,920,0,11,0,0,0,0,0,0,0,0
7156,18445594088,S1G Beacon,61,34,-16,920,3,1,,,,,,,0,0
7157,18445638102,Authentication,166,34,-56,920,0,11,0,0,0,0,0,0,0,0
7158,18445684180,Authentication,166,34,-56,920,0,11,0,0,0,0,0,0,0,0
7159,18445736406,Authentication,166,34,-57,920,0,11,0,0,0,0,0,0,0,0
7160,18445798524,Authentication,166,34,-18,920,0,11,0,0,0,0,0,0,720,0
7161,18445805036,Authentication,166,34,-18,920,0,11,0,0,1,0,0,0,720,0
7162,18445812119,Authentication,166,34,-17,920,0,11,0,0,1,0,0,0,720,0
7163,18445818891,Authentication,166,34,-16,920,0,11,0,0,1,0,0,0,720,0
7164,18445834709,Authentication,166,34,-56,920,0,11,0,0,0,0,0,0,0,0
7165,18445900244,Authentication,166,34,-55,920,0,11,0,0,0,0,0,0,0,0
7166,18445950418,Authentication,166,34,-56,920,0,11,0,0,0,0,0,0,0,0
7167,18445998582,Authentication,166,34,-44,920,0,11,0,0,0,0,0,0,720,0
7168,18446005093,Authentication,166,34,-16,920,0,11,0,0,1,0,0,0,720,0
7169,18446011708,Authentication,166,34,-17,920,0,11,0,0,1,0,0,0,720,0
7170,18446018222,Authentication,166,34,-16,920,0,11,0,0,1,0,0,0,720,0
7171,18446064084,Authentication,166,34,-55,920,0,11,0,0,0,0,0,0,0,0
7172,18446107090,Authentication,166,34,-57,920,0,11,0,0,0,0,0,0,0,0
7173,18446162387,Authentication,166,34,-58,920,0,11,0,0,0,0,0,0,0,0
7174,18446198560,Authentication,166,34,-16,920,0,11,0,0,0,0,0,0,720,0
7175,18446205124,Authentication,166,34,-17,920,0,11,0,0,1,0,0,0,720,0
7176,18446211584,Authentication,166,34,-17,920,0,11,0,0,1,0,0,0,720,0
7177,18446218303,Authentication,166,34,-16,920,0,11,0,0,1,0,0,0,720,0
7178,18446227922,Authentication,166,34,-56,920,0,11,0,0,0,0,0,0,0,0
7179,18446276048,Authentication,166,34,-57,920,0,11,0,0,0,0,0,0,0,0
7180,18446326225,Authentication,166,34,-56,920,0,11,0,0,0,0,0,0,0,0
7181,18446391761,Authentication,166,34,-56,920,0,11,0,0,0,0,0,0,0,0
7182,18446413291,S1G Beacon,129,34,-18,920,3,1,,,,,,,0,0
7183,18446417606,Authentication,166,34,-17,920,0,11,0,0,0,0,0,0,720,0
7184,18446424015,Authentication,166,34,-17,920,0,11,0,0,1,0,0,0,720,0
7185,18446430631,Authentication,166,34,-16,920,0,11,0,0,1,0,0,0,720,0
7186,18446437352,Authentication,166,34,-17,920,0,11,0,0,1,0,0,0,720,0
7187,18446490064,Authentication,166,34,-56,920,0,11,0,0,0,0,0,0,0,0
7188,18446496521,Data,378,34,-16,920,2,0,0,0,0,0,0,1,0,0
7189,18446555600,Authentication,166,34,-57,920,0,11,0,0,0,0,0,0,0,0
7190,18446588369,Authentication,166,34,-56,920,0,11,0,0,0,0,0,0,0,0
7191,18446600319,Data,387,34,-18,920,2,0,0,0,0,0,0,1,0,0
7192,18446611202,Authentication,166,34,-17,920,0,11,0,0,0,0,0,0,720,0
7193,18446617819,Authentication,166,34,-17,920,0,11,0,0,1,0,0,0,720,0
7194,18446624540,Authentication,166,34,-16,920,0,11,0,0,1,0,0,0,720,0
7195,18446630322,Authentication,166,34,-16,920,0,11,0,0,1,0,0,0,720,0
7196,18446704077,Authentication,166,34,-56,920,0,11,0,0,0,0,0,0,0,0
7197,18446709288,Data,450,34,-16,920,2,0,0,0,0,0,0,1,0,0
7198,18446752207,Authentication,166,34,-57,920,0,11,0,0,0,0,0,0,0,0
7199,18446808359,Data,442,34,-16,920,2,0,0,0,0,0,0,1,0,0
7200,18446822358,Authentication,166,34,-18,920,0,11,0,0,0,0,0,0,720,0
7201,18446829129,Authentication,166,34,-17,920,0,11,0,0,1,0,0,0,720,0
7202,18446834288,Authentication,166,34,-17,920,0,11,0,0,1,0,0,0,720,0
7203,18446840850,Authentication,166,34,-18,920,0,11,0,0,1,0,0,0,720,0
7204,18446862797,Authentication,166,34,-56,920,0,11,0,0,0,0,0,0,0,0
7205,18446912331,Data,387,34,-17,920,2,0,0,0,0,0,0,1,0,0
7206,18446981582,Authentication,166,34,-56,920,0,11,0,0,0,0,0,0,0,0
7207,18447014349,Authentication,166,34,-57,920,0,11,0,0,0,0,0,0,0,0
7208,18447019561,Data,426,34,-17,920,2,0,0,0,0,0,0,1,0,0
7209,18447032264,Data,287,34,-16,920,2,0,0,0,0,0,0,1,0,0
7210,18447079885,Authentication,166,34,-56,920,0,11,0,0,0,0,0,0,0,0
7211,18447085146,Authentication,166,34,-17,920,0,11,0,0,0,0,0,0,720,0
7212,18447091708,Authentication,166,34,-17,920,0,11,0,0,1,0,0,0,720,0
7213,18447098114,Authentication,166,34,-18,920,0,11,0,0,1,0,0,0,720,0
7214,18447104625,Authentication,166,34,-17,920,0,11,0,0,1,0,0,0,720,0
7215,18447120330,Data,458,34,-16,920,2,0,0,0,0,0,0,1,0,0
7216,18447178188,Authentication,166,34,-57,920,0,11,0,0,0,0,0,0,0,0
7217,18447232492,S1G Beacon,61,34,-18,920,3,1,,,,,,,0,0
7218,18447234901,Data,387,34,-16,920,2,0,0,0,0,0,0,1,0,0
7219,18447281612,Authentication,166,34,-56,920,0,11,0,0,0,0,0,0,0,0
7220,18447298544,Authentication,166,34,-16,920,0,11,0,0,0,0,0,0,720,0
7221,18447305106,Authentication,166,34,-17,920,0,11,0,0,1,0,0,0,720,0
7222,18447311513,Authentication,166,34,-16,920,0,11,0,0,1,0,0,0,720,0
7223,18447317868,Authentication,166,34,-17,920,0,11,0,0,1,0,0,0,720,0
7224,18447328175,Data,446,34,-16,920,2,0,0,0,0,0,0,1,0,0
7225,18447342028,Authentication,166,34,-56,920,0,11,0,0,0,0,0,0,0,0
7226,18447407563,Authentication,166,34,-55,920,0,11,0,0,0,0,0,0,0,0
7227,18447432324,Data,440,34,-16,920,2,0,0,0,0,0,0,1,0,0
7228,18447505867,Authentication,166,34,-57,920,0,11,0,0,0,0,0,0,0,0
7229,18447510503,Authentication,166,34,-17,920,0,11,0,0,0,0,0,0,720,0
7230,18447516026,Authentication,166,34,-17,920,0,11,0,0,1,0,0,0,720,0
7231,18447522484,Authentication,166,34,-16,920,0,11,0,0,1,0,0,0,720,0
7232,18447529099,Authentication,166,34,-16,920,0,11,0,0,1,0,0,0,720,0
7233,18447536545,Data,387,34,-17,920,2,0,0,0,0,0,0,1,0,0
7234,18447604169,Authentication,166,34,-55,920,0,11,0,0,0,0,0,0,0,0
7235,18447640226,Data,442,34,-16,920,2,0,0,0,0,0,0,1,0,0
7236,18447669705,Authentication,166,34,-56,920,0,11,0,0,0,0,0,0,0,0
7237,18447694365,Authentication,166,34,-17,920,0,11,0,0,0,0,0,0,720,0
7238,18447700825,Authentication,166,34,-16,920,0,11,0,0,1,0,0,0,720,0
7239,18447707023,Authentication,166,34,-16,920,0,11,0,0,1,0,0,0,720,0
7240,18447713793,Authentication,166,34,-17,920,0,11,0,0,1,0,0,0,720,0
7241,18447744327,Data,452,34,-16,920,2,0,0,0,0,0,0,1,0,0
7242,18447768008,Authentication,166,34,-56,920,0,11,0,0,0,0,0,0,0,0
7243,18447833544,Authentication,166,34,-55,920,0,11,0,0,0,0,0,0,0,0
7244,18447908577,Authentication,166,34,-16,920,0,11,0,0,0,0,0,0,720,0
7245,18447915139,Authentication,166,34,-17,920,0,11,0,0,1,0,0,0,720,0
7246,18447921702,Authentication,166,34,-16,920,0,11,0,0,1,0,0,0,720,0
7247,18447928317,Authentication,166,34,-18,920,0,11,0,0,1,0,0,0,720,0
7248,18448026804,QoS Data,149,34,-15,920,2,8,1,0,0,0,0,1,720,0
7250,18448030151,Authentication,166,34,-55,920,0,11,0,0,0,0,0,0,0,0
7253,18448051698,S1G Beacon,129,34,-18,920,3,1,,,,,,,0,0
7255,18448095686,Authentication,166,34,-56,920,0,11,0,0,0,0,0,0,0,0
7256,18448139717,Authentication,166,34,-57,920,0,11,0,0,0,0,0,0,0,0
7257,18448193990,Authentication,166,34,-57,920,0,11,0,0,0,0,0,0,0,0
7258,18448198681,Authentication,166,34,-18,920,0,11,0,0,0,0,0,0,720,0
7259,18448205453,Authentication,166,34,-16,920,0,11,0,0,1,0,0,0,720,0
7260,18448212225,Authentication,166,34,-17,920,0,11,0,0,1,0,0,0,720,0
7261,18448217228,Authentication,166,34,-17,920,0,11,0,0,1,0,0,0,720,0
7262,18448253058,QoS Data,128,34,-16,920,2,8,1,0,0,0,0,1,720,0
7265,18448259525,Authentication,166,34,-57,920,0,11,0,0,0,0,0,0,0,0
7266,18448292293,Authentication,166,34,-56,920,0,11,0,0,0,0,0,0,0,0
7267,18448357829,Authentication,166,34,-56,920,0,11,0,0,0,0,0,0,0,0
7268,18448367354,QoS Data,88,34,-16,920,2,8,1,0,0,0,0,1,720,0
7270,18448406217,Authentication,166,34,-16,920,0,11,0,0,0,0,0,0,720,0
7271,18448411074,Authentication,166,34,-57,920,0,11,0,0,0,0,0,0,0,0
7272,18448415712,Authentication,166,34,-17,920,0,11,0,0,1,0,0,0,720,0
7273,18448422483,Authentication,166,34,-16,920,0,11,0,0,1,0,0,0,720,0
7274,18448429150,Authentication,166,34,-16,920,0,11,0,0,1,0,0,0,720,0
7275,18448456132,Authentication,166,34,-56,920,0,11,0,0,0,0,0,0,0,0
7276,18448520103,Data,158,34,-16,920,2,0,0,0,0,0,0,1,0,0
7277,18448556483,Authentication,166,34,-56,920,0,11,0,0,0,0,0,0,0,0
7278,18448618546,Authentication,166,34,-16,920,0,11,0,0,0,0,0,0,720,0
7279,18448625264,Authentication,166,34,-16,920,0,11,0,0,1,0,0,0,720,0
7280,18448631253,Authentication,166,34,-17,920,0,11,0,0,1,0,0,0,720,0
7281,18448637766,Authentication,166,34,-16,920,0,11,0,0,1,0,0,0,720,0
7282,18448685506,Authentication,166,34,-55,920,0,11,0,0,0,0,0,0,0,0
7283,18448718274,Authentication,166,34,-56,920,0,11,0,0,0,0,0,0,0,0
7284,18448783810,Authentication,166,34,-55,920,0,11,0,0,0,0,0,0,0,0
7285,18448818477,Authentication,166,34,-17,920,0,11,0,0,0,0,0,0,720,0
7286,18448824987,Authentication,166,34,-16,920,0,11,0,0,1,0,0,0,720,0
7287,18448831549,Authentication,166,34,-16,920,0,11,0,0,1,0,0,0,720,0
7288,18448837750,Authentication,166,34,-16,920,0,11,0,0,1,0,0,0,720,0
7289,18448870898,S1G Beacon,61,34,-16,920,3,1,,,,,,,0,0
7290,18448882113,Authentication,166,34,-56,920,0,11,0,0,0,0,0,0,0,0
7291,18448947649,Authentication,166,34,-56,920,0,11,0,0,0,0,0,0,0,0
7292,18448983488,Authentication,166,34,-55,920,0,11,0,0,0,0,0,0,0,0
7293,18449028544,Authentication,166,34,-17,920,0,11,0,0,0,0,0,0,720,0
7294,18449035265,Authentication,166,34,-17,920,0,11,0,0,1,0,0,0,720,0
7295,18449041777,Authentication,166,34,-16,920,0,11,0,0,1,0,0,0,720,0
7296,18449050799,Authentication,166,34,-17,920,0,11,0,0,1,0,0,0,720,0
7297,18449095102,Authentication,166,34,-55,920,0,11,0,0,0,0,0,0,0,0
7298,18449144256,Authentication,166,34,-57,920,0,11,0,0,0,0,0,0,0,0
7299,18449209791,Authentication,166,34,-57,920,0,11,0,0,0,0,0,0,0,0
7300,18449243583,Authentication,166,34,-56,920,0,11,0,0,0,0,0,0,0,0
7301,18449256542,Authentication,166,34,-17,920,0,11,0,0,0,0,0,0,720,0
7302,18449262947,Authentication,166,34,-16,920,0,11,0,0,1,0,0,0,720,0
7303,18449269355,Authentication,166,34,-18,920,0,11,0,0,1,0,0,0,720,0
7304,18449275817,Authentication,166,34,-16,920,0,11,0,0,1,0,0,0,720,0
7305,18449308095,Authentication,166,34,-57,920,0,11,0,0,0,0,0,0,0,0
7306,18449368506,Authentication,166,34,-58,920,0,11,0,0,0,0,0,0,0,0
7307,18449406398,Authentication,166,34,-56,920,0,11,0,0,0,0,0,0,0,0
7308,18449457484,Authentication,166,34,-17,920,0,11,0,0,0,0,0,0,720,0
7309,18449462850,Authentication,166,34,-17,920,0,11,0,0,1,0,0,0,720,0
7310,18449469415,Authentication,166,34,-18,920,0,11,0,0,1,0,0,0,720,0
7311,18449476549,Authentication,166,34,-17,920,0,11,0,0,1,0,0,0,720,0
7312,18449537469,Authentication,166,34,-56,920,0,11,0,0,0,0,0,0,0,0
7313,18449570237,Authentication,166,34,-58,920,0,11,0,0,0,0,0,0,0,0
7314,18449635773,Authentication,166,34,-57,920,0,11,0,0,0,0,0,0,0,0
7315,18449658455,Authentication,166,34,-17,920,0,11,0,0,0,0,0,0,720,0
7316,18449665226,Authentication,166,34,-18,920,0,11,0,0,1,0,0,0,720,0
7317,18449673143,Authentication,166,34,-17,920,0,11,0,0,1,0,0,0,720,0
7318,18449679813,Authentication,166,34,-16,920,0,11,0,0,1,0,0,0,720,0
7319,18449690102,S1G Beacon,129,34,-17,920,3,1,,,,,,,0,0
7320,18449734076,Authentication,166,34,-55,920,0,11,0,0,0,0,0,0,0,0
7321,18449799612,Authentication,166,34,-56,920,0,11,0,0,0,0,0,0,0,0
7322,18449832379,Authentication,166,34,-57,920,0,11,0,0,0,0,0,0,0,0
7323,18449868512,Authentication,166,34,-17,920,0,11,0,0,0,0,0,0,720,0
7324,18449874920,Authentication,166,34,-16,920,0,11,0,0,1,0,0,0,720,0
7325,18449881429,Authentication,166,34,-17,920,0,11,0,0,1,0,0,0,720,0
7326,18449887991,Authentication,166,34,-17,920,0,11,0,0,1,0,0,0,720,0
7327,18449897915,Authentication,166,34,-57,920,0,11,0,0,0,0,0,0,0,0
7328,18449932350,Data,312,34,-17,920,2,0,0,0,0,0,0,1,0,0
7329,18449941443,Data,332,34,-16,920,2,0,0,0,0,0,0,1,0,0
7330,18449996218,Authentication,166,34,-56,920,0,11,0,0,0,0,0,0,0,0
7331,18450056297,Data,287,34,-17,920,2,0,0,0,0,0,0,1,0,0
7332,18450088545,Authentication,166,34,-16,920,0,11,0,0,0,0,0,0,720,0
7333,18450094522,Authentication,166,34,-56,920,0,11,0,0,0,0,0,0,0,0
7334,18450099265,Authentication,166,34,-16,920,0,11,0,0,1,0,0,0,720,0
7335,18450105776,Authentication,166,34,-17,920,0,11,0,0,1,0,0,0,720,0
7336,18450112286,Authentication,166,34,-17,920,0,11,0,0,1,0,0,0,720,0
7337,18450160057,Authentication,166,34,-56,920,0,11,0,0,0,0,0,0,0,0
7338,18450210231,Authentication,166,34,-56,920,0,11,0,0,0,0,0,0,0,0
7339,18450258361,Authentication,166,34,-57,920,0,11,0,0,0,0,0,0,0,0
7340,18450288530,Authentication,166,34,-16,920,0,11,0,0,0,0,0,0,720,0
7341,18450295092,Authentication,166,34,-16,920,0,11,0,0,1,0,0,0,720,0
7342,18450301654,Authentication,166,34,-16,920,0,11,0,0,1,0,0,0,720,0
7343,18450308218,Authentication,166,34,-16,920,0,11,0,0,1,0,0,0,720,0
7344,18450323896,Authentication,166,34,-57,920,0,11,0,0,0,0,0,0,0,0
7345,18450356664,Authentication,166,34,-55,920,0,11,0,0,0,0,0,0,0,0
7346,18450422199,Authentication,166,34,-57,920,0,11,0,0,0,0,0,0,0,0
7347,18450475957,Authentication,166,34,-56,920,0,11,0,0,0,0,0,0,0,0
7348,18450509306,S1G Beacon,61,34,-17,920,3,1,,,,,,,0,0
7349,18450520503,Authentication,166,34,-56,920,0,11,0,0,0,0,0,0,0,0
7350,18450548543,Authentication,166,34,-16,920,0,11,0,0,0,0,0,0,720,0
7351,18450554951,Authentication,166,34,-16,920,0,11,0,0,1,0,0,0,720,0
7352,18450561357,Authentication,166,34,-17,920,0,11,0,0,1,0,0,0,720,0
7353,18450567817,Authentication,166,34,-16,920,0,11,0,0,1,0,0,0,720,0
7354,18450586039,Authentication,166,34,-57,920,0,11,0,0,0,0,0,0,0,0
7355,18450684342,Authentication,166,34,-56,920,0,11,0,0,0,0,0,0,0,0
7356,18450754918,Authentication,166,34,-18,920,0,11,0,0,1,0,0,0,720,0
7357,18450761794,Authentication,166,34,-16,920,0,11,0,0,1,0,0,0,720,0
7358,18450768343,Authentication,166,34,-17,920,0,11,0,0,1,0,0,0,720,0
7359,18450798004,Authentication,166,34,-56,920,0,11,0,0,0,0,0,0,0,0
7360,18450848181,Authentication,166,34,-56,920,0,11,0,0,0,0,0,0,0,0
7361,18450913717,Authentication,166,34,-56,920,0,11,0,0,0,0,0,0,0,0
7362,18450952627,Authentication,166,34,-57,920,0,11,0,0,0,0,0,0,0,0
7363,18450970118,Authentication,166,34,-17,920,0,11,0,0,1,0,0,0,720,0
7364,18450976578,Authentication,166,34,-17,920,0,11,0,0,1,0,0,0,720,0
7365,18450983249,Authentication,166,34,-16,920,0,11,0,0,1,0,0,0,720,0
7366,18451012020,Authentication,166,34,-56,920,0,11,0,0,0,0,0,0,0,0
7367,18451069360,Authentication,166,34,-57,920,0,11,0,0,0,0,0,0,0,0
7368,18451110323,Authentication,166,34,-56,920,0,11,0,0,0,0,0,0,0,0
7369,18451165143,Authentication,166,34,-16,920,0,11,0,0,0,0,0,0,720,0
7370,18451171916,Authentication,166,34,-16,920,0,11,0,0,1,0,0,0,720,0
7371,18451178585,Authentication,166,34,-55,920,0,11,0,0,1,0,0,0,720,0
7372,18451185149,Authentication,166,34,-17,920,0,11,0,0,1,0,0,0,720,0
7373,18451226032,Authentication,166,34,-58,920,0,11,0,0,0,0,0,0,0,0
7374,18451274163,Authentication,166,34,-55,920,0,11,0,0,0,0,0,0,0,0
7375,18451328511,S1G Beacon,129,34,-16,920,3,1,,,,,,,0,0
7376,18451338670,Authentication,166,34,-56,920,0,11,0,0,0,0,0,0,0,0
7377,18451361978,Authentication,166,34,-16,920,0,11,0,0,0,0,0,0,720,0
7378,18451368645,Authentication,166,34,-17,920,0,11,0,0,1,0,0,0,720,0
7379,18451375103,Authentication,166,34,-16,920,0,11,0,0,1,0,0,0,720,0
7380,18451380656,Authentication,166,34,-57,920,0,11,0,0,0,0,0,0,0,0
7381,18451385346,Authentication,166,34,-16,920,0,11,0,0,1,0,0,0,720,0
7382,18451438001,Authentication,166,34,-57,920,0,11,0,0,0,0,0,0,0,0
7383,18451503536,Authentication,166,34,-57,920,0,11,0,0,0,0,0,0,0,0
7384,18451536305,Authentication,166,34,-56,920,0,11,0,0,0,0,0,0,0,0
7385,18451566988,Authentication,166,34,-17,920,0,11,0,0,0,0,0,0,720,0
7386,18451573708,Authentication,166,34,-16,920,0,11,0,0,1,0,0,0,720,0
7387,18451580480,Authentication,166,34,-18,920,0,11,0,0,1,0,0,0,720,0
7388,18451586994,Authentication,166,34,-16,920,0,11,0,0,1,0,0,0,720,0
7389,18451601840,Authentication,166,34,-58,920,0,11,0,0,0,0,0,0,0,0
7390,18451660205,Authentication,166,34,-56,920,0,11,0,0,0,0,0,0,0,0
7391,18451700143,Authentication,166,34,-56,920,0,11,0,0,0,0,0,0,0,0
7392,18451765679,Authentication,166,34,-57,920,0,11,0,0,0,0,0,0,0,0
7393,18451848717,Authentication,166,34,-18,920,0,11,0,0,0,0,0,0,720,0
7394,18451855177,Authentication,166,34,-17,920,0,11,0,0,1,0,0,0,720,0
7395,18451860595,Authentication,166,34,-17,920,0,11,0,0,1,0,0,0,720,0
7396,18451868563,Authentication,166,34,-17,920,0,11,0,0,1,0,0,0,720,0
7397,18451929518,Authentication,166,34,-56,920,0,11,0,0,0,0,0,0,0,0
7398,18451962286,Authentication,166,34,-55,920,0,11,0,0,0,0,0,0,0,0
7399,18452027821,Authentication,166,34,-56,920,0,11,0,0,0,0,0,0,0,0
7400,18452048558,Authentication,166,34,-16,920,0,11,0,0,0,0,0,0,720,0
7401,18452055121,Authentication,166,34,-16,920,0,11,0,0,1,0,0,0,720,0
7402,18452061527,Authentication,166,34,-16,920,0,11,0,0,1,0,0,0,720,0
7403,18452068089,Authentication,166,34,-16,920,0,11,0,0,1,0,0,0,720,0
7404,18452090281,Authentication,166,34,-56,920,0,11,0,0,0,0,0,0,0,0
7405,18452127148,Authentication,166,34,-56,920,0,11,0,0,0,0,0,0,0,0
7406,18452147713,S1G Beacon,61,34,-17,920,3,1,,,,,,,0,0
7407,18452191660,Authentication,166,34,-56,920,0,11,0,0,0,0,0,0,0,0
7408,18452248521,Authentication,166,34,-17,920,0,11,0,0,0,0,0,0,720,0
7409,18452254981,Authentication,166,34,-16,920,0,11,0,0,1,0,0,0,720,0
7410,18452261700,Authentication,166,34,-17,920,0,11,0,0,1,0,0,0,720,0
7411,18452268210,Authentication,166,34,-16,920,0,11,0,0,1,0,0,0,720,0
7412,18452289964,Authentication,166,34,-55,920,0,11,0,0,0,0,0,0,0,0
7413,18452355499,Authentication,166,34,-56,920,0,11,0,0,0,0,0,0,0,0
7414,18452418471,Authentication,166,34,-57,920,0,11,0,0,0,0,0,0,0,0
7415,18452453802,Authentication,166,34,-56,920,0,11,0,0,0,0,0,0,0,0
7416,18452468891,Authentication,166,34,-18,920,0,11,0,0,0,0,0,0,720,0
7417,18452473948,Authentication,166,34,-17,920,0,11,0,0,1,0,0,0,720,0
7418,18452480668,Authentication,166,34,-19,920,0,11,0,0,1,0,0,0,720,0
7419,18452487335,Authentication,166,34,-18,920,0,11,0,0,1,0,0,0,720,0
7420,18452519338,Authentication,166,34,-56,920,0,11,0,0,0,0,0,0,0,0
7421,18452552107,Authentication,166,34,-55,920,0,11,0,0,0,0,0,0,0,0
7422,18452617641,Authentication,166,34,-57,920,0,11,0,0,0,0,0,0,0,0
7423,18452678483,Authentication,166,34,-19,920,0,11,0,0,0,0,0,0,720,0
7424,18452683798,Authentication,166,34,-19,920,0,11,0,0,1,0,0,0,720,0
7425,18452690464,Authentication,166,34,-19,920,0,11,0,0,1,0,0,0,720,0
7426,18452697132,Authentication,166,34,-18,920,0,11,0,0,1,0,0,0,720,0
7427,18452715944,Authentication,166,34,-56,920,0,11,0,0,0,0,0,0,0,0
7428,18452781480,Authentication,166,34,-56,920,0,11,0,0,0,0,0,0,0,0
7429,18452831654,Authentication,166,34,-56,920,0,11,0,0,0,0,0,0,0,0
7430,18452879784,Authentication,166,34,-56,920,0,11,0,0,0,0,0,0,0,0
7431,18452928484,Authentication,166,34,-20,920,0,11,0,0,0,0,0,0,720,0
7432,18452935098,Authentication,166,34,-18,920,0,11,0,0,1,0,0,0,720,0
7433,18452941765,Authentication,166,34,-17,920,0,11,0,0,1,0,0,0,720,0
7434,18452949979,Authentication,166,34,-18,920,0,11,0,0,1,0,0,0,720,0
7435,18452966915,S1G Beacon,129,34,-19,920,3,1,,,,,,,0,0
7436,18452978087,Authentication,166,34,-57,920,0,11,0,0,0,0,0,0,0,0
7437,18453043623,Authentication,166,34,-56,920,0,11,0,0,0,0,0,0,0,0
7438,18453068647,QoS Data,149,34,-15,920,2,8,1,0,0,0,0,1,720,0
7441,18453077661,QoS Data,131,34,-19,920,2,8,1,0,0,0,0,1,720,0
7443,18453080037,QoS Data,131,34,-27,920,2,8,0,0,0,0,0,1,720,0
7444,18453083750,Data,287,34,-17,920,2,0,0,0,0,0,0,1,0,0
7445,18453091641,QoS Data,131,34,-24,920,2,8,0,0,1,0,0,1,720,0
7447,18453128477,Authentication,166,34,-20,920,0,11,0,0,0,0,0,0,720,0
7448,18453134261,Authentication,166,34,-18,920,0,11,0,0,1,0,0,0,720,0
7449,18453140927,Authentication,166,34,-19,920,0,11,0,0,1,0,0,0,720,0
7450,18453147492,Authentication,166,34,-20,920,0,11,0,0,1,0,0,0,720,0
7451,18453207462,Authentication,166,34,-57,920,0,11,0,0,0,0,0,0,0,0
7452,18453253025,QoS Data,128,34,-16,920,2,8,1,0,0,0,0,1,720,0
7454,18453256780,QoS Data,128,34,-15,920,2,8,1,0,1,0,0,1,720,0
7456,18453260422,QoS Data,128,34,-28,920,2,8,0,0,0,0,0,1,720,0
7458,18453305765,Authentication,166,34,-56,920,0,11,0,0,0,0,0,0,0,0
7459,18453318464,Authentication,166,34,-19,920,0,11,0,0,0,0,0,0,720,0
7460,18453325081,Authentication,166,34,-19,920,0,11,0,0,1,0,0,0,720,0
7461,18453330707,Authentication,166,34,-19,920,0,11,0,0,1,0,0,0,720,0
7462,18453337324,Authentication,166,34,-19,920,0,11,0,0,1,0,0,0,720,0
7463,18453371300,Authentication,166,34,-56,920,0,11,0,0,0,0,0,0,0,0
7464,18453404069,Authentication,166,34,-56,920,0,11,0,0,0,0,0,0,0,0
7465,18453469604,Authentication,166,34,-58,920,0,11,0,0,0,0,0,0,0,0
7466,18453527967,Authentication,166,34,-57,920,0,11,0,0,0,0,0,0,0,0
7467,18453532553,Authentication,166,34,-19,920,0,11,0,0,0,0,0,0,720,0
7468,18453538803,Authentication,166,34,-19,920,0,11,0,0,1,0,0,0,720,0
7469,18453545366,Authentication,166,34,-19,920,0,11,0,0,1,0,0,0,720,0
7470,18453551984,Authentication,166,34,-19,920,0,11,0,0,1,0,0,0,720,0
7471,18453567907,Authentication,166,34,-56,920,0,11,0,0,0,0,0,0,0,0
7472,18453633443,Authentication,166,34,-56,920,0,11,0,0,0,0,0,0,0,0
7473,18453670307,Authentication,166,34,-55,920,0,11,0,0,0,0,0,0,0,0
7474,18453728647,Authentication,166,34,-19,920,0,11,0,0,0,0,0,0,720,0
7475,18453736305,Authentication,166,34,-19,920,0,11,0,0,1,0,0,0,720,0
7476,18453742920,Authentication,166,34,-18,920,0,11,0,0,1,0,0,0,720,0
7477,18453749638,Authentication,166,34,-18,920,0,11,0,0,1,0,0,0,720,0
7478,18453786118,S1G Beacon,61,34,-19,920,3,1,,,,,,,0,0
7479,18453797282,Authentication,166,34,-55,920,0,11,0,0,0,0,0,0,0,0
7480,18453830050,Authentication,166,34,-57,920,0,11,0,0,0,0,0,0,0,0
7481,18453895586,Authentication,166,34,-56,920,0,11,0,0,0,0,0,0,0,0
7482,18453918527,Authentication,166,34,-19,920,0,11,0,0,0,0,0,0,720,0
7483,18453924936,Authentication,166,34,-19,920,0,11,0,0,1,0,0,0,720,0
7484,18453931396,Authentication,166,34,-19,920,0,11,0,0,1,0,0,0,720,0
7485,18453937802,Authentication,166,34,-19,920,0,11,0,0,1,0,0,0,720,0
7486,18453946783,Authentication,166,34,-57,920,0,11,0,0,0,0,0,0,0,0
7487,18453993888,Authentication,166,34,-56,920,0,11,0,0,0,0,0,0,0,0
7488,18454059425,Authentication,166,34,-56,920,0,11,0,0,0,0,0,0,0,0
7489,18454100383,Authentication,166,34,-58,920,0,11,0,0,0,0,0,0,0,0
7490,18454157727,Authentication,166,34,-56,920,0,11,0,0,0,0,0,0,0,0
7491,18454188522,Authentication,166,34,-18,920,0,11,0,0,0,0,0,0,720,0
7492,18454195292,Authentication,166,34,-19,920,0,11,0,0,1,0,0,0,720,0
7493,18454201906,Authentication,166,34,-19,920,0,11,0,0,1,0,0,0,720,0
7494,18454208676,Authentication,166,34,-18,920,0,11,0,0,1,0,0,0,720,0
7495,18454256031,Authentication,166,34,-56,920,0,11,0,0,0,0,0,0,0,0
7496,18454321566,Authentication,166,34,-56,920,0,11,0,0,0,0,0,0,0,0
7497,18454366621,Authentication,166,34,-57,920,0,11,0,0,0,0,0,0,0,0
7498,18454408409,Authentication,166,34,-19,920,0,11,0,0,0,0,0,0,720,0
7499,18454415131,Authentication,166,34,-19,920,0,11,0,0,1,0,0,0,720,0
7500,18454419870,Authentication,166,34,-55,920,0,11,0,0,0,0,0,0,0,0
7501,18454424507,Authentication,166,34,-18,920,0,11,0,0,1,0,0,0,720,0
7502,18454431272,Authentication,166,34,-18,920,0,11,0,0,1,0,0,0,720,0
7503,18454483353,Authentication,166,34,-56,920,0,11,0,0,0,0,0,0,0,0
7504,18454519197,Authentication,166,34,-57,920,0,11,0,0,0,0,0,0,0,0
7505,18454583709,Authentication,166,34,-56,920,0,11,0,0,0,0,0,0,0,0
7506,18454605320,S1G Beacon,129,34,-20,920,3,1,,,,,,,0,0
7507,18454609947,Authentication,166,34,-18,920,0,11,0,0,0,0,0,0,720,0
7508,18454616510,Authentication,166,34,-20,920,0,11,0,0,1,0,0,0,720,0
7509,18454623177,Authentication,166,34,-18,920,0,11,0,0,1,0,0,0,720,0
7510,18454628439,Authentication,166,34,-19,920,0,11,0,0,1,0,0,0,720,0
7511,18454649244,Authentication,166,34,-57,920,0,11,0,0,0,0,0,0,0,0
7512,18454682012,Authentication,166,34,-57,920,0,11,0,0,0,0,0,0,0,0
7513,18454747548,Authentication,166,34,-56,920,0,11,0,0,0,0,0,0,0,0
7514,18454795674,Authentication,166,34,-55,920,0,11,0,0,0,0,0,0,0,0
7515,18454808528,Authentication,166,34,-19,920,0,11,0,0,0,0,0,0,720,0
7516,18454815248,Authentication,166,34,-18,920,0,11,0,0,1,0,0,0,720,0
7517,18454821654,Authentication,166,34,-19,920,0,11,0,0,1,0,0,0,720,0
7518,18454828309,Authentication,166,34,-18,920,0,11,0,0,1,0,0,0,720,0
7519,18454845851,Authentication,166,34,-57,920,0,11,0,0,0,0,0,0,0,0
7520,18454911387,Authentication,166,34,-56,920,0,11,0,0,0,0,0,0,0,0
7521,18455009690,Authentication,166,34,-57,920,0,11,0,0,0,0,0,0,0,0
7522,18455018437,Authentication,166,34,-18,920,0,11,0,0,0,0,0,0,720,0
7523,18455025053,Authentication,166,34,-18,920,0,11,0,0,1,0,0,0,720,0
7524,18455031511,Authentication,166,34,-19,920,0,11,0,0,1,0,0,0,720,0
7525,18455038283,Authentication,166,34,-19,920,0,11,0,0,1,0,0,0,720,0
7526,18455075226,Authentication,166,34,-56,920,0,11,0,0,0,0,0,0,0,0
7527,18455107993,Authentication,166,34,-55,920,0,11,0,0,0,0,0,0,0,0
7528,18455173529,Authentication,166,34,-57,920,0,11,0,0,0,0,0,0,0,0
7529,18455233630,Authentication,166,34,-19,920,0,11,0,0,0,0,0,0,720,0
7530,18455239065,Authentication,166,34,-56,920,0,11,0,0,0,0,0,0,0,0
7531,18455243910,Authentication,166,34,-18,920,0,11,0,0,1,0,0,0,720,0
7532,18455250578,Authentication,166,34,-18,920,0,11,0,0,1,0,0,0,720,0
7533,18455256986,Authentication,166,34,-18,920,0,11,0,0,1,0,0,0,720,0
7534,18455271832,Authentication,166,34,-56,920,0,11,0,0,0,0,0,0,0,0
7535,18455337368,Authentication,166,34,-56,920,0,11,0,0,0,0,0,0,0,0
7536,18455393685,Authentication,166,34,-57,920,0,11,0,0,0,0,0,0,0,0
7537,18455424527,S1G Beacon,61,34,-19,920,3,1,,,,,,,0,0
7538,18455435672,Authentication,166,34,-57,920,0,11,0,0,0,0,0,0,0,0
7539,18455498512,Authentication,166,34,-20,920,0,11,0,0,0,0,0,0,720,0
7540,18455504918,Authentication,166,34,-19,920,0,11,0,0,1,0,0,0,720,0
7541,18455511376,Authentication,166,34,-19,920,0,11,0,0,1,0,0,0,720,0
7542,18455516431,Authentication,166,34,-18,920,0,11,0,0,1,0,0,0,720,0
7543,18455543190,Authentication,166,34,-57,920,0,11,0,0,0,0,0,0,0,0
7544,18455599511,Authentication,166,34,-56,920,0,11,0,0,0,0,0,0,0,0
7545,18455665046,Authentication,166,34,-56,920,0,11,0,0,0,0,0,0,0,0
7546,18455698454,Authentication,166,34,-21,920,0,11,0,0,0,0,0,0,720,0
7547,18455704965,Authentication,166,34,-20,920,0,11,0,0,1,0,0,0,720,0
7548,18455711115,Authentication,166,34,-19,920,0,11,0,0,1,0,0,0,720,0
7549,18455718873,Authentication,166,34,-20,920,0,11,0,0,1,0,0,0,720,0
7550,18455763350,Authentication,166,34,-57,920,0,11,0,0,0,0,0,0,0,0
7551,18455828885,Authentication,166,34,-56,920,0,11,0,0,0,0,0,0,0,0
7552,18455863701,Authentication,166,34,-58,920,0,11,0,0,0,0,0,0,0,0
7553,18455886590,Authentication,166,34,-18,920,0,11,0,0,0,0,0,0,720,0
7554,18455893310,Authentication,166,34,-19,920,0,11,0,0,1,0,0,0,720,0
7555,18455899767,Authentication,166,34,-19,920,0,11,0,0,1,0,0,0,720,0
7556,18455906174,Authentication,166,34,-18,920,0,11,0,0,1,0,0,0,720,0
7557,18455927188,Authentication,166,34,-57,920,0,11,0,0,0,0,0,0,0,0
7558,18455979410,Authentication,166,34,-56,920,0,11,0,0,0,0,0,0,0,0
7559,18456025491,Authentication,166,34,-56,920,0,11,0,0,0,0,0,0,0,0
7560,18456087500,Authentication,166,34,-19,920,0,11,0,0,0,0,0,0,720,0
7561,18456095623,Authentication,166,34,-19,920,0,11,0,0,1,0,0,0,720,0
7562,18456109270,Data,287,34,-20,920,2,0,0,0,0,0,0,1,0,0
7563,18456117057,Authentication,166,34,-18,920,0,11,0,0,1,0,0,0,720,0
7564,18456152463,Authentication,166,34,-56,920,0,11,0,0,0,0,0,0,0,0
7565,18456189330,Authentication,166,34,-57,920,0,11,0,0,0,0,0,0,0,0
7566,18456243728,S1G Beacon,129,34,-19,920,3,1,,,,,,,0,0
7567,18456254866,Authentication,166,34,-57,920,0,11,0,0,0,0,0,0,0,0
7568,18456278535,Authentication,166,34,-19,920,0,11,0,0,0,0,0,0,720,0
7569,18456285150,Authentication,166,34,-18,920,0,11,0,0,1,0,0,0,720,0
7570,18456291816,Authentication,166,34,-18,920,0,11,0,0,1,0,0,0,720,0
7571,18456298535,Authentication,166,34,-20,920,0,11,0,0,1,0,0,0,720,0
7572,18456308112,Authentication,166,34,-57,920,0,11,0,0,0,0,0,0,0,0
7573,18456353169,Authentication,166,34,-57,920,0,11,0,0,0,0,0,0,0,0
7574,18456418705,Authentication,166,34,-56,920,0,11,0,0,0,0,0,0,0,0
7575,18456453085,Data,243,34,-18,920,2,0,0,0,0,0,0,1,0,0
7576,18456461115,Data,263,34,-19,920,2,0,0,0,0,0,0,1,0,0
7577,18456498449,Authentication,166,34,-20,920,0,11,0,0,0,0,0,0,720,0
7578,18456505012,Authentication,166,34,-18,920,0,11,0,0,1,0,0,0,720,0
7579,18456511573,Authentication,166,34,-19,920,0,11,0,0,1,0,0,0,720,0
7580,18456517008,Authentication,166,34,-56,920,0,11,0,0,0,0,0,0,0,0
7581,18456521906,Authentication,166,34,-18,920,0,11,0,0,1,0,0,0,720,0
7582,18456575373,Authentication,166,34,-56,920,0,11,0,0,0,0,0,0,0,0
7583,18456615312,Authentication,166,34,-56,920,0,11,0,0,0,0,0,0,0,0
7584,18456680847,Authentication,166,34,-56,920,0,11,0,0,0,0,0,0,0,0
7585,18456708436,Authentication,166,34,-19,920,0,11,0,0,0,0,0,0,720,0
7586,18456714845,Authentication,166,34,-19,920,0,11,0,0,1,0,0,0,720,0
7587,18456721458,Authentication,166,34,-20,920,0,11,0,0,1,0,0,0,720,0
7588,18456779151,Authentication,166,34,-57,920,0,11,0,0,0,0,0,0,0,0
7589,18456844686,Authentication,166,34,-57,920,0,11,0,0,0,0,0,0,0,0
7590,18456891788,Authentication,166,34,-56,920,0,11,0,0,0,0,0,0,0,0
7591,18456918682,Authentication,166,34,-19,920,0,11,0,0,0,0,0,0,720,0
7592,18456925090,Authentication,166,34,-19,920,0,11,0,0,1,0,0,0,720,0
7593,18456931808,Authentication,166,34,-19,920,0,11,0,0,1,0,0,0,720,0
7594,18456937175,Authentication,166,34,-19,920,0,11,0,0,1,0,0,0,720,0
7595,18456942990,Authentication,166,34,-56,920,0,11,0,0,0,0,0,0,0,0
7596,18457008525,Authentication,166,34,-56,920,0,11,0,0,0,0,0,0,0,0
7597,18457046412,Authentication,166,34,-57,920,0,11,0,0,0,0,0,0,0,0
7598,18457062931,S1G Beacon,61,34,-19,920,3,1,,,,,,,0,0
7599,18457106828,Authentication,166,34,-57,920,0,11,0,0,0,0,0,0,0,0
7600,18457166217,Authentication,166,34,-56,920,0,11,0,0,0,0,0,0,0,0
7601,18457171479,Authentication,166,34,-19,920,0,11,0,0,0,0,0,0,720,0
7602,18457177888,Authentication,166,34,-20,920,0,11,0,0,1,0,0,0,720,0
7603,18457184295,Authentication,166,34,-19,920,0,11,0,0,1,0,0,0,720,0
7604,18457189817,Authentication,166,34,-20,920,0,11,0,0,1,0,0,0,720,0
7605,18457205132,Authentication,166,34,-56,920,0,11,0,0,0,0,0,0,0,0
7606,18457270668,Authentication,166,34,-56,920,0,11,0,0,0,0,0,0,0,0
7607,18457303435,Authentication,166,34,-56,920,0,11,0,0,0,0,0,0,0,0
7608,18457368971,Authentication,166,34,-56,920,0,11,0,0,0,0,0,0,0,0
7609,18457374232,Authentication,166,34,-19,920,0,11,0,0,0,0,0,0,720,0
7610,18457380743,Authentication,166,34,-19,920,0,11,0,0,1,0,0,0,720,0
7611,18457387307,Authentication,166,34,-19,920,0,11,0,0,1,0,0,0,720,0
7612,18457394081,Authentication,166,34,-19,920,0,11,0,0,1,0,0,0,720,0
7613,18457453757,Data,243,34,-20,920,2,0,0,0,0,0,0,1,0,0
7614,18457461007,Data,263,34,-19,920,2,0,0,0,0,0,0,1,0,0
7615,18457532810,Authentication,166,34,-57,920,0,11,0,0,0,0,0,0,0,0
7616,18457578887,Authentication,166,34,-57,920,0,11,0,0,0,0,0,0,0,0
7617,18457598501,Authentication,166,34,-20,920,0,11,0,0,0,0,0,0,720,0
7618,18457605273,Authentication,166,34,-19,920,0,11,0,0,1,0,0,0,720,0
7619,18457611785,Authentication,166,34,-18,920,0,11,0,0,1,0,0,0,720,0
7620,18457618192,Authentication,166,34,-19,920,0,11,0,0,1,0,0,0,720,0
7621,18457631113,Authentication,166,34,-56,920,0,11,0,0,0,0,0,0,0,0
7622,18457693573,Authentication,166,34,-57,920,0,11,0,0,0,0,0,0,0,0
7623,18457729417,Authentication,166,34,-55,920,0,11,0,0,0,0,0,0,0,0
7624,18457794952,Authentication,166,34,-57,920,0,11,0,0,0,0,0,0,0,0
7625,18457848468,Authentication,166,34,-19,920,0,11,0,0,0,0,0,0,720,0
7626,18457854979,Authentication,166,34,-20,920,0,11,0,0,1,0,0,0,720,0
7627,18457861749,Authentication,166,34,-19,920,0,11,0,0,1,0,0,0,720,0
7628,18457868315,Authentication,166,34,-20,920,0,11,0,0,1,0,0,0,720,0
7629,18457893256,Authentication,166,34,-55,920,0,11,0,0,0,0,0,0,0,0
7630,18457897840,S1G Beacon,129,34,-19,920,3,1,,,,,,,0,0
7631,18457958791,Authentication,166,34,-57,920,0,11,0,0,0,0,0,0,0,0
7632,18458057095,Authentication,166,34,-57,920,0,11,0,0,0,0,0,0,0,0
7633,18458062305,Authentication,166,34,-18,920,0,11,0,0,0,0,0,0,720,0
7634,18458068870,Authentication,166,34,-18,920,0,11,0,0,1,0,0,0,720,0
7635,18458075327,Authentication,166,34,-18,920,0,11,0,0,1,0,0,0,720,0
7636,18458081994,Authentication,166,34,-18,920,0,11,0,0,1,0,0,0,720,0
7637,18458104303,QoS Data,148,34,-16,920,2,8,1,0,0,0,0,1,720,0
7639,18458107573,QoS Data,148,34,-27,920,2,8,0,0,0,0,0,1,720,0
7641,18458110455,QoS Data,148,34,-15,920,2,8,1,0,1,0,0,1,720,0
7643,18458113988,QoS Data,131,34,-17,920,2,8,1,0,0,0,0,1,720,0
7645,18458116335,QoS Data,131,34,-27,920,2,8,0,0,0,0,0,1,720,0
7647,18458120570,RTS,54,34,-15,920,1,11,,,,0,0,0,4972,0
7649,18458122553,QoS Data,148,34,-15,920,2,8,1,0,1,0,0,1,720,0
7651,18458155398,Authentication,166,34,-56,920,0,11,0,0,0,0,0,0,0,0
7652,18458220933,Authentication,166,34,-56,920,0,11,0,0,0,0,0,0,0,0
7653,18458252402,QoS Data,128,34,-15,920,2,8,1,0,0,0,0,1,720,0
7655,18458255421,QoS Data,128,34,-28,920,2,8,0,0,0,0,0,1,720,0
7657,18458275203,Authentication,166,34,-57,920,0,11,0,0,0,0,0,0,0,0
7658,18458279944,Authentication,166,34,-19,920,0,11,0,0,0,0,0,0,720,0
7659,18458286715,Authentication,166,34,-19,920,0,11,0,0,1,0,0,0,720,0
7660,18458291720,Authentication,166,34,-19,920,0,11,0,0,1,0,0,0,720,0
7661,18458298386,Authentication,166,34,-19,920,0,11,0,0,1,0,0,0,720,0
7662,18458319237,Authentication,166,34,-56,920,0,11,0,0,0,0,0,0,0,0
7663,18458384772,Authentication,166,34,-57,920,0,11,0,0,0,0,0,0,0,0
7664,18458454028,Data,258,34,-19,920,2,0,0,0,0,0,0,1,0,0
7665,18458461679,Data,278,34,-19,920,2,0,0,0,0,0,0,1,0,0
7666,18458487713,Authentication,166,34,-21,920,0,11,0,0,1,0,0,0,720,0
7667,18458494119,Authentication,166,34,-19,920,0,11,0,0,1,0,0,0,720,0
7668,18458500889,Authentication,166,34,-19,920,0,11,0,0,1,0,0,0,720,0
7669,18458548611,Authentication,166,34,-56,920,0,11,0,0,0,0,0,0,0,0
7670,18458581379,Authentication,166,34,-57,920,0,11,0,0,0,0,0,0,0,0
7671,18458646915,Authentication,166,34,-57,920,0,11,0,0,0,0,0,0,0,0
7672,18458688687,Authentication,166,34,-20,920,0,11,0,0,0,0,0,0,720,0
7673,18458695095,Authentication,166,34,-40,920,0,11,0,0,1,0,0,0,720,0
7674,18458701338,S1G Beacon,61,34,-19,920,3,1,,,,,,,0,0
7675,18458703283,Authentication,166,34,-19,920,0,11,0,0,1,0,0,0,720,0
7676,18458709845,Authentication,166,34,-19,920,0,11,0,0,1,0,0,0,720,0
7677,18458810754,Authentication,166,34,-56,920,0,11,0,0,0,0,0,0,0,0
7678,18458843522,Authentication,166,34,-56,920,0,11,0,0,0,0,0,0,0,0
7679,18458909057,Authentication,166,34,-56,920,0,11,0,0,0,0,0,0,0,0
7680,18458948450,Authentication,166,34,-19,920,0,11,0,0,0,0,0,0,720,0
7681,18458955013,Authentication,166,34,-19,920,0,11,0,0,1,0,0,0,720,0
7682,18458961628,Authentication,166,34,-18,920,0,11,0,0,1,0,0,0,720,0
7683,18458966788,Authentication,166,34,-18,920,0,11,0,0,1,0,0,0,720,0
7684,18459007360,Authentication,166,34,-57,920,0,11,0,0,0,0,0,0,0,0
7685,18459072895,Authentication,166,34,-55,920,0,11,0,0,0,0,0,0,0,0
7686,18459108736,Authentication,166,34,-57,920,0,11,0,0,0,0,0,0,0,0
7687,18459128624,Data,287,34,-19,920,2,0,0,0,0,0,0,1,0,0
7688,18459168484,Authentication,166,34,-19,920,0,11,0,0,0,0,0,0,720,0
7689,18459175776,Authentication,166,34,-21,920,0,11,0,0,1,0,0,0,720,0
7690,18459182445,Authentication,166,34,-19,920,0,11,0,0,1,0,0,0,720,0
7691,18459188852,Authentication,166,34,-19,920,0,11,0,0,1,0,0,0,720,0
7692,18459221373,Authentication,166,34,-57,920,0,11,0,0,0,0,0,0,0,0
7693,18459269503,Authentication,166,34,-57,920,0,11,0,0,0,0,0,0,0,0
7694,18459335038,Authentication,166,34,-57,920,0,11,0,0,0,0,0,0,0,0
7695,18459367806,Authentication,166,34,-57,920,0,11,0,0,0,0,0,0,0,0
7696,18459372392,Authentication,166,34,-19,920,0,11,0,0,0,0,0,0,720,0
7697,18459378801,Authentication,166,34,-19,920,0,11,0,0,1,0,0,0,720,0
7698,18459385314,Authentication,166,34,-19,920,0,11,0,0,1,0,0,0,720,0
7699,18459391980,Authentication,166,34,-18,920,0,11,0,0,1,0,0,0,720,0
7700,18459433342,Authentication,166,34,-56,920,0,11,0,0,0,0,0,0,0,0
7701,18459454829,Data,258,34,-19,920,2,0,0,0,0,0,0,1,0,0
7702,18459462531,Data,278,34,-18,920,2,0,0,0,0,0,0,1,0,0
7703,18459485564,Authentication,166,34,-55,920,0,11,0,0,0,0,0,0,0,0
7704,18459520542,S1G Beacon,129,34,-19,920,3,1,,,,,,,0,0
7705,18459531645,Authentication,166,34,-56,920,0,11,0,0,0,0,0,0,0,0
7706,18459558382,Authentication,166,34,-20,920,0,11,0,0,0,0,0,0,720,0
7707,18459565051,Authentication,166,34,-19,920,0,11,0,0,1,0,0,0,720,0
7708,18459571457,Authentication,166,34,-19,920,0,11,0,0,1,0,0,0,720,0
7709,18459578230,Authentication,166,34,-18,920,0,11,0,0,1,0,0,0,720,0
7710,18459597181,Authentication,166,34,-56,920,0,11,0,0,0,0,0,0,0,0
7711,18459629948,Authentication,166,34,-56,920,0,11,0,0,0,0,0,0,0,0
7712,18459695484,Authentication,166,34,-56,920,0,11,0,0,0,0,0,0,0,0
7713,18459748728,Authentication,166,34,-57,920,0,11,0,0,0,0,0,0,0,0
7714,18459768446,Authentication,166,34,-19,920,0,11,0,0,0,0,0,0,720,0
7715,18459774230,Authentication,166,34,-19,920,0,11,0,0,1,0,0,0,720,0
7716,18459780898,Authentication,166,34,-19,920,0,11,0,0,1,0,0,0,720,0
7717,18459859323,Authentication,166,34,-56,920,0,11,0,0,0,0,0,0,0,0
7718,18459905401,Authentication,166,34,-56,920,0,11,0,0,0,0,0,0,0,0
7719,18459953668,Authentication,166,34,-18,920,0,11,0,0,0,0,0,0,720,0
7720,18459962105,Authentication,166,34,-20,920,0,11,0,0,1,0,0,0,720,0
7721,18459968510,Authentication,166,34,-19,920,0,11,0,0,1,0,0,0,720,0
7722,18459975231,Authentication,166,34,-19,920,0,11,0,0,1,0,0,0,720,0
7723,18460023162,Authentication,166,34,-56,920,0,11,0,0,0,0,0,0,0,0
7724,18460057978,Authentication,166,34,-56,920,0,11,0,0,0,0,0,0,0,0
7725,18460121465,Authentication,166,34,-57,920,0,11,0,0,0,0,0,0,0,0
7726,18460181877,Authentication,166,34,-56,920,0,11,0,0,0,0,0,0,0,0
7727,18460219768,Authentication,166,34,-57,920,0,11,0,0,0,0,0,0,0,0
7728,18460225029,Authentication,166,34,-19,920,0,11,0,0,0,0,0,0,720,0
7729,18460231489,Authentication,166,34,-18,920,0,11,0,0,1,0,0,0,720,0
7730,18460238051,Authentication,166,34,-18,920,0,11,0,0,1,0,0,0,720,0
7731,18460244458,Authentication,166,34,-19,920,0,11,0,0,1,0,0,0,720,0
7732,18460285304,Authentication,166,34,-57,920,0,11,0,0,0,0,0,0,0,0
7733,18460330359,Authentication,166,34,-56,920,0,11,0,0,0,0,0,0,0,0
7734,18460339746,S1G Beacon,61,34,-19,920,3,1,,,,,,,0,0
7735,18460383607,Authentication,166,34,-57,920,0,11,0,0,0,0,0,0,0,0
7736,18460428475,Authentication,166,34,-19,920,0,11,0,0,0,0,0,0,720,0
7737,18460435196,Authentication,166,34,-18,920,0,11,0,0,1,0,0,0,720,0
7738,18460441705,Authentication,166,34,-19,920,0,11,0,0,1,0,0,0,720,0
7739,18460448269,Authentication,166,34,-19,920,0,11,0,0,1,0,0,0,720,0
7740,18460454157,Data,243,34,-19,920,2,0,0,0,0,0,0,1,0,0
7741,18460461406,Data,263,34,-19,920,2,0,0,0,0,0,0,1,0,0
7742,18460481911,Authentication,166,34,-56,920,0,11,0,0,0,0,0,0,0,0
7743,18460547446,Authentication,166,34,-57,920,0,11,0,0,0,0,0,0,0,0
7744,18460596596,Authentication,166,34,-56,920,0,11,0,0,0,0,0,0,0,0
7745,18460645750,Authentication,166,34,-57,920,0,11,0,0,0,0,0,0,0,0
7746,18460650439,Authentication,166,34,-19,920,0,11,0,0,0,0,0,0,720,0
7747,18460662630,Authentication,166,34,-19,920,0,11,0,0,1,0,0,0,720,0
7748,18460667791,Authentication,166,34,-19,920,0,11,0,0,1,0,0,0,720,0
7749,18460711285,Authentication,166,34,-56,920,0,11,0,0,0,0,0,0,0,0
7750,18460751220,Authentication,166,34,-57,920,0,11,0,0,0,0,0,0,0,0
7751,18460809589,Authentication,166,34,-55,920,0,11,0,0,0,0,0,0,0,0
7752,18460848425,Authentication,166,34,-19,920,0,11,0,0,0,0,0,0,720,0
7753,18460854938,Authentication,166,34,-19,920,0,11,0,0,1,0,0,0,720,0
7754,18460860722,Authentication,166,34,-19,920,0,11,0,0,1,0,0,0,720,0
7755,18460867493,Authentication,166,34,-18,920,0,11,0,0,1,0,0,0,720,0
7756,18460875124,Authentication,166,34,-57,920,0,11,0,0,0,0,0,0,0,0
7757,18460907892,Authentication,166,34,-57,920,0,11,0,0,0,0,0,0,0,0
7758,18460973428,Authentication,166,34,-55,920,0,11,0,0,0,0,0,0,0,0
7759,18461023602,Authentication,166,34,-56,920,0,11,0,0,0,0,0,0,0,0
7760,18461042501,Authentication,166,34,-20,920,0,11,0,0,0,0,0,0,720,0
7761,18461048869,Authentication,166,34,-19,920,0,11,0,0,1,0,0,0,720,0
7762,18461054184,Authentication,166,34,-18,920,0,11,0,0,1,0,0,0,720,0
7763,18461060697,Authentication,166,34,-18,920,0,11,0,0,1,0,0,0,720,0
7764,18461071731,Authentication,166,34,-56,920,0,11,0,0,0,0,0,0,0,0
7765,18461158949,S1G Beacon,129,34,-19,920,3,1,,,,,,,0,0
7766,18461173107,Authentication,166,34,-56,920,0,11,0,0,0,0,0,0,0,0
7767,18461235570,Authentication,166,34,-57,920,0,11,0,0,0,0,0,0,0,0
7768,18461258513,Authentication,166,34,-18,920,0,11,0,0,0,0,0,0,720,0
7769,18461264921,Authentication,166,34,-19,920,0,11,0,0,1,0,0,0,720,0
7770,18461271327,Authentication,166,34,-19,920,0,11,0,0,1,0,0,0,720,0
7771,18461277993,Authentication,166,34,-19,920,0,11,0,0,1,0,0,0,720,0
7772,18461301106,Authentication,166,34,-56,920,0,11,0,0,0,0,0,0,0,0
7773,18461333874,Authentication,166,34,-56,920,0,11,0,0,0,0,0,0,0,0
7774,18461399409,Authentication,166,34,-57,920,0,11,0,0,0,0,0,0,0,0
7775,18461453678,Authentication,166,34,-56,920,0,11,0,0,0,0,0,0,0,0
7776,18461458889,Data,243,34,-19,920,2,0,0,0,0,0,0,1,0,0
7777,18461466138,Data,263,34,-19,920,2,0,0,0,0,0,0,1,0,0
7778,18461497712,Authentication,166,34,-57,920,0,11,0,0,0,0,0,0,0,0
7779,18461502297,Authentication,166,34,-19,920,0,11,0,0,0,0,0,0,720,0
7780,18461508288,Authentication,166,34,-18,920,0,11,0,0,1,0,0,0,720,0
7781,18461514850,Authentication,166,34,-19,920,0,11,0,0,1,0,0,0,720,0
7782,18461521257,Authentication,166,34,-18,920,0,11,0,0,1,0,0,0,720,0
7783,18461563248,Authentication,166,34,-57,920,0,11,0,0,0,0,0,0,0,0
7784,18461596016,Authentication,166,34,-57,920,0,11,0,0,0,0,0,0,0,0
7785,18461661552,Authentication,166,34,-56,920,0,11,0,0,0,0,0,0,0,0
7786,18461698431,Authentication,166,34,-18,920,0,11,0,0,0,0,0,0,720,0
7787,18461704944,Authentication,166,34,-19,920,0,11,0,0,1,0,0,0,720,0
7788,18461711508,Authentication,166,34,-19,920,0,11,0,0,1,0,0,0,720,0
7789,18461717967,Authentication,166,34,-20,920,0,11,0,0,1,0,0,0,720,0
7790,18461727087,Authentication,166,34,-56,920,0,11,0,0,0,0,0,0,0,0
7791,18461759855,Authentication,166,34,-56,920,0,11,0,0,0,0,0,0,0,0
7792,18461825390,Authentication,166,34,-56,920,0,11,0,0,0,0,0,0,0,0
7793,18461866349,Authentication,166,34,-55,920,0,11,0,0,0,0,0,0,0,0
7794,18461898470,Authentication,166,34,-20,920,0,11,0,0,0,0,0,0,720,0
7795,18461904932,Authentication,166,34,-18,920,0,11,0,0,1,0,0,0,720,0
7796,18461911339,Authentication,166,34,-18,920,0,11,0,0,1,0,0,0,720,0
7797,18461917903,Authentication,166,34,-19,920,0,11,0,0,1,0,0,0,720,0
7798,18461923693,Authentication,166,34,-57,920,0,11,0,0,0,0,0,0,0,0
7799,18461978150,S1G Beacon,61,34,-19,920,3,1,,,,,,,0,0
7800,18461989229,Authentication,166,34,-57,920,0,11,0,0,0,0,0,0,0,0
7801,18462021997,Authentication,166,34,-57,920,0,11,0,0,0,0,0,0,0,0
7802,18462087533,Authentication,166,34,-55,920,0,11,0,0,0,0,0,0,0,0
7803,18462115777,Authentication,166,34,-18,920,0,11,0,0,0,0,0,0,720,0
7804,18462122496,Authentication,166,34,-19,920,0,11,0,0,1,0,0,0,720,0
7805,18462129216,Authentication,166,34,-19,920,0,11,0,0,1,0,0,0,720,0
7806,18462135623,Authentication,166,34,-19,920,0,11,0,0,1,0,0,0,720,0
7807,18462141801,Authentication,166,34,-56,920,0,11,0,0,0,0,0,0,0,0
7808,18462152402,Data,287,34,-18,920,2,0,0,0,0,0,0,1,0,0
7809,18462185836,Authentication,166,34,-57,920,0,11,0,0,0,0,0,0,0,0
7810,18462251372,Authentication,166,34,-55,920,0,11,0,0,0,0,0,0,0,0
7811,18462288236,Authentication,166,34,-55,920,0,11,0,0,0,0,0,0,0,0
7812,18462328492,Authentication,166,34,-19,920,0,11,0,0,0,0,0,0,720,0
7813,18462335210,Authentication,166,34,-19,920,0,11,0,0,1,0,0,0,720,0
7814,18462341931,Authentication,166,34,-18,920,0,11,0,0,1,0,0,0,720,0
7815,18462348704,Authentication,166,34,-19,920,0,11,0,0,1,0,0,0,720,0
7816,18462396776,Authentication,166,34,-57,920,0,11,0,0,0,0,0,0,0,0
7817,18462447978,Authentication,166,34,-57,920,0,11,0,0,0,0,0,0,0,0
7818,18462455736,Data,312,34,-18,920,2,0,0,0,0,0,0,1,0,0
7819,18462464828,Data,332,34,-20,920,2,0,0,0,0,0,0,1,0,0
7820,18462513514,Authentication,166,34,-57,920,0,11,0,0,0,0,0,0,0,0
7821,18462559593,Authentication,166,34,-56,920,0,11,0,0,0,0,0,0,0,0
7822,18462611818,Authentication,166,34,-56,920,0,11,0,0,0,0,0,0,0,0
7823,18462617078,Authentication,166,34,-19,920,0,11,0,0,0,0,0,0,720,0
7824,18462623848,Authentication,166,34,-18,920,0,11,0,0,1,0,0,0,720,0
7825,18462630254,Authentication,166,34,-19,920,0,11,0,0,1,0,0,0,720,0
7826,18462636715,Authentication,166,34,-20,920,0,11,0,0,1,0,0,0,720,0
7827,18462677353,Authentication,166,34,-57,920,0,11,0,0,0,0,0,0,0,0
7828,18462720358,Authentication,166,34,-56,920,0,11,0,0,0,0,0,0,0,0
7829,18462775657,Authentication,166,34,-56,920,0,11,0,0,0,0,0,0,0,0
7830,18462797406,S1G Beacon,129,34,-20,920,3,1,,,,,,,0,0
7831,18462818466,Authentication,166,34,-19,920,0,11,0,0,0,0,0,0,720,0
7832,18462825131,Authentication,166,34,-19,920,0,11,0,0,1,0,0,0,720,0
7833,18462831695,Authentication,166,34,-18,920,0,11,0,0,1,0,0,0,720,0
7834,18462838260,Authentication,166,34,-19,920,0,11,0,0,1,0,0,0,720,0
7835,18462873960,Authentication,166,34,-56,920,0,11,0,0,0,0,0,0,0,0
7836,18462939495,Authentication,166,34,-58,920,0,11,0,0,0,0,0,0,0,0
7837,18462989669,Authentication,166,34,-57,920,0,11,0,0,0,0,0,0,0,0
7838,18463017775,Authentication,166,34,-19,920,0,11,0,0,0,0,0,0,720,0
7839,18463024289,Authentication,166,34,-20,920,0,11,0,0,1,0,0,0,720,0
7840,18463029969,Authentication,166,34,-19,920,0,11,0,0,1,0,0,0,720,0
7841,18463036377,Authentication,166,34,-18,920,0,11,0,0,1,0,0,0,720,0
7842,18463103334,Authentication,166,34,-56,920,0,11,0,0,0,0,0,0,0,0
7843,18463129450,QoS Data,149,34,-17,920,2,8,1,0,0,0,0,1,720,0
7847,18463141677,QoS Data,131,34,-26,920,2,8,0,0,0,0,0,1,720,0
7849,18463201638,Authentication,166,34,-57,920,0,11,0,0,0,0,0,0,0,0
7850,18463228426,Authentication,166,34,-18,920,0,11,0,0,0,0,0,0,720,0
7851,18463234991,Authentication,166,34,-18,920,0,11,0,0,1,0,0,0,720,0
7852,18463241760,Authentication,166,34,-19,920,0,11,0,0,1,0,0,0,720,0
7853,18463248271,Authentication,166,34,-19,920,0,11,0,0,1,0,0,0,720,0
7854,18463253681,QoS Data,128,34,-16,920,2,8,1,0,0,0,0,1,720,0
7856,18463256904,QoS Data,128,34,-26,920,2,8,0,0,0,0,0,1,720,0
7858,18463267173,Authentication,166,34,-57,920,0,11,0,0,0,0,0,0,0,0
7859,18463319394,Authentication,166,34,-56,920,0,11,0,0,0,0,0,0,0,0
7860,18463365476,Authentication,166,34,-56,920,0,11,0,0,0,0,0,0,0,0
7861,18463448443,Authentication,166,34,-21,920,0,11,0,0,0,0,0,0,720,0
7862,18463455476,Data,243,34,-18,920,2,0,0,0,0,0,0,1,0,0
7863,18463462727,Data,263,34,-18,920,2,0,0,0,0,0,0,1,0,0
7864,18463469873,Authentication,166,34,-20,920,0,11,0,0,1,0,0,0,720,0
7865,18463476330,Authentication,166,34,-19,920,0,11,0,0,1,0,0,0,720,0
7866,18463483104,Authentication,166,34,-18,920,0,11,0,0,1,0,0,0,720,0
7867,18463490401,Authentication,166,34,-57,920,0,11,0,0,0,0,0,0,0,0
7868,18463529315,Authentication,166,34,-56,920,0,11,0,0,0,0,0,0,0,0
7869,18463594851,Authentication,166,34,-57,920,0,11,0,0,0,0,0,0,0,0
7870,18463616559,S1G Beacon,61,34,-19,920,3,1,,,,,,,0,0
7871,18463627619,Authentication,166,34,-57,920,0,11,0,0,0,0,0,0,0,0
7872,18463648479,Authentication,166,34,-19,920,0,11,0,0,0,0,0,0,720,0
7873,18463654886,Authentication,166,34,-19,920,0,11,0,0,1,0,0,0,720,0
7874,18463661397,Authentication,166,34,-19,920,0,11,0,0,1,0,0,0,720,0
7875,18463667804,Authentication,166,34,-18,920,0,11,0,0,1,0,0,0,720,0
7876,18463693154,Authentication,166,34,-57,920,0,11,0,0,0,0,0,0,0,0
7877,18463753567,Authentication,166,34,-57,920,0,11,0,0,0,0,0,0,0,0
7878,18463791458,Authentication,166,34,-57,920,0,11,0,0,0,0,0,0,0,0
7879,18463856993,Authentication,166,34,-57,920,0,11,0,0,0,0,0,0,0,0
7880,18463888464,Authentication,166,34,-19,920,0,11,0,0,0,0,0,0,720,0
7881,18463895235,Authentication,166,34,-19,920,0,11,0,0,1,0,0,0,720,0
7882,18463900000,Authentication,166,34,-56,920,0,11,0,0,0,0,0,0,0,0
7883,18463904950,Authentication,166,34,-18,920,0,11,0,0,1,0,0,0,720,0
7884,18463911670,Authentication,166,34,-18,920,0,11,0,0,1,0,0,0,720,0
7885,18463955297,Authentication,166,34,-57,920,0,11,0,0,0,0,0,0,0,0
7886,18464020832,Authentication,166,34,-56,920,0,11,0,0,0,0,0,0,0,0
7887,18464053600,Authentication,166,34,-56,920,0,11,0,0,0,0,0,0,0,0
7888,18464108416,Authentication,166,34,-19,920,0,11,0,0,0,0,0,0,720,0
7889,18464113679,Authentication,166,34,-18,920,0,11,0,0,1,0,0,0,720,0
7890,18464119135,Authentication,166,34,-56,920,0,11,0,0,0,0,0,0,0,0
7891,18464123877,Authentication,166,34,-19,920,0,11,0,0,1,0,0,0,720,0
7892,18464130543,Authentication,166,34,-19,920,0,11,0,0,1,0,0,0,720,0
7893,18464217439,Authentication,166,34,-57,920,0,11,0,0,0,0,0,0,0,0
7894,18464282975,Authentication,166,34,-55,920,0,11,0,0,0,0,0,0,0,0
7895,18464318454,Authentication,166,34,-19,920,0,11,0,0,0,0,0,0,720,0
7896,18464325019,Authentication,166,34,-19,920,0,11,0,0,1,0,0,0,720,0
7897,18464331580,Authentication,166,34,-19,920,0,11,0,0,1,0,0,0,720,0
7898,18464338093,Authentication,166,34,-19,920,0,11,0,0,1,0,0,0,720,0
7899,18464381278,Authentication,166,34,-57,920,0,11,0,0,0,0,0,0,0,0
7900,18464435763,S1G Beacon,129,34,-19,920,3,1,,,,,,,0,0
7901,18464446814,Authentication,166,34,-56,920,0,11,0,0,0,0,0,0,0,0
7902,18464454521,Data,243,34,-19,920,2,0,0,0,0,0,0,1,0,0
7903,18464461771,Data,263,34,-18,920,2,0,0,0,0,0,0,1,0,0
7904,18464479581,Authentication,166,34,-56,920,0,11,0,0,0,0,0,0,0,0
7905,18464518654,Authentication,166,34,-19,920,0,11,0,0,0,0,0,0,720,0
7906,18464525114,Authentication,166,34,-20,920,0,11,0,0,1,0,0,0,720,0
7907,18464531002,Authentication,166,34,-19,920,0,11,0,0,1,0,0,0,720,0
7908,18464537619,Authentication,166,34,-18,920,0,11,0,0,1,0,0,0,720,0
7909,18464545117,Authentication,166,34,-56,920,0,11,0,0,0,0,0,0,0,0
7910,18464585051,Authentication,166,34,-57,920,0,11,0,0,0,0,0,0,0,0
7911,18464643420,Authentication,166,34,-57,920,0,11,0,0,0,0,0,0,0,0
7912,18464708956,Authentication,166,34,-57,920,0,11,0,0,0,0,0,0,0,0
7913,18464719587,Authentication,166,34,-19,920,0,11,0,0,1,0,0,0,720,0
7914,18464726357,Authentication,166,34,-18,920,0,11,0,0,1,0,0,0,720,0
7915,18464732763,Authentication,166,34,-18,920,0,11,0,0,1,0,0,0,720,0
7916,18464752987,Authentication,166,34,-57,920,0,11,0,0,0,0,0,0,0,0
7917,18464807259,Authentication,166,34,-57,920,0,11,0,0,0,0,0,0,0,0
7918,18464872795,Authentication,166,34,-56,920,0,11,0,0,0,0,0,0,0,0
7919,18464971098,Authentication,166,34,-57,920,0,11,0,0,0,0,0,0,0,0
7920,18464979085,Authentication,166,34,-19,920,0,11,0,0,0,0,0,0,720,0
7921,18464985546,Authentication,166,34,-19,920,0,11,0,0,1,0,0,0,720,0
7922,18464992057,Authentication,166,34,-19,920,0,11,0,0,1,0,0,0,720,0
7923,18465069401,Authentication,166,34,-56,920,0,11,0,0,0,0,0,0,0,0
7924,18465134937,Authentication,166,34,-57,920,0,11,0,0,0,0,0,0,0,0
7925,18465167705,Authentication,166,34,-57,920,0,11,0,0,0,0,0,0,0,0
7926,18465176414,Data,287,34,-19,920,2,0,0,0,0,0,0,1,0,0
7927,18465198447,Authentication,166,34,-20,920,0,11,0,0,0,0,0,0,720,0
7928,18465204906,Authentication,166,34,-19,920,0,11,0,0,1,0,0,0,720,0
7929,18465211471,Authentication,166,34,-20,920,0,11,0,0,1,0,0,0,720,0
7930,18465218033,Authentication,166,34,-19,920,0,11,0,0,1,0,0,0,720,0
7931,18465233241,Authentication,166,34,-57,920,0,11,0,0,0,0,0,0,0,0
7932,18465254962,S1G Beacon,61,34,-19,920,3,1,,,,,,,0,0
7933,18465283414,Authentication,166,34,-57,920,0,11,0,0,0,0,0,0,0,0
7934,18465401716,Authentication,166,34,-21,920,0,11,0,0,0,0,0,0,720,0
7935,18465408174,Authentication,166,34,-19,920,0,11,0,0,1,0,0,0,720,0
7936,18465413439,Authentication,166,34,-18,920,0,11,0,0,1,0,0,0,720,0
7937,18465420003,Authentication,166,34,-19,920,0,11,0,0,1,0,0,0,720,0
7938,18465438038,Authentication,166,34,-58,920,0,11,0,0,0,0,0,0,0,0
7939,18465453071,Data,258,34,-19,920,2,0,0,0,0,0,0,1,0,0
7940,18465460721,Data,278,34,-18,920,2,0,0,0,0,0,0,1,0,0
7941,18465495382,Authentication,166,34,-57,920,0,11,0,0,0,0,0,0,0,0
7942,18465560918,Authentication,166,34,-57,920,0,11,0,0,0,0,0,0,0,0
7943,18465593686,Authentication,166,34,-56,920,0,11,0,0,0,0,0,0,0,0
7944,18465598534,Authentication,166,34,-19,920,0,11,0,0,0,0,0,0,720,0
7945,18465605096,Authentication,166,34,-19,920,0,11,0,0,1,0,0,0,720,0
7946,18465611193,Authentication,166,34,-19,920,0,11,0,0,1,0,0,0,720,0
7947,18465617964,Authentication,166,34,-18,920,0,11,0,0,1,0,0,0,720,0
7948,18465659221,Authentication,166,34,-56,920,0,11,0,0,0,0,0,0,0,0
7949,18465724757,Authentication,166,34,-56,920,0,11,0,0,0,0,0,0,0,0
7950,18465757525,Authentication,166,34,-57,920,0,11,0,0,0,0,0,0,0,0
7951,18465808427,Authentication,166,34,-19,920,0,11,0,0,0,0,0,0,720,0
7952,18465814835,Authentication,166,34,-18,920,0,11,0,0,1,0,0,0,720,0
7953,18465821553,Authentication,166,34,-18,920,0,11,0,0,1,0,0,0,720,0
7954,18465828117,Authentication,166,34,-19,920,0,11,0,0,1,0,0,0,720,0
7955,18465888596,Authentication,166,34,-57,920,0,11,0,0,0,0,0,0,0,0
7956,18465930579,Authentication,166,34,-57,920,0,11,0,0,0,0,0,0,0,0
7957,18465986900,Authentication,166,34,-57,920,0,11,0,0,0,0,0,0,0,0
7958,18466028422,Authentication,166,34,-19,920,0,11,0,0,0,0,0,0,720,0
7959,18466034988,Authentication,166,34,-18,920,0,11,0,0,1,0,0,0,720,0
7960,18466041395,Authentication,166,34,-19,920,0,11,0,0,1,0,0,0,720,0
7961,18466047907,Authentication,166,34,-18,920,0,11,0,0,1,0,0,0,720,0
7962,18466074168,S1G Beacon,129,34,-19,920,3,1,,,,,,,0,0
7963,18466087251,Authentication,166,34,-56,920,0,11,0,0,0,0,0,0,0,0
7964,18466150738,Authentication,166,34,-56,920,0,11,0,0,0,0,0,0,0,0
7966,18466249042,Authentication,166,34,-57,920,0,11,0,0,0,0,0,0,0,0
7967,18466298437,Authentication,166,34,-19,920,0,11,0,0,0,0,0,0,720,0
7968,18466305156,Authentication,166,34,-18,920,0,11,0,0,1,0,0,0,720,0
7969,18466311771,Authentication,166,34,-19,920,0,11,0,0,1,0,0,0,720,0
7970,18466318542,Authentication,166,34,-21,920,0,11,0,0,1,0,0,0,720,0
7971,18466354512,Authentication,166,34,-56,920,0,11,0,0,0,0,0,0,0,0
7972,18466412881,Authentication,166,34,-56,920,0,11,0,0,0,0,0,0,0,0
7973,18466454804,Data,258,34,-18,920,2,0,0,0,0,0,0,1,0,0
7974,18466462455,Data,278,34,-19,920,2,0,0,0,0,0,0,1,0,0
7975,18466478417,Authentication,166,34,-57,920,0,11,0,0,0,0,0,0,0,0
7976,18466498604,Authentication,166,34,-18,920,0,11,0,0,0,0,0,0,720,0
7977,18466505064,Authentication,166,34,-18,920,0,11,0,0,1,0,0,0,720,0
7978,18466510378,Authentication,166,34,-18,920,0,11,0,0,1,0,0,0,720,0
7979,18466516784,Authentication,166,34,-20,920,0,11,0,0,1,0,0,0,720,0
7980,18466576719,Authentication,166,34,-56,920,0,11,0,0,0,0,0,0,0,0
7981,18466630988,Authentication,166,34,-57,920,0,11,0,0,0,0,0,0,0,0
7982,18466675023,Authentication,166,34,-56,920,0,11,0,0,0,0,0,0,0,0
7983,18466698432,Authentication,166,34,-18,920,0,11,0,0,0,0,0,0,720,0
7984,18466705045,Authentication,166,34,-19,920,0,11,0,0,1,0,0,0,720,0
7985,18466710207,Authentication,166,34,-19,920,0,11,0,0,1,0,0,0,720,0
7986,18466716771,Authentication,166,34,-18,920,0,11,0,0,1,0,0,0,720,0
7987,18466740558,Authentication,166,34,-57,920,0,11,0,0,0,0,0,0,0,0
7988,18466838863,Authentication,166,34,-56,920,0,11,0,0,0,0,0,0,0,0
7989,18466893372,S1G Beacon,61,34,-18,920,3,1,,,,,,,0,0
7990,18466901322,Authentication,166,34,-55,920,0,11,0,0,0,0,0,0,0,0
7991,18466918345,Authentication,166,34,-19,920,0,11,0,0,0,0,0,0,720,0
7992,18466931366,Authentication,166,34,-19,920,0,11,0,0,1,0,0,0,720,0
7993,18466937165,Authentication,166,34,-56,920,0,11,0,0,0,0,0,0,0,0
7994,18466941960,Authentication,166,34,-19,920,0,11,0,0,1,0,0,0,720,0
7995,18467002701,Authentication,166,34,-57,920,0,11,0,0,0,0,0,0,0,0
7996,18467040589,Authentication,166,34,-57,920,0,11,0,0,0,0,0,0,0,0
7997,18467101004,Authentication,166,34,-56,920,0,11,0,0,0,0,0,0,0,0
7998,18467128447,Authentication,166,34,-19,920,0,11,0,0,0,0,0,0,720,0
7999,18467135114,Authentication,166,34,-18,920,0,11,0,0,1,0,0,0,720,0
8000,18467141523,Authentication,166,34,-18,920,0,11,0,0,1,0,0,0,720,0
8001,18467147930,Authentication,166,34,-20,920,0,11,0,0,1,0,0,0,720,0
8002,18467164489,Authentication,166,34,-56,920,0,11,0,0,0,0,0,0,0,0
8003,18467199308,Authentication,166,34,-56,920,0,11,0,0,0,0,0,0,0,0
8004,18467330379,Authentication,166,34,-56,920,0,11,0,0,0,0,0,0,0,0
8005,18467348435,Authentication,166,34,-20,920,0,11,0,0,0,0,0,0,720,0
8006,18467355103,Authentication,166,34,-19,920,0,11,0,0,1,0,0,0,720,0
8007,18467361874,Authentication,166,34,-19,920,0,11,0,0,1,0,0,0,720,0
8008,18467367813,Authentication,166,34,-20,920,0,11,0,0,1,0,0,0,720,0
8009,18467428682,Authentication,166,34,-56,920,0,11,0,0,0,0,0,0,0,0
8010,18467453591,Data,243,34,-18,920,2,0,0,0,0,0,0,1,0,0
8011,18467460842,Data,263,34,-19,920,2,0,0,0,0,0,0,1,0,0
8012,18467494218,Authentication,166,34,-56,920,0,11,0,0,0,0,0,0,0,0
8013,18467499428,Data,378,34,-19,920,2,0,0,0,0,0,0,1,0,0
8014,18467526986,Authentication,166,34,-56,920,0,11,0,0,0,0,0,0,0,0
8015,18467538428,Authentication,166,34,-18,920,0,11,0,0,0,0,0,0,720,0
8016,18467544835,Authentication,166,34,-18,920,0,11,0,0,1,0,0,0,720,0
8017,18467551505,Authentication,166,34,-20,920,0,11,0,0,1,0,0,0,720,0
8018,18467557914,Authentication,166,34,-19,920,0,11,0,0,1,0,0,0,720,0
8019,18467584326,Authentication,166,34,-56,920,0,11,0,0,0,0,0,0,0,0
8020,18467600414,Data,387,34,-18,920,2,0,0,0,0,0,0,1,0,0
8021,18467635528,Authentication,166,34,-56,920,0,11,0,0,0,0,0,0,0,0
8022,18467690825,Authentication,166,34,-56,920,0,11,0,0,0,0,0,0,0,0
8023,18467712572,S1G Beacon,129,34,-19,920,3,1,,,,,,,0,0
8024,18467717142,Data,450,34,-19,920,2,0,0,0,0,0,0,1,0,0
8025,18467729705,Authentication,166,34,-18,920,0,11,0,0,0,0,0,0,720,0
8026,18467736216,Authentication,166,34,-19,920,0,11,0,0,1,0,0,0,720,0
8027,18467742986,Authentication,166,34,-19,920,0,11,0,0,1,0,0,0,720,0
8028,18467749550,Authentication,166,34,-18,920,0,11,0,0,1,0,0,0,720,0
8029,18467756360,Authentication,166,34,-56,920,0,11,0,0,0,0,0,0,0,0
8030,18467789129,Authentication,166,34,-56,920,0,11,0,0,0,0,0,0,0,0
8031,18467808379,Data,442,34,-19,920,2,0,0,0,0,0,0,1,0,0
8032,18467854664,Authentication,166,34,-56,920,0,11,0,0,0,0,0,0,0,0
8033,18467909956,Authentication,166,34,-56,920,0,11,0,0,0,0,0,0,0,0
8034,18467915165,Data,387,34,-19,920,2,0,0,0,0,0,0,1,0,0
8035,18467926048,Authentication,166,34,-18,920,0,11,0,0,0,0,0,0,720,0
8036,18467932456,Authentication,166,34,-18,920,0,11,0,0,1,0,0,0,720,0
8037,18467938501,Authentication,166,34,-19,920,0,11,0,0,1,0,0,0,720,0
8038,18467945062,Authentication,166,34,-19,920,0,11,0,0,1,0,0,0,720,0
8039,18467952967,Authentication,166,34,-56,920,0,11,0,0,0,0,0,0,0,0
8040,18468016313,Data,426,34,-19,920,2,0,0,0,0,0,0,1,0,0
8041,18468072771,Authentication,166,34,-57,920,0,11,0,0,0,0,0,0,0,0
8042,18468116805,Authentication,166,34,-55,920,0,11,0,0,0,0,0,0,0,0
8043,18468122018,Data,458,34,-19,920,2,0,0,0,0,0,0,1,0,0
8044,18468134882,Authentication,166,34,-19,920,0,11,0,0,0,0,0,0,720,0
8045,18468141550,Authentication,166,34,-19,920,0,11,0,0,1,0,0,0,720,0
8046,18468147071,Authentication,166,34,-20,920,0,11,0,0,1,0,0,0,720,0
8047,18468153478,Authentication,166,34,-19,920,0,11,0,0,1,0,0,0,720,0
8048,18468159458,QoS Data,149,34,-16,920,2,8,1,0,0,0,0,1,720,0
8050,18468163145,QoS Data,149,34,-26,920,2,8,0,0,0,0,0,1,720,0
8051,18468164632,QoS Data,149,34,-16,920,2,8,1,0,1,0,0,1,720,0
8055,18468176597,QoS Data,131,34,-26,920,2,8,0,0,0,0,0,1,720,0
8057,18468182341,Authentication,166,34,-57,920,0,11,0,0,0,0,0,0,0,0
8058,18468200449,Data,287,34,-19,920,2,0,0,0,0,0,0,1,0,0
8059,18468215109,Authentication,166,34,-56,920,0,11,0,0,0,0,0,0,0,0
8060,18468224430,Data,387,34,-18,920,2,0,0,0,0,0,0,1,0,0
8061,18468252472,QoS Data,128,34,-16,920,2,8,1,0,0,0,0,1,720,0
8063,18468255958,QoS Data,128,34,-26,920,2,8,0,0,0,0,0,1,720,0
8065,18468280645,Authentication,166,34,-56,920,0,11,0,0,0,0,0,0,0,0
8066,18468328390,Data,446,34,-21,920,2,0,0,0,0,0,0,1,0,0
8067,18468340572,Authentication,166,34,-19,920,0,11,0,0,0,0,0,0,720,0
8068,18468347343,Authentication,166,34,-19,920,0,11,0,0,1,0,0,0,720,0
8069,18468353125,Authentication,166,34,-20,920,0,11,0,0,1,0,0,0,720,0
8070,18468378949,Authentication,166,34,-56,920,0,11,0,0,0,0,0,0,0,0
8071,18468432378,Data,440,34,-18,920,2,0,0,0,0,0,0,1,0,0
8072,18468444483,Authentication,166,34,-56,920,0,11,0,0,0,0,0,0,0,0
8073,18468477252,Authentication,166,34,-56,920,0,11,0,0,0,0,0,0,0,0
8074,18468531776,S1G Beacon,61,34,-19,920,3,1,,,,,,,0,0
8075,18468591936,Authentication,166,34,-57,920,0,11,0,0,0,0,0,0,0,0
8076,18468608768,Authentication,166,34,-19,920,0,11,0,0,0,0,0,0,720,0
8077,18468615229,Authentication,166,34,-19,920,0,11,0,0,1,0,0,0,720,0
8078,18468621792,Authentication,166,34,-20,920,0,11,0,0,1,0,0,0,720,0
8079,18468628357,Authentication,166,34,-19,920,0,11,0,0,1,0,0,0,720,0
8080,18468640276,Data,442,34,-19,920,2,0,0,0,0,0,0,1,0,0
8081,18468706626,Authentication,166,34,-57,920,0,11,0,0,0,0,0,0,0,0
8082,18468739394,Authentication,166,34,-57,920,0,11,0,0,0,0,0,0,0,0
8083,18468745073,Data,452,34,-18,920,2,0,0,0,0,0,0,1,0,0
8084,18468800577,Authentication,166,34,-19,920,0,11,0,0,0,0,0,0,720,0
8085,18468804930,Authentication,166,34,-55,920,0,11,0,0,0,0,0,0,0,0
8086,18468809672,Authentication,166,34,-20,920,0,11,0,0,1,0,0,0,720,0
8087,18468816133,Authentication,166,34,-20,920,0,11,0,0,1,0,0,0,720,0
8088,18468822749,Authentication,166,34,-20,920,0,11,0,0,1,0,0,0,720,0
8089,18468870465,Authentication,166,34,-56,920,0,11,0,0,0,0,0,0,0,0
8090,18468912447,Authentication,166,34,-56,920,0,11,0,0,0,0,0,0,0,0
8091,18468968768,Authentication,166,34,-56,920,0,11,0,0,0,0,0,0,0,0
8092,18469018440,Authentication,166,34,-19,920,0,11,0,0,0,0,0,0,720,0
8093,18469024848,Authentication,166,34,-20,920,0,11,0,0,1,0,0,0,720,0
8094,18469029906,Authentication,166,34,-19,920,0,11,0,0,1,0,0,0,720,0
8095,18469034304,Authentication,166,34,-56,920,0,11,0,0,0,0,0,0,0,0
8096,18469039255,Authentication,166,34,-19,920,0,11,0,0,1,0,0,0,720,0
8097,18469067072,Authentication,166,34,-57,920,0,11,0,0,0,0,0,0,0,0
8098,18469132607,Authentication,166,34,-56,920,0,11,0,0,0,0,0,0,0,0
8099,18469172542,Authentication,166,34,-57,920,0,11,0,0,0,0,0,0,0,0
8100,18469230911,Authentication,166,34,-55,920,0,11,0,0,0,0,0,0,0,0
8101,18469236175,Authentication,166,34,-18,920,0,11,0,0,0,0,0,0,720,0
8102,18469242635,Authentication,166,34,-19,920,0,11,0,0,1,0,0,0,720,0
8103,18469248781,Authentication,166,34,-19,920,0,11,0,0,1,0,0,0,720,0
8104,18469255500,Authentication,166,34,-19,920,0,11,0,0,1,0,0,0,720,0
8105,18469294906,Authentication,166,34,-56,920,0,11,0,0,0,0,0,0,0,0
8106,18469329215,Authentication,166,34,-56,920,0,11,0,0,0,0,0,0,0,0
8107,18469350981,S1G Beacon,129,34,-20,920,3,1,,,,,,,0,0
8108,18469394750,Authentication,166,34,-56,920,0,11,0,0,0,0,0,0,0,0
8109,18469428455,Authentication,166,34,-19,920,0,11,0,0,0,0,0,0,720,0
8110,18469435018,Authentication,166,34,-19,920,0,11,0,0,1,0,0,0,720,0
8111,18469441475,Authentication,166,34,-21,920,0,11,0,0,1,0,0,0,720,0
8112,18469448089,Authentication,166,34,-19,920,0,11,0,0,1,0,0,0,720,0
8113,18469493053,Authentication,166,34,-57,920,0,11,0,0,0,0,0,0,0,0
8114,18469558589,Authentication,166,34,-58,920,0,11,0,0,0,0,0,0,0,0
8115,18469591357,Authentication,166,34,-56,920,0,11,0,0,0,0,0,0,0,0
8116,18469628445,Authentication,166,34,-20,920,0,11,0,0,0,0,0,0,720,0
8117,18469634955,Authentication,166,34,-21,920,0,11,0,0,1,0,0,0,720,0
8118,18469641465,Authentication,166,34,-20,920,0,11,0,0,1,0,0,0,720,0
8119,18469647925,Authentication,166,34,-19,920,0,11,0,0,1,0,0,0,720,0
8120,18469656892,Authentication,166,34,-58,920,0,11,0,0,0,0,0,0,0,0
8121,18469719351,Authentication,166,34,-55,920,0,11,0,0,0,0,0,0,0,0
8122,18469755196,Authentication,166,34,-57,920,0,11,0,0,0,0,0,0,0,0
8123,18469820732,Authentication,166,34,-56,920,0,11,0,0,0,0,0,0,0,0
8124,18469859643,Authentication,166,34,-58,920,0,11,0,0,0,0,0,0,0,0
8125,18469908615,Authentication,166,34,-19,920,0,11,0,0,0,0,0,0,720,0
8126,18469915176,Authentication,166,34,-19,920,0,11,0,0,1,0,0,0,720,0
8127,18469923329,Authentication,166,34,-19,920,0,11,0,0,1,0,0,0,720,0
8128,18469929998,Authentication,166,34,-20,920,0,11,0,0,1,0,0,0,720,0
8129,18469977399,Authentication,166,34,-57,920,0,11,0,0,0,0,0,0,0,0
8130,18470017338,Authentication,166,34,-56,920,0,11,0,0,0,0,0,0,0,0
8131,18470082873,Authentication,166,34,-57,920,0,11,0,0,0,0,0,0,0,0
8132,18470118403,Authentication,166,34,-20,920,0,11,0,0,0,0,0,0,720,0
8133,18470124811,Authentication,166,34,-19,920,0,11,0,0,1,0,0,0,720,0
8134,18470131269,Authentication,166,34,-18,920,0,11,0,0,1,0,0,0,720,0
8135,18470137623,Authentication,166,34,-19,920,0,11,0,0,1,0,0,0,720,0
8136,18470170182,S1G Beacon,61,34,-19,920,3,1,,,,,,,0,0
8137,18470181176,Authentication,166,34,-56,920,0,11,0,0,0,0,0,0,0,0
8138,18470246712,Authentication,166,34,-57,920,0,11,0,0,0,0,0,0,0,0
8139,18470288695,Authentication,166,34,-57,920,0,11,0,0,0,0,0,0,0,0
8140,18470345015,Authentication,166,34,-58,920,0,11,0,0,0,0,0,0,0,0
8141,18470349914,Authentication,166,34,-18,920,0,11,0,0,0,0,0,0,720,0
8142,18470356531,Authentication,166,34,-19,920,0,11,0,0,1,0,0,0,720,0
8143,18470363250,Authentication,166,34,-18,920,0,11,0,0,1,0,0,0,720,0
8144,18470369658,Authentication,166,34,-20,920,0,11,0,0,1,0,0,0,720,0
8145,18470406452,Authentication,166,34,-57,920,0,11,0,0,0,0,0,0,0,0
8146,18470443319,Authentication,166,34,-56,920,0,11,0,0,0,0,0,0,0,0
8147,18470508854,Authentication,166,34,-57,920,0,11,0,0,0,0,0,0,0,0
8148,18470528415,Authentication,166,34,-20,920,0,11,0,0,0,0,0,0,720,0
8149,18470534823,Authentication,166,34,-19,920,0,11,0,0,1,0,0,0,720,0
8150,18470541283,Authentication,166,34,-19,920,0,11,0,0,1,0,0,0,720,0
8151,18470547689,Authentication,166,34,-19,920,0,11,0,0,1,0,0,0,720,0
8152,18470558004,Authentication,166,34,-56,920,0,11,0,0,0,0,0,0,0,0
8153,18470607157,Authentication,166,34,-56,920,0,11,0,0,0,0,0,0,0,0
8154,18470672694,Authentication,166,34,-55,920,0,11,0,0,0,0,0,0,0,0
8155,18470707509,Authentication,166,34,-57,920,0,11,0,0,0,0,0,0,0,0
8156,18470768450,Authentication,166,34,-19,920,0,11,0,0,0,0,0,0,720,0
8157,18470775573,Authentication,166,34,-19,920,0,11,0,0,1,0,0,0,720,0
8158,18470782086,Authentication,166,34,-18,920,0,11,0,0,1,0,0,0,720,0
8159,18470788854,Authentication,166,34,-19,920,0,11,0,0,1,0,0,0,720,0
8160,18470836532,Authentication,166,34,-57,920,0,11,0,0,0,0,0,0,0,0
8161,18470869301,Authentication,166,34,-55,920,0,11,0,0,0,0,0,0,0,0
8162,18470977842,Authentication,166,34,-56,920,0,11,0,0,0,0,0,0,0,0
8163,18470989386,S1G Beacon,129,34,-19,920,3,1,,,,,,,0,0
8164,18471033139,Authentication,166,34,-56,920,0,11,0,0,0,0,0,0,0,0
8165,18471037777,Authentication,166,34,-19,920,0,11,0,0,0,0,0,0,720,0
8166,18471044392,Authentication,166,34,-19,920,0,11,0,0,1,0,0,0,720,0
8167,18471050956,Authentication,166,34,-19,920,0,11,0,0,1,0,0,0,720,0
8168,18471057466,Authentication,166,34,-19,920,0,11,0,0,1,0,0,0,720,0
8169,18471085360,Authentication,166,34,-56,920,0,11,0,0,0,0,0,0,0,0
8170,18471131443,Authentication,166,34,-56,920,0,11,0,0,0,0,0,0,0,0
8171,18471196978,Authentication,166,34,-57,920,0,11,0,0,0,0,0,0,0,0
8172,18471224395,Data,287,34,-18,920,2,0,0,0,0,0,0,1,0,0
8173,18471248439,Authentication,166,34,-19,920,0,11,0,0,0,0,0,0,720,0
8174,18471255158,Authentication,166,34,-19,920,0,11,0,0,1,0,0,0,720,0
8175,18471262034,Authentication,166,34,-19,920,0,11,0,0,1,0,0,0,720,0
8176,18471295282,Authentication,166,34,-57,920,0,11,0,0,0,0,0,0,0,0
8177,18471360817,Authentication,166,34,-56,920,0,11,0,0,0,0,0,0,0,0
8178,18471408943,Authentication,166,34,-56,920,0,11,0,0,0,0,0,0,0,0
8179,18471448677,Authentication,166,34,-20,920,0,11,0,0,0,0,0,0,720,0
8180,18471455347,Authentication,166,34,-19,920,0,11,0,0,1,0,0,0,720,0
8181,18471463407,Authentication,166,34,-20,920,0,11,0,0,1,0,0,0,720,0
8182,18471470125,Authentication,166,34,-20,920,0,11,0,0,1,0,0,0,720,0
8183,18471524656,Authentication,166,34,-57,920,0,11,0,0,0,0,0,0,0,0
8184,18471557424,Authentication,166,34,-57,920,0,11,0,0,0,0,0,0,0,0
8185,18471648397,Authentication,166,34,-19,920,0,11,0,0,0,0,0,0,720,0
8186,18471654805,Authentication,166,34,-19,920,0,11,0,0,1,0,0,0,720,0
8187,18471659823,Authentication,166,34,-56,920,0,11,0,0,0,0,0,0,0,0
8188,18471664567,Authentication,166,34,-19,920,0,11,0,0,1,0,0,0,720,0
8189,18471671285,Authentication,166,34,-20,920,0,11,0,0,1,0,0,0,720,0
8190,18471721262,Authentication,166,34,-56,920,0,11,0,0,0,0,0,0,0,0
8191,18471786798,Authentication,166,34,-56,920,0,11,0,0,0,0,0,0,0,0
8192,18471808588,S1G Beacon,61,34,-19,920,3,1,,,,,,,0,0
8193,18471819566,Authentication,166,34,-58,920,0,11,0,0,0,0,0,0,0,0
8194,18471848365,Authentication,166,34,-19,920,0,11,0,0,0,0,0,0,720,0
8195,18471854927,Authentication,166,34,-18,920,0,11,0,0,1,0,0,0,720,0
8196,18471861490,Authentication,166,34,-20,920,0,11,0,0,1,0,0,0,720,0
8197,18471868157,Authentication,166,34,-20,920,0,11,0,0,1,0,0,0,720,0
8198,18471885102,Authentication,166,34,-56,920,0,11,0,0,0,0,0,0,0,0
8199,18471983405,Authentication,166,34,-56,920,0,11,0,0,0,0,0,0,0,0
8200,18472048485,Authentication,166,34,-20,920,0,11,0,0,0,0,0,0,720,0
8201,18472054891,Authentication,166,34,-19,920,0,11,0,0,1,0,0,0,720,0
8202,18472060468,Authentication,166,34,-18,920,0,11,0,0,1,0,0,0,720,0
8203,18472065732,Authentication,166,34,-18,920,0,11,0,0,1,0,0,0,720,0
8204,18472101162,Authentication,166,34,-56,920,0,11,0,0,0,0,0,0,0,0
8205,18472147244,Authentication,166,34,-57,920,0,11,0,0,0,0,0,0,0,0
8206,18472212779,Authentication,166,34,-56,920,0,11,0,0,0,0,0,0,0,0
8207,18472245547,Authentication,166,34,-57,920,0,11,0,0,0,0,0,0,0,0
8208,18472311083,Authentication,166,34,-58,920,0,11,0,0,0,0,0,0,0,0
8209,18472318791,Authentication,166,34,-19,920,0,11,0,0,0,0,0,0,720,0
8210,18472325301,Authentication,166,34,-19,920,0,11,0,0,1,0,0,0,720,0
8211,18472331967,Authentication,166,34,-19,920,0,11,0,0,1,0,0,0,720,0
8212,18472338582,Authentication,166,34,-19,920,0,11,0,0,1,0,0,0,720,0
8213,18472352042,Authentication,166,34,-56,920,0,11,0,0,0,0,0,0,0,0
8214,18472409386,Authentication,166,34,-56,920,0,11,0,0,0,0,0,0,0,0
8215,18472474922,Authentication,166,34,-56,920,0,11,0,0,0,0,0,0,0,0
8216,18472507690,Authentication,166,34,-57,920,0,11,0,0,0,0,0,0,0,0
8217,18472525798,Authentication,166,34,-19,920,0,11,0,0,0,0,0,0,720,0
8218,18472532203,Authentication,166,34,-20,920,0,11,0,0,1,0,0,0,720,0
8219,18472539443,Authentication,166,34,-20,920,0,11,0,0,1,0,0,0,720,0
8220,18472545953,Authentication,166,34,-20,920,0,11,0,0,1,0,0,0,720,0
8221,18472573225,Authentication,166,34,-56,920,0,11,0,0,0,0,0,0,0,0
8222,18472627794,S1G Beacon,129,34,-19,920,3,1,,,,,,,0,0
8223,18472671529,Authentication,166,34,-57,920,0,11,0,0,0,0,0,0,0,0
8224,18472733637,Authentication,166,34,-19,920,0,11,0,0,0,0,0,0,720,0
8225,18472740201,Authentication,166,34,-21,920,0,11,0,0,1,0,0,0,720,0
8226,18472746350,Authentication,166,34,-20,920,0,11,0,0,1,0,0,0,720,0
8227,18472752811,Authentication,166,34,-19,920,0,11,0,0,1,0,0,0,720,0
8228,18472769832,Authentication,166,34,-56,920,0,11,0,0,0,0,0,0,0,0
8229,18472835368,Authentication,166,34,-56,920,0,11,0,0,0,0,0,0,0,0
8230,18472886565,Authentication,166,34,-56,920,0,11,0,0,0,0,0,0,0,0
8231,18472933671,Authentication,166,34,-58,920,0,11,0,0,0,0,0,0,0,0
8232,18472938412,Authentication,166,34,-19,920,0,11,0,0,0,0,0,0,720,0
8233,18472944871,Authentication,166,34,-19,920,0,11,0,0,1,0,0,0,720,0
8234,18472951591,Authentication,166,34,-19,920,0,11,0,0,1,0,0,0,720,0
8235,18472958204,Authentication,166,34,-19,920,0,11,0,0,1,0,0,0,720,0
8236,18472999207,Authentication,166,34,-57,920,0,11,0,0,0,0,0,0,0,0
8237,18473031974,Authentication,166,34,-57,920,0,11,0,0,0,0,0,0,0,0
8238,18473097510,Authentication,166,34,-57,920,0,11,0,0,0,0,0,0,0,0
8239,18473128408,Authentication,166,34,-21,920,0,11,0,0,0,0,0,0,720,0
8240,18473135180,Authentication,166,34,-19,920,0,11,0,0,1,0,0,0,720,0
8241,18473140961,Authentication,166,34,-20,920,0,11,0,0,1,0,0,0,720,0
8242,18473147680,Authentication,166,34,-19,920,0,11,0,0,1,0,0,0,720,0
8243,18473189780,QoS Data,148,34,-20,920,2,8,1,0,0,0,0,1,720,0
8245,18473193520,QoS Data,148,34,-27,920,2,8,0,0,0,0,0,1,720,0
8247,18473195813,Authentication,166,34,-56,920,0,11,0,0,0,0,0,0,0,0
8248,18473200712,QoS Data,131,34,-29,920,2,8,1,0,0,0,0,1,720,0
8250,18473203403,QoS Data,131,34,-26,920,2,8,0,0,0,0,0,1,720,0
8252,18473251970,QoS Data,128,34,-19,920,2,8,1,0,0,0,0,1,720,0
8254,18473255091,QoS Data,128,34,-26,920,2,8,0,0,0,0,0,1,720,0
8256,18473261349,Authentication,166,34,-56,920,0,11,0,0,0,0,0,0,0,0
8257,18473294117,Authentication,166,34,-56,920,0,11,0,0,0,0,0,0,0,0
8258,18473358386,Authentication,166,34,-19,920,0,11,0,0,0,0,0,0,720,0
8259,18473364844,Authentication,166,34,-21,920,0,11,0,0,1,0,0,0,720,0
8260,18473371512,Authentication,166,34,-19,920,0,11,0,0,1,0,0,0,720,0
8261,18473378023,Authentication,166,34,-18,920,0,11,0,0,1,0,0,0,720,0
8262,18473411874,Authentication,166,34,-57,920,0,11,0,0,0,0,0,0,0,0
8263,18473446998,S1G Beacon,61,34,-20,920,3,1,,,,,,,0,0
8264,18473457955,Authentication,166,34,-56,920,0,11,0,0,0,0,0,0,0,0
8265,18473523491,Authentication,166,34,-58,920,0,11,0,0,0,0,0,0,0,0
8266,18473578800,Authentication,166,34,-19,920,0,11,0,0,0,0,0,0,720,0
8267,18473585207,Authentication,166,34,-20,920,0,11,0,0,1,0,0,0,720,0
8268,18473591666,Authentication,166,34,-19,920,0,11,0,0,1,0,0,0,720,0
8269,18473598178,Authentication,166,34,-20,920,0,11,0,0,1,0,0,0,720,0
8270,18473687331,Authentication,166,34,-56,920,0,11,0,0,0,0,0,0,0,0
8271,18473720098,Authentication,166,34,-56,920,0,11,0,0,0,0,0,0,0,0
8272,18473778352,Authentication,166,34,-19,920,0,11,0,0,0,0,0,0,720,0
8273,18473784759,Authentication,166,34,-20,920,0,11,0,0,1,0,0,0,720,0
8274,18473791531,Authentication,166,34,-20,920,0,11,0,0,1,0,0,0,720,0
8275,18473798196,Authentication,166,34,-19,920,0,11,0,0,1,0,0,0,720,0
8276,18473851168,Authentication,166,34,-56,920,0,11,0,0,0,0,0,0,0,0
8277,18473893151,Authentication,166,34,-56,920,0,11,0,0,0,0,0,0,0,0
8278,18473949472,Authentication,166,34,-56,920,0,11,0,0,0,0,0,0,0,0
8279,18473978498,Authentication,166,34,-18,920,0,11,0,0,0,0,0,0,720,0
8280,18473985269,Authentication,166,34,-19,920,0,11,0,0,1,0,0,0,720,0
8281,18473991782,Authentication,166,34,-20,920,0,11,0,0,1,0,0,0,720,0
8282,18473998344,Authentication,166,34,-19,920,0,11,0,0,1,0,0,0,720,0
8283,18474015008,Authentication,166,34,-57,920,0,11,0,0,0,0,0,0,0,0
8284,18474047776,Authentication,166,34,-57,920,0,11,0,0,0,0,0,0,0,0
8285,18474113311,Authentication,166,34,-56,920,0,11,0,0,0,0,0,0,0,0
8286,18474159390,Authentication,166,34,-56,920,0,11,0,0,0,0,0,0,0,0
8287,18474178410,Authentication,166,34,-19,920,0,11,0,0,0,0,0,0,720,0
8288,18474184974,Authentication,166,34,-19,920,0,11,0,0,1,0,0,0,720,0
8289,18474191743,Authentication,166,34,-18,920,0,11,0,0,1,0,0,0,720,0
8290,18474198306,Authentication,166,34,-19,920,0,11,0,0,1,0,0,0,720,0
8291,18474211614,Authentication,166,34,-56,920,0,11,0,0,0,0,0,0,0,0
8292,18474248493,Data,287,34,-19,920,2,0,0,0,0,0,0,1,0,0
8293,18474266199,S1G Beacon,129,34,-19,920,3,1,,,,,,,0,0
8294,18474277151,Authentication,166,34,-56,920,0,11,0,0,0,0,0,0,0,0
8295,18474368401,Authentication,166,34,-19,920,0,11,0,0,0,0,0,0,720,0
8296,18474375068,Authentication,166,34,-19,920,0,11,0,0,1,0,0,0,720,0
8297,18474381475,Authentication,166,34,-19,920,0,11,0,0,1,0,0,0,720,0
8298,18474387986,Authentication,166,34,-19,920,0,11,0,0,1,0,0,0,720,0
8299,18474440989,Authentication,166,34,-57,920,0,11,0,0,0,0,0,0,0,0
8300,18474474781,Authentication,166,34,-56,920,0,11,0,0,0,0,0,0,0,0
8301,18474539293,Authentication,166,34,-55,920,0,11,0,0,0,0,0,0,0,0
8302,18474595609,Authentication,166,34,-57,920,0,11,0,0,0,0,0,0,0,0
8303,18474619281,Authentication,166,34,-20,920,0,11,0,0,0,0,0,0,720,0
8304,18474626050,Authentication,166,34,-20,920,0,11,0,0,1,0,0,0,720,0
8305,18474632615,Authentication,166,34,-19,920,0,11,0,0,1,0,0,0,720,0
8306,18474637597,Authentication,166,34,-56,920,0,11,0,0,0,0,0,0,0,0
8307,18474642285,Authentication,166,34,-19,920,0,11,0,0,1,0,0,0,720,0
8308,18474703132,Authentication,166,34,-58,920,0,11,0,0,0,0,0,0,0,0
8309,18474735899,Authentication,166,34,-56,920,0,11,0,0,0,0,0,0,0,0
8310,18474801435,Authentication,166,34,-56,920,0,11,0,0,0,0,0,0,0,0
8311,18474833630,Authentication,166,34,-19,920,0,11,0,0,0,0,0,0,720,0
8312,18474840348,Authentication,166,34,-19,920,0,11,0,0,1,0,0,0,720,0
8313,18474846705,Authentication,166,34,-19,920,0,11,0,0,1,0,0,0,720,0
8314,18474855177,Authentication,166,34,-19,920,0,11,0,0,1,0,0,0,720,0
8315,18474899738,Authentication,166,34,-56,920,0,11,0,0,0,0,0,0,0,0
8316,18474965274,Authentication,166,34,-56,920,0,11,0,0,0,0,0,0,0,0
8317,18474998042,Authentication,166,34,-56,920,0,11,0,0,0,0,0,0,0,0
8318,18475048387,Authentication,166,34,-19,920,0,11,0,0,0,0,0,0,720,0
8319,18475054949,Authentication,166,34,-19,920,0,11,0,0,1,0,0,0,720,0
8320,18475061408,Authentication,166,34,-19,920,0,11,0,0,1,0,0,0,720,0
8321,18475068147,Authentication,166,34,-20,920,0,11,0,0,1,0,0,0,720,0
8322,18475085402,S1G Beacon,61,34,-19,920,3,1,,,,,,,0,0
8323,18475120918,Authentication,166,34,-56,920,0,11,0,0,0,0,0,0,0,0
8324,18475161881,Authentication,166,34,-57,920,0,11,0,0,0,0,0,0,0,0
8325,18475227417,Authentication,166,34,-55,920,0,11,0,0,0,0,0,0,0,0
8326,18475248418,Authentication,166,34,-20,920,0,11,0,0,0,0,0,0,720,0
8327,18475254044,Authentication,166,34,-20,920,0,11,0,0,1,0,0,0,720,0
8328,18475260763,Authentication,166,34,-19,920,0,11,0,0,1,0,0,0,720,0
8329,18475267225,Authentication,166,34,-18,920,0,11,0,0,1,0,0,0,720,0
8330,18475287828,Authentication,166,34,-58,920,0,11,0,0,0,0,0,0,0,0
8331,18475325719,Authentication,166,34,-56,920,0,11,0,0,0,0,0,0,0,0
8332,18475391255,Authentication,166,34,-56,920,0,11,0,0,0,0,0,0,0,0
8333,18475427095,Authentication,166,34,-57,920,0,11,0,0,0,0,0,0,0,0
8334,18475458269,Authentication,166,34,-20,920,0,11,0,0,0,0,0,0,720,0
8335,18475464727,Authentication,166,34,-20,920,0,11,0,0,1,0,0,0,720,0
8336,18475471187,Authentication,166,34,-19,920,0,11,0,0,1,0,0,0,720,0
8337,18475476191,Authentication,166,34,-19,920,0,11,0,0,1,0,0,0,720,0
8338,18475489559,Authentication,166,34,-56,920,0,11,0,0,0,0,0,0,0,0
8339,18475547923,Authentication,166,34,-56,920,0,11,0,0,0,0,0,0,0,0
8340,18475587861,Authentication,166,34,-56,920,0,11,0,0,0,0,0,0,0,0
8341,18475653397,Authentication,166,34,-56,920,0,11,0,0,0,0,0,0,0,0
8342,18475668433,Authentication,166,34,-20,920,0,11,0,0,0,0,0,0,720,0
8343,18475674944,Authentication,166,34,-19,920,0,11,0,0,1,0,0,0,720,0
8344,18475681457,Authentication,166,34,-19,920,0,11,0,0,1,0,0,0,720,0
8345,18475686166,Authentication,166,34,-56,920,0,11,0,0,0,0,0,0,0,0
8346,18475690750,Authentication,166,34,-21,920,0,11,0,0,1,0,0,0,720,0
8347,18475751701,Authentication,166,34,-55,920,0,11,0,0,0,0,0,0,0,0
8348,18475809553,Authentication,166,34,-56,920,0,11,0,0,0,0,0,0,0,0
8349,18475850004,Authentication,166,34,-57,920,0,11,0,0,0,0,0,0,0,0
8350,18475904608,S1G Beacon,129,34,-19,920,3,1,,,,,,,0,0
8351,18475915540,Authentication,166,34,-56,920,0,11,0,0,0,0,0,0,0,0
8352,18475955028,Authentication,166,34,-20,920,0,11,0,0,1,0,0,0,720,0
8353,18475961696,Authentication,166,34,-19,920,0,11,0,0,1,0,0,0,720,0
8354,18475968261,Authentication,166,34,-19,920,0,11,0,0,1,0,0,0,720,0
8355,18476065041,Authentication,166,34,-58,920,0,11,0,0,0,0,0,0,0,0
8356,18476112146,Authentication,166,34,-56,920,0,11,0,0,0,0,0,0,0,0
8357,18476148401,Authentication,166,34,-19,920,0,11,0,0,0,0,0,0,720,0
8358,18476155067,Authentication,166,34,-19,920,0,11,0,0,1,0,0,0,720,0
8359,18476161474,Authentication,166,34,-19,920,0,11,0,0,1,0,0,0,720,0
8360,18476167881,Authentication,166,34,-19,920,0,11,0,0,1,0,0,0,720,0
8361,18476177682,Authentication,166,34,-56,920,0,11,0,0,0,0,0,0,0,0
8362,18476210450,Authentication,166,34,-57,920,0,11,0,0,0,0,0,0,0,0
8363,18476275985,Authentication,166,34,-57,920,0,11,0,0,0,0,0,0,0,0
8364,18476341520,Authentication,166,34,-56,920,0,11,0,0,0,0,0,0,0,0
8365,18476346785,Authentication,166,34,-19,920,0,11,0,0,0,0,0,0,720,0
8366,18476353194,Authentication,166,34,-19,920,0,11,0,0,1,0,0,0,720,0
8367,18476359963,Authentication,166,34,-19,920,0,11,0,0,1,0,0,0,720,0
8368,18476366735,Authentication,166,34,-20,920,0,11,0,0,1,0,0,0,720,0
8369,18476374289,Authentication,166,34,-56,920,0,11,0,0,0,0,0,0,0,0
8370,18476439824,Authentication,166,34,-57,920,0,11,0,0,0,0,0,0,0,0
8371,18476485903,Authentication,166,34,-57,920,0,11,0,0,0,0,0,0,0,0
8372,18476538128,Authentication,166,34,-56,920,0,11,0,0,0,0,0,0,0,0
8373,18476559772,Authentication,166,34,-19,920,0,11,0,0,0,0,0,0,720,0
8374,18476566646,Authentication,166,34,-19,920,0,11,0,0,1,0,0,0,720,0
8375,18476573209,Authentication,166,34,-19,920,0,11,0,0,1,0,0,0,720,0
8376,18476579980,Authentication,166,34,-19,920,0,11,0,0,1,0,0,0,720,0
8377,18476598539,Authentication,166,34,-56,920,0,11,0,0,0,0,0,0,0,0
8378,18476636431,Authentication,166,34,-58,920,0,11,0,0,0,0,0,0,0,0
8379,18476701967,Authentication,166,34,-56,920,0,11,0,0,0,0,0,0,0,0
8380,18476723809,S1G Beacon,61,34,-19,920,3,1,,,,,,,0,0
8381,18476764427,Authentication,166,34,-56,920,0,11,0,0,0,0,0,0,0,0
8382,18476778374,Authentication,166,34,-19,920,0,11,0,0,0,0,0,0,720,0
8383,18476784991,Authentication,166,34,-19,920,0,11,0,0,1,0,0,0,720,0
8384,18476791399,Authentication,166,34,-19,920,0,11,0,0,1,0,0,0,720,0
8385,18476797911,Authentication,166,34,-19,920,0,11,0,0,1,0,0,0,720,0
8386,18476865805,Authentication,166,34,-57,920,0,11,0,0,0,0,0,0,0,0
8387,18476918027,Authentication,166,34,-57,920,0,11,0,0,0,0,0,0,0,0
8388,18476964109,Authentication,166,34,-56,920,0,11,0,0,0,0,0,0,0,0
8389,18477018297,Authentication,166,34,-19,920,0,11,0,0,0,0,0,0,720,0
8390,18477024859,Authentication,166,34,-19,920,0,11,0,0,1,0,0,0,720,0
8391,18477029644,Authentication,166,34,-57,920,0,11,0,0,0,0,0,0,0,0
8392,18477034541,Authentication,166,34,-20,920,0,11,0,0,1,0,0,0,720,0
8393,18477077771,Authentication,166,34,-56,920,0,11,0,0,0,0,0,0,0,0
8394,18477127948,Authentication,166,34,-56,920,0,11,0,0,0,0,0,0,0,0
8395,18477193484,Authentication,166,34,-55,920,0,11,0,0,0,0,0,0,0,0
8396,18477218299,Authentication,166,34,-19,920,0,11,0,0,0,0,0,0,720,0
8397,18477224862,Authentication,166,34,-19,920,0,11,0,0,1,0,0,0,720,0
8398,18477231321,Authentication,166,34,-19,920,0,11,0,0,1,0,0,0,720,0
8399,18477237514,Authentication,166,34,-56,920,0,11,0,0,0,0,0,0,0,0
8400,18477242205,Authentication,166,34,-19,920,0,11,0,0,1,0,0,0,720,0
8401,18477272373,Data,287,34,-19,920,2,0,0,0,0,0,0,1,0,0
8402,18477291787,Authentication,166,34,-57,920,0,11,0,0,0,0,0,0,0,0
8403,18477353222,Authentication,166,34,-56,920,0,11,0,0,0,0,0,0,0,0
8404,18477390090,Authentication,166,34,-57,920,0,11,0,0,0,0,0,0,0,0
8405,18477428418,Authentication,166,34,-19,920,0,11,0,0,0,0,0,0,720,0
8406,18477434880,Authentication,166,34,-19,920,0,11,0,0,1,0,0,0,720,0
8407,18477440351,Authentication,166,34,-19,920,0,11,0,0,1,0,0,0,720,0
8408,18477446704,Authentication,166,34,-20,920,0,11,0,0,1,0,0,0,720,0
8409,18477455626,Authentication,166,34,-57,920,0,11,0,0,0,0,0,0,0,0
8410,18477499655,Authentication,166,34,-57,920,0,11,0,0,0,0,0,0,0,0
8411,18477543014,S1G Beacon,129,34,-19,920,3,1,,,,,,,0,0
8412,18477553929,Authentication,166,34,-55,920,0,11,0,0,0,0,0,0,0,0
8413,18477619465,Authentication,166,34,-57,920,0,11,0,0,0,0,0,0,0,0
8414,18477668396,Authentication,166,34,-20,920,0,11,0,0,0,0,0,0,720,0
8415,18477674802,Authentication,166,34,-19,920,0,11,0,0,1,0,0,0,720,0
8416,18477681313,Authentication,166,34,-20,920,0,11,0,0,1,0,0,0,720,0
8418,18477687926,Authentication,166,34,-19,920,0,11,0,0,1,0,0,0,720,0
8419,18477717769,Authentication,166,34,-56,920,0,11,0,0,0,0,0,0,0,0
8420,18477779204,Authentication,166,34,-56,920,0,11,0,0,0,0,0,0,0,0
8421,18477816071,Authentication,166,34,-57,920,0,11,0,0,0,0,0,0,0,0
8422,18477875015,Authentication,166,34,-20,920,0,11,0,0,1,0,0,0,720,0
8423,18477880227,Authentication,166,34,-19,920,0,11,0,0,1,0,0,0,720,0
8424,18477886791,Authentication,166,34,-20,920,0,11,0,0,1,0,0,0,720,0
8425,18477897989,Authentication,166,34,-56,920,0,11,0,0,0,0,0,0,0,0
8426,18477979911,Authentication,166,34,-57,920,0,11,0,0,0,0,0,0,0,0
8427,18478045446,Authentication,166,34,-57,920,0,11,0,0,0,0,0,0,0,0
8428,18478068443,Authentication,166,34,-20,920,0,11,0,0,0,0,0,0,720,0
8429,18478075007,Authentication,166,34,-20,920,0,11,0,0,1,0,0,0,720,0
8430,18478080322,Authentication,166,34,-20,920,0,11,0,0,1,0,0,0,720,0
8431,18478143750,Authentication,166,34,-56,920,0,11,0,0,0,0,0,0,0,0
8432,18478200066,Authentication,166,34,-56,920,0,11,0,0,0,0,0,0,0,0
8433,18478215312,QoS Data,148,34,-18,920,2,8,1,0,0,0,0,1,720,0
8435,18478218840,QoS Data,148,34,-29,920,2,8,0,0,0,0,0,1,720,0
8437,18478221668,QoS Data,148,34,-18,920,2,8,1,0,1,0,0,1,720,0
8440,18478227942,QoS Data,131,34,-27,920,2,8,0,0,0,0,0,1,720,0
8442,18478242053,Authentication,166,34,-55,920,0,11,0,0,0,0,0,0,0,0
8443,18478252310,QoS Data,128,34,-18,920,2,8,1,0,0,0,0,1,720,0
8445,18478255588,QoS Data,128,34,-27,920,2,8,0,0,0,0,0,1,720,0
8447,18478307588,Authentication,166,34,-58,920,0,11,0,0,0,0,0,0,0,0
8448,18478333702,Authentication,166,34,-19,920,0,11,0,0,0,0,0,0,720,0
8449,18478340264,Authentication,166,34,-20,920,0,11,0,0,1,0,0,0,720,0
8450,18478346672,Authentication,166,34,-20,920,0,11,0,0,1,0,0,0,720,0
8451,18478353183,Authentication,166,34,-19,920,0,11,0,0,1,0,0,0,720,0
8452,18478378348,S1G Beacon,61,34,-19,920,3,1,,,,,,,0,0
8453,18478405892,Authentication,166,34,-56,920,0,11,0,0,0,0,0,0,0,0
8454,18478471427,Authentication,166,34,-57,920,0,11,0,0,0,0,0,0,0,0
8455,18478504195,Authentication,166,34,-58,920,0,11,0,0,0,0,0,0,0,0
8456,18478519857,Data,158,34,-21,920,2,0,0,0,0,0,0,1,0,0
8457,18478548284,Authentication,166,34,-19,920,0,11,0,0,0,0,0,0,720,0
8458,18478554900,Authentication,166,34,-20,920,0,11,0,0,1,0,0,0,720,0
8459,18478560423,Authentication,166,34,-19,920,0,11,0,0,1,0,0,0,720,0
8460,18478567038,Authentication,166,34,-20,920,0,11,0,0,1,0,0,0,720,0
8461,18478626047,Authentication,166,34,-56,920,0,11,0,0,0,0,0,0,0,0
8462,18478668034,Authentication,166,34,-56,920,0,11,0,0,0,0,0,0,0,0
8463,18478733570,Authentication,166,34,-57,920,0,11,0,0,0,0,0,0,0,0
8464,18478758341,Authentication,166,34,-20,920,0,11,0,0,0,0,0,0,720,0
8465,18478765008,Authentication,166,34,-19,920,0,11,0,0,1,0,0,0,720,0
8466,18478771624,Authentication,166,34,-21,920,0,11,0,0,1,0,0,0,720,0
8467,18478777512,Authentication,166,34,-19,920,0,11,0,0,1,0,0,0,720,0
8468,18478831873,Authentication,166,34,-57,920,0,11,0,0,0,0,0,0,0,0
8469,18478876927,Authentication,166,34,-56,920,0,11,0,0,0,0,0,0,0,0
8470,18478930177,Authentication,166,34,-56,920,0,11,0,0,0,0,0,0,0,0
8471,18478968291,Authentication,166,34,-21,920,0,11,0,0,0,0,0,0,720,0
8472,18478975062,Authentication,166,34,-19,920,0,11,0,0,1,0,0,0,720,0
8473,18478981523,Authentication,166,34,-19,920,0,11,0,0,1,0,0,0,720,0
8474,18478988244,Authentication,166,34,-19,920,0,11,0,0,1,0,0,0,720,0
8475,18478995712,Authentication,166,34,-56,920,0,11,0,0,0,0,0,0,0,0
8476,18479028479,Authentication,166,34,-56,920,0,11,0,0,0,0,0,0,0,0
8477,18479094015,Authentication,166,34,-55,920,0,11,0,0,0,0,0,0,0,0
8478,18479151356,Authentication,166,34,-57,920,0,11,0,0,0,0,0,0,0,0
8479,18479156565,Authentication,166,34,-20,920,0,11,0,0,0,0,0,0,720,0
8480,18479163126,Authentication,166,34,-19,920,0,11,0,0,1,0,0,0,720,0
8481,18479169584,Authentication,166,34,-19,920,0,11,0,0,1,0,0,0,720,0
8482,18479176356,Authentication,166,34,-19,920,0,11,0,0,1,0,0,0,720,0
8483,18479182669,S1G Beacon,129,34,-19,920,3,1,,,,,,,0,0
8484,18479192318,Authentication,166,34,-57,920,0,11,0,0,0,0,0,0,0,0
8485,18479294718,Authentication,166,34,-57,920,0,11,0,0,0,0,0,0,0,0
8486,18479356157,Authentication,166,34,-56,920,0,11,0,0,0,0,0,0,0,0
8487,18479414522,Authentication,166,34,-56,920,0,11,0,0,0,0,0,0,0,0
8488,18479419368,Authentication,166,34,-20,920,0,11,0,0,0,0,0,0,720,0
8489,18479426036,Authentication,166,34,-19,920,0,11,0,0,1,0,0,0,720,0
8490,18479432755,Authentication,166,34,-19,920,0,11,0,0,1,0,0,0,720,0
8491,18479437915,Authentication,166,34,-19,920,0,11,0,0,1,0,0,0,720,0
8492,18479454461,Authentication,166,34,-57,920,0,11,0,0,0,0,0,0,0,0
8493,18479519997,Authentication,166,34,-56,920,0,11,0,0,0,0,0,0,0,0
8494,18479566075,Authentication,166,34,-57,920,0,11,0,0,0,0,0,0,0,0
8495,18479618300,Authentication,166,34,-56,920,0,11,0,0,0,0,0,0,0,0
8496,18479628763,Authentication,166,34,-20,920,0,11,0,0,0,0,0,0,720,0
8497,18479635534,Authentication,166,34,-19,920,0,11,0,0,1,0,0,0,720,0
8498,18479648972,Authentication,166,34,-21,920,0,11,0,0,1,0,0,0,720,0
8499,18479683835,Authentication,166,34,-56,920,0,11,0,0,0,0,0,0,0,0
8500,18479716603,Authentication,166,34,-55,920,0,11,0,0,0,0,0,0,0,0
8501,18479782139,Authentication,166,34,-57,920,0,11,0,0,0,0,0,0,0,0
8502,18479824122,Authentication,166,34,-55,920,0,11,0,0,0,0,0,0,0,0
8503,18479848270,Authentication,166,34,-21,920,0,11,0,0,0,0,0,0,720,0
8504,18479854677,Authentication,166,34,-19,920,0,11,0,0,1,0,0,0,720,0
8505,18479861294,Authentication,166,34,-19,920,0,11,0,0,1,0,0,0,720,0
8506,18479867856,Authentication,166,34,-19,920,0,11,0,0,1,0,0,0,720,0
8507,18479880442,Authentication,166,34,-58,920,0,11,0,0,0,0,0,0,0,0
8508,18479945978,Authentication,166,34,-56,920,0,11,0,0,0,0,0,0,0,0
8509,18479978745,Authentication,166,34,-56,920,0,11,0,0,0,0,0,0,0,0
8510,18480000622,S1G Beacon,61,34,-21,920,3,1,,,,,,,0,0
8511,18480044281,Authentication,166,34,-58,920,0,11,0,0,0,0,0,0,0,0
8512,18480048971,Authentication,166,34,-19,920,0,11,0,0,0,0,0,0,720,0
8513,18480055585,Authentication,166,34,-19,920,0,11,0,0,1,0,0,0,720,0
8514,18480061835,Authentication,166,34,-20,920,0,11,0,0,1,0,0,0,720,0
8515,18480068242,Authentication,166,34,-20,920,0,11,0,0,1,0,0,0,720,0
8516,18480104660,Authentication,166,34,-56,920,0,11,0,0,0,0,0,0,0,0
8517,18480142584,Authentication,166,34,-56,920,0,11,0,0,0,0,0,0,0,0
8518,18480208121,Authentication,166,34,-56,920,0,11,0,0,0,0,0,0,0,0
8519,18480238372,Authentication,166,34,-18,920,0,11,0,0,0,0,0,0,720,0
8520,18480244989,Authentication,166,34,-19,920,0,11,0,0,1,0,0,0,720,0
8521,18480251759,Authentication,166,34,-18,920,0,11,0,0,1,0,0,0,720,0
8522,18480256246,Authentication,166,34,-55,920,0,11,0,0,0,0,0,0,0,0
8523,18480260986,Authentication,166,34,-20,920,0,11,0,0,1,0,0,0,720,0
8524,18480296356,Data,287,34,-19,920,2,0,0,0,0,0,0,1,0,0
8525,18480306423,Authentication,166,34,-55,920,0,11,0,0,0,0,0,0,0,0
8526,18480371959,Authentication,166,34,-58,920,0,11,0,0,0,0,0,0,0,0
8527,18480404726,Authentication,166,34,-56,920,0,11,0,0,0,0,0,0,0,0
8528,18480458383,Authentication,166,34,-19,920,0,11,0,0,0,0,0,0,720,0
8529,18480464948,Authentication,166,34,-20,920,0,11,0,0,1,0,0,0,720,0
8530,18480470263,Authentication,166,34,-55,920,0,11,0,0,0,0,0,0,0,0
8531,18480475161,Authentication,166,34,-19,920,0,11,0,0,1,0,0,0,720,0
8532,18480480215,Authentication,166,34,-20,920,0,11,0,0,1,0,0,0,720,0
8533,18480513269,Authentication,166,34,-56,920,0,11,0,0,0,0,0,0,0,0
8534,18480568566,Authentication,166,34,-57,920,0,11,0,0,0,0,0,0,0,0
8535,18480634101,Authentication,166,34,-58,920,0,11,0,0,0,0,0,0,0,0
8536,18480666869,Authentication,166,34,-57,920,0,11,0,0,0,0,0,0,0,0
8537,18480732405,Authentication,166,34,-56,920,0,11,0,0,0,0,0,0,0,0
8538,18480737253,Authentication,166,34,-19,920,0,11,0,0,0,0,0,0,720,0
8539,18480749809,Authentication,166,34,-22,920,0,11,0,0,1,0,0,0,720,0
8540,18480756372,Authentication,166,34,-19,920,0,11,0,0,1,0,0,0,720,0
8541,18480778482,Authentication,166,34,-56,920,0,11,0,0,0,0,0,0,0,0
8542,18480819825,S1G Beacon,129,34,-19,920,3,1,,,,,,,0,0
8543,18480830708,Authentication,166,34,-56,920,0,11,0,0,0,0,0,0,0,0
8544,18480896244,Authentication,166,34,-57,920,0,11,0,0,0,0,0,0,0,0
8545,18480929011,Authentication,166,34,-56,920,0,11,0,0,0,0,0,0,0,0
8546,18480948366,Authentication,166,34,-19,920,0,11,0,0,0,0,0,0,720,0
8547,18480954981,Authentication,166,34,-19,920,0,11,0,0,1,0,0,0,720,0
8548,18480961909,Authentication,166,34,-20,920,0,11,0,0,1,0,0,0,720,0
8549,18480994547,Authentication,166,34,-56,920,0,11,0,0,0,0,0,0,0,0
8550,18481050864,Authentication,166,34,-57,920,0,11,0,0,0,0,0,0,0,0
8551,18481092850,Authentication,166,34,-56,920,0,11,0,0,0,0,0,0,0,0
8553,18481151728,Authentication,166,34,-19,920,0,11,0,0,0,0,0,0,720,0
8554,18481158187,Authentication,166,34,-20,920,0,11,0,0,1,0,0,0,720,0
8555,18481164908,Authentication,166,34,-20,920,0,11,0,0,1,0,0,0,720,0
8556,18481171576,Authentication,166,34,-20,920,0,11,0,0,1,0,0,0,720,0
8557,18481197297,Authentication,166,34,-57,920,0,11,0,0,0,0,0,0,0,0
8558,18481256689,Authentication,166,34,-56,920,0,11,0,0,0,0,0,0,0,0
8559,18481322225,Authentication,166,34,-56,920,0,11,0,0,0,0,0,0,0,0
8560,18481328787,Authentication,166,34,-21,920,0,11,0,0,0,0,0,0,720,0
8561,18481335248,Authentication,166,34,-20,920,0,11,0,0,1,0,0,0,720,0
8562,18481341761,Authentication,166,34,-19,920,0,11,0,0,1,0,0,0,720,0
8563,18481348326,Authentication,166,34,-19,920,0,11,0,0,1,0,0,0,720,0
8564,18481354993,Authentication,166,34,-57,920,0,11,0,0,0,0,0,0,0,0
8565,18481420528,Authentication,166,34,-56,920,0,11,0,0,0,0,0,0,0,0
8566,18481518831,Authentication,166,34,-56,920,0,11,0,0,0,0,0,0,0,0
8568,18481547727,Authentication,166,34,-19,920,0,11,0,0,0,0,0,0,720,0
8569,18481554135,Authentication,166,34,-19,920,0,11,0,0,1,0,0,0,720,0
8570,18481567210,Authentication,166,34,-19,920,0,11,0,0,1,0,0,0,720,0
8571,18481584367,Authentication,166,34,-56,920,0,11,0,0,0,0,0,0,0,0
8572,18481617135,Authentication,166,34,-56,920,0,11,0,0,0,0,0,0,0,0
8573,18481639029,S1G Beacon,61,34,-19,920,3,1,,,,,,,0,0
8574,18481682670,Authentication,166,34,-57,920,0,11,0,0,0,0,0,0,0,0
8575,18481733817,Authentication,166,34,-20,920,0,11,0,0,0,0,0,0,720,0
8576,18481737963,Authentication,166,34,-57,920,0,11,0,0,0,0,0,0,0,0
8577,18481742814,Authentication,166,34,-19,920,0,11,0,0,1,0,0,0,720,0
8578,18481749378,Authentication,166,34,-19,920,0,11,0,0,1,0,0,0,720,0
8579,18481755836,Authentication,166,34,-18,920,0,11,0,0,1,0,0,0,720,0
8580,18481780974,Authentication,166,34,-57,920,0,11,0,0,0,0,0,0,0,0
8581,18481846509,Authentication,166,34,-57,920,0,11,0,0,0,0,0,0,0,0
8582,18481886444,Authentication,166,34,-57,920,0,11,0,0,0,0,0,0,0,0
8583,18481944813,Authentication,166,34,-57,920,0,11,0,0,0,0,0,0,0,0
8584,18481968296,Authentication,166,34,-19,920,0,11,0,0,0,0,0,0,720,0
8585,18481974808,Authentication,166,34,-19,920,0,11,0,0,1,0,0,0,720,0
8586,18481981476,Authentication,166,34,-19,920,0,11,0,0,1,0,0,0,720,0
8587,18481988038,Authentication,166,34,-18,920,0,11,0,0,1,0,0,0,720,0
8588,18481999594,Authentication,166,34,-56,920,0,11,0,0,0,0,0,0,0,0
8589,18482108652,Authentication,166,34,-56,920,0,11,0,0,0,0,0,0,0,0
8590,18482157802,Authentication,166,34,-56,920,0,11,0,0,0,0,0,0,0,0
8591,18482178303,Authentication,166,34,-19,920,0,11,0,0,0,0,0,0,720,0
8592,18482184763,Authentication,166,34,-19,920,0,11,0,0,1,0,0,0,720,0
8593,18482191325,Authentication,166,34,-18,920,0,11,0,0,1,0,0,0,720,0
8594,18482198045,Authentication,166,34,-19,920,0,11,0,0,1,0,0,0,720,0
8595,18482206956,Authentication,166,34,-57,920,0,11,0,0,0,0,0,0,0,0
8596,18482272491,Authentication,166,34,-57,920,0,11,0,0,0,0,0,0,0,0
8597,18482309354,Authentication,166,34,-56,920,0,11,0,0,0,0,0,0,0,0
8598,18482370795,Authentication,166,34,-56,920,0,11,0,0,0,0,0,0,0,0
8599,18482388328,Authentication,166,34,-20,920,0,11,0,0,0,0,0,0,720,0
8600,18482394892,Authentication,166,34,-20,920,0,11,0,0,1,0,0,0,720,0
8601,18482401663,Authentication,166,34,-19,920,0,11,0,0,1,0,0,0,720,0
8602,18482408228,Authentication,166,34,-19,920,0,11,0,0,1,0,0,0,720,0
8603,18482436330,Authentication,166,34,-56,920,0,11,0,0,0,0,0,0,0,0
8604,18482458232,S1G Beacon,129,34,-19,920,3,1,,,,,,,0,0
8605,18482476264,Authentication,166,34,-55,920,0,11,0,0,0,0,0,0,0,0
8606,18482534633,Authentication,166,34,-58,920,0,11,0,0,0,0,0,0,0,0
8607,18482584938,Authentication,166,34,-21,920,0,11,0,0,1,0,0,0,720,0
8608,18482591656,Authentication,166,34,-18,920,0,11,0,0,1,0,0,0,720,0
8609,18482598271,Authentication,166,34,-20,920,0,11,0,0,1,0,0,0,720,0
8610,18482649318,Authentication,166,34,-56,920,0,11,0,0,0,0,0,0,0,0
8611,18482698472,Authentication,166,34,-56,920,0,11,0,0,0,0,0,0,0,0
8612,18482764008,Authentication,166,34,-57,920,0,11,0,0,0,0,0,0,0,0
8613,18482778565,Authentication,166,34,-21,920,0,11,0,0,0,0,0,0,720,0
8614,18482785078,Authentication,166,34,-19,920,0,11,0,0,1,0,0,0,720,0
8615,18482790134,Authentication,166,34,-19,920,0,11,0,0,1,0,0,0,720,0
8616,18482796748,Authentication,166,34,-21,920,0,11,0,0,1,0,0,0,720,0
8617,18482862311,Authentication,166,34,-56,920,0,11,0,0,0,0,0,0,0,0
8618,18482916581,Authentication,166,34,-56,920,0,11,0,0,0,0,0,0,0,0
8619,18482960614,Authentication,166,34,-57,920,0,11,0,0,0,0,0,0,0,0
8620,18483018359,Authentication,166,34,-20,920,0,11,0,0,0,0,0,0,720,0
8621,18483031434,Authentication,166,34,-20,920,0,11,0,0,1,0,0,0,720,0
8622,18483037893,Authentication,166,34,-19,920,0,11,0,0,1,0,0,0,720,0
8623,18483078372,Authentication,166,34,-55,920,0,11,0,0,0,0,0,0,0,0
8624,18483124454,Authentication,166,34,-56,920,0,11,0,0,0,0,0,0,0,0
8625,18483189989,Authentication,166,34,-57,920,0,11,0,0,0,0,0,0,0,0
8626,18483208251,Authentication,166,34,-20,920,0,11,0,0,0,0,0,0,720,0
8627,18483214917,Authentication,166,34,-20,920,0,11,0,0,1,0,0,0,720,0
8628,18483221429,Authentication,166,34,-20,920,0,11,0,0,1,0,0,0,720,0
8629,18483227938,Authentication,166,34,-20,920,0,11,0,0,1,0,0,0,720,0
8630,18483240215,QoS Data,148,34,-17,920,2,8,1,0,0,0,0,1,720,0
8632,18483244163,QoS Data,148,34,-26,920,2,8,0,0,0,0,0,1,720,0
8634,18483250997,QoS Data,131,34,-27,920,2,8,1,0,0,0,0,1,720,0
8636,18483253635,QoS Data,131,34,-27,920,2,8,0,0,0,0,0,1,720,0
8638,18483277433,S1G Beacon,61,34,-20,920,3,1,,,,,,,0,0
8639,18483288292,Authentication,166,34,-58,920,0,11,0,0,0,0,0,0,0,0
8640,18483349729,Authentication,166,34,-56,920,0,11,0,0,0,0,0,0,0,0
8641,18483390692,Authentication,166,34,-57,920,0,11,0,0,0,0,0,0,0,0
8642,18483418299,Authentication,166,34,-20,920,0,11,0,0,0,0,0,0,720,0
8643,18483424914,Authentication,166,34,-19,920,0,11,0,0,1,0,0,0,720,0
8644,18483431529,Authentication,166,34,-20,920,0,11,0,0,1,0,0,0,720,0
8645,18483438199,Authentication,166,34,-49,920,0,11,0,0,1,0,0,0,720,0
8646,18483452131,Authentication,166,34,-56,920,0,11,0,0,0,0,0,0,0,0
8647,18483501750,QoS Data,128,34,-17,920,2,8,1,0,0,0,0,1,720,0
8649,18483517667,Authentication,166,34,-56,920,0,11,0,0,0,0,0,0,0,0
8650,18483556577,Authentication,166,34,-57,920,0,11,0,0,0,0,0,0,0,0
8651,18483615970,Authentication,166,34,-57,920,0,11,0,0,0,0,0,0,0,0
8652,18483624404,Authentication,166,34,-19,920,0,11,0,0,0,0,0,0,720,0
8653,18483630912,Authentication,166,34,-20,920,0,11,0,0,1,0,0,0,720,0
8654,18483637374,Authentication,166,34,-19,920,0,11,0,0,1,0,0,0,720,0
8655,18483643783,Authentication,166,34,-20,920,0,11,0,0,1,0,0,0,720,0
8656,18483681505,Authentication,166,34,-56,920,0,11,0,0,0,0,0,0,0,0
8657,18483714274,Authentication,166,34,-56,920,0,11,0,0,0,0,0,0,0,0
8658,18483779809,Authentication,166,34,-56,920,0,11,0,0,0,0,0,0,0,0
8659,18483817696,Authentication,166,34,-56,920,0,11,0,0,0,0,0,0,0,0
8660,18483825765,Authentication,166,34,-20,920,0,11,0,0,0,0,0,0,720,0
8661,18483832382,Authentication,166,34,-19,920,0,11,0,0,1,0,0,0,720,0
8662,18483838995,Authentication,166,34,-20,920,0,11,0,0,1,0,0,0,720,0
8663,18483845663,Authentication,166,34,-19,920,0,11,0,0,1,0,0,0,720,0
8664,18483878112,Authentication,166,34,-56,920,0,11,0,0,0,0,0,0,0,0
8665,18483935454,Authentication,166,34,-56,920,0,11,0,0,0,0,0,0,0,0
8666,18483976416,Authentication,166,34,-57,920,0,11,0,0,0,0,0,0,0,0
8667,18484038567,Authentication,166,34,-20,920,0,11,0,0,0,0,0,0,720,0
8668,18484043726,Authentication,166,34,-21,920,0,11,0,0,1,0,0,0,720,0
8669,18484055501,Authentication,166,34,-21,920,0,11,0,0,1,0,0,0,720,0
8670,18484140255,Authentication,166,34,-57,920,0,11,0,0,0,0,0,0,0,0
8671,18484205790,Authentication,166,34,-57,920,0,11,0,0,0,0,0,0,0,0
8672,18484249820,Authentication,166,34,-57,920,0,11,0,0,0,0,0,0,0,0
8673,18484304094,Authentication,166,34,-56,920,0,11,0,0,0,0,0,0,0,0
8674,18484325228,Authentication,166,34,-23,920,0,11,0,0,1,0,0,0,720,0
8675,18484338407,Authentication,166,34,-22,920,0,11,0,0,1,0,0,0,720,0
8676,18484369629,Authentication,166,34,-58,920,0,11,0,0,0,0,0,0,0,0
8677,18484391926,Disassociation,64,34,-21,920,0,10,0,0,1,0,0,0,720,0
8678,18484395666,Disassociation,64,34,-19,920,0,10,0,0,1,0,0,0,720,0
8679,18484467932,Authentication,166,34,-56,920,0,11,0,0,0,0,0,0,0,0
8680,18484527320,Authentication,166,34,-57,920,0,11,0,0,0,0,0,0,0,0
8681,18484532113,Authentication,166,34,-19,920,0,11,0,0,0,0,0,0,720,0
8682,18484538572,Authentication,166,34,-19,920,0,11,0,0,1,0,0,0,720,0
8683,18484545032,Authentication,166,34,-19,920,0,11,0,0,1,0,0,0,720,0
8684,18484551491,Authentication,166,34,-18,920,0,11,0,0,1,0,0,0,720,0
8685,18484566236,Authentication,166,34,-57,920,0,11,0,0,0,0,0,0,0,0
8686,18484631772,Authentication,166,34,-56,920,0,11,0,0,0,0,0,0,0,0
8687,18484677337,Authentication,166,34,-56,920,0,11,0,0,0,0,0,0,0,0
8688,18484730075,Authentication,166,34,-56,920,0,11,0,0,0,0,0,0,0,0
8689,18484748338,Authentication,166,34,-20,920,0,11,0,0,0,0,0,0,720,0
8690,18484755004,Authentication,166,34,-19,920,0,11,0,0,1,0,0,0,720,0
8691,18484761517,Authentication,166,34,-20,920,0,11,0,0,1,0,0,0,720,0
8692,18484768082,Authentication,166,34,-19,920,0,11,0,0,1,0,0,0,720,0
8693,18484828378,Authentication,166,34,-57,920,0,11,0,0,0,0,0,0,0,0
8694,18484893913,Authentication,166,34,-56,920,0,11,0,0,0,0,0,0,0,0
8695,18484915843,S1G Beacon,61,34,-20,920,3,1,,,,,,,0,0
8696,18484939993,Authentication,166,34,-57,920,0,11,0,0,0,0,0,0,0,0
8697,18484951767,Authentication,166,34,-22,920,0,11,0,0,1,0,0,0,720,0
8698,18484964738,Authentication,166,34,-20,920,0,11,0,0,1,0,0,0,720,0
8699,18484992217,Authentication,166,34,-55,920,0,11,0,0,0,0,0,0,0,0
8700,18485057753,Authentication,166,34,-57,920,0,11,0,0,0,0,0,0,0,0
8701,18485096664,Authentication,166,34,-56,920,0,11,0,0,0,0,0,0,0,0
8702,18485148306,Authentication,166,34,-19,920,0,11,0,0,0,0,0,0,720,0
8703,18485154920,Authentication,166,34,-20,920,0,11,0,0,1,0,0,0,720,0
8704,18485161586,Authentication,166,34,-20,920,0,11,0,0,1,0,0,0,720,0
8705,18485168358,Authentication,166,34,-19,920,0,11,0,0,1,0,0,0,720,0
8706,18485221592,Authentication,166,34,-57,920,0,11,0,0,0,0,0,0,0,0
8707,18485267670,Authentication,166,34,-57,920,0,11,0,0,0,0,0,0,0,0
8708,18485319895,Authentication,166,34,-58,920,0,11,0,0,0,0,0,0,0,0
8709,18485378318,Authentication,166,34,-20,920,0,11,0,0,0,0,0,0,720,0
8710,18485384882,Authentication,166,34,-20,920,0,11,0,0,1,0,0,0,720,0
8711,18485391654,Authentication,166,34,-21,920,0,11,0,0,1,0,0,0,720,0
8712,18485398372,Authentication,166,34,-20,920,0,11,0,0,1,0,0,0,720,0
8713,18485445040,Disassociation,64,34,-19,920,0,10,0,0,0,0,0,0,720,0
8714,18485448883,Disassociation,64,34,-20,920,0,10,0,0,1,0,0,0,720,0
8715,18485452779,Disassociation,64,34,-20,920,0,10,0,0,1,0,0,0,720,0
8716,18485456727,Disassociation,64,34,-19,920,0,10,0,0,1,0,0,0,720,0
8717,18485483734,Authentication,166,34,-58,920,0,11,0,0,0,0,0,0,0,0
8718,18485543122,Authentication,166,34,-56,920,0,11,0,0,0,0,0,0,0,0
8719,18485588341,Authentication,166,34,-19,920,0,11,0,0,0,0,0,0,720,0
8720,18485594851,Authentication,166,34,-19,920,0,11,0,0,1,0,0,0,720,0
8721,18485601258,Authentication,166,34,-20,920,0,11,0,0,1,0,0,0,720,0
8722,18485607770,Authentication,166,34,-20,920,0,11,0,0,1,0,0,0,720,0
8723,18485647573,Authentication,166,34,-57,920,0,11,0,0,0,0,0,0,0,0
8724,18485704914,Authentication,166,34,-56,920,0,11,0,0,0,0,0,0,0,0
8725,18485735045,S1G Beacon,129,34,-19,920,3,1,,,,,,,0,0
8726,18485745876,Authentication,166,34,-56,920,0,11,0,0,0,0,0,0,0,0
8727,18485793478,Authentication,166,34,-22,920,0,11,0,0,1,0,0,0,720,0
8728,18485806708,Authentication,166,34,-21,920,0,11,0,0,1,0,0,0,720,0
8729,18485811412,Authentication,166,34,-56,920,0,11,0,0,0,0,0,0,0,0
8730,18485844180,Authentication,166,34,-57,920,0,11,0,0,0,0,0,0,0,0
8731,18485909715,Authentication,166,34,-56,920,0,11,0,0,0,0,0,0,0,0
8732,18485962450,Authentication,166,34,-56,920,0,11,0,0,0,0,0,0,0,0
8733,18485988332,Authentication,166,34,-19,920,0,11,0,0,0,0,0,0,720,0
8734,18485995207,Authentication,166,34,-20,920,0,11,0,0,1,0,0,0,720,0
8735,18486001667,Authentication,166,34,-19,920,0,11,0,0,1,0,0,0,720,0
8736,18486115537,Authentication,166,34,-57,920,0,11,0,0,0,0,0,0,0,0
8737,18486171858,Authentication,166,34,-56,920,0,11,0,0,0,0,0,0,0,0
8738,18486198336,Authentication,166,34,-20,920,0,11,0,0,0,0,0,0,720,0
8739,18486211412,Authentication,166,34,-20,920,0,11,0,0,1,0,0,0,720,0
8740,18486235341,Authentication,166,34,-57,920,0,11,0,0,0,0,0,0,0,0
8741,18486298830,Authentication,166,34,-56,920,0,11,0,0,0,0,0,0,0,0
8742,18486335697,Authentication,166,34,-57,920,0,11,0,0,0,0,0,0,0,0
8743,18486344392,Data,287,34,-20,920,2,0,0,0,0,0,0,1,0,0
8744,18486401232,Authentication,166,34,-57,920,0,11,0,0,0,0,0,0,0,0
8745,18486418349,Authentication,166,34,-20,920,0,11,0,0,0,0,0,0,720,0
8746,18486424810,Authentication,166,34,-19,920,0,11,0,0,1,0,0,0,720,0
8747,18486437782,Authentication,166,34,-20,920,0,11,0,0,1,0,0,0,720,0
8748,18486446287,Authentication,166,34,-56,920,0,11,0,0,0,0,0,0,0,0
8749,18486499536,Authentication,166,34,-56,920,0,11,0,0,0,0,0,0,0,0
8750,18486554249,S1G Beacon,61,34,-19,920,3,1,,,,,,,0,0
8751,18486565072,Authentication,166,34,-56,920,0,11,0,0,0,0,0,0,0,0
8752,18486609102,Authentication,166,34,-58,920,0,11,0,0,0,0,0,0,0,0
8753,18486663374,Authentication,166,34,-56,920,0,11,0,0,0,0,0,0,0,0
8754,18486688240,Authentication,166,34,-19,920,0,11,0,0,0,0,0,0,720,0
8755,18486694701,Authentication,166,34,-20,920,0,11,0,0,1,0,0,0,720,0
8756,18486701108,Authentication,166,34,-18,920,0,11,0,0,1,0,0,0,720,0
8757,18486707826,Authentication,166,34,-20,920,0,11,0,0,1,0,0,0,720,0
8758,18486728910,Authentication,166,34,-57,920,0,11,0,0,0,0,0,0,0,0
8759,18486827214,Authentication,166,34,-56,920,0,11,0,0,0,0,0,0,0,0
8760,18486878411,Authentication,166,34,-19,920,0,11,0,0,0,0,0,0,720,0
8761,18486884977,Authentication,166,34,-20,920,0,11,0,0,1,0,0,0,720,0
8762,18486891594,Authentication,166,34,-20,920,0,11,0,0,1,0,0,0,720,0
8763,18486898312,Authentication,166,34,-20,920,0,11,0,0,1,0,0,0,720,0
8764,18486925517,Authentication,166,34,-55,920,0,11,0,0,0,0,0,0,0,0
8765,18487027916,Authentication,166,34,-57,920,0,11,0,0,0,0,0,0,0,0
8766,18487088253,Authentication,166,34,-20,920,0,11,0,0,0,0,0,0,720,0
8767,18487094966,Authentication,166,34,-20,920,0,11,0,0,1,0,0,0,720,0
8768,18487100490,Authentication,166,34,-19,920,0,11,0,0,1,0,0,0,720,0
8769,18487107263,Authentication,166,34,-19,920,0,11,0,0,1,0,0,0,720,0
8770,18487154892,Authentication,166,34,-57,920,0,11,0,0,0,0,0,0,0,0
8771,18487196875,Authentication,166,34,-57,920,0,11,0,0,0,0,0,0,0,0
8772,18487253195,Authentication,166,34,-56,920,0,11,0,0,0,0,0,0,0,0
8773,18487318342,Authentication,166,34,-19,920,0,11,0,0,0,0,0,0,720,0
8774,18487324801,Authentication,166,34,-21,920,0,11,0,0,1,0,0,0,720,0
8775,18487331210,Authentication,166,34,-19,920,0,11,0,0,1,0,0,0,720,0
8776,18487337616,Authentication,166,34,-19,920,0,11,0,0,1,0,0,0,720,0
8777,18487351498,Authentication,166,34,-57,920,0,11,0,0,0,0,0,0,0,0
8778,18487373450,S1G Beacon,129,34,-20,920,3,1,,,,,,,0,0
8779,18487417034,Authentication,166,34,-56,920,0,11,0,0,0,0,0,0,0,0
8780,18487466184,Authentication,166,34,-57,920,0,11,0,0,0,0,0,0,0,0
8781,18487533725,Authentication,166,34,-20,920,0,11,0,0,0,0,0,0,720,0
8782,18487540185,Authentication,166,34,-19,920,0,11,0,0,1,0,0,0,720,0
8783,18487546903,Authentication,166,34,-20,920,0,11,0,0,1,0,0,0,720,0
8784,18487553569,Authentication,166,34,-19,920,0,11,0,0,1,0,0,0,720,0
8785,18487580872,Authentication,166,34,-56,920,0,11,0,0,0,0,0,0,0,0
8786,18487592673,Disassociation,64,34,-19,920,0,10,0,0,0,0,0,0,720,0
8787,18487600361,Disassociation,64,34,-21,920,0,10,0,0,1,0,0,0,720,0
8788,18487602800,Disassociation,64,34,-20,920,0,10,0,0,1,0,0,0,720,0
8789,18487613641,Authentication,166,34,-56,920,0,11,0,0,0,0,0,0,0,0
8790,18487679176,Authentication,166,34,-57,920,0,11,0,0,0,0,0,0,0,0
8791,18487731795,Authentication,166,34,-19,920,0,11,0,0,0,0,0,0,720,0
8792,18487740069,Authentication,166,34,-19,920,0,11,0,0,1,0,0,0,720,0
8793,18487746475,Authentication,166,34,-19,920,0,11,0,0,1,0,0,0,720,0
8794,18487752884,Authentication,166,34,-19,920,0,11,0,0,1,0,0,0,720,0
8795,18487777479,Authentication,166,34,-56,920,0,11,0,0,0,0,0,0,0,0
8796,18487843015,Authentication,166,34,-57,920,0,11,0,0,0,0,0,0,0,0
8797,18487897283,Authentication,166,34,-56,920,0,11,0,0,0,0,0,0,0,0
8798,18487941318,Authentication,166,34,-56,920,0,11,0,0,0,0,0,0,0,0
8799,18487968347,Authentication,166,34,-19,920,0,11,0,0,0,0,0,0,720,0
8800,18487974805,Authentication,166,34,-19,920,0,11,0,0,1,0,0,0,720,0
8801,18487981422,Authentication,166,34,-19,920,0,11,0,0,1,0,0,0,720,0
8802,18488006854,Authentication,166,34,-57,920,0,11,0,0,0,0,0,0,0,0
8803,18488032498,Disassociation,64,34,-20,920,0,10,0,0,0,0,0,0,720,0
8804,18488036290,Disassociation,64,34,-19,920,0,10,0,0,1,0,0,0,720,0
8805,18488040342,Disassociation,64,34,-19,920,0,10,0,0,1,0,0,0,720,0
8806,18488105158,Authentication,166,34,-56,920,0,11,0,0,0,0,0,0,0,0
8807,18488170693,Authentication,166,34,-56,920,0,11,0,0,0,0,0,0,0,0
8808,18488175953,Authentication,166,34,-20,920,0,11,0,0,0,0,0,0,720,0
8809,18488182412,Authentication,166,34,-20,920,0,11,0,0,1,0,0,0,720,0
8810,18488192655,S1G Beacon,61,34,-19,920,3,1,,,,,,,0,0
8811,18488194444,Authentication,166,34,-19,920,0,11,0,0,1,0,0,0,720,0
8812,18488200904,Authentication,166,34,-20,920,0,11,0,0,1,0,0,0,720,0
8813,18488212675,Authentication,166,34,-56,920,0,11,0,0,0,0,0,0,0,0
8814,18488266379,QoS Data,149,34,-15,920,2,8,1,0,0,0,0,1,720,0
8816,18488270220,QoS Data,149,34,-27,920,2,8,0,0,0,0,0,1,720,0
8818,18488274022,Data,134,34,-20,920,2,0,0,0,0,0,0,1,0,0
8819,18488278247,QoS Data,131,34,-21,920,2,8,1,0,0,0,0,1,720,0
8821,18488280837,QoS Data,131,34,-29,920,2,8,0,0,0,0,0,1,720,0
8823,18488334532,Authentication,166,34,-56,920,0,11,0,0,0,0,0,0,0,0
8824,18488368324,Authentication,166,34,-56,920,0,11,0,0,0,0,0,0,0,0
8825,18488373536,Authentication,166,34,-19,920,0,11,0,0,0,0,0,0,720,0
8826,18488380515,Authentication,166,34,-20,920,0,11,0,0,1,0,0,0,720,0
8827,18488387025,Authentication,166,34,-20,920,0,11,0,0,1,0,0,0,720,0
8828,18488393431,Authentication,166,34,-19,920,0,11,0,0,1,0,0,0,720,0
8829,18488432835,Authentication,166,34,-56,920,0,11,0,0,0,0,0,0,0,0
8830,18488496678,Data,378,34,-19,920,2,0,0,0,0,0,0,1,0,0
8831,18488507216,QoS Data,128,34,-17,920,2,8,1,0,0,0,0,1,720,0
8833,18488510337,QoS Data,128,34,-27,920,2,8,0,0,0,0,0,1,720,0
8835,18488531139,Authentication,166,34,-56,920,0,11,0,0,0,0,0,0,0,0
8836,18488573270,Authentication,166,34,-19,920,0,11,0,0,0,0,0,0,720,0
8837,18488579731,Authentication,166,34,-19,920,0,11,0,0,1,0,0,0,720,0
8838,18488586399,Authentication,166,34,-19,920,0,11,0,0,1,0,0,0,720,0
8839,18488591661,Authentication,166,34,-19,920,0,11,0,0,1,0,0,0,720,0
8840,18488596674,Authentication,166,34,-57,920,0,11,0,0,0,0,0,0,0,0
8841,18488601886,Data,387,34,-19,920,2,0,0,0,0,0,0,1,0,0
8842,18488644800,Authentication,166,34,-56,920,0,11,0,0,0,0,0,0,0,0
8843,18488694977,Authentication,166,34,-56,920,0,11,0,0,0,0,0,0,0,0
8844,18488704348,Data,450,34,-19,920,2,0,0,0,0,0,0,1,0,0
8845,18488760513,Authentication,166,34,-58,920,0,11,0,0,0,0,0,0,0,0
8846,18488788291,Authentication,166,34,-19,920,0,11,0,0,0,0,0,0,720,0
8847,18488797883,Authentication,166,34,-19,920,0,11,0,0,1,0,0,0,720,0
8848,18488804293,Authentication,166,34,-19,920,0,11,0,0,1,0,0,0,720,0
8849,18488823270,Authentication,166,34,-22,920,0,11,0,0,1,0,0,0,720,0
8850,18488858817,Authentication,166,34,-57,920,0,11,0,0,0,0,0,0,0,0
8851,18488902847,Authentication,166,34,-56,920,0,11,0,0,0,0,0,0,0,0
8852,18488912528,Data,387,34,-19,920,2,0,0,0,0,0,0,1,0,0
8853,18488957120,Authentication,166,34,-57,920,0,11,0,0,0,0,0,0,0,0
8854,18489011857,S1G Beacon,129,34,-20,920,3,1,,,,,,,0,0
8855,18489016643,Data,426,34,-20,920,2,0,0,0,0,0,0,1,0,0
8856,18489057471,Authentication,166,34,-56,920,0,11,0,0,0,0,0,0,0,0
8857,18489062056,Authentication,166,34,-19,920,0,11,0,0,0,0,0,0,720,0
8858,18489067579,Authentication,166,34,-20,920,0,11,0,0,1,0,0,0,720,0
8859,18489074246,Authentication,166,34,-19,920,0,11,0,0,1,0,0,0,720,0
8860,18489080651,Authentication,166,34,-20,920,0,11,0,0,1,0,0,0,720,0
8861,18489120495,Data,458,34,-19,920,2,0,0,0,0,0,0,1,0,0
8862,18489170108,Authentication,166,34,-56,920,0,11,0,0,0,0,0,0,0,0
8863,18489219262,Authentication,166,34,-56,920,0,11,0,0,0,0,0,0,0,0
8864,18489225046,Data,387,34,-19,920,2,0,0,0,0,0,0,1,0,0
8865,18489268481,Authentication,166,34,-20,920,0,11,0,0,0,0,0,0,720,0
8866,18489274990,Authentication,166,34,-20,920,0,11,0,0,1,0,0,0,720,0
8867,18489281762,Authentication,166,34,-19,920,0,11,0,0,1,0,0,0,720,0
8868,18489289312,Authentication,166,34,-20,920,0,11,0,0,1,0,0,0,720,0
8869,18489328428,Data,446,34,-20,920,2,0,0,0,0,0,0,1,0,0
8870,18489368587,Data,287,34,-20,920,2,0,0,0,0,0,0,1,0,0
8871,18489383101,Authentication,166,34,-58,920,0,11,0,0,0,0,0,0,0,0
8872,18489432434,Data,440,34,-20,920,2,0,0,0,0,0,0,1,0,0
8873,18489448637,Authentication,166,34,-56,920,0,11,0,0,0,0,0,0,0,0
8874,18489453899,Authentication,166,34,-19,920,0,11,0,0,0,0,0,0,720,0
8875,18489460500,Authentication,166,34,-19,920,0,11,0,0,1,0,0,0,720,0
8876,18489467271,Authentication,166,34,-19,920,0,11,0,0,1,0,0,0,720,0
8877,18489536486,Data,387,34,-19,920,2,0,0,0,0,0,0,1,0,0
8878,18489546940,Authentication,166,34,-55,920,0,11,0,0,0,0,0,0,0,0
8879,18489602233,Authentication,166,34,-55,920,0,11,0,0,0,0,0,0,0,0
8880,18489640357,Data,442,34,-19,920,2,0,0,0,0,0,0,1,0,0
8881,18489665626,Authentication,166,34,-21,920,0,11,0,0,1,0,0,0,720,0
8882,18489672191,Authentication,166,34,-19,920,0,11,0,0,1,0,0,0,720,0
8883,18489678911,Authentication,166,34,-19,920,0,11,0,0,1,0,0,0,720,0
8884,18489710779,Authentication,166,34,-56,920,0,11,0,0,0,0,0,0,0,0
8885,18489744426,Data,452,34,-20,920,2,0,0,0,0,0,0,1,0,0
8886,18489809082,Authentication,166,34,-56,920,0,11,0,0,0,0,0,0,0,0
8887,18489831063,S1G Beacon,61,34,-19,920,3,1,,,,,,,0,0
8888,18489860935,Authentication,166,34,-19,920,0,11,0,0,0,0,0,0,720,0
8889,18489867497,Authentication,166,34,-19,920,0,11,0,0,1,0,0,0,720,0
8890,18489874058,Authentication,166,34,-20,920,0,11,0,0,1,0,0,0,720,0
8891,18489880517,Authentication,166,34,-21,920,0,11,0,0,1,0,0,0,720,0
8892,18489907385,Authentication,166,34,-56,920,0,11,0,0,0,0,0,0,0,0
8893,18489972922,Authentication,166,34,-55,920,0,11,0,0,0,0,0,0,0,0
8894,18490038457,Authentication,166,34,-56,920,0,11,0,0,0,0,0,0,0,0
8895,18490068783,Authentication,166,34,-19,920,0,11,0,0,0,0,0,0,720,0
8896,18490075763,Authentication,166,34,-19,920,0,11,0,0,1,0,0,0,720,0
8897,18490083056,Authentication,166,34,-19,920,0,11,0,0,1,0,0,0,720,0
8898,18490089673,Authentication,166,34,-19,920,0,11,0,0,1,0,0,0,720,0
8899,18490136760,Authentication,166,34,-56,920,0,11,0,0,0,0,0,0,0,0
8900,18490185676,Disassociation,64,34,-20,920,0,10,0,0,0,0,0,0,720,0
8901,18490187446,Authentication,166,34,-57,920,0,11,0,0,0,0,0,0,0,0
8902,18490192394,Disassociation,64,34,-20,920,0,10,0,0,1,0,0,0,720,0
8903,18490199820,Disassociation,64,34,-22,920,0,10,0,0,1,0,0,0,720,0
8904,18490300599,Authentication,166,34,-56,920,0,11,0,0,0,0,0,0,0,0
8905,18490328361,Authentication,166,34,-20,920,0,11,0,0,0,0,0,0,720,0
8906,18490335082,Authentication,166,34,-20,920,0,11,0,0,1,0,0,0,720,0
8907,18490341854,Authentication,166,34,-19,920,0,11,0,0,1,0,0,0,720,0
8908,18490348574,Authentication,166,34,-19,920,0,11,0,0,1,0,0,0,720,0
8910,18490398903,Authentication,166,34,-56,920,0,11,0,0,0,0,0,0,0,0
8911,18490464438,Authentication,166,34,-56,920,0,11,0,0,0,0,0,0,0,0
8912,18490507445,Authentication,166,34,-57,920,0,11,0,0,0,0,0,0,0,0
8913,18490538288,Authentication,166,34,-19,920,0,11,0,0,0,0,0,0,720,0
8914,18490544853,Authentication,166,34,-20,920,0,11,0,0,1,0,0,0,720,0
8915,18490551521,Authentication,166,34,-19,920,0,11,0,0,1,0,0,0,720,0
8916,18490558189,Authentication,166,34,-20,920,0,11,0,0,1,0,0,0,720,0
8917,18490618034,Authentication,166,34,-57,920,0,11,0,0,0,0,0,0,0,0
8918,18490726580,Authentication,166,34,-57,920,0,11,0,0,0,0,0,0,0,0
8919,18490749080,Authentication,166,34,-19,920,0,11,0,0,0,0,0,0,720,0
8920,18490754240,Authentication,166,34,-19,920,0,11,0,0,1,0,0,0,720,0
8921,18490760906,Authentication,166,34,-20,920,0,11,0,0,1,0,0,0,720,0
8922,18490824883,Authentication,166,34,-57,920,0,11,0,0,0,0,0,0,0,0
8923,18490890419,Authentication,166,34,-56,920,0,11,0,0,0,0,0,0,0,0
8924,18490923188,Authentication,166,34,-56,920,0,11,0,0,0,0,0,0,0,0
8925,18490948391,Authentication,166,34,-19,920,0,11,0,0,0,0,0,0,720,0
8926,18490954018,Authentication,166,34,-19,920,0,11,0,0,1,0,0,0,720,0
8927,18490960635,Authentication,166,34,-20,920,0,11,0,0,1,0,0,0,720,0
8928,18490967252,Authentication,166,34,-20,920,0,11,0,0,1,0,0,0,720,0
8929,18491029682,Authentication,166,34,-56,920,0,11,0,0,0,0,0,0,0,0
8930,18491087026,Authentication,166,34,-56,920,0,11,0,0,0,0,0,0,0,0
8931,18491152562,Authentication,166,34,-57,920,0,11,0,0,0,0,0,0,0,0
8932,18491157148,Authentication,166,34,-19,920,0,11,0,0,0,0,0,0,720,0
8933,18491163553,Authentication,166,34,-19,920,0,11,0,0,1,0,0,0,720,0
8934,18491170168,Authentication,166,34,-21,920,0,11,0,0,1,0,0,0,720,0
8935,18491176108,Authentication,166,34,-19,920,0,11,0,0,1,0,0,0,720,0
8936,18491250865,Authentication,166,34,-56,920,0,11,0,0,0,0,0,0,0,0
8937,18491316401,Authentication,166,34,-58,920,0,11,0,0,0,0,0,0,0,0
8938,18491349169,Authentication,166,34,-58,920,0,11,0,0,0,0,0,0,0,0
8939,18491414704,Authentication,166,34,-56,920,0,11,0,0,0,0,0,0,0,0
8940,18491419654,Authentication,166,34,-19,920,0,11,0,0,0,0,0,0,720,0
8941,18491426219,Authentication,166,34,-19,920,0,11,0,0,1,0,0,0,720,0
8942,18491431534,Authentication,166,34,-21,920,0,11,0,0,1,0,0,0,720,0
8943,18491464878,Authentication,166,34,-57,920,0,11,0,0,0,0,0,0,0,0
8944,18491469468,S1G Beacon,61,34,-19,920,3,1,,,,,,,0,0
8945,18491486335,Disassociation,64,34,-20,920,0,10,0,0,0,0,0,0,720,0
8946,18491494125,Disassociation,64,34,-21,920,0,10,0,0,1,0,0,0,720,0
8947,18491497811,Disassociation,64,34,-19,920,0,10,0,0,1,0,0,0,720,0
8948,18491513007,Authentication,166,34,-56,920,0,11,0,0,0,0,0,0,0,0
8949,18491518217,Data,284,34,-19,920,2,0,0,0,0,0,0,1,0,0
8950,18491578543,Authentication,166,34,-58,920,0,11,0,0,0,0,0,0,0,0
8951,18491611311,Authentication,166,34,-56,920,0,11,0,0,0,0,0,0,0,0
8952,18491640223,Authentication,166,34,-21,920,0,11,0,0,1,0,0,0,720,0
8953,18491646943,Authentication,166,34,-19,920,0,11,0,0,1,0,0,0,720,0
8954,18491728044,Authentication,166,34,-57,920,0,11,0,0,0,0,0,0,0,0
8955,18491775150,Authentication,166,34,-57,920,0,11,0,0,0,0,0,0,0,0
8956,18491833684,Authentication,166,34,-20,920,0,11,0,0,0,0,0,0,720,0
8957,18491840197,Authentication,166,34,-20,920,0,11,0,0,1,0,0,0,720,0
8958,18491846759,Authentication,166,34,-20,920,0,11,0,0,1,0,0,0,720,0
8959,18491880620,Authentication,166,34,-56,920,0,11,0,0,0,0,0,0,0,0
8960,18491938988,Authentication,166,34,-56,920,0,11,0,0,0,0,0,0,0,0
8961,18491997353,Authentication,166,34,-57,920,0,11,0,0,0,0,0,0,0,0
8962,18492025858,Authentication,166,34,-22,920,0,11,0,0,1,0,0,0,720,0
8963,18492041930,Authentication,166,34,-21,920,0,11,0,0,1,0,0,0,720,0
8964,18492089913,Disassociation,64,34,-20,920,0,10,0,0,0,0,0,0,720,0
8965,18492093754,Disassociation,64,34,-20,920,0,10,0,0,1,0,0,0,720,0
8966,18492097548,Disassociation,64,34,-20,920,0,10,0,0,1,0,0,0,720,0
8967,18492145835,Authentication,166,34,-57,920,0,11,0,0,0,0,0,0,0,0
8968,18492201131,Authentication,166,34,-56,920,0,11,0,0,0,0,0,0,0,0
8969,18492233693,Authentication,166,34,-19,920,0,11,0,0,0,0,0,0,720,0
8970,18492240411,Authentication,166,34,-19,920,0,11,0,0,1,0,0,0,720,0
8971,18492253540,Authentication,166,34,-22,920,0,11,0,0,1,0,0,0,720,0
8972,18492266667,Authentication,166,34,-56,920,0,11,0,0,0,0,0,0,0,0
8973,18492288669,S1G Beacon,129,34,-21,920,3,1,,,,,,,0,0
8974,18492309673,Authentication,166,34,-56,920,0,11,0,0,0,0,0,0,0,0
8975,18492364970,Authentication,166,34,-56,920,0,11,0,0,0,0,0,0,0,0
8976,18492430505,Authentication,166,34,-56,920,0,11,0,0,0,0,0,0,0,0
8977,18492439044,Authentication,166,34,-20,920,0,11,0,0,0,0,0,0,720,0
8978,18492452276,Authentication,166,34,-21,920,0,11,0,0,1,0,0,0,720,0
8979,18492485798,Authentication,166,34,-55,920,0,11,0,0,0,0,0,0,0,0
8980,18492517555,Data,284,34,-20,920,2,0,0,0,0,0,0,1,0,0
8981,18492528809,Authentication,166,34,-57,920,0,11,0,0,0,0,0,0,0,0
8982,18492594345,Authentication,166,34,-56,920,0,11,0,0,0,0,0,0,0,0
8983,18492609384,Disassociation,64,34,-20,920,0,10,0,0,0,0,0,0,720,0
8984,18492616967,Disassociation,64,34,-20,920,0,10,0,0,1,0,0,0,720,0
8985,18492637351,Authentication,166,34,-57,920,0,11,0,0,0,0,0,0,0,0
8986,18492692648,Authentication,166,34,-56,920,0,11,0,0,0,0,0,0,0,0
8987,18492744869,Authentication,166,34,-57,920,0,11,0,0,0,0,0,0,0,0
8988,18492756849,Authentication,166,34,-21,920,0,11,0,0,1,0,0,0,720,0
8989,18492762218,Authentication,166,34,-19,920,0,11,0,0,1,0,0,0,720,0
8990,18492768679,Authentication,166,34,-20,920,0,11,0,0,1,0,0,0,720,0
8991,18492790951,Authentication,166,34,-57,920,0,11,0,0,0,0,0,0,0,0
8992,18492856487,Authentication,166,34,-57,920,0,11,0,0,0,0,0,0,0,0
8993,18492900518,Authentication,166,34,-56,920,0,11,0,0,0,0,0,0,0,0
8994,18492948317,Authentication,166,34,-19,920,0,11,0,0,0,0,0,0,720,0
8995,18492954826,Authentication,166,34,-40,920,0,11,0,0,1,0,0,0,720,0
8996,18492961235,Authentication,166,34,-20,920,0,11,0,0,1,0,0,0,720,0
8997,18493020326,Authentication,166,34,-56,920,0,11,0,0,0,0,0,0,0,0
8998,18493056166,Authentication,166,34,-57,920,0,11,0,0,0,0,0,0,0,0
8999,18493107874,S1G Beacon,61,34,-21,920,3,1,,,,,,,0,0
9000,18493118629,Authentication,166,34,-57,920,0,11,0,0,0,0,0,0,0,0
9001,18493158317,Authentication,166,34,-20,920,0,11,0,0,0,0,0,0,720,0
9002,18493164779,Authentication,166,34,-19,920,0,11,0,0,1,0,0,0,720,0
9003,18493171550,Authentication,166,34,-19,920,0,11,0,0,1,0,0,0,720,0
9004,18493175970,Authentication,166,34,-58,920,0,11,0,0,0,0,0,0,0,0
9005,18493180710,Authentication,166,34,-20,920,0,11,0,0,1,0,0,0,720,0
9006,18493216932,Authentication,166,34,-57,920,0,11,0,0,0,0,0,0,0,0
9007,18493282468,Authentication,166,34,-57,920,0,11,0,0,0,0,0,0,0,0
9008,18493293189,QoS Data,149,34,-17,920,2,8,1,0,0,0,0,1,720,0
9010,18493296409,QoS Data,149,34,-27,920,2,8,0,0,0,0,0,1,720,0
9012,18493302570,QoS Data,131,34,-22,920,2,8,1,0,0,0,0,1,720,0
9014,18493305157,QoS Data,131,34,-26,920,2,8,0,0,0,0,0,1,720,0
9016,18493331618,Authentication,166,34,-56,920,0,11,0,0,0,0,0,0,0,0
9017,18493368235,Authentication,166,34,-19,920,0,11,0,0,0,0,0,0,720,0
9018,18493374852,Authentication,166,34,-18,920,0,11,0,0,1,0,0,0,720,0
9019,18493380771,Authentication,166,34,-56,920,0,11,0,0,0,0,0,0,0,0
9020,18493385461,Authentication,166,34,-19,920,0,11,0,0,1,0,0,0,720,0
9021,18493392023,Authentication,166,34,-19,920,0,11,0,0,1,0,0,0,720,0
9022,18493446307,Authentication,166,34,-57,920,0,11,0,0,0,0,0,0,0,0
9023,18493487266,Authentication,166,34,-57,920,0,11,0,0,0,0,0,0,0,0
9024,18493501578,QoS Data,128,34,-16,920,2,8,1,0,0,0,0,1,720,0
9027,18493518364,Data,284,34,-19,920,2,0,0,0,0,0,0,1,0,0
9028,18493544611,Authentication,166,34,-56,920,0,11,0,0,0,0,0,0,0,0
9029,18493568564,Authentication,166,34,-20,920,0,11,0,0,0,0,0,0,720,0
9030,18493575234,Authentication,166,34,-19,920,0,11,0,0,1,0,0,0,720,0
9031,18493581746,Authentication,166,34,-20,920,0,11,0,0,1,0,0,0,720,0
9032,18493588153,Authentication,166,34,-19,920,0,11,0,0,1,0,0,0,720,0
9033,18493601950,Authentication,166,34,-57,920,0,11,0,0,0,0,0,0,0,0
9034,18493642914,Authentication,166,34,-56,920,0,11,0,0,0,0,0,0,0,0
9035,18493708449,Authentication,166,34,-57,920,0,11,0,0,0,0,0,0,0,0
9036,18493741217,Authentication,166,34,-57,920,0,11,0,0,0,0,0,0,0,0
9037,18493758309,Authentication,166,34,-19,920,0,11,0,0,0,0,0,0,720,0
9038,18493764768,Authentication,166,34,-19,920,0,11,0,0,1,0,0,0,720,0
9039,18493771228,Authentication,166,34,-20,920,0,11,0,0,1,0,0,0,720,0
9040,18493777741,Authentication,166,34,-19,920,0,11,0,0,1,0,0,0,720,0
9041,18493806752,Authentication,166,34,-56,920,0,11,0,0,0,0,0,0,0,0
9042,18493858974,Authentication,166,34,-56,920,0,11,0,0,0,0,0,0,0,0
9043,18493905056,Authentication,166,34,-57,920,0,11,0,0,0,0,0,0,0,0
9044,18493927079,S1G Beacon,129,34,-19,920,3,1,,,,,,,0,0
9045,18493970592,Authentication,166,34,-57,920,0,11,0,0,0,0,0,0,0,0
9046,18493998576,Authentication,166,34,-20,920,0,11,0,0,0,0,0,0,720,0
9047,18494005347,Authentication,166,34,-20,920,0,11,0,0,1,0,0,0,720,0
9048,18494013035,Authentication,166,34,-19,920,0,11,0,0,1,0,0,0,720,0
9049,18494019808,Authentication,166,34,-20,920,0,11,0,0,1,0,0,0,720,0
9050,18494068895,Authentication,166,34,-57,920,0,11,0,0,0,0,0,0,0,0
9051,18494134430,Authentication,166,34,-57,920,0,11,0,0,0,0,0,0,0,0
9052,18494167198,Authentication,166,34,-57,920,0,11,0,0,0,0,0,0,0,0
9053,18494208278,Authentication,166,34,-19,920,0,11,0,0,0,0,0,0,720,0
9054,18494214684,Authentication,166,34,-18,920,0,11,0,0,1,0,0,0,720,0
9055,18494221456,Authentication,166,34,-18,920,0,11,0,0,1,0,0,0,720,0
9056,18494228070,Authentication,166,34,-19,920,0,11,0,0,1,0,0,0,720,0
9057,18494232734,Authentication,166,34,-56,920,0,11,0,0,0,0,0,0,0,0
9058,18494291098,Authentication,166,34,-57,920,0,11,0,0,0,0,0,0,0,0
9059,18494331037,Authentication,166,34,-57,920,0,11,0,0,0,0,0,0,0,0
9060,18494396573,Authentication,166,34,-56,920,0,11,0,0,0,0,0,0,0,0
9061,18494401158,Authentication,166,34,-19,920,0,11,0,0,0,0,0,0,720,0
9062,18494407618,Authentication,166,34,-18,920,0,11,0,0,1,0,0,0,720,0
9063,18494412987,Authentication,166,34,-19,920,0,11,0,0,1,0,0,0,720,0
9064,18494419603,Authentication,166,34,-19,920,0,11,0,0,1,0,0,0,720,0
9065,18494439580,Authentication,166,34,-57,920,0,11,0,0,0,0,0,0,0,0
9066,18494494876,Authentication,166,34,-56,920,0,11,0,0,0,0,0,0,0,0
9067,18494560412,Authentication,166,34,-56,920,0,11,0,0,0,0,0,0,0,0
9068,18494588265,Authentication,166,34,-19,920,0,11,0,0,0,0,0,0,720,0
9069,18494594934,Authentication,166,34,-19,920,0,11,0,0,1,0,0,0,720,0
9070,18494601343,Authentication,166,34,-20,920,0,11,0,0,1,0,0,0,720,0
9071,18494607803,Authentication,166,34,-20,920,0,11,0,0,1,0,0,0,720,0
9072,18494658715,Authentication,166,34,-56,920,0,11,0,0,0,0,0,0,0,0
9073,18494724251,Authentication,166,34,-56,920,0,11,0,0,0,0,0,0,0,0
9074,18494746279,S1G Beacon,61,34,-19,920,3,1,,,,,,,0,0
9075,18494757019,Authentication,166,34,-57,920,0,11,0,0,0,0,0,0,0,0
9076,18494761709,Authentication,166,34,-19,920,0,11,0,0,0,0,0,0,720,0
9077,18494767127,Authentication,166,34,-20,920,0,11,0,0,1,0,0,0,720,0
9078,18494773795,Authentication,166,34,-18,920,0,11,0,0,1,0,0,0,720,0
9079,18494780357,Authentication,166,34,-19,920,0,11,0,0,1,0,0,0,720,0
9080,18494822554,Authentication,166,34,-57,920,0,11,0,0,0,0,0,0,0,0
9081,18494888090,Authentication,166,34,-56,920,0,11,0,0,0,0,0,0,0,0
9082,18494920858,Authentication,166,34,-56,920,0,11,0,0,0,0,0,0,0,0
9083,18494958303,Authentication,166,34,-19,920,0,11,0,0,0,0,0,0,720,0
9084,18494964712,Authentication,166,34,-19,920,0,11,0,0,1,0,0,0,720,0
9085,18494971326,Authentication,166,34,-18,920,0,11,0,0,1,0,0,0,720,0
9086,18494977837,Authentication,166,34,-19,920,0,11,0,0,1,0,0,0,720,0
9087,18494986393,Authentication,166,34,-57,920,0,11,0,0,0,0,0,0,0,0
9088,18495038103,Authentication,166,34,-56,920,0,11,0,0,0,0,0,0,0,0
9089,18495056157,Disassociation,64,34,-18,920,0,10,0,0,0,0,0,0,720,0
9090,18495060156,Disassociation,64,34,-19,920,0,10,0,0,1,0,0,0,720,0
9091,18495064104,Disassociation,64,34,-19,920,0,10,0,0,1,0,0,0,720,0
9092,18495084696,Authentication,166,34,-56,920,0,11,0,0,0,0,0,0,0,0
9093,18495150232,Authentication,166,34,-57,920,0,11,0,0,0,0,0,0,0,0
9094,18495188176,Authentication,166,34,-20,920,0,11,0,0,0,0,0,0,720,0
9095,18495194634,Authentication,166,34,-20,920,0,11,0,0,1,0,0,0,720,0
9096,18495201198,Authentication,166,34,-20,920,0,11,0,0,1,0,0,0,720,0
9097,18495207916,Authentication,166,34,-20,920,0,11,0,0,1,0,0,0,720,0
9098,18495215767,Authentication,166,34,-56,920,0,11,0,0,0,0,0,0,0,0
9099,18495248536,Authentication,166,34,-56,920,0,11,0,0,0,0,0,0,0,0
9100,18495314071,Authentication,166,34,-55,920,0,11,0,0,0,0,0,0,0,0
9101,18495373459,Authentication,166,34,-56,920,0,11,0,0,0,0,0,0,0,0
9102,18495378148,Authentication,166,34,-20,920,0,11,0,0,0,0,0,0,720,0
9103,18495384714,Authentication,166,34,-19,920,0,11,0,0,1,0,0,0,720,0
9104,18495391172,Authentication,166,34,-21,920,0,11,0,0,1,0,0,0,720,0
9105,18495397578,Authentication,166,34,-20,920,0,11,0,0,1,0,0,0,720,0
9106,18495412374,Authentication,166,34,-56,920,0,11,0,0,0,0,0,0,0,0
9107,18495417949,Data,287,34,-20,920,2,0,0,0,0,0,0,1,0,0
9108,18495477910,Authentication,166,34,-57,920,0,11,0,0,0,0,0,0,0,0
9109,18495519893,Authentication,166,34,-56,920,0,11,0,0,0,0,0,0,0,0
9110,18495565485,S1G Beacon,129,34,-20,920,3,1,,,,,,,0,0
9111,18495576213,Authentication,166,34,-57,920,0,11,0,0,0,0,0,0,0,0
9112,18495594217,Authentication,166,34,-18,920,0,11,0,0,0,0,0,0,720,0
9113,18495600624,Authentication,166,34,-20,920,0,11,0,0,1,0,0,0,720,0
9114,18495607189,Authentication,166,34,-19,920,0,11,0,0,1,0,0,0,720,0
9115,18495613960,Authentication,166,34,-19,920,0,11,0,0,1,0,0,0,720,0
9116,18495625363,Authentication,166,34,-56,920,0,11,0,0,0,0,0,0,0,0
9117,18495674516,Authentication,166,34,-56,920,0,11,0,0,0,0,0,0,0,0
9118,18495740052,Authentication,166,34,-56,920,0,11,0,0,0,0,0,0,0,0
9119,18495793298,Authentication,166,34,-55,920,0,11,0,0,0,0,0,0,0,0
9120,18495808231,Authentication,166,34,-18,920,0,11,0,0,0,0,0,0,720,0
9121,18495814637,Authentication,166,34,-19,920,0,11,0,0,1,0,0,0,720,0
9122,18495821304,Authentication,166,34,-19,920,0,11,0,0,1,0,0,0,720,0
9123,18495827762,Authentication,166,34,-19,920,0,11,0,0,1,0,0,0,720,0
9124,18495838356,Authentication,166,34,-56,920,0,11,0,0,0,0,0,0,0,0
9125,18495903891,Authentication,166,34,-56,920,0,11,0,0,0,0,0,0,0,0
9126,18495950994,Authentication,166,34,-56,920,0,11,0,0,0,0,0,0,0,0
9127,18496002194,Authentication,166,34,-57,920,0,11,0,0,0,0,0,0,0,0
9128,18496006840,Authentication,166,34,-18,920,0,11,0,0,0,0,0,0,720,0
9129,18496013298,Authentication,166,34,-20,920,0,11,0,0,1,0,0,0,720,0
9130,18496019860,Authentication,166,34,-19,920,0,11,0,0,1,0,0,0,720,0
9131,18496026372,Authentication,166,34,-19,920,0,11,0,0,1,0,0,0,720,0
9132,18496067730,Authentication,166,34,-57,920,0,11,0,0,0,0,0,0,0,0
9133,18496100498,Authentication,166,34,-57,920,0,11,0,0,0,0,0,0,0,0
9134,18496166033,Authentication,166,34,-56,920,0,11,0,0,0,0,0,0,0,0
9135,18496220302,Authentication,166,34,-57,920,0,11,0,0,0,0,0,0,0,0
9136,18496248238,Authentication,166,34,-19,920,0,11,0,0,0,0,0,0,720,0
9137,18496254643,Authentication,166,34,-20,920,0,11,0,0,1,0,0,0,720,0
9138,18496261414,Authentication,166,34,-19,920,0,11,0,0,1,0,0,0,720,0
9139,18496268809,Authentication,166,34,-19,920,0,11,0,0,1,0,0,0,720,0
9140,18496329872,Authentication,166,34,-56,920,0,11,0,0,0,0,0,0,0,0
9141,18496375952,Authentication,166,34,-56,920,0,11,0,0,0,0,0,0,0,0
9142,18496384685,S1G Beacon,61,34,-18,920,3,1,,,,,,,0,0
9143,18496428175,Authentication,166,34,-56,920,0,11,0,0,0,0,0,0,0,0
9144,18496458293,Authentication,166,34,-19,920,0,11,0,0,0,0,0,0,720,0
9145,18496464855,Authentication,166,34,-19,920,0,11,0,0,1,0,0,0,720,0
9146,18496471313,Authentication,166,34,-19,920,0,11,0,0,1,0,0,0,720,0
9147,18496477824,Authentication,166,34,-18,920,0,11,0,0,1,0,0,0,720,0
9148,18496493711,Authentication,166,34,-56,920,0,11,0,0,0,0,0,0,0,0
9149,18496540814,Authentication,166,34,-56,920,0,11,0,0,0,0,0,0,0,0
9150,18496592015,Authentication,166,34,-56,920,0,11,0,0,0,0,0,0,0,0
9151,18496657550,Authentication,166,34,-56,920,0,11,0,0,0,0,0,0,0,0
9152,18496668325,Authentication,166,34,-19,920,0,11,0,0,0,0,0,0,720,0
9153,18496674835,Authentication,166,34,-20,920,0,11,0,0,1,0,0,0,720,0
9154,18496681243,Authentication,166,34,-19,920,0,11,0,0,1,0,0,0,720,0
9155,18496687859,Authentication,166,34,-18,920,0,11,0,0,1,0,0,0,720,0
9156,18496699533,Authentication,166,34,-57,920,0,11,0,0,0,0,0,0,0,0
9157,18496755853,Authentication,166,34,-56,920,0,11,0,0,0,0,0,0,0,0
9158,18496821389,Authentication,166,34,-57,920,0,11,0,0,0,0,0,0,0,0
9159,18496860300,Authentication,166,34,-56,920,0,11,0,0,0,0,0,0,0,0
9160,18496865562,Authentication,166,34,-19,920,0,11,0,0,0,0,0,0,720,0
9161,18496872281,Authentication,166,34,-19,920,0,11,0,0,1,0,0,0,720,0
9162,18496878897,Authentication,166,34,-19,920,0,11,0,0,1,0,0,0,720,0
9163,18496885614,Authentication,166,34,-19,920,0,11,0,0,1,0,0,0,720,0
9164,18496919693,Authentication,166,34,-57,920,0,11,0,0,0,0,0,0,0,0
9165,18496981129,Authentication,166,34,-56,920,0,11,0,0,0,0,0,0,0,0
9166,18497017996,Authentication,166,34,-56,920,0,11,0,0,0,0,0,0,0,0
9167,18497066540,Authentication,166,34,-19,920,0,11,0,0,0,0,0,0,720,0
9168,18497072947,Authentication,166,34,-19,920,0,11,0,0,1,0,0,0,720,0
9169,18497079719,Authentication,166,34,-20,920,0,11,0,0,1,0,0,0,720,0
9170,18497087217,Authentication,166,34,-19,920,0,11,0,0,1,0,0,0,720,0
9171,18497135753,Authentication,166,34,-58,920,0,11,0,0,0,0,0,0,0,0
9172,18497181835,Authentication,166,34,-57,920,0,11,0,0,0,0,0,0,0,0
9173,18497247371,Authentication,166,34,-56,920,0,11,0,0,0,0,0,0,0,0
9174,18497276671,Authentication,166,34,-19,920,0,11,0,0,0,0,0,0,720,0
9175,18497282349,Authentication,166,34,-19,920,0,11,0,0,1,0,0,0,720,0
9176,18497289121,Authentication,166,34,-19,920,0,11,0,0,1,0,0,0,720,0
9177,18497295787,Authentication,166,34,-19,920,0,11,0,0,1,0,0,0,720,0
9178,18497345674,Authentication,166,34,-57,920,0,11,0,0,0,0,0,0,0,0
9179,18497411210,Authentication,166,34,-56,920,0,11,0,0,0,0,0,0,0,0
9180,18497457287,Authentication,166,34,-56,920,0,11,0,0,0,0,0,0,0,0
9181,18497509513,Authentication,166,34,-57,920,0,11,0,0,0,0,0,0,0,0
9182,18497548428,Authentication,166,34,-19,920,0,11,0,0,0,0,0,0,720,0
9183,18497555147,Authentication,166,34,-20,920,0,11,0,0,1,0,0,0,720,0
9184,18497561815,Authentication,166,34,-20,920,0,11,0,0,1,0,0,0,720,0
9185,18497568328,Authentication,166,34,-19,920,0,11,0,0,1,0,0,0,720,0
9186,18497575049,Authentication,166,34,-56,920,0,11,0,0,0,0,0,0,0,0
9187,18497614984,Authentication,166,34,-56,920,0,11,0,0,0,0,0,0,0,0
9188,18497673352,Authentication,166,34,-57,920,0,11,0,0,0,0,0,0,0,0
9189,18497732740,Authentication,166,34,-56,920,0,11,0,0,0,0,0,0,0,0
9190,18497758283,Authentication,166,34,-19,920,0,11,0,0,0,0,0,0,720,0
9191,18497765055,Authentication,166,34,-19,920,0,11,0,0,1,0,0,0,720,0
9192,18497778231,Authentication,166,34,-20,920,0,11,0,0,1,0,0,0,720,0
9193,18497837191,Authentication,166,34,-56,920,0,11,0,0,0,0,0,0,0,0
9194,18497880197,Authentication,166,34,-56,920,0,11,0,0,0,0,0,0,0,0
9195,18497935494,Authentication,166,34,-57,920,0,11,0,0,0,0,0,0,0,0
9196,18497958283,Authentication,166,34,-19,920,0,11,0,0,0,0,0,0,720,0
9197,18497964898,Authentication,166,34,-18,920,0,11,0,0,1,0,0,0,720,0
9198,18497971358,Authentication,166,34,-19,920,0,11,0,0,1,0,0,0,720,0
9199,18497977921,Authentication,166,34,-18,920,0,11,0,0,1,0,0,0,720,0
9200,18498023095,S1G Beacon,61,34,-18,920,3,1,,,,,,,0,0
9201,18498045060,Authentication,166,34,-57,920,0,11,0,0,0,0,0,0,0,0
9202,18498099333,Authentication,166,34,-58,920,0,11,0,0,0,0,0,0,0,0
9203,18498158259,Authentication,166,34,-19,920,0,11,0,0,0,0,0,0,720,0
9204,18498164874,Authentication,166,34,-19,920,0,11,0,0,1,0,0,0,720,0
9205,18498171229,Authentication,166,34,-19,920,0,11,0,0,1,0,0,0,720,0
9206,18498177738,Authentication,166,34,-19,920,0,11,0,0,1,0,0,0,720,0
9207,18498197637,Authentication,166,34,-56,920,0,11,0,0,0,0,0,0,0,0
9208,18498263172,Authentication,166,34,-57,920,0,11,0,0,0,0,0,0,0,0
9209,18498310274,Authentication,166,34,-57,920,0,11,0,0,0,0,0,0,0,0
9210,18498317459,QoS Data,149,34,-18,920,2,8,1,0,0,0,0,1,720,0
9213,18498326835,QoS Data,131,34,-27,920,2,8,1,0,0,0,0,1,720,0
9215,18498329216,QoS Data,131,34,-27,920,2,8,0,0,0,0,0,1,720,0
9217,18498361475,Authentication,166,34,-56,920,0,11,0,0,0,0,0,0,0,0
9218,18498370429,Authentication,166,34,-18,920,0,11,0,0,0,0,0,0,720,0
9219,18498377093,Authentication,166,34,-19,920,0,11,0,0,1,0,0,0,720,0
9220,18498383604,Authentication,166,34,-18,920,0,11,0,0,1,0,0,0,720,0
9221,18498390012,Authentication,166,34,-19,920,0,11,0,0,1,0,0,0,720,0
9222,18498427012,Authentication,166,34,-56,920,0,11,0,0,0,0,0,0,0,0
9223,18498440591,Data,287,34,-18,920,2,0,0,0,0,0,0,1,0,0
9224,18498473089,Authentication,166,34,-56,920,0,11,0,0,0,0,0,0,0,0
9225,18498501803,QoS Data,128,34,-16,920,2,8,1,0,0,0,0,1,720,0
9228,18498525314,Authentication,166,34,-56,920,0,11,0,0,0,0,0,0,0,0
9229,18498578261,Authentication,166,34,-19,920,0,11,0,0,0,0,0,0,720,0
9230,18498584723,Authentication,166,34,-18,920,0,11,0,0,1,0,0,0,720,0
9231,18498590850,Authentication,166,34,-55,920,0,11,0,0,0,0,0,0,0,0
9232,18498601948,Authentication,166,34,-19,920,0,11,0,0,1,0,0,0,720,0
9233,18498630784,Authentication,166,34,-56,920,0,11,0,0,0,0,0,0,0,0
9234,18498689153,Authentication,166,34,-56,920,0,11,0,0,0,0,0,0,0,0
9235,18498754688,Authentication,166,34,-56,920,0,11,0,0,0,0,0,0,0,0
9236,18498787457,Authentication,166,34,-57,920,0,11,0,0,0,0,0,0,0,0
9237,18498818401,Authentication,166,34,-18,920,0,11,0,0,0,0,0,0,720,0
9238,18498825067,Authentication,166,34,-18,920,0,11,0,0,1,0,0,0,720,0
9239,18498831837,Authentication,166,34,-19,920,0,11,0,0,1,0,0,0,720,0
9240,18498842298,S1G Beacon,129,34,-19,920,3,1,,,,,,,0,0
9241,18498845887,Authentication,166,34,-18,920,0,11,0,0,1,0,0,0,720,0
9242,18498852992,Authentication,166,34,-56,920,0,11,0,0,0,0,0,0,0,0
9243,18498903166,Authentication,166,34,-56,920,0,11,0,0,0,0,0,0,0,0
9244,18498951296,Authentication,166,34,-57,920,0,11,0,0,0,0,0,0,0,0
9245,18499016831,Authentication,166,34,-57,920,0,11,0,0,0,0,0,0,0,0
9246,18499028282,Authentication,166,34,-19,920,0,11,0,0,0,0,0,0,720,0
9247,18499034326,Authentication,166,34,-19,920,0,11,0,0,1,0,0,0,720,0
9248,18499040942,Authentication,166,34,-19,920,0,11,0,0,1,0,0,0,720,0
9249,18499047556,Authentication,166,34,-18,920,0,11,0,0,1,0,0,0,720,0
9250,18499053695,Authentication,166,34,-57,920,0,11,0,0,0,0,0,0,0,0
9251,18499115134,Authentication,166,34,-56,920,0,11,0,0,0,0,0,0,0,0
9252,18499179642,Authentication,166,34,-57,920,0,11,0,0,0,0,0,0,0,0
9253,18499213438,Authentication,166,34,-57,920,0,11,0,0,0,0,0,0,0,0
9254,18499255008,Authentication,166,34,-19,920,0,11,0,0,1,0,0,0,720,0
9255,18499261781,Authentication,166,34,-18,920,0,11,0,0,1,0,0,0,720,0
9256,18499268294,Authentication,166,34,-18,920,0,11,0,0,1,0,0,0,720,0
9257,18499278974,Authentication,166,34,-56,920,0,11,0,0,0,0,0,0,0,0
9258,18499317884,Authentication,166,34,-56,920,0,11,0,0,0,0,0,0,0,0
9259,18499377277,Authentication,166,34,-56,920,0,11,0,0,0,0,0,0,0,0
9260,18499434618,Authentication,166,34,-57,920,0,11,0,0,0,0,0,0,0,0
9261,18499454812,Authentication,166,34,-19,920,0,11,0,0,1,0,0,0,720,0
9262,18499460647,Authentication,166,34,-18,920,0,11,0,0,1,0,0,0,720,0
9263,18499467314,Authentication,166,34,-18,920,0,11,0,0,1,0,0,0,720,0
9264,18499475580,Authentication,166,34,-56,920,0,11,0,0,0,0,0,0,0,0
9265,18499541117,Authentication,166,34,-56,920,0,11,0,0,0,0,0,0,0,0
9266,18499597944,Authentication,166,34,-57,920,0,11,0,0,0,0,0,0,0,0
9267,18499639419,Authentication,166,34,-57,920,0,11,0,0,0,0,0,0,0,0
9268,18499650514,Authentication,166,34,-19,920,0,11,0,0,1,0,0,0,720,0
9269,18499661499,S1G Beacon,61,34,-20,920,3,1,,,,,,,0,0
9270,18499663285,Authentication,166,34,-19,920,0,11,0,0,1,0,0,0,720,0
9271,18499669070,Authentication,166,34,-18,920,0,11,0,0,1,0,0,0,720,0
9272,18499704955,Authentication,166,34,-56,920,0,11,0,0,0,0,0,0,0,0
9273,18499737723,Authentication,166,34,-57,920,0,11,0,0,0,0,0,0,0,0
9274,18499803258,Authentication,166,34,-56,920,0,11,0,0,0,0,0,0,0,0
9275,18499868793,Authentication,166,34,-56,920,0,11,0,0,0,0,0,0,0,0
9276,18499901562,Authentication,166,34,-56,920,0,11,0,0,0,0,0,0,0,0
9277,18499906826,Authentication,166,34,-18,920,0,11,0,0,0,0,0,0,720,0
9278,18499913233,Authentication,166,34,-18,920,0,11,0,0,1,0,0,0,720,0
9279,18499919694,Authentication,166,34,-19,920,0,11,0,0,1,0,0,0,720,0
9280,18499926308,Authentication,166,34,-19,920,0,11,0,0,1,0,0,0,720,0
9281,18499967097,Authentication,166,34,-57,920,0,11,0,0,0,0,0,0,0,0
9282,18500017271,Authentication,166,34,-56,920,0,11,0,0,0,0,0,0,0,0
9283,18500065400,Authentication,166,34,-57,920,0,11,0,0,0,0,0,0,0,0
9284,18500114799,Authentication,166,34,-19,920,0,11,0,0,0,0,0,0,720,0
9285,18500121205,Authentication,166,34,-19,920,0,11,0,0,1,0,0,0,720,0
9286,18500127926,Authentication,166,34,-18,920,0,11,0,0,1,0,0,0,720,0
9287,18500135460,Authentication,166,34,-19,920,0,11,0,0,1,0,0,0,720,0
9288,18500169847,Authentication,166,34,-58,920,0,11,0,0,0,0,0,0,0,0
9289,18500229240,Authentication,166,34,-55,920,0,11,0,0,0,0,0,0,0,0
9290,18500294775,Authentication,166,34,-57,920,0,11,0,0,0,0,0,0,0,0
9291,18500327543,Authentication,166,34,-56,920,0,11,0,0,0,0,0,0,0,0
9292,18500338422,Authentication,166,34,-19,920,0,11,0,0,0,0,0,0,720,0
9293,18500344831,Authentication,166,34,-19,920,0,11,0,0,1,0,0,0,720,0
9294,18500351395,Authentication,166,34,-19,920,0,11,0,0,1,0,0,0,720,0
9295,18500357904,Authentication,166,34,-19,920,0,11,0,0,1,0,0,0,720,0
9296,18500393078,Authentication,166,34,-57,920,0,11,0,0,0,0,0,0,0,0
9297,18500458614,Authentication,166,34,-58,920,0,11,0,0,0,0,0,0,0,0
9298,18500480703,S1G Beacon,129,34,-18,920,3,1,,,,,,,0,0
9299,18500500597,Authentication,166,34,-57,920,0,11,0,0,0,0,0,0,0,0
9300,18500548238,Authentication,166,34,-19,920,0,11,0,0,0,0,0,0,720,0
9301,18500554540,Authentication,166,34,-18,920,0,11,0,0,1,0,0,0,720,0
9302,18500561518,Authentication,166,34,-19,920,0,11,0,0,1,0,0,0,720,0
9303,18500567303,Authentication,166,34,-18,920,0,11,0,0,1,0,0,0,720,0
9304,18500622453,Authentication,166,34,-56,920,0,11,0,0,0,0,0,0,0,0
9305,18500655221,Authentication,166,34,-57,920,0,11,0,0,0,0,0,0,0,0
9306,18500720756,Authentication,166,34,-57,920,0,11,0,0,0,0,0,0,0,0
9307,18500766834,Authentication,166,34,-56,920,0,11,0,0,0,0,0,0,0,0
9308,18500772094,Authentication,166,34,-19,920,0,11,0,0,0,0,0,0,720,0
9309,18500778554,Authentication,166,34,-19,920,0,11,0,0,1,0,0,0,720,0
9310,18500785012,Authentication,166,34,-20,920,0,11,0,0,1,0,0,0,720,0
9311,18500791525,Authentication,166,34,-19,920,0,11,0,0,1,0,0,0,720,0
9312,18500819059,Authentication,166,34,-57,920,0,11,0,0,0,0,0,0,0,0
9313,18500884595,Authentication,166,34,-56,920,0,11,0,0,0,0,0,0,0,0
9314,18500932721,Authentication,166,34,-58,920,0,11,0,0,0,0,0,0,0,0
9315,18500982898,Authentication,166,34,-56,920,0,11,0,0,0,0,0,0,0,0
9316,18500988317,Authentication,166,34,-19,920,0,11,0,0,0,0,0,0,720,0
9317,18500995087,Authentication,166,34,-18,920,0,11,0,0,1,0,0,0,720,0
9318,18501001341,Authentication,166,34,-18,920,0,11,0,0,1,0,0,0,720,0
9319,18501008061,Authentication,166,34,-19,920,0,11,0,0,1,0,0,0,720,0
9320,18501048434,Authentication,166,34,-55,920,0,11,0,0,0,0,0,0,0,0
9321,18501081202,Authentication,166,34,-57,920,0,11,0,0,0,0,0,0,0,0
9322,18501146737,Authentication,166,34,-55,920,0,11,0,0,0,0,0,0,0,0
9323,18501212273,Authentication,166,34,-57,920,0,11,0,0,0,0,0,0,0,0
9324,18501233762,Authentication,166,34,-19,920,0,11,0,0,0,0,0,0,720,0
9325,18501240222,Authentication,166,34,-19,920,0,11,0,0,1,0,0,0,720,0
9326,18501245040,Authentication,166,34,-56,920,0,11,0,0,0,0,0,0,0,0
9327,18501249679,Authentication,166,34,-19,920,0,11,0,0,1,0,0,0,720,0
9328,18501256347,Authentication,166,34,-19,920,0,11,0,0,1,0,0,0,720,0
9329,18501299907,S1G Beacon,61,34,-20,920,3,1,,,,,,,0,0
9330,18501310576,Authentication,166,34,-57,920,0,11,0,0,0,0,0,0,0,0
9331,18501408880,Authentication,166,34,-56,920,0,11,0,0,0,0,0,0,0,0
9332,18501448236,Authentication,166,34,-18,920,0,11,0,0,0,0,0,0,720,0
9333,18501454955,Authentication,166,34,-19,920,0,11,0,0,1,0,0,0,720,0
9334,18501461363,Authentication,166,34,-19,920,0,11,0,0,1,0,0,0,720,0
9335,18501468393,Data,287,34,-19,920,2,0,0,0,0,0,0,1,0,0
9336,18501478971,Authentication,166,34,-19,920,0,11,0,0,1,0,0,0,720,0
9337,18501509231,Authentication,166,34,-57,920,0,11,0,0,0,0,0,0,0,0
9338,18501622893,Authentication,166,34,-58,920,0,11,0,0,0,0,0,0,0,0
9339,18501648278,Authentication,166,34,-18,920,0,11,0,0,0,0,0,0,720,0
9340,18501654737,Authentication,166,34,-19,920,0,11,0,0,1,0,0,0,720,0
9341,18501660053,Authentication,166,34,-18,920,0,11,0,0,1,0,0,0,720,0
9342,18501666462,Authentication,166,34,-18,920,0,11,0,0,1,0,0,0,720,0
9343,18501736558,Authentication,166,34,-57,920,0,11,0,0,0,0,0,0,0,0
9344,18501802093,Authentication,166,34,-58,920,0,11,0,0,0,0,0,0,0,0
9345,18501837933,Authentication,166,34,-57,920,0,11,0,0,0,0,0,0,0,0
9346,18501843197,Authentication,166,34,-18,920,0,11,0,0,0,0,0,0,720,0
9347,18501849864,Authentication,166,34,-19,920,0,11,0,0,1,0,0,0,720,0
9348,18501856637,Authentication,166,34,-18,920,0,11,0,0,1,0,0,0,720,0
9349,18501863410,Authentication,166,34,-18,920,0,11,0,0,1,0,0,0,720,0
9350,18501900397,Authentication,166,34,-56,920,0,11,0,0,0,0,0,0,0,0
9351,18501965932,Authentication,166,34,-55,920,0,11,0,0,0,0,0,0,0,0
9352,18502000748,Authentication,166,34,-56,920,0,11,0,0,0,0,0,0,0,0
9353,18502058240,Authentication,166,34,-18,920,0,11,0,0,0,0,0,0,720,0
9354,18502063242,Authentication,166,34,-19,920,0,11,0,0,1,0,0,0,720,0
9355,18502069912,Authentication,166,34,-18,920,0,11,0,0,1,0,0,0,720,0
9356,18502076373,Authentication,166,34,-18,920,0,11,0,0,1,0,0,0,720,0
9357,18502119109,S1G Beacon,129,34,-19,920,3,1,,,,,,,0,0
9358,18502129771,Authentication,166,34,-57,920,0,11,0,0,0,0,0,0,0,0
9359,18502162539,Authentication,166,34,-57,920,0,11,0,0,0,0,0,0,0,0
9360,18502228074,Authentication,166,34,-56,920,0,11,0,0,0,0,0,0,0,0
9361,18502275177,Authentication,166,34,-57,920,0,11,0,0,0,0,0,0,0,0
9362,18502324894,Authentication,166,34,-19,920,0,11,0,0,0,0,0,0,720,0
9363,18502331302,Authentication,166,34,-21,920,0,11,0,0,1,0,0,0,720,0
9364,18502337761,Authentication,166,34,-18,920,0,11,0,0,1,0,0,0,720,0
9365,18502343024,Authentication,166,34,-19,920,0,11,0,0,1,0,0,0,720,0
9366,18502424681,Authentication,166,34,-57,920,0,11,0,0,0,0,0,0,0,0
9367,18502490216,Authentication,166,34,-56,920,0,11,0,0,0,0,0,0,0,0
9368,18502525953,Authentication,166,34,-18,920,0,11,0,0,0,0,0,0,720,0
9369,18502532413,Authentication,166,34,-19,920,0,11,0,0,1,0,0,0,720,0
9370,18502539185,Authentication,166,34,-19,920,0,11,0,0,1,0,0,0,720,0
9371,18502545957,Authentication,166,34,-19,920,0,11,0,0,1,0,0,0,720,0
9372,18502588520,Authentication,166,34,-57,920,0,11,0,0,0,0,0,0,0,0
9373,18502654055,Authentication,166,34,-55,920,0,11,0,0,0,0,0,0,0,0
9374,18502712933,Authentication,166,34,-56,920,0,11,0,0,0,0,0,0,0,0
9375,18502726773,Authentication,166,34,-20,920,0,11,0,0,0,0,0,0,720,0
9376,18502733283,Authentication,166,34,-19,920,0,11,0,0,1,0,0,0,720,0
9377,18502739794,Authentication,166,34,-19,920,0,11,0,0,1,0,0,0,720,0
9378,18502746252,Authentication,166,34,-19,920,0,11,0,0,1,0,0,0,720,0
9379,18502752359,Authentication,166,34,-57,920,0,11,0,0,0,0,0,0,0,0
9380,18502817895,Authentication,166,34,-56,920,0,11,0,0,0,0,0,0,0,0
9381,18502872164,Authentication,166,34,-56,920,0,11,0,0,0,0,0,0,0,0
9382,18502938312,S1G Beacon,61,34,-20,920,3,1,,,,,,,0,0
9383,18502940826,Authentication,166,34,-18,920,0,11,0,0,0,0,0,0,720,0
9384,18502947287,Authentication,166,34,-19,920,0,11,0,0,1,0,0,0,720,0
9385,18502953745,Authentication,166,34,-19,920,0,11,0,0,1,0,0,0,720,0
9386,18502960205,Authentication,166,34,-19,920,0,11,0,0,1,0,0,0,720,0
9387,18502981734,Authentication,166,34,-58,920,0,11,0,0,0,0,0,0,0,0
9388,18503027811,Authentication,166,34,-56,920,0,11,0,0,0,0,0,0,0,0
9389,18503080037,Authentication,166,34,-56,920,0,11,0,0,0,0,0,0,0,0
9390,18503128636,Authentication,166,34,-19,920,0,11,0,0,0,0,0,0,720,0
9391,18503135043,Authentication,166,34,-20,920,0,11,0,0,1,0,0,0,720,0
9392,18503140775,Authentication,166,34,-18,920,0,11,0,0,1,0,0,0,720,0
9393,18503145573,Authentication,166,34,-56,920,0,11,0,0,0,0,0,0,0,0
9394,18503150158,Authentication,166,34,-19,920,0,11,0,0,1,0,0,0,720,0
9395,18503188579,Authentication,166,34,-56,920,0,11,0,0,0,0,0,0,0,0
9396,18503243876,Authentication,166,34,-57,920,0,11,0,0,0,0,0,0,0,0
9397,18503305312,Authentication,166,34,-57,920,0,11,0,0,0,0,0,0,0,0
9398,18503328203,Authentication,166,34,-19,920,0,11,0,0,0,0,0,0,720,0
9399,18503333831,Authentication,166,34,-18,920,0,11,0,0,1,0,0,0,720,0
9400,18503340290,Authentication,166,34,-18,920,0,11,0,0,1,0,0,0,720,0
9401,18503345907,QoS Data,149,34,-18,920,2,8,1,0,0,0,0,1,720,0
9403,18503349072,Authentication,166,34,-19,920,0,11,0,0,1,0,0,0,720,0
9404,18503374711,QoS Data,149,34,-27,920,2,8,0,0,0,0,0,1,720,0
9407,18503383145,QoS Data,131,34,-26,920,2,8,0,0,0,0,0,1,720,0
9409,18503473251,Authentication,166,34,-56,920,0,11,0,0,0,0,0,0,0,0
9410,18503501711,QoS Data,128,34,-18,920,2,8,1,0,0,0,0,1,720,0
9412,18503505300,QoS Data,128,34,-25,920,2,8,0,0,0,0,0,1,720,0
9415,18503571554,Authentication,166,34,-55,920,0,11,0,0,0,0,0,0,0,0
9416,18503608229,Authentication,166,34,-19,920,0,11,0,0,0,0,0,0,720,0
9417,18503614739,Authentication,166,34,-19,920,0,11,0,0,1,0,0,0,720,0
9418,18503621044,Authentication,166,34,-19,920,0,11,0,0,1,0,0,0,720,0
9419,18503627608,Authentication,166,34,-19,920,0,11,0,0,1,0,0,0,720,0
9420,18503669857,Authentication,166,34,-57,920,0,11,0,0,0,0,0,0,0,0
9421,18503735393,Authentication,166,34,-57,920,0,11,0,0,0,0,0,0,0,0
9422,18503757514,S1G Beacon,129,34,-18,920,3,1,,,,,,,0,0
9423,18503783519,Authentication,166,34,-57,920,0,11,0,0,0,0,0,0,0,0
9424,18503828208,Authentication,166,34,-19,920,0,11,0,0,0,0,0,0,720,0
9425,18503833696,Authentication,166,34,-56,920,0,11,0,0,0,0,0,0,0,0
9426,18503838284,Authentication,166,34,-19,920,0,11,0,0,1,0,0,0,720,0
9427,18503844796,Authentication,166,34,-19,920,0,11,0,0,1,0,0,0,720,0
9428,18503851203,Authentication,166,34,-19,920,0,11,0,0,1,0,0,0,720,0
9429,18503899232,Authentication,166,34,-57,920,0,11,0,0,0,0,0,0,0,0
9430,18503946333,Authentication,166,34,-57,920,0,11,0,0,0,0,0,0,0,0
9431,18503997535,Authentication,166,34,-57,920,0,11,0,0,0,0,0,0,0,0
9432,18504040716,Authentication,166,34,-19,920,0,11,0,0,1,0,0,0,720,0
9433,18504047282,Authentication,166,34,-18,920,0,11,0,0,1,0,0,0,720,0
9434,18504054000,Authentication,166,34,-18,920,0,11,0,0,1,0,0,0,720,0
9435,18504063070,Authentication,166,34,-56,920,0,11,0,0,0,0,0,0,0,0
9436,18504104029,Authentication,166,34,-57,920,0,11,0,0,0,0,0,0,0,0
9437,18504161374,Authentication,166,34,-57,920,0,11,0,0,0,0,0,0,0,0
9438,18504219737,Authentication,166,34,-56,920,0,11,0,0,0,0,0,0,0,0
9439,18504235022,Authentication,166,34,-19,920,0,11,0,0,0,0,0,0,720,0
9440,18504241481,Authentication,166,34,-18,920,0,11,0,0,1,0,0,0,720,0
9441,18504247889,Authentication,166,34,-18,920,0,11,0,0,1,0,0,0,720,0
9442,18504254347,Authentication,166,34,-18,920,0,11,0,0,1,0,0,0,720,0
9443,18504259677,Authentication,166,34,-57,920,0,11,0,0,0,0,0,0,0,0
9444,18504284334,Data,132,34,-19,920,2,0,0,0,0,0,0,1,0,0
9445,18504325213,Authentication,166,34,-58,920,0,11,0,0,0,0,0,0,0,0
9446,18504371292,Authentication,166,34,-57,920,0,11,0,0,0,0,0,0,0,0
9447,18504423516,Authentication,166,34,-57,920,0,11,0,0,0,0,0,0,0,0
9448,18504433770,Authentication,166,34,-19,920,0,11,0,0,0,0,0,0,720,0
9449,18504440282,Authentication,166,34,-19,920,0,11,0,0,1,0,0,0,720,0
9450,18504446949,Authentication,166,34,-19,920,0,11,0,0,1,0,0,0,720,0
9451,18504453461,Authentication,166,34,-19,920,0,11,0,0,1,0,0,0,720,0
9452,18504488574,Data,287,34,-20,920,2,0,0,0,0,0,0,1,0,0
9453,18504530010,Authentication,166,34,-56,920,0,11,0,0,0,0,0,0,0,0
9454,18504576718,S1G Beacon,61,34,-19,920,3,1,,,,,,,0,0
9455,18504587355,Authentication,166,34,-56,920,0,11,0,0,0,0,0,0,0,0
9456,18504652891,Authentication,166,34,-56,920,0,11,0,0,0,0,0,0,0,0
9457,18504678478,Authentication,166,34,-19,920,0,11,0,0,0,0,0,0,720,0
9458,18504684885,Authentication,166,34,-18,920,0,11,0,0,1,0,0,0,720,0
9459,18504691395,Authentication,166,34,-18,920,0,11,0,0,1,0,0,0,720,0
9460,18504698010,Authentication,166,34,-18,920,0,11,0,0,1,0,0,0,720,0
9461,18504751194,Authentication,166,34,-56,920,0,11,0,0,0,0,0,0,0,0
9462,18504851546,Authentication,166,34,-56,920,0,11,0,0,0,0,0,0,0,0
9463,18504898344,Authentication,166,34,-19,920,0,11,0,0,0,0,0,0,720,0
9464,18504904752,Authentication,166,34,-19,920,0,11,0,0,1,0,0,0,720,0
9465,18504911525,Authentication,166,34,-18,920,0,11,0,0,1,0,0,0,720,0
9466,18504919567,Authentication,166,34,-19,920,0,11,0,0,1,0,0,0,720,0
9467,18504969303,Authentication,166,34,-57,920,0,11,0,0,0,0,0,0,0,0
9468,18505013336,Authentication,166,34,-56,920,0,11,0,0,0,0,0,0,0,0
9469,18505078872,Authentication,166,34,-57,920,0,11,0,0,0,0,0,0,0,0
9470,18505088241,Authentication,166,34,-19,920,0,11,0,0,0,0,0,0,720,0
9471,18505095325,Authentication,166,34,-18,920,0,11,0,0,1,0,0,0,720,0
9472,18505102093,Authentication,166,34,-18,920,0,11,0,0,1,0,0,0,720,0
9473,18505108866,Authentication,166,34,-19,920,0,11,0,0,1,0,0,0,720,0
9474,18505121879,Authentication,166,34,-56,920,0,11,0,0,0,0,0,0,0,0
9475,18505148202,Disassociation,64,34,-19,920,0,10,0,0,0,0,0,0,720,0
9476,18505152148,Disassociation,64,34,-20,920,0,10,0,0,1,0,0,0,720,0
9477,18505155886,Disassociation,64,34,-19,920,0,10,0,0,1,0,0,0,720,0
9478,18505159729,Disassociation,64,34,-18,920,0,10,0,0,1,0,0,0,720,0
9479,18505177176,Authentication,166,34,-57,920,0,11,0,0,0,0,0,0,0,0
9480,18505242711,Authentication,166,34,-57,920,0,11,0,0,0,0,0,0,0,0
9481,18505275479,Authentication,166,34,-56,920,0,11,0,0,0,0,0,0,0,0
9482,18505298159,Authentication,166,34,-19,920,0,11,0,0,0,0,0,0,720,0
9483,18505304879,Authentication,166,34,-19,920,0,11,0,0,1,0,0,0,720,0
9484,18505311338,Authentication,166,34,-18,920,0,11,0,0,1,0,0,0,720,0
9485,18505318160,Authentication,166,34,-19,920,0,11,0,0,1,0,0,0,720,0
9486,18505341014,Authentication,166,34,-57,920,0,11,0,0,0,0,0,0,0,0
9487,18505394260,Authentication,166,34,-56,920,0,11,0,0,0,0,0,0,0,0
9488,18505439318,Authentication,166,34,-57,920,0,11,0,0,0,0,0,0,0,0
9489,18505444527,Data,132,34,-19,920,2,0,0,0,0,0,0,1,0,0
9490,18505498218,Authentication,166,34,-18,920,0,11,0,0,0,0,0,0,720,0
9491,18505504781,Authentication,166,34,-19,920,0,11,0,0,1,0,0,0,720,0
9492,18505511291,Authentication,166,34,-21,920,0,11,0,0,1,0,0,0,720,0
9493,18505518065,Authentication,166,34,-18,920,0,11,0,0,1,0,0,0,720,0
9494,18505562706,Authentication,166,34,-57,920,0,11,0,0,0,0,0,0,0,0
9495,18505603157,Authentication,166,34,-57,920,0,11,0,0,0,0,0,0,0,0
9496,18505668692,Authentication,166,34,-57,920,0,11,0,0,0,0,0,0,0,0
9497,18505698292,Authentication,166,34,-18,920,0,11,0,0,0,0,0,0,720,0
9498,18505704960,Authentication,166,34,-19,920,0,11,0,0,1,0,0,0,720,0
9499,18505711679,Authentication,166,34,-20,920,0,11,0,0,1,0,0,0,720,0
9500,18505718583,Authentication,166,34,-21,920,0,11,0,0,1,0,0,0,720,0
9501,18505766996,Authentication,166,34,-58,920,0,11,0,0,0,0,0,0,0,0
9502,18505832531,Authentication,166,34,-57,920,0,11,0,0,0,0,0,0,0,0
9503,18505879633,Authentication,166,34,-57,920,0,11,0,0,0,0,0,0,0,0
9504,18505930835,Authentication,166,34,-56,920,0,11,0,0,0,0,0,0,0,0
9505,18505958195,Authentication,166,34,-19,920,0,11,0,0,0,0,0,0,720,0
9506,18505964654,Authentication,166,34,-19,920,0,11,0,0,1,0,0,0,720,0
9507,18505971163,Authentication,166,34,-19,920,0,11,0,0,1,0,0,0,720,0
9508,18505978194,Authentication,166,34,-19,920,0,11,0,0,1,0,0,0,720,0
9509,18506033234,Authentication,166,34,-56,920,0,11,0,0,0,0,0,0,0,0
9510,18506094674,Authentication,166,34,-57,920,0,11,0,0,0,0,0,0,0,0
9511,18506145871,Authentication,166,34,-55,920,0,11,0,0,0,0,0,0,0,0
9512,18506168242,Authentication,166,34,-19,920,0,11,0,0,0,0,0,0,720,0
9513,18506174910,Authentication,166,34,-19,920,0,11,0,0,1,0,0,0,720,0
9514,18506181473,Authentication,166,34,-19,920,0,11,0,0,1,0,0,0,720,0
9515,18506188036,Authentication,166,34,-18,920,0,11,0,0,1,0,0,0,720,0
9516,18506192977,Authentication,166,34,-56,920,0,11,0,0,0,0,0,0,0,0
9517,18506215700,S1G Beacon,61,34,-19,920,3,1,,,,,,,0,0
9518,18506258513,Authentication,166,34,-56,920,0,11,0,0,0,0,0,0,0,0
9519,18506302543,Authentication,166,34,-56,920,0,11,0,0,0,0,0,0,0,0
9520,18506356816,Authentication,166,34,-56,920,0,11,0,0,0,0,0,0,0,0
9521,18506378146,Authentication,166,34,-19,920,0,11,0,0,0,0,0,0,720,0
9522,18506384656,Authentication,166,34,-19,920,0,11,0,0,1,0,0,0,720,0
9523,18506391377,Authentication,166,34,-19,920,0,11,0,0,1,0,0,0,720,0
9524,18506398044,Authentication,166,34,-19,920,0,11,0,0,1,0,0,0,720,0
9525,18506422351,Authentication,166,34,-56,920,0,11,0,0,0,0,0,0,0,0
9526,18506455119,Authentication,166,34,-55,920,0,11,0,0,0,0,0,0,0,0
9527,18506520655,Authentication,166,34,-57,920,0,11,0,0,0,0,0,0,0,0
9528,18506568195,Authentication,166,34,-19,920,0,11,0,0,0,0,0,0,720,0
9529,18506574860,Authentication,166,34,-20,920,0,11,0,0,1,0,0,0,720,0
9530,18506581528,Authentication,166,34,-19,920,0,11,0,0,1,0,0,0,720,0
9531,18506587936,Authentication,166,34,-19,920,0,11,0,0,1,0,0,0,720,0
9532,18506618958,Authentication,166,34,-57,920,0,11,0,0,0,0,0,0,0,0
9533,18506684495,Authentication,166,34,-56,920,0,11,0,0,0,0,0,0,0,0
9534,18506730571,Authentication,166,34,-56,920,0,11,0,0,0,0,0,0,0,0
9535,18506778316,Authentication,166,34,-19,920,0,11,0,0,0,0,0,0,720,0
9536,18506782797,Authentication,166,34,-55,920,0,11,0,0,0,0,0,0,0,0
9537,18506787437,Authentication,166,34,-20,920,0,11,0,0,1,0,0,0,720,0
9538,18506793897,Authentication,166,34,-20,920,0,11,0,0,1,0,0,0,720,0
9539,18506800409,Authentication,166,34,-19,920,0,11,0,0,1,0,0,0,720,0
9540,18506848332,Authentication,166,34,-56,920,0,11,0,0,0,0,0,0,0,0
9541,18506881100,Authentication,166,34,-55,920,0,11,0,0,0,0,0,0,0,0
9542,18506946636,Authentication,166,34,-57,920,0,11,0,0,0,0,0,0,0,0
9543,18506978210,Authentication,166,34,-19,920,0,11,0,0,0,0,0,0,720,0
9544,18506984879,Authentication,166,34,-19,920,0,11,0,0,1,0,0,0,720,0
9545,18506991389,Authentication,166,34,-19,920,0,11,0,0,1,0,0,0,720,0
9546,18506995786,Authentication,166,34,-57,920,0,11,0,0,0,0,0,0,0,0
9547,18507000789,Authentication,166,34,-19,920,0,11,0,0,1,0,0,0,720,0
9548,18507034327,S1G Beacon,129,34,-19,920,3,1,,,,,,,0,0
9549,18507044940,Authentication,166,34,-57,920,0,11,0,0,0,0,0,0,0,0
9550,18507110476,Authentication,166,34,-56,920,0,11,0,0,0,0,0,0,0,0
9551,18507155529,Authentication,166,34,-56,920,0,11,0,0,0,0,0,0,0,0
9552,18507208778,Authentication,166,34,-57,920,0,11,0,0,0,0,0,0,0,0
9553,18507248648,Authentication,166,34,-19,920,0,11,0,0,0,0,0,0,720,0
9554,18507255209,Authentication,166,34,-20,920,0,11,0,0,1,0,0,0,720,0
9555,18507260523,Authentication,166,34,-19,920,0,11,0,0,1,0,0,0,720,0
9556,18507266930,Authentication,166,34,-19,920,0,11,0,0,1,0,0,0,720,0
9557,18507272774,Authentication,166,34,-57,920,0,11,0,0,0,0,0,0,0,0
9558,18507310154,Authentication,166,34,-58,920,0,11,0,0,0,0,0,0,0,0
9559,18507372617,Authentication,166,34,-57,920,0,11,0,0,0,0,0,0,0,0
9560,18507433031,Authentication,166,34,-56,920,0,11,0,0,0,0,0,0,0,0
9561,18507458106,Authentication,166,34,-20,920,0,11,0,0,0,0,0,0,720,0
9562,18507464565,Authentication,166,34,-20,920,0,11,0,0,1,0,0,0,720,0
9563,18507470921,Authentication,166,34,-56,920,0,11,0,0,0,0,0,0,0,0
9564,18507475717,Authentication,166,34,-19,920,0,11,0,0,1,0,0,0,720,0
9565,18507482437,Authentication,166,34,-19,920,0,11,0,0,1,0,0,0,720,0
9566,18507512505,Data,287,34,-20,920,2,0,0,0,0,0,0,1,0,0
9567,18507536456,Authentication,166,34,-57,920,0,11,0,0,0,0,0,0,0,0
9568,18507588678,Authentication,166,34,-56,920,0,11,0,0,0,0,0,0,0,0
9569,18507634759,Authentication,166,34,-56,920,0,11,0,0,0,0,0,0,0,0
9570,18507698210,Authentication,166,34,-19,920,0,11,0,0,0,0,0,0,720,0
9571,18507704669,Authentication,166,34,-19,920,0,11,0,0,1,0,0,0,720,0
9572,18507711390,Authentication,166,34,-20,920,0,11,0,0,1,0,0,0,720,0
9573,18507718108,Authentication,166,34,-20,920,0,11,0,0,1,0,0,0,720,0
9574,18507757636,Authentication,166,34,-57,920,0,11,0,0,0,0,0,0,0,0
9575,18507798599,Authentication,166,34,-57,920,0,11,0,0,0,0,0,0,0,0
9576,18507853531,S1G Beacon,61,34,-20,920,3,1,,,,,,,0,0
9577,18507864134,Authentication,166,34,-57,920,0,11,0,0,0,0,0,0,0,0
9578,18507899974,Authentication,166,34,-57,920,0,11,0,0,0,0,0,0,0,0
9579,18507905234,Authentication,166,34,-20,920,0,11,0,0,0,0,0,0,720,0
9580,18507912007,Authentication,166,34,-19,920,0,11,0,0,1,0,0,0,720,0
9581,18507918572,Authentication,166,34,-20,920,0,11,0,0,1,0,0,0,720,0
9582,18507925290,Authentication,166,34,-19,920,0,11,0,0,1,0,0,0,720,0
9583,18507962437,Authentication,166,34,-56,920,0,11,0,0,0,0,0,0,0,0
9584,18508019522,Authentication,166,34,-57,920,0,11,0,0,0,0,0,0,0,0
9585,18508060740,Authentication,166,34,-56,920,0,11,0,0,0,0,0,0,0,0
9586,18508108188,Authentication,166,34,-19,920,0,11,0,0,0,0,0,0,720,0
9587,18508121213,Authentication,166,34,-20,920,0,11,0,0,1,0,0,0,720,0
9588,18508126276,Authentication,166,34,-58,920,0,11,0,0,0,0,0,0,0,0
9589,18508131123,Authentication,166,34,-19,920,0,11,0,0,1,0,0,0,720,0
9590,18508178498,Authentication,166,34,-57,920,0,11,0,0,0,0,0,0,0,0
9591,18508224580,Authentication,166,34,-56,920,0,11,0,0,0,0,0,0,0,0
9592,18508290115,Authentication,166,34,-56,920,0,11,0,0,0,0,0,0,0,0
9593,18508333122,Authentication,166,34,-58,920,0,11,0,0,0,0,0,0,0,0
9594,18508354039,Authentication,166,34,-19,920,0,11,0,0,0,0,0,0,720,0
9595,18508360499,Authentication,166,34,-19,920,0,11,0,0,1,0,0,0,720,0
9596,18508366907,Authentication,166,34,-19,920,0,11,0,0,1,0,0,0,720,0
9597,18508372429,Authentication,166,34,-19,920,0,11,0,0,1,0,0,0,720,0
9598,18508388419,Authentication,166,34,-57,920,0,11,0,0,0,0,0,0,0,0
9599,18508395867,QoS Data,148,34,-13,920,2,8,1,0,0,0,0,1,720,0
9601,18508399607,QoS Data,148,34,-28,920,2,8,0,0,0,0,0,1,720,0
9603,18508406858,QoS Data,131,34,-18,920,2,8,1,0,0,0,0,1,720,0
9605,18508409237,QoS Data,131,34,-26,920,2,8,0,0,0,0,0,1,720,0
9607,18508453955,Authentication,166,34,-56,920,0,11,0,0,0,0,0,0,0,0
9608,18508486723,Authentication,166,34,-57,920,0,11,0,0,0,0,0,0,0,0
9609,18508501603,QoS Data,128,34,-15,920,2,8,1,0,0,0,0,1,720,0
9611,18508504572,QoS Data,128,34,-27,920,2,8,0,0,0,0,0,1,720,0
9613,18508519796,Data,158,34,-19,920,2,0,0,0,0,0,0,1,0,0
9614,18508552257,Authentication,166,34,-56,920,0,11,0,0,0,0,0,0,0,0
9615,18508557103,Authentication,166,34,-19,920,0,11,0,0,0,0,0,0,720,0
9616,18508563718,Authentication,166,34,-19,920,0,11,0,0,1,0,0,0,720,0
9617,18508570178,Authentication,166,34,-20,920,0,11,0,0,1,0,0,0,720,0
9618,18508576691,Authentication,166,34,-19,920,0,11,0,0,1,0,0,0,720,0
9619,18508597312,Authentication,166,34,-56,920,0,11,0,0,0,0,0,0,0,0
9620,18508650561,Authentication,166,34,-57,920,0,11,0,0,0,0,0,0,0,0
9621,18508672737,S1G Beacon,129,34,-19,920,3,1,,,,,,,0,0
9622,18508716097,Authentication,166,34,-57,920,0,11,0,0,0,0,0,0,0,0
9623,18508748865,Authentication,166,34,-57,920,0,11,0,0,0,0,0,0,0,0
9624,18508778151,Authentication,166,34,-19,920,0,11,0,0,0,0,0,0,720,0
9625,18508784820,Authentication,166,34,-19,920,0,11,0,0,1,0,0,0,720,0
9626,18508791852,Data,118,34,-20,920,2,0,0,0,0,0,0,1,0,0
9627,18508795159,Authentication,166,34,-19,920,0,11,0,0,1,0,0,0,720,0
9628,18508801670,Authentication,166,34,-20,920,0,11,0,0,1,0,0,0,720,0
9629,18508814401,Authentication,166,34,-56,920,0,11,0,0,0,0,0,0,0,0
9630,18508912704,Authentication,166,34,-57,920,0,11,0,0,0,0,0,0,0,0
9631,18508978239,Authentication,166,34,-57,920,0,11,0,0,0,0,0,0,0,0
9632,18508990067,Authentication,166,34,-20,920,0,11,0,0,1,0,0,0,720,0
9633,18508996735,Authentication,166,34,-19,920,0,11,0,0,1,0,0,0,720,0
9634,18509043775,Authentication,166,34,-58,920,0,11,0,0,0,0,0,0,0,0
9635,18509142078,Authentication,166,34,-55,920,0,11,0,0,0,0,0,0,0,0
9636,18509184789,Authentication,166,34,-21,920,0,11,0,0,1,0,0,0,720,0
9637,18509191508,Authentication,166,34,-19,920,0,11,0,0,1,0,0,0,720,0
9638,18509198225,Authentication,166,34,-20,920,0,11,0,0,1,0,0,0,720,0
9639,18509207613,Authentication,166,34,-56,920,0,11,0,0,0,0,0,0,0,0
9640,18509240382,Authentication,166,34,-56,920,0,11,0,0,0,0,0,0,0,0
9641,18509305917,Authentication,166,34,-56,920,0,11,0,0,0,0,0,0,0,0
9642,18509361210,Authentication,166,34,-57,920,0,11,0,0,0,0,0,0,0,0
9643,18509378326,Authentication,166,34,-20,920,0,11,0,0,0,0,0,0,720,0
9644,18509385098,Authentication,166,34,-19,920,0,11,0,0,1,0,0,0,720,0
9645,18509391868,Authentication,166,34,-19,920,0,11,0,0,1,0,0,0,720,0
9646,18509398379,Authentication,166,34,-20,920,0,11,0,0,1,0,0,0,720,0
9647,18509404221,Authentication,166,34,-56,920,0,11,0,0,0,0,0,0,0,0
9648,18509469756,Authentication,166,34,-58,920,0,11,0,0,0,0,0,0,0,0
9649,18509491940,S1G Beacon,61,34,-19,920,3,1,,,,,,,0,0
9650,18509496901,Data,378,34,-19,920,2,0,0,0,0,0,0,1,0,0
9651,18509568059,Authentication,166,34,-57,920,0,11,0,0,0,0,0,0,0,0
9652,18509600428,Data,387,34,-19,920,2,0,0,0,0,0,0,1,0,0
9653,18509625400,Authentication,166,34,-58,920,0,11,0,0,0,0,0,0,0,0
9654,18509657340,Authentication,166,34,-19,920,0,11,0,0,0,0,0,0,720,0
9655,18509663902,Authentication,166,34,-19,920,0,11,0,0,1,0,0,0,720,0
9656,18509670932,Authentication,166,34,-20,920,0,11,0,0,1,0,0,0,720,0
9657,18509676506,Authentication,166,34,-19,920,0,11,0,0,1,0,0,0,720,0
9658,18509704442,Data,450,34,-20,920,2,0,0,0,0,0,0,1,0,0
9659,18509731899,Authentication,166,34,-56,920,0,11,0,0,0,0,0,0,0,0
9660,18509779001,Authentication,166,34,-56,920,0,11,0,0,0,0,0,0,0,0
9661,18509808517,Data,442,34,-19,920,2,0,0,0,0,0,0,1,0,0
9662,18509830202,Authentication,166,34,-56,920,0,11,0,0,0,0,0,0,0,0
9663,18509868595,Authentication,166,34,-19,920,0,11,0,0,0,0,0,0,720,0
9664,18509875262,Authentication,166,34,-19,920,0,11,0,0,1,0,0,0,720,0
9665,18509881878,Authentication,166,34,-19,920,0,11,0,0,1,0,0,0,720,0
9666,18509888753,Authentication,166,34,-19,920,0,11,0,0,1,0,0,0,720,0
9667,18509895738,Authentication,166,34,-57,920,0,11,0,0,0,0,0,0,0,0
9668,18509912751,Data,387,34,-19,920,2,0,0,0,0,0,0,1,0,0
9669,18509928505,Authentication,166,34,-56,920,0,11,0,0,0,0,0,0,0,0
9670,18509941929,Data,132,34,-20,920,2,0,0,0,0,0,0,1,0,0
9671,18509994041,Authentication,166,34,-56,920,0,11,0,0,0,0,0,0,0,0
9672,18510016411,Data,426,34,-19,920,2,0,0,0,0,0,0,1,0,0
9673,18510052405,Authentication,166,34,-57,920,0,11,0,0,0,0,0,0,0,0
9674,18510088305,Authentication,166,34,-19,920,0,11,0,0,0,0,0,0,720,0
9675,18510096947,Authentication,166,34,-20,920,0,11,0,0,1,0,0,0,720,0
9676,18510103408,Authentication,166,34,-19,920,0,11,0,0,1,0,0,0,720,0
9677,18510110074,Authentication,166,34,-19,920,0,11,0,0,1,0,0,0,720,0
9678,18510120536,Data,458,34,-19,920,2,0,0,0,0,0,0,1,0,0
9679,18510157880,Authentication,166,34,-57,920,0,11,0,0,0,0,0,0,0,0
9680,18510195768,Authentication,166,34,-56,920,0,11,0,0,0,0,0,0,0,0
9681,18510224546,Data,387,34,-20,920,2,0,0,0,0,0,0,1,0,0
9682,18510256183,Authentication,166,34,-56,920,0,11,0,0,0,0,0,0,0,0
9683,18510278241,Authentication,166,34,-19,920,0,11,0,0,0,0,0,0,720,0
9684,18510284806,Authentication,166,34,-20,920,0,11,0,0,1,0,0,0,720,0
9685,18510291578,Authentication,166,34,-20,920,0,11,0,0,1,0,0,0,720,0
9686,18510298296,Authentication,166,34,-21,920,0,11,0,0,1,0,0,0,720,0
9687,18510316084,Authentication,166,34,-56,920,0,11,0,0,0,0,0,0,0,0
9688,18510320659,S1G Beacon,129,34,-19,920,3,1,,,,,,,0,0
9689,18510328407,Data,446,34,-20,920,2,0,0,0,0,0,0,1,0,0
9690,18510361653,Authentication,166,34,-58,920,0,11,0,0,0,0,0,0,0,0
9691,18510420022,Authentication,166,34,-57,920,0,11,0,0,0,0,0,0,0,0
9692,18510432483,Data,440,34,-18,920,2,0,0,0,0,0,0,1,0,0
9693,18510471338,Authentication,166,34,-19,920,0,11,0,0,0,0,0,0,720,0
9694,18510477850,Authentication,166,34,-19,920,0,11,0,0,1,0,0,0,720,0
9695,18510484986,Authentication,166,34,-20,920,0,11,0,0,1,0,0,0,720,0
9696,18510491704,Authentication,166,34,-20,920,0,11,0,0,1,0,0,0,720,0
9697,18510518325,Authentication,166,34,-56,920,0,11,0,0,0,0,0,0,0,0
9698,18510536797,Data,387,34,-19,920,2,0,0,0,0,0,0,1,0,0
9699,18510547887,Data,287,34,-20,920,2,0,0,0,0,0,0,1,0,0
9700,18510583860,Authentication,166,34,-57,920,0,11,0,0,0,0,0,0,0,0
9701,18510635059,Authentication,166,34,-56,920,0,11,0,0,0,0,0,0,0,0
9702,18510682164,Authentication,166,34,-57,920,0,11,0,0,0,0,0,0,0,0
9703,18510698452,Authentication,166,34,-19,920,0,11,0,0,0,0,0,0,720,0
9704,18510704962,Authentication,166,34,-20,920,0,11,0,0,1,0,0,0,720,0
9705,18510711421,Authentication,166,34,-19,920,0,11,0,0,1,0,0,0,720,0
9706,18510718087,Authentication,166,34,-19,920,0,11,0,0,1,0,0,0,720,0
9707,18510744463,Data,452,34,-19,920,2,0,0,0,0,0,0,1,0,0
9708,18510797872,Authentication,166,34,-56,920,0,11,0,0,0,0,0,0,0,0
9709,18510846004,Authentication,166,34,-56,920,0,11,0,0,0,0,0,0,0,0
9710,18510898620,Authentication,166,34,-19,920,0,11,0,0,0,0,0,0,720,0
9711,18510905186,Authentication,166,34,-19,920,0,11,0,0,1,0,0,0,720,0
9712,18510911539,Authentication,166,34,-57,920,0,11,0,0,0,0,0,0,0,0
9713,18510916436,Authentication,166,34,-19,920,0,11,0,0,1,0,0,0,720,0
9714,18510923102,Authentication,166,34,-19,920,0,11,0,0,1,0,0,0,720,0
9715,18510959803,Disassociation,64,34,-20,920,0,10,0,0,0,0,0,0,720,0
9716,18510963542,Disassociation,64,34,-19,920,0,10,0,0,1,0,0,0,720,0
9717,18510969360,Disassociation,64,34,-19,920,0,10,0,0,1,0,0,0,720,0
9718,18510973205,Disassociation,64,34,-19,920,0,10,0,0,1,0,0,0,720,0
9719,18511009842,Authentication,166,34,-56,920,0,11,0,0,0,0,0,0,0,0
9720,18511075378,Authentication,166,34,-56,920,0,11,0,0,0,0,0,0,0,0
9721,18511114252,Authentication,166,34,-20,920,0,11,0,0,1,0,0,0,720,0
9722,18511121166,Authentication,166,34,-19,920,0,11,0,0,1,0,0,0,720,0
9723,18511130346,S1G Beacon,61,34,-18,920,3,1,,,,,,,0,0
9724,18511132135,Authentication,166,34,-19,920,0,11,0,0,1,0,0,0,720,0
9725,18511173681,Authentication,166,34,-56,920,0,11,0,0,0,0,0,0,0,0
9726,18511227949,Authentication,166,34,-57,920,0,11,0,0,0,0,0,0,0,0
9727,18511271985,Authentication,166,34,-56,920,0,11,0,0,0,0,0,0,0,0
9728,18511318221,Authentication,166,34,-20,920,0,11,0,0,0,0,0,0,720,0
9729,18511324835,Authentication,166,34,-19,920,0,11,0,0,1,0,0,0,720,0
9730,18511331296,Authentication,166,34,-19,920,0,11,0,0,1,0,0,0,720,0
9731,18511337520,Authentication,166,34,-58,920,0,11,0,0,0,0,0,0,0,0
9732,18511342107,Authentication,166,34,-19,920,0,11,0,0,1,0,0,0,720,0
9733,18511391786,Authentication,166,34,-57,920,0,11,0,0,0,0,0,0,0,0
9734,18511435823,Authentication,166,34,-57,920,0,11,0,0,0,0,0,0,0,0
9735,18511501359,Authentication,166,34,-57,920,0,11,0,0,0,0,0,0,0,0
9736,18511528190,Authentication,166,34,-19,920,0,11,0,0,0,0,0,0,720,0
9737,18511534752,Authentication,166,34,-19,920,0,11,0,0,1,0,0,0,720,0
9738,18511541160,Authentication,166,34,-19,920,0,11,0,0,1,0,0,0,720,0
9739,18511547672,Authentication,166,34,-20,920,0,11,0,0,1,0,0,0,720,0
9740,18511665197,Authentication,166,34,-57,920,0,11,0,0,0,0,0,0,0,0
9741,18511697966,Authentication,166,34,-56,920,0,11,0,0,0,0,0,0,0,0
9742,18511728173,Authentication,166,34,-19,920,0,11,0,0,0,0,0,0,720,0
9743,18511734733,Authentication,166,34,-19,920,0,11,0,0,1,0,0,0,720,0
9744,18511747962,Authentication,166,34,-21,920,0,11,0,0,1,0,0,0,720,0
9745,18511815722,Authentication,166,34,-56,920,0,11,0,0,0,0,0,0,0,0
9746,18511861805,Authentication,166,34,-58,920,0,11,0,0,0,0,0,0,0,0
9747,18511927341,Authentication,166,34,-56,920,0,11,0,0,0,0,0,0,0,0
9748,18511949547,S1G Beacon,129,34,-19,920,3,1,,,,,,,0,0
9749,18511960108,Authentication,166,34,-57,920,0,11,0,0,0,0,0,0,0,0
9750,18511998440,Authentication,166,34,-20,920,0,11,0,0,0,0,0,0,720,0
9751,18512005056,Authentication,166,34,-19,920,0,11,0,0,1,0,0,0,720,0
9752,18512011826,Authentication,166,34,-19,920,0,11,0,0,1,0,0,0,720,0
9753,18512018234,Authentication,166,34,-19,920,0,11,0,0,1,0,0,0,720,0
9754,18512025643,Authentication,166,34,-57,920,0,11,0,0,0,0,0,0,0,0
9755,18512074793,Authentication,166,34,-58,920,0,11,0,0,0,0,0,0,0,0
9756,18512123947,Authentication,166,34,-58,920,0,11,0,0,0,0,0,0,0,0
9757,18512189483,Authentication,166,34,-56,920,0,11,0,0,0,0,0,0,0,0
9758,18512208214,Authentication,166,34,-19,920,0,11,0,0,0,0,0,0,720,0
9759,18512214830,Authentication,166,34,-19,920,0,11,0,0,1,0,0,0,720,0
9760,18512221600,Authentication,166,34,-19,920,0,11,0,0,1,0,0,0,720,0
9761,18512228006,Authentication,166,34,-19,920,0,11,0,0,1,0,0,0,720,0
9762,18512245800,Authentication,166,34,-56,920,0,11,0,0,0,0,0,0,0,0
9763,18512287786,Authentication,166,34,-56,920,0,11,0,0,0,0,0,0,0,0
9764,18512353321,Authentication,166,34,-56,920,0,11,0,0,0,0,0,0,0,0
9765,18512388137,Authentication,166,34,-58,920,0,11,0,0,0,0,0,0,0,0
9766,18512418150,Authentication,166,34,-20,920,0,11,0,0,0,0,0,0,720,0
9767,18512424661,Authentication,166,34,-19,920,0,11,0,0,1,0,0,0,720,0
9768,18512431331,Authentication,166,34,-19,920,0,11,0,0,1,0,0,0,720,0
9769,18512437895,Authentication,166,34,-19,920,0,11,0,0,1,0,0,0,720,0
9770,18512451625,Authentication,166,34,-55,920,0,11,0,0,0,0,0,0,0,0
9771,18512517161,Authentication,166,34,-56,920,0,11,0,0,0,0,0,0,0,0
9772,18512549928,Authentication,166,34,-57,920,0,11,0,0,0,0,0,0,0,0
9773,18512615464,Authentication,166,34,-57,920,0,11,0,0,0,0,0,0,0,0
9774,18512620417,Authentication,166,34,-19,920,0,11,0,0,0,0,0,0,720,0
9775,18512627083,Authentication,166,34,-19,920,0,11,0,0,1,0,0,0,720,0
9776,18512634061,Authentication,166,34,-19,920,0,11,0,0,1,0,0,0,720,0
9777,18512640730,Authentication,166,34,-19,920,0,11,0,0,1,0,0,0,720,0
9778,18512665638,Authentication,166,34,-55,920,0,11,0,0,0,0,0,0,0,0
9779,18512713768,Authentication,166,34,-56,920,0,11,0,0,0,0,0,0,0,0
9780,18512768750,S1G Beacon,61,34,-19,920,3,1,,,,,,,0,0
9781,18512779303,Authentication,166,34,-58,920,0,11,0,0,0,0,0,0,0,0
9782,18512816166,Authentication,166,34,-56,920,0,11,0,0,0,0,0,0,0,0
9783,18512821116,Authentication,166,34,-19,920,0,11,0,0,0,0,0,0,720,0
9784,18512833825,Authentication,166,34,-20,920,0,11,0,0,1,0,0,0,720,0
9785,18512840390,Authentication,166,34,-19,920,0,11,0,0,1,0,0,0,720,0
9786,18512877607,Authentication,166,34,-55,920,0,11,0,0,0,0,0,0,0,0
9787,18512943142,Authentication,166,34,-57,920,0,11,0,0,0,0,0,0,0,0
9788,18512983077,Authentication,166,34,-57,920,0,11,0,0,0,0,0,0,0,0
9789,18513028172,Authentication,166,34,-19,920,0,11,0,0,0,0,0,0,720,0
9790,18513034942,Authentication,166,34,-19,920,0,11,0,0,1,0,0,0,720,0
9791,18513041400,Authentication,166,34,-19,920,0,11,0,0,1,0,0,0,720,0
9792,18513048170,Authentication,166,34,-19,920,0,11,0,0,1,0,0,0,720,0
9793,18513106981,Authentication,166,34,-56,920,0,11,0,0,0,0,0,0,0,0
9794,18513139748,Authentication,166,34,-56,920,0,11,0,0,0,0,0,0,0,0
9795,18513205284,Authentication,166,34,-57,920,0,11,0,0,0,0,0,0,0,0
9796,18513259553,Authentication,166,34,-57,920,0,11,0,0,0,0,0,0,0,0
9797,18513298067,Authentication,166,34,-19,920,0,11,0,0,0,0,0,0,720,0
9798,18513303587,Authentication,166,34,-57,920,0,11,0,0,0,0,0,0,0,0
9799,18513308225,Authentication,166,34,-19,920,0,11,0,0,1,0,0,0,720,0
9800,18513314944,Authentication,166,34,-19,920,0,11,0,0,1,0,0,0,720,0
9801,18513321455,Authentication,166,34,-19,920,0,11,0,0,1,0,0,0,720,0
9802,18513369123,Authentication,166,34,-56,920,0,11,0,0,0,0,0,0,0,0
9803,18513422019,QoS Data,149,34,-13,920,2,8,1,0,0,0,0,1,720,0
9804,18513430915,RTS,54,34,-15,920,1,11,,,,0,0,0,4972,0
9806,18513434008,QoS Data,149,34,-27,920,2,8,0,0,1,0,0,1,720,0
9808,18513436995,RTS,54,34,-15,920,1,11,,,,0,0,0,4972,0
9810,18513438977,QoS Data,149,34,-14,920,2,8,1,0,1,0,0,1,720,0
9812,18513443784,QoS Data,131,34,-18,920,2,8,1,0,0,0,0,1,720,0
9814,18513445903,QoS Data,131,34,-27,920,2,8,0,0,0,0,0,1,720,0
9816,18513448333,RTS,54,34,-15,920,1,11,,,,0,0,0,4972,0
9818,18513450316,QoS Data,149,34,-13,920,2,8,1,0,1,0,0,1,720,0
9820,18513467426,Authentication,166,34,-57,920,0,11,0,0,0,0,0,0,0,0
9821,18513501497,QoS Data,128,34,-14,920,2,8,1,0,0,0,0,1,720,0
9824,18513518281,Authentication,166,34,-19,920,0,11,0,0,0,0,0,0,720,0
9825,18513524845,Authentication,166,34,-19,920,0,11,0,0,1,0,0,0,720,0
9826,18513531564,Authentication,166,34,-19,920,0,11,0,0,1,0,0,0,720,0
9827,18513538022,Authentication,166,34,-21,920,0,11,0,0,1,0,0,0,720,0
9828,18513560499,Data,287,34,-19,920,2,0,0,0,0,0,0,1,0,0
9829,18513587956,S1G Beacon,129,34,-19,920,3,1,,,,,,,0,0
9830,18513631265,Authentication,166,34,-57,920,0,11,0,0,0,0,0,0,0,0
9831,18513682463,Authentication,166,34,-57,920,0,11,0,0,0,0,0,0,0,0
9832,18513698181,Authentication,166,34,-19,920,0,11,0,0,0,0,0,0,720,0
9833,18513704640,Authentication,166,34,-20,920,0,11,0,0,1,0,0,0,720,0
9834,18513711256,Authentication,166,34,-19,920,0,11,0,0,1,0,0,0,720,0
9835,18513717975,Authentication,166,34,-19,920,0,11,0,0,1,0,0,0,720,0
9836,18513729569,Authentication,166,34,-57,920,0,11,0,0,0,0,0,0,0,0
9837,18513795105,Authentication,166,34,-56,920,0,11,0,0,0,0,0,0,0,0
9838,18513840159,Authentication,166,34,-57,920,0,11,0,0,0,0,0,0,0,0
9839,18513893407,Authentication,166,34,-57,920,0,11,0,0,0,0,0,0,0,0
9840,18513908186,Authentication,166,34,-19,920,0,11,0,0,0,0,0,0,720,0
9841,18513914959,Authentication,166,34,-19,920,0,11,0,0,1,0,0,0,720,0
9842,18513920480,Authentication,166,34,-20,920,0,11,0,0,1,0,0,0,720,0
9843,18513926887,Authentication,166,34,-20,920,0,11,0,0,1,0,0,0,720,0
9844,18513958943,Authentication,166,34,-58,920,0,11,0,0,0,0,0,0,0,0
9845,18513991711,Authentication,166,34,-56,920,0,11,0,0,0,0,0,0,0,0
9846,18514057247,Authentication,166,34,-56,920,0,11,0,0,0,0,0,0,0,0
9847,18514101276,Authentication,166,34,-59,920,0,11,0,0,0,0,0,0,0,0
9848,18514118186,Authentication,166,34,-19,920,0,11,0,0,0,0,0,0,720,0
9849,18514131205,Authentication,166,34,-21,920,0,11,0,0,1,0,0,0,720,0
9850,18514137719,Authentication,166,34,-19,920,0,11,0,0,1,0,0,0,720,0
9851,18514155550,Authentication,166,34,-55,920,0,11,0,0,0,0,0,0,0,0
9852,18514216985,Authentication,166,34,-57,920,0,11,0,0,0,0,0,0,0,0
9853,18514253854,Authentication,166,34,-56,920,0,11,0,0,0,0,0,0,0,0
9854,18514319389,Authentication,166,34,-58,920,0,11,0,0,0,0,0,0,0,0
9855,18514376729,Authentication,166,34,-57,920,0,11,0,0,0,0,0,0,0,0
9856,18514381368,Authentication,166,34,-19,920,0,11,0,0,0,0,0,0,720,0
9857,18514388036,Authentication,166,34,-19,920,0,11,0,0,1,0,0,0,720,0
9858,18514394601,Authentication,166,34,-19,920,0,11,0,0,1,0,0,0,720,0
9859,18514401267,Authentication,166,34,-20,920,0,11,0,0,1,0,0,0,720,0
9860,18514407573,S1G Beacon,61,34,-19,920,3,1,,,,,,,0,0
9861,18514417693,Authentication,166,34,-56,920,0,11,0,0,0,0,0,0,0,0
9862,18514426178,Deauthentication,64,34,-19,920,0,12,0,0,0,0,0,0,720,0
9863,18514429554,Deauthentication,64,34,-20,920,0,12,0,0,1,0,0,0,720,0
9864,18514433500,Deauthentication,64,34,-20,920,0,12,0,0,1,0,0,0,720,0
9865,18514483228,Authentication,166,34,-56,920,0,11,0,0,0,0,0,0,0,0
9866,18514532377,Authentication,166,34,-57,920,0,11,0,0,0,0,0,0,0,0
9867,18514568945,Authentication,105,34,-19,920,0,11,0,0,0,0,0,0,720,0
9868,18514573763,Authentication,105,34,-19,920,0,11,0,0,1,0,0,0,720,0
9869,18514586326,Authentication,105,34,-22,920,0,11,0,0,1,0,0,0,720,0
9870,18514647067,Authentication,166,34,-57,920,0,11,0,0,0,0,0,0,0,0
9871,18514679835,Authentication,166,34,-56,920,0,11,0,0,0,0,0,0,0,0
9872,18514718170,Authentication,166,34,-19,920,0,11,0,0,0,0,0,0,720,0
9873,18514724787,Authentication,166,34,-19,920,0,11,0,0,1,0,0,0,720,0
9874,18514731401,Authentication,166,34,-19,920,0,11,0,0,1,0,0,0,720,0
9875,18514738173,Authentication,166,34,-19,920,0,11,0,0,1,0,0,0,720,0
9876,18514745370,Authentication,166,34,-57,920,0,11,0,0,0,0,0,0,0,0
9877,18514810906,Authentication,166,34,-57,920,0,11,0,0,0,0,0,0,0,0
9878,18514855448,Authentication,166,34,-57,920,0,11,0,0,0,0,0,0,0,0
9879,18514909209,Authentication,166,34,-56,920,0,11,0,0,0,0,0,0,0,0
9880,18514914469,Authentication,166,34,-19,920,0,11,0,0,0,0,0,0,720,0
9881,18514920357,Authentication,166,34,-19,920,0,11,0,0,1,0,0,0,720,0
9882,18514926866,Authentication,166,34,-20,920,0,11,0,0,1,0,0,0,720,0
9883,18514974745,Authentication,166,34,-57,920,0,11,0,0,0,0,0,0,0,0
9884,18515007512,Authentication,166,34,-57,920,0,11,0,0,0,0,0,0,0,0
9885,18515073049,Authentication,166,34,-56,920,0,11,0,0,0,0,0,0,0,0
9886,18515119127,Authentication,166,34,-57,920,0,11,0,0,0,0,0,0,0,0
9887,18515124389,Authentication,166,34,-18,920,0,11,0,0,0,0,0,0,720,0
9888,18515131057,Authentication,166,34,-20,920,0,11,0,0,1,0,0,0,720,0
9889,18515137778,Authentication,166,34,-18,920,0,11,0,0,1,0,0,0,720,0
9890,18515144239,Authentication,166,34,-18,920,0,11,0,0,1,0,0,0,720,0
9891,18515171352,Authentication,166,34,-56,920,0,11,0,0,0,0,0,0,0,0
9892,18515204119,Authentication,201,34,-57,920,0,11,0,0,0,0,0,0,0,0
9893,18515214281,Authentication,201,34,-58,920,0,11,0,0,0,0,0,0,0,0
9894,18515226363,S1G Beacon,129,34,-19,920,3,1,,,,,,,0,0
9895,18515236887,Authentication,166,34,-55,920,0,11,0,0,0,0,0,0,0,0
9896,18515288085,Authentication,166,34,-55,920,0,11,0,0,0,0,0,0,0,0
9897,18515333803,Authentication,166,34,-19,920,0,11,0,0,0,0,0,0,720,0
9898,18515339691,Authentication,166,34,-19,920,0,11,0,0,1,0,0,0,720,0
9899,18515346410,Authentication,166,34,-18,920,0,11,0,0,1,0,0,0,720,0
9900,18515353023,Authentication,166,34,-18,920,0,11,0,0,1,0,0,0,720,0
9901,18515400726,Authentication,166,34,-56,920,0,11,0,0,0,0,0,0,0,0
9902,18515435542,Authentication,166,34,-55,920,0,11,0,0,0,0,0,0,0,0
9903,18515454791,Deauthentication,64,34,-18,920,0,12,0,0,0,0,0,0,720,0
9904,18515458271,Deauthentication,64,34,-18,920,0,12,0,0,1,0,0,0,720,0
9905,18515461960,Deauthentication,64,34,-17,920,0,12,0,0,1,0,0,0,720,0
9906,18515465908,Deauthentication,64,34,-18,920,0,12,0,0,1,0,0,0,720,0
9907,18515499029,Authentication,166,34,-56,920,0,11,0,0,0,0,0,0,0,0
9908,18515597333,Authentication,166,34,-55,920,0,11,0,0,0,0,0,0,0,0
9909,18515601920,Authentication,166,34,-17,920,0,11,0,0,0,0,0,0,720,0
9910,18515608586,Authentication,166,34,-17,920,0,11,0,0,1,0,0,0,720,0
9911,18515615203,Authentication,166,34,-16,920,0,11,0,0,1,0,0,0,720,0
9912,18515621612,Authentication,166,34,-17,920,0,11,0,0,1,0,0,0,720,0
9913,18515662868,Authentication,166,34,-57,920,0,11,0,0,0,0,0,0,0,0
9914,18515707922,Authentication,166,34,-56,920,0,11,0,0,0,0,0,0,0,0
9915,18515761172,Authentication,166,34,-55,920,0,11,0,0,0,0,0,0,0,0
9916,18515798636,Authentication,166,34,-17,920,0,11,0,0,0,0,0,0,720,0
9917,18515805150,Authentication,166,34,-17,920,0,11,0,0,1,0,0,0,720,0
9918,18515811920,Authentication,166,34,-18,920,0,11,0,0,1,0,0,0,720,0
9919,18515818432,Authentication,166,34,-17,920,0,11,0,0,1,0,0,0,720,0
9920,18515826707,Authentication,166,34,-55,920,0,11,0,0,0,0,0,0,0,0
9921,18515859475,Authentication,166,34,-55,920,0,11,0,0,0,0,0,0,0,0
9922,18515925011,Authentication,166,34,-55,920,0,11,0,0,0,0,0,0,0,0
9924,18515990546,Authentication,166,34,-57,920,0,11,0,0,0,0,0,0,0,0
9925,18515995809,Authentication,166,34,-18,920,0,11,0,0,0,0,0,0,720,0
9926,18516002475,Authentication,166,34,-18,920,0,11,0,0,1,0,0,0,720,0
9927,18516009039,Authentication,166,34,-17,920,0,11,0,0,1,0,0,0,720,0
9928,18516015552,Authentication,166,34,-16,920,0,11,0,0,1,0,0,0,720,0
9929,18516023314,Authentication,166,34,-56,920,0,11,0,0,0,0,0,0,0,0
9930,18516045563,S1G Beacon,61,34,-17,920,3,1,,,,,,,0,0
9931,18516088849,Authentication,166,34,-55,920,0,11,0,0,0,0,0,0,0,0
9932,18516147214,Authentication,166,34,-56,920,0,11,0,0,0,0,0,0,0,0
9933,18516187153,Authentication,166,34,-57,920,0,11,0,0,0,0,0,0,0,0
9934,18516218150,Authentication,166,34,-16,920,0,11,0,0,0,0,0,0,720,0
9935,18516224763,Authentication,166,34,-19,920,0,11,0,0,1,0,0,0,720,0
9936,18516231431,Authentication,166,34,-17,920,0,11,0,0,1,0,0,0,720,0
9937,18516238099,Authentication,166,34,-17,920,0,11,0,0,1,0,0,0,720,0
9938,18516252689,Authentication,166,34,-55,920,0,11,0,0,0,0,0,0,0,0
9939,18516284297,Disassociation,64,34,-18,920,0,10,0,0,0,0,0,0,720,0
9940,18516288246,Disassociation,64,34,-18,920,0,10,0,0,1,0,0,0,720,0
9941,18516292193,Disassociation,64,34,-17,920,0,10,0,0,1,0,0,0,720,0
9942,18516295881,Disassociation,64,34,-17,920,0,10,0,0,1,0,0,0,720,0
9943,18516353040,Authentication,166,34,-56,920,0,11,0,0,0,0,0,0,0,0
9944,18516416527,Authentication,166,34,-55,920,0,11,0,0,0,0,0,0,0,0
9945,18516421789,Authentication,166,34,-18,920,0,11,0,0,0,0,0,0,720,0
9946,18516428301,Authentication,166,34,-17,920,0,11,0,0,1,0,0,0,720,0
9947,18516434968,Authentication,166,34,-16,920,0,11,0,0,1,0,0,0,720,0
9948,18516441738,Authentication,166,34,-18,920,0,11,0,0,1,0,0,0,720,0
9949,18516482063,Authentication,166,34,-57,920,0,11,0,0,0,0,0,0,0,0
9950,18516531212,Authentication,166,34,-56,920,0,11,0,0,0,0,0,0,0,0
9951,18516580367,Authentication,166,34,-55,920,0,11,0,0,0,0,0,0,0,0
9952,18516585577,Data,287,34,-18,920,2,0,0,0,0,0,0,1,0,0
9953,18516618167,Authentication,166,34,-18,920,0,11,0,0,0,0,0,0,720,0
9954,18516624937,Authentication,166,34,-17,920,0,11,0,0,1,0,0,0,720,0
9955,18516631501,Authentication,166,34,-17,920,0,11,0,0,1,0,0,0,720,0
9956,18516638074,Authentication,166,34,-19,920,0,11,0,0,1,0,0,0,720,0
9957,18516645902,Authentication,166,34,-57,920,0,11,0,0,0,0,0,0,0,0
9958,18516695052,Authentication,166,34,-56,920,0,11,0,0,0,0,0,0,0,0
9959,18516744205,Authentication,166,34,-55,920,0,11,0,0,0,0,0,0,0,0
9960,18516807689,Authentication,166,34,-56,920,0,11,0,0,0,0,0,0,0,0
9961,18516842509,Authentication,166,34,-55,920,0,11,0,0,0,0,0,0,0,0
9962,18516864766,S1G Beacon,129,34,-18,920,3,1,,,,,,,0,0
9963,18516898102,Authentication,166,34,-17,920,0,11,0,0,0,0,0,0,720,0
9964,18516904719,Authentication,166,34,-17,920,0,11,0,0,1,0,0,0,720,0
9965,18516912815,Authentication,166,34,-19,920,0,11,0,0,1,0,0,0,720,0
9966,18516919431,Authentication,166,34,-19,920,0,11,0,0,1,0,0,0,720,0
9967,18516973580,Authentication,166,34,-56,920,0,11,0,0,0,0,0,0,0,0
9968,18517006348,Authentication,166,34,-55,920,0,11,0,0,0,0,0,0,0,0
9969,18517071883,Authentication,166,34,-55,920,0,11,0,0,0,0,0,0,0,0
9970,18517105097,Authentication,166,34,-18,920,0,11,0,0,0,0,0,0,720,0
9971,18517111660,Authentication,166,34,-18,920,0,11,0,0,1,0,0,0,720,0
9972,18517116873,Authentication,166,34,-19,920,0,11,0,0,1,0,0,0,720,0
9973,18517123645,Authentication,166,34,-18,920,0,11,0,0,1,0,0,0,720,0
9974,18517137418,Authentication,166,34,-55,920,0,11,0,0,0,0,0,0,0,0
9975,18517170186,Authentication,166,34,-55,920,0,11,0,0,0,0,0,0,0,0
9976,18517235722,Authentication,166,34,-56,920,0,11,0,0,0,0,0,0,0,0
9977,18517301254,Authentication,166,34,-55,920,0,11,0,0,0,0,0,0,0,0
9978,18517314993,Authentication,166,34,-18,920,0,11,0,0,0,0,0,0,720,0
9979,18517321713,Authentication,166,34,-17,920,0,11,0,0,1,0,0,0,720,0
9980,18517328483,Authentication,166,34,-18,920,0,11,0,0,1,0,0,0,720,0
9981,18517334026,Authentication,166,34,-57,920,0,11,0,0,0,0,0,0,0,0
9982,18517338872,Authentication,166,34,-19,920,0,11,0,0,1,0,0,0,720,0
9983,18517399561,Authentication,166,34,-56,920,0,11,0,0,0,0,0,0,0,0
9984,18517456902,Authentication,166,34,-56,920,0,11,0,0,0,0,0,0,0,0
9985,18517497864,Authentication,166,34,-55,920,0,11,0,0,0,0,0,0,0,0
9986,18517548160,Authentication,166,34,-17,920,0,11,0,0,0,0,0,0,720,0
9987,18517554724,Authentication,166,34,-18,920,0,11,0,0,1,0,0,0,720,0
9988,18517561233,Authentication,166,34,-19,920,0,11,0,0,1,0,0,0,720,0
9989,18517567642,Authentication,166,34,-18,920,0,11,0,0,1,0,0,0,720,0
9990,18517602691,Deauthentication,64,34,-18,920,0,12,0,0,0,0,0,0,720,0
9991,18517606534,Deauthentication,64,34,-18,920,0,12,0,0,1,0,0,0,720,0
9992,18517609804,Deauthentication,64,34,-17,920,0,12,0,0,1,0,0,0,720,0
9993,18517613544,Deauthentication,64,34,-17,920,0,12,0,0,1,0,0,0,720,0
9994,18517615110,Authentication,166,34,-56,920,0,11,0,0,0,0,0,0,0,0
9995,18517661703,Authentication,166,34,-56,920,0,11,0,0,0,0,0,0,0,0
9996,18517683968,S1G Beacon,61,34,-19,920,3,1,,,,,,,0,0
9997,18517727239,Authentication,166,34,-56,920,0,11,0,0,0,0,0,0,0,0
9998,18517744737,Authentication,105,34,-17,920,0,11,0,0,0,0,0,0,720,0
9999,18517749713,Authentication,105,34,-18,920,0,11,0,0,1,0,0,0,720,0
10000,18517754634,Authentication,105,34,-17,920,0,11,0,0,1,0,0,0,720,0
10001,18517759453,Authentication,105,34,-18,920,0,11,0,0,1,0,0,0,720,0
10002,18517777412,Authentication,166,34,-55,920,0,11,0,0,0,0,0,0,0,0
10003,18517825542,Authentication,166,34,-57,920,0,11,0,0,0,0,0,0,0,0
10004,18517888246,Authentication,166,34,-18,920,0,11,0,0,0,0,0,0,720,0
10005,18517895642,Authentication,166,34,-18,920,0,11,0,0,1,0,0,0,720,0
10006,18517902100,Authentication,166,34,-17,920,0,11,0,0,1,0,0,0,720,0
10007,18517908820,Authentication,166,34,-17,920,0,11,0,0,1,0,0,0,720,0
10008,18517932037,Authentication,166,34,-57,920,0,11,0,0,0,0,0,0,0,0
10009,18517989381,Authentication,166,34,-56,920,0,11,0,0,0,0,0,0,0,0
10010,18518033331,Deauthentication,64,34,-19,920,0,12,0,0,0,0,0,0,720,0
10011,18518037332,Deauthentication,64,34,-17,920,0,12,0,0,1,0,0,0,720,0
10012,18518041020,Deauthentication,64,34,-17,920,0,12,0,0,1,0,0,0,720,0
10013,18518045018,Deauthentication,64,34,-18,920,0,12,0,0,1,0,0,0,720,0
10014,18518054916,Authentication,166,34,-55,920,0,11,0,0,0,0,0,0,0,0
10015,18518107649,Authentication,166,34,-56,920,0,11,0,0,0,0,0,0,0,0
10016,18518119786,Authentication,166,34,-19,920,0,11,0,0,1,0,0,0,720,0
10017,18518125986,Authentication,166,34,-19,920,0,11,0,0,1,0,0,0,720,0
10018,18518132602,Authentication,166,34,-18,920,0,11,0,0,1,0,0,0,720,0
10019,18518153220,Authentication,166,34,-56,920,0,11,0,0,0,0,0,0,0,0
10020,18518218756,Authentication,166,34,-56,920,0,11,0,0,0,0,0,0,0,0
10021,18518317059,Authentication,166,34,-57,920,0,11,0,0,0,0,0,0,0,0
10022,18518322321,Authentication,166,34,-18,920,0,11,0,0,0,0,0,0,720,0
10023,18518329095,Authentication,166,34,-18,920,0,11,0,0,1,0,0,0,720,0
10024,18518335709,Authentication,166,34,-19,920,0,11,0,0,1,0,0,0,720,0
10025,18518342117,Authentication,166,34,-19,920,0,11,0,0,1,0,0,0,720,0
10026,18518371328,Authentication,166,34,-58,920,0,11,0,0,0,0,0,0,0,0
10027,18518380570,Authentication,201,34,-57,920,0,11,0,0,0,0,0,0,0,0
10028,18518390732,Authentication,201,34,-56,920,0,11,0,0,0,0,0,0,0,0
10029,18518415362,Authentication,166,34,-56,920,0,11,0,0,0,0,0,0,0,0
10030,18518458636,QoS Data,148,34,-16,920,2,8,1,0,0,0,0,1,720,0
10032,18518462478,QoS Data,148,34,-27,920,2,8,0,0,0,0,0,1,720,0
10034,18518468346,QoS Data,131,34,-18,920,2,8,1,0,0,0,0,1,720,0
10036,18518470984,QoS Data,131,34,-27,920,2,8,0,0,0,0,0,1,720,0
10038,18518480898,Authentication,166,34,-57,920,0,11,0,0,0,0,0,0,0,0
10039,18518503173,S1G Beacon,129,34,-20,920,3,1,,,,,,,0,0
10040,18518506814,QoS Data,128,34,-16,920,2,8,1,0,0,0,0,1,720,0
10042,18518509832,QoS Data,128,34,-28,920,2,8,0,0,0,0,0,1,720,0
10044,18518528124,Authentication,166,34,-21,920,0,11,0,0,0,0,0,0,720,0
10045,18518534533,Authentication,166,34,-19,920,0,11,0,0,1,0,0,0,720,0
10046,18518540991,Authentication,166,34,-20,920,0,11,0,0,1,0,0,0,720,0
10047,18518546433,Authentication,166,34,-56,920,0,11,0,0,0,0,0,0,0,0
10048,18518551124,Authentication,166,34,-19,920,0,11,0,0,1,0,0,0,720,0
10049,18518579201,Authentication,166,34,-56,920,0,11,0,0,0,0,0,0,0,0
10050,18518588675,Disassociation,64,34,-19,920,0,10,0,0,0,0,0,0,720,0
10051,18518592519,Disassociation,64,34,-20,920,0,10,0,0,1,0,0,0,720,0
10052,18518596413,Disassociation,64,34,-20,920,0,10,0,0,1,0,0,0,720,0
10053,18518600206,Disassociation,64,34,-19,920,0,10,0,0,1,0,0,0,720,0
10054,18518644737,Authentication,166,34,-58,920,0,11,0,0,0,0,0,0,0,0
10055,18518677505,Authentication,166,34,-56,920,0,11,0,0,0,0,0,0,0,0
10056,18518729412,Authentication,105,34,-21,920,0,11,0,0,0,0,0,0,720,0
10057,18518734491,Authentication,105,34,-19,920,0,11,0,0,1,0,0,0,720,0
10058,18518739311,Authentication,105,34,-19,920,0,11,0,0,1,0,0,0,720,0
10059,18518743041,Authentication,166,34,-55,920,0,11,0,0,0,0,0,0,0,0
10060,18518747937,Authentication,105,34,-20,920,0,11,0,0,1,0,0,0,720,0
10061,18518802428,Authentication,166,34,-55,920,0,11,0,0,0,0,0,0,0,0
10062,18518841343,Authentication,166,34,-57,920,0,11,0,0,0,0,0,0,0,0
10063,18518872609,Authentication,105,34,-18,920,0,11,0,0,0,0,0,0,720,0
10064,18518877636,Authentication,105,34,-20,920,0,11,0,0,1,0,0,0,720,0
10065,18518882507,Authentication,105,34,-18,920,0,11,0,0,1,0,0,0,720,0
10066,18518887639,Authentication,105,34,-18,920,0,11,0,0,1,0,0,0,720,0
10067,18518906880,Authentication,166,34,-56,920,0,11,0,0,0,0,0,0,0,0
10068,18518942720,Authentication,166,34,-56,920,0,11,0,0,0,0,0,0,0,0
10069,18519005183,Authentication,166,34,-56,920,0,11,0,0,0,0,0,0,0,0
10070,18519017036,Authentication,166,34,-18,920,0,11,0,0,0,0,0,0,720,0
10071,18519023703,Authentication,166,34,-19,920,0,11,0,0,1,0,0,0,720,0
10072,18519030319,Authentication,166,34,-18,920,0,11,0,0,1,0,0,0,720,0
10073,18519036986,Authentication,166,34,-18,920,0,11,0,0,1,0,0,0,720,0
10074,18519056379,Authentication,166,34,-56,920,0,11,0,0,0,0,0,0,0,0
10075,18519103486,Authentication,166,34,-56,920,0,11,0,0,0,0,0,0,0,0
10076,18519169022,Authentication,166,34,-55,920,0,11,0,0,0,0,0,0,0,0
10077,18519219195,Authentication,166,34,-55,920,0,11,0,0,0,0,0,0,0,0
10078,18519267325,Authentication,166,34,-58,920,0,11,0,0,0,0,0,0,0,0
10079,18519271912,Authentication,166,34,-19,920,0,11,0,0,0,0,0,0,720,0
10080,18519278370,Authentication,166,34,-19,920,0,11,0,0,1,0,0,0,720,0
10081,18519284828,Authentication,166,34,-19,920,0,11,0,0,1,0,0,0,720,0
10082,18519291712,Authentication,166,34,-19,920,0,11,0,0,1,0,0,0,720,0
10083,18519322376,S1G Beacon,61,34,-19,920,3,1,,,,,,,0,0
10084,18519329785,Authentication,166,34,-56,920,0,11,0,0,0,0,0,0,0,0
10085,18519365628,Authentication,201,34,-57,920,0,11,0,0,0,0,0,0,0,0
10086,18519375791,Authentication,201,34,-56,920,0,11,0,0,0,0,0,0,0,0
10087,18519385952,Authentication,166,34,-57,920,0,11,0,0,0,0,0,0,0,0
10088,18519431164,Authentication,166,34,-56,920,0,11,0,0,0,0,0,0,0,0
10090,18519477241,Authentication,166,34,-56,920,0,11,0,0,0,0,0,0,0,0
10091,18519482193,Authentication,105,34,-20,920,0,11,0,0,0,0,0,0,720,0
10092,18519487323,Authentication,105,34,-19,920,0,11,0,0,1,0,0,0,720,0
10093,18519492093,Authentication,105,34,-18,920,0,11,0,0,1,0,0,0,720,0
10094,18519496700,Authentication,201,34,-58,920,0,11,0,0,0,0,0,0,0,0
10095,18519529467,Authentication,166,34,-56,920,0,11,0,0,0,0,0,0,0,0
10096,18519595003,Authentication,166,34,-57,920,0,11,0,0,0,0,0,0,0,0
10097,18519608695,Data,287,34,-19,920,2,0,0,0,0,0,0,1,0,0
10098,18519628129,Authentication,166,34,-19,920,0,11,0,0,0,0,0,0,720,0
10099,18519633547,Authentication,166,34,-19,920,0,11,0,0,1,0,0,0,720,0
10100,18519640422,Authentication,166,34,-19,920,0,11,0,0,1,0,0,0,720,0
10101,18519646934,Authentication,166,34,-18,920,0,11,0,0,1,0,0,0,720,0
10102,18519693306,Authentication,166,34,-57,920,0,11,0,0,0,0,0,0,0,0
10103,18519756791,Authentication,166,34,-57,920,0,11,0,0,0,0,0,0,0,0
10104,18519791610,Authentication,166,34,-56,920,0,11,0,0,0,0,0,0,0,0
10105,18519838174,Authentication,166,34,-19,920,0,11,0,0,0,0,0,0,720,0
10106,18519844581,Authentication,166,34,-18,920,0,11,0,0,1,0,0,0,720,0
10107,18519851351,Authentication,166,34,-20,920,0,11,0,0,1,0,0,0,720,0
10108,18519857145,Authentication,166,34,-56,920,0,11,0,0,0,0,0,0,0,0
10109,18519861834,Authentication,166,34,-19,920,0,11,0,0,1,0,0,0,720,0
10110,18519904247,Authentication,166,34,-57,920,0,11,0,0,0,0,0,0,0,0
10111,18519955449,Authentication,166,34,-57,920,0,11,0,0,0,0,0,0,0,0
10112,18520020984,Authentication,166,34,-57,920,0,11,0,0,0,0,0,0,0,0
10113,18520038153,Authentication,166,34,-19,920,0,11,0,0,0,0,0,0,720,0
10114,18520044560,Authentication,166,34,-18,920,0,11,0,0,1,0,0,0,720,0
10115,18520051174,Authentication,166,34,-19,920,0,11,0,0,1,0,0,0,720,0
10116,18520057943,Authentication,166,34,-19,920,0,11,0,0,1,0,0,0,720,0
10117,18520129450,Authentication,201,34,-58,920,0,11,0,0,0,0,0,0,0,0
10118,18520141582,S1G Beacon,129,34,-19,920,3,1,,,,,,,0,0
10119,18520184823,Authentication,166,34,-56,920,0,11,0,0,0,0,0,0,0,0
10120,18520189722,Deauthentication,64,34,-19,920,0,12,0,0,0,0,0,0,720,0
10121,18520193565,Deauthentication,64,34,-18,920,0,12,0,0,1,0,0,0,720,0
10122,18520197254,Deauthentication,64,34,-19,920,0,12,0,0,1,0,0,0,720,0
10123,18520201096,Deauthentication,64,34,-18,920,0,12,0,0,1,0,0,0,720,0
10124,18520217591,Authentication,166,34,-57,920,0,11,0,0,0,0,0,0,0,0
10125,18520233723,Authentication,166,34,-19,920,0,11,0,0,0,0,0,0,720,0
10126,18520240444,Authentication,166,34,-18,920,0,11,0,0,1,0,0,0,720,0
10127,18520246902,Authentication,166,34,-19,920,0,11,0,0,1,0,0,0,720,0
10128,18520253518,Authentication,166,34,-18,920,0,11,0,0,1,0,0,0,720,0
10129,18520348663,Authentication,166,34,-56,920,0,11,0,0,0,0,0,0,0,0
10130,18520381430,Authentication,166,34,-57,920,0,11,0,0,0,0,0,0,0,0
10131,18520446966,Authentication,166,34,-56,920,0,11,0,0,0,0,0,0,0,0
10132,18520478123,Authentication,166,34,-19,920,0,11,0,0,0,0,0,0,720,0
10133,18520484636,Authentication,166,34,-19,920,0,11,0,0,1,0,0,0,720,0
10134,18520491407,Authentication,166,34,-19,920,0,11,0,0,1,0,0,0,720,0
10135,18520496115,Authentication,166,34,-57,920,0,11,0,0,0,0,0,0,0,0
10136,18520501065,Authentication,166,34,-18,920,0,11,0,0,1,0,0,0,720,0
10137,18520545269,Authentication,166,34,-57,920,0,11,0,0,0,0,0,0,0,0
10138,18520610804,Authentication,166,34,-56,920,0,11,0,0,0,0,0,0,0,0
10139,18520658931,Authentication,166,34,-56,920,0,11,0,0,0,0,0,0,0,0
10140,18520688104,Authentication,166,34,-18,920,0,11,0,0,0,0,0,0,720,0
10141,18520694874,Authentication,166,34,-19,920,0,11,0,0,1,0,0,0,720,0
10142,18520701645,Authentication,166,34,-19,920,0,11,0,0,1,0,0,0,720,0
10143,18520708211,Authentication,166,34,-19,920,0,11,0,0,1,0,0,0,720,0
10144,18520774644,Authentication,166,34,-55,920,0,11,0,0,0,0,0,0,0,0
10145,18520807412,Authentication,166,34,-57,920,0,11,0,0,0,0,0,0,0,0
10146,18520872947,Authentication,166,34,-57,920,0,11,0,0,0,0,0,0,0,0
10147,18520882316,Authentication,166,34,-19,920,0,11,0,0,0,0,0,0,720,0
10148,18520889086,Authentication,166,34,-18,920,0,11,0,0,1,0,0,0,720,0
10149,18520895753,Authentication,166,34,-18,920,0,11,0,0,1,0,0,0,720,0
10150,18520902315,Authentication,166,34,-19,920,0,11,0,0,1,0,0,0,720,0
10151,18520938479,Authentication,166,34,-57,920,0,11,0,0,0,0,0,0,0,0
10152,18520960784,S1G Beacon,61,34,-18,920,3,1,,,,,,,0,0
10153,18520971250,Authentication,166,34,-58,920,0,11,0,0,0,0,0,0,0,0
10154,18521036786,Authentication,166,34,-58,920,0,11,0,0,0,0,0,0,0,0
10155,18521075696,Authentication,166,34,-57,920,0,11,0,0,0,0,0,0,0,0
10156,18521087874,Authentication,105,34,-18,920,0,11,0,0,0,0,0,0,720,0
10157,18521092900,Authentication,105,34,-19,920,0,11,0,0,1,0,0,0,720,0
10158,18521097823,Authentication,105,34,-18,920,0,11,0,0,1,0,0,0,720,0
10159,18521102641,Authentication,105,34,-19,920,0,11,0,0,1,0,0,0,720,0
10160,18521190382,Authentication,166,34,-57,920,0,11,0,0,0,0,0,0,0,0
10161,18521233393,Authentication,166,34,-56,920,0,11,0,0,0,0,0,0,0,0
10162,18521238137,Authentication,166,34,-18,920,0,11,0,0,0,0,0,0,720,0
10163,18521244754,Authentication,166,34,-19,920,0,11,0,0,1,0,0,0,720,0
10164,18521251524,Authentication,166,34,-18,920,0,11,0,0,1,0,0,0,720,0
10165,18521257983,Authentication,166,34,-19,920,0,11,0,0,1,0,0,0,720,0
10166,18521298928,Authentication,166,34,-56,920,0,11,0,0,0,0,0,0,0,0
10167,18521342959,Authentication,166,34,-56,920,0,11,0,0,0,0,0,0,0,0
10168,18521397231,Authentication,166,34,-57,920,0,11,0,0,0,0,0,0,0,0
10169,18521448122,Authentication,166,34,-19,920,0,11,0,0,0,0,0,0,720,0
10170,18521454894,Authentication,166,34,-18,920,0,11,0,0,1,0,0,0,720,0
10171,18521461355,Authentication,166,34,-18,920,0,11,0,0,1,0,0,0,720,0
10172,18521467812,Authentication,166,34,-20,920,0,11,0,0,1,0,0,0,720,0
10173,18521495535,Authentication,166,34,-56,920,0,11,0,0,0,0,0,0,0,0
10174,18521522532,Deauthentication,64,34,-19,920,0,12,0,0,0,0,0,0,720,0
10175,18521526273,Deauthentication,64,34,-19,920,0,12,0,0,1,0,0,0,720,0
10176,18521530272,Deauthentication,64,34,-18,920,0,12,0,0,1,0,0,0,720,0
10177,18521534010,Deauthentication,64,34,-18,920,0,12,0,0,1,0,0,0,720,0
10178,18521554797,Disassociation,64,34,-19,920,0,10,0,0,0,0,0,0,720,0
10179,18521558587,Disassociation,64,34,-18,920,0,10,0,0,1,0,0,0,720,0
10180,18521561070,Authentication,166,34,-56,920,0,11,0,0,0,0,0,0,0,0
10181,18521569863,Disassociation,64,34,-21,920,0,10,0,0,1,0,0,0,720,0
10182,18521603053,Authentication,166,34,-58,920,0,11,0,0,0,0,0,0,0,0
10183,18521659374,Authentication,166,34,-56,920,0,11,0,0,0,0,0,0,0,0
10184,18521664168,Authentication,105,34,-18,920,0,11,0,0,0,0,0,0,720,0
10185,18521669142,Authentication,105,34,-19,920,0,11,0,0,1,0,0,0,720,0
10186,18521672608,Authentication,105,34,-20,920,0,11,0,0,1,0,0,0,720,0
10187,18521677479,Authentication,105,34,-18,920,0,11,0,0,1,0,0,0,720,0
10188,18521709548,Authentication,201,34,-57,920,0,11,0,0,0,0,0,0,0,0
10189,18521719787,Authentication,201,34,-57,920,0,11,0,0,0,0,0,0,0,0
10190,18521729990,Authentication,201,34,-56,920,0,11,0,0,0,0,0,0,0,0
10191,18521757677,Authentication,166,34,-56,920,0,11,0,0,0,0,0,0,0,0
10192,18521779986,S1G Beacon,129,34,-19,920,3,1,,,,,,,0,0
10193,18521807297,Authentication,105,34,-18,920,0,11,0,0,0,0,0,0,720,0
10194,18521812115,Authentication,105,34,-18,920,0,11,0,0,1,0,0,0,720,0
10195,18521816882,Authentication,105,34,-18,920,0,11,0,0,1,0,0,0,720,0
10196,18521822013,Authentication,105,34,-19,920,0,11,0,0,1,0,0,0,720,0
10197,18521921516,Authentication,166,34,-56,920,0,11,0,0,0,0,0,0,0,0
10198,18521949452,Authentication,105,34,-19,920,0,11,0,0,0,0,0,0,720,0
10199,18521954324,Authentication,105,34,-19,920,0,11,0,0,1,0,0,0,720,0
10200,18521959144,Authentication,105,34,-19,920,0,11,0,0,1,0,0,0,720,0
10201,18521963911,Authentication,105,34,-19,920,0,11,0,0,1,0,0,0,720,0
10202,18521982952,Authentication,166,34,-57,920,0,11,0,0,0,0,0,0,0,0
10203,18522019819,Authentication,166,34,-57,920,0,11,0,0,0,0,0,0,0,0
10204,18522085355,Authentication,166,34,-56,920,0,11,0,0,0,0,0,0,0,0
10205,18522090096,Authentication,166,34,-18,920,0,11,0,0,0,0,0,0,720,0
10206,18522096562,Authentication,166,34,-19,920,0,11,0,0,1,0,0,0,720,0
10207,18522103020,Authentication,166,34,-18,920,0,11,0,0,1,0,0,0,720,0
10208,18522109686,Authentication,166,34,-18,920,0,11,0,0,1,0,0,0,720,0
10209,18522139625,Authentication,166,34,-58,920,0,11,0,0,0,0,0,0,0,0
10210,18522146655,Deauthentication,64,34,-18,920,0,12,0,0,0,0,0,0,720,0
10211,18522150604,Deauthentication,64,34,-19,920,0,12,0,0,1,0,0,0,720,0
10212,18522154343,Deauthentication,64,34,-19,920,0,12,0,0,1,0,0,0,720,0
10213,18522158030,Deauthentication,64,34,-19,920,0,12,0,0,1,0,0,0,720,0
10214,18522183659,Authentication,166,34,-56,920,0,11,0,0,0,0,0,0,0,0
10215,18522249194,Authentication,166,34,-57,920,0,11,0,0,0,0,0,0,0,0
10216,18522281962,Authentication,201,34,-57,920,0,11,0,0,0,0,0,0,0,0
10217,18522291204,Authentication,201,34,-55,920,0,11,0,0,0,0,0,0,0,0
10218,18522301754,Authentication,166,34,-19,920,0,11,0,0,0,0,0,0,720,0
10219,18522307559,Authentication,201,34,-55,920,0,11,0,0,0,0,0,0,0,0
10220,18522313273,Authentication,166,34,-18,920,0,11,0,0,1,0,0,0,720,0
10221,18522319734,Authentication,166,34,-19,920,0,11,0,0,1,0,0,0,720,0
10222,18522326503,Authentication,166,34,-19,920,0,11,0,0,1,0,0,0,720,0
10223,18522347497,Authentication,166,34,-56,920,0,11,0,0,0,0,0,0,0,0
10224,18522393575,Authentication,166,34,-57,920,0,11,0,0,0,0,0,0,0,0
10225,18522439653,Authentication,201,34,-57,920,0,11,0,0,0,0,0,0,0,0
10226,18522445801,Authentication,201,34,-58,920,0,11,0,0,0,0,0,0,0,0
10227,18522455963,Authentication,201,34,-58,920,0,11,0,0,0,0,0,0,0,0
10228,18522492722,Authentication,166,34,-20,920,0,11,0,0,0,0,0,0,720,0
10229,18522499183,Authentication,166,34,-19,920,0,11,0,0,1,0,0,0,720,0
10230,18522506009,Authentication,166,34,-19,920,0,11,0,0,1,0,0,0,720,0
10231,18522511336,Authentication,166,34,-57,920,0,11,0,0,0,0,0,0,0,0
10232,18522516233,Authentication,166,34,-20,920,0,11,0,0,1,0,0,0,720,0
10233,18522547175,Authentication,166,34,-56,920,0,11,0,0,0,0,0,0,0,0
10234,18522576871,Authentication,201,34,-56,920,0,11,0,0,0,0,0,0,0,0
10235,18522599188,S1G Beacon,61,34,-19,920,3,1,,,,,,,0,0
10236,18522609640,Authentication,166,34,-56,920,0,11,0,0,0,0,0,0,0,0
10237,18522627554,Deauthentication,64,34,-18,920,0,12,0,0,0,0,0,0,720,0
10238,18522631449,Deauthentication,64,34,-19,920,0,12,0,0,1,0,0,0,720,0
10239,18522635760,Data,287,34,-19,920,2,0,0,0,0,0,0,1,0,0
10240,18522643548,Deauthentication,64,34,-19,920,0,12,0,0,1,0,0,0,720,0
10241,18522647234,Deauthentication,64,34,-19,920,0,12,0,0,1,0,0,0,720,0
10242,18522663909,Authentication,166,34,-57,920,0,11,0,0,0,0,0,0,0,0
10243,18522707943,Authentication,166,34,-55,920,0,11,0,0,0,0,0,0,0,0
10244,18522773479,Authentication,166,34,-57,920,0,11,0,0,0,0,0,0,0,0
10245,18522778168,Authentication,166,34,-19,920,0,11,0,0,0,0,0,0,720,0
10246,18522784941,Authentication,166,34,-18,920,0,11,0,0,1,0,0,0,720,0
10247,18522791555,Authentication,166,34,-19,920,0,11,0,0,1,0,0,0,720,0
10248,18522798221,Authentication,166,34,-19,920,0,11,0,0,1,0,0,0,720,0
10249,18522808294,Authentication,166,34,-57,920,0,11,0,0,0,0,0,0,0,0
10250,18522871782,Authentication,166,34,-55,920,0,11,0,0,0,0,0,0,0,0
10251,18522927075,Authentication,166,34,-57,920,0,11,0,0,0,0,0,0,0,0
10252,18522967852,Authentication,105,34,-18,920,0,11,0,0,0,0,0,0,720,0
10253,18522974647,Authentication,105,34,-21,920,0,11,0,0,1,0,0,0,720,0
10254,18522979622,Authentication,105,34,-18,920,0,11,0,0,1,0,0,0,720,0
10255,18522984441,Authentication,105,34,-19,920,0,11,0,0,1,0,0,0,720,0
10256,18523035621,Authentication,166,34,-56,920,0,11,0,0,0,0,0,0,0,0
10257,18523086817,Authentication,166,34,-56,920,0,11,0,0,0,0,0,0,0,0
10258,18523118131,Authentication,166,34,-19,920,0,11,0,0,0,0,0,0,720,0
10259,18523124592,Authentication,166,34,-18,920,0,11,0,0,1,0,0,0,720,0
10260,18523131311,Authentication,166,34,-18,920,0,11,0,0,1,0,0,0,720,0
10261,18523138616,Authentication,166,34,-19,920,0,11,0,0,1,0,0,0,720,0
10262,18523199460,Authentication,166,34,-57,920,0,11,0,0,0,0,0,0,0,0
10263,18523232227,Authentication,166,34,-57,920,0,11,0,0,0,0,0,0,0,0
10264,18523297763,Authentication,166,34,-57,920,0,11,0,0,0,0,0,0,0,0
10265,18523318110,Authentication,166,34,-19,920,0,11,0,0,0,0,0,0,720,0
10266,18523324516,Authentication,166,34,-19,920,0,11,0,0,1,0,0,0,720,0
10267,18523331082,Authentication,166,34,-19,920,0,11,0,0,1,0,0,0,720,0
10268,18523336346,Authentication,166,34,-18,920,0,11,0,0,1,0,0,0,720,0
10269,18523410400,Authentication,166,34,-58,920,0,11,0,0,0,0,0,0,0,0
10270,18523418395,S1G Beacon,129,34,-18,920,3,1,,,,,,,0,0
10271,18523461602,Authentication,166,34,-58,920,0,11,0,0,0,0,0,0,0,0
10272,18523483608,QoS Data,148,34,-16,920,2,8,1,0,0,0,0,1,720,0
10274,18523487034,QoS Data,148,34,-25,920,2,8,0,0,0,0,0,1,720,0
10277,18523495000,QoS Data,131,34,-27,920,2,8,0,0,0,0,0,1,720,0
10279,18523501903,QoS Data,128,34,-17,920,2,8,1,0,0,0,0,1,720,0
10281,18523508909,Authentication,166,34,-18,920,0,11,0,0,0,0,0,0,720,0
10282,18523514380,Authentication,166,34,-18,920,0,11,0,0,1,0,0,0,720,0
10283,18523521098,QoS Data,128,34,-27,920,2,8,0,0,0,0,0,1,720,0
10285,18523523112,Authentication,166,34,-18,920,0,11,0,0,1,0,0,0,720,0
10286,18523531649,Authentication,166,34,-19,920,0,11,0,0,1,0,0,0,720,0
10287,18523592674,Authentication,201,34,-57,920,0,11,0,0,0,0,0,0,0,0
10288,18523602835,Authentication,201,34,-57,920,0,11,0,0,0,0,0,0,0,0
10289,18523609056,Authentication,201,34,-57,920,0,11,0,0,0,0,0,0,0,0
10290,18523625441,Authentication,166,34,-57,920,0,11,0,0,0,0,0,0,0,0
10291,18523668448,Authentication,166,34,-56,920,0,11,0,0,0,0,0,0,0,0
10292,18523693366,Authentication,105,34,-18,920,0,11,0,0,0,0,0,0,720,0
10293,18523697095,Authentication,105,34,-17,920,0,11,0,0,1,0,0,0,720,0
10294,18523702224,Authentication,105,34,-18,920,0,11,0,0,1,0,0,0,720,0
10295,18523707148,Authentication,105,34,-18,920,0,11,0,0,1,0,0,0,720,0
10296,18523723745,Authentication,166,34,-55,920,0,11,0,0,0,0,0,0,0,0
10297,18523789280,Authentication,166,34,-55,920,0,11,0,0,0,0,0,0,0,0
10298,18523822048,Authentication,166,34,-56,920,0,11,0,0,0,0,0,0,0,0
10299,18523827258,Authentication,166,34,-19,920,0,11,0,0,0,0,0,0,720,0
10300,18523833979,Authentication,166,34,-19,920,0,11,0,0,1,0,0,0,720,0
10301,18523840491,Authentication,166,34,-18,920,0,11,0,0,1,0,0,0,720,0
10302,18523847054,Authentication,166,34,-18,920,0,11,0,0,1,0,0,0,720,0
10303,18523887584,Authentication,166,34,-54,920,0,11,0,0,0,0,0,0,0,0
10304,18523935709,Authentication,166,34,-56,920,0,11,0,0,0,0,0,0,0,0
10305,18523985887,Authentication,166,34,-56,920,0,11,0,0,0,0,0,0,0,0
10306,18524051423,Authentication,166,34,-55,920,0,11,0,0,0,0,0,0,0,0
10307,18524075698,Authentication,105,34,-20,920,0,11,0,0,0,0,0,0,720,0
10308,18524080831,Authentication,105,34,-18,920,0,11,0,0,1,0,0,0,720,0
10309,18524085704,Authentication,105,34,-19,920,0,11,0,0,1,0,0,0,720,0
10310,18524090626,Authentication,105,34,-18,920,0,11,0,0,1,0,0,0,720,0
10311,18524094429,Authentication,166,34,-57,920,0,11,0,0,0,0,0,0,0,0
10312,18524149726,Authentication,166,34,-56,920,0,11,0,0,0,0,0,0,0,0
10313,18524215262,Authentication,166,34,-55,920,0,11,0,0,0,0,0,0,0,0
10314,18524220524,Authentication,166,34,-19,920,0,11,0,0,0,0,0,0,720,0
10315,18524227245,Authentication,166,34,-19,920,0,11,0,0,1,0,0,0,720,0
10316,18524237598,S1G Beacon,61,34,-18,920,3,1,,,,,,,0,0
10317,18524239386,Authentication,166,34,-20,920,0,11,0,0,1,0,0,0,720,0
10318,18524245948,Authentication,166,34,-19,920,0,11,0,0,1,0,0,0,720,0
10319,18524313565,Authentication,166,34,-57,920,0,11,0,0,0,0,0,0,0,0
10320,18524322807,Authentication,201,34,-55,920,0,11,0,0,0,0,0,0,0,0
10321,18524341209,Authentication,201,34,-56,920,0,11,0,0,0,0,0,0,0,0
10322,18524379100,Authentication,166,34,-57,920,0,11,0,0,0,0,0,0,0,0
10323,18524424155,Authentication,166,34,-55,920,0,11,0,0,0,0,0,0,0,0
10324,18524428948,Authentication,166,34,-18,920,0,11,0,0,0,0,0,0,720,0
10325,18524434938,Authentication,166,34,-18,920,0,11,0,0,1,0,0,0,720,0
10326,18524441656,Authentication,166,34,-20,920,0,11,0,0,1,0,0,0,720,0
10327,18524446813,Authentication,166,34,-19,920,0,11,0,0,1,0,0,0,720,0
10328,18524477403,Authentication,166,34,-55,920,0,11,0,0,0,0,0,0,0,0
10329,18524542939,Authentication,166,34,-55,920,0,11,0,0,0,0,0,0,0,0
10330,18524587994,Authentication,166,34,-57,920,0,11,0,0,0,0,0,0,0,0
10331,18524606671,Authentication,105,34,-19,920,0,11,0,0,0,0,0,0,720,0
10332,18524611646,Authentication,105,34,-20,920,0,11,0,0,1,0,0,0,720,0
10333,18524616413,Authentication,105,34,-19,920,0,11,0,0,1,0,0,0,720,0
10334,18524621410,Authentication,105,34,-19,920,0,11,0,0,1,0,0,0,720,0
10335,18524641243,Authentication,166,34,-57,920,0,11,0,0,0,0,0,0,0,0
10336,18524702680,Authentication,166,34,-56,920,0,11,0,0,0,0,0,0,0,0
10337,18524711922,Authentication,201,34,-55,920,0,11,0,0,0,0,0,0,0,0
10338,18524722083,Authentication,201,34,-57,920,0,11,0,0,0,0,0,0,0,0
10339,18524749290,Authentication,105,34,-19,920,0,11,0,0,0,0,0,0,720,0
10340,18524754422,Authentication,105,34,-19,920,0,11,0,0,1,0,0,0,720,0
10341,18524759504,Authentication,105,34,-18,920,0,11,0,0,1,0,0,0,720,0
10342,18524764376,Authentication,105,34,-19,920,0,11,0,0,1,0,0,0,720,0
10343,18524805081,Authentication,166,34,-56,920,0,11,0,0,0,0,0,0,0,0
10344,18524870617,Authentication,166,34,-57,920,0,11,0,0,0,0,0,0,0,0
10345,18524898135,Authentication,166,34,-19,920,0,11,0,0,0,0,0,0,720,0
10346,18524903385,Authentication,166,34,-55,920,0,11,0,0,0,0,0,0,0,0
10347,18524908024,Authentication,166,34,-18,920,0,11,0,0,1,0,0,0,720,0
10348,18524921047,Authentication,166,34,-20,920,0,11,0,0,1,0,0,0,720,0
10349,18525023189,Authentication,166,34,-57,920,0,11,0,0,0,0,0,0,0,0
10350,18525056802,S1G Beacon,129,34,-18,920,3,1,,,,,,,0,0
10351,18525060648,Deauthentication,64,34,-19,920,0,12,0,0,0,0,0,0,720,0
10352,18525064647,Deauthentication,64,34,-19,920,0,12,0,0,1,0,0,0,720,0
10353,18525067224,Authentication,166,34,-56,920,0,11,0,0,0,0,0,0,0,0
10354,18525072018,Deauthentication,64,34,-18,920,0,12,0,0,1,0,0,0,720,0
10355,18525075758,Deauthentication,64,34,-19,920,0,12,0,0,1,0,0,0,720,0
10356,18525130010,Authentication,105,34,-18,920,0,11,0,0,0,0,0,0,720,0
10357,18525132755,Authentication,166,34,-56,920,0,11,0,0,0,0,0,0,0,0
10358,18525137394,Authentication,105,34,-18,920,0,11,0,0,1,0,0,0,720,0
10359,18525142472,Authentication,105,34,-19,920,0,11,0,0,1,0,0,0,720,0
10360,18525147553,Authentication,105,34,-18,920,0,11,0,0,1,0,0,0,720,0
10361,18525178837,Authentication,166,34,-56,920,0,11,0,0,0,0,0,0,0,0
10362,18525231063,Authentication,201,34,-56,920,0,11,0,0,0,0,0,0,0,0
10363,18525240304,Authentication,201,34,-56,920,0,11,0,0,0,0,0,0,0,0
10364,18525250467,Authentication,201,34,-58,920,0,11,0,0,0,0,0,0,0,0
10365,18525272353,Authentication,105,34,-20,920,0,11,0,0,0,0,0,0,720,0
10366,18525277174,Authentication,105,34,-19,920,0,11,0,0,1,0,0,0,720,0
10367,18525282097,Authentication,105,34,-18,920,0,11,0,0,1,0,0,0,720,0
10368,18525287022,Authentication,105,34,-18,920,0,11,0,0,1,0,0,0,720,0
10369,18525296599,Authentication,166,34,-57,920,0,11,0,0,0,0,0,0,0,0
10370,18525329367,Authentication,166,34,-57,920,0,11,0,0,0,0,0,0,0,0
10371,18525365206,Authentication,201,34,-57,920,0,11,0,0,0,0,0,0,0,0
10372,18525385683,Authentication,201,34,-57,920,0,11,0,0,0,0,0,0,0,0
10373,18525394902,Authentication,201,34,-57,920,0,11,0,0,0,0,0,0,0,0
10374,18525404144,Authentication,201,34,-56,920,0,11,0,0,0,0,0,0,0,0
10375,18525414453,Authentication,166,34,-18,920,0,11,0,0,0,0,0,0,720,0
10376,18525419561,Authentication,166,34,-18,920,0,11,0,0,1,0,0,0,720,0
10377,18525426123,Authentication,166,34,-19,920,0,11,0,0,1,0,0,0,720,0
10378,18525432685,Authentication,166,34,-18,920,0,11,0,0,1,0,0,0,720,0
10379,18525440980,Authentication,166,34,-56,920,0,11,0,0,0,0,0,0,0,0
10380,18525493205,Authentication,166,34,-56,920,0,11,0,0,0,0,0,0,0,0
10381,18525558741,Authentication,166,34,-56,920,0,11,0,0,0,0,0,0,0,0
10382,18525591508,Authentication,166,34,-57,920,0,11,0,0,0,0,0,0,0,0
10383,18525622901,Authentication,105,34,-20,920,0,11,0,0,0,0,0,0,720,0
10384,18525627670,Authentication,105,34,-19,920,0,11,0,0,1,0,0,0,720,0
10385,18525632540,Authentication,105,34,-18,920,0,11,0,0,1,0,0,0,720,0
10386,18525636943,Authentication,105,34,-18,920,0,11,0,0,1,0,0,0,720,0
10387,18525656531,Data,287,34,-20,920,2,0,0,0,0,0,0,1,0,0
10388,18525705170,Authentication,166,34,-56,920,0,11,0,0,0,0,0,0,0,0
10389,18525755348,Authentication,201,34,-56,920,0,11,0,0,0,0,0,0,0,0
10390,18525764590,Authentication,201,34,-56,920,0,11,0,0,0,0,0,0,0,0
10391,18525774751,Authentication,201,34,-57,920,0,11,0,0,0,0,0,0,0,0
10392,18525780259,Authentication,105,34,-19,920,0,11,0,0,0,0,0,0,720,0
10393,18525785078,Authentication,105,34,-19,920,0,11,0,0,1,0,0,0,720,0
10394,18525789844,Authentication,105,34,-19,920,0,11,0,0,1,0,0,0,720,0
10395,18525794715,Authentication,105,34,-18,920,0,11,0,0,1,0,0,0,720,0
10396,18525820884,Authentication,166,34,-56,920,0,11,0,0,0,0,0,0,0,0
10397,18525863889,Authentication,166,34,-56,920,0,11,0,0,0,0,0,0,0,0
10398,18525876002,S1G Beacon,61,34,-19,920,3,1,,,,,,,0,0
10399,18525886418,Authentication,201,34,-56,920,0,11,0,0,0,0,0,0,0,0
10400,18525899728,Authentication,201,34,-56,920,0,11,0,0,0,0,0,0,0,0
10401,18525908720,Authentication,105,34,-19,920,0,11,0,0,0,0,0,0,720,0
10402,18525915425,Authentication,105,34,-19,920,0,11,0,0,1,0,0,0,720,0
10403,18525919186,Authentication,201,34,-57,920,0,11,0,0,0,0,0,0,0,0
10404,18525926989,Authentication,105,34,-19,920,0,11,0,0,1,0,0,0,720,0
10405,18525931756,Authentication,105,34,-18,920,0,11,0,0,1,0,0,0,720,0
10406,18525984722,Authentication,166,34,-56,920,0,11,0,0,0,0,0,0,0,0
10407,18526017489,Authentication,166,34,-56,920,0,11,0,0,0,0,0,0,0,0
10408,18526048115,Authentication,166,34,-19,920,0,11,0,0,0,0,0,0,720,0
10409,18526054625,Authentication,166,34,-20,920,0,11,0,0,1,0,0,0,720,0
10410,18526061086,Authentication,166,34,-19,920,0,11,0,0,1,0,0,0,720,0
10411,18526067442,Authentication,166,34,-19,920,0,11,0,0,1,0,0,0,720,0
10412,18526083026,Authentication,166,34,-56,920,0,11,0,0,0,0,0,0,0,0
10413,18526134224,Authentication,166,34,-56,920,0,11,0,0,0,0,0,0,0,0
10414,18526181328,Authentication,166,34,-56,920,0,11,0,0,0,0,0,0,0,0
10416,18526246864,Authentication,166,34,-57,920,0,11,0,0,0,0,0,0,0,0
10417,18526256107,Authentication,201,34,-57,920,0,11,0,0,0,0,0,0,0,0
10418,18526271878,Authentication,166,34,-19,920,0,11,0,0,0,0,0,0,720,0
10419,18526278440,Authentication,166,34,-17,920,0,11,0,0,1,0,0,0,720,0
10420,18526284900,Authentication,166,34,-19,920,0,11,0,0,1,0,0,0,720,0
10421,18526289871,Authentication,166,34,-58,920,0,11,0,0,0,0,0,0,0,0
10422,18526294717,Authentication,166,34,-18,920,0,11,0,0,1,0,0,0,720,0
10424,18526345167,Authentication,166,34,-56,920,0,11,0,0,0,0,0,0,0,0
10425,18526403532,Authentication,166,34,-56,920,0,11,0,0,0,0,0,0,0,0
10426,18526410703,Authentication,201,34,-57,920,0,11,0,0,0,0,0,0,0,0
10427,18526420865,Authentication,201,34,-58,920,0,11,0,0,0,0,0,0,0,0
10428,18526443472,Authentication,166,34,-56,920,0,11,0,0,0,0,0,0,0,0
10429,18526458164,Authentication,166,34,-20,920,0,11,0,0,0,0,0,0,720,0
10430,18526464937,Authentication,166,34,-18,920,0,11,0,0,1,0,0,0,720,0
10431,18526471710,Authentication,166,34,-18,920,0,11,0,0,1,0,0,0,720,0
10432,18526478170,Authentication,166,34,-19,920,0,11,0,0,1,0,0,0,720,0
10433,18526509006,Authentication,166,34,-56,920,0,11,0,0,0,0,0,0,0,0
10434,18526541775,Authentication,201,34,-56,920,0,11,0,0,0,0,0,0,0,0
10435,18526551937,Authentication,201,34,-56,920,0,11,0,0,0,0,0,0,0,0
10436,18526561178,Authentication,201,34,-56,920,0,11,0,0,0,0,0,0,0,0
10437,18526607310,Authentication,166,34,-56,920,0,11,0,0,0,0,0,0,0,0
10438,18526657152,Authentication,105,34,-19,920,0,11,0,0,0,0,0,0,720,0
10439,18526660621,Authentication,105,34,-19,920,0,11,0,0,1,0,0,0,720,0
10440,18526665752,Authentication,105,34,-20,920,0,11,0,0,1,0,0,0,720,0
10441,18526670726,Authentication,105,34,-20,920,0,11,0,0,1,0,0,0,720,0
10442,18526695206,S1G Beacon,129,34,-20,920,3,1,,,,,,,0,0
10443,18526705614,Authentication,166,34,-56,920,0,11,0,0,0,0,0,0,0,0
10444,18526771149,Authentication,166,34,-57,920,0,11,0,0,0,0,0,0,0,0
10445,18526808314,Authentication,166,34,-19,920,0,11,0,0,0,0,0,0,720,0
10446,18526814773,Authentication,166,34,-18,920,0,11,0,0,1,0,0,0,720,0
10447,18526821753,Authentication,166,34,-19,920,0,11,0,0,1,0,0,0,720,0
10448,18526828160,Authentication,166,34,-18,920,0,11,0,0,1,0,0,0,720,0
10449,18526869452,Authentication,166,34,-57,920,0,11,0,0,0,0,0,0,0,0
10450,18526874143,Disassociation,64,34,-19,920,0,10,0,0,0,0,0,0,720,0
10451,18526878091,Disassociation,64,34,-19,920,0,10,0,0,1,0,0,0,720,0
10452,18526881936,Disassociation,64,34,-20,920,0,10,0,0,1,0,0,0,720,0
10453,18526885883,Disassociation,64,34,-19,920,0,10,0,0,1,0,0,0,720,0
10454,18526934988,Authentication,166,34,-58,920,0,11,0,0,0,0,0,0,0,0
10456,18526967756,Authentication,166,34,-58,920,0,11,0,0,0,0,0,0,0,0
10457,18527013118,Authentication,105,34,-19,920,0,11,0,0,0,0,0,0,720,0
10458,18527018041,Authentication,105,34,-19,920,0,11,0,0,1,0,0,0,720,0
10459,18527023019,Authentication,105,34,-19,920,0,11,0,0,1,0,0,0,720,0
10460,18527027891,Authentication,105,34,-20,920,0,11,0,0,1,0,0,0,720,0
10461,18527033292,Authentication,166,34,-56,920,0,11,0,0,0,0,0,0,0,0
10462,18527090632,Authentication,166,34,-57,920,0,11,0,0,0,0,0,0,0,0
10463,18527131595,Authentication,166,34,-57,920,0,11,0,0,0,0,0,0,0,0
10464,18527158075,Authentication,166,34,-19,920,0,11,0,0,0,0,0,0,720,0
10465,18527164638,Authentication,166,34,-18,920,0,11,0,0,1,0,0,0,720,0
10466,18527171252,Authentication,166,34,-19,920,0,11,0,0,1,0,0,0,720,0
10467,18527177713,Authentication,166,34,-18,920,0,11,0,0,1,0,0,0,720,0
10468,18527197130,Authentication,166,34,-57,920,0,11,0,0,0,0,0,0,0,0
10469,18527246280,Authentication,166,34,-57,920,0,11,0,0,0,0,0,0,0,0
10470,18527291334,Authentication,201,34,-56,920,0,11,0,0,0,0,0,0,0,0
10471,18527301496,Authentication,201,34,-57,920,0,11,0,0,0,0,0,0,0,0
10472,18527311658,Authentication,166,34,-59,920,0,11,0,0,0,0,0,0,0,0
10473,18527360970,Authentication,166,34,-57,920,0,11,0,0,0,0,0,0,0,0
10474,18527378101,Authentication,166,34,-19,920,0,11,0,0,0,0,0,0,720,0
10475,18527384563,Authentication,166,34,-18,920,0,11,0,0,1,0,0,0,720,0
10476,18527390971,Authentication,166,34,-18,920,0,11,0,0,1,0,0,0,720,0
10477,18527397379,Authentication,166,34,-18,920,0,11,0,0,1,0,0,0,720,0
10478,18527401928,Authentication,166,34,-56,920,0,11,0,0,0,0,0,0,0,0
10479,18527459272,Authentication,166,34,-57,920,0,11,0,0,0,0,0,0,0,0
10480,18527514409,S1G Beacon,61,34,-18,920,3,1,,,,,,,0,0
10481,18527524809,Authentication,166,34,-57,920,0,11,0,0,0,0,0,0,0,0
10482,18527557576,Authentication,166,34,-57,920,0,11,0,0,0,0,0,0,0,0
10483,18527623112,Authentication,166,34,-58,920,0,11,0,0,0,0,0,0,0,0
10484,18527632326,Authentication,201,34,-57,920,0,11,0,0,0,0,0,0,0,0
10485,18527651780,Authentication,201,34,-57,920,0,11,0,0,0,0,0,0,0,0
10486,18527661941,Authentication,201,34,-57,920,0,11,0,0,0,0,0,0,0,0
10487,18527671238,Authentication,166,34,-58,920,0,11,0,0,0,0,0,0,0,0
10488,18527688252,Authentication,166,34,-19,920,0,11,0,0,0,0,0,0,720,0
10489,18527694918,Authentication,166,34,-19,920,0,11,0,0,1,0,0,0,720,0
10490,18527701324,Authentication,166,34,-18,920,0,11,0,0,1,0,0,0,720,0
10491,18527707731,Authentication,166,34,-19,920,0,11,0,0,1,0,0,0,720,0
10492,18527721415,Authentication,166,34,-59,920,0,11,0,0,0,0,0,0,0,0
10493,18527752155,Disassociation,64,34,-19,920,0,10,0,0,0,0,0,0,720,0
10494,18527755843,Disassociation,64,34,-17,920,0,10,0,0,1,0,0,0,720,0
10495,18527759530,Disassociation,64,34,-17,920,0,10,0,0,1,0,0,0,720,0
10496,18527763477,Disassociation,64,34,-19,920,0,10,0,0,1,0,0,0,720,0
10497,18527786951,Authentication,166,34,-56,920,0,11,0,0,0,0,0,0,0,0
10498,18527819719,Authentication,166,34,-56,920,0,11,0,0,0,0,0,0,0,0
10499,18527885254,Authentication,166,34,-57,920,0,11,0,0,0,0,0,0,0,0
10500,18527892959,Authentication,105,34,-18,920,0,11,0,0,0,0,0,0,720,0
10501,18527898090,Authentication,105,34,-19,920,0,11,0,0,1,0,0,0,720,0
10502,18527902858,Authentication,105,34,-19,920,0,11,0,0,1,0,0,0,720,0
10503,18527908407,Authentication,105,34,-18,920,0,11,0,0,1,0,0,0,720,0
10504,18527942594,Authentication,166,34,-57,920,0,11,0,0,0,0,0,0,0,0
10505,18527983558,Authentication,166,34,-57,920,0,11,0,0,0,0,0,0,0,0
10506,18528035406,Authentication,105,34,-19,920,0,11,0,0,0,0,0,0,720,0
10507,18528040277,Authentication,105,34,-18,920,0,11,0,0,1,0,0,0,720,0
10508,18528045252,Authentication,105,34,-18,920,0,11,0,0,1,0,0,0,720,0
10509,18528049092,Authentication,166,34,-56,920,0,11,0,0,0,0,0,0,0,0
10510,18528103362,Authentication,166,34,-57,920,0,11,0,0,0,0,0,0,0,0
10511,18528147396,Authentication,166,34,-56,920,0,11,0,0,0,0,0,0,0,0
10512,18528167923,Authentication,105,34,-19,920,0,11,0,0,0,0,0,0,720,0
10513,18528172690,Authentication,105,34,-18,920,0,11,0,0,1,0,0,0,720,0
10514,18528177247,Authentication,105,34,-19,920,0,11,0,0,1,0,0,0,720,0
10515,18528182118,Authentication,105,34,-19,920,0,11,0,0,1,0,0,0,720,0
10516,18528254915,Authentication,166,34,-56,920,0,11,0,0,0,0,0,0,0,0
10517,18528310498,Authentication,105,34,-18,920,0,11,0,0,0,0,0,0,720,0
10518,18528315733,Authentication,105,34,-19,920,0,11,0,0,1,0,0,0,720,0
10519,18528320656,Authentication,105,34,-18,920,0,11,0,0,1,0,0,0,720,0
10520,18528325526,Authentication,105,34,-19,920,0,11,0,0,1,0,0,0,720,0
10521,18528333612,S1G Beacon,129,34,-18,920,3,1,,,,,,,0,0
10522,18528376770,Authentication,166,34,-56,920,0,11,0,0,0,0,0,0,0,0
10523,18528430016,Authentication,166,34,-57,920,0,11,0,0,0,0,0,0,0,0
10524,18528458315,Authentication,166,34,-18,920,0,11,0,0,0,0,0,0,720,0
10525,18528464775,Authentication,166,34,-18,920,0,11,0,0,1,0,0,0,720,0
10526,18528471545,Authentication,166,34,-18,920,0,11,0,0,1,0,0,0,720,0
10527,18528478263,Authentication,166,34,-19,920,0,11,0,0,1,0,0,0,720,0
10528,18528507490,QoS Data,148,34,-12,920,2,8,1,0,0,0,0,1,720,0
10530,18528513350,QoS Data,148,34,-22,920,2,8,0,0,0,0,0,1,720,0
10533,18528525605,QoS Data,131,34,-24,920,2,8,0,0,0,0,0,1,720,0
10535,18528536509,Authentication,201,34,-56,920,0,11,0,0,0,0,0,0,0,0
10536,18528546671,Authentication,166,34,-57,920,0,11,0,0,0,0,0,0,0,0
10537,18528593855,Authentication,166,34,-57,920,0,11,0,0,0,0,0,0,0,0
10538,18528638913,Authentication,166,34,-57,920,0,11,0,0,0,0,0,0,0,0
10539,18528651542,Authentication,105,34,-18,920,0,11,0,0,0,0,0,0,720,0
10540,18528656361,Authentication,105,34,-17,920,0,11,0,0,1,0,0,0,720,0
10541,18528661126,Authentication,105,34,-18,920,0,11,0,0,1,0,0,0,720,0
10542,18528665945,Authentication,105,34,-18,920,0,11,0,0,1,0,0,0,720,0
10543,18528671681,Authentication,201,34,-55,920,0,11,0,0,0,0,0,0,0,0
10544,18528681843,Authentication,201,34,-58,920,0,11,0,0,0,0,0,0,0,0
10545,18528687972,Data,287,34,-17,920,2,0,0,0,0,0,0,1,0,0
10546,18528704448,Authentication,166,34,-56,920,0,11,0,0,0,0,0,0,0,0
10547,18528737216,Authentication,166,34,-56,920,0,11,0,0,0,0,0,0,0,0
10548,18528750642,QoS Data,128,34,-14,920,2,8,1,0,0,0,0,1,720,0
10550,18528757381,QoS Data,128,34,-24,920,2,8,0,0,1,0,0,1,720,0
10552,18528794924,Authentication,105,34,-17,920,0,11,0,0,0,0,0,0,720,0
10553,18528799693,Authentication,105,34,-18,920,0,11,0,0,1,0,0,0,720,0
10554,18528802752,Authentication,201,34,-55,920,0,11,0,0,0,0,0,0,0,0
10555,18528812914,Authentication,166,34,-57,920,0,11,0,0,0,0,0,0,0,0
10556,18528822156,Authentication,201,34,-56,920,0,11,0,0,0,0,0,0,0,0
10557,18528827764,Authentication,105,34,-18,920,0,11,0,0,1,0,0,0,720,0
10558,18528832894,Authentication,105,34,-18,920,0,11,0,0,1,0,0,0,720,0
10559,18528901056,Authentication,166,34,-56,920,0,11,0,0,0,0,0,0,0,0
10560,18528933823,Authentication,201,34,-57,920,0,11,0,0,0,0,0,0,0,0
10561,18528943074,Authentication,166,34,-18,920,0,11,0,0,0,0,0,0,720,0
10562,18528949636,Authentication,166,34,-18,920,0,11,0,0,1,0,0,0,720,0
10563,18528956771,Authentication,166,34,-18,920,0,11,0,0,1,0,0,0,720,0
10564,18528962659,Authentication,166,34,-18,920,0,11,0,0,1,0,0,0,720,0
10565,18528999359,Authentication,166,34,-56,920,0,11,0,0,0,0,0,0,0,0
10566,18529064894,Authentication,166,34,-56,920,0,11,0,0,0,0,0,0,0,0
10567,18529119164,Authentication,166,34,-57,920,0,11,0,0,0,0,0,0,0,0
10568,18529135421,Authentication,105,34,-17,920,0,11,0,0,0,0,0,0,720,0
10569,18529140395,Authentication,105,34,-18,920,0,11,0,0,1,0,0,0,720,0
10570,18529145162,Authentication,105,34,-17,920,0,11,0,0,1,0,0,0,720,0
10571,18529149150,Authentication,105,34,-17,920,0,11,0,0,1,0,0,0,720,0
10572,18529153803,S1G Beacon,61,34,-17,920,3,1,,,,,,,0,0
10573,18529163198,Authentication,166,34,-57,920,0,11,0,0,0,0,0,0,0,0
10574,18529228733,Authentication,166,34,-56,920,0,11,0,0,0,0,0,0,0,0
10575,18529283030,Authentication,201,34,-57,920,0,11,0,0,0,0,0,0,0,0
10576,18529293658,Authentication,166,34,-19,920,0,11,0,0,0,0,0,0,720,0
10577,18529300169,Authentication,166,34,-19,920,0,11,0,0,1,0,0,0,720,0
10578,18529305537,Authentication,166,34,-20,920,0,11,0,0,1,0,0,0,720,0
10579,18529311944,Authentication,166,34,-18,920,0,11,0,0,1,0,0,0,720,0
10580,18529327037,Authentication,166,34,-58,920,0,11,0,0,0,0,0,0,0,0
10581,18529392572,Authentication,166,34,-56,920,0,11,0,0,0,0,0,0,0,0
10582,18529425340,Authentication,201,34,-58,920,0,11,0,0,0,0,0,0,0,0
10583,18529441722,Authentication,166,34,-56,920,0,11,0,0,0,0,0,0,0,0
10584,18529458108,Authentication,201,34,-56,920,0,11,0,0,0,0,0,0,0,0
10585,18529486151,Authentication,166,34,-19,920,0,11,0,0,0,0,0,0,720,0
10586,18529490876,Authentication,166,34,-55,920,0,11,0,0,0,0,0,0,0,0
10587,18529495617,Authentication,166,34,-19,920,0,11,0,0,1,0,0,0,720,0
10588,18529502388,Authentication,166,34,-19,920,0,11,0,0,1,0,0,0,720,0
10589,18529508898,Authentication,166,34,-19,920,0,11,0,0,1,0,0,0,720,0
10590,18529553336,Authentication,166,34,-56,920,0,11,0,0,0,0,0,0,0,0
10591,18529589179,Authentication,166,34,-58,920,0,11,0,0,0,0,0,0,0,0
10592,18529654714,Authentication,166,34,-57,920,0,11,0,0,0,0,0,0,0,0
10593,18529691578,Authentication,166,34,-56,920,0,11,0,0,0,0,0,0,0,0
10594,18529698090,Authentication,166,34,-17,920,0,11,0,0,0,0,0,0,720,0
10595,18529704602,Authentication,166,34,-18,920,0,11,0,0,1,0,0,0,720,0
10596,18529711219,Authentication,166,34,-16,920,0,11,0,0,1,0,0,0,720,0
10597,18529717732,Authentication,166,34,-18,920,0,11,0,0,1,0,0,0,720,0
10598,18529753018,Authentication,166,34,-57,920,0,11,0,0,0,0,0,0,0,0
10599,18529762260,Authentication,201,34,-56,920,0,11,0,0,0,0,0,0,0,0
10600,18529768376,Authentication,201,34,-56,920,0,11,0,0,0,0,0,0,0,0
10601,18529778103,Authentication,201,34,-56,920,0,11,0,0,0,0,0,0,0,0
10602,18529814454,Authentication,166,34,-57,920,0,11,0,0,0,0,0,0,0,0
10603,18529851321,Authentication,166,34,-58,920,0,11,0,0,0,0,0,0,0,0
10604,18529916857,Authentication,166,34,-56,920,0,11,0,0,0,0,0,0,0,0
10605,18529954805,Authentication,105,34,-18,920,0,11,0,0,0,0,0,0,720,0
10606,18529964911,Authentication,105,34,-19,920,0,11,0,0,1,0,0,0,720,0
10607,18529968055,Authentication,166,34,-57,920,0,11,0,0,0,0,0,0,0,0
10608,18529972644,S1G Beacon,129,34,-19,920,3,1,,,,,,,0,0
10609,18529976287,Authentication,105,34,-18,920,0,11,0,0,1,0,0,0,720,0
10610,18530015161,Authentication,166,34,-56,920,0,11,0,0,0,0,0,0,0,0
10611,18530080696,Authentication,166,34,-57,920,0,11,0,0,0,0,0,0,0,0
10612,18530096942,Authentication,166,34,-18,920,0,11,0,0,0,0,0,0,720,0
10613,18530102933,Authentication,166,34,-18,920,0,11,0,0,1,0,0,0,720,0
10614,18530109600,Authentication,166,34,-16,920,0,11,0,0,1,0,0,0,720,0
10615,18530116112,Authentication,166,34,-18,920,0,11,0,0,1,0,0,0,720,0
10616,18530120630,Authentication,166,34,-55,920,0,11,0,0,0,0,0,0,0,0
10617,18530244535,Authentication,166,34,-57,920,0,11,0,0,0,0,0,0,0,0
10618,18530285494,Authentication,166,34,-56,920,0,11,0,0,0,0,0,0,0,0
10619,18530318088,Authentication,166,34,-17,920,0,11,0,0,0,0,0,0,720,0
10620,18530324755,Authentication,166,34,-17,920,0,11,0,0,1,0,0,0,720,0
10621,18530331474,Authentication,166,34,-18,920,0,11,0,0,1,0,0,0,720,0
10622,18530338037,Authentication,166,34,-18,920,0,11,0,0,1,0,0,0,720,0
10623,18530342838,Authentication,166,34,-57,920,0,11,0,0,0,0,0,0,0,0
10624,18530408373,Authentication,166,34,-56,920,0,11,0,0,0,0,0,0,0,0
10625,18530446262,Authentication,166,34,-57,920,0,11,0,0,0,0,0,0,0,0
10626,18530496873,Data,378,34,-17,920,2,0,0,0,0,0,0,1,0,0
10627,18530528110,Authentication,166,34,-19,920,0,11,0,0,0,0,0,0,720,0
10628,18530534674,Authentication,166,34,-18,920,0,11,0,0,1,0,0,0,720,0
10629,18530541238,Authentication,166,34,-18,920,0,11,0,0,1,0,0,0,720,0
10630,18530547908,Authentication,166,34,-18,920,0,11,0,0,1,0,0,0,720,0
10631,18530571185,Authentication,166,34,-57,920,0,11,0,0,0,0,0,0,0,0
10632,18530588595,Authentication,201,34,-57,920,0,11,0,0,0,0,0,0,0,0
10633,18530601694,Data,387,34,-18,920,2,0,0,0,0,0,0,1,0,0
10634,18530670516,Authentication,166,34,-58,920,0,11,0,0,0,0,0,0,0,0
10635,18530704470,Data,450,34,-19,920,2,0,0,0,0,0,0,1,0,0
10636,18530768820,Authentication,166,34,-57,920,0,11,0,0,0,0,0,0,0,0
10637,18530773821,Authentication,166,34,-19,920,0,11,0,0,0,0,0,0,720,0
10638,18530780282,Authentication,166,34,-18,920,0,11,0,0,1,0,0,0,720,0
10639,18530791222,S1G Beacon,61,34,-19,920,3,1,,,,,,,0,0
10640,18530793008,Authentication,166,34,-19,920,0,11,0,0,1,0,0,0,720,0
10641,18530799415,Authentication,166,34,-19,920,0,11,0,0,1,0,0,0,720,0
10642,18530808525,Data,442,34,-19,920,2,0,0,0,0,0,0,1,0,0
10643,18530834355,Authentication,166,34,-58,920,0,11,0,0,0,0,0,0,0,0
10644,18530874290,Authentication,166,34,-57,920,0,11,0,0,0,0,0,0,0,0
10645,18530912623,Data,387,34,-19,920,2,0,0,0,0,0,0,1,0,0
10646,18530932658,Authentication,166,34,-56,920,0,11,0,0,0,0,0,0,0,0
10647,18530971321,Authentication,166,34,-19,920,0,11,0,0,0,0,0,0,720,0
10648,18530978040,Authentication,166,34,-19,920,0,11,0,0,1,0,0,0,720,0
10649,18530984708,Authentication,166,34,-19,920,0,11,0,0,1,0,0,0,720,0
10650,18530991482,Authentication,166,34,-19,920,0,11,0,0,1,0,0,0,720,0
10651,18530998194,Authentication,166,34,-57,920,0,11,0,0,0,0,0,0,0,0
10652,18531016563,Data,426,34,-19,920,2,0,0,0,0,0,0,1,0,0
10653,18531035058,Authentication,166,34,-56,920,0,11,0,0,0,0,0,0,0,0
10654,18531096498,Authentication,166,34,-57,920,0,11,0,0,0,0,0,0,0,0
10655,18531120636,Data,458,34,-20,920,2,0,0,0,0,0,0,1,0,0
10656,18531162033,Authentication,166,34,-56,920,0,11,0,0,0,0,0,0,0,0
10657,18531197873,Authentication,166,34,-58,920,0,11,0,0,0,0,0,0,0,0
10658,18531224611,Data,387,34,-20,920,2,0,0,0,0,0,0,1,0,0
10659,18531256317,Authentication,105,34,-20,920,0,11,0,0,0,0,0,0,720,0
10660,18531265131,Authentication,105,34,-20,920,0,11,0,0,1,0,0,0,720,0
10661,18531270005,Authentication,105,34,-20,920,0,11,0,0,1,0,0,0,720,0
10662,18531274771,Authentication,105,34,-20,920,0,11,0,0,1,0,0,0,720,0
10663,18531325872,Authentication,166,34,-56,920,0,11,0,0,0,0,0,0,0,0
10664,18531331082,Data,446,34,-19,920,2,0,0,0,0,0,0,1,0,0
10665,18531366830,Authentication,166,34,-57,920,0,11,0,0,0,0,0,0,0,0
10666,18531398866,Authentication,105,34,-20,920,0,11,0,0,0,0,0,0,720,0
10667,18531403790,Authentication,105,34,-20,920,0,11,0,0,1,0,0,0,720,0
10668,18531407779,Authentication,105,34,-19,920,0,11,0,0,1,0,0,0,720,0
10669,18531412704,Authentication,105,34,-19,920,0,11,0,0,1,0,0,0,720,0
10670,18531424175,Authentication,166,34,-57,920,0,11,0,0,0,0,0,0,0,0
10671,18531432558,Data,440,34,-19,920,2,0,0,0,0,0,0,1,0,0
10672,18531489711,Authentication,166,34,-57,920,0,11,0,0,0,0,0,0,0,0
10673,18531522478,Authentication,166,34,-56,920,0,11,0,0,0,0,0,0,0,0
10674,18531547397,Authentication,105,34,-22,920,0,11,0,0,0,0,0,0,720,0
10675,18531557296,Authentication,105,34,-21,920,0,11,0,0,1,0,0,0,720,0
10676,18531588014,Authentication,166,34,-57,920,0,11,0,0,0,0,0,0,0,0
10677,18531690826,Authentication,105,34,-22,920,0,11,0,0,1,0,0,0,720,0
10678,18531700881,Authentication,105,34,-21,920,0,11,0,0,1,0,0,0,720,0
10679,18531804074,Authentication,166,34,-57,920,0,11,0,0,0,0,0,0,0,0
10680,18531850157,Authentication,166,34,-58,920,0,11,0,0,0,0,0,0,0,0
10681,18531882924,Authentication,201,34,-57,920,0,11,0,0,0,0,0,0,0,0
10682,18531893086,Authentication,201,34,-59,920,0,11,0,0,0,0,0,0,0,0
10683,18531898283,Authentication,201,34,-57,920,0,11,0,0,0,0,0,0,0,0
10684,18531903790,Authentication,166,34,-19,920,0,11,0,0,0,0,0,0,720,0
10685,18531908897,Authentication,166,34,-19,920,0,11,0,0,1,0,0,0,720,0
10686,18531915512,Authentication,166,34,-19,920,0,11,0,0,1,0,0,0,720,0
10687,18531922231,Authentication,166,34,-20,920,0,11,0,0,1,0,0,0,720,0
10688,18531948460,Authentication,166,34,-56,920,0,11,0,0,0,0,0,0,0,0
10689,18532013995,Authentication,166,34,-56,920,0,11,0,0,0,0,0,0,0,0
10690,18532023237,Authentication,201,34,-56,920,0,11,0,0,0,0,0,0,0,0
10691,18532032425,Authentication,201,34,-57,920,0,11,0,0,0,0,0,0,0,0
10692,18532046763,Authentication,201,34,-56,920,0,11,0,0,0,0,0,0,0,0
10693,18532062121,Authentication,166,34,-56,920,0,11,0,0,0,0,0,0,0,0
10694,18532104730,Authentication,166,34,-21,920,0,11,0,0,1,0,0,0,720,0
10695,18532111242,Authentication,166,34,-19,920,0,11,0,0,1,0,0,0,720,0
10696,18532117859,Authentication,166,34,-21,920,0,11,0,0,1,0,0,0,720,0
10697,18532177834,Authentication,166,34,-57,920,0,11,0,0,0,0,0,0,0,0
10698,18532276138,Authentication,166,34,-57,920,0,11,0,0,0,0,0,0,0,0
10699,18532308905,Authentication,201,34,-56,920,0,11,0,0,0,0,0,0,0,0
10700,18532331430,Authentication,201,34,-57,920,0,11,0,0,0,0,0,0,0,0
10701,18532341673,Authentication,166,34,-56,920,0,11,0,0,0,0,0,0,0,0
10702,18532371927,Authentication,166,34,-18,920,0,11,0,0,0,0,0,0,720,0
10703,18532378437,Authentication,166,34,-20,920,0,11,0,0,1,0,0,0,720,0
10704,18532386130,Authentication,166,34,-19,920,0,11,0,0,1,0,0,0,720,0
10705,18532393319,Authentication,166,34,-18,920,0,11,0,0,1,0,0,0,720,0
10706,18532429629,S1G Beacon,61,34,-20,920,3,1,,,,,,,0,0
10707,18532439977,Authentication,166,34,-56,920,0,11,0,0,0,0,0,0,0,0
10708,18532505512,Authentication,166,34,-58,920,0,11,0,0,0,0,0,0,0,0
10709,18532557733,Authentication,166,34,-56,920,0,11,0,0,0,0,0,0,0,0
10710,18532578105,Authentication,166,34,-18,920,0,11,0,0,0,0,0,0,720,0
10711,18532584823,Authentication,166,34,-18,920,0,11,0,0,1,0,0,0,720,0
10712,18532598160,Authentication,166,34,-19,920,0,11,0,0,1,0,0,0,720,0
10713,18532603816,Authentication,166,34,-56,920,0,11,0,0,0,0,0,0,0,0
10714,18532669351,Authentication,166,34,-56,920,0,11,0,0,0,0,0,0,0,0
10715,18532728740,Authentication,166,34,-57,920,0,11,0,0,0,0,0,0,0,0
10716,18532767655,Authentication,166,34,-56,920,0,11,0,0,0,0,0,0,0,0
10717,18532833190,Authentication,166,34,-57,920,0,11,0,0,0,0,0,0,0,0
10718,18532859511,Authentication,166,34,-17,920,0,11,0,0,0,0,0,0,720,0
10719,18532866177,Authentication,166,34,-18,920,0,11,0,0,1,0,0,0,720,0
10720,18532872793,Authentication,166,34,-18,920,0,11,0,0,1,0,0,0,720,0
10721,18532879200,Authentication,166,34,-18,920,0,11,0,0,1,0,0,0,720,0
10722,18532931494,Authentication,166,34,-56,920,0,11,0,0,0,0,0,0,0,0
10723,18532997029,Authentication,166,34,-57,920,0,11,0,0,0,0,0,0,0,0
10724,18533049251,Authentication,166,34,-56,920,0,11,0,0,0,0,0,0,0,0
10725,18533068110,Authentication,166,34,-18,920,0,11,0,0,0,0,0,0,720,0
10726,18533074568,Authentication,166,34,-18,920,0,11,0,0,1,0,0,0,720,0
10727,18533081290,Authentication,166,34,-17,920,0,11,0,0,1,0,0,0,720,0
10728,18533087955,Authentication,166,34,-18,920,0,11,0,0,1,0,0,0,720,0
10729,18533095333,Authentication,166,34,-56,920,0,11,0,0,0,0,0,0,0,0
10730,18533160868,Authentication,166,34,-58,920,0,11,0,0,0,0,0,0,0,0
10731,18533205923,Authentication,166,34,-57,920,0,11,0,0,0,0,0,0,0,0
10732,18533248831,S1G Beacon,129,34,-17,920,3,1,,,,,,,0,0
10733,18533259171,Authentication,166,34,-58,920,0,11,0,0,0,0,0,0,0,0
10734,18533264433,Authentication,166,34,-18,920,0,11,0,0,0,0,0,0,720,0
10735,18533270893,Authentication,166,34,-19,920,0,11,0,0,1,0,0,0,720,0
10736,18533277300,Authentication,166,34,-18,920,0,11,0,0,1,0,0,0,720,0
10737,18533283710,Authentication,166,34,-17,920,0,11,0,0,1,0,0,0,720,0
10738,18533324707,Authentication,166,34,-57,920,0,11,0,0,0,0,0,0,0,0
10739,18533359523,Authentication,166,34,-62,920,0,11,0,0,0,0,0,0,0,0
10740,18533423010,Authentication,166,34,-56,920,0,11,0,0,0,0,0,0,0,0
10741,18533473184,Authentication,166,34,-57,920,0,11,0,0,0,0,0,0,0,0
10742,18533508075,Authentication,166,34,-19,920,0,11,0,0,0,0,0,0,720,0
10743,18533514742,Authentication,166,34,-18,920,0,11,0,0,1,0,0,0,720,0
10744,18533528228,Authentication,166,34,-19,920,0,11,0,0,1,0,0,0,720,0
10745,18533538579,QoS Data,149,34,-16,920,2,8,1,0,0,0,0,1,720,0
10748,18533547433,QoS Data,131,34,-30,920,2,8,1,0,0,0,0,1,720,0
10751,18533586849,Authentication,166,34,-57,920,0,11,0,0,0,0,0,0,0,0
10752,18533638047,Authentication,166,34,-56,920,0,11,0,0,0,0,0,0,0,0
10753,18533685152,Authentication,166,34,-56,920,0,11,0,0,0,0,0,0,0,0
10754,18533750688,Authentication,166,34,-57,920,0,11,0,0,0,0,0,0,0,0
10755,18533755326,QoS Data,128,34,-15,920,2,8,1,0,0,0,0,1,720,0
10757,18533757967,QoS Data,128,34,-22,920,2,8,0,0,0,0,0,1,720,0
10758,18533766432,Data,159,34,-19,920,2,0,0,0,0,0,0,1,0,0
10759,18533771444,Data,179,34,-17,920,2,0,0,0,0,0,0,1,0,0
10760,18533781966,Authentication,166,34,-18,920,0,11,0,0,0,0,0,0,720,0
10761,18533787749,Authentication,166,34,-17,920,0,11,0,0,1,0,0,0,720,0
10762,18533794363,Authentication,166,34,-17,920,0,11,0,0,1,0,0,0,720,0
10763,18533799781,Authentication,166,34,-17,920,0,11,0,0,1,0,0,0,720,0
10764,18533806847,Data,239,34,-18,920,2,0,0,0,0,0,0,1,0,0
10765,18533848991,Authentication,166,34,-56,920,0,11,0,0,0,0,0,0,0,0
10766,18533902748,Authentication,166,34,-58,920,0,11,0,0,0,0,0,0,0,0
10767,18533947295,Authentication,166,34,-56,920,0,11,0,0,0,0,0,0,0,0
10768,18533998096,Authentication,166,34,-17,920,0,11,0,0,0,0,0,0,720,0
10769,18534004709,Authentication,166,34,-17,920,0,11,0,0,1,0,0,0,720,0
10770,18534011117,Authentication,166,34,-17,920,0,11,0,0,1,0,0,0,720,0
10771,18534017733,Authentication,166,34,-18,920,0,11,0,0,1,0,0,0,720,0
10772,18534055837,Authentication,166,34,-56,920,0,11,0,0,0,0,0,0,0,0
10773,18534068035,S1G Beacon,61,34,-17,920,3,1,,,,,,,0,0
10774,18534111134,Authentication,166,34,-56,920,0,11,0,0,0,0,0,0,0,0
10775,18534176669,Authentication,166,34,-56,920,0,11,0,0,0,0,0,0,0,0
10776,18534209437,Authentication,166,34,-56,920,0,11,0,0,0,0,0,0,0,0
10777,18534214700,Authentication,166,34,-18,920,0,11,0,0,0,0,0,0,720,0
10778,18534221420,Authentication,166,34,-19,920,0,11,0,0,1,0,0,0,720,0
10779,18534227982,Authentication,166,34,-19,920,0,11,0,0,1,0,0,0,720,0
10780,18534234648,Authentication,166,34,-19,920,0,11,0,0,1,0,0,0,720,0
10781,18534274973,Authentication,166,34,-57,920,0,11,0,0,0,0,0,0,0,0
10782,18534329241,Authentication,166,34,-55,920,0,11,0,0,0,0,0,0,0,0
10783,18534373276,Authentication,166,34,-56,920,0,11,0,0,0,0,0,0,0,0
10784,18534418231,Authentication,166,34,-18,920,0,11,0,0,0,0,0,0,720,0
10785,18534424848,Authentication,166,34,-18,920,0,11,0,0,1,0,0,0,720,0
10786,18534430838,Authentication,166,34,-18,920,0,11,0,0,1,0,0,0,720,0
10787,18534437244,Authentication,166,34,-18,920,0,11,0,0,1,0,0,0,720,0
10788,18534490010,Authentication,166,34,-56,920,0,11,0,0,0,0,0,0,0,0
10789,18534537115,Authentication,166,34,-57,920,0,11,0,0,0,0,0,0,0,0
10790,18534602651,Authentication,166,34,-56,920,0,11,0,0,0,0,0,0,0,0
10791,18534608068,Authentication,166,34,-19,920,0,11,0,0,0,0,0,0,720,0
10792,18534614734,Authentication,166,34,-18,920,0,11,0,0,1,0,0,0,720,0
10793,18534621141,Authentication,166,34,-18,920,0,11,0,0,1,0,0,0,720,0
10794,18534627184,Authentication,166,34,-18,920,0,11,0,0,1,0,0,0,720,0
10795,18534636442,Authentication,166,34,-56,920,0,11,0,0,0,0,0,0,0,0
10796,18534700954,Authentication,166,34,-56,920,0,11,0,0,0,0,0,0,0,0
10797,18534728541,Data,287,34,-19,920,2,0,0,0,0,0,0,1,0,0
10798,18534759319,Authentication,166,34,-57,920,0,11,0,0,0,0,0,0,0,0
10799,18534799257,Authentication,166,34,-56,920,0,11,0,0,0,0,0,0,0,0
10800,18534850756,Authentication,105,34,-19,920,0,11,0,0,0,0,0,0,720,0
10801,18534855575,Authentication,105,34,-19,920,0,11,0,0,1,0,0,0,720,0
10802,18534869431,Authentication,105,34,-19,920,0,11,0,0,1,0,0,0,720,0
10803,18534887239,S1G Beacon,129,34,-18,920,3,1,,,,,,,0,0
10804,18534911895,Authentication,166,34,-55,920,0,11,0,0,0,0,0,0,0,0
10805,18534963096,Authentication,166,34,-56,920,0,11,0,0,0,0,0,0,0,0
10806,18535028632,Authentication,166,34,-56,920,0,11,0,0,0,0,0,0,0,0
10807,18535061400,Authentication,166,34,-56,920,0,11,0,0,0,0,0,0,0,0
10808,18535065986,Authentication,166,34,-17,920,0,11,0,0,0,0,0,0,720,0
10809,18535072652,Authentication,166,34,-17,920,0,11,0,0,1,0,0,0,720,0
10810,18535079266,Authentication,166,34,-17,920,0,11,0,0,1,0,0,0,720,0
10811,18535084479,Authentication,166,34,-16,920,0,11,0,0,1,0,0,0,720,0
10812,18535126936,Authentication,166,34,-56,920,0,11,0,0,0,0,0,0,0,0
10813,18535150149,Deauthentication,64,34,-19,920,0,12,0,0,0,0,0,0,720,0
10814,18535153887,Deauthentication,64,34,-18,920,0,12,0,0,1,0,0,0,720,0
10815,18535157732,Deauthentication,64,34,-17,920,0,12,0,0,1,0,0,0,720,0
10816,18535160119,Deauthentication,64,34,-17,920,0,12,0,0,1,0,0,0,720,0
10817,18535190419,Authentication,166,34,-57,920,0,11,0,0,0,0,0,0,0,0
10818,18535225239,Authentication,166,34,-58,920,0,11,0,0,0,0,0,0,0,0
10819,18535253331,Authentication,105,34,-17,920,0,11,0,0,0,0,0,0,720,0
10820,18535258411,Authentication,105,34,-17,920,0,11,0,0,1,0,0,0,720,0
10821,18535263333,Authentication,105,34,-18,920,0,11,0,0,1,0,0,0,720,0
10822,18535282239,Authentication,105,34,-17,920,0,11,0,0,1,0,0,0,720,0
10823,18535290774,Authentication,166,34,-57,920,0,11,0,0,0,0,0,0,0,0
10824,18535324566,Authentication,166,34,-57,920,0,11,0,0,0,0,0,0,0,0
10825,18535389078,Authentication,166,34,-56,920,0,11,0,0,0,0,0,0,0,0
10826,18535453501,Authentication,166,34,-18,920,0,11,0,0,0,0,0,0,720,0
10827,18535458711,Authentication,166,34,-18,920,0,11,0,0,1,0,0,0,720,0
10828,18535465276,Authentication,166,34,-17,920,0,11,0,0,1,0,0,0,720,0
10829,18535471838,Authentication,166,34,-17,920,0,11,0,0,1,0,0,0,720,0
10830,18535487381,Authentication,201,34,-57,920,0,11,0,0,0,0,0,0,0,0
10831,18535497543,Authentication,201,34,-57,920,0,11,0,0,0,0,0,0,0,0
10832,18535552916,Authentication,166,34,-55,920,0,11,0,0,0,0,0,0,0,0
10833,18535601042,Authentication,166,34,-57,920,0,11,0,0,0,0,0,0,0,0
10834,18535651220,Authentication,166,34,-58,920,0,11,0,0,0,0,0,0,0,0
10835,18535678833,Authentication,166,34,-18,920,0,11,0,0,0,0,0,0,720,0
10836,18535685291,Authentication,166,34,-19,920,0,11,0,0,1,0,0,0,720,0
10837,18535691802,Authentication,166,34,-18,920,0,11,0,0,1,0,0,0,720,0
10838,18535698260,Authentication,166,34,-18,920,0,11,0,0,1,0,0,0,720,0
10839,18535710757,S1G Beacon,61,34,-19,920,3,1,,,,,,,0,0
10840,18535714704,Authentication,166,34,-56,920,0,11,0,0,0,0,0,0,0,0
10841,18535749523,Authentication,166,34,-56,920,0,11,0,0,0,0,0,0,0,0
10842,18535815059,Authentication,166,34,-56,920,0,11,0,0,0,0,0,0,0,0
10843,18535864209,Authentication,166,34,-56,920,0,11,0,0,0,0,0,0,0,0
10844,18535880595,Authentication,201,34,-56,920,0,11,0,0,0,0,0,0,0,0
10845,18535913362,Authentication,201,34,-56,920,0,11,0,0,0,0,0,0,0,0
10846,18535948013,Authentication,166,34,-18,920,0,11,0,0,0,0,0,0,720,0
10847,18535954628,Authentication,166,34,-18,920,0,11,0,0,1,0,0,0,720,0
10848,18535961189,Authentication,166,34,-18,920,0,11,0,0,1,0,0,0,720,0
10849,18535967597,Authentication,166,34,-17,920,0,11,0,0,1,0,0,0,720,0
10850,18535978898,Authentication,166,34,-57,920,0,11,0,0,0,0,0,0,0,0
10851,18536011666,Authentication,166,34,-57,920,0,11,0,0,0,0,0,0,0,0
10852,18536077202,Authentication,166,34,-57,920,0,11,0,0,0,0,0,0,0,0
10853,18536133518,Authentication,166,34,-56,920,0,11,0,0,0,0,0,0,0,0
10854,18536141169,Authentication,105,34,-17,920,0,11,0,0,0,0,0,0,720,0
10855,18536146042,Authentication,105,34,-17,920,0,11,0,0,1,0,0,0,720,0
10856,18536150962,Authentication,105,34,-18,920,0,11,0,0,1,0,0,0,720,0
10857,18536155836,Authentication,105,34,-17,920,0,11,0,0,1,0,0,0,720,0
10858,18536175505,Authentication,166,34,-58,920,0,11,0,0,0,0,0,0,0,0
10859,18536241040,Authentication,166,34,-58,920,0,11,0,0,0,0,0,0,0,0
10860,18536273808,Authentication,166,34,-57,920,0,11,0,0,0,0,0,0,0,0
10861,18536278446,Authentication,166,34,-18,920,0,11,0,0,0,0,0,0,720,0
10862,18536285165,Authentication,166,34,-17,920,0,11,0,0,1,0,0,0,720,0
10863,18536291938,Authentication,166,34,-17,920,0,11,0,0,1,0,0,0,720,0
10864,18536298604,Authentication,166,34,-18,920,0,11,0,0,1,0,0,0,720,0
10865,18536339344,Authentication,166,34,-56,920,0,11,0,0,0,0,0,0,0,0
10866,18536389518,Authentication,166,34,-57,920,0,11,0,0,0,0,0,0,0,0
10867,18536437647,Authentication,166,34,-58,920,0,11,0,0,0,0,0,0,0,0
10868,18536468028,Authentication,166,34,-17,920,0,11,0,0,0,0,0,0,720,0
10869,18536474590,Authentication,166,34,-17,920,0,11,0,0,1,0,0,0,720,0
10870,18536481310,Authentication,166,34,-18,920,0,11,0,0,1,0,0,0,720,0
10871,18536487925,Authentication,166,34,-18,920,0,11,0,0,1,0,0,0,720,0
10872,18536503182,Authentication,166,34,-56,920,0,11,0,0,0,0,0,0,0,0
10873,18536525647,S1G Beacon,129,34,-17,920,3,1,,,,,,,0,0
10874,18536534537,Disassociation,64,34,-17,920,0,10,0,0,0,0,0,0,720,0
10875,18536538590,Disassociation,64,34,-17,920,0,10,0,0,1,0,0,0,720,0
10876,18536542641,Disassociation,64,34,-18,920,0,10,0,0,1,0,0,0,720,0
10877,18536545964,Disassociation,64,34,-18,920,0,10,0,0,1,0,0,0,720,0
10878,18536552332,Authentication,166,34,-57,920,0,11,0,0,0,0,0,0,0,0
10879,18536601486,Authentication,166,34,-58,920,0,11,0,0,0,0,0,0,0,0
10880,18536667021,Authentication,166,34,-57,920,0,11,0,0,0,0,0,0,0,0
10881,18536671609,Authentication,166,34,-17,920,0,11,0,0,0,0,0,0,720,0
10882,18536678378,Authentication,166,34,-18,920,0,11,0,0,1,0,0,0,720,0
10883,18536684888,Authentication,166,34,-17,920,0,11,0,0,1,0,0,0,720,0
10884,18536690411,Authentication,166,34,-18,920,0,11,0,0,1,0,0,0,720,0
10885,18536699789,Authentication,166,34,-57,920,0,11,0,0,0,0,0,0,0,0
10886,18536765325,Authentication,166,34,-57,920,0,11,0,0,0,0,0,0,0,0
10887,18536774567,Authentication,201,34,-56,920,0,11,0,0,0,0,0,0,0,0
10888,18536784729,Authentication,201,34,-57,920,0,11,0,0,0,0,0,0,0,0
10889,18536826761,Authentication,166,34,-58,920,0,11,0,0,0,0,0,0,0,0
10890,18536863629,Authentication,166,34,-56,920,0,11,0,0,0,0,0,0,0,0
10891,18536888034,Authentication,166,34,-18,920,0,11,0,0,0,0,0,0,720,0
10892,18536894596,Authentication,166,34,-18,920,0,11,0,0,1,0,0,0,720,0
10893,18536901053,Authentication,166,34,-18,920,0,11,0,0,1,0,0,0,720,0
10894,18536907616,Authentication,166,34,-18,920,0,11,0,0,1,0,0,0,720,0
10895,18536929164,Authentication,166,34,-56,920,0,11,0,0,0,0,0,0,0,0
10896,18536981384,Authentication,166,34,-56,920,0,11,0,0,0,0,0,0,0,0
10897,18537027468,Authentication,166,34,-55,920,0,11,0,0,0,0,0,0,0,0
10898,18537093003,Authentication,166,34,-56,920,0,11,0,0,0,0,0,0,0,0
10899,18537133936,Authentication,166,34,-19,920,0,11,0,0,0,0,0,0,720,0
10900,18537139081,Authentication,166,34,-58,920,0,11,0,0,0,0,0,0,0,0
10901,18537143770,Authentication,166,34,-18,920,0,11,0,0,1,0,0,0,720,0
10902,18537148878,Authentication,166,34,-18,920,0,11,0,0,1,0,0,0,720,0
10903,18537155598,Authentication,166,34,-18,920,0,11,0,0,1,0,0,0,720,0
10904,18537191306,Authentication,166,34,-58,920,0,11,0,0,0,0,0,0,0,0
10905,18537255814,Authentication,166,34,-56,920,0,11,0,0,0,0,0,0,0,0
10906,18537289610,Authentication,166,34,-56,920,0,11,0,0,0,0,0,0,0,0
10907,18537344847,S1G Beacon,61,34,-18,920,3,1,,,,,,,0,0
10908,18537346635,Authentication,166,34,-18,920,0,11,0,0,0,0,0,0,720,0
10909,18537353355,Authentication,166,34,-18,920,0,11,0,0,1,0,0,0,720,0
10910,18537359761,Authentication,166,34,-18,920,0,11,0,0,1,0,0,0,720,0
10911,18537366531,Authentication,166,34,-18,920,0,11,0,0,1,0,0,0,720,0
10912,18537415558,Authentication,166,34,-56,920,0,11,0,0,0,0,0,0,0,0
10913,18537453448,Authentication,166,34,-58,920,0,11,0,0,0,0,0,0,0,0
10914,18537518984,Authentication,166,34,-56,920,0,11,0,0,0,0,0,0,0,0
10915,18537533924,Authentication,166,34,-18,920,0,11,0,0,0,0,0,0,720,0
10916,18537540486,Authentication,166,34,-19,920,0,11,0,0,1,0,0,0,720,0
10917,18537546582,Authentication,166,34,-18,920,0,11,0,0,1,0,0,0,720,0
10918,18537552053,Authentication,166,34,-18,920,0,11,0,0,1,0,0,0,720,0
10919,18537566086,Authentication,166,34,-56,920,0,11,0,0,0,0,0,0,0,0
10920,18537617288,Authentication,166,34,-56,920,0,11,0,0,0,0,0,0,0,0
10921,18537682823,Authentication,166,34,-58,920,0,11,0,0,0,0,0,0,0,0
10922,18537715591,Authentication,166,34,-57,920,0,11,0,0,0,0,0,0,0,0
10923,18537752499,Data,287,34,-19,920,2,0,0,0,0,0,0,1,0,0
10924,18537781126,Authentication,166,34,-57,920,0,11,0,0,0,0,0,0,0,0
10925,18537803233,Authentication,166,34,-19,920,0,11,0,0,0,0,0,0,720,0
10926,18537809877,Authentication,166,34,-19,920,0,11,0,0,1,0,0,0,720,0
10927,18537816491,Authentication,166,34,-19,920,0,11,0,0,1,0,0,0,720,0
10928,18537822952,Authentication,166,34,-18,920,0,11,0,0,1,0,0,0,720,0
10929,18537838467,Authentication,166,34,-57,920,0,11,0,0,0,0,0,0,0,0
10930,18537879430,Authentication,166,34,-56,920,0,11,0,0,0,0,0,0,0,0
10931,18537953157,Authentication,166,34,-57,920,0,11,0,0,0,0,0,0,0,0
10932,18537998211,Authentication,166,34,-57,920,0,11,0,0,0,0,0,0,0,0
10933,18538012052,Authentication,105,34,-17,920,0,11,0,0,0,0,0,0,720,0
10934,18538016871,Authentication,105,34,-18,920,0,11,0,0,1,0,0,0,720,0
10935,18538020962,Authentication,105,34,-17,920,0,11,0,0,1,0,0,0,720,0
10936,18538025780,Authentication,105,34,-18,920,0,11,0,0,1,0,0,0,720,0
10937,18538051461,Authentication,166,34,-57,920,0,11,0,0,0,0,0,0,0,0
10938,18538116996,Authentication,166,34,-57,920,0,11,0,0,0,0,0,0,0,0
10939,18538149765,Authentication,166,34,-56,920,0,11,0,0,0,0,0,0,0,0
10940,18538164052,S1G Beacon,129,34,-18,920,3,1,,,,,,,0,0
10941,18538167794,Authentication,166,34,-49,920,0,11,0,0,0,0,0,0,720,0
10942,18538174200,Authentication,166,34,-18,920,0,11,0,0,1,0,0,0,720,0
10943,18538180814,Authentication,166,34,-18,920,0,11,0,0,1,0,0,0,720,0
10944,18538187327,Authentication,166,34,-18,920,0,11,0,0,1,0,0,0,720,0
10945,18538215299,Authentication,166,34,-57,920,0,11,0,0,0,0,0,0,0,0
10946,18538280835,Authentication,166,34,-58,920,0,11,0,0,0,0,0,0,0,0
10947,18538379139,Authentication,166,34,-56,920,0,11,0,0,0,0,0,0,0,0
10948,18538434033,Authentication,166,34,-19,920,0,11,0,0,0,0,0,0,720,0
10949,18538440596,Authentication,166,34,-17,920,0,11,0,0,1,0,0,0,720,0
10950,18538449238,Authentication,166,34,-19,920,0,11,0,0,1,0,0,0,720,0
10951,18538454656,Authentication,166,34,-18,920,0,11,0,0,1,0,0,0,720,0
10952,18538477442,Authentication,166,34,-57,920,0,11,0,0,0,0,0,0,0,0
10953,18538519191,Data,158,34,-19,920,2,0,0,0,0,0,0,1,0,0
10954,18538563524,QoS Data,149,34,-15,920,2,8,1,0,0,0,0,1,720,0
10959,18538608513,Authentication,166,34,-57,920,0,11,0,0,0,0,0,0,0,0
10960,18538637644,Authentication,105,34,-18,920,0,11,0,0,0,0,0,0,720,0
10961,18538641281,Authentication,201,34,-57,920,0,11,0,0,0,0,0,0,0,0
10962,18538656524,Authentication,166,34,-56,920,0,11,0,0,0,0,0,0,0,0
10963,18538666082,Authentication,105,34,-18,920,0,11,0,0,1,0,0,0,720,0
10964,18538670954,Authentication,105,34,-17,920,0,11,0,0,1,0,0,0,720,0
10965,18538675720,Authentication,105,34,-17,920,0,11,0,0,1,0,0,0,720,0
10966,18538706816,Authentication,166,34,-56,920,0,11,0,0,0,0,0,0,0,0
10967,18538750776,QoS Data,128,34,-15,920,2,8,1,0,0,0,0,1,720,0
10970,18538780296,Authentication,105,34,-17,920,0,11,0,0,0,0,0,0,720,0
10971,18538785167,Authentication,105,34,-18,920,0,11,0,0,1,0,0,0,720,0
10972,18538789987,Authentication,105,34,-18,920,0,11,0,0,1,0,0,0,720,0
10973,18538795065,Authentication,105,34,-17,920,0,11,0,0,1,0,0,0,720,0
10974,18538805120,Authentication,166,34,-56,920,0,11,0,0,0,0,0,0,0,0
10975,18538864508,Authentication,166,34,-56,920,0,11,0,0,0,0,0,0,0,0
10976,18538903423,Authentication,166,34,-56,920,0,11,0,0,0,0,0,0,0,0
10977,18538918099,Authentication,166,34,-19,920,0,11,0,0,0,0,0,0,720,0
10978,18538924768,Authentication,166,34,-18,920,0,11,0,0,1,0,0,0,720,0
10979,18538931229,Authentication,166,34,-19,920,0,11,0,0,1,0,0,0,720,0
10980,18538938001,Authentication,166,34,-19,920,0,11,0,0,1,0,0,0,720,0
10981,18538968959,Authentication,166,34,-56,920,0,11,0,0,0,0,0,0,0,0
10982,18538983253,S1G Beacon,61,34,-17,920,3,1,,,,,,,0,0
10983,18539020155,Authentication,166,34,-56,920,0,11,0,0,0,0,0,0,0,0
10984,18539067262,Authentication,166,34,-57,920,0,11,0,0,0,0,0,0,0,0
10985,18539110151,Authentication,166,34,-19,920,0,11,0,0,0,0,0,0,720,0
10986,18539116558,Authentication,166,34,-17,920,0,11,0,0,1,0,0,0,720,0
10987,18539123277,Authentication,166,34,-18,920,0,11,0,0,1,0,0,0,720,0
10988,18539129319,Authentication,166,34,-19,920,0,11,0,0,1,0,0,0,720,0
10989,18539179899,Authentication,166,34,-56,920,0,11,0,0,0,0,0,0,0,0
10990,18539231101,Authentication,166,34,-58,920,0,11,0,0,0,0,0,0,0,0
10991,18539263869,Authentication,201,34,-57,920,0,11,0,0,0,0,0,0,0,0
10992,18539296637,Authentication,166,34,-56,920,0,11,0,0,0,0,0,0,0,0
10993,18539305878,Authentication,201,34,-56,920,0,11,0,0,0,0,0,0,0,0
10994,18539328024,Authentication,166,34,-18,920,0,11,0,0,0,0,0,0,720,0
10995,18539333909,Authentication,166,34,-18,920,0,11,0,0,1,0,0,0,720,0
10996,18539340371,Authentication,166,34,-17,920,0,11,0,0,1,0,0,0,720,0
10997,18539345478,Authentication,166,34,-17,920,0,11,0,0,1,0,0,0,720,0
10998,18539394940,Authentication,166,34,-57,920,0,11,0,0,0,0,0,0,0,0
10999,18539404183,Authentication,201,34,-56,920,0,11,0,0,0,0,0,0,0,0
11000,18539411321,Authentication,201,34,-57,920,0,11,0,0,0,0,0,0,0,0
11001,18539427708,Authentication,201,34,-57,920,0,11,0,0,0,0,0,0,0,0
11002,18539441018,Authentication,166,34,-56,920,0,11,0,0,0,0,0,0,0,0
11003,18539493243,Authentication,166,34,-57,920,0,11,0,0,0,0,0,0,0,0
11004,18539595643,Authentication,166,34,-57,920,0,11,0,0,0,0,0,0,0,0
11005,18539600386,Authentication,166,34,-18,920,0,11,0,0,0,0,0,0,720,0
11006,18539606327,Authentication,166,34,-18,920,0,11,0,0,1,0,0,0,720,0
11007,18539612786,Authentication,166,34,-17,920,0,11,0,0,1,0,0,0,720,0
11008,18539619349,Authentication,166,34,-18,920,0,11,0,0,1,0,0,0,720,0
11009,18539657083,Authentication,166,34,-56,920,0,11,0,0,0,0,0,0,0,0
11010,18539714423,Authentication,166,34,-57,920,0,11,0,0,0,0,0,0,0,0
11011,18539755386,Authentication,166,34,-56,920,0,11,0,0,0,0,0,0,0,0
11012,18539802456,S1G Beacon,129,34,-18,920,3,1,,,,,,,0,0
11013,18539808242,Authentication,166,34,-17,920,0,11,0,0,0,0,0,0,720,0
11014,18539814023,Authentication,166,34,-17,920,0,11,0,0,1,0,0,0,720,0
11015,18539820482,Authentication,166,34,-17,920,0,11,0,0,1,0,0,0,720,0
11016,18539827044,Authentication,166,34,-18,920,0,11,0,0,1,0,0,0,720,0
11017,18539853689,Authentication,166,34,-58,920,0,11,0,0,0,0,0,0,0,0
11018,18539919225,Authentication,166,34,-56,920,0,11,0,0,0,0,0,0,0,0
11019,18539969398,Authentication,166,34,-56,920,0,11,0,0,0,0,0,0,0,0
11020,18540008044,Authentication,166,34,-19,920,0,11,0,0,0,0,0,0,720,0
11021,18540014661,Authentication,166,34,-17,920,0,11,0,0,1,0,0,0,720,0
11022,18540022047,Authentication,166,34,-18,920,0,11,0,0,1,0,0,0,720,0
11023,18540028556,Authentication,166,34,-17,920,0,11,0,0,1,0,0,0,720,0
11024,18540083064,Authentication,166,34,-56,920,0,11,0,0,0,0,0,0,0,0
11025,18540129141,Authentication,166,34,-58,920,0,11,0,0,0,0,0,0,0,0
11026,18540181367,Authentication,166,34,-57,920,0,11,0,0,0,0,0,0,0,0
11027,18540214971,Authentication,166,34,-16,920,0,11,0,0,0,0,0,0,720,0
11028,18540220856,Authentication,166,34,-17,920,0,11,0,0,1,0,0,0,720,0
11029,18540227264,Authentication,166,34,-17,920,0,11,0,0,1,0,0,0,720,0
11030,18540279670,Authentication,166,34,-56,920,0,11,0,0,0,0,0,0,0,0
11031,18540345206,Authentication,166,34,-57,920,0,11,0,0,0,0,0,0,0,0
11032,18540398451,Authentication,166,34,-56,920,0,11,0,0,0,0,0,0,0,0
11033,18540415860,Authentication,166,34,-18,920,0,11,0,0,0,0,0,0,720,0
11034,18540422579,Authentication,166,34,-17,920,0,11,0,0,1,0,0,0,720,0
11035,18540429299,Authentication,166,34,-17,920,0,11,0,0,1,0,0,0,720,0
11036,18540435812,Authentication,166,34,-18,920,0,11,0,0,1,0,0,0,720,0
11037,18540443509,Authentication,166,34,-57,920,0,11,0,0,0,0,0,0,0,0
11038,18540509045,Authentication,166,34,-57,920,0,11,0,0,0,0,0,0,0,0
11039,18540566385,Authentication,166,34,-56,920,0,11,0,0,0,0,0,0,0,0
11040,18540607348,Authentication,166,34,-57,920,0,11,0,0,0,0,0,0,0,0
11041,18540611934,Authentication,166,34,-17,920,0,11,0,0,0,0,0,0,720,0
11042,18540621660,S1G Beacon,61,34,-18,920,3,1,,,,,,,0,0
11043,18540623447,Authentication,166,34,-18,920,0,11,0,0,1,0,0,0,720,0
11044,18540629908,Authentication,166,34,-17,920,0,11,0,0,1,0,0,0,720,0
11045,18540636316,Authentication,166,34,-18,920,0,11,0,0,1,0,0,0,720,0
11046,18540666736,Authentication,166,34,-56,920,0,11,0,0,0,0,0,0,0,0
11047,18540711795,Authentication,166,34,-57,920,0,11,0,0,0,0,0,0,0,0
11048,18540771187,Authentication,166,34,-57,920,0,11,0,0,0,0,0,0,0,0
11049,18540777073,Data,287,34,-18,920,2,0,0,0,0,0,0,1,0,0
11050,18540836723,Authentication,166,34,-56,920,0,11,0,0,0,0,0,0,0,0
11051,18540868038,Authentication,166,34,-18,920,0,11,0,0,0,0,0,0,720,0
11052,18540874134,Authentication,166,34,-18,920,0,11,0,0,1,0,0,0,720,0
11053,18540880904,Authentication,166,34,-17,920,0,11,0,0,1,0,0,0,720,0
11054,18540887363,Authentication,166,34,-18,920,0,11,0,0,1,0,0,0,720,0
11055,18540935026,Authentication,166,34,-57,920,0,11,0,0,0,0,0,0,0,0
11056,18540960674,Deauthentication,64,34,-18,920,0,12,0,0,0,0,0,0,720,0
11057,18540964519,Deauthentication,64,34,-18,920,0,12,0,0,1,0,0,0,720,0
11058,18540968465,Deauthentication,64,34,-17,920,0,12,0,0,1,0,0,0,720,0
11059,18540972414,Deauthentication,64,34,-17,920,0,12,0,0,1,0,0,0,720,0
11060,18540983152,Authentication,166,34,-57,920,0,11,0,0,0,0,0,0,0,0
11061,18541033329,Authentication,166,34,-56,920,0,11,0,0,0,0,0,0,0,0
11062,18541077910,Authentication,105,34,-19,920,0,11,0,0,0,0,0,0,720,0
11063,18541082885,Authentication,105,34,-19,920,0,11,0,0,1,0,0,0,720,0
11064,18541087965,Authentication,105,34,-17,920,0,11,0,0,1,0,0,0,720,0
11065,18541092837,Authentication,105,34,-18,920,0,11,0,0,1,0,0,0,720,0
11066,18541098865,Authentication,166,34,-57,920,0,11,0,0,0,0,0,0,0,0
11067,18541131633,Authentication,166,34,-56,920,0,11,0,0,0,0,0,0,0,0
11069,18541197169,Authentication,166,34,-56,920,0,11,0,0,0,0,0,0,0,0
11070,18541220840,Authentication,105,34,-17,920,0,11,0,0,0,0,0,0,720,0
11071,18541225606,Authentication,105,34,-17,920,0,11,0,0,1,0,0,0,720,0
11072,18541230737,Authentication,105,34,-17,920,0,11,0,0,1,0,0,0,720,0
11073,18541235557,Authentication,105,34,-17,920,0,11,0,0,1,0,0,0,720,0
11074,18541262704,Authentication,166,34,-57,920,0,11,0,0,0,0,0,0,0,0
11075,18541295472,Authentication,166,34,-55,920,0,11,0,0,0,0,0,0,0,0
11076,18541355957,Authentication,166,34,-18,920,0,11,0,0,0,0,0,0,720,0
11077,18541361007,Authentication,166,34,-57,920,0,11,0,0,0,0,0,0,0,0
11078,18541365855,Authentication,166,34,-18,920,0,11,0,0,1,0,0,0,720,0
11079,18541372315,Authentication,166,34,-18,920,0,11,0,0,1,0,0,0,720,0
11080,18541378878,Authentication,166,34,-18,920,0,11,0,0,1,0,0,0,720,0
11081,18541416300,Authentication,166,34,-56,920,0,11,0,0,0,0,0,0,0,0
11082,18541440862,S1G Beacon,129,34,-18,920,3,1,,,,,,,0,0
11083,18541459311,Authentication,166,34,-56,920,0,11,0,0,0,0,0,0,0,0
11084,18541524847,Authentication,166,34,-56,920,0,11,0,0,0,0,0,0,0,0
11086,18541553980,Authentication,105,34,-17,920,0,11,0,0,0,0,0,0,720,0
11087,18541559058,Authentication,105,34,-17,920,0,11,0,0,1,0,0,0,720,0
11088,18541563980,Authentication,105,34,-17,920,0,11,0,0,1,0,0,0,720,0
11089,18541568853,Authentication,105,34,-17,920,0,11,0,0,1,0,0,0,720,0
11090,18541575020,Authentication,166,34,-56,920,0,11,0,0,0,0,0,0,0,0
11091,18541623150,Authentication,166,34,-56,920,0,11,0,0,0,0,0,0,0,0
11092,18541688685,Authentication,166,34,-57,920,0,11,0,0,0,0,0,0,0,0
11093,18541693946,Authentication,166,34,-18,920,0,11,0,0,0,0,0,0,720,0
11094,18541700510,Authentication,166,34,-18,920,0,11,0,0,1,0,0,0,720,0
11095,18541707124,Authentication,166,34,-18,920,0,11,0,0,1,0,0,0,720,0
11096,18541713534,Authentication,166,34,-16,920,0,11,0,0,1,0,0,0,720,0
11097,18541721453,Authentication,201,34,-57,920,0,11,0,0,0,0,0,0,0,0
11098,18541731615,Authentication,166,34,-56,920,0,11,0,0,0,0,0,0,0,0
11099,18541786989,Authentication,166,34,-56,920,0,11,0,0,0,0,0,0,0,0
11100,18541841257,Authentication,166,34,-56,920,0,11,0,0,0,0,0,0,0,0
11101,18541852525,Authentication,201,34,-56,920,0,11,0,0,0,0,0,0,0,0
11102,18541862687,Authentication,201,34,-56,920,0,11,0,0,0,0,0,0,0,0
11103,18541885292,Authentication,166,34,-56,920,0,11,0,0,0,0,0,0,0,0
11104,18541950827,Authentication,166,34,-56,920,0,11,0,0,0,0,0,0,0,0
11105,18541958275,Authentication,166,34,-17,920,0,11,0,0,0,0,0,0,720,0
11106,18541964007,Authentication,166,34,-17,920,0,11,0,0,1,0,0,0,720,0
11107,18541969792,Authentication,166,34,-17,920,0,11,0,0,1,0,0,0,720,0
11108,18541976565,Authentication,166,34,-17,920,0,11,0,0,1,0,0,0,720,0
11109,18541997930,Authentication,166,34,-58,920,0,11,0,0,0,0,0,0,0,0
11110,18542049131,Authentication,166,34,-57,920,0,11,0,0,0,0,0,0,0,0
11111,18542114666,Authentication,166,34,-56,920,0,11,0,0,0,0,0,0,0,0
11112,18542153577,Authentication,166,34,-57,920,0,11,0,0,0,0,0,0,0,0
11113,18542158163,Authentication,105,34,-19,920,0,11,0,0,0,0,0,0,720,0
11114,18542163137,Authentication,105,34,-18,920,0,11,0,0,1,0,0,0,720,0
11115,18542168268,Authentication,105,34,-18,920,0,11,0,0,1,0,0,0,720,0
11116,18542173036,Authentication,105,34,-18,920,0,11,0,0,1,0,0,0,720,0
11117,18542180202,Authentication,201,34,-56,920,0,11,0,0,0,0,0,0,0,0
11118,18542190365,Authentication,201,34,-56,920,0,11,0,0,0,0,0,0,0,0
11119,18542260070,S1G Beacon,61,34,-17,920,3,1,,,,,,,0,0
11120,18542278506,Authentication,166,34,-57,920,0,11,0,0,0,0,0,0,0,0
11121,18542299281,Authentication,105,34,-20,920,0,11,0,0,0,0,0,0,720,0
11122,18542304258,Authentication,105,34,-17,920,0,11,0,0,1,0,0,0,720,0
11123,18542309389,Authentication,105,34,-18,920,0,11,0,0,1,0,0,0,720,0
11124,18542315770,Authentication,105,34,-18,920,0,11,0,0,1,0,0,0,720,0
11125,18542376809,Authentication,166,34,-57,920,0,11,0,0,0,0,0,0,0,0
11126,18542437222,Authentication,166,34,-57,920,0,11,0,0,0,0,0,0,0,0
11127,18542442483,Authentication,166,34,-17,920,0,11,0,0,0,0,0,0,720,0
11128,18542448162,Authentication,166,34,-17,920,0,11,0,0,1,0,0,0,720,0
11129,18542454883,Authentication,166,34,-18,920,0,11,0,0,1,0,0,0,720,0
11130,18542461550,Authentication,166,34,-17,920,0,11,0,0,1,0,0,0,720,0
11131,18542475112,Authentication,166,34,-56,920,0,11,0,0,0,0,0,0,0,0
11132,18542540648,Authentication,166,34,-56,920,0,11,0,0,0,0,0,0,0,0
11133,18542574440,Authentication,166,34,-57,920,0,11,0,0,0,0,0,0,0,0
11134,18542638951,Authentication,166,34,-57,920,0,11,0,0,0,0,0,0,0,0
11135,18542648062,Authentication,166,34,-18,920,0,11,0,0,0,0,0,0,720,0
11136,18542654520,Authentication,166,34,-17,920,0,11,0,0,1,0,0,0,720,0
11137,18542661030,Authentication,166,34,-18,920,0,11,0,0,1,0,0,0,720,0
11138,18542667439,Authentication,166,34,-19,920,0,11,0,0,1,0,0,0,720,0
11139,18542704487,Authentication,166,34,-57,920,0,11,0,0,0,0,0,0,0,0
11140,18542737254,Authentication,166,34,-56,920,0,11,0,0,0,0,0,0,0,0
11141,18542770022,Authentication,201,34,-58,920,0,11,0,0,0,0,0,0,0,0
11142,18542785381,Authentication,201,34,-55,920,0,11,0,0,0,0,0,0,0,0
11143,18542799715,Authentication,201,34,-57,920,0,11,0,0,0,0,0,0,0,0
11144,18542809876,Authentication,166,34,-57,920,0,11,0,0,0,0,0,0,0,0
11145,18542837917,Authentication,166,34,-17,920,0,11,0,0,0,0,0,0,720,0
11146,18542844635,Authentication,166,34,-17,920,0,11,0,0,1,0,0,0,720,0
11147,18542851354,Authentication,166,34,-18,920,0,11,0,0,1,0,0,0,720,0
11148,18542857866,Authentication,166,34,-18,920,0,11,0,0,1,0,0,0,720,0
11149,18542920547,Authentication,201,34,-57,920,0,11,0,0,0,0,0,0,0,0
11150,18542933862,Authentication,201,34,-57,920,0,11,0,0,0,0,0,0,0,0
11151,18542966629,Authentication,166,34,-57,920,0,11,0,0,0,0,0,0,0,0
11152,18542999397,Authentication,166,34,-56,920,0,11,0,0,0,0,0,0,0,0
11153,18543041475,Authentication,166,34,-18,920,0,11,0,0,0,0,0,0,720,0
11154,18543047989,Authentication,166,34,-18,920,0,11,0,0,1,0,0,0,720,0
11155,18543054501,Authentication,166,34,-18,920,0,11,0,0,1,0,0,0,720,0
11156,18543061010,Authentication,166,34,-18,920,0,11,0,0,1,0,0,0,720,0
11157,18543079272,S1G Beacon,129,34,-17,920,3,1,,,,,,,0,0
11158,18543122273,Authentication,166,34,-57,920,0,11,0,0,0,0,0,0,0,0
11159,18543163236,Authentication,166,34,-57,920,0,11,0,0,0,0,0,0,0,0
11160,18543283040,Authentication,166,34,-57,920,0,11,0,0,0,0,0,0,0,0
11161,18543298016,Authentication,166,34,-18,920,0,11,0,0,0,0,0,0,720,0
11162,18543304474,Authentication,166,34,-18,920,0,11,0,0,1,0,0,0,720,0
11163,18543311036,Authentication,166,34,-19,920,0,11,0,0,1,0,0,0,720,0
11164,18543317599,Authentication,166,34,-18,920,0,11,0,0,1,0,0,0,720,0
11165,18543327075,Authentication,166,34,-56,920,0,11,0,0,0,0,0,0,0,0
11166,18543444831,Authentication,166,34,-58,920,0,11,0,0,0,0,0,0,0,0
11167,18543490915,Authentication,166,34,-55,920,0,11,0,0,0,0,0,0,0,0
11168,18543498463,Authentication,166,34,-18,920,0,11,0,0,0,0,0,0,720,0
11169,18543511276,Authentication,166,34,-19,920,0,11,0,0,1,0,0,0,720,0
11170,18543517788,Authentication,166,34,-19,920,0,11,0,0,1,0,0,0,720,0
11171,18543555239,Disassociation,64,34,-18,920,0,10,0,0,0,0,0,0,720,0
11172,18543560955,Disassociation,64,34,-18,920,0,10,0,0,1,0,0,0,720,0
11173,18543564900,Disassociation,64,34,-18,920,0,10,0,0,1,0,0,0,720,0
11174,18543568692,Disassociation,64,34,-18,920,0,10,0,0,1,0,0,0,720,0
11175,18543587970,QoS Data,149,34,-13,920,2,8,1,0,0,0,0,1,720,0
11178,18543596723,QoS Data,131,34,-28,920,2,8,1,0,0,0,0,1,720,0
11181,18543617886,Authentication,166,34,-57,920,0,11,0,0,0,0,0,0,0,0
11182,18543654753,Authentication,166,34,-56,920,0,11,0,0,0,0,0,0,0,0
11183,18543698032,Authentication,166,34,-18,920,0,11,0,0,0,0,0,0,720,0
11184,18543704646,Authentication,166,34,-19,920,0,11,0,0,1,0,0,0,720,0
11185,18543711262,Authentication,166,34,-18,920,0,11,0,0,1,0,0,0,720,0
11186,18543716941,Authentication,166,34,-19,920,0,11,0,0,1,0,0,0,720,0
11187,18543750281,QoS Data,128,34,-14,920,2,8,1,0,0,0,0,1,720,0
11190,18543768413,Authentication,166,34,-56,920,0,11,0,0,0,0,0,0,0,0
11191,18543800562,Data,287,34,-18,920,2,0,0,0,0,0,0,1,0,0
11192,18543818592,Authentication,166,34,-56,920,0,11,0,0,0,0,0,0,0,0
11193,18543884127,Authentication,166,34,-57,920,0,11,0,0,0,0,0,0,0,0
11194,18543898473,S1G Beacon,61,34,-19,920,3,1,,,,,,,0,0
11195,18543909255,Authentication,105,34,-18,920,0,11,0,0,0,0,0,0,720,0
11196,18543914075,Authentication,105,34,-17,920,0,11,0,0,1,0,0,0,720,0
11197,18543918945,Authentication,105,34,-17,920,0,11,0,0,1,0,0,0,720,0
11198,18543923763,Authentication,105,34,-18,920,0,11,0,0,1,0,0,0,720,0
11199,18543982430,Authentication,166,34,-57,920,0,11,0,0,0,0,0,0,0,0
11200,18544047966,Authentication,166,34,-59,920,0,11,0,0,0,0,0,0,0,0
11201,18544052918,Authentication,105,34,-19,920,0,11,0,0,0,0,0,0,720,0
11202,18544057894,Authentication,105,34,-17,920,0,11,0,0,1,0,0,0,720,0
11203,18544062764,Authentication,105,34,-19,920,0,11,0,0,1,0,0,0,720,0
11204,18544067532,Authentication,105,34,-18,920,0,11,0,0,1,0,0,0,720,0
11205,18544080734,Authentication,166,34,-58,920,0,11,0,0,0,0,0,0,0,0
11206,18544146270,Authentication,166,34,-56,920,0,11,0,0,0,0,0,0,0,0
11207,18544188069,Authentication,166,34,-18,920,0,11,0,0,0,0,0,0,720,0
11208,18544192347,Authentication,166,34,-57,920,0,11,0,0,0,0,0,0,0,0
11209,18544203651,Authentication,166,34,-19,920,0,11,0,0,1,0,0,0,720,0
11210,18544210213,Authentication,166,34,-18,920,0,11,0,0,1,0,0,0,720,0
11211,18544244573,Authentication,166,34,-57,920,0,11,0,0,0,0,0,0,0,0
11212,18544310109,Authentication,166,34,-57,920,0,11,0,0,0,0,0,0,0,0
11213,18544358234,Authentication,166,34,-57,920,0,11,0,0,0,0,0,0,0,0
11214,18544408412,Authentication,166,34,-56,920,0,11,0,0,0,0,0,0,0,0
11215,18544467982,Authentication,166,34,-18,920,0,11,0,0,0,0,0,0,720,0
11216,18544473947,Authentication,166,34,-57,920,0,11,0,0,0,0,0,0,0,0
11217,18544478792,Authentication,166,34,-17,920,0,11,0,0,1,0,0,0,720,0
11218,18544485303,Authentication,166,34,-18,920,0,11,0,0,1,0,0,0,720,0
11219,18544491709,Authentication,166,34,-18,920,0,11,0,0,1,0,0,0,720,0
11220,18544526168,Authentication,166,34,-58,920,0,11,0,0,0,0,0,0,0,0
11221,18544539483,Authentication,201,34,-57,920,0,11,0,0,0,0,0,0,0,0
11222,18544549645,Authentication,201,34,-57,920,0,11,0,0,0,0,0,0,0,0
11223,18544572251,Authentication,166,34,-57,920,0,11,0,0,0,0,0,0,0,0
11224,18544637787,Authentication,166,34,-58,920,0,11,0,0,0,0,0,0,0,0
11225,18544665905,Authentication,166,34,-18,920,0,11,0,0,0,0,0,0,720,0
11226,18544670554,Authentication,201,34,-57,920,0,11,0,0,0,0,0,0,0,0
11227,18544680717,Authentication,166,34,-56,920,0,11,0,0,0,0,0,0,0,0
11228,18544686277,Authentication,166,34,-18,920,0,11,0,0,1,0,0,0,720,0
11229,18544692840,Authentication,166,34,-18,920,0,11,0,0,1,0,0,0,720,0
11230,18544699506,Authentication,166,34,-19,920,0,11,0,0,1,0,0,0,720,0
11231,18544717676,S1G Beacon,129,34,-18,920,3,1,,,,,,,0,0
11232,18544736089,Authentication,166,34,-56,920,0,11,0,0,0,0,0,0,0,0
11233,18544791382,Authentication,166,34,-57,920,0,11,0,0,0,0,0,0,0,0
11234,18544834394,Authentication,166,34,-56,920,0,11,0,0,0,0,0,0,0,0
11235,18544884787,Authentication,166,34,-18,920,0,11,0,0,0,0,0,0,720,0
11236,18544891350,Authentication,166,34,-18,920,0,11,0,0,1,0,0,0,720,0
11237,18544897807,Authentication,166,34,-18,920,0,11,0,0,1,0,0,0,720,0
11238,18544904477,Authentication,166,34,-19,920,0,11,0,0,1,0,0,0,720,0
11239,18544934744,Authentication,166,34,-57,920,0,11,0,0,0,0,0,0,0,0
11240,18544998232,Authentication,166,34,-57,920,0,11,0,0,0,0,0,0,0,0
11241,18545063768,Authentication,166,34,-58,920,0,11,0,0,0,0,0,0,0,0
11242,18545098009,Authentication,166,34,-19,920,0,11,0,0,0,0,0,0,720,0
11243,18545105195,Authentication,166,34,-18,920,0,11,0,0,1,0,0,0,720,0
11244,18545111965,Authentication,166,34,-18,920,0,11,0,0,1,0,0,0,720,0
11245,18545118633,Authentication,166,34,-19,920,0,11,0,0,1,0,0,0,720,0
11246,18545162071,Authentication,166,34,-56,920,0,11,0,0,0,0,0,0,0,0
11247,18545220436,Authentication,166,34,-56,920,0,11,0,0,0,0,0,0,0,0
11248,18545260374,Authentication,166,34,-56,920,0,11,0,0,0,0,0,0,0,0
11249,18545325910,Authentication,166,34,-56,920,0,11,0,0,0,0,0,0,0,0
11250,18545369228,Authentication,166,34,-19,920,0,11,0,0,0,0,0,0,720,0
11251,18545377611,Authentication,166,34,-18,920,0,11,0,0,1,0,0,0,720,0
11252,18545384122,Authentication,166,34,-19,920,0,11,0,0,1,0,0,0,720,0
11253,18545390531,Authentication,166,34,-19,920,0,11,0,0,1,0,0,0,720,0
11254,18545424213,Authentication,166,34,-58,920,0,11,0,0,0,0,0,0,0,0
11255,18545489749,Authentication,166,34,-57,920,0,11,0,0,0,0,0,0,0,0
11256,18545536881,S1G Beacon,61,34,-18,920,3,1,,,,,,,0,0
11257,18545552208,Authentication,166,34,-58,920,0,11,0,0,0,0,0,0,0,0
11258,18545588052,Authentication,166,34,-57,920,0,11,0,0,0,0,0,0,0,0
11259,18545633964,Authentication,166,34,-18,920,0,11,0,0,0,0,0,0,720,0
11260,18545640629,Authentication,166,34,-19,920,0,11,0,0,1,0,0,0,720,0
11261,18545647191,Authentication,166,34,-19,920,0,11,0,0,1,0,0,0,720,0
11262,18545653588,Authentication,166,34,-57,920,0,11,0,0,0,0,0,0,0,0
11263,18545658485,Authentication,166,34,-18,920,0,11,0,0,1,0,0,0,720,0
11264,18545705809,Authentication,166,34,-57,920,0,11,0,0,0,0,0,0,0,0
11265,18545751891,Authentication,166,34,-57,920,0,11,0,0,0,0,0,0,0,0
11266,18545817427,Authentication,166,34,-58,920,0,11,0,0,0,0,0,0,0,0
11267,18545838184,Authentication,166,34,-18,920,0,11,0,0,0,0,0,0,720,0
11268,18545843501,Authentication,166,34,-18,920,0,11,0,0,1,0,0,0,720,0
11269,18545850219,Authentication,166,34,-18,920,0,11,0,0,1,0,0,0,720,0
11270,18545856886,Authentication,166,34,-18,920,0,11,0,0,1,0,0,0,720,0
11271,18545915731,Authentication,166,34,-56,920,0,11,0,0,0,0,0,0,0,0
11272,18545981266,Authentication,166,34,-56,920,0,11,0,0,0,0,0,0,0,0
11273,18546014033,Authentication,166,34,-56,920,0,11,0,0,0,0,0,0,0,0
11274,18546033856,Authentication,105,34,-19,920,0,11,0,0,0,0,0,0,720,0
11275,18546038986,Authentication,105,34,-19,920,0,11,0,0,1,0,0,0,720,0
11276,18546043752,Authentication,105,34,-19,920,0,11,0,0,1,0,0,0,720,0
11277,18546048622,Authentication,105,34,-20,920,0,11,0,0,1,0,0,0,720,0
11278,18546079569,Authentication,166,34,-57,920,0,11,0,0,0,0,0,0,0,0
11279,18546132302,Authentication,166,34,-59,920,0,11,0,0,0,0,0,0,0,0
11280,18546176319,Authentication,105,34,-19,920,0,11,0,0,0,0,0,0,720,0
11281,18546182492,Authentication,105,34,-18,920,0,11,0,0,1,0,0,0,720,0
11282,18546187469,Authentication,105,34,-19,920,0,11,0,0,1,0,0,0,720,0
11283,18546192237,Authentication,105,34,-18,920,0,11,0,0,1,0,0,0,720,0
11284,18546243409,Authentication,166,34,-57,920,0,11,0,0,0,0,0,0,0,0
11285,18546284367,Authentication,166,34,-57,920,0,11,0,0,0,0,0,0,0,0
11286,18546289213,Deauthentication,64,34,-18,920,0,12,0,0,0,0,0,0,720,0
11287,18546292534,Deauthentication,64,34,-18,920,0,12,0,0,1,0,0,0,720,0
11288,18546296482,Deauthentication,64,34,-19,920,0,12,0,0,1,0,0,0,720,0
11289,18546300637,Deauthentication,64,34,-18,920,0,12,0,0,1,0,0,0,720,0
11290,18546317897,Authentication,166,34,-20,920,0,11,0,0,0,0,0,0,720,0
11291,18546324566,Authentication,166,34,-20,920,0,11,0,0,1,0,0,0,720,0
11292,18546329933,Authentication,166,34,-19,920,0,11,0,0,1,0,0,0,720,0
11293,18546336495,Authentication,166,34,-19,920,0,11,0,0,1,0,0,0,720,0
11294,18546341711,Authentication,166,34,-58,920,0,11,0,0,0,0,0,0,0,0
11295,18546356083,S1G Beacon,129,34,-19,920,3,1,,,,,,,0,0
11296,18546407247,Authentication,166,34,-56,920,0,11,0,0,0,0,0,0,0,0
11297,18546453326,Authentication,166,34,-58,920,0,11,0,0,0,0,0,0,0,0
11298,18546505550,Authentication,166,34,-56,920,0,11,0,0,0,0,0,0,0,0
11299,18546528147,Authentication,166,34,-21,920,0,11,0,0,0,0,0,0,720,0
11300,18546534710,Authentication,166,34,-19,920,0,11,0,0,1,0,0,0,720,0
11301,18546547679,Authentication,166,34,-21,920,0,11,0,0,1,0,0,0,720,0
11302,18546571086,Authentication,166,34,-57,920,0,11,0,0,0,0,0,0,0,0
11303,18546603854,Authentication,166,34,-56,920,0,11,0,0,0,0,0,0,0,0
11304,18546669389,Authentication,201,34,-57,920,0,11,0,0,0,0,0,0,0,0
11305,18546679552,Authentication,166,34,-57,920,0,11,0,0,0,0,0,0,0,0
11306,18546688795,Authentication,201,34,-57,920,0,11,0,0,0,0,0,0,0,0
11307,18546716242,Authentication,166,34,-19,920,0,11,0,0,0,0,0,0,720,0
11308,18546722704,Authentication,166,34,-20,920,0,11,0,0,1,0,0,0,720,0
11309,18546729164,Authentication,166,34,-19,920,0,11,0,0,1,0,0,0,720,0
11310,18546735936,Authentication,166,34,-20,920,0,11,0,0,1,0,0,0,720,0
11311,18546767693,Authentication,166,34,-56,920,0,11,0,0,0,0,0,0,0,0
11312,18546800460,Authentication,201,34,-57,920,0,11,0,0,0,0,0,0,0,0
11313,18546810622,Authentication,201,34,-58,920,0,11,0,0,0,0,0,0,0,0
11314,18546817867,Authentication,201,34,-57,920,0,11,0,0,0,0,0,0,0,0
11315,18546824785,Data,287,34,-19,920,2,0,0,0,0,0,0,1,0,0
11316,18546833228,Authentication,166,34,-57,920,0,11,0,0,0,0,0,0,0,0
11317,18546865996,Authentication,166,34,-56,920,0,11,0,0,0,0,0,0,0,0
11318,18546931531,Authentication,166,34,-57,920,0,11,0,0,0,0,0,0,0,0
11319,18546953338,Authentication,166,34,-21,920,0,11,0,0,1,0,0,0,720,0
11320,18546966673,Authentication,166,34,-21,920,0,11,0,0,1,0,0,0,720,0
11321,18546978633,Authentication,166,34,-57,920,0,11,0,0,0,0,0,0,0,0
11322,18547029835,Authentication,166,34,-56,920,0,11,0,0,0,0,0,0,0,0
11323,18547095371,Authentication,166,34,-57,920,0,11,0,0,0,0,0,0,0,0
11324,18547136842,Authentication,166,34,-57,920,0,11,0,0,0,0,0,0,0,0
11325,18547175286,S1G Beacon,61,34,-20,920,3,1,,,,,,,0,0
11326,18547183012,Authentication,166,34,-21,920,0,11,0,0,1,0,0,0,720,0
11327,18547198554,Authentication,166,34,-21,920,0,11,0,0,1,0,0,0,720,0
11328,18547259210,Authentication,166,34,-55,920,0,11,0,0,0,0,0,0,0,0
11329,18547304265,Authentication,166,34,-56,920,0,11,0,0,0,0,0,0,0,0
11330,18547357513,Authentication,166,34,-56,920,0,11,0,0,0,0,0,0,0,0
11331,18547362100,Authentication,166,34,-19,920,0,11,0,0,0,0,0,0,720,0
11332,18547368766,Authentication,166,34,-20,920,0,11,0,0,1,0,0,0,720,0
11333,18547374860,Authentication,166,34,-20,920,0,11,0,0,1,0,0,0,720,0
11334,18547381370,Authentication,166,34,-19,920,0,11,0,0,1,0,0,0,720,0
11335,18547423049,Authentication,166,34,-56,920,0,11,0,0,0,0,0,0,0,0
11336,18547464007,Authentication,166,34,-56,920,0,11,0,0,0,0,0,0,0,0
11337,18547521352,Authentication,166,34,-56,920,0,11,0,0,0,0,0,0,0,0
11338,18547567949,Authentication,166,34,-19,920,0,11,0,0,0,0,0,0,720,0
11339,18547574615,Authentication,166,34,-19,920,0,11,0,0,1,0,0,0,720,0
11340,18547581023,Authentication,166,34,-19,920,0,11,0,0,1,0,0,0,720,0
11341,18547586888,Authentication,166,34,-56,920,0,11,0,0,0,0,0,0,0,0
11342,18547591580,Authentication,166,34,-19,920,0,11,0,0,1,0,0,0,720,0
11343,18547629894,Authentication,166,34,-57,920,0,11,0,0,0,0,0,0,0,0
11344,18547685191,Authentication,166,34,-57,920,0,11,0,0,0,0,0,0,0,0
11345,18547747651,Authentication,166,34,-56,920,0,11,0,0,0,0,0,0,0,0
11346,18547772336,Authentication,105,34,-20,920,0,11,0,0,0,0,0,0,720,0
11347,18547777209,Authentication,105,34,-18,920,0,11,0,0,1,0,0,0,720,0
11348,18547782132,Authentication,105,34,-17,920,0,11,0,0,1,0,0,0,720,0
11349,18547785542,Authentication,166,34,-55,920,0,11,0,0,0,0,0,0,0,0
11350,18547790336,Authentication,105,34,-17,920,0,11,0,0,1,0,0,0,720,0
11351,18547849029,Authentication,166,34,-56,920,0,11,0,0,0,0,0,0,0,0
11352,18547910465,Authentication,166,34,-55,920,0,11,0,0,0,0,0,0,0,0
11353,18547916196,Authentication,105,34,-18,920,0,11,0,0,0,0,0,0,720,0
11354,18547921274,Authentication,105,34,-17,920,0,11,0,0,1,0,0,0,720,0
11355,18547925886,Authentication,105,34,-19,920,0,11,0,0,1,0,0,0,720,0
11356,18547930965,Authentication,105,34,-17,920,0,11,0,0,1,0,0,0,720,0
11357,18547947333,Authentication,166,34,-57,920,0,11,0,0,0,0,0,0,0,0
11358,18547994492,S1G Beacon,129,34,-18,920,3,1,,,,,,,0,0
11359,18548012869,Authentication,166,34,-59,920,0,11,0,0,0,0,0,0,0,0
11360,18548056900,Authentication,166,34,-56,920,0,11,0,0,0,0,0,0,0,0
11361,18548062161,Authentication,166,34,-18,920,0,11,0,0,0,0,0,0,720,0
11362,18548068827,Authentication,166,34,-18,920,0,11,0,0,1,0,0,0,720,0
11363,18548075545,Authentication,166,34,-19,920,0,11,0,0,1,0,0,0,720,0
11364,18548082005,Authentication,166,34,-18,920,0,11,0,0,1,0,0,0,720,0
11365,18548111172,Authentication,166,34,-56,920,0,11,0,0,0,0,0,0,0,0
11366,18548176707,Authentication,166,34,-56,920,0,11,0,0,0,0,0,0,0,0
11367,18548211523,Authentication,166,34,-56,920,0,11,0,0,0,0,0,0,0,0
11368,18548273049,Authentication,105,34,-18,920,0,11,0,0,0,0,0,0,720,0
11369,18548283154,Authentication,105,34,-17,920,0,11,0,0,1,0,0,0,720,0
11370,18548287819,Authentication,105,34,-19,920,0,11,0,0,1,0,0,0,720,0
11371,18548332352,Authentication,166,34,-56,920,0,11,0,0,0,0,0,0,0,0
11372,18548373314,Authentication,166,34,-55,920,0,11,0,0,0,0,0,0,0,0
11373,18548406082,Authentication,201,34,-55,920,0,11,0,0,0,0,0,0,0,0
11374,18548416244,Authentication,201,34,-57,920,0,11,0,0,0,0,0,0,0,0
11375,18548426482,Authentication,166,34,-19,920,0,11,0,0,0,0,0,0,720,0
11376,18548433149,Authentication,166,34,-17,920,0,11,0,0,1,0,0,0,720,0
11377,18548438850,Authentication,166,34,-58,920,0,11,0,0,0,0,0,0,0,0
11378,18548443696,Authentication,166,34,-18,920,0,11,0,0,1,0,0,0,720,0
11379,18548450153,Authentication,166,34,-18,920,0,11,0,0,1,0,0,0,720,0
11380,18548491072,Authentication,166,34,-56,920,0,11,0,0,0,0,0,0,0,0
11381,18548537154,Authentication,166,34,-56,920,0,11,0,0,0,0,0,0,0,0
11382,18548546395,Authentication,201,34,-57,920,0,11,0,0,0,0,0,0,0,0
11383,18548565821,Authentication,201,34,-57,920,0,11,0,0,0,0,0,0,0,0
11384,18548590568,Deauthentication,64,34,-19,920,0,12,0,0,0,0,0,0,720,0
11385,18548594307,Deauthentication,64,34,-19,920,0,12,0,0,1,0,0,0,720,0
11386,18548598308,Deauthentication,64,34,-18,920,0,12,0,0,1,0,0,0,720,0
11387,18548602254,Deauthentication,64,34,-19,920,0,12,0,0,1,0,0,0,720,0
11388,18548611816,QoS Data,149,34,-14,920,2,8,1,0,0,0,0,1,720,0
11391,18548620202,QoS Data,131,34,-33,920,2,8,1,0,0,0,0,1,720,0
11393,18548622945,QoS Data,131,34,-26,920,2,8,0,0,0,0,0,1,720,0
11394,18548626424,QoS Data,131,34,-26,920,2,8,0,0,1,0,0,1,720,0
11396,18548629528,Authentication,166,34,-19,920,0,11,0,0,0,0,0,0,720,0
11397,18548635989,Authentication,166,34,-18,920,0,11,0,0,1,0,0,0,720,0
11398,18548642552,Authentication,166,34,-19,920,0,11,0,0,1,0,0,0,720,0
11399,18548648961,Authentication,166,34,-18,920,0,11,0,0,1,0,0,0,720,0
11400,18548700992,Authentication,166,34,-58,920,0,11,0,0,0,0,0,0,0,0
11401,18548750506,QoS Data,128,34,-16,920,2,8,1,0,0,0,0,1,720,0
11402,18548808510,Authentication,166,34,-57,920,0,11,0,0,0,0,0,0,0,0
11404,18548854855,Authentication,166,34,-21,920,0,11,0,0,1,0,0,0,720,0
11405,18548869387,Authentication,166,34,-20,920,0,11,0,0,1,0,0,0,720,0
11406,18548908862,Authentication,201,34,-57,920,0,11,0,0,0,0,0,0,0,0
11407,18548930367,Authentication,166,34,-56,920,0,11,0,0,0,0,0,0,0,0
11408,18548963135,Authentication,166,34,-56,920,0,11,0,0,0,0,0,0,0,0
11409,18549028670,Authentication,166,34,-57,920,0,11,0,0,0,0,0,0,0,0
11410,18549036976,Authentication,105,34,-19,920,0,11,0,0,0,0,0,0,720,0
11411,18549042107,Authentication,105,34,-19,920,0,11,0,0,1,0,0,0,720,0
11412,18549047029,Authentication,105,34,-20,920,0,11,0,0,1,0,0,0,720,0
11413,18549052162,Authentication,105,34,-19,920,0,11,0,0,1,0,0,0,720,0
11414,18549086011,Authentication,166,34,-57,920,0,11,0,0,0,0,0,0,0,0
11415,18549126973,Authentication,166,34,-57,920,0,11,0,0,0,0,0,0,0,0
11416,18549188221,Authentication,166,34,-21,920,0,11,0,0,0,0,0,0,720,0
11417,18549192509,Authentication,166,34,-57,920,0,11,0,0,0,0,0,0,0,0
11418,18549203869,Authentication,166,34,-23,920,0,11,0,0,1,0,0,0,720,0
11419,18549238588,Authentication,166,34,-58,920,0,11,0,0,0,0,0,0,0,0
11420,18549290813,Authentication,166,34,-56,920,0,11,0,0,0,0,0,0,0,0
11421,18549356348,Authentication,166,34,-55,920,0,11,0,0,0,0,0,0,0,0
11422,18549387908,Authentication,105,34,-18,920,0,11,0,0,0,0,0,0,720,0
11423,18549392726,Authentication,105,34,-18,920,0,11,0,0,1,0,0,0,720,0
11424,18549397596,Authentication,105,34,-17,920,0,11,0,0,1,0,0,0,720,0
11425,18549402625,Authentication,105,34,-18,920,0,11,0,0,1,0,0,0,720,0
11426,18549419320,Authentication,166,34,-58,920,0,11,0,0,0,0,0,0,0,0
11427,18549454651,Authentication,166,34,-56,920,0,11,0,0,0,0,0,0,0,0
11428,18549520187,Authentication,166,34,-57,920,0,11,0,0,0,0,0,0,0,0
11429,18549533980,Authentication,166,34,-18,920,0,11,0,0,0,0,0,0,720,0
11430,18549540596,Authentication,166,34,-18,920,0,11,0,0,1,0,0,0,720,0
11431,18549547108,Authentication,166,34,-18,920,0,11,0,0,1,0,0,0,720,0
11432,18549553619,Authentication,166,34,-19,920,0,11,0,0,1,0,0,0,720,0
11433,18549618490,Authentication,166,34,-56,920,0,11,0,0,0,0,0,0,0,0
11434,18549632898,S1G Beacon,129,34,-19,920,3,1,,,,,,,0,0
11435,18549651258,Authentication,201,34,-57,920,0,11,0,0,0,0,0,0,0,0
11436,18549661497,Authentication,201,34,-58,920,0,11,0,0,0,0,0,0,0,0
11437,18549671736,Authentication,166,34,-58,920,0,11,0,0,0,0,0,0,0,0
11438,18549684027,Authentication,201,34,-56,920,0,11,0,0,0,0,0,0,0,0
11439,18549744872,Authentication,166,34,-23,920,0,11,0,0,1,0,0,0,720,0
11440,18549757478,Authentication,166,34,-23,920,0,11,0,0,1,0,0,0,720,0
11441,18549782329,Authentication,166,34,-57,920,0,11,0,0,0,0,0,0,0,0
11442,18549843253,Authentication,166,34,-58,920,0,11,0,0,0,0,0,0,0,0
11443,18549880633,Authentication,166,34,-56,920,0,11,0,0,0,0,0,0,0,0
11444,18549951015,Authentication,166,34,-19,920,0,11,0,0,0,0,0,0,720,0
11445,18549957784,Authentication,166,34,-19,920,0,11,0,0,1,0,0,0,720,0
11446,18549964295,Authentication,166,34,-20,920,0,11,0,0,1,0,0,0,720,0
11447,18549970858,Authentication,166,34,-18,920,0,11,0,0,1,0,0,0,720,0
11448,18549983032,Authentication,166,34,-56,920,0,11,0,0,0,0,0,0,0,0
11449,18550011704,Authentication,201,34,-56,920,0,11,0,0,0,0,0,0,0,0
11450,18550021866,Authentication,201,34,-57,920,0,11,0,0,0,0,0,0,0,0
11451,18550044472,Authentication,166,34,-57,920,0,11,0,0,0,0,0,0,0,0
11452,18550108978,Authentication,166,34,-56,920,0,11,0,0,0,0,0,0,0,0
11453,18550142775,Authentication,166,34,-56,920,0,11,0,0,0,0,0,0,0,0
11454,18550154811,Authentication,166,34,-22,920,0,11,0,0,1,0,0,0,720,0
11455,18550167732,Authentication,166,34,-23,920,0,11,0,0,1,0,0,0,720,0
11456,18550254389,Authentication,166,34,-56,920,0,11,0,0,0,0,0,0,0,0
11457,18550306614,Authentication,166,34,-56,920,0,11,0,0,0,0,0,0,0,0
11459,18550372149,Authentication,166,34,-56,920,0,11,0,0,0,0,0,0,0,0
11460,18550418021,Authentication,166,34,-19,920,0,11,0,0,0,0,0,0,720,0
11461,18550424480,Authentication,166,34,-19,920,0,11,0,0,1,0,0,0,720,0
11462,18550431198,Authentication,166,34,-19,920,0,11,0,0,1,0,0,0,720,0
11463,18550437710,Authentication,166,34,-20,920,0,11,0,0,1,0,0,0,720,0
11464,18550459430,S1G Beacon,61,34,-20,920,3,1,,,,,,,0,0
11465,18550470453,Authentication,166,34,-56,920,0,11,0,0,0,0,0,0,0,0
11466,18550520626,Authentication,166,34,-56,920,0,11,0,0,0,0,0,0,0,0
11467,18550568756,Authentication,166,34,-58,920,0,11,0,0,0,0,0,0,0,0
11468,18550614283,Authentication,105,34,-20,920,0,11,0,0,0,0,0,0,720,0
11469,18550624339,Authentication,105,34,-22,920,0,11,0,0,1,0,0,0,720,0
11470,18550685488,Authentication,166,34,-56,920,0,11,0,0,0,0,0,0,0,0
11471,18550732595,Authentication,166,34,-56,920,0,11,0,0,0,0,0,0,0,0
11472,18550764543,Authentication,166,34,-22,920,0,11,0,0,1,0,0,0,720,0
11473,18550777928,Authentication,166,34,-22,920,0,11,0,0,1,0,0,0,720,0
11474,18550798131,Authentication,166,34,-56,920,0,11,0,0,0,0,0,0,0,0
11475,18550830898,Authentication,166,34,-56,920,0,11,0,0,0,0,0,0,0,0
11476,18550896435,Authentication,166,34,-56,920,0,11,0,0,0,0,0,0,0,0
11477,18550947632,Authentication,166,34,-57,920,0,11,0,0,0,0,0,0,0,0
11478,18550971259,Authentication,166,34,-22,920,0,11,0,0,1,0,0,0,720,0
11479,18550984177,Authentication,166,34,-22,920,0,11,0,0,1,0,0,0,720,0
11481,18551060273,Authentication,166,34,-57,920,0,11,0,0,0,0,0,0,0,0
11482,18551095089,Authentication,166,34,-57,920,0,11,0,0,0,0,0,0,0,0
11483,18551158577,Authentication,166,34,-56,920,0,11,0,0,0,0,0,0,0,0
11484,18551175575,Authentication,105,34,-23,920,0,11,0,0,1,0,0,0,720,0
11485,18551185526,Authentication,105,34,-22,920,0,11,0,0,1,0,0,0,720,0
11486,18551216941,Authentication,166,34,-57,920,0,11,0,0,0,0,0,0,0,0
11487,18551236399,Authentication,201,34,-57,920,0,11,0,0,0,0,0,0,0,0
11488,18551253805,Authentication,201,34,-58,920,0,11,0,0,0,0,0,0,0,0
11489,18551271304,S1G Beacon,129,34,-23,920,3,1,,,,,,,0,0
11490,18551319230,Authentication,105,34,-22,920,0,11,0,0,1,0,0,0,720,0
11491,18551322415,Authentication,166,34,-57,920,0,11,0,0,0,0,0,0,0,0
11492,18551332234,Authentication,105,34,-22,920,0,11,0,0,1,0,0,0,720,0
11493,18551366446,Authentication,166,34,-56,920,0,11,0,0,0,0,0,0,0,0
11494,18551420719,Authentication,166,34,-56,920,0,11,0,0,0,0,0,0,0,0
11495,18551474143,Authentication,166,34,-23,920,0,11,0,0,1,0,0,0,720,0
11496,18551485972,Authentication,166,34,-22,920,0,11,0,0,1,0,0,0,720,0
11497,18551497007,Data,378,34,-21,920,2,0,0,0,0,0,0,1,0,0
11498,18551519022,Authentication,166,34,-56,920,0,11,0,0,0,0,0,0,0,0
11499,18551533222,Deauthentication,64,34,-23,920,0,12,0,0,1,0,0,0,720,0
11500,18551540856,Deauthentication,64,34,-22,920,0,12,0,0,1,0,0,0,720,0
11501,18551584558,Authentication,166,34,-56,920,0,11,0,0,0,0,0,0,0,0
11502,18551644969,Authentication,166,34,-57,920,0,11,0,0,0,0,0,0,0,0
11503,18551671880,Authentication,105,34,-21,920,0,11,0,0,0,0,0,0,720,0
11504,18551681779,Authentication,105,34,-23,920,0,11,0,0,1,0,0,0,720,0
11505,18551686805,Authentication,105,34,-22,920,0,11,0,0,1,0,0,0,720,0
11506,18551704519,Data,450,34,-20,920,2,0,0,0,0,0,0,1,0,0
11507,18551748397,Authentication,166,34,-56,920,0,11,0,0,0,0,0,0,0,0
11508,18551781165,Authentication,166,34,-56,920,0,11,0,0,0,0,0,0,0,0
11509,18551806761,Authentication,201,34,-56,920,0,11,0,0,0,0,0,0,0,0
11510,18551825150,Authentication,166,34,-23,920,0,11,0,0,0,0,0,0,720,0
11511,18551838118,Authentication,166,34,-22,920,0,11,0,0,1,0,0,0,720,0
11512,18551894826,Authentication,166,34,-56,920,0,11,0,0,0,0,0,0,0,0
11513,18551950084,Authentication,166,34,-56,920,0,11,0,0,0,0,0,0,0,0
11514,18552010539,Authentication,166,34,-57,920,0,11,0,0,0,0,0,0,0,0
11515,18552028345,Authentication,166,34,-23,920,0,11,0,0,0,0,0,0,720,0
11516,18552041318,Authentication,166,34,-24,920,0,11,0,0,1,0,0,0,720,0
11517,18552047882,Authentication,166,34,-22,920,0,11,0,0,1,0,0,0,720,0
11518,18552090505,S1G Beacon,61,34,-22,920,3,1,,,,,,,0,0
11519,18552108842,Authentication,166,34,-57,920,0,11,0,0,0,0,0,0,0,0
11520,18552120604,Data,458,34,-23,920,2,0,0,0,0,0,0,1,0,0
11521,18552160040,Authentication,166,34,-56,920,0,11,0,0,0,0,0,0,0,0
11522,18552207146,Authentication,166,34,-57,920,0,11,0,0,0,0,0,0,0,0
11523,18552235217,Authentication,105,34,-23,920,0,11,0,0,0,0,0,0,720,0
11524,18552244910,Authentication,105,34,-23,920,0,11,0,0,1,0,0,0,720,0
11525,18552272682,Authentication,166,34,-56,920,0,11,0,0,0,0,0,0,0,0
11526,18552305449,Authentication,201,34,-58,920,0,11,0,0,0,0,0,0,0,0
11527,18552315611,Authentication,201,34,-57,920,0,11,0,0,0,0,0,0,0,0
11528,18552328512,Data,446,34,-24,920,2,0,0,0,0,0,0,1,0,0
11529,18552370984,Authentication,166,34,-57,920,0,11,0,0,0,0,0,0,0,0
11530,18552381665,Authentication,166,34,-23,920,0,11,0,0,1,0,0,0,720,0
11531,18552394893,Authentication,166,34,-24,920,0,11,0,0,1,0,0,0,720,0
11532,18552416039,Authentication,166,34,-58,920,0,11,0,0,0,0,0,0,0,0
11533,18552469288,Authentication,166,34,-57,920,0,11,0,0,0,0,0,0,0,0
11534,18552534824,Authentication,166,34,-58,920,0,11,0,0,0,0,0,0,0,0
11535,18552567591,Authentication,166,34,-57,920,0,11,0,0,0,0,0,0,0,0
11536,18552633127,Authentication,166,34,-57,920,0,11,0,0,0,0,0,0,0,0
11537,18552665894,Authentication,166,34,-57,920,0,11,0,0,0,0,0,0,0,0
11538,18552683701,Authentication,166,34,-22,920,0,11,0,0,1,0,0,0,720,0
11539,18552697036,Authentication,166,34,-23,920,0,11,0,0,1,0,0,0,720,0
11540,18552731431,Authentication,166,34,-58,920,0,11,0,0,0,0,0,0,0,0
11541,18552785699,Authentication,166,34,-57,920,0,11,0,0,0,0,0,0,0,0
11542,18552829734,Authentication,166,34,-56,920,0,11,0,0,0,0,0,0,0,0
11543,18552862502,Authentication,201,34,-57,920,0,11,0,0,0,0,0,0,0,0
11544,18552873116,Data,287,34,-20,920,2,0,0,0,0,0,0,1,0,0
11545,18552895269,Authentication,166,34,-57,920,0,11,0,0,0,0,0,0,0,0
11546,18552913611,Authentication,166,34,-22,920,0,11,0,0,0,0,0,0,720,0
11547,18552926944,Authentication,166,34,-21,920,0,11,0,0,1,0,0,0,720,0
11548,18552933352,Authentication,166,34,-20,920,0,11,0,0,1,0,0,0,720,0
11549,18552993572,Authentication,166,34,-56,920,0,11,0,0,0,0,0,0,0,0
11550,18553030436,Authentication,166,34,-58,920,0,11,0,0,0,0,0,0,0,0
11551,18553091876,Authentication,166,34,-59,920,0,11,0,0,0,0,0,0,0,0
11552,18553114364,Authentication,166,34,-21,920,0,11,0,0,1,0,0,0,720,0
11553,18553127748,Authentication,166,34,-23,920,0,11,0,0,1,0,0,0,720,0
11554,18553157412,Authentication,166,34,-57,920,0,11,0,0,0,0,0,0,0,0
11555,18553190180,Authentication,166,34,-57,920,0,11,0,0,0,0,0,0,0,0
11556,18553255715,Authentication,166,34,-58,920,0,11,0,0,0,0,0,0,0,0
11557,18553288483,Authentication,166,34,-57,920,0,11,0,0,0,0,0,0,0,0
11558,18553310396,Authentication,166,34,-23,920,0,11,0,0,1,0,0,0,720,0
11559,18553323730,Authentication,166,34,-22,920,0,11,0,0,1,0,0,0,720,0
11560,18553397025,Authentication,166,34,-56,920,0,11,0,0,0,0,0,0,0,0
11561,18553452322,Authentication,166,34,-56,920,0,11,0,0,0,0,0,0,0,0
11562,18553524486,Authentication,166,34,-23,920,0,11,0,0,1,0,0,0,720,0
11563,18553537561,Authentication,166,34,-24,920,0,11,0,0,1,0,0,0,720,0
11564,18553550625,Authentication,166,34,-57,920,0,11,0,0,0,0,0,0,0,0
11565,18553616161,Authentication,166,34,-57,920,0,11,0,0,0,0,0,0,0,0
11566,18553638844,QoS Data,116,34,-16,920,2,8,1,0,0,0,0,1,720,0
11567,18553648471,RTS,54,34,-16,920,1,11,,,,0,0,0,3200,0
11570,18553653853,QoS Data,116,34,-28,920,2,8,0,0,1,0,0,1,720,0
11572,18553656125,QoS Data,149,34,-28,920,2,8,0,0,0,0,0,1,720,0
11574,18553658749,QoS Data,116,34,-28,920,2,8,1,0,0,0,0,1,720,0
11576,18553664117,QoS Data,131,34,-28,920,2,8,1,0,0,0,0,1,720,0
11578,18553728914,S1G Beacon,61,34,-22,920,3,1,,,,,,,0,0
11579,18553736379,Authentication,166,34,-23,920,0,11,0,0,1,0,0,0,720,0
11580,18553747996,Authentication,166,34,-22,920,0,11,0,0,1,0,0,0,720,0
11581,18553761257,QoS Data,128,34,-16,920,2,8,1,0,0,0,0,1,720,0
11583,18553779999,Authentication,166,34,-56,920,0,11,0,0,0,0,0,0,0,0
11584,18553812768,Authentication,166,34,-56,920,0,11,0,0,0,0,0,0,0,0
11585,18553878303,Authentication,166,34,-57,920,0,11,0,0,0,0,0,0,0,0
11586,18553929500,Authentication,166,34,-56,920,0,11,0,0,0,0,0,0,0,0
11587,18553981454,Authentication,105,34,-22,920,0,11,0,0,0,0,0,0,720,0
11588,18553991092,Authentication,105,34,-22,920,0,11,0,0,1,0,0,0,720,0
11589,18554042142,Authentication,166,34,-57,920,0,11,0,0,0,0,0,0,0,0
11590,18554088220,Authentication,166,34,-57,920,0,11,0,0,0,0,0,0,0,0
11591,18554127953,Authentication,166,34,-21,920,0,11,0,0,0,0,0,0,720,0
11592,18554145291,Authentication,166,34,-22,920,0,11,0,0,1,0,0,0,720,0
11593,18554205981,Authentication,166,34,-56,920,0,11,0,0,0,0,0,0,0,0
11594,18554238748,Authentication,166,34,-57,920,0,11,0,0,0,0,0,0,0,0
11595,18554304284,Authentication,166,34,-57,920,0,11,0,0,0,0,0,0,0,0
11596,18554354643,Authentication,166,34,-22,920,0,11,0,0,1,0,0,0,720,0
11597,18554360593,Authentication,166,34,-57,920,0,11,0,0,0,0,0,0,0,0
11598,18554371845,Authentication,166,34,-23,920,0,11,0,0,1,0,0,0,720,0
11599,18554402588,Authentication,166,34,-56,920,0,11,0,0,0,0,0,0,0,0
11600,18554521368,Authentication,166,34,-56,920,0,11,0,0,0,0,0,0,0,0
11601,18554540949,Authentication,105,34,-22,920,0,11,0,0,1,0,0,0,720,0
11602,18554551703,Authentication,105,34,-22,920,0,11,0,0,1,0,0,0,720,0
11603,18554599195,Authentication,201,34,-56,920,0,11,0,0,0,0,0,0,0,0
11604,18554612505,Authentication,201,34,-57,920,0,11,0,0,0,0,0,0,0,0
11605,18554631962,Authentication,166,34,-58,920,0,11,0,0,0,0,0,0,0,0
11606,18554664730,Authentication,166,34,-58,920,0,11,0,0,0,0,0,0,0,0
11607,18554683079,Authentication,105,34,-22,920,0,11,0,0,1,0,0,0,720,0
11608,18554692979,Authentication,105,34,-22,920,0,11,0,0,1,0,0,0,720,0
11609,18554730265,Authentication,166,34,-56,920,0,11,0,0,0,0,0,0,0,0
11610,18554777367,Authentication,166,34,-57,920,0,11,0,0,0,0,0,0,0,0
11611,18554834402,Authentication,166,34,-22,920,0,11,0,0,1,0,0,0,720,0
11612,18554846400,Authentication,166,34,-22,920,0,11,0,0,1,0,0,0,720,0
11613,18554894105,Authentication,166,34,-58,920,0,11,0,0,0,0,0,0,0,0
11614,18554926872,Authentication,166,34,-57,920,0,11,0,0,0,0,0,0,0,0
11615,18554992408,Authentication,166,34,-56,920,0,11,0,0,0,0,0,0,0,0
11616,18555037463,Authentication,166,34,-57,920,0,11,0,0,0,0,0,0,0,0
11617,18555090711,Authentication,166,34,-57,920,0,11,0,0,0,0,0,0,0,0
11618,18555102382,Authentication,166,34,-22,920,0,11,0,0,1,0,0,0,720,0
11619,18555115819,Authentication,166,34,-22,920,0,11,0,0,1,0,0,0,720,0
11620,18555156247,Authentication,166,34,-57,920,0,11,0,0,0,0,0,0,0,0
11621,18555183892,Authentication,201,34,-57,920,0,11,0,0,0,0,0,0,0,0
11622,18555254551,Authentication,166,34,-57,920,0,11,0,0,0,0,0,0,0,0
11623,18555296991,Authentication,105,34,-25,920,0,11,0,0,0,0,0,0,720,0
11624,18555306266,Authentication,105,34,-24,920,0,11,0,0,1,0,0,0,720,0
11625,18555352853,Authentication,166,34,-57,920,0,11,0,0,0,0,0,0,0,0
11626,18555367320,S1G Beacon,61,34,-22,920,3,1,,,,,,,0,0
11627,18555418389,Authentication,166,34,-57,920,0,11,0,0,0,0,0,0,0,0
11628,18555443108,Authentication,166,34,-25,920,0,11,0,0,1,0,0,0,720,0
11629,18555456287,Authentication,166,34,-25,920,0,11,0,0,1,0,0,0,720,0
11630,18555468563,Authentication,166,34,-58,920,0,11,0,0,0,0,0,0,0,0
11631,18555516693,Authentication,166,34,-58,920,0,11,0,0,0,0,0,0,0,0
11632,18555582228,Authentication,166,34,-57,920,0,11,0,0,0,0,0,0,0,0
11633,18555623486,Authentication,105,34,-24,920,0,11,0,0,1,0,0,0,720,0
11634,18555628307,Authentication,105,34,-24,920,0,11,0,0,1,0,0,0,720,0
11635,18555633437,Authentication,105,34,-26,920,0,11,0,0,1,0,0,0,720,0
11636,18555680531,Authentication,166,34,-57,920,0,11,0,0,0,0,0,0,0,0
11637,18555746067,Authentication,166,34,-57,920,0,11,0,0,0,0,0,0,0,0
11638,18555767922,Authentication,166,34,-27,920,0,11,0,0,0,0,0,0,720,0
11639,18555783419,Authentication,166,34,-25,920,0,11,0,0,1,0,0,0,720,0
11640,18555790139,Authentication,166,34,-26,920,0,11,0,0,1,0,0,0,720,0
11641,18555844370,Authentication,166,34,-57,920,0,11,0,0,0,0,0,0,0,0
11642,18555939598,Authentication,201,34,-58,920,0,11,0,0,0,0,0,0,0,0
11643,18555957897,Authentication,166,34,-23,920,0,11,0,0,0,0,0,0,720,0
11644,18555969514,Authentication,166,34,-24,920,0,11,0,0,1,0,0,0,720,0
11645,18556008209,Authentication,166,34,-58,920,0,11,0,0,0,0,0,0,0,0
11646,18556047120,Authentication,166,34,-58,920,0,11,0,0,0,0,0,0,0,0
11647,18556106513,Authentication,166,34,-57,920,0,11,0,0,0,0,0,0,0,0
11648,18556172049,Authentication,166,34,-57,920,0,11,0,0,0,0,0,0,0,0
11649,18556190422,Authentication,166,34,-22,920,0,11,0,0,0,0,0,0,720,0
11650,18556203495,Authentication,166,34,-23,920,0,11,0,0,1,0,0,0,720,0
11651,18556210215,Authentication,166,34,-22,920,0,11,0,0,1,0,0,0,720,0
11652,18556237584,Authentication,201,34,-56,920,0,11,0,0,0,0,0,0,0,0
11653,18556244751,Authentication,201,34,-57,920,0,11,0,0,0,0,0,0,0,0
11654,18556258061,Authentication,201,34,-57,920,0,11,0,0,0,0,0,0,0,0
11655,18556270351,Authentication,166,34,-57,920,0,11,0,0,0,0,0,0,0,0
11656,18556368656,Authentication,166,34,-57,920,0,11,0,0,0,0,0,0,0,0
11657,18556414723,Authentication,166,34,-25,920,0,11,0,0,1,0,0,0,720,0
11658,18556427989,Authentication,166,34,-25,920,0,11,0,0,1,0,0,0,720,0
11659,18556434190,Authentication,166,34,-57,920,0,11,0,0,0,0,0,0,0,0
11660,18556466958,Authentication,166,34,-57,920,0,11,0,0,0,0,0,0,0,0
11661,18556532494,Authentication,166,34,-57,920,0,11,0,0,0,0,0,0,0,0
11662,18556574476,Authentication,166,34,-57,920,0,11,0,0,0,0,0,0,0,0
11663,18556604472,Authentication,105,34,-23,920,0,11,0,0,1,0,0,0,720,0
11664,18556614216,Authentication,105,34,-24,920,0,11,0,0,1,0,0,0,720,0
11665,18556630797,Authentication,166,34,-57,920,0,11,0,0,0,0,0,0,0,0
11666,18556687116,Authentication,166,34,-57,920,0,11,0,0,0,0,0,0,0,0
11667,18556729101,Authentication,166,34,-57,920,0,11,0,0,0,0,0,0,0,0
11668,18556754682,Authentication,166,34,-24,920,0,11,0,0,1,0,0,0,720,0
11669,18556767860,Authentication,166,34,-25,920,0,11,0,0,1,0,0,0,720,0
11671,18556794636,Authentication,166,34,-58,920,0,11,0,0,0,0,0,0,0,0
11672,18556876975,Deauthentication,64,34,-24,920,0,12,0,0,1,0,0,0,720,0
11673,18556884715,Deauthentication,64,34,-24,920,0,12,0,0,1,0,0,0,720,0
11674,18556892940,Authentication,166,34,-58,920,0,11,0,0,0,0,0,0,0,0
11675,18556945385,Authentication,105,34,-24,920,0,11,0,0,1,0,0,0,720,0
11676,18556958250,Authentication,105,34,-25,920,0,11,0,0,1,0,0,0,720,0
11677,18556991243,Authentication,166,34,-56,920,0,11,0,0,0,0,0,0,0,0
11678,18557005725,S1G Beacon,61,34,-26,920,3,1,,,,,,,0,0
11679,18557056779,Authentication,166,34,-58,920,0,11,0,0,0,0,0,0,0,0
11680,18557084463,Authentication,166,34,-24,920,0,11,0,0,1,0,0,0,720,0
11681,18557097851,Authentication,166,34,-23,920,0,11,0,0,1,0,0,0,720,0
11682,18557155082,Authentication,166,34,-57,920,0,11,0,0,0,0,0,0,0,0
11683,18557220618,Authentication,166,34,-58,920,0,11,0,0,0,0,0,0,0,0
11684,18557240072,Authentication,201,34,-57,920,0,11,0,0,0,0,0,0,0,0
11685,18557253385,Authentication,166,34,-57,920,0,11,0,0,0,0,0,0,0,0
11686,18557271711,Authentication,166,34,-23,920,0,11,0,0,1,0,0,0,720,0
11687,18557278222,Authentication,166,34,-23,920,0,11,0,0,1,0,0,0,720,0
11688,18557318922,Authentication,166,34,-56,920,0,11,0,0,0,0,0,0,0,0
11689,18557370630,Authentication,166,34,-58,920,0,11,0,0,0,0,0,0,0,0
11690,18557417225,Authentication,166,34,-57,920,0,11,0,0,0,0,0,0,0,0
11691,18557482760,Authentication,166,34,-59,920,0,11,0,0,0,0,0,0,0,0
11692,18557522695,Authentication,166,34,-57,920,0,11,0,0,0,0,0,0,0,0
11693,18557532309,Authentication,105,34,-23,920,0,11,0,0,1,0,0,0,720,0
11694,18557542510,Authentication,105,34,-23,920,0,11,0,0,1,0,0,0,720,0
11695,18557581063,Authentication,201,34,-58,920,0,11,0,0,0,0,0,0,0,0
11696,18557591225,Authentication,166,34,-58,920,0,11,0,0,0,0,0,0,0,0
11697,18557646599,Authentication,166,34,-57,920,0,11,0,0,0,0,0,0,0,0
11698,18557674046,Authentication,105,34,-25,920,0,11,0,0,1,0,0,0,720,0
11699,18557683791,Authentication,105,34,-23,920,0,11,0,0,1,0,0,0,720,0
11700,18557744902,Authentication,166,34,-57,920,0,11,0,0,0,0,0,0,0,0
11701,18557757856,Deauthentication,64,34,-24,920,0,12,0,0,1,0,0,0,720,0
11702,18557765338,Deauthentication,64,34,-23,920,0,12,0,0,1,0,0,0,720,0
11703,18557808386,Authentication,166,34,-59,920,0,11,0,0,0,0,0,0,0,0
11704,18557818312,Authentication,105,34,-24,920,0,11,0,0,1,0,0,0,720,0
11705,18557828514,Authentication,105,34,-23,920,0,11,0,0,1,0,0,0,720,0
11706,18557908741,Authentication,166,34,-58,920,0,11,0,0,0,0,0,0,0,0
11707,18557943557,Authentication,166,34,-57,920,0,11,0,0,0,0,0,0,0,0
11708,18557955382,Authentication,166,34,-23,920,0,11,0,0,1,0,0,0,720,0
11709,18557968560,Authentication,166,34,-23,920,0,11,0,0,1,0,0,0,720,0
11710,18558007045,Authentication,166,34,-57,920,0,11,0,0,0,0,0,0,0,0
11711,18558062337,Authentication,166,34,-58,920,0,11,0,0,0,0,0,0,0,0
11712,18558105348,Authentication,166,34,-57,920,0,11,0,0,0,0,0,0,0,0
11713,18558154531,Authentication,166,34,-23,920,0,11,0,0,1,0,0,0,720,0
11714,18558181531,Authentication,166,34,-22,920,0,11,0,0,1,0,0,0,720,0
11715,18558203651,Authentication,166,34,-58,920,0,11,0,0,0,0,0,0,0,0
11716,18558269187,Authentication,166,34,-59,920,0,11,0,0,0,0,0,0,0,0
11717,18558301955,Authentication,201,34,-57,920,0,11,0,0,0,0,0,0,0,0
11718,18558322432,Authentication,166,34,-57,920,0,11,0,0,0,0,0,0,0,0
11719,18558350402,Authentication,105,34,-24,920,0,11,0,0,1,0,0,0,720,0
11720,18558359572,Authentication,105,34,-23,920,0,11,0,0,1,0,0,0,720,0
11722,18558367491,Authentication,166,34,-57,920,0,11,0,0,0,0,0,0,0,0
11723,18558433026,Authentication,166,34,-59,920,0,11,0,0,0,0,0,0,0,0
11724,18558465794,Authentication,201,34,-57,920,0,11,0,0,0,0,0,0,0,0
11725,18558488147,Authentication,105,34,-23,920,0,11,0,0,0,0,0,0,720,0
11726,18558498046,Authentication,105,34,-24,920,0,11,0,0,1,0,0,0,720,0
11727,18558531329,Authentication,166,34,-58,920,0,11,0,0,0,0,0,0,0,0
11728,18558585599,Authentication,166,34,-57,920,0,11,0,0,0,0,0,0,0,0
11729,18558629632,Authentication,166,34,-57,920,0,11,0,0,0,0,0,0,0,0
11730,18558639193,Authentication,105,34,-23,920,0,11,0,0,1,0,0,0,720,0
11731,18558645919,Authentication,105,34,-23,920,0,11,0,0,1,0,0,0,720,0
11732,18558683317,QoS Data,148,34,-18,920,2,8,1,0,0,0,0,1,720,0
11733,18558686169,QoS Data,148,34,-28,920,2,8,0,0,0,0,0,1,720,0
11736,18558694173,QoS Data,131,34,-29,920,2,8,0,0,0,0,0,1,720,0
11738,18558737151,Authentication,166,34,-57,920,0,11,0,0,0,0,0,0,0,0
11739,18558750005,QoS Data,128,34,-17,920,2,8,1,0,0,0,0,1,720,0
11740,18558752749,QoS Data,128,34,-29,920,2,8,0,0,0,0,0,1,720,0
11742,18558774412,Authentication,166,34,-23,920,0,11,0,0,1,0,0,0,720,0
11743,18558786238,Authentication,166,34,-23,920,0,11,0,0,1,0,0,0,720,0
11744,18558793472,Authentication,166,34,-57,920,0,11,0,0,0,0,0,0,0,0
11745,18558859007,Authentication,166,34,-57,920,0,11,0,0,0,0,0,0,0,0
11746,18558891775,Authentication,166,34,-58,920,0,11,0,0,0,0,0,0,0,0
11747,18558957310,Authentication,166,34,-56,920,0,11,0,0,0,0,0,0,0,0
11748,18558968667,Authentication,166,34,-24,920,0,11,0,0,1,0,0,0,720,0
11749,18558981953,Authentication,166,34,-23,920,0,11,0,0,1,0,0,0,720,0
11750,18558990079,Authentication,201,34,-58,920,0,11,0,0,0,0,0,0,0,0
11751,18559002365,Authentication,166,34,-57,920,0,11,0,0,0,0,0,0,0,0
11752,18559055614,Authentication,166,34,-59,920,0,11,0,0,0,0,0,0,0,0
11753,18559121150,Authentication,166,34,-57,920,0,11,0,0,0,0,0,0,0,0
11754,18559130391,Authentication,201,34,-57,920,0,11,0,0,0,0,0,0,0,0
11755,18559158606,Authentication,166,34,-25,920,0,11,0,0,1,0,0,0,720,0
11756,18559170484,Authentication,166,34,-24,920,0,11,0,0,1,0,0,0,720,0
11757,18559219453,Authentication,166,34,-56,920,0,11,0,0,0,0,0,0,0,0
11758,18559254269,Authentication,201,34,-56,920,0,11,0,0,0,0,0,0,0,0
11759,18559267579,Authentication,166,34,-57,920,0,11,0,0,0,0,0,0,0,0
11760,18559317756,Authentication,166,34,-58,920,0,11,0,0,0,0,0,0,0,0
11761,18559346711,Authentication,105,34,-24,920,0,11,0,0,1,0,0,0,720,0
11762,18559356818,Authentication,105,34,-25,920,0,11,0,0,1,0,0,0,720,0
11763,18559383291,Authentication,166,34,-57,920,0,11,0,0,0,0,0,0,0,0
11764,18559416060,Authentication,166,34,-57,920,0,11,0,0,0,0,0,0,0,0
11765,18559481596,Authentication,166,34,-57,920,0,11,0,0,0,0,0,0,0,0
11766,18559493267,Authentication,166,34,-24,920,0,11,0,0,1,0,0,0,720,0
11767,18559506288,Authentication,166,34,-23,920,0,11,0,0,1,0,0,0,720,0
11768,18559535352,Authentication,166,34,-57,920,0,11,0,0,0,0,0,0,0,0
11769,18559579898,Authentication,166,34,-57,920,0,11,0,0,0,0,0,0,0,0
11770,18559645434,Authentication,166,34,-57,920,0,11,0,0,0,0,0,0,0,0
11771,18559688440,Authentication,166,34,-57,920,0,11,0,0,0,0,0,0,0,0
11772,18559724496,Authentication,166,34,-23,920,0,11,0,0,1,0,0,0,720,0
11773,18559737985,Authentication,166,34,-23,920,0,11,0,0,1,0,0,0,720,0
11774,18559809274,Authentication,166,34,-57,920,0,11,0,0,0,0,0,0,0,0
11775,18559842041,Authentication,166,34,-58,920,0,11,0,0,0,0,0,0,0,0
11776,18559907576,Authentication,166,34,-59,920,0,11,0,0,0,0,0,0,0,0
11777,18559916983,Authentication,105,34,-23,920,0,11,0,0,1,0,0,0,720,0
11778,18559926778,Authentication,105,34,-24,920,0,11,0,0,1,0,0,0,720,0
11779,18559965942,Authentication,166,34,-57,920,0,11,0,0,0,0,0,0,0,0
11780,18559973112,Authentication,201,34,-57,920,0,11,0,0,0,0,0,0,0,0
11781,18560005879,Authentication,166,34,-57,920,0,11,0,0,0,0,0,0,0,0
11782,18560064714,Authentication,166,34,-24,920,0,11,0,0,1,0,0,0,720,0
11783,18560077631,Authentication,166,34,-23,920,0,11,0,0,1,0,0,0,720,0
11784,18560111350,Authentication,166,34,-57,920,0,11,0,0,0,0,0,0,0,0
11785,18560169719,Authentication,166,34,-58,920,0,11,0,0,0,0,0,0,0,0
11786,18560235255,Authentication,166,34,-57,920,0,11,0,0,0,0,0,0,0,0
11787,18560274689,Authentication,166,34,-22,920,0,11,0,0,1,0,0,0,720,0
11788,18560284327,Authentication,166,34,-24,920,0,11,0,0,1,0,0,0,720,0
11789,18560333558,Authentication,166,34,-58,920,0,11,0,0,0,0,0,0,0,0
11790,18560379636,Authentication,166,34,-57,920,0,11,0,0,0,0,0,0,0,0
11791,18560440052,Authentication,166,34,-57,920,0,11,0,0,0,0,0,0,0,0
11792,18560484529,Authentication,166,34,-23,920,0,11,0,0,1,0,0,0,720,0
11793,18560502085,Authentication,166,34,-24,920,0,11,0,0,1,0,0,0,720,0
11794,18560562932,Authentication,201,34,-58,920,0,11,0,0,0,0,0,0,0,0
11795,18560595700,Authentication,166,34,-58,920,0,11,0,0,0,0,0,0,0,0
11796,18560661236,Authentication,166,34,-57,920,0,11,0,0,0,0,0,0,0,0
11797,18560686290,Authentication,105,34,-22,920,0,11,0,0,0,0,0,0,720,0
11798,18560695981,Authentication,105,34,-23,920,0,11,0,0,1,0,0,0,720,0
11799,18560759539,Authentication,166,34,-58,920,0,11,0,0,0,0,0,0,0,0
11800,18560823996,Authentication,105,34,-23,920,0,11,0,0,1,0,0,0,720,0
11801,18560829700,Authentication,105,34,-22,920,0,11,0,0,1,0,0,0,720,0
11802,18560857842,Authentication,166,34,-57,920,0,11,0,0,0,0,0,0,0,0
11803,18560951364,Authentication,105,34,-22,920,0,11,0,0,0,0,0,0,720,0
11804,18560961577,Authentication,105,34,-24,920,0,11,0,0,1,0,0,0,720,0
11805,18561021682,Authentication,166,34,-56,920,0,11,0,0,0,0,0,0,0,0
11806,18561084375,Authentication,166,34,-23,920,0,11,0,0,1,0,0,0,720,0
11807,18561091772,Authentication,166,34,-22,920,0,11,0,0,1,0,0,0,720,0
11808,18561105329,Authentication,166,34,-23,920,0,11,0,0,1,0,0,0,720,0
11809,18561119985,Authentication,166,34,-56,920,0,11,0,0,0,0,0,0,0,0
11810,18561185521,Authentication,166,34,-57,920,0,11,0,0,0,0,0,0,0,0
11811,18561242861,Authentication,166,34,-57,920,0,11,0,0,0,0,0,0,0,0
11812,18561257934,Authentication,105,34,-23,920,0,11,0,0,1,0,0,0,720,0
11813,18561268096,Authentication,105,34,-23,920,0,11,0,0,1,0,0,0,720,0
11814,18561283824,Authentication,166,34,-57,920,0,11,0,0,0,0,0,0,0,0
11815,18561316591,Authentication,201,34,-58,920,0,11,0,0,0,0,0,0,0,0
11816,18561349359,Authentication,166,34,-58,920,0,11,0,0,0,0,0,0,0,0
11817,18561381245,Authentication,105,34,-23,920,0,11,0,0,1,0,0,0,720,0
11818,18561391558,Authentication,105,34,-23,920,0,11,0,0,1,0,0,0,720,0
11819,18561394414,Authentication,166,34,-57,920,0,11,0,0,0,0,0,0,0,0
11820,18561447663,Authentication,201,34,-57,920,0,11,0,0,0,0,0,0,0,0
11821,18561456905,Authentication,201,34,-56,920,0,11,0,0,0,0,0,0,0,0
11822,18561493842,Authentication,105,34,-23,920,0,11,0,0,1,0,0,0,720,0
11823,18561503743,Authentication,105,34,-24,920,0,11,0,0,1,0,0,0,720,0
11824,18561513198,Authentication,166,34,-58,920,0,11,0,0,0,0,0,0,0,0
11825,18561545966,Authentication,166,34,-57,920,0,11,0,0,0,0,0,0,0,0
11826,18561578734,Authentication,201,34,-57,920,0,11,0,0,0,0,0,0,0,0
11827,18561611502,Authentication,166,34,-58,920,0,11,0,0,0,0,0,0,0,0
11828,18561622912,Authentication,166,34,-22,920,0,11,0,0,1,0,0,0,720,0
11829,18561636196,Authentication,166,34,-23,920,0,11,0,0,1,0,0,0,720,0
11830,18561648366,Authentication,166,34,-57,920,0,11,0,0,0,0,0,0,0,0
11831,18561709805,Authentication,166,34,-57,920,0,11,0,0,0,0,0,0,0,0
11832,18561763051,Authentication,166,34,-57,920,0,11,0,0,0,0,0,0,0,0
11834,18561808108,Authentication,166,34,-57,920,0,11,0,0,0,0,0,0,0,0
11835,18561834445,Authentication,166,34,-23,920,0,11,0,0,1,0,0,0,720,0
11836,18561846737,Authentication,166,34,-23,920,0,11,0,0,1,0,0,0,720,0
11837,18561894121,Authentication,201,34,-59,920,0,11,0,0,0,0,0,0,0,0
11838,18561939180,Authentication,166,34,-57,920,0,11,0,0,0,0,0,0,0,0
11839,18561971947,Authentication,166,34,-57,920,0,11,0,0,0,0,0,0,0,0
11840,18562004715,Authentication,201,34,-57,920,0,11,0,0,0,0,0,0,0,0
11841,18562037483,Authentication,166,34,-57,920,0,11,0,0,0,0,0,0,0,0
11842,18562049205,Authentication,166,34,-27,920,0,11,0,0,1,0,0,0,720,0
11843,18562062332,Authentication,166,34,-22,920,0,11,0,0,1,0,0,0,720,0
11844,18562084586,Authentication,166,34,-57,920,0,11,0,0,0,0,0,0,0,0
11845,18562135786,Authentication,201,34,-58,920,0,11,0,0,0,0,0,0,0,0
11846,18562201321,Authentication,166,34,-57,920,0,11,0,0,0,0,0,0,0,0
11847,18562234090,Authentication,166,34,-57,920,0,11,0,0,0,0,0,0,0,0
11848,18562249503,Authentication,166,34,-24,920,0,11,0,0,1,0,0,0,720,0
11849,18562262785,Authentication,166,34,-22,920,0,11,0,0,1,0,0,0,720,0
11850,18562299625,Authentication,166,34,-56,920,0,11,0,0,0,0,0,0,0,0
11851,18562365161,Authentication,166,34,-58,920,0,11,0,0,0,0,0,0,0,0
11852,18562397928,Authentication,166,34,-57,920,0,11,0,0,0,0,0,0,0,0
11853,18562461693,Authentication,105,34,-23,920,0,11,0,0,1,0,0,0,720,0
11854,18562468050,Authentication,105,34,-22,920,0,11,0,0,1,0,0,0,720,0
11855,18562472868,Authentication,105,34,-21,920,0,11,0,0,1,0,0,0,720,0
11856,18562504424,Authentication,166,34,-57,920,0,11,0,0,0,0,0,0,0,0
11857,18562561767,Authentication,166,34,-56,920,0,11,0,0,0,0,0,0,0,0
11858,18562611548,Authentication,166,34,-23,920,0,11,0,0,1,0,0,0,720,0
11859,18562624622,Authentication,166,34,-22,920,0,11,0,0,1,0,0,0,720,0
11860,18562660071,Authentication,166,34,-56,920,0,11,0,0,0,0,0,0,0,0
11861,18562725607,Authentication,166,34,-58,920,0,11,0,0,0,0,0,0,0,0
11862,18562774756,Authentication,166,34,-58,920,0,11,0,0,0,0,0,0,0,0
11864,18562823910,Authentication,166,34,-58,920,0,11,0,0,0,0,0,0,0,0
11865,18562836120,Authentication,105,34,-23,920,0,11,0,0,1,0,0,0,720,0
11866,18562845949,Authentication,105,34,-23,920,0,11,0,0,1,0,0,0,720,0
11867,18562889446,Authentication,166,34,-56,920,0,11,0,0,0,0,0,0,0,0
11868,18562933476,Authentication,166,34,-56,920,0,11,0,0,0,0,0,0,0,0
11869,18562984406,Authentication,166,34,-23,920,0,11,0,0,1,0,0,0,720,0
11870,18562992271,Authentication,166,34,-23,920,0,11,0,0,1,0,0,0,720,0
11871,18563049186,Authentication,166,34,-57,920,0,11,0,0,0,0,0,0,0,0
11872,18563086052,Authentication,201,34,-56,920,0,11,0,0,0,0,0,0,0,0
11873,18563096214,Authentication,166,34,-57,920,0,11,0,0,0,0,0,0,0,0
11874,18563151587,Authentication,166,34,-57,920,0,11,0,0,0,0,0,0,0,0
11875,18563194715,Authentication,166,34,-23,920,0,11,0,0,1,0,0,0,720,0
11876,18563202267,Authentication,166,34,-23,920,0,11,0,0,1,0,0,0,720,0
11877,18563249891,Authentication,166,34,-57,920,0,11,0,0,0,0,0,0,0,0
11878,18563315426,Authentication,166,34,-57,920,0,11,0,0,0,0,0,0,0,0
11879,18563348194,Authentication,166,34,-57,920,0,11,0,0,0,0,0,0,0,0
11880,18563413730,Authentication,166,34,-56,920,0,11,0,0,0,0,0,0,0,0
11881,18563428907,Authentication,105,34,-24,920,0,11,0,0,1,0,0,0,720,0
11882,18563438491,Authentication,105,34,-22,920,0,11,0,0,1,0,0,0,720,0
11883,18563454689,Authentication,201,34,-56,920,0,11,0,0,0,0,0,0,0,0
11884,18563470047,Authentication,166,34,-59,920,0,11,0,0,0,0,0,0,0,0
11885,18563479266,Authentication,201,34,-56,920,0,11,0,0,0,0,0,0,0,0
11886,18563512034,Authentication,166,34,-57,920,0,11,0,0,0,0,0,0,0,0
11887,18563577569,Authentication,166,34,-58,920,0,11,0,0,0,0,0,0,0,0
11888,18563588768,Authentication,166,34,-23,920,0,11,0,0,1,0,0,0,720,0
11889,18563601891,Authentication,166,34,-22,920,0,11,0,0,1,0,0,0,720,0
11890,18563615456,Authentication,166,34,-57,920,0,11,0,0,0,0,0,0,0,0
11891,18563675873,Authentication,166,34,-56,920,0,11,0,0,0,0,0,0,0,0
11892,18563706149,QoS Data,148,34,-15,920,2,8,1,0,0,0,0,1,720,0
11893,18563709468,QoS Data,148,34,-28,920,2,8,0,0,0,0,0,1,720,0
11896,18563717158,QoS Data,131,34,-29,920,2,8,0,0,0,0,0,1,720,0
11898,18563750154,QoS Data,128,34,-15,920,2,8,1,0,0,0,0,1,720,0
11899,18563752843,QoS Data,128,34,-28,920,2,8,0,0,0,0,0,1,720,0
11901,18563774176,Authentication,166,34,-59,920,0,11,0,0,0,0,0,0,0,0
11902,18563839712,Authentication,166,34,-56,920,0,11,0,0,0,0,0,0,0,0
11903,18563856059,Authentication,166,34,-23,920,0,11,0,0,1,0,0,0,720,0
11904,18563869133,Authentication,166,34,-23,920,0,11,0,0,1,0,0,0,720,0
11905,18563881694,Authentication,166,34,-57,920,0,11,0,0,0,0,0,0,0,0
11906,18563938015,Authentication,166,34,-56,920,0,11,0,0,0,0,0,0,0,0
11908,18564003551,Authentication,166,34,-56,920,0,11,0,0,0,0,0,0,0,0
11909,18564040415,Authentication,166,34,-56,920,0,11,0,0,0,0,0,0,0,0
11910,18564050652,Authentication,201,34,-58,920,0,11,0,0,0,0,0,0,0,0
11911,18564061350,Authentication,105,34,-24,920,0,11,0,0,1,0,0,0,720,0
11912,18564074592,Authentication,105,34,-23,920,0,11,0,0,1,0,0,0,720,0
11913,18564101854,Authentication,166,34,-58,920,0,11,0,0,0,0,0,0,0,0
11914,18564159194,Authentication,166,34,-57,920,0,11,0,0,0,0,0,0,0,0
11915,18564204951,Authentication,105,34,-24,920,0,11,0,0,1,0,0,0,720,0
11916,18564214744,Authentication,105,34,-23,920,0,11,0,0,1,0,0,0,720,0
11917,18564307676,Authentication,166,34,-57,920,0,11,0,0,0,0,0,0,0,0
11918,18564354498,Authentication,166,34,-23,920,0,11,0,0,1,0,0,0,720,0
11919,18564368639,Authentication,166,34,-23,920,0,11,0,0,1,0,0,0,720,0
11920,18564429531,Authentication,166,34,-58,920,0,11,0,0,0,0,0,0,0,0
11921,18564462299,Authentication,166,34,-56,920,0,11,0,0,0,0,0,0,0,0
11922,18564527835,Authentication,166,34,-56,920,0,11,0,0,0,0,0,0,0,0
11923,18564573913,Authentication,166,34,-57,920,0,11,0,0,0,0,0,0,0,0
11924,18564623098,Authentication,105,34,-25,920,0,11,0,0,1,0,0,0,720,0
11925,18564626138,Authentication,166,34,-57,920,0,11,0,0,0,0,0,0,0,0
11926,18564630985,Authentication,105,34,-25,920,0,11,0,0,1,0,0,0,720,0
11927,18564686551,Authentication,166,34,-57,920,0,11,0,0,0,0,0,0,0,0
11928,18564691674,Authentication,201,34,-59,920,0,11,0,0,0,0,0,0,0,0
11929,18564724441,Authentication,166,34,-56,920,0,11,0,0,0,0,0,0,0,0
11930,18564774896,Authentication,166,34,-24,920,0,11,0,0,1,0,0,0,720,0
11931,18564787972,Authentication,166,34,-24,920,0,11,0,0,1,0,0,0,720,0
11932,18564822746,Authentication,201,34,-57,920,0,11,0,0,0,0,0,0,0,0
11933,18564828888,Authentication,166,34,-58,920,0,11,0,0,0,0,0,0,0,0
11934,18564835032,Authentication,201,34,-56,920,0,11,0,0,0,0,0,0,0,0
11935,18564953816,Authentication,166,34,-58,920,0,11,0,0,0,0,0,0,0,0
11936,18564976797,Authentication,166,34,-24,920,0,11,0,0,0,0,0,0,720,0
11937,18564993528,Authentication,166,34,-24,920,0,11,0,0,1,0,0,0,720,0
11938,18565109460,Authentication,166,34,-57,920,0,11,0,0,0,0,0,0,0,0
11939,18565178757,Authentication,105,34,-23,920,0,11,0,0,1,0,0,0,720,0
11940,18565188762,Authentication,105,34,-23,920,0,11,0,0,1,0,0,0,720,0
11941,18565215959,Authentication,166,34,-58,920,0,11,0,0,0,0,0,0,0,0
11942,18565220533,S1G Beacon,61,34,-25,920,3,1,,,,,,,0,0
11943,18565248727,Authentication,201,34,-57,920,0,11,0,0,0,0,0,0,0,0
11944,18565258889,Authentication,166,34,-58,920,0,11,0,0,0,0,0,0,0,0
11945,18565314262,Authentication,166,34,-56,920,0,11,0,0,0,0,0,0,0,0
11946,18565318951,Authentication,166,34,-25,920,0,11,0,0,0,0,0,0,720,0
11947,18565331921,Authentication,166,34,-23,920,0,11,0,0,1,0,0,0,720,0
11948,18565379798,Authentication,166,34,-58,920,0,11,0,0,0,0,0,0,0,0
11949,18565412565,Authentication,166,34,-58,920,0,11,0,0,0,0,0,0,0,0
11950,18565478101,Authentication,166,34,-57,920,0,11,0,0,0,0,0,0,0,0
11951,18565528974,Authentication,166,34,-23,920,0,11,0,0,1,0,0,0,720,0
11952,18565541892,Authentication,166,34,-24,920,0,11,0,0,1,0,0,0,720,0
11953,18565576405,Authentication,166,34,-56,920,0,11,0,0,0,0,0,0,0,0
11954,18565637841,Authentication,166,34,-57,920,0,11,0,0,0,0,0,0,0,0
11955,18565681875,Authentication,166,34,-57,920,0,11,0,0,0,0,0,0,0,0
11956,18565740243,Authentication,166,34,-58,920,0,11,0,0,0,0,0,0,0,0
11957,18565784554,Authentication,166,34,-23,920,0,11,0,0,1,0,0,0,720,0
11958,18565798202,Authentication,166,34,-23,920,0,11,0,0,1,0,0,0,720,0
11959,18565815020,Authentication,201,34,-57,920,0,11,0,0,0,0,0,0,0,0
11960,18565838547,Authentication,166,34,-57,920,0,11,0,0,0,0,0,0,0,0
11961,18565904082,Authentication,166,34,-58,920,0,11,0,0,0,0,0,0,0,0
11962,18565954255,Authentication,166,34,-57,920,0,11,0,0,0,0,0,0,0,0
11963,18566007074,Authentication,166,34,-23,920,0,11,0,0,1,0,0,0,720,0
11964,18566020551,Authentication,166,34,-27,920,0,11,0,0,1,0,0,0,720,0
11965,18566067921,Authentication,166,34,-56,920,0,11,0,0,0,0,0,0,0,0
11967,18566125262,Authentication,166,34,-58,920,0,11,0,0,0,0,0,0,0,0
11968,18566166224,Authentication,166,34,-57,920,0,11,0,0,0,0,0,0,0,0
11969,18566203400,Authentication,105,34,-23,920,0,11,0,0,1,0,0,0,720,0
11970,18566213507,Authentication,105,34,-23,920,0,11,0,0,1,0,0,0,720,0
11971,18566231760,Authentication,166,34,-58,920,0,11,0,0,0,0,0,0,0,0
11972,18566274767,Authentication,166,34,-57,920,0,11,0,0,0,0,0,0,0,0
11973,18566330064,Authentication,166,34,-59,920,0,11,0,0,0,0,0,0,0,0
11974,18566345865,Authentication,105,34,-23,920,0,11,0,0,1,0,0,0,720,0
11975,18566355869,Authentication,105,34,-23,920,0,11,0,0,1,0,0,0,720,0
11976,18566395599,Authentication,166,34,-57,920,0,11,0,0,0,0,0,0,0,0
11977,18566452940,Authentication,166,34,-57,920,0,11,0,0,0,0,0,0,0,0
11978,18566498751,Authentication,166,34,-24,920,0,11,0,0,1,0,0,0,720,0
11979,18566511615,Authentication,166,34,-24,920,0,11,0,0,1,0,0,0,720,0
11980,18566564283,Deauthentication,64,34,-24,920,0,12,0,0,1,0,0,0,720,0
11981,18566568022,Deauthentication,64,34,-26,920,0,12,0,0,1,0,0,0,720,0
11982,18566623946,Authentication,166,34,-57,920,0,11,0,0,0,0,0,0,0,0
11983,18566662861,Authentication,166,34,-58,920,0,11,0,0,0,0,0,0,0,0
11984,18566714326,Authentication,166,34,-23,920,0,11,0,0,1,0,0,0,720,0
11985,18566727869,Authentication,166,34,-23,920,0,11,0,0,1,0,0,0,720,0
11986,18566777546,Authentication,166,34,-56,920,0,11,0,0,0,0,0,0,0,0
11987,18566821581,Authentication,201,34,-57,920,0,11,0,0,0,0,0,0,0,0
11988,18566836166,S1G Beacon,61,34,-23,920,3,1,,,,,,,0,0
11989,18566837962,Authentication,201,34,-57,920,0,11,0,0,0,0,0,0,0,0
11990,18566887116,Authentication,166,34,-57,920,0,11,0,0,0,0,0,0,0,0
11991,18566921932,Authentication,166,34,-57,920,0,11,0,0,0,0,0,0,0,0
11992,18566965139,Authentication,105,34,-24,920,0,11,0,0,1,0,0,0,720,0
11993,18566975141,Authentication,105,34,-23,920,0,11,0,0,1,0,0,0,720,0
11994,18566983304,Authentication,201,34,-57,920,0,11,0,0,0,0,0,0,0,0
11995,18566993466,Authentication,166,34,-61,920,0,11,0,0,0,0,0,0,0,0
11996,18567040712,Authentication,166,34,-59,920,0,11,0,0,0,0,0,0,0,0
11997,18567083723,Authentication,166,34,-56,920,0,11,0,0,0,0,0,0,0,0
11998,18567114110,Authentication,166,34,-25,920,0,11,0,0,1,0,0,0,720,0
11999,18567127082,Authentication,166,34,-23,920,0,11,0,0,1,0,0,0,720,0
12000,18567149258,Authentication,166,34,-58,920,0,11,0,0,0,0,0,0,0,0
12001,18567179994,Disassociation,64,34,-23,920,0,10,0,0,1,0,0,0,720,0
12002,18567188398,Disassociation,64,34,-24,920,0,10,0,0,1,0,0,0,720,0
12003,18567247561,Authentication,166,34,-56,920,0,11,0,0,0,0,0,0,0,0
12004,18567313097,Authentication,166,34,-58,920,0,11,0,0,0,0,0,0,0,0
12005,18567324510,Authentication,166,34,-23,920,0,11,0,0,1,0,0,0,720,0
12006,18567336128,Authentication,166,34,-23,920,0,11,0,0,1,0,0,0,720,0
12007,18567345865,Authentication,166,34,-58,920,0,11,0,0,0,0,0,0,0,0
12008,18567411401,Authentication,166,34,-58,920,0,11,0,0,0,0,0,0,0,0
12009,18567456455,Authentication,166,34,-58,920,0,11,0,0,0,0,0,0,0,0
12010,18567509704,Authentication,166,34,-58,920,0,11,0,0,0,0,0,0,0,0
12011,18567522190,Authentication,105,34,-24,920,0,11,0,0,1,0,0,0,720,0
12012,18567532088,Authentication,105,34,-24,920,0,11,0,0,1,0,0,0,720,0
12013,18567573189,Authentication,166,34,-57,920,0,11,0,0,0,0,0,0,0,0
12014,18567590085,Authentication,201,34,-58,920,0,11,0,0,0,0,0,0,0,0
12015,18567608008,Authentication,201,34,-57,920,0,11,0,0,0,0,0,0,0,0
12016,18567673542,Authentication,166,34,-56,920,0,11,0,0,0,0,0,0,0,0
12017,18567717574,Authentication,166,34,-57,920,0,11,0,0,0,0,0,0,0,0
12019,18567758935,Authentication,166,34,-23,920,0,11,0,0,1,0,0,0,720,0
12020,18567776589,Authentication,166,34,-24,920,0,11,0,0,1,0,0,0,720,0
12021,18567837382,Authentication,166,34,-57,920,0,11,0,0,0,0,0,0,0,0
12022,18567886532,Authentication,166,34,-57,920,0,11,0,0,0,0,0,0,0,0
12023,18567935685,Authentication,166,34,-58,920,0,11,0,0,0,0,0,0,0,0
12024,18568008711,Authentication,166,34,-22,920,0,11,0,0,0,0,0,0,720,0
12025,18568021579,Authentication,166,34,-24,920,0,11,0,0,1,0,0,0,720,0
12026,18568099525,Authentication,166,34,-57,920,0,11,0,0,0,0,0,0,0,0
12027,18568140484,Authentication,201,34,-57,920,0,11,0,0,0,0,0,0,0,0
12028,18568165060,Authentication,166,34,-56,920,0,11,0,0,0,0,0,0,0,0
12029,18568210115,Authentication,166,34,-57,920,0,11,0,0,0,0,0,0,0,0
12030,18568263364,Authentication,166,34,-57,920,0,11,0,0,0,0,0,0,0,0
12031,18568274825,Authentication,166,34,-23,920,0,11,0,0,1,0,0,0,720,0
12032,18568288055,Authentication,166,34,-24,920,0,11,0,0,1,0,0,0,720,0
12033,18568328899,Authentication,166,34,-58,920,0,11,0,0,0,0,0,0,0,0
12034,18568361667,Authentication,166,34,-56,920,0,11,0,0,0,0,0,0,0,0
12035,18568427202,Authentication,166,34,-57,920,0,11,0,0,0,0,0,0,0,0
12036,18568468161,Authentication,166,34,-59,920,0,11,0,0,0,0,0,0,0,0
12037,18568476357,Authentication,166,34,-23,920,0,11,0,0,0,0,0,0,720,0
12038,18568489586,Authentication,166,34,-23,920,0,11,0,0,1,0,0,0,720,0
12039,18568518467,Data,158,34,-27,920,2,0,0,0,0,0,0,1,0,0
12040,18568525505,Authentication,166,34,-56,920,0,11,0,0,0,0,0,0,0,0
12041,18568591041,Authentication,166,34,-56,920,0,11,0,0,0,0,0,0,0,0
12042,18568623810,Authentication,166,34,-56,920,0,11,0,0,0,0,0,0,0,0
12043,18568685732,Authentication,105,34,-24,920,0,11,0,0,1,0,0,0,720,0
12044,18568689345,Authentication,166,34,-58,920,0,11,0,0,0,0,0,0,0,0
12045,18568698956,Authentication,105,34,-24,920,0,11,0,0,1,0,0,0,720,0
12046,18568729507,QoS Data,148,34,-14,920,2,8,1,0,0,0,0,1,720,0
12047,18568733034,QoS Data,148,34,-28,920,2,8,0,0,0,0,0,1,720,0
12049,18568737471,Authentication,166,34,-57,920,0,11,0,0,0,0,0,0,0,0
12050,18568742419,QoS Data,131,34,-19,920,2,8,1,0,0,0,0,1,720,0
12052,18568750195,QoS Data,128,34,-15,920,2,8,1,0,0,0,0,1,720,0
12054,18568787647,Authentication,166,34,-56,920,0,11,0,0,0,0,0,0,0,0
12055,18568827908,Authentication,166,34,-23,920,0,11,0,0,0,0,0,0,720,0
12056,18568841298,Authentication,166,34,-23,920,0,11,0,0,1,0,0,0,720,0
12057,18568891072,Authentication,166,34,-56,920,0,11,0,0,0,0,0,0,0,0
12058,18568951487,Authentication,166,34,-56,920,0,11,0,0,0,0,0,0,0,0
12059,18569017023,Authentication,166,34,-57,920,0,11,0,0,0,0,0,0,0,0
12060,18569054479,Authentication,166,34,-23,920,0,11,0,0,1,0,0,0,720,0
12061,18569061042,Authentication,166,34,-22,920,0,11,0,0,1,0,0,0,720,0
12062,18569115325,Authentication,166,34,-56,920,0,11,0,0,0,0,0,0,0,0
12063,18569169596,Authentication,166,34,-56,920,0,11,0,0,0,0,0,0,0,0
12064,18569213629,Authentication,166,34,-57,920,0,11,0,0,0,0,0,0,0,0
12065,18569261616,Authentication,105,34,-25,920,0,11,0,0,1,0,0,0,720,0
12066,18569271622,Authentication,105,34,-23,920,0,11,0,0,1,0,0,0,720,0
12067,18569279164,Authentication,166,34,-57,920,0,11,0,0,0,0,0,0,0,0
12068,18569322095,Authentication,166,34,-58,920,0,11,0,0,0,0,0,0,0,0
12069,18569377468,Authentication,166,34,-57,920,0,11,0,0,0,0,0,0,0,0
12070,18569404196,Authentication,105,34,-23,920,0,11,0,0,1,0,0,0,720,0
12071,18569413885,Authentication,105,34,-23,920,0,11,0,0,1,0,0,0,720,0
12072,18569443004,Authentication,166,34,-58,920,0,11,0,0,0,0,0,0,0,0
12073,18569475772,Authentication,166,34,-57,920,0,11,0,0,0,0,0,0,0,0
12074,18569541307,Authentication,166,34,-57,920,0,11,0,0,0,0,0,0,0,0
12075,18569550816,Authentication,105,34,-23,920,0,11,0,0,1,0,0,0,720,0
12076,18569560765,Authentication,105,34,-25,920,0,11,0,0,1,0,0,0,720,0
12077,18569594552,Authentication,166,34,-57,920,0,11,0,0,0,0,0,0,0,0
12078,18569687929,Authentication,166,34,-28,920,0,11,0,0,0,0,0,0,720,0
12079,18569701107,Authentication,166,34,-24,920,0,11,0,0,1,0,0,0,720,0
12080,18569709385,Authentication,166,34,-24,920,0,11,0,0,1,0,0,0,720,0
12081,18569753272,Authentication,166,34,-57,920,0,11,0,0,0,0,0,0,0,0
12082,18569803449,Authentication,166,34,-58,920,0,11,0,0,0,0,0,0,0,0
12083,18569868984,Authentication,166,34,-57,920,0,11,0,0,0,0,0,0,0,0
12084,18569889462,Authentication,201,34,-57,920,0,11,0,0,0,0,0,0,0,0
12085,18569895071,Authentication,105,34,-25,920,0,11,0,0,0,0,0,0,720,0
12086,18569911678,Authentication,105,34,-24,920,0,11,0,0,1,0,0,0,720,0
12087,18569967289,Authentication,166,34,-58,920,0,11,0,0,0,0,0,0,0,0
12088,18570006199,Authentication,166,34,-57,920,0,11,0,0,0,0,0,0,0,0
12089,18570043305,Authentication,166,34,-23,920,0,11,0,0,1,0,0,0,720,0
12090,18570056379,Authentication,166,34,-23,920,0,11,0,0,1,0,0,0,720,0
12091,18570065592,Authentication,166,34,-56,920,0,11,0,0,0,0,0,0,0,0
12092,18570131127,Authentication,166,34,-57,920,0,11,0,0,0,0,0,0,0,0
12093,18570163895,Authentication,166,34,-58,920,0,11,0,0,0,0,0,0,0,0
12094,18570190515,Authentication,201,34,-57,920,0,11,0,0,0,0,0,0,0,0
12095,18570229430,Authentication,166,34,-57,920,0,11,0,0,0,0,0,0,0,0
12096,18570247444,Authentication,166,34,-23,920,0,11,0,0,1,0,0,0,720,0
12097,18570260464,Authentication,166,34,-21,920,0,11,0,0,1,0,0,0,720,0
12098,18570327734,Authentication,166,34,-56,920,0,11,0,0,0,0,0,0,0,0
12099,18570392241,Authentication,166,34,-57,920,0,11,0,0,0,0,0,0,0,0
12100,18570426038,Authentication,166,34,-56,920,0,11,0,0,0,0,0,0,0,0
12101,18570484132,Authentication,105,34,-19,920,0,11,0,0,0,0,0,0,720,0
12102,18570489108,Authentication,105,34,-19,920,0,11,0,0,1,0,0,0,720,0
12103,18570496095,Authentication,105,34,-20,920,0,11,0,0,1,0,0,0,720,0
12104,18570501122,Authentication,105,34,-19,920,0,11,0,0,1,0,0,0,720,0
12105,18570524341,Authentication,201,34,-57,920,0,11,0,0,0,0,0,0,0,0
12106,18570589877,Authentication,166,34,-56,920,0,11,0,0,0,0,0,0,0,0
12107,18570634034,Authentication,166,34,-20,920,0,11,0,0,0,0,0,0,720,0
12108,18570640443,Authentication,166,34,-20,920,0,11,0,0,1,0,0,0,720,0
12109,18570646905,Authentication,166,34,-19,920,0,11,0,0,1,0,0,0,720,0
12110,18570688180,Authentication,166,34,-56,920,0,11,0,0,0,0,0,0,0,0
12111,18570753715,Authentication,166,34,-57,920,0,11,0,0,0,0,0,0,0,0
12112,18570801841,Authentication,166,34,-57,920,0,11,0,0,0,0,0,0,0,0
12113,18570834286,Authentication,166,34,-19,920,0,11,0,0,0,0,0,0,720,0
12114,18570847620,Authentication,166,34,-20,920,0,11,0,0,1,0,0,0,720,0
12115,18570852018,Authentication,166,34,-57,920,0,11,0,0,0,0,0,0,0,0
12116,18570856813,Authentication,166,34,-19,920,0,11,0,0,1,0,0,0,720,0
12117,18570917555,Authentication,166,34,-56,920,0,11,0,0,0,0,0,0,0,0
12118,18570932183,S1G Beacon,129,34,-20,920,3,1,,,,,,,0,0
12119,18570962607,Authentication,166,34,-56,920,0,11,0,0,0,0,0,0,0,0
12120,18571015858,Authentication,166,34,-57,920,0,11,0,0,0,0,0,0,0,0
12121,18571021069,Data,287,34,-19,920,2,0,0,0,0,0,0,1,0,0
12122,18571029325,Authentication,166,34,-20,920,0,11,0,0,0,0,0,0,720,0
12123,18571034485,Authentication,166,34,-19,920,0,11,0,0,1,0,0,0,720,0
12124,18571041048,Authentication,166,34,-19,920,0,11,0,0,1,0,0,0,720,0
12125,18571072174,Authentication,166,34,-57,920,0,11,0,0,0,0,0,0,0,0
12126,18571114161,Authentication,201,34,-58,920,0,11,0,0,0,0,0,0,0,0
12127,18571124323,Authentication,201,34,-57,920,0,11,0,0,0,0,0,0,0,0
12128,18571133565,Authentication,201,34,-58,920,0,11,0,0,0,0,0,0,0,0
12129,18571179697,Authentication,166,34,-56,920,0,11,0,0,0,0,0,0,0,0
12130,18571224750,Authentication,166,34,-58,920,0,11,0,0,0,0,0,0,0,0
12131,18571247849,Authentication,166,34,-20,920,0,11,0,0,0,0,0,0,720,0
12132,18571259520,Authentication,166,34,-22,920,0,11,0,0,1,0,0,0,720,0
12133,18571265927,Authentication,166,34,-19,920,0,11,0,0,1,0,0,0,720,0
12134,18571278000,Authentication,166,34,-57,920,0,11,0,0,0,0,0,0,0,0
12135,18571343535,Authentication,166,34,-56,920,0,11,0,0,0,0,0,0,0,0
12136,18571376304,Authentication,166,34,-56,920,0,11,0,0,0,0,0,0,0,0
12137,18571441838,Authentication,166,34,-56,920,0,11,0,0,0,0,0,0,0,0
12138,18571455475,Authentication,105,34,-19,920,0,11,0,0,0,0,0,0,720,0
12139,18571460295,Authentication,105,34,-20,920,0,11,0,0,1,0,0,0,720,0
12140,18571465220,Authentication,105,34,-20,920,0,11,0,0,1,0,0,0,720,0
12141,18571540142,Authentication,166,34,-56,920,0,11,0,0,0,0,0,0,0,0
12142,18571604379,Authentication,166,34,-20,920,0,11,0,0,1,0,0,0,720,0
12143,18571610215,Authentication,166,34,-22,920,0,11,0,0,1,0,0,0,720,0
12144,18571616622,Authentication,166,34,-19,920,0,11,0,0,1,0,0,0,720,0
12145,18571638446,Authentication,166,34,-57,920,0,11,0,0,0,0,0,0,0,0
12146,18571703981,Authentication,166,34,-57,920,0,11,0,0,0,0,0,0,0,0
12147,18571748012,Authentication,166,34,-56,920,0,11,0,0,0,0,0,0,0,0
12148,18571802285,Authentication,166,34,-58,920,0,11,0,0,0,0,0,0,0,0
12149,18571827825,Authentication,166,34,-19,920,0,11,0,0,0,0,0,0,720,0
12150,18571834233,Authentication,166,34,-19,920,0,11,0,0,1,0,0,0,720,0
12151,18571840916,Authentication,166,34,-19,920,0,11,0,0,1,0,0,0,720,0
12152,18571847427,Authentication,166,34,-19,920,0,11,0,0,1,0,0,0,720,0
12153,18571867821,Authentication,166,34,-56,920,0,11,0,0,0,0,0,0,0,0
12154,18571900588,Authentication,166,34,-57,920,0,11,0,0,0,0,0,0,0,0
12155,18571966124,Authentication,166,34,-56,920,0,11,0,0,0,0,0,0,0,0
12156,18572009130,Authentication,166,34,-56,920,0,11,0,0,0,0,0,0,0,0
12157,18572034265,Authentication,166,34,-21,920,0,11,0,0,1,0,0,0,720,0
12158,18572040829,Authentication,166,34,-19,920,0,11,0,0,1,0,0,0,720,0
12159,18572064427,Authentication,166,34,-56,920,0,11,0,0,0,0,0,0,0,0
12160,18572078761,Authentication,201,34,-59,920,0,11,0,0,0,0,0,0,0,0
12161,18572094119,Authentication,201,34,-58,920,0,11,0,0,0,0,0,0,0,0
12162,18572129963,Authentication,166,34,-56,920,0,11,0,0,0,0,0,0,0,0
12163,18572162730,Authentication,166,34,-56,920,0,11,0,0,0,0,0,0,0,0
12164,18572228266,Authentication,166,34,-57,920,0,11,0,0,0,0,0,0,0,0
12165,18572234463,Authentication,105,34,-19,920,0,11,0,0,0,0,0,0,720,0
12166,18572239332,Authentication,105,34,-20,920,0,11,0,0,1,0,0,0,720,0
12167,18572244152,Authentication,105,34,-20,920,0,11,0,0,1,0,0,0,720,0
12168,18572249286,Authentication,105,34,-19,920,0,11,0,0,1,0,0,0,720,0
12169,18572280487,Authentication,166,34,-58,920,0,11,0,0,0,0,0,0,0,0
12170,18572326569,Authentication,166,34,-58,920,0,11,0,0,0,0,0,0,0,0
12171,18572367454,Authentication,105,34,-20,920,0,11,0,0,0,0,0,0,720,0
12172,18572372481,Authentication,105,34,-19,920,0,11,0,0,1,0,0,0,720,0
12173,18572377612,Authentication,105,34,-20,920,0,11,0,0,1,0,0,0,720,0
12174,18572382642,Authentication,105,34,-19,920,0,11,0,0,1,0,0,0,720,0
12175,18572392105,Authentication,166,34,-57,920,0,11,0,0,0,0,0,0,0,0
12176,18572424873,Authentication,166,34,-57,920,0,11,0,0,0,0,0,0,0,0
12177,18572490408,Authentication,166,34,-56,920,0,11,0,0,0,0,0,0,0,0
12178,18572496971,Data,378,34,-19,920,2,0,0,0,0,0,0,1,0,0
12179,18572507719,Authentication,166,34,-19,920,0,11,0,0,0,0,0,0,720,0
12180,18572514491,Authentication,166,34,-19,920,0,11,0,0,1,0,0,0,720,0
12181,18572521107,Authentication,166,34,-19,920,0,11,0,0,1,0,0,0,720,0
12182,18572527775,Authentication,166,34,-19,920,0,11,0,0,1,0,0,0,720,0
12183,18572555944,Authentication,166,34,-57,920,0,11,0,0,0,0,0,0,0,0
12184,18572570590,S1G Beacon,129,34,-19,920,3,1,,,,,,,0,0
12185,18572588711,Authentication,166,34,-57,920,0,11,0,0,0,0,0,0,0,0
12186,18572600576,Data,387,34,-19,920,2,0,0,0,0,0,0,1,0,0
12187,18572654247,Authentication,166,34,-57,920,0,11,0,0,0,0,0,0,0,0
12188,18572698277,Authentication,166,34,-56,920,0,11,0,0,0,0,0,0,0,0
12189,18572705410,Data,450,34,-19,920,2,0,0,0,0,0,0,1,0,0
12190,18572717611,Authentication,166,34,-19,920,0,11,0,0,0,0,0,0,720,0
12191,18572724279,Authentication,166,34,-20,920,0,11,0,0,1,0,0,0,720,0
12192,18572730894,Authentication,166,34,-19,920,0,11,0,0,1,0,0,0,720,0
12193,18572736052,Authentication,166,34,-20,920,0,11,0,0,1,0,0,0,720,0
12194,18572752550,Authentication,166,34,-56,920,0,11,0,0,0,0,0,0,0,0
12195,18572808690,Data,442,34,-19,920,2,0,0,0,0,0,0,1,0,0
12196,18572850854,Authentication,201,34,-57,920,0,11,0,0,0,0,0,0,0,0
12197,18572860095,Authentication,201,34,-57,920,0,11,0,0,0,0,0,0,0,0
12198,18572869284,Authentication,201,34,-57,920,0,11,0,0,0,0,0,0,0,0
12199,18572883622,Authentication,201,34,-57,920,0,11,0,0,0,0,0,0,0,0
12200,18572912742,Data,387,34,-20,920,2,0,0,0,0,0,0,1,0,0
12201,18572966563,Authentication,166,34,-58,920,0,11,0,0,0,0,0,0,0,0
12202,18572981925,Authentication,201,34,-57,920,0,11,0,0,0,0,0,0,0,0
12203,18572988990,Authentication,105,34,-19,920,0,11,0,0,0,0,0,0,720,0
12204,18572996636,Authentication,105,34,-21,920,0,11,0,0,1,0,0,0,720,0
12205,18573001769,Authentication,105,34,-19,920,0,11,0,0,1,0,0,0,720,0
12206,18573006498,Authentication,201,34,-57,920,0,11,0,0,0,0,0,0,0,0
12207,18573012108,Authentication,105,34,-20,920,0,11,0,0,1,0,0,0,720,0
12208,18573019774,Authentication,166,34,-57,920,0,11,0,0,0,0,0,0,0,0
12209,18573024686,Data,426,34,-19,920,2,0,0,0,0,0,0,1,0,0
12210,18573080228,Authentication,166,34,-56,920,0,11,0,0,0,0,0,0,0,0
12211,18573112996,Authentication,166,34,-56,920,0,11,0,0,0,0,0,0,0,0
12212,18573120702,Data,458,34,-19,920,2,0,0,0,0,0,0,1,0,0
12213,18573133467,Authentication,166,34,-19,920,0,11,0,0,0,0,0,0,720,0
12214,18573139925,Authentication,166,34,-19,920,0,11,0,0,1,0,0,0,720,0
12215,18573152999,Authentication,166,34,-21,920,0,11,0,0,1,0,0,0,720,0
12216,18573178531,Authentication,166,34,-56,920,0,11,0,0,0,0,0,0,0,0
12217,18573224713,Data,387,34,-19,920,2,0,0,0,0,0,0,1,0,0
12218,18573328588,Data,446,34,-19,920,2,0,0,0,0,0,0,1,0,0
12219,18573345691,Authentication,105,34,-21,920,0,11,0,0,1,0,0,0,720,0
12220,18573350666,Authentication,105,34,-19,920,0,11,0,0,1,0,0,0,720,0
12221,18573355797,Authentication,105,34,-20,920,0,11,0,0,1,0,0,0,720,0
12222,18573375139,Authentication,166,34,-56,920,0,11,0,0,0,0,0,0,0,0
12223,18573389792,S1G Beacon,61,34,-19,920,3,1,,,,,,,0,0
12224,18573432659,Data,440,34,-19,920,2,0,0,0,0,0,0,1,0,0
12225,18573473333,Authentication,105,34,-19,920,0,11,0,0,0,0,0,0,720,0
12226,18573478100,Authentication,105,34,-20,920,0,11,0,0,1,0,0,0,720,0
12227,18573483077,Authentication,105,34,-19,920,0,11,0,0,1,0,0,0,720,0
12228,18573536694,Data,387,34,-19,920,2,0,0,0,0,0,0,1,0,0
12229,18573556107,Deauthentication,64,34,-19,920,0,12,0,0,0,0,0,0,720,0
12230,18573560158,Deauthentication,64,34,-20,920,0,12,0,0,1,0,0,0,720,0
12231,18573563949,Deauthentication,64,34,-20,920,0,12,0,0,1,0,0,0,720,0
12232,18573567894,Deauthentication,64,34,-20,920,0,12,0,0,1,0,0,0,720,0
12233,18573604513,Authentication,166,34,-57,920,0,11,0,0,0,0,0,0,0,0
12234,18573614535,Authentication,166,34,-20,920,0,11,0,0,0,0,0,0,720,0
12235,18573621254,Authentication,166,34,-19,920,0,11,0,0,1,0,0,0,720,0
12236,18573634222,Authentication,166,34,-20,920,0,11,0,0,1,0,0,0,720,0
12237,18573640310,Authentication,201,34,-57,920,0,11,0,0,0,0,0,0,0,0
12238,18573646442,Data,442,34,-20,920,2,0,0,0,0,0,0,1,0,0
12239,18573702816,Authentication,166,34,-58,920,0,11,0,0,0,0,0,0,0,0
12240,18573744673,Data,452,34,-20,920,2,0,0,0,0,0,0,1,0,0
12241,18573757639,QoS Data,149,34,-18,920,2,8,1,0,0,0,0,1,720,0
12242,18573761115,QoS Data,149,34,-27,920,2,8,0,0,0,0,0,1,720,0
12245,18573773615,QoS Data,131,34,-27,920,2,8,0,0,0,0,0,1,720,0
12247,18573796563,Authentication,105,34,-19,920,0,11,0,0,0,0,0,0,720,0
12248,18573801120,Authentication,166,34,-57,920,0,11,0,0,0,0,0,0,0,0
12249,18573805809,Authentication,105,34,-19,920,0,11,0,0,1,0,0,0,720,0
12250,18573815498,Authentication,105,34,-20,920,0,11,0,0,1,0,0,0,720,0
12251,18573866655,Authentication,166,34,-57,920,0,11,0,0,0,0,0,0,0,0
12252,18573909662,Authentication,166,34,-56,920,0,11,0,0,0,0,0,0,0,0
12253,18573944524,Authentication,166,34,-20,920,0,11,0,0,1,0,0,0,720,0
12254,18573957649,Authentication,166,34,-22,920,0,11,0,0,1,0,0,0,720,0
12255,18573964959,Authentication,166,34,-57,920,0,11,0,0,0,0,0,0,0,0
12256,18573974201,Authentication,201,34,-59,920,0,11,0,0,0,0,0,0,0,0
12257,18573999945,QoS Data,128,34,-19,920,2,8,1,0,0,0,0,1,720,0
12258,18574002842,QoS Data,128,34,-25,920,2,8,0,0,0,0,0,1,720,0
12260,18574005879,QoS Data,128,34,-18,920,2,8,1,0,1,0,0,1,720,0
12262,18574030494,Authentication,166,34,-56,920,0,11,0,0,0,0,0,0,0,0
12263,18574040801,Data,287,34,-20,920,2,0,0,0,0,0,0,1,0,0
12264,18574076573,Authentication,166,34,-57,920,0,11,0,0,0,0,0,0,0,0
12265,18574128797,Authentication,166,34,-56,920,0,11,0,0,0,0,0,0,0,0
12266,18574194333,Authentication,166,34,-57,920,0,11,0,0,0,0,0,0,0,0
12267,18574208993,S1G Beacon,129,34,-19,920,3,1,,,,,,,0,0
12268,18574213412,Authentication,166,34,-19,920,0,11,0,0,0,0,0,0,720,0
12269,18574219818,Authentication,166,34,-19,920,0,11,0,0,1,0,0,0,720,0
12270,18574225343,Authentication,166,34,-19,920,0,11,0,0,1,0,0,0,720,0
12271,18574292637,Authentication,166,34,-55,920,0,11,0,0,0,0,0,0,0,0
12272,18574352025,Authentication,166,34,-58,920,0,11,0,0,0,0,0,0,0,0
12273,18574390940,Authentication,166,34,-56,920,0,11,0,0,0,0,0,0,0,0
12274,18574414571,Authentication,166,34,-20,920,0,11,0,0,1,0,0,0,720,0
12275,18574434657,Authentication,166,34,-22,920,0,11,0,0,1,0,0,0,720,0
12276,18574445209,Authentication,201,34,-56,920,0,11,0,0,0,0,0,0,0,0
12277,18574456476,Authentication,166,34,-56,920,0,11,0,0,0,0,0,0,0,0
12278,18574505625,Authentication,166,34,-57,920,0,11,0,0,0,0,0,0,0,0
12279,18574554779,Authentication,166,34,-58,920,0,11,0,0,0,0,0,0,0,0
12280,18574620315,Authentication,166,34,-56,920,0,11,0,0,0,0,0,0,0,0
12281,18574653082,Authentication,166,34,-56,920,0,11,0,0,0,0,0,0,0,0
12282,18574687828,Authentication,166,34,-20,920,0,11,0,0,0,0,0,0,720,0
12283,18574694340,Authentication,166,34,-20,920,0,11,0,0,1,0,0,0,720,0
12284,18574700745,Authentication,166,34,-20,920,0,11,0,0,1,0,0,0,720,0
12285,18574707361,Authentication,166,34,-20,920,0,11,0,0,1,0,0,0,720,0
12286,18574718618,Authentication,166,34,-57,920,0,11,0,0,0,0,0,0,0,0
12287,18574770838,Authentication,166,34,-56,920,0,11,0,0,0,0,0,0,0,0
12288,18574816921,Authentication,166,34,-57,920,0,11,0,0,0,0,0,0,0,0
12289,18574882457,Authentication,166,34,-57,920,0,11,0,0,0,0,0,0,0,0
12290,18574897807,Authentication,166,34,-20,920,0,11,0,0,0,0,0,0,720,0
12291,18574904576,Authentication,166,34,-19,920,0,11,0,0,1,0,0,0,720,0
12292,18574911245,Authentication,166,34,-19,920,0,11,0,0,1,0,0,0,720,0
12293,18574917861,Authentication,166,34,-20,920,0,11,0,0,1,0,0,0,720,0
12294,18574923416,Authentication,166,34,-57,920,0,11,0,0,0,0,0,0,0,0
12295,18574980760,Authentication,166,34,-57,920,0,11,0,0,0,0,0,0,0,0
12296,18575079064,Authentication,166,34,-57,920,0,11,0,0,0,0,0,0,0,0
12297,18575117865,Authentication,166,34,-19,920,0,11,0,0,0,0,0,0,720,0
12298,18575124479,Authentication,166,34,-19,920,0,11,0,0,1,0,0,0,720,0
12299,18575131249,Authentication,166,34,-19,920,0,11,0,0,1,0,0,0,720,0
12300,18575137657,Authentication,166,34,-20,920,0,11,0,0,1,0,0,0,720,0
12301,18575144599,Authentication,166,34,-57,920,0,11,0,0,0,0,0,0,0,0
12302,18575192725,Authentication,166,34,-58,920,0,11,0,0,0,0,0,0,0,0
12303,18575242903,Authentication,166,34,-57,920,0,11,0,0,0,0,0,0,0,0
12304,18575308438,Authentication,166,34,-56,920,0,11,0,0,0,0,0,0,0,0
12305,18575348373,Authentication,166,34,-58,920,0,11,0,0,0,0,0,0,0,0
12306,18575363411,Authentication,105,34,-19,920,0,11,0,0,0,0,0,0,720,0
12307,18575368544,Authentication,105,34,-20,920,0,11,0,0,1,0,0,0,720,0
12308,18575373467,Authentication,105,34,-19,920,0,11,0,0,1,0,0,0,720,0
12309,18575406742,Authentication,166,34,-58,920,0,11,0,0,0,0,0,0,0,0
12310,18575471250,Authentication,166,34,-56,920,0,11,0,0,0,0,0,0,0,0
12311,18575507093,Authentication,166,34,-57,920,0,11,0,0,0,0,0,0,0,0
12312,18575511679,Authentication,166,34,-20,920,0,11,0,0,0,0,0,0,720,0
12313,18575524701,Authentication,166,34,-20,920,0,11,0,0,1,0,0,0,720,0
12314,18575531161,Authentication,166,34,-19,920,0,11,0,0,1,0,0,0,720,0
12315,18575570580,Authentication,166,34,-57,920,0,11,0,0,0,0,0,0,0,0
12316,18575618706,Authentication,166,34,-56,920,0,11,0,0,0,0,0,0,0,0
12317,18575668884,Authentication,166,34,-56,920,0,11,0,0,0,0,0,0,0,0
12318,18575720675,Authentication,105,34,-20,920,0,11,0,0,0,0,0,0,720,0
12319,18575725443,Authentication,105,34,-19,920,0,11,0,0,1,0,0,0,720,0
12320,18575739264,Authentication,105,34,-21,920,0,11,0,0,1,0,0,0,720,0
12321,18575769235,Authentication,166,34,-57,920,0,11,0,0,0,0,0,0,0,0
12322,18575847401,S1G Beacon,129,34,-19,920,3,1,,,,,,,0,0
12323,18575863573,Authentication,105,34,-19,920,0,11,0,0,0,0,0,0,720,0
12324,18575873212,Authentication,105,34,-20,920,0,11,0,0,1,0,0,0,720,0
12325,18575931027,Authentication,166,34,-56,920,0,11,0,0,0,0,0,0,0,0
12326,18575996562,Authentication,201,34,-57,920,0,11,0,0,0,0,0,0,0,0
12327,18576005804,Authentication,201,34,-57,920,0,11,0,0,0,0,0,0,0,0
12328,18576016410,Authentication,166,34,-20,920,0,11,0,0,0,0,0,0,720,0
12329,18576029643,Authentication,166,34,-21,920,0,11,0,0,1,0,0,0,720,0
12330,18576036103,Authentication,166,34,-22,920,0,11,0,0,1,0,0,0,720,0
12331,18576094865,Authentication,166,34,-57,920,0,11,0,0,0,0,0,0,0,0
12332,18576158349,Authentication,166,34,-56,920,0,11,0,0,0,0,0,0,0,0
12333,18576193169,Authentication,166,34,-57,920,0,11,0,0,0,0,0,0,0,0
12334,18576234547,Authentication,166,34,-21,920,0,11,0,0,1,0,0,0,720,0
12335,18576241215,Authentication,166,34,-20,920,0,11,0,0,1,0,0,0,720,0
12336,18576305806,Authentication,166,34,-58,920,0,11,0,0,0,0,0,0,0,0
12337,18576336526,Authentication,201,34,-57,920,0,11,0,0,0,0,0,0,0,0
12338,18576357008,Authentication,166,34,-56,920,0,11,0,0,0,0,0,0,0,0
12339,18576422543,Authentication,166,34,-57,920,0,11,0,0,0,0,0,0,0,0
12340,18576430288,Authentication,105,34,-20,920,0,11,0,0,0,0,0,0,720,0
12341,18576435158,Authentication,105,34,-20,920,0,11,0,0,1,0,0,0,720,0
12342,18576445004,Authentication,105,34,-21,920,0,11,0,0,1,0,0,0,720,0
12343,18576455311,Authentication,166,34,-57,920,0,11,0,0,0,0,0,0,0,0
12344,18576488079,Authentication,201,34,-57,920,0,11,0,0,0,0,0,0,0,0
12345,18576520846,Authentication,166,34,-56,920,0,11,0,0,0,0,0,0,0,0
12346,18576578068,Authentication,166,34,-19,920,0,11,0,0,0,0,0,0,720,0
12347,18576584630,Authentication,166,34,-20,920,0,11,0,0,1,0,0,0,720,0
12348,18576591039,Authentication,166,34,-19,920,0,11,0,0,1,0,0,0,720,0
12349,18576666605,S1G Beacon,61,34,-20,920,3,1,,,,,,,0,0
12350,18576684686,Authentication,166,34,-56,920,0,11,0,0,0,0,0,0,0,0
12351,18576719502,Authentication,166,34,-56,920,0,11,0,0,0,0,0,0,0,0
12352,18576771502,Authentication,105,34,-19,920,0,11,0,0,0,0,0,0,720,0
12353,18576776374,Authentication,105,34,-19,920,0,11,0,0,1,0,0,0,720,0
12354,18576787572,Authentication,105,34,-20,920,0,11,0,0,1,0,0,0,720,0
12355,18576848524,Authentication,166,34,-57,920,0,11,0,0,0,0,0,0,0,0
12356,18576881292,Authentication,166,34,-56,920,0,11,0,0,0,0,0,0,0,0
12357,18576914148,Authentication,105,34,-19,920,0,11,0,0,0,0,0,0,720,0
12358,18576919225,Authentication,105,34,-19,920,0,11,0,0,1,0,0,0,720,0
12359,18576923995,Authentication,105,34,-19,920,0,11,0,0,1,0,0,0,720,0
12360,18576928917,Authentication,105,34,-19,920,0,11,0,0,1,0,0,0,720,0
12361,18576946828,Authentication,166,34,-56,920,0,11,0,0,0,0,0,0,0,0
12362,18576997001,Authentication,166,34,-57,920,0,11,0,0,0,0,0,0,0,0
12363,18577045131,Authentication,166,34,-59,920,0,11,0,0,0,0,0,0,0,0
12364,18577054374,Authentication,201,34,-56,920,0,11,0,0,0,0,0,0,0,0
12365,18577060036,Authentication,105,34,-19,920,0,11,0,0,0,0,0,0,720,0
12366,18577065426,Data,287,34,-19,920,2,0,0,0,0,0,0,1,0,0
12367,18577073213,Authentication,105,34,-19,920,0,11,0,0,1,0,0,0,720,0
12368,18577077899,Authentication,201,34,-56,920,0,11,0,0,0,0,0,0,0,0
12369,18577083511,Authentication,105,34,-20,920,0,11,0,0,1,0,0,0,720,0
12370,18577110667,Authentication,166,34,-55,920,0,11,0,0,0,0,0,0,0,0
12371,18577156745,Authentication,166,34,-56,920,0,11,0,0,0,0,0,0,0,0
12372,18577198013,Authentication,166,34,-19,920,0,11,0,0,0,0,0,0,720,0
12373,18577204470,Authentication,166,34,-19,920,0,11,0,0,1,0,0,0,720,0
12374,18577208970,Authentication,166,34,-57,920,0,11,0,0,0,0,0,0,0,0
12375,18577220068,Authentication,166,34,-21,920,0,11,0,0,1,0,0,0,720,0
12376,18577274506,Authentication,166,34,-58,920,0,11,0,0,0,0,0,0,0,0
12377,18577307274,Authentication,166,34,-58,920,0,11,0,0,0,0,0,0,0,0
12378,18577372809,Authentication,166,34,-57,920,0,11,0,0,0,0,0,0,0,0
12379,18577405577,Authentication,201,34,-57,920,0,11,0,0,0,0,0,0,0,0
12380,18577415739,Authentication,201,34,-57,920,0,11,0,0,0,0,0,0,0,0
12381,18577421348,Authentication,166,34,-19,920,0,11,0,0,0,0,0,0,720,0
12382,18577434420,Authentication,166,34,-21,920,0,11,0,0,1,0,0,0,720,0
12383,18577442846,Authentication,166,34,-21,920,0,11,0,0,1,0,0,0,720,0
12384,18577485809,S1G Beacon,129,34,-19,920,3,1,,,,,,,0,0
12385,18577536648,Authentication,166,34,-57,920,0,11,0,0,0,0,0,0,0,0
12386,18577545890,Authentication,201,34,-56,920,0,11,0,0,0,0,0,0,0,0
12387,18577556053,Authentication,201,34,-56,920,0,11,0,0,0,0,0,0,0,0
12388,18577581703,Authentication,166,34,-57,920,0,11,0,0,0,0,0,0,0,0
12389,18577614504,Authentication,166,34,-22,920,0,11,0,0,1,0,0,0,720,0
12390,18577627528,Authentication,166,34,-21,920,0,11,0,0,1,0,0,0,720,0
12391,18577634952,Authentication,166,34,-57,920,0,11,0,0,0,0,0,0,0,0
12392,18577688197,Authentication,201,34,-58,920,0,11,0,0,0,0,0,0,0,0
12393,18577698435,Authentication,166,34,-55,920,0,11,0,0,0,0,0,0,0,0
12394,18577707677,Authentication,201,34,-58,920,0,11,0,0,0,0,0,0,0,0
12395,18577733255,Authentication,166,34,-56,920,0,11,0,0,0,0,0,0,0,0
12396,18577798791,Authentication,166,34,-56,920,0,11,0,0,0,0,0,0,0,0
12397,18577836677,Authentication,166,34,-56,920,0,11,0,0,0,0,0,0,0,0
12398,18577874555,Authentication,166,34,-21,920,0,11,0,0,1,0,0,0,720,0
12399,18577881328,Authentication,166,34,-19,920,0,11,0,0,1,0,0,0,720,0
12400,18577887893,Authentication,166,34,-19,920,0,11,0,0,1,0,0,0,720,0
12401,18577897093,Authentication,166,34,-57,920,0,11,0,0,0,0,0,0,0,0
12402,18577962629,Authentication,166,34,-57,920,0,11,0,0,0,0,0,0,0,0
12403,18577995397,Authentication,166,34,-57,920,0,11,0,0,0,0,0,0,0,0
12405,18578060933,Authentication,166,34,-57,920,0,11,0,0,0,0,0,0,0,0
12406,18578091364,Authentication,166,34,-19,920,0,11,0,0,0,0,0,0,720,0
12407,18578097875,Authentication,166,34,-19,920,0,11,0,0,1,0,0,0,720,0
12408,18578104542,Authentication,166,34,-19,920,0,11,0,0,1,0,0,0,720,0
12409,18578111260,Authentication,166,34,-19,920,0,11,0,0,1,0,0,0,720,0
12410,18578159236,Authentication,166,34,-57,920,0,11,0,0,0,0,0,0,0,0
12411,18578224772,Authentication,166,34,-58,920,0,11,0,0,0,0,0,0,0,0
12412,18578276992,Authentication,166,34,-57,920,0,11,0,0,0,0,0,0,0,0
12413,18578305012,S1G Beacon,61,34,-19,920,3,1,,,,,,,0,0
12414,18578307579,Authentication,166,34,-19,920,0,11,0,0,0,0,0,0,720,0
12415,18578314349,Authentication,166,34,-19,920,0,11,0,0,1,0,0,0,720,0
12416,18578320858,Authentication,166,34,-20,920,0,11,0,0,1,0,0,0,720,0
12417,18578327577,Authentication,166,34,-21,920,0,11,0,0,1,0,0,0,720,0
12418,18578388611,Authentication,166,34,-59,920,0,11,0,0,0,0,0,0,0,0
12419,18578437760,Authentication,166,34,-57,920,0,11,0,0,0,0,0,0,0,0
12420,18578517847,Authentication,166,34,-21,920,0,11,0,0,0,0,0,0,720,0
12421,18578524256,Authentication,166,34,-19,920,0,11,0,0,1,0,0,0,720,0
12422,18578530977,Authentication,166,34,-20,920,0,11,0,0,1,0,0,0,720,0
12423,18578537590,Authentication,166,34,-19,920,0,11,0,0,1,0,0,0,720,0
12424,18578552450,Authentication,166,34,-55,920,0,11,0,0,0,0,0,0,0,0
12425,18578570972,Disassociation,64,34,-20,920,0,10,0,0,0,0,0,0,720,0
12426,18578574761,Disassociation,64,34,-19,920,0,10,0,0,1,0,0,0,720,0
12427,18578578759,Disassociation,64,34,-19,920,0,10,0,0,1,0,0,0,720,0
12428,18578582654,Disassociation,64,34,-19,920,0,10,0,0,1,0,0,0,720,0
12429,18578585217,Authentication,166,34,-57,920,0,11,0,0,0,0,0,0,0,0
12430,18578650753,Authentication,166,34,-57,920,0,11,0,0,0,0,0,0,0,0
12431,18578715261,Authentication,166,34,-57,920,0,11,0,0,0,0,0,0,0,0
12432,18578726618,Authentication,166,34,-24,920,0,11,0,0,1,0,0,0,720,0
12433,18578740212,Authentication,166,34,-21,920,0,11,0,0,1,0,0,0,720,0
12434,18578749057,Authentication,166,34,-56,920,0,11,0,0,0,0,0,0,0,0
12435,18578786195,QoS Data,148,34,-18,920,2,8,1,0,0,0,0,1,720,0
12436,18578789202,QoS Data,148,34,-25,920,2,8,0,0,0,0,0,1,720,0
12438,18578791601,QoS Data,148,34,-18,920,2,8,1,0,1,0,0,1,720,0
12441,18578797402,QoS Data,131,34,-28,920,2,8,0,0,0,0,0,1,720,0
12443,18578814592,Authentication,166,34,-56,920,0,11,0,0,0,0,0,0,0,0
12444,18578860670,Authentication,166,34,-58,920,0,11,0,0,0,0,0,0,0,0
12446,18578978431,Authentication,166,34,-56,920,0,11,0,0,0,0,0,0,0,0
12447,18578995425,Authentication,105,34,-20,920,0,11,0,0,1,0,0,0,720,0
12448,18578999819,QoS Data,128,34,-19,920,2,8,1,0,0,0,0,1,720,0
12450,18579002561,Authentication,105,34,-19,920,0,11,0,0,1,0,0,0,720,0
12451,18579006444,Authentication,105,34,-19,920,0,11,0,0,1,0,0,0,720,0
12452,18579011198,Authentication,166,34,-56,920,0,11,0,0,0,0,0,0,0,0
12453,18579016251,QoS Data,128,34,-28,920,2,8,0,0,0,0,0,1,720,0
12455,18579076734,Authentication,166,34,-57,920,0,11,0,0,0,0,0,0,0,0
12456,18579133704,Authentication,166,34,-20,920,0,11,0,0,0,0,0,0,720,0
12457,18579140318,Authentication,166,34,-20,920,0,11,0,0,1,0,0,0,720,0
12458,18579146989,Authentication,166,34,-19,920,0,11,0,0,1,0,0,0,720,0
12459,18579153499,Authentication,166,34,-19,920,0,11,0,0,1,0,0,0,720,0
12460,18579175038,Authentication,166,34,-57,920,0,11,0,0,0,0,0,0,0,0
12461,18579240574,Authentication,166,34,-56,920,0,11,0,0,0,0,0,0,0,0
12462,18579273340,Authentication,166,34,-56,920,0,11,0,0,0,0,0,0,0,0
12463,18579322133,Authentication,105,34,-19,920,0,11,0,0,0,0,0,0,720,0
12464,18579327108,Authentication,105,34,-21,920,0,11,0,0,1,0,0,0,720,0
12465,18579332069,Authentication,105,34,-19,920,0,11,0,0,1,0,0,0,720,0
12466,18579337096,Authentication,105,34,-19,920,0,11,0,0,1,0,0,0,720,0
12467,18579401335,Authentication,166,34,-58,920,0,11,0,0,0,0,0,0,0,0
12468,18579437180,Authentication,166,34,-57,920,0,11,0,0,0,0,0,0,0,0
12469,18579457885,Authentication,166,34,-20,920,0,11,0,0,0,0,0,0,720,0
12470,18579464345,Authentication,166,34,-19,920,0,11,0,0,1,0,0,0,720,0
12471,18579470858,Authentication,166,34,-19,920,0,11,0,0,1,0,0,0,720,0
12472,18579477475,Authentication,166,34,-20,920,0,11,0,0,1,0,0,0,720,0
12473,18579502716,Authentication,166,34,-58,920,0,11,0,0,0,0,0,0,0,0
12474,18579568252,Authentication,166,34,-56,920,0,11,0,0,0,0,0,0,0,0
12475,18579601019,Authentication,166,34,-57,920,0,11,0,0,0,0,0,0,0,0
12476,18579629687,Authentication,201,34,-56,920,0,11,0,0,0,0,0,0,0,0
12477,18579671141,Authentication,105,34,-22,920,0,11,0,0,0,0,0,0,720,0
12478,18579676066,Authentication,105,34,-19,920,0,11,0,0,1,0,0,0,720,0
12479,18579680886,Authentication,105,34,-19,920,0,11,0,0,1,0,0,0,720,0
12480,18579685862,Authentication,105,34,-19,920,0,11,0,0,1,0,0,0,720,0
12481,18579706490,Authentication,166,34,-56,920,0,11,0,0,0,0,0,0,0,0
12482,18579764858,Authentication,166,34,-56,920,0,11,0,0,0,0,0,0,0,0
12483,18579814363,Authentication,105,34,-21,920,0,11,0,0,1,0,0,0,720,0
12484,18579819130,Authentication,105,34,-20,920,0,11,0,0,1,0,0,0,720,0
12485,18579823897,Authentication,105,34,-19,920,0,11,0,0,1,0,0,0,720,0
12486,18579830394,Authentication,166,34,-56,920,0,11,0,0,0,0,0,0,0,0
12487,18579863162,Authentication,166,34,-56,920,0,11,0,0,0,0,0,0,0,0
12488,18579928697,Authentication,166,34,-56,920,0,11,0,0,0,0,0,0,0,0
12489,18579945514,Authentication,105,34,-22,920,0,11,0,0,0,0,0,0,720,0
12490,18579950280,Authentication,105,34,-20,920,0,11,0,0,1,0,0,0,720,0
12491,18579955204,Authentication,105,34,-20,920,0,11,0,0,1,0,0,0,720,0
12492,18579960803,Authentication,105,34,-21,920,0,11,0,0,1,0,0,0,720,0
12493,18579966545,Authentication,201,34,-56,920,0,11,0,0,0,0,0,0,0,0
12494,18579979895,Authentication,166,34,-56,920,0,11,0,0,0,0,0,0,0,0
12495,18580027000,Authentication,166,34,-56,920,0,11,0,0,0,0,0,0,0,0
12496,18580087825,Authentication,166,34,-19,920,0,11,0,0,0,0,0,0,720,0
12497,18580092536,Authentication,166,34,-57,920,0,11,0,0,0,0,0,0,0,0
12498,18580106685,Authentication,166,34,-20,920,0,11,0,0,1,0,0,0,720,0
12499,18580113353,Authentication,166,34,-20,920,0,11,0,0,1,0,0,0,720,0
12500,18580190839,Authentication,166,34,-58,920,0,11,0,0,0,0,0,0,0,0
12501,18580256375,Authentication,166,34,-55,920,0,11,0,0,0,0,0,0,0,0
12502,18580285297,Authentication,105,34,-19,920,0,11,0,0,0,0,0,0,720,0
12503,18580309076,Authentication,105,34,-21,920,0,11,0,0,1,0,0,0,720,0
12504,18580354678,Authentication,166,34,-58,920,0,11,0,0,0,0,0,0,0,0
12505,18580387446,Authentication,166,34,-57,920,0,11,0,0,0,0,0,0,0,0
12506,18580428015,Authentication,166,34,-19,920,0,11,0,0,0,0,0,0,720,0
12507,18580434629,Authentication,166,34,-19,920,0,11,0,0,1,0,0,0,720,0
12508,18580441347,Authentication,166,34,-19,920,0,11,0,0,1,0,0,0,720,0
12509,18580468220,Authentication,166,34,-58,920,0,11,0,0,0,0,0,0,0,0
12510,18580551285,Authentication,166,34,-57,920,0,11,0,0,0,0,0,0,0,0
12511,18580580977,Authentication,201,34,-57,920,0,11,0,0,0,0,0,0,0,0
12512,18580591139,Authentication,201,34,-56,920,0,11,0,0,0,0,0,0,0,0
12513,18580616820,Authentication,166,34,-57,920,0,11,0,0,0,0,0,0,0,0
12514,18580627855,Authentication,166,34,-19,920,0,11,0,0,0,0,0,0,720,0
12515,18580634625,Authentication,166,34,-20,920,0,11,0,0,1,0,0,0,720,0
12516,18580640253,Authentication,166,34,-19,920,0,11,0,0,1,0,0,0,720,0
12517,18580646971,Authentication,166,34,-20,920,0,11,0,0,1,0,0,0,720,0
12518,18580715124,Authentication,166,34,-56,920,0,11,0,0,0,0,0,0,0,0
12519,18580762623,S1G Beacon,129,34,-19,920,3,1,,,,,,,0,0
12520,18580772464,Authentication,166,34,-58,920,0,11,0,0,0,0,0,0,0,0
12521,18580813427,Authentication,166,34,-57,920,0,11,0,0,0,0,0,0,0,0
12522,18580843263,Authentication,105,34,-21,920,0,11,0,0,1,0,0,0,720,0
12523,18580848084,Authentication,105,34,-20,920,0,11,0,0,1,0,0,0,720,0
12524,18580852489,Authentication,105,34,-20,920,0,11,0,0,1,0,0,0,720,0
12525,18580878963,Authentication,166,34,-57,920,0,11,0,0,0,0,0,0,0,0
12526,18580911731,Authentication,201,34,-57,920,0,11,0,0,0,0,0,0,0,0
12528,18580941423,Authentication,201,34,-57,920,0,11,0,0,0,0,0,0,0,0
12529,18580977266,Authentication,166,34,-57,920,0,11,0,0,0,0,0,0,0,0
12530,18580982432,Authentication,166,34,-19,920,0,11,0,0,0,0,0,0,720,0
12531,18580988942,Authentication,166,34,-19,920,0,11,0,0,1,0,0,0,720,0
12532,18580995401,Authentication,166,34,-20,920,0,11,0,0,1,0,0,0,720,0
12533,18581001603,Authentication,166,34,-19,920,0,11,0,0,1,0,0,0,720,0
12534,18581016177,Authentication,166,34,-58,920,0,11,0,0,0,0,0,0,0,0
12535,18581075569,Authentication,166,34,-56,920,0,11,0,0,0,0,0,0,0,0
12536,18581141105,Authentication,166,34,-56,920,0,11,0,0,0,0,0,0,0,0
12537,18581173873,Authentication,166,34,-58,920,0,11,0,0,0,0,0,0,0,0
12538,18581194437,Authentication,166,34,-20,920,0,11,0,0,1,0,0,0,720,0
12539,18581200947,Authentication,166,34,-19,920,0,11,0,0,1,0,0,0,720,0
12540,18581206417,Authentication,166,34,-19,920,0,11,0,0,1,0,0,0,720,0
12541,18581239409,Authentication,166,34,-58,920,0,11,0,0,0,0,0,0,0,0
12542,18581300845,Authentication,166,34,-56,920,0,11,0,0,0,0,0,0,0,0
12543,18581337712,Authentication,166,34,-56,920,0,11,0,0,0,0,0,0,0,0
12544,18581403248,Authentication,166,34,-56,920,0,11,0,0,0,0,0,0,0,0
12545,18581407991,Authentication,166,34,-20,920,0,11,0,0,0,0,0,0,720,0
12546,18581414502,Authentication,166,34,-19,920,0,11,0,0,1,0,0,0,720,0
12547,18581421065,Authentication,166,34,-20,920,0,11,0,0,1,0,0,0,720,0
12548,18581427683,Authentication,166,34,-19,920,0,11,0,0,1,0,0,0,720,0
12549,18581447278,Authentication,166,34,-56,920,0,11,0,0,0,0,0,0,0,0
12550,18581473864,Authentication,201,34,-58,920,0,11,0,0,0,0,0,0,0,0
12551,18581501550,Authentication,166,34,-56,920,0,11,0,0,0,0,0,0,0,0
12552,18581567086,Authentication,166,34,-56,920,0,11,0,0,0,0,0,0,0,0
12553,18581581825,S1G Beacon,61,34,-19,920,3,1,,,,,,,0,0
12554,18581599854,Authentication,166,34,-56,920,0,11,0,0,0,0,0,0,0,0
12555,18581634489,Authentication,166,34,-20,920,0,11,0,0,1,0,0,0,720,0
12556,18581647460,Authentication,166,34,-21,920,0,11,0,0,1,0,0,0,720,0
12557,18581665390,Authentication,166,34,-57,920,0,11,0,0,0,0,0,0,0,0
12558,18581725802,Authentication,166,34,-56,920,0,11,0,0,0,0,0,0,0,0
12559,18581763694,Authentication,166,34,-56,920,0,11,0,0,0,0,0,0,0,0
12560,18581829228,Authentication,166,34,-57,920,0,11,0,0,0,0,0,0,0,0
12561,18581834438,Authentication,166,34,-19,920,0,11,0,0,0,0,0,0,720,0
12562,18581841158,Authentication,166,34,-20,920,0,11,0,0,1,0,0,0,720,0
12563,18581854287,Authentication,166,34,-21,920,0,11,0,0,1,0,0,0,720,0
12564,18581861997,Authentication,166,34,-58,920,0,11,0,0,0,0,0,0,0,0
12565,18581927532,Authentication,166,34,-57,920,0,11,0,0,0,0,0,0,0,0
12566,18581971563,Authentication,166,34,-56,920,0,11,0,0,0,0,0,0,0,0
12567,18582025835,Authentication,166,34,-56,920,0,11,0,0,0,0,0,0,0,0
12568,18582038324,Authentication,166,34,-19,920,0,11,0,0,0,0,0,0,720,0
12569,18582044889,Authentication,166,34,-20,920,0,11,0,0,1,0,0,0,720,0
12570,18582051348,Authentication,166,34,-19,920,0,11,0,0,1,0,0,0,720,0
12571,18582091372,Authentication,166,34,-56,920,0,11,0,0,0,0,0,0,0,0
12573,18582124139,Authentication,166,34,-57,920,0,11,0,0,0,0,0,0,0,0
12574,18582223467,Authentication,166,34,-56,920,0,11,0,0,0,0,0,0,0,0
12575,18582231121,Authentication,105,34,-19,920,0,11,0,0,0,0,0,0,720,0
12576,18582240810,Authentication,105,34,-20,920,0,11,0,0,1,0,0,0,720,0
12577,18582287977,Authentication,166,34,-56,920,0,11,0,0,0,0,0,0,0,0
12578,18582351461,Authentication,166,34,-56,920,0,11,0,0,0,0,0,0,0,0
12579,18582377838,Authentication,166,34,-19,920,0,11,0,0,0,0,0,0,720,0
12580,18582384244,Authentication,166,34,-19,920,0,11,0,0,1,0,0,0,720,0
12581,18582390861,Authentication,166,34,-21,920,0,11,0,0,1,0,0,0,720,0
12582,18582401027,S1G Beacon,129,34,-20,920,3,1,,,,,,,0,0
12583,18582404613,Authentication,166,34,-19,920,0,11,0,0,1,0,0,0,720,0
12584,18582451816,Authentication,166,34,-56,920,0,11,0,0,0,0,0,0,0,0
12585,18582493800,Authentication,166,34,-56,920,0,11,0,0,0,0,0,0,0,0
12586,18582550121,Authentication,166,34,-56,920,0,11,0,0,0,0,0,0,0,0
12587,18582607800,Authentication,166,34,-20,920,0,11,0,0,0,0,0,0,720,0
12588,18582614571,Authentication,166,34,-19,920,0,11,0,0,1,0,0,0,720,0
12589,18582621031,Authentication,166,34,-21,920,0,11,0,0,1,0,0,0,720,0
12590,18582648424,Authentication,166,34,-57,920,0,11,0,0,0,0,0,0,0,0
12591,18582713959,Authentication,166,34,-57,920,0,11,0,0,0,0,0,0,0,0
12592,18582757990,Authentication,166,34,-59,920,0,11,0,0,0,0,0,0,0,0
12593,18582812262,Authentication,166,34,-57,920,0,11,0,0,0,0,0,0,0,0
12594,18582821823,Authentication,105,34,-22,920,0,11,0,0,1,0,0,0,720,0
12595,18582831620,Authentication,105,34,-22,920,0,11,0,0,1,0,0,0,720,0
12596,18582845030,Authentication,201,34,-57,920,0,11,0,0,0,0,0,0,0,0
12597,18582872675,Authentication,166,34,-58,920,0,11,0,0,0,0,0,0,0,0
12598,18582877798,Authentication,201,34,-57,920,0,11,0,0,0,0,0,0,0,0
12599,18582910566,Authentication,166,34,-56,920,0,11,0,0,0,0,0,0,0,0
12600,18582964860,Authentication,105,34,-21,920,0,11,0,0,1,0,0,0,720,0
12601,18582968847,Authentication,105,34,-20,920,0,11,0,0,1,0,0,0,720,0
12602,18583031394,Authentication,166,34,-56,920,0,11,0,0,0,0,0,0,0,0
12603,18583074405,Authentication,166,34,-56,920,0,11,0,0,0,0,0,0,0,0
12604,18583114830,Data,287,34,-22,920,2,0,0,0,0,0,0,1,0,0
12605,18583122619,Authentication,166,34,-19,920,0,11,0,0,1,0,0,0,720,0
12606,18583135798,Authentication,166,34,-21,920,0,11,0,0,1,0,0,0,720,0
12607,18583139940,Authentication,166,34,-57,920,0,11,0,0,0,0,0,0,0,0
12608,18583179875,Authentication,166,34,-56,920,0,11,0,0,0,0,0,0,0,0
12609,18583220232,S1G Beacon,61,34,-19,920,3,1,,,,,,,0,0
12610,18583238244,Authentication,166,34,-56,920,0,11,0,0,0,0,0,0,0,0
12611,18583303779,Authentication,166,34,-57,920,0,11,0,0,0,0,0,0,0,0
12612,18583336548,Authentication,166,34,-56,920,0,11,0,0,0,0,0,0,0,0
12613,18583393925,Authentication,166,34,-21,920,0,11,0,0,1,0,0,0,720,0
12614,18583407312,Authentication,166,34,-22,920,0,11,0,0,1,0,0,0,720,0
12615,18583436899,Authentication,201,34,-57,920,0,11,0,0,0,0,0,0,0,0
12616,18583448161,Authentication,166,34,-58,920,0,11,0,0,0,0,0,0,0,0
12617,18583457376,Authentication,201,34,-56,920,0,11,0,0,0,0,0,0,0,0
12618,18583500386,Authentication,166,34,-56,920,0,11,0,0,0,0,0,0,0,0
12619,18583565921,Authentication,166,34,-57,920,0,11,0,0,0,0,0,0,0,0
12620,18583598689,Authentication,201,34,-56,920,0,11,0,0,0,0,0,0,0,0
12621,18583615071,Authentication,166,34,-56,920,0,11,0,0,0,0,0,0,0,0
12622,18583640822,Authentication,105,34,-19,920,0,11,0,0,0,0,0,0,720,0
12623,18583645744,Authentication,105,34,-19,920,0,11,0,0,1,0,0,0,720,0
12624,18583650666,Authentication,105,34,-20,920,0,11,0,0,1,0,0,0,720,0
12625,18583655536,Authentication,105,34,-20,920,0,11,0,0,1,0,0,0,720,0
12626,18583664225,Authentication,166,34,-56,920,0,11,0,0,0,0,0,0,0,0
12627,18583729760,Authentication,166,34,-57,920,0,11,0,0,0,0,0,0,0,0
12628,18583762528,Authentication,166,34,-57,920,0,11,0,0,0,0,0,0,0,0
12629,18583783079,Authentication,166,34,-20,920,0,11,0,0,0,0,0,0,720,0
12630,18583789591,Authentication,166,34,-19,920,0,11,0,0,1,0,0,0,720,0
12631,18583796205,Authentication,166,34,-19,920,0,11,0,0,1,0,0,0,720,0
12632,18583802663,Authentication,166,34,-19,920,0,11,0,0,1,0,0,0,720,0
12633,18583810102,QoS Data,148,34,-19,920,2,8,1,0,0,0,0,1,720,0
12635,18583812953,QoS Data,148,34,-28,920,2,8,0,0,0,0,0,1,720,0
12638,18583821759,QoS Data,131,34,-26,920,2,8,0,0,0,0,0,1,720,0
12640,18583828064,Authentication,166,34,-57,920,0,11,0,0,0,0,0,0,0,0
12641,18583887452,Authentication,166,34,-58,920,0,11,0,0,0,0,0,0,0,0
12642,18583926367,Authentication,166,34,-56,920,0,11,0,0,0,0,0,0,0,0
12643,18583987834,Authentication,166,34,-19,920,0,11,0,0,0,0,0,0,720,0
12644,18583996479,Authentication,166,34,-19,920,0,11,0,0,1,0,0,0,720,0
12645,18584001889,QoS Data,128,34,-17,920,2,8,1,0,0,0,0,1,720,0
12647,18584004737,Authentication,166,34,-19,920,0,11,0,0,1,0,0,0,720,0
12648,18584011351,QoS Data,128,34,-27,920,2,8,0,0,0,0,0,1,720,0
12650,18584013504,Authentication,166,34,-18,920,0,11,0,0,1,0,0,0,720,0
12651,18584024671,Authentication,166,34,-57,920,0,11,0,0,0,0,0,0,0,0
12652,18584039432,S1G Beacon,129,34,-20,920,3,1,,,,,,,0,0
12653,18584090206,Authentication,166,34,-57,920,0,11,0,0,0,0,0,0,0,0
12654,18584155742,Authentication,166,34,-56,920,0,11,0,0,0,0,0,0,0,0
12655,18584186497,Authentication,105,34,-19,920,0,11,0,0,0,0,0,0,720,0
12656,18584193136,Authentication,105,34,-20,920,0,11,0,0,1,0,0,0,720,0
12657,18584198207,Authentication,105,34,-19,920,0,11,0,0,1,0,0,0,720,0
12658,18584203026,Authentication,105,34,-20,920,0,11,0,0,1,0,0,0,720,0
12659,18584254045,Authentication,166,34,-58,920,0,11,0,0,0,0,0,0,0,0
12660,18584268379,Authentication,201,34,-58,920,0,11,0,0,0,0,0,0,0,0
12661,18584286813,Authentication,201,34,-58,920,0,11,0,0,0,0,0,0,0,0
12662,18584296975,Authentication,166,34,-58,920,0,11,0,0,0,0,0,0,0,0
12663,18584329172,Authentication,105,34,-19,920,0,11,0,0,0,0,0,0,720,0
12664,18584334721,Authentication,105,34,-18,920,0,11,0,0,1,0,0,0,720,0
12665,18584339749,Authentication,105,34,-19,920,0,11,0,0,1,0,0,0,720,0
12666,18584344570,Authentication,105,34,-19,920,0,11,0,0,1,0,0,0,720,0
12667,18584352349,Authentication,166,34,-57,920,0,11,0,0,0,0,0,0,0,0
12668,18584417885,Authentication,166,34,-56,920,0,11,0,0,0,0,0,0,0,0
12670,18584477821,Authentication,166,34,-19,920,0,11,0,0,0,0,0,0,720,0
12671,18584484386,Authentication,166,34,-19,920,0,11,0,0,1,0,0,0,720,0
12672,18584490949,Authentication,166,34,-19,920,0,11,0,0,1,0,0,0,720,0
12673,18584497461,Authentication,166,34,-48,920,0,11,0,0,1,0,0,0,720,0
12674,18584516187,Authentication,166,34,-57,920,0,11,0,0,0,0,0,0,0,0
12675,18584575575,Authentication,166,34,-57,920,0,11,0,0,0,0,0,0,0,0
12676,18584614491,Authentication,166,34,-57,920,0,11,0,0,0,0,0,0,0,0
12677,18584662081,Authentication,166,34,-19,920,0,11,0,0,0,0,0,0,720,0
12678,18584668799,Authentication,166,34,-19,920,0,11,0,0,1,0,0,0,720,0
12679,18584674684,Authentication,166,34,-19,920,0,11,0,0,1,0,0,0,720,0
12680,18584680027,Authentication,166,34,-56,920,0,11,0,0,0,0,0,0,0,0
12681,18584684578,Authentication,166,34,-19,920,0,11,0,0,1,0,0,0,720,0
12682,18584714842,Authentication,166,34,-58,920,0,11,0,0,0,0,0,0,0,0
12683,18584778330,Authentication,166,34,-58,920,0,11,0,0,0,0,0,0,0,0
12684,18584811098,Authentication,201,34,-56,920,0,11,0,0,0,0,0,0,0,0
12685,18584821260,Authentication,201,34,-57,920,0,11,0,0,0,0,0,0,0,0
12686,18584831422,Authentication,166,34,-56,920,0,11,0,0,0,0,0,0,0,0
12687,18584858638,S1G Beacon,61,34,-19,920,3,1,,,,,,,0,0
12688,18584876633,Authentication,166,34,-58,920,0,11,0,0,0,0,0,0,0,0
12689,18584942169,Authentication,166,34,-57,920,0,11,0,0,0,0,0,0,0,0
12690,18584951762,Authentication,166,34,-21,920,0,11,0,0,0,0,0,0,720,0
12691,18584965250,Authentication,166,34,-21,920,0,11,0,0,1,0,0,0,720,0
12692,18584970514,Authentication,166,34,-20,920,0,11,0,0,1,0,0,0,720,0
12693,18584977967,Authentication,201,34,-57,920,0,11,0,0,0,0,0,0,0,0
12694,18585040472,Authentication,166,34,-57,920,0,11,0,0,0,0,0,0,0,0
12695,18585106007,Authentication,166,34,-56,920,0,11,0,0,0,0,0,0,0,0
12696,18585138776,Authentication,166,34,-56,920,0,11,0,0,0,0,0,0,0,0
12697,18585148249,Authentication,166,34,-18,920,0,11,0,0,0,0,0,0,720,0
12698,18585154812,Authentication,166,34,-19,920,0,11,0,0,1,0,0,0,720,0
12699,18585161218,Authentication,166,34,-20,920,0,11,0,0,1,0,0,0,720,0
12700,18585167676,Authentication,166,34,-19,920,0,11,0,0,1,0,0,0,720,0
12701,18585367780,Authentication,166,34,-19,920,0,11,0,0,0,0,0,0,720,0
12702,18585374238,Authentication,166,34,-18,920,0,11,0,0,1,0,0,0,720,0
12703,18585379812,Authentication,166,34,-19,920,0,11,0,0,1,0,0,0,720,0
12704,18585386480,Authentication,166,34,-19,920,0,11,0,0,1,0,0,0,720,0
12705,18585557721,Authentication,166,34,-19,920,0,11,0,0,0,0,0,0,720,0
12706,18585564336,Authentication,166,34,-18,920,0,11,0,0,1,0,0,0,720,0
12707,18585571055,Authentication,166,34,-19,920,0,11,0,0,1,0,0,0,720,0
12708,18585577618,Authentication,166,34,-19,920,0,11,0,0,1,0,0,0,720,0
12709,18585677841,S1G Beacon,129,34,-19,920,3,1,,,,,,,0,0
12710,18585799431,Authentication,166,34,-20,920,0,11,0,0,0,0,0,0,720,0
12711,18585806097,Authentication,166,34,-18,920,0,11,0,0,1,0,0,0,720,0
12712,18585812609,Authentication,166,34,-19,920,0,11,0,0,1,0,0,0,720,0
12713,18585819119,Authentication,166,34,-20,920,0,11,0,0,1,0,0,0,720,0
12714,18586007827,Authentication,166,34,-19,920,0,11,0,0,0,0,0,0,720,0
12715,18586014545,Authentication,166,34,-19,920,0,11,0,0,1,0,0,0,720,0
12716,18586021213,Authentication,166,34,-19,920,0,11,0,0,1,0,0,0,720,0
12717,18586027986,Authentication,166,34,-18,920,0,11,0,0,1,0,0,0,720,0
12718,18586136693,Data,287,34,-19,920,2,0,0,0,0,0,0,1,0,0
12719,18586181403,Authentication,105,34,-19,920,0,11,0,0,0,0,0,0,720,0
12720,18586186431,Authentication,105,34,-18,920,0,11,0,0,1,0,0,0,720,0
12721,18586191197,Authentication,105,34,-19,920,0,11,0,0,1,0,0,0,720,0
12722,18586196328,Authentication,105,34,-18,920,0,11,0,0,1,0,0,0,720,0
12724,18586273987,Authentication,105,34,-19,920,0,11,0,0,0,0,0,0,720,0
12725,18586278961,Authentication,105,34,-18,920,0,11,0,0,1,0,0,0,720,0
12726,18586283935,Authentication,105,34,-18,920,0,11,0,0,1,0,0,0,720,0
12727,18586288807,Authentication,105,34,-19,920,0,11,0,0,1,0,0,0,720,0
12728,18586357797,Authentication,166,34,-18,920,0,11,0,0,0,0,0,0,720,0
12729,18586364206,Authentication,166,34,-18,920,0,11,0,0,1,0,0,0,720,0
12730,18586370717,Authentication,166,34,-19,920,0,11,0,0,1,0,0,0,720,0
12731,18586377188,Authentication,166,34,-18,920,0,11,0,0,1,0,0,0,720,0
12732,18586497042,S1G Beacon,61,34,-18,920,3,1,,,,,,,0,0
12733,18586499194,Authentication,166,34,-19,920,0,11,0,0,0,0,0,0,720,0
12734,18586505915,Authentication,166,34,-19,920,0,11,0,0,1,0,0,0,720,0
12735,18586512582,Authentication,166,34,-19,920,0,11,0,0,1,0,0,0,720,0
12736,18586519144,Authentication,166,34,-19,920,0,11,0,0,1,0,0,0,720,0
12737,18586632865,Authentication,166,34,-19,920,0,11,0,0,0,0,0,0,720,0
12738,18586639324,Authentication,166,34,-19,920,0,11,0,0,1,0,0,0,720,0
12739,18586645833,Authentication,166,34,-19,920,0,11,0,0,1,0,0,0,720,0
12740,18586652551,Authentication,166,34,-20,920,0,11,0,0,1,0,0,0,720,0
12741,18586757829,Authentication,105,34,-20,920,0,11,0,0,0,0,0,0,720,0
12742,18586762649,Authentication,105,34,-18,920,0,11,0,0,1,0,0,0,720,0
12743,18586767415,Authentication,105,34,-18,920,0,11,0,0,1,0,0,0,720,0
12744,18586772337,Authentication,105,34,-18,920,0,11,0,0,1,0,0,0,720,0
12745,18586858195,Authentication,166,34,-19,920,0,11,0,0,0,0,0,0,720,0
12746,18586863720,Authentication,166,34,-18,920,0,11,0,0,1,0,0,0,720,0
12747,18586870334,Authentication,166,34,-19,920,0,11,0,0,1,0,0,0,720,0
12748,18586876741,Authentication,166,34,-19,920,0,11,0,0,1,0,0,0,720,0
12749,18587039326,Authentication,166,34,-18,920,0,11,0,0,0,0,0,0,720,0
12750,18587045942,Authentication,166,34,-18,920,0,11,0,0,1,0,0,0,720,0
12751,18587052557,Authentication,166,34,-19,920,0,11,0,0,1,0,0,0,720,0
12752,18587057663,Authentication,166,34,-18,920,0,11,0,0,1,0,0,0,720,0
12753,18587187814,Authentication,166,34,-19,920,0,11,0,0,0,0,0,0,720,0
12754,18587194432,Authentication,166,34,-18,920,0,11,0,0,1,0,0,0,720,0
12755,18587201046,Authentication,166,34,-19,920,0,11,0,0,1,0,0,0,720,0
12756,18587207662,Authentication,166,34,-18,920,0,11,0,0,1,0,0,0,720,0
12757,18587316245,S1G Beacon,129,34,-19,920,3,1,,,,,,,0,0
12758,18587321394,Authentication,166,34,-18,920,0,11,0,0,0,0,0,0,720,0
12759,18587327853,Authentication,166,34,-19,920,0,11,0,0,1,0,0,0,720,0
12760,18587334314,Authentication,166,34,-18,920,0,11,0,0,1,0,0,0,720,0
12761,18587340773,Authentication,166,34,-18,920,0,11,0,0,1,0,0,0,720,0
12762,18588135452,S1G Beacon,61,34,-18,920,3,1,,,,,,,0,0
12763,18588835183,QoS Data,149,34,-19,920,2,8,1,0,0,0,0,1,720,0
12768,18588954655,S1G Beacon,129,34,-18,920,3,1,,,,,,,0,0
12769,18588999528,QoS Data,128,34,-18,920,2,8,1,0,0,0,0,1,720,0
12772,18589161310,Data,287,34,-18,920,2,0,0,0,0,0,0,1,0,0
12773,18589773856,S1G Beacon,61,34,-19,920,3,1,,,,,,,0,0
12774,18589926061,Data,312,34,-19,920,2,0,0,0,0,0,0,1,0,0
12775,18589935152,Data,332,34,-18,920,2,0,0,0,0,0,0,1,0,0
12776,18590593061,S1G Beacon,129,34,-19,920,3,1,,,,,,,0,0
12777,18591412264,S1G Beacon,61,34,-18,920,3,1,,,,,,,0,0
12778,18592184724,Data,287,34,-19,920,2,0,0,0,0,0,0,1,0,0
12779,18592231467,S1G Beacon,129,34,-20,920,3,1,,,,,,,0,0
12780,18593050669,S1G Beacon,61,34,-19,920,3,1,,,,,,,0,0
12781,18593497028,Data,378,34,-19,920,2,0,0,0,0,0,0,1,0,0
12782,18593600675,Data,387,34,-19,920,2,0,0,0,0,0,0,1,0,0
12783,18593704663,Data,450,34,-19,920,2,0,0,0,0,0,0,1,0,0
12784,18593808734,Data,442,34,-18,920,2,0,0,0,0,0,0,1,0,0
12785,18593860147,QoS Data,149,34,-19,920,2,8,1,0,0,0,0,1,720,0
12787,18593869875,S1G Beacon,129,34,-18,920,3,1,,,,,,,0,0
12791,18593912718,Data,387,34,-19,920,2,0,0,0,0,0,0,1,0,0
12792,18593999366,QoS Data,128,34,-19,920,2,8,1,0,0,0,0,1,720,0
12794,18594002107,QoS Data,128,34,-27,920,2,8,0,0,0,0,0,1,720,0
12796,18594016640,Data,426,34,-20,920,2,0,0,0,0,0,0,1,0,0
12797,18594120762,Data,458,34,-18,920,2,0,0,0,0,0,0,1,0,0
12798,18594224800,Data,387,34,-18,920,2,0,0,0,0,0,0,1,0,0
12799,18594328622,Data,446,34,-20,920,2,0,0,0,0,0,0,1,0,0
12800,18594432771,Data,440,34,-18,920,2,0,0,0,0,0,0,1,0,0
12801,18594536742,Data,387,34,-19,920,2,0,0,0,0,0,0,1,0,0
12802,18594640668,Data,442,34,-19,920,2,0,0,0,0,0,0,1,0,0
12803,18594689075,S1G Beacon,61,34,-19,920,3,1,,,,,,,0,0
12804,18594744767,Data,452,34,-18,920,2,0,0,0,0,0,0,1,0,0
12805,18595208839,Data,287,34,-18,920,2,0,0,0,0,0,0,1,0,0
12806,18595508278,S1G Beacon,129,34,-19,920,3,1,,,,,,,0,0
12807,18596327482,S1G Beacon,61,34,-18,920,3,1,,,,,,,0,0
12808,18596453574,Data,243,34,-18,920,2,0,0,0,0,0,0,1,0,0
12809,18596460827,Data,263,34,-18,920,2,0,0,0,0,0,0,1,0,0
12810,18597146684,S1G Beacon,129,34,-18,920,3,1,,,,,,,0,0
12811,18597179732,Deauthentication,64,34,-20,920,0,12,0,0,0,0,0,0,720,0
12812,18597183523,Deauthentication,64,34,-18,920,0,12,0,0,1,0,0,0,720,0
12813,18597186953,Deauthentication,64,34,-18,920,0,12,0,0,1,0,0,0,720,0
12814,18597191002,Deauthentication,64,34,-18,920,0,12,0,0,1,0,0,0,720,0
12815,18597455113,Data,243,34,-18,920,2,0,0,0,0,0,0,1,0,0
12816,18597462367,Data,263,34,-19,920,2,0,0,0,0,0,0,1,0,0
12817,18597965890,S1G Beacon,61,34,-19,920,3,1,,,,,,,0,0
12818,18598232749,Data,287,34,-18,920,2,0,0,0,0,0,0,1,0,0
12820,18598454490,Data,258,34,-19,920,2,0,0,0,0,0,0,1,0,0
12821,18598462159,Data,278,34,-18,920,2,0,0,0,0,0,0,1,0,0
12822,18598518782,Data,158,34,-18,920,2,0,0,0,0,0,0,1,0,0
12825,18598785091,S1G Beacon,129,34,-19,920,3,1,,,,,,,0,0
12826,18598895592,QoS Data,149,34,-19,920,2,8,1,0,0,0,0,1,720,0
12830,18598907226,QoS Data,131,34,-25,920,2,8,0,0,0,0,0,1,720,0
12832,18598999293,QoS Data,128,34,-19,920,2,8,1,0,0,0,0,1,720,0
12834,18599002659,QoS Data,128,34,-25,920,2,8,0,0,0,0,0,1,720,0
12836,18599454426,Data,258,34,-18,920,2,0,0,0,0,0,0,1,0,0
12837,18599462075,Data,278,34,-20,920,2,0,0,0,0,0,0,1,0,0
12838,18599604296,S1G Beacon,61,34,-17,920,3,1,,,,,,,0,0
12839,18600423498,S1G Beacon,129,34,-18,920,3,1,,,,,,,0,0
12840,18600455628,Data,243,34,-19,920,2,0,0,0,0,0,0,1,0,0
12841,18600462880,Data,263,34,-18,920,2,0,0,0,0,0,0,1,0,0
12844,18601242703,S1G Beacon,61,34,-18,920,3,1,,,,,,,0,0
12845,18601256742,Data,287,34,-19,920,2,0,0,0,0,0,0,1,0,0
12846,18601454246,Data,243,34,-19,920,2,0,0,0,0,0,0,1,0,0
12847,18601461496,Data,263,34,-19,920,2,0,0,0,0,0,0,1,0,0
12849,18602061905,S1G Beacon,129,34,-19,920,3,1,,,,,,,0,0
12850,18602454628,Data,243,34,-19,920,2,0,0,0,0,0,0,1,0,0
12851,18602461879,Data,263,34,-18,920,2,0,0,0,0,0,0,1,0,0
12852,18602881107,S1G Beacon,61,34,-20,920,3,1,,,,,,,0,0
12853,18603454976,Data,243,34,-20,920,2,0,0,0,0,0,0,1,0,0
12854,18603462230,Data,263,34,-19,920,2,0,0,0,0,0,0,1,0,0
12855,18603700312,S1G Beacon,129,34,-19,920,3,1,,,,,,,0,0
12856,18603919909,QoS Data,149,34,-19,920,2,8,1,0,0,0,0,1,720,0
12858,18603924198,QoS Data,149,34,-27,920,2,8,0,0,0,0,0,1,720,0
12861,18603932350,QoS Data,131,34,-27,920,2,8,0,0,0,0,0,1,720,0
12863,18603999206,QoS Data,128,34,-18,920,2,8,1,0,0,0,0,1,720,0
12865,18604002105,QoS Data,128,34,-27,920,2,8,0,0,0,0,0,1,720,0
12867,18604280718,Data,287,34,-18,920,2,0,0,0,0,0,0,1,0,0
12869,18604453556,Data,258,34,-19,920,2,0,0,0,0,0,0,1,0,0
12870,18604461209,Data,278,34,-18,920,2,0,0,0,0,0,0,1,0,0
12871,18604519516,S1G Beacon,61,34,-18,920,3,1,,,,,,,0,0
12872,18605338719,S1G Beacon,129,34,-19,920,3,1,,,,,,,0,0
12873,18605454375,Data,258,34,-19,920,2,0,0,0,0,0,0,1,0,0
12874,18605462026,Data,278,34,-19,920,2,0,0,0,0,0,0,1,0,0
12875,18606157923,S1G Beacon,61,34,-18,920,3,1,,,,,,,0,0
12876,18606460535,Data,263,34,-23,920,2,0,0,0,0,0,0,1,0,0
12877,18606977126,S1G Beacon,129,34,-18,920,3,1,,,,,,,0,0
12878,18607304815,Data,287,34,-18,920,2,0,0,0,0,0,0,1,0,0
12879,18607452864,Data,312,34,-19,920,2,0,0,0,0,0,0,1,0,0
12880,18607461956,Data,332,34,-18,920,2,0,0,0,0,0,0,1,0,0
12882,18607796327,S1G Beacon,61,34,-19,920,3,1,,,,,,,0,0
12883,18608579063,Deauthentication,64,34,-18,920,0,12,0,0,0,0,0,0,720,0
12884,18608582958,Deauthentication,64,34,-19,920,0,12,0,0,1,0,0,0,720,0
12885,18608586855,Deauthentication,64,34,-18,920,0,12,0,0,1,0,0,0,720,0
12886,18608590854,Deauthentication,64,34,-18,920,0,12,0,0,1,0,0,0,720,0
12887,18608615533,S1G Beacon,129,34,-19,920,3,1,,,,,,,0,0
12888,18608945796,QoS Data,149,34,-19,920,2,8,1,0,0,0,0,1,720,0
12893,18608998652,QoS Data,128,34,-19,920,2,8,1,0,0,0,0,1,720,0
12896,18609434732,S1G Beacon,61,34,-18,920,3,1,,,,,,,0,0
12898,18610253937,S1G Beacon,129,34,-19,920,3,1,,,,,,,0,0
12899,18610328790,Data,287,34,-18,920,2,0,0,0,0,0,0,1,0,0
12900,18610514973,Data,284,34,-18,920,2,0,0,0,0,0,0,1,0,0
12901,18611073143,S1G Beacon,61,34,-19,920,3,1,,,,,,,0,0
12902,18611515804,Data,284,34,-18,920,2,0,0,0,0,0,0,1,0,0
12903,18611892343,S1G Beacon,129,34,-18,920,3,1,,,,,,,0,0
12904,18612516744,Data,284,34,-18,920,2,0,0,0,0,0,0,1,0,0
12905,18612711547,S1G Beacon,61,34,-18,920,3,1,,,,,,,0,0
12906,18613352802,Data,287,34,-18,920,2,0,0,0,0,0,0,1,0,0
12907,18613517110,Data,284,34,-18,920,2,0,0,0,0,0,0,1,0,0
12908,18613530751,S1G Beacon,129,34,-19,920,3,1,,,,,,,0,0
12909,18613970177,QoS Data,149,34,-18,920,2,8,1,0,0,0,0,1,720,0
12912,18613979068,QoS Data,131,34,-27,920,2,8,1,0,0,0,0,1,720,0
12914,18613981602,QoS Data,131,34,-27,920,2,8,0,0,0,0,0,1,720,0
12918,18614349957,S1G Beacon,61,34,-19,920,3,1,,,,,,,0,0
12919,18614497038,Data,378,34,-20,920,2,0,0,0,0,0,0,1,0,0
12920,18614600717,Data,387,34,-19,920,2,0,0,0,0,0,0,1,0,0
12921,18614704670,Data,450,34,-18,920,2,0,0,0,0,0,0,1,0,0
12922,18614808949,Data,442,34,-20,920,2,0,0,0,0,0,0,1,0,0
12923,18614912847,Data,387,34,-20,920,2,0,0,0,0,0,0,1,0,0
12924,18615017295,Data,426,34,-19,920,2,0,0,0,0,0,0,1,0,0
12925,18615120839,Data,458,34,-19,920,2,0,0,0,0,0,0,1,0,0
12926,18615169156,S1G Beacon,129,34,-19,920,3,1,,,,,,,0,0
12927,18615224951,Data,387,34,-19,920,2,0,0,0,0,0,0,1,0,0
12928,18615328706,Data,446,34,-19,920,2,0,0,0,0,0,0,1,0,0
12929,18615432802,Data,440,34,-19,920,2,0,0,0,0,0,0,1,0,0
12930,18615536824,Data,387,34,-19,920,2,0,0,0,0,0,0,1,0,0
12931,18615640720,Data,442,34,-20,920,2,0,0,0,0,0,0,1,0,0
12932,18615744782,Data,452,34,-19,920,2,0,0,0,0,0,0,1,0,0
12933,18615988362,S1G Beacon,61,34,-19,920,3,1,,,,,,,0,0
12934,18616377011,Data,287,34,-19,920,2,0,0,0,0,0,0,1,0,0
12935,18616807564,S1G Beacon,129,34,-18,920,3,1,,,,,,,0,0
12936,18617626767,S1G Beacon,61,34,-19,920,3,1,,,,,,,0,0
12937,18618445969,S1G Beacon,129,34,-18,920,3,1,,,,,,,0,0
12938,18618994392,QoS Data,149,34,-19,920,2,8,1,0,0,0,0,1,720,0
12939,18618997607,QoS Data,149,34,-25,920,2,8,0,0,0,0,0,1,720,0
12941,18619000476,QoS Data,149,34,-20,920,2,8,1,0,1,0,0,1,720,0
12944,18619005811,QoS Data,131,34,-26,920,2,8,0,0,0,0,0,1,720,0
12947,18619251392,QoS Data,128,34,-26,920,2,8,0,0,0,0,0,1,720,0
12949,18619265173,S1G Beacon,61,34,-18,920,3,1,,,,,,,0,0
12950,18619400878,Data,287,34,-19,920,2,0,0,0,0,0,0,1,0,0
12951,18620084377,S1G Beacon,129,34,-19,920,3,1,,,,,,,0,0
12952,18620903579,S1G Beacon,61,34,-19,920,3,1,,,,,,,0,0
12953,18621722784,S1G Beacon,129,34,-19,920,3,1,,,,,,,0,0
12954,18622424825,Data,287,34,-19,920,2,0,0,0,0,0,0,1,0,0
12955,18623361192,S1G Beacon,129,34,-19,920,3,1,,,,,,,0,0
12956,18623820102,Data,390,34,-22,920,2,0,0,0,0,0,0,1,0,0
12957,18623842684,Data,399,34,-22,920,2,0,0,0,0,0,0,1,0,0
12958,18623854563,Data,454,34,-19,920,2,0,0,0,0,0,0,1,0,0
12959,18623881435,Data,464,34,-21,920,2,0,0,0,0,0,0,1,0,0
12960,18623894567,Data,464,34,-20,920,2,0,0,0,0,0,0,1,0,0
12961,18624018561,QoS Data,148,34,-17,920,2,8,1,0,0,0,0,1,720,0
12963,18624021567,QoS Data,148,34,-28,920,2,8,0,0,0,0,0,1,720,0
12965,18624248171,QoS Data,128,34,-18,920,2,8,1,0,0,0,0,1,720,0
12968,18627458091,S1G Beacon,61,34,-19,920,3,1,,,,,,,0,0
12969,18628276409,S1G Beacon,129,34,-19,920,3,1,,,,,,,0,0
12970,18628472793,Data,287,34,-19,920,2,0,0,0,0,0,0,1,0,0
12971,18628517203,Data,158,34,-19,920,2,0,0,0,0,0,0,1,0,0
12972,18629041534,QoS Data,148,34,-17,920,2,8,1,0,0,0,0,1,720,0
12974,18629044438,QoS Data,148,34,-28,920,2,8,0,0,0,0,0,1,720,0
12977,18629052700,QoS Data,131,34,-27,920,2,8,0,0,0,0,0,1,720,0
12979,18629095612,S1G Beacon,61,34,-19,920,3,1,,,,,,,0,0
12980,18629248050,QoS Data,128,34,-17,920,2,8,1,0,0,0,0,1,720,0
12982,18629251004,QoS Data,128,34,-27,920,2,8,0,0,0,0,0,1,720,0
12984,18629284637,Data,132,34,-19,920,2,0,0,0,0,0,0,1,0,0
12985,18629987806,Data,118,34,-20,920,2,0,0,0,0,0,0,1,0,0
12986,18630734018,S1G Beacon,61,34,-19,920,3,1,,,,,,,0,0
12988,18631496845,Data,287,34,-19,920,2,0,0,0,0,0,0,1,0,0
12989,18631553223,S1G Beacon,129,34,-19,920,3,1,,,,,,,0,0
12990,18632372426,S1G Beacon,61,34,-18,920,3,1,,,,,,,0,0
12991,18633191630,S1G Beacon,129,34,-19,920,3,1,,,,,,,0,0
12992,18634010833,S1G Beacon,61,34,-20,920,3,1,,,,,,,0,0
12993,18634064766,QoS Data,149,34,-17,920,2,8,1,0,0,0,0,1,720,0
12995,18634067670,QoS Data,149,34,-28,920,2,8,0,0,0,0,0,1,720,0
12998,18634076188,QoS Data,131,34,-26,920,2,8,0,0,0,0,0,1,720,0
13000,18634248399,QoS Data,128,34,-18,920,2,8,1,0,0,0,0,1,720,0
13002,18634251453,QoS Data,128,34,-27,920,2,8,0,0,0,0,0,1,720,0
13004,18634438006,Data,132,34,-19,920,2,0,0,0,0,0,0,1,0,0
13005,18634520785,Data,287,34,-20,920,2,0,0,0,0,0,0,1,0,0
13006,18634830035,S1G Beacon,129,34,-19,920,3,1,,,,,,,0,0
13007,18635497153,Data,378,34,-19,920,2,0,0,0,0,0,0,1,0,0
13008,18636445345,Data,132,34,-21,920,2,0,0,0,0,0,0,1,0,0
13009,18638106849,S1G Beacon,129,34,-20,920,3,1,,,,,,,0,0
13010,18639088948,QoS Data,149,34,-17,920,2,8,1,0,0,0,0,1,720,0
13011,18639092056,QoS Data,149,34,-27,920,2,8,0,0,0,0,0,1,720,0
13014,18639101149,QoS Data,131,34,-28,920,2,8,0,0,0,0,0,1,720,0
13017,18639252043,QoS Data,128,34,-28,920,2,8,0,0,0,0,0,1,720,0
13018,18639256233,QoS Data,128,34,-27,920,2,8,0,0,1,0,0,1,720,0
13020,18640564460,S1G Beacon,61,34,-19,920,3,1,,,,,,,0,0
13021,18640568846,Data,287,34,-19,920,2,0,0,0,0,0,0,1,0,0
13022,18642202864,S1G Beacon,61,34,-19,920,3,1,,,,,,,0,0
13024,18643022067,S1G Beacon,129,34,-27,920,3,1,,,,,,,0,0
13025,18643593300,Data,287,34,-41,920,2,0,0,0,0,0,0,1,0,0
13026,18643841270,S1G Beacon,61,34,-28,920,3,1,,,,,,,0,0
13028,18644114852,QoS Data,149,34,-19,920,2,8,1,0,0,0,0,1,720,0
13030,18644123655,QoS Data,131,34,-17,920,2,8,1,0,0,0,0,1,720,0
13032,18644127902,QoS Data,131,34,-29,920,2,8,0,0,1,0,0,1,720,0
13034,18644131172,QoS Data,131,34,-30,920,2,8,0,0,1,0,0,1,720,0
13036,18644248107,QoS Data,128,34,-18,920,2,8,1,0,0,0,0,1,720,0
13038,18644251476,QoS Data,128,34,-32,920,2,8,0,0,0,0,0,1,720,0
13040,18644660477,S1G Beacon,129,34,-22,920,3,1,,,,,,,0,0
13043,18646298882,S1G Beacon,129,34,-27,920,3,1,,,,,,,0,0
13044,18647118085,S1G Beacon,61,34,-29,920,3,1,,,,,,,0,0
13045,18647937288,S1G Beacon,129,34,-28,920,3,1,,,,,,,0,0
13046,18649138189,QoS Data,148,34,-16,920,2,8,1,0,0,0,0,1,720,0
13047,18649141403,QoS Data,148,34,-27,920,2,8,0,0,0,0,0,1,720,0
13049,18649147233,QoS Data,131,34,-17,920,2,8,1,0,0,0,0,1,720,0
13050,18649149716,QoS Data,131,34,-25,920,2,8,0,0,0,0,0,1,720,0
13052,18649247982,QoS Data,128,34,-19,920,2,8,1,0,0,0,0,1,720,0
13053,18649251140,QoS Data,128,34,-28,920,2,8,0,0,0,0,0,1,720,0
13055,18651214101,S1G Beacon,129,34,-31,920,3,1,,,,,,,0,0
13056,18652664910,Data,287,34,-16,920,2,0,0,0,0,0,0,1,0,0
13057,18652852505,S1G Beacon,129,34,-30,920,3,1,,,,,,,0,0
13058,18653671709,S1G Beacon,61,34,-19,920,3,1,,,,,,,0,0
13059,18653762226,Data,159,34,-19,920,2,0,0,0,0,0,0,1,0,0
13060,18653767239,Data,179,34,-19,920,2,0,0,0,0,0,0,1,0,0
13061,18653795494,Data,239,34,-19,920,2,0,0,0,0,0,0,1,0,0
13062,18654162597,QoS Data,149,34,-16,920,2,8,1,0,0,0,0,1,720,0
13064,18654165554,QoS Data,149,34,-26,920,2,8,0,0,0,0,0,1,720,0
13066,18654171334,QoS Data,131,34,-13,920,2,8,1,0,0,0,0,1,720,0
13068,18654175689,QoS Data,131,34,-25,920,2,8,0,0,0,0,0,1,720,0
13070,18654247863,QoS Data,128,34,-15,920,2,8,1,0,0,0,0,1,720,0
13073,18654490914,S1G Beacon,129,34,-19,920,3,1,,,,,,,0,0
13074,18655688905,Data,287,34,-21,920,2,0,0,0,0,0,0,1,0,0
13075,18656129320,S1G Beacon,129,34,-20,920,3,1,,,,,,,0,0
13076,18656497171,Data,378,34,-20,920,2,0,0,0,0,0,0,1,0,0
13077,18656600827,Data,387,34,-20,920,2,0,0,0,0,0,0,1,0,0
13078,18656704882,Data,450,34,-19,920,2,0,0,0,0,0,0,1,0,0
13079,18656912971,Data,387,34,-19,920,2,0,0,0,0,0,0,1,0,0
13081,18657120899,Data,458,34,-22,920,2,0,0,0,0,0,0,1,0,0
13082,18657328906,Data,446,34,-22,920,2,0,0,0,0,0,0,1,0,0
13083,18657640824,Data,442,34,-22,920,2,0,0,0,0,0,0,1,0,0
13084,18657767725,S1G Beacon,129,34,-22,920,3,1,,,,,,,0,0
13085,18659190518,QoS Data,149,34,-15,920,2,8,1,0,0,0,0,1,720,0
13087,18659198996,QoS Data,131,34,-26,920,2,8,1,0,0,0,0,1,720,0
13088,18659201376,QoS Data,131,34,-29,920,2,8,0,0,0,0,0,1,720,0
13090,18659247721,QoS Data,128,34,-16,920,2,8,1,0,0,0,0,1,720,0
13091,18659251087,QoS Data,128,34,-29,920,2,8,0,0,0,0,0,1,720,0
13096,18664218418,QoS Data,149,34,-27,920,2,8,0,0,0,0,0,1,720,0
13099,18664226317,QoS Data,131,34,-27,920,2,8,0,0,0,0,0,1,720,0
13101,18664247652,QoS Data,128,34,-18,920,2,8,1,0,0,0,0,1,720,0
13104,18664321352,S1G Beacon,129,34,-20,920,3,1,,,,,,,0,0
13105,18665140559,S1G Beacon,61,34,-19,920,3,1,,,,,,,0,0
13107,18665959758,S1G Beacon,129,34,-20,920,3,1,,,,,,,0,0
13108,18666778962,S1G Beacon,61,34,-26,920,3,1,,,,,,,0,0
13110,18669240261,QoS Data,148,34,-20,920,2,8,1,0,0,0,0,1,720,0
13111,18669243266,QoS Data,148,34,-29,920,2,8,0,0,0,0,0,1,720,0
13113,18669245821,QoS Data,148,34,-19,920,2,8,1,0,1,0,0,1,720,0
13114,18669248620,QoS Data,131,34,-25,920,2,8,1,0,0,0,0,1,720,0
13116,18669497520,QoS Data,128,34,-17,920,2,8,1,0,0,0,0,1,720,0
13117,18669500210,QoS Data,128,34,-28,920,2,8,0,0,0,0,0,1,720,0
13119,18670874978,S1G Beacon,129,34,-27,920,3,1,,,,,,,0,0
13120,18671694180,S1G Beacon,61,34,-28,920,3,1,,,,,,,0,0
13121,18673832948,Data,287,34,-27,920,2,0,0,0,0,0,0,1,0,0
13122,18674151793,S1G Beacon,129,34,-27,920,3,1,,,,,,,0,0
13123,18674263799,QoS Data,148,34,-18,920,2,8,1,0,0,0,0,1,720,0
13125,18674267065,QoS Data,148,34,-30,920,2,8,0,0,0,0,0,1,720,0
13127,18674272379,QoS Data,131,34,-29,920,2,8,1,0,0,0,0,1,720,0
13129,18674497368,QoS Data,128,34,-18,920,2,8,1,0,0,0,0,1,720,0
13132,18678247806,S1G Beacon,61,34,-19,920,3,1,,,,,,,0,0
13133,18678328893,Data,446,34,-20,920,2,0,0,0,0,0,0,1,0,0
13134,18679287960,QoS Data,149,34,-16,920,2,8,1,0,0,0,0,1,720,0
13136,18679290813,QoS Data,149,34,-28,920,2,8,0,0,0,0,0,1,720,0
13138,18679296332,QoS Data,131,34,-18,920,2,8,1,0,0,0,0,1,720,0
13140,18679298868,QoS Data,131,34,-27,920,2,8,0,0,0,0,0,1,720,0
13142,18679496845,QoS Data,128,34,-17,920,2,8,1,0,0,0,0,1,720,0
13144,18679499900,QoS Data,128,34,-28,920,2,8,0,0,0,0,0,1,720,0
13146,18679886213,S1G Beacon,61,34,-19,920,3,1,,,,,,,0,0
13147,18679888624,Data,287,34,-19,920,2,0,0,0,0,0,0,1,0,0
13148,18680705420,S1G Beacon,129,34,-19,920,3,1,,,,,,,0,0
13149,18684311429,QoS Data,149,34,-15,920,2,8,1,0,0,0,0,1,720,0
13150,18684315614,QoS Data,149,34,-28,920,2,8,0,0,0,0,0,1,720,0
13152,18684321030,QoS Data,131,34,-18,920,2,8,1,0,0,0,0,1,720,0
13154,18684496741,QoS Data,128,34,-17,920,2,8,1,0,0,0,0,1,720,0
13155,18684500004,QoS Data,128,34,-27,920,2,8,0,0,0,0,0,1,720,0
13157,18689336705,QoS Data,149,34,-19,920,2,8,1,0,0,0,0,1,720,0
13158,18689339868,QoS Data,149,34,-26,920,2,8,0,0,0,0,0,1,720,0
13161,18689348536,QoS Data,131,34,-28,920,2,8,0,0,0,0,0,1,720,0
13163,18689499891,QoS Data,128,34,-21,920,2,8,1,0,1,0,0,1,720,0
13164,18689502581,QoS Data,128,34,-27,920,2,8,0,0,0,0,0,1,720,0
13166,18691355060,S1G Beacon,61,34,-19,920,3,1,,,,,,,0,0
13167,18692993467,S1G Beacon,61,34,-21,920,3,1,,,,,,,0,0
13168,18694360849,QoS Data,148,34,-15,920,2,8,1,0,0,0,0,1,720,0
13169,18694364741,QoS Data,148,34,-26,920,2,8,0,0,0,0,0,1,720,0
13171,18694370156,QoS Data,131,34,-22,920,2,8,1,0,0,0,0,1,720,0
13172,18694373367,QoS Data,131,34,-26,920,2,8,0,0,0,0,0,1,720,0
13174,18694496552,QoS Data,128,34,-14,920,2,8,1,0,0,0,0,1,720,0
13176,18694499503,QoS Data,128,34,-28,920,2,8,0,0,0,0,0,1,720,0
13178,18695001044,Data,287,34,-26,920,2,0,0,0,0,0,0,1,0,0
13180,18698727888,S1G Beacon,129,34,-22,920,3,1,,,,,,,0,0
13183,18699385774,QoS Data,148,34,-15,920,2,8,1,0,0,0,0,1,720,0
13184,18699389092,QoS Data,148,34,-25,920,2,8,0,0,0,0,0,1,720,0
13187,18699397093,QoS Data,131,34,-28,920,2,8,0,0,0,0,0,1,720,0
13189,18699496306,QoS Data,128,34,-16,920,2,8,1,0,0,0,0,1,720,0
13190,18699499463,QoS Data,128,34,-26,920,2,8,0,0,0,0,0,1,720,0
13192,18699502968,QoS Data,128,34,-16,920,2,8,1,0,1,0,0,1,720,0
13193,18699549504,Data,387,34,-21,920,2,0,0,0,0,0,0,1,0,0
13195,18704409925,QoS Data,149,34,-14,920,2,8,1,0,0,0,0,1,720,0
13196,18704413088,QoS Data,149,34,-27,920,2,8,0,0,0,0,0,1,720,0
13198,18704418342,QoS Data,131,34,-19,920,2,8,1,0,0,0,0,1,720,0
13200,18704496652,QoS Data,128,34,-15,920,2,8,1,0,0,0,0,1,720,0
13201,18704499343,QoS Data,128,34,-27,920,2,8,0,0,0,0,0,1,720,0
13203,18705281517,S1G Beacon,129,34,-19,920,3,1,,,,,,,0,0
13204,18706100720,S1G Beacon,61,34,-19,920,3,1,,,,,,,0,0
13206,18706919921,S1G Beacon,129,34,-18,920,3,1,,,,,,,0,0
13207,18707097210,Data,287,34,-20,920,2,0,0,0,0,0,0,1,0,0
13208,18707739126,S1G Beacon,61,34,-20,920,3,1,,,,,,,0,0
13209,18708558328,S1G Beacon,129,34,-19,920,3,1,,,,,,,0,0
13210,18709377532,S1G Beacon,61,34,-20,920,3,1,,,,,,,0,0
13211,18709433140,QoS Data,149,34,-16,920,2,8,1,0,0,0,0,1,720,0
13212,18709436616,QoS Data,149,34,-27,920,2,8,0,0,0,0,0,1,720,0
13215,18709445033,QoS Data,131,34,-28,920,2,8,0,0,0,0,0,1,720,0
13217,18709496553,QoS Data,128,34,-16,920,2,8,1,0,0,0,0,1,720,0
13218,18709499712,QoS Data,128,34,-27,920,2,8,0,0,0,0,0,1,720,0
13220,18710121046,Data,287,34,-20,920,2,0,0,0,0,0,0,1,0,0
13221,18714458126,QoS Data,149,34,-15,920,2,8,1,0,0,0,0,1,720,0
13222,18714461708,QoS Data,149,34,-26,920,2,8,0,0,0,0,0,1,720,0
13223,18714470126,QoS Data,131,34,-26,920,2,8,0,0,0,0,0,1,720,0
13225,18714496417,QoS Data,128,34,-14,920,2,8,1,0,0,0,0,1,720,0
13226,18714499053,QoS Data,128,34,-27,920,2,8,0,0,0,0,0,1,720,0
13227,18716169062,Data,287,34,-20,920,2,0,0,0,0,0,0,1,0,0
13228,18716750362,S1G Beacon,129,34,-20,920,3,1,,,,,,,0,0
13229,18717569563,S1G Beacon,61,34,-19,920,3,1,,,,,,,0,0
13230,18719207971,S1G Beacon,61,34,-23,920,3,1,,,,,,,0,0
13231,18719482498,QoS Data,148,34,-14,920,2,8,1,0,0,0,0,1,720,0
13233,18719485655,QoS Data,148,34,-29,920,2,8,0,0,0,0,0,1,720,0
13235,18719491384,QoS Data,131,34,-35,920,2,8,1,0,0,0,0,1,720,0
13237,18719497284,Data,378,34,-22,920,2,0,0,0,0,0,0,1,0,0
13238,18719746177,QoS Data,128,34,-14,920,2,8,1,0,0,0,0,1,720,0
13239,18719749441,QoS Data,128,34,-27,920,2,8,0,0,0,0,0,1,720,0
13241,18719809210,Data,442,34,-22,920,2,0,0,0,0,0,0,1,0,0
13242,18719913259,Data,387,34,-22,920,2,0,0,0,0,0,0,1,0,0
13243,18720002616,Data,168,34,-21,920,2,0,0,0,0,0,0,1,0,0
13245,18720027172,S1G Beacon,129,34,-22,920,3,1,,,,,,,0,0
13246,18720121090,Data,458,34,-22,920,2,0,0,0,0,0,0,1,0,0
13247,18720641030,Data,442,34,-23,920,2,0,0,0,0,0,0,1,0,0
13249,18724506772,QoS Data,149,34,-15,920,2,8,1,0,0,0,0,1,720,0
13250,18724509727,QoS Data,149,34,-27,920,2,8,0,0,0,0,0,1,720,0
13252,18724515557,QoS Data,131,34,-20,920,2,8,1,0,0,0,0,1,720,0
13254,18724747090,QoS Data,128,34,-14,920,2,8,1,0,0,0,0,1,720,0
13255,18724750144,QoS Data,128,34,-27,920,2,8,0,0,0,0,0,1,720,0
