packet_number,timestamp,frame_name,frame_len,length,dbm_antsignal,channel_freq,type,subtype,ds,frag,retry,pwrmgt,moredata,protected,duration,label
1,2026-07-03T13:46:26.377364000Z,S1G Beacon,61,34,-62,920,3,1,,,,,,,0,0
2,2026-07-03T13:46:27.198375000Z,S1G Beacon,129,34,-62,920,3,1,,,,,,,0,0
3,2026-07-03T13:46:28.015797000Z,S1G Beacon,61,34,-62,920,3,1,,,,,,,0,0
5,2026-07-03T13:46:28.836821000Z,S1G Beacon,129,34,-63,920,3,1,,,,,,,0,0
10,2026-07-03T13:46:29.654239000Z,S1G Beacon,61,34,-63,920,3,1,,,,,,,0,0
13,2026-07-03T13:46:29.796514000Z,QoS Data,132,34,-11,920,2,8,1,0,0,0,0,0,720,0
19,2026-07-03T13:46:30.026674000Z,QoS Data,112,34,-11,920,2,8,1,0,0,0,0,0,720,0
26,2026-07-03T13:46:30.475272000Z,S1G Beacon,129,34,-63,920,3,1,,,,,,,0,0
27,2026-07-03T13:46:31.292695000Z,S1G Beacon,61,34,-62,920,3,1,,,,,,,0,0
29,2026-07-03T13:46:32.113723000Z,S1G Beacon,129,34,-62,920,3,1,,,,,,,0,0
31,2026-07-03T13:46:32.931141000Z,S1G Beacon,61,34,-61,920,3,1,,,,,,,0,0
33,2026-07-03T13:46:33.752164000Z,S1G Beacon,129,34,-61,920,3,1,,,,,,,0,0
35,2026-07-03T13:46:34.569591000Z,S1G Beacon,61,34,-60,920,3,1,,,,,,,0,0
36,2026-07-03T13:46:34.834311000Z,QoS Data,132,34,-12,920,2,8,1,0,0,0,0,0,720,0
40,2026-07-03T13:46:34.857006000Z,QoS Data,115,34,-18,920,2,8,1,0,1,0,0,0,720,0
42,2026-07-03T13:46:34.860447000Z,QoS Data,112,34,-63,920,2,8,0,0,1,0,0,0,720,0
43,2026-07-03T13:46:34.865924000Z,QoS Data,112,34,-64,920,2,8,0,0,1,0,0,0,720,0
44,2026-07-03T13:46:34.876345000Z,QoS Data,112,34,-63,920,2,8,0,0,1,0,0,0,720,0
46,2026-07-03T13:46:34.886757000Z,QoS Data,115,34,-63,920,2,8,0,0,1,0,0,0,720,0
47,2026-07-03T13:46:34.894661000Z,QoS Data,115,34,-63,920,2,8,0,0,1,0,0,0,720,0
48,2026-07-03T13:46:34.898730000Z,QoS Data,115,34,-61,920,2,8,0,0,1,0,0,0,720,0
50,2026-07-03T13:46:35.026841000Z,QoS Data,112,34,-12,920,2,8,1,0,0,0,0,0,720,0
52,2026-07-03T13:46:35.036931000Z,QoS Data,112,34,-63,920,2,8,0,0,1,0,0,0,720,0
54,2026-07-03T13:46:35.390621000Z,S1G Beacon,129,34,-63,920,3,1,,,,,,,0,0
55,2026-07-03T13:46:36.208045000Z,S1G Beacon,61,34,-59,920,3,1,,,,,,,0,0
56,2026-07-03T13:46:37.029073000Z,S1G Beacon,129,34,-61,920,3,1,,,,,,,0,0
58,2026-07-03T13:46:37.846490000Z,S1G Beacon,61,34,-60,920,3,1,,,,,,,0,0
59,2026-07-03T13:46:38.667524000Z,S1G Beacon,129,34,-60,920,3,1,,,,,,,0,0
61,2026-07-03T13:46:39.484941000Z,S1G Beacon,61,34,-62,920,3,1,,,,,,,0,0
65,2026-07-03T13:46:39.909506000Z,QoS Data,132,34,-12,920,2,8,1,0,0,0,0,0,720,0
71,2026-07-03T13:46:39.925607000Z,QoS Data,115,34,-17,920,2,8,1,0,1,0,0,0,720,0
75,2026-07-03T13:46:39.931232000Z,QoS Data,115,34,-63,920,2,8,0,0,0,0,0,0,720,0
77,2026-07-03T13:46:40.026834000Z,QoS Data,112,34,-10,920,2,8,1,0,0,0,0,0,720,0
79,2026-07-03T13:46:40.029494000Z,QoS Data,112,34,-64,920,2,8,0,0,0,0,0,0,720,0
81,2026-07-03T13:46:40.305969000Z,S1G Beacon,129,34,-63,920,3,1,,,,,,,0,0
83,2026-07-03T13:46:41.123396000Z,S1G Beacon,61,34,-62,920,3,1,,,,,,,0,0
84,2026-07-03T13:46:41.944419000Z,S1G Beacon,129,34,-60,920,3,1,,,,,,,0,0
85,2026-07-03T13:46:42.761841000Z,S1G Beacon,61,34,-61,920,3,1,,,,,,,0,0
87,2026-07-03T13:46:43.582865000Z,S1G Beacon,129,34,-60,920,3,1,,,,,,,0,0
88,2026-07-03T13:46:44.400301000Z,S1G Beacon,61,34,-61,920,3,1,,,,,,,0,0
89,2026-07-03T13:46:44.944471000Z,QoS Data,132,34,-11,920,2,8,1,0,0,0,0,0,720,0
92,2026-07-03T13:46:44.956243000Z,QoS Data,115,34,-18,920,2,8,1,0,0,0,0,0,720,0
94,2026-07-03T13:46:44.958818000Z,QoS Data,115,34,-63,920,2,8,0,0,0,0,0,0,720,0
96,2026-07-03T13:46:45.026779000Z,QoS Data,112,34,-10,920,2,8,1,0,0,0,0,0,720,0
98,2026-07-03T13:46:45.028868000Z,QoS Data,112,34,-62,920,2,8,0,0,0,0,0,0,720,0
100,2026-07-03T13:46:45.221322000Z,S1G Beacon,129,34,-60,920,3,1,,,,,,,0,0
101,2026-07-03T13:46:46.038747000Z,S1G Beacon,61,34,-60,920,3,1,,,,,,,0,0
105,2026-07-03T13:46:46.859801000Z,S1G Beacon,129,34,-65,920,3,1,,,,,,,0,0
106,2026-07-03T13:46:47.677197000Z,S1G Beacon,61,34,-63,920,3,1,,,,,,,0,0
107,2026-07-03T13:46:48.498233000Z,S1G Beacon,129,34,-63,920,3,1,,,,,,,0,0
108,2026-07-03T13:46:49.315638000Z,S1G Beacon,61,34,-63,920,3,1,,,,,,,0,0
110,2026-07-03T13:46:49.964465000Z,QoS Data,132,34,-13,920,2,8,1,0,0,0,0,0,720,0
112,2026-07-03T13:46:49.967288000Z,QoS Data,132,34,-65,920,2,8,0,0,0,0,0,0,720,0
114,2026-07-03T13:46:49.973978000Z,QoS Data,115,34,-17,920,2,8,1,0,0,0,0,0,720,0
116,2026-07-03T13:46:49.976499000Z,QoS Data,115,34,-63,920,2,8,0,0,0,0,0,0,720,0
118,2026-07-03T13:46:50.026868000Z,QoS Data,112,34,-13,920,2,8,1,0,0,0,0,0,720,0
121,2026-07-03T13:46:50.136669000Z,S1G Beacon,129,34,-63,920,3,1,,,,,,,0,0
130,2026-07-03T13:46:50.954081000Z,S1G Beacon,61,34,-61,920,3,1,,,,,,,0,0
136,2026-07-03T13:46:51.775111000Z,S1G Beacon,129,34,-61,920,3,1,,,,,,,0,0
138,2026-07-03T13:46:52.592537000Z,S1G Beacon,61,34,-60,920,3,1,,,,,,,0,0
139,2026-07-03T13:46:53.413570000Z,S1G Beacon,129,34,-61,920,3,1,,,,,,,0,0
141,2026-07-03T13:46:54.230984000Z,S1G Beacon,61,34,-61,920,3,1,,,,,,,0,0
143,2026-07-03T13:46:55.002883000Z,RTS,54,34,-16,920,1,11,,,,0,0,0,2524,0
145,2026-07-03T13:46:55.004682000Z,QoS Data,115,34,-18,920,2,8,1,0,1,0,0,0,720,0
148,2026-07-03T13:46:55.026829000Z,QoS Data,112,34,-9,920,2,8,1,0,0,0,0,0,720,0
151,2026-07-03T13:46:55.052016000Z,S1G Beacon,129,34,-61,920,3,1,,,,,,,0,0
153,2026-07-03T13:46:55.869438000Z,S1G Beacon,61,34,-61,920,3,1,,,,,,,0,0
154,2026-07-03T13:46:56.690478000Z,S1G Beacon,129,34,-61,920,3,1,,,,,,,0,0
155,2026-07-03T13:46:57.507887000Z,S1G Beacon,61,34,-61,920,3,1,,,,,,,0,0
156,2026-07-03T13:46:58.328913000Z,S1G Beacon,129,34,-60,920,3,1,,,,,,,0,0
158,2026-07-03T13:46:59.146334000Z,S1G Beacon,61,34,-60,920,3,1,,,,,,,0,0
159,2026-07-03T13:46:59.967365000Z,S1G Beacon,129,34,-60,920,3,1,,,,,,,0,0
160,2026-07-03T13:47:00.014351000Z,QoS Data,132,34,-8,920,2,8,1,0,0,0,0,0,720,0
162,2026-07-03T13:47:00.017117000Z,QoS Data,132,34,-63,920,2,8,0,0,0,0,0,0,720,0
164,2026-07-03T13:47:00.019270000Z,QoS Data,132,34,-64,920,2,8,0,0,1,0,0,0,720,0
166,2026-07-03T13:47:00.024618000Z,QoS Data,115,34,-21,920,2,8,1,0,0,0,0,0,720,0
169,2026-07-03T13:47:00.276323000Z,QoS Data,112,34,-8,920,2,8,1,0,0,0,0,0,720,0
172,2026-07-03T13:47:00.784788000Z,S1G Beacon,61,34,-60,920,3,1,,,,,,,0,0
173,2026-07-03T13:47:01.605815000Z,S1G Beacon,129,34,-60,920,3,1,,,,,,,0,0
175,2026-07-03T13:47:02.423238000Z,S1G Beacon,61,34,-62,920,3,1,,,,,,,0,0
176,2026-07-03T13:47:03.244278000Z,S1G Beacon,129,34,-61,920,3,1,,,,,,,0,0
177,2026-07-03T13:47:04.061690000Z,S1G Beacon,61,34,-60,920,3,1,,,,,,,0,0
180,2026-07-03T13:47:04.882726000Z,S1G Beacon,129,34,-60,920,3,1,,,,,,,0,0
181,2026-07-03T13:47:05.034123000Z,QoS Data,132,34,-10,920,2,8,1,0,0,0,0,0,720,0
185,2026-07-03T13:47:05.276304000Z,QoS Data,112,34,-9,920,2,8,1,0,0,0,0,0,720,0
187,2026-07-03T13:47:05.278437000Z,QoS Data,112,34,-63,920,2,8,0,0,0,0,0,0,720,0
190,2026-07-03T13:47:05.700139000Z,S1G Beacon,61,34,-61,920,3,1,,,,,,,0,0
191,2026-07-03T13:47:06.521174000Z,S1G Beacon,129,34,-61,920,3,1,,,,,,,0,0
193,2026-07-03T13:47:07.338585000Z,S1G Beacon,61,34,-62,920,3,1,,,,,,,0,0
195,2026-07-03T13:47:08.159607000Z,S1G Beacon,129,34,-61,920,3,1,,,,,,,0,0
196,2026-07-03T13:47:08.977050000Z,S1G Beacon,61,34,-61,920,3,1,,,,,,,0,0
197,2026-07-03T13:47:09.798426000Z,S1G Beacon,129,34,-61,920,3,1,,,,,,,0,0
198,2026-07-03T13:47:10.054894000Z,QoS Data,132,34,-10,920,2,8,1,0,0,0,0,0,720,0
201,2026-07-03T13:47:10.068093000Z,QoS Data,115,34,-19,920,2,8,1,0,0,0,0,0,720,0
202,2026-07-03T13:47:10.070842000Z,QoS Data,115,34,-19,920,2,8,1,0,1,0,0,0,720,0
205,2026-07-03T13:47:10.276382000Z,QoS Data,112,34,-9,920,2,8,1,0,0,0,0,0,720,0
208,2026-07-03T13:47:10.615483000Z,S1G Beacon,61,34,-62,920,3,1,,,,,,,0,0
213,2026-07-03T13:47:11.436507000Z,S1G Beacon,129,34,-63,920,3,1,,,,,,,0,0
222,2026-07-03T13:47:12.253931000Z,S1G Beacon,61,34,-62,920,3,1,,,,,,,0,0
226,2026-07-03T13:47:13.074962000Z,S1G Beacon,129,34,-63,920,3,1,,,,,,,0,0
228,2026-07-03T13:47:13.892384000Z,S1G Beacon,61,34,-61,920,3,1,,,,,,,0,0
229,2026-07-03T13:47:14.713420000Z,S1G Beacon,129,34,-62,920,3,1,,,,,,,0,0
230,2026-07-03T13:47:15.084012000Z,QoS Data,132,34,-12,920,2,8,1,0,0,0,0,0,720,0
233,2026-07-03T13:47:15.096973000Z,QoS Data,115,34,-18,920,2,8,1,0,0,0,0,0,720,0
234,2026-07-03T13:47:15.099391000Z,RTS,54,34,-15,920,1,11,,,,0,0,0,2416,0
236,2026-07-03T13:47:15.101082000Z,QoS Data,115,34,-19,920,2,8,1,0,1,0,0,0,720,0
237,2026-07-03T13:47:15.103765000Z,RTS,54,34,-15,920,1,11,,,,0,0,0,2416,0
239,2026-07-03T13:47:15.105460000Z,QoS Data,115,34,-18,920,2,8,1,0,1,0,0,0,720,0
242,2026-07-03T13:47:15.276312000Z,QoS Data,112,34,-11,920,2,8,1,0,0,0,0,0,720,0
244,2026-07-03T13:47:15.279071000Z,QoS Data,112,34,-67,920,2,8,0,0,0,0,0,0,720,0
247,2026-07-03T13:47:15.530838000Z,S1G Beacon,61,34,-63,920,3,1,,,,,,,0,0
248,2026-07-03T13:47:16.351880000Z,S1G Beacon,129,34,-63,920,3,1,,,,,,,0,0
250,2026-07-03T13:47:17.169300000Z,S1G Beacon,61,34,-63,920,3,1,,,,,,,0,0
251,2026-07-03T13:47:17.990341000Z,S1G Beacon,129,34,-65,920,3,1,,,,,,,0,0
253,2026-07-03T13:47:18.807739000Z,S1G Beacon,61,34,-62,920,3,1,,,,,,,0,0
254,2026-07-03T13:47:19.628762000Z,S1G Beacon,129,34,-63,920,3,1,,,,,,,0,0
256,2026-07-03T13:47:20.129855000Z,QoS Data,132,34,-10,920,2,8,1,0,0,0,0,0,720,0
259,2026-07-03T13:47:20.142169000Z,QoS Data,115,34,-21,920,2,8,1,0,1,0,0,0,720,0
262,2026-07-03T13:47:20.276332000Z,QoS Data,112,34,-10,920,2,8,1,0,0,0,0,0,720,0
265,2026-07-03T13:47:20.446182000Z,S1G Beacon,61,34,-64,920,3,1,,,,,,,0,0
266,2026-07-03T13:47:21.267209000Z,S1G Beacon,129,34,-64,920,3,1,,,,,,,0,0
268,2026-07-03T13:47:22.905674000Z,S1G Beacon,129,34,-64,920,3,1,,,,,,,0,0
270,2026-07-03T13:47:23.723098000Z,S1G Beacon,61,34,-63,920,3,1,,,,,,,0,0
271,2026-07-03T13:47:24.544114000Z,S1G Beacon,129,34,-63,920,3,1,,,,,,,0,0
272,2026-07-03T13:47:25.154033000Z,QoS Data,132,34,-9,920,2,8,1,0,0,0,0,0,720,0
275,2026-07-03T13:47:25.166340000Z,QoS Data,115,34,-18,920,2,8,1,0,0,0,0,0,720,0
276,2026-07-03T13:47:25.170285000Z,QoS Data,115,34,-19,920,2,8,1,0,1,0,0,0,720,0
279,2026-07-03T13:47:25.276808000Z,QoS Data,112,34,-9,920,2,8,1,0,0,0,0,0,720,0
282,2026-07-03T13:47:25.361527000Z,S1G Beacon,61,34,-63,920,3,1,,,,,,,0,0
285,2026-07-03T13:47:26.182558000Z,S1G Beacon,129,34,-65,920,3,1,,,,,,,0,0
286,2026-07-03T13:47:26.999986000Z,S1G Beacon,61,34,-65,920,3,1,,,,,,,0,0
287,2026-07-03T13:47:27.821020000Z,S1G Beacon,129,34,-64,920,3,1,,,,,,,0,0
288,2026-07-03T13:47:28.638439000Z,S1G Beacon,61,34,-65,920,3,1,,,,,,,0,0
290,2026-07-03T13:47:29.459459000Z,S1G Beacon,129,34,-64,920,3,1,,,,,,,0,0
291,2026-07-03T13:47:30.184724000Z,QoS Data,132,34,-9,920,2,8,1,0,0,0,0,0,720,0
294,2026-07-03T13:47:30.194009000Z,QoS Data,115,34,-18,920,2,8,1,0,0,0,0,0,720,0
297,2026-07-03T13:47:30.276883000Z,S1G Beacon,61,34,-62,920,3,1,,,,,,,0,0
298,2026-07-03T13:47:30.278898000Z,QoS Data,112,34,-10,920,2,8,1,0,0,0,0,0,720,0
301,2026-07-03T13:47:31.097914000Z,S1G Beacon,129,34,-63,920,3,1,,,,,,,0,0
303,2026-07-03T13:47:31.915329000Z,S1G Beacon,61,34,-64,920,3,1,,,,,,,0,0
311,2026-07-03T13:47:32.736355000Z,S1G Beacon,129,34,-64,920,3,1,,,,,,,0,0
319,2026-07-03T13:47:33.553775000Z,S1G Beacon,61,34,-63,920,3,1,,,,,,,0,0
321,2026-07-03T13:47:34.374805000Z,S1G Beacon,129,34,-63,920,3,1,,,,,,,0,0
323,2026-07-03T13:47:35.192225000Z,S1G Beacon,61,34,-63,920,3,1,,,,,,,0,0
324,2026-07-03T13:47:35.204634000Z,QoS Data,132,34,-10,920,2,8,1,0,0,0,0,0,720,0
327,2026-07-03T13:47:35.217418000Z,QoS Data,115,34,-20,920,2,8,1,0,0,0,0,0,720,0
330,2026-07-03T13:47:35.276839000Z,QoS Data,112,34,-10,920,2,8,1,0,0,0,0,0,720,0
333,2026-07-03T13:47:36.013269000Z,S1G Beacon,129,34,-63,920,3,1,,,,,,,0,0
334,2026-07-03T13:47:36.830690000Z,S1G Beacon,61,34,-62,920,3,1,,,,,,,0,0
335,2026-07-03T13:47:37.651720000Z,S1G Beacon,129,34,-63,920,3,1,,,,,,,0,0
337,2026-07-03T13:47:38.469133000Z,S1G Beacon,61,34,-63,920,3,1,,,,,,,0,0
338,2026-07-03T13:47:39.290159000Z,S1G Beacon,129,34,-62,920,3,1,,,,,,,0,0
339,2026-07-03T13:47:40.107581000Z,S1G Beacon,61,34,-63,920,3,1,,,,,,,0,0
340,2026-07-03T13:47:40.234455000Z,QoS Data,132,34,-8,920,2,8,1,0,0,0,0,0,720,0
343,2026-07-03T13:47:40.244369000Z,QoS Data,115,34,-16,920,2,8,1,0,0,0,0,0,720,0
346,2026-07-03T13:47:40.277617000Z,QoS Data,112,34,-10,920,2,8,1,0,0,0,0,0,720,0
349,2026-07-03T13:47:40.928606000Z,S1G Beacon,129,34,-62,920,3,1,,,,,,,0,0
351,2026-07-03T13:47:41.746037000Z,S1G Beacon,61,34,-64,920,3,1,,,,,,,0,0
353,2026-07-03T13:47:42.567063000Z,S1G Beacon,129,34,-63,920,3,1,,,,,,,0,0
354,2026-07-03T13:47:43.384481000Z,S1G Beacon,61,34,-62,920,3,1,,,,,,,0,0
357,2026-07-03T13:47:44.205507000Z,S1G Beacon,129,34,-62,920,3,1,,,,,,,0,0
358,2026-07-03T13:47:45.022932000Z,S1G Beacon,61,34,-63,920,3,1,,,,,,,0,0
359,2026-07-03T13:47:45.254426000Z,QoS Data,132,34,-9,920,2,8,1,0,0,0,0,0,720,0
363,2026-07-03T13:47:45.526926000Z,QoS Data,112,34,-8,920,2,8,1,0,0,0,0,0,720,0
366,2026-07-03T13:47:45.843955000Z,S1G Beacon,129,34,-63,920,3,1,,,,,,,0,0
367,2026-07-03T13:47:46.661398000Z,S1G Beacon,61,34,-62,920,3,1,,,,,,,0,0
369,2026-07-03T13:47:47.482422000Z,S1G Beacon,129,34,-62,920,3,1,,,,,,,0,0
370,2026-07-03T13:47:48.299828000Z,S1G Beacon,61,34,-62,920,3,1,,,,,,,0,0
371,2026-07-03T13:47:49.120864000Z,S1G Beacon,129,34,-61,920,3,1,,,,,,,0,0
372,2026-07-03T13:47:49.938278000Z,S1G Beacon,61,34,-62,920,3,1,,,,,,,0,0
374,2026-07-03T13:47:50.284523000Z,QoS Data,132,34,-10,920,2,8,1,0,0,0,0,0,720,0
378,2026-07-03T13:47:50.526858000Z,QoS Data,112,34,-9,920,2,8,1,0,0,0,0,0,720,0
381,2026-07-03T13:47:50.759309000Z,S1G Beacon,129,34,-63,920,3,1,,,,,,,0,0
382,2026-07-03T13:47:51.576733000Z,S1G Beacon,61,34,-62,920,3,1,,,,,,,0,0
383,2026-07-03T13:47:52.397764000Z,S1G Beacon,129,34,-62,920,3,1,,,,,,,0,0
386,2026-07-03T13:47:53.215178000Z,S1G Beacon,61,34,-63,920,3,1,,,,,,,0,0
394,2026-07-03T13:47:54.036204000Z,S1G Beacon,129,34,-62,920,3,1,,,,,,,0,0
399,2026-07-03T13:47:54.853633000Z,S1G Beacon,61,34,-62,920,3,1,,,,,,,0,0
400,2026-07-03T13:47:55.304447000Z,QoS Data,132,34,-9,920,2,8,1,0,0,0,0,0,720,0
404,2026-07-03T13:47:55.526908000Z,QoS Data,112,34,-10,920,2,8,1,0,0,0,0,0,720,0
407,2026-07-03T13:47:55.674653000Z,S1G Beacon,129,34,-64,920,3,1,,,,,,,0,0
409,2026-07-03T13:47:56.492083000Z,S1G Beacon,61,34,-62,920,3,1,,,,,,,0,0
410,2026-07-03T13:47:57.313116000Z,S1G Beacon,129,34,-60,920,3,1,,,,,,,0,0
411,2026-07-03T13:47:58.130532000Z,S1G Beacon,61,34,-62,920,3,1,,,,,,,0,0
412,2026-07-03T13:47:58.951578000Z,S1G Beacon,129,34,-62,920,3,1,,,,,,,0,0
414,2026-07-03T13:47:59.768982000Z,S1G Beacon,61,34,-61,920,3,1,,,,,,,0,0
415,2026-07-03T13:48:00.334483000Z,QoS Data,132,34,-10,920,2,8,1,0,0,0,0,0,720,0
416,2026-07-03T13:48:00.339130000Z,QoS Data,132,34,-9,920,2,8,1,0,1,0,0,0,720,0
421,2026-07-03T13:48:00.527294000Z,QoS Data,112,34,-10,920,2,8,1,0,0,0,0,0,720,0
424,2026-07-03T13:48:00.590000000Z,S1G Beacon,129,34,-62,920,3,1,,,,,,,0,0
426,2026-07-03T13:48:01.407429000Z,S1G Beacon,61,34,-63,920,3,1,,,,,,,0,0
428,2026-07-03T13:48:02.228456000Z,S1G Beacon,129,34,-63,920,3,1,,,,,,,0,0
430,2026-07-03T13:48:03.045876000Z,S1G Beacon,61,34,-62,920,3,1,,,,,,,0,0
431,2026-07-03T13:48:03.866910000Z,S1G Beacon,129,34,-63,920,3,1,,,,,,,0,0
432,2026-07-03T13:48:04.684336000Z,S1G Beacon,61,34,-63,920,3,1,,,,,,,0,0
435,2026-07-03T13:48:05.364569000Z,QoS Data,132,34,-12,920,2,8,1,0,0,0,0,0,720,0
439,2026-07-03T13:48:05.505357000Z,S1G Beacon,129,34,-62,920,3,1,,,,,,,0,0
440,2026-07-03T13:48:05.526884000Z,QoS Data,112,34,-12,920,2,8,1,0,0,0,0,0,720,0
444,2026-07-03T13:48:06.322775000Z,S1G Beacon,61,34,-62,920,3,1,,,,,,,0,0
445,2026-07-03T13:48:07.143984000Z,S1G Beacon,129,34,-63,920,3,1,,,,,,,0,0
447,2026-07-03T13:48:07.961227000Z,S1G Beacon,61,34,-64,920,3,1,,,,,,,0,0
449,2026-07-03T13:48:08.782265000Z,S1G Beacon,129,34,-65,920,3,1,,,,,,,0,0
451,2026-07-03T13:48:09.599680000Z,S1G Beacon,61,34,-63,920,3,1,,,,,,,0,0
452,2026-07-03T13:48:10.414482000Z,QoS Data,132,34,-11,920,2,8,1,0,0,0,0,0,720,0
454,2026-07-03T13:48:10.420711000Z,S1G Beacon,129,34,-63,920,3,1,,,,,,,0,0
457,2026-07-03T13:48:10.526602000Z,QoS Data,112,34,-12,920,2,8,1,0,0,0,0,0,720,0
461,2026-07-03T13:48:11.238130000Z,S1G Beacon,61,34,-63,920,3,1,,,,,,,0,0
462,2026-07-03T13:48:12.059161000Z,S1G Beacon,129,34,-62,920,3,1,,,,,,,0,0
463,2026-07-03T13:48:12.876582000Z,S1G Beacon,61,34,-63,920,3,1,,,,,,,0,0
464,2026-07-03T13:48:13.697603000Z,S1G Beacon,129,34,-63,920,3,1,,,,,,,0,0
469,2026-07-03T13:48:14.515030000Z,S1G Beacon,61,34,-64,920,3,1,,,,,,,0,0
477,2026-07-03T13:48:15.336054000Z,S1G Beacon,129,34,-64,920,3,1,,,,,,,0,0
479,2026-07-03T13:48:15.454055000Z,QoS Data,132,34,-10,920,2,8,1,0,0,0,0,0,720,0
482,2026-07-03T13:48:15.463712000Z,QoS Data,115,34,-18,920,2,8,1,0,0,0,0,0,720,0
485,2026-07-03T13:48:15.526520000Z,QoS Data,112,34,-10,920,2,8,1,0,0,0,0,0,720,0
488,2026-07-03T13:48:16.153490000Z,S1G Beacon,61,34,-63,920,3,1,,,,,,,0,0
489,2026-07-03T13:48:16.974521000Z,S1G Beacon,129,34,-65,920,3,1,,,,,,,0,0
492,2026-07-03T13:48:18.612963000Z,S1G Beacon,129,34,-63,920,3,1,,,,,,,0,0
493,2026-07-03T13:48:19.264692000Z,QoS Data,72,34,-18,920,2,8,1,0,0,0,0,0,720,0
495,2026-07-03T13:48:19.430378000Z,S1G Beacon,61,34,-64,920,3,1,,,,,,,0,0
496,2026-07-03T13:48:20.251420000Z,S1G Beacon,129,34,-63,920,3,1,,,,,,,0,0
498,2026-07-03T13:48:20.489091000Z,QoS Data,132,34,-9,920,2,8,1,0,0,0,0,0,720,0
501,2026-07-03T13:48:20.501560000Z,QoS Data,115,34,-17,920,2,8,1,0,0,0,0,0,720,0
502,2026-07-03T13:48:20.504206000Z,QoS Data,115,34,-18,920,2,8,1,0,1,0,0,0,720,0
505,2026-07-03T13:48:20.528525000Z,QoS Data,112,34,-9,920,2,8,1,0,0,0,0,0,720,0
508,2026-07-03T13:48:21.068829000Z,S1G Beacon,61,34,-64,920,3,1,,,,,,,0,0
509,2026-07-03T13:48:21.889857000Z,S1G Beacon,129,34,-63,920,3,1,,,,,,,0,0
510,2026-07-03T13:48:22.707278000Z,S1G Beacon,61,34,-62,920,3,1,,,,,,,0,0
513,2026-07-03T13:48:23.528303000Z,S1G Beacon,129,34,-63,920,3,1,,,,,,,0,0
514,2026-07-03T13:48:24.345734000Z,S1G Beacon,61,34,-63,920,3,1,,,,,,,0,0
515,2026-07-03T13:48:25.166759000Z,S1G Beacon,129,34,-62,920,3,1,,,,,,,0,0
516,2026-07-03T13:48:25.514116000Z,QoS Data,132,34,-10,920,2,8,1,0,0,0,0,0,720,0
519,2026-07-03T13:48:25.523779000Z,QoS Data,115,34,-19,920,2,8,1,0,0,0,0,0,720,0
530,2026-07-03T13:48:25.777582000Z,QoS Data,112,34,-9,920,2,8,1,0,0,0,0,0,720,0
534,2026-07-03T13:48:25.984181000Z,S1G Beacon,61,34,-62,920,3,1,,,,,,,0,0
537,2026-07-03T13:48:26.805206000Z,S1G Beacon,129,34,-61,920,3,1,,,,,,,0,0
538,2026-07-03T13:48:26.845480000Z,QoS Data,72,34,-9,920,2,8,1,0,0,0,0,0,720,0
540,2026-07-03T13:48:27.622637000Z,S1G Beacon,61,34,-63,920,3,1,,,,,,,0,0
542,2026-07-03T13:48:28.443668000Z,S1G Beacon,129,34,-62,920,3,1,,,,,,,0,0
543,2026-07-03T13:48:29.261081000Z,S1G Beacon,61,34,-63,920,3,1,,,,,,,0,0
545,2026-07-03T13:48:30.082113000Z,S1G Beacon,129,34,-63,920,3,1,,,,,,,0,0
547,2026-07-03T13:48:30.544171000Z,QoS Data,132,34,-9,920,2,8,1,0,0,0,0,0,720,0
550,2026-07-03T13:48:30.555838000Z,QoS Data,115,34,-18,920,2,8,1,0,0,0,0,0,720,0
553,2026-07-03T13:48:30.776551000Z,QoS Data,112,34,-9,920,2,8,1,0,0,0,0,0,720,0
556,2026-07-03T13:48:30.899528000Z,S1G Beacon,61,34,-63,920,3,1,,,,,,,0,0
557,2026-07-03T13:48:31.720561000Z,S1G Beacon,129,34,-62,920,3,1,,,,,,,0,0
559,2026-07-03T13:48:32.537980000Z,S1G Beacon,61,34,-63,920,3,1,,,,,,,0,0
560,2026-07-03T13:48:33.359009000Z,S1G Beacon,129,34,-62,920,3,1,,,,,,,0,0
561,2026-07-03T13:48:34.176427000Z,S1G Beacon,61,34,-63,920,3,1,,,,,,,0,0
562,2026-07-03T13:48:34.997462000Z,S1G Beacon,129,34,-63,920,3,1,,,,,,,0,0
570,2026-07-03T13:48:35.590777000Z,QoS Data,132,34,-10,920,2,8,1,0,0,0,0,0,720,0
572,2026-07-03T13:48:35.604011000Z,QoS Data,115,34,-19,920,2,8,1,0,0,0,0,0,720,0
576,2026-07-03T13:48:35.776776000Z,QoS Data,112,34,-10,920,2,8,1,0,0,0,0,0,720,0
580,2026-07-03T13:48:35.814877000Z,S1G Beacon,61,34,-63,920,3,1,,,,,,,0,0
587,2026-07-03T13:48:36.635905000Z,S1G Beacon,129,34,-62,920,3,1,,,,,,,0,0
589,2026-07-03T13:48:37.453347000Z,S1G Beacon,61,34,-64,920,3,1,,,,,,,0,0
590,2026-07-03T13:48:38.274361000Z,S1G Beacon,129,34,-64,920,3,1,,,,,,,0,0
592,2026-07-03T13:48:39.091780000Z,S1G Beacon,61,34,-65,920,3,1,,,,,,,0,0
594,2026-07-03T13:48:39.912813000Z,S1G Beacon,129,34,-64,920,3,1,,,,,,,0,0
595,2026-07-03T13:48:40.614536000Z,QoS Data,132,34,-14,920,2,8,1,0,0,0,0,0,720,0
598,2026-07-03T13:48:40.623832000Z,QoS Data,115,34,-19,920,2,8,1,0,0,0,0,0,720,0
601,2026-07-03T13:48:40.730229000Z,S1G Beacon,61,34,-64,920,3,1,,,,,,,0,0
602,2026-07-03T13:48:40.776914000Z,QoS Data,112,34,-13,920,2,8,1,0,0,0,0,0,720,0
606,2026-07-03T13:48:41.551254000Z,S1G Beacon,129,34,-64,920,3,1,,,,,,,0,0
608,2026-07-03T13:48:42.368680000Z,S1G Beacon,61,34,-65,920,3,1,,,,,,,0,0
609,2026-07-03T13:48:43.189706000Z,S1G Beacon,129,34,-64,920,3,1,,,,,,,0,0
611,2026-07-03T13:48:44.007123000Z,S1G Beacon,61,34,-65,920,3,1,,,,,,,0,0
613,2026-07-03T13:48:44.828150000Z,S1G Beacon,129,34,-65,920,3,1,,,,,,,0,0
614,2026-07-03T13:48:45.645576000Z,S1G Beacon,61,34,-66,920,3,1,,,,,,,0,0
615,2026-07-03T13:48:45.651427000Z,QoS Data,132,34,-13,920,2,8,1,0,0,0,0,0,720,0
619,2026-07-03T13:48:45.776875000Z,QoS Data,112,34,-14,920,2,8,1,0,0,0,0,0,720,0
623,2026-07-03T13:48:46.466613000Z,S1G Beacon,129,34,-65,920,3,1,,,,,,,0,0
624,2026-07-03T13:48:47.284039000Z,S1G Beacon,61,34,-65,920,3,1,,,,,,,0,0
626,2026-07-03T13:48:48.105068000Z,S1G Beacon,129,34,-66,920,3,1,,,,,,,0,0
627,2026-07-03T13:48:48.922487000Z,S1G Beacon,61,34,-66,920,3,1,,,,,,,0,0
628,2026-07-03T13:48:49.743520000Z,S1G Beacon,129,34,-65,920,3,1,,,,,,,0,0
630,2026-07-03T13:48:50.560930000Z,S1G Beacon,61,34,-63,920,3,1,,,,,,,0,0
631,2026-07-03T13:48:50.674527000Z,QoS Data,132,34,-12,920,2,8,1,0,0,0,0,0,720,0
634,2026-07-03T13:48:50.685272000Z,QoS Data,115,34,-18,920,2,8,1,0,0,0,0,0,720,0
635,2026-07-03T13:48:50.688072000Z,QoS Data,115,34,-17,920,2,8,1,0,1,0,0,0,720,0
636,2026-07-03T13:48:50.693553000Z,RTS,54,34,-15,920,1,11,,,,0,0,0,2524,0
638,2026-07-03T13:48:50.695350000Z,QoS Data,115,34,-16,920,2,8,1,0,1,0,0,0,720,0
639,2026-07-03T13:48:50.699178000Z,RTS,54,34,-15,920,1,11,,,,0,0,0,2524,0
641,2026-07-03T13:48:50.700977000Z,QoS Data,115,34,-16,920,2,8,1,0,1,0,0,0,720,0
644,2026-07-03T13:48:50.776908000Z,QoS Data,112,34,-9,920,2,8,1,0,0,0,0,0,720,0
647,2026-07-03T13:48:51.381952000Z,S1G Beacon,129,34,-64,920,3,1,,,,,,,0,0
648,2026-07-03T13:48:52.199372000Z,S1G Beacon,61,34,-63,920,3,1,,,,,,,0,0
649,2026-07-03T13:48:53.020406000Z,S1G Beacon,129,34,-64,920,3,1,,,,,,,0,0
651,2026-07-03T13:48:53.837819000Z,S1G Beacon,61,34,-65,920,3,1,,,,,,,0,0
653,2026-07-03T13:48:54.658844000Z,S1G Beacon,129,34,-61,920,3,1,,,,,,,0,0
654,2026-07-03T13:48:55.476273000Z,S1G Beacon,61,34,-63,920,3,1,,,,,,,0,0
655,2026-07-03T13:48:55.714637000Z,QoS Data,132,34,-10,920,2,8,1,0,0,0,0,0,720,0
658,2026-07-03T13:48:55.724551000Z,QoS Data,115,34,-18,920,2,8,1,0,0,0,0,0,720,0
661,2026-07-03T13:48:55.776984000Z,QoS Data,112,34,-13,920,2,8,1,0,0,0,0,0,720,0
667,2026-07-03T13:48:56.297304000Z,S1G Beacon,129,34,-64,920,3,1,,,,,,,0,0
677,2026-07-03T13:48:57.114717000Z,S1G Beacon,61,34,-63,920,3,1,,,,,,,0,0
681,2026-07-03T13:48:57.935751000Z,S1G Beacon,129,34,-64,920,3,1,,,,,,,0,0
682,2026-07-03T13:48:58.753180000Z,S1G Beacon,61,34,-64,920,3,1,,,,,,,0,0
683,2026-07-03T13:48:59.574207000Z,S1G Beacon,129,34,-65,920,3,1,,,,,,,0,0
685,2026-07-03T13:49:00.391625000Z,S1G Beacon,61,34,-63,920,3,1,,,,,,,0,0
686,2026-07-03T13:49:00.744531000Z,QoS Data,132,34,-10,920,2,8,1,0,0,0,0,0,720,0
688,2026-07-03T13:49:00.753913000Z,QoS Data,115,34,-23,920,2,8,1,0,0,0,0,0,720,0
691,2026-07-03T13:49:00.779050000Z,QoS Data,112,34,-12,920,2,8,1,0,0,0,0,0,720,0
694,2026-07-03T13:49:01.212648000Z,S1G Beacon,129,34,-64,920,3,1,,,,,,,0,0
696,2026-07-03T13:49:02.030067000Z,S1G Beacon,61,34,-63,920,3,1,,,,,,,0,0
698,2026-07-03T13:49:02.851092000Z,S1G Beacon,129,34,-63,920,3,1,,,,,,,0,0
699,2026-07-03T13:49:03.668516000Z,S1G Beacon,61,34,-64,920,3,1,,,,,,,0,0
700,2026-07-03T13:49:04.489553000Z,S1G Beacon,129,34,-65,920,3,1,,,,,,,0,0
701,2026-07-03T13:49:05.306976000Z,S1G Beacon,61,34,-64,920,3,1,,,,,,,0,0
703,2026-07-03T13:49:05.764596000Z,QoS Data,132,34,-11,920,2,8,1,0,0,0,0,0,720,0
706,2026-07-03T13:49:05.792703000Z,QoS Data,115,34,-19,920,2,8,1,0,0,0,0,0,720,0
710,2026-07-03T13:49:06.026968000Z,QoS Data,112,34,-12,920,2,8,1,0,0,0,0,0,720,0
713,2026-07-03T13:49:06.127994000Z,S1G Beacon,129,34,-64,920,3,1,,,,,,,0,0
714,2026-07-03T13:49:06.945553000Z,S1G Beacon,61,34,-62,920,3,1,,,,,,,0,0
715,2026-07-03T13:49:07.766447000Z,S1G Beacon,129,34,-63,920,3,1,,,,,,,0,0
716,2026-07-03T13:49:08.583878000Z,S1G Beacon,61,34,-63,920,3,1,,,,,,,0,0
719,2026-07-03T13:49:09.404898000Z,S1G Beacon,129,34,-64,920,3,1,,,,,,,0,0
720,2026-07-03T13:49:10.222320000Z,S1G Beacon,61,34,-65,920,3,1,,,,,,,0,0
722,2026-07-03T13:49:10.820913000Z,QoS Data,115,34,-19,920,2,8,1,0,0,0,0,0,720,0
725,2026-07-03T13:49:11.026813000Z,QoS Data,112,34,-12,920,2,8,1,0,0,0,0,0,720,0
728,2026-07-03T13:49:11.043348000Z,S1G Beacon,129,34,-63,920,3,1,,,,,,,0,0
730,2026-07-03T13:49:11.860768000Z,S1G Beacon,61,34,-64,920,3,1,,,,,,,0,0
731,2026-07-03T13:49:12.681794000Z,S1G Beacon,129,34,-64,920,3,1,,,,,,,0,0
732,2026-07-03T13:49:13.499216000Z,S1G Beacon,61,34,-63,920,3,1,,,,,,,0,0
733,2026-07-03T13:49:14.320247000Z,S1G Beacon,129,34,-64,920,3,1,,,,,,,0,0
736,2026-07-03T13:49:15.137670000Z,S1G Beacon,61,34,-62,920,3,1,,,,,,,0,0
737,2026-07-03T13:49:15.834240000Z,QoS Data,132,34,-10,920,2,8,1,0,0,0,0,0,720,0
740,2026-07-03T13:49:15.844306000Z,QoS Data,115,34,-19,920,2,8,1,0,0,0,0,0,720,0
743,2026-07-03T13:49:15.958688000Z,S1G Beacon,129,34,-64,920,3,1,,,,,,,0,0
744,2026-07-03T13:49:16.026759000Z,QoS Data,112,34,-10,920,2,8,1,0,0,0,0,0,720,0
747,2026-07-03T13:49:16.776134000Z,S1G Beacon,61,34,-65,920,3,1,,,,,,,0,0
754,2026-07-03T13:49:17.597143000Z,S1G Beacon,129,34,-63,920,3,1,,,,,,,0,0
765,2026-07-03T13:49:18.414561000Z,S1G Beacon,61,34,-64,920,3,1,,,,,,,0,0
767,2026-07-03T13:49:19.235608000Z,S1G Beacon,129,34,-63,920,3,1,,,,,,,0,0
768,2026-07-03T13:49:20.053017000Z,S1G Beacon,61,34,-63,920,3,1,,,,,,,0,0
769,2026-07-03T13:49:20.853891000Z,QoS Data,132,34,-12,920,2,8,1,0,0,0,0,0,720,0
773,2026-07-03T13:49:20.874045000Z,S1G Beacon,129,34,-63,920,3,1,,,,,,,0,0
774,2026-07-03T13:49:21.026388000Z,QoS Data,112,34,-11,920,2,8,1,0,0,0,0,0,720,0
777,2026-07-03T13:49:21.691467000Z,S1G Beacon,61,34,-64,920,3,1,,,,,,,0,0
778,2026-07-03T13:49:22.512506000Z,S1G Beacon,129,34,-64,920,3,1,,,,,,,0,0
779,2026-07-03T13:49:23.329924000Z,S1G Beacon,61,34,-63,920,3,1,,,,,,,0,0
782,2026-07-03T13:49:24.150940000Z,S1G Beacon,129,34,-63,920,3,1,,,,,,,0,0
784,2026-07-03T13:49:24.968365000Z,S1G Beacon,61,34,-63,920,3,1,,,,,,,0,0
786,2026-07-03T13:49:25.789387000Z,S1G Beacon,129,34,-65,920,3,1,,,,,,,0,0
789,2026-07-03T13:49:26.026331000Z,QoS Data,112,34,-12,920,2,8,1,0,0,0,0,0,720,0
792,2026-07-03T13:49:26.606820000Z,S1G Beacon,61,34,-63,920,3,1,,,,,,,0,0
794,2026-07-03T13:49:27.427844000Z,S1G Beacon,129,34,-64,920,3,1,,,,,,,0,0
795,2026-07-03T13:49:28.245282000Z,S1G Beacon,61,34,-64,920,3,1,,,,,,,0,0
796,2026-07-03T13:49:29.066300000Z,S1G Beacon,129,34,-63,920,3,1,,,,,,,0,0
798,2026-07-03T13:49:29.883720000Z,S1G Beacon,61,34,-64,920,3,1,,,,,,,0,0
799,2026-07-03T13:49:30.704750000Z,S1G Beacon,129,34,-64,920,3,1,,,,,,,0,0
800,2026-07-03T13:49:30.913950000Z,QoS Data,132,34,-12,920,2,8,1,0,0,0,0,0,720,0
803,2026-07-03T13:49:30.933027000Z,QoS Data,115,34,-22,920,2,8,1,0,1,0,0,0,720,0
806,2026-07-03T13:49:31.026419000Z,QoS Data,112,34,-12,920,2,8,1,0,0,0,0,0,720,0
809,2026-07-03T13:49:31.522168000Z,S1G Beacon,61,34,-63,920,3,1,,,,,,,0,0
810,2026-07-03T13:49:32.343198000Z,S1G Beacon,129,34,-65,920,3,1,,,,,,,0,0
812,2026-07-03T13:49:33.160607000Z,S1G Beacon,61,34,-64,920,3,1,,,,,,,0,0
813,2026-07-03T13:49:33.981647000Z,S1G Beacon,129,34,-63,920,3,1,,,,,,,0,0
814,2026-07-03T13:49:34.799069000Z,S1G Beacon,61,34,-63,920,3,1,,,,,,,0,0
815,2026-07-03T13:49:35.620097000Z,S1G Beacon,129,34,-65,920,3,1,,,,,,,0,0
817,2026-07-03T13:49:35.943871000Z,QoS Data,132,34,-11,920,2,8,1,0,0,0,0,0,720,0
820,2026-07-03T13:49:35.960215000Z,QoS Data,115,34,-22,920,2,8,1,0,1,0,0,0,720,0
821,2026-07-03T13:49:35.962634000Z,RTS,54,34,-17,920,1,11,,,,0,0,0,2416,0
823,2026-07-03T13:49:35.964325000Z,QoS Data,115,34,-19,920,2,8,1,0,1,0,0,0,720,0
826,2026-07-03T13:49:36.026330000Z,QoS Data,112,34,-12,920,2,8,1,0,0,0,0,0,720,0
829,2026-07-03T13:49:36.437514000Z,S1G Beacon,61,34,-62,920,3,1,,,,,,,0,0
830,2026-07-03T13:49:37.258545000Z,S1G Beacon,129,34,-62,920,3,1,,,,,,,0,0
831,2026-07-03T13:49:38.075965000Z,S1G Beacon,61,34,-66,920,3,1,,,,,,,0,0
839,2026-07-03T13:49:38.896989000Z,S1G Beacon,129,34,-64,920,3,1,,,,,,,0,0
847,2026-07-03T13:49:39.714419000Z,S1G Beacon,61,34,-68,920,3,1,,,,,,,0,0
848,2026-07-03T13:49:40.535451000Z,S1G Beacon,129,34,-67,920,3,1,,,,,,,0,0
849,2026-07-03T13:49:40.974007000Z,QoS Data,132,34,-12,920,2,8,1,0,0,0,0,0,720,0
853,2026-07-03T13:49:41.026490000Z,QoS Data,112,34,-11,920,2,8,1,0,0,0,0,0,720,0
856,2026-07-03T13:49:41.352868000Z,S1G Beacon,61,34,-66,920,3,1,,,,,,,0,0
858,2026-07-03T13:49:42.173895000Z,S1G Beacon,129,34,-65,920,3,1,,,,,,,0,0
859,2026-07-03T13:49:42.991314000Z,S1G Beacon,61,34,-71,920,3,1,,,,,,,0,0
860,2026-07-03T13:49:43.812347000Z,S1G Beacon,129,34,-67,920,3,1,,,,,,,0,0
861,2026-07-03T13:49:44.629766000Z,S1G Beacon,61,34,-66,920,3,1,,,,,,,0,0
863,2026-07-03T13:49:45.450790000Z,S1G Beacon,129,34,-63,920,3,1,,,,,,,0,0
864,2026-07-03T13:49:46.004200000Z,QoS Data,132,34,-16,920,2,8,1,0,0,0,0,0,720,0
867,2026-07-03T13:49:46.022956000Z,QoS Data,115,34,-20,920,2,8,1,0,1,0,0,0,720,0
870,2026-07-03T13:49:46.268240000Z,S1G Beacon,61,34,-68,920,3,1,,,,,,,0,0
872,2026-07-03T13:49:46.292083000Z,QoS Data,112,34,-13,920,2,8,1,0,0,0,0,0,720,0
875,2026-07-03T13:49:47.089255000Z,S1G Beacon,129,34,-66,920,3,1,,,,,,,0,0
876,2026-07-03T13:49:47.906668000Z,S1G Beacon,61,34,-63,920,3,1,,,,,,,0,0
878,2026-07-03T13:49:48.727696000Z,S1G Beacon,129,34,-65,920,3,1,,,,,,,0,0
879,2026-07-03T13:49:49.545119000Z,S1G Beacon,61,34,-65,920,3,1,,,,,,,0,0
880,2026-07-03T13:49:50.366150000Z,S1G Beacon,129,34,-64,920,3,1,,,,,,,0,0
882,2026-07-03T13:49:51.054211000Z,QoS Data,132,34,-13,920,2,8,1,0,0,0,0,0,720,0
885,2026-07-03T13:49:51.063943000Z,QoS Data,115,34,-18,920,2,8,1,0,0,0,0,0,720,0
887,2026-07-03T13:49:51.092952000Z,QoS Data,115,34,-67,920,2,8,0,0,1,0,0,0,720,0
889,2026-07-03T13:49:51.183561000Z,S1G Beacon,61,34,-66,920,3,1,,,,,,,0,0
890,2026-07-03T13:49:51.276673000Z,QoS Data,112,34,-11,920,2,8,1,0,0,0,0,0,720,0
893,2026-07-03T13:49:52.004593000Z,S1G Beacon,129,34,-64,920,3,1,,,,,,,0,0
894,2026-07-03T13:49:52.822020000Z,S1G Beacon,61,34,-64,920,3,1,,,,,,,0,0
895,2026-07-03T13:49:53.643044000Z,S1G Beacon,129,34,-63,920,3,1,,,,,,,0,0
898,2026-07-03T13:49:54.460476000Z,S1G Beacon,61,34,-63,920,3,1,,,,,,,0,0
899,2026-07-03T13:49:55.281491000Z,S1G Beacon,129,34,-63,920,3,1,,,,,,,0,0
900,2026-07-03T13:49:56.098923000Z,S1G Beacon,61,34,-65,920,3,1,,,,,,,0,0
901,2026-07-03T13:49:56.104795000Z,QoS Data,132,34,-13,920,2,8,1,0,0,0,0,0,720,0
904,2026-07-03T13:49:56.124963000Z,QoS Data,115,34,-19,920,2,8,1,0,1,0,0,0,720,0
907,2026-07-03T13:49:56.276690000Z,QoS Data,112,34,-11,920,2,8,1,0,0,0,0,0,720,0
910,2026-07-03T13:49:56.919945000Z,S1G Beacon,129,34,-64,920,3,1,,,,,,,0,0
913,2026-07-03T13:49:57.737362000Z,S1G Beacon,61,34,-63,920,3,1,,,,,,,0,0
914,2026-07-03T13:49:58.558396000Z,S1G Beacon,129,34,-65,920,3,1,,,,,,,0,0
917,2026-07-03T13:49:59.375814000Z,S1G Beacon,61,34,-66,920,3,1,,,,,,,0,0
927,2026-07-03T13:50:00.196843000Z,S1G Beacon,129,34,-63,920,3,1,,,,,,,0,0
931,2026-07-03T13:50:01.014269000Z,S1G Beacon,61,34,-64,920,3,1,,,,,,,0,0
932,2026-07-03T13:50:01.134238000Z,QoS Data,132,34,-12,920,2,8,1,0,0,0,0,0,720,0
935,2026-07-03T13:50:01.143797000Z,QoS Data,115,34,-16,920,2,8,1,0,0,0,0,0,720,0
938,2026-07-03T13:50:01.276658000Z,QoS Data,112,34,-12,920,2,8,1,0,0,0,0,0,720,0
942,2026-07-03T13:50:01.835294000Z,S1G Beacon,129,34,-64,920,3,1,,,,,,,0,0
943,2026-07-03T13:50:02.652713000Z,S1G Beacon,61,34,-64,920,3,1,,,,,,,0,0
945,2026-07-03T13:50:03.473735000Z,S1G Beacon,129,34,-64,920,3,1,,,,,,,0,0
946,2026-07-03T13:50:04.291161000Z,S1G Beacon,61,34,-63,920,3,1,,,,,,,0,0
947,2026-07-03T13:50:05.112194000Z,S1G Beacon,129,34,-64,920,3,1,,,,,,,0,0
948,2026-07-03T13:50:05.929616000Z,S1G Beacon,61,34,-62,920,3,1,,,,,,,0,0
950,2026-07-03T13:50:06.154221000Z,QoS Data,132,34,-13,920,2,8,1,0,0,0,0,0,720,0
953,2026-07-03T13:50:06.167075000Z,QoS Data,115,34,-18,920,2,8,1,0,0,0,0,0,720,0
954,2026-07-03T13:50:06.170738000Z,RTS,54,34,-14,920,1,11,,,,0,0,0,2416,0
956,2026-07-03T13:50:06.172429000Z,QoS Data,115,34,-18,920,2,8,1,0,1,0,0,0,720,0
959,2026-07-03T13:50:06.276724000Z,QoS Data,112,34,-12,920,2,8,1,0,0,0,0,0,720,0
962,2026-07-03T13:50:06.750636000Z,S1G Beacon,129,34,-63,920,3,1,,,,,,,0,0
963,2026-07-03T13:50:07.568060000Z,S1G Beacon,61,34,-64,920,3,1,,,,,,,0,0
965,2026-07-03T13:50:08.389099000Z,S1G Beacon,129,34,-62,920,3,1,,,,,,,0,0
967,2026-07-03T13:50:09.206506000Z,S1G Beacon,61,34,-63,920,3,1,,,,,,,0,0
968,2026-07-03T13:50:10.027544000Z,S1G Beacon,129,34,-63,920,3,1,,,,,,,0,0
969,2026-07-03T13:50:10.844976000Z,S1G Beacon,61,34,-63,920,3,1,,,,,,,0,0
971,2026-07-03T13:50:11.204062000Z,QoS Data,115,34,-17,920,2,8,1,0,0,0,0,0,720,0
974,2026-07-03T13:50:11.276675000Z,QoS Data,112,34,-12,920,2,8,1,0,0,0,0,0,720,0
977,2026-07-03T13:50:11.665990000Z,S1G Beacon,129,34,-62,920,3,1,,,,,,,0,0
980,2026-07-03T13:50:12.483408000Z,S1G Beacon,61,34,-62,920,3,1,,,,,,,0,0
981,2026-07-03T13:50:13.304443000Z,S1G Beacon,129,34,-64,920,3,1,,,,,,,0,0
982,2026-07-03T13:50:14.121858000Z,S1G Beacon,61,34,-64,920,3,1,,,,,,,0,0
983,2026-07-03T13:50:14.942890000Z,S1G Beacon,129,34,-63,920,3,1,,,,,,,0,0
985,2026-07-03T13:50:15.760310000Z,S1G Beacon,61,34,-63,920,3,1,,,,,,,0,0
986,2026-07-03T13:50:16.214282000Z,QoS Data,132,34,-13,920,2,8,1,0,0,0,0,0,720,0
989,2026-07-03T13:50:16.225791000Z,QoS Data,115,34,-16,920,2,8,1,0,0,0,0,0,720,0
992,2026-07-03T13:50:16.276792000Z,QoS Data,112,34,-14,920,2,8,1,0,0,0,0,0,720,0
995,2026-07-03T13:50:16.581354000Z,S1G Beacon,129,34,-64,920,3,1,,,,,,,0,0
996,2026-07-03T13:50:17.398770000Z,S1G Beacon,61,34,-63,920,3,1,,,,,,,0,0
999,2026-07-03T13:50:18.219784000Z,S1G Beacon,129,34,-63,920,3,1,,,,,,,0,0
1000,2026-07-03T13:50:19.037207000Z,S1G Beacon,61,34,-64,920,3,1,,,,,,,0,0
1001,2026-07-03T13:50:19.858241000Z,S1G Beacon,129,34,-66,920,3,1,,,,,,,0,0
1006,2026-07-03T13:50:20.675661000Z,S1G Beacon,61,34,-65,920,3,1,,,,,,,0,0
1015,2026-07-03T13:50:21.249475000Z,QoS Data,132,34,-11,920,2,8,1,0,0,0,0,0,720,0
1018,2026-07-03T13:50:21.262485000Z,QoS Data,115,34,-18,920,2,8,1,0,1,0,0,0,720,0
1025,2026-07-03T13:50:21.496689000Z,S1G Beacon,129,34,-67,920,3,1,,,,,,,0,0
1027,2026-07-03T13:50:22.314114000Z,S1G Beacon,61,34,-64,920,3,1,,,,,,,0,0
1029,2026-07-03T13:50:23.135137000Z,S1G Beacon,129,34,-66,920,3,1,,,,,,,0,0
1031,2026-07-03T13:50:23.952557000Z,S1G Beacon,61,34,-66,920,3,1,,,,,,,0,0
1033,2026-07-03T13:50:24.773954000Z,S1G Beacon,129,34,-67,920,3,1,,,,,,,0,0
1035,2026-07-03T13:50:25.591008000Z,S1G Beacon,61,34,-65,920,3,1,,,,,,,0,0
1037,2026-07-03T13:50:26.274220000Z,QoS Data,132,34,-15,920,2,8,1,0,0,0,0,0,720,0
1042,2026-07-03T13:50:26.412035000Z,S1G Beacon,129,34,-66,920,3,1,,,,,,,0,0
1043,2026-07-03T13:50:26.526694000Z,QoS Data,112,34,-15,920,2,8,1,0,0,0,0,0,720,0
1046,2026-07-03T13:50:27.229458000Z,S1G Beacon,61,34,-67,920,3,1,,,,,,,0,0
1048,2026-07-03T13:50:28.050481000Z,S1G Beacon,129,34,-66,920,3,1,,,,,,,0,0
1050,2026-07-03T13:50:28.867910000Z,S1G Beacon,61,34,-66,920,3,1,,,,,,,0,0
1051,2026-07-03T13:50:29.688939000Z,S1G Beacon,129,34,-65,920,3,1,,,,,,,0,0
1053,2026-07-03T13:50:30.506362000Z,S1G Beacon,61,34,-67,920,3,1,,,,,,,0,0
1055,2026-07-03T13:50:31.311877000Z,RTS,54,34,-12,920,1,11,,,,0,0,0,3080,0
1057,2026-07-03T13:50:31.314234000Z,QoS Data,132,34,-12,920,2,8,1,0,1,0,0,0,720,0
1060,2026-07-03T13:50:31.327383000Z,S1G Beacon,129,34,-66,920,3,1,,,,,,,0,0
1061,2026-07-03T13:50:31.328700000Z,QoS Data,115,34,-18,920,2,8,1,0,0,0,0,0,720,0
1066,2026-07-03T13:50:31.526514000Z,QoS Data,112,34,-12,920,2,8,1,0,0,0,0,0,720,0
1069,2026-07-03T13:50:32.144809000Z,S1G Beacon,61,34,-66,920,3,1,,,,,,,0,0
1071,2026-07-03T13:50:32.965850000Z,S1G Beacon,129,34,-66,920,3,1,,,,,,,0,0
1073,2026-07-03T13:50:33.783266000Z,S1G Beacon,61,34,-66,920,3,1,,,,,,,0,0
1074,2026-07-03T13:50:34.604291000Z,S1G Beacon,129,34,-67,920,3,1,,,,,,,0,0
1075,2026-07-03T13:50:35.421721000Z,S1G Beacon,61,34,-66,920,3,1,,,,,,,0,0
1076,2026-07-03T13:50:36.242741000Z,S1G Beacon,129,34,-66,920,3,1,,,,,,,0,0
1078,2026-07-03T13:50:36.357948000Z,QoS Data,132,34,-11,920,2,8,1,0,0,0,0,0,720,0
1081,2026-07-03T13:50:36.371281000Z,QoS Data,115,34,-18,920,2,8,1,0,0,0,0,0,720,0
1084,2026-07-03T13:50:36.526434000Z,QoS Data,112,34,-11,920,2,8,1,0,0,0,0,0,720,0
1087,2026-07-03T13:50:37.060156000Z,S1G Beacon,61,34,-66,920,3,1,,,,,,,0,0
1089,2026-07-03T13:50:37.881184000Z,S1G Beacon,129,34,-67,920,3,1,,,,,,,0,0
1090,2026-07-03T13:50:38.698604000Z,S1G Beacon,61,34,-67,920,3,1,,,,,,,0,0
1093,2026-07-03T13:50:39.519632000Z,S1G Beacon,129,34,-68,920,3,1,,,,,,,0,0
1094,2026-07-03T13:50:40.337053000Z,S1G Beacon,61,34,-67,920,3,1,,,,,,,0,0
1095,2026-07-03T13:50:41.158090000Z,S1G Beacon,129,34,-67,920,3,1,,,,,,,0,0
1099,2026-07-03T13:50:41.388504000Z,QoS Data,132,34,-11,920,2,8,1,0,0,0,0,0,720,0
1102,2026-07-03T13:50:41.401984000Z,QoS Data,115,34,-18,920,2,8,1,0,0,0,0,0,720,0
1106,2026-07-03T13:50:41.526360000Z,QoS Data,112,34,-10,920,2,8,1,0,0,0,0,0,720,0
1114,2026-07-03T13:50:41.975505000Z,S1G Beacon,61,34,-66,920,3,1,,,,,,,0,0
1122,2026-07-03T13:50:42.796529000Z,S1G Beacon,129,34,-67,920,3,1,,,,,,,0,0
1123,2026-07-03T13:50:43.613957000Z,S1G Beacon,61,34,-66,920,3,1,,,,,,,0,0
1124,2026-07-03T13:50:45.252408000Z,S1G Beacon,61,34,-66,920,3,1,,,,,,,0,0
1126,2026-07-03T13:50:46.073435000Z,S1G Beacon,129,34,-66,920,3,1,,,,,,,0,0
1128,2026-07-03T13:50:46.413892000Z,QoS Data,132,34,-11,920,2,8,1,0,0,0,0,0,720,0
1131,2026-07-03T13:50:46.423339000Z,QoS Data,115,34,-16,920,2,8,1,0,0,0,0,0,720,0
1134,2026-07-03T13:50:46.526478000Z,QoS Data,112,34,-11,920,2,8,1,0,0,0,0,0,720,0
1137,2026-07-03T13:50:46.890855000Z,S1G Beacon,61,34,-68,920,3,1,,,,,,,0,0
1138,2026-07-03T13:50:47.711894000Z,S1G Beacon,129,34,-68,920,3,1,,,,,,,0,0
1140,2026-07-03T13:50:48.529301000Z,S1G Beacon,61,34,-67,920,3,1,,,,,,,0,0
1142,2026-07-03T13:50:49.350330000Z,S1G Beacon,129,34,-67,920,3,1,,,,,,,0,0
1143,2026-07-03T13:50:50.167752000Z,S1G Beacon,61,34,-66,920,3,1,,,,,,,0,0
1144,2026-07-03T13:50:50.988782000Z,S1G Beacon,129,34,-67,920,3,1,,,,,,,0,0
1145,2026-07-03T13:50:51.433992000Z,QoS Data,132,34,-10,920,2,8,1,0,0,0,0,0,720,0
1150,2026-07-03T13:50:51.526432000Z,QoS Data,112,34,-10,920,2,8,1,0,0,0,0,0,720,0
1153,2026-07-03T13:50:51.806208000Z,S1G Beacon,61,34,-67,920,3,1,,,,,,,0,0
1154,2026-07-03T13:50:52.627243000Z,S1G Beacon,129,34,-65,920,3,1,,,,,,,0,0
1155,2026-07-03T13:50:53.444661000Z,S1G Beacon,61,34,-65,920,3,1,,,,,,,0,0
1156,2026-07-03T13:50:54.265682000Z,S1G Beacon,129,34,-65,920,3,1,,,,,,,0,0
1158,2026-07-03T13:50:55.083112000Z,S1G Beacon,61,34,-65,920,3,1,,,,,,,0,0
1160,2026-07-03T13:50:55.904132000Z,S1G Beacon,129,34,-67,920,3,1,,,,,,,0,0
1161,2026-07-03T13:50:56.464319000Z,QoS Data,132,34,-11,920,2,8,1,0,0,0,0,0,720,0
1164,2026-07-03T13:50:56.481070000Z,QoS Data,115,34,-21,920,2,8,1,0,1,0,0,0,720,0
1167,2026-07-03T13:50:56.526937000Z,QoS Data,112,34,-11,920,2,8,1,0,0,0,0,0,720,0
1170,2026-07-03T13:50:56.721554000Z,S1G Beacon,61,34,-65,920,3,1,,,,,,,0,0
1171,2026-07-03T13:50:57.542582000Z,S1G Beacon,129,34,-66,920,3,1,,,,,,,0,0
1172,2026-07-03T13:50:58.360006000Z,S1G Beacon,61,34,-65,920,3,1,,,,,,,0,0
1173,2026-07-03T13:50:59.181599000Z,S1G Beacon,129,34,-65,920,3,1,,,,,,,0,0
1175,2026-07-03T13:50:59.998452000Z,S1G Beacon,61,34,-67,920,3,1,,,,,,,0,0
1177,2026-07-03T13:51:00.819479000Z,S1G Beacon,129,34,-66,920,3,1,,,,,,,0,0
1178,2026-07-03T13:51:01.494286000Z,QoS Data,132,34,-12,920,2,8,1,0,0,0,0,0,720,0
1180,2026-07-03T13:51:01.497553000Z,QoS Data,132,34,-66,920,2,8,0,0,0,0,0,0,720,0
1182,2026-07-03T13:51:01.504564000Z,QoS Data,115,34,-19,920,2,8,1,0,0,0,0,0,720,0
1185,2026-07-03T13:51:01.530766000Z,RTS,54,34,-10,920,1,11,,,,0,0,0,2880,0
1188,2026-07-03T13:51:01.636905000Z,S1G Beacon,61,34,-64,920,3,1,,,,,,,0,0
1192,2026-07-03T13:51:02.457935000Z,S1G Beacon,129,34,-64,920,3,1,,,,,,,0,0
1201,2026-07-03T13:51:03.275505000Z,S1G Beacon,61,34,-64,920,3,1,,,,,,,0,0
1205,2026-07-03T13:51:04.096389000Z,S1G Beacon,129,34,-65,920,3,1,,,,,,,0,0
1206,2026-07-03T13:51:04.913808000Z,S1G Beacon,61,34,-66,920,3,1,,,,,,,0,0
1208,2026-07-03T13:51:05.734827000Z,S1G Beacon,129,34,-64,920,3,1,,,,,,,0,0
1209,2026-07-03T13:51:06.514343000Z,QoS Data,132,34,-12,920,2,8,1,0,0,0,0,0,720,0
1212,2026-07-03T13:51:06.523718000Z,QoS Data,115,34,-19,920,2,8,1,0,0,0,0,0,720,0
1215,2026-07-03T13:51:06.552242000Z,S1G Beacon,61,34,-66,920,3,1,,,,,,,0,0
1217,2026-07-03T13:51:06.776742000Z,QoS Data,112,34,-12,920,2,8,1,0,0,0,0,0,720,0
1220,2026-07-03T13:51:07.373281000Z,S1G Beacon,129,34,-66,920,3,1,,,,,,,0,0
1222,2026-07-03T13:51:08.190716000Z,S1G Beacon,61,34,-65,920,3,1,,,,,,,0,0
1223,2026-07-03T13:51:09.011732000Z,S1G Beacon,129,34,-67,920,3,1,,,,,,,0,0
1225,2026-07-03T13:51:09.829149000Z,S1G Beacon,61,34,-65,920,3,1,,,,,,,0,0
1226,2026-07-03T13:51:10.650194000Z,S1G Beacon,129,34,-64,920,3,1,,,,,,,0,0
1227,2026-07-03T13:51:11.467611000Z,S1G Beacon,61,34,-66,920,3,1,,,,,,,0,0
1230,2026-07-03T13:51:11.537427000Z,QoS Data,132,34,-16,920,2,8,1,0,0,0,0,0,720,0
1237,2026-07-03T13:51:11.776881000Z,QoS Data,112,34,-14,920,2,8,1,0,0,0,0,0,720,0
1241,2026-07-03T13:51:12.288634000Z,S1G Beacon,129,34,-66,920,3,1,,,,,,,0,0
1243,2026-07-03T13:51:13.106049000Z,S1G Beacon,61,34,-64,920,3,1,,,,,,,0,0
1244,2026-07-03T13:51:13.927080000Z,S1G Beacon,129,34,-65,920,3,1,,,,,,,0,0
1245,2026-07-03T13:51:14.744504000Z,S1G Beacon,61,34,-64,920,3,1,,,,,,,0,0
1246,2026-07-03T13:51:15.565530000Z,S1G Beacon,129,34,-65,920,3,1,,,,,,,0,0
1248,2026-07-03T13:51:16.382965000Z,S1G Beacon,61,34,-65,920,3,1,,,,,,,0,0
1249,2026-07-03T13:51:16.564424000Z,QoS Data,132,34,-15,920,2,8,1,0,0,0,0,0,720,0
1253,2026-07-03T13:51:16.777214000Z,QoS Data,112,34,-12,920,2,8,1,0,0,0,0,0,720,0
1256,2026-07-03T13:51:17.203969000Z,S1G Beacon,129,34,-65,920,3,1,,,,,,,0,0
1257,2026-07-03T13:51:18.021410000Z,S1G Beacon,61,34,-64,920,3,1,,,,,,,0,0
1260,2026-07-03T13:51:18.842423000Z,S1G Beacon,129,34,-65,920,3,1,,,,,,,0,0
1261,2026-07-03T13:51:19.659849000Z,S1G Beacon,61,34,-63,920,3,1,,,,,,,0,0
1262,2026-07-03T13:51:20.480875000Z,S1G Beacon,129,34,-64,920,3,1,,,,,,,0,0
1263,2026-07-03T13:51:21.298296000Z,S1G Beacon,61,34,-66,920,3,1,,,,,,,0,0
1264,2026-07-03T13:51:21.604420000Z,QoS Data,132,34,-9,920,2,8,1,0,0,0,0,0,720,0
1267,2026-07-03T13:51:21.613478000Z,QoS Data,115,34,-18,920,2,8,1,0,0,0,0,0,720,0
1271,2026-07-03T13:51:21.776752000Z,QoS Data,112,34,-9,920,2,8,1,0,0,0,0,0,720,0
1274,2026-07-03T13:51:22.119328000Z,S1G Beacon,129,34,-64,920,3,1,,,,,,,0,0
1275,2026-07-03T13:51:22.936753000Z,S1G Beacon,61,34,-67,920,3,1,,,,,,,0,0
1282,2026-07-03T13:51:23.757778000Z,S1G Beacon,129,34,-66,920,3,1,,,,,,,0,0
1291,2026-07-03T13:51:24.575194000Z,S1G Beacon,61,34,-66,920,3,1,,,,,,,0,0
1293,2026-07-03T13:51:25.396225000Z,S1G Beacon,129,34,-64,920,3,1,,,,,,,0,0
1295,2026-07-03T13:51:26.213652000Z,S1G Beacon,61,34,-65,920,3,1,,,,,,,0,0
1296,2026-07-03T13:51:26.624405000Z,QoS Data,132,34,-11,920,2,8,1,0,0,0,0,0,720,0
1299,2026-07-03T13:51:26.639687000Z,QoS Data,115,34,-16,920,2,8,1,0,0,0,0,0,720,0
1300,2026-07-03T13:51:26.643529000Z,QoS Data,115,34,-16,920,2,8,1,0,1,0,0,0,720,0
1303,2026-07-03T13:51:26.776944000Z,QoS Data,112,34,-11,920,2,8,1,0,0,0,0,0,720,0
1304,2026-07-03T13:51:26.780107000Z,QoS Data,112,34,-12,920,2,8,1,0,1,0,0,0,720,0
1307,2026-07-03T13:51:27.034674000Z,S1G Beacon,129,34,-65,920,3,1,,,,,,,0,0
1309,2026-07-03T13:51:27.852097000Z,S1G Beacon,61,34,-68,920,3,1,,,,,,,0,0
1310,2026-07-03T13:51:28.673128000Z,S1G Beacon,129,34,-66,920,3,1,,,,,,,0,0
1311,2026-07-03T13:51:29.490554000Z,S1G Beacon,61,34,-65,920,3,1,,,,,,,0,0
1312,2026-07-03T13:51:30.311572000Z,S1G Beacon,129,34,-65,920,3,1,,,,,,,0,0
1314,2026-07-03T13:51:31.129001000Z,S1G Beacon,61,34,-65,920,3,1,,,,,,,0,0
1315,2026-07-03T13:51:31.654394000Z,QoS Data,132,34,-11,920,2,8,1,0,0,0,0,0,720,0
1318,2026-07-03T13:51:31.672180000Z,QoS Data,115,34,-19,920,2,8,1,0,0,0,0,0,720,0
1321,2026-07-03T13:51:31.776953000Z,QoS Data,112,34,-10,920,2,8,1,0,0,0,0,0,720,0
1324,2026-07-03T13:51:31.950016000Z,S1G Beacon,129,34,-65,920,3,1,,,,,,,0,0
1325,2026-07-03T13:51:32.767454000Z,S1G Beacon,61,34,-67,920,3,1,,,,,,,0,0
1327,2026-07-03T13:51:33.588474000Z,S1G Beacon,129,34,-66,920,3,1,,,,,,,0,0
1330,2026-07-03T13:51:34.405895000Z,S1G Beacon,61,34,-65,920,3,1,,,,,,,0,0
1331,2026-07-03T13:51:35.226938000Z,S1G Beacon,129,34,-65,920,3,1,,,,,,,0,0
1333,2026-07-03T13:51:36.044346000Z,S1G Beacon,61,34,-66,920,3,1,,,,,,,0,0
1334,2026-07-03T13:51:36.694415000Z,QoS Data,132,34,-9,920,2,8,1,0,0,0,0,0,720,0
1338,2026-07-03T13:51:36.776503000Z,QoS Data,112,34,-9,920,2,8,1,0,0,0,0,0,720,0
1342,2026-07-03T13:51:36.865372000Z,S1G Beacon,129,34,-64,920,3,1,,,,,,,0,0
1343,2026-07-03T13:51:37.682793000Z,S1G Beacon,61,34,-65,920,3,1,,,,,,,0,0
1344,2026-07-03T13:51:38.503826000Z,S1G Beacon,129,34,-66,920,3,1,,,,,,,0,0
1345,2026-07-03T13:51:39.321245000Z,S1G Beacon,61,34,-66,920,3,1,,,,,,,0,0
1347,2026-07-03T13:51:40.142271000Z,S1G Beacon,129,34,-67,920,3,1,,,,,,,0,0
1348,2026-07-03T13:51:40.959696000Z,S1G Beacon,61,34,-68,920,3,1,,,,,,,0,0
1349,2026-07-03T13:51:41.724049000Z,QoS Data,132,34,-12,920,2,8,1,0,0,0,0,0,720,0
1352,2026-07-03T13:51:41.733236000Z,QoS Data,115,34,-17,920,2,8,1,0,0,0,0,0,720,0
1355,2026-07-03T13:51:41.776594000Z,QoS Data,112,34,-12,920,2,8,1,0,0,0,0,0,720,0
1357,2026-07-03T13:51:41.780819000Z,S1G Beacon,129,34,-66,920,3,1,,,,,,,0,0
1359,2026-07-03T13:51:42.598154000Z,S1G Beacon,61,34,-66,920,3,1,,,,,,,0,0
1361,2026-07-03T13:51:43.419168000Z,S1G Beacon,129,34,-66,920,3,1,,,,,,,0,0
1364,2026-07-03T13:51:44.236592000Z,S1G Beacon,61,34,-66,920,3,1,,,,,,,0,0
1373,2026-07-03T13:51:45.057617000Z,S1G Beacon,129,34,-66,920,3,1,,,,,,,0,0
1378,2026-07-03T13:51:45.875047000Z,S1G Beacon,61,34,-69,920,3,1,,,,,,,0,0
1382,2026-07-03T13:51:46.696084000Z,S1G Beacon,129,34,-67,920,3,1,,,,,,,0,0
1383,2026-07-03T13:51:46.744055000Z,QoS Data,132,34,-12,920,2,8,1,0,0,0,0,0,720,0
1386,2026-07-03T13:51:46.752990000Z,QoS Data,115,34,-17,920,2,8,1,0,0,0,0,0,720,0
1389,2026-07-03T13:51:46.779326000Z,RTS,54,34,-11,920,1,11,,,,0,0,0,2880,0
1391,2026-07-03T13:51:46.781485000Z,QoS Data,112,34,-12,920,2,8,1,0,1,0,0,0,720,0
1394,2026-07-03T13:51:47.513496000Z,S1G Beacon,61,34,-67,920,3,1,,,,,,,0,0
1396,2026-07-03T13:51:48.334521000Z,S1G Beacon,129,34,-68,920,3,1,,,,,,,0,0
1399,2026-07-03T13:51:49.151939000Z,S1G Beacon,61,34,-69,920,3,1,,,,,,,0,0
1401,2026-07-03T13:51:49.972967000Z,S1G Beacon,129,34,-65,920,3,1,,,,,,,0,0
1402,2026-07-03T13:51:50.790396000Z,S1G Beacon,61,34,-68,920,3,1,,,,,,,0,0
1403,2026-07-03T13:51:51.611421000Z,S1G Beacon,129,34,-71,920,3,1,,,,,,,0,0
1404,2026-07-03T13:51:51.764080000Z,QoS Data,132,34,-11,920,2,8,1,0,0,0,0,0,720,0
1407,2026-07-03T13:51:51.775861000Z,QoS Data,115,34,-17,920,2,8,1,0,0,0,0,0,720,0
1411,2026-07-03T13:51:52.026881000Z,QoS Data,112,34,-11,920,2,8,1,0,0,0,0,0,720,0
1414,2026-07-03T13:51:52.428838000Z,S1G Beacon,61,34,-67,920,3,1,,,,,,,0,0
1415,2026-07-03T13:51:53.249875000Z,S1G Beacon,129,34,-69,920,3,1,,,,,,,0,0
1418,2026-07-03T13:51:54.067291000Z,S1G Beacon,61,34,-70,920,3,1,,,,,,,0,0
1419,2026-07-03T13:51:54.888329000Z,S1G Beacon,129,34,-69,920,3,1,,,,,,,0,0
1421,2026-07-03T13:51:55.705743000Z,S1G Beacon,61,34,-68,920,3,1,,,,,,,0,0
1422,2026-07-03T13:51:56.526774000Z,S1G Beacon,129,34,-67,920,3,1,,,,,,,0,0
1423,2026-07-03T13:51:56.794096000Z,QoS Data,132,34,-11,920,2,8,1,0,0,0,0,0,720,0
1426,2026-07-03T13:51:56.803563000Z,QoS Data,115,34,-18,920,2,8,1,0,0,0,0,0,720,0
1429,2026-07-03T13:51:57.026583000Z,QoS Data,112,34,-12,920,2,8,1,0,0,0,0,0,720,0
1432,2026-07-03T13:51:57.344194000Z,S1G Beacon,61,34,-68,920,3,1,,,,,,,0,0
1434,2026-07-03T13:51:58.165217000Z,S1G Beacon,129,34,-69,920,3,1,,,,,,,0,0
1435,2026-07-03T13:51:58.982642000Z,S1G Beacon,61,34,-71,920,3,1,,,,,,,0,0
1436,2026-07-03T13:51:59.803670000Z,S1G Beacon,129,34,-71,920,3,1,,,,,,,0,0
1437,2026-07-03T13:52:00.621093000Z,S1G Beacon,61,34,-71,920,3,1,,,,,,,0,0
1439,2026-07-03T13:52:01.442111000Z,S1G Beacon,129,34,-67,920,3,1,,,,,,,0,0
1440,2026-07-03T13:52:01.814096000Z,QoS Data,132,34,-11,920,2,8,1,0,0,0,0,0,720,0
1443,2026-07-03T13:52:01.823488000Z,QoS Data,115,34,-17,920,2,8,1,0,0,0,0,0,720,0
1446,2026-07-03T13:52:02.026984000Z,QoS Data,112,34,-13,920,2,8,1,0,0,0,0,0,720,0
1449,2026-07-03T13:52:02.259537000Z,S1G Beacon,61,34,-68,920,3,1,,,,,,,0,0
1450,2026-07-03T13:52:03.080580000Z,S1G Beacon,129,34,-68,920,3,1,,,,,,,0,0
1451,2026-07-03T13:52:03.898001000Z,S1G Beacon,61,34,-71,920,3,1,,,,,,,0,0
1454,2026-07-03T13:52:04.719028000Z,S1G Beacon,129,34,-68,920,3,1,,,,,,,0,0
1460,2026-07-03T13:52:05.536440000Z,S1G Beacon,61,34,-71,920,3,1,,,,,,,0,0
1470,2026-07-03T13:52:06.357464000Z,S1G Beacon,129,34,-68,920,3,1,,,,,,,0,0
1473,2026-07-03T13:52:06.834504000Z,QoS Data,132,34,-12,920,2,8,1,0,0,0,0,0,720,0
1476,2026-07-03T13:52:06.851733000Z,QoS Data,115,34,-17,920,2,8,1,0,0,0,0,0,720,0
1479,2026-07-03T13:52:07.027332000Z,QoS Data,112,34,-10,920,2,8,1,0,0,0,0,0,720,0
1480,2026-07-03T13:52:07.030909000Z,QoS Data,112,34,-12,920,2,8,1,0,1,0,0,0,720,0
1484,2026-07-03T13:52:07.174886000Z,S1G Beacon,61,34,-69,920,3,1,,,,,,,0,0
1485,2026-07-03T13:52:07.995921000Z,S1G Beacon,129,34,-68,920,3,1,,,,,,,0,0
1487,2026-07-03T13:52:09.634375000Z,S1G Beacon,129,34,-68,920,3,1,,,,,,,0,0
1489,2026-07-03T13:52:10.451787000Z,S1G Beacon,61,34,-69,920,3,1,,,,,,,0,0
1490,2026-07-03T13:52:11.272820000Z,S1G Beacon,129,34,-68,920,3,1,,,,,,,0,0
1491,2026-07-03T13:52:11.864466000Z,QoS Data,132,34,-11,920,2,8,1,0,0,0,0,0,720,0
1494,2026-07-03T13:52:11.874481000Z,QoS Data,115,34,-19,920,2,8,1,0,0,0,0,0,720,0
1495,2026-07-03T13:52:11.877587000Z,RTS,54,34,-14,920,1,11,,,,0,0,0,2440,0
1497,2026-07-03T13:52:11.879308000Z,QoS Data,115,34,-18,920,2,8,1,0,1,0,0,0,720,0
1498,2026-07-03T13:52:11.882784000Z,RTS,54,34,-15,920,1,11,,,,0,0,0,2440,0
1500,2026-07-03T13:52:11.884499000Z,QoS Data,115,34,-18,920,2,8,1,0,1,0,0,0,720,0
1503,2026-07-03T13:52:12.027037000Z,QoS Data,112,34,-13,920,2,8,1,0,0,0,0,0,720,0
1506,2026-07-03T13:52:12.090238000Z,S1G Beacon,61,34,-71,920,3,1,,,,,,,0,0
1507,2026-07-03T13:52:12.911269000Z,S1G Beacon,129,34,-68,920,3,1,,,,,,,0,0
1510,2026-07-03T13:52:13.728698000Z,S1G Beacon,61,34,-69,920,3,1,,,,,,,0,0
1511,2026-07-03T13:52:14.549723000Z,S1G Beacon,129,34,-73,920,3,1,,,,,,,0,0
1512,2026-07-03T13:52:15.367142000Z,S1G Beacon,61,34,-69,920,3,1,,,,,,,0,0
1514,2026-07-03T13:52:16.188165000Z,S1G Beacon,129,34,-69,920,3,1,,,,,,,0,0
1515,2026-07-03T13:52:16.904484000Z,QoS Data,132,34,-11,920,2,8,1,0,0,0,0,0,720,0
1518,2026-07-03T13:52:16.916902000Z,QoS Data,115,34,-19,920,2,8,1,0,1,0,0,0,720,0
1521,2026-07-03T13:52:17.005592000Z,S1G Beacon,61,34,-67,920,3,1,,,,,,,0,0
1522,2026-07-03T13:52:17.027004000Z,QoS Data,112,34,-10,920,2,8,1,0,0,0,0,0,720,0
1525,2026-07-03T13:52:17.826625000Z,S1G Beacon,129,34,-72,920,3,1,,,,,,,0,0
1527,2026-07-03T13:52:18.644036000Z,S1G Beacon,61,34,-69,920,3,1,,,,,,,0,0
1529,2026-07-03T13:52:19.465065000Z,S1G Beacon,129,34,-70,920,3,1,,,,,,,0,0
1530,2026-07-03T13:52:20.282488000Z,S1G Beacon,61,34,-69,920,3,1,,,,,,,0,0
1531,2026-07-03T13:52:21.103519000Z,S1G Beacon,129,34,-69,920,3,1,,,,,,,0,0
1532,2026-07-03T13:52:21.920941000Z,S1G Beacon,61,34,-70,920,3,1,,,,,,,0,0
1533,2026-07-03T13:52:21.926179000Z,QoS Data,132,34,-11,920,2,8,1,0,0,0,0,0,720,0
1536,2026-07-03T13:52:21.935361000Z,QoS Data,115,34,-17,920,2,8,1,0,0,0,0,0,720,0
1539,2026-07-03T13:52:22.027102000Z,QoS Data,112,34,-13,920,2,8,1,0,0,0,0,0,720,0
1543,2026-07-03T13:52:22.741970000Z,S1G Beacon,129,34,-69,920,3,1,,,,,,,0,0
1544,2026-07-03T13:52:23.559398000Z,S1G Beacon,61,34,-65,920,3,1,,,,,,,0,0
1545,2026-07-03T13:52:24.380417000Z,S1G Beacon,129,34,-67,920,3,1,,,,,,,0,0
1546,2026-07-03T13:52:25.197835000Z,S1G Beacon,61,34,-66,920,3,1,,,,,,,0,0
1549,2026-07-03T13:52:26.018867000Z,S1G Beacon,129,34,-65,920,3,1,,,,,,,0,0
1557,2026-07-03T13:52:26.836286000Z,S1G Beacon,61,34,-69,920,3,1,,,,,,,0,0
1559,2026-07-03T13:52:26.944531000Z,QoS Data,132,34,-11,920,2,8,1,0,0,0,0,0,720,0
1562,2026-07-03T13:52:26.954415000Z,QoS Data,115,34,-17,920,2,8,1,0,0,0,0,0,720,0
1566,2026-07-03T13:52:27.026933000Z,QoS Data,112,34,-11,920,2,8,1,0,0,0,0,0,720,0
1573,2026-07-03T13:52:27.657308000Z,S1G Beacon,129,34,-69,920,3,1,,,,,,,0,0
1575,2026-07-03T13:52:28.474735000Z,S1G Beacon,61,34,-73,920,3,1,,,,,,,0,0
1576,2026-07-03T13:52:29.295768000Z,S1G Beacon,129,34,-69,920,3,1,,,,,,,0,0
1577,2026-07-03T13:52:30.113188000Z,S1G Beacon,61,34,-69,920,3,1,,,,,,,0,0
1579,2026-07-03T13:52:30.934212000Z,S1G Beacon,129,34,-70,920,3,1,,,,,,,0,0
1581,2026-07-03T13:52:31.751632000Z,S1G Beacon,61,34,-68,920,3,1,,,,,,,0,0
1582,2026-07-03T13:52:31.964516000Z,QoS Data,132,34,-11,920,2,8,1,0,0,0,0,0,720,0
1587,2026-07-03T13:52:32.027082000Z,QoS Data,112,34,-11,920,2,8,1,0,0,0,0,0,720,0
1590,2026-07-03T13:52:32.572673000Z,S1G Beacon,129,34,-69,920,3,1,,,,,,,0,0
1591,2026-07-03T13:52:33.390085000Z,S1G Beacon,61,34,-70,920,3,1,,,,,,,0,0
1592,2026-07-03T13:52:34.211121000Z,S1G Beacon,129,34,-69,920,3,1,,,,,,,0,0
1595,2026-07-03T13:52:35.028540000Z,S1G Beacon,61,34,-69,920,3,1,,,,,,,0,0
1596,2026-07-03T13:52:35.849580000Z,S1G Beacon,129,34,-68,920,3,1,,,,,,,0,0
1598,2026-07-03T13:52:36.666986000Z,S1G Beacon,61,34,-72,920,3,1,,,,,,,0,0
1599,2026-07-03T13:52:36.994502000Z,QoS Data,132,34,-13,920,2,8,1,0,0,0,0,0,720,0
1603,2026-07-03T13:52:37.011180000Z,QoS Data,115,34,-19,920,2,8,1,0,0,0,0,0,720,0
1606,2026-07-03T13:52:37.027148000Z,QoS Data,112,34,-13,920,2,8,1,0,0,0,0,0,720,0
1610,2026-07-03T13:52:37.488020000Z,S1G Beacon,129,34,-67,920,3,1,,,,,,,0,0
1611,2026-07-03T13:52:38.305437000Z,S1G Beacon,61,34,-66,920,3,1,,,,,,,0,0
1612,2026-07-03T13:52:39.126469000Z,S1G Beacon,129,34,-69,920,3,1,,,,,,,0,0
1613,2026-07-03T13:52:39.943883000Z,S1G Beacon,61,34,-68,920,3,1,,,,,,,0,0
1615,2026-07-03T13:52:40.764914000Z,S1G Beacon,129,34,-67,920,3,1,,,,,,,0,0
1616,2026-07-03T13:52:41.582333000Z,S1G Beacon,61,34,-67,920,3,1,,,,,,,0,0
1617,2026-07-03T13:52:42.024541000Z,QoS Data,132,34,-12,920,2,8,1,0,0,0,0,0,720,0
1620,2026-07-03T13:52:42.034100000Z,QoS Data,115,34,-19,920,2,8,1,0,0,0,0,0,720,0
1623,2026-07-03T13:52:42.276959000Z,QoS Data,112,34,-12,920,2,8,1,0,0,0,0,0,720,0
1626,2026-07-03T13:52:42.403360000Z,S1G Beacon,129,34,-66,920,3,1,,,,,,,0,0
1627,2026-07-03T13:52:43.220781000Z,S1G Beacon,61,34,-66,920,3,1,,,,,,,0,0
1629,2026-07-03T13:52:44.041815000Z,S1G Beacon,129,34,-66,920,3,1,,,,,,,0,0
1631,2026-07-03T13:52:44.859498000Z,S1G Beacon,61,34,-72,920,3,1,,,,,,,0,0
1632,2026-07-03T13:52:45.680265000Z,S1G Beacon,129,34,-66,920,3,1,,,,,,,0,0
1635,2026-07-03T13:52:47.047604000Z,QoS Data,132,34,-14,920,2,8,1,0,1,0,0,0,720,0
1638,2026-07-03T13:52:47.061033000Z,QoS Data,115,34,-22,920,2,8,1,0,1,0,0,0,720,0
1643,2026-07-03T13:52:47.285670000Z,QoS Data,112,34,-13,920,2,8,1,0,0,0,0,0,720,0
1646,2026-07-03T13:52:47.318707000Z,S1G Beacon,129,34,-67,920,3,1,,,,,,,0,0
1655,2026-07-03T13:52:48.136134000Z,S1G Beacon,61,34,-66,920,3,1,,,,,,,0,0
1659,2026-07-03T13:52:48.957165000Z,S1G Beacon,129,34,-65,920,3,1,,,,,,,0,0
1661,2026-07-03T13:52:49.774587000Z,S1G Beacon,61,34,-68,920,3,1,,,,,,,0,0
1662,2026-07-03T13:52:50.595619000Z,S1G Beacon,129,34,-69,920,3,1,,,,,,,0,0
1663,2026-07-03T13:52:51.413048000Z,S1G Beacon,61,34,-69,920,3,1,,,,,,,0,0
1664,2026-07-03T13:52:52.074251000Z,QoS Data,132,34,-14,920,2,8,1,0,0,0,0,0,720,0
1667,2026-07-03T13:52:52.086540000Z,QoS Data,115,34,-18,920,2,8,1,0,0,0,0,0,720,0
1670,2026-07-03T13:52:52.234061000Z,S1G Beacon,129,34,-69,920,3,1,,,,,,,0,0
1671,2026-07-03T13:52:52.276586000Z,QoS Data,112,34,-15,920,2,8,1,0,0,0,0,0,720,0
1675,2026-07-03T13:52:53.872519000Z,S1G Beacon,129,34,-68,920,3,1,,,,,,,0,0
1676,2026-07-03T13:52:54.689941000Z,S1G Beacon,61,34,-68,920,3,1,,,,,,,0,0
1678,2026-07-03T13:52:56.328389000Z,S1G Beacon,61,34,-68,920,3,1,,,,,,,0,0
1679,2026-07-03T13:52:57.094138000Z,QoS Data,132,34,-13,920,2,8,1,0,0,0,0,0,720,0
1682,2026-07-03T13:52:57.106959000Z,QoS Data,115,34,-18,920,2,8,1,0,0,0,0,0,720,0
1685,2026-07-03T13:52:57.149414000Z,S1G Beacon,129,34,-66,920,3,1,,,,,,,0,0
1687,2026-07-03T13:52:57.276589000Z,QoS Data,112,34,-14,920,2,8,1,0,0,0,0,0,720,0
1690,2026-07-03T13:52:57.966830000Z,S1G Beacon,61,34,-66,920,3,1,,,,,,,0,0
1693,2026-07-03T13:52:58.787862000Z,S1G Beacon,129,34,-67,920,3,1,,,,,,,0,0
1694,2026-07-03T13:52:59.605284000Z,S1G Beacon,61,34,-69,920,3,1,,,,,,,0,0
1695,2026-07-03T13:53:00.426310000Z,S1G Beacon,129,34,-66,920,3,1,,,,,,,0,0
1696,2026-07-03T13:53:01.243731000Z,S1G Beacon,61,34,-68,920,3,1,,,,,,,0,0
1699,2026-07-03T13:53:02.064757000Z,S1G Beacon,129,34,-67,920,3,1,,,,,,,0,0
1700,2026-07-03T13:53:02.124180000Z,QoS Data,132,34,-15,920,2,8,1,0,0,0,0,0,720,0
1703,2026-07-03T13:53:02.134067000Z,QoS Data,115,34,-18,920,2,8,1,0,0,0,0,0,720,0
1704,2026-07-03T13:53:02.137123000Z,RTS,54,34,-13,920,1,11,,,,0,0,0,2440,0
1706,2026-07-03T13:53:02.142323000Z,RTS,54,34,-14,920,1,11,,,,0,0,0,2440,0
1708,2026-07-03T13:53:02.144041000Z,QoS Data,115,34,-17,920,2,8,1,0,1,0,0,0,720,0
1709,2026-07-03T13:53:02.146637000Z,RTS,54,34,-13,920,1,11,,,,0,0,0,2560,0
1711,2026-07-03T13:53:02.148474000Z,QoS Data,115,34,-15,920,2,8,1,0,1,0,0,0,720,0
1714,2026-07-03T13:53:02.276661000Z,QoS Data,112,34,-14,920,2,8,1,0,0,0,0,0,720,0
1718,2026-07-03T13:53:02.882182000Z,S1G Beacon,61,34,-74,920,3,1,,,,,,,0,0
1719,2026-07-03T13:53:03.703207000Z,S1G Beacon,129,34,-73,920,3,1,,,,,,,0,0
1720,2026-07-03T13:53:04.520634000Z,S1G Beacon,61,34,-67,920,3,1,,,,,,,0,0
1723,2026-07-03T13:53:05.341671000Z,S1G Beacon,129,34,-65,920,3,1,,,,,,,0,0
1724,2026-07-03T13:53:06.159102000Z,S1G Beacon,61,34,-66,920,3,1,,,,,,,0,0
1725,2026-07-03T13:53:06.980118000Z,S1G Beacon,129,34,-67,920,3,1,,,,,,,0,0
1726,2026-07-03T13:53:07.164191000Z,QoS Data,132,34,-14,920,2,8,1,0,0,0,0,0,720,0
1729,2026-07-03T13:53:07.177055000Z,QoS Data,115,34,-18,920,2,8,1,0,0,0,0,0,720,0
1732,2026-07-03T13:53:07.276645000Z,QoS Data,112,34,-15,920,2,8,1,0,0,0,0,0,720,0
1737,2026-07-03T13:53:07.797536000Z,S1G Beacon,61,34,-65,920,3,1,,,,,,,0,0
1743,2026-07-03T13:53:08.618562000Z,S1G Beacon,129,34,-66,920,3,1,,,,,,,0,0
1752,2026-07-03T13:53:09.435985000Z,S1G Beacon,61,34,-68,920,3,1,,,,,,,0,0
1753,2026-07-03T13:53:10.257010000Z,S1G Beacon,129,34,-68,920,3,1,,,,,,,0,0
1755,2026-07-03T13:53:11.074436000Z,S1G Beacon,61,34,-69,920,3,1,,,,,,,0,0
1756,2026-07-03T13:53:11.895470000Z,S1G Beacon,129,34,-68,920,3,1,,,,,,,0,0
1757,2026-07-03T13:53:12.184252000Z,QoS Data,132,34,-14,920,2,8,1,0,0,0,0,0,720,0
1760,2026-07-03T13:53:12.193769000Z,QoS Data,115,34,-18,920,2,8,1,0,0,0,0,0,720,0
1763,2026-07-03T13:53:12.277000000Z,QoS Data,112,34,-15,920,2,8,1,0,0,0,0,0,720,0
1766,2026-07-03T13:53:12.712876000Z,S1G Beacon,61,34,-68,920,3,1,,,,,,,0,0
1767,2026-07-03T13:53:13.533908000Z,S1G Beacon,129,34,-68,920,3,1,,,,,,,0,0
1769,2026-07-03T13:53:14.351339000Z,S1G Beacon,61,34,-68,920,3,1,,,,,,,0,0
1770,2026-07-03T13:53:15.172369000Z,S1G Beacon,129,34,-68,920,3,1,,,,,,,0,0
1771,2026-07-03T13:53:15.989783000Z,S1G Beacon,61,34,-69,920,3,1,,,,,,,0,0
1773,2026-07-03T13:53:16.810811000Z,S1G Beacon,129,34,-70,920,3,1,,,,,,,0,0
1775,2026-07-03T13:53:17.204595000Z,QoS Data,132,34,-16,920,2,8,1,0,0,0,0,0,720,0
1778,2026-07-03T13:53:17.218463000Z,QoS Data,115,34,-18,920,2,8,1,0,1,0,0,0,720,0
1781,2026-07-03T13:53:17.277100000Z,QoS Data,112,34,-14,920,2,8,1,0,0,0,0,0,720,0
1784,2026-07-03T13:53:17.628254000Z,S1G Beacon,61,34,-70,920,3,1,,,,,,,0,0
1786,2026-07-03T13:53:18.173736000Z,QoS Data,72,34,-17,920,2,8,1,0,0,0,0,0,720,0
1787,2026-07-03T13:53:18.177588000Z,QoS Data,72,34,-16,920,2,8,1,0,1,0,0,0,720,0
1789,2026-07-03T13:53:18.449249000Z,S1G Beacon,129,34,-69,920,3,1,,,,,,,0,0
1790,2026-07-03T13:53:19.266679000Z,S1G Beacon,61,34,-68,920,3,1,,,,,,,0,0
1792,2026-07-03T13:53:20.087701000Z,S1G Beacon,129,34,-69,920,3,1,,,,,,,0,0
1793,2026-07-03T13:53:20.905133000Z,S1G Beacon,61,34,-68,920,3,1,,,,,,,0,0
1795,2026-07-03T13:53:21.726156000Z,S1G Beacon,129,34,-67,920,3,1,,,,,,,0,0
1796,2026-07-03T13:53:22.234883000Z,QoS Data,132,34,-15,920,2,8,1,0,0,0,0,0,720,0
1798,2026-07-03T13:53:22.244526000Z,QoS Data,115,34,-19,920,2,8,1,0,0,0,0,0,720,0
1799,2026-07-03T13:53:22.248049000Z,RTS,54,34,-13,920,1,11,,,,0,0,0,2440,0
1801,2026-07-03T13:53:22.249765000Z,QoS Data,115,34,-17,920,2,8,1,0,1,0,0,0,720,0
1804,2026-07-03T13:53:22.277372000Z,QoS Data,112,34,-15,920,2,8,1,0,0,0,0,0,720,0
1807,2026-07-03T13:53:22.543572000Z,S1G Beacon,61,34,-68,920,3,1,,,,,,,0,0
1810,2026-07-03T13:53:23.364605000Z,S1G Beacon,129,34,-69,920,3,1,,,,,,,0,0
1811,2026-07-03T13:53:24.182028000Z,S1G Beacon,61,34,-69,920,3,1,,,,,,,0,0
1812,2026-07-03T13:53:25.003055000Z,S1G Beacon,129,34,-69,920,3,1,,,,,,,0,0
1815,2026-07-03T13:53:25.756168000Z,QoS Data,72,34,-15,920,2,8,1,0,0,0,0,0,720,0
1817,2026-07-03T13:53:25.820473000Z,S1G Beacon,61,34,-71,920,3,1,,,,,,,0,0
1818,2026-07-03T13:53:26.641513000Z,S1G Beacon,129,34,-72,920,3,1,,,,,,,0,0
1819,2026-07-03T13:53:27.264603000Z,QoS Data,132,34,-15,920,2,8,1,0,0,0,0,0,720,0
1824,2026-07-03T13:53:27.458923000Z,S1G Beacon,61,34,-67,920,3,1,,,,,,,0,0
1825,2026-07-03T13:53:27.527092000Z,QoS Data,112,34,-13,920,2,8,1,0,0,0,0,0,720,0
1829,2026-07-03T13:53:28.279952000Z,S1G Beacon,129,34,-69,920,3,1,,,,,,,0,0
1831,2026-07-03T13:53:29.097374000Z,S1G Beacon,61,34,-67,920,3,1,,,,,,,0,0
1840,2026-07-03T13:53:29.918400000Z,S1G Beacon,129,34,-67,920,3,1,,,,,,,0,0
1846,2026-07-03T13:53:30.735822000Z,S1G Beacon,61,34,-71,920,3,1,,,,,,,0,0
1847,2026-07-03T13:53:31.556855000Z,S1G Beacon,129,34,-67,920,3,1,,,,,,,0,0
1849,2026-07-03T13:53:32.294606000Z,QoS Data,132,34,-15,920,2,8,1,0,0,0,0,0,720,0
1852,2026-07-03T13:53:32.304097000Z,QoS Data,115,34,-18,920,2,8,1,0,0,0,0,0,720,0
1855,2026-07-03T13:53:32.374270000Z,S1G Beacon,61,34,-68,920,3,1,,,,,,,0,0
1856,2026-07-03T13:53:32.527095000Z,QoS Data,112,34,-16,920,2,8,1,0,0,0,0,0,720,0
1859,2026-07-03T13:53:33.195303000Z,S1G Beacon,129,34,-68,920,3,1,,,,,,,0,0
1861,2026-07-03T13:53:34.012719000Z,S1G Beacon,61,34,-67,920,3,1,,,,,,,0,0
1863,2026-07-03T13:53:34.833749000Z,S1G Beacon,129,34,-68,920,3,1,,,,,,,0,0
1865,2026-07-03T13:53:35.651174000Z,S1G Beacon,61,34,-67,920,3,1,,,,,,,0,0
1866,2026-07-03T13:53:36.472207000Z,S1G Beacon,129,34,-68,920,3,1,,,,,,,0,0
1867,2026-07-03T13:53:37.289624000Z,S1G Beacon,61,34,-66,920,3,1,,,,,,,0,0
1868,2026-07-03T13:53:37.324603000Z,QoS Data,132,34,-15,920,2,8,1,0,0,0,0,0,720,0
1871,2026-07-03T13:53:37.350529000Z,QoS Data,115,34,-17,920,2,8,1,0,1,0,0,0,720,0
1874,2026-07-03T13:53:37.527148000Z,QoS Data,112,34,-14,920,2,8,1,0,0,0,0,0,720,0
1878,2026-07-03T13:53:38.110654000Z,S1G Beacon,129,34,-67,920,3,1,,,,,,,0,0
1880,2026-07-03T13:53:38.928076000Z,S1G Beacon,61,34,-66,920,3,1,,,,,,,0,0
1881,2026-07-03T13:53:39.749100000Z,S1G Beacon,129,34,-69,920,3,1,,,,,,,0,0
1883,2026-07-03T13:53:40.566522000Z,S1G Beacon,61,34,-68,920,3,1,,,,,,,0,0
1885,2026-07-03T13:53:41.387549000Z,S1G Beacon,129,34,-69,920,3,1,,,,,,,0,0
1886,2026-07-03T13:53:42.204966000Z,S1G Beacon,61,34,-68,920,3,1,,,,,,,0,0
1887,2026-07-03T13:53:42.364634000Z,QoS Data,132,34,-15,920,2,8,1,0,0,0,0,0,720,0
1888,2026-07-03T13:53:42.369088000Z,QoS Data,132,34,-15,920,2,8,1,0,1,0,0,0,720,0
1891,2026-07-03T13:53:42.379266000Z,QoS Data,115,34,-16,920,2,8,1,0,0,0,0,0,720,0
1892,2026-07-03T13:53:42.384841000Z,RTS,54,34,-14,920,1,11,,,,0,0,0,2440,0
1894,2026-07-03T13:53:42.386559000Z,QoS Data,115,34,-16,920,2,8,1,0,1,0,0,0,720,0
1895,2026-07-03T13:53:42.389719000Z,RTS,54,34,-13,920,1,11,,,,0,0,0,2440,0
1897,2026-07-03T13:53:42.391447000Z,QoS Data,115,34,-17,920,2,8,1,0,1,0,0,0,720,0
1898,2026-07-03T13:53:42.393986000Z,RTS,54,34,-14,920,1,11,,,,0,0,0,2560,0
1900,2026-07-03T13:53:42.395825000Z,QoS Data,115,34,-16,920,2,8,1,0,1,0,0,0,720,0
1901,2026-07-03T13:53:42.399146000Z,RTS,54,34,-15,920,1,11,,,,0,0,0,2560,0
1903,2026-07-03T13:53:42.400984000Z,QoS Data,115,34,-16,920,2,8,1,0,1,0,0,0,720,0
1906,2026-07-03T13:53:42.527168000Z,QoS Data,112,34,-13,920,2,8,1,0,0,0,0,0,720,0
1909,2026-07-03T13:53:43.026002000Z,S1G Beacon,129,34,-69,920,3,1,,,,,,,0,0
1910,2026-07-03T13:53:43.843421000Z,S1G Beacon,61,34,-69,920,3,1,,,,,,,0,0
1912,2026-07-03T13:53:44.664448000Z,S1G Beacon,129,34,-69,920,3,1,,,,,,,0,0
1913,2026-07-03T13:53:45.482128000Z,S1G Beacon,61,34,-70,920,3,1,,,,,,,0,0
1914,2026-07-03T13:53:46.302923000Z,S1G Beacon,129,34,-69,920,3,1,,,,,,,0,0
1917,2026-07-03T13:53:47.120318000Z,S1G Beacon,61,34,-68,920,3,1,,,,,,,0,0
1919,2026-07-03T13:53:47.414637000Z,QoS Data,132,34,-14,920,2,8,1,0,0,0,0,0,720,0
1922,2026-07-03T13:53:47.425976000Z,QoS Data,115,34,-19,920,2,8,1,0,0,0,0,0,720,0
1923,2026-07-03T13:53:47.428614000Z,RTS,54,34,-14,920,1,11,,,,0,0,0,2440,0
1925,2026-07-03T13:53:47.430331000Z,QoS Data,115,34,-18,920,2,8,1,0,1,0,0,0,720,0
1926,2026-07-03T13:53:47.434278000Z,RTS,54,34,-13,920,1,11,,,,0,0,0,2440,0
1928,2026-07-03T13:53:47.435994000Z,QoS Data,115,34,-18,920,2,8,1,0,1,0,0,0,720,0
1932,2026-07-03T13:53:47.941352000Z,S1G Beacon,129,34,-72,920,3,1,,,,,,,0,0
1933,2026-07-03T13:53:48.758777000Z,S1G Beacon,61,34,-70,920,3,1,,,,,,,0,0
1934,2026-07-03T13:53:49.579798000Z,S1G Beacon,129,34,-69,920,3,1,,,,,,,0,0
1939,2026-07-03T13:53:50.397216000Z,S1G Beacon,61,34,-70,920,3,1,,,,,,,0,0
1947,2026-07-03T13:53:51.218246000Z,S1G Beacon,129,34,-70,920,3,1,,,,,,,0,0
1951,2026-07-03T13:53:52.035673000Z,S1G Beacon,61,34,-69,920,3,1,,,,,,,0,0
1952,2026-07-03T13:53:52.444652000Z,QoS Data,132,34,-16,920,2,8,1,0,0,0,0,0,720,0
1955,2026-07-03T13:53:52.455611000Z,QoS Data,115,34,-17,920,2,8,1,0,0,0,0,0,720,0
1956,2026-07-03T13:53:52.459007000Z,QoS Data,115,34,-16,920,2,8,1,0,1,0,0,0,720,0
1957,2026-07-03T13:53:52.463006000Z,RTS,54,34,-14,920,1,11,,,,0,0,0,2440,0
1959,2026-07-03T13:53:52.464721000Z,QoS Data,115,34,-16,920,2,8,1,0,1,0,0,0,720,0
1960,2026-07-03T13:53:52.467314000Z,RTS,54,34,-13,920,1,11,,,,0,0,0,2440,0
1961,2026-07-03T13:53:52.471830000Z,RTS,54,34,-13,920,1,11,,,,0,0,0,2440,0
1963,2026-07-03T13:53:52.473548000Z,QoS Data,115,34,-16,920,2,8,1,0,1,0,0,0,720,0
1964,2026-07-03T13:53:52.477490000Z,RTS,54,34,-13,920,1,11,,,,0,0,0,2560,0
1966,2026-07-03T13:53:52.479327000Z,QoS Data,115,34,-16,920,2,8,1,0,1,0,0,0,720,0
1969,2026-07-03T13:53:52.527188000Z,QoS Data,112,34,-17,920,2,8,1,0,0,0,0,0,720,0
1972,2026-07-03T13:53:52.856696000Z,S1G Beacon,129,34,-69,920,3,1,,,,,,,0,0
1974,2026-07-03T13:53:53.674124000Z,S1G Beacon,61,34,-68,920,3,1,,,,,,,0,0
1975,2026-07-03T13:53:54.495149000Z,S1G Beacon,129,34,-68,920,3,1,,,,,,,0,0
1976,2026-07-03T13:53:55.312571000Z,S1G Beacon,61,34,-67,920,3,1,,,,,,,0,0
1979,2026-07-03T13:53:56.133600000Z,S1G Beacon,129,34,-68,920,3,1,,,,,,,0,0
1980,2026-07-03T13:53:56.951021000Z,S1G Beacon,61,34,-66,920,3,1,,,,,,,0,0
1983,2026-07-03T13:53:57.494234000Z,QoS Data,132,34,-12,920,2,8,1,0,0,0,0,0,720,0
1986,2026-07-03T13:53:57.503708000Z,QoS Data,115,34,-19,920,2,8,1,0,0,0,0,0,720,0
1987,2026-07-03T13:53:57.506170000Z,QoS Data,115,34,-18,920,2,8,1,0,1,0,0,0,720,0
1990,2026-07-03T13:53:57.529640000Z,RTS,54,34,-12,920,1,11,,,,0,0,0,2880,0
1992,2026-07-03T13:53:57.531793000Z,QoS Data,112,34,-11,920,2,8,1,0,1,0,0,0,720,0
1995,2026-07-03T13:53:57.772053000Z,S1G Beacon,129,34,-68,920,3,1,,,,,,,0,0
1997,2026-07-03T13:53:58.589472000Z,S1G Beacon,61,34,-66,920,3,1,,,,,,,0,0
1999,2026-07-03T13:53:59.410495000Z,S1G Beacon,129,34,-68,920,3,1,,,,,,,0,0
2000,2026-07-03T13:54:00.227920000Z,S1G Beacon,61,34,-68,920,3,1,,,,,,,0,0
2001,2026-07-03T13:54:01.048949000Z,S1G Beacon,129,34,-71,920,3,1,,,,,,,0,0
2002,2026-07-03T13:54:01.866366000Z,S1G Beacon,61,34,-65,920,3,1,,,,,,,0,0
2004,2026-07-03T13:54:02.524258000Z,QoS Data,132,34,-11,920,2,8,1,0,0,0,0,0,720,0
2008,2026-07-03T13:54:02.687392000Z,S1G Beacon,129,34,-66,920,3,1,,,,,,,0,0
2009,2026-07-03T13:54:02.780358000Z,QoS Data,112,34,-11,920,2,8,1,0,1,0,0,0,720,0
2012,2026-07-03T13:54:03.504818000Z,S1G Beacon,61,34,-66,920,3,1,,,,,,,0,0
2014,2026-07-03T13:54:04.325846000Z,S1G Beacon,129,34,-65,920,3,1,,,,,,,0,0
2016,2026-07-03T13:54:05.143264000Z,S1G Beacon,61,34,-66,920,3,1,,,,,,,0,0
2017,2026-07-03T13:54:05.964297000Z,S1G Beacon,129,34,-66,920,3,1,,,,,,,0,0
2018,2026-07-03T13:54:06.781724000Z,S1G Beacon,61,34,-68,920,3,1,,,,,,,0,0
2019,2026-07-03T13:54:07.544264000Z,QoS Data,132,34,-15,920,2,8,1,0,0,0,0,0,720,0
2024,2026-07-03T13:54:07.602748000Z,S1G Beacon,129,34,-66,920,3,1,,,,,,,0,0
2025,2026-07-03T13:54:07.776732000Z,QoS Data,112,34,-15,920,2,8,1,0,0,0,0,0,720,0
2029,2026-07-03T13:54:08.420166000Z,S1G Beacon,61,34,-65,920,3,1,,,,,,,0,0
2030,2026-07-03T13:54:09.241201000Z,S1G Beacon,129,34,-65,920,3,1,,,,,,,0,0
2031,2026-07-03T13:54:10.059091000Z,S1G Beacon,61,34,-66,920,3,1,,,,,,,0,0
2033,2026-07-03T13:54:10.879651000Z,S1G Beacon,129,34,-67,920,3,1,,,,,,,0,0
2039,2026-07-03T13:54:11.697064000Z,S1G Beacon,61,34,-68,920,3,1,,,,,,,0,0
2049,2026-07-03T13:54:12.518093000Z,S1G Beacon,129,34,-69,920,3,1,,,,,,,0,0
2052,2026-07-03T13:54:12.584284000Z,QoS Data,115,34,-17,920,2,8,1,0,0,0,0,0,720,0
2055,2026-07-03T13:54:12.776784000Z,QoS Data,112,34,-13,920,2,8,1,0,0,0,0,0,720,0
2058,2026-07-03T13:54:13.335520000Z,S1G Beacon,61,34,-66,920,3,1,,,,,,,0,0
2060,2026-07-03T13:54:14.156546000Z,S1G Beacon,129,34,-67,920,3,1,,,,,,,0,0
2061,2026-07-03T13:54:14.973969000Z,S1G Beacon,61,34,-68,920,3,1,,,,,,,0,0
2063,2026-07-03T13:54:15.795006000Z,S1G Beacon,129,34,-68,920,3,1,,,,,,,0,0
2065,2026-07-03T13:54:16.612429000Z,S1G Beacon,61,34,-67,920,3,1,,,,,,,0,0
2067,2026-07-03T13:54:17.433447000Z,S1G Beacon,129,34,-66,920,3,1,,,,,,,0,0
2068,2026-07-03T13:54:17.594275000Z,QoS Data,132,34,-13,920,2,8,1,0,0,0,0,0,720,0
2071,2026-07-03T13:54:17.603923000Z,QoS Data,115,34,-16,920,2,8,1,0,0,0,0,0,720,0
2072,2026-07-03T13:54:17.607296000Z,QoS Data,115,34,-16,920,2,8,1,0,1,0,0,0,720,0
2075,2026-07-03T13:54:17.776738000Z,QoS Data,112,34,-13,920,2,8,1,0,0,0,0,0,720,0
2079,2026-07-03T13:54:18.250865000Z,S1G Beacon,61,34,-71,920,3,1,,,,,,,0,0
2080,2026-07-03T13:54:19.071907000Z,S1G Beacon,129,34,-67,920,3,1,,,,,,,0,0
2082,2026-07-03T13:54:19.889315000Z,S1G Beacon,61,34,-68,920,3,1,,,,,,,0,0
2085,2026-07-03T13:54:20.710346000Z,S1G Beacon,129,34,-66,920,3,1,,,,,,,0,0
2086,2026-07-03T13:54:22.348799000Z,S1G Beacon,129,34,-68,920,3,1,,,,,,,0,0
2088,2026-07-03T13:54:22.638362000Z,QoS Data,115,34,-23,920,2,8,1,0,1,0,0,0,720,0
2091,2026-07-03T13:54:22.777169000Z,QoS Data,112,34,-10,920,2,8,1,0,0,0,0,0,720,0
2095,2026-07-03T13:54:23.166209000Z,S1G Beacon,61,34,-67,920,3,1,,,,,,,0,0
2096,2026-07-03T13:54:23.987250000Z,S1G Beacon,129,34,-67,920,3,1,,,,,,,0,0
2097,2026-07-03T13:54:24.804663000Z,S1G Beacon,61,34,-73,920,3,1,,,,,,,0,0
2098,2026-07-03T13:54:25.625709000Z,S1G Beacon,129,34,-70,920,3,1,,,,,,,0,0
2101,2026-07-03T13:54:26.443112000Z,S1G Beacon,61,34,-66,920,3,1,,,,,,,0,0
2102,2026-07-03T13:54:27.264143000Z,S1G Beacon,129,34,-68,920,3,1,,,,,,,0,0
2103,2026-07-03T13:54:27.669305000Z,QoS Data,132,34,-13,920,2,8,1,0,0,0,0,0,720,0
2106,2026-07-03T13:54:27.678867000Z,QoS Data,115,34,-18,920,2,8,1,0,0,0,0,0,720,0
2109,2026-07-03T13:54:27.777169000Z,QoS Data,112,34,-14,920,2,8,1,0,0,0,0,0,720,0
2112,2026-07-03T13:54:28.081561000Z,S1G Beacon,61,34,-71,920,3,1,,,,,,,0,0
2113,2026-07-03T13:54:28.902594000Z,S1G Beacon,129,34,-66,920,3,1,,,,,,,0,0
2115,2026-07-03T13:54:29.720012000Z,S1G Beacon,61,34,-66,920,3,1,,,,,,,0,0
2116,2026-07-03T13:54:30.541040000Z,S1G Beacon,129,34,-66,920,3,1,,,,,,,0,0
2117,2026-07-03T13:54:31.358464000Z,S1G Beacon,61,34,-65,920,3,1,,,,,,,0,0
2118,2026-07-03T13:54:32.179491000Z,S1G Beacon,129,34,-67,920,3,1,,,,,,,0,0
2124,2026-07-03T13:54:32.705360000Z,QoS Data,132,34,-15,920,2,8,1,0,0,0,0,0,720,0
2127,2026-07-03T13:54:32.718509000Z,QoS Data,115,34,-18,920,2,8,1,0,1,0,0,0,720,0
2130,2026-07-03T13:54:32.777133000Z,QoS Data,112,34,-14,920,2,8,1,0,0,0,0,0,720,0
2134,2026-07-03T13:54:32.996910000Z,S1G Beacon,61,34,-68,920,3,1,,,,,,,0,0
2140,2026-07-03T13:54:33.817936000Z,S1G Beacon,129,34,-66,920,3,1,,,,,,,0,0
2141,2026-07-03T13:54:34.635366000Z,S1G Beacon,61,34,-68,920,3,1,,,,,,,0,0
2143,2026-07-03T13:54:35.456381000Z,S1G Beacon,129,34,-66,920,3,1,,,,,,,0,0
2144,2026-07-03T13:54:36.273817000Z,S1G Beacon,61,34,-66,920,3,1,,,,,,,0,0
2145,2026-07-03T13:54:37.094843000Z,S1G Beacon,129,34,-67,920,3,1,,,,,,,0,0
2146,2026-07-03T13:54:37.734703000Z,QoS Data,132,34,-11,920,2,8,1,0,0,0,0,0,720,0
2149,2026-07-03T13:54:37.768633000Z,QoS Data,115,34,-68,920,2,8,0,0,1,0,0,0,720,0
2151,2026-07-03T13:54:37.777201000Z,QoS Data,112,34,-10,920,2,8,1,0,0,0,0,0,720,0
2154,2026-07-03T13:54:37.912264000Z,S1G Beacon,61,34,-65,920,3,1,,,,,,,0,0
2156,2026-07-03T13:54:38.733291000Z,S1G Beacon,129,34,-65,920,3,1,,,,,,,0,0
2157,2026-07-03T13:54:39.550706000Z,S1G Beacon,61,34,-66,920,3,1,,,,,,,0,0
2159,2026-07-03T13:54:40.371740000Z,S1G Beacon,129,34,-64,920,3,1,,,,,,,0,0
2161,2026-07-03T13:54:41.189159000Z,S1G Beacon,61,34,-66,920,3,1,,,,,,,0,0
2163,2026-07-03T13:54:42.010187000Z,S1G Beacon,129,34,-66,920,3,1,,,,,,,0,0
2165,2026-07-03T13:54:42.779031000Z,QoS Data,132,34,-13,920,2,8,1,0,1,0,0,0,720,0
2168,2026-07-03T13:54:42.796198000Z,QoS Data,115,34,-18,920,2,8,1,0,0,0,0,0,720,0
2169,2026-07-03T13:54:42.804122000Z,RTS,54,34,-15,920,1,11,,,,0,0,0,2416,0
2171,2026-07-03T13:54:42.805811000Z,QoS Data,115,34,-17,920,2,8,1,0,1,0,0,0,720,0
2172,2026-07-03T13:54:42.810972000Z,QoS Data,115,34,-18,920,2,8,1,0,1,0,0,0,720,0
2175,2026-07-03T13:54:42.827604000Z,S1G Beacon,61,34,-65,920,3,1,,,,,,,0,0
2176,2026-07-03T13:54:43.027199000Z,QoS Data,112,34,-15,920,2,8,1,0,0,0,0,0,720,0
2179,2026-07-03T13:54:43.648643000Z,S1G Beacon,129,34,-66,920,3,1,,,,,,,0,0
2181,2026-07-03T13:54:44.466058000Z,S1G Beacon,61,34,-67,920,3,1,,,,,,,0,0
2182,2026-07-03T13:54:45.287090000Z,S1G Beacon,129,34,-65,920,3,1,,,,,,,0,0
2183,2026-07-03T13:54:46.104632000Z,S1G Beacon,61,34,-67,920,3,1,,,,,,,0,0
2186,2026-07-03T13:54:46.925540000Z,S1G Beacon,129,34,-68,920,3,1,,,,,,,0,0
2188,2026-07-03T13:54:47.742971000Z,S1G Beacon,61,34,-66,920,3,1,,,,,,,0,0
2189,2026-07-03T13:54:47.824696000Z,QoS Data,132,34,-15,920,2,8,1,0,0,0,0,0,720,0
2192,2026-07-03T13:54:47.836904000Z,QoS Data,115,34,-14,920,2,8,1,0,0,0,0,0,720,0
2195,2026-07-03T13:54:48.027283000Z,QoS Data,112,34,-14,920,2,8,1,0,0,0,0,0,720,0
2199,2026-07-03T13:54:48.563992000Z,S1G Beacon,129,34,-66,920,3,1,,,,,,,0,0
2200,2026-07-03T13:54:49.381411000Z,S1G Beacon,61,34,-67,920,3,1,,,,,,,0,0
2201,2026-07-03T13:54:50.202444000Z,S1G Beacon,129,34,-67,920,3,1,,,,,,,0,0
2203,2026-07-03T13:54:51.019860000Z,S1G Beacon,61,34,-67,920,3,1,,,,,,,0,0
2204,2026-07-03T13:54:51.840888000Z,S1G Beacon,129,34,-67,920,3,1,,,,,,,0,0
2205,2026-07-03T13:54:52.658306000Z,S1G Beacon,61,34,-68,920,3,1,,,,,,,0,0
2207,2026-07-03T13:54:52.844722000Z,QoS Data,132,34,-14,920,2,8,1,0,0,0,0,0,720,0
2210,2026-07-03T13:54:52.854296000Z,QoS Data,115,34,-15,920,2,8,1,0,0,0,0,0,720,0
2211,2026-07-03T13:54:52.857511000Z,QoS Data,115,34,-16,920,2,8,1,0,1,0,0,0,720,0
2220,2026-07-03T13:54:53.479331000Z,S1G Beacon,129,34,-68,920,3,1,,,,,,,0,0
2230,2026-07-03T13:54:54.296757000Z,S1G Beacon,61,34,-66,920,3,1,,,,,,,0,0
2233,2026-07-03T13:54:55.117787000Z,S1G Beacon,129,34,-67,920,3,1,,,,,,,0,0
2234,2026-07-03T13:54:55.935210000Z,S1G Beacon,61,34,-73,920,3,1,,,,,,,0,0
2236,2026-07-03T13:54:56.756232000Z,S1G Beacon,129,34,-77,920,3,1,,,,,,,0,0
2237,2026-07-03T13:54:57.573659000Z,S1G Beacon,61,34,-69,920,3,1,,,,,,,0,0
2238,2026-07-03T13:54:57.875044000Z,QoS Data,132,34,-14,920,2,8,1,0,0,0,0,0,720,0
2241,2026-07-03T13:54:57.884816000Z,QoS Data,115,34,-15,920,2,8,1,0,0,0,0,0,720,0
2244,2026-07-03T13:54:58.027295000Z,QoS Data,112,34,-13,920,2,8,1,0,0,0,0,0,720,0
2248,2026-07-03T13:54:58.394687000Z,S1G Beacon,129,34,-71,920,3,1,,,,,,,0,0
2249,2026-07-03T13:54:59.212107000Z,S1G Beacon,61,34,-71,920,3,1,,,,,,,0,0
2252,2026-07-03T13:55:00.033142000Z,S1G Beacon,129,34,-67,920,3,1,,,,,,,0,0
2253,2026-07-03T13:55:00.850556000Z,S1G Beacon,61,34,-67,920,3,1,,,,,,,0,0
2254,2026-07-03T13:55:01.671586000Z,S1G Beacon,129,34,-66,920,3,1,,,,,,,0,0
2256,2026-07-03T13:55:02.489005000Z,S1G Beacon,61,34,-70,920,3,1,,,,,,,0,0
2257,2026-07-03T13:55:02.894709000Z,QoS Data,132,34,-13,920,2,8,1,0,0,0,0,0,720,0
2261,2026-07-03T13:55:03.027225000Z,QoS Data,112,34,-12,920,2,8,1,0,0,0,0,0,720,0
2264,2026-07-03T13:55:03.310037000Z,S1G Beacon,129,34,-66,920,3,1,,,,,,,0,0
2265,2026-07-03T13:55:04.127456000Z,S1G Beacon,61,34,-66,920,3,1,,,,,,,0,0
2266,2026-07-03T13:55:04.948487000Z,S1G Beacon,129,34,-66,920,3,1,,,,,,,0,0
2268,2026-07-03T13:55:05.765906000Z,S1G Beacon,61,34,-66,920,3,1,,,,,,,0,0
2270,2026-07-03T13:55:06.586930000Z,S1G Beacon,129,34,-65,920,3,1,,,,,,,0,0
2271,2026-07-03T13:55:07.404360000Z,S1G Beacon,61,34,-66,920,3,1,,,,,,,0,0
2272,2026-07-03T13:55:07.914337000Z,QoS Data,132,34,-13,920,2,8,1,0,0,0,0,0,720,0
2275,2026-07-03T13:55:07.944826000Z,QoS Data,115,34,-17,920,2,8,1,0,0,0,0,0,720,0
2278,2026-07-03T13:55:08.026918000Z,QoS Data,112,34,-15,920,2,8,1,0,0,0,0,0,720,0
2281,2026-07-03T13:55:08.225385000Z,S1G Beacon,129,34,-65,920,3,1,,,,,,,0,0
2283,2026-07-03T13:55:09.042809000Z,S1G Beacon,61,34,-65,920,3,1,,,,,,,0,0
2285,2026-07-03T13:55:09.863835000Z,S1G Beacon,129,34,-65,920,3,1,,,,,,,0,0
2286,2026-07-03T13:55:10.681264000Z,S1G Beacon,61,34,-66,920,3,1,,,,,,,0,0
2287,2026-07-03T13:55:11.502285000Z,S1G Beacon,129,34,-67,920,3,1,,,,,,,0,0
2289,2026-07-03T13:55:12.319708000Z,S1G Beacon,61,34,-65,920,3,1,,,,,,,0,0
2290,2026-07-03T13:55:12.954327000Z,QoS Data,132,34,-13,920,2,8,1,0,0,0,0,0,720,0
2293,2026-07-03T13:55:12.967517000Z,QoS Data,115,34,-16,920,2,8,1,0,0,0,0,0,720,0
2296,2026-07-03T13:55:13.026845000Z,QoS Data,112,34,-11,920,2,8,1,0,0,0,0,0,720,0
2299,2026-07-03T13:55:13.140731000Z,S1G Beacon,129,34,-66,920,3,1,,,,,,,0,0
2301,2026-07-03T13:55:13.958148000Z,S1G Beacon,61,34,-67,920,3,1,,,,,,,0,0
2308,2026-07-03T13:55:14.779183000Z,S1G Beacon,129,34,-68,920,3,1,,,,,,,0,0
2315,2026-07-03T13:55:15.596604000Z,S1G Beacon,61,34,-66,920,3,1,,,,,,,0,0
2316,2026-07-03T13:55:16.417651000Z,S1G Beacon,129,34,-67,920,3,1,,,,,,,0,0
2317,2026-07-03T13:55:17.235064000Z,S1G Beacon,61,34,-66,920,3,1,,,,,,,0,0
2320,2026-07-03T13:55:17.984450000Z,QoS Data,132,34,-9,920,2,8,1,0,0,0,0,0,720,0
2323,2026-07-03T13:55:17.994272000Z,QoS Data,115,34,-18,920,2,8,1,0,0,0,0,0,720,0
2324,2026-07-03T13:55:17.997884000Z,RTS,54,34,-13,920,1,11,,,,0,0,0,2416,0
2326,2026-07-03T13:55:17.999577000Z,QoS Data,115,34,-17,920,2,8,1,0,1,0,0,0,720,0
2327,2026-07-03T13:55:18.002261000Z,RTS,54,34,-13,920,1,11,,,,0,0,0,2416,0
2329,2026-07-03T13:55:18.007205000Z,RTS,54,34,-13,920,1,11,,,,0,0,0,2524,0
2331,2026-07-03T13:55:18.009005000Z,QoS Data,115,34,-16,920,2,8,1,0,1,0,0,0,720,0
2334,2026-07-03T13:55:18.026928000Z,QoS Data,112,34,-9,920,2,8,1,0,0,0,0,0,720,0
2338,2026-07-03T13:55:18.056079000Z,S1G Beacon,129,34,-68,920,3,1,,,,,,,0,0
2340,2026-07-03T13:55:18.873511000Z,S1G Beacon,61,34,-68,920,3,1,,,,,,,0,0
2341,2026-07-03T13:55:19.694531000Z,S1G Beacon,129,34,-67,920,3,1,,,,,,,0,0
2342,2026-07-03T13:55:20.511955000Z,S1G Beacon,61,34,-68,920,3,1,,,,,,,0,0
2344,2026-07-03T13:55:21.332987000Z,S1G Beacon,129,34,-69,920,3,1,,,,,,,0,0
2345,2026-07-03T13:55:22.150406000Z,S1G Beacon,61,34,-67,920,3,1,,,,,,,0,0
2346,2026-07-03T13:55:22.971429000Z,S1G Beacon,129,34,-68,920,3,1,,,,,,,0,0
2347,2026-07-03T13:55:23.024359000Z,QoS Data,132,34,-12,920,2,8,1,0,0,0,0,0,720,0
2352,2026-07-03T13:55:23.276748000Z,QoS Data,112,34,-12,920,2,8,1,0,0,0,0,0,720,0
2356,2026-07-03T13:55:23.788850000Z,S1G Beacon,61,34,-66,920,3,1,,,,,,,0,0
2357,2026-07-03T13:55:24.609881000Z,S1G Beacon,129,34,-67,920,3,1,,,,,,,0,0
2358,2026-07-03T13:55:25.427302000Z,S1G Beacon,61,34,-69,920,3,1,,,,,,,0,0
2360,2026-07-03T13:55:26.248335000Z,S1G Beacon,129,34,-67,920,3,1,,,,,,,0,0
2362,2026-07-03T13:55:27.065749000Z,S1G Beacon,61,34,-68,920,3,1,,,,,,,0,0
2363,2026-07-03T13:55:27.886780000Z,S1G Beacon,129,34,-67,920,3,1,,,,,,,0,0
2364,2026-07-03T13:55:28.044382000Z,QoS Data,132,34,-12,920,2,8,1,0,0,0,0,0,720,0
2367,2026-07-03T13:55:28.062393000Z,QoS Data,115,34,-17,920,2,8,1,0,0,0,0,0,720,0
2370,2026-07-03T13:55:28.276729000Z,QoS Data,112,34,-12,920,2,8,1,0,0,0,0,0,720,0
2373,2026-07-03T13:55:28.704206000Z,S1G Beacon,61,34,-66,920,3,1,,,,,,,0,0
2374,2026-07-03T13:55:29.525233000Z,S1G Beacon,129,34,-67,920,3,1,,,,,,,0,0
2376,2026-07-03T13:55:30.342649000Z,S1G Beacon,61,34,-68,920,3,1,,,,,,,0,0
2378,2026-07-03T13:55:31.981098000Z,S1G Beacon,61,34,-65,920,3,1,,,,,,,0,0
2381,2026-07-03T13:55:32.802125000Z,S1G Beacon,129,34,-67,920,3,1,,,,,,,0,0
2382,2026-07-03T13:55:33.075619000Z,QoS Data,132,34,-13,920,2,8,1,0,0,0,0,0,720,0
2384,2026-07-03T13:55:33.104582000Z,QoS Data,115,34,-19,920,2,8,1,0,0,0,0,0,720,0
2387,2026-07-03T13:55:33.277208000Z,QoS Data,112,34,-12,920,2,8,1,0,0,0,0,0,720,0
2390,2026-07-03T13:55:33.619546000Z,S1G Beacon,61,34,-68,920,3,1,,,,,,,0,0
2391,2026-07-03T13:55:34.440584000Z,S1G Beacon,129,34,-64,920,3,1,,,,,,,0,0
2393,2026-07-03T13:55:35.257997000Z,S1G Beacon,61,34,-65,920,3,1,,,,,,,0,0
2403,2026-07-03T13:55:36.079025000Z,S1G Beacon,129,34,-65,920,3,1,,,,,,,0,0
2408,2026-07-03T13:55:36.896443000Z,S1G Beacon,61,34,-64,920,3,1,,,,,,,0,0
2409,2026-07-03T13:55:37.717478000Z,S1G Beacon,129,34,-65,920,3,1,,,,,,,0,0
2410,2026-07-03T13:55:38.134791000Z,QoS Data,132,34,-12,920,2,8,1,0,0,0,0,0,720,0
2413,2026-07-03T13:55:38.149417000Z,QoS Data,115,34,-16,920,2,8,1,0,0,0,0,0,720,0
2416,2026-07-03T13:55:38.277204000Z,QoS Data,112,34,-13,920,2,8,1,0,0,0,0,0,720,0
2419,2026-07-03T13:55:38.534898000Z,S1G Beacon,61,34,-67,920,3,1,,,,,,,0,0
2421,2026-07-03T13:55:39.355932000Z,S1G Beacon,129,34,-68,920,3,1,,,,,,,0,0
2422,2026-07-03T13:55:40.173348000Z,S1G Beacon,61,34,-66,920,3,1,,,,,,,0,0
2425,2026-07-03T13:55:40.994378000Z,S1G Beacon,129,34,-68,920,3,1,,,,,,,0,0
2427,2026-07-03T13:55:41.811797000Z,S1G Beacon,61,34,-70,920,3,1,,,,,,,0,0
2428,2026-07-03T13:55:42.632830000Z,S1G Beacon,129,34,-67,920,3,1,,,,,,,0,0
2431,2026-07-03T13:55:43.167787000Z,QoS Data,132,34,-13,920,2,8,1,0,0,0,0,0,720,0
2435,2026-07-03T13:55:43.179031000Z,RTS,54,34,-15,920,1,11,,,,0,0,0,2452,0
2439,2026-07-03T13:55:43.182885000Z,QoS Data,115,34,-16,920,2,8,1,0,0,0,0,0,720,0
2442,2026-07-03T13:55:43.277204000Z,QoS Data,112,34,-12,920,2,8,1,0,0,0,0,0,720,0
2445,2026-07-03T13:55:43.450246000Z,S1G Beacon,61,34,-66,920,3,1,,,,,,,0,0
2446,2026-07-03T13:55:44.271284000Z,S1G Beacon,129,34,-73,920,3,1,,,,,,,0,0
2448,2026-07-03T13:55:45.088696000Z,S1G Beacon,61,34,-68,920,3,1,,,,,,,0,0
2449,2026-07-03T13:55:45.909729000Z,S1G Beacon,129,34,-67,920,3,1,,,,,,,0,0
2452,2026-07-03T13:55:46.727154000Z,S1G Beacon,61,34,-67,920,3,1,,,,,,,0,0
2453,2026-07-03T13:55:47.548184000Z,S1G Beacon,129,34,-66,920,3,1,,,,,,,0,0
2455,2026-07-03T13:55:48.194779000Z,QoS Data,132,34,-12,920,2,8,1,0,0,0,0,0,720,0
2458,2026-07-03T13:55:48.204373000Z,QoS Data,115,34,-18,920,2,8,1,0,0,0,0,0,720,0
2461,2026-07-03T13:55:48.277222000Z,QoS Data,112,34,-12,920,2,8,1,0,0,0,0,0,720,0
2464,2026-07-03T13:55:48.365597000Z,S1G Beacon,61,34,-67,920,3,1,,,,,,,0,0
2466,2026-07-03T13:55:49.186630000Z,S1G Beacon,129,34,-66,920,3,1,,,,,,,0,0
2467,2026-07-03T13:55:50.825082000Z,S1G Beacon,129,34,-72,920,3,1,,,,,,,0,0
2469,2026-07-03T13:55:51.642500000Z,S1G Beacon,61,34,-68,920,3,1,,,,,,,0,0
2471,2026-07-03T13:55:52.463521000Z,S1G Beacon,129,34,-65,920,3,1,,,,,,,0,0
2472,2026-07-03T13:55:53.214876000Z,QoS Data,132,34,-13,920,2,8,1,0,0,0,0,0,720,0
2475,2026-07-03T13:55:53.224134000Z,QoS Data,115,34,-16,920,2,8,1,0,0,0,0,0,720,0
2478,2026-07-03T13:55:53.277238000Z,QoS Data,112,34,-13,920,2,8,1,0,0,0,0,0,720,0
2480,2026-07-03T13:55:53.280946000Z,S1G Beacon,61,34,-65,920,3,1,,,,,,,0,0
2483,2026-07-03T13:55:54.101982000Z,S1G Beacon,129,34,-66,920,3,1,,,,,,,0,0
2484,2026-07-03T13:55:54.919399000Z,S1G Beacon,61,34,-67,920,3,1,,,,,,,0,0
2485,2026-07-03T13:55:55.740431000Z,S1G Beacon,129,34,-65,920,3,1,,,,,,,0,0
2492,2026-07-03T13:55:56.557842000Z,S1G Beacon,61,34,-66,920,3,1,,,,,,,0,0
2502,2026-07-03T13:55:57.378870000Z,S1G Beacon,129,34,-65,920,3,1,,,,,,,0,0
2504,2026-07-03T13:55:58.196296000Z,S1G Beacon,61,34,-67,920,3,1,,,,,,,0,0
2505,2026-07-03T13:55:58.244798000Z,QoS Data,132,34,-13,920,2,8,1,0,0,0,0,0,720,0
2508,2026-07-03T13:55:58.254515000Z,QoS Data,115,34,-16,920,2,8,1,0,0,0,0,0,720,0
2511,2026-07-03T13:55:58.277269000Z,QoS Data,112,34,-14,920,2,8,1,0,0,0,0,0,720,0
2515,2026-07-03T13:55:59.017334000Z,S1G Beacon,129,34,-66,920,3,1,,,,,,,0,0
2516,2026-07-03T13:55:59.834762000Z,S1G Beacon,61,34,-66,920,3,1,,,,,,,0,0
2518,2026-07-03T13:56:00.655788000Z,S1G Beacon,129,34,-66,920,3,1,,,,,,,0,0
2521,2026-07-03T13:56:01.473194000Z,S1G Beacon,61,34,-66,920,3,1,,,,,,,0,0
2523,2026-07-03T13:56:02.294224000Z,S1G Beacon,129,34,-65,920,3,1,,,,,,,0,0
2525,2026-07-03T13:56:03.111646000Z,S1G Beacon,61,34,-65,920,3,1,,,,,,,0,0
2526,2026-07-03T13:56:03.264834000Z,QoS Data,132,34,-13,920,2,8,1,0,0,0,0,0,720,0
2529,2026-07-03T13:56:03.276539000Z,QoS Data,115,34,-15,920,2,8,1,0,0,0,0,0,720,0
2532,2026-07-03T13:56:03.527319000Z,QoS Data,112,34,-15,920,2,8,1,0,0,0,0,0,720,0
2535,2026-07-03T13:56:03.932673000Z,S1G Beacon,129,34,-66,920,3,1,,,,,,,0,0
2536,2026-07-03T13:56:04.750106000Z,S1G Beacon,61,34,-67,920,3,1,,,,,,,0,0
2537,2026-07-03T13:56:05.571124000Z,S1G Beacon,129,34,-66,920,3,1,,,,,,,0,0
2540,2026-07-03T13:56:06.388542000Z,S1G Beacon,61,34,-66,920,3,1,,,,,,,0,0
2542,2026-07-03T13:56:07.209572000Z,S1G Beacon,129,34,-67,920,3,1,,,,,,,0,0
2543,2026-07-03T13:56:08.026996000Z,S1G Beacon,61,34,-66,920,3,1,,,,,,,0,0
2544,2026-07-03T13:56:08.294841000Z,QoS Data,132,34,-12,920,2,8,1,0,0,0,0,0,720,0
2548,2026-07-03T13:56:08.306517000Z,QoS Data,112,34,-16,920,2,8,1,0,0,0,0,0,720,0
2550,2026-07-03T13:56:08.310414000Z,QoS Data,115,34,-15,920,2,8,1,0,0,0,0,0,720,0
2554,2026-07-03T13:56:08.527326000Z,QoS Data,112,34,-12,920,2,8,1,0,0,0,0,0,720,0
2557,2026-07-03T13:56:08.848028000Z,S1G Beacon,129,34,-65,920,3,1,,,,,,,0,0
2558,2026-07-03T13:56:09.665450000Z,S1G Beacon,61,34,-65,920,3,1,,,,,,,0,0
2560,2026-07-03T13:56:10.486478000Z,S1G Beacon,129,34,-64,920,3,1,,,,,,,0,0
2563,2026-07-03T13:56:12.124923000Z,S1G Beacon,129,34,-66,920,3,1,,,,,,,0,0
2564,2026-07-03T13:56:12.942348000Z,S1G Beacon,61,34,-63,920,3,1,,,,,,,0,0
2565,2026-07-03T13:56:13.324813000Z,QoS Data,132,34,-14,920,2,8,1,0,0,0,0,0,720,0
2568,2026-07-03T13:56:13.333900000Z,QoS Data,115,34,-15,920,2,8,1,0,0,0,0,0,720,0
2571,2026-07-03T13:56:13.526980000Z,QoS Data,112,34,-14,920,2,8,1,0,0,0,0,0,720,0
2574,2026-07-03T13:56:13.763370000Z,S1G Beacon,129,34,-63,920,3,1,,,,,,,0,0
2575,2026-07-03T13:56:14.580796000Z,S1G Beacon,61,34,-65,920,3,1,,,,,,,0,0
2577,2026-07-03T13:56:15.401819000Z,S1G Beacon,129,34,-63,920,3,1,,,,,,,0,0
2578,2026-07-03T13:56:16.219267000Z,S1G Beacon,61,34,-65,920,3,1,,,,,,,0,0
2585,2026-07-03T13:56:17.857700000Z,S1G Beacon,61,34,-64,920,3,1,,,,,,,0,0
2592,2026-07-03T13:56:18.354425000Z,QoS Data,132,34,-14,920,2,8,1,0,0,0,0,0,720,0
2595,2026-07-03T13:56:18.363730000Z,QoS Data,115,34,-17,920,2,8,1,0,0,0,0,0,720,0
2600,2026-07-03T13:56:18.678716000Z,S1G Beacon,129,34,-64,920,3,1,,,,,,,0,0
2601,2026-07-03T13:56:19.496142000Z,S1G Beacon,61,34,-63,920,3,1,,,,,,,0,0
2602,2026-07-03T13:56:20.317176000Z,S1G Beacon,129,34,-64,920,3,1,,,,,,,0,0
2604,2026-07-03T13:56:21.134596000Z,S1G Beacon,61,34,-63,920,3,1,,,,,,,0,0
2606,2026-07-03T13:56:21.955622000Z,S1G Beacon,129,34,-65,920,3,1,,,,,,,0,0
2607,2026-07-03T13:56:22.773047000Z,S1G Beacon,61,34,-64,920,3,1,,,,,,,0,0
2608,2026-07-03T13:56:23.374561000Z,QoS Data,132,34,-14,920,2,8,1,0,0,0,0,0,720,0
2611,2026-07-03T13:56:23.383882000Z,QoS Data,115,34,-16,920,2,8,1,0,0,0,0,0,720,0
2614,2026-07-03T13:56:23.527006000Z,QoS Data,112,34,-14,920,2,8,1,0,0,0,0,0,720,0
2617,2026-07-03T13:56:23.594062000Z,S1G Beacon,129,34,-63,920,3,1,,,,,,,0,0
2620,2026-07-03T13:56:24.411490000Z,S1G Beacon,61,34,-64,920,3,1,,,,,,,0,0
2621,2026-07-03T13:56:25.232520000Z,S1G Beacon,129,34,-63,920,3,1,,,,,,,0,0
2623,2026-07-03T13:56:26.049942000Z,S1G Beacon,61,34,-65,920,3,1,,,,,,,0,0
2624,2026-07-03T13:56:26.870983000Z,S1G Beacon,129,34,-64,920,3,1,,,,,,,0,0
2626,2026-07-03T13:56:27.688400000Z,S1G Beacon,61,34,-65,920,3,1,,,,,,,0,0
2628,2026-07-03T13:56:28.407352000Z,QoS Data,115,34,-16,920,2,8,1,0,0,0,0,0,720,0
2631,2026-07-03T13:56:28.509416000Z,S1G Beacon,129,34,-65,920,3,1,,,,,,,0,0
2632,2026-07-03T13:56:28.526930000Z,QoS Data,112,34,-14,920,2,8,1,0,0,0,0,0,720,0
2635,2026-07-03T13:56:29.326838000Z,S1G Beacon,61,34,-64,920,3,1,,,,,,,0,0
2636,2026-07-03T13:56:30.147875000Z,S1G Beacon,129,34,-64,920,3,1,,,,,,,0,0
2638,2026-07-03T13:56:30.965288000Z,S1G Beacon,61,34,-65,920,3,1,,,,,,,0,0
2639,2026-07-03T13:56:31.786324000Z,S1G Beacon,129,34,-63,920,3,1,,,,,,,0,0
2640,2026-07-03T13:56:32.603744000Z,S1G Beacon,61,34,-63,920,3,1,,,,,,,0,0
2642,2026-07-03T13:56:33.424769000Z,S1G Beacon,129,34,-65,920,3,1,,,,,,,0,0
2643,2026-07-03T13:56:33.426985000Z,QoS Data,132,34,-13,920,2,8,1,0,0,0,0,0,720,0
2646,2026-07-03T13:56:33.444056000Z,RTS,54,34,-15,920,1,11,,,,0,0,0,2524,0
2648,2026-07-03T13:56:33.445860000Z,QoS Data,115,34,-16,920,2,8,1,0,1,0,0,0,720,0
2651,2026-07-03T13:56:33.527008000Z,QoS Data,112,34,-13,920,2,8,1,0,0,0,0,0,720,0
2654,2026-07-03T13:56:34.242192000Z,S1G Beacon,61,34,-65,920,3,1,,,,,,,0,0
2656,2026-07-03T13:56:35.063214000Z,S1G Beacon,129,34,-66,920,3,1,,,,,,,0,0
2657,2026-07-03T13:56:35.880640000Z,S1G Beacon,61,34,-66,920,3,1,,,,,,,0,0
2660,2026-07-03T13:56:36.701665000Z,S1G Beacon,129,34,-65,920,3,1,,,,,,,0,0
2661,2026-07-03T13:56:37.519102000Z,S1G Beacon,61,34,-66,920,3,1,,,,,,,0,0
2664,2026-07-03T13:56:38.340109000Z,S1G Beacon,129,34,-66,920,3,1,,,,,,,0,0
2666,2026-07-03T13:56:38.454464000Z,QoS Data,132,34,-14,920,2,8,1,0,0,0,0,0,720,0
2669,2026-07-03T13:56:38.468340000Z,QoS Data,115,34,-16,920,2,8,1,0,0,0,0,0,720,0
2673,2026-07-03T13:56:38.527280000Z,QoS Data,112,34,-13,920,2,8,1,0,0,0,0,0,720,0
2682,2026-07-03T13:56:39.157628000Z,S1G Beacon,61,34,-64,920,3,1,,,,,,,0,0
2687,2026-07-03T13:56:39.978564000Z,S1G Beacon,129,34,-65,920,3,1,,,,,,,0,0
2688,2026-07-03T13:56:40.795997000Z,S1G Beacon,61,34,-65,920,3,1,,,,,,,0,0
2697,2026-07-03T13:56:41.617024000Z,S1G Beacon,129,34,-64,920,3,1,,,,,,,0,0
2699,2026-07-03T13:56:42.434437000Z,S1G Beacon,61,34,-65,920,3,1,,,,,,,0,0
2700,2026-07-03T13:56:43.255466000Z,S1G Beacon,129,34,-64,920,3,1,,,,,,,0,0
2701,2026-07-03T13:56:43.485212000Z,QoS Data,133,34,-15,920,2,8,1,0,0,0,0,0,720,0
2704,2026-07-03T13:56:43.495349000Z,QoS Data,115,34,-17,920,2,8,1,0,0,0,0,0,720,0
2705,2026-07-03T13:56:43.498412000Z,QoS Data,115,34,-16,920,2,8,1,0,1,0,0,0,720,0
2708,2026-07-03T13:56:43.527424000Z,QoS Data,112,34,-15,920,2,8,1,0,0,0,0,0,720,0
2711,2026-07-03T13:56:44.072883000Z,S1G Beacon,61,34,-66,920,3,1,,,,,,,0,0
2712,2026-07-03T13:56:44.893915000Z,S1G Beacon,129,34,-65,920,3,1,,,,,,,0,0
2714,2026-07-03T13:56:45.711342000Z,S1G Beacon,61,34,-64,920,3,1,,,,,,,0,0
2718,2026-07-03T13:56:46.532361000Z,S1G Beacon,129,34,-64,920,3,1,,,,,,,0,0
2720,2026-07-03T13:56:47.349787000Z,S1G Beacon,61,34,-64,920,3,1,,,,,,,0,0
2721,2026-07-03T13:56:48.170823000Z,S1G Beacon,129,34,-64,920,3,1,,,,,,,0,0
2723,2026-07-03T13:56:48.524878000Z,QoS Data,132,34,-12,920,2,8,1,0,0,0,0,0,720,0
2727,2026-07-03T13:56:48.777352000Z,QoS Data,112,34,-11,920,2,8,1,0,0,0,0,0,720,0
2730,2026-07-03T13:56:48.988231000Z,S1G Beacon,61,34,-64,920,3,1,,,,,,,0,0
2731,2026-07-03T13:56:49.809265000Z,S1G Beacon,129,34,-63,920,3,1,,,,,,,0,0
2733,2026-07-03T13:56:50.626688000Z,S1G Beacon,61,34,-63,920,3,1,,,,,,,0,0
2735,2026-07-03T13:56:51.447715000Z,S1G Beacon,129,34,-64,920,3,1,,,,,,,0,0
2736,2026-07-03T13:56:52.265136000Z,S1G Beacon,61,34,-63,920,3,1,,,,,,,0,0
2738,2026-07-03T13:56:53.086162000Z,S1G Beacon,129,34,-65,920,3,1,,,,,,,0,0
2739,2026-07-03T13:56:53.544901000Z,QoS Data,132,34,-13,920,2,8,1,0,0,0,0,0,720,0
2742,2026-07-03T13:56:53.554440000Z,QoS Data,112,34,-15,920,2,8,1,0,0,0,0,0,720,0
2744,2026-07-03T13:56:53.556979000Z,QoS Data,115,34,-15,920,2,8,1,0,0,0,0,0,720,0
2748,2026-07-03T13:56:53.777336000Z,QoS Data,112,34,-12,920,2,8,1,0,0,0,0,0,720,0
2751,2026-07-03T13:56:53.903582000Z,S1G Beacon,61,34,-64,920,3,1,,,,,,,0,0
2753,2026-07-03T13:56:54.724606000Z,S1G Beacon,129,34,-66,920,3,1,,,,,,,0,0
2755,2026-07-03T13:56:55.542034000Z,S1G Beacon,61,34,-65,920,3,1,,,,,,,0,0
2756,2026-07-03T13:56:56.363064000Z,S1G Beacon,129,34,-63,920,3,1,,,,,,,0,0
2757,2026-07-03T13:56:57.180485000Z,S1G Beacon,61,34,-66,920,3,1,,,,,,,0,0
2759,2026-07-03T13:56:58.001511000Z,S1G Beacon,129,34,-65,920,3,1,,,,,,,0,0
2760,2026-07-03T13:56:58.574893000Z,QoS Data,132,34,-13,920,2,8,1,0,0,0,0,0,720,0
2765,2026-07-03T13:56:58.777376000Z,QoS Data,112,34,-15,920,2,8,1,0,0,0,0,0,720,0
2768,2026-07-03T13:56:58.818927000Z,S1G Beacon,61,34,-66,920,3,1,,,,,,,0,0
2774,2026-07-03T13:56:59.639958000Z,S1G Beacon,129,34,-65,920,3,1,,,,,,,0,0
2782,2026-07-03T13:57:00.457376000Z,S1G Beacon,61,34,-67,920,3,1,,,,,,,0,0
2783,2026-07-03T13:57:01.278415000Z,S1G Beacon,129,34,-66,920,3,1,,,,,,,0,0
2784,2026-07-03T13:57:02.095833000Z,S1G Beacon,61,34,-65,920,3,1,,,,,,,0,0
2785,2026-07-03T13:57:02.916864000Z,S1G Beacon,129,34,-66,920,3,1,,,,,,,0,0
2787,2026-07-03T13:57:03.594880000Z,QoS Data,132,34,-14,920,2,8,1,0,0,0,0,0,720,0
2790,2026-07-03T13:57:03.608053000Z,QoS Data,115,34,-15,920,2,8,1,0,0,0,0,0,720,0
2793,2026-07-03T13:57:03.734280000Z,S1G Beacon,61,34,-66,920,3,1,,,,,,,0,0
2794,2026-07-03T13:57:03.777330000Z,QoS Data,112,34,-15,920,2,8,1,0,0,0,0,0,720,0
2797,2026-07-03T13:57:04.555309000Z,S1G Beacon,129,34,-66,920,3,1,,,,,,,0,0
2798,2026-07-03T13:57:05.372735000Z,S1G Beacon,61,34,-67,920,3,1,,,,,,,0,0
2799,2026-07-03T13:57:06.193765000Z,S1G Beacon,129,34,-66,920,3,1,,,,,,,0,0
2801,2026-07-03T13:57:07.011183000Z,S1G Beacon,61,34,-66,920,3,1,,,,,,,0,0
2802,2026-07-03T13:57:07.832210000Z,S1G Beacon,129,34,-65,920,3,1,,,,,,,0,0
2803,2026-07-03T13:57:08.624934000Z,QoS Data,132,34,-16,920,2,8,1,0,0,0,0,0,720,0
2806,2026-07-03T13:57:08.637949000Z,QoS Data,115,34,-15,920,2,8,1,0,0,0,0,0,720,0
2809,2026-07-03T13:57:08.649627000Z,S1G Beacon,61,34,-67,920,3,1,,,,,,,0,0
2810,2026-07-03T13:57:08.777338000Z,QoS Data,112,34,-15,920,2,8,1,0,0,0,0,0,720,0
2813,2026-07-03T13:57:09.470660000Z,S1G Beacon,129,34,-66,920,3,1,,,,,,,0,0
2815,2026-07-03T13:57:10.288080000Z,S1G Beacon,61,34,-66,920,3,1,,,,,,,0,0
2816,2026-07-03T13:57:11.109112000Z,S1G Beacon,129,34,-66,920,3,1,,,,,,,0,0
2817,2026-07-03T13:57:11.926534000Z,S1G Beacon,61,34,-66,920,3,1,,,,,,,0,0
2820,2026-07-03T13:57:12.747560000Z,S1G Beacon,129,34,-65,920,3,1,,,,,,,0,0
2821,2026-07-03T13:57:13.564977000Z,S1G Beacon,61,34,-64,920,3,1,,,,,,,0,0
2822,2026-07-03T13:57:13.654930000Z,QoS Data,132,34,-14,920,2,8,1,0,0,0,0,0,720,0
2827,2026-07-03T13:57:13.777983000Z,QoS Data,112,34,-15,920,2,8,1,0,0,0,0,0,720,0
2830,2026-07-03T13:57:14.386008000Z,S1G Beacon,129,34,-65,920,3,1,,,,,,,0,0
2831,2026-07-03T13:57:15.203437000Z,S1G Beacon,61,34,-67,920,3,1,,,,,,,0,0
2833,2026-07-03T13:57:16.024456000Z,S1G Beacon,129,34,-65,920,3,1,,,,,,,0,0
2834,2026-07-03T13:57:16.841894000Z,S1G Beacon,61,34,-65,920,3,1,,,,,,,0,0
2835,2026-07-03T13:57:17.662928000Z,S1G Beacon,129,34,-66,920,3,1,,,,,,,0,0
2837,2026-07-03T13:57:18.480338000Z,S1G Beacon,61,34,-65,920,3,1,,,,,,,0,0
2839,2026-07-03T13:57:18.674914000Z,QoS Data,132,34,-14,920,2,8,1,0,0,0,0,0,720,0
2840,2026-07-03T13:57:18.679106000Z,QoS Data,132,34,-14,920,2,8,1,0,1,0,0,0,720,0
2843,2026-07-03T13:57:18.689152000Z,QoS Data,115,34,-16,920,2,8,1,0,0,0,0,0,720,0
2844,2026-07-03T13:57:18.692689000Z,QoS Data,115,34,-15,920,2,8,1,0,1,0,0,0,720,0
2847,2026-07-03T13:57:18.781783000Z,QoS Data,112,34,-14,920,2,8,1,0,1,0,0,0,720,0
2849,2026-07-03T13:57:19.301368000Z,S1G Beacon,129,34,-64,920,3,1,,,,,,,0,0
2850,2026-07-03T13:57:20.118796000Z,S1G Beacon,61,34,-66,920,3,1,,,,,,,0,0
2858,2026-07-03T13:57:20.939807000Z,S1G Beacon,129,34,-65,920,3,1,,,,,,,0,0
2865,2026-07-03T13:57:21.757233000Z,S1G Beacon,61,34,-66,920,3,1,,,,,,,0,0
2866,2026-07-03T13:57:22.578264000Z,S1G Beacon,129,34,-66,920,3,1,,,,,,,0,0
2867,2026-07-03T13:57:23.395690000Z,S1G Beacon,61,34,-68,920,3,1,,,,,,,0,0
2868,2026-07-03T13:57:23.704931000Z,QoS Data,132,34,-11,920,2,8,1,0,0,0,0,0,720,0
2871,2026-07-03T13:57:23.725172000Z,QoS Data,115,34,-17,920,2,8,1,0,0,0,0,0,720,0
2874,2026-07-03T13:57:23.777880000Z,QoS Data,112,34,-13,920,2,8,1,0,0,0,0,0,720,0
2877,2026-07-03T13:57:24.216715000Z,S1G Beacon,129,34,-67,920,3,1,,,,,,,0,0
2879,2026-07-03T13:57:25.034135000Z,S1G Beacon,61,34,-66,920,3,1,,,,,,,0,0
2881,2026-07-03T13:57:25.855158000Z,S1G Beacon,129,34,-67,920,3,1,,,,,,,0,0
2882,2026-07-03T13:57:26.672598000Z,S1G Beacon,61,34,-66,920,3,1,,,,,,,0,0
2883,2026-07-03T13:57:27.493613000Z,S1G Beacon,129,34,-65,920,3,1,,,,,,,0,0
2885,2026-07-03T13:57:28.311036000Z,S1G Beacon,61,34,-65,920,3,1,,,,,,,0,0
2886,2026-07-03T13:57:28.744559000Z,QoS Data,132,34,-15,920,2,8,1,0,0,0,0,0,720,0
2889,2026-07-03T13:57:28.759431000Z,QoS Data,115,34,-16,920,2,8,1,0,0,0,0,0,720,0
2892,2026-07-03T13:57:28.781544000Z,RTS,54,34,-14,920,1,11,,,,0,0,0,2880,0
2894,2026-07-03T13:57:28.783700000Z,QoS Data,112,34,-14,920,2,8,1,0,1,0,0,0,720,0
2897,2026-07-03T13:57:29.132064000Z,S1G Beacon,129,34,-68,920,3,1,,,,,,,0,0
2898,2026-07-03T13:57:29.949497000Z,S1G Beacon,61,34,-67,920,3,1,,,,,,,0,0
2900,2026-07-03T13:57:30.770527000Z,S1G Beacon,129,34,-66,920,3,1,,,,,,,0,0
2902,2026-07-03T13:57:32.408961000Z,S1G Beacon,129,34,-65,920,3,1,,,,,,,0,0
2903,2026-07-03T13:57:33.226381000Z,S1G Beacon,61,34,-66,920,3,1,,,,,,,0,0
2907,2026-07-03T13:57:33.784628000Z,QoS Data,115,34,-17,920,2,8,1,0,0,0,0,0,720,0
2910,2026-07-03T13:57:34.027057000Z,QoS Data,112,34,-15,920,2,8,1,0,0,0,0,0,720,0
2913,2026-07-03T13:57:34.047408000Z,S1G Beacon,129,34,-65,920,3,1,,,,,,,0,0
2914,2026-07-03T13:57:34.864832000Z,S1G Beacon,61,34,-66,920,3,1,,,,,,,0,0
2915,2026-07-03T13:57:35.685863000Z,S1G Beacon,129,34,-66,920,3,1,,,,,,,0,0
2916,2026-07-03T13:57:36.503281000Z,S1G Beacon,61,34,-67,920,3,1,,,,,,,0,0
2918,2026-07-03T13:57:37.324305000Z,S1G Beacon,129,34,-65,920,3,1,,,,,,,0,0
2920,2026-07-03T13:57:38.141728000Z,S1G Beacon,61,34,-65,920,3,1,,,,,,,0,0
2922,2026-07-03T13:57:38.811804000Z,QoS Data,115,34,-14,920,2,8,1,0,0,0,0,0,720,0
2925,2026-07-03T13:57:38.962751000Z,S1G Beacon,129,34,-65,920,3,1,,,,,,,0,0
2926,2026-07-03T13:57:39.027016000Z,QoS Data,112,34,-13,920,2,8,1,0,0,0,0,0,720,0
2931,2026-07-03T13:57:39.780172000Z,S1G Beacon,61,34,-65,920,3,1,,,,,,,0,0
2933,2026-07-03T13:57:40.601202000Z,S1G Beacon,129,34,-64,920,3,1,,,,,,,0,0
2938,2026-07-03T13:57:41.418621000Z,S1G Beacon,61,34,-65,920,3,1,,,,,,,0,0
2946,2026-07-03T13:57:42.239861000Z,S1G Beacon,129,34,-65,920,3,1,,,,,,,0,0
2950,2026-07-03T13:57:43.057078000Z,S1G Beacon,61,34,-65,920,3,1,,,,,,,0,0
2951,2026-07-03T13:57:43.824542000Z,QoS Data,132,34,-13,920,2,8,1,0,0,0,0,0,720,0
2955,2026-07-03T13:57:43.835309000Z,QoS Data,115,34,-14,920,2,8,1,0,0,0,0,0,720,0
2958,2026-07-03T13:57:43.878106000Z,S1G Beacon,129,34,-65,920,3,1,,,,,,,0,0
2959,2026-07-03T13:57:44.027057000Z,QoS Data,112,34,-12,920,2,8,1,0,0,0,0,0,720,0
2963,2026-07-03T13:57:44.695531000Z,S1G Beacon,61,34,-65,920,3,1,,,,,,,0,0
2964,2026-07-03T13:57:45.516565000Z,S1G Beacon,129,34,-65,920,3,1,,,,,,,0,0
2966,2026-07-03T13:57:46.334005000Z,S1G Beacon,61,34,-65,920,3,1,,,,,,,0,0
2968,2026-07-03T13:57:47.155022000Z,S1G Beacon,129,34,-67,920,3,1,,,,,,,0,0
2969,2026-07-03T13:57:47.972444000Z,S1G Beacon,61,34,-65,920,3,1,,,,,,,0,0
2970,2026-07-03T13:57:48.793460000Z,S1G Beacon,129,34,-64,920,3,1,,,,,,,0,0
2972,2026-07-03T13:57:48.844562000Z,QoS Data,132,34,-12,920,2,8,1,0,0,0,0,0,720,0
2975,2026-07-03T13:57:48.854690000Z,QoS Data,115,34,-15,920,2,8,1,0,0,0,0,0,720,0
2978,2026-07-03T13:57:49.027463000Z,QoS Data,112,34,-13,920,2,8,1,0,0,0,0,0,720,0
2981,2026-07-03T13:57:49.610879000Z,S1G Beacon,61,34,-66,920,3,1,,,,,,,0,0
2982,2026-07-03T13:57:50.431902000Z,S1G Beacon,129,34,-65,920,3,1,,,,,,,0,0
2983,2026-07-03T13:57:51.249335000Z,S1G Beacon,61,34,-64,920,3,1,,,,,,,0,0
2985,2026-07-03T13:57:52.070350000Z,S1G Beacon,129,34,-64,920,3,1,,,,,,,0,0
2986,2026-07-03T13:57:52.887784000Z,S1G Beacon,61,34,-66,920,3,1,,,,,,,0,0
2987,2026-07-03T13:57:53.708810000Z,S1G Beacon,129,34,-64,920,3,1,,,,,,,0,0
2988,2026-07-03T13:57:53.864946000Z,QoS Data,132,34,-11,920,2,8,1,0,0,0,0,0,720,0
2991,2026-07-03T13:57:53.874362000Z,QoS Data,115,34,-16,920,2,8,1,0,0,0,0,0,720,0
2995,2026-07-03T13:57:54.526226000Z,S1G Beacon,61,34,-64,920,3,1,,,,,,,0,0
2997,2026-07-03T13:57:55.347254000Z,S1G Beacon,129,34,-65,920,3,1,,,,,,,0,0
2998,2026-07-03T13:57:56.164678000Z,S1G Beacon,61,34,-67,920,3,1,,,,,,,0,0
2999,2026-07-03T13:57:56.985704000Z,S1G Beacon,129,34,-65,920,3,1,,,,,,,0,0
3000,2026-07-03T13:57:57.803123000Z,S1G Beacon,61,34,-72,920,3,1,,,,,,,0,0
3002,2026-07-03T13:57:58.624151000Z,S1G Beacon,129,34,-66,920,3,1,,,,,,,0,0
3003,2026-07-03T13:57:58.900418000Z,QoS Data,132,34,-13,920,2,8,1,0,0,0,0,0,720,0
3005,2026-07-03T13:57:58.913120000Z,QoS Data,115,34,-16,920,2,8,1,0,0,0,0,0,720,0
3008,2026-07-03T13:57:59.027477000Z,QoS Data,112,34,-11,920,2,8,1,0,0,0,0,0,720,0
3009,2026-07-03T13:57:59.031764000Z,QoS Data,112,34,-12,920,2,8,1,0,1,0,0,0,720,0
3012,2026-07-03T13:57:59.441574000Z,S1G Beacon,61,34,-66,920,3,1,,,,,,,0,0
3013,2026-07-03T13:58:00.262703000Z,S1G Beacon,129,34,-67,920,3,1,,,,,,,0,0
3016,2026-07-03T13:58:01.080034000Z,S1G Beacon,61,34,-66,920,3,1,,,,,,,0,0
3017,2026-07-03T13:58:01.901049000Z,S1G Beacon,129,34,-64,920,3,1,,,,,,,0,0
3031,2026-07-03T13:58:03.539497000Z,S1G Beacon,129,34,-66,920,3,1,,,,,,,0,0
3033,2026-07-03T13:58:03.925043000Z,QoS Data,132,34,-12,920,2,8,1,0,0,0,0,0,720,0
3036,2026-07-03T13:58:03.934280000Z,QoS Data,115,34,-16,920,2,8,1,0,0,0,0,0,720,0
3039,2026-07-03T13:58:04.027487000Z,QoS Data,112,34,-13,920,2,8,1,0,0,0,0,0,720,0
3042,2026-07-03T13:58:04.356921000Z,S1G Beacon,61,34,-66,920,3,1,,,,,,,0,0
3043,2026-07-03T13:58:05.177960000Z,S1G Beacon,129,34,-65,920,3,1,,,,,,,0,0
3044,2026-07-03T13:58:05.995379000Z,S1G Beacon,61,34,-65,920,3,1,,,,,,,0,0
3045,2026-07-03T13:58:06.816397000Z,S1G Beacon,129,34,-65,920,3,1,,,,,,,0,0
3048,2026-07-03T13:58:08.454850000Z,S1G Beacon,129,34,-65,920,3,1,,,,,,,0,0
3049,2026-07-03T13:58:08.945002000Z,QoS Data,132,34,-11,920,2,8,1,0,0,0,0,0,720,0
3052,2026-07-03T13:58:08.954383000Z,QoS Data,115,34,-17,920,2,8,1,0,0,0,0,0,720,0
3055,2026-07-03T13:58:09.027475000Z,QoS Data,112,34,-12,920,2,8,1,0,0,0,0,0,720,0
3058,2026-07-03T13:58:09.272270000Z,S1G Beacon,61,34,-63,920,3,1,,,,,,,0,0
3060,2026-07-03T13:58:10.093297000Z,S1G Beacon,129,34,-63,920,3,1,,,,,,,0,0
3061,2026-07-03T13:58:10.910723000Z,S1G Beacon,61,34,-63,920,3,1,,,,,,,0,0
3062,2026-07-03T13:58:11.731754000Z,S1G Beacon,129,34,-64,920,3,1,,,,,,,0,0
3063,2026-07-03T13:58:12.549171000Z,S1G Beacon,61,34,-65,920,3,1,,,,,,,0,0
3065,2026-07-03T13:58:13.370198000Z,S1G Beacon,129,34,-64,920,3,1,,,,,,,0,0
3067,2026-07-03T13:58:13.964990000Z,QoS Data,132,34,-10,920,2,8,1,0,0,0,0,0,720,0
3070,2026-07-03T13:58:13.974320000Z,QoS Data,115,34,-17,920,2,8,1,0,0,0,0,0,720,0
3073,2026-07-03T13:58:14.027446000Z,QoS Data,112,34,-9,920,2,8,1,0,0,0,0,0,720,0
3076,2026-07-03T13:58:14.187620000Z,S1G Beacon,61,34,-62,920,3,1,,,,,,,0,0
3077,2026-07-03T13:58:15.008653000Z,S1G Beacon,129,34,-62,920,3,1,,,,,,,0,0
3078,2026-07-03T13:58:15.826072000Z,S1G Beacon,61,34,-64,920,3,1,,,,,,,0,0
3080,2026-07-03T13:58:16.647116000Z,S1G Beacon,129,34,-63,920,3,1,,,,,,,0,0
3082,2026-07-03T13:58:17.082395000Z,QoS Data,72,34,-19,920,2,8,1,0,0,0,0,0,720,0
3084,2026-07-03T13:58:17.464544000Z,S1G Beacon,61,34,-66,920,3,1,,,,,,,0,0
3086,2026-07-03T13:58:18.285547000Z,S1G Beacon,129,34,-65,920,3,1,,,,,,,0,0
3087,2026-07-03T13:58:18.985041000Z,QoS Data,132,34,-11,920,2,8,1,0,0,0,0,0,720,0
3093,2026-07-03T13:58:19.102966000Z,S1G Beacon,61,34,-64,920,3,1,,,,,,,0,0
3094,2026-07-03T13:58:19.277376000Z,QoS Data,112,34,-12,920,2,8,1,0,0,0,0,0,720,0
3097,2026-07-03T13:58:19.924009000Z,S1G Beacon,129,34,-64,920,3,1,,,,,,,0,0
3098,2026-07-03T13:58:20.741430000Z,S1G Beacon,61,34,-66,920,3,1,,,,,,,0,0
3100,2026-07-03T13:58:21.562452000Z,S1G Beacon,129,34,-65,920,3,1,,,,,,,0,0
3103,2026-07-03T13:58:22.379870000Z,S1G Beacon,61,34,-65,920,3,1,,,,,,,0,0
3105,2026-07-03T13:58:23.200898000Z,S1G Beacon,129,34,-68,920,3,1,,,,,,,0,0
3113,2026-07-03T13:58:24.018331000Z,S1G Beacon,61,34,-64,920,3,1,,,,,,,0,0
3115,2026-07-03T13:58:24.036593000Z,QoS Data,132,34,-14,920,2,8,1,0,0,0,0,0,720,0
3118,2026-07-03T13:58:24.045872000Z,QoS Data,115,34,-17,920,2,8,1,0,0,0,0,0,720,0
3123,2026-07-03T13:58:24.277311000Z,QoS Data,112,34,-12,920,2,8,1,0,0,0,0,0,720,0
3128,2026-07-03T13:58:24.666573000Z,QoS Data,72,34,-12,920,2,8,1,0,0,0,0,0,720,0
3129,2026-07-03T13:58:24.669052000Z,RTS,54,34,-12,920,1,11,,,,0,0,0,2520,0
3131,2026-07-03T13:58:24.670853000Z,QoS Data,72,34,-11,920,2,8,1,0,1,0,0,0,720,0
3133,2026-07-03T13:58:24.839361000Z,S1G Beacon,129,34,-63,920,3,1,,,,,,,0,0
3135,2026-07-03T13:58:25.656772000Z,S1G Beacon,61,34,-62,920,3,1,,,,,,,0,0
3137,2026-07-03T13:58:26.477803000Z,S1G Beacon,129,34,-63,920,3,1,,,,,,,0,0
3139,2026-07-03T13:58:27.295227000Z,S1G Beacon,61,34,-63,920,3,1,,,,,,,0,0
3141,2026-07-03T13:58:28.116247000Z,S1G Beacon,129,34,-65,920,3,1,,,,,,,0,0
3142,2026-07-03T13:58:28.933673000Z,S1G Beacon,61,34,-66,920,3,1,,,,,,,0,0
3143,2026-07-03T13:58:29.055000000Z,QoS Data,132,34,-15,920,2,8,1,0,0,0,0,0,720,0
3146,2026-07-03T13:58:29.068054000Z,QoS Data,115,34,-26,920,2,8,1,0,0,0,0,0,720,0
3149,2026-07-03T13:58:29.277479000Z,QoS Data,112,34,-10,920,2,8,1,0,0,0,0,0,720,0
3152,2026-07-03T13:58:29.754705000Z,S1G Beacon,129,34,-62,920,3,1,,,,,,,0,0
3153,2026-07-03T13:58:30.572118000Z,S1G Beacon,61,34,-66,920,3,1,,,,,,,0,0
3155,2026-07-03T13:58:31.393150000Z,S1G Beacon,129,34,-63,920,3,1,,,,,,,0,0
3157,2026-07-03T13:58:32.210573000Z,S1G Beacon,61,34,-63,920,3,1,,,,,,,0,0
3158,2026-07-03T13:58:33.031605000Z,S1G Beacon,129,34,-62,920,3,1,,,,,,,0,0
3159,2026-07-03T13:58:33.849028000Z,S1G Beacon,61,34,-65,920,3,1,,,,,,,0,0
3160,2026-07-03T13:58:34.094647000Z,QoS Data,132,34,-9,920,2,8,1,0,0,0,0,0,720,0
3163,2026-07-03T13:58:34.107272000Z,QoS Data,115,34,-17,920,2,8,1,0,1,0,0,0,720,0
3167,2026-07-03T13:58:34.276971000Z,QoS Data,112,34,-9,920,2,8,1,0,0,0,0,0,720,0
3170,2026-07-03T13:58:34.670054000Z,S1G Beacon,129,34,-63,920,3,1,,,,,,,0,0
3171,2026-07-03T13:58:35.487479000Z,S1G Beacon,61,34,-65,920,3,1,,,,,,,0,0
3173,2026-07-03T13:58:36.308876000Z,S1G Beacon,129,34,-64,920,3,1,,,,,,,0,0
3175,2026-07-03T13:58:37.125926000Z,S1G Beacon,61,34,-63,920,3,1,,,,,,,0,0
3177,2026-07-03T13:58:37.946946000Z,S1G Beacon,129,34,-62,920,3,1,,,,,,,0,0
3178,2026-07-03T13:58:38.764367000Z,S1G Beacon,61,34,-63,920,3,1,,,,,,,0,0
3179,2026-07-03T13:58:39.124628000Z,QoS Data,132,34,-9,920,2,8,1,0,0,0,0,0,720,0
3182,2026-07-03T13:58:39.137248000Z,QoS Data,112,34,-17,920,2,8,1,0,0,0,0,0,720,0
3184,2026-07-03T13:58:39.139782000Z,QoS Data,115,34,-18,920,2,8,1,0,0,0,0,0,720,0
3186,2026-07-03T13:58:39.145716000Z,QoS Data,112,34,-66,920,2,8,0,0,1,0,0,0,720,0
3189,2026-07-03T13:58:39.281299000Z,QoS Data,112,34,-9,920,2,8,1,0,1,0,0,0,720,0
3192,2026-07-03T13:58:39.585400000Z,S1G Beacon,129,34,-64,920,3,1,,,,,,,0,0
3194,2026-07-03T13:58:40.402817000Z,S1G Beacon,61,34,-66,920,3,1,,,,,,,0,0
3195,2026-07-03T13:58:41.223848000Z,S1G Beacon,129,34,-66,920,3,1,,,,,,,0,0
3196,2026-07-03T13:58:42.041274000Z,S1G Beacon,61,34,-65,920,3,1,,,,,,,0,0
3197,2026-07-03T13:58:42.862290000Z,S1G Beacon,129,34,-65,920,3,1,,,,,,,0,0
3199,2026-07-03T13:58:43.679711000Z,S1G Beacon,61,34,-65,920,3,1,,,,,,,0,0
3200,2026-07-03T13:58:44.154624000Z,QoS Data,132,34,-12,920,2,8,1,0,0,0,0,0,720,0
3203,2026-07-03T13:58:44.164639000Z,QoS Data,115,34,-18,920,2,8,1,0,0,0,0,0,720,0
3204,2026-07-03T13:58:44.168376000Z,QoS Data,115,34,-18,920,2,8,1,0,1,0,0,0,720,0
3208,2026-07-03T13:58:44.276934000Z,QoS Data,112,34,-10,920,2,8,1,0,0,0,0,0,720,0
3213,2026-07-03T13:58:44.500741000Z,S1G Beacon,129,34,-63,920,3,1,,,,,,,0,0
3221,2026-07-03T13:58:45.318160000Z,S1G Beacon,61,34,-63,920,3,1,,,,,,,0,0
3224,2026-07-03T13:58:46.139221000Z,S1G Beacon,129,34,-64,920,3,1,,,,,,,0,0
3227,2026-07-03T13:58:46.956620000Z,S1G Beacon,61,34,-63,920,3,1,,,,,,,0,0
3228,2026-07-03T13:58:47.777646000Z,S1G Beacon,129,34,-63,920,3,1,,,,,,,0,0
3230,2026-07-03T13:58:48.595061000Z,S1G Beacon,61,34,-64,920,3,1,,,,,,,0,0
3231,2026-07-03T13:58:49.184659000Z,QoS Data,132,34,-12,920,2,8,1,0,0,0,0,0,720,0
3234,2026-07-03T13:58:49.197228000Z,QoS Data,115,34,-18,920,2,8,1,0,1,0,0,0,720,0
3238,2026-07-03T13:58:49.277661000Z,QoS Data,112,34,-12,920,2,8,1,0,0,0,0,0,720,0
3241,2026-07-03T13:58:49.416086000Z,S1G Beacon,129,34,-63,920,3,1,,,,,,,0,0
3242,2026-07-03T13:58:50.233526000Z,S1G Beacon,61,34,-65,920,3,1,,,,,,,0,0
3244,2026-07-03T13:58:51.054547000Z,S1G Beacon,129,34,-65,920,3,1,,,,,,,0,0
3245,2026-07-03T13:58:51.871960000Z,S1G Beacon,61,34,-66,920,3,1,,,,,,,0,0
3247,2026-07-03T13:58:52.692985000Z,S1G Beacon,129,34,-62,920,3,1,,,,,,,0,0
3248,2026-07-03T13:58:53.510424000Z,S1G Beacon,61,34,-63,920,3,1,,,,,,,0,0
3249,2026-07-03T13:58:54.204636000Z,QoS Data,132,34,-12,920,2,8,1,0,0,0,0,0,720,0
3252,2026-07-03T13:58:54.216527000Z,QoS Data,115,34,-18,920,2,8,1,0,1,0,0,0,720,0
3253,2026-07-03T13:58:54.219515000Z,RTS,54,34,-13,920,1,11,,,,0,0,0,2524,0
3255,2026-07-03T13:58:54.221317000Z,QoS Data,115,34,-15,920,2,8,1,0,1,0,0,0,720,0
3258,2026-07-03T13:58:54.277054000Z,QoS Data,112,34,-11,920,2,8,1,0,0,0,0,0,720,0
3261,2026-07-03T13:58:54.331436000Z,S1G Beacon,129,34,-65,920,3,1,,,,,,,0,0
3262,2026-07-03T13:58:55.148864000Z,S1G Beacon,61,34,-64,920,3,1,,,,,,,0,0
3264,2026-07-03T13:58:55.969890000Z,S1G Beacon,129,34,-62,920,3,1,,,,,,,0,0
3266,2026-07-03T13:58:56.787314000Z,S1G Beacon,61,34,-64,920,3,1,,,,,,,0,0
3267,2026-07-03T13:58:57.608336000Z,S1G Beacon,129,34,-62,920,3,1,,,,,,,0,0
3269,2026-07-03T13:58:58.425753000Z,S1G Beacon,61,34,-63,920,3,1,,,,,,,0,0
3270,2026-07-03T13:58:59.235044000Z,QoS Data,132,34,-10,920,2,8,1,0,0,0,0,0,720,0
3272,2026-07-03T13:58:59.246777000Z,S1G Beacon,129,34,-62,920,3,1,,,,,,,0,0
3274,2026-07-03T13:58:59.255967000Z,QoS Data,115,34,-17,920,2,8,1,0,0,0,0,0,720,0
3275,2026-07-03T13:58:59.258801000Z,RTS,54,34,-13,920,1,11,,,,0,0,0,2524,0
3277,2026-07-03T13:58:59.260601000Z,QoS Data,115,34,-16,920,2,8,1,0,1,0,0,0,720,0
3280,2026-07-03T13:58:59.277563000Z,QoS Data,112,34,-12,920,2,8,1,0,0,0,0,0,720,0
3283,2026-07-03T13:59:00.064213000Z,S1G Beacon,61,34,-63,920,3,1,,,,,,,0,0
3285,2026-07-03T13:59:01.702664000Z,S1G Beacon,61,34,-63,920,3,1,,,,,,,0,0
3286,2026-07-03T13:59:02.523739000Z,S1G Beacon,129,34,-64,920,3,1,,,,,,,0,0
3287,2026-07-03T13:59:03.341114000Z,S1G Beacon,61,34,-63,920,3,1,,,,,,,0,0
3288,2026-07-03T13:59:04.162135000Z,S1G Beacon,129,34,-61,920,3,1,,,,,,,0,0
3289,2026-07-03T13:59:04.275066000Z,QoS Data,132,34,-11,920,2,8,1,0,0,0,0,0,720,0
3292,2026-07-03T13:59:04.288021000Z,QoS Data,115,34,-16,920,2,8,1,0,0,0,0,0,720,0
3296,2026-07-03T13:59:04.527463000Z,QoS Data,112,34,-9,920,2,8,1,0,0,0,0,0,720,0
3298,2026-07-03T13:59:04.529754000Z,QoS Data,112,34,-63,920,2,8,0,0,0,0,0,0,720,0
3300,2026-07-03T13:59:04.979559000Z,S1G Beacon,61,34,-62,920,3,1,,,,,,,0,0
3307,2026-07-03T13:59:05.800588000Z,S1G Beacon,129,34,-63,920,3,1,,,,,,,0,0
3313,2026-07-03T13:59:06.618022000Z,S1G Beacon,61,34,-65,920,3,1,,,,,,,0,0
3315,2026-07-03T13:59:07.439038000Z,S1G Beacon,129,34,-63,920,3,1,,,,,,,0,0
3317,2026-07-03T13:59:08.256455000Z,S1G Beacon,61,34,-63,920,3,1,,,,,,,0,0
3319,2026-07-03T13:59:09.077490000Z,S1G Beacon,129,34,-63,920,3,1,,,,,,,0,0
3320,2026-07-03T13:59:09.305081000Z,QoS Data,132,34,-12,920,2,8,1,0,0,0,0,0,720,0
3322,2026-07-03T13:59:09.307795000Z,QoS Data,132,34,-66,920,2,8,0,0,0,0,0,0,720,0
3324,2026-07-03T13:59:09.315012000Z,QoS Data,115,34,-16,920,2,8,1,0,0,0,0,0,720,0
3327,2026-07-03T13:59:09.527535000Z,QoS Data,112,34,-10,920,2,8,1,0,0,0,0,0,720,0
3330,2026-07-03T13:59:09.894905000Z,S1G Beacon,61,34,-63,920,3,1,,,,,,,0,0
3331,2026-07-03T13:59:10.715936000Z,S1G Beacon,129,34,-62,920,3,1,,,,,,,0,0
3332,2026-07-03T13:59:11.533359000Z,S1G Beacon,61,34,-64,920,3,1,,,,,,,0,0
3333,2026-07-03T13:59:12.354390000Z,S1G Beacon,129,34,-62,920,3,1,,,,,,,0,0
3335,2026-07-03T13:59:13.171805000Z,S1G Beacon,61,34,-62,920,3,1,,,,,,,0,0
3337,2026-07-03T13:59:13.992830000Z,S1G Beacon,129,34,-63,920,3,1,,,,,,,0,0
3338,2026-07-03T13:59:14.325139000Z,QoS Data,132,34,-11,920,2,8,1,0,0,0,0,0,720,0
3340,2026-07-03T13:59:14.327699000Z,QoS Data,132,34,-64,920,2,8,0,0,0,0,0,0,720,0
3343,2026-07-03T13:59:14.527554000Z,QoS Data,112,34,-10,920,2,8,1,0,0,0,0,0,720,0
3345,2026-07-03T13:59:14.530172000Z,QoS Data,112,34,-65,920,2,8,0,0,0,0,0,0,720,0
3347,2026-07-03T13:59:14.810258000Z,S1G Beacon,61,34,-61,920,3,1,,,,,,,0,0
3348,2026-07-03T13:59:15.631286000Z,S1G Beacon,129,34,-66,920,3,1,,,,,,,0,0
3349,2026-07-03T13:59:16.448729000Z,S1G Beacon,61,34,-65,920,3,1,,,,,,,0,0
3351,2026-07-03T13:59:17.269756000Z,S1G Beacon,129,34,-65,920,3,1,,,,,,,0,0
3352,2026-07-03T13:59:18.087174000Z,S1G Beacon,61,34,-63,920,3,1,,,,,,,0,0
3354,2026-07-03T13:59:18.908193000Z,S1G Beacon,129,34,-64,920,3,1,,,,,,,0,0
3355,2026-07-03T13:59:19.345115000Z,QoS Data,132,34,-10,920,2,8,1,0,0,0,0,0,720,0
3357,2026-07-03T13:59:19.354318000Z,QoS Data,132,34,-65,920,2,8,0,0,1,0,0,0,720,0
3358,2026-07-03T13:59:19.361429000Z,QoS Data,115,34,-25,920,2,8,1,0,0,0,0,0,720,0
3362,2026-07-03T13:59:19.527479000Z,QoS Data,112,34,-11,920,2,8,1,0,0,0,0,0,720,0
3363,2026-07-03T13:59:19.530485000Z,QoS Data,112,34,-10,920,2,8,1,0,1,0,0,0,720,0
3366,2026-07-03T13:59:19.725612000Z,S1G Beacon,61,34,-65,920,3,1,,,,,,,0,0
3367,2026-07-03T13:59:20.546638000Z,S1G Beacon,129,34,-64,920,3,1,,,,,,,0,0
3368,2026-07-03T13:59:21.364070000Z,S1G Beacon,61,34,-64,920,3,1,,,,,,,0,0
3369,2026-07-03T13:59:22.185292000Z,S1G Beacon,129,34,-64,920,3,1,,,,,,,0,0
3371,2026-07-03T13:59:23.002504000Z,S1G Beacon,61,34,-64,920,3,1,,,,,,,0,0
3372,2026-07-03T13:59:23.823546000Z,S1G Beacon,129,34,-64,920,3,1,,,,,,,0,0
3373,2026-07-03T13:59:24.375099000Z,QoS Data,132,34,-10,920,2,8,1,0,0,0,0,0,720,0
3377,2026-07-03T13:59:24.527666000Z,QoS Data,112,34,-9,920,2,8,1,0,0,0,0,0,720,0
3380,2026-07-03T13:59:24.640954000Z,S1G Beacon,61,34,-63,920,3,1,,,,,,,0,0
3381,2026-07-03T13:59:25.462092000Z,S1G Beacon,129,34,-64,920,3,1,,,,,,,0,0
3385,2026-07-03T13:59:26.279410000Z,S1G Beacon,61,34,-64,920,3,1,,,,,,,0,0
3395,2026-07-03T13:59:27.100438000Z,S1G Beacon,129,34,-65,920,3,1,,,,,,,0,0
3400,2026-07-03T13:59:27.917858000Z,S1G Beacon,61,34,-65,920,3,1,,,,,,,0,0
3402,2026-07-03T13:59:28.738879000Z,S1G Beacon,129,34,-64,920,3,1,,,,,,,0,0
3403,2026-07-03T13:59:29.435120000Z,QoS Data,132,34,-10,920,2,8,1,0,0,0,0,0,720,0
3405,2026-07-03T13:59:29.437957000Z,QoS Data,132,34,-66,920,2,8,0,0,0,0,0,0,720,0
3409,2026-07-03T13:59:30.377341000Z,S1G Beacon,129,34,-63,920,3,1,,,,,,,0,0
3411,2026-07-03T13:59:31.194755000Z,S1G Beacon,61,34,-63,920,3,1,,,,,,,0,0
3413,2026-07-03T13:59:32.015781000Z,S1G Beacon,129,34,-62,920,3,1,,,,,,,0,0
3414,2026-07-03T13:59:32.833209000Z,S1G Beacon,61,34,-63,920,3,1,,,,,,,0,0
3415,2026-07-03T13:59:33.654237000Z,S1G Beacon,129,34,-64,920,3,1,,,,,,,0,0
3417,2026-07-03T13:59:34.455129000Z,QoS Data,132,34,-10,920,2,8,1,0,0,0,0,0,720,0
3419,2026-07-03T13:59:34.458126000Z,QoS Data,132,34,-64,920,2,8,0,0,0,0,0,0,720,0
3421,2026-07-03T13:59:34.465286000Z,QoS Data,115,34,-19,920,2,8,1,0,0,0,0,0,720,0
3423,2026-07-03T13:59:34.471651000Z,S1G Beacon,61,34,-63,920,3,1,,,,,,,0,0
3425,2026-07-03T13:59:34.527586000Z,QoS Data,112,34,-9,920,2,8,1,0,0,0,0,0,720,0
3431,2026-07-03T13:59:35.292688000Z,S1G Beacon,129,34,-63,920,3,1,,,,,,,0,0
3432,2026-07-03T13:59:36.110117000Z,S1G Beacon,61,34,-63,920,3,1,,,,,,,0,0
3433,2026-07-03T13:59:36.931142000Z,S1G Beacon,129,34,-65,920,3,1,,,,,,,0,0
3435,2026-07-03T13:59:37.748547000Z,S1G Beacon,61,34,-63,920,3,1,,,,,,,0,0
3436,2026-07-03T13:59:38.569582000Z,S1G Beacon,129,34,-63,920,3,1,,,,,,,0,0
3437,2026-07-03T13:59:39.387009000Z,S1G Beacon,61,34,-61,920,3,1,,,,,,,0,0
3438,2026-07-03T13:59:39.485139000Z,QoS Data,132,34,-10,920,2,8,1,0,0,0,0,0,720,0
3440,2026-07-03T13:59:39.487698000Z,QoS Data,132,34,-65,920,2,8,0,0,0,0,0,0,720,0
3441,2026-07-03T13:59:39.491774000Z,QoS Data,132,34,-64,920,2,8,0,0,1,0,0,0,720,0
3443,2026-07-03T13:59:39.498773000Z,QoS Data,115,34,-18,920,2,8,1,0,0,0,0,0,720,0
3446,2026-07-03T13:59:39.527657000Z,QoS Data,112,34,-9,920,2,8,1,0,0,0,0,0,720,0
3448,2026-07-03T13:59:39.530549000Z,QoS Data,112,34,-63,920,2,8,0,0,0,0,0,0,720,0
3450,2026-07-03T13:59:40.208043000Z,S1G Beacon,129,34,-63,920,3,1,,,,,,,0,0
3453,2026-07-03T13:59:41.025460000Z,S1G Beacon,61,34,-63,920,3,1,,,,,,,0,0
3455,2026-07-03T13:59:41.846490000Z,S1G Beacon,129,34,-65,920,3,1,,,,,,,0,0
3456,2026-07-03T13:59:42.663906000Z,S1G Beacon,61,34,-63,920,3,1,,,,,,,0,0
3457,2026-07-03T13:59:43.484937000Z,S1G Beacon,129,34,-64,920,3,1,,,,,,,0,0
3459,2026-07-03T13:59:44.302356000Z,S1G Beacon,61,34,-65,920,3,1,,,,,,,0,0
3460,2026-07-03T13:59:44.514795000Z,QoS Data,132,34,-11,920,2,8,1,0,0,0,0,0,720,0
3462,2026-07-03T13:59:44.517687000Z,QoS Data,132,34,-66,920,2,8,0,0,0,0,0,0,720,0
3466,2026-07-03T13:59:44.777148000Z,QoS Data,112,34,-10,920,2,8,1,0,0,0,0,0,720,0
3469,2026-07-03T13:59:45.123381000Z,S1G Beacon,129,34,-64,920,3,1,,,,,,,0,0
3470,2026-07-03T13:59:45.940810000Z,S1G Beacon,61,34,-65,920,3,1,,,,,,,0,0
3473,2026-07-03T13:59:46.761829000Z,S1G Beacon,129,34,-63,920,3,1,,,,,,,0,0
3478,2026-07-03T13:59:47.579253000Z,S1G Beacon,61,34,-65,920,3,1,,,,,,,0,0
3487,2026-07-03T13:59:48.400284000Z,S1G Beacon,129,34,-63,920,3,1,,,,,,,0,0
3489,2026-07-03T13:59:49.217707000Z,S1G Beacon,61,34,-65,920,3,1,,,,,,,0,0
3490,2026-07-03T13:59:49.534840000Z,QoS Data,132,34,-10,920,2,8,1,0,0,0,0,0,720,0
3491,2026-07-03T13:59:49.538665000Z,QoS Data,132,34,-10,920,2,8,1,0,1,0,0,0,720,0
3494,2026-07-03T13:59:49.548300000Z,QoS Data,115,34,-19,920,2,8,1,0,0,0,0,0,720,0
3498,2026-07-03T13:59:49.777034000Z,QoS Data,112,34,-10,920,2,8,1,0,0,0,0,0,720,0
3500,2026-07-03T13:59:49.779363000Z,QoS Data,112,34,-66,920,2,8,0,0,0,0,0,0,720,0
3502,2026-07-03T13:59:50.038729000Z,S1G Beacon,129,34,-62,920,3,1,,,,,,,0,0
3503,2026-07-03T13:59:51.677182000Z,S1G Beacon,129,34,-62,920,3,1,,,,,,,0,0
3505,2026-07-03T13:59:53.315633000Z,S1G Beacon,129,34,-65,920,3,1,,,,,,,0,0
3506,2026-07-03T13:59:54.133060000Z,S1G Beacon,61,34,-65,920,3,1,,,,,,,0,0
3507,2026-07-03T13:59:54.564753000Z,QoS Data,132,34,-10,920,2,8,1,0,0,0,0,0,720,0
3510,2026-07-03T13:59:54.574124000Z,QoS Data,115,34,-17,920,2,8,1,0,0,0,0,0,720,0
3511,2026-07-03T13:59:54.577414000Z,QoS Data,115,34,-17,920,2,8,1,0,1,0,0,0,720,0
3514,2026-07-03T13:59:54.777163000Z,QoS Data,112,34,-10,920,2,8,1,0,0,0,0,0,720,0
3517,2026-07-03T13:59:54.954075000Z,S1G Beacon,129,34,-65,920,3,1,,,,,,,0,0
3518,2026-07-03T13:59:55.771502000Z,S1G Beacon,61,34,-65,920,3,1,,,,,,,0,0
3520,2026-07-03T13:59:56.592530000Z,S1G Beacon,129,34,-65,920,3,1,,,,,,,0,0
3521,2026-07-03T13:59:57.409952000Z,S1G Beacon,61,34,-65,920,3,1,,,,,,,0,0
3522,2026-07-03T13:59:58.231349000Z,S1G Beacon,129,34,-64,920,3,1,,,,,,,0,0
3524,2026-07-03T13:59:59.048398000Z,S1G Beacon,61,34,-63,920,3,1,,,,,,,0,0
3525,2026-07-03T13:59:59.594764000Z,QoS Data,132,34,-10,920,2,8,1,0,0,0,0,0,720,0
3534,2026-07-03T13:59:59.791149000Z,QoS Data,112,34,-10,920,2,8,1,0,1,0,0,0,720,0
3540,2026-07-03T13:59:59.869419000Z,S1G Beacon,129,34,-65,920,3,1,,,,,,,0,0
3541,2026-07-03T14:00:00.686847000Z,S1G Beacon,61,34,-65,920,3,1,,,,,,,0,0
3542,2026-07-03T14:00:01.507869000Z,S1G Beacon,129,34,-66,920,3,1,,,,,,,0,0
3544,2026-07-03T14:00:02.325295000Z,S1G Beacon,61,34,-65,920,3,1,,,,,,,0,0
3545,2026-07-03T14:00:03.146327000Z,S1G Beacon,129,34,-64,920,3,1,,,,,,,0,0
3546,2026-07-03T14:00:03.963749000Z,S1G Beacon,61,34,-63,920,3,1,,,,,,,0,0
3548,2026-07-03T14:00:04.624757000Z,QoS Data,132,34,-9,920,2,8,1,0,0,0,0,0,720,0
3551,2026-07-03T14:00:04.633554000Z,QoS Data,115,34,-17,920,2,8,1,0,0,0,0,0,720,0
3554,2026-07-03T14:00:04.777190000Z,QoS Data,112,34,-9,920,2,8,1,0,0,0,0,0,720,0
3557,2026-07-03T14:00:04.784766000Z,S1G Beacon,129,34,-64,920,3,1,,,,,,,0,0
3560,2026-07-03T14:00:05.602188000Z,S1G Beacon,61,34,-63,920,3,1,,,,,,,0,0
3562,2026-07-03T14:00:06.423228000Z,S1G Beacon,129,34,-62,920,3,1,,,,,,,0,0
3563,2026-07-03T14:00:07.240646000Z,S1G Beacon,61,34,-64,920,3,1,,,,,,,0,0
3565,2026-07-03T14:00:08.061680000Z,S1G Beacon,129,34,-63,920,3,1,,,,,,,0,0
3572,2026-07-03T14:00:08.879092000Z,S1G Beacon,61,34,-64,920,3,1,,,,,,,0,0
3579,2026-07-03T14:00:09.645153000Z,QoS Data,132,34,-10,920,2,8,1,0,0,0,0,0,720,0
3582,2026-07-03T14:00:09.654306000Z,QoS Data,115,34,-17,920,2,8,1,0,0,0,0,0,720,0
3585,2026-07-03T14:00:09.700120000Z,S1G Beacon,129,34,-64,920,3,1,,,,,,,0,0
3587,2026-07-03T14:00:10.517548000Z,S1G Beacon,61,34,-63,920,3,1,,,,,,,0,0
3590,2026-07-03T14:00:11.338568000Z,S1G Beacon,129,34,-65,920,3,1,,,,,,,0,0
3591,2026-07-03T14:00:12.155994000Z,S1G Beacon,61,34,-63,920,3,1,,,,,,,0,0
3592,2026-07-03T14:00:12.977015000Z,S1G Beacon,129,34,-62,920,3,1,,,,,,,0,0
3593,2026-07-03T14:00:13.794442000Z,S1G Beacon,61,34,-63,920,3,1,,,,,,,0,0
3595,2026-07-03T14:00:14.615472000Z,S1G Beacon,129,34,-65,920,3,1,,,,,,,0,0
3599,2026-07-03T14:00:14.687768000Z,RTS,54,34,-10,920,1,11,,,,0,0,0,3080,0
3601,2026-07-03T14:00:14.690126000Z,QoS Data,132,34,-10,920,2,8,1,0,1,0,0,0,720,0
3606,2026-07-03T14:00:14.699690000Z,QoS Data,115,34,-18,920,2,8,1,0,0,0,0,0,720,0
3610,2026-07-03T14:00:14.777648000Z,QoS Data,112,34,-10,920,2,8,1,0,0,0,0,0,720,0
3613,2026-07-03T14:00:15.432887000Z,S1G Beacon,61,34,-63,920,3,1,,,,,,,0,0
3614,2026-07-03T14:00:16.253939000Z,S1G Beacon,129,34,-65,920,3,1,,,,,,,0,0
3616,2026-07-03T14:00:17.071345000Z,S1G Beacon,61,34,-66,920,3,1,,,,,,,0,0
3618,2026-07-03T14:00:18.709794000Z,S1G Beacon,61,34,-65,920,3,1,,,,,,,0,0
3619,2026-07-03T14:00:19.530822000Z,S1G Beacon,129,34,-64,920,3,1,,,,,,,0,0
3620,2026-07-03T14:00:19.718931000Z,QoS Data,132,34,-9,920,2,8,1,0,1,0,0,0,720,0
3623,2026-07-03T14:00:19.727717000Z,QoS Data,115,34,-18,920,2,8,1,0,0,0,0,0,720,0
3626,2026-07-03T14:00:19.777557000Z,QoS Data,112,34,-10,920,2,8,1,0,0,0,0,0,720,0
3630,2026-07-03T14:00:20.348242000Z,S1G Beacon,61,34,-65,920,3,1,,,,,,,0,0
3631,2026-07-03T14:00:21.169273000Z,S1G Beacon,129,34,-65,920,3,1,,,,,,,0,0
3634,2026-07-03T14:00:21.986691000Z,S1G Beacon,61,34,-65,920,3,1,,,,,,,0,0
3635,2026-07-03T14:00:22.807729000Z,S1G Beacon,129,34,-66,920,3,1,,,,,,,0,0
3637,2026-07-03T14:00:23.625146000Z,S1G Beacon,61,34,-66,920,3,1,,,,,,,0,0
3638,2026-07-03T14:00:24.446176000Z,S1G Beacon,129,34,-66,920,3,1,,,,,,,0,0
3639,2026-07-03T14:00:24.760079000Z,QoS Data,132,34,-10,920,2,8,1,0,0,0,0,0,720,0
3642,2026-07-03T14:00:24.768938000Z,QoS Data,115,34,-17,920,2,8,1,0,0,0,0,0,720,0
3645,2026-07-03T14:00:25.027640000Z,QoS Data,112,34,-11,920,2,8,1,0,0,0,0,0,720,0
3648,2026-07-03T14:00:25.263662000Z,S1G Beacon,61,34,-66,920,3,1,,,,,,,0,0
3651,2026-07-03T14:00:26.084621000Z,S1G Beacon,129,34,-65,920,3,1,,,,,,,0,0
3652,2026-07-03T14:00:26.902056000Z,S1G Beacon,61,34,-66,920,3,1,,,,,,,0,0
3653,2026-07-03T14:00:27.723084000Z,S1G Beacon,129,34,-65,920,3,1,,,,,,,0,0
3654,2026-07-03T14:00:28.540495000Z,S1G Beacon,61,34,-65,920,3,1,,,,,,,0,0
3658,2026-07-03T14:00:29.361524000Z,S1G Beacon,129,34,-65,920,3,1,,,,,,,0,0
3663,2026-07-03T14:00:29.785326000Z,QoS Data,132,34,-10,920,2,8,1,0,0,0,0,0,720,0
3666,2026-07-03T14:00:29.798287000Z,QoS Data,115,34,-18,920,2,8,1,0,1,0,0,0,720,0
3674,2026-07-03T14:00:30.178937000Z,S1G Beacon,61,34,-66,920,3,1,,,,,,,0,0
3678,2026-07-03T14:00:30.999976000Z,S1G Beacon,129,34,-64,920,3,1,,,,,,,0,0
3679,2026-07-03T14:00:31.817395000Z,S1G Beacon,61,34,-65,920,3,1,,,,,,,0,0
3681,2026-07-03T14:00:32.638420000Z,S1G Beacon,129,34,-65,920,3,1,,,,,,,0,0
3682,2026-07-03T14:00:33.455846000Z,S1G Beacon,61,34,-64,920,3,1,,,,,,,0,0
3684,2026-07-03T14:00:34.276870000Z,S1G Beacon,129,34,-64,920,3,1,,,,,,,0,0
3685,2026-07-03T14:00:34.815212000Z,QoS Data,132,34,-10,920,2,8,1,0,0,0,0,0,720,0
3688,2026-07-03T14:00:34.828235000Z,QoS Data,115,34,-17,920,2,8,1,0,1,0,0,0,720,0
3691,2026-07-03T14:00:35.027695000Z,QoS Data,112,34,-10,920,2,8,1,0,0,0,0,0,720,0
3694,2026-07-03T14:00:35.094291000Z,S1G Beacon,61,34,-65,920,3,1,,,,,,,0,0
3696,2026-07-03T14:00:35.915324000Z,S1G Beacon,129,34,-66,920,3,1,,,,,,,0,0
3697,2026-07-03T14:00:36.732743000Z,S1G Beacon,61,34,-64,920,3,1,,,,,,,0,0
3698,2026-07-03T14:00:37.553773000Z,S1G Beacon,129,34,-65,920,3,1,,,,,,,0,0
3701,2026-07-03T14:00:38.371181000Z,S1G Beacon,61,34,-65,920,3,1,,,,,,,0,0
3702,2026-07-03T14:00:39.192222000Z,S1G Beacon,129,34,-64,920,3,1,,,,,,,0,0
3703,2026-07-03T14:00:39.845189000Z,QoS Data,132,34,-9,920,2,8,1,0,0,0,0,0,720,0
3706,2026-07-03T14:00:39.854447000Z,QoS Data,115,34,-17,920,2,8,1,0,0,0,0,0,720,0
3709,2026-07-03T14:00:40.009631000Z,S1G Beacon,61,34,-64,920,3,1,,,,,,,0,0
3710,2026-07-03T14:00:40.027677000Z,QoS Data,112,34,-10,920,2,8,1,0,0,0,0,0,720,0
3713,2026-07-03T14:00:40.830666000Z,S1G Beacon,129,34,-63,920,3,1,,,,,,,0,0
3715,2026-07-03T14:00:41.648657000Z,S1G Beacon,61,34,-65,920,3,1,,,,,,,0,0
3716,2026-07-03T14:00:42.469118000Z,S1G Beacon,129,34,-63,920,3,1,,,,,,,0,0
3717,2026-07-03T14:00:43.286534000Z,S1G Beacon,61,34,-63,920,3,1,,,,,,,0,0
3718,2026-07-03T14:00:44.107563000Z,S1G Beacon,129,34,-64,920,3,1,,,,,,,0,0
3720,2026-07-03T14:00:44.865201000Z,QoS Data,132,34,-10,920,2,8,1,0,0,0,0,0,720,0
3724,2026-07-03T14:00:44.924983000Z,S1G Beacon,61,34,-63,920,3,1,,,,,,,0,0
3725,2026-07-03T14:00:45.027678000Z,QoS Data,112,34,-10,920,2,8,1,0,0,0,0,0,720,0
3728,2026-07-03T14:00:45.746015000Z,S1G Beacon,129,34,-63,920,3,1,,,,,,,0,0
3731,2026-07-03T14:00:46.563442000Z,S1G Beacon,61,34,-63,920,3,1,,,,,,,0,0
3733,2026-07-03T14:00:47.384465000Z,S1G Beacon,129,34,-63,920,3,1,,,,,,,0,0
3734,2026-07-03T14:00:48.201896000Z,S1G Beacon,61,34,-63,920,3,1,,,,,,,0,0
3735,2026-07-03T14:00:49.022919000Z,S1G Beacon,129,34,-63,920,3,1,,,,,,,0,0
3736,2026-07-03T14:00:49.840335000Z,S1G Beacon,61,34,-64,920,3,1,,,,,,,0,0
3737,2026-07-03T14:00:49.885407000Z,QoS Data,132,34,-10,920,2,8,1,0,0,0,0,0,720,0
3742,2026-07-03T14:00:50.027548000Z,QoS Data,112,34,-10,920,2,8,1,0,0,0,0,0,720,0
3751,2026-07-03T14:00:50.661357000Z,S1G Beacon,129,34,-63,920,3,1,,,,,,,0,0
3762,2026-07-03T14:00:51.478782000Z,S1G Beacon,61,34,-64,920,3,1,,,,,,,0,0
3764,2026-07-03T14:00:52.299812000Z,S1G Beacon,129,34,-65,920,3,1,,,,,,,0,0
3765,2026-07-03T14:00:53.117250000Z,S1G Beacon,61,34,-65,920,3,1,,,,,,,0,0
3768,2026-07-03T14:00:53.938272000Z,S1G Beacon,129,34,-65,920,3,1,,,,,,,0,0
3769,2026-07-03T14:00:54.755688000Z,S1G Beacon,61,34,-63,920,3,1,,,,,,,0,0
3772,2026-07-03T14:00:54.913886000Z,QoS Data,115,34,-16,920,2,8,1,0,0,0,0,0,720,0
3775,2026-07-03T14:00:55.027287000Z,QoS Data,112,34,-10,920,2,8,1,0,0,0,0,0,720,0
3779,2026-07-03T14:00:55.576713000Z,S1G Beacon,129,34,-65,920,3,1,,,,,,,0,0
3783,2026-07-03T14:00:56.394127000Z,S1G Beacon,61,34,-67,920,3,1,,,,,,,0,0
3785,2026-07-03T14:00:57.215156000Z,S1G Beacon,129,34,-66,920,3,1,,,,,,,0,0
3786,2026-07-03T14:00:58.032591000Z,S1G Beacon,61,34,-67,920,3,1,,,,,,,0,0
3787,2026-07-03T14:00:58.853620000Z,S1G Beacon,129,34,-65,920,3,1,,,,,,,0,0
3791,2026-07-03T14:00:59.671034000Z,S1G Beacon,61,34,-66,920,3,1,,,,,,,0,0
3792,2026-07-03T14:00:59.924860000Z,QoS Data,132,34,-10,920,2,8,1,0,0,0,0,0,720,0
3795,2026-07-03T14:00:59.934470000Z,QoS Data,115,34,-17,920,2,8,1,0,0,0,0,0,720,0
3799,2026-07-03T14:01:00.492070000Z,S1G Beacon,129,34,-64,920,3,1,,,,,,,0,0
3800,2026-07-03T14:01:01.309485000Z,S1G Beacon,61,34,-65,920,3,1,,,,,,,0,0
3801,2026-07-03T14:01:02.130518000Z,S1G Beacon,129,34,-65,920,3,1,,,,,,,0,0
3803,2026-07-03T14:01:02.947941000Z,S1G Beacon,61,34,-64,920,3,1,,,,,,,0,0
3805,2026-07-03T14:01:03.768960000Z,S1G Beacon,129,34,-65,920,3,1,,,,,,,0,0
3806,2026-07-03T14:01:04.586391000Z,S1G Beacon,61,34,-66,920,3,1,,,,,,,0,0
3807,2026-07-03T14:01:04.944812000Z,QoS Data,132,34,-10,920,2,8,1,0,0,0,0,0,720,0
3810,2026-07-03T14:01:04.954498000Z,QoS Data,115,34,-17,920,2,8,1,0,0,0,0,0,720,0
3813,2026-07-03T14:01:05.027294000Z,QoS Data,112,34,-9,920,2,8,1,0,0,0,0,0,720,0
3817,2026-07-03T14:01:05.407413000Z,S1G Beacon,129,34,-65,920,3,1,,,,,,,0,0
3819,2026-07-03T14:01:06.224844000Z,S1G Beacon,61,34,-65,920,3,1,,,,,,,0,0
3820,2026-07-03T14:01:07.045865000Z,S1G Beacon,129,34,-65,920,3,1,,,,,,,0,0
3821,2026-07-03T14:01:07.863295000Z,S1G Beacon,61,34,-66,920,3,1,,,,,,,0,0
3823,2026-07-03T14:01:08.684307000Z,S1G Beacon,129,34,-65,920,3,1,,,,,,,0,0
3824,2026-07-03T14:01:09.501734000Z,S1G Beacon,61,34,-66,920,3,1,,,,,,,0,0
3825,2026-07-03T14:01:09.974832000Z,QoS Data,132,34,-10,920,2,8,1,0,0,0,0,0,720,0
3828,2026-07-03T14:01:09.983974000Z,QoS Data,115,34,-18,920,2,8,1,0,0,0,0,0,720,0
3831,2026-07-03T14:01:10.027300000Z,QoS Data,112,34,-10,920,2,8,1,0,0,0,0,0,720,0
3834,2026-07-03T14:01:10.322756000Z,S1G Beacon,129,34,-66,920,3,1,,,,,,,0,0
3835,2026-07-03T14:01:11.140178000Z,S1G Beacon,61,34,-68,920,3,1,,,,,,,0,0
3844,2026-07-03T14:01:11.961211000Z,S1G Beacon,129,34,-66,920,3,1,,,,,,,0,0
3850,2026-07-03T14:01:12.778631000Z,S1G Beacon,61,34,-66,920,3,1,,,,,,,0,0
3851,2026-07-03T14:01:13.599661000Z,S1G Beacon,129,34,-66,920,3,1,,,,,,,0,0
3852,2026-07-03T14:01:14.417076000Z,S1G Beacon,61,34,-66,920,3,1,,,,,,,0,0
3855,2026-07-03T14:01:14.994858000Z,QoS Data,132,34,-8,920,2,8,1,0,0,0,0,0,720,0
3858,2026-07-03T14:01:15.006956000Z,QoS Data,115,34,-16,920,2,8,1,0,0,0,0,0,720,0
3861,2026-07-03T14:01:15.027786000Z,QoS Data,112,34,-11,920,2,8,1,0,0,0,0,0,720,0
3862,2026-07-03T14:01:15.030635000Z,RTS,54,34,-10,920,1,11,,,,0,0,0,2880,0
3864,2026-07-03T14:01:15.032791000Z,QoS Data,112,34,-9,920,2,8,1,0,1,0,0,0,720,0
3867,2026-07-03T14:01:15.238104000Z,S1G Beacon,129,34,-68,920,3,1,,,,,,,0,0
3869,2026-07-03T14:01:16.055530000Z,S1G Beacon,61,34,-67,920,3,1,,,,,,,0,0
3870,2026-07-03T14:01:16.876568000Z,S1G Beacon,129,34,-66,920,3,1,,,,,,,0,0
3872,2026-07-03T14:01:17.693987000Z,S1G Beacon,61,34,-68,920,3,1,,,,,,,0,0
3874,2026-07-03T14:01:18.515017000Z,S1G Beacon,129,34,-68,920,3,1,,,,,,,0,0
3876,2026-07-03T14:01:19.332429000Z,S1G Beacon,61,34,-66,920,3,1,,,,,,,0,0
3877,2026-07-03T14:01:20.015262000Z,QoS Data,132,34,-10,920,2,8,1,0,0,0,0,0,720,0
3881,2026-07-03T14:01:20.277646000Z,QoS Data,112,34,-10,920,2,8,1,0,0,0,0,0,720,0
3886,2026-07-03T14:01:20.970877000Z,S1G Beacon,61,34,-65,920,3,1,,,,,,,0,0
3887,2026-07-03T14:01:21.791911000Z,S1G Beacon,129,34,-64,920,3,1,,,,,,,0,0
3888,2026-07-03T14:01:22.609326000Z,S1G Beacon,61,34,-63,920,3,1,,,,,,,0,0
3889,2026-07-03T14:01:23.430365000Z,S1G Beacon,129,34,-63,920,3,1,,,,,,,0,0
3891,2026-07-03T14:01:24.247784000Z,S1G Beacon,61,34,-63,920,3,1,,,,,,,0,0
3892,2026-07-03T14:01:25.035417000Z,QoS Data,132,34,-11,920,2,8,1,0,0,0,0,0,720,0
3896,2026-07-03T14:01:25.068797000Z,S1G Beacon,129,34,-65,920,3,1,,,,,,,0,0
3898,2026-07-03T14:01:25.277696000Z,QoS Data,112,34,-10,920,2,8,1,0,0,0,0,0,720,0
3902,2026-07-03T14:01:25.886226000Z,S1G Beacon,61,34,-66,920,3,1,,,,,,,0,0
3904,2026-07-03T14:01:26.707250000Z,S1G Beacon,129,34,-62,920,3,1,,,,,,,0,0
3905,2026-07-03T14:01:27.524679000Z,S1G Beacon,61,34,-65,920,3,1,,,,,,,0,0
3906,2026-07-03T14:01:28.345708000Z,S1G Beacon,129,34,-65,920,3,1,,,,,,,0,0
3907,2026-07-03T14:01:29.163134000Z,S1G Beacon,61,34,-63,920,3,1,,,,,,,0,0
3910,2026-07-03T14:01:30.105268000Z,QoS Data,132,34,-10,920,2,8,1,0,0,0,0,0,720,0
3913,2026-07-03T14:01:30.116929000Z,QoS Data,115,34,-16,920,2,8,1,0,0,0,0,0,720,0
3914,2026-07-03T14:01:30.120544000Z,RTS,54,34,-12,920,1,11,,,,0,0,0,2380,0
3916,2026-07-03T14:01:30.122200000Z,QoS Data,115,34,-16,920,2,8,1,0,1,0,0,0,720,0
3919,2026-07-03T14:01:30.277652000Z,QoS Data,112,34,-11,920,2,8,1,0,0,0,0,0,720,0
3923,2026-07-03T14:01:30.801571000Z,S1G Beacon,61,34,-66,920,3,1,,,,,,,0,0
3924,2026-07-03T14:01:31.622604000Z,S1G Beacon,129,34,-62,920,3,1,,,,,,,0,0
3928,2026-07-03T14:01:32.440020000Z,S1G Beacon,61,34,-66,920,3,1,,,,,,,0,0
3938,2026-07-03T14:01:33.261048000Z,S1G Beacon,129,34,-64,920,3,1,,,,,,,0,0
3941,2026-07-03T14:01:34.078470000Z,S1G Beacon,61,34,-64,920,3,1,,,,,,,0,0
3943,2026-07-03T14:01:34.899499000Z,S1G Beacon,129,34,-66,920,3,1,,,,,,,0,0
3944,2026-07-03T14:01:35.150864000Z,QoS Data,132,34,-10,920,2,8,1,0,0,0,0,0,720,0
3947,2026-07-03T14:01:35.162902000Z,QoS Data,115,34,-18,920,2,8,1,0,0,0,0,0,720,0
3950,2026-07-03T14:01:35.280907000Z,QoS Data,112,34,-10,920,2,8,1,0,1,0,0,0,720,0
3955,2026-07-03T14:01:35.716920000Z,S1G Beacon,61,34,-65,920,3,1,,,,,,,0,0
3956,2026-07-03T14:01:36.537957000Z,S1G Beacon,129,34,-66,920,3,1,,,,,,,0,0
3957,2026-07-03T14:01:37.355381000Z,S1G Beacon,61,34,-67,920,3,1,,,,,,,0,0
3958,2026-07-03T14:01:38.176405000Z,S1G Beacon,129,34,-64,920,3,1,,,,,,,0,0
3960,2026-07-03T14:01:38.993829000Z,S1G Beacon,61,34,-65,920,3,1,,,,,,,0,0
3961,2026-07-03T14:01:39.814857000Z,S1G Beacon,129,34,-67,920,3,1,,,,,,,0,0
3962,2026-07-03T14:01:40.175243000Z,QoS Data,132,34,-10,920,2,8,1,0,0,0,0,0,720,0
3965,2026-07-03T14:01:40.200039000Z,QoS Data,115,34,-19,920,2,8,1,0,0,0,0,0,720,0
3968,2026-07-03T14:01:40.277706000Z,QoS Data,112,34,-9,920,2,8,1,0,0,0,0,0,720,0
3971,2026-07-03T14:01:40.632276000Z,S1G Beacon,61,34,-66,920,3,1,,,,,,,0,0
3972,2026-07-03T14:01:41.453309000Z,S1G Beacon,129,34,-63,920,3,1,,,,,,,0,0
3974,2026-07-03T14:01:42.270720000Z,S1G Beacon,61,34,-63,920,3,1,,,,,,,0,0
3975,2026-07-03T14:01:43.091754000Z,S1G Beacon,129,34,-64,920,3,1,,,,,,,0,0
3976,2026-07-03T14:01:43.909172000Z,S1G Beacon,61,34,-64,920,3,1,,,,,,,0,0
3978,2026-07-03T14:01:44.730194000Z,S1G Beacon,129,34,-66,920,3,1,,,,,,,0,0
3979,2026-07-03T14:01:45.215302000Z,QoS Data,132,34,-9,920,2,8,1,0,0,0,0,0,720,0
3982,2026-07-03T14:01:45.224741000Z,QoS Data,115,34,-19,920,2,8,1,0,0,0,0,0,720,0
3985,2026-07-03T14:01:45.277705000Z,QoS Data,112,34,-10,920,2,8,1,0,0,0,0,0,720,0
3988,2026-07-03T14:01:45.547784000Z,S1G Beacon,61,34,-64,920,3,1,,,,,,,0,0
3989,2026-07-03T14:01:46.368664000Z,S1G Beacon,129,34,-65,920,3,1,,,,,,,0,0
3991,2026-07-03T14:01:47.186078000Z,S1G Beacon,61,34,-67,920,3,1,,,,,,,0,0
3994,2026-07-03T14:01:48.007097000Z,S1G Beacon,129,34,-65,920,3,1,,,,,,,0,0
3995,2026-07-03T14:01:48.824533000Z,S1G Beacon,61,34,-64,920,3,1,,,,,,,0,0
3996,2026-07-03T14:01:49.645545000Z,S1G Beacon,129,34,-64,920,3,1,,,,,,,0,0
3997,2026-07-03T14:01:50.235293000Z,QoS Data,132,34,-9,920,2,8,1,0,0,0,0,0,720,0
4001,2026-07-03T14:01:50.277988000Z,QoS Data,112,34,-10,920,2,8,1,0,0,0,0,0,720,0
4004,2026-07-03T14:01:50.462963000Z,S1G Beacon,61,34,-64,920,3,1,,,,,,,0,0
4006,2026-07-03T14:01:51.284000000Z,S1G Beacon,129,34,-64,920,3,1,,,,,,,0,0
4007,2026-07-03T14:01:52.922457000Z,S1G Beacon,129,34,-65,920,3,1,,,,,,,0,0
4015,2026-07-03T14:01:53.739867000Z,S1G Beacon,61,34,-67,920,3,1,,,,,,,0,0
4024,2026-07-03T14:01:54.560897000Z,S1G Beacon,129,34,-66,920,3,1,,,,,,,0,0
4025,2026-07-03T14:01:55.255313000Z,QoS Data,132,34,-11,920,2,8,1,0,0,0,0,0,720,0
4028,2026-07-03T14:01:55.264948000Z,QoS Data,115,34,-20,920,2,8,1,0,0,0,0,0,720,0
4031,2026-07-03T14:01:55.277858000Z,QoS Data,112,34,-10,920,2,8,1,0,0,0,0,0,720,0
4034,2026-07-03T14:01:55.378317000Z,S1G Beacon,61,34,-67,920,3,1,,,,,,,0,0
4035,2026-07-03T14:01:56.199350000Z,S1G Beacon,129,34,-68,920,3,1,,,,,,,0,0
4037,2026-07-03T14:01:57.016771000Z,S1G Beacon,61,34,-65,920,3,1,,,,,,,0,0
4038,2026-07-03T14:01:57.837801000Z,S1G Beacon,129,34,-63,920,3,1,,,,,,,0,0
4039,2026-07-03T14:01:58.655218000Z,S1G Beacon,61,34,-72,920,3,1,,,,,,,0,0
4040,2026-07-03T14:01:59.476253000Z,S1G Beacon,129,34,-63,920,3,1,,,,,,,0,0
4042,2026-07-03T14:02:00.275315000Z,QoS Data,132,34,-10,920,2,8,1,0,0,0,0,0,720,0
4045,2026-07-03T14:02:00.287790000Z,QoS Data,115,34,-21,920,2,8,1,0,1,0,0,0,720,0
4048,2026-07-03T14:02:00.293665000Z,S1G Beacon,61,34,-63,920,3,1,,,,,,,0,0
4049,2026-07-03T14:02:00.527404000Z,QoS Data,112,34,-11,920,2,8,1,0,0,0,0,0,720,0
4052,2026-07-03T14:02:01.114698000Z,S1G Beacon,129,34,-64,920,3,1,,,,,,,0,0
4053,2026-07-03T14:02:01.932120000Z,S1G Beacon,61,34,-64,920,3,1,,,,,,,0,0
4054,2026-07-03T14:02:02.753145000Z,S1G Beacon,129,34,-65,920,3,1,,,,,,,0,0
4056,2026-07-03T14:02:03.570565000Z,S1G Beacon,61,34,-65,920,3,1,,,,,,,0,0
4057,2026-07-03T14:02:04.391591000Z,S1G Beacon,129,34,-65,920,3,1,,,,,,,0,0
4058,2026-07-03T14:02:05.209017000Z,S1G Beacon,61,34,-67,920,3,1,,,,,,,0,0
4059,2026-07-03T14:02:05.295012000Z,QoS Data,132,34,-9,920,2,8,1,0,0,0,0,0,720,0
4063,2026-07-03T14:02:05.527485000Z,QoS Data,112,34,-10,920,2,8,1,0,0,0,0,0,720,0
4067,2026-07-03T14:02:06.030036000Z,S1G Beacon,129,34,-65,920,3,1,,,,,,,0,0
4068,2026-07-03T14:02:06.847465000Z,S1G Beacon,61,34,-66,920,3,1,,,,,,,0,0
4069,2026-07-03T14:02:07.668494000Z,S1G Beacon,129,34,-72,920,3,1,,,,,,,0,0
4070,2026-07-03T14:02:08.485917000Z,S1G Beacon,61,34,-65,920,3,1,,,,,,,0,0
4073,2026-07-03T14:02:09.306939000Z,S1G Beacon,129,34,-65,920,3,1,,,,,,,0,0
4074,2026-07-03T14:02:10.124372000Z,S1G Beacon,61,34,-65,920,3,1,,,,,,,0,0
4075,2026-07-03T14:02:10.334907000Z,QoS Data,132,34,-10,920,2,8,1,0,0,0,0,0,720,0
4078,2026-07-03T14:02:10.344548000Z,QoS Data,115,34,-19,920,2,8,1,0,0,0,0,0,720,0
4081,2026-07-03T14:02:10.527450000Z,QoS Data,112,34,-10,920,2,8,1,0,0,0,0,0,720,0
4084,2026-07-03T14:02:10.945405000Z,S1G Beacon,129,34,-65,920,3,1,,,,,,,0,0
4085,2026-07-03T14:02:11.762820000Z,S1G Beacon,61,34,-65,920,3,1,,,,,,,0,0
4088,2026-07-03T14:02:12.583852000Z,S1G Beacon,129,34,-64,920,3,1,,,,,,,0,0
4089,2026-07-03T14:02:13.401276000Z,S1G Beacon,61,34,-66,920,3,1,,,,,,,0,0
4091,2026-07-03T14:02:14.222291000Z,S1G Beacon,129,34,-64,920,3,1,,,,,,,0,0
4101,2026-07-03T14:02:15.039707000Z,S1G Beacon,61,34,-64,920,3,1,,,,,,,0,0
4105,2026-07-03T14:02:15.355183000Z,QoS Data,133,34,-10,920,2,8,1,0,0,0,0,0,720,0
4108,2026-07-03T14:02:15.366054000Z,QoS Data,115,34,-20,920,2,8,1,0,0,0,0,0,720,0
4110,2026-07-03T14:02:15.368229000Z,QoS Data,115,34,-66,920,2,8,0,0,0,0,0,0,720,0
4113,2026-07-03T14:02:15.527320000Z,QoS Data,112,34,-10,920,2,8,1,0,0,0,0,0,720,0
4116,2026-07-03T14:02:15.860741000Z,S1G Beacon,129,34,-65,920,3,1,,,,,,,0,0
4118,2026-07-03T14:02:16.678165000Z,S1G Beacon,61,34,-64,920,3,1,,,,,,,0,0
4119,2026-07-03T14:02:17.499204000Z,S1G Beacon,129,34,-63,920,3,1,,,,,,,0,0
4122,2026-07-03T14:02:18.316612000Z,S1G Beacon,61,34,-63,920,3,1,,,,,,,0,0
4123,2026-07-03T14:02:19.137652000Z,S1G Beacon,129,34,-63,920,3,1,,,,,,,0,0
4124,2026-07-03T14:02:19.955070000Z,S1G Beacon,61,34,-64,920,3,1,,,,,,,0,0
4125,2026-07-03T14:02:20.379263000Z,QoS Data,132,34,-11,920,2,8,1,0,1,0,0,0,720,0
4128,2026-07-03T14:02:20.388466000Z,QoS Data,115,34,-19,920,2,8,1,0,0,0,0,0,720,0
4131,2026-07-03T14:02:20.527392000Z,QoS Data,112,34,-10,920,2,8,1,0,0,0,0,0,720,0
4134,2026-07-03T14:02:20.776088000Z,S1G Beacon,129,34,-64,920,3,1,,,,,,,0,0
4136,2026-07-03T14:02:21.593513000Z,S1G Beacon,61,34,-63,920,3,1,,,,,,,0,0
4138,2026-07-03T14:02:22.414545000Z,S1G Beacon,129,34,-65,920,3,1,,,,,,,0,0
4139,2026-07-03T14:02:23.231970000Z,S1G Beacon,61,34,-65,920,3,1,,,,,,,0,0
4141,2026-07-03T14:02:24.052989000Z,S1G Beacon,129,34,-65,920,3,1,,,,,,,0,0
4142,2026-07-03T14:02:24.870412000Z,S1G Beacon,61,34,-65,920,3,1,,,,,,,0,0
4143,2026-07-03T14:02:25.404930000Z,QoS Data,132,34,-11,920,2,8,1,0,0,0,0,0,720,0
4146,2026-07-03T14:02:25.414254000Z,QoS Data,115,34,-19,920,2,8,1,0,0,0,0,0,720,0
4149,2026-07-03T14:02:25.527794000Z,QoS Data,112,34,-11,920,2,8,1,0,0,0,0,0,720,0
4152,2026-07-03T14:02:25.691433000Z,S1G Beacon,129,34,-63,920,3,1,,,,,,,0,0
4154,2026-07-03T14:02:26.508864000Z,S1G Beacon,61,34,-64,920,3,1,,,,,,,0,0
4157,2026-07-03T14:02:27.329895000Z,S1G Beacon,129,34,-66,920,3,1,,,,,,,0,0
4158,2026-07-03T14:02:28.147310000Z,S1G Beacon,61,34,-66,920,3,1,,,,,,,0,0
4159,2026-07-03T14:02:28.968338000Z,S1G Beacon,129,34,-66,920,3,1,,,,,,,0,0
4160,2026-07-03T14:02:29.785765000Z,S1G Beacon,61,34,-66,920,3,1,,,,,,,0,0
4162,2026-07-03T14:02:30.425335000Z,QoS Data,132,34,-10,920,2,8,1,0,0,0,0,0,720,0
4166,2026-07-03T14:02:30.527813000Z,QoS Data,112,34,-11,920,2,8,1,0,0,0,0,0,720,0
4169,2026-07-03T14:02:30.606789000Z,S1G Beacon,129,34,-69,920,3,1,,,,,,,0,0
4170,2026-07-03T14:02:31.424206000Z,S1G Beacon,61,34,-66,920,3,1,,,,,,,0,0
4171,2026-07-03T14:02:32.245244000Z,S1G Beacon,129,34,-68,920,3,1,,,,,,,0,0
4174,2026-07-03T14:02:33.062657000Z,S1G Beacon,61,34,-66,920,3,1,,,,,,,0,0
4175,2026-07-03T14:02:33.883688000Z,S1G Beacon,129,34,-65,920,3,1,,,,,,,0,0
4177,2026-07-03T14:02:34.701113000Z,S1G Beacon,61,34,-64,920,3,1,,,,,,,0,0
4183,2026-07-03T14:02:35.445334000Z,QoS Data,132,34,-11,920,2,8,1,0,0,0,0,0,720,0
4186,2026-07-03T14:02:35.454336000Z,QoS Data,115,34,-17,920,2,8,1,0,0,0,0,0,720,0
4190,2026-07-03T14:02:35.522132000Z,S1G Beacon,129,34,-65,920,3,1,,,,,,,0,0
4191,2026-07-03T14:02:35.527791000Z,QoS Data,112,34,-12,920,2,8,1,0,0,0,0,0,720,0
4202,2026-07-03T14:02:36.339555000Z,S1G Beacon,61,34,-66,920,3,1,,,,,,,0,0
4205,2026-07-03T14:02:37.160591000Z,S1G Beacon,129,34,-66,920,3,1,,,,,,,0,0
4206,2026-07-03T14:02:37.978012000Z,S1G Beacon,61,34,-64,920,3,1,,,,,,,0,0
4207,2026-07-03T14:02:38.799041000Z,S1G Beacon,129,34,-65,920,3,1,,,,,,,0,0
4209,2026-07-03T14:02:39.616457000Z,S1G Beacon,61,34,-66,920,3,1,,,,,,,0,0
4210,2026-07-03T14:02:40.437488000Z,S1G Beacon,129,34,-65,920,3,1,,,,,,,0,0
4211,2026-07-03T14:02:40.465338000Z,QoS Data,132,34,-11,920,2,8,1,0,0,0,0,0,720,0
4216,2026-07-03T14:02:40.527829000Z,QoS Data,112,34,-13,920,2,8,1,0,0,0,0,0,720,0
4217,2026-07-03T14:02:40.531095000Z,QoS Data,112,34,-12,920,2,8,1,0,1,0,0,0,720,0
4218,2026-07-03T14:02:40.533649000Z,RTS,54,34,-11,920,1,11,,,,0,0,0,3240,0
4220,2026-07-03T14:02:40.536166000Z,QoS Data,112,34,-10,920,2,8,1,0,1,0,0,0,720,0
4223,2026-07-03T14:02:41.254918000Z,S1G Beacon,61,34,-65,920,3,1,,,,,,,0,0
4224,2026-07-03T14:02:42.075946000Z,S1G Beacon,129,34,-66,920,3,1,,,,,,,0,0
4226,2026-07-03T14:02:42.893353000Z,S1G Beacon,61,34,-65,920,3,1,,,,,,,0,0
4227,2026-07-03T14:02:43.714387000Z,S1G Beacon,129,34,-67,920,3,1,,,,,,,0,0
4228,2026-07-03T14:02:44.531803000Z,S1G Beacon,61,34,-66,920,3,1,,,,,,,0,0
4230,2026-07-03T14:02:45.352829000Z,S1G Beacon,129,34,-64,920,3,1,,,,,,,0,0
4231,2026-07-03T14:02:45.495341000Z,QoS Data,132,34,-11,920,2,8,1,0,0,0,0,0,720,0
4234,2026-07-03T14:02:45.506133000Z,QoS Data,115,34,-19,920,2,8,1,0,0,0,0,0,720,0
4237,2026-07-03T14:02:45.527912000Z,QoS Data,112,34,-11,920,2,8,1,0,0,0,0,0,720,0
4241,2026-07-03T14:02:46.170292000Z,S1G Beacon,61,34,-66,920,3,1,,,,,,,0,0
4244,2026-07-03T14:02:46.991295000Z,S1G Beacon,129,34,-64,920,3,1,,,,,,,0,0
4245,2026-07-03T14:02:47.808714000Z,S1G Beacon,61,34,-64,920,3,1,,,,,,,0,0
4247,2026-07-03T14:02:48.629733000Z,S1G Beacon,129,34,-65,920,3,1,,,,,,,0,0
4248,2026-07-03T14:02:49.447157000Z,S1G Beacon,61,34,-66,920,3,1,,,,,,,0,0
4249,2026-07-03T14:02:50.268186000Z,S1G Beacon,129,34,-64,920,3,1,,,,,,,0,0
4250,2026-07-03T14:02:50.525349000Z,QoS Data,132,34,-11,920,2,8,1,0,0,0,0,0,720,0
4253,2026-07-03T14:02:50.535006000Z,QoS Data,115,34,-18,920,2,8,1,0,0,0,0,0,720,0
4256,2026-07-03T14:02:50.777775000Z,QoS Data,112,34,-11,920,2,8,1,0,0,0,0,0,720,0
4259,2026-07-03T14:02:51.085611000Z,S1G Beacon,61,34,-65,920,3,1,,,,,,,0,0
4261,2026-07-03T14:02:51.906638000Z,S1G Beacon,129,34,-64,920,3,1,,,,,,,0,0
4262,2026-07-03T14:02:52.724056000Z,S1G Beacon,61,34,-65,920,3,1,,,,,,,0,0
4263,2026-07-03T14:02:53.545094000Z,S1G Beacon,129,34,-67,920,3,1,,,,,,,0,0
4265,2026-07-03T14:02:54.362522000Z,S1G Beacon,61,34,-64,920,3,1,,,,,,,0,0
4266,2026-07-03T14:02:55.183530000Z,S1G Beacon,129,34,-63,920,3,1,,,,,,,0,0
4267,2026-07-03T14:02:55.545404000Z,QoS Data,132,34,-11,920,2,8,1,0,0,0,0,0,720,0
4270,2026-07-03T14:02:55.557327000Z,QoS Data,115,34,-19,920,2,8,1,0,0,0,0,0,720,0
4273,2026-07-03T14:02:55.777827000Z,QoS Data,112,34,-12,920,2,8,1,0,0,0,0,0,720,0
4276,2026-07-03T14:02:56.000952000Z,S1G Beacon,61,34,-64,920,3,1,,,,,,,0,0
4282,2026-07-03T14:02:56.821977000Z,S1G Beacon,129,34,-64,920,3,1,,,,,,,0,0
4291,2026-07-03T14:02:57.639402000Z,S1G Beacon,61,34,-64,920,3,1,,,,,,,0,0
4292,2026-07-03T14:02:58.460431000Z,S1G Beacon,129,34,-65,920,3,1,,,,,,,0,0
4293,2026-07-03T14:02:59.277851000Z,S1G Beacon,61,34,-62,920,3,1,,,,,,,0,0
4294,2026-07-03T14:03:00.098884000Z,S1G Beacon,129,34,-65,920,3,1,,,,,,,0,0
4296,2026-07-03T14:03:00.565385000Z,QoS Data,132,34,-11,920,2,8,1,0,0,0,0,0,720,0
4299,2026-07-03T14:03:00.574297000Z,QoS Data,115,34,-19,920,2,8,1,0,0,0,0,0,720,0
4302,2026-07-03T14:03:00.777810000Z,QoS Data,112,34,-11,920,2,8,1,0,0,0,0,0,720,0
4305,2026-07-03T14:03:00.916305000Z,S1G Beacon,61,34,-65,920,3,1,,,,,,,0,0
4308,2026-07-03T14:03:01.737335000Z,S1G Beacon,129,34,-66,920,3,1,,,,,,,0,0
4309,2026-07-03T14:03:02.554761000Z,S1G Beacon,61,34,-63,920,3,1,,,,,,,0,0
4311,2026-07-03T14:03:03.375783000Z,S1G Beacon,129,34,-63,920,3,1,,,,,,,0,0
4312,2026-07-03T14:03:04.193202000Z,S1G Beacon,61,34,-63,920,3,1,,,,,,,0,0
4314,2026-07-03T14:03:05.014238000Z,S1G Beacon,129,34,-64,920,3,1,,,,,,,0,0
4315,2026-07-03T14:03:05.585396000Z,QoS Data,132,34,-11,920,2,8,1,0,0,0,0,0,720,0
4318,2026-07-03T14:03:05.594364000Z,QoS Data,115,34,-19,920,2,8,1,0,0,0,0,0,720,0
4321,2026-07-03T14:03:05.777891000Z,QoS Data,112,34,-11,920,2,8,1,0,0,0,0,0,720,0
4323,2026-07-03T14:03:05.831656000Z,S1G Beacon,61,34,-62,920,3,1,,,,,,,0,0
4326,2026-07-03T14:03:06.652684000Z,S1G Beacon,129,34,-64,920,3,1,,,,,,,0,0
4327,2026-07-03T14:03:07.470099000Z,S1G Beacon,61,34,-66,920,3,1,,,,,,,0,0
4329,2026-07-03T14:03:08.291126000Z,S1G Beacon,129,34,-66,920,3,1,,,,,,,0,0
4330,2026-07-03T14:03:09.108552000Z,S1G Beacon,61,34,-64,920,3,1,,,,,,,0,0
4332,2026-07-03T14:03:09.929575000Z,S1G Beacon,129,34,-64,920,3,1,,,,,,,0,0
4333,2026-07-03T14:03:10.615460000Z,QoS Data,132,34,-10,920,2,8,1,0,0,0,0,0,720,0
4336,2026-07-03T14:03:10.624985000Z,QoS Data,115,34,-18,920,2,8,1,0,0,0,0,0,720,0
4339,2026-07-03T14:03:10.746996000Z,S1G Beacon,61,34,-66,920,3,1,,,,,,,0,0
4340,2026-07-03T14:03:10.777411000Z,QoS Data,112,34,-10,920,2,8,1,0,0,0,0,0,720,0
4344,2026-07-03T14:03:11.568034000Z,S1G Beacon,129,34,-65,920,3,1,,,,,,,0,0
4346,2026-07-03T14:03:12.385448000Z,S1G Beacon,61,34,-65,920,3,1,,,,,,,0,0
4347,2026-07-03T14:03:13.206480000Z,S1G Beacon,129,34,-64,920,3,1,,,,,,,0,0
4348,2026-07-03T14:03:14.023899000Z,S1G Beacon,61,34,-65,920,3,1,,,,,,,0,0
4349,2026-07-03T14:03:14.844925000Z,S1G Beacon,129,34,-64,920,3,1,,,,,,,0,0
4351,2026-07-03T14:03:15.634972000Z,QoS Data,132,34,-11,920,2,8,1,0,0,0,0,0,720,0
4354,2026-07-03T14:03:15.644705000Z,QoS Data,115,34,-18,920,2,8,1,0,0,0,0,0,720,0
4357,2026-07-03T14:03:15.662343000Z,S1G Beacon,61,34,-65,920,3,1,,,,,,,0,0
4358,2026-07-03T14:03:15.777471000Z,QoS Data,112,34,-10,920,2,8,1,0,0,0,0,0,720,0
4361,2026-07-03T14:03:15.991754000Z,QoS Data,72,34,-18,920,2,8,1,0,0,0,0,0,720,0
4363,2026-07-03T14:03:16.483398000Z,S1G Beacon,129,34,-64,920,3,1,,,,,,,0,0
4366,2026-07-03T14:03:17.300799000Z,S1G Beacon,61,34,-64,920,3,1,,,,,,,0,0
4376,2026-07-03T14:03:18.121836000Z,S1G Beacon,129,34,-65,920,3,1,,,,,,,0,0
4383,2026-07-03T14:03:18.939250000Z,S1G Beacon,61,34,-64,920,3,1,,,,,,,0,0
4385,2026-07-03T14:03:19.760284000Z,S1G Beacon,129,34,-63,920,3,1,,,,,,,0,0
4386,2026-07-03T14:03:20.577695000Z,S1G Beacon,61,34,-63,920,3,1,,,,,,,0,0
4388,2026-07-03T14:03:20.655012000Z,QoS Data,132,34,-10,920,2,8,1,0,0,0,0,0,720,0
4391,2026-07-03T14:03:20.664480000Z,QoS Data,115,34,-18,920,2,8,1,0,0,0,0,0,720,0
4394,2026-07-03T14:03:20.777430000Z,QoS Data,112,34,-12,920,2,8,1,0,0,0,0,0,720,0
4397,2026-07-03T14:03:21.398735000Z,S1G Beacon,129,34,-63,920,3,1,,,,,,,0,0
4399,2026-07-03T14:03:22.216152000Z,S1G Beacon,61,34,-65,920,3,1,,,,,,,0,0
4401,2026-07-03T14:03:23.037185000Z,S1G Beacon,129,34,-65,920,3,1,,,,,,,0,0
4402,2026-07-03T14:03:23.576579000Z,QoS Data,72,34,-12,920,2,8,1,0,0,0,0,0,720,0
4404,2026-07-03T14:03:23.854591000Z,S1G Beacon,61,34,-65,920,3,1,,,,,,,0,0
4406,2026-07-03T14:03:24.675626000Z,S1G Beacon,129,34,-66,920,3,1,,,,,,,0,0
4408,2026-07-03T14:03:25.493043000Z,S1G Beacon,61,34,-64,920,3,1,,,,,,,0,0
4409,2026-07-03T14:03:25.675087000Z,QoS Data,132,34,-11,920,2,8,1,0,0,0,0,0,720,0
4412,2026-07-03T14:03:25.684187000Z,QoS Data,115,34,-18,920,2,8,1,0,0,0,0,0,720,0
4416,2026-07-03T14:03:25.777391000Z,QoS Data,112,34,-12,920,2,8,1,0,0,0,0,0,720,0
4419,2026-07-03T14:03:26.314074000Z,S1G Beacon,129,34,-64,920,3,1,,,,,,,0,0
4420,2026-07-03T14:03:27.131512000Z,S1G Beacon,61,34,-64,920,3,1,,,,,,,0,0
4422,2026-07-03T14:03:27.952521000Z,S1G Beacon,129,34,-64,920,3,1,,,,,,,0,0
4423,2026-07-03T14:03:28.769950000Z,S1G Beacon,61,34,-65,920,3,1,,,,,,,0,0
4424,2026-07-03T14:03:29.590980000Z,S1G Beacon,129,34,-65,920,3,1,,,,,,,0,0
4425,2026-07-03T14:03:30.408398000Z,S1G Beacon,61,34,-64,920,3,1,,,,,,,0,0
4427,2026-07-03T14:03:30.695017000Z,QoS Data,132,34,-11,920,2,8,1,0,0,0,0,0,720,0
4430,2026-07-03T14:03:30.704376000Z,QoS Data,115,34,-19,920,2,8,1,0,0,0,0,0,720,0
4433,2026-07-03T14:03:30.777526000Z,QoS Data,112,34,-11,920,2,8,1,0,0,0,0,0,720,0
4436,2026-07-03T14:03:31.229420000Z,S1G Beacon,129,34,-64,920,3,1,,,,,,,0,0
4437,2026-07-03T14:03:32.046852000Z,S1G Beacon,61,34,-65,920,3,1,,,,,,,0,0
4438,2026-07-03T14:03:32.868300000Z,S1G Beacon,129,34,-65,920,3,1,,,,,,,0,0
4441,2026-07-03T14:03:34.506329000Z,S1G Beacon,129,34,-64,920,3,1,,,,,,,0,0
4442,2026-07-03T14:03:35.323747000Z,S1G Beacon,61,34,-67,920,3,1,,,,,,,0,0
4443,2026-07-03T14:03:35.725531000Z,QoS Data,132,34,-10,920,2,8,1,0,0,0,0,0,720,0
4446,2026-07-03T14:03:35.735571000Z,QoS Data,115,34,-19,920,2,8,1,0,0,0,0,0,720,0
4449,2026-07-03T14:03:35.777860000Z,QoS Data,112,34,-12,920,2,8,1,0,0,0,0,0,720,0
4452,2026-07-03T14:03:36.144778000Z,S1G Beacon,129,34,-64,920,3,1,,,,,,,0,0
4456,2026-07-03T14:03:36.962194000Z,S1G Beacon,61,34,-66,920,3,1,,,,,,,0,0
4461,2026-07-03T14:03:38.600644000Z,S1G Beacon,61,34,-64,920,3,1,,,,,,,0,0
4470,2026-07-03T14:03:39.421668000Z,S1G Beacon,129,34,-64,920,3,1,,,,,,,0,0
4473,2026-07-03T14:03:40.239096000Z,S1G Beacon,61,34,-65,920,3,1,,,,,,,0,0
4475,2026-07-03T14:03:40.745441000Z,QoS Data,132,34,-12,920,2,8,1,0,0,0,0,0,720,0
4478,2026-07-03T14:03:40.758346000Z,QoS Data,115,34,-18,920,2,8,1,0,0,0,0,0,720,0
4481,2026-07-03T14:03:40.777887000Z,QoS Data,112,34,-11,920,2,8,1,0,0,0,0,0,720,0
4485,2026-07-03T14:03:41.060122000Z,S1G Beacon,129,34,-65,920,3,1,,,,,,,0,0
4487,2026-07-03T14:03:41.877547000Z,S1G Beacon,61,34,-65,920,3,1,,,,,,,0,0
4489,2026-07-03T14:03:42.698572000Z,S1G Beacon,129,34,-66,920,3,1,,,,,,,0,0
4490,2026-07-03T14:03:43.515992000Z,S1G Beacon,61,34,-66,920,3,1,,,,,,,0,0
4491,2026-07-03T14:03:44.337022000Z,S1G Beacon,129,34,-65,920,3,1,,,,,,,0,0
4492,2026-07-03T14:03:45.154448000Z,S1G Beacon,61,34,-64,920,3,1,,,,,,,0,0
4494,2026-07-03T14:03:45.775428000Z,QoS Data,132,34,-12,920,2,8,1,0,0,0,0,0,720,0
4497,2026-07-03T14:03:45.788050000Z,QoS Data,115,34,-19,920,2,8,1,0,0,0,0,0,720,0
4500,2026-07-03T14:03:45.975465000Z,S1G Beacon,129,34,-65,920,3,1,,,,,,,0,0
4501,2026-07-03T14:03:46.027942000Z,QoS Data,112,34,-11,920,2,8,1,0,0,0,0,0,720,0
4505,2026-07-03T14:03:46.792896000Z,S1G Beacon,61,34,-66,920,3,1,,,,,,,0,0
4506,2026-07-03T14:03:47.613922000Z,S1G Beacon,129,34,-66,920,3,1,,,,,,,0,0
4507,2026-07-03T14:03:48.431350000Z,S1G Beacon,61,34,-66,920,3,1,,,,,,,0,0
4509,2026-07-03T14:03:49.252369000Z,S1G Beacon,129,34,-65,920,3,1,,,,,,,0,0
4510,2026-07-03T14:03:50.069793000Z,S1G Beacon,61,34,-65,920,3,1,,,,,,,0,0
4512,2026-07-03T14:03:50.805463000Z,QoS Data,132,34,-12,920,2,8,1,0,0,0,0,0,720,0
4515,2026-07-03T14:03:50.815104000Z,QoS Data,115,34,-18,920,2,8,1,0,0,0,0,0,720,0
4518,2026-07-03T14:03:50.890820000Z,S1G Beacon,129,34,-64,920,3,1,,,,,,,0,0
4519,2026-07-03T14:03:51.027943000Z,QoS Data,112,34,-12,920,2,8,1,0,0,0,0,0,720,0
4523,2026-07-03T14:03:51.708238000Z,S1G Beacon,61,34,-65,920,3,1,,,,,,,0,0
4524,2026-07-03T14:03:52.529269000Z,S1G Beacon,129,34,-65,920,3,1,,,,,,,0,0
4525,2026-07-03T14:03:53.346697000Z,S1G Beacon,61,34,-65,920,3,1,,,,,,,0,0
4526,2026-07-03T14:03:54.167728000Z,S1G Beacon,129,34,-65,920,3,1,,,,,,,0,0
4528,2026-07-03T14:03:54.985138000Z,S1G Beacon,61,34,-64,920,3,1,,,,,,,0,0
4529,2026-07-03T14:03:55.806166000Z,S1G Beacon,129,34,-65,920,3,1,,,,,,,0,0
4530,2026-07-03T14:03:55.825437000Z,QoS Data,132,34,-10,920,2,8,1,0,0,0,0,0,720,0
4533,2026-07-03T14:03:55.838024000Z,RTS,54,34,-14,920,1,11,,,,0,0,0,2380,0
4535,2026-07-03T14:03:55.839679000Z,QoS Data,115,34,-19,920,2,8,1,0,1,0,0,0,720,0
4538,2026-07-03T14:03:56.027916000Z,QoS Data,112,34,-11,920,2,8,1,0,0,0,0,0,720,0
4541,2026-07-03T14:03:56.623593000Z,S1G Beacon,61,34,-66,920,3,1,,,,,,,0,0
4543,2026-07-03T14:03:57.444615000Z,S1G Beacon,129,34,-65,920,3,1,,,,,,,0,0
4545,2026-07-03T14:03:58.262042000Z,S1G Beacon,61,34,-64,920,3,1,,,,,,,0,0
4546,2026-07-03T14:03:59.083069000Z,S1G Beacon,129,34,-64,920,3,1,,,,,,,0,0
4553,2026-07-03T14:03:59.900498000Z,S1G Beacon,61,34,-65,920,3,1,,,,,,,0,0
4560,2026-07-03T14:04:00.721513000Z,S1G Beacon,129,34,-65,920,3,1,,,,,,,0,0
4562,2026-07-03T14:04:00.855447000Z,QoS Data,132,34,-11,920,2,8,1,0,0,0,0,0,720,0
4566,2026-07-03T14:04:01.027945000Z,QoS Data,112,34,-11,920,2,8,1,0,0,0,0,0,720,0
4569,2026-07-03T14:04:01.538934000Z,S1G Beacon,61,34,-66,920,3,1,,,,,,,0,0
4571,2026-07-03T14:04:02.359965000Z,S1G Beacon,129,34,-66,920,3,1,,,,,,,0,0
4572,2026-07-03T14:04:03.177394000Z,S1G Beacon,61,34,-63,920,3,1,,,,,,,0,0
4574,2026-07-03T14:04:03.998417000Z,S1G Beacon,129,34,-63,920,3,1,,,,,,,0,0
4575,2026-07-03T14:04:04.815837000Z,S1G Beacon,61,34,-64,920,3,1,,,,,,,0,0
4576,2026-07-03T14:04:05.636871000Z,S1G Beacon,129,34,-64,920,3,1,,,,,,,0,0
4577,2026-07-03T14:04:05.885473000Z,QoS Data,132,34,-12,920,2,8,1,0,0,0,0,0,720,0
4580,2026-07-03T14:04:05.898241000Z,QoS Data,115,34,-19,920,2,8,1,0,0,0,0,0,720,0
4583,2026-07-03T14:04:06.027976000Z,QoS Data,112,34,-11,920,2,8,1,0,0,0,0,0,720,0
4586,2026-07-03T14:04:06.454286000Z,S1G Beacon,61,34,-65,920,3,1,,,,,,,0,0
4589,2026-07-03T14:04:07.275311000Z,S1G Beacon,129,34,-64,920,3,1,,,,,,,0,0
4590,2026-07-03T14:04:08.092739000Z,S1G Beacon,61,34,-65,920,3,1,,,,,,,0,0
4591,2026-07-03T14:04:08.913768000Z,S1G Beacon,129,34,-64,920,3,1,,,,,,,0,0
4592,2026-07-03T14:04:09.731190000Z,S1G Beacon,61,34,-65,920,3,1,,,,,,,0,0
4594,2026-07-03T14:04:10.552211000Z,S1G Beacon,129,34,-63,920,3,1,,,,,,,0,0
4595,2026-07-03T14:04:10.915491000Z,QoS Data,132,34,-11,920,2,8,1,0,0,0,0,0,720,0
4598,2026-07-03T14:04:10.924702000Z,QoS Data,115,34,-18,920,2,8,1,0,0,0,0,0,720,0
4601,2026-07-03T14:04:11.027926000Z,QoS Data,112,34,-11,920,2,8,1,0,0,0,0,0,720,0
4604,2026-07-03T14:04:11.369690000Z,S1G Beacon,61,34,-63,920,3,1,,,,,,,0,0
4605,2026-07-03T14:04:12.190665000Z,S1G Beacon,129,34,-64,920,3,1,,,,,,,0,0
4606,2026-07-03T14:04:13.008090000Z,S1G Beacon,61,34,-64,920,3,1,,,,,,,0,0
4607,2026-07-03T14:04:13.829119000Z,S1G Beacon,129,34,-64,920,3,1,,,,,,,0,0
4608,2026-07-03T14:04:14.646531000Z,S1G Beacon,61,34,-64,920,3,1,,,,,,,0,0
4609,2026-07-03T14:04:15.467569000Z,S1G Beacon,129,34,-65,920,3,1,,,,,,,0,0
4611,2026-07-03T14:04:15.935493000Z,QoS Data,132,34,-12,920,2,8,1,0,0,0,0,0,720,0
4614,2026-07-03T14:04:15.944686000Z,QoS Data,115,34,-18,920,2,8,1,0,0,0,0,0,720,0
4615,2026-07-03T14:04:15.947505000Z,QoS Data,115,34,-19,920,2,8,1,0,1,0,0,0,720,0
4618,2026-07-03T14:04:16.028052000Z,QoS Data,112,34,-11,920,2,8,1,0,0,0,0,0,720,0
4621,2026-07-03T14:04:16.285016000Z,S1G Beacon,61,34,-65,920,3,1,,,,,,,0,0
4622,2026-07-03T14:04:17.106026000Z,S1G Beacon,129,34,-66,920,3,1,,,,,,,0,0
4623,2026-07-03T14:04:17.923452000Z,S1G Beacon,61,34,-65,920,3,1,,,,,,,0,0
4626,2026-07-03T14:04:18.744465000Z,S1G Beacon,129,34,-64,920,3,1,,,,,,,0,0
4628,2026-07-03T14:04:19.561884000Z,S1G Beacon,61,34,-64,920,3,1,,,,,,,0,0
4631,2026-07-03T14:04:20.382910000Z,S1G Beacon,129,34,-63,920,3,1,,,,,,,0,0
4638,2026-07-03T14:04:20.965065000Z,QoS Data,132,34,-12,920,2,8,1,0,0,0,0,0,720,0
4641,2026-07-03T14:04:20.974917000Z,QoS Data,115,34,-18,920,2,8,1,0,0,0,0,0,720,0
4642,2026-07-03T14:04:20.979310000Z,QoS Data,115,34,-19,920,2,8,1,0,1,0,0,0,720,0
4643,2026-07-03T14:04:20.983082000Z,RTS,54,34,-13,920,1,11,,,,0,0,0,2380,0
4645,2026-07-03T14:04:20.984741000Z,QoS Data,115,34,-19,920,2,8,1,0,1,0,0,0,720,0
4649,2026-07-03T14:04:21.035078000Z,QoS Data,112,34,-11,920,2,8,1,0,0,0,0,0,720,0
4654,2026-07-03T14:04:21.200332000Z,S1G Beacon,61,34,-64,920,3,1,,,,,,,0,0
4658,2026-07-03T14:04:22.021360000Z,S1G Beacon,129,34,-64,920,3,1,,,,,,,0,0
4660,2026-07-03T14:04:22.838781000Z,S1G Beacon,61,34,-63,920,3,1,,,,,,,0,0
4661,2026-07-03T14:04:23.659815000Z,S1G Beacon,129,34,-64,920,3,1,,,,,,,0,0
4664,2026-07-03T14:04:24.477234000Z,S1G Beacon,61,34,-65,920,3,1,,,,,,,0,0
4666,2026-07-03T14:04:25.298262000Z,S1G Beacon,129,34,-63,920,3,1,,,,,,,0,0
4668,2026-07-03T14:04:25.995102000Z,QoS Data,132,34,-11,920,2,8,1,0,0,0,0,0,720,0
4671,2026-07-03T14:04:26.004675000Z,QoS Data,115,34,-18,920,2,8,1,0,0,0,0,0,720,0
4674,2026-07-03T14:04:26.027628000Z,QoS Data,112,34,-13,920,2,8,1,0,0,0,0,0,720,0
4677,2026-07-03T14:04:26.115679000Z,S1G Beacon,61,34,-65,920,3,1,,,,,,,0,0
4678,2026-07-03T14:04:26.936722000Z,S1G Beacon,129,34,-65,920,3,1,,,,,,,0,0
4679,2026-07-03T14:04:27.754129000Z,S1G Beacon,61,34,-65,920,3,1,,,,,,,0,0
4683,2026-07-03T14:04:28.575161000Z,S1G Beacon,129,34,-64,920,3,1,,,,,,,0,0
4684,2026-07-03T14:04:29.392585000Z,S1G Beacon,61,34,-63,920,3,1,,,,,,,0,0
4686,2026-07-03T14:04:30.213610000Z,S1G Beacon,129,34,-66,920,3,1,,,,,,,0,0
4688,2026-07-03T14:04:31.015208000Z,QoS Data,132,34,-10,920,2,8,1,0,0,0,0,0,720,0
4692,2026-07-03T14:04:31.277473000Z,QoS Data,112,34,-15,920,2,8,1,0,0,0,0,0,720,0
4695,2026-07-03T14:04:31.852059000Z,S1G Beacon,129,34,-66,920,3,1,,,,,,,0,0
4696,2026-07-03T14:04:32.669480000Z,S1G Beacon,61,34,-66,920,3,1,,,,,,,0,0
4697,2026-07-03T14:04:33.490516000Z,S1G Beacon,129,34,-66,920,3,1,,,,,,,0,0
4699,2026-07-03T14:04:34.307931000Z,S1G Beacon,61,34,-66,920,3,1,,,,,,,0,0
4700,2026-07-03T14:04:35.128962000Z,S1G Beacon,129,34,-65,920,3,1,,,,,,,0,0
4701,2026-07-03T14:04:35.946385000Z,S1G Beacon,61,34,-66,920,3,1,,,,,,,0,0
4702,2026-07-03T14:04:36.045173000Z,QoS Data,132,34,-12,920,2,8,1,0,0,0,0,0,720,0
4705,2026-07-03T14:04:36.054306000Z,QoS Data,115,34,-18,920,2,8,1,0,0,0,0,0,720,0
4708,2026-07-03T14:04:36.277504000Z,QoS Data,112,34,-13,920,2,8,1,0,0,0,0,0,720,0
4711,2026-07-03T14:04:36.767404000Z,S1G Beacon,129,34,-64,920,3,1,,,,,,,0,0
4713,2026-07-03T14:04:37.584827000Z,S1G Beacon,61,34,-64,920,3,1,,,,,,,0,0
4714,2026-07-03T14:04:38.405856000Z,S1G Beacon,129,34,-65,920,3,1,,,,,,,0,0
4715,2026-07-03T14:04:39.223283000Z,S1G Beacon,61,34,-65,920,3,1,,,,,,,0,0
4717,2026-07-03T14:04:40.044300000Z,S1G Beacon,129,34,-64,920,3,1,,,,,,,0,0
4719,2026-07-03T14:04:40.861729000Z,S1G Beacon,61,34,-64,920,3,1,,,,,,,0,0
4720,2026-07-03T14:04:41.075077000Z,QoS Data,132,34,-13,920,2,8,1,0,0,0,0,0,720,0
4723,2026-07-03T14:04:41.085929000Z,QoS Data,112,34,-19,920,2,8,1,0,0,0,0,0,720,0
4726,2026-07-03T14:04:41.090559000Z,QoS Data,115,34,-18,920,2,8,1,0,0,0,0,0,720,0
4730,2026-07-03T14:04:41.277410000Z,QoS Data,112,34,-12,920,2,8,1,0,0,0,0,0,720,0
4737,2026-07-03T14:04:41.682751000Z,S1G Beacon,129,34,-63,920,3,1,,,,,,,0,0
4746,2026-07-03T14:04:42.500175000Z,S1G Beacon,61,34,-63,920,3,1,,,,,,,0,0
4749,2026-07-03T14:04:43.321208000Z,S1G Beacon,129,34,-63,920,3,1,,,,,,,0,0
4750,2026-07-03T14:04:44.138631000Z,S1G Beacon,61,34,-63,920,3,1,,,,,,,0,0
4751,2026-07-03T14:04:44.959665000Z,S1G Beacon,129,34,-64,920,3,1,,,,,,,0,0
4752,2026-07-03T14:04:45.777075000Z,S1G Beacon,61,34,-64,920,3,1,,,,,,,0,0
4756,2026-07-03T14:04:46.113694000Z,RTS,54,34,-12,920,1,11,,,,0,0,0,3080,0
4757,2026-07-03T14:04:46.124111000Z,RTS,54,34,-10,920,1,11,,,,0,0,0,3080,0
4759,2026-07-03T14:04:46.126445000Z,QoS Data,132,34,-12,920,2,8,1,0,1,0,0,0,720,0
4761,2026-07-03T14:04:46.128384000Z,RTS,54,34,-16,920,1,11,,,,0,0,0,2344,0
4767,2026-07-03T14:04:46.142366000Z,QoS Data,115,34,-20,920,2,8,1,0,0,0,0,0,720,0
4770,2026-07-03T14:04:46.277956000Z,QoS Data,112,34,-10,920,2,8,1,0,0,0,0,0,720,0
4774,2026-07-03T14:04:46.598114000Z,S1G Beacon,129,34,-64,920,3,1,,,,,,,0,0
4776,2026-07-03T14:04:47.415524000Z,S1G Beacon,61,34,-63,920,3,1,,,,,,,0,0
4777,2026-07-03T14:04:48.236565000Z,S1G Beacon,129,34,-62,920,3,1,,,,,,,0,0
4778,2026-07-03T14:04:49.053977000Z,S1G Beacon,61,34,-64,920,3,1,,,,,,,0,0
4780,2026-07-03T14:04:49.875001000Z,S1G Beacon,129,34,-63,920,3,1,,,,,,,0,0
4781,2026-07-03T14:04:50.692423000Z,S1G Beacon,61,34,-65,920,3,1,,,,,,,0,0
4782,2026-07-03T14:04:51.155524000Z,QoS Data,132,34,-11,920,2,8,1,0,0,0,0,0,720,0
4785,2026-07-03T14:04:51.164848000Z,QoS Data,115,34,-20,920,2,8,1,0,0,0,0,0,720,0
4786,2026-07-03T14:04:51.168289000Z,QoS Data,115,34,-20,920,2,8,1,0,1,0,0,0,720,0
4789,2026-07-03T14:04:51.277910000Z,QoS Data,112,34,-11,920,2,8,1,0,0,0,0,0,720,0
4792,2026-07-03T14:04:51.513452000Z,S1G Beacon,129,34,-63,920,3,1,,,,,,,0,0
4794,2026-07-03T14:04:52.330871000Z,S1G Beacon,61,34,-63,920,3,1,,,,,,,0,0
4795,2026-07-03T14:04:53.151906000Z,S1G Beacon,129,34,-63,920,3,1,,,,,,,0,0
4796,2026-07-03T14:04:53.969337000Z,S1G Beacon,61,34,-65,920,3,1,,,,,,,0,0
4797,2026-07-03T14:04:54.790355000Z,S1G Beacon,129,34,-62,920,3,1,,,,,,,0,0
4799,2026-07-03T14:04:55.607773000Z,S1G Beacon,61,34,-63,920,3,1,,,,,,,0,0
4800,2026-07-03T14:04:56.185533000Z,QoS Data,132,34,-10,920,2,8,1,0,0,0,0,0,720,0
4803,2026-07-03T14:04:56.198034000Z,QoS Data,115,34,-19,920,2,8,1,0,0,0,0,0,720,0
4807,2026-07-03T14:04:56.277956000Z,QoS Data,112,34,-10,920,2,8,1,0,0,0,0,0,720,0
4810,2026-07-03T14:04:56.428803000Z,S1G Beacon,129,34,-65,920,3,1,,,,,,,0,0
4811,2026-07-03T14:04:57.246227000Z,S1G Beacon,61,34,-64,920,3,1,,,,,,,0,0
4812,2026-07-03T14:04:58.067253000Z,S1G Beacon,129,34,-65,920,3,1,,,,,,,0,0
4814,2026-07-03T14:04:58.884674000Z,S1G Beacon,61,34,-64,920,3,1,,,,,,,0,0
4815,2026-07-03T14:04:59.705705000Z,S1G Beacon,129,34,-64,920,3,1,,,,,,,0,0
4817,2026-07-03T14:05:00.523121000Z,S1G Beacon,61,34,-63,920,3,1,,,,,,,0,0
4818,2026-07-03T14:05:01.215544000Z,QoS Data,132,34,-10,920,2,8,1,0,0,0,0,0,720,0
4822,2026-07-03T14:05:01.224799000Z,QoS Data,115,34,-19,920,2,8,1,0,0,0,0,0,720,0
4827,2026-07-03T14:05:01.277989000Z,QoS Data,112,34,-11,920,2,8,1,0,0,0,0,0,720,0
4830,2026-07-03T14:05:01.344146000Z,S1G Beacon,129,34,-64,920,3,1,,,,,,,0,0
4831,2026-07-03T14:05:02.161570000Z,S1G Beacon,61,34,-63,920,3,1,,,,,,,0,0
4840,2026-07-03T14:05:02.982598000Z,S1G Beacon,129,34,-62,920,3,1,,,,,,,0,0
4846,2026-07-03T14:05:03.800019000Z,S1G Beacon,61,34,-62,920,3,1,,,,,,,0,0
4848,2026-07-03T14:05:04.621050000Z,S1G Beacon,129,34,-62,920,3,1,,,,,,,0,0
4849,2026-07-03T14:05:05.438485000Z,S1G Beacon,61,34,-63,920,3,1,,,,,,,0,0
4851,2026-07-03T14:05:06.259500000Z,S1G Beacon,129,34,-61,920,3,1,,,,,,,0,0
4852,2026-07-03T14:05:06.275549000Z,QoS Data,132,34,-11,920,2,8,1,0,0,0,0,0,720,0
4855,2026-07-03T14:05:06.287023000Z,QoS Data,115,34,-19,920,2,8,1,0,0,0,0,0,720,0
4858,2026-07-03T14:05:06.528055000Z,QoS Data,112,34,-10,920,2,8,1,0,0,0,0,0,720,0
4863,2026-07-03T14:05:07.076919000Z,S1G Beacon,61,34,-62,920,3,1,,,,,,,0,0
4865,2026-07-03T14:05:07.897950000Z,S1G Beacon,129,34,-64,920,3,1,,,,,,,0,0
4866,2026-07-03T14:05:08.715373000Z,S1G Beacon,61,34,-64,920,3,1,,,,,,,0,0
4867,2026-07-03T14:05:09.536399000Z,S1G Beacon,129,34,-62,920,3,1,,,,,,,0,0
4869,2026-07-03T14:05:10.353815000Z,S1G Beacon,61,34,-63,920,3,1,,,,,,,0,0
4870,2026-07-03T14:05:11.174848000Z,S1G Beacon,129,34,-66,920,3,1,,,,,,,0,0
4871,2026-07-03T14:05:11.295575000Z,QoS Data,132,34,-9,920,2,8,1,0,0,0,0,0,720,0
4874,2026-07-03T14:05:11.313588000Z,QoS Data,115,34,-27,920,2,8,1,0,0,0,0,0,720,0
4875,2026-07-03T14:05:11.316110000Z,RTS,54,34,-19,920,1,11,,,,0,0,0,2380,0
4877,2026-07-03T14:05:11.320916000Z,RTS,54,34,-19,920,1,11,,,,0,0,0,2380,0
4879,2026-07-03T14:05:11.322574000Z,QoS Data,115,34,-27,920,2,8,1,0,1,0,0,0,720,0
4880,2026-07-03T14:05:11.325933000Z,RTS,54,34,-17,920,1,11,,,,0,0,0,2416,0
4883,2026-07-03T14:05:11.528094000Z,QoS Data,112,34,-11,920,2,8,1,0,0,0,0,0,720,0
4886,2026-07-03T14:05:11.992273000Z,S1G Beacon,61,34,-65,920,3,1,,,,,,,0,0
4887,2026-07-03T14:05:12.813300000Z,S1G Beacon,129,34,-63,920,3,1,,,,,,,0,0
4889,2026-07-03T14:05:13.630717000Z,S1G Beacon,61,34,-62,920,3,1,,,,,,,0,0
4890,2026-07-03T14:05:14.451754000Z,S1G Beacon,129,34,-62,920,3,1,,,,,,,0,0
4891,2026-07-03T14:05:15.269182000Z,S1G Beacon,61,34,-61,920,3,1,,,,,,,0,0
4892,2026-07-03T14:05:16.090241000Z,S1G Beacon,129,34,-63,920,3,1,,,,,,,0,0
4893,2026-07-03T14:05:16.335553000Z,QoS Data,132,34,-10,920,2,8,1,0,0,0,0,0,720,0
4896,2026-07-03T14:05:16.345093000Z,QoS Data,115,34,-15,920,2,8,1,0,0,0,0,0,720,0
4900,2026-07-03T14:05:16.528093000Z,QoS Data,112,34,-10,920,2,8,1,0,0,0,0,0,720,0
4903,2026-07-03T14:05:16.907625000Z,S1G Beacon,61,34,-62,920,3,1,,,,,,,0,0
4904,2026-07-03T14:05:17.728655000Z,S1G Beacon,129,34,-62,920,3,1,,,,,,,0,0
4906,2026-07-03T14:05:18.546072000Z,S1G Beacon,61,34,-62,920,3,1,,,,,,,0,0
4908,2026-07-03T14:05:19.367103000Z,S1G Beacon,129,34,-60,920,3,1,,,,,,,0,0
4910,2026-07-03T14:05:20.184524000Z,S1G Beacon,61,34,-62,920,3,1,,,,,,,0,0
4911,2026-07-03T14:05:21.005552000Z,S1G Beacon,129,34,-60,920,3,1,,,,,,,0,0
4913,2026-07-03T14:05:21.375286000Z,QoS Data,132,34,-10,920,2,8,1,0,0,0,0,0,720,0
4916,2026-07-03T14:05:21.384849000Z,QoS Data,115,34,-15,920,2,8,1,0,0,0,0,0,720,0
4919,2026-07-03T14:05:21.528090000Z,QoS Data,112,34,-9,920,2,8,1,0,0,0,0,0,720,0
4922,2026-07-03T14:05:21.822970000Z,S1G Beacon,61,34,-61,920,3,1,,,,,,,0,0
4924,2026-07-03T14:05:22.643993000Z,S1G Beacon,129,34,-61,920,3,1,,,,,,,0,0
4928,2026-07-03T14:05:23.461416000Z,S1G Beacon,61,34,-61,920,3,1,,,,,,,0,0
4937,2026-07-03T14:05:24.282443000Z,S1G Beacon,129,34,-62,920,3,1,,,,,,,0,0
4940,2026-07-03T14:05:25.099875000Z,S1G Beacon,61,34,-61,920,3,1,,,,,,,0,0
4943,2026-07-03T14:05:25.920900000Z,S1G Beacon,129,34,-63,920,3,1,,,,,,,0,0
4944,2026-07-03T14:05:26.395407000Z,QoS Data,132,34,-10,920,2,8,1,0,0,0,0,0,720,0
4947,2026-07-03T14:05:26.407562000Z,QoS Data,115,34,-15,920,2,8,1,0,1,0,0,0,720,0
4950,2026-07-03T14:05:26.527702000Z,QoS Data,112,34,-9,920,2,8,1,0,0,0,0,0,720,0
4953,2026-07-03T14:05:26.738312000Z,S1G Beacon,61,34,-62,920,3,1,,,,,,,0,0
4954,2026-07-03T14:05:27.559351000Z,S1G Beacon,129,34,-60,920,3,1,,,,,,,0,0
4955,2026-07-03T14:05:28.376770000Z,S1G Beacon,61,34,-63,920,3,1,,,,,,,0,0
4958,2026-07-03T14:05:29.197800000Z,S1G Beacon,129,34,-61,920,3,1,,,,,,,0,0
4959,2026-07-03T14:05:30.015236000Z,S1G Beacon,61,34,-62,920,3,1,,,,,,,0,0
4960,2026-07-03T14:05:30.836251000Z,S1G Beacon,129,34,-60,920,3,1,,,,,,,0,0
4962,2026-07-03T14:05:31.415085000Z,QoS Data,132,34,-7,920,2,8,1,0,0,0,0,0,720,0
4965,2026-07-03T14:05:31.430489000Z,QoS Data,115,34,-16,920,2,8,1,0,0,0,0,0,720,0
4969,2026-07-03T14:05:31.527563000Z,QoS Data,112,34,-7,920,2,8,1,0,0,0,0,0,720,0
4972,2026-07-03T14:05:31.653662000Z,S1G Beacon,61,34,-59,920,3,1,,,,,,,0,0
4973,2026-07-03T14:05:32.474700000Z,S1G Beacon,129,34,-61,920,3,1,,,,,,,0,0
4974,2026-07-03T14:05:33.292113000Z,S1G Beacon,61,34,-60,920,3,1,,,,,,,0,0
4975,2026-07-03T14:05:34.113146000Z,S1G Beacon,129,34,-60,920,3,1,,,,,,,0,0
4977,2026-07-03T14:05:35.751605000Z,S1G Beacon,129,34,-62,920,3,1,,,,,,,0,0
4978,2026-07-03T14:05:36.444956000Z,QoS Data,132,34,-8,920,2,8,1,0,0,0,0,0,720,0
4981,2026-07-03T14:05:36.464148000Z,QoS Data,132,34,-63,920,2,8,0,0,1,0,0,0,720,0
4983,2026-07-03T14:05:36.471462000Z,RTS,54,34,-14,920,1,11,,,,0,0,0,2416,0
4985,2026-07-03T14:05:36.473157000Z,QoS Data,115,34,-16,920,2,8,1,0,1,0,0,0,720,0
4988,2026-07-03T14:05:36.527736000Z,QoS Data,112,34,-8,920,2,8,1,0,0,0,0,0,720,0
4991,2026-07-03T14:05:36.569012000Z,S1G Beacon,61,34,-61,920,3,1,,,,,,,0,0
4993,2026-07-03T14:05:37.390049000Z,S1G Beacon,129,34,-61,920,3,1,,,,,,,0,0
4995,2026-07-03T14:05:38.207464000Z,S1G Beacon,61,34,-60,920,3,1,,,,,,,0,0
4997,2026-07-03T14:05:39.028489000Z,S1G Beacon,129,34,-60,920,3,1,,,,,,,0,0
4998,2026-07-03T14:05:39.845914000Z,S1G Beacon,61,34,-60,920,3,1,,,,,,,0,0
5000,2026-07-03T14:05:40.666940000Z,S1G Beacon,129,34,-62,920,3,1,,,,,,,0,0
5001,2026-07-03T14:05:41.484368000Z,S1G Beacon,61,34,-62,920,3,1,,,,,,,0,0
5002,2026-07-03T14:05:41.486325000Z,QoS Data,132,34,-7,920,2,8,1,0,0,0,0,0,720,0
5005,2026-07-03T14:05:41.501684000Z,QoS Data,115,34,-16,920,2,8,1,0,1,0,0,0,720,0
5008,2026-07-03T14:05:41.527747000Z,QoS Data,112,34,-7,920,2,8,1,0,0,0,0,0,720,0
5010,2026-07-03T14:05:41.530080000Z,QoS Data,112,34,-63,920,2,8,0,0,0,0,0,0,720,0
5012,2026-07-03T14:05:42.305401000Z,S1G Beacon,129,34,-62,920,3,1,,,,,,,0,0
5013,2026-07-03T14:05:43.122819000Z,S1G Beacon,61,34,-61,920,3,1,,,,,,,0,0
5015,2026-07-03T14:05:43.943843000Z,S1G Beacon,129,34,-61,920,3,1,,,,,,,0,0
5022,2026-07-03T14:05:44.761274000Z,S1G Beacon,61,34,-60,920,3,1,,,,,,,0,0
5030,2026-07-03T14:05:45.582299000Z,S1G Beacon,129,34,-60,920,3,1,,,,,,,0,0
5032,2026-07-03T14:05:46.399733000Z,S1G Beacon,61,34,-61,920,3,1,,,,,,,0,0
5034,2026-07-03T14:05:46.540687000Z,QoS Data,132,34,-7,920,2,8,1,0,0,0,0,0,720,0
5037,2026-07-03T14:05:46.556887000Z,QoS Data,123,42,-16,920,2,8,1,0,0,0,0,0,720,0
5039,2026-07-03T14:05:46.561069000Z,QoS Data,112,34,-15,920,2,8,1,0,1,0,0,0,720,0
5044,2026-07-03T14:05:46.777532000Z,QoS Data,112,34,-7,920,2,8,1,0,0,0,0,0,720,0
5046,2026-07-03T14:05:46.779701000Z,QoS Data,112,34,-62,920,2,8,0,0,0,0,0,0,720,0
5048,2026-07-03T14:05:47.220745000Z,S1G Beacon,129,34,-61,920,3,1,,,,,,,0,0
5049,2026-07-03T14:05:48.038165000Z,S1G Beacon,61,34,-62,920,3,1,,,,,,,0,0
5050,2026-07-03T14:05:48.859190000Z,S1G Beacon,129,34,-60,920,3,1,,,,,,,0,0
5053,2026-07-03T14:05:49.676605000Z,S1G Beacon,61,34,-62,920,3,1,,,,,,,0,0
5054,2026-07-03T14:05:50.497637000Z,S1G Beacon,129,34,-61,920,3,1,,,,,,,0,0
5055,2026-07-03T14:05:51.315069000Z,S1G Beacon,61,34,-60,920,3,1,,,,,,,0,0
5056,2026-07-03T14:05:51.579718000Z,QoS Data,132,34,-8,920,2,8,1,0,1,0,0,0,720,0
5059,2026-07-03T14:05:51.592550000Z,QoS Data,115,34,-16,920,2,8,1,0,1,0,0,0,720,0
5062,2026-07-03T14:05:51.778046000Z,QoS Data,112,34,-9,920,2,8,1,0,0,0,0,0,720,0
5064,2026-07-03T14:05:51.780475000Z,QoS Data,112,34,-64,920,2,8,0,0,0,0,0,0,720,0
5066,2026-07-03T14:05:52.136086000Z,S1G Beacon,129,34,-63,920,3,1,,,,,,,0,0
5067,2026-07-03T14:05:52.953513000Z,S1G Beacon,61,34,-62,920,3,1,,,,,,,0,0
5068,2026-07-03T14:05:53.774541000Z,S1G Beacon,129,34,-62,920,3,1,,,,,,,0,0
5069,2026-07-03T14:05:54.591961000Z,S1G Beacon,61,34,-61,920,3,1,,,,,,,0,0
5070,2026-07-03T14:05:55.412987000Z,S1G Beacon,129,34,-61,920,3,1,,,,,,,0,0
5072,2026-07-03T14:05:56.230418000Z,S1G Beacon,61,34,-62,920,3,1,,,,,,,0,0
5073,2026-07-03T14:05:56.605587000Z,QoS Data,132,34,-10,920,2,8,1,0,0,0,0,0,720,0
5076,2026-07-03T14:05:56.615245000Z,QoS Data,115,34,-15,920,2,8,1,0,0,0,0,0,720,0
5079,2026-07-03T14:05:56.778034000Z,QoS Data,112,34,-7,920,2,8,1,0,0,0,0,0,720,0
5082,2026-07-03T14:05:57.051445000Z,S1G Beacon,129,34,-62,920,3,1,,,,,,,0,0
5083,2026-07-03T14:05:57.868863000Z,S1G Beacon,61,34,-63,920,3,1,,,,,,,0,0
5084,2026-07-03T14:05:58.689894000Z,S1G Beacon,129,34,-62,920,3,1,,,,,,,0,0
5086,2026-07-03T14:05:59.507314000Z,S1G Beacon,61,34,-61,920,3,1,,,,,,,0,0
5087,2026-07-03T14:06:00.328340000Z,S1G Beacon,129,34,-62,920,3,1,,,,,,,0,0
5089,2026-07-03T14:06:01.145756000Z,S1G Beacon,61,34,-62,920,3,1,,,,,,,0,0
5091,2026-07-03T14:06:01.625604000Z,QoS Data,132,34,-7,920,2,8,1,0,0,0,0,0,720,0
5094,2026-07-03T14:06:01.639387000Z,QoS Data,115,34,-17,920,2,8,1,0,0,0,0,0,720,0
5098,2026-07-03T14:06:01.777926000Z,QoS Data,112,34,-8,920,2,8,1,0,0,0,0,0,720,0
5100,2026-07-03T14:06:01.790623000Z,QoS Data,112,34,-64,920,2,8,0,0,1,0,0,0,720,0
5101,2026-07-03T14:06:01.806265000Z,QoS Data,112,34,-64,920,2,8,0,0,1,0,0,0,720,0
5103,2026-07-03T14:06:01.966786000Z,S1G Beacon,129,34,-63,920,3,1,,,,,,,0,0
5104,2026-07-03T14:06:02.784212000Z,S1G Beacon,61,34,-63,920,3,1,,,,,,,0,0
5105,2026-07-03T14:06:03.605240000Z,S1G Beacon,129,34,-63,920,3,1,,,,,,,0,0
5106,2026-07-03T14:06:04.422657000Z,S1G Beacon,61,34,-62,920,3,1,,,,,,,0,0
5109,2026-07-03T14:06:05.243686000Z,S1G Beacon,129,34,-61,920,3,1,,,,,,,0,0
5122,2026-07-03T14:06:06.655605000Z,QoS Data,132,34,-7,920,2,8,1,0,0,0,0,0,720,0
5125,2026-07-03T14:06:06.665213000Z,QoS Data,115,34,-15,920,2,8,1,0,0,0,0,0,720,0
5128,2026-07-03T14:06:06.778011000Z,QoS Data,112,34,-8,920,2,8,1,0,0,0,0,0,720,0
5131,2026-07-03T14:06:06.882138000Z,S1G Beacon,129,34,-61,920,3,1,,,,,,,0,0
5132,2026-07-03T14:06:07.699565000Z,S1G Beacon,61,34,-63,920,3,1,,,,,,,0,0
5134,2026-07-03T14:06:08.520590000Z,S1G Beacon,129,34,-62,920,3,1,,,,,,,0,0
5135,2026-07-03T14:06:09.338012000Z,S1G Beacon,61,34,-61,920,3,1,,,,,,,0,0
5136,2026-07-03T14:06:10.159035000Z,S1G Beacon,129,34,-61,920,3,1,,,,,,,0,0
5138,2026-07-03T14:06:10.976467000Z,S1G Beacon,61,34,-61,920,3,1,,,,,,,0,0
5139,2026-07-03T14:06:11.675594000Z,QoS Data,132,34,-8,920,2,8,1,0,0,0,0,0,720,0
5142,2026-07-03T14:06:11.688673000Z,QoS Data,115,34,-14,920,2,8,1,0,0,0,0,0,720,0
5145,2026-07-03T14:06:11.778040000Z,QoS Data,112,34,-9,920,2,8,1,0,0,0,0,0,720,0
5148,2026-07-03T14:06:11.797495000Z,S1G Beacon,129,34,-61,920,3,1,,,,,,,0,0
5149,2026-07-03T14:06:12.614920000Z,S1G Beacon,61,34,-63,920,3,1,,,,,,,0,0
5150,2026-07-03T14:06:13.435953000Z,S1G Beacon,129,34,-60,920,3,1,,,,,,,0,0
5152,2026-07-03T14:06:14.253363000Z,S1G Beacon,61,34,-61,920,3,1,,,,,,,0,0
5153,2026-07-03T14:06:15.074401000Z,S1G Beacon,129,34,-60,920,3,1,,,,,,,0,0
5155,2026-07-03T14:06:15.891823000Z,S1G Beacon,61,34,-61,920,3,1,,,,,,,0,0
5156,2026-07-03T14:06:16.705817000Z,QoS Data,132,34,-7,920,2,8,1,0,0,0,0,0,720,0
5158,2026-07-03T14:06:16.712849000Z,S1G Beacon,129,34,-62,920,3,1,,,,,,,0,0
5160,2026-07-03T14:06:16.725556000Z,QoS Data,115,34,-14,920,2,8,1,0,0,0,0,0,720,0
5163,2026-07-03T14:06:16.778040000Z,QoS Data,112,34,-7,920,2,8,1,0,0,0,0,0,720,0
5167,2026-07-03T14:06:17.530264000Z,S1G Beacon,61,34,-62,920,3,1,,,,,,,0,0
5169,2026-07-03T14:06:18.351292000Z,S1G Beacon,129,34,-63,920,3,1,,,,,,,0,0
5170,2026-07-03T14:06:19.168708000Z,S1G Beacon,61,34,-60,920,3,1,,,,,,,0,0
5172,2026-07-03T14:06:19.989735000Z,S1G Beacon,129,34,-61,920,3,1,,,,,,,0,0
5173,2026-07-03T14:06:20.807163000Z,S1G Beacon,61,34,-62,920,3,1,,,,,,,0,0
5174,2026-07-03T14:06:21.628192000Z,S1G Beacon,129,34,-63,920,3,1,,,,,,,0,0
5175,2026-07-03T14:06:21.735662000Z,QoS Data,132,34,-9,920,2,8,1,0,0,0,0,0,720,0
5177,2026-07-03T14:06:21.738675000Z,QoS Data,132,34,-65,920,2,8,0,0,0,0,0,0,720,0
5179,2026-07-03T14:06:21.745786000Z,QoS Data,115,34,-16,920,2,8,1,0,0,0,0,0,720,0
5182,2026-07-03T14:06:21.778062000Z,QoS Data,112,34,-8,920,2,8,1,0,0,0,0,0,720,0
5185,2026-07-03T14:06:22.445613000Z,S1G Beacon,61,34,-62,920,3,1,,,,,,,0,0
5187,2026-07-03T14:06:23.266653000Z,S1G Beacon,129,34,-64,920,3,1,,,,,,,0,0
5189,2026-07-03T14:06:24.084068000Z,S1G Beacon,61,34,-63,920,3,1,,,,,,,0,0
5190,2026-07-03T14:06:24.905095000Z,S1G Beacon,129,34,-63,920,3,1,,,,,,,0,0
5192,2026-07-03T14:06:25.722510000Z,S1G Beacon,61,34,-63,920,3,1,,,,,,,0,0
5199,2026-07-03T14:06:26.543538000Z,S1G Beacon,129,34,-61,920,3,1,,,,,,,0,0
5202,2026-07-03T14:06:26.755648000Z,QoS Data,132,34,-9,920,2,8,1,0,0,0,0,0,720,0
5205,2026-07-03T14:06:26.765540000Z,QoS Data,115,34,-15,920,2,8,1,0,0,0,0,0,720,0
5208,2026-07-03T14:06:26.780320000Z,RTS,54,34,-7,920,1,11,,,,0,0,0,2880,0
5209,2026-07-03T14:06:26.782476000Z,QoS Data,112,34,-8,920,2,8,1,0,1,0,0,0,720,0
5218,2026-07-03T14:06:27.360961000Z,S1G Beacon,61,34,-62,920,3,1,,,,,,,0,0
5220,2026-07-03T14:06:28.181993000Z,S1G Beacon,129,34,-63,920,3,1,,,,,,,0,0
5221,2026-07-03T14:06:28.999417000Z,S1G Beacon,61,34,-63,920,3,1,,,,,,,0,0
5222,2026-07-03T14:06:29.820441000Z,S1G Beacon,129,34,-63,920,3,1,,,,,,,0,0
5223,2026-07-03T14:06:30.637868000Z,S1G Beacon,61,34,-62,920,3,1,,,,,,,0,0
5224,2026-07-03T14:06:31.458900000Z,S1G Beacon,129,34,-62,920,3,1,,,,,,,0,0
5227,2026-07-03T14:06:31.804989000Z,QoS Data,115,34,-15,920,2,8,1,0,0,0,0,0,720,0
5231,2026-07-03T14:06:32.028061000Z,QoS Data,112,34,-7,920,2,8,1,0,0,0,0,0,720,0
5234,2026-07-03T14:06:32.276305000Z,S1G Beacon,61,34,-62,920,3,1,,,,,,,0,0
5235,2026-07-03T14:06:33.097346000Z,S1G Beacon,129,34,-63,920,3,1,,,,,,,0,0
5236,2026-07-03T14:06:33.914752000Z,S1G Beacon,61,34,-62,920,3,1,,,,,,,0,0
5237,2026-07-03T14:06:34.735791000Z,S1G Beacon,129,34,-61,920,3,1,,,,,,,0,0
5238,2026-07-03T14:06:35.553205000Z,S1G Beacon,61,34,-62,920,3,1,,,,,,,0,0
5239,2026-07-03T14:06:36.374247000Z,S1G Beacon,129,34,-63,920,3,1,,,,,,,0,0
5240,2026-07-03T14:06:36.815709000Z,QoS Data,132,34,-10,920,2,8,1,0,0,0,0,0,720,0
5243,2026-07-03T14:06:36.825666000Z,QoS Data,115,34,-13,920,2,8,1,0,0,0,0,0,720,0
5244,2026-07-03T14:06:36.829301000Z,QoS Data,115,34,-13,920,2,8,1,0,1,0,0,0,720,0
5247,2026-07-03T14:06:37.027731000Z,QoS Data,112,34,-9,920,2,8,1,0,0,0,0,0,720,0
5250,2026-07-03T14:06:37.191655000Z,S1G Beacon,61,34,-63,920,3,1,,,,,,,0,0
5251,2026-07-03T14:06:38.012682000Z,S1G Beacon,129,34,-62,920,3,1,,,,,,,0,0
5253,2026-07-03T14:06:38.830102000Z,S1G Beacon,61,34,-62,920,3,1,,,,,,,0,0
5254,2026-07-03T14:06:39.651137000Z,S1G Beacon,129,34,-63,920,3,1,,,,,,,0,0
5255,2026-07-03T14:06:40.468554000Z,S1G Beacon,61,34,-61,920,3,1,,,,,,,0,0
5257,2026-07-03T14:06:41.289581000Z,S1G Beacon,129,34,-62,920,3,1,,,,,,,0,0
5258,2026-07-03T14:06:41.845231000Z,QoS Data,132,34,-9,920,2,8,1,0,0,0,0,0,720,0
5261,2026-07-03T14:06:41.857750000Z,QoS Data,115,34,-14,920,2,8,1,0,0,0,0,0,720,0
5264,2026-07-03T14:06:42.027841000Z,QoS Data,112,34,-9,920,2,8,1,0,0,0,0,0,720,0
5267,2026-07-03T14:06:42.107002000Z,S1G Beacon,61,34,-62,920,3,1,,,,,,,0,0
5268,2026-07-03T14:06:42.928022000Z,S1G Beacon,129,34,-62,920,3,1,,,,,,,0,0
5270,2026-07-03T14:06:43.745451000Z,S1G Beacon,61,34,-63,920,3,1,,,,,,,0,0
5272,2026-07-03T14:06:44.566478000Z,S1G Beacon,129,34,-62,920,3,1,,,,,,,0,0
5273,2026-07-03T14:06:45.383904000Z,S1G Beacon,61,34,-63,920,3,1,,,,,,,0,0
5274,2026-07-03T14:06:46.204953000Z,S1G Beacon,129,34,-63,920,3,1,,,,,,,0,0
5276,2026-07-03T14:06:46.865251000Z,QoS Data,132,34,-9,920,2,8,1,0,0,0,0,0,720,0
5279,2026-07-03T14:06:46.881686000Z,QoS Data,115,34,-12,920,2,8,1,0,0,0,0,0,720,0
5282,2026-07-03T14:06:47.022351000Z,S1G Beacon,61,34,-63,920,3,1,,,,,,,0,0
5283,2026-07-03T14:06:47.027799000Z,QoS Data,112,34,-9,920,2,8,1,0,0,0,0,0,720,0
5294,2026-07-03T14:06:47.843377000Z,S1G Beacon,129,34,-62,920,3,1,,,,,,,0,0
5301,2026-07-03T14:06:48.660801000Z,S1G Beacon,61,34,-61,920,3,1,,,,,,,0,0
5302,2026-07-03T14:06:49.481839000Z,S1G Beacon,129,34,-60,920,3,1,,,,,,,0,0
5304,2026-07-03T14:06:50.299240000Z,S1G Beacon,61,34,-62,920,3,1,,,,,,,0,0
5305,2026-07-03T14:06:51.120281000Z,S1G Beacon,129,34,-62,920,3,1,,,,,,,0,0
5306,2026-07-03T14:06:51.895579000Z,QoS Data,132,34,-8,920,2,8,1,0,0,0,0,0,720,0
5311,2026-07-03T14:06:51.937692000Z,S1G Beacon,61,34,-63,920,3,1,,,,,,,0,0
5312,2026-07-03T14:06:52.027754000Z,QoS Data,112,34,-9,920,2,8,1,0,0,0,0,0,720,0
5315,2026-07-03T14:06:52.758726000Z,S1G Beacon,129,34,-64,920,3,1,,,,,,,0,0
5317,2026-07-03T14:06:53.576161000Z,S1G Beacon,61,34,-64,920,3,1,,,,,,,0,0
5318,2026-07-03T14:06:54.397174000Z,S1G Beacon,129,34,-63,920,3,1,,,,,,,0,0
5319,2026-07-03T14:06:55.214602000Z,S1G Beacon,61,34,-64,920,3,1,,,,,,,0,0
5320,2026-07-03T14:06:56.035623000Z,S1G Beacon,129,34,-62,920,3,1,,,,,,,0,0
5323,2026-07-03T14:06:56.853048000Z,S1G Beacon,61,34,-61,920,3,1,,,,,,,0,0
5324,2026-07-03T14:06:56.931033000Z,QoS Data,132,34,-9,920,2,8,1,0,0,0,0,0,720,0
5329,2026-07-03T14:06:57.027751000Z,QoS Data,112,34,-12,920,2,8,1,0,0,0,0,0,720,0
5332,2026-07-03T14:06:57.674077000Z,S1G Beacon,129,34,-63,920,3,1,,,,,,,0,0
5333,2026-07-03T14:06:58.491501000Z,S1G Beacon,61,34,-63,920,3,1,,,,,,,0,0
5335,2026-07-03T14:06:59.312521000Z,S1G Beacon,129,34,-62,920,3,1,,,,,,,0,0
5336,2026-07-03T14:07:00.129949000Z,S1G Beacon,61,34,-61,920,3,1,,,,,,,0,0
5337,2026-07-03T14:07:00.950973000Z,S1G Beacon,129,34,-61,920,3,1,,,,,,,0,0
5338,2026-07-03T14:07:01.768394000Z,S1G Beacon,61,34,-63,920,3,1,,,,,,,0,0
5339,2026-07-03T14:07:01.955274000Z,QoS Data,132,34,-10,920,2,8,1,0,0,0,0,0,720,0
5343,2026-07-03T14:07:02.028132000Z,QoS Data,112,34,-11,920,2,8,1,0,0,0,0,0,720,0
5348,2026-07-03T14:07:02.589417000Z,S1G Beacon,129,34,-61,920,3,1,,,,,,,0,0
5349,2026-07-03T14:07:03.406859000Z,S1G Beacon,61,34,-62,920,3,1,,,,,,,0,0
5351,2026-07-03T14:07:04.227882000Z,S1G Beacon,129,34,-61,920,3,1,,,,,,,0,0
5352,2026-07-03T14:07:05.045293000Z,S1G Beacon,61,34,-63,920,3,1,,,,,,,0,0
5354,2026-07-03T14:07:05.866321000Z,S1G Beacon,129,34,-62,920,3,1,,,,,,,0,0
5355,2026-07-03T14:07:06.683748000Z,S1G Beacon,61,34,-62,920,3,1,,,,,,,0,0
5356,2026-07-03T14:07:06.985710000Z,QoS Data,132,34,-10,920,2,8,1,0,0,0,0,0,720,0
5360,2026-07-03T14:07:07.028178000Z,QoS Data,112,34,-11,920,2,8,1,0,0,0,0,0,720,0
5363,2026-07-03T14:07:07.504777000Z,S1G Beacon,129,34,-62,920,3,1,,,,,,,0,0
