packet_number,timestamp,frame_name,frame_len,length,dbm_antsignal,channel_freq,type,subtype,ds,frag,retry,pwrmgt,moredata,protected,duration,label
1,2026-07-07T13:07:24.463608000Z,S1G Beacon,61,34,-58,920,3,1,,,,,,,0,0
2,2026-07-07T13:07:25.012162000Z,S1G Beacon,129,34,-56,920,3,1,,,,,,,0,1
3,2026-07-07T13:07:25.284566000Z,S1G Beacon,129,34,-59,920,3,1,,,,,,,0,0
4,2026-07-07T13:07:25.829567000Z,S1G Beacon,61,34,-57,920,3,1,,,,,,,0,1
6,2026-07-07T13:07:26.101988000Z,S1G Beacon,61,34,-59,920,3,1,,,,,,,0,0
7,2026-07-07T13:07:26.224154000Z,QoS Data,112,34,0,920,2,8,1,0,0,0,0,0,720,0
10,2026-07-07T13:07:26.231524000Z,QoS Data,112,34,-4,920,2,8,1,0,0,0,0,0,720,0
16,2026-07-07T13:07:26.652006000Z,S1G Beacon,129,34,-57,920,3,1,,,,,,,0,1
17,2026-07-07T13:07:26.923017000Z,S1G Beacon,129,34,-58,920,3,1,,,,,,,0,0
18,2026-07-07T13:07:27.470678000Z,S1G Beacon,61,34,-59,920,3,1,,,,,,,0,1
19,2026-07-07T13:07:27.740442000Z,S1G Beacon,61,34,-58,920,3,1,,,,,,,0,0
20,2026-07-07T13:07:28.289054000Z,S1G Beacon,129,34,-58,920,3,1,,,,,,,0,1
21,2026-07-07T13:07:28.561468000Z,S1G Beacon,129,34,-64,920,3,1,,,,,,,0,0
22,2026-07-07T13:07:28.666769000Z,QoS Data,132,34,-4,920,2,8,1,0,0,0,0,0,720,0
25,2026-07-07T13:07:28.675751000Z,QoS Data,115,34,0,920,2,8,1,0,0,0,0,0,720,0
28,2026-07-07T13:07:28.709334000Z,QoS Data,112,34,-6,920,2,8,1,0,0,0,0,0,720,0
32,2026-07-07T13:07:29.106479000Z,S1G Beacon,61,34,-58,920,3,1,,,,,,,0,1
33,2026-07-07T13:07:29.378888000Z,S1G Beacon,61,34,-59,920,3,1,,,,,,,0,0
34,2026-07-07T13:07:29.927508000Z,S1G Beacon,129,34,-59,920,3,1,,,,,,,0,1
35,2026-07-07T13:07:30.199920000Z,S1G Beacon,129,34,-59,920,3,1,,,,,,,0,0
36,2026-07-07T13:07:30.744924000Z,S1G Beacon,61,34,-58,920,3,1,,,,,,,0,1
37,2026-07-07T13:07:31.017339000Z,S1G Beacon,61,34,-59,920,3,1,,,,,,,0,0
38,2026-07-07T13:07:31.565942000Z,S1G Beacon,129,34,-58,920,3,1,,,,,,,0,1
39,2026-07-07T13:07:31.838408000Z,S1G Beacon,129,34,-64,920,3,1,,,,,,,0,0
41,2026-07-07T13:07:32.383362000Z,S1G Beacon,61,34,-60,920,3,1,,,,,,,0,1
42,2026-07-07T13:07:32.655797000Z,S1G Beacon,61,34,-59,920,3,1,,,,,,,0,0
43,2026-07-07T13:07:33.204388000Z,S1G Beacon,129,34,-59,920,3,1,,,,,,,0,1
44,2026-07-07T13:07:33.476815000Z,S1G Beacon,129,34,-59,920,3,1,,,,,,,0,0
45,2026-07-07T13:07:33.689707000Z,QoS Data,132,34,-4,920,2,8,1,0,1,0,0,0,720,0
48,2026-07-07T13:07:33.698744000Z,QoS Data,115,34,0,920,2,8,1,0,0,0,0,0,720,0
50,2026-07-07T13:07:33.700867000Z,QoS Data,115,34,-61,920,2,8,0,0,0,0,0,0,720,0
51,2026-07-07T13:07:33.706734000Z,QoS Data,115,34,-61,920,2,8,0,0,1,0,0,0,720,0
52,2026-07-07T13:07:33.715565000Z,QoS Data,115,34,-62,920,2,8,0,0,1,0,0,0,720,0
54,2026-07-07T13:07:33.959246000Z,QoS Data,112,34,-5,920,2,8,1,0,0,0,0,0,720,0
57,2026-07-07T13:07:34.021804000Z,S1G Beacon,61,34,-59,920,3,1,,,,,,,0,1
58,2026-07-07T13:07:34.294238000Z,S1G Beacon,61,34,-59,920,3,1,,,,,,,0,0
59,2026-07-07T13:07:34.842834000Z,S1G Beacon,129,34,-60,920,3,1,,,,,,,0,1
61,2026-07-07T13:07:35.115290000Z,S1G Beacon,129,34,-60,920,3,1,,,,,,,0,0
62,2026-07-07T13:07:35.660263000Z,S1G Beacon,61,34,-60,920,3,1,,,,,,,0,1
63,2026-07-07T13:07:35.932691000Z,S1G Beacon,61,34,-59,920,3,1,,,,,,,0,0
64,2026-07-07T13:07:36.481283000Z,S1G Beacon,129,34,-60,920,3,1,,,,,,,0,1
65,2026-07-07T13:07:36.753719000Z,S1G Beacon,129,34,-60,920,3,1,,,,,,,0,0
67,2026-07-07T13:07:37.298710000Z,S1G Beacon,61,34,-57,920,3,1,,,,,,,0,1
69,2026-07-07T13:07:37.571137000Z,S1G Beacon,61,34,-60,920,3,1,,,,,,,0,0
71,2026-07-07T13:07:38.119731000Z,S1G Beacon,129,34,-57,920,3,1,,,,,,,0,1
73,2026-07-07T13:07:38.392168000Z,S1G Beacon,129,34,-59,920,3,1,,,,,,,0,0
77,2026-07-07T13:07:38.726806000Z,QoS Data,132,34,-4,920,2,8,1,0,0,0,0,0,720,0
80,2026-07-07T13:07:38.735993000Z,QoS Data,115,34,0,920,2,8,1,0,0,0,0,0,720,0
82,2026-07-07T13:07:38.738223000Z,QoS Data,115,34,-60,920,2,8,0,0,0,0,0,0,720,0
84,2026-07-07T13:07:38.740145000Z,QoS Data,115,34,-61,920,2,8,0,0,1,0,0,0,720,0
88,2026-07-07T13:07:38.937150000Z,S1G Beacon,61,34,-62,920,3,1,,,,,,,0,1
93,2026-07-07T13:07:39.209589000Z,S1G Beacon,61,34,-60,920,3,1,,,,,,,0,0
101,2026-07-07T13:07:39.717277000Z,QoS Data,112,34,0,920,2,8,1,0,0,0,0,0,720,0
104,2026-07-07T13:07:39.758175000Z,S1G Beacon,129,34,-65,920,3,1,,,,,,,0,1
105,2026-07-07T13:07:40.030625000Z,S1G Beacon,129,34,-60,920,3,1,,,,,,,0,0
106,2026-07-07T13:07:40.575594000Z,S1G Beacon,61,34,-56,920,3,1,,,,,,,0,1
107,2026-07-07T13:07:40.848049000Z,S1G Beacon,61,34,-59,920,3,1,,,,,,,0,0
109,2026-07-07T13:07:41.396639000Z,S1G Beacon,129,34,-58,920,3,1,,,,,,,0,1
110,2026-07-07T13:07:41.669085000Z,S1G Beacon,129,34,-59,920,3,1,,,,,,,0,0
111,2026-07-07T13:07:42.214322000Z,S1G Beacon,61,34,-61,920,3,1,,,,,,,0,1
112,2026-07-07T13:07:42.486499000Z,S1G Beacon,61,34,-64,920,3,1,,,,,,,0,0
113,2026-07-07T13:07:43.035707000Z,S1G Beacon,129,34,-64,920,3,1,,,,,,,0,1
114,2026-07-07T13:07:43.307520000Z,S1G Beacon,129,34,-59,920,3,1,,,,,,,0,0
115,2026-07-07T13:07:43.747249000Z,QoS Data,132,34,-2,920,2,8,1,0,0,0,0,0,720,0
118,2026-07-07T13:07:43.757598000Z,QoS Data,115,34,-1,920,2,8,1,0,0,0,0,0,720,0
120,2026-07-07T13:07:43.759920000Z,QoS Data,115,34,-62,920,2,8,0,0,0,0,0,0,720,0
122,2026-07-07T13:07:43.852493000Z,S1G Beacon,61,34,-64,920,3,1,,,,,,,0,1
123,2026-07-07T13:07:43.966459000Z,RTS,54,34,0,920,1,11,,,,0,0,0,2416,0
125,2026-07-07T13:07:43.970879000Z,RTS,54,34,0,920,1,11,,,,0,0,0,2416,0
127,2026-07-07T13:07:43.975772000Z,RTS,54,34,0,920,1,11,,,,0,0,0,2488,0
129,2026-07-07T13:07:43.980478000Z,RTS,54,34,-1,920,1,11,,,,0,0,0,2488,0
131,2026-07-07T13:07:43.984559000Z,RTS,54,34,0,920,1,11,,,,0,0,0,2668,0
133,2026-07-07T13:07:43.989821000Z,RTS,54,34,0,920,1,11,,,,0,0,0,2668,0
135,2026-07-07T13:07:43.991764000Z,QoS Data,112,34,-1,920,2,8,1,0,1,0,0,0,720,0
139,2026-07-07T13:07:44.124941000Z,S1G Beacon,61,34,-59,920,3,1,,,,,,,0,0
140,2026-07-07T13:07:44.673520000Z,S1G Beacon,129,34,-60,920,3,1,,,,,,,0,1
141,2026-07-07T13:07:44.945973000Z,S1G Beacon,129,34,-60,920,3,1,,,,,,,0,0
142,2026-07-07T13:07:45.490938000Z,S1G Beacon,61,34,-59,920,3,1,,,,,,,0,1
143,2026-07-07T13:07:45.763392000Z,S1G Beacon,61,34,-58,920,3,1,,,,,,,0,0
144,2026-07-07T13:07:46.311968000Z,S1G Beacon,129,34,-59,920,3,1,,,,,,,0,1
145,2026-07-07T13:07:46.584416000Z,S1G Beacon,129,34,-59,920,3,1,,,,,,,0,0
147,2026-07-07T13:07:47.129408000Z,S1G Beacon,61,34,-59,920,3,1,,,,,,,0,1
148,2026-07-07T13:07:47.401841000Z,S1G Beacon,61,34,-62,920,3,1,,,,,,,0,0
149,2026-07-07T13:07:47.950415000Z,S1G Beacon,129,34,-58,920,3,1,,,,,,,0,1
150,2026-07-07T13:07:48.222870000Z,S1G Beacon,129,34,-58,920,3,1,,,,,,,0,0
151,2026-07-07T13:07:48.767207000Z,QoS Data,132,34,-4,920,2,8,1,0,0,0,0,0,720,0
153,2026-07-07T13:07:48.769704000Z,S1G Beacon,61,34,-58,920,3,1,,,,,,,0,1
155,2026-07-07T13:07:48.781347000Z,QoS Data,115,34,0,920,2,8,1,0,0,0,0,0,720,0
158,2026-07-07T13:07:48.962908000Z,QoS Data,112,34,-4,920,2,8,1,0,1,0,0,0,720,0
161,2026-07-07T13:07:49.040290000Z,S1G Beacon,61,34,-61,920,3,1,,,,,,,0,0
162,2026-07-07T13:07:49.588859000Z,S1G Beacon,129,34,-57,920,3,1,,,,,,,0,1
164,2026-07-07T13:07:50.406283000Z,S1G Beacon,61,34,-60,920,3,1,,,,,,,0,1
165,2026-07-07T13:07:50.678749000Z,S1G Beacon,61,34,-60,920,3,1,,,,,,,0,0
166,2026-07-07T13:07:51.228407000Z,S1G Beacon,129,34,-59,920,3,1,,,,,,,0,1
167,2026-07-07T13:07:51.499774000Z,S1G Beacon,129,34,-60,920,3,1,,,,,,,0,0
169,2026-07-07T13:07:52.044733000Z,S1G Beacon,61,34,-59,920,3,1,,,,,,,0,1
170,2026-07-07T13:07:52.317201000Z,S1G Beacon,61,34,-60,920,3,1,,,,,,,0,0
171,2026-07-07T13:07:52.865755000Z,S1G Beacon,129,34,-58,920,3,1,,,,,,,0,1
173,2026-07-07T13:07:53.138225000Z,S1G Beacon,129,34,-59,920,3,1,,,,,,,0,0
174,2026-07-07T13:07:53.683182000Z,S1G Beacon,61,34,-57,920,3,1,,,,,,,0,1
175,2026-07-07T13:07:53.807200000Z,QoS Data,132,34,-6,920,2,8,1,0,0,0,0,0,720,0
178,2026-07-07T13:07:53.815898000Z,QoS Data,115,34,0,920,2,8,1,0,0,0,0,0,720,0
181,2026-07-07T13:07:53.955641000Z,S1G Beacon,61,34,-59,920,3,1,,,,,,,0,0
182,2026-07-07T13:07:53.964040000Z,QoS Data,112,34,-6,920,2,8,1,0,1,0,0,0,720,0
185,2026-07-07T13:07:54.504204000Z,S1G Beacon,129,34,-59,920,3,1,,,,,,,0,1
186,2026-07-07T13:07:54.776670000Z,S1G Beacon,129,34,-59,920,3,1,,,,,,,0,0
188,2026-07-07T13:07:55.321618000Z,S1G Beacon,61,34,-64,920,3,1,,,,,,,0,1
189,2026-07-07T13:07:55.594091000Z,S1G Beacon,61,34,-60,920,3,1,,,,,,,0,0
191,2026-07-07T13:07:56.142646000Z,S1G Beacon,129,34,-60,920,3,1,,,,,,,0,1
192,2026-07-07T13:07:56.415119000Z,S1G Beacon,129,34,-60,920,3,1,,,,,,,0,0
193,2026-07-07T13:07:56.960069000Z,S1G Beacon,61,34,-59,920,3,1,,,,,,,0,1
194,2026-07-07T13:07:57.232545000Z,S1G Beacon,61,34,-59,920,3,1,,,,,,,0,0
195,2026-07-07T13:07:57.781097000Z,S1G Beacon,129,34,-58,920,3,1,,,,,,,0,1
196,2026-07-07T13:07:58.053571000Z,S1G Beacon,129,34,-58,920,3,1,,,,,,,0,0
197,2026-07-07T13:07:58.598519000Z,S1G Beacon,61,34,-59,920,3,1,,,,,,,0,1
198,2026-07-07T13:07:58.840418000Z,QoS Data,132,34,-5,920,2,8,1,0,1,0,0,0,720,0
201,2026-07-07T13:07:58.849400000Z,QoS Data,115,34,0,920,2,8,1,0,0,0,0,0,720,0
203,2026-07-07T13:07:58.851939000Z,QoS Data,115,34,-61,920,2,8,0,0,0,0,0,0,720,0
205,2026-07-07T13:07:58.870988000Z,S1G Beacon,61,34,-59,920,3,1,,,,,,,0,0
206,2026-07-07T13:07:58.959719000Z,QoS Data,112,34,-4,920,2,8,1,0,0,0,0,0,720,0
210,2026-07-07T13:07:59.419544000Z,S1G Beacon,129,34,-58,920,3,1,,,,,,,0,1
214,2026-07-07T13:07:59.692019000Z,S1G Beacon,129,34,-58,920,3,1,,,,,,,0,0
220,2026-07-07T13:08:00.236962000Z,S1G Beacon,61,34,-57,920,3,1,,,,,,,0,1
224,2026-07-07T13:08:00.509448000Z,S1G Beacon,61,34,-60,920,3,1,,,,,,,0,0
227,2026-07-07T13:08:01.057990000Z,S1G Beacon,129,34,-61,920,3,1,,,,,,,0,1
228,2026-07-07T13:08:01.330474000Z,S1G Beacon,129,34,-60,920,3,1,,,,,,,0,0
229,2026-07-07T13:08:01.875409000Z,S1G Beacon,61,34,-59,920,3,1,,,,,,,0,1
230,2026-07-07T13:08:02.147892000Z,S1G Beacon,61,34,-59,920,3,1,,,,,,,0,0
233,2026-07-07T13:08:02.696442000Z,S1G Beacon,129,34,-59,920,3,1,,,,,,,0,1
234,2026-07-07T13:08:02.968929000Z,S1G Beacon,129,34,-59,920,3,1,,,,,,,0,0
235,2026-07-07T13:08:03.513854000Z,S1G Beacon,61,34,-59,920,3,1,,,,,,,0,1
236,2026-07-07T13:08:03.786340000Z,S1G Beacon,61,34,-60,920,3,1,,,,,,,0,0
237,2026-07-07T13:08:03.857421000Z,QoS Data,132,34,-4,920,2,8,1,0,0,0,0,0,720,0
241,2026-07-07T13:08:03.959748000Z,QoS Data,112,34,-4,920,2,8,1,0,0,0,0,0,720,0
244,2026-07-07T13:08:04.334879000Z,S1G Beacon,129,34,-59,920,3,1,,,,,,,0,1
245,2026-07-07T13:08:04.607370000Z,S1G Beacon,129,34,-59,920,3,1,,,,,,,0,0
247,2026-07-07T13:08:05.152301000Z,S1G Beacon,61,34,-57,920,3,1,,,,,,,0,1
249,2026-07-07T13:08:05.424792000Z,S1G Beacon,61,34,-58,920,3,1,,,,,,,0,0
250,2026-07-07T13:08:05.973337000Z,S1G Beacon,129,34,-59,920,3,1,,,,,,,0,1
251,2026-07-07T13:08:06.245819000Z,S1G Beacon,129,34,-59,920,3,1,,,,,,,0,0
252,2026-07-07T13:08:06.790752000Z,S1G Beacon,61,34,-59,920,3,1,,,,,,,0,1
253,2026-07-07T13:08:07.063242000Z,S1G Beacon,61,34,-59,920,3,1,,,,,,,0,0
254,2026-07-07T13:08:07.611779000Z,S1G Beacon,129,34,-61,920,3,1,,,,,,,0,1
255,2026-07-07T13:08:07.884276000Z,S1G Beacon,129,34,-60,920,3,1,,,,,,,0,0
257,2026-07-07T13:08:08.429206000Z,S1G Beacon,61,34,-59,920,3,1,,,,,,,0,1
258,2026-07-07T13:08:08.887267000Z,QoS Data,132,34,-4,920,2,8,1,0,0,0,0,0,720,0
261,2026-07-07T13:08:08.896709000Z,QoS Data,115,34,0,920,2,8,1,0,0,0,0,0,720,0
263,2026-07-07T13:08:08.906782000Z,QoS Data,115,34,-62,920,2,8,0,0,1,0,0,0,720,0
265,2026-07-07T13:08:08.959795000Z,QoS Data,112,34,-4,920,2,8,1,0,0,0,0,0,720,0
266,2026-07-07T13:08:08.962790000Z,QoS Data,112,34,-4,920,2,8,1,0,1,0,0,0,720,0
269,2026-07-07T13:08:09.250227000Z,S1G Beacon,129,34,-58,920,3,1,,,,,,,0,1
270,2026-07-07T13:08:09.522722000Z,S1G Beacon,129,34,-59,920,3,1,,,,,,,0,0
272,2026-07-07T13:08:10.067646000Z,S1G Beacon,61,34,-59,920,3,1,,,,,,,0,1
273,2026-07-07T13:08:10.340142000Z,S1G Beacon,61,34,-58,920,3,1,,,,,,,0,0
275,2026-07-07T13:08:10.888727000Z,S1G Beacon,129,34,-60,920,3,1,,,,,,,0,1
276,2026-07-07T13:08:11.161194000Z,S1G Beacon,129,34,-59,920,3,1,,,,,,,0,0
278,2026-07-07T13:08:11.706128000Z,S1G Beacon,61,34,-60,920,3,1,,,,,,,0,1
279,2026-07-07T13:08:11.978610000Z,S1G Beacon,61,34,-60,920,3,1,,,,,,,0,0
280,2026-07-07T13:08:12.527135000Z,S1G Beacon,129,34,-60,920,3,1,,,,,,,0,1
281,2026-07-07T13:08:12.799644000Z,S1G Beacon,129,34,-60,920,3,1,,,,,,,0,0
283,2026-07-07T13:08:13.344550000Z,S1G Beacon,61,34,-59,920,3,1,,,,,,,0,1
284,2026-07-07T13:08:13.617065000Z,S1G Beacon,61,34,-59,920,3,1,,,,,,,0,0
287,2026-07-07T13:08:13.926087000Z,QoS Data,115,34,0,920,2,8,1,0,0,0,0,0,720,0
290,2026-07-07T13:08:13.941922000Z,QoS Data,115,34,-63,920,2,8,0,0,1,0,0,0,720,0
292,2026-07-07T13:08:13.959861000Z,QoS Data,112,34,-4,920,2,8,1,0,0,0,0,0,720,0
296,2026-07-07T13:08:14.438078000Z,S1G Beacon,129,34,-58,920,3,1,,,,,,,0,0
297,2026-07-07T13:08:14.984148000Z,S1G Beacon,61,34,-59,920,3,1,,,,,,,0,1
298,2026-07-07T13:08:15.255519000Z,S1G Beacon,61,34,-58,920,3,1,,,,,,,0,0
299,2026-07-07T13:08:15.804022000Z,S1G Beacon,129,34,-62,920,3,1,,,,,,,0,1
300,2026-07-07T13:08:16.076533000Z,S1G Beacon,129,34,-59,920,3,1,,,,,,,0,0
301,2026-07-07T13:08:16.621445000Z,S1G Beacon,61,34,-60,920,3,1,,,,,,,0,1
302,2026-07-07T13:08:16.893960000Z,S1G Beacon,61,34,-60,920,3,1,,,,,,,0,0
304,2026-07-07T13:08:17.442456000Z,S1G Beacon,129,34,-59,920,3,1,,,,,,,0,1
305,2026-07-07T13:08:17.714980000Z,S1G Beacon,129,34,-58,920,3,1,,,,,,,0,0
307,2026-07-07T13:08:18.259880000Z,S1G Beacon,61,34,-59,920,3,1,,,,,,,0,1
308,2026-07-07T13:08:18.532393000Z,S1G Beacon,61,34,-59,920,3,1,,,,,,,0,0
309,2026-07-07T13:08:18.937479000Z,QoS Data,132,34,-5,920,2,8,1,0,0,0,0,0,720,0
312,2026-07-07T13:08:18.946406000Z,QoS Data,115,34,0,920,2,8,1,0,0,0,0,0,720,0
314,2026-07-07T13:08:18.949103000Z,QoS Data,115,34,-59,920,2,8,0,0,0,0,0,0,720,0
316,2026-07-07T13:08:18.959714000Z,QoS Data,112,34,-5,920,2,8,1,0,0,0,0,0,720,0
319,2026-07-07T13:08:19.080910000Z,S1G Beacon,129,34,-65,920,3,1,,,,,,,0,1
320,2026-07-07T13:08:19.353433000Z,S1G Beacon,129,34,-58,920,3,1,,,,,,,0,0
321,2026-07-07T13:08:19.898330000Z,S1G Beacon,61,34,-59,920,3,1,,,,,,,0,1
322,2026-07-07T13:08:20.170849000Z,S1G Beacon,61,34,-58,920,3,1,,,,,,,0,0
330,2026-07-07T13:08:20.991874000Z,S1G Beacon,129,34,-58,920,3,1,,,,,,,0,0
335,2026-07-07T13:08:21.536780000Z,S1G Beacon,61,34,-61,920,3,1,,,,,,,0,1
338,2026-07-07T13:08:21.809305000Z,S1G Beacon,61,34,-59,920,3,1,,,,,,,0,0
339,2026-07-07T13:08:22.357803000Z,S1G Beacon,129,34,-60,920,3,1,,,,,,,0,1
340,2026-07-07T13:08:22.630334000Z,S1G Beacon,129,34,-57,920,3,1,,,,,,,0,0
342,2026-07-07T13:08:23.175234000Z,S1G Beacon,61,34,-61,920,3,1,,,,,,,0,1
343,2026-07-07T13:08:23.447746000Z,S1G Beacon,61,34,-59,920,3,1,,,,,,,0,0
344,2026-07-07T13:08:23.966351000Z,RTS,54,34,0,920,1,11,,,,0,0,0,2452,0
346,2026-07-07T13:08:23.970960000Z,RTS,54,34,0,920,1,11,,,,0,0,0,2452,0
348,2026-07-07T13:08:23.975889000Z,RTS,54,34,0,920,1,11,,,,0,0,0,2488,0
350,2026-07-07T13:08:23.981072000Z,RTS,54,34,0,920,1,11,,,,0,0,0,2488,0
352,2026-07-07T13:08:23.985204000Z,RTS,54,34,0,920,1,11,,,,0,0,0,2596,0
354,2026-07-07T13:08:23.990746000Z,RTS,54,34,0,920,1,11,,,,0,0,0,2596,0
356,2026-07-07T13:08:23.992625000Z,QoS Data,132,34,-1,920,2,8,1,0,1,0,0,0,720,0
358,2026-07-07T13:08:23.996924000Z,S1G Beacon,129,34,-60,920,3,1,,,,,,,0,1
360,2026-07-07T13:08:24.008256000Z,QoS Data,115,34,0,920,2,8,1,0,0,0,0,0,720,0
362,2026-07-07T13:08:24.010759000Z,QoS Data,115,34,-62,920,2,8,0,0,0,0,0,0,720,0
363,2026-07-07T13:08:24.014055000Z,QoS Data,115,34,-60,920,2,8,0,0,1,0,0,0,720,0
364,2026-07-07T13:08:24.016289000Z,QoS Data,115,34,-59,920,2,8,0,0,1,0,0,0,720,0
365,2026-07-07T13:08:24.022634000Z,QoS Data,115,34,-61,920,2,8,0,0,1,0,0,0,720,0
366,2026-07-07T13:08:24.036183000Z,QoS Data,115,34,-62,920,2,8,0,0,1,0,0,0,720,0
370,2026-07-07T13:08:24.268775000Z,S1G Beacon,129,34,-58,920,3,1,,,,,,,0,0
372,2026-07-07T13:08:24.813673000Z,S1G Beacon,61,34,-61,920,3,1,,,,,,,0,1
373,2026-07-07T13:08:25.086200000Z,S1G Beacon,61,34,-59,920,3,1,,,,,,,0,0
374,2026-07-07T13:08:25.634703000Z,S1G Beacon,129,34,-60,920,3,1,,,,,,,0,1
375,2026-07-07T13:08:25.907224000Z,S1G Beacon,129,34,-58,920,3,1,,,,,,,0,0
377,2026-07-07T13:08:26.452120000Z,S1G Beacon,61,34,-61,920,3,1,,,,,,,0,1
378,2026-07-07T13:08:26.724659000Z,S1G Beacon,61,34,-58,920,3,1,,,,,,,0,0
380,2026-07-07T13:08:27.273143000Z,S1G Beacon,129,34,-60,920,3,1,,,,,,,0,1
381,2026-07-07T13:08:27.545678000Z,S1G Beacon,129,34,-58,920,3,1,,,,,,,0,0
382,2026-07-07T13:08:28.090566000Z,S1G Beacon,61,34,-58,920,3,1,,,,,,,0,1
383,2026-07-07T13:08:28.363097000Z,S1G Beacon,61,34,-59,920,3,1,,,,,,,0,0
384,2026-07-07T13:08:28.911601000Z,S1G Beacon,129,34,-59,920,3,1,,,,,,,0,1
385,2026-07-07T13:08:29.063399000Z,QoS Data,132,34,-1,920,2,8,1,0,1,0,0,0,720,0
387,2026-07-07T13:08:29.066193000Z,QoS Data,132,34,-61,920,2,8,0,0,0,0,0,0,720,0
389,2026-07-07T13:08:29.073110000Z,QoS Data,115,34,0,920,2,8,1,0,0,0,0,0,720,0
391,2026-07-07T13:08:29.075844000Z,QoS Data,115,34,-60,920,2,8,0,0,0,0,0,0,720,0
393,2026-07-07T13:08:29.184127000Z,S1G Beacon,129,34,-60,920,3,1,,,,,,,0,0
394,2026-07-07T13:08:29.213409000Z,QoS Data,112,34,-5,920,2,8,1,0,1,0,0,0,720,0
396,2026-07-07T13:08:29.215710000Z,QoS Data,112,34,-61,920,2,8,0,0,0,0,0,0,720,0
399,2026-07-07T13:08:29.729029000Z,S1G Beacon,61,34,-63,920,3,1,,,,,,,0,1
400,2026-07-07T13:08:30.001550000Z,S1G Beacon,61,34,-59,920,3,1,,,,,,,0,0
401,2026-07-07T13:08:30.550045000Z,S1G Beacon,129,34,-59,920,3,1,,,,,,,0,1
402,2026-07-07T13:08:30.822579000Z,S1G Beacon,129,34,-61,920,3,1,,,,,,,0,0
403,2026-07-07T13:08:31.367459000Z,S1G Beacon,61,34,-60,920,3,1,,,,,,,0,1
405,2026-07-07T13:08:31.640003000Z,S1G Beacon,61,34,-60,920,3,1,,,,,,,0,0
406,2026-07-07T13:08:32.188488000Z,S1G Beacon,129,34,-60,920,3,1,,,,,,,0,1
409,2026-07-07T13:08:32.461033000Z,S1G Beacon,129,34,-58,920,3,1,,,,,,,0,0
410,2026-07-07T13:08:33.005915000Z,S1G Beacon,61,34,-59,920,3,1,,,,,,,0,1
411,2026-07-07T13:08:33.278447000Z,S1G Beacon,61,34,-58,920,3,1,,,,,,,0,0
412,2026-07-07T13:08:33.826939000Z,S1G Beacon,129,34,-58,920,3,1,,,,,,,0,1
413,2026-07-07T13:08:34.086927000Z,QoS Data,132,34,-6,920,2,8,1,0,0,0,0,0,720,0
415,2026-07-07T13:08:34.099491000Z,S1G Beacon,129,34,-59,920,3,1,,,,,,,0,0
417,2026-07-07T13:08:34.108501000Z,QoS Data,115,34,0,920,2,8,1,0,0,0,0,0,720,0
419,2026-07-07T13:08:34.110769000Z,QoS Data,115,34,-60,920,2,8,0,0,0,0,0,0,720,0
421,2026-07-07T13:08:34.212015000Z,QoS Data,112,34,-6,920,2,8,1,0,1,0,0,0,720,0
423,2026-07-07T13:08:34.214677000Z,QoS Data,112,34,-62,920,2,8,0,0,0,0,0,0,720,0
425,2026-07-07T13:08:34.644359000Z,S1G Beacon,61,34,-58,920,3,1,,,,,,,0,1
426,2026-07-07T13:08:34.916906000Z,S1G Beacon,61,34,-58,920,3,1,,,,,,,0,0
428,2026-07-07T13:08:35.465382000Z,S1G Beacon,129,34,-60,920,3,1,,,,,,,0,1
429,2026-07-07T13:08:35.737938000Z,S1G Beacon,129,34,-58,920,3,1,,,,,,,0,0
430,2026-07-07T13:08:36.282808000Z,S1G Beacon,61,34,-59,920,3,1,,,,,,,0,1
431,2026-07-07T13:08:36.555353000Z,S1G Beacon,61,34,-57,920,3,1,,,,,,,0,0
433,2026-07-07T13:08:37.103837000Z,S1G Beacon,129,34,-60,920,3,1,,,,,,,0,1
434,2026-07-07T13:08:37.376380000Z,S1G Beacon,129,34,-57,920,3,1,,,,,,,0,0
435,2026-07-07T13:08:37.921250000Z,S1G Beacon,61,34,-60,920,3,1,,,,,,,0,1
436,2026-07-07T13:08:38.193802000Z,S1G Beacon,61,34,-58,920,3,1,,,,,,,0,0
438,2026-07-07T13:08:38.742277000Z,S1G Beacon,129,34,-59,920,3,1,,,,,,,0,1
439,2026-07-07T13:08:39.014834000Z,S1G Beacon,129,34,-59,920,3,1,,,,,,,0,0
440,2026-07-07T13:08:39.116911000Z,QoS Data,132,34,-4,920,2,8,1,0,0,0,0,0,720,0
442,2026-07-07T13:08:39.119533000Z,QoS Data,132,34,-62,920,2,8,0,0,0,0,0,0,720,0
444,2026-07-07T13:08:39.126450000Z,QoS Data,115,34,0,920,2,8,1,0,0,0,0,0,720,0
446,2026-07-07T13:08:39.129028000Z,QoS Data,115,34,-61,920,2,8,0,0,0,0,0,0,720,0
448,2026-07-07T13:08:39.212275000Z,RTS,54,34,0,920,1,11,,,,0,0,0,2400,0
450,2026-07-07T13:08:39.213950000Z,QoS Data,112,34,-4,920,2,8,1,0,1,0,0,0,720,0
452,2026-07-07T13:08:39.216439000Z,QoS Data,112,34,-61,920,2,8,0,0,0,0,0,0,720,0
455,2026-07-07T13:08:39.559701000Z,S1G Beacon,61,34,-60,920,3,1,,,,,,,0,1
456,2026-07-07T13:08:39.832251000Z,S1G Beacon,61,34,-60,920,3,1,,,,,,,0,0
457,2026-07-07T13:08:40.380733000Z,S1G Beacon,129,34,-59,920,3,1,,,,,,,0,1
458,2026-07-07T13:08:40.653280000Z,S1G Beacon,129,34,-59,920,3,1,,,,,,,0,0
459,2026-07-07T13:08:41.198164000Z,S1G Beacon,61,34,-60,920,3,1,,,,,,,0,1
461,2026-07-07T13:08:41.470708000Z,S1G Beacon,61,34,-57,920,3,1,,,,,,,0,0
476,2026-07-07T13:08:42.836598000Z,S1G Beacon,61,34,-60,920,3,1,,,,,,,0,1
477,2026-07-07T13:08:43.109153000Z,S1G Beacon,61,34,-60,920,3,1,,,,,,,0,0
478,2026-07-07T13:08:43.657622000Z,S1G Beacon,129,34,-60,920,3,1,,,,,,,0,1
479,2026-07-07T13:08:43.930184000Z,S1G Beacon,129,34,-59,920,3,1,,,,,,,0,0
480,2026-07-07T13:08:44.140159000Z,QoS Data,132,34,-4,920,2,8,1,0,1,0,0,0,720,0
483,2026-07-07T13:08:44.149915000Z,QoS Data,115,34,0,920,2,8,1,0,0,0,0,0,720,0
485,2026-07-07T13:08:44.152628000Z,QoS Data,115,34,-60,920,2,8,0,0,0,0,0,0,720,0
487,2026-07-07T13:08:44.210115000Z,QoS Data,112,34,-6,920,2,8,1,0,0,0,0,0,720,0
490,2026-07-07T13:08:44.475046000Z,S1G Beacon,61,34,-60,920,3,1,,,,,,,0,1
492,2026-07-07T13:08:44.747598000Z,S1G Beacon,61,34,-57,920,3,1,,,,,,,0,0
493,2026-07-07T13:08:45.296069000Z,S1G Beacon,129,34,-60,920,3,1,,,,,,,0,1
494,2026-07-07T13:08:45.568643000Z,S1G Beacon,129,34,-58,920,3,1,,,,,,,0,0
495,2026-07-07T13:08:46.113486000Z,S1G Beacon,61,34,-58,920,3,1,,,,,,,0,1
496,2026-07-07T13:08:46.386058000Z,S1G Beacon,61,34,-58,920,3,1,,,,,,,0,0
497,2026-07-07T13:08:46.934512000Z,S1G Beacon,129,34,-58,920,3,1,,,,,,,0,1
498,2026-07-07T13:08:47.207091000Z,S1G Beacon,129,34,-59,920,3,1,,,,,,,0,0
500,2026-07-07T13:08:47.751936000Z,S1G Beacon,61,34,-58,920,3,1,,,,,,,0,1
501,2026-07-07T13:08:48.024501000Z,S1G Beacon,61,34,-58,920,3,1,,,,,,,0,0
502,2026-07-07T13:08:48.572967000Z,S1G Beacon,129,34,-59,920,3,1,,,,,,,0,1
503,2026-07-07T13:08:48.845532000Z,S1G Beacon,129,34,-58,920,3,1,,,,,,,0,0
504,2026-07-07T13:08:49.156805000Z,QoS Data,132,34,-4,920,2,8,1,0,0,0,0,0,720,0
507,2026-07-07T13:08:49.166353000Z,QoS Data,115,34,0,920,2,8,1,0,0,0,0,0,720,0
509,2026-07-07T13:08:49.169103000Z,QoS Data,115,34,-60,920,2,8,0,0,0,0,0,0,720,0
511,2026-07-07T13:08:49.209845000Z,QoS Data,112,34,-4,920,2,8,1,0,0,0,0,0,720,0
515,2026-07-07T13:08:49.390387000Z,S1G Beacon,61,34,-59,920,3,1,,,,,,,0,1
516,2026-07-07T13:08:49.662957000Z,S1G Beacon,61,34,-60,920,3,1,,,,,,,0,0
517,2026-07-07T13:08:50.211405000Z,S1G Beacon,129,34,-60,920,3,1,,,,,,,0,1
518,2026-07-07T13:08:50.483981000Z,S1G Beacon,129,34,-58,920,3,1,,,,,,,0,0
520,2026-07-07T13:08:51.028834000Z,S1G Beacon,61,34,-58,920,3,1,,,,,,,0,1
521,2026-07-07T13:08:51.301407000Z,S1G Beacon,61,34,-59,920,3,1,,,,,,,0,0
522,2026-07-07T13:08:51.850117000Z,S1G Beacon,129,34,-59,920,3,1,,,,,,,0,1
523,2026-07-07T13:08:52.122437000Z,S1G Beacon,129,34,-60,920,3,1,,,,,,,0,0
525,2026-07-07T13:08:52.667278000Z,S1G Beacon,61,34,-59,920,3,1,,,,,,,0,1
526,2026-07-07T13:08:52.939864000Z,S1G Beacon,61,34,-58,920,3,1,,,,,,,0,0
527,2026-07-07T13:08:53.488302000Z,S1G Beacon,129,34,-58,920,3,1,,,,,,,0,1
529,2026-07-07T13:08:53.760886000Z,S1G Beacon,129,34,-59,920,3,1,,,,,,,0,0
530,2026-07-07T13:08:54.178373000Z,QoS Data,132,34,-5,920,2,8,1,0,0,0,0,0,720,0
533,2026-07-07T13:08:54.187874000Z,QoS Data,115,34,0,920,2,8,1,0,0,0,0,0,720,0
535,2026-07-07T13:08:54.189967000Z,QoS Data,115,34,-62,920,2,8,0,0,0,0,0,0,720,0
536,2026-07-07T13:08:54.193108000Z,QoS Data,115,34,-62,920,2,8,0,0,1,0,0,0,720,0
538,2026-07-07T13:08:54.213231000Z,QoS Data,112,34,-4,920,2,8,1,0,1,0,0,0,720,0
541,2026-07-07T13:08:54.305723000Z,S1G Beacon,61,34,-60,920,3,1,,,,,,,0,1
542,2026-07-07T13:08:54.578306000Z,S1G Beacon,61,34,-58,920,3,1,,,,,,,0,0
544,2026-07-07T13:08:55.126751000Z,S1G Beacon,129,34,-59,920,3,1,,,,,,,0,1
545,2026-07-07T13:08:55.399335000Z,S1G Beacon,129,34,-58,920,3,1,,,,,,,0,0
546,2026-07-07T13:08:55.944170000Z,S1G Beacon,61,34,-58,920,3,1,,,,,,,0,1
547,2026-07-07T13:08:56.216756000Z,S1G Beacon,61,34,-58,920,3,1,,,,,,,0,0
550,2026-07-07T13:08:56.765198000Z,S1G Beacon,129,34,-59,920,3,1,,,,,,,0,1
551,2026-07-07T13:08:57.037779000Z,S1G Beacon,129,34,-59,920,3,1,,,,,,,0,0
552,2026-07-07T13:08:57.582613000Z,S1G Beacon,61,34,-60,920,3,1,,,,,,,0,1
553,2026-07-07T13:08:57.855206000Z,S1G Beacon,61,34,-58,920,3,1,,,,,,,0,0
554,2026-07-07T13:08:58.403856000Z,S1G Beacon,129,34,-60,920,3,1,,,,,,,0,1
555,2026-07-07T13:08:58.676234000Z,S1G Beacon,129,34,-59,920,3,1,,,,,,,0,0
556,2026-07-07T13:08:59.221087000Z,S1G Beacon,61,34,-60,920,3,1,,,,,,,0,1
557,2026-07-07T13:08:59.230343000Z,RTS,54,34,-1,920,1,11,,,,0,0,0,2480,0
559,2026-07-07T13:08:59.232099000Z,QoS Data,133,34,-1,920,2,8,1,0,1,0,0,0,720,0
562,2026-07-07T13:08:59.241873000Z,QoS Data,115,34,0,920,2,8,1,0,0,0,0,0,720,0
564,2026-07-07T13:08:59.244619000Z,QoS Data,115,34,-60,920,2,8,0,0,0,0,0,0,720,0
566,2026-07-07T13:08:59.459988000Z,QoS Data,112,34,-4,920,2,8,1,0,0,0,0,0,720,0
570,2026-07-07T13:09:00.042092000Z,S1G Beacon,129,34,-60,920,3,1,,,,,,,0,1
571,2026-07-07T13:09:00.314680000Z,S1G Beacon,129,34,-60,920,3,1,,,,,,,0,0
572,2026-07-07T13:09:00.859513000Z,S1G Beacon,61,34,-60,920,3,1,,,,,,,0,1
573,2026-07-07T13:09:01.132109000Z,S1G Beacon,61,34,-58,920,3,1,,,,,,,0,0
574,2026-07-07T13:09:01.680541000Z,S1G Beacon,129,34,-60,920,3,1,,,,,,,0,1
575,2026-07-07T13:09:01.953134000Z,S1G Beacon,129,34,-59,920,3,1,,,,,,,0,0
577,2026-07-07T13:09:02.497956000Z,S1G Beacon,61,34,-59,920,3,1,,,,,,,0,1
582,2026-07-07T13:09:02.770559000Z,S1G Beacon,61,34,-59,920,3,1,,,,,,,0,0
589,2026-07-07T13:09:03.318977000Z,S1G Beacon,129,34,-61,920,3,1,,,,,,,0,1
592,2026-07-07T13:09:03.591587000Z,S1G Beacon,129,34,-59,920,3,1,,,,,,,0,0
595,2026-07-07T13:09:04.136405000Z,S1G Beacon,61,34,-59,920,3,1,,,,,,,0,1
596,2026-07-07T13:09:04.257486000Z,QoS Data,132,34,-4,920,2,8,1,0,0,0,0,0,720,0
598,2026-07-07T13:09:04.266628000Z,QoS Data,115,34,-3,920,2,8,1,0,0,0,0,0,720,0
600,2026-07-07T13:09:04.269032000Z,QoS Data,115,34,-62,920,2,8,0,0,0,0,0,0,720,0
602,2026-07-07T13:09:04.409006000Z,S1G Beacon,61,34,-59,920,3,1,,,,,,,0,0
603,2026-07-07T13:09:04.463527000Z,RTS,54,34,0,920,1,11,,,,0,0,0,2400,0
605,2026-07-07T13:09:04.465202000Z,QoS Data,112,34,-4,920,2,8,1,0,1,0,0,0,720,0
608,2026-07-07T13:09:04.957428000Z,S1G Beacon,129,34,-59,920,3,1,,,,,,,0,1
610,2026-07-07T13:09:05.230040000Z,S1G Beacon,129,34,-58,920,3,1,,,,,,,0,0
611,2026-07-07T13:09:05.774848000Z,S1G Beacon,61,34,-60,920,3,1,,,,,,,0,1
612,2026-07-07T13:09:06.047454000Z,S1G Beacon,61,34,-59,920,3,1,,,,,,,0,0
613,2026-07-07T13:09:06.595875000Z,S1G Beacon,129,34,-58,920,3,1,,,,,,,0,1
614,2026-07-07T13:09:06.868483000Z,S1G Beacon,129,34,-58,920,3,1,,,,,,,0,0
615,2026-07-07T13:09:07.413306000Z,S1G Beacon,61,34,-59,920,3,1,,,,,,,0,1
616,2026-07-07T13:09:07.685901000Z,S1G Beacon,61,34,-59,920,3,1,,,,,,,0,0
617,2026-07-07T13:09:08.234328000Z,S1G Beacon,129,34,-57,920,3,1,,,,,,,0,1
618,2026-07-07T13:09:08.506932000Z,S1G Beacon,129,34,-59,920,3,1,,,,,,,0,0
621,2026-07-07T13:09:09.051743000Z,S1G Beacon,61,34,-59,920,3,1,,,,,,,0,1
622,2026-07-07T13:09:09.287541000Z,QoS Data,133,34,-4,920,2,8,1,0,0,0,0,0,720,0
625,2026-07-07T13:09:09.296734000Z,QoS Data,115,34,0,920,2,8,1,0,0,0,0,0,720,0
627,2026-07-07T13:09:09.299256000Z,QoS Data,115,34,-60,920,2,8,0,0,0,0,0,0,720,0
629,2026-07-07T13:09:09.324354000Z,S1G Beacon,61,34,-59,920,3,1,,,,,,,0,0
630,2026-07-07T13:09:09.460027000Z,QoS Data,112,34,-5,920,2,8,1,0,0,0,0,0,720,0
633,2026-07-07T13:09:09.872776000Z,S1G Beacon,129,34,-59,920,3,1,,,,,,,0,1
634,2026-07-07T13:09:10.145382000Z,S1G Beacon,129,34,-58,920,3,1,,,,,,,0,0
635,2026-07-07T13:09:10.690201000Z,S1G Beacon,61,34,-59,920,3,1,,,,,,,0,1
636,2026-07-07T13:09:10.962835000Z,S1G Beacon,61,34,-58,920,3,1,,,,,,,0,0
637,2026-07-07T13:09:11.511245000Z,S1G Beacon,129,34,-59,920,3,1,,,,,,,0,1
639,2026-07-07T13:09:11.783831000Z,S1G Beacon,129,34,-58,920,3,1,,,,,,,0,0
640,2026-07-07T13:09:12.329271000Z,S1G Beacon,61,34,-64,920,3,1,,,,,,,0,1
641,2026-07-07T13:09:12.601269000Z,S1G Beacon,61,34,-60,920,3,1,,,,,,,0,0
642,2026-07-07T13:09:13.149670000Z,S1G Beacon,129,34,-58,920,3,1,,,,,,,0,1
643,2026-07-07T13:09:13.422293000Z,S1G Beacon,129,34,-59,920,3,1,,,,,,,0,0
644,2026-07-07T13:09:13.967096000Z,S1G Beacon,61,34,-58,920,3,1,,,,,,,0,1
645,2026-07-07T13:09:14.239708000Z,S1G Beacon,61,34,-59,920,3,1,,,,,,,0,0
646,2026-07-07T13:09:14.307283000Z,QoS Data,132,34,-4,920,2,8,1,0,0,0,0,0,720,0
649,2026-07-07T13:09:14.316727000Z,QoS Data,115,34,0,920,2,8,1,0,0,0,0,0,720,0
651,2026-07-07T13:09:14.319358000Z,QoS Data,115,34,-60,920,2,8,0,0,0,0,0,0,720,0
653,2026-07-07T13:09:14.460028000Z,QoS Data,112,34,-4,920,2,8,1,0,0,0,0,0,720,0
657,2026-07-07T13:09:14.788113000Z,S1G Beacon,129,34,-59,920,3,1,,,,,,,0,1
658,2026-07-07T13:09:15.060742000Z,S1G Beacon,129,34,-58,920,3,1,,,,,,,0,0
659,2026-07-07T13:09:15.605541000Z,S1G Beacon,61,34,-62,920,3,1,,,,,,,0,1
660,2026-07-07T13:09:15.878163000Z,S1G Beacon,61,34,-58,920,3,1,,,,,,,0,0
661,2026-07-07T13:09:16.426562000Z,S1G Beacon,129,34,-57,920,3,1,,,,,,,0,1
662,2026-07-07T13:09:17.243998000Z,S1G Beacon,61,34,-58,920,3,1,,,,,,,0,1
663,2026-07-07T13:09:17.516609000Z,S1G Beacon,61,34,-58,920,3,1,,,,,,,0,0
665,2026-07-07T13:09:18.065011000Z,S1G Beacon,129,34,-58,920,3,1,,,,,,,0,1
667,2026-07-07T13:09:18.337636000Z,S1G Beacon,129,34,-61,920,3,1,,,,,,,0,0
668,2026-07-07T13:09:18.882437000Z,S1G Beacon,61,34,-59,920,3,1,,,,,,,0,1
669,2026-07-07T13:09:19.155063000Z,S1G Beacon,61,34,-58,920,3,1,,,,,,,0,0
671,2026-07-07T13:09:19.332182000Z,QoS Data,132,34,-4,920,2,8,1,0,1,0,0,0,720,0
674,2026-07-07T13:09:19.341370000Z,QoS Data,115,34,0,920,2,8,1,0,0,0,0,0,720,0
679,2026-07-07T13:09:19.703454000Z,S1G Beacon,129,34,-60,920,3,1,,,,,,,0,1
680,2026-07-07T13:09:19.976092000Z,S1G Beacon,129,34,-59,920,3,1,,,,,,,0,0
681,2026-07-07T13:09:20.520881000Z,S1G Beacon,61,34,-58,920,3,1,,,,,,,0,1
682,2026-07-07T13:09:20.793515000Z,S1G Beacon,61,34,-60,920,3,1,,,,,,,0,0
684,2026-07-07T13:09:21.341907000Z,S1G Beacon,129,34,-58,920,3,1,,,,,,,0,1
685,2026-07-07T13:09:21.614539000Z,S1G Beacon,129,34,-63,920,3,1,,,,,,,0,0
687,2026-07-07T13:09:22.159329000Z,S1G Beacon,61,34,-58,920,3,1,,,,,,,0,1
688,2026-07-07T13:09:22.431964000Z,S1G Beacon,61,34,-58,920,3,1,,,,,,,0,0
690,2026-07-07T13:09:22.980352000Z,S1G Beacon,129,34,-58,920,3,1,,,,,,,0,1
691,2026-07-07T13:09:23.253004000Z,S1G Beacon,129,34,-60,920,3,1,,,,,,,0,0
696,2026-07-07T13:09:23.797776000Z,S1G Beacon,61,34,-57,920,3,1,,,,,,,0,1
699,2026-07-07T13:09:24.070414000Z,S1G Beacon,61,34,-59,920,3,1,,,,,,,0,0
703,2026-07-07T13:09:24.357569000Z,QoS Data,133,34,-4,920,2,8,1,0,0,0,0,0,720,0
706,2026-07-07T13:09:24.367434000Z,QoS Data,115,34,0,920,2,8,1,0,0,0,0,0,720,0
710,2026-07-07T13:09:24.466353000Z,RTS,54,34,0,920,1,11,,,,0,0,0,2400,0
712,2026-07-07T13:09:24.471299000Z,RTS,54,34,0,920,1,11,,,,0,0,0,2400,0
714,2026-07-07T13:09:24.475728000Z,RTS,54,34,0,920,1,11,,,,0,0,0,2440,0
720,2026-07-07T13:09:24.618796000Z,S1G Beacon,129,34,-58,920,3,1,,,,,,,0,1
722,2026-07-07T13:09:24.891453000Z,S1G Beacon,129,34,-58,920,3,1,,,,,,,0,0
723,2026-07-07T13:09:25.436223000Z,S1G Beacon,61,34,-57,920,3,1,,,,,,,0,1
724,2026-07-07T13:09:25.708858000Z,S1G Beacon,61,34,-63,920,3,1,,,,,,,0,0
726,2026-07-07T13:09:26.257247000Z,S1G Beacon,129,34,-57,920,3,1,,,,,,,0,1
727,2026-07-07T13:09:26.529890000Z,S1G Beacon,129,34,-57,920,3,1,,,,,,,0,0
729,2026-07-07T13:09:27.074664000Z,S1G Beacon,61,34,-60,920,3,1,,,,,,,0,1
730,2026-07-07T13:09:27.347310000Z,S1G Beacon,61,34,-59,920,3,1,,,,,,,0,0
731,2026-07-07T13:09:27.895696000Z,S1G Beacon,129,34,-58,920,3,1,,,,,,,0,1
732,2026-07-07T13:09:28.168347000Z,S1G Beacon,129,34,-58,920,3,1,,,,,,,0,0
733,2026-07-07T13:09:28.713117000Z,S1G Beacon,61,34,-60,920,3,1,,,,,,,0,1
734,2026-07-07T13:09:28.985759000Z,S1G Beacon,61,34,-60,920,3,1,,,,,,,0,0
735,2026-07-07T13:09:29.380027000Z,QoS Data,132,34,-5,920,2,8,1,0,1,0,0,0,720,0
738,2026-07-07T13:09:29.390452000Z,QoS Data,115,34,0,920,2,8,1,0,0,0,0,0,720,0
740,2026-07-07T13:09:29.400106000Z,QoS Data,115,34,-63,920,2,8,0,0,1,0,0,0,720,0
741,2026-07-07T13:09:29.407078000Z,QoS Data,115,34,-64,920,2,8,0,0,1,0,0,0,720,0
743,2026-07-07T13:09:29.459893000Z,QoS Data,112,34,-4,920,2,8,1,0,0,0,0,0,720,0
746,2026-07-07T13:09:29.534142000Z,S1G Beacon,129,34,-59,920,3,1,,,,,,,0,1
747,2026-07-07T13:09:29.806789000Z,S1G Beacon,129,34,-59,920,3,1,,,,,,,0,0
749,2026-07-07T13:09:30.351569000Z,S1G Beacon,61,34,-61,920,3,1,,,,,,,0,1
750,2026-07-07T13:09:30.624217000Z,S1G Beacon,61,34,-59,920,3,1,,,,,,,0,0
751,2026-07-07T13:09:31.172591000Z,S1G Beacon,129,34,-60,920,3,1,,,,,,,0,1
752,2026-07-07T13:09:31.445239000Z,S1G Beacon,129,34,-58,920,3,1,,,,,,,0,0
753,2026-07-07T13:09:31.990012000Z,S1G Beacon,61,34,-59,920,3,1,,,,,,,0,1
754,2026-07-07T13:09:32.262662000Z,S1G Beacon,61,34,-59,920,3,1,,,,,,,0,0
755,2026-07-07T13:09:32.811462000Z,S1G Beacon,129,34,-59,920,3,1,,,,,,,0,1
757,2026-07-07T13:09:33.083692000Z,S1G Beacon,129,34,-59,920,3,1,,,,,,,0,0
758,2026-07-07T13:09:33.628454000Z,S1G Beacon,61,34,-64,920,3,1,,,,,,,0,1
759,2026-07-07T13:09:33.901120000Z,S1G Beacon,61,34,-59,920,3,1,,,,,,,0,0
760,2026-07-07T13:09:34.427583000Z,QoS Data,133,34,-4,920,2,8,1,0,0,0,0,0,720,0
762,2026-07-07T13:09:34.436771000Z,QoS Data,115,34,0,920,2,8,1,0,0,0,0,0,720,0
764,2026-07-07T13:09:34.439224000Z,QoS Data,115,34,-62,920,2,8,0,0,0,0,0,0,720,0
766,2026-07-07T13:09:34.449482000Z,S1G Beacon,129,34,-61,920,3,1,,,,,,,0,1
767,2026-07-07T13:09:34.460073000Z,QoS Data,112,34,-4,920,2,8,1,0,0,0,0,0,720,0
770,2026-07-07T13:09:34.722143000Z,S1G Beacon,129,34,-59,920,3,1,,,,,,,0,0
771,2026-07-07T13:09:35.266907000Z,S1G Beacon,61,34,-58,920,3,1,,,,,,,0,1
772,2026-07-07T13:09:35.539564000Z,S1G Beacon,61,34,-58,920,3,1,,,,,,,0,0
774,2026-07-07T13:09:36.087926000Z,S1G Beacon,129,34,-58,920,3,1,,,,,,,0,1
775,2026-07-07T13:09:36.360594000Z,S1G Beacon,129,34,-59,920,3,1,,,,,,,0,0
777,2026-07-07T13:09:36.905351000Z,S1G Beacon,61,34,-59,920,3,1,,,,,,,0,1
778,2026-07-07T13:09:37.178013000Z,S1G Beacon,61,34,-59,920,3,1,,,,,,,0,0
780,2026-07-07T13:09:37.726739000Z,S1G Beacon,129,34,-58,920,3,1,,,,,,,0,1
781,2026-07-07T13:09:37.999044000Z,S1G Beacon,129,34,-58,920,3,1,,,,,,,0,0
782,2026-07-07T13:09:38.543795000Z,S1G Beacon,61,34,-59,920,3,1,,,,,,,0,1
783,2026-07-07T13:09:38.816464000Z,S1G Beacon,61,34,-58,920,3,1,,,,,,,0,0
785,2026-07-07T13:09:39.364821000Z,S1G Beacon,129,34,-59,920,3,1,,,,,,,0,1
786,2026-07-07T13:09:39.450723000Z,QoS Data,133,34,-5,920,2,8,1,0,1,0,0,0,720,0
789,2026-07-07T13:09:39.459964000Z,QoS Data,115,34,0,920,2,8,1,0,0,0,0,0,720,0
791,2026-07-07T13:09:39.469771000Z,QoS Data,115,34,-61,920,2,8,0,0,1,0,0,0,720,0
793,2026-07-07T13:09:39.637493000Z,S1G Beacon,129,34,-59,920,3,1,,,,,,,0,0
794,2026-07-07T13:09:39.709545000Z,QoS Data,112,34,-5,920,2,8,1,0,0,0,0,0,720,0
797,2026-07-07T13:09:40.182241000Z,S1G Beacon,61,34,-58,920,3,1,,,,,,,0,1
798,2026-07-07T13:09:40.454918000Z,S1G Beacon,61,34,-59,920,3,1,,,,,,,0,0
801,2026-07-07T13:09:41.003322000Z,S1G Beacon,129,34,-58,920,3,1,,,,,,,0,1
802,2026-07-07T13:09:41.275953000Z,S1G Beacon,129,34,-59,920,3,1,,,,,,,0,0
803,2026-07-07T13:09:41.820695000Z,S1G Beacon,61,34,-59,920,3,1,,,,,,,0,1
805,2026-07-07T13:09:42.093365000Z,S1G Beacon,61,34,-65,920,3,1,,,,,,,0,0
806,2026-07-07T13:09:42.641902000Z,S1G Beacon,129,34,-59,920,3,1,,,,,,,0,1
807,2026-07-07T13:09:42.914396000Z,S1G Beacon,129,34,-59,920,3,1,,,,,,,0,0
816,2026-07-07T13:09:43.731821000Z,S1G Beacon,61,34,-60,920,3,1,,,,,,,0,0
818,2026-07-07T13:09:44.280167000Z,S1G Beacon,129,34,-56,920,3,1,,,,,,,0,1
820,2026-07-07T13:09:44.476944000Z,QoS Data,132,34,-4,920,2,8,1,0,0,0,0,0,720,0
823,2026-07-07T13:09:44.486345000Z,QoS Data,115,34,0,920,2,8,1,0,0,0,0,0,720,0
825,2026-07-07T13:09:44.496368000Z,QoS Data,115,34,-60,920,2,8,0,0,1,0,0,0,720,0
826,2026-07-07T13:09:44.502527000Z,QoS Data,115,34,-63,920,2,8,0,0,1,0,0,0,720,0
828,2026-07-07T13:09:44.552848000Z,S1G Beacon,129,34,-59,920,3,1,,,,,,,0,0
831,2026-07-07T13:09:44.709452000Z,QoS Data,112,34,-5,920,2,8,1,0,0,0,0,0,720,0
839,2026-07-07T13:09:45.097586000Z,S1G Beacon,61,34,-57,920,3,1,,,,,,,0,1
846,2026-07-07T13:09:45.918614000Z,S1G Beacon,129,34,-57,920,3,1,,,,,,,0,1
847,2026-07-07T13:09:46.191294000Z,S1G Beacon,129,34,-59,920,3,1,,,,,,,0,0
849,2026-07-07T13:09:46.737800000Z,S1G Beacon,61,34,-57,920,3,1,,,,,,,0,1
850,2026-07-07T13:09:47.008716000Z,S1G Beacon,61,34,-59,920,3,1,,,,,,,0,0
851,2026-07-07T13:09:47.557072000Z,S1G Beacon,129,34,-63,920,3,1,,,,,,,0,1
852,2026-07-07T13:09:47.829749000Z,S1G Beacon,129,34,-61,920,3,1,,,,,,,0,0
854,2026-07-07T13:09:48.374482000Z,S1G Beacon,61,34,-57,920,3,1,,,,,,,0,1
855,2026-07-07T13:09:48.647161000Z,S1G Beacon,61,34,-59,920,3,1,,,,,,,0,0
856,2026-07-07T13:09:49.195714000Z,S1G Beacon,129,34,-57,920,3,1,,,,,,,0,1
857,2026-07-07T13:09:49.468196000Z,S1G Beacon,129,34,-58,920,3,1,,,,,,,0,0
858,2026-07-07T13:09:49.507177000Z,QoS Data,133,34,-4,920,2,8,1,0,0,0,0,0,720,0
861,2026-07-07T13:09:49.518030000Z,QoS Data,115,34,0,920,2,8,1,0,0,0,0,0,720,0
864,2026-07-07T13:09:49.709565000Z,QoS Data,112,34,-4,920,2,8,1,0,0,0,0,0,720,0
867,2026-07-07T13:09:50.013969000Z,S1G Beacon,61,34,-58,920,3,1,,,,,,,0,1
868,2026-07-07T13:09:50.285618000Z,S1G Beacon,61,34,-59,920,3,1,,,,,,,0,0
869,2026-07-07T13:09:50.836101000Z,S1G Beacon,129,34,-57,920,3,1,,,,,,,0,1
870,2026-07-07T13:09:51.106643000Z,S1G Beacon,129,34,-59,920,3,1,,,,,,,0,0
871,2026-07-07T13:09:51.652522000Z,S1G Beacon,61,34,-57,920,3,1,,,,,,,0,1
872,2026-07-07T13:09:51.924071000Z,S1G Beacon,61,34,-60,920,3,1,,,,,,,0,0
873,2026-07-07T13:09:52.474848000Z,S1G Beacon,129,34,-58,920,3,1,,,,,,,0,1
874,2026-07-07T13:09:52.745092000Z,S1G Beacon,129,34,-60,920,3,1,,,,,,,0,0
875,2026-07-07T13:09:53.294252000Z,S1G Beacon,61,34,-57,920,3,1,,,,,,,0,1
876,2026-07-07T13:09:53.562523000Z,S1G Beacon,61,34,-59,920,3,1,,,,,,,0,0
878,2026-07-07T13:09:54.110846000Z,S1G Beacon,129,34,-57,920,3,1,,,,,,,0,1
879,2026-07-07T13:09:54.383548000Z,S1G Beacon,129,34,-60,920,3,1,,,,,,,0,0
880,2026-07-07T13:09:54.527043000Z,QoS Data,132,34,-5,920,2,8,1,0,0,0,0,0,720,0
882,2026-07-07T13:09:54.536182000Z,QoS Data,115,34,0,920,2,8,1,0,0,0,0,0,720,0
885,2026-07-07T13:09:54.710772000Z,QoS Data,112,34,-5,920,2,8,1,0,0,0,0,0,720,0
888,2026-07-07T13:09:54.928271000Z,S1G Beacon,61,34,-58,920,3,1,,,,,,,0,1
889,2026-07-07T13:09:55.200967000Z,S1G Beacon,61,34,-63,920,3,1,,,,,,,0,0
890,2026-07-07T13:09:55.749308000Z,S1G Beacon,129,34,-59,920,3,1,,,,,,,0,1
891,2026-07-07T13:09:56.022007000Z,S1G Beacon,129,34,-58,920,3,1,,,,,,,0,0
892,2026-07-07T13:09:56.566716000Z,S1G Beacon,61,34,-57,920,3,1,,,,,,,0,1
893,2026-07-07T13:09:56.839417000Z,S1G Beacon,61,34,-59,920,3,1,,,,,,,0,0
895,2026-07-07T13:09:57.387743000Z,S1G Beacon,129,34,-58,920,3,1,,,,,,,0,1
896,2026-07-07T13:09:57.660441000Z,S1G Beacon,129,34,-60,920,3,1,,,,,,,0,0
897,2026-07-07T13:09:58.205178000Z,S1G Beacon,61,34,-56,920,3,1,,,,,,,0,1
898,2026-07-07T13:09:58.477865000Z,S1G Beacon,61,34,-59,920,3,1,,,,,,,0,0
899,2026-07-07T13:09:59.026196000Z,S1G Beacon,129,34,-56,920,3,1,,,,,,,0,1
900,2026-07-07T13:09:59.169210000Z,Deauthentication,64,34,-65,920,0,12,0,0,0,0,0,0,0,0
901,2026-07-07T13:09:59.298897000Z,S1G Beacon,129,34,-59,920,3,1,,,,,,,0,0
902,2026-07-07T13:09:59.844495000Z,S1G Beacon,61,34,-56,920,3,1,,,,,,,0,1
903,2026-07-07T13:10:00.116323000Z,S1G Beacon,61,34,-59,920,3,1,,,,,,,0,0
905,2026-07-07T13:10:00.664637000Z,S1G Beacon,129,34,-57,920,3,1,,,,,,,0,1
906,2026-07-07T13:10:01.482064000Z,S1G Beacon,61,34,-59,920,3,1,,,,,,,0,1
908,2026-07-07T13:10:01.700969000Z,Probe Request,81,34,0,920,0,4,0,0,0,0,0,0,0,0
909,2026-07-07T13:10:01.711223000Z,Probe Response,168,34,-58,920,0,5,0,0,0,0,0,0,720,0
911,2026-07-07T13:10:01.716832000Z,Probe Response,161,34,-61,920,0,5,0,0,1,0,0,0,720,1
913,2026-07-07T13:10:01.754765000Z,S1G Beacon,61,34,-58,920,3,1,,,,,,,0,0
914,2026-07-07T13:10:02.303094000Z,S1G Beacon,129,34,-58,920,3,1,,,,,,,0,1
915,2026-07-07T13:10:02.575798000Z,S1G Beacon,129,34,-58,920,3,1,,,,,,,0,0
916,2026-07-07T13:10:03.120768000Z,S1G Beacon,61,34,-65,920,3,1,,,,,,,0,1
918,2026-07-07T13:10:03.393215000Z,S1G Beacon,61,34,-58,920,3,1,,,,,,,0,0
919,2026-07-07T13:10:03.941537000Z,S1G Beacon,129,34,-58,920,3,1,,,,,,,0,1
920,2026-07-07T13:10:04.214250000Z,S1G Beacon,129,34,-57,920,3,1,,,,,,,0,0
921,2026-07-07T13:10:04.540558000Z,Authentication,68,34,-1,920,0,11,0,0,0,0,0,0,720,1
923,2026-07-07T13:10:04.543322000Z,Authentication,68,34,-57,920,0,11,0,0,0,0,0,0,720,1
925,2026-07-07T13:10:04.561499000Z,Association Request,124,34,-1,920,0,0,0,0,0,0,0,0,720,1
927,2026-07-07T13:10:04.568051000Z,Association Response,155,34,-63,920,0,1,0,0,0,0,0,0,720,1
929,2026-07-07T13:10:04.599522000Z,Action,71,34,-1,920,0,13,0,0,0,0,0,0,720,1
931,2026-07-07T13:10:04.602373000Z,Action,71,34,-56,920,0,13,0,0,0,0,0,0,720,1
935,2026-07-07T13:10:04.610454000Z,RTS,54,34,0,920,1,11,,,,0,0,0,2380,0
937,2026-07-07T13:10:04.614582000Z,RTS,54,34,0,920,1,11,,,,0,0,0,2380,0
939,2026-07-07T13:10:04.619495000Z,RTS,54,34,0,920,1,11,,,,0,0,0,2380,0
941,2026-07-07T13:10:04.623569000Z,RTS,54,34,0,920,1,11,,,,0,0,0,2380,0
943,2026-07-07T13:10:04.628697000Z,RTS,54,34,0,920,1,11,,,,0,0,0,2452,0
945,2026-07-07T13:10:04.633362000Z,RTS,54,34,0,920,1,11,,,,0,0,0,2452,0
949,2026-07-07T13:10:04.695342000Z,RTS,54,34,0,920,1,11,,,,0,0,0,2488,0
951,2026-07-07T13:10:04.700101000Z,RTS,54,34,0,920,1,11,,,,0,0,0,2488,0
953,2026-07-07T13:10:04.705589000Z,RTS,54,34,-1,920,1,11,,,,0,0,0,2524,0
955,2026-07-07T13:10:04.710439000Z,RTS,54,34,0,920,1,11,,,,0,0,0,2524,0
958,2026-07-07T13:10:04.714681000Z,QoS Data,133,34,-4,920,2,8,1,0,0,0,0,0,720,1
959,2026-07-07T13:10:04.718518000Z,QoS Data,133,34,-5,920,2,8,1,0,1,0,0,0,720,1
961,2026-07-07T13:10:04.758948000Z,S1G Beacon,61,34,-57,920,3,1,,,,,,,0,1
962,2026-07-07T13:10:05.031675000Z,S1G Beacon,61,34,-58,920,3,1,,,,,,,0,0
965,2026-07-07T13:10:05.579977000Z,S1G Beacon,129,34,-60,920,3,1,,,,,,,0,1
968,2026-07-07T13:10:05.852701000Z,S1G Beacon,129,34,-59,920,3,1,,,,,,,0,0
974,2026-07-07T13:10:06.217787000Z,RTS,54,34,0,920,1,11,,,,0,0,0,2776,0
976,2026-07-07T13:10:06.222729000Z,RTS,54,34,0,920,1,11,,,,0,0,0,2776,0
978,2026-07-07T13:10:06.224784000Z,QoS Data,133,34,0,920,2,8,1,0,1,0,0,0,720,1
982,2026-07-07T13:10:06.397398000Z,S1G Beacon,61,34,-62,920,3,1,,,,,,,0,1
983,2026-07-07T13:10:06.468373000Z,RTS,54,34,0,920,1,11,,,,0,0,0,2560,0
986,2026-07-07T13:10:06.474037000Z,RTS,54,34,0,920,1,11,,,,0,0,0,2560,0
987,2026-07-07T13:10:06.478349000Z,RTS,54,34,0,920,1,11,,,,0,0,0,2956,0
994,2026-07-07T13:10:06.670273000Z,S1G Beacon,61,34,-59,920,3,1,,,,,,,0,0
996,2026-07-07T13:10:07.491150000Z,S1G Beacon,129,34,-59,920,3,1,,,,,,,0,0
997,2026-07-07T13:10:07.710424000Z,QoS Data,116,34,0,920,2,8,1,0,0,0,0,0,720,1
999,2026-07-07T13:10:08.035851000Z,S1G Beacon,61,34,-57,920,3,1,,,,,,,0,1
1000,2026-07-07T13:10:08.308569000Z,S1G Beacon,61,34,-58,920,3,1,,,,,,,0,0
1002,2026-07-07T13:10:08.856876000Z,S1G Beacon,129,34,-61,920,3,1,,,,,,,0,1
1003,2026-07-07T13:10:09.129598000Z,S1G Beacon,129,34,-57,920,3,1,,,,,,,0,0
1005,2026-07-07T13:10:09.210412000Z,QoS Data,116,34,0,920,2,8,1,0,0,0,0,0,720,1
1007,2026-07-07T13:10:09.213309000Z,QoS Data,133,34,0,920,2,8,1,0,0,0,0,0,720,1
1009,2026-07-07T13:10:10.467078000Z,RTS,54,34,-1,920,1,11,,,,0,0,0,2956,0
1013,2026-07-07T13:10:10.496204000Z,S1G Beacon,129,34,-62,920,3,1,,,,,,,0,1
1014,2026-07-07T13:10:10.710523000Z,QoS Data,116,34,0,920,2,8,1,0,0,0,0,0,720,1
1016,2026-07-07T13:10:10.768047000Z,S1G Beacon,129,34,-59,920,3,1,,,,,,,0,0
1017,2026-07-07T13:10:11.314859000Z,S1G Beacon,61,34,-59,920,3,1,,,,,,,0,1
1018,2026-07-07T13:10:11.585485000Z,S1G Beacon,61,34,-60,920,3,1,,,,,,,0,0
1019,2026-07-07T13:10:11.964604000Z,Probe Request,81,34,0,920,0,4,0,0,0,0,0,0,0,0
1020,2026-07-07T13:10:11.969493000Z,Probe Response,161,34,-59,920,0,5,0,0,0,0,0,0,720,1
1022,2026-07-07T13:10:11.974835000Z,Probe Response,168,34,-59,920,0,5,0,0,0,0,0,0,720,0
1024,2026-07-07T13:10:12.210442000Z,QoS Data,116,34,0,920,2,8,1,0,0,0,0,0,720,1
1027,2026-07-07T13:10:12.406495000Z,S1G Beacon,129,34,-59,920,3,1,,,,,,,0,0
1028,2026-07-07T13:10:12.951188000Z,S1G Beacon,61,34,-58,920,3,1,,,,,,,0,1
1030,2026-07-07T13:10:13.223922000Z,S1G Beacon,61,34,-58,920,3,1,,,,,,,0,0
1031,2026-07-07T13:10:13.710668000Z,QoS Data,116,34,0,920,2,8,1,0,0,0,0,0,720,1
1033,2026-07-07T13:10:13.772219000Z,S1G Beacon,129,34,-62,920,3,1,,,,,,,0,1
1034,2026-07-07T13:10:14.044957000Z,S1G Beacon,129,34,-60,920,3,1,,,,,,,0,0
1037,2026-07-07T13:10:14.589637000Z,S1G Beacon,61,34,-58,920,3,1,,,,,,,0,1
1038,2026-07-07T13:10:14.804031000Z,Authentication,68,34,0,920,0,11,0,0,0,0,0,0,720,1
1039,2026-07-07T13:10:14.807109000Z,Authentication,68,34,0,920,0,11,0,0,1,0,0,0,720,1
1041,2026-07-07T13:10:14.809773000Z,Authentication,68,34,-59,920,0,11,0,0,0,0,0,0,720,1
1043,2026-07-07T13:10:14.823942000Z,Association Request,124,34,0,920,0,0,0,0,0,0,0,0,720,1
1045,2026-07-07T13:10:14.830395000Z,Association Response,155,34,-59,920,0,1,0,0,0,0,0,0,720,1
1046,2026-07-07T13:10:14.860231000Z,Action,71,34,0,920,0,13,0,0,0,0,0,0,720,1
1049,2026-07-07T13:10:14.865263000Z,Action,71,34,-60,920,0,13,0,0,0,0,0,0,720,1
1052,2026-07-07T13:10:14.870452000Z,RTS,54,34,0,920,1,11,,,,0,0,0,2380,0
1057,2026-07-07T13:10:14.960181000Z,RTS,54,34,0,920,1,11,,,,0,0,0,2488,0
1059,2026-07-07T13:10:14.964624000Z,RTS,54,34,0,920,1,11,,,,0,0,0,2488,0
1062,2026-07-07T13:10:14.970110000Z,RTS,54,34,0,920,1,11,,,,0,0,0,2524,0
1066,2026-07-07T13:10:15.210098000Z,QoS Data,116,34,-2,920,2,8,1,0,0,0,0,0,720,1
1068,2026-07-07T13:10:15.213158000Z,QoS Data,133,34,0,920,2,8,1,0,0,0,0,0,720,1
1070,2026-07-07T13:10:15.222670000Z,QoS Data,112,34,0,920,2,8,1,0,0,0,0,0,720,1
1071,2026-07-07T13:10:15.226111000Z,QoS Data,112,34,-1,920,2,8,1,0,1,0,0,0,720,1
1072,2026-07-07T13:10:15.228533000Z,RTS,54,34,0,920,1,11,,,,0,0,0,2380,0
1074,2026-07-07T13:10:15.230193000Z,QoS Data,112,34,0,920,2,8,1,0,1,0,0,0,720,1
1075,2026-07-07T13:10:15.233082000Z,RTS,54,34,0,920,1,11,,,,0,0,0,2380,0
1077,2026-07-07T13:10:15.234736000Z,QoS Data,112,34,0,920,2,8,1,0,1,0,0,0,720,1
1078,2026-07-07T13:10:15.238097000Z,RTS,54,34,0,920,1,11,,,,0,0,0,2416,0
1080,2026-07-07T13:10:15.239791000Z,QoS Data,112,34,0,920,2,8,1,0,1,0,0,0,720,1
1083,2026-07-07T13:10:15.410660000Z,S1G Beacon,129,34,-58,920,3,1,,,,,,,0,1
1084,2026-07-07T13:10:15.683395000Z,S1G Beacon,129,34,-58,920,3,1,,,,,,,0,0
1085,2026-07-07T13:10:16.228086000Z,S1G Beacon,61,34,-57,920,3,1,,,,,,,0,1
1086,2026-07-07T13:10:16.500824000Z,S1G Beacon,61,34,-60,920,3,1,,,,,,,0,0
1087,2026-07-07T13:10:16.710349000Z,QoS Data,116,34,0,920,2,8,1,0,0,0,0,0,720,1
1089,2026-07-07T13:10:16.722725000Z,QoS Data,112,34,0,920,2,8,1,0,0,0,0,0,720,1
1091,2026-07-07T13:10:17.049107000Z,S1G Beacon,129,34,-61,920,3,1,,,,,,,0,1
1092,2026-07-07T13:10:17.321853000Z,S1G Beacon,129,34,-58,920,3,1,,,,,,,0,0
1093,2026-07-07T13:10:17.866535000Z,S1G Beacon,61,34,-57,920,3,1,,,,,,,0,1
1094,2026-07-07T13:10:18.139282000Z,S1G Beacon,61,34,-57,920,3,1,,,,,,,0,0
1095,2026-07-07T13:10:18.210010000Z,QoS Data,116,34,0,920,2,8,1,0,0,0,0,0,720,1
1101,2026-07-07T13:10:18.687556000Z,S1G Beacon,129,34,-57,920,3,1,,,,,,,0,1
1102,2026-07-07T13:10:18.960306000Z,S1G Beacon,129,34,-58,920,3,1,,,,,,,0,0
1103,2026-07-07T13:10:19.504978000Z,S1G Beacon,61,34,-59,920,3,1,,,,,,,0,1
1104,2026-07-07T13:10:19.709988000Z,QoS Data,116,34,-1,920,2,8,1,0,0,0,0,0,720,1
1106,2026-07-07T13:10:19.722753000Z,QoS Data,112,34,0,920,2,8,1,0,0,0,0,0,720,1
1107,2026-07-07T13:10:19.777713000Z,S1G Beacon,61,34,-58,920,3,1,,,,,,,0,0
1109,2026-07-07T13:10:20.326000000Z,S1G Beacon,129,34,-57,920,3,1,,,,,,,0,1
1110,2026-07-07T13:10:20.598753000Z,S1G Beacon,129,34,-59,920,3,1,,,,,,,0,0
1111,2026-07-07T13:10:21.143433000Z,S1G Beacon,61,34,-57,920,3,1,,,,,,,0,1
1112,2026-07-07T13:10:21.210057000Z,QoS Data,116,34,0,920,2,8,1,0,0,0,0,0,720,1
1115,2026-07-07T13:10:21.416168000Z,S1G Beacon,61,34,-58,920,3,1,,,,,,,0,0
1117,2026-07-07T13:10:21.964454000Z,S1G Beacon,129,34,-58,920,3,1,,,,,,,0,1
1118,2026-07-07T13:10:22.237197000Z,S1G Beacon,129,34,-62,920,3,1,,,,,,,0,0
1122,2026-07-07T13:10:22.709961000Z,QoS Data,116,34,-1,920,2,8,1,0,0,0,0,0,720,1
1124,2026-07-07T13:10:22.781872000Z,S1G Beacon,61,34,-57,920,3,1,,,,,,,0,1
1126,2026-07-07T13:10:23.054620000Z,S1G Beacon,61,34,-60,920,3,1,,,,,,,0,0
1127,2026-07-07T13:10:23.602909000Z,S1G Beacon,129,34,-59,920,3,1,,,,,,,0,1
1128,2026-07-07T13:10:23.875655000Z,S1G Beacon,129,34,-60,920,3,1,,,,,,,0,0
1129,2026-07-07T13:10:24.210038000Z,QoS Data,116,34,0,920,2,8,1,0,0,0,0,0,720,1
1132,2026-07-07T13:10:24.420321000Z,S1G Beacon,61,34,-60,920,3,1,,,,,,,0,1
1133,2026-07-07T13:10:24.693075000Z,S1G Beacon,61,34,-60,920,3,1,,,,,,,0,0
1134,2026-07-07T13:10:25.241356000Z,S1G Beacon,129,34,-58,920,3,1,,,,,,,0,1
1135,2026-07-07T13:10:25.514106000Z,S1G Beacon,129,34,-60,920,3,1,,,,,,,0,0
1136,2026-07-07T13:10:25.723222000Z,QoS Data,112,34,0,920,2,8,1,0,0,0,0,0,720,1
1138,2026-07-07T13:10:26.058766000Z,S1G Beacon,61,34,-58,920,3,1,,,,,,,0,1
1139,2026-07-07T13:10:26.331529000Z,S1G Beacon,61,34,-59,920,3,1,,,,,,,0,0
1144,2026-07-07T13:10:26.711626000Z,QoS Data,116,34,0,920,2,8,1,0,0,0,0,0,720,1
1148,2026-07-07T13:10:26.879792000Z,S1G Beacon,129,34,-58,920,3,1,,,,,,,0,1
1151,2026-07-07T13:10:27.152553000Z,S1G Beacon,129,34,-58,920,3,1,,,,,,,0,0
1153,2026-07-07T13:10:27.210162000Z,QoS Data,133,34,0,920,2,8,1,0,0,0,0,0,720,1
1161,2026-07-07T13:10:27.705062000Z,S1G Beacon,61,34,-59,920,3,1,,,,,,,0,1
1162,2026-07-07T13:10:27.969991000Z,S1G Beacon,61,34,-58,920,3,1,,,,,,,0,0
1164,2026-07-07T13:10:28.518242000Z,S1G Beacon,129,34,-58,920,3,1,,,,,,,0,1
1165,2026-07-07T13:10:28.791000000Z,S1G Beacon,129,34,-60,920,3,1,,,,,,,0,0
1166,2026-07-07T13:10:29.335683000Z,S1G Beacon,61,34,-57,920,3,1,,,,,,,0,1
1167,2026-07-07T13:10:29.710328000Z,QoS Data,116,34,0,920,2,8,1,0,0,0,0,0,720,1
1169,2026-07-07T13:10:30.156690000Z,S1G Beacon,129,34,-60,920,3,1,,,,,,,0,1
1171,2026-07-07T13:10:30.429452000Z,S1G Beacon,129,34,-57,920,3,1,,,,,,,0,0
1172,2026-07-07T13:10:30.974108000Z,S1G Beacon,61,34,-57,920,3,1,,,,,,,0,1
1173,2026-07-07T13:10:31.210360000Z,QoS Data,116,34,0,920,2,8,1,0,0,0,0,0,720,1
1175,2026-07-07T13:10:31.246875000Z,S1G Beacon,61,34,-58,920,3,1,,,,,,,0,0
1176,2026-07-07T13:10:31.795194000Z,S1G Beacon,129,34,-58,920,3,1,,,,,,,0,1
1177,2026-07-07T13:10:32.067904000Z,S1G Beacon,129,34,-59,920,3,1,,,,,,,0,0
1178,2026-07-07T13:10:32.612561000Z,S1G Beacon,61,34,-59,920,3,1,,,,,,,0,1
1179,2026-07-07T13:10:32.710390000Z,QoS Data,116,34,0,920,2,8,1,0,0,0,0,0,720,1
1181,2026-07-07T13:10:32.885326000Z,S1G Beacon,61,34,-59,920,3,1,,,,,,,0,0
1184,2026-07-07T13:10:33.433586000Z,S1G Beacon,129,34,-57,920,3,1,,,,,,,0,1
1185,2026-07-07T13:10:33.706358000Z,S1G Beacon,129,34,-59,920,3,1,,,,,,,0,0
1186,2026-07-07T13:10:34.210443000Z,QoS Data,116,34,0,920,2,8,1,0,0,0,0,0,720,1
1188,2026-07-07T13:10:34.251004000Z,S1G Beacon,61,34,-59,920,3,1,,,,,,,0,1
1189,2026-07-07T13:10:34.523775000Z,S1G Beacon,61,34,-57,920,3,1,,,,,,,0,0
1190,2026-07-07T13:10:35.072053000Z,S1G Beacon,129,34,-57,920,3,1,,,,,,,0,1
1191,2026-07-07T13:10:35.344814000Z,S1G Beacon,129,34,-59,920,3,1,,,,,,,0,0
1192,2026-07-07T13:10:35.710713000Z,QoS Data,116,34,0,920,2,8,1,0,0,0,0,0,720,1
1194,2026-07-07T13:10:35.889449000Z,S1G Beacon,61,34,-58,920,3,1,,,,,,,0,1
1195,2026-07-07T13:10:36.162223000Z,S1G Beacon,61,34,-59,920,3,1,,,,,,,0,0
1197,2026-07-07T13:10:36.710473000Z,S1G Beacon,129,34,-59,920,3,1,,,,,,,0,1
1199,2026-07-07T13:10:36.983257000Z,S1G Beacon,129,34,-58,920,3,1,,,,,,,0,0
1200,2026-07-07T13:10:37.210392000Z,QoS Data,116,34,0,920,2,8,1,0,0,0,0,0,720,1
1202,2026-07-07T13:10:37.527900000Z,S1G Beacon,61,34,-59,920,3,1,,,,,,,0,1
1203,2026-07-07T13:10:37.723183000Z,QoS Data,112,34,0,920,2,8,1,0,0,0,0,0,720,1
1204,2026-07-07T13:10:37.725788000Z,QoS Data,112,34,0,920,2,8,1,0,1,0,0,0,720,1
1205,2026-07-07T13:10:37.731169000Z,RTS,54,34,0,920,1,11,,,,0,0,0,2416,0
1207,2026-07-07T13:10:37.732855000Z,QoS Data,112,34,0,920,2,8,1,0,1,0,0,0,720,1
1209,2026-07-07T13:10:37.800676000Z,S1G Beacon,61,34,-57,920,3,1,,,,,,,0,0
1210,2026-07-07T13:10:38.348924000Z,S1G Beacon,129,34,-58,920,3,1,,,,,,,0,1
1211,2026-07-07T13:10:38.621701000Z,S1G Beacon,129,34,-58,920,3,1,,,,,,,0,0
1212,2026-07-07T13:10:38.710488000Z,QoS Data,116,34,0,920,2,8,1,0,0,0,0,0,720,1
1214,2026-07-07T13:10:39.166347000Z,S1G Beacon,61,34,-58,920,3,1,,,,,,,0,1
1216,2026-07-07T13:10:39.439128000Z,S1G Beacon,61,34,-58,920,3,1,,,,,,,0,0
1218,2026-07-07T13:10:39.987383000Z,S1G Beacon,129,34,-58,920,3,1,,,,,,,0,1
1219,2026-07-07T13:10:40.210561000Z,QoS Data,116,34,0,920,2,8,1,0,0,0,0,0,720,1
1220,2026-07-07T13:10:40.260149000Z,S1G Beacon,129,34,-57,920,3,1,,,,,,,0,0
1221,2026-07-07T13:10:40.804797000Z,S1G Beacon,61,34,-64,920,3,1,,,,,,,0,1
1222,2026-07-07T13:10:41.077603000Z,S1G Beacon,61,34,-59,920,3,1,,,,,,,0,0
1223,2026-07-07T13:10:41.625831000Z,S1G Beacon,129,34,-59,920,3,1,,,,,,,0,1
1224,2026-07-07T13:10:41.710457000Z,QoS Data,116,34,0,920,2,8,1,0,0,0,0,0,720,1
1226,2026-07-07T13:10:41.898623000Z,S1G Beacon,129,34,-57,920,3,1,,,,,,,0,0
1227,2026-07-07T13:10:42.443347000Z,S1G Beacon,61,34,-60,920,3,1,,,,,,,0,1
1229,2026-07-07T13:10:42.716032000Z,S1G Beacon,61,34,-59,920,3,1,,,,,,,0,0
1230,2026-07-07T13:10:43.210433000Z,QoS Data,116,34,0,920,2,8,1,0,0,0,0,0,720,1
1232,2026-07-07T13:10:43.264268000Z,S1G Beacon,129,34,-58,920,3,1,,,,,,,0,1
1233,2026-07-07T13:10:43.537053000Z,S1G Beacon,129,34,-60,920,3,1,,,,,,,0,0
1234,2026-07-07T13:10:44.081687000Z,S1G Beacon,61,34,-58,920,3,1,,,,,,,0,1
1235,2026-07-07T13:10:44.354476000Z,S1G Beacon,61,34,-58,920,3,1,,,,,,,0,0
1236,2026-07-07T13:10:44.710444000Z,QoS Data,116,34,0,920,2,8,1,0,0,0,0,0,720,1
1238,2026-07-07T13:10:44.902716000Z,S1G Beacon,129,34,-57,920,3,1,,,,,,,0,1
1239,2026-07-07T13:10:45.175521000Z,S1G Beacon,129,34,-59,920,3,1,,,,,,,0,0
1241,2026-07-07T13:10:45.720159000Z,S1G Beacon,61,34,-58,920,3,1,,,,,,,0,1
1242,2026-07-07T13:10:45.992956000Z,S1G Beacon,61,34,-59,920,3,1,,,,,,,0,0
1243,2026-07-07T13:10:46.541165000Z,S1G Beacon,129,34,-59,920,3,1,,,,,,,0,1
1244,2026-07-07T13:10:46.814128000Z,S1G Beacon,129,34,-60,920,3,1,,,,,,,0,0
1245,2026-07-07T13:10:47.212020000Z,QoS Data,116,34,0,920,2,8,1,0,0,0,0,0,720,1
1247,2026-07-07T13:10:47.358583000Z,S1G Beacon,61,34,-59,920,3,1,,,,,,,0,1
1250,2026-07-07T13:10:47.631376000Z,S1G Beacon,61,34,-59,920,3,1,,,,,,,0,0
1257,2026-07-07T13:10:48.185745000Z,S1G Beacon,129,34,-59,920,3,1,,,,,,,0,1
1260,2026-07-07T13:10:48.452403000Z,S1G Beacon,129,34,-59,920,3,1,,,,,,,0,0
1265,2026-07-07T13:10:48.710431000Z,QoS Data,116,34,0,920,2,8,1,0,0,0,0,0,720,1
1267,2026-07-07T13:10:48.997026000Z,S1G Beacon,61,34,-60,920,3,1,,,,,,,0,1
1268,2026-07-07T13:10:49.269833000Z,S1G Beacon,61,34,-58,920,3,1,,,,,,,0,0
1269,2026-07-07T13:10:49.818049000Z,S1G Beacon,129,34,-58,920,3,1,,,,,,,0,1
1270,2026-07-07T13:10:50.090859000Z,S1G Beacon,129,34,-59,920,3,1,,,,,,,0,0
1271,2026-07-07T13:10:50.210572000Z,QoS Data,116,34,0,920,2,8,1,0,0,0,0,0,720,1
1273,2026-07-07T13:10:50.635476000Z,S1G Beacon,61,34,-58,920,3,1,,,,,,,0,1
1274,2026-07-07T13:10:50.908276000Z,S1G Beacon,61,34,-57,920,3,1,,,,,,,0,0
1275,2026-07-07T13:10:51.210503000Z,QoS Data,133,34,0,920,2,8,1,0,0,0,0,0,720,1
1277,2026-07-07T13:10:51.457026000Z,S1G Beacon,129,34,-57,920,3,1,,,,,,,0,1
1280,2026-07-07T13:10:51.710502000Z,QoS Data,116,34,0,920,2,8,1,0,0,0,0,0,720,1
1282,2026-07-07T13:10:51.729306000Z,S1G Beacon,129,34,-58,920,3,1,,,,,,,0,0
1283,2026-07-07T13:10:52.275594000Z,S1G Beacon,61,34,-58,920,3,1,,,,,,,0,1
1284,2026-07-07T13:10:52.546729000Z,S1G Beacon,61,34,-58,920,3,1,,,,,,,0,0
1285,2026-07-07T13:10:53.094950000Z,S1G Beacon,129,34,-60,920,3,1,,,,,,,0,1
1286,2026-07-07T13:10:53.210450000Z,QoS Data,116,34,0,920,2,8,1,0,0,0,0,0,720,1
1288,2026-07-07T13:10:53.367761000Z,S1G Beacon,129,34,-58,920,3,1,,,,,,,0,0
1289,2026-07-07T13:10:53.912371000Z,S1G Beacon,61,34,-59,920,3,1,,,,,,,0,1
1290,2026-07-07T13:10:54.185178000Z,S1G Beacon,61,34,-58,920,3,1,,,,,,,0,0
1292,2026-07-07T13:10:54.710037000Z,QoS Data,116,34,0,920,2,8,1,0,0,0,0,0,720,1
1294,2026-07-07T13:10:54.737449000Z,S1G Beacon,129,34,-58,920,3,1,,,,,,,0,1
1295,2026-07-07T13:10:55.006205000Z,S1G Beacon,129,34,-59,920,3,1,,,,,,,0,0
1296,2026-07-07T13:10:55.550817000Z,S1G Beacon,61,34,-61,920,3,1,,,,,,,0,1
1297,2026-07-07T13:10:55.823634000Z,S1G Beacon,61,34,-62,920,3,1,,,,,,,0,0
1299,2026-07-07T13:10:56.210377000Z,QoS Data,116,34,-1,920,2,8,1,0,0,0,0,0,720,1
1301,2026-07-07T13:10:56.371855000Z,S1G Beacon,129,34,-58,920,3,1,,,,,,,0,1
1302,2026-07-07T13:10:56.644661000Z,S1G Beacon,129,34,-58,920,3,1,,,,,,,0,0
1303,2026-07-07T13:10:57.189267000Z,S1G Beacon,61,34,-59,920,3,1,,,,,,,0,1
1304,2026-07-07T13:10:57.462093000Z,S1G Beacon,61,34,-59,920,3,1,,,,,,,0,0
1306,2026-07-07T13:10:57.710458000Z,QoS Data,116,34,0,920,2,8,1,0,0,0,0,0,720,1
1308,2026-07-07T13:10:58.010290000Z,S1G Beacon,129,34,-59,920,3,1,,,,,,,0,1
1309,2026-07-07T13:10:58.283111000Z,S1G Beacon,129,34,-57,920,3,1,,,,,,,0,0
1310,2026-07-07T13:10:58.827717000Z,S1G Beacon,61,34,-59,920,3,1,,,,,,,0,1
1311,2026-07-07T13:10:59.100528000Z,S1G Beacon,61,34,-58,920,3,1,,,,,,,0,0
1312,2026-07-07T13:10:59.210055000Z,QoS Data,116,34,0,920,2,8,1,0,0,0,0,0,720,1
1313,2026-07-07T13:10:59.213340000Z,QoS Data,116,34,0,920,2,8,1,0,1,0,0,0,720,1
1315,2026-07-07T13:10:59.648743000Z,S1G Beacon,129,34,-57,920,3,1,,,,,,,0,1
1316,2026-07-07T13:10:59.921551000Z,S1G Beacon,129,34,-59,920,3,1,,,,,,,0,0
1317,2026-07-07T13:11:00.466160000Z,S1G Beacon,61,34,-58,920,3,1,,,,,,,0,1
1319,2026-07-07T13:11:00.710034000Z,QoS Data,116,34,0,920,2,8,1,0,0,0,0,0,720,1
1321,2026-07-07T13:11:00.738979000Z,S1G Beacon,61,34,-57,920,3,1,,,,,,,0,0
1322,2026-07-07T13:11:01.287182000Z,S1G Beacon,129,34,-58,920,3,1,,,,,,,0,1
1323,2026-07-07T13:11:01.560027000Z,S1G Beacon,129,34,-62,920,3,1,,,,,,,0,0
1324,2026-07-07T13:11:01.723029000Z,QoS Data,112,34,0,920,2,8,1,0,0,0,0,0,720,1
1327,2026-07-07T13:11:02.104601000Z,S1G Beacon,61,34,-59,920,3,1,,,,,,,0,1
1328,2026-07-07T13:11:02.210013000Z,QoS Data,116,34,0,920,2,8,1,0,0,0,0,0,720,1
1330,2026-07-07T13:11:02.377427000Z,S1G Beacon,61,34,-58,920,3,1,,,,,,,0,0
1331,2026-07-07T13:11:03.198468000Z,S1G Beacon,129,34,-58,920,3,1,,,,,,,0,0
1333,2026-07-07T13:11:03.710065000Z,QoS Data,116,34,0,920,2,8,1,0,0,0,0,0,720,1
1335,2026-07-07T13:11:03.743047000Z,S1G Beacon,61,34,-59,920,3,1,,,,,,,0,1
1336,2026-07-07T13:11:04.015881000Z,S1G Beacon,61,34,-58,920,3,1,,,,,,,0,0
1337,2026-07-07T13:11:04.564081000Z,S1G Beacon,129,34,-58,920,3,1,,,,,,,0,1
1338,2026-07-07T13:11:04.836910000Z,S1G Beacon,129,34,-58,920,3,1,,,,,,,0,0
1339,2026-07-07T13:11:05.210207000Z,QoS Data,116,34,0,920,2,8,1,0,0,0,0,0,720,1
1341,2026-07-07T13:11:05.381498000Z,S1G Beacon,61,34,-58,920,3,1,,,,,,,0,1
1342,2026-07-07T13:11:05.654332000Z,S1G Beacon,61,34,-59,920,3,1,,,,,,,0,0
1343,2026-07-07T13:11:06.202534000Z,S1G Beacon,129,34,-58,920,3,1,,,,,,,0,1
1344,2026-07-07T13:11:06.475362000Z,S1G Beacon,129,34,-58,920,3,1,,,,,,,0,0
1346,2026-07-07T13:11:07.019956000Z,S1G Beacon,61,34,-58,920,3,1,,,,,,,0,1
1347,2026-07-07T13:11:07.292777000Z,S1G Beacon,61,34,-59,920,3,1,,,,,,,0,0
1349,2026-07-07T13:11:07.711610000Z,QoS Data,116,34,0,920,2,8,1,0,0,0,0,0,720,1
1351,2026-07-07T13:11:07.840977000Z,S1G Beacon,129,34,-59,920,3,1,,,,,,,0,1
1352,2026-07-07T13:11:08.113813000Z,S1G Beacon,129,34,-60,920,3,1,,,,,,,0,0
1356,2026-07-07T13:11:08.666085000Z,S1G Beacon,61,34,-59,920,3,1,,,,,,,0,1
1359,2026-07-07T13:11:08.931231000Z,S1G Beacon,61,34,-59,920,3,1,,,,,,,0,0
1364,2026-07-07T13:11:09.210031000Z,QoS Data,116,34,0,920,2,8,1,0,0,0,0,0,720,1
1368,2026-07-07T13:11:09.479418000Z,S1G Beacon,129,34,-57,920,3,1,,,,,,,0,1
1373,2026-07-07T13:11:09.752257000Z,S1G Beacon,129,34,-58,920,3,1,,,,,,,0,0
1374,2026-07-07T13:11:10.296842000Z,S1G Beacon,61,34,-56,920,3,1,,,,,,,0,1
1375,2026-07-07T13:11:10.569683000Z,S1G Beacon,61,34,-58,920,3,1,,,,,,,0,0
1376,2026-07-07T13:11:10.710050000Z,QoS Data,116,34,0,920,2,8,1,0,0,0,0,0,720,1
1378,2026-07-07T13:11:11.117916000Z,S1G Beacon,129,34,-58,920,3,1,,,,,,,0,1
1379,2026-07-07T13:11:11.390718000Z,S1G Beacon,129,34,-57,920,3,1,,,,,,,0,0
1380,2026-07-07T13:11:11.935291000Z,S1G Beacon,61,34,-57,920,3,1,,,,,,,0,1
1381,2026-07-07T13:11:12.208137000Z,S1G Beacon,61,34,-58,920,3,1,,,,,,,0,0
1382,2026-07-07T13:11:12.210330000Z,QoS Data,116,34,0,920,2,8,1,0,0,0,0,0,720,1
1385,2026-07-07T13:11:12.756319000Z,S1G Beacon,129,34,-58,920,3,1,,,,,,,0,1
1386,2026-07-07T13:11:13.029164000Z,S1G Beacon,129,34,-59,920,3,1,,,,,,,0,0
1387,2026-07-07T13:11:13.575971000Z,S1G Beacon,61,34,-57,920,3,1,,,,,,,0,1
1388,2026-07-07T13:11:13.710507000Z,QoS Data,116,34,0,920,2,8,1,0,0,0,0,0,720,1
1389,2026-07-07T13:11:13.846580000Z,S1G Beacon,61,34,-58,920,3,1,,,,,,,0,0
1391,2026-07-07T13:11:14.394768000Z,S1G Beacon,129,34,-58,920,3,1,,,,,,,0,1
1392,2026-07-07T13:11:14.667608000Z,S1G Beacon,129,34,-58,920,3,1,,,,,,,0,0
1393,2026-07-07T13:11:15.212188000Z,S1G Beacon,61,34,-63,920,3,1,,,,,,,0,1
1394,2026-07-07T13:11:15.213910000Z,QoS Data,116,34,0,920,2,8,1,0,0,0,0,0,720,1
1396,2026-07-07T13:11:15.485029000Z,S1G Beacon,61,34,-59,920,3,1,,,,,,,0,0
1398,2026-07-07T13:11:16.033209000Z,S1G Beacon,129,34,-58,920,3,1,,,,,,,0,1
1399,2026-07-07T13:11:16.306066000Z,S1G Beacon,129,34,-59,920,3,1,,,,,,,0,0
1400,2026-07-07T13:11:16.710445000Z,QoS Data,116,34,0,920,2,8,1,0,0,0,0,0,720,1
1402,2026-07-07T13:11:16.850630000Z,S1G Beacon,61,34,-58,920,3,1,,,,,,,0,1
1403,2026-07-07T13:11:17.123486000Z,S1G Beacon,61,34,-59,920,3,1,,,,,,,0,0
1404,2026-07-07T13:11:17.671669000Z,S1G Beacon,129,34,-57,920,3,1,,,,,,,0,1
1405,2026-07-07T13:11:17.944513000Z,S1G Beacon,129,34,-58,920,3,1,,,,,,,0,0
1406,2026-07-07T13:11:18.210475000Z,QoS Data,116,34,0,920,2,8,1,0,0,0,0,0,720,1
1409,2026-07-07T13:11:18.489080000Z,S1G Beacon,61,34,-59,920,3,1,,,,,,,0,1
1411,2026-07-07T13:11:18.761932000Z,S1G Beacon,61,34,-59,920,3,1,,,,,,,0,0
1412,2026-07-07T13:11:19.310104000Z,S1G Beacon,129,34,-59,920,3,1,,,,,,,0,1
1413,2026-07-07T13:11:19.582989000Z,S1G Beacon,129,34,-60,920,3,1,,,,,,,0,0
1414,2026-07-07T13:11:19.710531000Z,QoS Data,116,34,0,920,2,8,1,0,0,0,0,0,720,1
1416,2026-07-07T13:11:20.127524000Z,S1G Beacon,61,34,-58,920,3,1,,,,,,,0,1
1417,2026-07-07T13:11:20.400385000Z,S1G Beacon,61,34,-59,920,3,1,,,,,,,0,0
1418,2026-07-07T13:11:20.948557000Z,S1G Beacon,129,34,-60,920,3,1,,,,,,,0,1
1419,2026-07-07T13:11:21.210449000Z,QoS Data,116,34,0,920,2,8,1,0,0,0,0,0,720,1
1421,2026-07-07T13:11:21.221410000Z,S1G Beacon,129,34,-59,920,3,1,,,,,,,0,0
1423,2026-07-07T13:11:21.765973000Z,S1G Beacon,61,34,-59,920,3,1,,,,,,,0,1
1426,2026-07-07T13:11:22.038830000Z,S1G Beacon,61,34,-58,920,3,1,,,,,,,0,0
1428,2026-07-07T13:11:22.586997000Z,S1G Beacon,129,34,-59,920,3,1,,,,,,,0,1
1429,2026-07-07T13:11:22.710510000Z,QoS Data,116,34,0,920,2,8,1,0,0,0,0,0,720,1
1431,2026-07-07T13:11:22.859861000Z,S1G Beacon,129,34,-58,920,3,1,,,,,,,0,0
1433,2026-07-07T13:11:23.404443000Z,S1G Beacon,61,34,-57,920,3,1,,,,,,,0,1
1434,2026-07-07T13:11:23.677285000Z,S1G Beacon,61,34,-57,920,3,1,,,,,,,0,0
1435,2026-07-07T13:11:24.210491000Z,QoS Data,116,34,0,920,2,8,1,0,0,0,0,0,720,1
1437,2026-07-07T13:11:24.225454000Z,S1G Beacon,129,34,-58,920,3,1,,,,,,,0,1
1439,2026-07-07T13:11:24.498313000Z,S1G Beacon,129,34,-58,920,3,1,,,,,,,0,0
1441,2026-07-07T13:11:25.042865000Z,S1G Beacon,61,34,-59,920,3,1,,,,,,,0,1
1442,2026-07-07T13:11:25.315736000Z,S1G Beacon,61,34,-60,920,3,1,,,,,,,0,0
1443,2026-07-07T13:11:25.710474000Z,QoS Data,116,34,0,920,2,8,1,0,0,0,0,0,720,1
1444,2026-07-07T13:11:25.863892000Z,S1G Beacon,129,34,-58,920,3,1,,,,,,,0,1
1446,2026-07-07T13:11:26.136767000Z,S1G Beacon,129,34,-58,920,3,1,,,,,,,0,0
1447,2026-07-07T13:11:26.685110000Z,S1G Beacon,61,34,-58,920,3,1,,,,,,,0,1
1448,2026-07-07T13:11:26.954189000Z,S1G Beacon,61,34,-60,920,3,1,,,,,,,0,0
1449,2026-07-07T13:11:27.502339000Z,S1G Beacon,129,34,-60,920,3,1,,,,,,,0,1
1450,2026-07-07T13:11:27.775214000Z,S1G Beacon,129,34,-58,920,3,1,,,,,,,0,0
1452,2026-07-07T13:11:28.212059000Z,QoS Data,116,34,0,920,2,8,1,0,0,0,0,0,720,1
1454,2026-07-07T13:11:28.319758000Z,S1G Beacon,61,34,-59,920,3,1,,,,,,,0,1
1455,2026-07-07T13:11:28.592649000Z,S1G Beacon,61,34,-59,920,3,1,,,,,,,0,0
1456,2026-07-07T13:11:29.140788000Z,S1G Beacon,129,34,-58,920,3,1,,,,,,,0,1
1457,2026-07-07T13:11:29.413661000Z,S1G Beacon,129,34,-59,920,3,1,,,,,,,0,0
1461,2026-07-07T13:11:29.710495000Z,QoS Data,116,34,0,920,2,8,1,0,0,0,0,0,720,1
1468,2026-07-07T13:11:30.231091000Z,S1G Beacon,61,34,-58,920,3,1,,,,,,,0,0
1474,2026-07-07T13:11:30.779238000Z,S1G Beacon,129,34,-57,920,3,1,,,,,,,0,1
1476,2026-07-07T13:11:31.052115000Z,S1G Beacon,129,34,-59,920,3,1,,,,,,,0,0
1477,2026-07-07T13:11:31.214277000Z,QoS Data,116,34,0,920,2,8,1,0,1,0,0,0,720,1
1479,2026-07-07T13:11:31.596654000Z,S1G Beacon,61,34,-59,920,3,1,,,,,,,0,1
1480,2026-07-07T13:11:31.869539000Z,S1G Beacon,61,34,-59,920,3,1,,,,,,,0,0
1482,2026-07-07T13:11:32.417683000Z,S1G Beacon,129,34,-58,920,3,1,,,,,,,0,1
1483,2026-07-07T13:11:32.690561000Z,S1G Beacon,129,34,-59,920,3,1,,,,,,,0,0
1484,2026-07-07T13:11:32.710504000Z,QoS Data,116,34,0,920,2,8,1,0,0,0,0,0,720,1
1486,2026-07-07T13:11:33.235107000Z,S1G Beacon,61,34,-60,920,3,1,,,,,,,0,1
1487,2026-07-07T13:11:33.507987000Z,S1G Beacon,61,34,-58,920,3,1,,,,,,,0,0
1490,2026-07-07T13:11:34.056131000Z,S1G Beacon,129,34,-60,920,3,1,,,,,,,0,1
1491,2026-07-07T13:11:34.210737000Z,QoS Data,116,34,0,920,2,8,1,0,0,0,0,0,720,1
1493,2026-07-07T13:11:34.329012000Z,S1G Beacon,129,34,-58,920,3,1,,,,,,,0,0
1495,2026-07-07T13:11:34.873564000Z,S1G Beacon,61,34,-57,920,3,1,,,,,,,0,1
1496,2026-07-07T13:11:35.146432000Z,S1G Beacon,61,34,-59,920,3,1,,,,,,,0,0
1497,2026-07-07T13:11:35.694576000Z,S1G Beacon,129,34,-57,920,3,1,,,,,,,0,1
1498,2026-07-07T13:11:35.710511000Z,QoS Data,116,34,0,920,2,8,1,0,0,0,0,0,720,1
1500,2026-07-07T13:11:35.967465000Z,S1G Beacon,129,34,-57,920,3,1,,,,,,,0,0
1501,2026-07-07T13:11:36.511996000Z,S1G Beacon,61,34,-59,920,3,1,,,,,,,0,1
1502,2026-07-07T13:11:36.784885000Z,S1G Beacon,61,34,-58,920,3,1,,,,,,,0,0
1505,2026-07-07T13:11:37.210496000Z,QoS Data,116,34,0,920,2,8,1,0,0,0,0,0,720,1
1507,2026-07-07T13:11:37.334167000Z,S1G Beacon,129,34,-59,920,3,1,,,,,,,0,1
1508,2026-07-07T13:11:37.605918000Z,S1G Beacon,129,34,-58,920,3,1,,,,,,,0,0
1509,2026-07-07T13:11:38.150445000Z,S1G Beacon,61,34,-58,920,3,1,,,,,,,0,1
1510,2026-07-07T13:11:38.423334000Z,S1G Beacon,61,34,-60,920,3,1,,,,,,,0,0
1511,2026-07-07T13:11:38.710105000Z,QoS Data,116,34,0,920,2,8,1,0,0,0,0,0,720,1
1513,2026-07-07T13:11:38.971734000Z,S1G Beacon,129,34,-60,920,3,1,,,,,,,0,1
1514,2026-07-07T13:11:39.210684000Z,QoS Data,133,34,0,920,2,8,1,0,0,0,0,0,720,1
1516,2026-07-07T13:11:39.244367000Z,S1G Beacon,129,34,-58,920,3,1,,,,,,,0,0
1517,2026-07-07T13:11:39.788888000Z,S1G Beacon,61,34,-57,920,3,1,,,,,,,0,1
1519,2026-07-07T13:11:40.061801000Z,S1G Beacon,61,34,-59,920,3,1,,,,,,,0,0
1520,2026-07-07T13:11:40.210630000Z,QoS Data,116,34,0,920,2,8,1,0,0,0,0,0,720,1
1522,2026-07-07T13:11:40.609919000Z,S1G Beacon,129,34,-57,920,3,1,,,,,,,0,1
1523,2026-07-07T13:11:40.882843000Z,S1G Beacon,129,34,-58,920,3,1,,,,,,,0,0
1524,2026-07-07T13:11:41.427349000Z,S1G Beacon,61,34,-58,920,3,1,,,,,,,0,1
1525,2026-07-07T13:11:41.700236000Z,S1G Beacon,61,34,-63,920,3,1,,,,,,,0,0
1526,2026-07-07T13:11:41.710082000Z,QoS Data,116,34,0,920,2,8,1,0,0,0,0,0,720,1
1528,2026-07-07T13:11:42.248371000Z,S1G Beacon,129,34,-60,920,3,1,,,,,,,0,1
1529,2026-07-07T13:11:42.521264000Z,S1G Beacon,129,34,-58,920,3,1,,,,,,,0,0
1530,2026-07-07T13:11:43.065788000Z,S1G Beacon,61,34,-58,920,3,1,,,,,,,0,1
1531,2026-07-07T13:11:43.210141000Z,QoS Data,116,34,0,920,2,8,1,0,0,0,0,0,720,1
1533,2026-07-07T13:11:43.338695000Z,S1G Beacon,61,34,-59,920,3,1,,,,,,,0,0
1534,2026-07-07T13:11:43.886819000Z,S1G Beacon,129,34,-58,920,3,1,,,,,,,0,1
1535,2026-07-07T13:11:44.159713000Z,S1G Beacon,129,34,-58,920,3,1,,,,,,,0,0
1536,2026-07-07T13:11:44.704233000Z,S1G Beacon,61,34,-58,920,3,1,,,,,,,0,1
1537,2026-07-07T13:11:44.710119000Z,QoS Data,116,34,0,920,2,8,1,0,0,0,0,0,720,1
1539,2026-07-07T13:11:44.977139000Z,S1G Beacon,61,34,-59,920,3,1,,,,,,,0,0
1540,2026-07-07T13:11:45.525266000Z,S1G Beacon,129,34,-60,920,3,1,,,,,,,0,1
1541,2026-07-07T13:11:45.798166000Z,S1G Beacon,129,34,-58,920,3,1,,,,,,,0,0
1544,2026-07-07T13:11:46.210124000Z,QoS Data,116,34,0,920,2,8,1,0,0,0,0,0,720,1
1545,2026-07-07T13:11:46.342702000Z,S1G Beacon,61,34,-59,920,3,1,,,,,,,0,1
1546,2026-07-07T13:11:46.615587000Z,S1G Beacon,61,34,-58,920,3,1,,,,,,,0,0
1547,2026-07-07T13:11:47.163712000Z,S1G Beacon,129,34,-59,920,3,1,,,,,,,0,1
1548,2026-07-07T13:11:47.436625000Z,S1G Beacon,129,34,-60,920,3,1,,,,,,,0,0
1549,2026-07-07T13:11:47.981137000Z,S1G Beacon,61,34,-59,920,3,1,,,,,,,0,1
1550,2026-07-07T13:11:48.254038000Z,S1G Beacon,61,34,-59,920,3,1,,,,,,,0,0
1553,2026-07-07T13:11:48.714530000Z,QoS Data,116,34,0,920,2,8,1,0,0,0,0,0,720,1
1555,2026-07-07T13:11:48.802152000Z,S1G Beacon,129,34,-59,920,3,1,,,,,,,0,1
1557,2026-07-07T13:11:49.075069000Z,S1G Beacon,129,34,-60,920,3,1,,,,,,,0,0
1558,2026-07-07T13:11:49.619577000Z,S1G Beacon,61,34,-58,920,3,1,,,,,,,0,1
1561,2026-07-07T13:11:49.725346000Z,QoS Data,112,34,0,920,2,8,1,0,0,0,0,0,720,1
1563,2026-07-07T13:11:49.892484000Z,S1G Beacon,61,34,-58,920,3,1,,,,,,,0,0
1564,2026-07-07T13:11:50.210231000Z,QoS Data,116,34,0,920,2,8,1,0,0,0,0,0,720,1
1566,2026-07-07T13:11:50.440615000Z,S1G Beacon,129,34,-57,920,3,1,,,,,,,0,1
1570,2026-07-07T13:11:50.713523000Z,S1G Beacon,129,34,-59,920,3,1,,,,,,,0,0
1575,2026-07-07T13:11:51.258021000Z,S1G Beacon,61,34,-57,920,3,1,,,,,,,0,1
1579,2026-07-07T13:11:51.530947000Z,S1G Beacon,61,34,-57,920,3,1,,,,,,,0,0
1584,2026-07-07T13:11:51.712792000Z,QoS Data,116,34,0,920,2,8,1,0,0,0,0,0,720,1
1588,2026-07-07T13:11:52.079046000Z,S1G Beacon,129,34,-58,920,3,1,,,,,,,0,1
1589,2026-07-07T13:11:52.351967000Z,S1G Beacon,129,34,-57,920,3,1,,,,,,,0,0
1590,2026-07-07T13:11:52.896471000Z,S1G Beacon,61,34,-58,920,3,1,,,,,,,0,1
1591,2026-07-07T13:11:53.169386000Z,S1G Beacon,61,34,-58,920,3,1,,,,,,,0,0
1592,2026-07-07T13:11:53.210354000Z,QoS Data,116,34,0,920,2,8,1,0,0,0,0,0,720,1
1593,2026-07-07T13:11:53.213565000Z,QoS Data,116,34,0,920,2,8,1,0,1,0,0,0,720,1
1595,2026-07-07T13:11:53.718662000Z,S1G Beacon,129,34,-57,920,3,1,,,,,,,0,1
1596,2026-07-07T13:11:53.990418000Z,S1G Beacon,129,34,-59,920,3,1,,,,,,,0,0
1597,2026-07-07T13:11:54.534925000Z,S1G Beacon,61,34,-58,920,3,1,,,,,,,0,1
1600,2026-07-07T13:11:54.713024000Z,QoS Data,116,34,0,920,2,8,1,0,0,0,0,0,720,1
1602,2026-07-07T13:11:54.807837000Z,S1G Beacon,61,34,-59,920,3,1,,,,,,,0,0
1604,2026-07-07T13:11:55.628881000Z,S1G Beacon,129,34,-58,920,3,1,,,,,,,0,0
1605,2026-07-07T13:11:56.173361000Z,S1G Beacon,61,34,-58,920,3,1,,,,,,,0,1
1606,2026-07-07T13:11:56.210511000Z,QoS Data,116,34,0,920,2,8,1,0,0,0,0,0,720,1
1608,2026-07-07T13:11:56.446284000Z,S1G Beacon,61,34,-59,920,3,1,,,,,,,0,0
1609,2026-07-07T13:11:56.994390000Z,S1G Beacon,129,34,-59,920,3,1,,,,,,,0,1
1610,2026-07-07T13:11:57.267323000Z,S1G Beacon,129,34,-58,920,3,1,,,,,,,0,0
1613,2026-07-07T13:11:57.718949000Z,QoS Data,116,34,-1,920,2,8,1,0,1,0,0,0,720,1
1615,2026-07-07T13:11:57.811806000Z,S1G Beacon,61,34,-57,920,3,1,,,,,,,0,1
1617,2026-07-07T13:11:58.633091000Z,S1G Beacon,129,34,-59,920,3,1,,,,,,,0,1
1618,2026-07-07T13:11:58.905773000Z,S1G Beacon,129,34,-58,920,3,1,,,,,,,0,0
1619,2026-07-07T13:11:59.210819000Z,QoS Data,116,34,0,920,2,8,1,0,0,0,0,0,720,1
1621,2026-07-07T13:11:59.450262000Z,S1G Beacon,61,34,-59,920,3,1,,,,,,,0,1
1622,2026-07-07T13:11:59.723200000Z,S1G Beacon,61,34,-58,920,3,1,,,,,,,0,0
1623,2026-07-07T13:12:00.271288000Z,S1G Beacon,129,34,-57,920,3,1,,,,,,,0,1
1624,2026-07-07T13:12:00.544218000Z,S1G Beacon,129,34,-58,920,3,1,,,,,,,0,0
1627,2026-07-07T13:12:00.713089000Z,QoS Data,116,34,0,920,2,8,1,0,0,0,0,0,720,1
1630,2026-07-07T13:12:01.088703000Z,S1G Beacon,61,34,-62,920,3,1,,,,,,,0,1
1631,2026-07-07T13:12:01.361642000Z,S1G Beacon,61,34,-58,920,3,1,,,,,,,0,0
1632,2026-07-07T13:12:01.911449000Z,S1G Beacon,129,34,-58,920,3,1,,,,,,,0,1
1633,2026-07-07T13:12:02.182664000Z,S1G Beacon,129,34,-59,920,3,1,,,,,,,0,0
1634,2026-07-07T13:12:02.210499000Z,QoS Data,116,34,0,920,2,8,1,0,0,0,0,0,720,1
1636,2026-07-07T13:12:02.727152000Z,S1G Beacon,61,34,-57,920,3,1,,,,,,,0,1
1637,2026-07-07T13:12:03.000091000Z,S1G Beacon,61,34,-57,920,3,1,,,,,,,0,0
1638,2026-07-07T13:12:03.548179000Z,S1G Beacon,129,34,-57,920,3,1,,,,,,,0,1
1641,2026-07-07T13:12:03.713391000Z,QoS Data,116,34,0,920,2,8,1,0,0,0,0,0,720,1
1643,2026-07-07T13:12:03.821222000Z,S1G Beacon,129,34,-59,920,3,1,,,,,,,0,0
1645,2026-07-07T13:12:04.365601000Z,S1G Beacon,61,34,-59,920,3,1,,,,,,,0,1
1647,2026-07-07T13:12:04.638551000Z,S1G Beacon,61,34,-57,920,3,1,,,,,,,0,0
1648,2026-07-07T13:12:05.186624000Z,S1G Beacon,129,34,-58,920,3,1,,,,,,,0,1
1649,2026-07-07T13:12:05.210653000Z,QoS Data,116,34,0,920,2,8,1,0,0,0,0,0,720,1
1651,2026-07-07T13:12:05.459565000Z,S1G Beacon,129,34,-58,920,3,1,,,,,,,0,0
1652,2026-07-07T13:12:06.004052000Z,S1G Beacon,61,34,-58,920,3,1,,,,,,,0,1
1653,2026-07-07T13:12:06.276989000Z,S1G Beacon,61,34,-59,920,3,1,,,,,,,0,0
1656,2026-07-07T13:12:06.716488000Z,RTS,54,34,0,920,1,11,,,,0,0,0,2848,0
1658,2026-07-07T13:12:06.718614000Z,QoS Data,116,34,0,920,2,8,1,0,1,0,0,0,720,1
1660,2026-07-07T13:12:06.825072000Z,S1G Beacon,129,34,-57,920,3,1,,,,,,,0,1
1661,2026-07-07T13:12:07.098023000Z,S1G Beacon,129,34,-58,920,3,1,,,,,,,0,0
1663,2026-07-07T13:12:07.642493000Z,S1G Beacon,61,34,-59,920,3,1,,,,,,,0,1
1664,2026-07-07T13:12:07.915447000Z,S1G Beacon,61,34,-59,920,3,1,,,,,,,0,0
1665,2026-07-07T13:12:08.463511000Z,S1G Beacon,129,34,-57,920,3,1,,,,,,,0,1
1666,2026-07-07T13:12:08.736479000Z,S1G Beacon,129,34,-58,920,3,1,,,,,,,0,0
1669,2026-07-07T13:12:09.215113000Z,QoS Data,116,34,0,920,2,8,1,0,0,0,0,0,720,1
1671,2026-07-07T13:12:09.280937000Z,S1G Beacon,61,34,-57,920,3,1,,,,,,,0,1
1672,2026-07-07T13:12:09.553893000Z,S1G Beacon,61,34,-59,920,3,1,,,,,,,0,0
1673,2026-07-07T13:12:10.101969000Z,S1G Beacon,129,34,-57,920,3,1,,,,,,,0,1
1675,2026-07-07T13:12:10.374926000Z,S1G Beacon,129,34,-58,920,3,1,,,,,,,0,0
1678,2026-07-07T13:12:10.713505000Z,QoS Data,116,34,0,920,2,8,1,0,0,0,0,0,720,1
1680,2026-07-07T13:12:10.919431000Z,S1G Beacon,61,34,-61,920,3,1,,,,,,,0,1
1681,2026-07-07T13:12:11.192345000Z,S1G Beacon,61,34,-62,920,3,1,,,,,,,0,0
1685,2026-07-07T13:12:11.740483000Z,S1G Beacon,129,34,-57,920,3,1,,,,,,,0,1
1689,2026-07-07T13:12:12.013374000Z,S1G Beacon,129,34,-60,920,3,1,,,,,,,0,0
1692,2026-07-07T13:12:12.210106000Z,QoS Data,116,34,0,920,2,8,1,0,0,0,0,0,720,1
1697,2026-07-07T13:12:12.557834000Z,S1G Beacon,61,34,-58,920,3,1,,,,,,,0,1
1700,2026-07-07T13:12:12.830795000Z,S1G Beacon,61,34,-60,920,3,1,,,,,,,0,0
1702,2026-07-07T13:12:13.378863000Z,S1G Beacon,129,34,-58,920,3,1,,,,,,,0,1
1703,2026-07-07T13:12:13.651834000Z,S1G Beacon,129,34,-58,920,3,1,,,,,,,0,0
1706,2026-07-07T13:12:13.713134000Z,QoS Data,116,34,0,920,2,8,1,0,0,0,0,0,720,1
1708,2026-07-07T13:12:14.196957000Z,S1G Beacon,61,34,-58,920,3,1,,,,,,,0,1
1709,2026-07-07T13:12:14.469245000Z,S1G Beacon,61,34,-57,920,3,1,,,,,,,0,0
1710,2026-07-07T13:12:15.017319000Z,S1G Beacon,129,34,-58,920,3,1,,,,,,,0,1
1711,2026-07-07T13:12:15.210298000Z,QoS Data,116,34,0,920,2,8,1,0,0,0,0,0,720,1
1713,2026-07-07T13:12:15.290269000Z,S1G Beacon,129,34,-59,920,3,1,,,,,,,0,0
1714,2026-07-07T13:12:15.834738000Z,S1G Beacon,61,34,-59,920,3,1,,,,,,,0,1
1716,2026-07-07T13:12:16.107698000Z,S1G Beacon,61,34,-58,920,3,1,,,,,,,0,0
1718,2026-07-07T13:12:16.655759000Z,S1G Beacon,129,34,-59,920,3,1,,,,,,,0,1
1721,2026-07-07T13:12:16.713171000Z,QoS Data,116,34,0,920,2,8,1,0,0,0,0,0,720,1
1723,2026-07-07T13:12:17.473180000Z,S1G Beacon,61,34,-58,920,3,1,,,,,,,0,1
1724,2026-07-07T13:12:17.746150000Z,S1G Beacon,61,34,-58,920,3,1,,,,,,,0,0
1725,2026-07-07T13:12:18.210135000Z,QoS Data,116,34,0,920,2,8,1,0,0,0,0,0,720,1
1728,2026-07-07T13:12:18.294673000Z,S1G Beacon,129,34,-57,920,3,1,,,,,,,0,1
1730,2026-07-07T13:12:18.567176000Z,S1G Beacon,129,34,-57,920,3,1,,,,,,,0,0
1731,2026-07-07T13:12:19.111622000Z,S1G Beacon,61,34,-59,920,3,1,,,,,,,0,1
1733,2026-07-07T13:12:19.384596000Z,S1G Beacon,61,34,-57,920,3,1,,,,,,,0,0
1736,2026-07-07T13:12:19.932648000Z,S1G Beacon,129,34,-57,920,3,1,,,,,,,0,1
1738,2026-07-07T13:12:20.205630000Z,S1G Beacon,129,34,-62,920,3,1,,,,,,,0,0
1741,2026-07-07T13:12:20.750104000Z,S1G Beacon,61,34,-58,920,3,1,,,,,,,0,1
1742,2026-07-07T13:12:21.023059000Z,S1G Beacon,61,34,-59,920,3,1,,,,,,,0,0
1745,2026-07-07T13:12:21.571103000Z,S1G Beacon,129,34,-57,920,3,1,,,,,,,0,1
1746,2026-07-07T13:12:21.844080000Z,S1G Beacon,129,34,-59,920,3,1,,,,,,,0,0
1747,2026-07-07T13:12:22.038490000Z,Deauthentication,64,34,-66,920,0,12,0,0,0,0,0,0,0,0
1749,2026-07-07T13:12:22.388525000Z,S1G Beacon,61,34,-58,920,3,1,,,,,,,0,1
1752,2026-07-07T13:12:22.661498000Z,S1G Beacon,61,34,-59,920,3,1,,,,,,,0,0
1754,2026-07-07T13:12:23.209552000Z,S1G Beacon,129,34,-58,920,3,1,,,,,,,0,1
1757,2026-07-07T13:12:23.482529000Z,S1G Beacon,129,34,-57,920,3,1,,,,,,,0,0
1758,2026-07-07T13:12:24.026969000Z,S1G Beacon,61,34,-59,920,3,1,,,,,,,0,1
1759,2026-07-07T13:12:24.299952000Z,S1G Beacon,61,34,-58,920,3,1,,,,,,,0,0
1762,2026-07-07T13:12:24.847999000Z,S1G Beacon,129,34,-59,920,3,1,,,,,,,0,1
1763,2026-07-07T13:12:25.120980000Z,S1G Beacon,129,34,-60,920,3,1,,,,,,,0,0
1767,2026-07-07T13:12:25.665433000Z,S1G Beacon,61,34,-57,920,3,1,,,,,,,0,1
1768,2026-07-07T13:12:25.938402000Z,S1G Beacon,61,34,-62,920,3,1,,,,,,,0,0
1771,2026-07-07T13:12:26.486448000Z,S1G Beacon,129,34,-59,920,3,1,,,,,,,0,1
1772,2026-07-07T13:12:26.759433000Z,S1G Beacon,129,34,-63,920,3,1,,,,,,,0,0
1773,2026-07-07T13:12:27.303861000Z,S1G Beacon,61,34,-59,920,3,1,,,,,,,0,1
1776,2026-07-07T13:12:27.576849000Z,S1G Beacon,61,34,-59,920,3,1,,,,,,,0,0
1778,2026-07-07T13:12:28.124900000Z,S1G Beacon,129,34,-58,920,3,1,,,,,,,0,1
1782,2026-07-07T13:12:28.942312000Z,S1G Beacon,61,34,-57,920,3,1,,,,,,,0,1
1783,2026-07-07T13:12:29.215301000Z,S1G Beacon,61,34,-63,920,3,1,,,,,,,0,0
1786,2026-07-07T13:12:29.763338000Z,S1G Beacon,129,34,-57,920,3,1,,,,,,,0,1
1787,2026-07-07T13:12:30.036335000Z,S1G Beacon,129,34,-58,920,3,1,,,,,,,0,0
1791,2026-07-07T13:12:30.580756000Z,S1G Beacon,61,34,-57,920,3,1,,,,,,,0,1
1792,2026-07-07T13:12:30.853751000Z,S1G Beacon,61,34,-58,920,3,1,,,,,,,0,0
1794,2026-07-07T13:12:31.401778000Z,S1G Beacon,129,34,-57,920,3,1,,,,,,,0,1
1795,2026-07-07T13:12:31.674778000Z,S1G Beacon,129,34,-59,920,3,1,,,,,,,0,0
1796,2026-07-07T13:12:32.219200000Z,S1G Beacon,61,34,-62,920,3,1,,,,,,,0,1
1800,2026-07-07T13:12:32.492195000Z,S1G Beacon,61,34,-58,920,3,1,,,,,,,0,0
1806,2026-07-07T13:12:33.040228000Z,S1G Beacon,129,34,-57,920,3,1,,,,,,,0,1
1810,2026-07-07T13:12:33.313224000Z,S1G Beacon,129,34,-59,920,3,1,,,,,,,0,0
1817,2026-07-07T13:12:33.857647000Z,S1G Beacon,61,34,-57,920,3,1,,,,,,,0,1
1818,2026-07-07T13:12:34.130651000Z,S1G Beacon,61,34,-60,920,3,1,,,,,,,0,0
1820,2026-07-07T13:12:34.679347000Z,S1G Beacon,129,34,-57,920,3,1,,,,,,,0,1
1823,2026-07-07T13:12:34.951678000Z,S1G Beacon,129,34,-58,920,3,1,,,,,,,0,0
1827,2026-07-07T13:12:35.496099000Z,S1G Beacon,61,34,-59,920,3,1,,,,,,,0,1
1828,2026-07-07T13:12:35.769100000Z,S1G Beacon,61,34,-57,920,3,1,,,,,,,0,0
1829,2026-07-07T13:12:36.317125000Z,S1G Beacon,129,34,-57,920,3,1,,,,,,,0,1
1832,2026-07-07T13:12:36.590124000Z,S1G Beacon,129,34,-57,920,3,1,,,,,,,0,0
1834,2026-07-07T13:12:37.134540000Z,S1G Beacon,61,34,-57,920,3,1,,,,,,,0,1
1836,2026-07-07T13:12:37.407546000Z,S1G Beacon,61,34,-58,920,3,1,,,,,,,0,0
1839,2026-07-07T13:12:37.955565000Z,S1G Beacon,129,34,-59,920,3,1,,,,,,,0,1
1840,2026-07-07T13:12:38.228579000Z,S1G Beacon,129,34,-57,920,3,1,,,,,,,0,0
1843,2026-07-07T13:12:38.772989000Z,S1G Beacon,61,34,-61,920,3,1,,,,,,,0,1
1844,2026-07-07T13:12:39.046006000Z,S1G Beacon,61,34,-57,920,3,1,,,,,,,0,0
1845,2026-07-07T13:12:39.594015000Z,S1G Beacon,129,34,-59,920,3,1,,,,,,,0,1
1857,2026-07-07T13:12:40.411435000Z,S1G Beacon,61,34,-64,920,3,1,,,,,,,0,1
1860,2026-07-07T13:12:40.684453000Z,S1G Beacon,61,34,-59,920,3,1,,,,,,,0,0
1861,2026-07-07T13:12:41.232497000Z,S1G Beacon,129,34,-60,920,3,1,,,,,,,0,1
1864,2026-07-07T13:12:41.505491000Z,S1G Beacon,129,34,-58,920,3,1,,,,,,,0,0
1865,2026-07-07T13:12:42.049896000Z,S1G Beacon,61,34,-61,920,3,1,,,,,,,0,1
1866,2026-07-07T13:12:42.322905000Z,S1G Beacon,61,34,-59,920,3,1,,,,,,,0,0
1869,2026-07-07T13:12:42.870910000Z,S1G Beacon,129,34,-60,920,3,1,,,,,,,0,1
1870,2026-07-07T13:12:43.143929000Z,S1G Beacon,129,34,-60,920,3,1,,,,,,,0,0
1874,2026-07-07T13:12:43.688328000Z,S1G Beacon,61,34,-59,920,3,1,,,,,,,0,1
1875,2026-07-07T13:12:43.961557000Z,S1G Beacon,61,34,-59,920,3,1,,,,,,,0,0
1877,2026-07-07T13:12:44.509773000Z,S1G Beacon,129,34,-60,920,3,1,,,,,,,0,1
1880,2026-07-07T13:12:44.782373000Z,S1G Beacon,129,34,-58,920,3,1,,,,,,,0,0
1881,2026-07-07T13:12:45.326777000Z,S1G Beacon,61,34,-58,920,3,1,,,,,,,0,1
1884,2026-07-07T13:12:45.599800000Z,S1G Beacon,61,34,-58,920,3,1,,,,,,,0,0
1885,2026-07-07T13:12:46.147807000Z,S1G Beacon,129,34,-59,920,3,1,,,,,,,0,1
1886,2026-07-07T13:12:46.420819000Z,S1G Beacon,129,34,-59,920,3,1,,,,,,,0,0
1890,2026-07-07T13:12:46.965224000Z,S1G Beacon,61,34,-59,920,3,1,,,,,,,0,1
1891,2026-07-07T13:12:47.238261000Z,S1G Beacon,61,34,-61,920,3,1,,,,,,,0,0
1894,2026-07-07T13:12:47.786264000Z,S1G Beacon,129,34,-57,920,3,1,,,,,,,0,1
1895,2026-07-07T13:12:48.059280000Z,S1G Beacon,129,34,-59,920,3,1,,,,,,,0,0
1899,2026-07-07T13:12:48.603671000Z,S1G Beacon,61,34,-58,920,3,1,,,,,,,0,1
1900,2026-07-07T13:12:48.876706000Z,S1G Beacon,61,34,-59,920,3,1,,,,,,,0,0
1901,2026-07-07T13:12:49.424696000Z,S1G Beacon,129,34,-58,920,3,1,,,,,,,0,1
1903,2026-07-07T13:12:49.697731000Z,S1G Beacon,129,34,-60,920,3,1,,,,,,,0,0
1906,2026-07-07T13:12:50.242119000Z,S1G Beacon,61,34,-59,920,3,1,,,,,,,0,1
1909,2026-07-07T13:12:50.515148000Z,S1G Beacon,61,34,-59,920,3,1,,,,,,,0,0
1910,2026-07-07T13:12:51.063148000Z,S1G Beacon,129,34,-57,920,3,1,,,,,,,0,1
1911,2026-07-07T13:12:51.336184000Z,S1G Beacon,129,34,-59,920,3,1,,,,,,,0,0
1914,2026-07-07T13:12:51.880565000Z,S1G Beacon,61,34,-58,920,3,1,,,,,,,0,1
1915,2026-07-07T13:12:52.153600000Z,S1G Beacon,61,34,-58,920,3,1,,,,,,,0,0
1919,2026-07-07T13:12:52.701590000Z,S1G Beacon,129,34,-59,920,3,1,,,,,,,0,1
1920,2026-07-07T13:12:52.974628000Z,S1G Beacon,129,34,-58,920,3,1,,,,,,,0,0
1924,2026-07-07T13:12:53.519013000Z,S1G Beacon,61,34,-57,920,3,1,,,,,,,0,1
1928,2026-07-07T13:12:53.792047000Z,S1G Beacon,61,34,-60,920,3,1,,,,,,,0,0
1935,2026-07-07T13:12:54.340031000Z,S1G Beacon,129,34,-59,920,3,1,,,,,,,0,1
1940,2026-07-07T13:12:54.613077000Z,S1G Beacon,129,34,-58,920,3,1,,,,,,,0,0
1944,2026-07-07T13:12:55.157461000Z,S1G Beacon,61,34,-57,920,3,1,,,,,,,0,1
1945,2026-07-07T13:12:55.430503000Z,S1G Beacon,61,34,-59,920,3,1,,,,,,,0,0
1950,2026-07-07T13:12:56.251531000Z,S1G Beacon,129,34,-60,920,3,1,,,,,,,0,0
1953,2026-07-07T13:12:56.795922000Z,S1G Beacon,61,34,-57,920,3,1,,,,,,,0,1
1954,2026-07-07T13:12:57.068950000Z,S1G Beacon,61,34,-59,920,3,1,,,,,,,0,0
1957,2026-07-07T13:12:57.616934000Z,S1G Beacon,129,34,-58,920,3,1,,,,,,,0,1
1958,2026-07-07T13:12:57.889979000Z,S1G Beacon,129,34,-60,920,3,1,,,,,,,0,0
1959,2026-07-07T13:12:58.434355000Z,S1G Beacon,61,34,-59,920,3,1,,,,,,,0,1
1963,2026-07-07T13:12:58.707408000Z,S1G Beacon,61,34,-60,920,3,1,,,,,,,0,0
1964,2026-07-07T13:12:59.255380000Z,S1G Beacon,129,34,-59,920,3,1,,,,,,,0,1
1965,2026-07-07T13:12:59.528428000Z,S1G Beacon,129,34,-61,920,3,1,,,,,,,0,0
1968,2026-07-07T13:13:00.072804000Z,S1G Beacon,61,34,-57,920,3,1,,,,,,,0,1
1969,2026-07-07T13:13:00.345855000Z,S1G Beacon,61,34,-60,920,3,1,,,,,,,0,0
1972,2026-07-07T13:13:00.893825000Z,S1G Beacon,129,34,-59,920,3,1,,,,,,,0,1
1973,2026-07-07T13:13:01.166883000Z,S1G Beacon,129,34,-59,920,3,1,,,,,,,0,0
1977,2026-07-07T13:13:01.711244000Z,S1G Beacon,61,34,-57,920,3,1,,,,,,,0,1
1978,2026-07-07T13:13:01.984300000Z,S1G Beacon,61,34,-59,920,3,1,,,,,,,0,0
1981,2026-07-07T13:13:02.532273000Z,S1G Beacon,129,34,-60,920,3,1,,,,,,,0,1
1982,2026-07-07T13:13:02.805334000Z,S1G Beacon,129,34,-60,920,3,1,,,,,,,0,0
1983,2026-07-07T13:13:03.349697000Z,S1G Beacon,61,34,-58,920,3,1,,,,,,,0,1
1986,2026-07-07T13:13:03.622752000Z,S1G Beacon,61,34,-59,920,3,1,,,,,,,0,0
1987,2026-07-07T13:13:04.170720000Z,S1G Beacon,129,34,-59,920,3,1,,,,,,,0,1
1988,2026-07-07T13:13:04.443780000Z,S1G Beacon,129,34,-57,920,3,1,,,,,,,0,0
1992,2026-07-07T13:13:04.988146000Z,S1G Beacon,61,34,-62,920,3,1,,,,,,,0,1
1993,2026-07-07T13:13:05.261201000Z,S1G Beacon,61,34,-59,920,3,1,,,,,,,0,0
1997,2026-07-07T13:13:05.809174000Z,S1G Beacon,129,34,-58,920,3,1,,,,,,,0,1
1998,2026-07-07T13:13:06.082228000Z,S1G Beacon,129,34,-58,920,3,1,,,,,,,0,0
2001,2026-07-07T13:13:06.626594000Z,S1G Beacon,61,34,-58,920,3,1,,,,,,,0,1
2002,2026-07-07T13:13:06.899656000Z,S1G Beacon,61,34,-60,920,3,1,,,,,,,0,0
2006,2026-07-07T13:13:07.720682000Z,S1G Beacon,129,34,-58,920,3,1,,,,,,,0,0
2008,2026-07-07T13:13:08.265035000Z,S1G Beacon,61,34,-57,920,3,1,,,,,,,0,1
2011,2026-07-07T13:13:08.538099000Z,S1G Beacon,61,34,-58,920,3,1,,,,,,,0,0
2012,2026-07-07T13:13:09.086063000Z,S1G Beacon,129,34,-58,920,3,1,,,,,,,0,1
2013,2026-07-07T13:13:09.359135000Z,S1G Beacon,129,34,-60,920,3,1,,,,,,,0,0
2016,2026-07-07T13:13:09.903486000Z,S1G Beacon,61,34,-57,920,3,1,,,,,,,0,1
2017,2026-07-07T13:13:10.176557000Z,S1G Beacon,61,34,-59,920,3,1,,,,,,,0,0
2021,2026-07-07T13:13:10.724506000Z,S1G Beacon,129,34,-59,920,3,1,,,,,,,0,1
2022,2026-07-07T13:13:10.997632000Z,S1G Beacon,129,34,-59,920,3,1,,,,,,,0,0
2025,2026-07-07T13:13:11.541939000Z,S1G Beacon,61,34,-59,920,3,1,,,,,,,0,1
2026,2026-07-07T13:13:11.815015000Z,S1G Beacon,61,34,-58,920,3,1,,,,,,,0,0
2027,2026-07-07T13:13:12.362959000Z,S1G Beacon,129,34,-58,920,3,1,,,,,,,0,1
2030,2026-07-07T13:13:12.636033000Z,S1G Beacon,129,34,-59,920,3,1,,,,,,,0,0
2031,2026-07-07T13:13:13.180380000Z,S1G Beacon,61,34,-56,920,3,1,,,,,,,0,1
2032,2026-07-07T13:13:13.453454000Z,S1G Beacon,61,34,-57,920,3,1,,,,,,,0,0
2034,2026-07-07T13:13:14.001403000Z,S1G Beacon,129,34,-56,920,3,1,,,,,,,0,1
2035,2026-07-07T13:13:14.274481000Z,S1G Beacon,129,34,-58,920,3,1,,,,,,,0,0
2041,2026-07-07T13:13:14.818835000Z,S1G Beacon,61,34,-56,920,3,1,,,,,,,0,1
2045,2026-07-07T13:13:15.091904000Z,S1G Beacon,61,34,-59,920,3,1,,,,,,,0,0
2053,2026-07-07T13:13:15.639849000Z,S1G Beacon,129,34,-57,920,3,1,,,,,,,0,1
2055,2026-07-07T13:13:15.912933000Z,S1G Beacon,129,34,-58,920,3,1,,,,,,,0,0
2056,2026-07-07T13:13:16.457275000Z,S1G Beacon,61,34,-58,920,3,1,,,,,,,0,1
2060,2026-07-07T13:13:16.730352000Z,S1G Beacon,61,34,-57,920,3,1,,,,,,,0,0
2061,2026-07-07T13:13:17.278306000Z,S1G Beacon,129,34,-57,920,3,1,,,,,,,0,1
2064,2026-07-07T13:13:17.551376000Z,S1G Beacon,129,34,-58,920,3,1,,,,,,,0,0
2065,2026-07-07T13:13:18.095721000Z,S1G Beacon,61,34,-56,920,3,1,,,,,,,0,1
2067,2026-07-07T13:13:18.368804000Z,S1G Beacon,61,34,-59,920,3,1,,,,,,,0,0
2071,2026-07-07T13:13:18.916752000Z,S1G Beacon,129,34,-58,920,3,1,,,,,,,0,1
2075,2026-07-07T13:13:19.734164000Z,S1G Beacon,61,34,-58,920,3,1,,,,,,,0,1
2076,2026-07-07T13:13:20.007259000Z,S1G Beacon,61,34,-59,920,3,1,,,,,,,0,0
2079,2026-07-07T13:13:20.555193000Z,S1G Beacon,129,34,-57,920,3,1,,,,,,,0,1
2080,2026-07-07T13:13:21.372617000Z,S1G Beacon,61,34,-56,920,3,1,,,,,,,0,1
2083,2026-07-07T13:13:21.645704000Z,S1G Beacon,61,34,-60,920,3,1,,,,,,,0,0
2084,2026-07-07T13:13:22.193644000Z,S1G Beacon,129,34,-59,920,3,1,,,,,,,0,1
2087,2026-07-07T13:13:22.466733000Z,S1G Beacon,129,34,-57,920,3,1,,,,,,,0,0
2090,2026-07-07T13:13:23.011065000Z,S1G Beacon,61,34,-57,920,3,1,,,,,,,0,1
2091,2026-07-07T13:13:23.284156000Z,S1G Beacon,61,34,-58,920,3,1,,,,,,,0,0
2094,2026-07-07T13:13:23.832091000Z,S1G Beacon,129,34,-57,920,3,1,,,,,,,0,1
2095,2026-07-07T13:13:24.105184000Z,S1G Beacon,129,34,-57,920,3,1,,,,,,,0,0
2096,2026-07-07T13:13:24.649505000Z,S1G Beacon,61,34,-57,920,3,1,,,,,,,0,1
2099,2026-07-07T13:13:24.922602000Z,S1G Beacon,61,34,-59,920,3,1,,,,,,,0,0
2102,2026-07-07T13:13:25.470531000Z,S1G Beacon,129,34,-57,920,3,1,,,,,,,0,1
2105,2026-07-07T13:13:25.743633000Z,S1G Beacon,129,34,-58,920,3,1,,,,,,,0,0
2107,2026-07-07T13:13:26.287964000Z,S1G Beacon,61,34,-56,920,3,1,,,,,,,0,1
2112,2026-07-07T13:13:26.561056000Z,S1G Beacon,61,34,-57,920,3,1,,,,,,,0,0
2113,2026-07-07T13:13:27.382092000Z,S1G Beacon,129,34,-58,920,3,1,,,,,,,0,0
2118,2026-07-07T13:13:27.926403000Z,S1G Beacon,61,34,-58,920,3,1,,,,,,,0,1
2119,2026-07-07T13:13:28.199509000Z,S1G Beacon,61,34,-59,920,3,1,,,,,,,0,0
2124,2026-07-07T13:13:28.747426000Z,S1G Beacon,129,34,-57,920,3,1,,,,,,,0,1
2126,2026-07-07T13:13:29.020536000Z,S1G Beacon,129,34,-58,920,3,1,,,,,,,0,0
2130,2026-07-07T13:13:29.564847000Z,S1G Beacon,61,34,-56,920,3,1,,,,,,,0,1
2133,2026-07-07T13:13:29.837965000Z,S1G Beacon,61,34,-59,920,3,1,,,,,,,0,0
2135,2026-07-07T13:13:30.385877000Z,S1G Beacon,129,34,-56,920,3,1,,,,,,,0,1
2138,2026-07-07T13:13:30.658987000Z,S1G Beacon,129,34,-58,920,3,1,,,,,,,0,0
2139,2026-07-07T13:13:31.203294000Z,S1G Beacon,61,34,-56,920,3,1,,,,,,,0,1
2142,2026-07-07T13:13:31.476404000Z,S1G Beacon,61,34,-59,920,3,1,,,,,,,0,0
2144,2026-07-07T13:13:32.025210000Z,S1G Beacon,129,34,-57,920,3,1,,,,,,,0,1
2145,2026-07-07T13:13:32.297442000Z,S1G Beacon,129,34,-58,920,3,1,,,,,,,0,0
2148,2026-07-07T13:13:32.841746000Z,S1G Beacon,61,34,-58,920,3,1,,,,,,,0,1
2149,2026-07-07T13:13:33.114858000Z,S1G Beacon,61,34,-59,920,3,1,,,,,,,0,0
2152,2026-07-07T13:13:33.662768000Z,S1G Beacon,129,34,-57,920,3,1,,,,,,,0,1
2153,2026-07-07T13:13:33.935888000Z,S1G Beacon,129,34,-58,920,3,1,,,,,,,0,0
2154,2026-07-07T13:13:34.480192000Z,S1G Beacon,61,34,-57,920,3,1,,,,,,,0,1
2157,2026-07-07T13:13:34.753305000Z,S1G Beacon,61,34,-59,920,3,1,,,,,,,0,0
2159,2026-07-07T13:13:35.301218000Z,S1G Beacon,129,34,-57,920,3,1,,,,,,,0,1
2163,2026-07-07T13:13:35.574334000Z,S1G Beacon,129,34,-60,920,3,1,,,,,,,0,0
2169,2026-07-07T13:13:36.118647000Z,S1G Beacon,61,34,-59,920,3,1,,,,,,,0,1
2172,2026-07-07T13:13:36.391759000Z,S1G Beacon,61,34,-59,920,3,1,,,,,,,0,0
2180,2026-07-07T13:13:36.939670000Z,S1G Beacon,129,34,-58,920,3,1,,,,,,,0,1
2181,2026-07-07T13:13:37.212784000Z,S1G Beacon,129,34,-59,920,3,1,,,,,,,0,0
2184,2026-07-07T13:13:37.757247000Z,S1G Beacon,61,34,-59,920,3,1,,,,,,,0,1
2186,2026-07-07T13:13:38.030208000Z,S1G Beacon,61,34,-60,920,3,1,,,,,,,0,0
2189,2026-07-07T13:13:38.579260000Z,S1G Beacon,129,34,-60,920,3,1,,,,,,,0,1
2192,2026-07-07T13:13:38.851235000Z,S1G Beacon,129,34,-59,920,3,1,,,,,,,0,0
2193,2026-07-07T13:13:39.395531000Z,S1G Beacon,61,34,-58,920,3,1,,,,,,,0,1
2194,2026-07-07T13:13:39.668664000Z,S1G Beacon,61,34,-58,920,3,1,,,,,,,0,0
2197,2026-07-07T13:13:40.216560000Z,S1G Beacon,129,34,-57,920,3,1,,,,,,,0,1
2200,2026-07-07T13:13:40.489687000Z,S1G Beacon,129,34,-60,920,3,1,,,,,,,0,0
2202,2026-07-07T13:13:41.037205000Z,S1G Beacon,61,34,-58,920,3,1,,,,,,,0,1
2203,2026-07-07T13:13:41.307112000Z,S1G Beacon,61,34,-58,920,3,1,,,,,,,0,0
2206,2026-07-07T13:13:41.855010000Z,S1G Beacon,129,34,-57,920,3,1,,,,,,,0,1
2207,2026-07-07T13:13:42.128140000Z,S1G Beacon,129,34,-59,920,3,1,,,,,,,0,0
2210,2026-07-07T13:13:42.672428000Z,S1G Beacon,61,34,-59,920,3,1,,,,,,,0,1
2211,2026-07-07T13:13:42.945565000Z,S1G Beacon,61,34,-59,920,3,1,,,,,,,0,0
2214,2026-07-07T13:13:43.493452000Z,S1G Beacon,129,34,-56,920,3,1,,,,,,,0,1
2215,2026-07-07T13:13:43.766584000Z,S1G Beacon,129,34,-59,920,3,1,,,,,,,0,0
2217,2026-07-07T13:13:44.310875000Z,S1G Beacon,61,34,-57,920,3,1,,,,,,,0,1
2218,2026-07-07T13:13:44.584013000Z,S1G Beacon,61,34,-60,920,3,1,,,,,,,0,0
2221,2026-07-07T13:13:45.131904000Z,S1G Beacon,129,34,-56,920,3,1,,,,,,,0,1
2222,2026-07-07T13:13:45.405036000Z,S1G Beacon,129,34,-59,920,3,1,,,,,,,0,0
2225,2026-07-07T13:13:45.949335000Z,S1G Beacon,61,34,-56,920,3,1,,,,,,,0,1
2227,2026-07-07T13:13:46.222465000Z,S1G Beacon,61,34,-58,920,3,1,,,,,,,0,0
2230,2026-07-07T13:13:46.770353000Z,S1G Beacon,129,34,-61,920,3,1,,,,,,,0,1
2232,2026-07-07T13:13:47.043485000Z,S1G Beacon,129,34,-57,920,3,1,,,,,,,0,0
2235,2026-07-07T13:13:47.587778000Z,S1G Beacon,61,34,-57,920,3,1,,,,,,,0,1
2236,2026-07-07T13:13:47.860915000Z,S1G Beacon,61,34,-58,920,3,1,,,,,,,0,0
2237,2026-07-07T13:13:48.408803000Z,S1G Beacon,129,34,-57,920,3,1,,,,,,,0,1
2240,2026-07-07T13:13:48.681936000Z,S1G Beacon,129,34,-60,920,3,1,,,,,,,0,0
2241,2026-07-07T13:13:49.226218000Z,S1G Beacon,61,34,-59,920,3,1,,,,,,,0,1
2242,2026-07-07T13:13:49.499359000Z,S1G Beacon,61,34,-58,920,3,1,,,,,,,0,0
2246,2026-07-07T13:13:50.047250000Z,S1G Beacon,129,34,-57,920,3,1,,,,,,,0,1
2247,2026-07-07T13:13:50.320393000Z,S1G Beacon,129,34,-58,920,3,1,,,,,,,0,0
2250,2026-07-07T13:13:50.864672000Z,S1G Beacon,61,34,-58,920,3,1,,,,,,,0,1
2251,2026-07-07T13:13:51.137822000Z,S1G Beacon,61,34,-59,920,3,1,,,,,,,0,0
2255,2026-07-07T13:13:51.685693000Z,S1G Beacon,129,34,-58,920,3,1,,,,,,,0,1
2256,2026-07-07T13:13:51.958842000Z,S1G Beacon,129,34,-58,920,3,1,,,,,,,0,0
2259,2026-07-07T13:13:52.503107000Z,S1G Beacon,61,34,-58,920,3,1,,,,,,,0,1
2260,2026-07-07T13:13:52.776263000Z,S1G Beacon,61,34,-58,920,3,1,,,,,,,0,0
2262,2026-07-07T13:13:53.324141000Z,S1G Beacon,129,34,-57,920,3,1,,,,,,,0,1
2265,2026-07-07T13:13:53.597287000Z,S1G Beacon,129,34,-57,920,3,1,,,,,,,0,0
2266,2026-07-07T13:13:54.141561000Z,S1G Beacon,61,34,-56,920,3,1,,,,,,,0,1
2267,2026-07-07T13:13:54.414714000Z,S1G Beacon,61,34,-58,920,3,1,,,,,,,0,0
2270,2026-07-07T13:13:54.962582000Z,S1G Beacon,129,34,-57,920,3,1,,,,,,,0,1
2271,2026-07-07T13:13:55.235756000Z,S1G Beacon,129,34,-58,920,3,1,,,,,,,0,0
2274,2026-07-07T13:13:55.780005000Z,S1G Beacon,61,34,-56,920,3,1,,,,,,,0,1
2276,2026-07-07T13:13:56.053157000Z,S1G Beacon,61,34,-59,920,3,1,,,,,,,0,0
2281,2026-07-07T13:13:56.601028000Z,S1G Beacon,129,34,-57,920,3,1,,,,,,,0,1
2284,2026-07-07T13:13:56.874195000Z,S1G Beacon,129,34,-59,920,3,1,,,,,,,0,0
2291,2026-07-07T13:13:57.418465000Z,S1G Beacon,61,34,-57,920,3,1,,,,,,,0,1
2296,2026-07-07T13:13:57.691614000Z,S1G Beacon,61,34,-59,920,3,1,,,,,,,0,0
2300,2026-07-07T13:13:58.512641000Z,S1G Beacon,129,34,-59,920,3,1,,,,,,,0,0
2302,2026-07-07T13:13:59.056896000Z,S1G Beacon,61,34,-59,920,3,1,,,,,,,0,1
2303,2026-07-07T13:13:59.330061000Z,S1G Beacon,61,34,-58,920,3,1,,,,,,,0,0
2306,2026-07-07T13:13:59.881102000Z,S1G Beacon,129,34,-57,920,3,1,,,,,,,0,1
2307,2026-07-07T13:14:00.151090000Z,S1G Beacon,129,34,-59,920,3,1,,,,,,,0,0
2310,2026-07-07T13:14:00.695345000Z,S1G Beacon,61,34,-57,920,3,1,,,,,,,0,1
2311,2026-07-07T13:14:00.968516000Z,S1G Beacon,61,34,-59,920,3,1,,,,,,,0,0
2315,2026-07-07T13:14:01.516386000Z,S1G Beacon,129,34,-57,920,3,1,,,,,,,0,1
2316,2026-07-07T13:14:01.789550000Z,S1G Beacon,129,34,-59,920,3,1,,,,,,,0,0
2318,2026-07-07T13:14:02.333791000Z,S1G Beacon,61,34,-58,920,3,1,,,,,,,0,1
2321,2026-07-07T13:14:02.606968000Z,S1G Beacon,61,34,-59,920,3,1,,,,,,,0,0
2323,2026-07-07T13:14:03.154833000Z,S1G Beacon,129,34,-57,920,3,1,,,,,,,0,1
2324,2026-07-07T13:14:03.427996000Z,S1G Beacon,129,34,-58,920,3,1,,,,,,,0,0
2326,2026-07-07T13:14:03.972237000Z,S1G Beacon,61,34,-58,920,3,1,,,,,,,0,1
2330,2026-07-07T13:14:04.793266000Z,S1G Beacon,129,34,-57,920,3,1,,,,,,,0,1
2331,2026-07-07T13:14:05.066438000Z,S1G Beacon,129,34,-59,920,3,1,,,,,,,0,0
2335,2026-07-07T13:14:05.610690000Z,S1G Beacon,61,34,-58,920,3,1,,,,,,,0,1
2336,2026-07-07T13:14:05.883876000Z,S1G Beacon,61,34,-58,920,3,1,,,,,,,0,0
2337,2026-07-07T13:14:06.431728000Z,S1G Beacon,129,34,-57,920,3,1,,,,,,,0,1
2340,2026-07-07T13:14:06.704894000Z,S1G Beacon,129,34,-59,920,3,1,,,,,,,0,0
2341,2026-07-07T13:14:07.249154000Z,S1G Beacon,61,34,-57,920,3,1,,,,,,,0,1
2344,2026-07-07T13:14:07.522319000Z,S1G Beacon,61,34,-59,920,3,1,,,,,,,0,0
2345,2026-07-07T13:14:08.070173000Z,S1G Beacon,129,34,-55,920,3,1,,,,,,,0,1
2347,2026-07-07T13:14:08.343344000Z,S1G Beacon,129,34,-59,920,3,1,,,,,,,0,0
2350,2026-07-07T13:14:08.887589000Z,S1G Beacon,61,34,-56,920,3,1,,,,,,,0,1
2351,2026-07-07T13:14:09.160769000Z,S1G Beacon,61,34,-59,920,3,1,,,,,,,0,0
2352,2026-07-07T13:14:09.708615000Z,S1G Beacon,129,34,-56,920,3,1,,,,,,,0,1
2355,2026-07-07T13:14:09.981803000Z,S1G Beacon,129,34,-59,920,3,1,,,,,,,0,0
2358,2026-07-07T13:14:10.526028000Z,S1G Beacon,61,34,-57,920,3,1,,,,,,,0,1
2359,2026-07-07T13:14:10.799215000Z,S1G Beacon,61,34,-59,920,3,1,,,,,,,0,0
2361,2026-07-07T13:14:11.347054000Z,S1G Beacon,129,34,-57,920,3,1,,,,,,,0,1
2364,2026-07-07T13:14:11.620249000Z,S1G Beacon,129,34,-60,920,3,1,,,,,,,0,0
2365,2026-07-07T13:14:12.164545000Z,S1G Beacon,61,34,-56,920,3,1,,,,,,,0,1
2366,2026-07-07T13:14:12.437668000Z,S1G Beacon,61,34,-60,920,3,1,,,,,,,0,0
2369,2026-07-07T13:14:12.985508000Z,S1G Beacon,129,34,-57,920,3,1,,,,,,,0,1
2370,2026-07-07T13:14:13.258700000Z,S1G Beacon,129,34,-59,920,3,1,,,,,,,0,0
2373,2026-07-07T13:14:13.802923000Z,S1G Beacon,61,34,-57,920,3,1,,,,,,,0,1
2374,2026-07-07T13:14:14.076121000Z,S1G Beacon,61,34,-59,920,3,1,,,,,,,0,0
2376,2026-07-07T13:14:14.623950000Z,S1G Beacon,129,34,-58,920,3,1,,,,,,,0,1
2379,2026-07-07T13:14:14.897148000Z,S1G Beacon,129,34,-59,920,3,1,,,,,,,0,0
2380,2026-07-07T13:14:15.441372000Z,S1G Beacon,61,34,-59,920,3,1,,,,,,,0,1
2383,2026-07-07T13:14:15.714564000Z,S1G Beacon,61,34,-60,920,3,1,,,,,,,0,0
2385,2026-07-07T13:14:16.262401000Z,S1G Beacon,129,34,-57,920,3,1,,,,,,,0,1
2388,2026-07-07T13:14:16.535591000Z,S1G Beacon,129,34,-59,920,3,1,,,,,,,0,0
2389,2026-07-07T13:14:17.079817000Z,S1G Beacon,61,34,-58,920,3,1,,,,,,,0,1
2391,2026-07-07T13:14:17.353015000Z,S1G Beacon,61,34,-59,920,3,1,,,,,,,0,0
2400,2026-07-07T13:14:17.900858000Z,S1G Beacon,129,34,-56,920,3,1,,,,,,,0,1
2403,2026-07-07T13:14:18.174053000Z,S1G Beacon,129,34,-58,920,3,1,,,,,,,0,0
2414,2026-07-07T13:14:18.718258000Z,S1G Beacon,61,34,-58,920,3,1,,,,,,,0,1
2415,2026-07-07T13:14:18.991465000Z,S1G Beacon,61,34,-59,920,3,1,,,,,,,0,0
2417,2026-07-07T13:14:19.539291000Z,S1G Beacon,129,34,-57,920,3,1,,,,,,,0,1
2420,2026-07-07T13:14:19.812491000Z,S1G Beacon,129,34,-58,920,3,1,,,,,,,0,0
2422,2026-07-07T13:14:20.356711000Z,S1G Beacon,61,34,-58,920,3,1,,,,,,,0,1
2425,2026-07-07T13:14:20.629917000Z,S1G Beacon,61,34,-60,920,3,1,,,,,,,0,0
2426,2026-07-07T13:14:21.177740000Z,S1G Beacon,129,34,-57,920,3,1,,,,,,,0,1
2427,2026-07-07T13:14:21.450949000Z,S1G Beacon,129,34,-58,920,3,1,,,,,,,0,0
2430,2026-07-07T13:14:22.268372000Z,S1G Beacon,61,34,-58,920,3,1,,,,,,,0,0
2434,2026-07-07T13:14:22.816183000Z,S1G Beacon,129,34,-56,920,3,1,,,,,,,0,1
2436,2026-07-07T13:14:23.089399000Z,S1G Beacon,129,34,-59,920,3,1,,,,,,,0,0
2440,2026-07-07T13:14:23.633603000Z,S1G Beacon,61,34,-57,920,3,1,,,,,,,0,1
2441,2026-07-07T13:14:23.906841000Z,S1G Beacon,61,34,-59,920,3,1,,,,,,,0,0
2442,2026-07-07T13:14:24.454640000Z,S1G Beacon,129,34,-57,920,3,1,,,,,,,0,1
2445,2026-07-07T13:14:24.727845000Z,S1G Beacon,129,34,-58,920,3,1,,,,,,,0,0
2446,2026-07-07T13:14:25.272051000Z,S1G Beacon,61,34,-57,920,3,1,,,,,,,0,1
2449,2026-07-07T13:14:25.545265000Z,S1G Beacon,61,34,-59,920,3,1,,,,,,,0,0
2450,2026-07-07T13:14:26.093077000Z,S1G Beacon,129,34,-58,920,3,1,,,,,,,0,1
2453,2026-07-07T13:14:26.366294000Z,S1G Beacon,129,34,-58,920,3,1,,,,,,,0,0
2456,2026-07-07T13:14:26.910507000Z,S1G Beacon,61,34,-61,920,3,1,,,,,,,0,1
2457,2026-07-07T13:14:27.183713000Z,S1G Beacon,61,34,-58,920,3,1,,,,,,,0,0
2460,2026-07-07T13:14:27.731529000Z,S1G Beacon,129,34,-57,920,3,1,,,,,,,0,1
2461,2026-07-07T13:14:28.004746000Z,S1G Beacon,129,34,-59,920,3,1,,,,,,,0,0
2464,2026-07-07T13:14:28.548953000Z,S1G Beacon,61,34,-57,920,3,1,,,,,,,0,1
2465,2026-07-07T13:14:28.822167000Z,S1G Beacon,61,34,-60,920,3,1,,,,,,,0,0
2467,2026-07-07T13:14:29.369975000Z,S1G Beacon,129,34,-59,920,3,1,,,,,,,0,1
2468,2026-07-07T13:14:29.643203000Z,S1G Beacon,129,34,-60,920,3,1,,,,,,,0,0
2471,2026-07-07T13:14:30.187397000Z,S1G Beacon,61,34,-59,920,3,1,,,,,,,0,1
2475,2026-07-07T13:14:31.281655000Z,S1G Beacon,129,34,-57,920,3,1,,,,,,,0,0
2478,2026-07-07T13:14:31.825842000Z,S1G Beacon,61,34,-60,920,3,1,,,,,,,0,1
2479,2026-07-07T13:14:32.099069000Z,S1G Beacon,61,34,-58,920,3,1,,,,,,,0,0
2483,2026-07-07T13:14:32.646868000Z,S1G Beacon,129,34,-60,920,3,1,,,,,,,0,1
2484,2026-07-07T13:14:32.920110000Z,S1G Beacon,129,34,-59,920,3,1,,,,,,,0,0
2487,2026-07-07T13:14:33.464286000Z,S1G Beacon,61,34,-60,920,3,1,,,,,,,0,1
2488,2026-07-07T13:14:33.737521000Z,S1G Beacon,61,34,-59,920,3,1,,,,,,,0,0
2489,2026-07-07T13:14:34.285310000Z,S1G Beacon,129,34,-59,920,3,1,,,,,,,0,1
2490,2026-07-07T13:14:34.558547000Z,S1G Beacon,129,34,-58,920,3,1,,,,,,,0,0
2494,2026-07-07T13:14:35.102737000Z,S1G Beacon,61,34,-60,920,3,1,,,,,,,0,1
2496,2026-07-07T13:14:35.375976000Z,S1G Beacon,61,34,-57,920,3,1,,,,,,,0,0
2499,2026-07-07T13:14:35.923768000Z,S1G Beacon,129,34,-59,920,3,1,,,,,,,0,1
2500,2026-07-07T13:14:36.196997000Z,S1G Beacon,129,34,-58,920,3,1,,,,,,,0,0
2503,2026-07-07T13:14:36.741181000Z,S1G Beacon,61,34,-59,920,3,1,,,,,,,0,1
2505,2026-07-07T13:14:37.014425000Z,S1G Beacon,61,34,-58,920,3,1,,,,,,,0,0
2508,2026-07-07T13:14:37.562206000Z,S1G Beacon,129,34,-59,920,3,1,,,,,,,0,1
2509,2026-07-07T13:14:37.835446000Z,S1G Beacon,129,34,-57,920,3,1,,,,,,,0,0
2511,2026-07-07T13:14:38.379634000Z,S1G Beacon,61,34,-60,920,3,1,,,,,,,0,1
2517,2026-07-07T13:14:38.652868000Z,S1G Beacon,61,34,-57,920,3,1,,,,,,,0,0
2523,2026-07-07T13:14:39.200879000Z,S1G Beacon,129,34,-61,920,3,1,,,,,,,0,1
2526,2026-07-07T13:14:39.473901000Z,S1G Beacon,129,34,-58,920,3,1,,,,,,,0,0
2532,2026-07-07T13:14:40.018081000Z,S1G Beacon,61,34,-60,920,3,1,,,,,,,0,1
2533,2026-07-07T13:14:40.291316000Z,S1G Beacon,61,34,-60,920,3,1,,,,,,,0,0
2536,2026-07-07T13:14:40.839165000Z,S1G Beacon,129,34,-59,920,3,1,,,,,,,0,1
2537,2026-07-07T13:14:41.112397000Z,S1G Beacon,129,34,-59,920,3,1,,,,,,,0,0
2541,2026-07-07T13:14:41.656624000Z,S1G Beacon,61,34,-65,920,3,1,,,,,,,0,1
2542,2026-07-07T13:14:41.929777000Z,S1G Beacon,61,34,-59,920,3,1,,,,,,,0,0
2545,2026-07-07T13:14:42.477547000Z,S1G Beacon,129,34,-62,920,3,1,,,,,,,0,1
2546,2026-07-07T13:14:42.750795000Z,S1G Beacon,129,34,-63,920,3,1,,,,,,,0,0
2547,2026-07-07T13:14:43.294978000Z,S1G Beacon,61,34,-60,920,3,1,,,,,,,0,1
2550,2026-07-07T13:14:43.568214000Z,S1G Beacon,61,34,-59,920,3,1,,,,,,,0,0
2551,2026-07-07T13:14:44.116000000Z,S1G Beacon,129,34,-60,920,3,1,,,,,,,0,1
2552,2026-07-07T13:14:44.389254000Z,S1G Beacon,129,34,-59,920,3,1,,,,,,,0,0
2556,2026-07-07T13:14:44.909821000Z,Deauthentication,64,34,-66,920,0,12,0,0,0,0,0,0,0,0
2557,2026-07-07T13:14:44.933417000Z,S1G Beacon,61,34,-60,920,3,1,,,,,,,0,1
2558,2026-07-07T13:14:45.206677000Z,S1G Beacon,61,34,-58,920,3,1,,,,,,,0,0
2561,2026-07-07T13:14:45.754445000Z,S1G Beacon,129,34,-59,920,3,1,,,,,,,0,1
2562,2026-07-07T13:14:46.027696000Z,S1G Beacon,129,34,-58,920,3,1,,,,,,,0,0
2566,2026-07-07T13:14:46.571863000Z,S1G Beacon,61,34,-58,920,3,1,,,,,,,0,1
2567,2026-07-07T13:14:46.845120000Z,S1G Beacon,61,34,-59,920,3,1,,,,,,,0,0
2568,2026-07-07T13:14:47.392925000Z,S1G Beacon,129,34,-57,920,3,1,,,,,,,0,1
2573,2026-07-07T13:14:47.666150000Z,S1G Beacon,129,34,-57,920,3,1,,,,,,,0,0
2574,2026-07-07T13:14:48.210325000Z,S1G Beacon,61,34,-58,920,3,1,,,,,,,0,1
2577,2026-07-07T13:14:48.483569000Z,S1G Beacon,61,34,-60,920,3,1,,,,,,,0,0
2578,2026-07-07T13:14:49.031341000Z,S1G Beacon,129,34,-64,920,3,1,,,,,,,0,1
2579,2026-07-07T13:14:49.304597000Z,S1G Beacon,129,34,-59,920,3,1,,,,,,,0,0
2582,2026-07-07T13:14:49.848765000Z,S1G Beacon,61,34,-57,920,3,1,,,,,,,0,1
2583,2026-07-07T13:14:50.122020000Z,S1G Beacon,61,34,-59,920,3,1,,,,,,,0,0
2587,2026-07-07T13:14:50.669802000Z,S1G Beacon,129,34,-57,920,3,1,,,,,,,0,1
2588,2026-07-07T13:14:50.943053000Z,S1G Beacon,129,34,-58,920,3,1,,,,,,,0,0
2591,2026-07-07T13:14:51.487204000Z,S1G Beacon,61,34,-57,920,3,1,,,,,,,0,1
2592,2026-07-07T13:14:51.760476000Z,S1G Beacon,61,34,-63,920,3,1,,,,,,,0,0
2593,2026-07-07T13:14:52.308230000Z,S1G Beacon,129,34,-57,920,3,1,,,,,,,0,1
2596,2026-07-07T13:14:52.581502000Z,S1G Beacon,129,34,-58,920,3,1,,,,,,,0,0
2598,2026-07-07T13:14:53.125649000Z,S1G Beacon,61,34,-59,920,3,1,,,,,,,0,1
2599,2026-07-07T13:14:53.398940000Z,S1G Beacon,61,34,-58,920,3,1,,,,,,,0,0
2603,2026-07-07T13:14:53.946694000Z,S1G Beacon,129,34,-59,920,3,1,,,,,,,0,1
2604,2026-07-07T13:14:54.219958000Z,S1G Beacon,129,34,-59,920,3,1,,,,,,,0,0
2607,2026-07-07T13:14:54.764100000Z,S1G Beacon,61,34,-63,920,3,1,,,,,,,0,1
2608,2026-07-07T13:14:55.037376000Z,S1G Beacon,61,34,-59,920,3,1,,,,,,,0,0
2611,2026-07-07T13:14:55.585125000Z,S1G Beacon,129,34,-57,920,3,1,,,,,,,0,1
2612,2026-07-07T13:14:55.858401000Z,S1G Beacon,129,34,-59,920,3,1,,,,,,,0,0
2613,2026-07-07T13:14:56.402547000Z,S1G Beacon,61,34,-57,920,3,1,,,,,,,0,1
2617,2026-07-07T13:14:56.675820000Z,S1G Beacon,61,34,-58,920,3,1,,,,,,,0,0
2618,2026-07-07T13:14:57.223572000Z,S1G Beacon,129,34,-60,920,3,1,,,,,,,0,1
2619,2026-07-07T13:14:57.496845000Z,S1G Beacon,129,34,-58,920,3,1,,,,,,,0,0
2620,2026-07-07T13:14:58.040994000Z,S1G Beacon,61,34,-56,920,3,1,,,,,,,0,1
2621,2026-07-07T13:14:58.314270000Z,S1G Beacon,61,34,-59,920,3,1,,,,,,,0,0
2625,2026-07-07T13:14:58.862015000Z,S1G Beacon,129,34,-58,920,3,1,,,,,,,0,1
2626,2026-07-07T13:14:59.135300000Z,S1G Beacon,129,34,-58,920,3,1,,,,,,,0,0
2630,2026-07-07T13:14:59.679439000Z,S1G Beacon,61,34,-60,920,3,1,,,,,,,0,1
2635,2026-07-07T13:14:59.952722000Z,S1G Beacon,61,34,-58,920,3,1,,,,,,,0,0
2644,2026-07-07T13:15:00.505199000Z,S1G Beacon,129,34,-57,920,3,1,,,,,,,0,1
2647,2026-07-07T13:15:00.773751000Z,S1G Beacon,129,34,-59,920,3,1,,,,,,,0,0
2648,2026-07-07T13:15:01.317887000Z,S1G Beacon,61,34,-57,920,3,1,,,,,,,0,1
2651,2026-07-07T13:15:01.591171000Z,S1G Beacon,61,34,-59,920,3,1,,,,,,,0,0
2652,2026-07-07T13:15:02.138916000Z,S1G Beacon,129,34,-58,920,3,1,,,,,,,0,1
2653,2026-07-07T13:15:02.412204000Z,S1G Beacon,129,34,-60,920,3,1,,,,,,,0,0
2658,2026-07-07T13:15:02.956334000Z,S1G Beacon,61,34,-59,920,3,1,,,,,,,0,1
2659,2026-07-07T13:15:03.229630000Z,S1G Beacon,61,34,-60,920,3,1,,,,,,,0,0
2662,2026-07-07T13:15:03.502289000Z,RTS,54,34,-1,920,1,11,,,,0,0,0,2488,0
2664,2026-07-07T13:15:03.504055000Z,QoS Data,72,34,0,920,2,8,1,0,1,0,0,0,720,1
2666,2026-07-07T13:15:03.777358000Z,S1G Beacon,129,34,-61,920,3,1,,,,,,,0,1
2667,2026-07-07T13:15:04.050658000Z,S1G Beacon,129,34,-58,920,3,1,,,,,,,0,0
2668,2026-07-07T13:15:04.594786000Z,S1G Beacon,61,34,-57,920,3,1,,,,,,,0,1
2671,2026-07-07T13:15:04.868075000Z,S1G Beacon,61,34,-57,920,3,1,,,,,,,0,0
2672,2026-07-07T13:15:05.415823000Z,S1G Beacon,129,34,-57,920,3,1,,,,,,,0,1
2676,2026-07-07T13:15:05.689101000Z,S1G Beacon,129,34,-60,920,3,1,,,,,,,0,0
2678,2026-07-07T13:15:06.233233000Z,S1G Beacon,61,34,-60,920,3,1,,,,,,,0,1
2681,2026-07-07T13:15:06.506525000Z,S1G Beacon,61,34,-59,920,3,1,,,,,,,0,0
2682,2026-07-07T13:15:07.054255000Z,S1G Beacon,129,34,-59,920,3,1,,,,,,,0,1
2683,2026-07-07T13:15:07.327551000Z,S1G Beacon,129,34,-60,920,3,1,,,,,,,0,0
2686,2026-07-07T13:15:07.871674000Z,S1G Beacon,61,34,-60,920,3,1,,,,,,,0,1
2687,2026-07-07T13:15:08.144981000Z,S1G Beacon,61,34,-59,920,3,1,,,,,,,0,0
2691,2026-07-07T13:15:08.692911000Z,S1G Beacon,129,34,-58,920,3,1,,,,,,,0,1
2692,2026-07-07T13:15:08.966006000Z,S1G Beacon,129,34,-59,920,3,1,,,,,,,0,0
2693,2026-07-07T13:15:09.510126000Z,S1G Beacon,61,34,-59,920,3,1,,,,,,,0,1
2694,2026-07-07T13:15:09.707203000Z,QoS Null,64,34,-62,920,2,12,0,0,0,0,0,0,720,0
2698,2026-07-07T13:15:09.783426000Z,S1G Beacon,61,34,-58,920,3,1,,,,,,,0,0
2700,2026-07-07T13:15:10.331155000Z,S1G Beacon,129,34,-58,920,3,1,,,,,,,0,1
2704,2026-07-07T13:15:10.604452000Z,S1G Beacon,129,34,-58,920,3,1,,,,,,,0,0
2705,2026-07-07T13:15:11.148612000Z,S1G Beacon,61,34,-59,920,3,1,,,,,,,0,1
2706,2026-07-07T13:15:11.421891000Z,S1G Beacon,61,34,-59,920,3,1,,,,,,,0,0
2710,2026-07-07T13:15:11.969607000Z,S1G Beacon,129,34,-62,920,3,1,,,,,,,0,1
2712,2026-07-07T13:15:12.242914000Z,S1G Beacon,129,34,-58,920,3,1,,,,,,,0,0
2715,2026-07-07T13:15:12.787021000Z,S1G Beacon,61,34,-58,920,3,1,,,,,,,0,1
2716,2026-07-07T13:15:13.060331000Z,S1G Beacon,61,34,-58,920,3,1,,,,,,,0,0
2719,2026-07-07T13:15:13.608040000Z,S1G Beacon,129,34,-58,920,3,1,,,,,,,0,1
2720,2026-07-07T13:15:13.761705000Z,QoS Data,72,34,0,920,2,8,1,0,0,0,0,0,720,1
2722,2026-07-07T13:15:13.881359000Z,S1G Beacon,129,34,-58,920,3,1,,,,,,,0,0
2723,2026-07-07T13:15:14.425471000Z,S1G Beacon,61,34,-59,920,3,1,,,,,,,0,1
2725,2026-07-07T13:15:14.698776000Z,S1G Beacon,61,34,-59,920,3,1,,,,,,,0,0
2730,2026-07-07T13:15:15.519807000Z,S1G Beacon,129,34,-59,920,3,1,,,,,,,0,0
2731,2026-07-07T13:15:16.063921000Z,S1G Beacon,61,34,-58,920,3,1,,,,,,,0,1
2732,2026-07-07T13:15:16.337232000Z,S1G Beacon,61,34,-59,920,3,1,,,,,,,0,0
2735,2026-07-07T13:15:16.884945000Z,S1G Beacon,129,34,-57,920,3,1,,,,,,,0,1
2736,2026-07-07T13:15:17.158258000Z,S1G Beacon,129,34,-58,920,3,1,,,,,,,0,0
2740,2026-07-07T13:15:17.702521000Z,S1G Beacon,61,34,-58,920,3,1,,,,,,,0,1
2742,2026-07-07T13:15:17.975682000Z,S1G Beacon,61,34,-58,920,3,1,,,,,,,0,0
2746,2026-07-07T13:15:18.523390000Z,S1G Beacon,129,34,-57,920,3,1,,,,,,,0,1
2747,2026-07-07T13:15:18.796708000Z,S1G Beacon,129,34,-60,920,3,1,,,,,,,0,0
2748,2026-07-07T13:15:19.340816000Z,S1G Beacon,61,34,-58,920,3,1,,,,,,,0,1
2749,2026-07-07T13:15:19.614135000Z,S1G Beacon,61,34,-57,920,3,1,,,,,,,0,0
2753,2026-07-07T13:15:20.161842000Z,S1G Beacon,129,34,-57,920,3,1,,,,,,,0,1
2754,2026-07-07T13:15:20.435158000Z,S1G Beacon,129,34,-59,920,3,1,,,,,,,0,0
2764,2026-07-07T13:15:20.985386000Z,S1G Beacon,61,34,-58,920,3,1,,,,,,,0,1
2767,2026-07-07T13:15:21.252584000Z,S1G Beacon,61,34,-58,920,3,1,,,,,,,0,0
2775,2026-07-07T13:15:21.800290000Z,S1G Beacon,129,34,-57,920,3,1,,,,,,,0,1
2776,2026-07-07T13:15:22.073609000Z,S1G Beacon,129,34,-59,920,3,1,,,,,,,0,0
2780,2026-07-07T13:15:22.617706000Z,S1G Beacon,61,34,-58,920,3,1,,,,,,,0,1
2781,2026-07-07T13:15:22.891037000Z,S1G Beacon,61,34,-58,920,3,1,,,,,,,0,0
2783,2026-07-07T13:15:23.438746000Z,S1G Beacon,129,34,-57,920,3,1,,,,,,,0,1
2787,2026-07-07T13:15:23.712065000Z,S1G Beacon,129,34,-57,920,3,1,,,,,,,0,0
2788,2026-07-07T13:15:24.258030000Z,S1G Beacon,61,34,-57,920,3,1,,,,,,,0,1
2790,2026-07-07T13:15:24.529483000Z,S1G Beacon,61,34,-58,920,3,1,,,,,,,0,0
2793,2026-07-07T13:15:25.077180000Z,S1G Beacon,129,34,-57,920,3,1,,,,,,,0,1
2794,2026-07-07T13:15:25.350547000Z,S1G Beacon,129,34,-59,920,3,1,,,,,,,0,0
2798,2026-07-07T13:15:25.894598000Z,S1G Beacon,61,34,-57,920,3,1,,,,,,,0,1
2799,2026-07-07T13:15:26.167934000Z,S1G Beacon,61,34,-60,920,3,1,,,,,,,0,0
2802,2026-07-07T13:15:26.715628000Z,S1G Beacon,129,34,-58,920,3,1,,,,,,,0,1
2804,2026-07-07T13:15:26.988969000Z,S1G Beacon,129,34,-58,920,3,1,,,,,,,0,0
2807,2026-07-07T13:15:27.533048000Z,S1G Beacon,61,34,-58,920,3,1,,,,,,,0,1
2808,2026-07-07T13:15:27.806383000Z,S1G Beacon,61,34,-58,920,3,1,,,,,,,0,0
2809,2026-07-07T13:15:28.354075000Z,S1G Beacon,129,34,-57,920,3,1,,,,,,,0,1
2812,2026-07-07T13:15:28.627410000Z,S1G Beacon,129,34,-58,920,3,1,,,,,,,0,0
2813,2026-07-07T13:15:29.171499000Z,S1G Beacon,61,34,-56,920,3,1,,,,,,,0,1
2814,2026-07-07T13:15:29.444844000Z,S1G Beacon,61,34,-57,920,3,1,,,,,,,0,0
2818,2026-07-07T13:15:29.992527000Z,S1G Beacon,129,34,-57,920,3,1,,,,,,,0,1
2819,2026-07-07T13:15:30.265866000Z,S1G Beacon,129,34,-59,920,3,1,,,,,,,0,0
2823,2026-07-07T13:15:30.809940000Z,S1G Beacon,61,34,-56,920,3,1,,,,,,,0,1
2824,2026-07-07T13:15:31.083285000Z,S1G Beacon,61,34,-58,920,3,1,,,,,,,0,0
2827,2026-07-07T13:15:31.630972000Z,S1G Beacon,129,34,-58,920,3,1,,,,,,,0,1
2828,2026-07-07T13:15:31.904313000Z,S1G Beacon,129,34,-58,920,3,1,,,,,,,0,0
2829,2026-07-07T13:15:32.448390000Z,S1G Beacon,61,34,-57,920,3,1,,,,,,,0,1
2832,2026-07-07T13:15:32.721733000Z,S1G Beacon,61,34,-60,920,3,1,,,,,,,0,0
2834,2026-07-07T13:15:33.269421000Z,S1G Beacon,129,34,-57,920,3,1,,,,,,,0,1
2837,2026-07-07T13:15:33.542764000Z,S1G Beacon,129,34,-60,920,3,1,,,,,,,0,0
2838,2026-07-07T13:15:34.086838000Z,S1G Beacon,61,34,-58,920,3,1,,,,,,,0,1
2840,2026-07-07T13:15:34.360183000Z,S1G Beacon,61,34,-60,920,3,1,,,,,,,0,0
2843,2026-07-07T13:15:34.907861000Z,S1G Beacon,129,34,-57,920,3,1,,,,,,,0,1
2845,2026-07-07T13:15:35.181219000Z,S1G Beacon,129,34,-58,920,3,1,,,,,,,0,0
2848,2026-07-07T13:15:35.725283000Z,S1G Beacon,61,34,-57,920,3,1,,,,,,,0,1
2850,2026-07-07T13:15:35.998641000Z,S1G Beacon,61,34,-59,920,3,1,,,,,,,0,0
2853,2026-07-07T13:15:36.546311000Z,S1G Beacon,129,34,-57,920,3,1,,,,,,,0,1
2854,2026-07-07T13:15:36.819663000Z,S1G Beacon,129,34,-58,920,3,1,,,,,,,0,0
2856,2026-07-07T13:15:37.363727000Z,S1G Beacon,61,34,-56,920,3,1,,,,,,,0,1
2859,2026-07-07T13:15:37.637085000Z,S1G Beacon,61,34,-58,920,3,1,,,,,,,0,0
2860,2026-07-07T13:15:38.184754000Z,S1G Beacon,129,34,-57,920,3,1,,,,,,,0,1
2862,2026-07-07T13:15:38.458113000Z,S1G Beacon,129,34,-60,920,3,1,,,,,,,0,0
2867,2026-07-07T13:15:39.002183000Z,S1G Beacon,61,34,-57,920,3,1,,,,,,,0,1
2868,2026-07-07T13:15:39.275538000Z,S1G Beacon,61,34,-59,920,3,1,,,,,,,0,0
2871,2026-07-07T13:15:39.823208000Z,S1G Beacon,129,34,-56,920,3,1,,,,,,,0,1
2872,2026-07-07T13:15:40.096566000Z,S1G Beacon,129,34,-58,920,3,1,,,,,,,0,0
2875,2026-07-07T13:15:40.640630000Z,S1G Beacon,61,34,-58,920,3,1,,,,,,,0,1
2876,2026-07-07T13:15:40.914014000Z,S1G Beacon,61,34,-59,920,3,1,,,,,,,0,0
2878,2026-07-07T13:15:41.466478000Z,S1G Beacon,129,34,-57,920,3,1,,,,,,,0,1
2883,2026-07-07T13:15:41.735010000Z,S1G Beacon,129,34,-59,920,3,1,,,,,,,0,0
2890,2026-07-07T13:15:42.279070000Z,S1G Beacon,61,34,-56,920,3,1,,,,,,,0,1
2896,2026-07-07T13:15:42.552432000Z,S1G Beacon,61,34,-59,920,3,1,,,,,,,0,0
2899,2026-07-07T13:15:43.100095000Z,S1G Beacon,129,34,-56,920,3,1,,,,,,,0,1
2900,2026-07-07T13:15:43.373463000Z,S1G Beacon,129,34,-58,920,3,1,,,,,,,0,0
2904,2026-07-07T13:15:43.917518000Z,S1G Beacon,61,34,-57,920,3,1,,,,,,,0,1
2905,2026-07-07T13:15:44.190891000Z,S1G Beacon,61,34,-58,920,3,1,,,,,,,0,0
2908,2026-07-07T13:15:44.742910000Z,S1G Beacon,129,34,-57,920,3,1,,,,,,,0,1
2910,2026-07-07T13:15:45.011921000Z,S1G Beacon,129,34,-59,920,3,1,,,,,,,0,0
2913,2026-07-07T13:15:45.555965000Z,S1G Beacon,61,34,-57,920,3,1,,,,,,,0,1
2914,2026-07-07T13:15:45.829336000Z,S1G Beacon,61,34,-60,920,3,1,,,,,,,0,0
2916,2026-07-07T13:15:46.376993000Z,S1G Beacon,129,34,-57,920,3,1,,,,,,,0,1
2919,2026-07-07T13:15:46.650366000Z,S1G Beacon,129,34,-58,920,3,1,,,,,,,0,0
2921,2026-07-07T13:15:47.194419000Z,S1G Beacon,61,34,-57,920,3,1,,,,,,,0,1
2924,2026-07-07T13:15:47.467786000Z,S1G Beacon,61,34,-58,920,3,1,,,,,,,0,0
2926,2026-07-07T13:15:48.015443000Z,S1G Beacon,129,34,-58,920,3,1,,,,,,,0,1
2927,2026-07-07T13:15:48.288819000Z,S1G Beacon,129,34,-59,920,3,1,,,,,,,0,0
2931,2026-07-07T13:15:48.832861000Z,S1G Beacon,61,34,-57,920,3,1,,,,,,,0,1
2933,2026-07-07T13:15:49.653884000Z,S1G Beacon,129,34,-58,920,3,1,,,,,,,0,1
2936,2026-07-07T13:15:49.927264000Z,S1G Beacon,129,34,-59,920,3,1,,,,,,,0,0
2939,2026-07-07T13:15:50.471313000Z,S1G Beacon,61,34,-57,920,3,1,,,,,,,0,1
2940,2026-07-07T13:15:50.744692000Z,S1G Beacon,61,34,-58,920,3,1,,,,,,,0,0
2942,2026-07-07T13:15:51.292334000Z,S1G Beacon,129,34,-57,920,3,1,,,,,,,0,1
2946,2026-07-07T13:15:51.565713000Z,S1G Beacon,129,34,-59,920,3,1,,,,,,,0,0
2947,2026-07-07T13:15:52.383141000Z,S1G Beacon,61,34,-59,920,3,1,,,,,,,0,0
2951,2026-07-07T13:15:52.930782000Z,S1G Beacon,129,34,-57,920,3,1,,,,,,,0,1
2952,2026-07-07T13:15:53.204166000Z,S1G Beacon,129,34,-61,920,3,1,,,,,,,0,0
2955,2026-07-07T13:15:53.748202000Z,S1G Beacon,61,34,-57,920,3,1,,,,,,,0,1
2957,2026-07-07T13:15:54.021589000Z,S1G Beacon,61,34,-61,920,3,1,,,,,,,0,0
2958,2026-07-07T13:15:54.569228000Z,S1G Beacon,129,34,-59,920,3,1,,,,,,,0,1
2961,2026-07-07T13:15:54.842625000Z,S1G Beacon,129,34,-61,920,3,1,,,,,,,0,0
2962,2026-07-07T13:15:55.386650000Z,S1G Beacon,61,34,-57,920,3,1,,,,,,,0,1
2965,2026-07-07T13:15:55.660032000Z,S1G Beacon,61,34,-61,920,3,1,,,,,,,0,0
2966,2026-07-07T13:15:56.207673000Z,S1G Beacon,129,34,-57,920,3,1,,,,,,,0,1
2969,2026-07-07T13:15:56.481063000Z,S1G Beacon,129,34,-63,920,3,1,,,,,,,0,0
2971,2026-07-07T13:15:57.298484000Z,S1G Beacon,61,34,-61,920,3,1,,,,,,,0,0
2974,2026-07-07T13:15:57.846115000Z,S1G Beacon,129,34,-57,920,3,1,,,,,,,0,1
2976,2026-07-07T13:15:58.119509000Z,S1G Beacon,129,34,-62,920,3,1,,,,,,,0,0
2979,2026-07-07T13:15:58.663536000Z,S1G Beacon,61,34,-57,920,3,1,,,,,,,0,1
2980,2026-07-07T13:15:58.936933000Z,S1G Beacon,61,34,-62,920,3,1,,,,,,,0,0
2981,2026-07-07T13:15:59.484561000Z,S1G Beacon,129,34,-57,920,3,1,,,,,,,0,1
2984,2026-07-07T13:15:59.757960000Z,S1G Beacon,129,34,-62,920,3,1,,,,,,,0,0
2986,2026-07-07T13:16:00.301987000Z,S1G Beacon,61,34,-57,920,3,1,,,,,,,0,1
2988,2026-07-07T13:16:00.575382000Z,S1G Beacon,61,34,-61,920,3,1,,,,,,,0,0
2989,2026-07-07T13:16:01.123019000Z,S1G Beacon,129,34,-57,920,3,1,,,,,,,0,1
2990,2026-07-07T13:16:01.396411000Z,S1G Beacon,129,34,-62,920,3,1,,,,,,,0,0
2993,2026-07-07T13:16:01.940428000Z,S1G Beacon,61,34,-58,920,3,1,,,,,,,0,1
2994,2026-07-07T13:16:02.213835000Z,S1G Beacon,61,34,-63,920,3,1,,,,,,,0,0
2998,2026-07-07T13:16:02.761460000Z,S1G Beacon,129,34,-58,920,3,1,,,,,,,0,1
3003,2026-07-07T13:16:03.034862000Z,S1G Beacon,129,34,-60,920,3,1,,,,,,,0,0
3011,2026-07-07T13:16:03.580335000Z,S1G Beacon,61,34,-57,920,3,1,,,,,,,0,1
3014,2026-07-07T13:16:03.852286000Z,S1G Beacon,61,34,-60,920,3,1,,,,,,,0,0
3015,2026-07-07T13:16:04.399906000Z,S1G Beacon,129,34,-57,920,3,1,,,,,,,0,1
3016,2026-07-07T13:16:04.673315000Z,S1G Beacon,129,34,-60,920,3,1,,,,,,,0,0
3019,2026-07-07T13:16:05.217324000Z,S1G Beacon,61,34,-57,920,3,1,,,,,,,0,1
3022,2026-07-07T13:16:05.490734000Z,S1G Beacon,61,34,-59,920,3,1,,,,,,,0,0
3024,2026-07-07T13:16:06.040324000Z,S1G Beacon,129,34,-58,920,3,1,,,,,,,0,1
3025,2026-07-07T13:16:06.311772000Z,S1G Beacon,129,34,-60,920,3,1,,,,,,,0,0
3028,2026-07-07T13:16:06.855768000Z,S1G Beacon,61,34,-57,920,3,1,,,,,,,0,1
3029,2026-07-07T13:16:07.129185000Z,S1G Beacon,61,34,-60,920,3,1,,,,,,,0,0
3032,2026-07-07T13:16:07.950210000Z,S1G Beacon,129,34,-61,920,3,1,,,,,,,0,0
3035,2026-07-07T13:16:08.494216000Z,S1G Beacon,61,34,-58,920,3,1,,,,,,,0,1
3036,2026-07-07T13:16:08.767633000Z,S1G Beacon,61,34,-60,920,3,1,,,,,,,0,0
3038,2026-07-07T13:16:09.323411000Z,S1G Beacon,129,34,-58,920,3,1,,,,,,,0,1
3039,2026-07-07T13:16:09.588668000Z,S1G Beacon,129,34,-59,920,3,1,,,,,,,0,0
3042,2026-07-07T13:16:10.132667000Z,S1G Beacon,61,34,-58,920,3,1,,,,,,,0,1
3043,2026-07-07T13:16:10.406086000Z,S1G Beacon,61,34,-60,920,3,1,,,,,,,0,0
3047,2026-07-07T13:16:10.953699000Z,S1G Beacon,129,34,-57,920,3,1,,,,,,,0,1
3048,2026-07-07T13:16:11.227128000Z,S1G Beacon,129,34,-58,920,3,1,,,,,,,0,0
3051,2026-07-07T13:16:11.771277000Z,S1G Beacon,61,34,-58,920,3,1,,,,,,,0,1
3052,2026-07-07T13:16:12.044566000Z,S1G Beacon,61,34,-59,920,3,1,,,,,,,0,0
3057,2026-07-07T13:16:12.592150000Z,S1G Beacon,129,34,-57,920,3,1,,,,,,,0,1
3058,2026-07-07T13:16:12.865566000Z,S1G Beacon,129,34,-60,920,3,1,,,,,,,0,0
3059,2026-07-07T13:16:13.409561000Z,S1G Beacon,61,34,-60,920,3,1,,,,,,,0,1
3062,2026-07-07T13:16:13.682991000Z,S1G Beacon,61,34,-58,920,3,1,,,,,,,0,0
3064,2026-07-07T13:16:14.230586000Z,S1G Beacon,129,34,-58,920,3,1,,,,,,,0,1
3065,2026-07-07T13:16:14.504013000Z,S1G Beacon,129,34,-59,920,3,1,,,,,,,0,0
3068,2026-07-07T13:16:15.048012000Z,S1G Beacon,61,34,-58,920,3,1,,,,,,,0,1
3070,2026-07-07T13:16:15.321436000Z,S1G Beacon,61,34,-59,920,3,1,,,,,,,0,0
3073,2026-07-07T13:16:15.869035000Z,S1G Beacon,129,34,-59,920,3,1,,,,,,,0,1
3074,2026-07-07T13:16:16.142467000Z,S1G Beacon,129,34,-58,920,3,1,,,,,,,0,0
3075,2026-07-07T13:16:16.686460000Z,S1G Beacon,61,34,-58,920,3,1,,,,,,,0,1
3076,2026-07-07T13:16:16.959886000Z,S1G Beacon,61,34,-59,920,3,1,,,,,,,0,0
3079,2026-07-07T13:16:17.507479000Z,S1G Beacon,129,34,-59,920,3,1,,,,,,,0,1
3080,2026-07-07T13:16:17.780921000Z,S1G Beacon,129,34,-60,920,3,1,,,,,,,0,0
3083,2026-07-07T13:16:18.324899000Z,S1G Beacon,61,34,-58,920,3,1,,,,,,,0,1
3084,2026-07-07T13:16:18.598338000Z,S1G Beacon,61,34,-58,920,3,1,,,,,,,0,0
3085,2026-07-07T13:16:19.145932000Z,S1G Beacon,129,34,-58,920,3,1,,,,,,,0,1
3086,2026-07-07T13:16:19.419364000Z,S1G Beacon,129,34,-58,920,3,1,,,,,,,0,0
3089,2026-07-07T13:16:19.963352000Z,S1G Beacon,61,34,-58,920,3,1,,,,,,,0,1
3090,2026-07-07T13:16:20.236789000Z,S1G Beacon,61,34,-59,920,3,1,,,,,,,0,0
3093,2026-07-07T13:16:20.784377000Z,S1G Beacon,129,34,-58,920,3,1,,,,,,,0,1
3094,2026-07-07T13:16:21.057820000Z,S1G Beacon,129,34,-58,920,3,1,,,,,,,0,0
3098,2026-07-07T13:16:21.601800000Z,S1G Beacon,61,34,-58,920,3,1,,,,,,,0,1
3099,2026-07-07T13:16:21.875246000Z,S1G Beacon,61,34,-59,920,3,1,,,,,,,0,0
3100,2026-07-07T13:16:22.422827000Z,S1G Beacon,129,34,-58,920,3,1,,,,,,,0,1
3103,2026-07-07T13:16:22.696260000Z,S1G Beacon,129,34,-59,920,3,1,,,,,,,0,0
3105,2026-07-07T13:16:23.240240000Z,S1G Beacon,61,34,-59,920,3,1,,,,,,,0,1
3109,2026-07-07T13:16:23.513687000Z,S1G Beacon,61,34,-58,920,3,1,,,,,,,0,0
3115,2026-07-07T13:16:24.061271000Z,S1G Beacon,129,34,-58,920,3,1,,,,,,,0,1
3120,2026-07-07T13:16:24.334721000Z,S1G Beacon,129,34,-58,920,3,1,,,,,,,0,0
3127,2026-07-07T13:16:24.881865000Z,S1G Beacon,61,34,-58,920,3,1,,,,,,,0,1
3129,2026-07-07T13:16:25.152147000Z,S1G Beacon,61,34,-60,920,3,1,,,,,,,0,0
3132,2026-07-07T13:16:25.699713000Z,S1G Beacon,129,34,-57,920,3,1,,,,,,,0,1
3133,2026-07-07T13:16:25.973172000Z,S1G Beacon,129,34,-59,920,3,1,,,,,,,0,0
3137,2026-07-07T13:16:26.522184000Z,S1G Beacon,61,34,-57,920,3,1,,,,,,,0,1
3139,2026-07-07T13:16:26.790595000Z,S1G Beacon,61,34,-58,920,3,1,,,,,,,0,0
3141,2026-07-07T13:16:27.338171000Z,S1G Beacon,129,34,-57,920,3,1,,,,,,,0,1
3144,2026-07-07T13:16:27.611619000Z,S1G Beacon,129,34,-59,920,3,1,,,,,,,0,0
3145,2026-07-07T13:16:28.155598000Z,S1G Beacon,61,34,-58,920,3,1,,,,,,,0,1
3146,2026-07-07T13:16:28.429046000Z,S1G Beacon,61,34,-58,920,3,1,,,,,,,0,0
3149,2026-07-07T13:16:28.976617000Z,S1G Beacon,129,34,-58,920,3,1,,,,,,,0,1
3150,2026-07-07T13:16:29.250075000Z,S1G Beacon,129,34,-57,920,3,1,,,,,,,0,0
3153,2026-07-07T13:16:29.794036000Z,S1G Beacon,61,34,-57,920,3,1,,,,,,,0,1
3154,2026-07-07T13:16:30.067495000Z,S1G Beacon,61,34,-58,920,3,1,,,,,,,0,0
3158,2026-07-07T13:16:30.615059000Z,S1G Beacon,129,34,-58,920,3,1,,,,,,,0,1
3159,2026-07-07T13:16:30.888523000Z,S1G Beacon,129,34,-59,920,3,1,,,,,,,0,0
3160,2026-07-07T13:16:31.432491000Z,S1G Beacon,61,34,-58,920,3,1,,,,,,,0,1
3163,2026-07-07T13:16:31.705943000Z,S1G Beacon,61,34,-58,920,3,1,,,,,,,0,0
3164,2026-07-07T13:16:32.253519000Z,S1G Beacon,129,34,-58,920,3,1,,,,,,,0,1
3168,2026-07-07T13:16:32.526973000Z,S1G Beacon,129,34,-59,920,3,1,,,,,,,0,0
3170,2026-07-07T13:16:33.070932000Z,S1G Beacon,61,34,-61,920,3,1,,,,,,,0,1
3172,2026-07-07T13:16:33.344401000Z,S1G Beacon,61,34,-58,920,3,1,,,,,,,0,0
3175,2026-07-07T13:16:33.891961000Z,S1G Beacon,129,34,-58,920,3,1,,,,,,,0,1
3176,2026-07-07T13:16:34.165426000Z,S1G Beacon,129,34,-58,920,3,1,,,,,,,0,0
3177,2026-07-07T13:16:34.709382000Z,S1G Beacon,61,34,-60,920,3,1,,,,,,,0,1
3180,2026-07-07T13:16:34.982851000Z,S1G Beacon,61,34,-59,920,3,1,,,,,,,0,0
3184,2026-07-07T13:16:35.530408000Z,S1G Beacon,129,34,-59,920,3,1,,,,,,,0,1
3185,2026-07-07T13:16:35.803881000Z,S1G Beacon,129,34,-58,920,3,1,,,,,,,0,0
3187,2026-07-07T13:16:36.347824000Z,S1G Beacon,61,34,-58,920,3,1,,,,,,,0,1
3190,2026-07-07T13:16:36.621297000Z,S1G Beacon,61,34,-58,920,3,1,,,,,,,0,0
3192,2026-07-07T13:16:37.168853000Z,S1G Beacon,129,34,-58,920,3,1,,,,,,,0,1
3193,2026-07-07T13:16:37.442330000Z,S1G Beacon,129,34,-60,920,3,1,,,,,,,0,0
3199,2026-07-07T13:16:37.986271000Z,S1G Beacon,61,34,-58,920,3,1,,,,,,,0,1
3200,2026-07-07T13:16:38.259747000Z,S1G Beacon,61,34,-59,920,3,1,,,,,,,0,0
3203,2026-07-07T13:16:38.428774000Z,RTS,54,34,0,920,1,11,,,,0,0,0,2452,0
3210,2026-07-07T13:16:38.807300000Z,S1G Beacon,129,34,-57,920,3,1,,,,,,,0,1
3211,2026-07-07T13:16:39.080778000Z,S1G Beacon,129,34,-57,920,3,1,,,,,,,0,0
3215,2026-07-07T13:16:39.624721000Z,S1G Beacon,61,34,-57,920,3,1,,,,,,,0,1
3218,2026-07-07T13:16:39.898201000Z,S1G Beacon,61,34,-58,920,3,1,,,,,,,0,0
3221,2026-07-07T13:16:40.445744000Z,S1G Beacon,129,34,-58,920,3,1,,,,,,,0,1
3224,2026-07-07T13:16:40.719233000Z,S1G Beacon,129,34,-59,920,3,1,,,,,,,0,0
3225,2026-07-07T13:16:41.263217000Z,S1G Beacon,61,34,-59,920,3,1,,,,,,,0,1
3230,2026-07-07T13:16:41.536646000Z,S1G Beacon,61,34,-57,920,3,1,,,,,,,0,0
3231,2026-07-07T13:16:42.084210000Z,S1G Beacon,129,34,-58,920,3,1,,,,,,,0,1
3233,2026-07-07T13:16:42.357676000Z,S1G Beacon,129,34,-57,920,3,1,,,,,,,0,0
3236,2026-07-07T13:16:42.901616000Z,S1G Beacon,61,34,-59,920,3,1,,,,,,,0,1
3237,2026-07-07T13:16:43.175097000Z,S1G Beacon,61,34,-57,920,3,1,,,,,,,0,0
3241,2026-07-07T13:16:43.722652000Z,S1G Beacon,129,34,-58,920,3,1,,,,,,,0,1
3243,2026-07-07T13:16:44.541205000Z,S1G Beacon,61,34,-58,920,3,1,,,,,,,0,1
3249,2026-07-07T13:16:44.813544000Z,S1G Beacon,61,34,-58,920,3,1,,,,,,,0,0
3256,2026-07-07T13:16:45.361089000Z,S1G Beacon,129,34,-61,920,3,1,,,,,,,0,1
3262,2026-07-07T13:16:45.634580000Z,S1G Beacon,129,34,-60,920,3,1,,,,,,,0,0
3264,2026-07-07T13:16:46.182257000Z,S1G Beacon,61,34,-58,920,3,1,,,,,,,0,1
3265,2026-07-07T13:16:46.452002000Z,S1G Beacon,61,34,-58,920,3,1,,,,,,,0,0
3269,2026-07-07T13:16:46.999529000Z,S1G Beacon,129,34,-60,920,3,1,,,,,,,0,1
3270,2026-07-07T13:16:47.273031000Z,S1G Beacon,129,34,-58,920,3,1,,,,,,,0,0
3273,2026-07-07T13:16:47.816958000Z,S1G Beacon,61,34,-59,920,3,1,,,,,,,0,1
3274,2026-07-07T13:16:48.090457000Z,S1G Beacon,61,34,-58,920,3,1,,,,,,,0,0
3278,2026-07-07T13:16:48.637981000Z,S1G Beacon,129,34,-57,920,3,1,,,,,,,0,1
3279,2026-07-07T13:16:48.911499000Z,S1G Beacon,129,34,-58,920,3,1,,,,,,,0,0
3280,2026-07-07T13:16:49.455404000Z,S1G Beacon,61,34,-57,920,3,1,,,,,,,0,1
3283,2026-07-07T13:16:49.728899000Z,S1G Beacon,61,34,-58,920,3,1,,,,,,,0,0
3284,2026-07-07T13:16:50.276434000Z,S1G Beacon,129,34,-58,920,3,1,,,,,,,0,1
3287,2026-07-07T13:16:50.549926000Z,S1G Beacon,129,34,-59,920,3,1,,,,,,,0,0
3288,2026-07-07T13:16:51.093856000Z,S1G Beacon,61,34,-59,920,3,1,,,,,,,0,1
3289,2026-07-07T13:16:51.367358000Z,S1G Beacon,61,34,-58,920,3,1,,,,,,,0,0
3293,2026-07-07T13:16:51.914879000Z,S1G Beacon,129,34,-57,920,3,1,,,,,,,0,1
3294,2026-07-07T13:16:52.188380000Z,S1G Beacon,129,34,-59,920,3,1,,,,,,,0,0
3297,2026-07-07T13:16:52.732402000Z,S1G Beacon,61,34,-57,920,3,1,,,,,,,0,1
3298,2026-07-07T13:16:53.005799000Z,S1G Beacon,61,34,-56,920,3,1,,,,,,,0,0
3301,2026-07-07T13:16:53.553336000Z,S1G Beacon,129,34,-58,920,3,1,,,,,,,0,1
3302,2026-07-07T13:16:53.826839000Z,S1G Beacon,129,34,-58,920,3,1,,,,,,,0,0
3303,2026-07-07T13:16:54.370746000Z,S1G Beacon,61,34,-58,920,3,1,,,,,,,0,1
3305,2026-07-07T13:16:54.644245000Z,S1G Beacon,61,34,-57,920,3,1,,,,,,,0,0
3308,2026-07-07T13:16:55.191780000Z,S1G Beacon,129,34,-57,920,3,1,,,,,,,0,1
3311,2026-07-07T13:16:55.465281000Z,S1G Beacon,129,34,-59,920,3,1,,,,,,,0,0
3312,2026-07-07T13:16:56.009194000Z,S1G Beacon,61,34,-59,920,3,1,,,,,,,0,1
3313,2026-07-07T13:16:56.282710000Z,S1G Beacon,61,34,-57,920,3,1,,,,,,,0,0
3316,2026-07-07T13:16:56.830218000Z,S1G Beacon,129,34,-59,920,3,1,,,,,,,0,1
3317,2026-07-07T13:16:57.103729000Z,S1G Beacon,129,34,-59,920,3,1,,,,,,,0,0
3322,2026-07-07T13:16:57.647641000Z,S1G Beacon,61,34,-57,920,3,1,,,,,,,0,1
3323,2026-07-07T13:16:57.921153000Z,S1G Beacon,61,34,-59,920,3,1,,,,,,,0,0
3326,2026-07-07T13:16:58.468665000Z,S1G Beacon,129,34,-57,920,3,1,,,,,,,0,1
3327,2026-07-07T13:16:58.742183000Z,S1G Beacon,129,34,-58,920,3,1,,,,,,,0,0
3328,2026-07-07T13:16:59.286086000Z,S1G Beacon,61,34,-59,920,3,1,,,,,,,0,1
3329,2026-07-07T13:16:59.559609000Z,S1G Beacon,61,34,-58,920,3,1,,,,,,,0,0
3332,2026-07-07T13:17:00.107117000Z,S1G Beacon,129,34,-58,920,3,1,,,,,,,0,1
3333,2026-07-07T13:17:00.380631000Z,S1G Beacon,129,34,-57,920,3,1,,,,,,,0,0
3337,2026-07-07T13:17:00.924536000Z,S1G Beacon,61,34,-58,920,3,1,,,,,,,0,1
3338,2026-07-07T13:17:01.198044000Z,S1G Beacon,61,34,-58,920,3,1,,,,,,,0,0
3341,2026-07-07T13:17:01.745559000Z,S1G Beacon,129,34,-59,920,3,1,,,,,,,0,1
3344,2026-07-07T13:17:02.562986000Z,S1G Beacon,61,34,-57,920,3,1,,,,,,,0,1
3345,2026-07-07T13:17:02.836498000Z,S1G Beacon,61,34,-57,920,3,1,,,,,,,0,0
3346,2026-07-07T13:17:03.384014000Z,S1G Beacon,129,34,-58,920,3,1,,,,,,,0,1
3350,2026-07-07T13:17:03.657526000Z,S1G Beacon,129,34,-58,920,3,1,,,,,,,0,0
3351,2026-07-07T13:17:04.201427000Z,S1G Beacon,61,34,-57,920,3,1,,,,,,,0,1
3352,2026-07-07T13:17:04.474952000Z,S1G Beacon,61,34,-59,920,3,1,,,,,,,0,0
3355,2026-07-07T13:17:05.022447000Z,S1G Beacon,129,34,-57,920,3,1,,,,,,,0,1
3356,2026-07-07T13:17:05.295973000Z,S1G Beacon,129,34,-58,920,3,1,,,,,,,0,0
3361,2026-07-07T13:17:05.842571000Z,S1G Beacon,61,34,-57,920,3,1,,,,,,,0,1
3365,2026-07-07T13:17:06.113402000Z,S1G Beacon,61,34,-58,920,3,1,,,,,,,0,0
3372,2026-07-07T13:17:06.660893000Z,S1G Beacon,129,34,-58,920,3,1,,,,,,,0,1
3374,2026-07-07T13:17:06.934432000Z,S1G Beacon,129,34,-59,920,3,1,,,,,,,0,0
3377,2026-07-07T13:17:07.478784000Z,S1G Beacon,61,34,-59,920,3,1,,,,,,,0,1
3378,2026-07-07T13:17:07.748380000Z,Deauthentication,64,34,-65,920,0,12,0,0,0,0,0,0,0,0
3379,2026-07-07T13:17:07.751845000Z,S1G Beacon,61,34,-59,920,3,1,,,,,,,0,0
3380,2026-07-07T13:17:08.299340000Z,S1G Beacon,129,34,-58,920,3,1,,,,,,,0,1
3384,2026-07-07T13:17:08.572876000Z,S1G Beacon,129,34,-58,920,3,1,,,,,,,0,0
3385,2026-07-07T13:17:09.116766000Z,S1G Beacon,61,34,-57,920,3,1,,,,,,,0,1
3386,2026-07-07T13:17:09.390294000Z,S1G Beacon,61,34,-59,920,3,1,,,,,,,0,0
3390,2026-07-07T13:17:09.937799000Z,S1G Beacon,129,34,-59,920,3,1,,,,,,,0,1
3391,2026-07-07T13:17:10.211320000Z,S1G Beacon,129,34,-58,920,3,1,,,,,,,0,0
3394,2026-07-07T13:17:10.755221000Z,S1G Beacon,61,34,-58,920,3,1,,,,,,,0,1
3395,2026-07-07T13:17:11.028780000Z,S1G Beacon,61,34,-59,920,3,1,,,,,,,0,0
3398,2026-07-07T13:17:11.576247000Z,S1G Beacon,129,34,-55,920,3,1,,,,,,,0,1
3399,2026-07-07T13:17:11.849785000Z,S1G Beacon,129,34,-59,920,3,1,,,,,,,0,0
3400,2026-07-07T13:17:12.393669000Z,S1G Beacon,61,34,-58,920,3,1,,,,,,,0,1
3404,2026-07-07T13:17:12.667194000Z,S1G Beacon,61,34,-57,920,3,1,,,,,,,0,0
3405,2026-07-07T13:17:13.214691000Z,S1G Beacon,129,34,-59,920,3,1,,,,,,,0,1
3408,2026-07-07T13:17:13.488224000Z,S1G Beacon,129,34,-63,920,3,1,,,,,,,0,0
3409,2026-07-07T13:17:14.032120000Z,S1G Beacon,61,34,-57,920,3,1,,,,,,,0,1
3410,2026-07-07T13:17:14.305648000Z,S1G Beacon,61,34,-58,920,3,1,,,,,,,0,0
3413,2026-07-07T13:17:14.853134000Z,S1G Beacon,129,34,-57,920,3,1,,,,,,,0,1
3414,2026-07-07T13:17:15.126675000Z,S1G Beacon,129,34,-57,920,3,1,,,,,,,0,0
3418,2026-07-07T13:17:15.670548000Z,S1G Beacon,61,34,-58,920,3,1,,,,,,,0,1
3419,2026-07-07T13:17:15.944099000Z,S1G Beacon,61,34,-57,920,3,1,,,,,,,0,0
3422,2026-07-07T13:17:16.491576000Z,S1G Beacon,129,34,-57,920,3,1,,,,,,,0,1
3423,2026-07-07T13:17:16.765127000Z,S1G Beacon,129,34,-57,920,3,1,,,,,,,0,0
3424,2026-07-07T13:17:17.309049000Z,S1G Beacon,61,34,-58,920,3,1,,,,,,,0,1
3427,2026-07-07T13:17:17.582567000Z,S1G Beacon,61,34,-58,920,3,1,,,,,,,0,0
3428,2026-07-07T13:17:18.130026000Z,S1G Beacon,129,34,-58,920,3,1,,,,,,,0,1
3430,2026-07-07T13:17:18.403579000Z,S1G Beacon,129,34,-60,920,3,1,,,,,,,0,0
3434,2026-07-07T13:17:18.947450000Z,S1G Beacon,61,34,-60,920,3,1,,,,,,,0,1
3435,2026-07-07T13:17:19.220997000Z,S1G Beacon,61,34,-59,920,3,1,,,,,,,0,0
3438,2026-07-07T13:17:19.768730000Z,S1G Beacon,129,34,-59,920,3,1,,,,,,,0,1
3439,2026-07-07T13:17:20.042027000Z,S1G Beacon,129,34,-59,920,3,1,,,,,,,0,0
3442,2026-07-07T13:17:20.585888000Z,S1G Beacon,61,34,-62,920,3,1,,,,,,,0,1
3443,2026-07-07T13:17:20.859450000Z,S1G Beacon,61,34,-57,920,3,1,,,,,,,0,0
3444,2026-07-07T13:17:21.406926000Z,S1G Beacon,129,34,-60,920,3,1,,,,,,,0,1
3448,2026-07-07T13:17:21.680473000Z,S1G Beacon,129,34,-60,920,3,1,,,,,,,0,0
3449,2026-07-07T13:17:22.224349000Z,S1G Beacon,61,34,-57,920,3,1,,,,,,,0,1
3452,2026-07-07T13:17:22.497895000Z,S1G Beacon,61,34,-59,920,3,1,,,,,,,0,0
3454,2026-07-07T13:17:23.045370000Z,S1G Beacon,129,34,-57,920,3,1,,,,,,,0,1
3455,2026-07-07T13:17:23.318930000Z,S1G Beacon,129,34,-58,920,3,1,,,,,,,0,0
3458,2026-07-07T13:17:23.862789000Z,S1G Beacon,61,34,-58,920,3,1,,,,,,,0,1
3460,2026-07-07T13:17:24.136348000Z,S1G Beacon,61,34,-60,920,3,1,,,,,,,0,0
3463,2026-07-07T13:17:24.683816000Z,S1G Beacon,129,34,-57,920,3,1,,,,,,,0,1
3466,2026-07-07T13:17:24.957375000Z,S1G Beacon,129,34,-59,920,3,1,,,,,,,0,0
3469,2026-07-07T13:17:25.501232000Z,S1G Beacon,61,34,-57,920,3,1,,,,,,,0,1
3470,2026-07-07T13:17:25.774798000Z,S1G Beacon,61,34,-59,920,3,1,,,,,,,0,0
3471,2026-07-07T13:17:26.322264000Z,S1G Beacon,129,34,-58,920,3,1,,,,,,,0,1
3476,2026-07-07T13:17:26.595827000Z,S1G Beacon,129,34,-59,920,3,1,,,,,,,0,0
3482,2026-07-07T13:17:27.139675000Z,S1G Beacon,61,34,-57,920,3,1,,,,,,,0,1
3486,2026-07-07T13:17:27.413246000Z,S1G Beacon,61,34,-59,920,3,1,,,,,,,0,0
3493,2026-07-07T13:17:27.960705000Z,S1G Beacon,129,34,-59,920,3,1,,,,,,,0,1
3496,2026-07-07T13:17:28.778127000Z,S1G Beacon,61,34,-59,920,3,1,,,,,,,0,1
3497,2026-07-07T13:17:29.051695000Z,S1G Beacon,61,34,-59,920,3,1,,,,,,,0,0
3498,2026-07-07T13:17:29.599171000Z,S1G Beacon,129,34,-59,920,3,1,,,,,,,0,1
3501,2026-07-07T13:17:29.872723000Z,S1G Beacon,129,34,-60,920,3,1,,,,,,,0,0
3502,2026-07-07T13:17:30.416577000Z,S1G Beacon,61,34,-59,920,3,1,,,,,,,0,1
3505,2026-07-07T13:17:30.690151000Z,S1G Beacon,61,34,-59,920,3,1,,,,,,,0,0
3507,2026-07-07T13:17:31.237599000Z,S1G Beacon,129,34,-57,920,3,1,,,,,,,0,1
3511,2026-07-07T13:17:31.511174000Z,S1G Beacon,129,34,-58,920,3,1,,,,,,,0,0
3512,2026-07-07T13:17:32.055023000Z,S1G Beacon,61,34,-57,920,3,1,,,,,,,0,1
3515,2026-07-07T13:17:32.876047000Z,S1G Beacon,129,34,-57,920,3,1,,,,,,,0,1
3516,2026-07-07T13:17:33.149630000Z,S1G Beacon,129,34,-60,920,3,1,,,,,,,0,0
3519,2026-07-07T13:17:33.693469000Z,S1G Beacon,61,34,-58,920,3,1,,,,,,,0,1
3521,2026-07-07T13:17:33.967050000Z,S1G Beacon,61,34,-59,920,3,1,,,,,,,0,0
3522,2026-07-07T13:17:34.514499000Z,S1G Beacon,129,34,-57,920,3,1,,,,,,,0,1
3525,2026-07-07T13:17:34.788074000Z,S1G Beacon,129,34,-58,920,3,1,,,,,,,0,0
3526,2026-07-07T13:17:35.331916000Z,S1G Beacon,61,34,-57,920,3,1,,,,,,,0,1
3529,2026-07-07T13:17:35.605503000Z,S1G Beacon,61,34,-57,920,3,1,,,,,,,0,0
3530,2026-07-07T13:17:36.152946000Z,S1G Beacon,129,34,-58,920,3,1,,,,,,,0,1
3531,2026-07-07T13:17:36.426529000Z,S1G Beacon,129,34,-59,920,3,1,,,,,,,0,0
3535,2026-07-07T13:17:36.970359000Z,S1G Beacon,61,34,-57,920,3,1,,,,,,,0,1
3536,2026-07-07T13:17:37.243952000Z,S1G Beacon,61,34,-58,920,3,1,,,,,,,0,0
3539,2026-07-07T13:17:37.791387000Z,S1G Beacon,129,34,-57,920,3,1,,,,,,,0,1
3540,2026-07-07T13:17:38.064979000Z,S1G Beacon,129,34,-58,920,3,1,,,,,,,0,0
3544,2026-07-07T13:17:38.608813000Z,S1G Beacon,61,34,-57,920,3,1,,,,,,,0,1
3545,2026-07-07T13:17:38.882404000Z,S1G Beacon,61,34,-58,920,3,1,,,,,,,0,0
3547,2026-07-07T13:17:39.429837000Z,S1G Beacon,129,34,-57,920,3,1,,,,,,,0,1
3548,2026-07-07T13:17:39.703432000Z,S1G Beacon,129,34,-58,920,3,1,,,,,,,0,0
3552,2026-07-07T13:17:40.247254000Z,S1G Beacon,61,34,-56,920,3,1,,,,,,,0,1
3555,2026-07-07T13:17:40.520853000Z,S1G Beacon,61,34,-58,920,3,1,,,,,,,0,0
3556,2026-07-07T13:17:41.068311000Z,S1G Beacon,129,34,-57,920,3,1,,,,,,,0,1
3557,2026-07-07T13:17:41.341887000Z,S1G Beacon,129,34,-57,920,3,1,,,,,,,0,0
3560,2026-07-07T13:17:41.885721000Z,S1G Beacon,61,34,-57,920,3,1,,,,,,,0,1
3561,2026-07-07T13:17:42.159323000Z,S1G Beacon,61,34,-58,920,3,1,,,,,,,0,0
3564,2026-07-07T13:17:42.706740000Z,S1G Beacon,129,34,-57,920,3,1,,,,,,,0,1
3566,2026-07-07T13:17:42.980332000Z,S1G Beacon,129,34,-59,920,3,1,,,,,,,0,0
3570,2026-07-07T13:17:43.524166000Z,S1G Beacon,61,34,-58,920,3,1,,,,,,,0,1
3571,2026-07-07T13:17:43.797760000Z,S1G Beacon,61,34,-58,920,3,1,,,,,,,0,0
3572,2026-07-07T13:17:44.345183000Z,S1G Beacon,129,34,-57,920,3,1,,,,,,,0,1
3573,2026-07-07T13:17:44.618777000Z,S1G Beacon,129,34,-58,920,3,1,,,,,,,0,0
3576,2026-07-07T13:17:45.162603000Z,S1G Beacon,61,34,-57,920,3,1,,,,,,,0,1
3577,2026-07-07T13:17:45.436203000Z,S1G Beacon,61,34,-57,920,3,1,,,,,,,0,0
3581,2026-07-07T13:17:45.985608000Z,S1G Beacon,129,34,-60,920,3,1,,,,,,,0,1
3582,2026-07-07T13:17:46.257237000Z,S1G Beacon,129,34,-57,920,3,1,,,,,,,0,0
3586,2026-07-07T13:17:46.801047000Z,S1G Beacon,61,34,-58,920,3,1,,,,,,,0,1
3587,2026-07-07T13:17:47.074658000Z,S1G Beacon,61,34,-59,920,3,1,,,,,,,0,0
3592,2026-07-07T13:17:47.622069000Z,S1G Beacon,129,34,-58,920,3,1,,,,,,,0,1
3596,2026-07-07T13:17:47.895681000Z,S1G Beacon,129,34,-58,920,3,1,,,,,,,0,0
3602,2026-07-07T13:17:48.439494000Z,S1G Beacon,61,34,-61,920,3,1,,,,,,,0,1
3607,2026-07-07T13:17:48.713101000Z,S1G Beacon,61,34,-57,920,3,1,,,,,,,0,0
3609,2026-07-07T13:17:49.260518000Z,S1G Beacon,129,34,-60,920,3,1,,,,,,,0,1
3610,2026-07-07T13:17:49.534132000Z,S1G Beacon,129,34,-58,920,3,1,,,,,,,0,0
3613,2026-07-07T13:17:50.077944000Z,S1G Beacon,61,34,-60,920,3,1,,,,,,,0,1
3614,2026-07-07T13:17:50.351556000Z,S1G Beacon,61,34,-59,920,3,1,,,,,,,0,0
3617,2026-07-07T13:17:50.898964000Z,S1G Beacon,129,34,-60,920,3,1,,,,,,,0,1
3618,2026-07-07T13:17:51.172582000Z,S1G Beacon,129,34,-58,920,3,1,,,,,,,0,0
3622,2026-07-07T13:17:51.716387000Z,S1G Beacon,61,34,-57,920,3,1,,,,,,,0,1
3624,2026-07-07T13:17:51.990001000Z,S1G Beacon,61,34,-57,920,3,1,,,,,,,0,0
3626,2026-07-07T13:17:52.537413000Z,S1G Beacon,129,34,-59,920,3,1,,,,,,,0,1
3627,2026-07-07T13:17:52.811029000Z,S1G Beacon,129,34,-59,920,3,1,,,,,,,0,0
3628,2026-07-07T13:17:53.354973000Z,S1G Beacon,61,34,-57,920,3,1,,,,,,,0,1
3631,2026-07-07T13:17:53.628464000Z,S1G Beacon,61,34,-57,920,3,1,,,,,,,0,0
3632,2026-07-07T13:17:54.175875000Z,S1G Beacon,129,34,-57,920,3,1,,,,,,,0,1
3633,2026-07-07T13:17:54.449498000Z,S1G Beacon,129,34,-59,920,3,1,,,,,,,0,0
3635,2026-07-07T13:17:54.993282000Z,S1G Beacon,61,34,-58,920,3,1,,,,,,,0,1
3636,2026-07-07T13:17:55.266908000Z,S1G Beacon,61,34,-59,920,3,1,,,,,,,0,0
3639,2026-07-07T13:17:55.814319000Z,S1G Beacon,129,34,-59,920,3,1,,,,,,,0,1
3640,2026-07-07T13:17:56.087938000Z,S1G Beacon,129,34,-58,920,3,1,,,,,,,0,0
3643,2026-07-07T13:17:56.631735000Z,S1G Beacon,61,34,-59,920,3,1,,,,,,,0,1
3644,2026-07-07T13:17:56.905363000Z,S1G Beacon,61,34,-57,920,3,1,,,,,,,0,0
3646,2026-07-07T13:17:57.452761000Z,S1G Beacon,129,34,-59,920,3,1,,,,,,,0,1
3649,2026-07-07T13:17:57.726393000Z,S1G Beacon,129,34,-57,920,3,1,,,,,,,0,0
3651,2026-07-07T13:17:58.270182000Z,S1G Beacon,61,34,-58,920,3,1,,,,,,,0,1
3654,2026-07-07T13:17:58.543811000Z,S1G Beacon,61,34,-57,920,3,1,,,,,,,0,0
3655,2026-07-07T13:17:59.091209000Z,S1G Beacon,129,34,-58,920,3,1,,,,,,,0,1
3656,2026-07-07T13:17:59.364843000Z,S1G Beacon,129,34,-59,920,3,1,,,,,,,0,0
3659,2026-07-07T13:17:59.908633000Z,S1G Beacon,61,34,-60,920,3,1,,,,,,,0,1
3660,2026-07-07T13:18:00.182265000Z,S1G Beacon,61,34,-58,920,3,1,,,,,,,0,0
3663,2026-07-07T13:18:00.729658000Z,S1G Beacon,129,34,-58,920,3,1,,,,,,,0,1
3665,2026-07-07T13:18:01.003288000Z,S1G Beacon,129,34,-59,920,3,1,,,,,,,0,0
3669,2026-07-07T13:18:01.547074000Z,S1G Beacon,61,34,-61,920,3,1,,,,,,,0,1
3671,2026-07-07T13:18:01.820707000Z,S1G Beacon,61,34,-57,920,3,1,,,,,,,0,0
3672,2026-07-07T13:18:02.368098000Z,S1G Beacon,129,34,-61,920,3,1,,,,,,,0,1
3675,2026-07-07T13:18:02.641740000Z,S1G Beacon,129,34,-57,920,3,1,,,,,,,0,0
3676,2026-07-07T13:18:03.185541000Z,S1G Beacon,61,34,-59,920,3,1,,,,,,,0,1
3677,2026-07-07T13:18:03.459727000Z,S1G Beacon,61,34,-57,920,3,1,,,,,,,0,0
3681,2026-07-07T13:18:04.006547000Z,S1G Beacon,129,34,-60,920,3,1,,,,,,,0,1
3682,2026-07-07T13:18:04.280186000Z,S1G Beacon,129,34,-57,920,3,1,,,,,,,0,0
3685,2026-07-07T13:18:04.823969000Z,S1G Beacon,61,34,-59,920,3,1,,,,,,,0,1
3686,2026-07-07T13:18:05.097612000Z,S1G Beacon,61,34,-58,920,3,1,,,,,,,0,0
3689,2026-07-07T13:18:05.645003000Z,S1G Beacon,129,34,-59,920,3,1,,,,,,,0,1
3690,2026-07-07T13:18:05.918650000Z,S1G Beacon,129,34,-60,920,3,1,,,,,,,0,0
3692,2026-07-07T13:18:06.462413000Z,S1G Beacon,61,34,-59,920,3,1,,,,,,,0,1
3695,2026-07-07T13:18:06.736059000Z,S1G Beacon,61,34,-58,920,3,1,,,,,,,0,0
3697,2026-07-07T13:18:07.283444000Z,S1G Beacon,129,34,-60,920,3,1,,,,,,,0,1
3700,2026-07-07T13:18:07.557086000Z,S1G Beacon,129,34,-58,920,3,1,,,,,,,0,0
3701,2026-07-07T13:18:08.102788000Z,S1G Beacon,61,34,-57,920,3,1,,,,,,,0,1
3702,2026-07-07T13:18:08.374515000Z,S1G Beacon,61,34,-57,920,3,1,,,,,,,0,0
3710,2026-07-07T13:18:08.921885000Z,S1G Beacon,129,34,-57,920,3,1,,,,,,,0,1
3713,2026-07-07T13:18:09.195536000Z,S1G Beacon,129,34,-58,920,3,1,,,,,,,0,0
3722,2026-07-07T13:18:09.740965000Z,S1G Beacon,61,34,-56,920,3,1,,,,,,,0,1
3723,2026-07-07T13:18:10.012956000Z,S1G Beacon,61,34,-61,920,3,1,,,,,,,0,0
3727,2026-07-07T13:18:10.560329000Z,S1G Beacon,129,34,-56,920,3,1,,,,,,,0,1
3728,2026-07-07T13:18:10.834043000Z,S1G Beacon,129,34,-59,920,3,1,,,,,,,0,0
3729,2026-07-07T13:18:11.377775000Z,S1G Beacon,61,34,-56,920,3,1,,,,,,,0,1
3732,2026-07-07T13:18:11.651418000Z,S1G Beacon,61,34,-57,920,3,1,,,,,,,0,0
3736,2026-07-07T13:18:12.472434000Z,S1G Beacon,129,34,-59,920,3,1,,,,,,,0,0
3737,2026-07-07T13:18:13.016203000Z,S1G Beacon,61,34,-58,920,3,1,,,,,,,0,1
3739,2026-07-07T13:18:13.289865000Z,S1G Beacon,61,34,-59,920,3,1,,,,,,,0,0
3740,2026-07-07T13:18:13.837231000Z,S1G Beacon,129,34,-57,920,3,1,,,,,,,0,1
3741,2026-07-07T13:18:14.110883000Z,S1G Beacon,129,34,-58,920,3,1,,,,,,,0,0
3742,2026-07-07T13:18:14.654651000Z,S1G Beacon,61,34,-57,920,3,1,,,,,,,0,1
3745,2026-07-07T13:18:14.928304000Z,S1G Beacon,61,34,-59,920,3,1,,,,,,,0,0
3748,2026-07-07T13:18:15.475677000Z,S1G Beacon,129,34,-57,920,3,1,,,,,,,0,1
3749,2026-07-07T13:18:15.749337000Z,S1G Beacon,129,34,-57,920,3,1,,,,,,,0,0
3751,2026-07-07T13:18:16.293109000Z,S1G Beacon,61,34,-58,920,3,1,,,,,,,0,1
3755,2026-07-07T13:18:16.566757000Z,S1G Beacon,61,34,-57,920,3,1,,,,,,,0,0
3756,2026-07-07T13:18:17.114117000Z,S1G Beacon,129,34,-56,920,3,1,,,,,,,0,1
3757,2026-07-07T13:18:17.387796000Z,S1G Beacon,129,34,-58,920,3,1,,,,,,,0,0
3761,2026-07-07T13:18:17.934405000Z,S1G Beacon,61,34,-58,920,3,1,,,,,,,0,1
3762,2026-07-07T13:18:18.205211000Z,S1G Beacon,61,34,-57,920,3,1,,,,,,,0,0
3766,2026-07-07T13:18:18.752563000Z,S1G Beacon,129,34,-57,920,3,1,,,,,,,0,1
3767,2026-07-07T13:18:19.026238000Z,S1G Beacon,129,34,-58,920,3,1,,,,,,,0,0
3770,2026-07-07T13:18:19.569986000Z,S1G Beacon,61,34,-58,920,3,1,,,,,,,0,1
3773,2026-07-07T13:18:19.843661000Z,S1G Beacon,61,34,-58,920,3,1,,,,,,,0,0
3774,2026-07-07T13:18:20.391012000Z,S1G Beacon,129,34,-58,920,3,1,,,,,,,0,1
3777,2026-07-07T13:18:20.664684000Z,S1G Beacon,129,34,-58,920,3,1,,,,,,,0,0
3780,2026-07-07T13:18:21.482123000Z,S1G Beacon,61,34,-59,920,3,1,,,,,,,0,0
3781,2026-07-07T13:18:22.029463000Z,S1G Beacon,129,34,-57,920,3,1,,,,,,,0,1
3783,2026-07-07T13:18:22.303137000Z,S1G Beacon,129,34,-58,920,3,1,,,,,,,0,0
3786,2026-07-07T13:18:22.846882000Z,S1G Beacon,61,34,-57,920,3,1,,,,,,,0,1
3788,2026-07-07T13:18:23.120560000Z,S1G Beacon,61,34,-58,920,3,1,,,,,,,0,0
3791,2026-07-07T13:18:23.667927000Z,S1G Beacon,129,34,-57,920,3,1,,,,,,,0,1
3792,2026-07-07T13:18:23.941587000Z,S1G Beacon,129,34,-57,920,3,1,,,,,,,0,0
3793,2026-07-07T13:18:24.485335000Z,S1G Beacon,61,34,-57,920,3,1,,,,,,,0,1
3796,2026-07-07T13:18:24.759009000Z,S1G Beacon,61,34,-58,920,3,1,,,,,,,0,0
3798,2026-07-07T13:18:25.306358000Z,S1G Beacon,129,34,-60,920,3,1,,,,,,,0,1
3801,2026-07-07T13:18:25.580034000Z,S1G Beacon,129,34,-58,920,3,1,,,,,,,0,0
3802,2026-07-07T13:18:26.123781000Z,S1G Beacon,61,34,-59,920,3,1,,,,,,,0,1
3803,2026-07-07T13:18:26.397458000Z,S1G Beacon,61,34,-58,920,3,1,,,,,,,0,0
3806,2026-07-07T13:18:26.944804000Z,S1G Beacon,129,34,-59,920,3,1,,,,,,,0,1
3807,2026-07-07T13:18:27.218487000Z,S1G Beacon,129,34,-58,920,3,1,,,,,,,0,0
3810,2026-07-07T13:18:27.762227000Z,S1G Beacon,61,34,-60,920,3,1,,,,,,,0,1
3812,2026-07-07T13:18:28.035915000Z,S1G Beacon,61,34,-59,920,3,1,,,,,,,0,0
3816,2026-07-07T13:18:28.586062000Z,S1G Beacon,129,34,-60,920,3,1,,,,,,,0,1
3817,2026-07-07T13:18:28.856941000Z,S1G Beacon,129,34,-59,920,3,1,,,,,,,0,0
3818,2026-07-07T13:18:29.404569000Z,S1G Beacon,61,34,-58,920,3,1,,,,,,,0,1
3821,2026-07-07T13:18:29.674359000Z,S1G Beacon,61,34,-59,920,3,1,,,,,,,0,0
3836,2026-07-07T13:18:30.495391000Z,S1G Beacon,129,34,-58,920,3,1,,,,,,,0,0
3840,2026-07-07T13:18:31.039122000Z,S1G Beacon,61,34,-58,920,3,1,,,,,,,0,1
3843,2026-07-07T13:18:31.312814000Z,S1G Beacon,61,34,-59,920,3,1,,,,,,,0,0
3846,2026-07-07T13:18:31.860140000Z,S1G Beacon,129,34,-57,920,3,1,,,,,,,0,1
3847,2026-07-07T13:18:32.133845000Z,S1G Beacon,129,34,-60,920,3,1,,,,,,,0,0
3850,2026-07-07T13:18:32.677563000Z,S1G Beacon,61,34,-58,920,3,1,,,,,,,0,1
3851,2026-07-07T13:18:32.951261000Z,S1G Beacon,61,34,-58,920,3,1,,,,,,,0,0
3853,2026-07-07T13:18:33.498589000Z,S1G Beacon,129,34,-58,920,3,1,,,,,,,0,1
3854,2026-07-07T13:18:33.772284000Z,S1G Beacon,129,34,-57,920,3,1,,,,,,,0,0
3857,2026-07-07T13:18:34.316016000Z,S1G Beacon,61,34,-58,920,3,1,,,,,,,0,1
3858,2026-07-07T13:18:34.589707000Z,S1G Beacon,61,34,-59,920,3,1,,,,,,,0,0
3861,2026-07-07T13:18:35.137042000Z,S1G Beacon,129,34,-58,920,3,1,,,,,,,0,1
3862,2026-07-07T13:18:35.410737000Z,S1G Beacon,129,34,-58,920,3,1,,,,,,,0,0
3865,2026-07-07T13:18:35.954458000Z,S1G Beacon,61,34,-59,920,3,1,,,,,,,0,1
3866,2026-07-07T13:18:36.228166000Z,S1G Beacon,61,34,-59,920,3,1,,,,,,,0,0
3869,2026-07-07T13:18:36.775489000Z,S1G Beacon,129,34,-63,920,3,1,,,,,,,0,1
3871,2026-07-07T13:18:37.049184000Z,S1G Beacon,129,34,-59,920,3,1,,,,,,,0,0
3876,2026-07-07T13:18:37.592905000Z,S1G Beacon,61,34,-57,920,3,1,,,,,,,0,1
3877,2026-07-07T13:18:37.866610000Z,S1G Beacon,61,34,-58,920,3,1,,,,,,,0,0
3878,2026-07-07T13:18:38.413930000Z,S1G Beacon,129,34,-58,920,3,1,,,,,,,0,1
3881,2026-07-07T13:18:38.687643000Z,S1G Beacon,129,34,-58,920,3,1,,,,,,,0,0
3882,2026-07-07T13:18:39.231354000Z,S1G Beacon,61,34,-57,920,3,1,,,,,,,0,1
3883,2026-07-07T13:18:39.505060000Z,S1G Beacon,61,34,-57,920,3,1,,,,,,,0,0
3886,2026-07-07T13:18:40.052382000Z,S1G Beacon,129,34,-57,920,3,1,,,,,,,0,1
3888,2026-07-07T13:18:40.326084000Z,S1G Beacon,129,34,-57,920,3,1,,,,,,,0,0
3891,2026-07-07T13:18:40.869822000Z,S1G Beacon,61,34,-57,920,3,1,,,,,,,0,1
3892,2026-07-07T13:18:41.143512000Z,S1G Beacon,61,34,-60,920,3,1,,,,,,,0,0
3895,2026-07-07T13:18:41.690830000Z,S1G Beacon,129,34,-59,920,3,1,,,,,,,0,1
3896,2026-07-07T13:18:41.964530000Z,S1G Beacon,129,34,-59,920,3,1,,,,,,,0,0
3900,2026-07-07T13:18:42.508247000Z,S1G Beacon,61,34,-57,920,3,1,,,,,,,0,1
3901,2026-07-07T13:18:42.781966000Z,S1G Beacon,61,34,-58,920,3,1,,,,,,,0,0
3903,2026-07-07T13:18:43.329289000Z,S1G Beacon,129,34,-58,920,3,1,,,,,,,0,1
3904,2026-07-07T13:18:43.602989000Z,S1G Beacon,129,34,-57,920,3,1,,,,,,,0,0
3905,2026-07-07T13:18:44.146704000Z,S1G Beacon,61,34,-58,920,3,1,,,,,,,0,1
3906,2026-07-07T13:18:44.420425000Z,S1G Beacon,61,34,-59,920,3,1,,,,,,,0,0
3909,2026-07-07T13:18:44.967723000Z,S1G Beacon,129,34,-58,920,3,1,,,,,,,0,1
3910,2026-07-07T13:18:45.241447000Z,S1G Beacon,129,34,-59,920,3,1,,,,,,,0,0
3913,2026-07-07T13:18:45.785138000Z,S1G Beacon,61,34,-57,920,3,1,,,,,,,0,1
3914,2026-07-07T13:18:46.058862000Z,S1G Beacon,61,34,-57,920,3,1,,,,,,,0,0
3918,2026-07-07T13:18:46.606168000Z,S1G Beacon,129,34,-57,920,3,1,,,,,,,0,1
3919,2026-07-07T13:18:46.879889000Z,S1G Beacon,129,34,-57,920,3,1,,,,,,,0,0
3920,2026-07-07T13:18:47.423589000Z,S1G Beacon,61,34,-58,920,3,1,,,,,,,0,1
3923,2026-07-07T13:18:47.697312000Z,S1G Beacon,61,34,-58,920,3,1,,,,,,,0,0
3924,2026-07-07T13:18:48.244617000Z,S1G Beacon,129,34,-57,920,3,1,,,,,,,0,1
3927,2026-07-07T13:18:48.518363000Z,S1G Beacon,129,34,-57,920,3,1,,,,,,,0,0
3928,2026-07-07T13:18:49.064646000Z,S1G Beacon,61,34,-58,920,3,1,,,,,,,0,1
3930,2026-07-07T13:18:49.335763000Z,S1G Beacon,61,34,-57,920,3,1,,,,,,,0,0
3935,2026-07-07T13:18:49.883057000Z,S1G Beacon,129,34,-59,920,3,1,,,,,,,0,1
3936,2026-07-07T13:18:50.156793000Z,S1G Beacon,129,34,-59,920,3,1,,,,,,,0,0
3941,2026-07-07T13:18:50.700493000Z,S1G Beacon,61,34,-58,920,3,1,,,,,,,0,1
3944,2026-07-07T13:18:50.974222000Z,S1G Beacon,61,34,-60,920,3,1,,,,,,,0,0
3954,2026-07-07T13:18:51.521508000Z,S1G Beacon,129,34,-57,920,3,1,,,,,,,0,1
3957,2026-07-07T13:18:51.795240000Z,S1G Beacon,129,34,-58,920,3,1,,,,,,,0,0
3958,2026-07-07T13:18:52.338931000Z,S1G Beacon,61,34,-57,920,3,1,,,,,,,0,1
3962,2026-07-07T13:18:52.612660000Z,S1G Beacon,61,34,-58,920,3,1,,,,,,,0,0
3963,2026-07-07T13:18:53.159961000Z,S1G Beacon,129,34,-58,920,3,1,,,,,,,0,1
3964,2026-07-07T13:18:53.433688000Z,S1G Beacon,129,34,-59,920,3,1,,,,,,,0,0
3967,2026-07-07T13:18:53.977391000Z,S1G Beacon,61,34,-58,920,3,1,,,,,,,0,1
3969,2026-07-07T13:18:54.251114000Z,S1G Beacon,61,34,-60,920,3,1,,,,,,,0,0
3972,2026-07-07T13:18:54.798417000Z,S1G Beacon,129,34,-58,920,3,1,,,,,,,0,1
3973,2026-07-07T13:18:55.072143000Z,S1G Beacon,129,34,-59,920,3,1,,,,,,,0,0
3977,2026-07-07T13:18:55.615827000Z,S1G Beacon,61,34,-58,920,3,1,,,,,,,0,1
3978,2026-07-07T13:18:55.889564000Z,S1G Beacon,61,34,-58,920,3,1,,,,,,,0,0
3980,2026-07-07T13:18:56.436847000Z,S1G Beacon,129,34,-58,920,3,1,,,,,,,0,1
3983,2026-07-07T13:18:56.710591000Z,S1G Beacon,129,34,-59,920,3,1,,,,,,,0,0
3984,2026-07-07T13:18:57.254273000Z,S1G Beacon,61,34,-58,920,3,1,,,,,,,0,1
3987,2026-07-07T13:18:57.528013000Z,S1G Beacon,61,34,-58,920,3,1,,,,,,,0,0
3988,2026-07-07T13:18:58.075298000Z,S1G Beacon,129,34,-58,920,3,1,,,,,,,0,1
3989,2026-07-07T13:18:58.349037000Z,S1G Beacon,129,34,-59,920,3,1,,,,,,,0,0
3993,2026-07-07T13:18:58.892717000Z,S1G Beacon,61,34,-59,920,3,1,,,,,,,0,1
3994,2026-07-07T13:18:59.166466000Z,S1G Beacon,61,34,-60,920,3,1,,,,,,,0,0
3998,2026-07-07T13:18:59.716454000Z,S1G Beacon,129,34,-57,920,3,1,,,,,,,0,1
3999,2026-07-07T13:18:59.987498000Z,S1G Beacon,129,34,-58,920,3,1,,,,,,,0,0
4002,2026-07-07T13:19:00.531164000Z,S1G Beacon,61,34,-58,920,3,1,,,,,,,0,1
4003,2026-07-07T13:19:00.804916000Z,S1G Beacon,61,34,-57,920,3,1,,,,,,,0,0
4004,2026-07-07T13:19:01.352194000Z,S1G Beacon,129,34,-59,920,3,1,,,,,,,0,1
4008,2026-07-07T13:19:01.625948000Z,S1G Beacon,129,34,-58,920,3,1,,,,,,,0,0
4010,2026-07-07T13:19:02.169628000Z,S1G Beacon,61,34,-59,920,3,1,,,,,,,0,1
4011,2026-07-07T13:19:02.443366000Z,S1G Beacon,61,34,-59,920,3,1,,,,,,,0,0
4014,2026-07-07T13:19:02.990647000Z,S1G Beacon,129,34,-57,920,3,1,,,,,,,0,1
4015,2026-07-07T13:19:03.264402000Z,S1G Beacon,129,34,-59,920,3,1,,,,,,,0,0
4018,2026-07-07T13:19:03.808061000Z,S1G Beacon,61,34,-57,920,3,1,,,,,,,0,1
4019,2026-07-07T13:19:04.081813000Z,S1G Beacon,61,34,-57,920,3,1,,,,,,,0,0
4021,2026-07-07T13:19:04.629082000Z,S1G Beacon,129,34,-57,920,3,1,,,,,,,0,1
4025,2026-07-07T13:19:04.902840000Z,S1G Beacon,129,34,-59,920,3,1,,,,,,,0,0
4026,2026-07-07T13:19:05.446515000Z,S1G Beacon,61,34,-58,920,3,1,,,,,,,0,1
4029,2026-07-07T13:19:05.720270000Z,S1G Beacon,61,34,-58,920,3,1,,,,,,,0,0
4031,2026-07-07T13:19:06.267551000Z,S1G Beacon,129,34,-57,920,3,1,,,,,,,0,1
4034,2026-07-07T13:19:06.541289000Z,S1G Beacon,129,34,-57,920,3,1,,,,,,,0,0
4035,2026-07-07T13:19:07.084954000Z,S1G Beacon,61,34,-58,920,3,1,,,,,,,0,1
4036,2026-07-07T13:19:07.358717000Z,S1G Beacon,61,34,-57,920,3,1,,,,,,,0,0
4040,2026-07-07T13:19:07.906569000Z,S1G Beacon,129,34,-57,920,3,1,,,,,,,0,1
4041,2026-07-07T13:19:08.179744000Z,S1G Beacon,129,34,-59,920,3,1,,,,,,,0,0
4044,2026-07-07T13:19:08.723400000Z,S1G Beacon,61,34,-57,920,3,1,,,,,,,0,1
4045,2026-07-07T13:19:08.997185000Z,S1G Beacon,61,34,-57,920,3,1,,,,,,,0,0
4046,2026-07-07T13:19:09.546877000Z,S1G Beacon,129,34,-56,920,3,1,,,,,,,0,1
4049,2026-07-07T13:19:09.818196000Z,S1G Beacon,129,34,-59,920,3,1,,,,,,,0,0
4050,2026-07-07T13:19:10.361855000Z,S1G Beacon,61,34,-58,920,3,1,,,,,,,0,1
4054,2026-07-07T13:19:10.635615000Z,S1G Beacon,61,34,-57,920,3,1,,,,,,,0,0
4055,2026-07-07T13:19:11.182948000Z,S1G Beacon,129,34,-56,920,3,1,,,,,,,0,1
4056,2026-07-07T13:19:11.456657000Z,S1G Beacon,129,34,-59,920,3,1,,,,,,,0,0
4065,2026-07-07T13:19:12.000288000Z,S1G Beacon,61,34,-60,920,3,1,,,,,,,0,1
4068,2026-07-07T13:19:12.274065000Z,S1G Beacon,61,34,-58,920,3,1,,,,,,,0,0
4076,2026-07-07T13:19:12.821323000Z,S1G Beacon,129,34,-56,920,3,1,,,,,,,0,1
4078,2026-07-07T13:19:13.095097000Z,S1G Beacon,129,34,-58,920,3,1,,,,,,,0,0
4082,2026-07-07T13:19:13.638742000Z,S1G Beacon,61,34,-57,920,3,1,,,,,,,0,1
4083,2026-07-07T13:19:13.912518000Z,S1G Beacon,61,34,-58,920,3,1,,,,,,,0,0
4084,2026-07-07T13:19:14.459771000Z,S1G Beacon,129,34,-57,920,3,1,,,,,,,0,1
4087,2026-07-07T13:19:14.733544000Z,S1G Beacon,129,34,-58,920,3,1,,,,,,,0,0
4088,2026-07-07T13:19:15.277195000Z,S1G Beacon,61,34,-57,920,3,1,,,,,,,0,1
4091,2026-07-07T13:19:15.550970000Z,S1G Beacon,61,34,-59,920,3,1,,,,,,,0,0
4092,2026-07-07T13:19:16.098223000Z,S1G Beacon,129,34,-56,920,3,1,,,,,,,0,1
4093,2026-07-07T13:19:16.371998000Z,S1G Beacon,129,34,-58,920,3,1,,,,,,,0,0
4097,2026-07-07T13:19:16.915635000Z,S1G Beacon,61,34,-57,920,3,1,,,,,,,0,1
4098,2026-07-07T13:19:17.189417000Z,S1G Beacon,61,34,-59,920,3,1,,,,,,,0,0
4101,2026-07-07T13:19:17.736671000Z,S1G Beacon,129,34,-58,920,3,1,,,,,,,0,1
4102,2026-07-07T13:19:18.010460000Z,S1G Beacon,129,34,-58,920,3,1,,,,,,,0,0
4106,2026-07-07T13:19:18.554085000Z,S1G Beacon,61,34,-58,920,3,1,,,,,,,0,1
4108,2026-07-07T13:19:18.827871000Z,S1G Beacon,61,34,-58,920,3,1,,,,,,,0,0
4109,2026-07-07T13:19:19.375524000Z,S1G Beacon,129,34,-57,920,3,1,,,,,,,0,1
4111,2026-07-07T13:19:19.648900000Z,S1G Beacon,129,34,-59,920,3,1,,,,,,,0,0
4114,2026-07-07T13:19:20.192527000Z,S1G Beacon,61,34,-57,920,3,1,,,,,,,0,1
4117,2026-07-07T13:19:20.466317000Z,S1G Beacon,61,34,-58,920,3,1,,,,,,,0,0
4118,2026-07-07T13:19:21.013573000Z,S1G Beacon,129,34,-57,920,3,1,,,,,,,0,1
4119,2026-07-07T13:19:21.287348000Z,S1G Beacon,129,34,-59,920,3,1,,,,,,,0,0
4122,2026-07-07T13:19:21.830978000Z,S1G Beacon,61,34,-57,920,3,1,,,,,,,0,1
4123,2026-07-07T13:19:22.104769000Z,S1G Beacon,61,34,-58,920,3,1,,,,,,,0,0
4128,2026-07-07T13:19:22.652000000Z,S1G Beacon,129,34,-57,920,3,1,,,,,,,0,1
4129,2026-07-07T13:19:22.925799000Z,S1G Beacon,129,34,-58,920,3,1,,,,,,,0,0
4133,2026-07-07T13:19:23.469422000Z,S1G Beacon,61,34,-57,920,3,1,,,,,,,0,1
4134,2026-07-07T13:19:23.743219000Z,S1G Beacon,61,34,-57,920,3,1,,,,,,,0,0
4136,2026-07-07T13:19:24.290715000Z,S1G Beacon,129,34,-59,920,3,1,,,,,,,0,1
4137,2026-07-07T13:19:24.564244000Z,S1G Beacon,129,34,-57,920,3,1,,,,,,,0,0
4140,2026-07-07T13:19:25.107874000Z,S1G Beacon,61,34,-57,920,3,1,,,,,,,0,1
4141,2026-07-07T13:19:25.381664000Z,S1G Beacon,61,34,-59,920,3,1,,,,,,,0,0
4145,2026-07-07T13:19:25.928900000Z,S1G Beacon,129,34,-57,920,3,1,,,,,,,0,1
4146,2026-07-07T13:19:26.202697000Z,S1G Beacon,129,34,-59,920,3,1,,,,,,,0,0
4149,2026-07-07T13:19:26.746736000Z,S1G Beacon,61,34,-56,920,3,1,,,,,,,0,1
4150,2026-07-07T13:19:27.020127000Z,S1G Beacon,61,34,-58,920,3,1,,,,,,,0,0
4153,2026-07-07T13:19:27.567362000Z,S1G Beacon,129,34,-63,920,3,1,,,,,,,0,1
4154,2026-07-07T13:19:27.841141000Z,S1G Beacon,129,34,-60,920,3,1,,,,,,,0,0
4158,2026-07-07T13:19:28.658576000Z,S1G Beacon,61,34,-58,920,3,1,,,,,,,0,0
4160,2026-07-07T13:19:29.205795000Z,S1G Beacon,129,34,-60,920,3,1,,,,,,,0,1
4161,2026-07-07T13:19:29.479598000Z,S1G Beacon,129,34,-60,920,3,1,,,,,,,0,0
4164,2026-07-07T13:19:30.025398000Z,S1G Beacon,61,34,-61,920,3,1,,,,,,,0,1
